family,taxon,author,native to
Acanthaceae,Avicennia integra,N.C.Duke,Australia
Acanthaceae,Avicennia marina,(Forssk.) Vierh.,Australia
Achariaceae,Ryparosa javanica,Koord. & Valeton,Australia
Akaniaceae,Akania bidwillii,(Hend. ex R.Hogg) Mabb.,Australia
Anacardiaceae,Blepharocarya depauperata,Specht,Australia
Anacardiaceae,Blepharocarya involucrigera,F.Muell.,Australia
Anacardiaceae,Buchanania arborescens,(Blume) Blume,Australia
Anacardiaceae,Buchanania mangoides,F.Muell.,Australia
Anacardiaceae,Buchanania obovata,Engl.,Australia
Anacardiaceae,Euroschinus falcatus,Hook.f.,Australia
Anacardiaceae,Pleiogynium timoriense,(DC.) Leenh.,Australia
Anacardiaceae,Rhodosphaera rhodanthema,(F.Muell.) Engl.,Australia
Anacardiaceae,Rhus taitensis,Guill.,Australia
Anacardiaceae,Semecarpus australiensis,Engl.,Australia
Annonaceae,Cananga odorata,(Lam.) Hook.f. & Thomson,Australia
Annonaceae,Goniothalamus australis,Jessup,Australia
Annonaceae,Huberantha nitidissima,(Dunal) Chaowasku,Australia
Annonaceae,Meiogyne bidwillii,"(Benth.) D.C.Thomas, Chaowasku & R.M.K.Saunders",Australia
Annonaceae,Meiogyne cylindrocarpa,(Burck) Heusden,Australia
Annonaceae,Meiogyne heteropetala,"(F.Muell.) D.C.Thomas, Chaowasku & R.M.K.Saunders",Australia
Annonaceae,Meiogyne trichocarpa,(Jessup) D.C.Thomas & R.M.K.Saunders,Australia
Annonaceae,Miliusa brahei,(F.Muell.) Jessup,Australia
Annonaceae,Miliusa horsfieldii,(Bennett) Baill. ex Pierre,Australia
Annonaceae,Miliusa traceyi,Jessup,Australia
Annonaceae,Mitrephora diversifolia,Miq.,Australia
Annonaceae,Monoon australe,(Benth.) B.Xue & R.M.K.Saunders,Australia
Annonaceae,Monoon michaelii,(C.T.White) B.Xue & R.M.K.Saunders,Australia
Annonaceae,Pseuduvaria froggattii,(F.Muell.) Jessup,Australia
Annonaceae,Xylopia maccreae,(F.Muell.) L.S.Sm.,Australia
Apocynaceae,Alstonia actinophylla,(A.Cunn.) K.Schum.,Australia
Apocynaceae,Alstonia constricta,F.Muell.,Australia
Apocynaceae,Alstonia muelleriana,Domin,Australia
Apocynaceae,Alstonia scholaris,(L.) R.Br.,Australia
Apocynaceae,Alstonia spectabilis,R.Br.,Australia
Apocynaceae,Alyxia ilicifolia,F.Muell.,Australia
Apocynaceae,Alyxia magnifolia,F.M.Bailey,Australia
Apocynaceae,Carissa spinarum,L.,Australia
Apocynaceae,Cerbera dumicola,P.I.Forst.,Australia
Apocynaceae,Cerbera floribunda,K.Schum.,Australia
Apocynaceae,Cerbera inflata,S.T.Blake,Australia
Apocynaceae,Cerbera manghas,L.,Australia
Apocynaceae,Cerbera odollam,Gaertn.,Australia
Apocynaceae,Kopsia arborea,Blume,Australia
Apocynaceae,Neisosperma poweri,(F.M.Bailey) Fosberg & Sachet,Australia
Apocynaceae,Ochrosia elliptica,Labill.,Australia
Apocynaceae,Ochrosia kilneri,F.Muell.,Australia
Apocynaceae,Ochrosia minima,(Markgr.) Fosberg & Boiteau,Australia
Apocynaceae,Ochrosia moorei,(F.Muell.) Benth.,Australia
Apocynaceae,Tabernaemontana pandacaqui,Poir.,Australia
Apocynaceae,Voacanga grandifolia,(Miq.) Rolfe,Australia
Apocynaceae,Wrightia laevis,Hook.f.,Australia
Apocynaceae,Wrightia pubescens,R.Br.,Australia
Apocynaceae,Wrightia saligna,(R.Br.) F.Muell. ex Benth.,Australia
Aquifoliaceae,Ilex arnhemensis,Loes.,Australia
Araliaceae,Heptapleurum actinophyllum,(Endl.) Lowry & G.M.Plunkett,Australia
Araliaceae,Heptapleurum bractescens,(Ridl.) Lowry & G.M.Plunkett,Australia
Araliaceae,Heptapleurum venulosum,(Wight & Arn.) Seem.,Australia
Araliaceae,Polyscias australiana,(F.Muell.) Philipson,Australia
Araliaceae,Polyscias balfouriana,(André) L.H.Bailey,Australia
Araliaceae,Polyscias cissodendron,(C.Moore & F.Muell.) Harms,Australia
Araliaceae,Polyscias elegans,(C.Moore & F.Muell.) Harms,Australia
Araliaceae,Polyscias macgillivrayi,(Benth.) Harms,Australia
Araliaceae,Polyscias mollis,(Benth.) Harms,Australia
Araliaceae,Polyscias murrayi,(F.Muell.) Harms,Australia
Araliaceae,Polyscias nodosa,(Blume) Seem.,Australia
Araliaceae,Polyscias purpurea,C.T.White,Australia
Araliaceae,Polyscias sambucifolia,(Sieber ex DC.) Harms,Australia
Araliaceae,Polyscias schultzei,Harms,Australia
Araliaceae,Polyscias spectabilis,(Harms) Lowry & G.M.Plunkett,Australia
Araucariaceae,Agathis atropurpurea,Hyland,Australia
Araucariaceae,Agathis microstachya,J.F.Bailey & C.T.White,Australia
Araucariaceae,Agathis robusta,(C.Moore ex F.Muell.) F.M.Bailey,Australia
Araucariaceae,Araucaria bidwillii,Hook.,Australia
Araucariaceae,Araucaria cunninghamii,Mudie,Australia
Araucariaceae,Wollemia nobilis,"W.G.Jones, K.D.Hill & J.M.Allen",Australia
Arecaceae,Archontophoenix alexandrae,(F.Muell.) H.Wendl. & Drude,Australia
Arecaceae,Archontophoenix cunninghamiana,(H.Wendl.) H.Wendl. & Drude,Australia
Arecaceae,Archontophoenix maxima,Dowe,Australia
Arecaceae,Archontophoenix myolensis,Dowe,Australia
Arecaceae,Archontophoenix purpurea,Hodel & Dowe,Australia
Arecaceae,Archontophoenix tuckeri,Dowe,Australia
Arecaceae,Arenga australasica,(H.Wendl. & Drude) S.T.Blake ex H.E.Moore,Australia
Arecaceae,Carpentaria acuminata,(H.Wendl. & Drude) Becc.,Australia
Arecaceae,Cocos nucifera,L.,Australia
Arecaceae,Corypha utan,Lam.,Australia
Arecaceae,Hedyscepe canterburyana,(C.Moore & F.Muell.) H.Wendl. & Drude,Australia
Arecaceae,Howea belmoreana,(C.Moore & F.Muell.) Becc.,Australia
Arecaceae,Howea forsteriana,(F.Muell.) Becc.,Australia
Arecaceae,Hydriastele costata,F.M.Bailey,Australia
Arecaceae,Hydriastele ramsayi,(Becc.) W.J.Baker & Loo,Australia
Arecaceae,Hydriastele wendlandiana,(F.Muell.) H.Wendl. & Drude,Australia
Arecaceae,Laccospadix australasicus,H.Wendl. & Drude,Australia
Arecaceae,Licuala ramsayi,(F.Muell.) Domin,Australia
Arecaceae,Linospadix microcaryus,(Domin) Burret,Australia
Arecaceae,Linospadix minor,(W.Hill) Burret,Australia
Arecaceae,Linospadix monostachyos,(Mart.) H.Wendl.,Australia
Arecaceae,Livistona alfredii,F.Muell.,Australia
Arecaceae,Livistona australis,(R.Br.) Mart.,Australia
Arecaceae,Livistona benthamii,F.M.Bailey,Australia
Arecaceae,Livistona concinna,Dowe & Barfod,Australia
Arecaceae,Livistona decora,(W.Bull) Dowe,Australia
Arecaceae,Livistona drudei,F.Muell. ex Drude,Australia
Arecaceae,Livistona eastonii,C.A.Gardner,Australia
Arecaceae,Livistona fulva,Rodd,Australia
Arecaceae,Livistona humilis,R.Br.,Australia
Arecaceae,Livistona inermis,R.Br.,Australia
Arecaceae,Livistona lanuginosa,Rodd,Australia
Arecaceae,Livistona leichhardtii,F.Muell.,Australia
Arecaceae,Livistona mariae,F.Muell.,Australia
Arecaceae,Livistona muelleri,F.M.Bailey,Australia
Arecaceae,Livistona nasmophila,Dowe & D.L.Jones,Australia
Arecaceae,Livistona nitida,Rodd,Australia
Arecaceae,Livistona victoriae,Rodd,Australia
Arecaceae,Normanbya normanbyi,(W.Hill) L.H.Bailey,Australia
Arecaceae,Nypa fruticans,Wurmb,Australia
Arecaceae,Oraniopsis appendiculata,"(F.M.Bailey) J.Dransf., A.K.Irvine & N.W.Uhl",Australia
Arecaceae,Ptychosperma elegans,(R.Br.) Blume,Australia
Arecaceae,Ptychosperma macarthurii,(H.Wendl. ex H.J.Veitch) H.Wendl. ex Hook.f.,Australia
Arecaceae,Wodyetia bifurcata,A.K.Irvine,Australia
Argophyllaceae,Corokia carpodetoides,(F.Muell.) L.S.Sm.,Australia
Argophyllaceae,Corokia whiteana,L.S.Sm.,Australia
Asparagaceae,Cordyline fruticosa,(L.) A.Chev.,Australia
Asparagaceae,Cordyline manners-suttoniae,F.Muell.,Australia
Asparagaceae,Cordyline petiolaris,(Domin) Pedley,Australia
Asparagaceae,Cordyline rubra,Otto & A.Dietr.,Australia
Asparagaceae,Cordyline stricta,(Sims) Endl.,Australia
Asphodelaceae,Xanthorrhoea acanthostachya,D.J.Bedford,Australia
Asphodelaceae,Xanthorrhoea brevistyla,D.A.Herb.,Australia
Asphodelaceae,Xanthorrhoea brunonis,Endl.,Australia
Asphodelaceae,Xanthorrhoea drummondii,Harv.,Australia
Asphodelaceae,Xanthorrhoea glauca,D.J.Bedford,Australia
Asphodelaceae,Xanthorrhoea gracilis,Endl.,Australia
Asphodelaceae,Xanthorrhoea malacophylla,D.J.Bedford,Australia
Asphodelaceae,Xanthorrhoea nana,D.A.Herb.,Australia
Asphodelaceae,Xanthorrhoea platyphylla,D.J.Bedford,Australia
Asphodelaceae,Xanthorrhoea preissii,Endl.,Australia
Asphodelaceae,Xanthorrhoea semiplana,F.Muell.,Australia
Asphodelaceae,Xanthorrhoea thorntonii,Tate,Australia
Atherospermataceae,Atherosperma moschatum,Labill.,Australia
Atherospermataceae,Daphnandra apatela,Schodde,Australia
Atherospermataceae,Daphnandra johnsonii,Schodde,Australia
Atherospermataceae,Daphnandra melasmena,Schodde,Australia
Atherospermataceae,Daphnandra micrantha,(Tul.) Benth.,Australia
Atherospermataceae,Daphnandra repandula,(F.Muell.) F.Muell.,Australia
Atherospermataceae,Daphnandra tenuipes,G.Perkins,Australia
Atherospermataceae,Doryphora aromatica,(F.M.Bailey) L.S.Sm.,Australia
Atherospermataceae,Doryphora sassafras,Endl.,Australia
Atherospermataceae,Dryadodaphne trachyphloia,Schodde,Australia
Balanopaceae,Balanops australiana,F.Muell.,Australia
Bignoniaceae,Deplanchea tetraphylla,(R.Br.) F.Muell. ex Steenis,Australia
Bignoniaceae,Dolichandrone alternifolia,(R.Br.) Seem.,Australia
Bignoniaceae,Dolichandrone filiformis,F.Muell. ex Seem.,Australia
Bignoniaceae,Dolichandrone heterophylla,(R.Br.) F.Muell.,Australia
Bignoniaceae,Dolichandrone spathacea,(L.f.) Seem.,Australia
Bixaceae,Cochlospermum fraseri,Planch.,Australia
Bixaceae,Cochlospermum gillivraei,Benth.,Australia
Boraginaceae,Cordia aspera,G.Forst.,Australia
Boraginaceae,Cordia dichotoma,G.Forst.,Australia
Boraginaceae,Cordia subcordata,Lam.,Australia
Boraginaceae,Ehretia acuminata,R.Br.,Australia
Boraginaceae,Ehretia dichotoma,Blume,Australia
Boraginaceae,Ehretia saligna,R.Br.,Australia
Boraginaceae,Heliotropium arboreum,(Blanco) Mabb.,Australia
Burseraceae,Canarium acutifolium,(DC.) Merr.,Australia
Burseraceae,Canarium australasicum,(F.M.Bailey) Leenh.,Australia
Burseraceae,Canarium australianum,F.Muell.,Australia
Burseraceae,Canarium muelleri,F.M.Bailey,Australia
Burseraceae,Canarium vitiense,A.Gray,Australia
Burseraceae,Garuga floribunda,Decne.,Australia
Calophyllaceae,Calophyllum bicolor,P.F.Stevens,Australia
Calophyllaceae,Calophyllum costatum,F.M.Bailey,Australia
Calophyllaceae,Calophyllum inophyllum,L.,Australia
Calophyllaceae,Calophyllum lonchophyllum,O.Schwarz,Australia
Calophyllaceae,Calophyllum sil,Lauterb.,Australia
Calophyllaceae,Calophyllum soulattri,Burm.f.,Australia
Calycanthaceae,Idiospermum australiense,(Diels) S.T.Blake,Australia
Cannabaceae,Aphananthe philippinensis,Planch.,Australia
Cannabaceae,Celtis conferta,Planch.,Australia
Cannabaceae,Celtis hildebrandii,Soepadmo,Australia
Cannabaceae,Celtis paniculata,(Endl.) Planch.,Australia
Cannabaceae,Celtis philippensis,Blanco,Australia
Cannabaceae,Celtis strychnoides,Planch.,Australia
Cannabaceae,Trema cannabinum,Lour.,Australia
Cannabaceae,Trema orientale,(L.) Blume,Australia
Cannabaceae,Trema tomentosum,(Roxb.) H.Hara,Australia
Capparaceae,Capparis arborea,(F.Muell.) Maiden,Australia
Capparaceae,Capparis canescens,Banks ex DC.,Australia
Capparaceae,Capparis jacobsii,Hewson,Australia
Capparaceae,Capparis loranthifolia,Lindl.,Australia
Capparaceae,Capparis lucida,(Banks ex DC.) Benth.,Australia
Capparaceae,Capparis mitchellii,Lindl.,Australia
Capparaceae,Capparis shanesiana,F.Muell.,Australia
Capparaceae,Capparis umbonata,Lindl.,Australia
Cardiopteridaceae,Citronella moorei,(F.Muell. ex Benth.) R.A.Howard,Australia
Cardiopteridaceae,Citronella smythii,(F.Muell.) R.A.Howard,Australia
Casuarinaceae,Allocasuarina acutivalvis,(F.Muell.) L.A.S.Johnson,Australia
Casuarinaceae,Allocasuarina campestris,(Diels) L.A.S.Johnson,Australia
Casuarinaceae,Allocasuarina decaisneana,(F.Muell.) L.A.S.Johnson,Australia
Casuarinaceae,Allocasuarina decussata,(Benth.) L.A.S.Johnson,Australia
Casuarinaceae,Allocasuarina dielsiana,(C.A.Gardner) L.A.S.Johnson,Australia
Casuarinaceae,Allocasuarina diminuta,L.A.S.Johnson,Australia
Casuarinaceae,Allocasuarina duncanii,L.A.S.Johnson & D.I.Morris,Australia
Casuarinaceae,Allocasuarina fraseriana,(Miq.) L.A.S.Johnson,Australia
Casuarinaceae,Allocasuarina gymnanthera,L.A.S.Johnson,Australia
Casuarinaceae,Allocasuarina huegeliana,(Miq.) L.A.S.Johnson,Australia
Casuarinaceae,Allocasuarina hystricosa,Wege,Australia
Casuarinaceae,Allocasuarina inophloia,(F.Muell. & F.M.Bailey) L.A.S.Johnson,Australia
Casuarinaceae,Allocasuarina littoralis,(Salisb.) L.A.S.Johnson,Australia
Casuarinaceae,Allocasuarina luehmannii,(R.T.Baker) L.A.S.Johnson,Australia
Casuarinaceae,Allocasuarina portuensis,L.A.S.Johnson,Australia
Casuarinaceae,Allocasuarina striata,(Macklin) L.A.S.Johnson,Australia
Casuarinaceae,Allocasuarina tessellata,(C.A.Gardner) L.A.S.Johnson,Australia
Casuarinaceae,Allocasuarina torulosa,(Aiton) L.A.S.Johnson,Australia
Casuarinaceae,Allocasuarina verticillata,(Lam.) L.A.S.Johnson,Australia
Casuarinaceae,Casuarina cristata,Miq.,Australia
Casuarinaceae,Casuarina cunninghamiana,Miq.,Australia
Casuarinaceae,Casuarina equisetifolia,L.,Australia
Casuarinaceae,Casuarina glauca,Sieber ex Spreng.,Australia
Casuarinaceae,Casuarina obesa,Miq.,Australia
Casuarinaceae,Casuarina pauper,F.Muell. ex L.A.S.Johnson,Australia
Casuarinaceae,Gymnostoma australianum,L.A.S.Johnson,Australia
Celastraceae,Cassine australis,(Vent.) Kuntze,Australia
Celastraceae,Cassine melanocarpa,(F.Muell.) Kuntze,Australia
Celastraceae,Denhamia bilocularis,(F.Muell.) M.P.Simmons,Australia
Celastraceae,Denhamia celastroides,(F.Muell.) Jessup,Australia
Celastraceae,Denhamia disperma,(F.Muell.) M.P.Simmons,Australia
Celastraceae,Denhamia fasciculiflora,(Jessup) M.P.Simmons,Australia
Celastraceae,Denhamia ferdinandi,(Jessup) M.P.Simmons,Australia
Celastraceae,Denhamia moorei,Jessup,Australia
Celastraceae,Denhamia obscura,(A.Rich.) Meisn.,Australia
Celastraceae,Denhamia oleaster,(Lindl.) F.Muell.,Australia
Celastraceae,Denhamia pittosporoides,F.Muell.,Australia
Celastraceae,Denhamia silvestris,(Lander & L.A.S.Johnson) M.P.Simmons,Australia
Celastraceae,Denhamia viridissima,F.M.Bailey & F.Muell.,Australia
Celastraceae,Dinghoua globularis,(Ding Hou) R.H.Archer,Australia
Celastraceae,Elaeodendron curtipendulum,Endl.,Australia
Celastraceae,Euonymus australianus,F.Muell.,Australia
Celastraceae,Hexaspora pubescens,C.T.White,Australia
Celastraceae,Lophopetalum arnhemicum,Byrnes,Australia
Celastraceae,Pleurostylia opposita,(Wall.) Alston,Australia
Celastraceae,Siphonodon australis,Benth.,Australia
Celastraceae,Siphonodon membranaceus,F.M.Bailey,Australia
Chrysobalanaceae,Maranthes corymbosa,Blume,Australia
Chrysobalanaceae,Parinari nonda,F.Muell. ex Benth.,Australia
Clusiaceae,Garcinia brassii,C.T.White,Australia
Clusiaceae,Garcinia dulcis,(Roxb.) Kurz,Australia
Clusiaceae,Garcinia gibbsiae,S.Moore,Australia
Clusiaceae,Garcinia hunsteinii,Lauterb.,Australia
Clusiaceae,Garcinia mestonii,F.M.Bailey,Australia
Clusiaceae,Garcinia warrenii,F.Muell.,Australia
Combretaceae,Dansiea elliptica,Byrnes,Australia
Combretaceae,Dansiea grandiflora,Pedley,Australia
Combretaceae,Lumnitzera littorea,(Jack) Voigt,Australia
Combretaceae,Lumnitzera racemosa,Willd.,Australia
Combretaceae,Macropteranthes kekwickii,F.Muell. ex Benth.,Australia
Combretaceae,Macropteranthes montana,(F.Muell.) F.Muell. ex Benth.,Australia
Combretaceae,Terminalia arostrata,Ewart & O.B.Davies,Australia
Combretaceae,Terminalia bursarina,F.Muell.,Australia
Combretaceae,Terminalia canescens,Radlk.,Australia
Combretaceae,Terminalia carpentariae,C.T.White,Australia
Combretaceae,Terminalia catappa,L.,Australia
Combretaceae,Terminalia complanata,K.Schum.,Australia
Combretaceae,Terminalia cunninghamii,C.A.Gardner,Australia
Combretaceae,Terminalia erythrocarpa,F.Muell.,Australia
Combretaceae,Terminalia ferdinandiana,Exell,Australia
Combretaceae,Terminalia fitzgeraldii,C.A.Gardner,Australia
Combretaceae,Terminalia grandiflora,Benth.,Australia
Combretaceae,Terminalia hadleyana,W.Fitzg.,Australia
Combretaceae,Terminalia latipes,Benth.,Australia
Combretaceae,Terminalia muelleri,Benth.,Australia
Combretaceae,Terminalia oblongata,F.Muell.,Australia
Combretaceae,Terminalia petiolaris,A.Cunn. ex Benth.,Australia
Combretaceae,Terminalia platyphylla,F.Muell.,Australia
Combretaceae,Terminalia platyptera,F.Muell.,Australia
Combretaceae,Terminalia porphyrocarpa,F.Muell. ex Benth.,Australia
Combretaceae,Terminalia pterocarya,F.Muell.,Australia
Combretaceae,Terminalia subacroptera,Domin,Australia
Combretaceae,Terminalia supranitifolia,Byrnes,Australia
Combretaceae,Terminalia volucris,R.Br. ex Benth.,Australia
Cornaceae,Alangium polyosmoides,(F.Muell.) W.J.de Wilde & Duyfjes,Australia
Cornaceae,Alangium salviifolium,(L.f.) Wangerin,Australia
Corynocarpaceae,Corynocarpus cribbianus,(F.M.Bailey) L.S.Sm.,Australia
Corynocarpaceae,Corynocarpus rupestris,Guymer,Australia
Cunoniaceae,Ackama australiensis,(Schltr.) C.T.White,Australia
Cunoniaceae,Ackama paniculosa,F.Muell.) Heslewood,Australia
Cunoniaceae,Anodopetalum biglandulosum,A.Cunn. ex Hook.f.,Australia
Cunoniaceae,Callicoma serratifolia,Andrews,Australia
Cunoniaceae,Ceratopetalum apetalum,D.Don,Australia
Cunoniaceae,Ceratopetalum corymbosum,C.T.White,Australia
Cunoniaceae,Ceratopetalum gummiferum,Sm.,Australia
Cunoniaceae,Ceratopetalum hylandii,Rozefelds & R.W.Barnes,Australia
Cunoniaceae,Ceratopetalum iugumense,Rozefelds & R.W.Barnes,Australia
Cunoniaceae,Ceratopetalum macrophyllum,Hoogland,Australia
Cunoniaceae,Ceratopetalum succirubrum,C.T.White,Australia
Cunoniaceae,Ceratopetalum virchowii,F.Muell.,Australia
Cunoniaceae,Davidsonia jerseyana,(F.M.Bailey) G.J.Harden & J.B.Williams,Australia
Cunoniaceae,Davidsonia pruriens,F.Muell.,Australia
Cunoniaceae,Eucryphia jinksii,P.I.Forst.,Australia
Cunoniaceae,Eucryphia lucida,(Labill.) Baill.,Australia
Cunoniaceae,Eucryphia milliganii,Hook.f.,Australia
Cunoniaceae,Eucryphia moorei,F.Muell.,Australia
Cunoniaceae,Eucryphia wilkiei,B.Hyland,Australia
Cunoniaceae,Gillbeea adenopetala,F.Muell.,Australia
Cunoniaceae,Gillbeea whypallana,Rozefelds & Pellow,Australia
Cunoniaceae,Karrabina benthamiana,(F.Muell.) Rozefelds & H.C.Hopkins,Australia
Cunoniaceae,Karrabina biagiana,(F.Muell.) Rozefelds & H.C.Hopkins,Australia
Cunoniaceae,Pseudoweinmannia apetala,(F.M.Bailey) Engl.,Australia
Cunoniaceae,Pseudoweinmannia lachnocarpa,(F.Muell.) Engl.,Australia
Cunoniaceae,Pullea stutzeri,(F.Muell.) Gibbs,Australia
Cunoniaceae,Schizomeria ovata,D.Don,Australia
Cunoniaceae,Schizomeria whitei,Mattf.,Australia
Cunoniaceae,Spiraeanthemum davidsonii,F.Muell.,Australia
Cunoniaceae,Vesselowskya rubifolia,(F.Muell.) Pamp.,Australia
Cunoniaceae,Vesselowskya venusta,"Rozefelds, R.W.Barnes & Pellow",Australia
Cupressaceae,Athrotaxis cupressoides,D.Don,Australia
Cupressaceae,Athrotaxis selaginoides,D.Don,Australia
Cupressaceae,Callitris arenaria,(C.A.Gardner) J.E.Piggin & J.J.Bruhl,Australia
Cupressaceae,Callitris baileyi,C.T.White,Australia
Cupressaceae,Callitris canescens,(Parl.) S.T.Blake,Australia
Cupressaceae,Callitris columellaris,F.Muell.,Australia
Cupressaceae,Callitris drummondii,(Parl.) Benth. & Hook.f. ex F.Muell.,Australia
Cupressaceae,Callitris endlicheri,(Parl.) F.M.Bailey,Australia
Cupressaceae,Callitris macleayana,(F.Muell.) F.Muell.,Australia
Cupressaceae,Callitris monticola,J.Garden,Australia
Cupressaceae,Callitris muelleri,(Parl.) Benth. & Hook.f. ex F.Muell.,Australia
Cupressaceae,Callitris oblonga,Rich.,Australia
Cupressaceae,Callitris preissii,Miq.,Australia
Cupressaceae,Callitris pyramidalis,(Miq.) J.E.Piggin & J.J.Bruhl,Australia
Cupressaceae,Callitris rhomboidea,R.Br. ex Rich.,Australia
Cupressaceae,Callitris roei,(Endl.) F.Muell.,Australia
Cupressaceae,Callitris verrucosa,(A.Cunn. ex Endl.) R.Br. ex Mirb.,Australia
Cupressaceae,Diselma archeri,Hook.f.,Australia
Cycadaceae,Cycas angulata,R.Br.,Australia
Cycadaceae,Cycas armstrongii,Miq.,Australia
Cycadaceae,Cycas arnhemica,K.D.Hill,Australia
Cycadaceae,Cycas badensis,K.D.Hill,Australia
Cycadaceae,Cycas basaltica,C.A.Gardner,Australia
Cycadaceae,Cycas calcicola,Maconochie,Australia
Cycadaceae,Cycas canalis,K.D.Hill,Australia
Cycadaceae,Cycas candida,K.D.Hill,Australia
Cycadaceae,Cycas conferta,Chirgwin ex Chirgwin & Wigston,Australia
Cycadaceae,Cycas couttsiana,K.D.Hill,Australia
Cycadaceae,Cycas cupida,P.I.Forst.,Australia
Cycadaceae,Cycas desolata,P.I.Forst.,Australia
Cycadaceae,Cycas furfuracea,W.Fitzg.,Australia
Cycadaceae,Cycas lane-poolei,C.A.Gardner,Australia
Cycadaceae,Cycas maconochiei,Chirgwin & K.D.Hill,Australia
Cycadaceae,Cycas media,R.Br.,Australia
Cycadaceae,Cycas megacarpa,K.D.Hill,Australia
Cycadaceae,Cycas orientis,K.D.Hill,Australia
Cycadaceae,Cycas pruinosa,Maconochie,Australia
Cycadaceae,Cycas scratchleyana,F.Muell.,Australia
Cycadaceae,Cycas semota,K.D.Hill,Australia
Cycadaceae,Cycas silvestris,K.D.Hill,Australia
Cycadaceae,Cycas tuckeri,K.D.Hill,Australia
Cycadaceae,Cycas xipholepis,K.D.Hill,Australia
Cycadaceae,Cycas yorkiana,K.D.Hill,Australia
Dasypogonaceae,Kingia australis,R.Br.,Australia
Dichapetalaceae,Dichapetalum timoriense,(DC.) Boerl.,Australia
Dilleniaceae,Dillenia alata,(R.Br. ex DC.) Banks ex Martelli,Australia
Dipentodontaceae,Perrottetia alpestris,(Blume) Loes.,Australia
Ebenaceae,Diospyros areolifolia,Kosterm.,Australia
Ebenaceae,Diospyros australis,(R.Br.) F.M.Bailey,Australia
Ebenaceae,Diospyros calycantha,O.Schwarz,Australia
Ebenaceae,Diospyros compacta,(R.Br.) Kosterm.,Australia
Ebenaceae,Diospyros fasciculosa,(F.Muell.) F.Muell.,Australia
Ebenaceae,Diospyros granitica,Jessup,Australia
Ebenaceae,Diospyros hebecarpa,A.Cunn. ex Benth.,Australia
Ebenaceae,Diospyros hemicycloides,(F.Muell. ex Benth.) Jessup,Australia
Ebenaceae,Diospyros humilis,(R.Br.) F.Muell.,Australia
Ebenaceae,Diospyros laurina,(R.Br.) Jessup,Australia
Ebenaceae,Diospyros littorea,(R.Br.) Kosterm.,Australia
Ebenaceae,Diospyros mabacea,(F.Muell.) F.Muell.,Australia
Ebenaceae,Diospyros maritima,Blume,Australia
Ebenaceae,Diospyros peninsularis,Jessup,Australia
Ebenaceae,Diospyros pentamera,(Woolls & F.Muell.) F.Muell.,Australia
Ebenaceae,Diospyros rheophila,Jessup,Australia
Ebenaceae,Diospyros rugosula,R.Br.,Australia
Ebenaceae,Diospyros yandina,Jessup,Australia
Elaeocarpaceae,Aceratium concinnum,(S.Moore) C.T.White,Australia
Elaeocarpaceae,Aceratium doggrellii,C.T.White,Australia
Elaeocarpaceae,Aceratium ferrugineum,C.T.White,Australia
Elaeocarpaceae,Aceratium megalospermum,(F.Muell.) Balgooy,Australia
Elaeocarpaceae,Aceratium sericoleopsis,Balgooy,Australia
Elaeocarpaceae,Dubouzetia saxatilis,A.R.Bean & Jessup,Australia
Elaeocarpaceae,Elaeocarpus angustifolius,Blume,Australia
Elaeocarpaceae,Elaeocarpus arnhemicus,F.Muell.,Australia
Elaeocarpaceae,Elaeocarpus bancroftii,F.Muell. & F.M.Bailey,Australia
Elaeocarpaceae,Elaeocarpus carolinae,B.Hyland & Coode,Australia
Elaeocarpaceae,Elaeocarpus coorangooloo,J.F.Bailey & C.T.White,Australia
Elaeocarpaceae,Elaeocarpus costatus,M.Taylor,Australia
Elaeocarpaceae,Elaeocarpus culminicola,Warb.,Australia
Elaeocarpaceae,Elaeocarpus elliffii,B.Hyland & Coode,Australia
Elaeocarpaceae,Elaeocarpus eumundi,F.M.Bailey,Australia
Elaeocarpaceae,Elaeocarpus ferruginiflorus,C.T.White,Australia
Elaeocarpaceae,Elaeocarpus foveolatus,F.Muell.,Australia
Elaeocarpaceae,Elaeocarpus grahamii,F.Muell.,Australia
Elaeocarpaceae,Elaeocarpus holopetalus,F.Muell.,Australia
Elaeocarpaceae,Elaeocarpus hylobroma,Y.Baba & Crayn,Australia
Elaeocarpaceae,Elaeocarpus johnsonii,F.Muell. ex C.T.White,Australia
Elaeocarpaceae,Elaeocarpus kirtonii,F.Muell. ex F.M.Bailey,Australia
Elaeocarpaceae,Elaeocarpus largiflorens,C.T.White,Australia
Elaeocarpaceae,Elaeocarpus linsmithii,Guymer,Australia
Elaeocarpaceae,Elaeocarpus obovatus,G.Don,Australia
Elaeocarpaceae,Elaeocarpus reticulatus,Sm.,Australia
Elaeocarpaceae,Elaeocarpus ruminatus,F.Muell.,Australia
Elaeocarpaceae,Elaeocarpus sericopetalus,F.Muell.,Australia
Elaeocarpaceae,Elaeocarpus stellaris,L.S.Sm.,Australia
Elaeocarpaceae,Elaeocarpus thelmae,B.Hyland & Coode,Australia
Elaeocarpaceae,Elaeocarpus williamsianus,Guymer,Australia
Elaeocarpaceae,Sloanea australis,F.Muell.,Australia
Elaeocarpaceae,Sloanea langii,F.Muell.,Australia
Elaeocarpaceae,Sloanea macbrydei,F.Muell.,Australia
Elaeocarpaceae,Sloanea woollsii,F.Muell.,Australia
Ericaceae,Dracophyllum fitzgeraldii,C.Moore & F.Muell.,Australia
Ericaceae,Epacris heteronema,Labill.,Australia
Ericaceae,Leucopogon malayanus,Jack,Australia
Ericaceae,Leucopogon parviflorus,(Andrews) Lindl.,Australia
Ericaceae,Rhododendron lochiae,F.Muell.,Australia
Ericaceae,Trochocarpa laurina,(Rudge) R. Br.,Australia
Ericaceae,Trochocarpa montana,J.B.Williams & J.T.Hunter,Australia
Erythroxylaceae,Erythroxylum ecarinatum,Hochr.,Australia
Erythroxylaceae,Erythroxylum ellipticum,R.Br. ex Benth.,Australia
Escalloniaceae,Polyosma alangiacea,F.Muell.,Australia
Escalloniaceae,Polyosma cunninghamii,Benn.,Australia
Escalloniaceae,Polyosma hirsuta,C.T.White,Australia
Escalloniaceae,Polyosma rhytiphloia,C.T.White & W.D.Francis,Australia
Euphorbiaceae,Acalypha lyonsii,P.I.Forst.,Australia
Euphorbiaceae,Acalypha pubiflora,(Klotzsch) Baill.,Australia
Euphorbiaceae,Alchornea ilicifolia,(Js.Sm.) Müll.Arg.,Australia
Euphorbiaceae,Alchornea rugosa,(Lour.) Müll.Arg.,Australia
Euphorbiaceae,Aleurites moluccanus,(L.) Willd.,Australia
Euphorbiaceae,Aleurites rockinghamensis,(Baill.) P.I.Forst.,Australia
Euphorbiaceae,Baloghia inophylla,(G.Forst.) P.S.Green,Australia
Euphorbiaceae,Baloghia marmorata,C.T.White,Australia
Euphorbiaceae,Baloghia parviflora,C.T.White,Australia
Euphorbiaceae,Beyeria lanceolata,Halford & R.J.F.Hend.,Australia
Euphorbiaceae,Beyeria viscosa,(Labill.) Miq.,Australia
Euphorbiaceae,Calycopeplus casuarinoides,L.S.Sm.,Australia
Euphorbiaceae,Calycopeplus marginatus,Benth.,Australia
Euphorbiaceae,Calycopeplus oligandrus,P.I.Forst.,Australia
Euphorbiaceae,Claoxylon angustifolium,Müll.Arg.,Australia
Euphorbiaceae,Claoxylon australe,Baill. ex Müll.Arg.,Australia
Euphorbiaceae,Claoxylon hillii,Benth.,Australia
Euphorbiaceae,Claoxylon tenerifolium,(F.Muell. ex Baill.) F.Muell.,Australia
Euphorbiaceae,Cleidion javanicum,Blume,Australia
Euphorbiaceae,Codiaeum membranaceum,S.Moore,Australia
Euphorbiaceae,Codiaeum variegatum,(L.) Rumph. ex A.Juss.,Australia
Euphorbiaceae,Croton acronychioides,F.Muell.,Australia
Euphorbiaceae,Croton arnhemicus,Müll.Arg.,Australia
Euphorbiaceae,Croton brachypus,Airy Shaw,Australia
Euphorbiaceae,Croton capitis-york,Airy Shaw,Australia
Euphorbiaceae,Croton caudatus,Geiseler,Australia
Euphorbiaceae,Croton choristadenius,K.Schum.,Australia
Euphorbiaceae,Croton habrophyllus,Airy Shaw,Australia
Euphorbiaceae,Croton insularis,Baill.,Australia
Euphorbiaceae,Croton magneticus,Airy Shaw,Australia
Euphorbiaceae,Croton phebalioides,F.Muell. ex Müll.Arg.,Australia
Euphorbiaceae,Croton stigmatosus,F.Muell.,Australia
Euphorbiaceae,Croton tomentellus,F.Muell.,Australia
Euphorbiaceae,Croton triacros,F.Muell.,Australia
Euphorbiaceae,Croton verreauxii,Baill.,Australia
Euphorbiaceae,Endospermum myrmecophilum,L.S.Sm.,Australia
Euphorbiaceae,Euphorbia plumerioides,Teijsm. ex Hassk.,Australia
Euphorbiaceae,Excoecaria agallocha,L.,Australia
Euphorbiaceae,Excoecaria dallachyana,(Baill.) Benth.,Australia
Euphorbiaceae,Excoecaria parvifolia,Müll.Arg.,Australia
Euphorbiaceae,Fontainea australis,Jessup & Guymer,Australia
Euphorbiaceae,Fontainea oraria,Jessup & Guymer,Australia
Euphorbiaceae,Fontainea picrosperma,C.T.White,Australia
Euphorbiaceae,Fontainea rostrata,Jessup & Guymer,Australia
Euphorbiaceae,Fontainea venosa,Jessup & Guymer,Australia
Euphorbiaceae,Homalanthus novoguineensis,(Warb.) K.Schum.,Australia
Euphorbiaceae,Homalanthus populifolius,Graham,Australia
Euphorbiaceae,Hylandia dockrillii,Airy Shaw,Australia
Euphorbiaceae,Macaranga dallachyana,(Baill.) Airy Shaw,Australia
Euphorbiaceae,Macaranga inamoena,F.Muell. ex Benth.,Australia
Euphorbiaceae,Macaranga involucrata,Baill.,Australia
Euphorbiaceae,Macaranga polyadenia,Pax & K.Hoffm.,Australia
Euphorbiaceae,Macaranga subdentata,Benth.,Australia
Euphorbiaceae,Macaranga tanarius,(L.) Müll.Arg.,Australia
Euphorbiaceae,Mallotus claoxyloides,(F.Muell.) Müll.Arg.,Australia
Euphorbiaceae,Mallotus discolor,F.Muell. ex Benth.,Australia
Euphorbiaceae,Mallotus dispersus,P.I.Forst.,Australia
Euphorbiaceae,Mallotus ficifolius,(Baill.) Pax & K.Hoffm.,Australia
Euphorbiaceae,Mallotus megadontus,P.I.Forst.,Australia
Euphorbiaceae,Mallotus mollissimus,(Geiseler) Airy Shaw,Australia
Euphorbiaceae,Mallotus nesophilus,Müll.Arg.,Australia
Euphorbiaceae,Mallotus paniculatus,(Lam.) Müll.Arg.,Australia
Euphorbiaceae,Mallotus philippensis,(Lam.) Müll.Arg.,Australia
Euphorbiaceae,Mallotus polyadenos,F.Muell.,Australia
Euphorbiaceae,Mallotus repandus,(Rottler) Müll.Arg.,Australia
Euphorbiaceae,Mallotus resinosus,(Blanco) Merr.,Australia
Euphorbiaceae,Mallotus surculosus,P.I.Forst.,Australia
Euphorbiaceae,Omphalea celata,P.I.Forst.,Australia
Euphorbiaceae,Pimelodendron amboinicum,Hassk.,Australia
Euphorbiaceae,Ricinocarpos stylosus,Diels,Australia
Euphorbiaceae,Ricinocarpos verrucosus,Halford & R.J.F.Hend.,Australia
Euphorbiaceae,Rockinghamia angustifolia,(Benth.) Airy Shaw,Australia
Euphorbiaceae,Rockinghamia brevipes,Airy Shaw,Australia
Euphorbiaceae,Suregada glomerulata,(Blume) Baill.,Australia
Euphorbiaceae,Trigonostemon inopinatus,Airy Shaw,Australia
Euphorbiaceae,Tritaxis australiensis,S.Moore,Australia
Euphorbiaceae,Wetria australiensis,P.I.Forst.,Australia
Eupomatiaceae,Eupomatia barbata,Jessup,Australia
Eupomatiaceae,Eupomatia laurina,R.Br.,Australia
Fabaceae,Acacia acradenia,F.Muell.,Australia
Fabaceae,Acacia acrionastes,Pedley,Australia
Fabaceae,Acacia acuminata,Benth.,Australia
Fabaceae,Acacia adsurgens,Maiden,Australia
Fabaceae,Acacia adunca,A.Cunn. ex G.Don,Australia
Fabaceae,Acacia aestivalis,E.Pritz.,Australia
Fabaceae,Acacia alleniana,Maiden,Australia
Fabaceae,Acacia amblyophylla,F.Muell.,Australia
Fabaceae,Acacia ammobia,Maconochie,Australia
Fabaceae,Acacia ammophila,Pedley,Australia
Fabaceae,Acacia ampliata,R.S.Cowan & Maslin,Australia
Fabaceae,Acacia ampliceps,Maslin,Australia
Fabaceae,Acacia anastema,Maslin,Australia
Fabaceae,Acacia anaticeps,Tindale,Australia
Fabaceae,Acacia ancistrocarpa,Maiden & Blakely,Australia
Fabaceae,Acacia aneura,F.Muell. ex Benth.,Australia
Fabaceae,Acacia anfractuosa,Maslin,Australia
Fabaceae,Acacia angusta,Maiden & Blakely,Australia
Fabaceae,Acacia anthochaera,Maslin,Australia
Fabaceae,Acacia aprepta,Pedley,Australia
Fabaceae,Acacia aptaneura,Maslin & J.E.Reid,Australia
Fabaceae,Acacia arafurica,Tindale & Kodela,Australia
Fabaceae,Acacia araneosa,Whibley,Australia
Fabaceae,Acacia areolata,M.W.McDonald,Australia
Fabaceae,Acacia argyraea,Tindale,Australia
Fabaceae,Acacia argyrodendron,Domin,Australia
Fabaceae,Acacia armillata,(Pedley) Pedley,Australia
Fabaceae,Acacia armitii,F.Muell. ex Maiden,Australia
Fabaceae,Acacia assimilis,S.Moore,Australia
Fabaceae,Acacia atopa,Pedley,Australia
Fabaceae,Acacia attenuata,Maiden,Australia
Fabaceae,Acacia aulacocarpa,A.Cunn. ex Benth.,Australia
Fabaceae,Acacia auriculiformis,A.Cunn. ex Benth.,Australia
Fabaceae,Acacia auripila,R.S.Cowan & Maslin,Australia
Fabaceae,Acacia ausfeldii,Regel,Australia
Fabaceae,Acacia ayersiana,Maconochie,Australia
Fabaceae,Acacia baileyana,F.Muell.,Australia
Fabaceae,Acacia bakeri,Maiden,Australia
Fabaceae,Acacia bancroftiorum,Maiden,Australia
Fabaceae,Acacia barrettiorum,Lewington & Maslin,Australia
Fabaceae,Acacia beauverdiana,Ewart & Sharman,Australia
Fabaceae,Acacia binervata,DC.,Australia
Fabaceae,Acacia binervia,(J.C.Wendl.) J.F.Macbr.,Australia
Fabaceae,Acacia blakei,Pedley,Australia
Fabaceae,Acacia blakelyi,Maiden,Australia
Fabaceae,Acacia blayana,Tindale & Court,Australia
Fabaceae,Acacia brachystachya,Benth.,Australia
Fabaceae,Acacia brassii,Pedley,Australia
Fabaceae,Acacia brockii,Tindale & Kodela,Australia
Fabaceae,Acacia bromilowiana,Maslin,Australia
Fabaceae,Acacia brumalis,Maslin,Australia
Fabaceae,Acacia bulgaensis,Tindale & S.J.Davies,Australia
Fabaceae,Acacia burrowii,Maiden,Australia
Fabaceae,Acacia burrowsiana,Maslin,Australia
Fabaceae,Acacia caerulescens,Maslin & Court,Australia
Fabaceae,Acacia caesaneura,Maslin & J.E.Reid,Australia
Fabaceae,Acacia caesiella,Maiden & Blakely,Australia
Fabaceae,Acacia calamifolia,Sweet ex Lindl.,Australia
Fabaceae,Acacia calcicola,Forde & Isiny,Australia
Fabaceae,Acacia cambagei,R.T.Baker,Australia
Fabaceae,Acacia cana,Maiden,Australia
Fabaceae,Acacia cangaiensis,Tindale & Kodela,Australia
Fabaceae,Acacia cardiophylla,A.Cunn. ex Benth.,Australia
Fabaceae,Acacia carneorum,Maiden,Australia
Fabaceae,Acacia caroleae,Pedley,Australia
Fabaceae,Acacia catenulata,C.T.White,Australia
Fabaceae,Acacia celastrifolia,Benth.,Australia
Fabaceae,Acacia celsa,Tindale,Australia
Fabaceae,Acacia chartacea,Maslin,Australia
Fabaceae,Acacia cheelii,Blakely,Australia
Fabaceae,Acacia chrysotricha,Tindale,Australia
Fabaceae,Acacia cincinnata,F.Muell.,Australia
Fabaceae,Acacia citrinoviridis,Tindale & Maslin,Australia
Fabaceae,Acacia clunies-rossiae,Maiden,Australia
Fabaceae,Acacia cockertoniana,Maslin,Australia
Fabaceae,Acacia cognata,Domin,Australia
Fabaceae,Acacia colei,Maslin & L.A.J.Thomson,Australia
Fabaceae,Acacia colletioides,A.Cunn. ex Benth.,Australia
Fabaceae,Acacia complanata,A.Cunn. ex Benth.,Australia
Fabaceae,Acacia concurrens,Pedley,Australia
Fabaceae,Acacia conferta,A.Cunn. ex Benth.,Australia
Fabaceae,Acacia conniana,Maslin,Australia
Fabaceae,Acacia conspersa,F.Muell.,Australia
Fabaceae,Acacia convallium,Pedley,Australia
Fabaceae,Acacia coolgardiensis,Maiden,Australia
Fabaceae,Acacia coriacea,DC.,Australia
Fabaceae,Acacia courtii,Tindale & Hersc.,Australia
Fabaceae,Acacia covenyi,Tindale,Australia
Fabaceae,Acacia cowaniana,Maslin,Australia
Fabaceae,Acacia cowleana,Tate,Australia
Fabaceae,Acacia craspedocarpa,F.Muell.,Australia
Fabaceae,Acacia crassa,Pedley,Australia
Fabaceae,Acacia crassicarpa,A.Cunn. ex Benth.,Australia
Fabaceae,Acacia crenulata,R.S.Cowan & Maslin,Australia
Fabaceae,Acacia cretacea,Maslin & Whibley,Australia
Fabaceae,Acacia cretata,Pedley,Australia
Fabaceae,Acacia crombiei,C.T.White,Australia
Fabaceae,Acacia curvinervia,Maiden,Australia
Fabaceae,Acacia cuspidifolia,Maslin,Australia
Fabaceae,Acacia cuthbertsonii,Luehm.,Australia
Fabaceae,Acacia cyclops,A.Cunn. ex G.Don,Australia
Fabaceae,Acacia cyperophylla,F.Muell. ex Benth.,Australia
Fabaceae,Acacia dallachiana,F.Muell.,Australia
Fabaceae,Acacia dangarensis,Tindale & Kodela,Australia
Fabaceae,Acacia daphnifolia,Meisn.,Australia
Fabaceae,Acacia dawsonii,R.T.Baker,Australia
Fabaceae,Acacia dealbata,Link,Australia
Fabaceae,Acacia deanei,"(R.T.Baker) R.T.Baker ex Welch, Coombs & McGlymn",Australia
Fabaceae,Acacia debilis,Tindale,Australia
Fabaceae,Acacia decurrens,(J.C.Wendl.) Willd.,Australia
Fabaceae,Acacia delibrata,A.Cunn. ex Benth.,Australia
Fabaceae,Acacia demissa,R.S.Cowan & Maslin,Australia
Fabaceae,Acacia dempsteri,F.Muell.,Australia
Fabaceae,Acacia dentifera,Benth.,Australia
Fabaceae,Acacia desertorum,Maiden,Australia
Fabaceae,Acacia desmondii,Maslin,Australia
Fabaceae,Acacia didyma,A.R.Chapm. & Maslin,Australia
Fabaceae,Acacia dietrichiana,F.Muell.,Australia
Fabaceae,Acacia difficilis,Maiden,Australia
Fabaceae,Acacia difformis,R.T.Baker,Australia
Fabaceae,Acacia dimidiata,Benth.,Australia
Fabaceae,Acacia disparrima,M.W.McDonald & Maslin,Australia
Fabaceae,Acacia distans,Maslin,Australia
Fabaceae,Acacia dodonaeifolia,(Pers.) Balb.,Australia
Fabaceae,Acacia dolichophylla,Maslin,Australia
Fabaceae,Acacia donaldsonii,R.S.Cowan & Maslin,Australia
Fabaceae,Acacia doratoxylon,A.Cunn.,Australia
Fabaceae,Acacia drepanophylla,Maslin,Australia
Fabaceae,Acacia dunnii,(Maiden) Turrill,Australia
Fabaceae,Acacia duriuscula,W.Fitzg.,Australia
Fabaceae,Acacia echinuliflora,G.J.Leach,Australia
Fabaceae,Acacia effusifolia,Maslin & Buscumb,Australia
Fabaceae,Acacia elachantha,M.W.McDonald & Maslin,Australia
Fabaceae,Acacia elata,A.Cunn. ex Benth.,Australia
Fabaceae,Acacia elongata,Sieber ex DC.,Australia
Fabaceae,Acacia enervia,Maiden,Australia
Fabaceae,Acacia ensifolia,Pedley,Australia
Fabaceae,Acacia ephedroides,Benth.,Australia
Fabaceae,Acacia eremaea,C.R.P.Andrews,Australia
Fabaceae,Acacia eriopoda,Maiden,Australia
Fabaceae,Acacia estrophiolata,F.Muell.,Australia
Fabaceae,Acacia excelsa,Benth.,Australia
Fabaceae,Acacia exigua,I.M.Turner,Australia
Fabaceae,Acacia exudans,Lindl.,Australia
Fabaceae,Acacia falcata,Willd.,Australia
Fabaceae,Acacia falciformis,DC.,Australia
Fabaceae,Acacia fasciculifera,F.Muell. ex Benth.,Australia
Fabaceae,Acacia fauntleroyi,(Maiden) Maiden,Australia
Fabaceae,Acacia filicifolia,Cheel & Welch,Australia
Fabaceae,Acacia filifolia,Benth.,Australia
Fabaceae,Acacia fimbriata,A.Cunn. ex G.Don,Australia
Fabaceae,Acacia flavescens,A.Cunn. ex Benth.,Australia
Fabaceae,Acacia fleckeri,Pedley,Australia
Fabaceae,Acacia flocktoniae,Maiden,Australia
Fabaceae,Acacia floribunda,(Vent.) Willd.,Australia
Fabaceae,Acacia floydii,Tindale,Australia
Fabaceae,Acacia frigescens,J.H.Willis,Australia
Fabaceae,Acacia fulva,Tindale,Australia
Fabaceae,Acacia fuscaneura,Maslin & J.E.Reid,Australia
Fabaceae,Acacia galeata,Maslin,Australia
Fabaceae,Acacia gardneri,Maiden,Australia
Fabaceae,Acacia georgensis,Tindale,Australia
Fabaceae,Acacia georginae,F.M.Bailey,Australia
Fabaceae,Acacia gibbosa,R.S.Cowan & Maslin,Australia
Fabaceae,Acacia gillii,Maiden & Blakely,Australia
Fabaceae,Acacia glaucocaesia,Domin,Australia
Fabaceae,Acacia glaucocarpa,Maiden & Blakely,Australia
Fabaceae,Acacia gonocarpa,F.Muell.,Australia
Fabaceae,Acacia gonoclada,F.Muell.,Australia
Fabaceae,Acacia grandifolia,Pedley,Australia
Fabaceae,Acacia grasbyi,Maiden,Australia
Fabaceae,Acacia hakeoides,A.Cunn. ex Benth.,Australia
Fabaceae,Acacia hamersleyensis,Maslin,Australia
Fabaceae,Acacia hammondii,Maiden,Australia
Fabaceae,Acacia harpophylla,F.Muell. ex Benth.,Australia
Fabaceae,Acacia havilandiorum,Maiden,Australia
Fabaceae,Acacia hemignosta,F.Muell.,Australia
Fabaceae,Acacia hemsleyi,Maiden,Australia
Fabaceae,Acacia heteroclita,Meisn.,Australia
Fabaceae,Acacia holosericea,A.Cunn. ex G.Don.,Australia
Fabaceae,Acacia holotricha,Pedley,Australia
Fabaceae,Acacia hopperiana,Maslin,Australia
Fabaceae,Acacia howittii,F.Muell.,Australia
Fabaceae,Acacia hylonoma,Pedley,Australia
Fabaceae,Acacia implexa,Benth.,Australia
Fabaceae,Acacia inaequilatera,Domin,Australia
Fabaceae,Acacia inceana,Domin,Australia
Fabaceae,Acacia incurvaneura,Maslin & J.E.Reid,Australia
Fabaceae,Acacia ingramii,Tindale,Australia
Fabaceae,Acacia inophloia,Maiden,Australia
Fabaceae,Acacia intorta,Maslin,Australia
Fabaceae,Acacia irrorata,Siebold ex Spreng.,Australia
Fabaceae,Acacia islana,Pedley,Australia
Fabaceae,Acacia ixodes,Pedley,Australia
Fabaceae,Acacia jamesiana,Maslin,Australia
Fabaceae,Acacia jasperensis,Maconochie,Australia
Fabaceae,Acacia jennerae,Maiden,Australia
Fabaceae,Acacia jensenii,Maiden,Australia
Fabaceae,Acacia jibberdingensis,Maiden,Australia
Fabaceae,Acacia jucunda,Maiden,Australia
Fabaceae,Acacia julifera,Benth.,Australia
Fabaceae,Acacia kelleri,F.Muell.,Australia
Fabaceae,Acacia kempeana,F.Muell.,Australia
Fabaceae,Acacia kenneallyi,R.S.Cowan & Maslin,Australia
Fabaceae,Acacia kettlewelliae,Maiden,Australia
Fabaceae,Acacia lacertensis,Pedley,Australia
Fabaceae,Acacia lamprocarpa,O.Schwarz,Australia
Fabaceae,Acacia lasiocalyx,C.R.P.Andrews,Australia
Fabaceae,Acacia latescens,Benth.,Australia
Fabaceae,Acacia latifolia,Benth.,Australia
Fabaceae,Acacia latior,(R.S.Cowan & Maslin) Maslin & Buscumb,Australia
Fabaceae,Acacia latzii,Maslin,Australia
Fabaceae,Acacia leeuweniana,Maslin,Australia
Fabaceae,Acacia legnota,Pedley,Australia
Fabaceae,Acacia leiocalyx,(Domin) Pedley,Australia
Fabaceae,Acacia leiophylla,Benth.,Australia
Fabaceae,Acacia leprosa,Sieber ex DC.,Australia
Fabaceae,Acacia leptocarpa,A.Cunn. ex Benth.,Australia
Fabaceae,Acacia leptoloba,Pedley,Australia
Fabaceae,Acacia leptopetala,Benth.,Australia
Fabaceae,Acacia leptostachya,Benth.,Australia
Fabaceae,Acacia leucoclada,Tindale,Australia
Fabaceae,Acacia ligulata,A.Cunn. ex Benth.,Australia
Fabaceae,Acacia ligustrina,Meisn.,Australia
Fabaceae,Acacia linearifolia,A.Cunn. ex Maiden & Blakely,Australia
Fabaceae,Acacia loderi,Maiden,Australia
Fabaceae,Acacia longifolia,(Andrews) Willd.,Australia
Fabaceae,Acacia longiphyllodinea,Maiden,Australia
Fabaceae,Acacia longispicata,Benth.,Australia
Fabaceae,Acacia longispinea,Morrison,Australia
Fabaceae,Acacia longissima,H.L.Wendl.,Australia
Fabaceae,Acacia loroloba,Tindale,Australia
Fabaceae,Acacia lunata,G.Lodd.,Australia
Fabaceae,Acacia lysiphloia,F.Muell.,Australia
Fabaceae,Acacia mabellae,Maiden,Australia
Fabaceae,Acacia macdonnellensis,Maconochie,Australia
Fabaceae,Acacia maconochieana,Pedley,Australia
Fabaceae,Acacia macradenia,Benth.,Australia
Fabaceae,Acacia maidenii,F.Muell.,Australia
Fabaceae,Acacia mangium,Willd.,Australia
Fabaceae,Acacia maranoensis,Pedley,Australia
Fabaceae,Acacia marramamba,Maslin,Australia
Fabaceae,Acacia masliniana,R.S.Cowan,Australia
Fabaceae,Acacia matthewii,Tindale & S.J.Davies,Australia
Fabaceae,Acacia mearnsii,De Wild.,Australia
Fabaceae,Acacia meiosperma,(Pedley) Pedley,Australia
Fabaceae,Acacia melanoxylon,R.Br.,Australia
Fabaceae,Acacia melvillei,Pedley,Australia
Fabaceae,Acacia merinthophora,E.Pritz.,Australia
Fabaceae,Acacia microbotrya,Benth.,Australia
Fabaceae,Acacia microcybe,Pedley,Australia
Fabaceae,Acacia microsperma,Pedley,Australia
Fabaceae,Acacia midgleyi,M.W.McDonald & Maslin,Australia
Fabaceae,Acacia mimula,Pedley,Australia
Fabaceae,Acacia minniritchi,I.M.Turner,Australia
Fabaceae,Acacia minyura,Randell,Australia
Fabaceae,Acacia mollifolia,Maiden & Blakely,Australia
Fabaceae,Acacia montana,Benth.,Australia
Fabaceae,Acacia monticola,J.M.Black,Australia
Fabaceae,Acacia mountfordiae,Specht,Australia
Fabaceae,Acacia mucronata,Willd. ex H.L.Wendl.,Australia
Fabaceae,Acacia muelleriana,Maiden & R.T.Baker,Australia
Fabaceae,Acacia mulganeura,Maslin & J.E.Reid,Australia
Fabaceae,Acacia multisiliqua,(Benth.) Maconochie,Australia
Fabaceae,Acacia multistipulosa,Tindale & Bedward,Australia
Fabaceae,Acacia murrayana,F.Muell. ex Benth.,Australia
Fabaceae,Acacia nanodealbata,J.H.Willis,Australia
Fabaceae,Acacia neriifolia,A.Cunn. ex Benth.,Australia
Fabaceae,Acacia neurocarpa,A.Cunn. ex Hook.,Australia
Fabaceae,Acacia neurophylla,W.Fitzg.,Australia
Fabaceae,Acacia nyssophylla,F.Muell.,Australia
Fabaceae,Acacia obliquinervia,Tindale,Australia
Fabaceae,Acacia obtusifolia,A.Cunn.,Australia
Fabaceae,Acacia oldfieldii,F.Muell.,Australia
Fabaceae,Acacia olgana,Maconochie,Australia
Fabaceae,Acacia olsenii,Tindale,Australia
Fabaceae,Acacia omalophylla,A.Cunn. ex Benth.,Australia
Fabaceae,Acacia ommatosperma,(Pedley) Pedley,Australia
Fabaceae,Acacia oraria,F.Muell.,Australia
Fabaceae,Acacia orites,Pedley,Australia
Fabaceae,Acacia orthocarpa,F.Muell.,Australia
Fabaceae,Acacia oshanesii,F.Muell. & Maiden,Australia
Fabaceae,Acacia oswaldii,F.Muell.,Australia
Fabaceae,Acacia oxycedrus,Sieber ex DC.,Australia
Fabaceae,Acacia pachyacra,Maiden,Australia
Fabaceae,Acacia pachycarpa,F.Muell. ex Benth.,Australia
Fabaceae,Acacia palustris,Luehm.,Australia
Fabaceae,Acacia papyrocarpa,Benth.,Australia
Fabaceae,Acacia paradoxa,DC.,Australia
Fabaceae,Acacia paraneura,Randell,Australia
Fabaceae,Acacia parramattensis,Tindale,Australia
Fabaceae,Acacia parvipinnula,Tindale,Australia
Fabaceae,Acacia pataczekii,D.I.Morris,Australia
Fabaceae,Acacia pedleyi,Tindale & Kodela,Australia
Fabaceae,Acacia pellita,O.Schwarz,Australia
Fabaceae,Acacia pendula,A.Cunn. ex G.Don,Australia
Fabaceae,Acacia penninervis,Sieber ex DC.,Australia
Fabaceae,Acacia pentadenia,Lindl.,Australia
Fabaceae,Acacia petraea,Pedley,Australia
Fabaceae,Acacia peuce,F.Muell.,Australia
Fabaceae,Acacia phlebophylla,F.Muell.,Australia
Fabaceae,Acacia pickardii,Tindale,Australia
Fabaceae,Acacia platycarpa,F.Muell.,Australia
Fabaceae,Acacia plectocarpa,A.Cunn. ex Benth.,Australia
Fabaceae,Acacia podalyriifolia,A.Cunn. ex G.Don,Australia
Fabaceae,Acacia polifolia,Pedley,Australia
Fabaceae,Acacia polyadenia,(Pedley) Pedley,Australia
Fabaceae,Acacia polybotrya,Benth.,Australia
Fabaceae,Acacia polystachya,A.Cunn. ex Benth.,Australia
Fabaceae,Acacia praelongata,F.Muell.,Australia
Fabaceae,Acacia prainii,Maiden,Australia
Fabaceae,Acacia pravissima,F.Muell.,Australia
Fabaceae,Acacia proiantha,Pedley,Australia
Fabaceae,Acacia prominens,A.Cunn. ex G.Don,Australia
Fabaceae,Acacia pruinocarpa,Tindale,Australia
Fabaceae,Acacia pteraneura,Maslin & J.E.Reid,Australia
Fabaceae,Acacia pubescens,(Vent.) R.Br.,Australia
Fabaceae,Acacia pubicosta,C.T.White,Australia
Fabaceae,Acacia pubifolia,Pedley,Australia
Fabaceae,Acacia pubirhachis,Pedley,Australia
Fabaceae,Acacia pulchella,R.Br.,Australia
Fabaceae,Acacia pustula,Maiden,Australia
Fabaceae,Acacia pycnantha,Benth.,Australia
Fabaceae,Acacia pycnostachya,F.Muell. ex Benth.,Australia
Fabaceae,Acacia pyrifolia,DC.,Australia
Fabaceae,Acacia quadrimarginea,F.Muell.,Australia
Fabaceae,Acacia racospermoides,Pedley,Australia
Fabaceae,Acacia ramulosa,W.Fitzg.,Australia
Fabaceae,Acacia redolens,Maslin,Australia
Fabaceae,Acacia resinimarginea,W.Fitzg.,Australia
Fabaceae,Acacia resinistipulea,W.Fitzg.,Australia
Fabaceae,Acacia retinervis,Benth.,Australia
Fabaceae,Acacia retinodes,Schltdl.,Australia
Fabaceae,Acacia rhodophloia,Maslin,Australia
Fabaceae,Acacia rhodoxylon,Maiden,Australia
Fabaceae,Acacia riceana,Hemsl.,Australia
Fabaceae,Acacia rigens,A.Cunn. ex G.Don,Australia
Fabaceae,Acacia rivalis,J.M.Black,Australia
Fabaceae,Acacia rostellifera,Benth.,Australia
Fabaceae,Acacia rostriformis,Maslin & D.J.Murphy,Australia
Fabaceae,Acacia rothii,F.M.Bailey,Australia
Fabaceae,Acacia roycei,Maslin,Australia
Fabaceae,Acacia rubida,A.Cunn.,Australia
Fabaceae,Acacia saliciformis,Tindale,Australia
Fabaceae,Acacia salicina,Lindl.,Australia
Fabaceae,Acacia saligna,(Labill.) H.L.Wendl.,Australia
Fabaceae,Acacia saxatilis,S.Moore,Australia
Fabaceae,Acacia schinoides,Benth.,Australia
Fabaceae,Acacia scirpifolia,Meisn.,Australia
Fabaceae,Acacia sclerosperma,F.Muell.,Australia
Fabaceae,Acacia scopulorum,Pedley,Australia
Fabaceae,Acacia seclusa,M.W.McDonald,Australia
Fabaceae,Acacia semilunata,Maiden & Blakely,Australia
Fabaceae,Acacia semirigida,Maiden & Blakely,Australia
Fabaceae,Acacia sericata,A.Cunn. ex Benth.,Australia
Fabaceae,Acacia sericoflora,Pedley,Australia
Fabaceae,Acacia shirleyi,Maiden,Australia
Fabaceae,Acacia sibilans,Maslin,Australia
Fabaceae,Acacia sibina,Maslin,Australia
Fabaceae,Acacia sibirica,S.Moore,Australia
Fabaceae,Acacia signata,F.Muell.,Australia
Fabaceae,Acacia silvestris,Tindale,Australia
Fabaceae,Acacia simsii,A.Cunn. ex Benth.,Australia
Fabaceae,Acacia solenota,Pedley,Australia
Fabaceae,Acacia spania,Pedley,Australia
Fabaceae,Acacia sparsiflora,Maiden,Australia
Fabaceae,Acacia speckii,R.S.Cowan & Maslin,Australia
Fabaceae,Acacia spectabilis,A.Cunn. ex Benth.,Australia
Fabaceae,Acacia spectrum,Lewington & Maslin,Australia
Fabaceae,Acacia spirorbis,Labill.,Australia
Fabaceae,Acacia splendens,Maslin & C.P.Elliott,Australia
Fabaceae,Acacia steedmanii,Maiden & Blakely,Australia
Fabaceae,Acacia stenophylla,A.Cunn. ex Benth.,Australia
Fabaceae,Acacia stereophylla,Meisn.,Australia
Fabaceae,Acacia stipuligera,F.Muell.,Australia
Fabaceae,Acacia storyi,Tindale,Australia
Fabaceae,Acacia striatifolia,Pedley,Australia
Fabaceae,Acacia stricta,(Andrews) Willd.,Australia
Fabaceae,Acacia strongylophylla,F.Muell.,Australia
Fabaceae,Acacia subporosa,F.Muell.,Australia
Fabaceae,Acacia subtessarogona,Tindale & Maslin,Australia
Fabaceae,Acacia subtilinervis,F.Muell.,Australia
Fabaceae,Acacia subulata,Bonpl. ex Vent.,Australia
Fabaceae,Acacia symonii,Whibley,Australia
Fabaceae,Acacia synchronicia,Maslin,Australia
Fabaceae,Acacia synoria,Maslin,Australia
Fabaceae,Acacia tenuinervis,Pedley,Australia
Fabaceae,Acacia tenuispica,Maslin,Australia
Fabaceae,Acacia tephrina,Pedley,Australia
Fabaceae,Acacia terminalis,(Salisb.) J.F.Macbr.,Australia
Fabaceae,Acacia tessellata,Tindale & Kodela,Australia
Fabaceae,Acacia tetragonophylla,F.Muell.,Australia
Fabaceae,Acacia thomsonii,Maslin & M.W.McDonald,Australia
Fabaceae,Acacia tingoorensis,Pedley,Australia
Fabaceae,Acacia torulosa,Benth.,Australia
Fabaceae,Acacia trachycarpa,E.Pritz.,Australia
Fabaceae,Acacia trachyphloia,Tindale,Australia
Fabaceae,Acacia trinalis,R.S.Cowan & Maslin,Australia
Fabaceae,Acacia trinervata,Sieber ex DC.,Australia
Fabaceae,Acacia trineura,F.Muell.,Australia
Fabaceae,Acacia triptera,Benth.,Australia
Fabaceae,Acacia triptycha,F.Muell. ex Benth.,Australia
Fabaceae,Acacia tropica,(Maiden & Blakely) Tindale,Australia
Fabaceae,Acacia tumida,F.Muell. ex Benth.,Australia
Fabaceae,Acacia tysonii,Luehm.,Australia
Fabaceae,Acacia uncifera,Benth.,Australia
Fabaceae,Acacia uncifolia,(J.M.Black) O'Leary,Australia
Fabaceae,Acacia undoolyana,G.J.Leach,Australia
Fabaceae,Acacia undulifolia,A.Cunn. ex G.Lodd,Australia
Fabaceae,Acacia verniciflua,A.Cunn.,Australia
Fabaceae,Acacia veronica,Maslin,Australia
Fabaceae,Acacia verricula,R.S.Cowan & Maslin,Australia
Fabaceae,Acacia verticillata,(L' Hér.) Willd.,Australia
Fabaceae,Acacia vestita,Ker Gawl.,Australia
Fabaceae,Acacia victoriae,Benth.,Australia
Fabaceae,Acacia viscidula,Benth.,Australia
Fabaceae,Acacia wanyu,Tindale,Australia
Fabaceae,Acacia wardellii,Tindale,Australia
Fabaceae,Acacia wattsiana,F.Muell. ex Benth.,Australia
Fabaceae,Acacia websteri,Maiden,Australia
Fabaceae,Acacia wilcoxii,Maslin,Australia
Fabaceae,Acacia willingii,Lewington & Maslin,Australia
Fabaceae,Acacia xanthina,Benth.,Australia
Fabaceae,Acacia xiphophylla,E.Pritz.,Australia
Fabaceae,Acacia yorkrakinensis,C.A.Gardner,Australia
Fabaceae,Adenanthera abrosperma,F.Muell.,Australia
Fabaceae,Adenanthera pavonina,L.,Australia
Fabaceae,Albizia canescens,Benth.,Australia
Fabaceae,Albizia carrii,Kanis,Australia
Fabaceae,Albizia lebbeck,(L.) Benth.,Australia
Fabaceae,Albizia procera,(Roxb.) Benth.,Australia
Fabaceae,Albizia retusa,Benth.,Australia
Fabaceae,Archidendron grandiflorum,(Benth.) I.C.Nielsen,Australia
Fabaceae,Archidendron hendersonii,(F.Muell.) I.C.Nielsen,Australia
Fabaceae,Archidendron hirsutum,I.C.Nielsen,Australia
Fabaceae,Archidendron kanisii,R.S.Cowan,Australia
Fabaceae,Archidendron lovelliae,(F.M.Bailey) I.C.Nielsen,Australia
Fabaceae,Archidendron lucyi,F.Muell.,Australia
Fabaceae,Archidendron muellerianum,(Maiden & R.T.Baker) I.C.Nielsen,Australia
Fabaceae,Archidendron ramiflorum,(F.Muell.) Kosterm.,Australia
Fabaceae,Archidendron vaillantii,(F.Muell.) F.Muell.,Australia
Fabaceae,Archidendron whitei,I.C.Nielsen,Australia
Fabaceae,Archidendropsis basaltica,(F.Muell. & Benth.) I.C.Nielsen,Australia
Fabaceae,Archidendropsis thozetiana,(F.Muell.) I.C.Nielsen,Australia
Fabaceae,Archidendropsis xanthoxylon,(C.T.White & W.D.Francis) I.C.Nielsen,Australia
Fabaceae,Bossiaea aquifolium,Benth.,Australia
Fabaceae,Callistachys lanceolata,Vent.,Australia
Fabaceae,Cassia brewsteri,(F.Muell.) F.Muell. ex Benth.,Australia
Fabaceae,Cassia marksiana,(F.M.Bailey) Domin,Australia
Fabaceae,Cassia queenslandica,C.T.White,Australia
Fabaceae,Cassia tomentella,(Benth.) Domin,Australia
Fabaceae,Castanospermum australe,A.Cunn. ex Mudie,Australia
Fabaceae,Cathormion umbellatum,(Vahl) Kosterm.,Australia
Fabaceae,Crudia abbreviata,A.R.Bean,Australia
Fabaceae,Crudia papuana,Kosterm.,Australia
Fabaceae,Cynometra iripa,Kostel.,Australia
Fabaceae,Cynometra lenticellata,(C.T.White) Rados.,Australia
Fabaceae,Cynometra ramiflora,L.,Australia
Fabaceae,Dalbergia ferruginea,Roxb.,Australia
Fabaceae,Daviesia divaricata,Benth.,Australia
Fabaceae,Dendrolobium arbuscula,(Domin) H.Ohashi,Australia
Fabaceae,Dendrolobium umbellatum,(L.) Benth.,Australia
Fabaceae,Dichrostachys cinerea,(L.) Wight & Arn.,Australia
Fabaceae,Dichrostachys spicata,(F.Muell.) Domin,Australia
Fabaceae,Erythrina fusca,Lour.,Australia
Fabaceae,Erythrina insularis,F.M.Bailey,Australia
Fabaceae,Erythrina numerosa,A.R.Bean,Australia
Fabaceae,Erythrina variegata,L.,Australia
Fabaceae,Erythrina vespertilio,Benth.,Australia
Fabaceae,Erythrophleum chlorostachys,(F.Muell.) Baill.,Australia
Fabaceae,Falcataria toona,"(F.M.Bailey) Gill.K.Br., D.J.Murphy & Ladiges",Australia
Fabaceae,Gastrolobium bilobum,R.Br.,Australia
Fabaceae,Gastrolobium ferrugineum,"G.Chandler, Crisp & R.J.Bayer",Australia
Fabaceae,Gastrolobium spectabile,(Endl.) Crisp,Australia
Fabaceae,Hovea elliptica,(Sm.) DC.,Australia
Fabaceae,Intsia bijuga,(Colebr.) Kuntze,Australia
Fabaceae,Jacksonia cupulifera,Meisn.,Australia
Fabaceae,Jacksonia furcellata,(Bonpl.) DC.,Australia
Fabaceae,Jacksonia scoparia,Sm.,Australia
Fabaceae,Jacksonia sternbergiana,Benth.,Australia
Fabaceae,Lamprolobium fruticosum,Benth.,Australia
Fabaceae,Lysiphyllum carronii,(F.Muell.) Pedley,Australia
Fabaceae,Lysiphyllum cunninghamii,(Benth.) de Wit,Australia
Fabaceae,Lysiphyllum gilvum,(Bailey) Pedley,Australia
Fabaceae,Lysiphyllum hookeri,(F.Muell.) Pedley,Australia
Fabaceae,Ormosia ormondii,(F.Muell.) Merr.,Australia
Fabaceae,Pararchidendron pruinosum,(A.Cunn. ex Benth.) I.C.Nielsen,Australia
Fabaceae,Paraserianthes lophantha,(Willd.) I.C.Nielsen,Australia
Fabaceae,Peltophorum pterocarpum,(DC.) Backer ex K.Heyne,Australia
Fabaceae,Piliostigma malabaricum,(Roxb.) Benth.,Australia
Fabaceae,Pongamia pinnata,(L.) Pierre,Australia
Fabaceae,Senna cardiosperma,(F.Muell.) Randell,Australia
Fabaceae,Senna circinnata,(Benth.) Randell,Australia
Fabaceae,Senna costata,(J. F. Bailey & C. White) Randell,Australia
Fabaceae,Senna gaudichaudii,(Hook. & Arn.) H.S. Irwin & Barneby,Australia
Fabaceae,Senna glutinosa,(DC.) Randell,Australia
Fabaceae,Senna surattensis,(Burm.f.) H.S.Irwin & Barneby,Australia
Fabaceae,Senna timoriensis,(DC.) H.S.Irwin & Barneby,Australia
Fabaceae,Sesbania formosa,(F.Muell.) N.T.Burb.,Australia
Fabaceae,Sophora howinsula,(W.R.B.Oliv.) P.S.Green,Australia
Fabaceae,Sophora tomentosa,L.,Australia
Fabaceae,Storckiella australiensis,J.H.Ross & B.Hyland,Australia
Fabaceae,Vachellia bidwillii,(Benth.) Kodela,Australia
Fabaceae,Vachellia ditricha,(Pedley) Kodela,Australia
Fabaceae,Vachellia douglasica,(Pedley) Kodela,Australia
Fabaceae,Vachellia pachyphloia,(W. Fitzg.) Kodela,Australia
Fabaceae,Vachellia pallidifolia,(Tindale) Kodela,Australia
Fabaceae,Vachellia suberosa,(A.Cunn. ex Benth.) Kodela,Australia
Fabaceae,Vachellia sutherlandii,(F.Muell.) Kodela,Australia
Fabaceae,Vachellia valida,(Tindale & Kodela) Kodela,Australia
Gentianaceae,Fagraea berteroana,A.Gray ex Benth.,Australia
Gentianaceae,Utania volubilis,(Wall.) Sugumaran,Australia
Gesneriaceae,Negria rhabdothamnoides,F.Muell.,Australia
Gyrostemonaceae,Codonocarpus attenuatus,(Hook.) H.Walter,Australia
Gyrostemonaceae,Codonocarpus cotinifolius,(Desf.) F.Muell.,Australia
Gyrostemonaceae,Codonocarpus pyramidalis,(F.Muell.) F.Muell.,Australia
Gyrostemonaceae,Gyrostemon ramulosus,Desf.,Australia
Haloragaceae,Haloragodendron racemosum,(Labill.) Orchard,Australia
Hamamelidaceae,Noahdendron nicholasii,"P.K.Endress, B.Hyland & Tracey",Australia
Hernandiaceae,Gyrocarpus americanus,Jacq.,Australia
Hernandiaceae,Hernandia nymphaeifolia,(C.Presl) Kubitzki,Australia
Himantandraceae,Galbulimima belgraveana,(F.Muell.) Sprague,Australia
Icacinaceae,Ryticaryum longifolium,K.Schum. & Lauterb.,Australia
Lamiaceae,Callicarpa caudata,Maxim.,Australia
Lamiaceae,Clerodendrum costatum,R.Br.,Australia
Lamiaceae,Clerodendrum floribundum,R.Br.,Australia
Lamiaceae,Clerodendrum tomentosum,(Vent.) R.Br.,Australia
Lamiaceae,Clerodendrum tracyanum,(F.Muell.) Benth.,Australia
Lamiaceae,Gmelina dalrympleana,(F.Muell.) H.J.Lam,Australia
Lamiaceae,Gmelina fasciculiflora,Benth.,Australia
Lamiaceae,Gmelina hollrungii,de Kok,Australia
Lamiaceae,Gmelina leichardtii,(F.Muell.) Benth.,Australia
Lamiaceae,Premna acuminata,R.Br.,Australia
Lamiaceae,Premna serratifolia,L.,Australia
Lamiaceae,Premna tomentosa,Willd.,Australia
Lamiaceae,Vitex acuminata,R.Br.,Australia
Lamiaceae,Vitex glabrata,R.Br.,Australia
Lamiaceae,Vitex lignum-vitae,A.Cunn. ex Schauer,Australia
Lamiaceae,Vitex queenslandica,(Munir) Bramley,Australia
Lamiaceae,Vitex trifolia,L.,Australia
Lamiaceae,Vitex velutinifolia,Munir,Australia
Lauraceae,Beilschmiedia bancroftii,(Bailey) C.T.White,Australia
Lauraceae,Beilschmiedia brunnea,B.Hyland,Australia
Lauraceae,Beilschmiedia castrisinensis,B.Hyland,Australia
Lauraceae,Beilschmiedia collina,B.Hyland,Australia
Lauraceae,Beilschmiedia elliptica,C.T.White & W.D.Francis,Australia
Lauraceae,Beilschmiedia obtusifolia,(Meisn.) F.Muell.,Australia
Lauraceae,Beilschmiedia oligandra,L.S.Sm.,Australia
Lauraceae,Beilschmiedia peninsularis,B.Hyland,Australia
Lauraceae,Beilschmiedia recurva,B.Hyland,Australia
Lauraceae,Beilschmiedia tooram,(Bailey) B.Hyland,Australia
Lauraceae,Beilschmiedia volckii,B.Hyland,Australia
Lauraceae,Cinnamomum baileyanum,(F.Muell. ex F.M.Bailey) Francis,Australia
Lauraceae,Cinnamomum laubatii,F.Muell.,Australia
Lauraceae,Cinnamomum oliveri,F.M.Bailey,Australia
Lauraceae,Cinnamomum propinquum,F.M.Bailey,Australia
Lauraceae,Cinnamomum virens,R.T.Baker,Australia
Lauraceae,Cryptocarya angulata,C.T.White,Australia
Lauraceae,Cryptocarya bamagana,B.Hyland,Australia
Lauraceae,Cryptocarya bellendenkerana,B.Hyland,Australia
Lauraceae,Cryptocarya bidwillii,Meisn.,Australia
Lauraceae,Cryptocarya brassii,C.K.Allen,Australia
Lauraceae,Cryptocarya burckeana,Warb.,Australia
Lauraceae,Cryptocarya clarksoniana,B.Hyland,Australia
Lauraceae,Cryptocarya claudiana,B.Hyland,Australia
Lauraceae,Cryptocarya cocosoides,B.Hyland,Australia
Lauraceae,Cryptocarya corrugata,C.T.White & W.D.Francis,Australia
Lauraceae,Cryptocarya cunninghamii,Meisn.,Australia
Lauraceae,Cryptocarya densiflora,Blume,Australia
Lauraceae,Cryptocarya dorrigoensis,Frodin ex B.Hyland & Floyd,Australia
Lauraceae,Cryptocarya endiandrifolia,Kosterm.,Australia
Lauraceae,Cryptocarya erythroxylon,Maiden & Betche,Australia
Lauraceae,Cryptocarya exfoliata,C.K.Allen,Australia
Lauraceae,Cryptocarya floydii,Kosterm.,Australia
Lauraceae,Cryptocarya foetida,R.T.Baker,Australia
Lauraceae,Cryptocarya foveolata,C.T.White & W.D.Francis,Australia
Lauraceae,Cryptocarya glaucescens,R.Br.,Australia
Lauraceae,Cryptocarya glaucocarpa,B.Hyland,Australia
Lauraceae,Cryptocarya grandis,B.Hyland,Australia
Lauraceae,Cryptocarya gregsonii,Maiden,Australia
Lauraceae,Cryptocarya hypospodia,F.Muell.,Australia
Lauraceae,Cryptocarya laevigata,Blume,Australia
Lauraceae,Cryptocarya leucophylla,B.Hyland,Australia
Lauraceae,Cryptocarya lividula,B.Hyland,Australia
Lauraceae,Cryptocarya macdonaldii,B.Hyland,Australia
Lauraceae,Cryptocarya mackinnoniana,F.Muell.,Australia
Lauraceae,Cryptocarya meisneriana,Frodin,Australia
Lauraceae,Cryptocarya melanocarpa,B.Hyland,Australia
Lauraceae,Cryptocarya microneura,Meisn.,Australia
Lauraceae,Cryptocarya murrayi,F.Muell.,Australia
Lauraceae,Cryptocarya nova-anglica,B.Hyland & Floyd,Australia
Lauraceae,Cryptocarya oblata,F.M.Bailey,Australia
Lauraceae,Cryptocarya obovata,R.Br.,Australia
Lauraceae,Cryptocarya onoprienkoana,B.Hyland,Australia
Lauraceae,Cryptocarya pleurosperma,C.T.White & W.D.Francis,Australia
Lauraceae,Cryptocarya putida,B.Hyland,Australia
Lauraceae,Cryptocarya rhodosperma,B.Hyland,Australia
Lauraceae,Cryptocarya rigida,Meisn.,Australia
Lauraceae,Cryptocarya saccharata,B.Hyland,Australia
Lauraceae,Cryptocarya sclerophylla,B.Hyland,Australia
Lauraceae,Cryptocarya smaragdina,B.Hyland,Australia
Lauraceae,Cryptocarya triplinervis,R.Br.,Australia
Lauraceae,Cryptocarya vulgaris,B.Hyland,Australia
Lauraceae,Cryptocarya whiffiniana,Le Cussan & B.Hyland,Australia
Lauraceae,Cryptocarya williwilliana,B.Hyland & Floyd,Australia
Lauraceae,Endiandra acuminata,C.T.White,Australia
Lauraceae,Endiandra anthropophagorum,Domin,Australia
Lauraceae,Endiandra bellendenkerana,B.Hyland,Australia
Lauraceae,Endiandra bessaphila,B.Hyland,Australia
Lauraceae,Endiandra collinsii,B.Hyland,Australia
Lauraceae,Endiandra compressa,C.T.White,Australia
Lauraceae,Endiandra cooperana,B.Hyland,Australia
Lauraceae,Endiandra cowleyana,F.M.Bailey,Australia
Lauraceae,Endiandra crassiflora,C.T.White & W.D.Francis,Australia
Lauraceae,Endiandra dichrophylla,F.Muell.,Australia
Lauraceae,Endiandra dielsiana,Teschner,Australia
Lauraceae,Endiandra discolor,Benth.,Australia
Lauraceae,Endiandra floydii,B.Hyland,Australia
Lauraceae,Endiandra glauca,R.Br.,Australia
Lauraceae,Endiandra globosa,Maiden & Betche,Australia
Lauraceae,Endiandra grayi,B.Hyland,Australia
Lauraceae,Endiandra hayesii,Kosterm.,Australia
Lauraceae,Endiandra hypotephra,F.Muell.,Australia
Lauraceae,Endiandra impressicosta,C.K.Allen,Australia
Lauraceae,Endiandra inopinata,B.Gray,Australia
Lauraceae,Endiandra insignis,(F.M.Bailey) F.M.Bailey,Australia
Lauraceae,Endiandra introrsa,C.T.White,Australia
Lauraceae,Endiandra jonesii,B.Hyland,Australia
Lauraceae,Endiandra leptodendron,B.Hyland,Australia
Lauraceae,Endiandra limnophila,B.Hyland,Australia
Lauraceae,Endiandra longipedicellata,C.T.White,Australia
Lauraceae,Endiandra microneura,C.T.White,Australia
Lauraceae,Endiandra montana,C.T.White,Australia
Lauraceae,Endiandra muelleri,Meisn.,Australia
Lauraceae,Endiandra palmerstonii,(F.M.Bailey) C.T.White,Australia
Lauraceae,Endiandra phaeocarpa,B.Hyland,Australia
Lauraceae,Endiandra pubens,Meisn.,Australia
Lauraceae,Endiandra sankeyana,F.M.Bailey,Australia
Lauraceae,Endiandra sideroxylon,B.Hyland,Australia
Lauraceae,Endiandra sieberi,Nees,Australia
Lauraceae,Endiandra virens,F.Muell.,Australia
Lauraceae,Endiandra wolfei,B.Hyland,Australia
Lauraceae,Endiandra wongawallanensis,L.Weber,Australia
Lauraceae,Endiandra xanthocarpa,B.Hyland,Australia
Lauraceae,Lindera queenslandica,B.Hyland,Australia
Lauraceae,Litsea australis,B.Hyland,Australia
Lauraceae,Litsea bennettii,B.Hyland,Australia
Lauraceae,Litsea bindoniana,(F.Muell.) F.Muell.,Australia
Lauraceae,Litsea breviumbellata,C.K.Allen,Australia
Lauraceae,Litsea connorsii,B.Hyland,Australia
Lauraceae,Litsea fawcettiana,(F.Muell.) B.Hyland,Australia
Lauraceae,Litsea glutinosa,(Lour.) C.B.Rob.,Australia
Lauraceae,Litsea granitica,B.Hyland,Australia
Lauraceae,Litsea leefeana,(F.Muell.) Merr.,Australia
Lauraceae,Litsea reticulata,(Meisn.) F.Muell.,Australia
Lauraceae,Neolitsea australiensis,Kosterm.,Australia
Lauraceae,Neolitsea brassii,C.K.Allen,Australia
Lauraceae,Neolitsea dealbata,(R. Br.) Merr.,Australia
Lecythidaceae,Barringtonia acutangula,(L.) Gaertn.,Australia
Lecythidaceae,Barringtonia asiatica,(L.) Kurz,Australia
Lecythidaceae,Barringtonia calyptrata,(Miers) R.Br. ex F.M.Bailey,Australia
Lecythidaceae,Barringtonia racemosa,(L.) Spreng.,Australia
Lecythidaceae,Planchonia careya,(F.Muell.) R.Knuth,Australia
Lecythidaceae,Planchonia rupestris,R.L.Barrett,Australia
Loganiaceae,Geniostoma petiolosum,C.Moore & F.Muell.,Australia
Loganiaceae,Strychnos lucida,R. Br.,Australia
Loganiaceae,Strychnos psilosperma,F.Muell.,Australia
Loranthaceae,Nuytsia floribunda,R.Br.,Australia
Lythraceae,Lagerstroemia engleriana,Koehne,Australia
Lythraceae,Lagerstroemia speciosa,(L.) Pers.,Australia
Lythraceae,Pemphis acidula,J.R.Forst. & G.Forst.,Australia
Lythraceae,Sonneratia alba,Sm.,Australia
Lythraceae,Sonneratia caseolaris,(L.) Engl.,Australia
Lythraceae,Sonneratia lanceolata,Blume,Australia
Lythraceae,Sonneratia ovata,Backer,Australia
Malvaceae,Adansonia gregorii,F.Muell.,Australia
Malvaceae,Androcalva fraseri,(J.Gay) C.F.Wilkins & Whitlock,Australia
Malvaceae,Androcalva rossii,(Guymer) C.F.Wilkins & Whitlock,Australia
Malvaceae,Argyrodendron peralatum,(F.M.Bailey) Edlin ex I.H.Boas,Australia
Malvaceae,Argyrodendron polyandrum,L.S.Sm.,Australia
Malvaceae,Berrya javanica,(Turcz.) Burret,Australia
Malvaceae,Berrya rotundifolia,(Benth.) Domin,Australia
Malvaceae,Brachychiton acerifolius,(A.Cunn. ex G.Don) F.Muell.,Australia
Malvaceae,Brachychiton acuminatus,Guymer,Australia
Malvaceae,Brachychiton albidus,Guymer,Australia
Malvaceae,Brachychiton australis,(Schott & Endl.) A.Terracc.,Australia
Malvaceae,Brachychiton bidwillii,Hook.,Australia
Malvaceae,Brachychiton chillagoensis,Guymer,Australia
Malvaceae,Brachychiton collinus,Guymer,Australia
Malvaceae,Brachychiton compactus,Guymer,Australia
Malvaceae,Brachychiton discolor,F.Muell.,Australia
Malvaceae,Brachychiton diversifolius,R.Br.,Australia
Malvaceae,Brachychiton fitzgeraldianus,Guymer,Australia
Malvaceae,Brachychiton garrawayae,(F.M.Bailey) Guymer,Australia
Malvaceae,Brachychiton grandiflorus,Guymer,Australia
Malvaceae,Brachychiton gregorii,F.Muell.,Australia
Malvaceae,Brachychiton incanus,R.Br.,Australia
Malvaceae,Brachychiton megaphyllus,Guymer,Australia
Malvaceae,Brachychiton muellerianus,Guymer,Australia
Malvaceae,Brachychiton obtusilobus,Guymer,Australia
Malvaceae,Brachychiton paradoxus,Schott & Endl.,Australia
Malvaceae,Brachychiton populneus,(Schott & Endl.) R.Br.,Australia
Malvaceae,Brachychiton rupestris,(T.Mitch. ex Lindl.) K.Schum.,Australia
Malvaceae,Brachychiton spectabilis,Guymer,Australia
Malvaceae,Brachychiton tridentatus,Guymer,Australia
Malvaceae,Brachychiton tuberculatus,(W.Fitzg.) Guymer,Australia
Malvaceae,Brachychiton velutinosus,Kosterm.,Australia
Malvaceae,Brachychiton viridiflorus,(W.Fitzg.) Guymer,Australia
Malvaceae,Brachychiton viscidulus,(W.Fitzg.) Guymer,Australia
Malvaceae,Brachychiton vitifolius,(F.M.Bailey) Guymer,Australia
Malvaceae,Brachychiton xanthophyllus,Guymer,Australia
Malvaceae,Camptostemon schultzii,Mast.,Australia
Malvaceae,Commersonia bartramia,(L.) Merr.,Australia
Malvaceae,Commersonia macrostipulata,Guymer,Australia
Malvaceae,Firmiana papuana,Mildbr.,Australia
Malvaceae,Franciscodendron laurifolium,(F.Muell.) B.Hyland & Steenis,Australia
Malvaceae,Grewia breviflora,Benth.,Australia
Malvaceae,Grewia multiflora,Juss.,Australia
Malvaceae,Grewia orientalis,L.,Australia
Malvaceae,Grewia oxyphylla,Burret,Australia
Malvaceae,Grewia retusifolia,Kurz,Australia
Malvaceae,Helicteres isora,L.,Australia
Malvaceae,Heritiera actinophylla,(F.M.Bailey) Kosterm.,Australia
Malvaceae,Heritiera littoralis,Aiton,Australia
Malvaceae,Heritiera trifoliolata,(F.Muell.) Kosterm.,Australia
Malvaceae,Hibiscus heterophyllus,Vent.,Australia
Malvaceae,Hibiscus tiliaceus,L.,Australia
Malvaceae,Kleinhovia hospita,L.,Australia
Malvaceae,Lagunaria patersonia,(Andrews) G.Don,Australia
Malvaceae,Lagunaria queenslandica,Craven,Australia
Malvaceae,Melochia umbellata,(Houtt.) Stapf,Australia
Malvaceae,Plagianthus regius,(Poit.) Hochr.,Australia
Malvaceae,Schoutenia ovata,Korth.,Australia
Malvaceae,Sterculia holtzei,F.Muell.,Australia
Malvaceae,Sterculia quadrifida,R.Br.,Australia
Malvaceae,Sterculia shillinglawii,F.Muell.,Australia
Malvaceae,Thespesia populnea,(L.) Sol. ex Corrêa,Australia
Malvaceae,Trichospermum pleiostigma,(F.Muell.) Kosterm.,Australia
Melastomataceae,Memecylon arnhemensis,Whiffin,Australia
Melastomataceae,Memecylon pauciflorum,Blume,Australia
Melastomataceae,Pternandra coerulescens,Jack,Australia
Meliaceae,Aglaia argentea,Blume,Australia
Meliaceae,Aglaia australiensis,Pannell,Australia
Meliaceae,Aglaia brassii,Merr. & L.M.Perry,Australia
Meliaceae,Aglaia brownii,Pannell,Australia
Meliaceae,Aglaia cooperae,Pannell,Australia
Meliaceae,Aglaia elaeagnoidea,(A.Juss.) Benth.,Australia
Meliaceae,Aglaia euryanthera,Harms,Australia
Meliaceae,Aglaia fellii,W.E.Cooper & Joyce,Australia
Meliaceae,Aglaia meridionalis,Pannell,Australia
Meliaceae,Aglaia sapindina,(F.Muell.) Harms,Australia
Meliaceae,Aglaia spectabilis,(Miq.) S.S.Jain & S.Bennet,Australia
Meliaceae,Aglaia tomentosa,Teijsm. & Binn.,Australia
Meliaceae,Anthocarapa nitidula,(Benth.) T.D.Penn. ex Mabb.,Australia
Meliaceae,Chisocheton longistipitatus,(F.M.Bailey) L.S.Sm.,Australia
Meliaceae,Dysoxylum acutangulum,Miq.,Australia
Meliaceae,Dysoxylum alliaceum,(Blume) Blume,Australia
Meliaceae,Dysoxylum arborescens,(Blume) Miq.,Australia
Meliaceae,Dysoxylum fraserianum,(A.Juss.) Benth.,Australia
Meliaceae,Dysoxylum gaudichaudianum,(A.Juss.) Miq.,Australia
Meliaceae,Dysoxylum klanderi,F.Muell.,Australia
Meliaceae,Dysoxylum latifolium,Benth.,Australia
Meliaceae,Dysoxylum oppositifolium,F.Muell.,Australia
Meliaceae,Dysoxylum pachyphyllum,Hemsl.,Australia
Meliaceae,Dysoxylum papuanum,(Merr. & L.M.Perry) Mabb.,Australia
Meliaceae,Dysoxylum parasiticum,(Osbeck) Kosterm.,Australia
Meliaceae,Dysoxylum pettigrewianum,F.M.Bailey,Australia
Meliaceae,Dysoxylum pumilum,Mabb.,Australia
Meliaceae,Dysoxylum rufum,(Rich.) Benth.,Australia
Meliaceae,Dysoxylum setosum,(Span.) Miq.,Australia
Meliaceae,Melia azedarach,L.,Australia
Meliaceae,Owenia acidula,F.Muell.,Australia
Meliaceae,Owenia cepiodora,F.Muell.,Australia
Meliaceae,Owenia reticulata,F.Muell.,Australia
Meliaceae,Owenia vernicosa,F.Muell.,Australia
Meliaceae,Synoum glandulosum,(Sm.) A.Juss.,Australia
Meliaceae,Toona ciliata,M.Roem.,Australia
Meliaceae,Turraea pubescens,Hell.,Australia
Meliaceae,Vavaea amicorum,Benth.,Australia
Meliaceae,Xylocarpus granatum,J.Koenig,Australia
Meliaceae,Xylocarpus moluccensis,(Lam.) M.Roem.,Australia
Meliaceae,Xylocarpus rumphii,(Kostel.) Mabb.,Australia
Metteniusaceae,Apodytes brachystylis,F.Muell.,Australia
Monimiaceae,Hedycarya angustifolia,A.Cunn.,Australia
Monimiaceae,Hedycarya loxocarya,(Benth.) W.D.Francis,Australia
Monimiaceae,Levieria acuminata,Perk.,Australia
Monimiaceae,Pendressia wardellii,(F.Muell.) Whiffin,Australia
Monimiaceae,Steganthera hirsuta,Perkins,Australia
Monimiaceae,Steganthera laxiflora,(Benth.) Whiffin & Foreman,Australia
Monimiaceae,Steganthera macooraia,(F.M.Bailey) P.K.Endress,Australia
Monimiaceae,Wilkiea macrophylla,(A.Cunn.) A.DC.,Australia
Moraceae,Antiaris toxicaria,(J.F.Gmel.) Lesch.,Australia
Moraceae,Ficus aculeata,A.Cunn. ex Miq.,Australia
Moraceae,Ficus adenosperma,Miq.,Australia
Moraceae,Ficus albipila,(Miq.) King,Australia
Moraceae,Ficus atricha,D.J.Dixon,Australia
Moraceae,Ficus benjamina,L.,Australia
Moraceae,Ficus brachypoda,(Miq.) Miq.,Australia
Moraceae,Ficus carpentariensis,D.J.Dixon,Australia
Moraceae,Ficus cerasicarpa,D.J.Dixon,Australia
Moraceae,Ficus copiosa,Steud.,Australia
Moraceae,Ficus coronata,Spin,Australia
Moraceae,Ficus coronulata,Miq.,Australia
Moraceae,Ficus crassipes,F.M.Bailey,Australia
Moraceae,Ficus destruens,F.Muell. ex C.T.White,Australia
Moraceae,Ficus drupacea,Thunb.,Australia
Moraceae,Ficus fraseri,Miq.,Australia
Moraceae,Ficus henneana,Miq.,Australia
Moraceae,Ficus hispida,L.f.,Australia
Moraceae,Ficus leptoclada,Benth.,Australia
Moraceae,Ficus macrophylla,Pers.,Australia
Moraceae,Ficus microcarpa,L.f.,Australia
Moraceae,Ficus mollior,F.Muell. ex Benth.,Australia
Moraceae,Ficus obliqua,G.Forst.,Australia
Moraceae,Ficus platypoda,(Miq.) A.Cunn. ex Miq.,Australia
Moraceae,Ficus pleurocarpa,F.Muell.,Australia
Moraceae,Ficus podocarpifolia,Corner,Australia
Moraceae,Ficus racemosa,L.,Australia
Moraceae,Ficus rubiginosa,Desf. ex Vent.,Australia
Moraceae,Ficus scobina,Benth.,Australia
Moraceae,Ficus septica,Burm.f.,Australia
Moraceae,Ficus subpuberula,Corner,Australia
Moraceae,Ficus tinctoria,G.Forst.,Australia
Moraceae,Ficus triradiata,Corner,Australia
Moraceae,Ficus variegata,Blume,Australia
Moraceae,Ficus virens,Aiton,Australia
Moraceae,Ficus virgata,Reinw. ex Blume,Australia
Moraceae,Ficus watkinsiana,F.M.Bailey,Australia
Moraceae,Paratrophis glabra,(Merr.) Steenis,Australia
Myodocarpaceae,Delarbrea michieana,(F.Muell.) F.Muell.,Australia
Myristicaceae,Horsfieldia australiana,S.T.Blake,Australia
Myristicaceae,Myristica globosa,Warb.,Australia
Myristicaceae,Myristica insipida,R.Br.,Australia
Myristicaceae,Myristica lancifolia,Poir.,Australia
Myrtaceae,Agonis flexuosa,(Muhl. ex Willd.) Sweet,Australia
Myrtaceae,Allosyncarpia ternata,S.T.Blake,Australia
Myrtaceae,Angophora bakeri,E.C.Hall,Australia
Myrtaceae,Angophora costata,(Gaertn.) Hochr. ex Britten,Australia
Myrtaceae,Angophora floribunda,(Sm.) Sweet,Australia
Myrtaceae,Angophora hispida,(Sm.) Blaxell,Australia
Myrtaceae,Angophora inopina,K.D.Hill,Australia
Myrtaceae,Angophora leiocarpa,(L.A.S.Johnson ex G.J.Leach) K.R.Thiele & Ladiges,Australia
Myrtaceae,Angophora melanoxylon,F.Muell. ex R.T.Baker,Australia
Myrtaceae,Angophora robur,L.A.S.Johnson & K.D.Hill,Australia
Myrtaceae,Angophora subvelutina,F.Muell.,Australia
Myrtaceae,Angophora woodsiana,F.M.Bailey,Australia
Myrtaceae,Archirhodomyrtus beckleri,(F.Muell.) A.J.Scott,Australia
Myrtaceae,Astartea leptophylla,Schauer,Australia
Myrtaceae,Asteromyrtus angustifolia,(Gaertn.) Craven,Australia
Myrtaceae,Asteromyrtus arnhemica,(Byrnes) Craven,Australia
Myrtaceae,Asteromyrtus brassii,(Byrnes) Craven,Australia
Myrtaceae,Asteromyrtus symphyocarpa,(F.Muell.) Craven,Australia
Myrtaceae,Backhousia angustifolia,F.Muell.,Australia
Myrtaceae,Backhousia bancroftii,F.M.Bailey & F.Muell.,Australia
Myrtaceae,Backhousia citriodora,F.Muell.,Australia
Myrtaceae,Backhousia enata,"A.J.Ford, Craven & J.Holmes",Australia
Myrtaceae,Backhousia hughesii,C.T.White,Australia
Myrtaceae,Backhousia kingii,Guymer,Australia
Myrtaceae,Backhousia leptopetala,(F.Muell.) M.G.Harr.,Australia
Myrtaceae,Backhousia myrtifolia,Hook. & Harv.,Australia
Myrtaceae,Backhousia oligantha,A.R.Bean,Australia
Myrtaceae,Backhousia sciadophora,F.Muell.,Australia
Myrtaceae,Backhousia subargentea,(C.T.White) M.G.Harr.,Australia
Myrtaceae,Backhousia tetraptera,Jackes,Australia
Myrtaceae,Baeckea frutescens,L.,Australia
Myrtaceae,Barongia lophandra,Peter G.Wilson & B.Hyland,Australia
Myrtaceae,Calytrix achaeta,(F.Muell.) Benth.,Australia
Myrtaceae,Calytrix arborescens,(F.Muell.) Benth.,Australia
Myrtaceae,Calytrix exstipulata,DC.,Australia
Myrtaceae,Corymbia abbreviata,(Blakely & Jacobs) K.D.Hill & L.A.S.Johnson,Australia
Myrtaceae,Corymbia abergiana,(F.Muell.) K.D.Hill & L.A.S.Johnson,Australia
Myrtaceae,Corymbia aparrerinja,K.D.Hill & L.A.S.Johnson,Australia
Myrtaceae,Corymbia arafurica,K.D.Hill & L.A.S.Johnson,Australia
Myrtaceae,Corymbia arenaria,(Blakely) K.D.Hill & L.A.S.Johnson,Australia
Myrtaceae,Corymbia arnhemensis,(D.J.Carr & S.G.M.Carr) K.D.Hill & L.A.S.Johnson,Australia
Myrtaceae,Corymbia aspera,(F.Muell.) K.D.Hill & L.A.S.Johnson,Australia
Myrtaceae,Corymbia aureola,(Brooker & A.R.Bean) K.D.Hill & L.A.S.Johnson,Australia
Myrtaceae,Corymbia bella,K.D.Hill & L.A.S.Johnson,Australia
Myrtaceae,Corymbia blakei,K.D.Hill & L.A.S.Johnson,Australia
Myrtaceae,Corymbia bleeseri,(Blakely) K.D.Hill & L.A.S.Johnson,Australia
Myrtaceae,Corymbia bloxsomei,(Maiden) K.D.Hill & L.A.S.Johnson,Australia
Myrtaceae,Corymbia brachycarpa,(D.J.Carr & S.G.M.Carr) K.D.Hill & L.A.S.Johnson,Australia
Myrtaceae,Corymbia bunites,(Brooker & A.R.Bean) K.D.Hill & L.A.S.Johnson,Australia
Myrtaceae,Corymbia cadophora,K.D.Hill & L.A.S.Johnson,Australia
Myrtaceae,Corymbia calophylla,(R.Br. ex Lindl.) K.D.Hill & L.A.S.Johnson,Australia
Myrtaceae,Corymbia candida,K.D.Hill & L.A.S.Johnson,Australia
Myrtaceae,Corymbia chartacea,K.D.Hill & L.A.S.Johnson,Australia
Myrtaceae,Corymbia chippendalei,(D.J.Carr & S.G.M.Carr) K.D.Hill & L.A.S.Johnson,Australia
Myrtaceae,Corymbia citriodora,(Hook.) K.D.Hill & L.A.S.Johnson,Australia
Myrtaceae,Corymbia clandestina,(A.R.Bean) K.D.Hill & L.A.S.Johnson,Australia
Myrtaceae,Corymbia clarksoniana,(D.J.Carr & S.G.M.Carr) K.D.Hill & L.A.S.Johnson,Australia
Myrtaceae,Corymbia clavigera,(A.Cunn. ex Schauer) K.D.Hill & L.A.S.Johnson,Australia
Myrtaceae,Corymbia cliftoniana,(W.Fitzg.) K.D.Hill & L.A.S.Johnson,Australia
Myrtaceae,Corymbia collina,(W.Fitzg.) K.D.Hill & L.A.S.Johnson,Australia
Myrtaceae,Corymbia confertiflora,(Kippist ex F.Muell.) K.D.Hill & L.A.S.Johnson,Australia
Myrtaceae,Corymbia dallachiana,(Benth.) K.D.Hill & L.A.S.Johnson,Australia
Myrtaceae,Corymbia dendromerinx,K.D.Hill & L.A.S.Johnson,Australia
Myrtaceae,Corymbia deserticola,(S.G.M.Carr) K.D.Hill & L.A.S.Johnson,Australia
Myrtaceae,Corymbia dichromophloia,(F.Muell.) K.D.Hill & L.A.S.Johnson,Australia
Myrtaceae,Corymbia disjuncta,K.D.Hill & L.A.S.Johnson,Australia
Myrtaceae,Corymbia dunlopiana,K.D.Hill & L.A.S.Johnson,Australia
Myrtaceae,Corymbia ellipsoidea,(D.J.Carr & S.G.M.Carr) K.D.Hill & L.A.S.Johnson,Australia
Myrtaceae,Corymbia eremaea,(D.J.Carr & S.G.M.Carr) K.D.Hill & L.A.S.Johnson,Australia
Myrtaceae,Corymbia erythrophloia,(Blakely) K.D.Hill & L.A.S.Johnson,Australia
Myrtaceae,Corymbia eximia,(Schauer) K.D.Hill & L.A.S.Johnson,Australia
Myrtaceae,Corymbia ferriticola,(Brooker & Edgecombe) K.D.Hill & L.A.S.Johnson,Australia
Myrtaceae,Corymbia ferruginea,(Schauer) K.D.Hill & L.A.S.Johnson,Australia
Myrtaceae,Corymbia ficifolia,(F.Muell.) K.D.Hill & L.A.S.Johnson,Australia
Myrtaceae,Corymbia flavescens,K.D.Hill & L.A.S.Johnson,Australia
Myrtaceae,Corymbia foelscheana,(F.Muell.) K.D.Hill & L.A.S.Johnson,Australia
Myrtaceae,Corymbia gilbertensis,(Maiden & Blakely) K.D.Hill & L.A.S.Johnson,Australia
Myrtaceae,Corymbia grandifolia,(R.Br. ex Benth.) K.D.Hill & L.A.S.Johnson,Australia
Myrtaceae,Corymbia greeniana,(D.J.Carr & S.G.M.Carr) K.D.Hill & L.A.S.Johnson,Australia
Myrtaceae,Corymbia gummifera,(Gaertn.) K.D.Hill & L.A.S.Johnson,Australia
Myrtaceae,Corymbia haematoxylon,(Maiden) K.D.Hill & L.A.S.Johnson,Australia
Myrtaceae,Corymbia hamersleyana,(D.J.Carr & S.G.M.Carr) K.D.Hill & L.A.S.Johnson,Australia
Myrtaceae,Corymbia hendersonii,K.D.Hill & L.A.S.Johnson,Australia
Myrtaceae,Corymbia henryi,(S.T.Blake) K.D.Hill & L.A.S.Johnson,Australia
Myrtaceae,Corymbia hylandii,(D.J.Carr & S.G.M.Carr) K.D.Hill & L.A.S.Johnson,Australia
Myrtaceae,Corymbia intermedia,(F.Muell. ex R.T.Baker) K.D.Hill & L.A.S.Johnson,Australia
Myrtaceae,Corymbia jacobsiana,(Blakely) K.D.Hill & L.A.S.Johnson,Australia
Myrtaceae,Corymbia karelgica,K.D.Hill & L.A.S.Johnson,Australia
Myrtaceae,Corymbia kombolgiensis,(Brooker & Dunlop) K.D.Hill & L.A.S.Johnson,Australia
Myrtaceae,Corymbia lamprophylla,(Brooker & A.R.Bean) K.D.Hill & L.A.S.Johnson,Australia
Myrtaceae,Corymbia latifolia,(F.Muell.) K.D.Hill & L.A.S.Johnson,Australia
Myrtaceae,Corymbia leichhardtii,(F.M.Bailey) K.D.Hill & L.A.S.Johnson,Australia
Myrtaceae,Corymbia lenziana,(D.J.Carr & S.G.M.Carr) K.D.Hill & L.A.S.Johnson,Australia
Myrtaceae,Corymbia leptoloma,(Brooker & A.R.Bean) K.D.Hill & L.A.S.Johnson,Australia
Myrtaceae,Corymbia ligans,K.D.Hill & L.A.S.Johnson,Australia
Myrtaceae,Corymbia maculata,(Hook.) K.D.Hill & L.A.S.Johnson,Australia
Myrtaceae,Corymbia nesophila,(Blakely) K.D.Hill & L.A.S.Johnson,Australia
Myrtaceae,Corymbia novoguinensis,(D.J.Carr & S.G.M.Carr) K.D.Hill & L.A.S.Johnson,Australia
Myrtaceae,Corymbia oocarpa,(D.J.Carr & S.G.M.Carr) K.D.Hill & L.A.S.Johnson,Australia
Myrtaceae,Corymbia opaca,(D.J.Carr & S.G.M.Carr) K.D.Hill & L.A.S.Johnson,Australia
Myrtaceae,Corymbia pachycarpa,K.D.Hill & L.A.S.Johnson,Australia
Myrtaceae,Corymbia papillosa,K.D.Hill & L.A.S.Johnson,Australia
Myrtaceae,Corymbia papuana,(F.Muell.) K.D.Hill & L.A.S.Johnson,Australia
Myrtaceae,Corymbia paractia,K.D.Hill & L.A.S.Johnson,Australia
Myrtaceae,Corymbia pauciseta,K.D.Hill & L.A.S.Johnson,Australia
Myrtaceae,Corymbia peltata,(Benth.) K.D.Hill & L.A.S.Johnson,Australia
Myrtaceae,Corymbia petalophylla,(Brooker & A.R.Bean) K.D.Hill & L.A.S.Johnson,Australia
Myrtaceae,Corymbia plena,K.D.Hill & L.A.S.Johnson,Australia
Myrtaceae,Corymbia pocillum,(D.J.Carr & S.G.M.Carr) K.D.Hill & L.A.S.Johnson,Australia
Myrtaceae,Corymbia polycarpa,(F.Muell.) K.D.Hill & L.A.S.Johnson,Australia
Myrtaceae,Corymbia polysciada,(F.Muell.) K.D.Hill & L.A.S.Johnson,Australia
Myrtaceae,Corymbia porrecta,(S.T.Blake) K.D.Hill & L.A.S.Johnson,Australia
Myrtaceae,Corymbia ptychocarpa,(F.Muell.) K.D.Hill & L.A.S.Johnson,Australia
Myrtaceae,Corymbia rhodops,(D.J.Carr & S.G.M.Carr) K.D.Hill & L.A.S.Johnson,Australia
Myrtaceae,Corymbia scabrida,(Brooker & A.R.Bean) K.D.Hill & L.A.S.Johnson,Australia
Myrtaceae,Corymbia serendipita,(Brooker & Kleinig) A.R.Bean,Australia
Myrtaceae,Corymbia setosa,(Schauer) K.D.Hill & L.A.S.Johnson,Australia
Myrtaceae,Corymbia sphaerica,K.D.Hill & L.A.S.Johnson,Australia
Myrtaceae,Corymbia stockeri,(D.J.Carr & S.G.M.Carr) K.D.Hill & L.A.S.Johnson,Australia
Myrtaceae,Corymbia terminalis,(F.Muell.) K.D.Hill & L.A.S.Johnson,Australia
Myrtaceae,Corymbia tessellaris,(F.Muell.) K.D.Hill & L.A.S.Johnson,Australia
Myrtaceae,Corymbia torelliana,(F.Muell.) K.D.Hill & L.A.S.Johnson,Australia
Myrtaceae,Corymbia torta,K.D.Hill & L.A.S.Johnson,Australia
Myrtaceae,Corymbia trachyphloia,(F.Muell.) K.D.Hill & L.A.S.Johnson,Australia
Myrtaceae,Corymbia umbonata,(D.J.Carr & S.G.M.Carr) K.D.Hill & L.A.S.Johnson,Australia
Myrtaceae,Corymbia watsoniana,(F.Muell.) K.D.Hill & L.A.S.Johnson,Australia
Myrtaceae,Corymbia xanthope,(A.R.Bean & Brooker) K.D.Hill & L.A.S.Johnson,Australia
Myrtaceae,Corymbia zygophylla,(Blakely) K.D.Hill & L.A.S.Johnson,Australia
Myrtaceae,Decaspermum humile,(Sweet ex G.Don) A.J.Scott,Australia
Myrtaceae,Decaspermum struckoilicum,N.Snow & Guymer,Australia
Myrtaceae,Eremaea dendroidea,Hnatiuk,Australia
Myrtaceae,Eucalyptus abdita,Brooker & Hopper,Australia
Myrtaceae,Eucalyptus absita,Grayling & Brooker,Australia
Myrtaceae,Eucalyptus acaciiformis,H.Deane & Maiden,Australia
Myrtaceae,Eucalyptus accedens,W.Fitzg.,Australia
Myrtaceae,Eucalyptus acies,Brooker,Australia
Myrtaceae,Eucalyptus acmenoides,Schauer,Australia
Myrtaceae,Eucalyptus acroleuca,L.A.S.Johnson & K.D.Hill,Australia
Myrtaceae,Eucalyptus adesmophloia,(Brooker & Hopper) D.Nicolle & M.E.French,Australia
Myrtaceae,Eucalyptus aequioperta,Brooker & Hopper,Australia
Myrtaceae,Eucalyptus agglomerata,Maiden,Australia
Myrtaceae,Eucalyptus aggregata,H.Deane & Maiden,Australia
Myrtaceae,Eucalyptus alaticaulis,R.J.Watson & Ladiges,Australia
Myrtaceae,Eucalyptus alatissima,(Brooker & Hopper) D.Nicolle,Australia
Myrtaceae,Eucalyptus alba,Reinw. ex Blume,Australia
Myrtaceae,Eucalyptus albens,Benth.,Australia
Myrtaceae,Eucalyptus albida,Maiden & Blakely,Australia
Myrtaceae,Eucalyptus albopurpurea,(Boomsma) D.Nicolle,Australia
Myrtaceae,Eucalyptus alipes,(L.A.S.Johnson & K.D.Hill) D.Nicolle & Brooker,Australia
Myrtaceae,Eucalyptus alligatrix,L.A.S.Johnson & K.D.Hill,Australia
Myrtaceae,Eucalyptus ammophila,Brooker & Slee,Australia
Myrtaceae,Eucalyptus amplifolia,Naudin,Australia
Myrtaceae,Eucalyptus amygdalina,Labill.,Australia
Myrtaceae,Eucalyptus ancophila,L.A.S.Johnson & K.D.Hill,Australia
Myrtaceae,Eucalyptus andrewsii,Maiden,Australia
Myrtaceae,Eucalyptus angophoroides,R.T.Baker,Australia
Myrtaceae,Eucalyptus angularis,Brooker & Hopper,Australia
Myrtaceae,Eucalyptus angulosa,Schauer,Australia
Myrtaceae,Eucalyptus angustissima,F.Muell.,Australia
Myrtaceae,Eucalyptus annettae,D.Nicolle & M.E.French,Australia
Myrtaceae,Eucalyptus annulata,Benth.,Australia
Myrtaceae,Eucalyptus annuliformis,Grayling & Brooker,Australia
Myrtaceae,Eucalyptus apiculata,R.T.Baker & H.G.Sm.,Australia
Myrtaceae,Eucalyptus apodophylla,Blakely & Jacobs,Australia
Myrtaceae,Eucalyptus apothalassica,L.A.S.Johnson & K.D.Hill,Australia
Myrtaceae,Eucalyptus approximans,Maiden,Australia
Myrtaceae,Eucalyptus aquatica,(Blakely) L.A.S.Johnson & K.D.Hill,Australia
Myrtaceae,Eucalyptus aquilina,Brooker,Australia
Myrtaceae,Eucalyptus arachnaea,Brooker & Hopper,Australia
Myrtaceae,Eucalyptus arborella,Brooker & Hopper,Australia
Myrtaceae,Eucalyptus arcana,(Nicolle & Brooker) Rule,Australia
Myrtaceae,Eucalyptus archeri,Maiden & Blakely,Australia
Myrtaceae,Eucalyptus arenacea,J.C.Marginson & Ladiges,Australia
Myrtaceae,Eucalyptus arenicola,Rule,Australia
Myrtaceae,Eucalyptus argillacea,W.Fitzg. ex Maiden,Australia
Myrtaceae,Eucalyptus argophloia,Blakely,Australia
Myrtaceae,Eucalyptus argutifolia,Grayling & Brooker,Australia
Myrtaceae,Eucalyptus aridimontana,D.Nicolle & M.E.French,Australia
Myrtaceae,Eucalyptus armillata,D.Nicolle & M.E.French,Australia
Myrtaceae,Eucalyptus aromaphloia,Pryor & J.H.Willis,Australia
Myrtaceae,Eucalyptus articulata,Brooker & Hopper,Australia
Myrtaceae,Eucalyptus aspersa,Brooker & Hopper,Australia
Myrtaceae,Eucalyptus aspratilis,L.A.S.Johnson & K.D.Hill,Australia
Myrtaceae,Eucalyptus assimilans,L.A.S.Johnson & K.D.Hill,Australia
Myrtaceae,Eucalyptus astringens,(Maiden) Maiden,Australia
Myrtaceae,Eucalyptus atrata,L.A.S.Johnson & K.D.Hill,Australia
Myrtaceae,Eucalyptus aurifodina,Rule,Australia
Myrtaceae,Eucalyptus badjensis,Beuzev. & Welch,Australia
Myrtaceae,Eucalyptus baeuerlenii,F.Muell.,Australia
Myrtaceae,Eucalyptus baileyana,F.Muell.,Australia
Myrtaceae,Eucalyptus baiophylla,D.Nicolle & Brooker,Australia
Myrtaceae,Eucalyptus bakeri,Maiden,Australia
Myrtaceae,Eucalyptus balladoniensis,Brooker,Australia
Myrtaceae,Eucalyptus bancroftii,(Maiden) Maiden,Australia
Myrtaceae,Eucalyptus banksii,Maiden,Australia
Myrtaceae,Eucalyptus barberi,L.A.S.Johnson & Blaxell,Australia
Myrtaceae,Eucalyptus baudiniana,D.J.Carr & S.G.M.Carr,Australia
Myrtaceae,Eucalyptus baueriana,Schauer,Australia
Myrtaceae,Eucalyptus baxteri,(Benth.) J.M.Black,Australia
Myrtaceae,Eucalyptus beaniana,L.A.S.Johnson & K.D.Hill,Australia
Myrtaceae,Eucalyptus beardiana,Brooker & Blaxell,Australia
Myrtaceae,Eucalyptus behriana,F.Muell.,Australia
Myrtaceae,Eucalyptus bensonii,L.A.S.Johnson & K.D.Hill,Australia
Myrtaceae,Eucalyptus benthamii,Maiden & Cambage,Australia
Myrtaceae,Eucalyptus beyeriana,L.A.S.Johnson & K.D.Hill,Australia
Myrtaceae,Eucalyptus bigalerita,F.Muell.,Australia
Myrtaceae,Eucalyptus blakelyi,Maiden,Australia
Myrtaceae,Eucalyptus blaxellii,L.A.S.Johnson & K.D.Hill,Australia
Myrtaceae,Eucalyptus blaxlandii,Maiden & Cambage,Australia
Myrtaceae,Eucalyptus boliviana,J.B.Williams & K.D.Hill,Australia
Myrtaceae,Eucalyptus bosistoana,F.Muell.,Australia
Myrtaceae,Eucalyptus botryoides,Sm.,Australia
Myrtaceae,Eucalyptus brachyandra,F.Muell.,Australia
Myrtaceae,Eucalyptus brachycalyx,Blakely,Australia
Myrtaceae,Eucalyptus brandiana,Hopper & McQuoid,Australia
Myrtaceae,Eucalyptus brassiana,S.T.Blake,Australia
Myrtaceae,Eucalyptus brevifolia,F.Muell.,Australia
Myrtaceae,Eucalyptus brevipes,Brooker,Australia
Myrtaceae,Eucalyptus brevistylis,Brooker,Australia
Myrtaceae,Eucalyptus bridgesiana,F.Muell. ex R.T.Baker,Australia
Myrtaceae,Eucalyptus brockwayi,C.A.Gardner,Australia
Myrtaceae,Eucalyptus brookeriana,A.M.Gray,Australia
Myrtaceae,Eucalyptus broviniensis,A.R.Bean,Australia
Myrtaceae,Eucalyptus brownii,Maiden & Cambage,Australia
Myrtaceae,Eucalyptus bunyip,Rule,Australia
Myrtaceae,Eucalyptus buprestium,F.Muell.,Australia
Myrtaceae,Eucalyptus burdettiana,Blakely & H.Steedman,Australia
Myrtaceae,Eucalyptus burgessiana,L.A.S.Johnson & Blaxell,Australia
Myrtaceae,Eucalyptus burracoppinensis,Maiden & Blakely,Australia
Myrtaceae,Eucalyptus cadens,J.D.Briggs & Crisp,Australia
Myrtaceae,Eucalyptus caesia,Benth.,Australia
Myrtaceae,Eucalyptus cajuputea,F.Muell. ex Miq.,Australia
Myrtaceae,Eucalyptus calcareana,Boomsma,Australia
Myrtaceae,Eucalyptus calcicola,Brooker,Australia
Myrtaceae,Eucalyptus caleyi,Maiden,Australia
Myrtaceae,Eucalyptus caliginosa,Blakely & McKie,Australia
Myrtaceae,Eucalyptus calycogona,Turcz.,Australia
Myrtaceae,Eucalyptus calyerup,McQuoid & Hopper,Australia
Myrtaceae,Eucalyptus camaldulensis,Dehnh.,Australia
Myrtaceae,Eucalyptus cambageana,Maiden,Australia
Myrtaceae,Eucalyptus cameronii,Blakely & McKie,Australia
Myrtaceae,Eucalyptus camfieldii,Maiden,Australia
Myrtaceae,Eucalyptus campanulata,R.T.Baker & H.G.Sm.,Australia
Myrtaceae,Eucalyptus campaspe,S.Moore,Australia
Myrtaceae,Eucalyptus camphora,F.Muell. ex R.T.Baker,Australia
Myrtaceae,Eucalyptus canaliculata,Maiden,Australia
Myrtaceae,Eucalyptus canescens,Nicolle,Australia
Myrtaceae,Eucalyptus canobolensis,(L.A.S.Johnson & K.D.Hill) J.T.Hunter,Australia
Myrtaceae,Eucalyptus capillosa,Brooker & Hopper,Australia
Myrtaceae,Eucalyptus capitanea,L.A.S.Johnson & K.D.Hill,Australia
Myrtaceae,Eucalyptus capitellata,Sm.,Australia
Myrtaceae,Eucalyptus captiosa,Brooker & Hopper,Australia
Myrtaceae,Eucalyptus carnea,F.Muell. ex R.T.Baker,Australia
Myrtaceae,Eucalyptus carnei,C.A.Gardner,Australia
Myrtaceae,Eucalyptus carolaniae,Rule,Australia
Myrtaceae,Eucalyptus castrensis,K.D.Hill,Australia
Myrtaceae,Eucalyptus celastroides,Turcz.,Australia
Myrtaceae,Eucalyptus cephalocarpa,Blakely,Australia
Myrtaceae,Eucalyptus ceracea,Brooker & Done,Australia
Myrtaceae,Eucalyptus cerasiformis,Brooker & Blaxell,Australia
Myrtaceae,Eucalyptus ceratocorys,(Blakely) L.A.S.Johnson & K.D.Hill,Australia
Myrtaceae,Eucalyptus cernua,Brooker & Hopper,Australia
Myrtaceae,Eucalyptus chapmaniana,Cameron,Australia
Myrtaceae,Eucalyptus chartaboma,D.Nicolle,Australia
Myrtaceae,Eucalyptus chloroclada,(Blakely) L.A.S.Johnson & K.D.Hill,Australia
Myrtaceae,Eucalyptus chlorophylla,Brooker & Done,Australia
Myrtaceae,Eucalyptus cinerea,F.Muell. ex Benth.,Australia
Myrtaceae,Eucalyptus cladocalyx,F.Muell.,Australia
Myrtaceae,Eucalyptus clelandiorum,(Maiden) Maiden,Australia
Myrtaceae,Eucalyptus clivicola,Brooker & Hopper,Australia
Myrtaceae,Eucalyptus cloeziana,F.Muell.,Australia
Myrtaceae,Eucalyptus cneorifolia,A.Cunn. ex DC.,Australia
Myrtaceae,Eucalyptus coccifera,Hook.f.,Australia
Myrtaceae,Eucalyptus codonocarpa,Blakely & McKie,Australia
Myrtaceae,Eucalyptus comitae-vallis,Maiden,Australia
Myrtaceae,Eucalyptus concinna,Maiden & Blakely,Australia
Myrtaceae,Eucalyptus conferruminata,D.J.Carr & S.G.M.Carr,Australia
Myrtaceae,Eucalyptus conferta,Rule,Australia
Myrtaceae,Eucalyptus confluens,W.Fitzg. ex Maiden,Australia
Myrtaceae,Eucalyptus conglobata,(Benth.) Maiden,Australia
Myrtaceae,Eucalyptus conglomerata,Maiden & Blakely,Australia
Myrtaceae,Eucalyptus conica,H.Deane & Maiden,Australia
Myrtaceae,Eucalyptus consideniana,Maiden,Australia
Myrtaceae,Eucalyptus conspicua,L.A.S.Johnson & K.D.Hill,Australia
Myrtaceae,Eucalyptus conveniens,L.A.S.Johnson & K.D.Hill,Australia
Myrtaceae,Eucalyptus coolabah,Blakely & Jacobs,Australia
Myrtaceae,Eucalyptus cooperiana,F.Muell.,Australia
Myrtaceae,Eucalyptus copulans,L.A.S.Johnson & K.D.Hill,Australia
Myrtaceae,Eucalyptus cordata,Labill.,Australia
Myrtaceae,Eucalyptus cornuta,Labill.,Australia
Myrtaceae,Eucalyptus coronata,C.A.Gardner,Australia
Myrtaceae,Eucalyptus corrugata,Luehm.,Australia
Myrtaceae,Eucalyptus corticosa,L.A.S.Johnson,Australia
Myrtaceae,Eucalyptus corynodes,A.R.Bean & Brooker,Australia
Myrtaceae,Eucalyptus cosmophylla,F.Muell.,Australia
Myrtaceae,Eucalyptus costuligera,L.A.S.Johnson & K.D.Hill,Australia
Myrtaceae,Eucalyptus crebra,F.Muell.,Australia
Myrtaceae,Eucalyptus crenulata,Blakely & Beuzev.,Australia
Myrtaceae,Eucalyptus creta,L.A.S.Johnson & K.D.Hill,Australia
Myrtaceae,Eucalyptus cretata,P.J.Lang & Brooker,Australia
Myrtaceae,Eucalyptus crispata,Brooker & Hopper,Australia
Myrtaceae,Eucalyptus croajingolensis,L.A.S.Johnson & K.D.Hill,Australia
Myrtaceae,Eucalyptus crucis,Maiden,Australia
Myrtaceae,Eucalyptus cryptica,"T.C.Wilson, S.Rutherf. & S.M.Douglas",Australia
Myrtaceae,Eucalyptus cullenii,Cambage,Australia
Myrtaceae,Eucalyptus cunninghamii,Sweet,Australia
Myrtaceae,Eucalyptus cuprea,Brooker & Hopper,Australia
Myrtaceae,Eucalyptus cupularis,C.A.Gardner,Australia
Myrtaceae,Eucalyptus curtisii,Blakely & C.T.White,Australia
Myrtaceae,Eucalyptus cuspidata,Turcz.,Australia
Myrtaceae,Eucalyptus cyanophylla,Brooker,Australia
Myrtaceae,Eucalyptus cyclostoma,Brooker,Australia
Myrtaceae,Eucalyptus cylindriflora,Maiden & Blakely,Australia
Myrtaceae,Eucalyptus cylindrocarpa,Blakely,Australia
Myrtaceae,Eucalyptus cypellocarpa,L.A.S.Johnson,Australia
Myrtaceae,Eucalyptus dalrympleana,Maiden,Australia
Myrtaceae,Eucalyptus dalveenica,"T.L.Collins, R.L.Andrew & J.J.Bruhl",Australia
Myrtaceae,Eucalyptus dawsonii,R.T.Baker,Australia
Myrtaceae,Eucalyptus dealbata,A.Cunn. ex Schauer,Australia
Myrtaceae,Eucalyptus deanei,Maiden,Australia
Myrtaceae,Eucalyptus decipiens,Endl.,Australia
Myrtaceae,Eucalyptus decolor,A.R.Bean & Brooker,Australia
Myrtaceae,Eucalyptus decorticans,(F.M.Bailey) Maiden,Australia
Myrtaceae,Eucalyptus decurva,F.Muell.,Australia
Myrtaceae,Eucalyptus deflexa,Brooker,Australia
Myrtaceae,Eucalyptus delegatensis,F.Muell. ex R.T.Baker,Australia
Myrtaceae,Eucalyptus delicata,L.A.S.Johnson & K.D.Hill,Australia
Myrtaceae,Eucalyptus dendromorpha,(Blakely) L.A.S.Johnson & Blaxell,Australia
Myrtaceae,Eucalyptus densa,Brooker & Hopper,Australia
Myrtaceae,Eucalyptus denticulata,I.O.Cook & Ladiges,Australia
Myrtaceae,Eucalyptus depauperata,L.A.S.Johnson & K.D.Hill,Australia
Myrtaceae,Eucalyptus desmondensis,Maiden & Blakely,Australia
Myrtaceae,Eucalyptus deuaensis,Boland & P.M.Gilmour,Australia
Myrtaceae,Eucalyptus dielsii,C.A.Gardner,Australia
Myrtaceae,Eucalyptus diminuta,Brooker & Hopper,Australia
Myrtaceae,Eucalyptus diptera,C.R.P.Andrews,Australia
Myrtaceae,Eucalyptus discreta,Brooker,Australia
Myrtaceae,Eucalyptus dissimulata,Brooker,Australia
Myrtaceae,Eucalyptus distans,"Brooker, Boland & Kleinig",Australia
Myrtaceae,Eucalyptus distuberosa,D.Nicolle,Australia
Myrtaceae,Eucalyptus diversicolor,F.Muell.,Australia
Myrtaceae,Eucalyptus diversifolia,Bonpl.,Australia
Myrtaceae,Eucalyptus dives,Schauer,Australia
Myrtaceae,Eucalyptus dolichocera,L.A.S.Johnson & K.D.Hill,Australia
Myrtaceae,Eucalyptus dolichorhyncha,(Brooker) Brooker & Hopper,Australia
Myrtaceae,Eucalyptus dolorosa,Brooker & Hopper,Australia
Myrtaceae,Eucalyptus doratoxylon,F.Muell.,Australia
Myrtaceae,Eucalyptus dorrigoensis,(Blakely) L.A.S.Johnson & K.D.Hill,Australia
Myrtaceae,Eucalyptus drummondii,Benth.,Australia
Myrtaceae,Eucalyptus dumosa,A.Cunn. ex Oxley,Australia
Myrtaceae,Eucalyptus dundasii,Maiden,Australia
Myrtaceae,Eucalyptus dunnii,Maiden,Australia
Myrtaceae,Eucalyptus dura,L.A.S.Johnson & K.D.Hill,Australia
Myrtaceae,Eucalyptus dwyeri,Maiden & Blakely,Australia
Myrtaceae,Eucalyptus ebbanoensis,Maiden,Australia
Myrtaceae,Eucalyptus ecostata,(Maiden) D.Nicolle & M.E.French,Australia
Myrtaceae,Eucalyptus educta,L.A.S.Johnson & K.D.Hill,Australia
Myrtaceae,Eucalyptus effusa,Brooker,Australia
Myrtaceae,Eucalyptus elaeophloia,"Chappill, Crisp & Prober",Australia
Myrtaceae,Eucalyptus elata,Dehnh.,Australia
Myrtaceae,Eucalyptus elegans,A.R.Bean,Australia
Myrtaceae,Eucalyptus elliptica,(Blakely & McKie) L.A.S.Johnson & K.D.Hill,Australia
Myrtaceae,Eucalyptus erectifolia,Brooker & Hopper,Australia
Myrtaceae,Eucalyptus eremicola,Boomsma,Australia
Myrtaceae,Eucalyptus eremophila,(Diels) Maiden,Australia
Myrtaceae,Eucalyptus erosa,A.R.Bean,Australia
Myrtaceae,Eucalyptus erythrocorys,F.Muell.,Australia
Myrtaceae,Eucalyptus erythronema,Turcz.,Australia
Myrtaceae,Eucalyptus eudesmioides,F.Muell.,Australia
Myrtaceae,Eucalyptus eugenioides,Sieber ex Spreng.,Australia
Myrtaceae,Eucalyptus ewartiana,Maiden,Australia
Myrtaceae,Eucalyptus exigua,Brooker & Hopper,Australia
Myrtaceae,Eucalyptus exilipes,Brooker & A.R.Bean,Australia
Myrtaceae,Eucalyptus exilis,Brooker,Australia
Myrtaceae,Eucalyptus expressa,S.A.J.Bell & D.Nicolle,Australia
Myrtaceae,Eucalyptus exserta,F.Muell.,Australia
Myrtaceae,Eucalyptus extensa,L.A.S.Johnson & K.D.Hill,Australia
Myrtaceae,Eucalyptus extrica,D.Nicolle,Australia
Myrtaceae,Eucalyptus falcata,Turcz.,Australia
Myrtaceae,Eucalyptus falciformis,"(Newnham, Ladiges & Whiffin) Rule",Australia
Myrtaceae,Eucalyptus famelica,Brooker & Hopper,Australia
Myrtaceae,Eucalyptus farinosa,K.D.Hill,Australia
Myrtaceae,Eucalyptus fasciculosa,F.Muell.,Australia
Myrtaceae,Eucalyptus fastigata,H.Deane & Maiden,Australia
Myrtaceae,Eucalyptus fibrosa,F.Muell.,Australia
Myrtaceae,Eucalyptus filiformis,Rule,Australia
Myrtaceae,Eucalyptus fitzgeraldii,Blakely,Australia
Myrtaceae,Eucalyptus flavida,Brooker & Hopper,Australia
Myrtaceae,Eucalyptus flindersii,Boomsma,Australia
Myrtaceae,Eucalyptus flocktoniae,(Maiden) Maiden,Australia
Myrtaceae,Eucalyptus foecunda,Schauer,Australia
Myrtaceae,Eucalyptus foliosa,L.A.S.Johnson & K.D.Hill,Australia
Myrtaceae,Eucalyptus formanii,C.A.Gardner,Australia
Myrtaceae,Eucalyptus forresterae,Molyneux & Rule,Australia
Myrtaceae,Eucalyptus forrestiana,Diels,Australia
Myrtaceae,Eucalyptus fracta,K.D.Hill,Australia
Myrtaceae,Eucalyptus fraseri,(Brooker) Brooker,Australia
Myrtaceae,Eucalyptus fraxinoides,H.Deane & Maiden,Australia
Myrtaceae,Eucalyptus frenchiana,D.Nicolle,Australia
Myrtaceae,Eucalyptus froggattii,Blakely,Australia
Myrtaceae,Eucalyptus fruticosa,Brooker,Australia
Myrtaceae,Eucalyptus fulgens,Rule,Australia
Myrtaceae,Eucalyptus fusiformis,Boland & Kleinig,Australia
Myrtaceae,Eucalyptus gamophylla,F.Muell.,Australia
Myrtaceae,Eucalyptus gardneri,Maiden,Australia
Myrtaceae,Eucalyptus georgei,Brooker & Blaxell,Australia
Myrtaceae,Eucalyptus gigantangion,L.A.S.Johnson & K.D.Hill,Australia
Myrtaceae,Eucalyptus gillenii,Ewart & L.R.Kerr,Australia
Myrtaceae,Eucalyptus gillii,Maiden,Australia
Myrtaceae,Eucalyptus gittinsii,Brooker & Blaxell,Australia
Myrtaceae,Eucalyptus glaucescens,Maiden & Blakely,Australia
Myrtaceae,Eucalyptus glaucina,(Blakely) L.A.S.Johnson,Australia
Myrtaceae,Eucalyptus globoidea,Blakely,Australia
Myrtaceae,Eucalyptus globulus,Labill.,Australia
Myrtaceae,Eucalyptus glomericassis,L.A.S.Johnson & K.D.Hill,Australia
Myrtaceae,Eucalyptus glomerosa,Brooker & Hopper,Australia
Myrtaceae,Eucalyptus gomphocephala,A.Cunn. ex DC.,Australia
Myrtaceae,Eucalyptus gongylocarpa,Blakely,Australia
Myrtaceae,Eucalyptus goniantha,Turcz.,Australia
Myrtaceae,Eucalyptus goniocalyx,F.Muell. ex Miq.,Australia
Myrtaceae,Eucalyptus goniocarpa,L.A.S.Johnson & K.D.Hill,Australia
Myrtaceae,Eucalyptus gracilis,F.Muell.,Australia
Myrtaceae,Eucalyptus grandis,W.Hill,Australia
Myrtaceae,Eucalyptus granitica,L.A.S.Johnson & K.D.Hill,Australia
Myrtaceae,Eucalyptus gregoryensis,N.G.Walsh & Albr.,Australia
Myrtaceae,Eucalyptus gregsoniana,L.A.S.Johnson & Blaxell,Australia
Myrtaceae,Eucalyptus griffithsii,Maiden,Australia
Myrtaceae,Eucalyptus grisea,L.A.S.Johnson & K.D.Hill,Australia
Myrtaceae,Eucalyptus grossa,F.Muell. ex Benth.,Australia
Myrtaceae,Eucalyptus guilfoylei,Maiden,Australia
Myrtaceae,Eucalyptus gunnii,Hook.f.,Australia
Myrtaceae,Eucalyptus gypsophila,Nicolle,Australia
Myrtaceae,Eucalyptus haemastoma,Sm.,Australia
Myrtaceae,Eucalyptus hallii,Brooker,Australia
Myrtaceae,Eucalyptus halophila,D.J.Carr & S.G.M.Carr,Australia
Myrtaceae,Eucalyptus hawkeri,Rule,Australia
Myrtaceae,Eucalyptus hebetifolia,Brooker & Hopper,Australia
Myrtaceae,Eucalyptus helidonica,K.D.Hill,Australia
Myrtaceae,Eucalyptus herbertiana,Maiden,Australia
Myrtaceae,Eucalyptus histophylla,Brooker & Hopper,Australia
Myrtaceae,Eucalyptus horistes,L.A.S.Johnson & K.D.Hill,Australia
Myrtaceae,Eucalyptus houseana,W.Fitzg. ex Maiden,Australia
Myrtaceae,Eucalyptus howittiana,F.Muell.,Australia
Myrtaceae,Eucalyptus hypolaena,L.A.S.Johnson & K.D.Hill,Australia
Myrtaceae,Eucalyptus hypostomatica,L.A.S.Johnson & K.D.Hill,Australia
Myrtaceae,Eucalyptus ignorabilis,L.A.S.Johnson & K.D.Hill,Australia
Myrtaceae,Eucalyptus imitans,L.A.S.Johnson & K.D.Hill,Australia
Myrtaceae,Eucalyptus imlayensis,Crisp & Brooker,Australia
Myrtaceae,Eucalyptus impensa,Brooker & Hopper,Australia
Myrtaceae,Eucalyptus incerata,Brooker & Hopper,Australia
Myrtaceae,Eucalyptus incrassata,Labill.,Australia
Myrtaceae,Eucalyptus indurata,Brooker & Hopper,Australia
Myrtaceae,Eucalyptus infera,A.R.Bean,Australia
Myrtaceae,Eucalyptus insularis,Brooker,Australia
Myrtaceae,Eucalyptus interstans,L.A.S.Johnson & K.D.Hill,Australia
Myrtaceae,Eucalyptus intertexta,R.T.Baker,Australia
Myrtaceae,Eucalyptus jacksonii,Maiden,Australia
Myrtaceae,Eucalyptus jensenii,Maiden,Australia
Myrtaceae,Eucalyptus jimberlanica,L.A.S.Johnson & K.D.Hill,Australia
Myrtaceae,Eucalyptus johnsoniana,Brooker & Blaxell,Australia
Myrtaceae,Eucalyptus johnstonii,Maiden,Australia
Myrtaceae,Eucalyptus jucunda,C.A.Gardner,Australia
Myrtaceae,Eucalyptus jutsonii,Maiden,Australia
Myrtaceae,Eucalyptus kabiana,L.A.S.Johnson & K.D.Hill,Australia
Myrtaceae,Eucalyptus kartzoffiana,L.A.S.Johnson & Blaxell,Australia
Myrtaceae,Eucalyptus kenneallyi,K.D.Hill & L.A.S.Johnson,Australia
Myrtaceae,Eucalyptus kessellii,Maiden & Blakely,Australia
Myrtaceae,Eucalyptus kingsmillii,(Maiden) Maiden & Blakely,Australia
Myrtaceae,Eucalyptus kitsoniana,Maiden,Australia
Myrtaceae,Eucalyptus kochii,Maiden & Blakely,Australia
Myrtaceae,Eucalyptus kondininensis,Maiden & Blakely,Australia
Myrtaceae,Eucalyptus koolpinensis,Brooker & Dunlop,Australia
Myrtaceae,Eucalyptus kruseana,F.Muell.,Australia
Myrtaceae,Eucalyptus kumarlensis,Brooker,Australia
Myrtaceae,Eucalyptus kybeanensis,Maiden & Cambage,Australia
Myrtaceae,Eucalyptus lacrimans,L.A.S.Johnson & K.D.Hill,Australia
Myrtaceae,Eucalyptus laeliae,Podger & Chippend.,Australia
Myrtaceae,Eucalyptus laevis,L.A.S.Johnson & K.D.Hill,Australia
Myrtaceae,Eucalyptus laevopinea,F.Muell. ex R.T.Baker,Australia
Myrtaceae,Eucalyptus lane-poolei,Maiden,Australia
Myrtaceae,Eucalyptus langleyi,L.A.S.Johnson & Blaxell,Australia
Myrtaceae,Eucalyptus lansdowneana,F.Muell. & J.E.Br.,Australia
Myrtaceae,Eucalyptus largeana,Blakely & Beuzev.,Australia
Myrtaceae,Eucalyptus largiflorens,F.Muell.,Australia
Myrtaceae,Eucalyptus latens,Brooker,Australia
Myrtaceae,Eucalyptus lateritica,Brooker & Hopper,Australia
Myrtaceae,Eucalyptus latisinensis,K.D.Hill,Australia
Myrtaceae,Eucalyptus lehmannii,(Schauer) Benth.,Australia
Myrtaceae,Eucalyptus leprophloia,Brooker & Hopper,Australia
Myrtaceae,Eucalyptus leptocalyx,Blakely,Australia
Myrtaceae,Eucalyptus leptophleba,F.Muell.,Australia
Myrtaceae,Eucalyptus leptophylla,F.Muell. ex Miq.,Australia
Myrtaceae,Eucalyptus leptopoda,Benth.,Australia
Myrtaceae,Eucalyptus lesouefii,Maiden,Australia
Myrtaceae,Eucalyptus leucophloia,Brooker,Australia
Myrtaceae,Eucalyptus leucophylla,Domin,Australia
Myrtaceae,Eucalyptus leucoxylon,F.Muell.,Australia
Myrtaceae,Eucalyptus ligulata,Brooker,Australia
Myrtaceae,Eucalyptus ligustrina,A.Cunn. ex DC.,Australia
Myrtaceae,Eucalyptus limitaris,L.A.S.Johnson & K.D.Hill,Australia
Myrtaceae,Eucalyptus lirata,W.Fitzg. ex Maiden,Australia
Myrtaceae,Eucalyptus litoralis,Rule,Australia
Myrtaceae,Eucalyptus litorea,Brooker & Hopper,Australia
Myrtaceae,Eucalyptus livida,Brooker & Hopper,Australia
Myrtaceae,Eucalyptus lockyeri,Blaxell & K.D.Hill,Australia
Myrtaceae,Eucalyptus longicornis,(F.Muell.) Maiden,Australia
Myrtaceae,Eucalyptus longifolia,Link,Australia
Myrtaceae,Eucalyptus longirostrata,(Blakely) L.A.S.Johnson & K.D.Hill,Australia
Myrtaceae,Eucalyptus longissima,D.Nicolle,Australia
Myrtaceae,Eucalyptus loxophleba,Benth.,Australia
Myrtaceae,Eucalyptus lucasii,Blakely,Australia
Myrtaceae,Eucalyptus lucens,Brooker & Dunlop,Australia
Myrtaceae,Eucalyptus luculenta,L.A.S.Johnson & K.D.Hill,Australia
Myrtaceae,Eucalyptus luehmanniana,F.Muell.,Australia
Myrtaceae,Eucalyptus luteola,Brooker & Hopper,Australia
Myrtaceae,Eucalyptus macarthurii,H.Deane & Maiden,Australia
Myrtaceae,Eucalyptus mackintii,Kottek,Australia
Myrtaceae,Eucalyptus macrandra,F.Muell. ex Benth.,Australia
Myrtaceae,Eucalyptus macrocarpa,Hook.,Australia
Myrtaceae,Eucalyptus macrorhyncha,F.Muell. ex Benth.,Australia
Myrtaceae,Eucalyptus magnificata,L.A.S.Johnson & K.D.Hill,Australia
Myrtaceae,Eucalyptus major,(Maiden) Blakely,Australia
Myrtaceae,Eucalyptus malacoxylon,Blakely,Australia
Myrtaceae,Eucalyptus mannensis,Boomsma,Australia
Myrtaceae,Eucalyptus mannifera,Mudie,Australia
Myrtaceae,Eucalyptus marginata,Donn ex Sm.,Australia
Myrtaceae,Eucalyptus mckieana,Blakely,Australia
Myrtaceae,Eucalyptus mcquoidii,Brooker & Hopper,Australia
Myrtaceae,Eucalyptus medialis,Brooker & Hopper,Australia
Myrtaceae,Eucalyptus mediocris,L.A.S.Johnson & K.D.Hill,Australia
Myrtaceae,Eucalyptus megacarpa,F.Muell.,Australia
Myrtaceae,Eucalyptus megacornuta,C.A.Gardner,Australia
Myrtaceae,Eucalyptus megasepala,A.R.Bean,Australia
Myrtaceae,Eucalyptus melanoleuca,S.T.Blake,Australia
Myrtaceae,Eucalyptus melanophitra,Brooker & Hopper,Australia
Myrtaceae,Eucalyptus melanophloia,F.Muell.,Australia
Myrtaceae,Eucalyptus melanoxylon,Maiden,Australia
Myrtaceae,Eucalyptus melliodora,A.Cunn. ex Schauer,Australia
Myrtaceae,Eucalyptus merrickiae,Maiden & Blakely,Australia
Myrtaceae,Eucalyptus michaeliana,Blakely,Australia
Myrtaceae,Eucalyptus micranthera,F.Muell. ex Benth.,Australia
Myrtaceae,Eucalyptus microcarpa,(Maiden) Maiden,Australia
Myrtaceae,Eucalyptus microcorys,F.Muell.,Australia
Myrtaceae,Eucalyptus microneura,Maiden & Blakely,Australia
Myrtaceae,Eucalyptus microschema,Brooker & Hopper,Australia
Myrtaceae,Eucalyptus microtheca,F.Muell.,Australia
Myrtaceae,Eucalyptus mimica,Brooker & Hopper,Australia
Myrtaceae,Eucalyptus miniata,A.Cunn. ex Schauer,Australia
Myrtaceae,Eucalyptus minniritchi,D.Nicolle,Australia
Myrtaceae,Eucalyptus misella,L.A.S.Johnson & K.D.Hill,Australia
Myrtaceae,Eucalyptus mitchelliana,Cambage,Australia
Myrtaceae,Eucalyptus moderata,L.A.S.Johnson & K.D.Hill,Australia
Myrtaceae,Eucalyptus moluccana,Wall. ex Roxb.,Australia
Myrtaceae,Eucalyptus molyneuxii,Rule,Australia
Myrtaceae,Eucalyptus mooreana,Maiden,Australia
Myrtaceae,Eucalyptus moorei,Maiden & Cambage,Australia
Myrtaceae,Eucalyptus morrisbyi,Brett,Australia
Myrtaceae,Eucalyptus morrisii,R.T.Baker,Australia
Myrtaceae,Eucalyptus muelleriana,Howitt,Australia
Myrtaceae,Eucalyptus multicaulis,Blakely,Australia
Myrtaceae,Eucalyptus myriadena,Brooker,Australia
Myrtaceae,Eucalyptus nandewarica,L.A.S.Johnson & K.D.Hill,Australia
Myrtaceae,Eucalyptus nebulosa,A.M.Gray,Australia
Myrtaceae,Eucalyptus neglecta,Maiden,Australia
Myrtaceae,Eucalyptus neutra,D.Nicolle,Australia
Myrtaceae,Eucalyptus newbeyi,D.J.Carr & S.G.M.Carr,Australia
Myrtaceae,Eucalyptus nicholii,Maiden & Blakely,Australia
Myrtaceae,Eucalyptus nigrifunda,Brooker & Hopper,Australia
Myrtaceae,Eucalyptus nitens,(H.Deane & Maiden) Maiden,Australia
Myrtaceae,Eucalyptus nitida,Hook.f.,Australia
Myrtaceae,Eucalyptus nobilis,L.A.S.Johnson & K.D.Hill,Australia
Myrtaceae,Eucalyptus normantonensis,Maiden & Cambage,Australia
Myrtaceae,Eucalyptus nortonii,(Blakely) L.A.S.Johnson,Australia
Myrtaceae,Eucalyptus notabilis,Maiden,Australia
Myrtaceae,Eucalyptus notactites,(L.A.S.Johnson & K.D.Hill) D.Nicolle & M.E.French,Australia
Myrtaceae,Eucalyptus nova-anglica,H.Deane & Maiden,Australia
Myrtaceae,Eucalyptus nudicaulis,A.R.Bean,Australia
Myrtaceae,Eucalyptus nutans,F.Muell.,Australia
Myrtaceae,Eucalyptus obconica,Brooker & Kleinig,Australia
Myrtaceae,Eucalyptus obesa,Brooker & Hopper,Australia
Myrtaceae,Eucalyptus obliqua,L'Hér.,Australia
Myrtaceae,Eucalyptus obtusiflora,A.Cunn. ex DC.,Australia
Myrtaceae,Eucalyptus occidentalis,Endl.,Australia
Myrtaceae,Eucalyptus ochrophloia,F.Muell.,Australia
Myrtaceae,Eucalyptus odontocarpa,F.Muell.,Australia
Myrtaceae,Eucalyptus odorata,Behr,Australia
Myrtaceae,Eucalyptus oldfieldii,F.Muell.,Australia
Myrtaceae,Eucalyptus oleosa,F.Muell. ex Miq.,Australia
Myrtaceae,Eucalyptus olida,L.A.S.Johnson & K.D.Hill,Australia
Myrtaceae,Eucalyptus oligantha,Schauer,Australia
Myrtaceae,Eucalyptus olivina,Brooker & Hopper,Australia
Myrtaceae,Eucalyptus olsenii,L.A.S.Johnson & Blaxell,Australia
Myrtaceae,Eucalyptus ophitica,L.A.S.Johnson & K.D.Hill,Australia
Myrtaceae,Eucalyptus opimiflora,D.Nicolle & M.E.French,Australia
Myrtaceae,Eucalyptus optima,L.A.S.Johnson & K.D.Hill,Australia
Myrtaceae,Eucalyptus oraria,L.A.S.Johnson,Australia
Myrtaceae,Eucalyptus orbifolia,F.Muell.,Australia
Myrtaceae,Eucalyptus ordiana,Dunlop & Done,Australia
Myrtaceae,Eucalyptus oreades,F.Muell. ex R.T.Baker,Australia
Myrtaceae,Eucalyptus orgadophila,Maiden & Blakely,Australia
Myrtaceae,Eucalyptus ornans,Molyneux & Rule,Australia
Myrtaceae,Eucalyptus ornata,Crisp,Australia
Myrtaceae,Eucalyptus orthostemon,D.Nicolle & Brooker,Australia
Myrtaceae,Eucalyptus ovata,Labill.,Australia
Myrtaceae,Eucalyptus ovularis,Maiden & Blakely,Australia
Myrtaceae,Eucalyptus oxymitra,Blakely,Australia
Myrtaceae,Eucalyptus pachycalyx,Maiden & Blakely,Australia
Myrtaceae,Eucalyptus pachyloma,Benth.,Australia
Myrtaceae,Eucalyptus pachyphylla,F.Muell.,Australia
Myrtaceae,Eucalyptus paedoglauca,L.A.S.Johnson & Blaxell,Australia
Myrtaceae,Eucalyptus paliformis,L.A.S.Johnson & Blaxell,Australia
Myrtaceae,Eucalyptus paludicola,Nicolle,Australia
Myrtaceae,Eucalyptus panda,S.T.Blake,Australia
Myrtaceae,Eucalyptus paniculata,Sm.,Australia
Myrtaceae,Eucalyptus pantoleuca,L.A.S.Johnson & K.D.Hill,Australia
Myrtaceae,Eucalyptus paralimnetica,L.A.S.Johnson & K.D.Hill,Australia
Myrtaceae,Eucalyptus parramattensis,C.C.Hall,Australia
Myrtaceae,Eucalyptus parvula,L.A.S.Johnson & K.D.Hill,Australia
Myrtaceae,Eucalyptus patellaris,F.Muell.,Australia
Myrtaceae,Eucalyptus patens,Benth.,Australia
Myrtaceae,Eucalyptus pauciflora,Sieber ex Spreng.,Australia
Myrtaceae,Eucalyptus pellita,F.Muell.,Australia
Myrtaceae,Eucalyptus pendens,Brooker,Australia
Myrtaceae,Eucalyptus peninsularis,D.Nicolle,Australia
Myrtaceae,Eucalyptus perangusta,Brooker,Australia
Myrtaceae,Eucalyptus percostata,Brooker & P.J.Lang,Australia
Myrtaceae,Eucalyptus perriniana,F.Muell. ex Rodway,Australia
Myrtaceae,Eucalyptus persistens,L.A.S.Johnson & K.D.Hill,Australia
Myrtaceae,Eucalyptus petiolaris,(Boland) Rule,Australia
Myrtaceae,Eucalyptus petraea,D.J.Carr & S.G.M.Carr,Australia
Myrtaceae,Eucalyptus petrensis,Brooker & Hopper,Australia
Myrtaceae,Eucalyptus phaenophylla,Brooker & Hopper,Australia
Myrtaceae,Eucalyptus phenax,Brooker & Slee,Australia
Myrtaceae,Eucalyptus phoenicea,F.Muell.,Australia
Myrtaceae,Eucalyptus phoenix,Molyneux & Forrester,Australia
Myrtaceae,Eucalyptus pilbarensis,Brooker & Edgecombe,Australia
Myrtaceae,Eucalyptus pileata,Blakely,Australia
Myrtaceae,Eucalyptus pilularis,Sm.,Australia
Myrtaceae,Eucalyptus pimpiniana,Maiden,Australia
Myrtaceae,Eucalyptus piperita,Sm.,Australia
Myrtaceae,Eucalyptus placita,L.A.S.Johnson & K.D.Hill,Australia
Myrtaceae,Eucalyptus planchoniana,F.Muell.,Australia
Myrtaceae,Eucalyptus planipes,L.A.S.Johnson & K.D.Hill,Australia
Myrtaceae,Eucalyptus platycorys,Maiden & Blakely,Australia
Myrtaceae,Eucalyptus platydisca,D.Nicolle & Brooker,Australia
Myrtaceae,Eucalyptus platyphylla,F.Muell.,Australia
Myrtaceae,Eucalyptus platypus,Hook.f.,Australia
Myrtaceae,Eucalyptus pleurocarpa,Schauer,Australia
Myrtaceae,Eucalyptus pleurocorys,L.A.S.Johnson & K.D.Hill,Australia
Myrtaceae,Eucalyptus pluricaulis,Brooker & Hopper,Australia
Myrtaceae,Eucalyptus polita,Brooker & Hopper,Australia
Myrtaceae,Eucalyptus polyanthemos,Schauer,Australia
Myrtaceae,Eucalyptus polybractea,F.Muell. ex R.T.Baker,Australia
Myrtaceae,Eucalyptus populnea,F.Muell.,Australia
Myrtaceae,Eucalyptus porosa,Miq.,Australia
Myrtaceae,Eucalyptus praetermissa,Brooker & Hopper,Australia
Myrtaceae,Eucalyptus prava,L.A.S.Johnson & K.D.Hill,Australia
Myrtaceae,Eucalyptus preissiana,Schauer,Australia
Myrtaceae,Eucalyptus prolixa,D.Nicolle,Australia
Myrtaceae,Eucalyptus prominens,Brooker,Australia
Myrtaceae,Eucalyptus propinqua,H.Deane & Maiden,Australia
Myrtaceae,Eucalyptus protensa,L.A.S.Johnson & K.D.Hill,Australia
Myrtaceae,Eucalyptus provecta,A.R.Bean,Australia
Myrtaceae,Eucalyptus proxima,D.Nicolle & Brooker,Australia
Myrtaceae,Eucalyptus pruiniramis,L.A.S.Johnson & K.D.Hill,Australia
Myrtaceae,Eucalyptus pruinosa,Schauer,Australia
Myrtaceae,Eucalyptus psammitica,L.A.S.Johnson & K.D.Hill,Australia
Myrtaceae,Eucalyptus pterocarpa,C.A.Gardner ex P.J.Lang,Australia
Myrtaceae,Eucalyptus pulchella,Desf.,Australia
Myrtaceae,Eucalyptus pulverulenta,Sims,Australia
Myrtaceae,Eucalyptus pumila,Cambage,Australia
Myrtaceae,Eucalyptus punctata,A.Cunn. ex DC.,Australia
Myrtaceae,Eucalyptus purpurata,D.Nicolle,Australia
Myrtaceae,Eucalyptus pyrenea,Rule,Australia
Myrtaceae,Eucalyptus pyriformis,Turcz.,Australia
Myrtaceae,Eucalyptus pyrocarpa,L.A.S.Johnson & Blaxell,Australia
Myrtaceae,Eucalyptus quadrangulata,H.Deane & Maiden,Australia
Myrtaceae,Eucalyptus quadrans,Brooker & Hopper,Australia
Myrtaceae,Eucalyptus quadricostata,Brooker,Australia
Myrtaceae,Eucalyptus quaerenda,(L.A.S.Johnson & K.D.Hill) Byrne,Australia
Myrtaceae,Eucalyptus quinniorum,J.T.Hunter & J.J.Bruhl,Australia
Myrtaceae,Eucalyptus racemosa,Cav.,Australia
Myrtaceae,Eucalyptus radiata,Sieber ex DC.,Australia
Myrtaceae,Eucalyptus rameliana,F.Muell.,Australia
Myrtaceae,Eucalyptus raveretiana,F.Muell.,Australia
Myrtaceae,Eucalyptus ravida,L.A.S.Johnson & K.D.Hill,Australia
Myrtaceae,Eucalyptus recta,L.A.S.Johnson & K.D.Hill,Australia
Myrtaceae,Eucalyptus recurva,Crisp,Australia
Myrtaceae,Eucalyptus redimiculifera,L.A.S.Johnson & K.D.Hill,Australia
Myrtaceae,Eucalyptus redunca,Schauer,Australia
Myrtaceae,Eucalyptus regnans,F.Muell.,Australia
Myrtaceae,Eucalyptus relicta,Hopper & Ward.-Johnson,Australia
Myrtaceae,Eucalyptus remota,Blakely,Australia
Myrtaceae,Eucalyptus repullulans,Nicolle,Australia
Myrtaceae,Eucalyptus resinifera,Sm.,Australia
Myrtaceae,Eucalyptus retinens,L.A.S.Johnson & K.D.Hill,Australia
Myrtaceae,Eucalyptus retusa,"D.Nicolle, M.E.French & McQuoid",Australia
Myrtaceae,Eucalyptus revelata,D.Nicolle & R.L.Barrett,Australia
Myrtaceae,Eucalyptus rhodantha,Blakely & H.Steedman,Australia
Myrtaceae,Eucalyptus rhombica,A.R.Bean & Brooker,Australia
Myrtaceae,Eucalyptus rhomboidea,Hopper & D.Nicolle,Australia
Myrtaceae,Eucalyptus rigens,Brooker & Hopper,Australia
Myrtaceae,Eucalyptus rigidula,Cambage & Blakely,Australia
Myrtaceae,Eucalyptus risdonii,Hook.f.,Australia
Myrtaceae,Eucalyptus robusta,Sm.,Australia
Myrtaceae,Eucalyptus rodwayi,R.T.Baker & H.G.Sm.,Australia
Myrtaceae,Eucalyptus rosacea,L.A.S.Johnson & K.D.Hill,Australia
Myrtaceae,Eucalyptus rossii,R.T.Baker & H.G.Sm.,Australia
Myrtaceae,Eucalyptus rowleyi,D.Nicolle & M.E.French,Australia
Myrtaceae,Eucalyptus roycei,"S.G.M.Carr, D.J.Carr & A.S.George",Australia
Myrtaceae,Eucalyptus rubida,H.Deane & Maiden,Australia
Myrtaceae,Eucalyptus rubiginosa,Brooker,Australia
Myrtaceae,Eucalyptus rudderi,Maiden,Australia
Myrtaceae,Eucalyptus rudis,Endl.,Australia
Myrtaceae,Eucalyptus rugosa,R.Br. ex Blakely,Australia
Myrtaceae,Eucalyptus rugulata,D.Nicolle,Australia
Myrtaceae,Eucalyptus rummeryi,Maiden,Australia
Myrtaceae,Eucalyptus rupestris,Brooker & Done,Australia
Myrtaceae,Eucalyptus sabulosa,Rule,Australia
Myrtaceae,Eucalyptus salicola,Brooker,Australia
Myrtaceae,Eucalyptus saligna,Sm.,Australia
Myrtaceae,Eucalyptus salmonophloia,F.Muell.,Australia
Myrtaceae,Eucalyptus salubris,F.Muell.,Australia
Myrtaceae,Eucalyptus sargentii,Maiden,Australia
Myrtaceae,Eucalyptus saxatilis,J.B.Kirkp. & Brooker,Australia
Myrtaceae,Eucalyptus scias,L.A.S.Johnson & K.D.Hill,Australia
Myrtaceae,Eucalyptus scoparia,Maiden,Australia
Myrtaceae,Eucalyptus scopulorum,K.D.Hill,Australia
Myrtaceae,Eucalyptus scyphocalyx,(Benth.) Maiden & Blakely,Australia
Myrtaceae,Eucalyptus seeana,Maiden,Australia
Myrtaceae,Eucalyptus semiglobosa,(Brooker) L.A.S.Johnson & K.D.Hill,Australia
Myrtaceae,Eucalyptus semota,Macph. & Grayling,Australia
Myrtaceae,Eucalyptus sepulcralis,F.Muell.,Australia
Myrtaceae,Eucalyptus serraensis,Ladiges & Whiffin,Australia
Myrtaceae,Eucalyptus sessilis,(Maiden) Blakely,Australia
Myrtaceae,Eucalyptus sheathiana,Maiden,Australia
Myrtaceae,Eucalyptus shirleyi,Maiden,Australia
Myrtaceae,Eucalyptus sicilifolia,L.A.S.Johnson & K.D.Hill,Australia
Myrtaceae,Eucalyptus siderophloia,Benth.,Australia
Myrtaceae,Eucalyptus sideroxylon,A.Cunn. ex Woolls,Australia
Myrtaceae,Eucalyptus sieberi,L.A.S.Johnson,Australia
Myrtaceae,Eucalyptus silvestris,Rule,Australia
Myrtaceae,Eucalyptus similis,Maiden,Australia
Myrtaceae,Eucalyptus singularis,L.A.S.Johnson & Blaxell,Australia
Myrtaceae,Eucalyptus sinuosa,"D.Nicolle, M.E.French & McQuoid",Australia
Myrtaceae,Eucalyptus smithii,F.Muell. ex R.T.Baker,Australia
Myrtaceae,Eucalyptus socialis,F.Muell. ex Miq.,Australia
Myrtaceae,Eucalyptus sparsa,Boomsma,Australia
Myrtaceae,Eucalyptus sparsifolia,Blakely,Australia
Myrtaceae,Eucalyptus spathulata,Hook.,Australia
Myrtaceae,Eucalyptus sphaerocarpa,L.A.S.Johnson & Blaxell,Australia
Myrtaceae,Eucalyptus splendens,Rule,Australia
Myrtaceae,Eucalyptus sporadica,Brooker & Hopper,Australia
Myrtaceae,Eucalyptus spreta,L.A.S.Johnson & K.D.Hill,Australia
Myrtaceae,Eucalyptus squamosa,H.Deane & Maiden,Australia
Myrtaceae,Eucalyptus staeri,(Maiden) Maiden ex Kessell & C.A.Gardner,Australia
Myrtaceae,Eucalyptus staigeriana,F.Muell. ex F.M.Bailey,Australia
Myrtaceae,Eucalyptus steedmanii,C.A.Gardner,Australia
Myrtaceae,Eucalyptus stellulata,Sieber ex DC.,Australia
Myrtaceae,Eucalyptus stenostoma,L.A.S.Johnson & Blaxell,Australia
Myrtaceae,Eucalyptus stoatei,C.A.Gardner,Australia
Myrtaceae,Eucalyptus stowardii,Maiden,Australia
Myrtaceae,Eucalyptus striaticalyx,W.Fitzg.,Australia
Myrtaceae,Eucalyptus stricklandii,Maiden,Australia
Myrtaceae,Eucalyptus stricta,Sieber ex Spreng.,Australia
Myrtaceae,Eucalyptus strzeleckii,Rule,Australia
Myrtaceae,Eucalyptus sturgissiana,L.A.S.Johnson & Blaxell,Australia
Myrtaceae,Eucalyptus subangusta,(Blakely) Brooker & Hopper,Australia
Myrtaceae,Eucalyptus subcrenulata,Maiden & Blakely,Australia
Myrtaceae,Eucalyptus suberea,Brooker & Hopper,Australia
Myrtaceae,Eucalyptus subtilis,Brooker & Hopper,Australia
Myrtaceae,Eucalyptus suffulgens,L.A.S.Johnson & K.D.Hill,Australia
Myrtaceae,Eucalyptus suggrandis,L.A.S.Johnson & K.D.Hill,Australia
Myrtaceae,Eucalyptus surgens,Brooker & Hopper,Australia
Myrtaceae,Eucalyptus sweedmaniana,Hopper & McQuoid,Australia
Myrtaceae,Eucalyptus synandra,Crisp,Australia
Myrtaceae,Eucalyptus talyuberlup,D.J.Carr & S.G.M.Carr,Australia
Myrtaceae,Eucalyptus tardecidens,(L.A.S.Johnson & K.D.Hill) A.R.Bean,Australia
Myrtaceae,Eucalyptus taurina,A.R.Bean & Brooker,Australia
Myrtaceae,Eucalyptus tectifica,F.Muell.,Australia
Myrtaceae,Eucalyptus tenella,L.A.S.Johnson & K.D.Hill,Australia
Myrtaceae,Eucalyptus tenera,L.A.S.Johnson & K.D.Hill,Australia
Myrtaceae,Eucalyptus tenuipes,(Maiden & Blakely) Blakely & C.T.White,Australia
Myrtaceae,Eucalyptus tenuiramis,Miq.,Australia
Myrtaceae,Eucalyptus tenuis,Brooker & Hopper,Australia
Myrtaceae,Eucalyptus tephroclada,L.A.S.Johnson & K.D.Hill,Australia
Myrtaceae,Eucalyptus tephrodes,L.A.S.Johnson & K.D.Hill,Australia
Myrtaceae,Eucalyptus terebra,L.A.S.Johnson & K.D.Hill,Australia
Myrtaceae,Eucalyptus tereticornis,Sm.,Australia
Myrtaceae,Eucalyptus terrica,A.R.Bean,Australia
Myrtaceae,Eucalyptus tetrapleura,L.A.S.Johnson,Australia
Myrtaceae,Eucalyptus tetraptera,Turcz.,Australia
Myrtaceae,Eucalyptus tetrodonta,F.Muell.,Australia
Myrtaceae,Eucalyptus thamnoides,Brooker & Hopper,Australia
Myrtaceae,Eucalyptus tholiformis,A.R.Bean & Brooker,Australia
Myrtaceae,Eucalyptus thozetiana,F.Muell. ex R.T.Baker,Australia
Myrtaceae,Eucalyptus tindaliae,Blakely,Australia
Myrtaceae,Eucalyptus tintinnans,(Blakely & Jacobs) L.A.S.Johnson & K.D.Hill,Australia
Myrtaceae,Eucalyptus todtiana,F.Muell.,Australia
Myrtaceae,Eucalyptus torquata,Luehm.,Australia
Myrtaceae,Eucalyptus tortilis,L.A.S.Johnson & K.D.Hill,Australia
Myrtaceae,Eucalyptus transcontinentalis,Maiden,Australia
Myrtaceae,Eucalyptus tricarpa,(L.A.S.Johnson) L.A.S.Johnson & K.D.Hill,Australia
Myrtaceae,Eucalyptus triflora,(Maiden) Blakely,Australia
Myrtaceae,Eucalyptus trivalva,Blakely,Australia
Myrtaceae,Eucalyptus tumida,Brooker & Hopper,Australia
Myrtaceae,Eucalyptus ultima,L.A.S.Johnson & K.D.Hill,Australia
Myrtaceae,Eucalyptus umbra,F.Muell. ex R.T.Baker,Australia
Myrtaceae,Eucalyptus umbrawarrensis,Maiden,Australia
Myrtaceae,Eucalyptus uncinata,Turcz.,Australia
Myrtaceae,Eucalyptus urna,D.Nicolle,Australia
Myrtaceae,Eucalyptus urnigera,Hook.f.,Australia
Myrtaceae,Eucalyptus utilis,Brooker & Hopper,Australia
Myrtaceae,Eucalyptus valens,L.A.S.Johnson & K.D.Hill,Australia
Myrtaceae,Eucalyptus varia,Brooker & Hopper,Australia
Myrtaceae,Eucalyptus vegrandis,L.A.S.Johnson & K.D.Hill,Australia
Myrtaceae,Eucalyptus vernicosa,Hook.f.,Australia
Myrtaceae,Eucalyptus verrucata,Ladiges & Whiffin,Australia
Myrtaceae,Eucalyptus vesiculosa,Brooker & Hopper,Australia
Myrtaceae,Eucalyptus vicina,L.A.S.Johnson & K.D.Hill,Australia
Myrtaceae,Eucalyptus victoriana,Ladiges & Whiffin,Australia
Myrtaceae,Eucalyptus victrix,L.A.S.Johnson & K.D.Hill,Australia
Myrtaceae,Eucalyptus viminalis,Labill.,Australia
Myrtaceae,Eucalyptus virens,Brooker & A.R.Bean,Australia
Myrtaceae,Eucalyptus virginea,Hopper & Ward.-Johnson,Australia
Myrtaceae,Eucalyptus viridis,F.Muell. ex R.T.Baker,Australia
Myrtaceae,Eucalyptus vittata,D.Nicolle,Australia
Myrtaceae,Eucalyptus vokesensis,D.Nicolle & L.A.S.Johnson,Australia
Myrtaceae,Eucalyptus volcanica,L.A.S.Johnson & K.D.Hill,Australia
Myrtaceae,Eucalyptus walshii,Rule,Australia
Myrtaceae,Eucalyptus wandoo,Blakely,Australia
Myrtaceae,Eucalyptus websteriana,Maiden,Australia
Myrtaceae,Eucalyptus whitei,Maiden & Blakely,Australia
Myrtaceae,Eucalyptus wilcoxii,Boland & Kleinig,Australia
Myrtaceae,Eucalyptus williamsiana,L.A.S.Johnson & K.D.Hill,Australia
Myrtaceae,Eucalyptus willisii,"Ladiges, Humphries & Brooker",Australia
Myrtaceae,Eucalyptus wimmerensis,Rule,Australia
Myrtaceae,Eucalyptus woodwardii,Maiden,Australia
Myrtaceae,Eucalyptus woollsiana,F.Muell. ex R.T.Baker,Australia
Myrtaceae,Eucalyptus wubinensis,L.A.S.Johnson & K.D.Hill,Australia
Myrtaceae,Eucalyptus wyolensis,Boomsma,Australia
Myrtaceae,Eucalyptus xanthonema,Turcz.,Australia
Myrtaceae,Eucalyptus xerothermica,L.A.S.Johnson & K.D.Hill,Australia
Myrtaceae,Eucalyptus yalatensis,Boomsma,Australia
Myrtaceae,Eucalyptus yarraensis,Maiden & Cambage,Australia
Myrtaceae,Eucalyptus yarriambiack,Rule,Australia
Myrtaceae,Eucalyptus yilgarnensis,(Maiden) Brooker,Australia
Myrtaceae,Eucalyptus youmanii,Blakely & McKie,Australia
Myrtaceae,Eucalyptus youngiana,F.Muell.,Australia
Myrtaceae,Eucalyptus yumbarrana,Boomsma,Australia
Myrtaceae,Eucalyptus zopherophloia,Brooker & Hopper,Australia
Myrtaceae,Eugenia reinwardtiana,(Blume) DC.,Australia
Myrtaceae,Gossia acmenoides,(F.Muell.) N.Snow & Guymer,Australia
Myrtaceae,Gossia bamagensis,N.Snow & Guymer,Australia
Myrtaceae,Gossia bidwillii,(Benth.) N.Snow & Guymer,Australia
Myrtaceae,Gossia byrnesii,N.Snow & Guymer,Australia
Myrtaceae,Gossia dallachyana,(F.Muell. ex Benth.) N.Snow & Guymer,Australia
Myrtaceae,Gossia floribunda,(A.J.Scott) N.Snow & Guymer,Australia
Myrtaceae,Gossia fragrantissima,(F.Muell. ex Benth.) N.Snow & Guymer,Australia
Myrtaceae,Gossia gonoclada,(F.Muell. ex Benth.) N.Snow & Guymer,Australia
Myrtaceae,Gossia grayi,N.Snow & Guymer,Australia
Myrtaceae,Gossia hillii,(Benth.) N.Snow & Guymer,Australia
Myrtaceae,Gossia inophloia,(J.F.Bailey & C.T.White) N.Snow & Guymer,Australia
Myrtaceae,Gossia lewisensis,N.Snow & Guymer,Australia
Myrtaceae,Gossia lucida,(Gaertn.) N.Snow & Guymer,Australia
Myrtaceae,Gossia macilwraithensis,N.Snow & Guymer,Australia
Myrtaceae,Gossia myrsinocarpa,(F.Muell.) N.Snow & Guymer,Australia
Myrtaceae,Gossia pubiflora,(C.T.White) N.Snow & Guymer,Australia
Myrtaceae,Gossia punctata,N.Snow & Guymer,Australia
Myrtaceae,Gossia retusa,N.Snow & Guymer,Australia
Myrtaceae,Gossia sankowskyorum,N.Snow & Guymer,Australia
Myrtaceae,Gossia shepherdii,(F.Muell.) N.Snow & Guymer,Australia
Myrtaceae,Homalospermum firmum,Schauer,Australia
Myrtaceae,Hypocalymma angustifolium,(Endl.) Schauer,Australia
Myrtaceae,Kunzea clavata,Toelken,Australia
Myrtaceae,Kunzea montana,(Diels) Domin,Australia
Myrtaceae,Kunzea sulphurea,Tovey & P.Morris,Australia
Myrtaceae,Lenwebbia lasioclada,(F.Muell.) N.Snow & Guymer,Australia
Myrtaceae,Lenwebbia prominens,N.Snow & Guymer,Australia
Myrtaceae,Leptospermum brachyandrum,(F.Muell.) Druce,Australia
Myrtaceae,Leptospermum brevipes,F.Muell.,Australia
Myrtaceae,Leptospermum glaucescens,Schauer,Australia
Myrtaceae,Leptospermum grandiflorum,G.Lodd.,Australia
Myrtaceae,Leptospermum grandifolium,Sm.,Australia
Myrtaceae,Leptospermum laevigatum,(Gaertn.) F.Muell.,Australia
Myrtaceae,Leptospermum lamellatum,Joy Thomps.,Australia
Myrtaceae,Leptospermum lanigerum,(Aiton) Sm.,Australia
Myrtaceae,Leptospermum madidum,A.R.Bean,Australia
Myrtaceae,Leptospermum morrisonii,Joy Thomps.,Australia
Myrtaceae,Leptospermum parviflorum,Valeton,Australia
Myrtaceae,Leptospermum petersonii,F.M.Bailey,Australia
Myrtaceae,Leptospermum polyanthum,Joy Thomps.,Australia
Myrtaceae,Leptospermum scoparium,J.R.Forst. & G.Forst.,Australia
Myrtaceae,Leptospermum trinervium,(Sm.) Joy Thomps.,Australia
Myrtaceae,Leptospermum variabile,Joy Thomps.,Australia
Myrtaceae,Leptospermum wooroonooran,F.M.Bailey,Australia
Myrtaceae,Lindsayomyrtus racemoides,(Greves) Craven,Australia
Myrtaceae,Lithomyrtus cordata,(A.J.Scott) N.Snow & Guymer,Australia
Myrtaceae,Lithomyrtus retusa,(Endl.) N.Snow & Guymer,Australia
Myrtaceae,Lophostemon confertus,(R.Br.) Peter G.Wilson & J.T.Waterh.,Australia
Myrtaceae,Lophostemon grandiflorus,(Benth.) Peter G.Wilson & J.T.Waterh.,Australia
Myrtaceae,Lophostemon lactifluus,(F.Muell.) Peter G.Wilson & J.T.Waterh.,Australia
Myrtaceae,Lophostemon suaveolens,(Sol. ex Gaertn.) Peter G.Wilson & J.T.Waterh.,Australia
Myrtaceae,Melaleuca acacioides,F.Muell.,Australia
Myrtaceae,Melaleuca acutifolia,(Benth.) Craven & Lepschi,Australia
Myrtaceae,Melaleuca alsophila,A.Cunn. ex Benth.,Australia
Myrtaceae,Melaleuca alternifolia,(Maiden & Betche) Cheel,Australia
Myrtaceae,Melaleuca amydra,Craven,Australia
Myrtaceae,Melaleuca arcana,S.T.Blake,Australia
Myrtaceae,Melaleuca argentea,W.Fitzg.,Australia
Myrtaceae,Melaleuca armillaris,(Sol. ex Gaertn.) Sm.,Australia
Myrtaceae,Melaleuca atroviridis,Craven & Lepschi,Australia
Myrtaceae,Melaleuca biconvexa,Byrnes,Australia
Myrtaceae,Melaleuca boeophylla,Craven,Australia
Myrtaceae,Melaleuca bracteata,F.Muell.,Australia
Myrtaceae,Melaleuca brevifolia,Turcz.,Australia
Myrtaceae,Melaleuca cajuputi,Maton & Sm. ex R.Powell,Australia
Myrtaceae,Melaleuca cheelii,C.T.White,Australia
Myrtaceae,Melaleuca citrolens,Barlow,Australia
Myrtaceae,Melaleuca clarksonii,Barlow,Australia
Myrtaceae,Melaleuca croxfordiae,Craven,Australia
Myrtaceae,Melaleuca cuticularis,Labill.,Australia
Myrtaceae,Melaleuca dealbata,S.T.Blake,Australia
Myrtaceae,Melaleuca decora,(Salisb.) Britten,Australia
Myrtaceae,Melaleuca decussata,R.Br.,Australia
Myrtaceae,Melaleuca eleuterostachya,F.Muell.,Australia
Myrtaceae,Melaleuca ericifolia,Sm.,Australia
Myrtaceae,Melaleuca ferruginea,Craven & Cowie,Australia
Myrtaceae,Melaleuca fluviatilis,Barlow,Australia
Myrtaceae,Melaleuca foliolosa,A.Cunn. ex Benth.,Australia
Myrtaceae,Melaleuca gibbosa,Labill.,Australia
Myrtaceae,Melaleuca globifera,R.Br.,Australia
Myrtaceae,Melaleuca glomerata,F.Muell.,Australia
Myrtaceae,Melaleuca groveana,Cheel & C.T.White,Australia
Myrtaceae,Melaleuca hakeifolia,(Gaudich.) Craven & R.D.Edwards,Australia
Myrtaceae,Melaleuca halmaturorum,F.Muell. ex Miq.,Australia
Myrtaceae,Melaleuca hamata,Fielding & G.A.Gardner,Australia
Myrtaceae,Melaleuca hamulosa,Turcz.,Australia
Myrtaceae,Melaleuca huegelii,Endl.,Australia
Myrtaceae,Melaleuca hypericifolia,Sm.,Australia
Myrtaceae,Melaleuca incana,R.Br.,Australia
Myrtaceae,Melaleuca lanceolata,Otto,Australia
Myrtaceae,Melaleuca lasiandra,F.Muell.,Australia
Myrtaceae,Melaleuca lateriflora,Benth.,Australia
Myrtaceae,Melaleuca leucadendra,(L.) L.,Australia
Myrtaceae,Melaleuca linariifolia,Sm.,Australia
Myrtaceae,Melaleuca longistaminea,(F.Muell.) Barlow ex Craven,Australia
Myrtaceae,Melaleuca lophocoracorum,"A.J.Ford, Craven & Brophy",Australia
Myrtaceae,Melaleuca minutifolia,F.Muell.,Australia
Myrtaceae,Melaleuca nanophylla,Carrick,Australia
Myrtaceae,Melaleuca nervosa,(Lindl.) Cheel,Australia
Myrtaceae,Melaleuca nodosa,(Sol. ex Gaertn.) Sm.,Australia
Myrtaceae,Melaleuca parvistaminea,Byrnes,Australia
Myrtaceae,Melaleuca pauperiflora,F.Muell.,Australia
Myrtaceae,Melaleuca phoidophylla,Barlow ex Craven,Australia
Myrtaceae,Melaleuca preissiana,Schauer,Australia
Myrtaceae,Melaleuca quinquenervia,(Cav.) S.T.Blake,Australia
Myrtaceae,Melaleuca rhaphiophylla,Schauer,Australia
Myrtaceae,Melaleuca rupestris,(Schauer) Craven & R.D.Edwards,Australia
Myrtaceae,Melaleuca saligna,Schauer,Australia
Myrtaceae,Melaleuca sericea,Byrnes,Australia
Myrtaceae,Melaleuca sheathiana,W.Fitzg.,Australia
Myrtaceae,Melaleuca sieberi,Schauer,Australia
Myrtaceae,Melaleuca spectabilis,(Barlow ex Craven) Craven & Lepschi,Australia
Myrtaceae,Melaleuca squamophloia,(Byrnes) Craven,Australia
Myrtaceae,Melaleuca squarrosa,Sm.,Australia
Myrtaceae,Melaleuca stenostachya,S.T.Blake,Australia
Myrtaceae,Melaleuca stereophloia,Craven,Australia
Myrtaceae,Melaleuca stipitata,Craven,Australia
Myrtaceae,Melaleuca strobophylla,Barlow,Australia
Myrtaceae,Melaleuca styphelioides,Sm.,Australia
Myrtaceae,Melaleuca subalaris,Barlow,Australia
Myrtaceae,Melaleuca tamariscina,Hook.,Australia
Myrtaceae,Melaleuca teretifolia,Endl.,Australia
Myrtaceae,Melaleuca thyoides,Turcz.,Australia
Myrtaceae,Melaleuca uncinata,R.Br.,Australia
Myrtaceae,Melaleuca viminalis,(Sol. ex Gaertn.) Byrnes,Australia
Myrtaceae,Melaleuca viminea,Lindl.,Australia
Myrtaceae,Melaleuca viridiflora,Sol. ex Gaertn.,Australia
Myrtaceae,Melaleuca xerophila,Barlow,Australia
Myrtaceae,Metrosideros nervulosa,C.Moore & F.Muell.,Australia
Myrtaceae,Metrosideros sclerocarpa,J.W.Dawson,Australia
Myrtaceae,Mitrantia bilocularis,Peter G.Wilson & B.Hyland,Australia
Myrtaceae,Neofabricia mjoebergii,(Cheel) Joy Thomps.,Australia
Myrtaceae,Neofabricia myrtifolia,(Gaertn.) Joy Thomps.,Australia
Myrtaceae,Neofabricia sericisepala,J.R.Clarkson & Joy Thomps.,Australia
Myrtaceae,Osbornia octodonta,F.Muell.,Australia
Myrtaceae,Pilidiostigma glabrum,Burret,Australia
Myrtaceae,Pilidiostigma rhytispermum,(F.Muell.) Burret,Australia
Myrtaceae,Pilidiostigma sessile,N.Snow,Australia
Myrtaceae,Pilidiostigma tropicum,L.S.Sm.,Australia
Myrtaceae,Regelia velutina,(Turcz.) C.A.Gardner,Australia
Myrtaceae,Rhodamnia acuminata,C.T.White,Australia
Myrtaceae,Rhodamnia angustifolia,N.Snow & Guymer,Australia
Myrtaceae,Rhodamnia arenaria,N.Snow,Australia
Myrtaceae,Rhodamnia argentea,Benth.,Australia
Myrtaceae,Rhodamnia australis,A.J.Scott,Australia
Myrtaceae,Rhodamnia blairiana,F.Muell.,Australia
Myrtaceae,Rhodamnia costata,A.J.Scott,Australia
Myrtaceae,Rhodamnia dumicola,Guymer & Jessup,Australia
Myrtaceae,Rhodamnia fordii,N.Snow,Australia
Myrtaceae,Rhodamnia glabrescens,Guymer & Jessup,Australia
Myrtaceae,Rhodamnia glauca,Blume,Australia
Myrtaceae,Rhodamnia hylandii,N.Snow,Australia
Myrtaceae,Rhodamnia longisepala,N.Snow & A.J.Ford,Australia
Myrtaceae,Rhodamnia maideniana,C.T.White,Australia
Myrtaceae,Rhodamnia novoguineensis,A.J.Scott,Australia
Myrtaceae,Rhodamnia pauciovulata,Guymer,Australia
Myrtaceae,Rhodamnia rubescens,(Benth.) Miq.,Australia
Myrtaceae,Rhodamnia sessiliflora,Benth.,Australia
Myrtaceae,Rhodamnia sharpeana,N.Snow,Australia
Myrtaceae,Rhodamnia whiteana,Guymer & Jessup,Australia
Myrtaceae,Rhodamnia zombi," I.J.Paxton, Fensham & Guymer",Australia
Myrtaceae,Rhodomyrtus effusa,Guymer,Australia
Myrtaceae,Rhodomyrtus macrocarpa,Benth.,Australia
Myrtaceae,Rhodomyrtus pervagata,Guymer,Australia
Myrtaceae,Rhodomyrtus psidioides,(G.Don) Benth.,Australia
Myrtaceae,Rhodomyrtus sericea,Burret,Australia
Myrtaceae,Rhodomyrtus trineura,(F.Muell.) Benth.,Australia
Myrtaceae,Ristantia gouldii,Peter G.Wilson & B.Hyland,Australia
Myrtaceae,Ristantia pachysperma,(F.Muell. & F.M.Bailey) Peter G.Wilson & J.T.Waterh.,Australia
Myrtaceae,Ristantia waterhousei,Peter G.Wilson & B.Hyland,Australia
Myrtaceae,Sannantha bidwillii,(A.R.Bean) Peter G.Wilson,Australia
Myrtaceae,Sannantha brachypoda,(A.R.Bean) Peter G.Wilson,Australia
Myrtaceae,Sannantha pluriflora,(F.Muell.) Peter G.Wilson,Australia
Myrtaceae,Sphaerantia chartacea,Peter G.Wilson & B.Hyland,Australia
Myrtaceae,Sphaerantia discolor,Peter G.Wilson & B.Hyland,Australia
Myrtaceae,Stenostegia congesta,A.R.Bean,Australia
Myrtaceae,Stockwellia quadrifida,"D.J.Carr, S.G.M.Carr & B.Hyland",Australia
Myrtaceae,Syncarpia glomulifera,(Sm.) Nied.,Australia
Myrtaceae,Syncarpia hillii,F.M.Bailey,Australia
Myrtaceae,Syncarpia verecunda,A.R.Bean,Australia
Myrtaceae,Syzygium alatoramulum,B.Hyland,Australia
Myrtaceae,Syzygium alliiligneum,B.Hyland,Australia
Myrtaceae,Syzygium amplum,T.G.Hartley & L.M.Perry,Australia
Myrtaceae,Syzygium angophoroides,(F.Muell.) B.Hyland,Australia
Myrtaceae,Syzygium apodophyllum,(F.Muell.) B.Hyland,Australia
Myrtaceae,Syzygium aqueum,(Burm.f.) Alston,Australia
Myrtaceae,Syzygium arenitense,Craven,Australia
Myrtaceae,Syzygium argyropedicum,B.Hyland,Australia
Myrtaceae,Syzygium armstrongii,(Benth.) B.Hyland,Australia
Myrtaceae,Syzygium australe,(J.C.Wendl. ex Link) B.Hyland,Australia
Myrtaceae,Syzygium bamagense,B.Hyland,Australia
Myrtaceae,Syzygium banksii,(Britten & S.Moore) B.Hyland,Australia
Myrtaceae,Syzygium boonjee,B.Hyland,Australia
Myrtaceae,Syzygium branderhorstii,Lauterb.,Australia
Myrtaceae,Syzygium buettnerianum,(K.Schum.) Nied.,Australia
Myrtaceae,Syzygium bungadinnia,(F.M.Bailey) B.Hyland,Australia
Myrtaceae,Syzygium canicortex,B.Hyland,Australia
Myrtaceae,Syzygium claviflorum,(Roxb.) Wall. ex A.M.Cowan & Cowan,Australia
Myrtaceae,Syzygium cormiflorum,(F.Muell.) B.Hyland,Australia
Myrtaceae,Syzygium corynanthum,(F.Muell.) L.A.S.Johnson,Australia
Myrtaceae,Syzygium crebrinerve,(C.T.White) L.A.S.Johnson,Australia
Myrtaceae,Syzygium cumini,(L.) Skeels,Australia
Myrtaceae,Syzygium dansiei,B.Hyland,Australia
Myrtaceae,Syzygium divaricatum,(Merr. & L.M.Perry) Craven & Biffin,Australia
Myrtaceae,Syzygium endophloium,B.Hyland,Australia
Myrtaceae,Syzygium erythrocalyx,(C.T.White) B.Hyland,Australia
Myrtaceae,Syzygium erythrodoxum,(S.Moore) B.Hyland,Australia
Myrtaceae,Syzygium eucalyptoides,(F.Muell.) B.Hyland,Australia
Myrtaceae,Syzygium fibrosum,(F.M.Bailey) T.G.Hartley & L.M.Perry,Australia
Myrtaceae,Syzygium floribundum,F.Muell.,Australia
Myrtaceae,Syzygium forte,(F.Muell.) B.Hyland,Australia
Myrtaceae,Syzygium francisii,(F.M.Bailey) L.A.S.Johnson,Australia
Myrtaceae,Syzygium fratris,Craven,Australia
Myrtaceae,Syzygium fullagarii,(F.Muell.) Craven,Australia
Myrtaceae,Syzygium glenum,Craven,Australia
Myrtaceae,Syzygium graveolens,(F.M.Bailey) Craven & Biffin,Australia
Myrtaceae,Syzygium gustavioides,(F.M.Bailey) B.Hyland,Australia
Myrtaceae,Syzygium hedraiophyllum,(F.Muell.) Craven & Biffin,Australia
Myrtaceae,Syzygium hemilamprum,(F.Muell.) Craven & Biffin,Australia
Myrtaceae,Syzygium hodgkinsoniae,(F.Muell.) L.A.S.Johnson,Australia
Myrtaceae,Syzygium ingens,(F.Muell. ex C.Moore) Craven & Biffin,Australia
Myrtaceae,Syzygium johnsonii,(F.Muell.) B.Hyland,Australia
Myrtaceae,Syzygium kuranda,(F.M.Bailey) B.Hyland,Australia
Myrtaceae,Syzygium luehmannii,(F.Muell.) L.A.S.Johnson,Australia
Myrtaceae,Syzygium macilwraithianum,B.Hyland,Australia
Myrtaceae,Syzygium mackinnonianum,(B.Hyland) Craven & Biffin,Australia
Myrtaceae,Syzygium minutuliflorum,(F.Muell.) B.Hyland,Australia
Myrtaceae,Syzygium monimioides,Craven,Australia
Myrtaceae,Syzygium monospermum,Craven,Australia
Myrtaceae,Syzygium moorei,(F.Muell.) L.A.S.Johnson,Australia
Myrtaceae,Syzygium mulgraveanum,(B.Hyland) Craven & Biffin,Australia
Myrtaceae,Syzygium nebulosum,L.Weber,Australia
Myrtaceae,Syzygium nervosum,A.Cunn. ex DC.,Australia
Myrtaceae,Syzygium oleosum,(F.Muell.) B.Hyland,Australia
Myrtaceae,Syzygium paniculatum,Gaertn.,Australia
Myrtaceae,Syzygium papyraceum,B.Hyland,Australia
Myrtaceae,Syzygium pringlei,(B.Hyland) Craven & Biffin,Australia
Myrtaceae,Syzygium pseudofastigiatum,B.Hyland,Australia
Myrtaceae,Syzygium puberulum,Merr. & L.M.Perry,Australia
Myrtaceae,Syzygium resa,(B.Hyland) Craven & Biffin,Australia
Myrtaceae,Syzygium rubrimolle,B.Hyland,Australia
Myrtaceae,Syzygium sayeri,(F.Muell.) B.Hyland,Australia
Myrtaceae,Syzygium sharoniae,B.Hyland,Australia
Myrtaceae,Syzygium smithii,(Poir.) Nied.,Australia
Myrtaceae,Syzygium suborbiculare,(Benth.) T.G.Hartley & L.M.Perry,Australia
Myrtaceae,Syzygium tierneyanum,(F.Muell.) T.G.Hartley & L.M.Perry,Australia
Myrtaceae,Syzygium trachyphloium,(C.T.White) B.Hyland,Australia
Myrtaceae,Syzygium unipunctatum,(B.Hyland) Craven & Biffin,Australia
Myrtaceae,Syzygium velarum,B.Hyland,Australia
Myrtaceae,Syzygium wesa,B.Hyland,Australia
Myrtaceae,Syzygium wilsonii,(F.Muell.) B.Hyland,Australia
Myrtaceae,Syzygium xerampelinum,B.Hyland,Australia
Myrtaceae,Taxandria juniperina,(Schauer) J.R.Wheeler & N.G.Marchant,Australia
Myrtaceae,Taxandria linearifolia,(DC.) J.R.Wheeler & N.G.Marchant,Australia
Myrtaceae,Thaleropia queenslandica,(L.S.Sm.) Peter G.Wilson,Australia
Myrtaceae,Tristania neriifolia,(Sieber ex Sims) R.Br.,Australia
Myrtaceae,Tristaniopsis collina,Peter G.Wilson & J.T.Waterh.,Australia
Myrtaceae,Tristaniopsis exiliflora,(F.Muell.) Peter G.Wilson & J.T.Waterh.,Australia
Myrtaceae,Tristaniopsis laurina,(Sm.) Peter G.Wilson & J.T.Waterh.,Australia
Myrtaceae,Uromyrtus australis,A.J.Scott,Australia
Myrtaceae,Uromyrtus lamingtonensis,N.Snow & Guymer ,Australia
Myrtaceae,Uromyrtus metrosideros,(F.M.Bailey) A.J.Scott,Australia
Myrtaceae,Uromyrtus tenella,N.Snow & Guymer,Australia
Myrtaceae,Verticordia cunninghamii,Schauer,Australia
Myrtaceae,Verticordia verticillata,Byrnes,Australia
Myrtaceae,Welchiodendron longivalve,(F.Muell.) Peter G.Wilson & J.T.Waterh.,Australia
Myrtaceae,Xanthostemon arenarius,Peter G.Wilson,Australia
Myrtaceae,Xanthostemon chrysanthus,(F.Muell.) Benth.,Australia
Myrtaceae,Xanthostemon crenulatus,C.T.White,Australia
Myrtaceae,Xanthostemon eucalyptoides,F.Muell.,Australia
Myrtaceae,Xanthostemon formosus,Peter G.Wilson,Australia
Myrtaceae,Xanthostemon graniticus,Peter G.Wilson,Australia
Myrtaceae,Xanthostemon oppositifolius,F.M.Bailey,Australia
Myrtaceae,Xanthostemon paradoxus,F.Muell.,Australia
Myrtaceae,Xanthostemon psidioides,(A.Cunn. ex Lindl.) Peter G.Wilson & J.T.Waterh.,Australia
Myrtaceae,Xanthostemon umbrosus,(A.Cunn. ex Lindl.) Peter G.Wilson & J.T.Waterh.,Australia
Myrtaceae,Xanthostemon verticillatus,(C.T.White & W.D.Francis) L.S.Sm.,Australia
Myrtaceae,Xanthostemon whitei,Gugerli,Australia
Myrtaceae,Xanthostemon xerophilus,Peter G.Wilson,Australia
Myrtaceae,Xanthostemon youngii,C.T.White & W.D.Francis,Australia
Nothofagaceae,Nothofagus cunninghamii,(Hook.) Oerst.,Australia
Nothofagaceae,Nothofagus gunnii,(Hook.f.) Oerst.,Australia
Nothofagaceae,Nothofagus moorei,(F.Muell.) Krasser,Australia
Nyctaginaceae,Ceodes brunoniana,(Endl.) Skottsb.,Australia
Nyctaginaceae,Ceodes umbellifera,J.R.Forst. & G.Forst.,Australia
Nyctaginaceae,Pisonia aculeata,L.,Australia
Nyctaginaceae,Pisonia grandis,R.Br.,Australia
Olacaceae,Olax imbricata,Roxb.,Australia
Olacaceae,Ximenia americana,L.,Australia
Oleaceae,Chionanthus axillaris,R.Br.,Australia
Oleaceae,Chionanthus quadristamineus,F.Muell.,Australia
Oleaceae,Chionanthus ramiflorus,Roxb.,Australia
Oleaceae,Chionanthus sleumeri,(C.T.White) Stearn,Australia
Oleaceae,Notelaea johnsonii,P.S.Green,Australia
Oleaceae,Notelaea ligustrina,Vent.,Australia
Oleaceae,Notelaea longifolia,Vent.,Australia
Oleaceae,Notelaea microcarpa,R.Br.,Australia
Oleaceae,Notelaea pungens,Guymer,Australia
Oleaceae,Notelaea venosa,F.Muell.,Australia
Oleaceae,Olea paniculata,R.Br.,Australia
Pandanaceae,Benstonea lauterbachii,(K.Schum. & Warb.) Callm. & Buerki,Australia
Pandanaceae,Benstonea monticola,(F.Muell.) Callm. & Buerki,Australia
Pandanaceae,Pandanus aquaticus,F.Muell.,Australia
Pandanaceae,Pandanus basedowii,C.H.Wright,Australia
Pandanaceae,Pandanus brookei,Martelli,Australia
Pandanaceae,Pandanus conicus,H.St.John,Australia
Pandanaceae,Pandanus cookii,Martelli,Australia
Pandanaceae,Pandanus forsteri,C.Moore & F.Muell.,Australia
Pandanaceae,Pandanus gemmifer,H.St.John,Australia
Pandanaceae,Pandanus krauelianus,K.Schum.,Australia
Pandanaceae,Pandanus oblatus,H.St.John,Australia
Pandanaceae,Pandanus rheophilus,B.C.Stone,Australia
Pandanaceae,Pandanus solms-laubachii,F.Muell.,Australia
Pandanaceae,Pandanus spiralis,R.Br.,Australia
Pandanaceae,Pandanus tectorius,Parkinson ex Du Roi,Australia
Pandanaceae,Pandanus zea,H.St.John,Australia
Paracryphiaceae,Quintinia quatrefagesii,F.Muell.,Australia
Paracryphiaceae,Quintinia sieberi,A.DC.,Australia
Paracryphiaceae,Quintinia verdonii,F.Muell.,Australia
Paracryphiaceae,Sphenostemon lobosporus,(F.Muell.) L.S.Sm.,Australia
Pennantiaceae,Pennantia cunninghamii,Miers,Australia
Pentaphylacaceae,Ternstroemia cherryi,Merr. ex J.F.Bailey & C.T White,Australia
Phyllanthaceae,Actephila championiae,P.I.Forst.,Australia
Phyllanthaceae,Actephila flavescens,P.I.Forst.,Australia
Phyllanthaceae,Actephila lindleyi,(Steud.) Airy Shaw,Australia
Phyllanthaceae,Actephila petiolaris,Benth.,Australia
Phyllanthaceae,Actephila plicata,P.I.Forst.,Australia
Phyllanthaceae,Actephila sessilifolia,Benth.,Australia
Phyllanthaceae,Antidesma bunius,(L.) Spreng.,Australia
Phyllanthaceae,Antidesma excavatum,Miq.,Australia
Phyllanthaceae,Antidesma ghaesembilla,Gaertn.,Australia
Phyllanthaceae,Antidesma montanum,Blume,Australia
Phyllanthaceae,Antidesma parvifolium,F.Muell.,Australia
Phyllanthaceae,Aporosa octandra,(Buch.-Ham. ex D.Don) Vickery,Australia
Phyllanthaceae,Bischofia javanica,Blume,Australia
Phyllanthaceae,Breynia cernua,(Poir.) Müll.Arg.,Australia
Phyllanthaceae,Breynia macrantha,(Hassk.) Chakrab. & N.P.Balakr.,Australia
Phyllanthaceae,Breynia oblongifolia,(Müll.Arg.) Müll.Arg.,Australia
Phyllanthaceae,Breynia podocarpa,Airy Shaw,Australia
Phyllanthaceae,Bridelia exaltata,F.Muell.,Australia
Phyllanthaceae,Bridelia insulana,Hance,Australia
Phyllanthaceae,Bridelia leichhardtii,Baill. ex Müll.Arg.,Australia
Phyllanthaceae,Bridelia tomentosa,Blume,Australia
Phyllanthaceae,Cleistanthus apodus,Benth.,Australia
Phyllanthaceae,Cleistanthus cunninghamii,(Müll.Arg.) Müll.Arg.,Australia
Phyllanthaceae,Cleistanthus dallachyanus,(Baill.) Benth.,Australia
Phyllanthaceae,Cleistanthus hylandii,Airy Shaw,Australia
Phyllanthaceae,Cleistanthus oblongifolius,(Roxb.) Müll.Arg.,Australia
Phyllanthaceae,Cleistanthus semiopacus,F.Muell. ex Benth.,Australia
Phyllanthaceae,Flueggea virosa,(Roxb. ex Willd.) Royle,Australia
Phyllanthaceae,Glochidion apodogynum,Airy Shaw,Australia
Phyllanthaceae,Glochidion barronense,Airy Shaw,Australia
Phyllanthaceae,Glochidion benthamianum,Domin,Australia
Phyllanthaceae,Glochidion disparipes,Airy Shaw,Australia
Phyllanthaceae,Glochidion hylandii,Airy Shaw,Australia
Phyllanthaceae,Glochidion pruinosum,Airy Shaw,Australia
Phyllanthaceae,Glochidion pungens,Airy Shaw,Australia
Phyllanthaceae,Glochidion sessiliflorum,Airy Shaw,Australia
Phyllanthaceae,Glochidion zeylanicum,(Gaertn.) A.Juss.,Australia
Phyllanthaceae,Margaritaria dubium-traceyi,Airy Shaw & B.Hyland,Australia
Phyllanthaceae,Margaritaria indica,(Dalzell) Airy Shaw,Australia
Phyllanthaceae,Phyllanthus armstrongii,Benth.,Australia
Phyllanthaceae,Phyllanthus ciccoides,Müll.Arg.,Australia
Phyllanthaceae,Phyllanthus clamboides,(F.Muell.) Diels,Australia
Phyllanthaceae,Phyllanthus cuscutiflorus,S.Moore,Australia
Phyllanthaceae,Phyllanthus ferdinandi,Müll.Arg.,Australia
Phyllanthaceae,Phyllanthus lanceilimbus,(Merr.) Merr.,Australia
Phyllanthaceae,Phyllanthus lobocarpus,Benth.,Australia
Phyllanthaceae,Phyllanthus praelongipes,Airy Shaw & G.L.Webster,Australia
Phyllanthaceae,Phyllanthus xerocarpus,O.Schwarz,Australia
Picrodendraceae,Austrobuxus megacarpus,P.I.Forst.,Australia
Picrodendraceae,Austrobuxus swainii,(Beuzev. & C.T.White) Airy Shaw,Australia
Picrodendraceae,Choriceras majus,Airy Shaw,Australia
Picrodendraceae,Choriceras tricorne,(Benth.) Airy Shaw,Australia
Picrodendraceae,Dissiliaria baloghioides,F.Muell. ex Baill.,Australia
Picrodendraceae,Dissiliaria indistincta,P.I.Forst.,Australia
Picrodendraceae,Dissiliaria laxinervis,Airy Shaw,Australia
Picrodendraceae,Dissiliaria muelleri,Baill.,Australia
Picrodendraceae,Dissiliaria surculosa,P.I.Forst.,Australia
Picrodendraceae,Dissiliaria tuckeri,P.I.Forst.,Australia
Picrodendraceae,Neoroepera banksii,Benth.,Australia
Picrodendraceae,Neoroepera buxifolia,Müll.Arg.,Australia
Picrodendraceae,Petalostigma banksii,Britten & S.Moore,Australia
Picrodendraceae,Petalostigma pubescens,Domin,Australia
Picrodendraceae,Petalostigma quadriloculare,F.Muell.,Australia
Picrodendraceae,Petalostigma triloculare,Müll.Arg.,Australia
Picrodendraceae,Sankowskya stipularis,P.I.Forst.,Australia
Picrodendraceae,Whyanbeelia terrae-reginae,Airy Shaw & B.Hyland,Australia
Piperaceae,Piper excelsum,G.Forst.,Australia
Pittosporaceae,Auranticarpa edentata,"L.W.Cayzer, Crisp & I.Telford",Australia
Pittosporaceae,Auranticarpa ilicifolia,"L.W.Cayzer, Crisp & I.Telford",Australia
Pittosporaceae,Auranticarpa melanosperma,"(F.Muell.) L.W.Cayzer, Crisp & I.Telford",Australia
Pittosporaceae,Auranticarpa papyracea,"L.W.Cayzer, Crisp & I.Telford",Australia
Pittosporaceae,Auranticarpa resinosa,"(Domin) L.W.Cayzer, Crisp & I.Telford",Australia
Pittosporaceae,Auranticarpa rhombifolia,"(A.Cunn. ex Hook.) L.W.Cayzer, Crisp & I.Telford",Australia
Pittosporaceae,Bursaria incana,Lindl.,Australia
Pittosporaceae,Bursaria occidentalis,E.M.Benn.,Australia
Pittosporaceae,Bursaria spinosa,Cav.,Australia
Pittosporaceae,Bursaria tenuifolia,F.M.Bailey,Australia
Pittosporaceae,Hymenosporum flavum,F.Muell.,Australia
Pittosporaceae,Pittosporum angustifolium,Lodd.,Australia
Pittosporaceae,Pittosporum bicolor,Hook.,Australia
Pittosporaceae,Pittosporum erioloma,C.Moore & F.Muell.,Australia
Pittosporaceae,Pittosporum ferrugineum,W.T.Aiton,Australia
Pittosporaceae,Pittosporum lancifolium,"(F.M.Bailey) L.W.Cayzer, Crisp & I.Telford",Australia
Pittosporaceae,Pittosporum moluccanum,Miq.,Australia
Pittosporaceae,Pittosporum phillyreoides,DC.,Australia
Pittosporaceae,Pittosporum spinescens,"(F.Muell.) L.W.Cayzer, Crisp & I.Telford",Australia
Pittosporaceae,Pittosporum undulatum,Vent.,Australia
Podocarpaceae,Lagarostrobos franklinii,(Hook.f.) Quinn,Australia
Podocarpaceae,Phyllocladus aspleniifolius,(Labill.) Hook.f.,Australia
Podocarpaceae,Podocarpus dispermus,C.T.White,Australia
Podocarpaceae,Podocarpus elatus,R.Br. ex Endl.,Australia
Podocarpaceae,Podocarpus grayae,de Laub.,Australia
Podocarpaceae,Podocarpus smithii,de Laub.,Australia
Podocarpaceae,Prumnopitys ladei,(F.M.Bailey) de Laub.,Australia
Podocarpaceae,Sundacarpus amarus,(Blume) C.N.Page,Australia
Polygalaceae,Xanthophyllum fragrans,C.T.White,Australia
Polygalaceae,Xanthophyllum octandrum,Domin,Australia
Primulaceae,Ardisia bakeri,C.T.White,Australia
Primulaceae,Ardisia brevipedata,F.Muell.,Australia
Primulaceae,Ardisia hylandii,Jackes,Australia
Primulaceae,Ardisia pachyrhachis,(F.Muell.) F.Muell.,Australia
Primulaceae,Myrsine achradifolia,F.Muell.,Australia
Primulaceae,Myrsine arenaria,Jackes,Australia
Primulaceae,Myrsine benthamiana,(Mez) Ewart,Australia
Primulaceae,Myrsine elata,Jackes,Australia
Primulaceae,Myrsine howittiana,(F.Muell. ex Mez) Jackes,Australia
Primulaceae,Myrsine ireneae,Jackes,Australia
Primulaceae,Myrsine kimberleyensis,Jackes,Australia
Primulaceae,Myrsine mccomishii,(Sprague) Jackes,Australia
Primulaceae,Myrsine oreophila,Jackes,Australia
Primulaceae,Myrsine pedicellata,Jackes,Australia
Primulaceae,Myrsine platystigma,F.Muell.,Australia
Primulaceae,Myrsine porosa,F.Muell.,Australia
Primulaceae,Myrsine richmondensis,Jackes,Australia
Primulaceae,Myrsine rubiginosa,Jackes,Australia
Primulaceae,Myrsine serpenticola,Jackes,Australia
Primulaceae,Myrsine smithii,Jackes,Australia
Primulaceae,Myrsine subsessilis,F.Muell.,Australia
Primulaceae,Myrsine urceolata,R.Br.,Australia
Primulaceae,Myrsine variabilis,R.Br.,Australia
Primulaceae,Tapeinosperma pseudojambosa,(F.Muell.) Mez,Australia
Proteaceae,Agastachys odorata,R.Br.,Australia
Proteaceae,Alloxylon flammeum,P.H.Weston & Crisp,Australia
Proteaceae,Alloxylon pinnatum,(Maiden & Betche) P.H.Weston & Crisp,Australia
Proteaceae,Alloxylon wickhamii,(W.Hill & F.Muell.) P.H.Weston & Crisp,Australia
Proteaceae,Athertonia diversifolia,(C.T.White) L.A.S.Johnson & B.G.Briggs,Australia
Proteaceae,Austromuellera trinervia,C.T.White,Australia
Proteaceae,Austromuellera valida,B.Hyland,Australia
Proteaceae,Banksia aemula,R.Br.,Australia
Proteaceae,Banksia anatona,(A.S.George) A.R.Mast & K.R.Thiele,Australia
Proteaceae,Banksia aquilonia,(A.S.George) A.S.George,Australia
Proteaceae,Banksia arborea,(C.A.Gardner) A.R.Mast & K.R.Thiele,Australia
Proteaceae,Banksia ashbyi,Baker f.,Australia
Proteaceae,Banksia borealis,(A.S.George) A.R.Mast & K.R.Thiele,Australia
Proteaceae,Banksia brownii,Baxter ex R.Br.,Australia
Proteaceae,Banksia cuneata,A.S.George,Australia
Proteaceae,Banksia dentata,L.f.,Australia
Proteaceae,Banksia grandis,Willd.,Australia
Proteaceae,Banksia ilicifolia,R.Br.,Australia
Proteaceae,Banksia integrifolia,L.f.,Australia
Proteaceae,Banksia littoralis,R.Br.,Australia
Proteaceae,Banksia marginata,Cav.,Australia
Proteaceae,Banksia media,R.Br.,Australia
Proteaceae,Banksia menziesii,R.Br.,Australia
Proteaceae,Banksia neoanglica,(A.S.George) Stimpson & J.J.Bruhl,Australia
Proteaceae,Banksia occidentalis,R.Br.,Australia
Proteaceae,Banksia prionotes,Lindl.,Australia
Proteaceae,Banksia seminuda,(A.S.George) Rye,Australia
Proteaceae,Banksia serrata,L.f.,Australia
Proteaceae,Banksia solandri,R.Br.,Australia
Proteaceae,Banksia spinulosa,Sm.,Australia
Proteaceae,Banksia tricuspis,Meisn.,Australia
Proteaceae,Banksia verticillata,R.Br.,Australia
Proteaceae,Bleasdalea bleasdalei,(F.Muell.) A.C.Sm. & J.E.Haas,Australia
Proteaceae,Buckinghamia celsissima,F.Muell.,Australia
Proteaceae,Buckinghamia ferruginiflora,Foreman & B.Hyland,Australia
Proteaceae,Cardwellia sublimis,F.Muell.,Australia
Proteaceae,Carnarvonia araliifolia,F.Muell.,Australia
Proteaceae,Catalepidia heyana,(F.M.Bailey) P.H.Weston,Australia
Proteaceae,Cenarrhenes nitida,Labill.,Australia
Proteaceae,Conospermum triplinervium,R.Br.,Australia
Proteaceae,Darlingia darlingiana,(F.Muell.) L.A.S.Johnson,Australia
Proteaceae,Darlingia ferruginea,J.F.Bailey,Australia
Proteaceae,Eidothea hardeniana,P.H.Weston & Kooyman,Australia
Proteaceae,Eidothea zoexylocarya,A.W.Douglas & B.Hyland,Australia
Proteaceae,Floydia praealta,(F.Muell.) L.A.S.Johnson & B.G.Briggs,Australia
Proteaceae,Grevillea agrifolia,A.Cunn. ex R.Br.,Australia
Proteaceae,Grevillea albiflora,C.T.White,Australia
Proteaceae,Grevillea baileyana,McGill.,Australia
Proteaceae,Grevillea banksii,R.Br.,Australia
Proteaceae,Grevillea barklyana,F.Muell. ex Benth.,Australia
Proteaceae,Grevillea calcicola,A.S.George,Australia
Proteaceae,Grevillea coriacea,McGill.,Australia
Proteaceae,Grevillea dimidiata,F.Muell.,Australia
Proteaceae,Grevillea donaldiana,Kenneally,Australia
Proteaceae,Grevillea erythroclada,W.Fitzg.,Australia
Proteaceae,Grevillea glauca,Banks & Sol. ex Knight,Australia
Proteaceae,Grevillea heliosperma,R.Br.,Australia
Proteaceae,Grevillea helmsiae,F.M.Bailey,Australia
Proteaceae,Grevillea hilliana,F.Muell.,Australia
Proteaceae,Grevillea juncifolia,Hook.,Australia
Proteaceae,Grevillea mimosoides,R.Br.,Australia
Proteaceae,Grevillea nematophylla,F.Muell.,Australia
Proteaceae,Grevillea parallela,Knight,Australia
Proteaceae,Grevillea refracta,R.Br.,Australia
Proteaceae,Grevillea robusta,A.Cunn. ex R.Br.,Australia
Proteaceae,Grevillea sessilis,C.T.White & W.D.Francis,Australia
Proteaceae,Grevillea stenobotrya,F.Muell.,Australia
Proteaceae,Grevillea striata,R.Br.,Australia
Proteaceae,Grevillea whiteana,McGill.,Australia
Proteaceae,Hakea actites,W.R.Barker,Australia
Proteaceae,Hakea arborescens,R.Br.,Australia
Proteaceae,Hakea archaeoides,W.R.Barker,Australia
Proteaceae,Hakea chordophylla,F.Muell.,Australia
Proteaceae,Hakea constablei,L.A.S.Johnson,Australia
Proteaceae,Hakea dactyloides,(Gaertn.) Cav.,Australia
Proteaceae,Hakea decurrens,R.Br.,Australia
Proteaceae,Hakea divaricata,L.A.S.Johnson,Australia
Proteaceae,Hakea ednieana,Tate,Australia
Proteaceae,Hakea eriantha,R.Br.,Australia
Proteaceae,Hakea eyreana,(S.Moore) McGill.,Australia
Proteaceae,Hakea fraseri,R.Br.,Australia
Proteaceae,Hakea grammatophylla,(F.Muell.) F.Muell.,Australia
Proteaceae,Hakea ivoryi,F.M.Bailey,Australia
Proteaceae,Hakea laurina,R.Br.,Australia
Proteaceae,Hakea leucoptera,R.Br.,Australia
Proteaceae,Hakea lissosperma,R.Br.,Australia
Proteaceae,Hakea lorea,R.Br.,Australia
Proteaceae,Hakea macraeana,F.Muell.,Australia
Proteaceae,Hakea macrorrhyncha,W.R.Barker,Australia
Proteaceae,Hakea megadenia,R.M.Barker,Australia
Proteaceae,Hakea ochroptera,W.R.Barker,Australia
Proteaceae,Hakea oleifolia,R.Br.,Australia
Proteaceae,Hakea pandanicarpa,R.Br.,Australia
Proteaceae,Hakea pedunculata,F.Muell.,Australia
Proteaceae,Hakea persiehana,F.Muell.,Australia
Proteaceae,Hakea petiolaris,Meisn.,Australia
Proteaceae,Hakea preissii,Meisn.,Australia
Proteaceae,Hakea propinqua,A.Cunn.,Australia
Proteaceae,Hakea prostrata,R.Br.,Australia
Proteaceae,Hakea pulvinifera,L.A.S.Johnson,Australia
Proteaceae,Hakea stenophylla,A.Cunn. ex R.Br.,Australia
Proteaceae,Hakea tephrosperma,R.Br.,Australia
Proteaceae,Helicia australasica,F.Muell.,Australia
Proteaceae,Helicia blakei,Foreman,Australia
Proteaceae,Helicia ferruginea,F.Muell.,Australia
Proteaceae,Helicia glabriflora,F.Muell.,Australia
Proteaceae,Helicia grayi,Foreman,Australia
Proteaceae,Helicia lamingtoniana,(F.M.Bailey) C.T.White ex L.S.Sm.,Australia
Proteaceae,Helicia lewisensis,Foreman,Australia
Proteaceae,Helicia nortoniana,F.M.Bailey,Australia
Proteaceae,Hicksbeachia pilosa,P.H.Weston,Australia
Proteaceae,Hicksbeachia pinnatifolia,F.Muell.,Australia
Proteaceae,Hollandaea diabolica,A.J.Ford & P.H.Weston,Australia
Proteaceae,Hollandaea sayeriana,(F.Muell.) L.S.Sm.,Australia
Proteaceae,Lambertia ericifolia,R.Br.,Australia
Proteaceae,Lambertia inermis,R.Br.,Australia
Proteaceae,Lambertia orbifolia,C.A.Gardner,Australia
Proteaceae,Lambertia rariflora,Meisn.,Australia
Proteaceae,Lasjia claudiensis,(C.L.Gross & B.Hyland) P.H.Weston & A.R.Mast,Australia
Proteaceae,Lasjia grandis,(C.L.Gross & B.Hyland) P.H.Weston & A.R.Mast,Australia
Proteaceae,Lomatia arborescens,L.R.Fraser & Vickery,Australia
Proteaceae,Lomatia fraseri,R.Br.,Australia
Proteaceae,Lomatia fraxinifolia,F.Muell. ex Benth.,Australia
Proteaceae,Lomatia myricoides,(C.F.Gaertn.) Domin,Australia
Proteaceae,Lomatia polymorpha,R.Br.,Australia
Proteaceae,Macadamia integrifolia,Maiden & Betche,Australia
Proteaceae,Macadamia jansenii,C.L.Gross & P.H.Weston,Australia
Proteaceae,Macadamia ternifolia,F.Muell.,Australia
Proteaceae,Macadamia tetraphylla,L.A.S.Johnson,Australia
Proteaceae,Megahertzia amplexicaulis,A.S.George & B.Hyland,Australia
Proteaceae,Musgravea heterophylla,L.S.Sm.,Australia
Proteaceae,Musgravea stenostachya,F.Muell,Australia
Proteaceae,Neorites kevedianus,L.S. Sm.,Australia
Proteaceae,Nothorites megacarpus,(A.S.George & B.Hyland) P.H.Weston & A.R.Mast,Australia
Proteaceae,Opisthiolepis heterophylla,L.S.Sm.,Australia
Proteaceae,Orites excelsus,R.Br.,Australia
Proteaceae,Orites milliganii,Meisn.,Australia
Proteaceae,Persoonia adenantha,Domin,Australia
Proteaceae,Persoonia amaliae,Domin,Australia
Proteaceae,Persoonia arborea,F.Muell.,Australia
Proteaceae,Persoonia conjuncta,P.H.Weston & L.A.S.Johnson,Australia
Proteaceae,Persoonia elliptica,R.Br.,Australia
Proteaceae,Persoonia falcata,R.Br.,Australia
Proteaceae,Persoonia iogyna,P.H.Weston & L.A.S.Johnson,Australia
Proteaceae,Persoonia katerae,P.H.Weston & L.A.S.Johnson,Australia
Proteaceae,Persoonia levis,(Cav.) Domin,Australia
Proteaceae,Persoonia linearis,Andrews,Australia
Proteaceae,Persoonia longifolia,R.Br.,Australia
Proteaceae,Persoonia media,R.Br.,Australia
Proteaceae,Persoonia muelleri,(P.Parm.) Orchard,Australia
Proteaceae,Persoonia silvatica,L.A.S.Johnson,Australia
Proteaceae,Persoonia stradbrokensis,Domin,Australia
Proteaceae,Persoonia subvelutina,L.A.S.Johnson,Australia
Proteaceae,Persoonia tropica,P.H.Weston & L.A.S.Johnson,Australia
Proteaceae,Placospermum coriaceum,C.T.White & W.D.Francis,Australia
Proteaceae,Sphalmium racemosum,"(C.T. White) B.G. Briggs, B. Hyland & L.A.S. Johnson",Australia
Proteaceae,Stenocarpus acacioides,F.Muell.,Australia
Proteaceae,Stenocarpus angustifolius,C.T.White,Australia
Proteaceae,Stenocarpus cryptocarpus,Foreman & B.Hyland,Australia
Proteaceae,Stenocarpus cunninghamii,R.Br.,Australia
Proteaceae,Stenocarpus davallioides,Foreman & B.Hyland,Australia
Proteaceae,Stenocarpus reticulatus,C.T.White,Australia
Proteaceae,Stenocarpus salignus,R.Br.,Australia
Proteaceae,Stenocarpus sinuatus,Endl.,Australia
Proteaceae,Stenocarpus verticis,Foreman,Australia
Proteaceae,Telopea oreades,F.Muell.,Australia
Proteaceae,Triunia erythrocarpa,Foreman,Australia
Proteaceae,Triunia montana,(C.T.White) Foreman,Australia
Proteaceae,Triunia robusta,(C.T.White) Foreman,Australia
Proteaceae,Triunia youngiana,(C.Moore & F.Muell.) L.A.S.Johnson & B.G.Briggs,Australia
Proteaceae,Xylomelum angustifolium,Kippist ex Meisn.,Australia
Proteaceae,Xylomelum benthamii,Orchard,Australia
Proteaceae,Xylomelum cunninghamianum,Foreman,Australia
Proteaceae,Xylomelum occidentale,R.Br.,Australia
Proteaceae,Xylomelum pyriforme,(Gaertn.) Knight,Australia
Proteaceae,Xylomelum scottianum,(F.Muell.) F.Muell.,Australia
Putranjivaceae,Drypetes acuminata,P.I.Forst.,Australia
Putranjivaceae,Drypetes deplanchei,(Brongn. & Gris) Merr.,Australia
Putranjivaceae,Drypetes iodoformis,L.S.Sm. ex P.I.Forst.,Australia
Putranjivaceae,Drypetes vernicosa,P.I.Forst.,Australia
Rhamnaceae,Alphitonia excelsa,(Fenzl) Reissek ex Benth.,Australia
Rhamnaceae,Alphitonia oblata,A.R.Bean,Australia
Rhamnaceae,Alphitonia petriei,Braid & C.T.White,Australia
Rhamnaceae,Alphitonia pomaderroides,(Fenzl) A.R.Bean,Australia
Rhamnaceae,Alphitonia whitei,Braid,Australia
Rhamnaceae,Emmenosperma alphitonioides,F.Muell.,Australia
Rhamnaceae,Emmenosperma cunninghamii,Benth.,Australia
Rhamnaceae,Emmenosperma pancherianum,Baill.,Australia
Rhamnaceae,Pomaderris parrisiae,N.G.Walsh,Australia
Rhamnaceae,Rhamnella vitiensis,(Benth.) A.C.Sm.,Australia
Rhamnaceae,Ventilago viminalis,Hook.,Australia
Rhamnaceae,Ziziphus oenopolia,(L.) Mill.,Australia
Rhamnaceae,Ziziphus quadrilocularis,F.Muell.,Australia
Rhamnaceae,Ziziphus timoriensis,DC.,Australia
Rhizophoraceae,Bruguiera cylindrica,(L.) Blume,Australia
Rhizophoraceae,Bruguiera exaristata,Ding Hou,Australia
Rhizophoraceae,Bruguiera gymnorhiza,(L.) Lam.,Australia
Rhizophoraceae,Bruguiera parviflora,(Roxb.) Wight & Arn. ex Griff.,Australia
Rhizophoraceae,Bruguiera sexangula,(Lour.) Poir.,Australia
Rhizophoraceae,Carallia brachiata,(Lour.) Merr.,Australia
Rhizophoraceae,Ceriops australis,"(C.T.White) Ballment, T.J.Sm. & J.A.Stoddart",Australia
Rhizophoraceae,Ceriops pseudodecandra,"Sheue, H.G.Liu, C.C.Tsai & Yuen P.Yang",Australia
Rhizophoraceae,Ceriops tagal,(Perr.) C.B.Rob.,Australia
Rhizophoraceae,Ceriops zippeliana,Blume,Australia
Rhizophoraceae,Gynotroches axillaris,Blume,Australia
Rhizophoraceae,Rhizophora apiculata,Blume,Australia
Rhizophoraceae,Rhizophora mucronata,Poir.,Australia
Rhizophoraceae,Rhizophora stylosa,Griff.,Australia
Rosaceae,Prunus turneriana,(F.M.Bailey) Kalkman,Australia
Rubiaceae,Aidia racemosa,(Cav.) Tirveng.,Australia
Rubiaceae,Amaracarpus nematopodus,(F.Muell.) P.I.Forst.,Australia
Rubiaceae,Atractocarpus benthamianus,(F.Muell.) Puttock,Australia
Rubiaceae,Atractocarpus chartaceus,(F.Muell.) Puttock,Australia
Rubiaceae,Atractocarpus fitzalanii,(F.Muell.) Puttock,Australia
Rubiaceae,Atractocarpus hirtus,(F.Muell.) Puttock,Australia
Rubiaceae,Atractocarpus merikin,(F.M.Bailey) Puttock,Australia
Rubiaceae,Atractocarpus sessilis,(F.Muell.) Puttock,Australia
Rubiaceae,Atractocarpus stipularis,(F.Muell.) Puttock ex P.S.Green,Australia
Rubiaceae,Coprosma huttoniana,P.S.Green,Australia
Rubiaceae,Coprosma putida,C.Moore & F.Muell.,Australia
Rubiaceae,Coprosma quadrifida,(Labill.) B.L.Rob.,Australia
Rubiaceae,Cyclophyllum brevipes,(Merr. & L.M.Perry) S.T.Reynolds & R.J.F.Hend.,Australia
Rubiaceae,Cyclophyllum coprosmoides,(F.Muell.) S.T.Reynolds & R.J.F.Hend.,Australia
Rubiaceae,Cyclophyllum costatum,(C.T.White) S.T.Reynolds & R.J.F.Hend.,Australia
Rubiaceae,Cyclophyllum longipetalum,S.T.Reynolds & R.J.F.Hend.,Australia
Rubiaceae,Cyclophyllum maritimum,S.T.Reynolds & R.J.F.Hend.,Australia
Rubiaceae,Cyclophyllum multiflorum,S.T.Reynolds & R.J.F.Hend.,Australia
Rubiaceae,Cyclophyllum protractum,S.T.Reynolds & R.J.F.Hend.,Australia
Rubiaceae,Cyclophyllum rostellatum,S.T.Reynolds & R.J.F.Hend.,Australia
Rubiaceae,Cyclophyllum schultzii,(O.Schwarz) S.T.Reynolds & R.J.F.Hend.,Australia
Rubiaceae,Everistia vacciniifolia,(F.Muell.) S.T.Reynolds & R.J.F.Hend.,Australia
Rubiaceae,Gardenia actinocarpa,Puttock,Australia
Rubiaceae,Gardenia dacryoides,A.Cunn. ex Puttock,Australia
Rubiaceae,Gardenia ewartii,Puttock,Australia
Rubiaceae,Gardenia faucicola,Puttock,Australia
Rubiaceae,Gardenia fucata,R.Br. ex Benth.,Australia
Rubiaceae,Gardenia gardneri,Puttock,Australia
Rubiaceae,Gardenia jabiluka,Puttock,Australia
Rubiaceae,Gardenia kakaduensis,Puttock,Australia
Rubiaceae,Gardenia megasperma,F.Muell.,Australia
Rubiaceae,Gardenia ovularis,F.M.Bailey,Australia
Rubiaceae,Gardenia pyriformis,A.Cunn. ex Benth.,Australia
Rubiaceae,Gardenia resinosa,F.Muell.,Australia
Rubiaceae,Gardenia scabrella,Puttock,Australia
Rubiaceae,Gardenia schwarzii,Puttock,Australia
Rubiaceae,Gardenia sericea,Puttock,Australia
Rubiaceae,Gardenia tessellaris,Puttock,Australia
Rubiaceae,Gardenia vilhelmii,Domin,Australia
Rubiaceae,Guettarda speciosa,L.,Australia
Rubiaceae,Guettardella ovatifolia,M.E.Jansen,Australia
Rubiaceae,Guettardella putaminosa,(F.Muell.) Benth.,Australia
Rubiaceae,Gynochthodes umbellata,(L.) Razafim. & B.Bremer,Australia
Rubiaceae,Hodgkinsonia ovatiflora,F.Muell.,Australia
Rubiaceae,Ixora beckleri,Benth.,Australia
Rubiaceae,Ixora timorensis,Decne.,Australia
Rubiaceae,Larsenaikia ochreata,(F.Muell.) Tirveng.,Australia
Rubiaceae,Morinda citrifolia,L.,Australia
Rubiaceae,Nauclea orientalis,(L.) L.,Australia
Rubiaceae,Neonauclea glabra,(Roxb.) Bakh.f. & Ridsdale,Australia
Rubiaceae,Pavetta kimberleyana,S.T.Reynolds,Australia
Rubiaceae,Pavetta muelleri,Bremek.,Australia
Rubiaceae,Pavetta platyclada,K.Schum. & Lauterb.,Australia
Rubiaceae,Psychotria nesophila,F.Muell.,Australia
Rubiaceae,Psydrax ammophila,S.T.Reynolds & R.J.F.Hend.,Australia
Rubiaceae,Psydrax attenuata,(R.Br. ex Benth.) S.T.Reynolds & R.J.F.Hend.,Australia
Rubiaceae,Psydrax banksii,S.T.Reynolds & R.J.F.Hend.,Australia
Rubiaceae,Psydrax dicoccos,Gaertn.,Australia
Rubiaceae,Psydrax forsteri,S.T.Reynolds & R.J.F.Hend.,Australia
Rubiaceae,Psydrax graciliflorus,(Merr. & L.M.Perry) S.T.Reynolds & R.J.F.Hend.,Australia
Rubiaceae,Psydrax johnsonii,S.T.Reynolds & R.J.F.Hend.,Australia
Rubiaceae,Psydrax lamprophyllus,(F.Muell.) Bridson,Australia
Rubiaceae,Psydrax latifolia,(F.Muell. ex Benth.) S.T.Reynolds & R.J.F.Hend.,Australia
Rubiaceae,Psydrax laxiflorens,S.T.Reynolds & R.J.F.Hend.,Australia
Rubiaceae,Psydrax lepidus,S.T.Reynolds & R.J.F.Hend.,Australia
Rubiaceae,Psydrax longipes,S.T.Reynolds & R.J.F.Hend.,Australia
Rubiaceae,Psydrax montigenus,S.T.Reynolds & R.J.F.Hend.,Australia
Rubiaceae,Psydrax odorata,(G.Forst.) A.C.Sm. & S.P.Darwin,Australia
Rubiaceae,Psydrax oleifolius,(Hook.) S.T.Reynolds & R.J.F.Hend.,Australia
Rubiaceae,Psydrax pallida,S.T.Reynolds & R.J.F.Hend.,Australia
Rubiaceae,Psydrax paludosus,S.T.Reynolds & R.J.F.Hend.,Australia
Rubiaceae,Psydrax pendulina,S.T.Reynolds & R.J.F.Hend.,Australia
Rubiaceae,Psydrax reticulatus,(C.T.White) S.T.Reynolds & R.J.F.Hend.,Australia
Rubiaceae,Psydrax rigidula,S.T.Reynolds & R.J.F.Hend.,Australia
Rubiaceae,Psydrax saligna,S.T.Reynolds & R.J.F.Hend.,Australia
Rubiaceae,Psydrax tropica,S.T.Reynolds & R.J.F.Hend.,Australia
Rubiaceae,Scyphiphora hydrophylacea,C.F.Gaertn.,Australia
Rubiaceae,Tarenna dallachiana,(F.Muell. ex Benth.) S.Moore,Australia
Rubiaceae,Tarenna monticola,S.T.Reynolds & P.I.Forst.,Australia
Rubiaceae,Tarenna pentamera,(Benth.) S.T.Reynolds,Australia
Rubiaceae,Timonius singularis,(F.Muell.) L.S.Sm.,Australia
Rubiaceae,Timonius timon,(Spreng.) Merr.,Australia
Rubiaceae,Triflorensia australis,(Benth.) S.T.Reynolds,Australia
Rubiaceae,Triflorensia cameronii,(C.T.White) S.T.Reynolds,Australia
Rubiaceae,Triflorensia ixoroides,(F.Muell.) S.T.Reynolds,Australia
Rutaceae,Acradenia euodiiformis,(F.Muell.) T.G.Hartley,Australia
Rutaceae,Acronychia aberrans,T.G.Hartley,Australia
Rutaceae,Acronychia acidula,F.Muell.,Australia
Rutaceae,Acronychia acronychioides,(F.Muell.) T.G.Hartley,Australia
Rutaceae,Acronychia acuminata,T.G.Hartley,Australia
Rutaceae,Acronychia baeuerlenii,T.G.Hartley,Australia
Rutaceae,Acronychia chooreechillum,(F.M.Bailey) C.T.White,Australia
Rutaceae,Acronychia crassipetala,T.G.Hartley,Australia
Rutaceae,Acronychia eungellensis,T.G.Hartley & B.Hyland,Australia
Rutaceae,Acronychia imperforata,F.Muell.,Australia
Rutaceae,Acronychia laevis,J.R.Forst. & G.Forst.,Australia
Rutaceae,Acronychia littoralis,T.G.Hartley & J.B.Williams,Australia
Rutaceae,Acronychia oblongifolia,(A.Cunn. ex Hook.) Endl. ex Heynh.,Australia
Rutaceae,Acronychia octandra,(F.Muell.) T.G.Hartley,Australia
Rutaceae,Acronychia parviflora,C.T.White,Australia
Rutaceae,Acronychia pauciflora,C.T.White,Australia
Rutaceae,Acronychia pubescens,(F.M.Bailey) C.T.White,Australia
Rutaceae,Acronychia suberosa,C.T.White,Australia
Rutaceae,Acronychia vestita,F.Muell.,Australia
Rutaceae,Acronychia wilcoxiana,(F.Muell.) T.G.Hartley,Australia
Rutaceae,Boronia muelleri,(Benth.) Cheel,Australia
Rutaceae,Boronia pinnata,Sm.,Australia
Rutaceae,Bosistoa floydii,T.G.Hartley,Australia
Rutaceae,Bosistoa medicinalis,(F.Muell.) T.G.Hartley,Australia
Rutaceae,Bosistoa pentacocca,(F.Muell.) Baill.,Australia
Rutaceae,Bosistoa transversa,J.F.Bailey & C.T.White,Australia
Rutaceae,Bouchardatia neurococca,(F.Muell.) Baill.,Australia
Rutaceae,Brombya platynema,F.Muell.,Australia
Rutaceae,Chorilaena quercifolia,Endl.,Australia
Rutaceae,Citrus australasica,F.Muell.,Australia
Rutaceae,Citrus australis,(Mudie) Planch.,Australia
Rutaceae,Citrus garrawayi,F.M.Bailey,Australia
Rutaceae,Citrus glauca,(Lindl.) Burkill,Australia
Rutaceae,Citrus gracilis,Mabb.,Australia
Rutaceae,Citrus inodora,F.M.Bailey,Australia
Rutaceae,Clausena brevistyla,Oliv.,Australia
Rutaceae,Coatesia paniculata,F.Muell.,Australia
Rutaceae,Correa lawrenciana,Hook.,Australia
Rutaceae,Dinosperma erythrococca,(F.Muell.) T.G.Hartley,Australia
Rutaceae,Euodia hylandii,T.G.Hartley,Australia
Rutaceae,Euodia pubifolia,T.G.Hartley,Australia
Rutaceae,Flindersia acuminata,C.T.White,Australia
Rutaceae,Flindersia australis,R.Br.,Australia
Rutaceae,Flindersia bennettii,F.Muell. ex C.Moore,Australia
Rutaceae,Flindersia bourjotiana,F.Muell.,Australia
Rutaceae,Flindersia brassii,T.G.Hartley & B.Hyland,Australia
Rutaceae,Flindersia brayleyana,F.Muell.,Australia
Rutaceae,Flindersia collina,(F.M.Bailey) F.M.Bailey,Australia
Rutaceae,Flindersia dissosperma,(F.Muell.) Domin,Australia
Rutaceae,Flindersia ifflana,F.Muell.,Australia
Rutaceae,Flindersia laevicarpa,C.T.White,Australia
Rutaceae,Flindersia maculosa,(Lindl.) Benth.,Australia
Rutaceae,Flindersia oppositifolia,(F.Muell.) T.G.Hartley & L.W.Jessup,Australia
Rutaceae,Flindersia pimenteliana,F.Muell.,Australia
Rutaceae,Flindersia schottiana,F.Muell.,Australia
Rutaceae,Flindersia xanthoxyla,(A.Cunn. ex Hook.) Domin,Australia
Rutaceae,Geijera linearifolia,(DC.) J.M.Black,Australia
Rutaceae,Geijera parviflora,Lindl.,Australia
Rutaceae,Geijera salicifolia,Schott,Australia
Rutaceae,Glycosmis macrophylla,(Blume) Miq.,Australia
Rutaceae,Glycosmis trifoliata,(Blume) Spreng.,Australia
Rutaceae,Halfordia kendack,Guillaumin,Australia
Rutaceae,Harrisonia brownii,A.Juss.,Australia
Rutaceae,Lunasia amara,Blanco,Australia
Rutaceae,Medicosma elliptica,T.G.Hartley,Australia
Rutaceae,Medicosma fareana,(F.Muell.) T.G.Hartley,Australia
Rutaceae,Medicosma obovata,T.G.Hartley,Australia
Rutaceae,Melicope bonwickii,(F.Muell) T.G.Hartley,Australia
Rutaceae,Melicope contermina,C.Moore & F.Muell.,Australia
Rutaceae,Melicope elleryana,(F.Muell.) T.G.Hartley,Australia
Rutaceae,Melicope jonesii,T.G.Hartley,Australia
Rutaceae,Melicope micrococca,(F.Muell.) T.G.Hartley,Australia
Rutaceae,Melicope polybotrya,(C.Moore & F.Muell.) T.G.Hartley ex P.S.Green,Australia
Rutaceae,Melicope vitiflora,(F.Muell.) T.G.Hartley,Australia
Rutaceae,Melicope xanthoxyloides,(F.Muell.) T.G.Hartley,Australia
Rutaceae,Micromelum minutum,(G.Forst.) Wight & Arn.,Australia
Rutaceae,Murraya crenulata,(Turcz.) Oliv.,Australia
Rutaceae,Murraya lucida,(G.Forst.) Mabb.,Australia
Rutaceae,Murraya paniculata,(L.) Jack,Australia
Rutaceae,Nematolepis squamea,(Labill.) Paul G. Wilson,Australia
Rutaceae,Pentaceras australe,(F.Muell.) Benth.,Australia
Rutaceae,Philotheca trachyphylla,(F.Muell.) Paul G.Wilson,Australia
Rutaceae,Pitaviaster haplophyllus,(F.Muell.) T.G.Hartley,Australia
Rutaceae,Sarcomelicope simplicifolia,(Endl.) T.G.Hartley,Australia
Rutaceae,Zanthoxylum brachyacanthum,F.Muell.,Australia
Rutaceae,Zanthoxylum nitidum,(Roxb.) DC.,Australia
Rutaceae,Zanthoxylum ovalifolium,Tutcher,Australia
Rutaceae,Zanthoxylum pinnatum,(J.R.Forst. & G.Forst.) W.R.B.Oliv.,Australia
Rutaceae,Zanthoxylum rhetsa,(Roxb.) DC.,Australia
Rutaceae,Zieria lasiocaulis,J.A.Armstr.,Australia
Salicaceae,Casearia dallachyi,F.Muell.,Australia
Salicaceae,Casearia grayi,Jessup,Australia
Salicaceae,Casearia grewiifolia,Vent.,Australia
Salicaceae,Homalium circumpinnatum,F.M.Bailey,Australia
Salicaceae,Scolopia braunii,(Klotzsch) Sleumer,Australia
Salicaceae,Xylosma maidenii,Sleumer,Australia
Santalaceae,Exocarpos aphyllus,R.Br.,Australia
Santalaceae,Exocarpos cupressiformis,Labill.,Australia
Santalaceae,Exocarpos homalocladus,C.Moore & F.Muell.,Australia
Santalaceae,Exocarpos latifolius,R.Br.,Australia
Santalaceae,Exocarpos sparteus,R.Br.,Australia
Santalaceae,Santalum acuminatum,(R. Br.) A. DC.,Australia
Santalaceae,Santalum album,L.,Australia
Santalaceae,Santalum lanceolatum,R.Br.,Australia
Santalaceae,Santalum murrayanum,C.A.Gardner,Australia
Santalaceae,Santalum spicatum,A.DC.,Australia
Sapindaceae,Alectryon connatus,(F.Muell.) Radlk.,Australia
Sapindaceae,Alectryon coriaceus,(Benth.) Radlk.,Australia
Sapindaceae,Alectryon diversifolius,(F.Muell.) Reynolds,Australia
Sapindaceae,Alectryon forsythii,(Maiden & Betche) Domin,Australia
Sapindaceae,Alectryon kimberleyanus,S.T.Reynolds,Australia
Sapindaceae,Alectryon oleifolius,(Desf.) Reynolds,Australia
Sapindaceae,Alectryon pubescens,Reynolds,Australia
Sapindaceae,Alectryon ramiflorus,S.T.Reynolds,Australia
Sapindaceae,Alectryon repandodentatus,Radlk.,Australia
Sapindaceae,Alectryon reticulatus,Radlk.,Australia
Sapindaceae,Alectryon semicinereus,(F.Muell.) Radlk.,Australia
Sapindaceae,Alectryon subcinereus,(F.Muell.) Radlk.,Australia
Sapindaceae,Alectryon subdentatus,(F.Muell.) Radlk.,Australia
Sapindaceae,Alectryon tomentosus,(F.Muell.) Radlk.,Australia
Sapindaceae,Alectryon tropicus,(Reynolds) Reynolds,Australia
Sapindaceae,Arytera bifoliolata,S.T.Reynolds,Australia
Sapindaceae,Arytera dictyoneura,S.T.Reynolds,Australia
Sapindaceae,Arytera distylis,Radlk.,Australia
Sapindaceae,Arytera divaricata,F.Muell.,Australia
Sapindaceae,Arytera foveolata,F.Muell.,Australia
Sapindaceae,Arytera lineosquamulata,H.Turner,Australia
Sapindaceae,Arytera microphylla,(Benth.) Radlk.,Australia
Sapindaceae,Arytera pauciflora,S.T.Reynolds,Australia
Sapindaceae,Arytera pseudofoveolata,H.Turner,Australia
Sapindaceae,Atalaya angustifolia,S.T.Reynolds,Australia
Sapindaceae,Atalaya australiana,Leenh.,Australia
Sapindaceae,Atalaya calcicola,S.T.Reynolds,Australia
Sapindaceae,Atalaya collina,S.T.Reynolds,Australia
Sapindaceae,Atalaya hemiglauca,(F.Muell.) F.Muell. ex Benth.,Australia
Sapindaceae,Atalaya multiflora,Benth.,Australia
Sapindaceae,Atalaya oligoclada,S.T.Reynolds,Australia
Sapindaceae,Atalaya rigida,S.T.Reynolds,Australia
Sapindaceae,Atalaya salicifolia,(DC.) Blume,Australia
Sapindaceae,Atalaya sericopetala,S.T.Reynolds,Australia
Sapindaceae,Atalaya variifolia,(F.Muell.) F.Muell. ex Benth.,Australia
Sapindaceae,Castanospora alphandii,(F.Muell.) F.Muell.,Australia
Sapindaceae,Cnesmocarpon dasyantha,(Radlk.) Adema,Australia
Sapindaceae,Cossinia australiana,S.T.Reynolds,Australia
Sapindaceae,Cupaniopsis anacardioides,(A.Rich.) Radlk.,Australia
Sapindaceae,Cupaniopsis baileyana,Radlk.,Australia
Sapindaceae,Cupaniopsis cooperorum,P.I.Forst.,Australia
Sapindaceae,Cupaniopsis dallachyi,S.T.Reynolds,Australia
Sapindaceae,Cupaniopsis diploglottoides,Adema,Australia
Sapindaceae,Cupaniopsis flagelliformis,(F.M.Bailey) Radlk.,Australia
Sapindaceae,Cupaniopsis fleckeri,S.T.Reynolds,Australia
Sapindaceae,Cupaniopsis foveolata,(F.Muell.) Radlk.,Australia
Sapindaceae,Cupaniopsis newmanii,S.T.Reynolds,Australia
Sapindaceae,Cupaniopsis papillosa,P.I.Forst.,Australia
Sapindaceae,Cupaniopsis serrata,(F.Muell.) Radlk.,Australia
Sapindaceae,Cupaniopsis shirleyana,(F.M.Bailey) Radlk.,Australia
Sapindaceae,Cupaniopsis simulata,S.T.Reynolds,Australia
Sapindaceae,Cupaniopsis tomentella,(F.Muell. ex Benth.) S.T.Reynolds,Australia
Sapindaceae,Cupaniopsis wadsworthii,(F.Muell.) Radlk.,Australia
Sapindaceae,Dictyoneura obtusa,Blume,Australia
Sapindaceae,Dimocarpus australianus,Leenh.,Australia
Sapindaceae,Diploglottis australis,(G.Don) Radlk.,Australia
Sapindaceae,Diploglottis bernieana,S.T.Reynolds,Australia
Sapindaceae,Diploglottis bracteata,Leenh.,Australia
Sapindaceae,Diploglottis campbellii,Cheel,Australia
Sapindaceae,Diploglottis diphyllostegia,(F.Muell.) F.M.Bailey,Australia
Sapindaceae,Diploglottis harpullioides,S.T.Reynolds,Australia
Sapindaceae,Diploglottis macrantha,L.S.Sm. & S.T.Reynolds,Australia
Sapindaceae,Diploglottis obovata,S.T.Reynolds,Australia
Sapindaceae,Diploglottis pedleyi,S.T.Reynolds,Australia
Sapindaceae,Diploglottis smithii,S.T.Reynolds,Australia
Sapindaceae,Dodonaea filifolia,Hook.,Australia
Sapindaceae,Dodonaea hackettiana,W.Fitzg.,Australia
Sapindaceae,Dodonaea inaequifolia,Turcz.,Australia
Sapindaceae,Dodonaea megazyga,(F.Muell.) F.Muell. ex Benth.,Australia
Sapindaceae,Dodonaea platyptera,F.Muell.,Australia
Sapindaceae,Dodonaea polyandra,Merr. & L.M.Perry,Australia
Sapindaceae,Dodonaea stenophylla,F.Muell.,Australia
Sapindaceae,Dodonaea viscosa,(L.) Jacq.,Australia
Sapindaceae,Elattostachys megalantha,S.T.Reynolds,Australia
Sapindaceae,Elattostachys microcarpa,S.T.Reynolds,Australia
Sapindaceae,Elattostachys nervosa,(F.Muell.) Radlk.,Australia
Sapindaceae,Elattostachys xylocarpa,(A.Cunn. ex F.Muell.) Radlk.,Australia
Sapindaceae,Ganophyllum falcatum,Blume,Australia
Sapindaceae,Guioa acutifolia,Radlk.,Australia
Sapindaceae,Guioa comesperma,Radlk.,Australia
Sapindaceae,Guioa coriacea,(Radlk.) Radlk.,Australia
Sapindaceae,Guioa lasioneura,Radlk.,Australia
Sapindaceae,Guioa montana,C.T.White,Australia
Sapindaceae,Guioa sarcopterifructa,Welzen,Australia
Sapindaceae,Guioa semiglauca,(F.Muell.) Radlk.,Australia
Sapindaceae,Harpullia alata,F.Muell.,Australia
Sapindaceae,Harpullia arborea,(Blanco) Radlk.,Australia
Sapindaceae,Harpullia cupanioides,Roxb.,Australia
Sapindaceae,Harpullia hillii,F.Muell.,Australia
Sapindaceae,Harpullia leichhardtii,F.Muell. ex Benth.,Australia
Sapindaceae,Harpullia pendula,Planch. ex F.Muell.,Australia
Sapindaceae,Harpullia ramiflora,Radlk.,Australia
Sapindaceae,Harpullia rhyticarpa,C.T.White,Australia
Sapindaceae,Harpullia vaga,Merr. & L.M.Perry,Australia
Sapindaceae,Jagera pseudorhus,Radlk.,Australia
Sapindaceae,Lepidopetalum fructoglabrum,Welzen,Australia
Sapindaceae,Lepisanthes rubiginosa,(Roxb.) Leenh.,Australia
Sapindaceae,Lepisanthes senegalensis,(Poir.) Leenh.,Australia
Sapindaceae,Mischarytera lautereriana,(F.M. Bailey) H. Turner,Australia
Sapindaceae,Mischarytera macrobotrys,(Merr. & L.M. Perry) H. Turner,Australia
Sapindaceae,Mischocarpus australis,S.T.Reynolds,Australia
Sapindaceae,Mischocarpus grandissimus,Radlk.,Australia
Sapindaceae,Mischocarpus lachnocarpus,Radlk.,Australia
Sapindaceae,Mischocarpus macrocarpus,S.T.Reynolds,Australia
Sapindaceae,Mischocarpus pyriformis,Radlk.,Australia
Sapindaceae,Mischocarpus stipitatus,S.T.Reynolds,Australia
Sapindaceae,Rhysotoechia bifoliolata,Radlk.,Australia
Sapindaceae,Sarcopteryx martyana,Radlk.,Australia
Sapindaceae,Sarcopteryx montana,S.T.Reynolds,Australia
Sapindaceae,Sarcopteryx reticulata,S.T.Reynolds,Australia
Sapindaceae,Sarcopteryx stipata,(F.Muell.) Radlk.,Australia
Sapindaceae,Sarcotoechia cuneata,Radlk.,Australia
Sapindaceae,Sarcotoechia lanceolata,(C.T.White) S.T.Reynolds,Australia
Sapindaceae,Sarcotoechia protracta,Radlk.,Australia
Sapindaceae,Synima cordieri,(F.Muell.) Radlk.,Australia
Sapindaceae,Synima macrophylla,S.T.Reynolds,Australia
Sapindaceae,Synima reynoldsiae,P.I.Forst.,Australia
Sapindaceae,Toechima daemelianum,Radlk.,Australia
Sapindaceae,Toechima dasyrrhache,Radlk.,Australia
Sapindaceae,Toechima erythrocarpum,(F.Muell.) Radlk.,Australia
Sapindaceae,Toechima monticola,S.T.Reynolds,Australia
Sapindaceae,Toechima pterocarpum,S.T.Reynolds,Australia
Sapindaceae,Tristiropsis acutangula,Radlk.,Australia
Sapotaceae,Amorphospermum antilogum,F.Muell.,Australia
Sapotaceae,Donella lanceolata,(Blume) Aubrév.,Australia
Sapotaceae,Manilkara kauki,(L.) Dubard,Australia
Sapotaceae,Mimusops elengi,L.,Australia
Sapotaceae,Niemeyera chartacea,(F.M.Bailey) C.T.White,Australia
Sapotaceae,Niemeyera prunifera,(F.Muell.) F.Muell.,Australia
Sapotaceae,Niemeyera whitei,(Aubrév.) Jessup,Australia
Sapotaceae,Palaquium galactoxylum,(F.Muell.) H.J.Lam,Australia
Sapotaceae,Planchonella arnhemica,(F.Muell. ex Benth.) P.Royen,Australia
Sapotaceae,Planchonella asterocarpon,"(P.Royen) Swenson, Bartish & Munzinger",Australia
Sapotaceae,Planchonella australis,(R.Br.) Pierre,Australia
Sapotaceae,Planchonella chartacea,(F.Muell. ex Benth.) H.J.Lam,Australia
Sapotaceae,Planchonella cotinifolia,(A.DC.) Dubard,Australia
Sapotaceae,Planchonella eerwah,(F.M.Bailey) P.Royen,Australia
Sapotaceae,Planchonella euphlebia,(F.Muell.) Francis,Australia
Sapotaceae,Planchonella myrsinifolia,"(F.Muell.) Swenson, Bartish & Munzinger",Australia
Sapotaceae,Planchonella myrsinodendron,"(F.Muell.) Swenson, Bartish & Munzinger",Australia
Sapotaceae,Planchonella obovata,(R.Br.) Pierre,Australia
Sapotaceae,Planchonella pohlmaniana,(F.Muell.) Pierre ex Dubard,Australia
Sapotaceae,Planchonella xylocarpa,"(C.T.White) Swenson, Bartish & Munzinger",Australia
Sapotaceae,Pleioluma brownlessiana,(F.Muell.) Swenson & Munzinger,Australia
Sapotaceae,Pleioluma laurifolia,(A.Rich.) Swenson,Australia
Sapotaceae,Pleioluma macrocarpa,(P.Royen) Swenson,Australia
Sapotaceae,Pleioluma papyracea,(P.Royen) Swenson,Australia
Sapotaceae,Pleioluma queenslandica,(P.Royen) Swenson,Australia
Sapotaceae,Pleioluma singuliflora,(C.T.White & W.D.Francis) Swenson,Australia
Sapotaceae,Pleioluma xerocarpa,(F.Muell. ex Benth.) Swenson,Australia
Sapotaceae,Sersalisia obpyriformis,(F.M.Bailey) Domin,Australia
Sapotaceae,Sersalisia sericea,(Aiton) R.Br.,Australia
Sapotaceae,Sersalisia sessiliflora,(C.T.White) Aubrév.,Australia
Sapotaceae,Sersalisia unmackiana,(F.M.Bailey) Domin,Australia
Sapotaceae,Van-royena castanosperma,(C.T.White) Aubrév.,Australia
Scrophulariaceae,Eremophila bignoniiflora,(Benth.) F.Muell.,Australia
Scrophulariaceae,Eremophila dalyana,F.Muell.,Australia
Scrophulariaceae,Eremophila interstans,(S.Moore) Diels,Australia
Scrophulariaceae,Eremophila linearis,Chinnock,Australia
Scrophulariaceae,Eremophila longifolia,(R.Br.) F.Muell.,Australia
Scrophulariaceae,Eremophila micrantha,Chinnock,Australia
Scrophulariaceae,Eremophila miniata,C.A.Gardner,Australia
Scrophulariaceae,Eremophila mitchellii,Benth.,Australia
Scrophulariaceae,Eremophila muelleriana,C.A.Gardner,Australia
Scrophulariaceae,Eremophila oldfieldii,F.Muell.,Australia
Scrophulariaceae,Eremophila oppositifolia,R.Br.,Australia
Scrophulariaceae,Eremophila pterocarpa,W.Fitzg.,Australia
Scrophulariaceae,Eremophila rigens,Chinnock,Australia
Scrophulariaceae,Eremophila santalina,(F.Muell.) F.Muell.,Australia
Scrophulariaceae,Eremophila tetraptera,C.T.White,Australia
Scrophulariaceae,Eremophila virens,C.A.Gardner,Australia
Scrophulariaceae,Eremophila youngii,F.Muell.,Australia
Scrophulariaceae,Myoporum insulare,R.Br.,Australia
Scrophulariaceae,Myoporum montanum,R.Br.,Australia
Scrophulariaceae,Myoporum platycarpum,R.Br.,Australia
Simaroubaceae,Brucea javanica,(L.) Merr.,Australia
Simaroubaceae,Samadera baileyana,Oliv.,Australia
Simaroubaceae,Samadera bidwillii,(Benth. & Hook.f.) Oliv.,Australia
Solanaceae,Duboisia leichhardtii,(F.Muell.) F.Muell.,Australia
Solanaceae,Duboisia myoporoides,R.Br.,Australia
Stemonuraceae,Gomphandra australiana,F.Muell.,Australia
Stemonuraceae,Irvingbaileya australis,(C.T.White) R.A.Howard,Australia
Surianaceae,Guilfoylia monostylis,(Benth.) F.Muell.,Australia
Surianaceae,Suriana maritima,L.,Australia
Symplocaceae,Symplocos ampulliformis,C.T.White,Australia
Symplocaceae,Symplocos baeuerlenii,R.T.Baker,Australia
Symplocaceae,Symplocos candelabrum,Brand,Australia
Symplocaceae,Symplocos cochinchinensis,(Lour.) S.Moore,Australia
Symplocaceae,Symplocos crassiramifera,Noot.,Australia
Symplocaceae,Symplocos cyanocarpa,C.T.White,Australia
Symplocaceae,Symplocos harroldii,Jessup,Australia
Symplocaceae,Symplocos paucistaminea,F.Muell. & F.M.Bailey,Australia
Symplocaceae,Symplocos stawellii,F.Muell.,Australia
Symplocaceae,Symplocos thwaitesii,F.Muell.,Australia
Tetramelaceae,Tetrameles nudiflora,R.Br.,Australia
Thymelaeaceae,Lethedon setosa,(C.T. White) Kosterm.,Australia
Thymelaeaceae,Phaleria biflora,(C.T. White) Herber,Australia
Thymelaeaceae,Phaleria chermsideana,(F.M.Bailey) C.T.White,Australia
Thymelaeaceae,Phaleria octandra,(L.) Baill.,Australia
Urticaceae,Dendrocnide cordifolia,(L.S.Sm.) Jackes,Australia
Urticaceae,Dendrocnide excelsa,(Wedd.) Chew,Australia
Urticaceae,Dendrocnide moroides,(Wedd.) Chew,Australia
Urticaceae,Dendrocnide photiniphylla,(Kunth) Chew,Australia
Urticaceae,Pipturus argenteus,(G.Forst.) Wedd.,Australia
Urticaceae,Pouzolzia australis,(Endl.) Friis & Wilmot-Dear,Australia
Violaceae,Melicytus novae-zelandiae,(A.Cunn.) P.S.Green,Australia
Violaceae,Rinorea bengalensis,(Wall.) Kuntze,Australia
Vitaceae,Leea indica,(Burm.f.) Merr.,Australia
Winteraceae,Tasmannia piperita,(Hook.f.) Miers,Australia
Winteraceae,Zygogynum howeanum,(F.Muell.) Vink,Australia
Winteraceae,Zygogynum semecarpoides,(F.Muell.) Vink,Australia
Zamiaceae,Lepidozamia hopei,(W.Hill) Regel,Australia
Zamiaceae,Lepidozamia peroffskyana,Regel,Australia
Zamiaceae,Macrozamia fraseri,Miq.,Australia
Zamiaceae,Macrozamia johnsonii,D.L.Jones & K.D.Hill,Australia
Zamiaceae,Macrozamia macdonnellii,(F.Muell. ex Miq.) A.DC.,Australia
Zamiaceae,Macrozamia moorei,F.Muell.,Australia
