family,taxon,author,native to
Acanthaceae,Aphelandra formosa,(Bonpl.) Nees,Bolivia (Plurinational State of)
Acanthaceae,Aphelandra pulcherrima,(Jacq.) Kunth,Bolivia (Plurinational State of)
Acanthaceae,Suessenguthia wenzelii,Schmidt-Leb.,Bolivia (Plurinational State of)
Achariaceae,Lindackeria paludosa,(Benth.) Gilg,Bolivia (Plurinational State of)
Achariaceae,Mayna odorata,Aubl.,Bolivia (Plurinational State of)
Achatocarpaceae,Achatocarpus microcarpus,Schinz & Autran,Bolivia (Plurinational State of)
Achatocarpaceae,Achatocarpus nigricans,Triana,Bolivia (Plurinational State of)
Actinidiaceae,Saurauia chaparensis,Soejarto,Bolivia (Plurinational State of)
Actinidiaceae,Saurauia rusbyi,Britton,Bolivia (Plurinational State of)
Actinidiaceae,Saurauia spectabilis,Hook.,Bolivia (Plurinational State of)
Alzateaceae,Alzatea verticillata,Ruiz & Pav.,Bolivia (Plurinational State of)
Anacardiaceae,Anacardium giganteum,Hancock ex Engl.,Bolivia (Plurinational State of)
Anacardiaceae,Anacardium humile,A.St.-Hil.,Bolivia (Plurinational State of)
Anacardiaceae,Anacardium occidentale,L.,Bolivia (Plurinational State of)
Anacardiaceae,Astronium fraxinifolium,Schott,Bolivia (Plurinational State of)
Anacardiaceae,Astronium graveolens,Jacq.,Bolivia (Plurinational State of)
Anacardiaceae,Astronium lecointei,Ducke,Bolivia (Plurinational State of)
Anacardiaceae,Astronium pumilum,J.D.Mitch. & Daly,Bolivia (Plurinational State of)
Anacardiaceae,Cardenasiodendron brachypterum,(Loes.) F.A.Barkley,Bolivia (Plurinational State of)
Anacardiaceae,Lithraea molleoides,(Vell.) Engl.,Bolivia (Plurinational State of)
Anacardiaceae,Loxopterygium grisebachii,Hieron. & H. Lorentz,Bolivia (Plurinational State of)
Anacardiaceae,Mauria heterophylla,Kunth,Bolivia (Plurinational State of)
Anacardiaceae,Mauria subserrata,Loes.,Bolivia (Plurinational State of)
Anacardiaceae,Mauria thaumatophylla,Loes.,Bolivia (Plurinational State of)
Anacardiaceae,Myracrodruon urundeuva,Allemão,Bolivia (Plurinational State of)
Anacardiaceae,Ochoterenaea colombiana,F.A.Barkley,Bolivia (Plurinational State of)
Anacardiaceae,Schinopsis boqueronensis,Mogni & Oakley,Bolivia (Plurinational State of)
Anacardiaceae,Schinopsis brasiliensis,Engl.,Bolivia (Plurinational State of)
Anacardiaceae,Schinopsis cornuta,Loes. ex Herzog,Bolivia (Plurinational State of)
Anacardiaceae,Schinopsis lorentzii,(Griseb.) Engl.,Bolivia (Plurinational State of)
Anacardiaceae,Schinus fasciculata,(Griseb.) I.M. Johnst.,Bolivia (Plurinational State of)
Anacardiaceae,Schinus meyeri,F.A. Barkley,Bolivia (Plurinational State of)
Anacardiaceae,Schinus microphylla,I.M.Johnst.,Bolivia (Plurinational State of)
Anacardiaceae,Schinus myrtifolia,(Griseb.) Cabrera,Bolivia (Plurinational State of)
Anacardiaceae,Schinus pearcei,Engl.,Bolivia (Plurinational State of)
Anacardiaceae,Schinus pilifera,I.M.Johnst.,Bolivia (Plurinational State of)
Anacardiaceae,Schinus polygama,(Cav.) Cabrera,Bolivia (Plurinational State of)
Anacardiaceae,Schinus venturii,F.A.Barkley,Bolivia (Plurinational State of)
Anacardiaceae,Spondias globosa,J.D.Mitch. & Daly,Bolivia (Plurinational State of)
Anacardiaceae,Spondias mombin,L.,Bolivia (Plurinational State of)
Anacardiaceae,Spondias purpurea,L.,Bolivia (Plurinational State of)
Anacardiaceae,Spondias testudinis,J.D.Mitch. & Daly,Bolivia (Plurinational State of)
Anacardiaceae,Tapirira guianensis,Aubl.,Bolivia (Plurinational State of)
Anacardiaceae,Tapirira obtusa,(Benth.) J.D.Mitch.,Bolivia (Plurinational State of)
Anacardiaceae,Thyrsodium bolivianum,J.D. Mitch. & D.C. Daly,Bolivia (Plurinational State of)
Anacardiaceae,Thyrsodium rondonianum,J.D. Mitch. & D.C. Daly,Bolivia (Plurinational State of)
Anacardiaceae,Toxicodendron striatum,(Ruiz & Pav.) Kuntze,Bolivia (Plurinational State of)
Annonaceae,Anaxagorea brevipes,Benth.,Bolivia (Plurinational State of)
Annonaceae,Anaxagorea dolichocarpa,Sprague & Sandwith,Bolivia (Plurinational State of)
Annonaceae,Annona amazonica,R.E.Fr.,Bolivia (Plurinational State of)
Annonaceae,Annona ambotay,Aubl.,Bolivia (Plurinational State of)
Annonaceae,Annona boliviana,(R.E.Fr.) H.Rainer,Bolivia (Plurinational State of)
Annonaceae,Annona cherimola,Mill.,Bolivia (Plurinational State of)
Annonaceae,Annona cordifolia,(Szyszyl.) Poepp. ex Maas & Westra,Bolivia (Plurinational State of)
Annonaceae,Annona coriacea,Mart.,Bolivia (Plurinational State of)
Annonaceae,Annona cornifolia,A.St.-Hil.,Bolivia (Plurinational State of)
Annonaceae,Annona cuspidata,(Mart.) H.Rainer,Bolivia (Plurinational State of)
Annonaceae,Annona dioica,A.St.-Hil.,Bolivia (Plurinational State of)
Annonaceae,Annona edulis,(Triana & Planch.) H.Rainer,Bolivia (Plurinational State of)
Annonaceae,Annona emarginata,(Schltdl.) H.Rainer,Bolivia (Plurinational State of)
Annonaceae,Annona excellens,R.E.Fr.,Bolivia (Plurinational State of)
Annonaceae,Annona exsucca,DC.,Bolivia (Plurinational State of)
Annonaceae,Annona foetida,Mart.,Bolivia (Plurinational State of)
Annonaceae,Annona fosteri,(Maas & Westra) H.Rainer,Bolivia (Plurinational State of)
Annonaceae,Annona herzogii,(R.E.Fr.) H.Rainer,Bolivia (Plurinational State of)
Annonaceae,Annona hypoglauca,Mart.,Bolivia (Plurinational State of)
Annonaceae,Annona jucunda,(Diels) H.Rainer,Bolivia (Plurinational State of)
Annonaceae,Annona macrocalyx,R.E.Fr.,Bolivia (Plurinational State of)
Annonaceae,Annona monticola,Mart.,Bolivia (Plurinational State of)
Annonaceae,Annona mucosa,Jacq.,Bolivia (Plurinational State of)
Annonaceae,Annona muricata,L.,Bolivia (Plurinational State of)
Annonaceae,Annona neoulei,H.Rainer,Bolivia (Plurinational State of)
Annonaceae,Annona nutans,(R.E.Fr.) R.E.Fr.,Bolivia (Plurinational State of)
Annonaceae,Annona oleifolia,Westra & H.Rainer,Bolivia (Plurinational State of)
Annonaceae,Annona papilionella,(Diels) H.Rainer,Bolivia (Plurinational State of)
Annonaceae,Annona reticulata,L.,Bolivia (Plurinational State of)
Annonaceae,Annona scandens,Diels ex Pilg.,Bolivia (Plurinational State of)
Annonaceae,Annona sericea,Dunal,Bolivia (Plurinational State of)
Annonaceae,Annona tomentosa,R.E.Fr.,Bolivia (Plurinational State of)
Annonaceae,Annona williamsii,(Rusby ex R.E.Fr.) H.Rainer,Bolivia (Plurinational State of)
Annonaceae,Bocageopsis mattogrossensis,(R.E.Fr.) R.E.Fr.,Bolivia (Plurinational State of)
Annonaceae,Bocageopsis multiflora,(Mart.) R.E.Fr.,Bolivia (Plurinational State of)
Annonaceae,Cardiopetalum calophyllum,Schltdl.,Bolivia (Plurinational State of)
Annonaceae,Cremastosperma confusum,Pirie,Bolivia (Plurinational State of)
Annonaceae,Cremastosperma leiophyllum,(Diels) R.E.Fr.,Bolivia (Plurinational State of)
Annonaceae,Cremastosperma monospermum,(Rusby) R.E.Fr.,Bolivia (Plurinational State of)
Annonaceae,Cymbopetalum brasiliense,(Vell.) Benth. ex Baill.,Bolivia (Plurinational State of)
Annonaceae,Cymbopetalum longipes,Benth. ex Diels,Bolivia (Plurinational State of)
Annonaceae,Duguetia flagellaris,Huber,Bolivia (Plurinational State of)
Annonaceae,Duguetia hadrantha,(Diels) R.E.Fr.,Bolivia (Plurinational State of)
Annonaceae,Duguetia lucida,Urb.,Bolivia (Plurinational State of)
Annonaceae,Duguetia marcgraviana,Mart.,Bolivia (Plurinational State of)
Annonaceae,Duguetia quitarensis,Benth.,Bolivia (Plurinational State of)
Annonaceae,Duguetia riparia,Huber,Bolivia (Plurinational State of)
Annonaceae,Duguetia spixiana,Mart.,Bolivia (Plurinational State of)
Annonaceae,Ephedranthus boliviensis,Chatrou & Pirie,Bolivia (Plurinational State of)
Annonaceae,Guatteria beckii,Maas & Westra,Bolivia (Plurinational State of)
Annonaceae,Guatteria blepharophylla,Mart.,Bolivia (Plurinational State of)
Annonaceae,Guatteria citriodora,Ducke,Bolivia (Plurinational State of)
Annonaceae,Guatteria discolor,R.E.Fr.,Bolivia (Plurinational State of)
Annonaceae,Guatteria duodecima,Maas & Westra,Bolivia (Plurinational State of)
Annonaceae,Guatteria dura,R.E.Fr.,Bolivia (Plurinational State of)
Annonaceae,Guatteria foliosa,Benth.,Bolivia (Plurinational State of)
Annonaceae,Guatteria hirsuta,Ruiz & Pav.,Bolivia (Plurinational State of)
Annonaceae,Guatteria maypurensis,Kunth,Bolivia (Plurinational State of)
Annonaceae,Guatteria megalophylla,Diels,Bolivia (Plurinational State of)
Annonaceae,Guatteria oblongifolia,Rusby,Bolivia (Plurinational State of)
Annonaceae,Guatteria punctata,(Aubl.) R.A.Howard,Bolivia (Plurinational State of)
Annonaceae,Guatteria sanctae-crucis,Maas & Westra,Bolivia (Plurinational State of)
Annonaceae,Guatteria schomburgkiana,Mart.,Bolivia (Plurinational State of)
Annonaceae,Guatteria scytophylla,Diels,Bolivia (Plurinational State of)
Annonaceae,Guatteria subsessilis,Mart.,Bolivia (Plurinational State of)
Annonaceae,Guatteria tomentosa,Rusby,Bolivia (Plurinational State of)
Annonaceae,Guatteria ucayalina,Huber,Bolivia (Plurinational State of)
Annonaceae,Klarobelia inundata,Chatrou,Bolivia (Plurinational State of)
Annonaceae,Klarobelia pandoensis,Chatrou,Bolivia (Plurinational State of)
Annonaceae,Malmea dielsiana,Saff. ex R.E. Fr.,Bolivia (Plurinational State of)
Annonaceae,Mosannona parva,Chatrou,Bolivia (Plurinational State of)
Annonaceae,Onychopetalum periquino,(Rusby) D.M.Johnson & N.A.Murray,Bolivia (Plurinational State of)
Annonaceae,Oxandra espintana,(Spruce ex Benth.) Baill.,Bolivia (Plurinational State of)
Annonaceae,Oxandra saxicola,Maas & Junikka,Bolivia (Plurinational State of)
Annonaceae,Oxandra xylopioides,Diels,Bolivia (Plurinational State of)
Annonaceae,Porcelia nitidifolia,Ruiz & Pav.,Bolivia (Plurinational State of)
Annonaceae,Porcelia ponderosa,(Rusby) Rusby,Bolivia (Plurinational State of)
Annonaceae,Porcelia steinbachii,(Diels) R.E. Fr.,Bolivia (Plurinational State of)
Annonaceae,Pseudomalmea diclina,(R.E. Fr.) Chatrou,Bolivia (Plurinational State of)
Annonaceae,Pseudoxandra lucida,R.E.Fr.,Bolivia (Plurinational State of)
Annonaceae,Pseudoxandra polyphleba,(Diels) R.E. Fr.,Bolivia (Plurinational State of)
Annonaceae,Ruizodendron ovale,(Ruiz & Pav.) R.E. Fr.,Bolivia (Plurinational State of)
Annonaceae,Trigynaea duckei,(R.E.Fr.) R.E.Fr.,Bolivia (Plurinational State of)
Annonaceae,Unonopsis floribunda,Diels,Bolivia (Plurinational State of)
Annonaceae,Unonopsis guatterioides,(A.DC.) R.E.Fr.,Bolivia (Plurinational State of)
Annonaceae,Unonopsis spectabilis,Diels,Bolivia (Plurinational State of)
Annonaceae,Xylopia aromatica,(Lam.) Mart.,Bolivia (Plurinational State of)
Annonaceae,Xylopia benthamii,R.E.Fr.,Bolivia (Plurinational State of)
Annonaceae,Xylopia cuspidata,Diels,Bolivia (Plurinational State of)
Annonaceae,Xylopia emarginata,Mart.,Bolivia (Plurinational State of)
Annonaceae,Xylopia frutescens,Aubl.,Bolivia (Plurinational State of)
Annonaceae,Xylopia ligustrifolia,Dunal,Bolivia (Plurinational State of)
Annonaceae,Xylopia multiflora,R.E.Fr.,Bolivia (Plurinational State of)
Annonaceae,Xylopia peruviana,R.E.Fr.,Bolivia (Plurinational State of)
Annonaceae,Xylopia sericea,A.St.-Hil.,Bolivia (Plurinational State of)
Annonaceae,Xylopia spruceana,Benth. ex Spruce,Bolivia (Plurinational State of)
Apocynaceae,Aspidosperma australe,Müll.Arg.,Bolivia (Plurinational State of)
Apocynaceae,Aspidosperma carapanauba,Pichon,Bolivia (Plurinational State of)
Apocynaceae,Aspidosperma cuspa,(Kunth) S.F.Blake ex Pittier,Bolivia (Plurinational State of)
Apocynaceae,Aspidosperma cylindrocarpon,Müll.Arg.,Bolivia (Plurinational State of)
Apocynaceae,Aspidosperma desmanthum,Benth. ex Müll.Arg.,Bolivia (Plurinational State of)
Apocynaceae,Aspidosperma excelsum,Benth.,Bolivia (Plurinational State of)
Apocynaceae,Aspidosperma macrocarpon,Mart.,Bolivia (Plurinational State of)
Apocynaceae,Aspidosperma nobile,Müll.Arg.,Bolivia (Plurinational State of)
Apocynaceae,Aspidosperma parvifolium,A.DC.,Bolivia (Plurinational State of)
Apocynaceae,Aspidosperma pyrifolium,Mart.,Bolivia (Plurinational State of)
Apocynaceae,Aspidosperma quebracho-blanco,Schltdl.,Bolivia (Plurinational State of)
Apocynaceae,Aspidosperma quirandy,Hassl.,Bolivia (Plurinational State of)
Apocynaceae,Aspidosperma ramiflorum,Müll.Arg.,Bolivia (Plurinational State of)
Apocynaceae,Aspidosperma resonans,H.J.Will. & Goyder,Bolivia (Plurinational State of)
Apocynaceae,Aspidosperma rigidum,Rusby,Bolivia (Plurinational State of)
Apocynaceae,Aspidosperma spruceanum,Benth. ex Müll.Arg.,Bolivia (Plurinational State of)
Apocynaceae,Aspidosperma subincanum,Mart.,Bolivia (Plurinational State of)
Apocynaceae,Aspidosperma tomentosum,Mart.,Bolivia (Plurinational State of)
Apocynaceae,Aspidosperma triternatum,Rojas Acosta,Bolivia (Plurinational State of)
Apocynaceae,Cascabela thevetia,(L.) Lippold,Bolivia (Plurinational State of)
Apocynaceae,Couma macrocarpa,Barb.Rodr.,Bolivia (Plurinational State of)
Apocynaceae,Geissospermum reticulatum,A.H.Gentry,Bolivia (Plurinational State of)
Apocynaceae,Hancornia speciosa,Gomes,Bolivia (Plurinational State of)
Apocynaceae,Himatanthus articulatus,(Vahl) Woodson,Bolivia (Plurinational State of)
Apocynaceae,Himatanthus obovatus,(Müll.Arg.) Woodson,Bolivia (Plurinational State of)
Apocynaceae,Himatanthus tarapotensis,(K.Schum. ex Markgr.) Plumel,Bolivia (Plurinational State of)
Apocynaceae,Lacmellea arborescens,(Müll.Arg.) Markgr.,Bolivia (Plurinational State of)
Apocynaceae,Laxoplumeria tessmannii,Markgr.,Bolivia (Plurinational State of)
Apocynaceae,Malouetia tamaquarina,(Aubl.) A.DC.,Bolivia (Plurinational State of)
Apocynaceae,Parahancornia fasciculata,(Poir.) Benoist,Bolivia (Plurinational State of)
Apocynaceae,Rauvolfia andina,Markgr.,Bolivia (Plurinational State of)
Apocynaceae,Rauvolfia ligustrina,Roem. & Schult.,Bolivia (Plurinational State of)
Apocynaceae,Rauvolfia praecox,K.Schum. ex Markgr.,Bolivia (Plurinational State of)
Apocynaceae,Rauvolfia schuelii,Speg.,Bolivia (Plurinational State of)
Apocynaceae,Rauvolfia sellowii,Müll.Arg.,Bolivia (Plurinational State of)
Apocynaceae,Tabernaemontana amygdalifolia,Jacq.,Bolivia (Plurinational State of)
Apocynaceae,Tabernaemontana catharinensis,A.DC.,Bolivia (Plurinational State of)
Apocynaceae,Tabernaemontana cuspidata,Rusby,Bolivia (Plurinational State of)
Apocynaceae,Tabernaemontana cymosa,Jacq.,Bolivia (Plurinational State of)
Apocynaceae,Tabernaemontana heterophylla,Vahl,Bolivia (Plurinational State of)
Apocynaceae,Tabernaemontana linkii,A.DC.,Bolivia (Plurinational State of)
Apocynaceae,Tabernaemontana siphilitica,(L.f.) Leeuwenb.,Bolivia (Plurinational State of)
Apocynaceae,Tabernaemontana vanheurckii,Müll.Arg.,Bolivia (Plurinational State of)
Apocynaceae,Vallesia glabra,(Cav.) Link,Bolivia (Plurinational State of)
Aquifoliaceae,Ilex affinis,Gardner,Bolivia (Plurinational State of)
Aquifoliaceae,Ilex aggregata,(Ruiz & Pav.) Loes.,Bolivia (Plurinational State of)
Aquifoliaceae,Ilex amboroica,Loes.,Bolivia (Plurinational State of)
Aquifoliaceae,Ilex amplifolia,Rusby,Bolivia (Plurinational State of)
Aquifoliaceae,Ilex andicola,Loes.,Bolivia (Plurinational State of)
Aquifoliaceae,Ilex ardisiifrons,Reissek,Bolivia (Plurinational State of)
Aquifoliaceae,Ilex argentina,Lillo,Bolivia (Plurinational State of)
Aquifoliaceae,Ilex boliviana,Britton,Bolivia (Plurinational State of)
Aquifoliaceae,Ilex goudotii,Loes.,Bolivia (Plurinational State of)
Aquifoliaceae,Ilex guayusa,Loes.,Bolivia (Plurinational State of)
Aquifoliaceae,Ilex hippocrateoides,Kunth,Bolivia (Plurinational State of)
Aquifoliaceae,Ilex hualgayoca,Loizeau & Spichiger,Bolivia (Plurinational State of)
Aquifoliaceae,Ilex inundata,Poepp. ex Reissek,Bolivia (Plurinational State of)
Aquifoliaceae,Ilex jenmanii,Loes.,Bolivia (Plurinational State of)
Aquifoliaceae,Ilex laurina,Kunth,Bolivia (Plurinational State of)
Aquifoliaceae,Ilex mandonii,Loes.,Bolivia (Plurinational State of)
Aquifoliaceae,Ilex myricoides,Kunth,Bolivia (Plurinational State of)
Aquifoliaceae,Ilex nervosa,Triana,Bolivia (Plurinational State of)
Aquifoliaceae,Ilex paraguariensis,A.St.-Hil.,Bolivia (Plurinational State of)
Aquifoliaceae,Ilex pseudoebenacea,Loes.,Bolivia (Plurinational State of)
Aquifoliaceae,Ilex sessiliflora,Triana & Planch.,Bolivia (Plurinational State of)
Aquifoliaceae,Ilex teratopis,Loes.,Bolivia (Plurinational State of)
Araliaceae,Aralia soratensis,Marchal,Bolivia (Plurinational State of)
Araliaceae,Aralia warmingiana,(Marchal) J.Wen,Bolivia (Plurinational State of)
Araliaceae,Dendropanax alaris,(Schltdl.) Decne. & Planch.,Bolivia (Plurinational State of)
Araliaceae,Dendropanax arboreus,(L.) Decne. & Planch.,Bolivia (Plurinational State of)
Araliaceae,Dendropanax bolivianus,Gand.,Bolivia (Plurinational State of)
Araliaceae,Dendropanax cuneatus,(DC.) Decne. & Planch.,Bolivia (Plurinational State of)
Araliaceae,Dendropanax macropodus,(Harms) Harms,Bolivia (Plurinational State of)
Araliaceae,Dendropanax oblongifolius,Rusby,Bolivia (Plurinational State of)
Araliaceae,Dendropanax williamsii,(Harms) Harms,Bolivia (Plurinational State of)
Araliaceae,Didymopanax distractiflorus,Harms,Bolivia (Plurinational State of)
Araliaceae,Didymopanax morototoni,(Aubl.) Decne. & Planch.,Bolivia (Plurinational State of)
Araliaceae,Oreopanax artocarpoides,Standl.,Bolivia (Plurinational State of)
Araliaceae,Oreopanax atopanthus,Harms,Bolivia (Plurinational State of)
Araliaceae,Oreopanax boliviensis,Seem.,Bolivia (Plurinational State of)
Araliaceae,Oreopanax capitatus,(Jacq.) Decne. & Planch.,Bolivia (Plurinational State of)
Araliaceae,Oreopanax herzogii,Harms,Bolivia (Plurinational State of)
Araliaceae,Oreopanax ilicifolius,Marchal,Bolivia (Plurinational State of)
Araliaceae,Oreopanax kuntzei,Harms ex Kuntze,Bolivia (Plurinational State of)
Araliaceae,Oreopanax macrocephalus,Decne. & Planch. ex Wedd.,Bolivia (Plurinational State of)
Araliaceae,Oreopanax membranaceus,Rusby,Bolivia (Plurinational State of)
Araliaceae,Oreopanax pentlandianus,Decne. & Planch. ex Wedd.,Bolivia (Plurinational State of)
Araliaceae,Oreopanax ruizii,Decne. & Planch. ex Harms,Bolivia (Plurinational State of)
Araliaceae,Oreopanax rusbyi,Britton,Bolivia (Plurinational State of)
Araliaceae,Oreopanax steinbachianus,Harms,Bolivia (Plurinational State of)
Araliaceae,Oreopanax thaumasiophyllus,Harms,Bolivia (Plurinational State of)
Araliaceae,Oreopanax trollii,Harms,Bolivia (Plurinational State of)
Araliaceae,Sciodaphyllum allocotanthum,"(Harms) Lowry, G.M.Plunkett & M.M.Mora",Bolivia (Plurinational State of)
Araliaceae,Sciodaphyllum bangii,"(Harms) Lowry, G.M.Plunkett & M.M.Mora",Bolivia (Plurinational State of)
Araliaceae,Sciodaphyllum buchtienii,"(Harms) Lowry, G.M.Plunkett & M.M.Mora",Bolivia (Plurinational State of)
Araliaceae,Sciodaphyllum herzogii,"(Harms) Lowry, G.M.Plunkett & M.M.Mora",Bolivia (Plurinational State of)
Araliaceae,Sciodaphyllum inambaricum,"(Harms) Lowry, G.M.Plunkett & M.M.Mora",Bolivia (Plurinational State of)
Araliaceae,Sciodaphyllum kuntzei,"(Harms ex Kuntze) Lowry, G.M.Plunkett & M.M.Mora",Bolivia (Plurinational State of)
Araliaceae,Sciodaphyllum nebularum,"(Harms) Lowry, G.M.Plunkett & M.M.Mora",Bolivia (Plurinational State of)
Araliaceae,Sciodaphyllum nephelophilum,"(Harms) Lowry, G.M.Plunkett & M.M.Mora",Bolivia (Plurinational State of)
Araliaceae,Sciodaphyllum patulum,Rusby,Bolivia (Plurinational State of)
Araliaceae,Sciodaphyllum rivas-martinezii,A.Fuentes & Cayola,Bolivia (Plurinational State of)
Araliaceae,Sciodaphyllum tipuanicum,"(Harms) Lowry, G.M.Plunkett & M.M.Mora",Bolivia (Plurinational State of)
Araliaceae,Sciodaphyllum trollii,"(Harms) Lowry, G.M.Plunkett & M.M.Mora",Bolivia (Plurinational State of)
Arecaceae,Acrocomia totai,Mart.,Bolivia (Plurinational State of)
Arecaceae,Aiphanes horrida,(Jacq.) Burret,Bolivia (Plurinational State of)
Arecaceae,Astrocaryum aculeatum,G.Mey.,Bolivia (Plurinational State of)
Arecaceae,Astrocaryum chonta,Mart.,Bolivia (Plurinational State of)
Arecaceae,Astrocaryum gratum,F.Kahn & B.Millán,Bolivia (Plurinational State of)
Arecaceae,Astrocaryum huaimi,Mart.,Bolivia (Plurinational State of)
Arecaceae,Astrocaryum jauari,Mart.,Bolivia (Plurinational State of)
Arecaceae,Astrocaryum tucuma,Mart.,Bolivia (Plurinational State of)
Arecaceae,Astrocaryum ulei,Burret,Bolivia (Plurinational State of)
Arecaceae,Attalea butyracea,(Mutis ex L.f.) Wess.Boer,Bolivia (Plurinational State of)
Arecaceae,Attalea cephalotus,Poepp. ex Mart.,Bolivia (Plurinational State of)
Arecaceae,Attalea eichleri,(Drude) A.J.Hend.,Bolivia (Plurinational State of)
Arecaceae,Attalea maripa,(Aubl.) Mart.,Bolivia (Plurinational State of)
Arecaceae,Attalea phalerata,Mart. ex Spreng.,Bolivia (Plurinational State of)
Arecaceae,Attalea princeps,Mart.,Bolivia (Plurinational State of)
Arecaceae,Attalea speciosa,Mart.,Bolivia (Plurinational State of)
Arecaceae,Bactris acanthocarpa,Mart.,Bolivia (Plurinational State of)
Arecaceae,Bactris brongniartii,Mart.,Bolivia (Plurinational State of)
Arecaceae,Bactris concinna,Mart.,Bolivia (Plurinational State of)
Arecaceae,Bactris corossilla,H.Karst.,Bolivia (Plurinational State of)
Arecaceae,Bactris elegans,Schaedtler,Bolivia (Plurinational State of)
Arecaceae,Bactris faucium,Mart.,Bolivia (Plurinational State of)
Arecaceae,Bactris gasipaes,Kunth,Bolivia (Plurinational State of)
Arecaceae,Bactris glaucescens,Drude,Bolivia (Plurinational State of)
Arecaceae,Bactris hirta,Mart.,Bolivia (Plurinational State of)
Arecaceae,Bactris macroacantha,Mart.,Bolivia (Plurinational State of)
Arecaceae,Bactris major,Jacq.,Bolivia (Plurinational State of)
Arecaceae,Bactris maraja,Mart.,Bolivia (Plurinational State of)
Arecaceae,Bactris martiana,A.J.Hend.,Bolivia (Plurinational State of)
Arecaceae,Bactris riparia,Mart.,Bolivia (Plurinational State of)
Arecaceae,Ceroxylon parvifrons,(Engel) H.Wendl.,Bolivia (Plurinational State of)
Arecaceae,Ceroxylon pityrophyllum,(Mart.) Mart. ex H.Wendl.,Bolivia (Plurinational State of)
Arecaceae,Chamaedorea angustisecta,Burret,Bolivia (Plurinational State of)
Arecaceae,Chamaedorea linearis,(Ruiz & Pav.) Mart.,Bolivia (Plurinational State of)
Arecaceae,Chamaedorea pinnatifrons,(Jacq.) Oerst.,Bolivia (Plurinational State of)
Arecaceae,Chelyocarpus chuco,(Mart.) H.E.Moore,Bolivia (Plurinational State of)
Arecaceae,Copernicia alba,Morong,Bolivia (Plurinational State of)
Arecaceae,Desmoncus polyacanthos,Mart.,Bolivia (Plurinational State of)
Arecaceae,Dictyocaryum lamarckianum,(Mart.) H.Wendl.,Bolivia (Plurinational State of)
Arecaceae,Euterpe catinga,Wallace,Bolivia (Plurinational State of)
Arecaceae,Euterpe precatoria,Mart.,Bolivia (Plurinational State of)
Arecaceae,Geonoma brongniartii,Mart.,Bolivia (Plurinational State of)
Arecaceae,Geonoma deversa,(Poit.) Kunth,Bolivia (Plurinational State of)
Arecaceae,Geonoma interrupta,(Ruiz & Pav.) Mart.,Bolivia (Plurinational State of)
Arecaceae,Geonoma laxiflora,Mart.,Bolivia (Plurinational State of)
Arecaceae,Geonoma macrostachys,Mart.,Bolivia (Plurinational State of)
Arecaceae,Geonoma maxima,(Poit.) Kunth,Bolivia (Plurinational State of)
Arecaceae,Geonoma occidentalis,(A.J.Hend.) A.J.Hend.,Bolivia (Plurinational State of)
Arecaceae,Geonoma orbignyana,Mart.,Bolivia (Plurinational State of)
Arecaceae,Geonoma pohliana,Mart.,Bolivia (Plurinational State of)
Arecaceae,Geonoma stricta,(Poit.) Kunth,Bolivia (Plurinational State of)
Arecaceae,Geonoma undata,Klotzsch,Bolivia (Plurinational State of)
Arecaceae,Hyospathe elegans,Mart.,Bolivia (Plurinational State of)
Arecaceae,Iriartea deltoidea,Ruiz & Pav.,Bolivia (Plurinational State of)
Arecaceae,Iriartella stenocarpa,Burret,Bolivia (Plurinational State of)
Arecaceae,Mauritia flexuosa,L.f.,Bolivia (Plurinational State of)
Arecaceae,Mauritiella armata,(Mart.) Burret,Bolivia (Plurinational State of)
Arecaceae,Oenocarpus balickii,F.Kahn,Bolivia (Plurinational State of)
Arecaceae,Oenocarpus bataua,Mart.,Bolivia (Plurinational State of)
Arecaceae,Oenocarpus distichus,Mart.,Bolivia (Plurinational State of)
Arecaceae,Oenocarpus mapora,H.Karst.,Bolivia (Plurinational State of)
Arecaceae,Parajubaea sunkha,M.Moraes,Bolivia (Plurinational State of)
Arecaceae,Parajubaea torallyi,(Mart.) Burret,Bolivia (Plurinational State of)
Arecaceae,Phytelephas macrocarpa,Ruiz & Pav.,Bolivia (Plurinational State of)
Arecaceae,Phytelephas tenuicaulis,(Barfod) A.J.Hend.,Bolivia (Plurinational State of)
Arecaceae,Prestoea acuminata,(Willd.) H.E.Moore,Bolivia (Plurinational State of)
Arecaceae,Socratea exorrhiza,(Mart.) H.Wendl.,Bolivia (Plurinational State of)
Arecaceae,Socratea salazarii,H.E.Moore,Bolivia (Plurinational State of)
Arecaceae,Syagrus cardenasii,Glassman,Bolivia (Plurinational State of)
Arecaceae,Syagrus comosa,(Mart.) Mart.,Bolivia (Plurinational State of)
Arecaceae,Syagrus oleracea,(Mart.) Becc.,Bolivia (Plurinational State of)
Arecaceae,Syagrus sancona,(Kunth) H.Karst.,Bolivia (Plurinational State of)
Arecaceae,Syagrus yungasensis,M.Moraes,Bolivia (Plurinational State of)
Arecaceae,Trithrinax schizophylla,Drude,Bolivia (Plurinational State of)
Arecaceae,Wettinia augusta,Poepp. & Endl.,Bolivia (Plurinational State of)
Asparagaceae,Cordyline sellowiana,Kunth,Bolivia (Plurinational State of)
Asteraceae,Ageratina gloeoclada,(B.L.Rob.) R.M.King & H.Rob.,Bolivia (Plurinational State of)
Asteraceae,Baccharis brachylaenoides,DC.,Bolivia (Plurinational State of)
Asteraceae,Baccharis buchtienii,H.Rob.,Bolivia (Plurinational State of)
Asteraceae,Baccharis latifolia,(Ruiz & Pav.) Pers.,Bolivia (Plurinational State of)
Asteraceae,Baccharis nitida,(Ruiz & Pav.) Pers.,Bolivia (Plurinational State of)
Asteraceae,Baccharis papillosa,Rusby,Bolivia (Plurinational State of)
Asteraceae,Baccharis punctulata,DC.,Bolivia (Plurinational State of)
Asteraceae,Baccharis salicifolia,(Ruiz & Pav.) Pers.,Bolivia (Plurinational State of)
Asteraceae,Barnadesia corymbosa,D.Don,Bolivia (Plurinational State of)
Asteraceae,Barnadesia polyacantha,Wedd.,Bolivia (Plurinational State of)
Asteraceae,Clibadium surinamense,L.,Bolivia (Plurinational State of)
Asteraceae,Clibadium sylvestre,(Aubl.) Baill.,Bolivia (Plurinational State of)
Asteraceae,Cnicothamnus lorentzii,Griseb.,Bolivia (Plurinational State of)
Asteraceae,Critonia morifolia,(Mill.) R.M.King & H.Rob.,Bolivia (Plurinational State of)
Asteraceae,Critoniopsis choquetangensis,H.Rob.,Bolivia (Plurinational State of)
Asteraceae,Critoniopsis lewisii,H.Rob.,Bolivia (Plurinational State of)
Asteraceae,Critoniopsis pycnantha,(Benth.) H.Rob.,Bolivia (Plurinational State of)
Asteraceae,Dasyphyllum brasiliense,(Spreng.) Cabrera,Bolivia (Plurinational State of)
Asteraceae,Dasyphyllum hystrix,(Wedd.) Cabrera,Bolivia (Plurinational State of)
Asteraceae,Dendrophorbium tabacifolium,(Rusby) C.Jeffrey,Bolivia (Plurinational State of)
Asteraceae,Dinoseris salicifolia,Griseb.,Bolivia (Plurinational State of)
Asteraceae,Eirmocephala megaphylla,(Hieron.) H.Rob.,Bolivia (Plurinational State of)
Asteraceae,Eremanthus mattogrossensis,Kuntze,Bolivia (Plurinational State of)
Asteraceae,Eremanthus rondoniensis,MacLeish & H.Schumach.,Bolivia (Plurinational State of)
Asteraceae,Gochnatia palosanto,Cabrera,Bolivia (Plurinational State of)
Asteraceae,Gynoxys asterotricha,Sch.Bip.,Bolivia (Plurinational State of)
Asteraceae,Gynoxys baccharoides,(Kunth) Cass.,Bolivia (Plurinational State of)
Asteraceae,Gynoxys cochabambensis,Cabrera,Bolivia (Plurinational State of)
Asteraceae,Gynoxys compressissima,Cuatrec.,Bolivia (Plurinational State of)
Asteraceae,Gynoxys mandonii,Sch.Bip. ex Rusby,Bolivia (Plurinational State of)
Asteraceae,Gynoxys psilophylla,Klatt,Bolivia (Plurinational State of)
Asteraceae,Gynoxys sorataensis,Cuatrec.,Bolivia (Plurinational State of)
Asteraceae,Gynoxys tablaensis,Cabrera,Bolivia (Plurinational State of)
Asteraceae,Kaunia camataguiensis,(Hieron.) R.M.King & H.Rob.,Bolivia (Plurinational State of)
Asteraceae,Kaunia endyta,(B.L.Rob.) R.M.King & H.Rob.,Bolivia (Plurinational State of)
Asteraceae,Kaunia gynoximorpha,(Rusby ex B.L.Rob.) R.M.King & H.Rob.,Bolivia (Plurinational State of)
Asteraceae,Kaunia lasiophthalma,(Griseb.) R.M.King & H.Rob.,Bolivia (Plurinational State of)
Asteraceae,Kaunia longipetiolata,(Sch.Bip. ex Rusby) R.M.King & H.Rob.,Bolivia (Plurinational State of)
Asteraceae,Kaunia rufescens,(Lund ex DC.) R.M.King & H.Rob.,Bolivia (Plurinational State of)
Asteraceae,Nordenstamia kingii,(H.Rob. & Cuatrec.) B.Nord.,Bolivia (Plurinational State of)
Asteraceae,Nordenstamia repanda,(Wedd.) Lundin,Bolivia (Plurinational State of)
Asteraceae,Oyedaea boliviana,Britton,Bolivia (Plurinational State of)
Asteraceae,Piptocarpha lechleri,(Sch.Bip.) Baker,Bolivia (Plurinational State of)
Asteraceae,Piptocarpha opaca,(Benth.) Baker,Bolivia (Plurinational State of)
Asteraceae,Piptocarpha poeppigiana,(DC.) Baker,Bolivia (Plurinational State of)
Asteraceae,Piptocarpha rotundifolia,(Less.) Baker,Bolivia (Plurinational State of)
Asteraceae,Raulinoreitzia crenulata,(Spreng.) R.M.King & H.Rob.,Bolivia (Plurinational State of)
Asteraceae,Tessaria andina,"M.Monge, Anderb. & Semir",Bolivia (Plurinational State of)
Asteraceae,Tessaria integrifolia,Ruiz & Pav.,Bolivia (Plurinational State of)
Asteraceae,Verbesina cumingii,(Griseb.) Sch.Bip. ex S.F.Blake,Bolivia (Plurinational State of)
Asteraceae,Vernonanthura ferruginea,(Less.) H.Rob.,Bolivia (Plurinational State of)
Asteraceae,Vernonanthura patens,(Kunth) H.Rob.,Bolivia (Plurinational State of)
Asteraceae,Vernonanthura phosphorica,(Vell.) H.Rob.,Bolivia (Plurinational State of)
Betulaceae,Alnus acuminata,Kunth,Bolivia (Plurinational State of)
Bignoniaceae,Cybistax antisyphilitica,(Mart.) Mart.,Bolivia (Plurinational State of)
Bignoniaceae,Godmania aesculifolia,(Kunth) Standl.,Bolivia (Plurinational State of)
Bignoniaceae,Handroanthus barbatus,(E.Mey.) Mattos,Bolivia (Plurinational State of)
Bignoniaceae,Handroanthus capitatus,(Bureau & K.Schum.) Mattos,Bolivia (Plurinational State of)
Bignoniaceae,Handroanthus heptaphyllus,(Vell.) Mattos,Bolivia (Plurinational State of)
Bignoniaceae,Handroanthus impetiginosus,(Mart. ex DC.) Mattos,Bolivia (Plurinational State of)
Bignoniaceae,Handroanthus incanus,(A.H.Gentry) S.O.Grose,Bolivia (Plurinational State of)
Bignoniaceae,Handroanthus lapacho,(K.Schum.) S.O.Grose,Bolivia (Plurinational State of)
Bignoniaceae,Handroanthus ochraceus,(Cham.) Mattos,Bolivia (Plurinational State of)
Bignoniaceae,Handroanthus selachidentatus,(A.H.Gentry) S.O.Grose,Bolivia (Plurinational State of)
Bignoniaceae,Handroanthus serratifolius,(Vahl) S.O.Grose,Bolivia (Plurinational State of)
Bignoniaceae,Jacaranda copaia,(Aubl.) D.Don,Bolivia (Plurinational State of)
Bignoniaceae,Jacaranda cuspidifolia,Mart.,Bolivia (Plurinational State of)
Bignoniaceae,Jacaranda decurrens,Cham.,Bolivia (Plurinational State of)
Bignoniaceae,Jacaranda glabra,(DC.) Bureau & K.Schum.,Bolivia (Plurinational State of)
Bignoniaceae,Jacaranda mimosifolia,D.Don,Bolivia (Plurinational State of)
Bignoniaceae,Jacaranda obtusifolia,Bonpl.,Bolivia (Plurinational State of)
Bignoniaceae,Jacaranda rufa,Silva Manso,Bolivia (Plurinational State of)
Bignoniaceae,Sparattosperma leucanthum,(Vell.) K.Schum.,Bolivia (Plurinational State of)
Bignoniaceae,Tabebuia aurea,(Silva Manso) Benth. & Hook.f. ex S.Moore,Bolivia (Plurinational State of)
Bignoniaceae,Tabebuia insignis,(Miq.) Sandwith,Bolivia (Plurinational State of)
Bignoniaceae,Tabebuia nodosa,(Griseb.) Griseb.,Bolivia (Plurinational State of)
Bignoniaceae,Tabebuia roseoalba,(Ridl.) Sandwith,Bolivia (Plurinational State of)
Bignoniaceae,Tecoma fulva,(Cav.) G.Don,Bolivia (Plurinational State of)
Bignoniaceae,Tecoma stans,(L.) Juss. ex Kunth,Bolivia (Plurinational State of)
Bignoniaceae,Zeyheria tuberculosa,(Vell.) Bureau ex Verl.,Bolivia (Plurinational State of)
Bixaceae,Bixa orellana,L.,Bolivia (Plurinational State of)
Bixaceae,Bixa urucurana,Willd.,Bolivia (Plurinational State of)
Bixaceae,Cochlospermum regium,(Schrank) Pilg.,Bolivia (Plurinational State of)
Bixaceae,Cochlospermum tetraporum,Hallier f.,Bolivia (Plurinational State of)
Bixaceae,Cochlospermum vitifolium,(Willd.) Spreng.,Bolivia (Plurinational State of)
Boraginaceae,Cordia alliodora,(Ruiz & Pav.) Oken,Bolivia (Plurinational State of)
Boraginaceae,Cordia americana,(L.) Gottschling & J.S.Mill.,Bolivia (Plurinational State of)
Boraginaceae,Cordia bicolor,A.DC.,Bolivia (Plurinational State of)
Boraginaceae,Cordia dentata,Poir.,Bolivia (Plurinational State of)
Boraginaceae,Cordia glabrata,(Mart.) A.DC.,Bolivia (Plurinational State of)
Boraginaceae,Cordia insignis,Cham.,Bolivia (Plurinational State of)
Boraginaceae,Cordia kingstoniana,J.S.Mill.,Bolivia (Plurinational State of)
Boraginaceae,Cordia oliveri,(Britton) Gottschling & J.S.Mill.,Bolivia (Plurinational State of)
Boraginaceae,Cordia panamensis,L.Riley,Bolivia (Plurinational State of)
Boraginaceae,Cordia saccellia,Gottschling & J.S.Mill.,Bolivia (Plurinational State of)
Boraginaceae,Cordia santacruzensis,J.S.Mill. & M.Nee,Bolivia (Plurinational State of)
Boraginaceae,Cordia sprucei,Mez,Bolivia (Plurinational State of)
Boraginaceae,Cordia tetrandra,Aubl.,Bolivia (Plurinational State of)
Boraginaceae,Cordia trichotoma,(Vell.) Arráb. ex Steud.,Bolivia (Plurinational State of)
Boraginaceae,Cordia ucayaliensis,(I.M.Johnst.) I.M.Johnst.,Bolivia (Plurinational State of)
Boraginaceae,Cordia weddellii,I.M.Johnst.,Bolivia (Plurinational State of)
Boraginaceae,Heliotropium rufipilum,(Benth.) I.M.Johnst.,Bolivia (Plurinational State of)
Boraginaceae,Varronia spinescens,(L.) Borhidi,Bolivia (Plurinational State of)
Brunelliaceae,Brunellia boliviana,Britton ex Rusby,Bolivia (Plurinational State of)
Brunelliaceae,Brunellia brunnea,J.F.Macbr.,Bolivia (Plurinational State of)
Brunelliaceae,Brunellia oliveri,Britton,Bolivia (Plurinational State of)
Brunelliaceae,Brunellia rhoides,Rusby,Bolivia (Plurinational State of)
Burseraceae,Commiphora leptophloeos,(Mart.) J.B.Gillett,Bolivia (Plurinational State of)
Burseraceae,Dacryodes belemensis,Cuatrec.,Bolivia (Plurinational State of)
Burseraceae,Dacryodes sudyungasensis,Daly & M.C.Martínez,Bolivia (Plurinational State of)
Burseraceae,Protium altissimum,(Aubl.) Marchand,Bolivia (Plurinational State of)
Burseraceae,Protium amazonicum,(Cuatrec.) Daly,Bolivia (Plurinational State of)
Burseraceae,Protium aracouchini,(Aubl.) Marchand,Bolivia (Plurinational State of)
Burseraceae,Protium carnosum,A.C.Sm.,Bolivia (Plurinational State of)
Burseraceae,Protium glabrescens,Swart,Bolivia (Plurinational State of)
Burseraceae,Protium goudotianum,(Tul.) Byng & Christenh.,Bolivia (Plurinational State of)
Burseraceae,Protium heptaphyllum,(Aubl.) Marchand,Bolivia (Plurinational State of)
Burseraceae,Protium meridionale,Swart,Bolivia (Plurinational State of)
Burseraceae,Protium montanum,Swart,Bolivia (Plurinational State of)
Burseraceae,Protium puncticulatum,J.F.Macbr.,Bolivia (Plurinational State of)
Burseraceae,Protium rhynchophyllum,(Rusby) D.C. Daly,Bolivia (Plurinational State of)
Burseraceae,Protium robustum,(Swart) D.M.Porter,Bolivia (Plurinational State of)
Burseraceae,Protium sagotianum,Marchand,Bolivia (Plurinational State of)
Burseraceae,Protium spruceanum,(Benth.) Engl.,Bolivia (Plurinational State of)
Burseraceae,Protium stevensonii,(Standl.) Daly,Bolivia (Plurinational State of)
Burseraceae,Protium unifoliolatum,Engl.,Bolivia (Plurinational State of)
Burseraceae,Trattinnickia boliviana,(Swart) Daly,Bolivia (Plurinational State of)
Burseraceae,Trattinnickia burserifolia,Mart.,Bolivia (Plurinational State of)
Burseraceae,Trattinnickia lawrancei,Standl. ex Swart,Bolivia (Plurinational State of)
Burseraceae,Trattinnickia rhoifolia,Willd.,Bolivia (Plurinational State of)
Buxaceae,Styloceras brokawii,A.H.Gentry & R.B.Foster,Bolivia (Plurinational State of)
Buxaceae,Styloceras columnare,Müll. Arg.,Bolivia (Plurinational State of)
Buxaceae,Styloceras connatum,Torrez & P. Jørg.,Bolivia (Plurinational State of)
Buxaceae,Styloceras laurifolium,(Willd.) Kunth,Bolivia (Plurinational State of)
Cactaceae,Austrocylindropuntia subulata,(Muehlenpf.) Backeb.,Bolivia (Plurinational State of)
Cactaceae,Brasiliopuntia brasiliensis,(Willd.) A.Berger,Bolivia (Plurinational State of)
Cactaceae,Castellanosia caineana,Cárdenas,Bolivia (Plurinational State of)
Cactaceae,Cereus hankeanus,F.A.C.Weber ex K.Schum.,Bolivia (Plurinational State of)
Cactaceae,Cereus lamprospermus,K.Schum.,Bolivia (Plurinational State of)
Cactaceae,Cereus stenogonus,K.Schum.,Bolivia (Plurinational State of)
Cactaceae,Cereus yungasensis,A.Fuentes & Quispe,Bolivia (Plurinational State of)
Cactaceae,Echinopsis atacamensis,(Phil.) Friedrich & G.D.Rowley,Bolivia (Plurinational State of)
Cactaceae,Echinopsis lageniformis,(C.F.Först.) Friedrich & G.D.Rowley,Bolivia (Plurinational State of)
Cactaceae,Echinopsis tacaquirensis,(Vaupel) Friedrich & G.D.Rowley,Bolivia (Plurinational State of)
Cactaceae,Echinopsis tarijensis,(Vaupel) Friedrich & G.D.Rowley,Bolivia (Plurinational State of)
Cactaceae,Echinopsis terscheckii,(Parm.) Friedrich & G.D.Rowley,Bolivia (Plurinational State of)
Cactaceae,Echinopsis volliana,(Backeb.) Friedrich & G.D.Rowley,Bolivia (Plurinational State of)
Cactaceae,Echinopsis werdermanniana,(Backeb.) Friedrich & G.D.Rowley,Bolivia (Plurinational State of)
Cactaceae,Espostoa guentheri,(Kupper) Buxb.,Bolivia (Plurinational State of)
Cactaceae,Harrisia tetracantha,(Labour.) D.R. Hunt,Bolivia (Plurinational State of)
Cactaceae,Neoraimondia herzogiana,(Backeb.) Buxb.,Bolivia (Plurinational State of)
Cactaceae,Opuntia quimilo,K. Schum.,Bolivia (Plurinational State of)
Cactaceae,Oreocereus pseudofossulatus,D.R.Hunt,Bolivia (Plurinational State of)
Cactaceae,Pereskia sacharosa,Griseb.,Bolivia (Plurinational State of)
Cactaceae,Quiabentia verticillata,(Vaupel) Borg,Bolivia (Plurinational State of)
Cactaceae,Samaipaticereus corroanus,Cárdenas,Bolivia (Plurinational State of)
Cactaceae,Stetsonia coryne,(Salm-Dyck) Britton & Rose,Bolivia (Plurinational State of)
Cactaceae,Trichocereus macrogonus,(Salm-Dyck) Riccob.,Bolivia (Plurinational State of)
Cactaceae,Weberbauerocereus madidiensis,Quispe & A. Fuentes,Bolivia (Plurinational State of)
Cactaceae,Yungasocereus inquisivensis,(Cárdenas) F.Ritter,Bolivia (Plurinational State of)
Calophyllaceae,Calophyllum brasiliense,Cambess.,Bolivia (Plurinational State of)
Calophyllaceae,Calophyllum pachyphyllum,Planch. & Triana,Bolivia (Plurinational State of)
Calophyllaceae,Caraipa savannarum,Kubitzki,Bolivia (Plurinational State of)
Calophyllaceae,Kielmeyera coriacea,Mart.,Bolivia (Plurinational State of)
Calophyllaceae,Kielmeyera grandiflora,(Wawra) Saddi,Bolivia (Plurinational State of)
Calophyllaceae,Kielmeyera paniculata,Rusby,Bolivia (Plurinational State of)
Calophyllaceae,Kielmeyera rubriflora,Cambess.,Bolivia (Plurinational State of)
Calophyllaceae,Marila laxiflora,Rusby,Bolivia (Plurinational State of)
Calophyllaceae,Marila tomentosa,Poepp.,Bolivia (Plurinational State of)
Cannabaceae,Celtis brasiliensis,(Gardner) Planch.,Bolivia (Plurinational State of)
Cannabaceae,Celtis chichape,(Wedd.) Miq.,Bolivia (Plurinational State of)
Cannabaceae,Celtis ehrenbergiana,(Klotzsch) Liebm.,Bolivia (Plurinational State of)
Cannabaceae,Celtis iguanaea,(Jacq.) Sarg.,Bolivia (Plurinational State of)
Cannabaceae,Celtis spinosa,Spreng.,Bolivia (Plurinational State of)
Cannabaceae,Lozanella enantiophylla,(Donn.Sm.) Killip & C.V.Morton,Bolivia (Plurinational State of)
Cannabaceae,Lozanella permollis,Killip & C.V.Morton,Bolivia (Plurinational State of)
Cannabaceae,Sparrea schippii,(Standl.) Hunz. & Dottori,Bolivia (Plurinational State of)
Cannabaceae,Trema domingense,Urb.,Bolivia (Plurinational State of)
Cannabaceae,Trema micranthum,(L.) Blume,Bolivia (Plurinational State of)
Capparaceae,Anisocapparis speciosa,(Griseb.) Cornejo & Iltis,Bolivia (Plurinational State of)
Capparaceae,Atamisquea emarginata,Miers ex Hook. & Arn.,Bolivia (Plurinational State of)
Capparaceae,Capparicordis tweedieana,(Eichler) Iltis & Cornejo,Bolivia (Plurinational State of)
Capparaceae,Capparidastrum coimbranum,(Cornejo & Iltis) Cornejo & Iltis,Bolivia (Plurinational State of)
Capparaceae,Capparidastrum macrophyllum,(Kunth) Hutch.,Bolivia (Plurinational State of)
Capparaceae,Capparidastrum sola,(J.F.Macbr.) Cornejo & Iltis,Bolivia (Plurinational State of)
Capparaceae,Crateva tapia,L.,Bolivia (Plurinational State of)
Capparaceae,Cynophalla amplissima,(Lam.) Iltis & Cornejo,Bolivia (Plurinational State of)
Capparaceae,Cynophalla polyantha,(Triana & Planch.) Cornejo & Iltis,Bolivia (Plurinational State of)
Capparaceae,Cynophalla retusa,(Griseb.) Cornejo & Iltis,Bolivia (Plurinational State of)
Capparaceae,Morisonia oblongifolia,Britton,Bolivia (Plurinational State of)
Capparaceae,Neocapparis quina,(J.F.Macbr.) Cornejo,Bolivia (Plurinational State of)
Capparaceae,Preslianthus pittieri,(Standl.) Iltis & Cornejo,Bolivia (Plurinational State of)
Capparaceae,Sarcotoxicum salicifolium,(Griseb.) Cornejo & Iltis,Bolivia (Plurinational State of)
Cardiopteridaceae,Citronella apogon,(Griseb.) R.A.Howard,Bolivia (Plurinational State of)
Cardiopteridaceae,Citronella melliodora,(Sleumer) R.A.Howard,Bolivia (Plurinational State of)
Caricaceae,Jacaratia digitata,(Poepp. & Endl.) Solms,Bolivia (Plurinational State of)
Caricaceae,Jacaratia spinosa,(Aubl.) A.DC.,Bolivia (Plurinational State of)
Caricaceae,Vasconcellea glandulosa,A.DC.,Bolivia (Plurinational State of)
Caricaceae,Vasconcellea microcarpa,(Jacq.) A.DC.,Bolivia (Plurinational State of)
Caricaceae,Vasconcellea monoica,Desf.,Bolivia (Plurinational State of)
Caricaceae,Vasconcellea pubescens,A.DC.,Bolivia (Plurinational State of)
Caricaceae,Vasconcellea quercifolia,A.St.-Hil.,Bolivia (Plurinational State of)
Caryocaraceae,Caryocar brasiliense,A.St.-Hil.,Bolivia (Plurinational State of)
Caryocaraceae,Caryocar dentatum,Gleason,Bolivia (Plurinational State of)
Caryocaraceae,Caryocar glabrum,(Aubl.) Pers.,Bolivia (Plurinational State of)
Caryocaraceae,Caryocar microcarpum,Ducke,Bolivia (Plurinational State of)
Caryocaraceae,Caryocar pallidum,A.C.Sm.,Bolivia (Plurinational State of)
Caryocaraceae,Caryocar villosum,(Aubl.) Pers.,Bolivia (Plurinational State of)
Celastraceae,Anthodon decussatum,Ruiz & Pav.,Bolivia (Plurinational State of)
Celastraceae,Cheiloclinium cognatum,(Miers) A.C.Sm.,Bolivia (Plurinational State of)
Celastraceae,Haydenoxylon urbanianum,(Loes.) M.P. Simmons,Bolivia (Plurinational State of)
Celastraceae,Maytenus alaternoides,Reissek,Bolivia (Plurinational State of)
Celastraceae,Maytenus boaria,Molina,Bolivia (Plurinational State of)
Celastraceae,Maytenus jelskii,Szyszył.,Bolivia (Plurinational State of)
Celastraceae,Maytenus pseudoboaria,Loes.,Bolivia (Plurinational State of)
Celastraceae,Maytenus verticillata,(Ruiz & Pav.) DC.,Bolivia (Plurinational State of)
Celastraceae,Maytenus viscifolia,Griseb.,Bolivia (Plurinational State of)
Celastraceae,Maytenus vitis-idaea,Griseb.,Bolivia (Plurinational State of)
Celastraceae,Monteverdia apurimacensis,(Loes.) Biral,Bolivia (Plurinational State of)
Celastraceae,Monteverdia ebenifolia,(Reissek) Biral,Bolivia (Plurinational State of)
Celastraceae,Monteverdia evonymoides,(Reissek) Biral,Bolivia (Plurinational State of)
Celastraceae,Monteverdia floribunda,(Reissek) Biral,Bolivia (Plurinational State of)
Celastraceae,Monteverdia ilicifolia,(Mart. ex Reissek) Biral,Bolivia (Plurinational State of)
Celastraceae,Monteverdia macrocarpa,(Ruiz & Pav.) Biral,Bolivia (Plurinational State of)
Celastraceae,Monteverdia meguillensis,(Rusby) Biral,Bolivia (Plurinational State of)
Celastraceae,Monteverdia patens,(Reissek) Biral,Bolivia (Plurinational State of)
Celastraceae,Monteverdia peruana,(Loes.) Biral,Bolivia (Plurinational State of)
Celastraceae,Monteverdia spinosa,(Griseb.) Biral,Bolivia (Plurinational State of)
Celastraceae,Monteverdia sprucei,(Briq.) Biral,Bolivia (Plurinational State of)
Celastraceae,Peritassa dulcis,(Benth.) Miers,Bolivia (Plurinational State of)
Celastraceae,Peritassa laevigata,(Hoffmanns. ex Link) A.C.Sm.,Bolivia (Plurinational State of)
Celastraceae,Peritassa peruviana,(Miers) A.C.Sm.,Bolivia (Plurinational State of)
Celastraceae,Plenckia integerrima,Lundell,Bolivia (Plurinational State of)
Celastraceae,Plenckia populnea,Reissek,Bolivia (Plurinational State of)
Celastraceae,Prionostemma aspera,(Lam.) Miers,Bolivia (Plurinational State of)
Celastraceae,Pristimera nervosa,(Miers) A.C.Sm.,Bolivia (Plurinational State of)
Celastraceae,Salacia cordata,(Miers) Mennega,Bolivia (Plurinational State of)
Celastraceae,Salacia elliptica,(Mart.) G.Don,Bolivia (Plurinational State of)
Celastraceae,Salacia gigantea,Loes.,Bolivia (Plurinational State of)
Celastraceae,Salacia impressifolia,(Miers) A.C.Sm.,Bolivia (Plurinational State of)
Celastraceae,Salacia juruana,Loes.,Bolivia (Plurinational State of)
Celastraceae,Salacia multiflora,(Lam.) DC.,Bolivia (Plurinational State of)
Celastraceae,Schaefferia argentinensis,Speg.,Bolivia (Plurinational State of)
Celastraceae,Tontelea attenuata,Miers,Bolivia (Plurinational State of)
Celastraceae,Tontelea emarginata,A.C.Sm.,Bolivia (Plurinational State of)
Celastraceae,Tontelea mauritioides,(A.C.Sm.) A.C.Sm.,Bolivia (Plurinational State of)
Celastraceae,Tontelea passiflora,(Vell.) Lombardi,Bolivia (Plurinational State of)
Celastraceae,Zinowiewia australis,Lundell,Bolivia (Plurinational State of)
Chloranthaceae,Hedyosmum angustifolium,(Ruiz & Pav.) Solms,Bolivia (Plurinational State of)
Chloranthaceae,Hedyosmum cuatrecazanum,Occhioni,Bolivia (Plurinational State of)
Chloranthaceae,Hedyosmum dombeyanum,Solms,Bolivia (Plurinational State of)
Chloranthaceae,Hedyosmum lechleri,Solms,Bolivia (Plurinational State of)
Chloranthaceae,Hedyosmum maximum,(Kuntze) K.Schum.       ,Bolivia (Plurinational State of)
Chloranthaceae,Hedyosmum racemosum,(Ruiz & Pav.) G.Don,Bolivia (Plurinational State of)
Chloranthaceae,Hedyosmum scabrum,(Ruiz & Pav.) Solms,Bolivia (Plurinational State of)
Chrysobalanaceae,Couepia bracteosa,Benth.,Bolivia (Plurinational State of)
Chrysobalanaceae,Couepia grandiflora,(Mart. & Zucc.) Benth. ex Hook.f.,Bolivia (Plurinational State of)
Chrysobalanaceae,Couepia krukovii,Standl.,Bolivia (Plurinational State of)
Chrysobalanaceae,Couepia latifolia,Standl.,Bolivia (Plurinational State of)
Chrysobalanaceae,Couepia obovata,Ducke,Bolivia (Plurinational State of)
Chrysobalanaceae,Couepia paraensis,(Mart. & Zucc.) Benth.,Bolivia (Plurinational State of)
Chrysobalanaceae,Couepia uiti,(Mart. & Zucc.) Benth. ex Hook.f.,Bolivia (Plurinational State of)
Chrysobalanaceae,Hirtella beckii,Prance,Bolivia (Plurinational State of)
Chrysobalanaceae,Hirtella bicornis,Mart. & Zucc.,Bolivia (Plurinational State of)
Chrysobalanaceae,Hirtella bullata,Benth.,Bolivia (Plurinational State of)
Chrysobalanaceae,Hirtella burchellii,Britton,Bolivia (Plurinational State of)
Chrysobalanaceae,Hirtella duckei,Huber,Bolivia (Plurinational State of)
Chrysobalanaceae,Hirtella eriandra,Benth.,Bolivia (Plurinational State of)
Chrysobalanaceae,Hirtella excelsa,Standl. ex Prance,Bolivia (Plurinational State of)
Chrysobalanaceae,Hirtella glandulosa,Spreng.,Bolivia (Plurinational State of)
Chrysobalanaceae,Hirtella gracilipes,(Hook.f.) Prance,Bolivia (Plurinational State of)
Chrysobalanaceae,Hirtella latifolia,Prance,Bolivia (Plurinational State of)
Chrysobalanaceae,Hirtella lightioides,Rusby,Bolivia (Plurinational State of)
Chrysobalanaceae,Hirtella pilosissima,Mart. & Zucc.,Bolivia (Plurinational State of)
Chrysobalanaceae,Hirtella piresii,Prance,Bolivia (Plurinational State of)
Chrysobalanaceae,Hirtella racemosa,Lam.,Bolivia (Plurinational State of)
Chrysobalanaceae,Hirtella tocantina,Ducke,Bolivia (Plurinational State of)
Chrysobalanaceae,Hirtella triandra,Sw.,Bolivia (Plurinational State of)
Chrysobalanaceae,Hymenopus heteromorphus,(Benth.) Sothers & Prance,Bolivia (Plurinational State of)
Chrysobalanaceae,Hymenopus krukovii,(Standl.) Sothers & Prance,Bolivia (Plurinational State of)
Chrysobalanaceae,Hymenopus oblongifolius,(Standl.) Sothers & Prance,Bolivia (Plurinational State of)
Chrysobalanaceae,Leptobalanus apetalus,(E.Mey.) Sothers & Prance,Bolivia (Plurinational State of)
Chrysobalanaceae,Leptobalanus gardneri,(Hook.f.) Sothers & Prance,Bolivia (Plurinational State of)
Chrysobalanaceae,Leptobalanus humilis,(Cham. & Schltdl.) Sothers & Prance,Bolivia (Plurinational State of)
Chrysobalanaceae,Leptobalanus octandrus,(Hoffmanns. ex Schult.) Sothers & Prance,Bolivia (Plurinational State of)
Chrysobalanaceae,Leptobalanus parvifolius,(Huber) Sothers & Prance,Bolivia (Plurinational State of)
Chrysobalanaceae,Leptobalanus sclerophyllus,(Mart. ex Hook.f.) Sothers & Prance,Bolivia (Plurinational State of)
Chrysobalanaceae,Licania blackii,Prance,Bolivia (Plurinational State of)
Chrysobalanaceae,Licania canescens,Benoist,Bolivia (Plurinational State of)
Chrysobalanaceae,Licania harlingii,Prance,Bolivia (Plurinational State of)
Chrysobalanaceae,Licania hoehnei,Pilg.,Bolivia (Plurinational State of)
Chrysobalanaceae,Licania hypoleuca,Benth.,Bolivia (Plurinational State of)
Chrysobalanaceae,Licania kunthiana,Hook.f.,Bolivia (Plurinational State of)
Chrysobalanaceae,Licania micrantha,Miq.,Bolivia (Plurinational State of)
Chrysobalanaceae,Licania niloi,Prance,Bolivia (Plurinational State of)
Chrysobalanaceae,Licania paraensis,Prance,Bolivia (Plurinational State of)
Chrysobalanaceae,Microdesmia arborea,(Seem.) Sothers & Prance,Bolivia (Plurinational State of)
Chrysobalanaceae,Moquilea boliviensis,(Prance) Sothers & Prance,Bolivia (Plurinational State of)
Chrysobalanaceae,Moquilea brittoniana,(Fritsch) Sothers & Prance,Bolivia (Plurinational State of)
Chrysobalanaceae,Moquilea egleri,(Prance) Sothers & Prance,Bolivia (Plurinational State of)
Chrysobalanaceae,Moquilea longipetala,(Prance) Sothers & Prance,Bolivia (Plurinational State of)
Chrysobalanaceae,Moquilea minutiflora,Sagot,Bolivia (Plurinational State of)
Chrysobalanaceae,Moquilea tambopatensis,(Prance) Sothers & Prance,Bolivia (Plurinational State of)
Chrysobalanaceae,Parinari excelsa,Sabine,Bolivia (Plurinational State of)
Chrysobalanaceae,Parinari klugii,Prance,Bolivia (Plurinational State of)
Chrysobalanaceae,Parinari obtusifolia,Hook.f.,Bolivia (Plurinational State of)
Chrysobalanaceae,Parinari occidentalis,Prance,Bolivia (Plurinational State of)
Chrysobalanaceae,Parinari parilis,J.F.Macbr.,Bolivia (Plurinational State of)
Cleomaceae,Cleome lechleri,Eichler,Bolivia (Plurinational State of)
Clethraceae,Clethra cardenasii,Sleumer,Bolivia (Plurinational State of)
Clethraceae,Clethra cuneata,Rusby,Bolivia (Plurinational State of)
Clethraceae,Clethra elongata,Rusby,Bolivia (Plurinational State of)
Clethraceae,Clethra ferruginea,(Ruiz & Pav.) Link ex Spreng.,Bolivia (Plurinational State of)
Clethraceae,Clethra revoluta,(Ruiz & Pav.) Spreng.,Bolivia (Plurinational State of)
Clethraceae,Clethra scabra,Pers.,Bolivia (Plurinational State of)
Clusiaceae,Arawakia weddelliana,(Planch. & Triana) L.Marinho,Bolivia (Plurinational State of)
Clusiaceae,Chrysochlamys macrophylla,Pax,Bolivia (Plurinational State of)
Clusiaceae,Chrysochlamys ulei,Engl.,Bolivia (Plurinational State of)
Clusiaceae,Chrysochlamys weberbaueri,Engl.,Bolivia (Plurinational State of)
Clusiaceae,Clusia amazonica,Planch. & Triana,Bolivia (Plurinational State of)
Clusiaceae,Clusia columnaris,Engl.,Bolivia (Plurinational State of)
Clusiaceae,Clusia decussata,Ruiz & Pav. ex Planch. & Triana,Bolivia (Plurinational State of)
Clusiaceae,Clusia ducu,Benth.,Bolivia (Plurinational State of)
Clusiaceae,Clusia elliptica,Kunth,Bolivia (Plurinational State of)
Clusiaceae,Clusia elongata,Rusby,Bolivia (Plurinational State of)
Clusiaceae,Clusia flavida,(Benth.) Pipoly,Bolivia (Plurinational State of)
Clusiaceae,Clusia glauca,(Rusby) J.E.Nascim. & Bittrich,Bolivia (Plurinational State of)
Clusiaceae,Clusia hammeliana,Pipoly,Bolivia (Plurinational State of)
Clusiaceae,Clusia haughtii,Cuatrec.,Bolivia (Plurinational State of)
Clusiaceae,Clusia lechleri,Rusby,Bolivia (Plurinational State of)
Clusiaceae,Clusia microstemon,Planch. & Triana,Bolivia (Plurinational State of)
Clusiaceae,Clusia multiflora,Kunth,Bolivia (Plurinational State of)
Clusiaceae,Clusia nigrolineata,P.F.Stevens,Bolivia (Plurinational State of)
Clusiaceae,Clusia pachamamae,Zent.-Ruiz & A. Fuentes,Bolivia (Plurinational State of)
Clusiaceae,Clusia penduliflora,Engl.,Bolivia (Plurinational State of)
Clusiaceae,Clusia sphaerocarpa,Planch. & Triana,Bolivia (Plurinational State of)
Clusiaceae,Clusia ternstroemioides,Rusby,Bolivia (Plurinational State of)
Clusiaceae,Clusia trochiformis,Vesqne,Bolivia (Plurinational State of)
Clusiaceae,Garcinia gardneriana,(Planch. & Triana) Zappi,Bolivia (Plurinational State of)
Clusiaceae,Garcinia guacopary,(S.Moore) M.Nee,Bolivia (Plurinational State of)
Clusiaceae,Garcinia macrophylla,Mart.,Bolivia (Plurinational State of)
Clusiaceae,Garcinia madruno,(Kunth) Hammel,Bolivia (Plurinational State of)
Clusiaceae,Symphonia globulifera,L.f.,Bolivia (Plurinational State of)
Clusiaceae,Tovomita duckei,Huber,Bolivia (Plurinational State of)
Clusiaceae,Tovomita fructipendula,Cambess.,Bolivia (Plurinational State of)
Clusiaceae,Tovomita guianensis,Aubl.,Bolivia (Plurinational State of)
Clusiaceae,Tovomita secunda,Poepp. ex Planch. & Triana,Bolivia (Plurinational State of)
Clusiaceae,Tovomita umbellata,Benth.,Bolivia (Plurinational State of)
Columelliaceae,Columellia oblonga,Ruiz & Pav.,Bolivia (Plurinational State of)
Columelliaceae,Columellia obovata,Ruiz & Pav.,Bolivia (Plurinational State of)
Combretaceae,Combretum duarteanum,Cambess.,Bolivia (Plurinational State of)
Combretaceae,Combretum glaucocarpum,Mart.,Bolivia (Plurinational State of)
Combretaceae,Combretum laxum,Jacq.,Bolivia (Plurinational State of)
Combretaceae,Combretum leprosum,Mart.,Bolivia (Plurinational State of)
Combretaceae,Combretum mellifluum,Eichler,Bolivia (Plurinational State of)
Combretaceae,Combretum paraguariense,(Eichler) Stace,Bolivia (Plurinational State of)
Combretaceae,Combretum rotundifolium,Rich.,Bolivia (Plurinational State of)
Combretaceae,Combretum vernicosum,Rusby,Bolivia (Plurinational State of)
Combretaceae,Terminalia amazonia,(J.F.Gmel.) Exell,Bolivia (Plurinational State of)
Combretaceae,Terminalia argentea,Mart.,Bolivia (Plurinational State of)
Combretaceae,Terminalia corrugata,(Ducke) Gere & Boatwr.,Bolivia (Plurinational State of)
Combretaceae,Terminalia fagifolia,Mart.,Bolivia (Plurinational State of)
Combretaceae,Terminalia glabrescens,Mart.,Bolivia (Plurinational State of)
Combretaceae,Terminalia grandis,(Ducke) Gere & Boatwr.,Bolivia (Plurinational State of)
Combretaceae,Terminalia macrophylla,(Spruce ex Eichler) Gere & Boatwr.,Bolivia (Plurinational State of)
Combretaceae,Terminalia oblonga,(Ruiz & Pav.) Steud.,Bolivia (Plurinational State of)
Combretaceae,Terminalia oxycarpa,Mart.,Bolivia (Plurinational State of)
Combretaceae,Terminalia tetraphylla,(Aubl.) Gere & Boatwr.,Bolivia (Plurinational State of)
Combretaceae,Terminalia triflora,(Griseb.) Lillo,Bolivia (Plurinational State of)
Combretaceae,Terminalia viridiflora,(Ducke) Gere & Boatwr.,Bolivia (Plurinational State of)
Connaraceae,Connarus venezuelanus,Baill.,Bolivia (Plurinational State of)
Connaraceae,Rourea amazonica,(Baker) Radlk.,Bolivia (Plurinational State of)
Connaraceae,Rourea induta,Planch.,Bolivia (Plurinational State of)
Connaraceae,Rourea puberula,Baker,Bolivia (Plurinational State of)
Convolvulaceae,Ipomoea pauciflora,M.Martens & Galeotti,Bolivia (Plurinational State of)
Cornaceae,Cornus peruviana,J.F.Macbr.,Bolivia (Plurinational State of)
Cunoniaceae,Weinmannia auriculata,D.Don,Bolivia (Plurinational State of)
Cunoniaceae,Weinmannia balbisiana,Kunth,Bolivia (Plurinational State of)
Cunoniaceae,Weinmannia bangii,(Rusby) Engl.,Bolivia (Plurinational State of)
Cunoniaceae,Weinmannia boliviensis,R.E.Fr.,Bolivia (Plurinational State of)
Cunoniaceae,Weinmannia crassifolia,Ruiz & Pav.,Bolivia (Plurinational State of)
Cunoniaceae,Weinmannia cundinamarcensis,Cuatrec.,Bolivia (Plurinational State of)
Cunoniaceae,Weinmannia davidsonii,A.Fuentes & Z.S.Rogers,Bolivia (Plurinational State of)
Cunoniaceae,Weinmannia fagaroides,Kunth,Bolivia (Plurinational State of)
Cunoniaceae,Weinmannia haenkeana,Engl.,Bolivia (Plurinational State of)
Cunoniaceae,Weinmannia heterophylla,Ruiz & Pav.,Bolivia (Plurinational State of)
Cunoniaceae,Weinmannia lechleriana,Engl.,Bolivia (Plurinational State of)
Cunoniaceae,Weinmannia lentiscifolia,C.Presl,Bolivia (Plurinational State of)
Cunoniaceae,Weinmannia microphylla,Ruiz & Pav.,Bolivia (Plurinational State of)
Cunoniaceae,Weinmannia multijuga,Killip & A.C.Sm.,Bolivia (Plurinational State of)
Cunoniaceae,Weinmannia ovata,Cav.,Bolivia (Plurinational State of)
Cunoniaceae,Weinmannia pinnata,L.,Bolivia (Plurinational State of)
Cunoniaceae,Weinmannia reticulata,Ruiz & Pav.,Bolivia (Plurinational State of)
Cunoniaceae,Weinmannia rhoifolia,Rusby,Bolivia (Plurinational State of)
Cunoniaceae,Weinmannia sorbifolia,Kunth,Bolivia (Plurinational State of)
Cunoniaceae,Weinmannia trianaea,Wedd.,Bolivia (Plurinational State of)
Cunoniaceae,Weinmannia yungasensis,A.Fuentes & Z.S.Rogers,Bolivia (Plurinational State of)
Dichapetalaceae,Dichapetalum spruceanum,Baill.,Bolivia (Plurinational State of)
Dichapetalaceae,Tapura acreana,(Ule) Rizzini,Bolivia (Plurinational State of)
Dichapetalaceae,Tapura amazonica,Poepp.,Bolivia (Plurinational State of)
Dichapetalaceae,Tapura juruana,(Ule) Rizzini,Bolivia (Plurinational State of)
Dilleniaceae,Curatella americana,L.,Bolivia (Plurinational State of)
Dilleniaceae,Tetracera parviflora,(Rusby) Sleumer,Bolivia (Plurinational State of)
Dipentodontaceae,Perrottetia gentryi,Lundell,Bolivia (Plurinational State of)
Ebenaceae,Diospyros artanthifolia,Mart. ex Miq.,Bolivia (Plurinational State of)
Ebenaceae,Diospyros capreifolia,Mart. ex Hiern,Bolivia (Plurinational State of)
Ebenaceae,Diospyros dalyom,B.Walln.,Bolivia (Plurinational State of)
Ebenaceae,Diospyros inconstans,Jacq.,Bolivia (Plurinational State of)
Ebenaceae,Diospyros kanizur,B.Walln.,Bolivia (Plurinational State of)
Ebenaceae,Diospyros nur,B.Walln.,Bolivia (Plurinational State of)
Ebenaceae,Diospyros yomomo,B.Walln.,Bolivia (Plurinational State of)
Ebenaceae,Lissocarpa tetramera,(Rusby) P.E.Berry,Bolivia (Plurinational State of)
Elaeocarpaceae,Crinodendron tucumanum,Lillo,Bolivia (Plurinational State of)
Elaeocarpaceae,Sloanea eichleri,K.Schum.,Bolivia (Plurinational State of)
Elaeocarpaceae,Sloanea floribunda,Spruce ex Benth.,Bolivia (Plurinational State of)
Elaeocarpaceae,Sloanea fragrans,Rusby,Bolivia (Plurinational State of)
Elaeocarpaceae,Sloanea froesii,Earle Sm.,Bolivia (Plurinational State of)
Elaeocarpaceae,Sloanea garckeana,K.Schum.,Bolivia (Plurinational State of)
Elaeocarpaceae,Sloanea grandiflora,Sm.,Bolivia (Plurinational State of)
Elaeocarpaceae,Sloanea grandis,Ducke,Bolivia (Plurinational State of)
Elaeocarpaceae,Sloanea guianensis,(Aubl.) Benth.,Bolivia (Plurinational State of)
Elaeocarpaceae,Sloanea lasiocoma,K.Schum.,Bolivia (Plurinational State of)
Elaeocarpaceae,Sloanea latifolia,(Rich.) K.Schum.,Bolivia (Plurinational State of)
Elaeocarpaceae,Sloanea laurifolia,(Willd.) Benth.,Bolivia (Plurinational State of)
Elaeocarpaceae,Sloanea multiflora,H.Karst.,Bolivia (Plurinational State of)
Elaeocarpaceae,Sloanea obtusifolia,(Moric.) K.Schum.,Bolivia (Plurinational State of)
Elaeocarpaceae,Sloanea picapica,Standl.,Bolivia (Plurinational State of)
Elaeocarpaceae,Sloanea pubescens,Benth.,Bolivia (Plurinational State of)
Elaeocarpaceae,Sloanea rufa,Planch. ex Benth.,Bolivia (Plurinational State of)
Elaeocarpaceae,Sloanea sinemariensis,Aubl.,Bolivia (Plurinational State of)
Elaeocarpaceae,Sloanea spathulata,Earle Sm.,Bolivia (Plurinational State of)
Elaeocarpaceae,Sloanea steyermarkii,Earle Sm.,Bolivia (Plurinational State of)
Elaeocarpaceae,Sloanea terniflora,(Moc. & Sessé ex DC.) Standl.,Bolivia (Plurinational State of)
Elaeocarpaceae,Sloanea uniflora,D. Samp. & V.C. Souza,Bolivia (Plurinational State of)
Elaeocarpaceae,Vallea stipularis,L.f.,Bolivia (Plurinational State of)
Ericaceae,Agarista boliviensis,(Sleumer) Judd,Bolivia (Plurinational State of)
Ericaceae,Bejaria aestuans,Mutis ex L.,Bolivia (Plurinational State of)
Ericaceae,Cavendishia bracteata,(Ruiz & Pav. ex J.St.Hil.) Hoerold,Bolivia (Plurinational State of)
Ericaceae,Cavendishia pubescens,(Kunth) Hemsl.,Bolivia (Plurinational State of)
Ericaceae,Gaultheria bracteata,(Cav.) G.Don,Bolivia (Plurinational State of)
Ericaceae,Gaultheria erecta,Vent.,Bolivia (Plurinational State of)
Ericaceae,Macleania rupestris,(Kunth) A.C.Sm.,Bolivia (Plurinational State of)
Ericaceae,Thibaudia cardenasii,Luteyn,Bolivia (Plurinational State of)
Erythroxylaceae,Erythroxylum argentinum,O.E.Schulz,Bolivia (Plurinational State of)
Erythroxylaceae,Erythroxylum campestre,A.St.-Hil.,Bolivia (Plurinational State of)
Erythroxylaceae,Erythroxylum citrifolium,A.St.-Hil.,Bolivia (Plurinational State of)
Erythroxylaceae,Erythroxylum cuneifolium,(Mart.) O.E.Schulz,Bolivia (Plurinational State of)
Erythroxylaceae,Erythroxylum daphnites,Mart.,Bolivia (Plurinational State of)
Erythroxylaceae,Erythroxylum deciduum,A.St.-Hil.,Bolivia (Plurinational State of)
Erythroxylaceae,Erythroxylum gracilipes,Peyr.,Bolivia (Plurinational State of)
Erythroxylaceae,Erythroxylum macrophyllum,Cav.,Bolivia (Plurinational State of)
Erythroxylaceae,Erythroxylum mucronatum,Benth.,Bolivia (Plurinational State of)
Erythroxylaceae,Erythroxylum pelleterianum,A.St.-Hil.,Bolivia (Plurinational State of)
Erythroxylaceae,Erythroxylum raimondii,O.E.Schulz,Bolivia (Plurinational State of)
Erythroxylaceae,Erythroxylum squamatum,Sw.,Bolivia (Plurinational State of)
Erythroxylaceae,Erythroxylum suberosum,A.St.-Hil.,Bolivia (Plurinational State of)
Erythroxylaceae,Erythroxylum subracemosum,Turcz.,Bolivia (Plurinational State of)
Erythroxylaceae,Erythroxylum tortuosum,Mart.,Bolivia (Plurinational State of)
Erythroxylaceae,Erythroxylum ulei,O.E.Schulz,Bolivia (Plurinational State of)
Escalloniaceae,Escallonia hypoglauca,Herzog,Bolivia (Plurinational State of)
Escalloniaceae,Escallonia millegrana,Griseb.,Bolivia (Plurinational State of)
Escalloniaceae,Escallonia myrtilloides,L.f.,Bolivia (Plurinational State of)
Escalloniaceae,Escallonia paniculata,(Ruiz & Pav.) Schult.,Bolivia (Plurinational State of)
Escalloniaceae,Escallonia resinosa,(Ruiz & Pav.) Pers.,Bolivia (Plurinational State of)
Escalloniaceae,Escallonia reticulata,Sleumer,Bolivia (Plurinational State of)
Escalloniaceae,Escallonia schreiteri,Sleumer,Bolivia (Plurinational State of)
Escalloniaceae,Escallonia tucumanensis,Hosseus,Bolivia (Plurinational State of)
Euphorbiaceae,Acalypha diversifolia,Jacq.,Bolivia (Plurinational State of)
Euphorbiaceae,Acalypha macrostachya,Jacq.,Bolivia (Plurinational State of)
Euphorbiaceae,Acalypha padifolia,Kunth,Bolivia (Plurinational State of)
Euphorbiaceae,Acalypha peruviana,Müll.Arg.,Bolivia (Plurinational State of)
Euphorbiaceae,Acalypha stachyura,Pax,Bolivia (Plurinational State of)
Euphorbiaceae,Acalypha stenoloba,Müll.Arg.,Bolivia (Plurinational State of)
Euphorbiaceae,Actinostemon amazonicus,Pax & K.Hoffm.,Bolivia (Plurinational State of)
Euphorbiaceae,Actinostemon concolor,(Spreng.) Müll.Arg.,Bolivia (Plurinational State of)
Euphorbiaceae,Actinostemon klotzschii,(Didr.) Pax,Bolivia (Plurinational State of)
Euphorbiaceae,Actinostemon schomburgkii,(Klotzsch) Hochr.,Bolivia (Plurinational State of)
Euphorbiaceae,Adelia membranifolia,(Müll.Arg.) Chodat & Hassl.,Bolivia (Plurinational State of)
Euphorbiaceae,Alchornea anamariae,Secco,Bolivia (Plurinational State of)
Euphorbiaceae,Alchornea brittonii,Secco,Bolivia (Plurinational State of)
Euphorbiaceae,Alchornea castaneifolia,(Humb. & Bonpl. ex Willd.) A.Juss.,Bolivia (Plurinational State of)
Euphorbiaceae,Alchornea discolor,Poepp.,Bolivia (Plurinational State of)
Euphorbiaceae,Alchornea fluviatilis,Secco,Bolivia (Plurinational State of)
Euphorbiaceae,Alchornea glandulosa,Poepp.,Bolivia (Plurinational State of)
Euphorbiaceae,Alchornea grandiflora,Müll.Arg.,Bolivia (Plurinational State of)
Euphorbiaceae,Alchornea hilariana,Baill.,Bolivia (Plurinational State of)
Euphorbiaceae,Alchornea latifolia,Sw.,Bolivia (Plurinational State of)
Euphorbiaceae,Alchornea pearcei,Britton,Bolivia (Plurinational State of)
Euphorbiaceae,Alchornea triplinervia,(Spreng.) Müll.Arg.,Bolivia (Plurinational State of)
Euphorbiaceae,Alchorneopsis floribunda,(Benth.) Müll.Arg.,Bolivia (Plurinational State of)
Euphorbiaceae,Aparisthmium cordatum,(A.Juss.) Baill.,Bolivia (Plurinational State of)
Euphorbiaceae,Cleidion amazonicum,Ule,Bolivia (Plurinational State of)
Euphorbiaceae,Cleidion tricoccum,(Casar.) Baill.,Bolivia (Plurinational State of)
Euphorbiaceae,Cnidoscolus tubulosus,(Müll.Arg.) I.M.Johnst.,Bolivia (Plurinational State of)
Euphorbiaceae,Conceveiba guianensis,Aubl.,Bolivia (Plurinational State of)
Euphorbiaceae,Conceveiba martiana,Baill.,Bolivia (Plurinational State of)
Euphorbiaceae,Croton abutilifolius,Croizat,Bolivia (Plurinational State of)
Euphorbiaceae,Croton argyrophyllus,Kunth,Bolivia (Plurinational State of)
Euphorbiaceae,Croton beckii,Riina & Feio,Bolivia (Plurinational State of)
Euphorbiaceae,Croton beetlei,Croizat,Bolivia (Plurinational State of)
Euphorbiaceae,Croton cajucara,Benth.,Bolivia (Plurinational State of)
Euphorbiaceae,Croton cuneatus,Klotzsch,Bolivia (Plurinational State of)
Euphorbiaceae,Croton erythrochyloides,Croizat,Bolivia (Plurinational State of)
Euphorbiaceae,Croton fragrantulus,Croizat,Bolivia (Plurinational State of)
Euphorbiaceae,Croton gigantifolius,P.E.Berry & Secco,Bolivia (Plurinational State of)
Euphorbiaceae,Croton gracilipes,Baill.,Bolivia (Plurinational State of)
Euphorbiaceae,Croton lechleri,Müll.Arg.,Bolivia (Plurinational State of)
Euphorbiaceae,Croton matourensis,Aubl.,Bolivia (Plurinational State of)
Euphorbiaceae,Croton pachypodus,G.L.Webster,Bolivia (Plurinational State of)
Euphorbiaceae,Croton palanostigma,Klotzsch,Bolivia (Plurinational State of)
Euphorbiaceae,Croton perspeciosus,Croizat,Bolivia (Plurinational State of)
Euphorbiaceae,Croton piluliferus,Rusby,Bolivia (Plurinational State of)
Euphorbiaceae,Croton quadrisetosus,Lam.,Bolivia (Plurinational State of)
Euphorbiaceae,Croton rimbachii,Croizat,Bolivia (Plurinational State of)
Euphorbiaceae,Croton ruizianus,Müll.Arg.,Bolivia (Plurinational State of)
Euphorbiaceae,Croton rusbyi,Britton ex Rusby,Bolivia (Plurinational State of)
Euphorbiaceae,Croton sampatik,Müll.Arg.,Bolivia (Plurinational State of)
Euphorbiaceae,Croton schiedeanus,Schltdl.,Bolivia (Plurinational State of)
Euphorbiaceae,Croton tricolor,Klotzsch ex Baill.,Bolivia (Plurinational State of)
Euphorbiaceae,Croton urucurana,Baill.,Bolivia (Plurinational State of)
Euphorbiaceae,Croton yavitensis,Croizat,Bolivia (Plurinational State of)
Euphorbiaceae,Dodecastigma amazonicum,Ducke,Bolivia (Plurinational State of)
Euphorbiaceae,Dodecastigma integrifolium,(Lanj.) Lanj. & Sandwith,Bolivia (Plurinational State of)
Euphorbiaceae,Euphorbia comosa,Vell.,Bolivia (Plurinational State of)
Euphorbiaceae,Euphorbia cotinifolia,L.,Bolivia (Plurinational State of)
Euphorbiaceae,Euphorbia sinclairiana,Benth.,Bolivia (Plurinational State of)
Euphorbiaceae,Gitara nicaraguensis,(Hemsl.) Card.-McTeag. & L.J.Gillespie,Bolivia (Plurinational State of)
Euphorbiaceae,Glycydendron amazonicum,Ducke,Bolivia (Plurinational State of)
Euphorbiaceae,Gymnanthes microphylla,Esser,Bolivia (Plurinational State of)
Euphorbiaceae,Hevea brasiliensis,(Willd. ex A.Juss.) Müll.Arg.,Bolivia (Plurinational State of)
Euphorbiaceae,Hevea guianensis,Aubl.,Bolivia (Plurinational State of)
Euphorbiaceae,Hura crepitans,L.,Bolivia (Plurinational State of)
Euphorbiaceae,Jatropha grossidentata,Pax & K.Hoffm.,Bolivia (Plurinational State of)
Euphorbiaceae,Jatropha mollissima,(Pohl) Baill.,Bolivia (Plurinational State of)
Euphorbiaceae,Mabea anadena,Pax & K.Hoffm.,Bolivia (Plurinational State of)
Euphorbiaceae,Mabea angustifolia,Spruce ex Benth.,Bolivia (Plurinational State of)
Euphorbiaceae,Mabea anomala,Müll.Arg.,Bolivia (Plurinational State of)
Euphorbiaceae,Mabea elegans,Rusby,Bolivia (Plurinational State of)
Euphorbiaceae,Mabea fistulifera,Mart.,Bolivia (Plurinational State of)
Euphorbiaceae,Mabea macbridei,I.M.Johnst.,Bolivia (Plurinational State of)
Euphorbiaceae,Mabea nitida,Spruce ex Benth.,Bolivia (Plurinational State of)
Euphorbiaceae,Mabea paniculata,Spruce ex Benth.,Bolivia (Plurinational State of)
Euphorbiaceae,Mabea pohliana,(Benth.) Müll.Arg.,Bolivia (Plurinational State of)
Euphorbiaceae,Manihot esculenta,Crantz,Bolivia (Plurinational State of)
Euphorbiaceae,Manihot grahamii,Hook.,Bolivia (Plurinational State of)
Euphorbiaceae,Maprounea guianensis,Aubl.,Bolivia (Plurinational State of)
Euphorbiaceae,Pachystroma longifolium,(Nees) I.M.Johnst.,Bolivia (Plurinational State of)
Euphorbiaceae,Pausandra trianae,(Müll.Arg.) Baill.,Bolivia (Plurinational State of)
Euphorbiaceae,Pleradenophora membranifolia,(Müll.Arg.) Esser & A.L.Melo,Bolivia (Plurinational State of)
Euphorbiaceae,Plukenetia brachybotrya,Müll.Arg.,Bolivia (Plurinational State of)
Euphorbiaceae,Sapium argutum,(Müll.Arg.) Huber,Bolivia (Plurinational State of)
Euphorbiaceae,Sapium glandulosum,(L.) Morong,Bolivia (Plurinational State of)
Euphorbiaceae,Sapium haematospermum,Müll.Arg.,Bolivia (Plurinational State of)
Euphorbiaceae,Sapium marmieri,Huber,Bolivia (Plurinational State of)
Euphorbiaceae,Sapium obovatum,Klotzsch ex Müll.Arg.,Bolivia (Plurinational State of)
Euphorbiaceae,Sapium pallidum,(Müll.Arg.) Huber,Bolivia (Plurinational State of)
Euphorbiaceae,Sebastiania brasiliensis,Spreng.,Bolivia (Plurinational State of)
Euphorbiaceae,Stillingia tenella,(Pax & K.Hoffm.) Esser,Bolivia (Plurinational State of)
Euphorbiaceae,Tetrorchidium andinum,Müll.Arg.,Bolivia (Plurinational State of)
Euphorbiaceae,Tetrorchidium macrophyllum,Müll.Arg.,Bolivia (Plurinational State of)
Fabaceae,Acaciella angustissima,(Mill.) Britton & Rose,Bolivia (Plurinational State of)
Fabaceae,Acosmium cardenasii,H.S.Irwin & Arroyo,Bolivia (Plurinational State of)
Fabaceae,Aeschynomene ciliata,Vogel,Bolivia (Plurinational State of)
Fabaceae,Albizia carbonaria,Britton,Bolivia (Plurinational State of)
Fabaceae,Amburana acreana,(Ducke) A.C.Sm.,Bolivia (Plurinational State of)
Fabaceae,Amburana cearensis,(Allemão) A.C.Sm.,Bolivia (Plurinational State of)
Fabaceae,Amphiodon effusus,Huber,Bolivia (Plurinational State of)
Fabaceae,Anadenanthera colubrina,(Vell.) Brenan,Bolivia (Plurinational State of)
Fabaceae,Anadenanthera peregrina,(L.) Speg.,Bolivia (Plurinational State of)
Fabaceae,Andira cujabensis,Benth.,Bolivia (Plurinational State of)
Fabaceae,Andira inermis,(W.Wright) DC.,Bolivia (Plurinational State of)
Fabaceae,Andira macrothyrsa,Ducke,Bolivia (Plurinational State of)
Fabaceae,Andira multistipula,Ducke,Bolivia (Plurinational State of)
Fabaceae,Andira surinamensis,(Bondt) Splitg. ex Pulle,Bolivia (Plurinational State of)
Fabaceae,Andira vermifuga,(Mart.) Benth.,Bolivia (Plurinational State of)
Fabaceae,Apuleia leiocarpa,(Vogel) J.F.Macbr.,Bolivia (Plurinational State of)
Fabaceae,Apurimacia boliviana,(Britton) Lavin,Bolivia (Plurinational State of)
Fabaceae,Ateleia guaraya,Herzog,Bolivia (Plurinational State of)
Fabaceae,Bauhinia acreana,Harms,Bolivia (Plurinational State of)
Fabaceae,Bauhinia aculeata,L.,Bolivia (Plurinational State of)
Fabaceae,Bauhinia cheilantha,(Bong.) Steud.,Bolivia (Plurinational State of)
Fabaceae,Bauhinia conwayi,Rusby,Bolivia (Plurinational State of)
Fabaceae,Bauhinia corniculata,Benth.,Bolivia (Plurinational State of)
Fabaceae,Bauhinia cupulata,Benth.,Bolivia (Plurinational State of)
Fabaceae,Bauhinia forficata,Link,Bolivia (Plurinational State of)
Fabaceae,Bauhinia gardneri,Benth.,Bolivia (Plurinational State of)
Fabaceae,Bauhinia hagenbeckii,Harms,Bolivia (Plurinational State of)
Fabaceae,Bauhinia longicuspis,Spruce ex Benth.,Bolivia (Plurinational State of)
Fabaceae,Bauhinia longifolia,(Bong.) Steud.,Bolivia (Plurinational State of)
Fabaceae,Bauhinia mollis,(Bong.) D.Dietr.,Bolivia (Plurinational State of)
Fabaceae,Bauhinia pentandra,(Bong.) Vogel ex D.Dietr.,Bolivia (Plurinational State of)
Fabaceae,Bauhinia platypetala,Burch. ex Benth.,Bolivia (Plurinational State of)
Fabaceae,Bauhinia tuichiensis,Cayola & A. Fuentes,Bolivia (Plurinational State of)
Fabaceae,Bauhinia ungulata,L.,Bolivia (Plurinational State of)
Fabaceae,Boliviadendron bolivianum,(C.E.Hughes & Atahuachi) E.R.Souza & C.E.Hughes,Bolivia (Plurinational State of)
Fabaceae,Bowdichia nitida,Spruce ex Benth.,Bolivia (Plurinational State of)
Fabaceae,Bowdichia virgilioides,Kunth,Bolivia (Plurinational State of)
Fabaceae,Calliandra angustifolia,Spruce ex Benth.,Bolivia (Plurinational State of)
Fabaceae,Calliandra chulumania,Barneby,Bolivia (Plurinational State of)
Fabaceae,Calliandra haematocephala,Hassk.,Bolivia (Plurinational State of)
Fabaceae,Calliandra trinervia,Benth.,Bolivia (Plurinational State of)
Fabaceae,Campsiandra angustifolia,Spruce ex Benth.,Bolivia (Plurinational State of)
Fabaceae,Campsiandra chigo-montero,Stergios,Bolivia (Plurinational State of)
Fabaceae,Cascaronia astragalina,Griseb.,Bolivia (Plurinational State of)
Fabaceae,Cassia grandis,L.f.,Bolivia (Plurinational State of)
Fabaceae,Cedrelinga cateniformis,(Ducke) Ducke,Bolivia (Plurinational State of)
Fabaceae,Cenostigma bracteosum,(Tul.) Gagnon & G.P.Lewis,Bolivia (Plurinational State of)
Fabaceae,Cenostigma marginatum,(Tul.) Gagnon & G.P.Lewis,Bolivia (Plurinational State of)
Fabaceae,Cenostigma pluviosum,(DC.) Gagnon & G.P.Lewis,Bolivia (Plurinational State of)
Fabaceae,Centrolobium microchaete,(Mart. ex Benth.) H.C.Lima,Bolivia (Plurinational State of)
Fabaceae,Cercidium andicola,Griseb.,Bolivia (Plurinational State of)
Fabaceae,Chloroleucon chacoense,(Burkart) Barneby & J.W.Grimes,Bolivia (Plurinational State of)
Fabaceae,Chloroleucon foliolosum,(Benth.) G.P.Lewis,Bolivia (Plurinational State of)
Fabaceae,Chloroleucon mangense,(Jacq.) Britton & Rose,Bolivia (Plurinational State of)
Fabaceae,Chloroleucon tenuiflorum,(Benth.) Barneby & J.W.Grimes,Bolivia (Plurinational State of)
Fabaceae,Clitoria arborescens,R.Br.,Bolivia (Plurinational State of)
Fabaceae,Clitoria juninensis,Fantz,Bolivia (Plurinational State of)
Fabaceae,Clitoria nervosa,Herzog,Bolivia (Plurinational State of)
Fabaceae,Cojoba arborea,(L.) Britton & Rose,Bolivia (Plurinational State of)
Fabaceae,Cojoba beckii,Barneby & J.W.Grimes,Bolivia (Plurinational State of)
Fabaceae,Cojoba chazutensis,(Standl.) L.Rico,Bolivia (Plurinational State of)
Fabaceae,Collaea argentina,Griseb.,Bolivia (Plurinational State of)
Fabaceae,Collaea speciosa,(Loisel.) DC.,Bolivia (Plurinational State of)
Fabaceae,Copaifera duckei,Dwyer,Bolivia (Plurinational State of)
Fabaceae,Copaifera epunctata,Amshoff,Bolivia (Plurinational State of)
Fabaceae,Copaifera krukovii,(Dwyer) J.A.S.Costa,Bolivia (Plurinational State of)
Fabaceae,Copaifera langsdorffii,Desf.,Bolivia (Plurinational State of)
Fabaceae,Copaifera multijuga,Hayne,Bolivia (Plurinational State of)
Fabaceae,Copaifera oblongifolia,Mart. ex Hayne,Bolivia (Plurinational State of)
Fabaceae,Copaifera officinalis,L.,Bolivia (Plurinational State of)
Fabaceae,Copaifera paupera,(Herzog) Dwyer,Bolivia (Plurinational State of)
Fabaceae,Coursetia brachyrhachis,Harms,Bolivia (Plurinational State of)
Fabaceae,Coursetia hypoleuca,(Speg.) Lavin,Bolivia (Plurinational State of)
Fabaceae,Crudia glaberrima,(Steud.) J.F.Macbr.,Bolivia (Plurinational State of)
Fabaceae,Cyclolobium brasiliense,Benth.,Bolivia (Plurinational State of)
Fabaceae,Cynometra spruceana,Baill.,Bolivia (Plurinational State of)
Fabaceae,Dahlstedtia araripensis,(Benth.) M.J.Silva & A.M.G.Azevedo,Bolivia (Plurinational State of)
Fabaceae,Dahlstedtia muehlbergiana,(Hassl.) M.J.Silva & A.M.G.Azevedo,Bolivia (Plurinational State of)
Fabaceae,Dalbergia cuiabensis,Benth.,Bolivia (Plurinational State of)
Fabaceae,Dalbergia foliolosa,Benth.,Bolivia (Plurinational State of)
Fabaceae,Dalbergia frutescens,(Vell.) Britton,Bolivia (Plurinational State of)
Fabaceae,Dalbergia gracilis,Benth.,Bolivia (Plurinational State of)
Fabaceae,Dalbergia riedelii,(Benth.) Sandwith,Bolivia (Plurinational State of)
Fabaceae,Dalbergia riparia,(Benth.) Benth.,Bolivia (Plurinational State of)
Fabaceae,Dalbergia spruceana,Benth.,Bolivia (Plurinational State of)
Fabaceae,Dalbergia subcymosa,Ducke,Bolivia (Plurinational State of)
Fabaceae,Dalbergia villosa,(Benth.) Benth.,Bolivia (Plurinational State of)
Fabaceae,Deguelia amazonica,Killip,Bolivia (Plurinational State of)
Fabaceae,Deguelia angulata,(Ducke) A.M.G. Azevedo & R.A. Camargo,Bolivia (Plurinational State of)
Fabaceae,Deguelia scandens,Aubl.,Bolivia (Plurinational State of)
Fabaceae,Deguelia spruceana,(Benth.) A.M.G.Azevedo & R.A.Camargo,Bolivia (Plurinational State of)
Fabaceae,Desmodium cajanifolium,(Kunth) DC.,Bolivia (Plurinational State of)
Fabaceae,Dialium guianense,(Aubl.) Sandwith,Bolivia (Plurinational State of)
Fabaceae,Dimorphandra gardneriana,Tul.,Bolivia (Plurinational State of)
Fabaceae,Dimorphandra mollis,Benth.,Bolivia (Plurinational State of)
Fabaceae,Dimorphandra pennigera,Tul.,Bolivia (Plurinational State of)
Fabaceae,Diplotropis peruviana,J.F.Macbr.,Bolivia (Plurinational State of)
Fabaceae,Diplotropis purpurea,(Rich.) Amshoff,Bolivia (Plurinational State of)
Fabaceae,Dipteryx alata,Vogel,Bolivia (Plurinational State of)
Fabaceae,Dipteryx micrantha,Harms,Bolivia (Plurinational State of)
Fabaceae,Dipteryx odorata,(Aubl.) Willd.,Bolivia (Plurinational State of)
Fabaceae,Diptychandra aurantiaca,Tul.,Bolivia (Plurinational State of)
Fabaceae,Dussia discolor,(Benth.) Amshoff,Bolivia (Plurinational State of)
Fabaceae,Dussia tessmannii,Harms,Bolivia (Plurinational State of)
Fabaceae,Enterolobium barnebianum,Mesquita & M.F.Silva,Bolivia (Plurinational State of)
Fabaceae,Enterolobium contortisiliquum,(Vell.) Morong,Bolivia (Plurinational State of)
Fabaceae,Enterolobium gummiferum,(Mart.) J.F.Macbr.,Bolivia (Plurinational State of)
Fabaceae,Enterolobium maximum,Ducke,Bolivia (Plurinational State of)
Fabaceae,Enterolobium schomburgkii,(Benth.) Benth.,Bolivia (Plurinational State of)
Fabaceae,Eriosema violaceum,(Aubl.) G.Don,Bolivia (Plurinational State of)
Fabaceae,Erythrina amazonica,Krukoff,Bolivia (Plurinational State of)
Fabaceae,Erythrina dominguezii,Hassl.,Bolivia (Plurinational State of)
Fabaceae,Erythrina edulis,Triana ex Micheli,Bolivia (Plurinational State of)
Fabaceae,Erythrina falcata,Benth.,Bolivia (Plurinational State of)
Fabaceae,Erythrina fusca,Lour.,Bolivia (Plurinational State of)
Fabaceae,Erythrina poeppigiana,(Walp.) O.F.Cook,Bolivia (Plurinational State of)
Fabaceae,Erythrina rubrinervia,Kunth,Bolivia (Plurinational State of)
Fabaceae,Erythrina similis,Krukoff,Bolivia (Plurinational State of)
Fabaceae,Erythrina ulei,Harms,Bolivia (Plurinational State of)
Fabaceae,Geoffroea decorticans,(Gillies ex Hook. & Arn.) Burkart,Bolivia (Plurinational State of)
Fabaceae,Geoffroea spinosa,Jacq.,Bolivia (Plurinational State of)
Fabaceae,Gleditsia amorphoides,(Griseb.) Taub.,Bolivia (Plurinational State of)
Fabaceae,Guibourtia chodatiana,(Hassl.) J.Léonard,Bolivia (Plurinational State of)
Fabaceae,Gwilymia fissurata,"(E.M.O.Martins) A.G.Lima, Paula-Souza & Scalon",Bolivia (Plurinational State of)
Fabaceae,Gwilymia polystachya,"(Miq.) A.G.Lima, Paula-Souza & Scalon",Bolivia (Plurinational State of)
Fabaceae,Holocalyx balansae,Micheli,Bolivia (Plurinational State of)
Fabaceae,Hydrochorea corymbosa,(Rich.) Barneby & J.W.Grimes,Bolivia (Plurinational State of)
Fabaceae,Hydrochorea elegans,"(Ducke) M.V.B.Soares, Iganci & M.P.Morim",Bolivia (Plurinational State of)
Fabaceae,Hydrochorea pedicellaris,"(DC.) M.V.B.Soares, Iganci & M.P.Morim",Bolivia (Plurinational State of)
Fabaceae,Hymenaea courbaril,L.,Bolivia (Plurinational State of)
Fabaceae,Hymenaea martiana,(Hayne) Hayne,Bolivia (Plurinational State of)
Fabaceae,Hymenaea oblongifolia,Huber,Bolivia (Plurinational State of)
Fabaceae,Hymenaea parvifolia,Huber,Bolivia (Plurinational State of)
Fabaceae,Hymenaea stigonocarpa,Mart. ex Hayne,Bolivia (Plurinational State of)
Fabaceae,Hymenaea travassosii,Kuhlm. ex Paes,Bolivia (Plurinational State of)
Fabaceae,Hymenolobium excelsum,Ducke,Bolivia (Plurinational State of)
Fabaceae,Inga acreana,Harms,Bolivia (Plurinational State of)
Fabaceae,Inga acrocephala,Steud.,Bolivia (Plurinational State of)
Fabaceae,Inga acuminata,Benth.,Bolivia (Plurinational State of)
Fabaceae,Inga adenophylla,Pittier,Bolivia (Plurinational State of)
Fabaceae,Inga affinis,DC.,Bolivia (Plurinational State of)
Fabaceae,Inga alata,Benoist,Bolivia (Plurinational State of)
Fabaceae,Inga alba,(Sw.) Willd.,Bolivia (Plurinational State of)
Fabaceae,Inga amboroensis,T.D.Penn.,Bolivia (Plurinational State of)
Fabaceae,Inga approximata,T.D.Penn.,Bolivia (Plurinational State of)
Fabaceae,Inga auristellae,Harms,Bolivia (Plurinational State of)
Fabaceae,Inga balsapambensis,T.D.Penn.,Bolivia (Plurinational State of)
Fabaceae,Inga bourgoni,(Aubl.) DC.,Bolivia (Plurinational State of)
Fabaceae,Inga capitata,Desv.,Bolivia (Plurinational State of)
Fabaceae,Inga cayennensis,Sagot ex Benth.,Bolivia (Plurinational State of)
Fabaceae,Inga cecropietorum,Ducke,Bolivia (Plurinational State of)
Fabaceae,Inga chartacea,Poepp.,Bolivia (Plurinational State of)
Fabaceae,Inga chrysantha,Ducke,Bolivia (Plurinational State of)
Fabaceae,Inga cinnamomea,Spruce ex Benth.,Bolivia (Plurinational State of)
Fabaceae,Inga cordatoalata,Ducke,Bolivia (Plurinational State of)
Fabaceae,Inga coruscans,Humb. & Bonpl. ex Willd.,Bolivia (Plurinational State of)
Fabaceae,Inga cylindrica,(Vell.) Mart.,Bolivia (Plurinational State of)
Fabaceae,Inga disticha,Benth.,Bolivia (Plurinational State of)
Fabaceae,Inga edulis,Mart.,Bolivia (Plurinational State of)
Fabaceae,Inga expansa,Rusby,Bolivia (Plurinational State of)
Fabaceae,Inga fastuosa,(Jacq.) Willd.,Bolivia (Plurinational State of)
Fabaceae,Inga fendleriana,Benth.,Bolivia (Plurinational State of)
Fabaceae,Inga grandis,T.D.Penn.,Bolivia (Plurinational State of)
Fabaceae,Inga heterophylla,Willd.,Bolivia (Plurinational State of)
Fabaceae,Inga ilta,T.D.Penn.,Bolivia (Plurinational State of)
Fabaceae,Inga ingoides,(Rich.) Willd.,Bolivia (Plurinational State of)
Fabaceae,Inga japurensis,T.D.Penn.,Bolivia (Plurinational State of)
Fabaceae,Inga lateriflora,Miq.,Bolivia (Plurinational State of)
Fabaceae,Inga laurina,(Sw.) Willd.,Bolivia (Plurinational State of)
Fabaceae,Inga leiocalycina,Benth.,Bolivia (Plurinational State of)
Fabaceae,Inga lopadadenia,Harms,Bolivia (Plurinational State of)
Fabaceae,Inga macrophylla,Humb. & Bonpl. ex Willd.,Bolivia (Plurinational State of)
Fabaceae,Inga marginata,Willd.,Bolivia (Plurinational State of)
Fabaceae,Inga multijuga,Benth.,Bolivia (Plurinational State of)
Fabaceae,Inga multinervis,T.D.Penn.,Bolivia (Plurinational State of)
Fabaceae,Inga nobilis,Willd.,Bolivia (Plurinational State of)
Fabaceae,Inga oerstediana,Benth.,Bolivia (Plurinational State of)
Fabaceae,Inga pallida,Rusby,Bolivia (Plurinational State of)
Fabaceae,Inga peduncularis,Benth.,Bolivia (Plurinational State of)
Fabaceae,Inga pezizifera,Benth.,Bolivia (Plurinational State of)
Fabaceae,Inga pilosula,(Rich.) J.F.Macbr.,Bolivia (Plurinational State of)
Fabaceae,Inga poeppigiana,Benth.,Bolivia (Plurinational State of)
Fabaceae,Inga punctata,Willd.,Bolivia (Plurinational State of)
Fabaceae,Inga ruiziana,G.Don,Bolivia (Plurinational State of)
Fabaceae,Inga rusbyi,Pittier,Bolivia (Plurinational State of)
Fabaceae,Inga saltensis,Burkart,Bolivia (Plurinational State of)
Fabaceae,Inga sapindoides,Willd.,Bolivia (Plurinational State of)
Fabaceae,Inga sertulifera,DC.,Bolivia (Plurinational State of)
Fabaceae,Inga setosa,G.Don,Bolivia (Plurinational State of)
Fabaceae,Inga spectabilis,(Vahl) Willd.,Bolivia (Plurinational State of)
Fabaceae,Inga splendens,Willd.,Bolivia (Plurinational State of)
Fabaceae,Inga steinbachii,Harms,Bolivia (Plurinational State of)
Fabaceae,Inga stenocalyx,Benth.,Bolivia (Plurinational State of)
Fabaceae,Inga stenopoda,Pittier,Bolivia (Plurinational State of)
Fabaceae,Inga stenoptera,Benth.,Bolivia (Plurinational State of)
Fabaceae,Inga stipulacea,G.Don,Bolivia (Plurinational State of)
Fabaceae,Inga stipularis,DC.,Bolivia (Plurinational State of)
Fabaceae,Inga striata,Benth.,Bolivia (Plurinational State of)
Fabaceae,Inga striolata,T.D.Penn.,Bolivia (Plurinational State of)
Fabaceae,Inga tenuistipula,Ducke,Bolivia (Plurinational State of)
Fabaceae,Inga thibaudiana,DC.,Bolivia (Plurinational State of)
Fabaceae,Inga tomentosa,Benth.,Bolivia (Plurinational State of)
Fabaceae,Inga umbellifera,(Vahl) Steud. ex DC.,Bolivia (Plurinational State of)
Fabaceae,Inga umbratica,Poepp.,Bolivia (Plurinational State of)
Fabaceae,Inga velutina,Willd.,Bolivia (Plurinational State of)
Fabaceae,Inga vera,Willd.,Bolivia (Plurinational State of)
Fabaceae,Inga villosissima,Benth.,Bolivia (Plurinational State of)
Fabaceae,Inga vismiifolia,Poepp.,Bolivia (Plurinational State of)
Fabaceae,Inga yungasensis,C.Aparicio & A.Fuentes,Bolivia (Plurinational State of)
Fabaceae,Jupunba trapezifolia,"(Benth.) M.V.B.Soares, M.P.Morim & Iganci",Bolivia (Plurinational State of)
Fabaceae,Lachesiodendron viridiflorum,"(Kunth) P.G.Ribeiro, L.P.Queiroz & Luckow",Bolivia (Plurinational State of)
Fabaceae,Lecointea amazonica,Ducke,Bolivia (Plurinational State of)
Fabaceae,Lecointea peruviana,J.F.Macbr.,Bolivia (Plurinational State of)
Fabaceae,Leptolobium dasycarpum,Vogel,Bolivia (Plurinational State of)
Fabaceae,Leptolobium elegans,Vogel,Bolivia (Plurinational State of)
Fabaceae,Leptolobium nitens,Vogel,Bolivia (Plurinational State of)
Fabaceae,Libidibia paraguariensis,(D.Parodi) G.P.Lewis,Bolivia (Plurinational State of)
Fabaceae,Lonchocarpus cultratus,(Vell.) A.M.G.Azevedo & H.C.Lima,Bolivia (Plurinational State of)
Fabaceae,Lonchocarpus hedyosmus,Miq.,Bolivia (Plurinational State of)
Fabaceae,Lonchocarpus lilloi,(Hassl.) Burkart,Bolivia (Plurinational State of)
Fabaceae,Lonchocarpus macrocarpus,Benth.,Bolivia (Plurinational State of)
Fabaceae,Lonchocarpus neei,M.Sousa,Bolivia (Plurinational State of)
Fabaceae,Lonchocarpus pluvialis,Rusby,Bolivia (Plurinational State of)
Fabaceae,Lonchocarpus riparius,M.Sousa,Bolivia (Plurinational State of)
Fabaceae,Lonchocarpus seorsus,"(J.F.Macbr.) M.Sousa ex D.A.Neill, Klitg. & G.P.Lewis",Bolivia (Plurinational State of)
Fabaceae,Lonchocarpus sericophyllus,M.Sousa,Bolivia (Plurinational State of)
Fabaceae,Lonchocarpus spiciflorus,Mart. ex Benth.,Bolivia (Plurinational State of)
Fabaceae,Luetzelburgia andina,"D.B.O.S.Cardoso , L.P.Queiroz & H.C.Lima",Bolivia (Plurinational State of)
Fabaceae,Luetzelburgia sotoi,"D.B.O.S.Cardoso , L.P.Queiroz & H.C.Lima",Bolivia (Plurinational State of)
Fabaceae,Machaerium acutifolium,Vogel,Bolivia (Plurinational State of)
Fabaceae,Machaerium aristulatum,(Spruce ex Benth.) Ducke,Bolivia (Plurinational State of)
Fabaceae,Machaerium biovulatum,Micheli,Bolivia (Plurinational State of)
Fabaceae,Machaerium eriocarpum,Benth.,Bolivia (Plurinational State of)
Fabaceae,Machaerium floribundum,Benth.,Bolivia (Plurinational State of)
Fabaceae,Machaerium guanaiense,Rudd,Bolivia (Plurinational State of)
Fabaceae,Machaerium hirtum,(Vell.) Stellfeld,Bolivia (Plurinational State of)
Fabaceae,Machaerium inundatum,(Mart. ex Benth.) Ducke,Bolivia (Plurinational State of)
Fabaceae,Machaerium isadelphum,(E.Mey.) Standl.,Bolivia (Plurinational State of)
Fabaceae,Machaerium kegelii,Meisn.,Bolivia (Plurinational State of)
Fabaceae,Machaerium latifolium,Rusby,Bolivia (Plurinational State of)
Fabaceae,Machaerium leiophyllum,(DC.) Benth.,Bolivia (Plurinational State of)
Fabaceae,Machaerium lunatum,(L.f.) Ducke,Bolivia (Plurinational State of)
Fabaceae,Machaerium millei,Standl.,Bolivia (Plurinational State of)
Fabaceae,Machaerium moritzianum,Benth.,Bolivia (Plurinational State of)
Fabaceae,Machaerium multifoliolatum,Ducke,Bolivia (Plurinational State of)
Fabaceae,Machaerium mutisii,Killip ex Rudd,Bolivia (Plurinational State of)
Fabaceae,Machaerium nyctitans,Benth.,Bolivia (Plurinational State of)
Fabaceae,Machaerium paraguariense,Hassl.,Bolivia (Plurinational State of)
Fabaceae,Machaerium penduliflorum,Rudd,Bolivia (Plurinational State of)
Fabaceae,Machaerium scleroxylon,Tul.,Bolivia (Plurinational State of)
Fabaceae,Machaerium seemannii,Benth. ex Seem.,Bolivia (Plurinational State of)
Fabaceae,Machaerium subrhombiforme,Rudd,Bolivia (Plurinational State of)
Fabaceae,Machaerium tortipes,Hoehne,Bolivia (Plurinational State of)
Fabaceae,Machaerium villosum,Vogel,Bolivia (Plurinational State of)
Fabaceae,Macrolobium acaciifolium,(Benth.) Benth.,Bolivia (Plurinational State of)
Fabaceae,Macrolobium angustifolium,(Benth.) R.S.Cowan,Bolivia (Plurinational State of)
Fabaceae,Macrolobium multijugum,(DC.) Benth.,Bolivia (Plurinational State of)
Fabaceae,Martiodendron elatum,(Ducke) Gleason,Bolivia (Plurinational State of)
Fabaceae,Mimosa acutistipula,Benth.,Bolivia (Plurinational State of)
Fabaceae,Mimosa bifurca,Benth.,Bolivia (Plurinational State of)
Fabaceae,Mimosa dalyi,Barneby,Bolivia (Plurinational State of)
Fabaceae,Mimosa detinens,Benth.,Bolivia (Plurinational State of)
Fabaceae,Mimosa farinosa,Griseb.,Bolivia (Plurinational State of)
Fabaceae,Mimosa hexandra,Micheli,Bolivia (Plurinational State of)
Fabaceae,Mimosa lepidota,Herzog,Bolivia (Plurinational State of)
Fabaceae,Mimosa revoluta,Benth.,Bolivia (Plurinational State of)
Fabaceae,Mimosa rufescens,Benth.,Bolivia (Plurinational State of)
Fabaceae,Mimosa rusbyana,Barneby & Fortunato,Bolivia (Plurinational State of)
Fabaceae,Mimozyganthus carinatus,(Griseb.) Burkart,Bolivia (Plurinational State of)
Fabaceae,Muellera amazonica,M.Sousa,Bolivia (Plurinational State of)
Fabaceae,Muellera campestris,(Mart. ex Benth.) M.J.Silva & A.M.G.Azevedo,Bolivia (Plurinational State of)
Fabaceae,Muellera fluvialis,(Lindm.) Burkart,Bolivia (Plurinational State of)
Fabaceae,Muellera nudiflorens,(Burkart) M.J.Silva & A.M.G.Azevedo,Bolivia (Plurinational State of)
Fabaceae,Muellera sericea,(Micheli) M.J.Silva & A.M.G.Azevedo,Bolivia (Plurinational State of)
Fabaceae,Myrocarpus emarginatus,A.L.B. Sartori & A.M.G. Azevedo,Bolivia (Plurinational State of)
Fabaceae,Myrocarpus venezuelensis,Rudd,Bolivia (Plurinational State of)
Fabaceae,Myroxylon balsamum,(L.) Harms,Bolivia (Plurinational State of)
Fabaceae,Myroxylon peruiferum,L.f.,Bolivia (Plurinational State of)
Fabaceae,Neltuma affinis,(Spreng.) C.E.Hughes & G.P.Lewis,Bolivia (Plurinational State of)
Fabaceae,Neltuma alba,(Griseb.) C.E.Hughes & G.P.Lewis,Bolivia (Plurinational State of)
Fabaceae,Neltuma chilensis,(Molina) C.E.Hughes & G.P.Lewis,Bolivia (Plurinational State of)
Fabaceae,Neltuma elata,(Burkart) C.E.Hughes & G.P.Lewis,Bolivia (Plurinational State of)
Fabaceae,Neltuma flexuosa,(DC.) C.E.Hughes & G.P.Lewis,Bolivia (Plurinational State of)
Fabaceae,Neltuma kuntzei,(Harms) C.E.Hughes & G.P.Lewis,Bolivia (Plurinational State of)
Fabaceae,Neltuma nigra,(Griseb.) C.E.Hughes & G.P.Lewis,Bolivia (Plurinational State of)
Fabaceae,Neltuma nuda,(Schinini) C.E.Hughes & G.P.Lewis,Bolivia (Plurinational State of)
Fabaceae,Neltuma pallida,(Humb. & Bonpl. ex Willd.) C.E.Hughes & G.P.Lewis,Bolivia (Plurinational State of)
Fabaceae,Neltuma ruscifolia,(Griseb.) C.E.Hughes & G.P.Lewis,Bolivia (Plurinational State of)
Fabaceae,Ormosia amazonica,Ducke,Bolivia (Plurinational State of)
Fabaceae,Ormosia bolivarensis,(Rudd) C.H.Stirt.,Bolivia (Plurinational State of)
Fabaceae,Ormosia bopiensis,Pierce ex J.F.Macbr.,Bolivia (Plurinational State of)
Fabaceae,Ormosia coarctata,Jacks.,Bolivia (Plurinational State of)
Fabaceae,Ormosia coccinea,(Aubl.) Jacks.,Bolivia (Plurinational State of)
Fabaceae,Ormosia elata,Rudd.,Bolivia (Plurinational State of)
Fabaceae,Ormosia grandiflora,(Tul.) Rudd,Bolivia (Plurinational State of)
Fabaceae,Ormosia larecajana,Rudd,Bolivia (Plurinational State of)
Fabaceae,Ormosia macrocalyx,Ducke,Bolivia (Plurinational State of)
Fabaceae,Ormosia nobilis,Tul.,Bolivia (Plurinational State of)
Fabaceae,Parapiptadenia excelsa,(Griseb.) Burkart,Bolivia (Plurinational State of)
Fabaceae,Parapiptadenia rigida,(Benth.) Brenan,Bolivia (Plurinational State of)
Fabaceae,Parasenegalia rurrenabaqueana,(Rusby) Seigler & Ebinger,Bolivia (Plurinational State of)
Fabaceae,Parkia multijuga,Benth.,Bolivia (Plurinational State of)
Fabaceae,Parkia nitida,Miq.,Bolivia (Plurinational State of)
Fabaceae,Parkia pendula,(Willd.) Benth. ex Walp.,Bolivia (Plurinational State of)
Fabaceae,Parkinsonia aculeata,L.,Bolivia (Plurinational State of)
Fabaceae,Parkinsonia praecox,(Ruiz & Pav.) Hawkins,Bolivia (Plurinational State of)
Fabaceae,Peltogyne heterophylla,M.F.Silva,Bolivia (Plurinational State of)
Fabaceae,Peltogyne paniculata,Benth.,Bolivia (Plurinational State of)
Fabaceae,Peltophorum dubium,(Spreng.) Taub.,Bolivia (Plurinational State of)
Fabaceae,Periandra heterophylla,Benth.,Bolivia (Plurinational State of)
Fabaceae,Piptadenia anolidurus,Barneby,Bolivia (Plurinational State of)
Fabaceae,Piptadenia boliviana,Benth.,Bolivia (Plurinational State of)
Fabaceae,Piptadenia buchtienii,Barneby,Bolivia (Plurinational State of)
Fabaceae,Piptadenia gonoacantha,(Mart.) J.F.Macbr.,Bolivia (Plurinational State of)
Fabaceae,Piptadenia peruviana,(J.F.Macbr.) Barneby,Bolivia (Plurinational State of)
Fabaceae,Piptadenia pteroclada,Benth.,Bolivia (Plurinational State of)
Fabaceae,Piptadenia robusta,Pittier,Bolivia (Plurinational State of)
Fabaceae,Piptadeniopsis lomentifera,Burkart,Bolivia (Plurinational State of)
Fabaceae,Plathymenia reticulata,Benth.,Bolivia (Plurinational State of)
Fabaceae,Platycyamus ulei,Harms,Bolivia (Plurinational State of)
Fabaceae,Platymiscium pinnatum,(Jacq.) Dugand,Bolivia (Plurinational State of)
Fabaceae,Platymiscium pubescens,Micheli,Bolivia (Plurinational State of)
Fabaceae,Platymiscium stipulare,Benth.,Bolivia (Plurinational State of)
Fabaceae,Platymiscium trinitatis,Benth.,Bolivia (Plurinational State of)
Fabaceae,Platypodium elegans,Vogel,Bolivia (Plurinational State of)
Fabaceae,Poecilanthe parviflora,Benth.,Bolivia (Plurinational State of)
Fabaceae,Poeppigia procera,(Poepp. ex Spreng.) C.Presl,Bolivia (Plurinational State of)
Fabaceae,Pseudalbizzia coripatensis,(Rusby) E.J.M.Koenen & Duno,Bolivia (Plurinational State of)
Fabaceae,Pseudalbizzia inundata,(Mart.) E.J.M.Koenen & Duno,Bolivia (Plurinational State of)
Fabaceae,Pseudalbizzia niopoides,(Spruce ex Benth.) E.J.M.Koenen & Duno,Bolivia (Plurinational State of)
Fabaceae,Pseudalbizzia subdimidiata,(Splitg.) E.J.M.Koenen & Duno,Bolivia (Plurinational State of)
Fabaceae,Pseudopiptadenia psilostachya,(DC.) G.P.Lewis & M.P.Lima,Bolivia (Plurinational State of)
Fabaceae,Pseudopiptadenia suaveolens,(Miq.) J.W.Grimes,Bolivia (Plurinational State of)
Fabaceae,Pseudosenegalia feddeana,(Harms) Seigler & Ebinger,Bolivia (Plurinational State of)
Fabaceae,Pseudosenegalia riograndensis,(Atahuachi & L.Rico) Seigler & Ebinger,Bolivia (Plurinational State of)
Fabaceae,Pterocarpus amazonum,(Mart. ex Benth.) Amshoff,Bolivia (Plurinational State of)
Fabaceae,Pterocarpus dubius,(Kunth) Spreng.,Bolivia (Plurinational State of)
Fabaceae,Pterocarpus rohrii,Vahl,Bolivia (Plurinational State of)
Fabaceae,Pterocarpus santalinoides,L'Hér. ex DC.,Bolivia (Plurinational State of)
Fabaceae,Pterocarpus steinbachianus,Harms,Bolivia (Plurinational State of)
Fabaceae,Pterodon emarginatus,Vogel,Bolivia (Plurinational State of)
Fabaceae,Pterogyne nitens,Tul.,Bolivia (Plurinational State of)
Fabaceae,Punjuba centiflora,"(Barneby & J.W.Grimes) M.V.B.Soares, M.P.Morim & Iganci",Bolivia (Plurinational State of)
Fabaceae,Punjuba racemiflora,(Donn.Sm.) Britton & Rose,Bolivia (Plurinational State of)
Fabaceae,Samanea saman,(Jacq.) Merr.,Bolivia (Plurinational State of)
Fabaceae,Samanea tubulosa,(Benth.) Barneby & J.W.Grimes,Bolivia (Plurinational State of)
Fabaceae,Schizolobium parahyba,(Vell.) S.F.Blake,Bolivia (Plurinational State of)
Fabaceae,Senegalia bonariensis,(Gillies ex Hook. & Arn.) Seigler & Ebinger,Bolivia (Plurinational State of)
Fabaceae,Senegalia etilis,(Speg.) Seigler & Ebinger,Bolivia (Plurinational State of)
Fabaceae,Senegalia klugii,(Standl. ex J.F.Macbr.) Seigler & Ebinger,Bolivia (Plurinational State of)
Fabaceae,Senegalia langsdorffii,(Benth.) Bocage & L.P.Queiroz,Bolivia (Plurinational State of)
Fabaceae,Senegalia loretensis,(J.F.Macbr.) Seigler & Ebinger,Bolivia (Plurinational State of)
Fabaceae,Senegalia lowei,(L.Rico) Seigler & Ebinger,Bolivia (Plurinational State of)
Fabaceae,Senegalia martii,(Benth.) Seigler & Ebinger,Bolivia (Plurinational State of)
Fabaceae,Senegalia polyphylla,(DC.) Britton & Rose,Bolivia (Plurinational State of)
Fabaceae,Senegalia praecox,(Griseb.) Seigler & Ebinger,Bolivia (Plurinational State of)
Fabaceae,Senegalia rhytidocarpa,(L.Rico) Seigler & Ebinger,Bolivia (Plurinational State of)
Fabaceae,Senegalia riparia,(Kunth) Britton & Rose,Bolivia (Plurinational State of)
Fabaceae,Senegalia tenuifolia,(L.) Britton & Rose,Bolivia (Plurinational State of)
Fabaceae,Senegalia weberbaueri,(Harms) Seigler & Ebinger,Bolivia (Plurinational State of)
Fabaceae,Senna affinis,(Benth.) H.S.Irwin & Barneby,Bolivia (Plurinational State of)
Fabaceae,Senna aymara,H.S.Irwin & Barneby,Bolivia (Plurinational State of)
Fabaceae,Senna bacillaris,(L.f.) H.S.Irwin & Barneby,Bolivia (Plurinational State of)
Fabaceae,Senna burkartiana,(Villa) H.S.Irwin & Barneby,Bolivia (Plurinational State of)
Fabaceae,Senna chloroclada,(Harms) H.S.Irwin & Barneby,Bolivia (Plurinational State of)
Fabaceae,Senna georgica,H.S.Irwin & Barneby,Bolivia (Plurinational State of)
Fabaceae,Senna herzogii,(Harms) H.S.Irwin & Barneby,Bolivia (Plurinational State of)
Fabaceae,Senna macrophylla,(Kunth) H.S.Irwin & Barneby,Bolivia (Plurinational State of)
Fabaceae,Senna mandonii,(Benth.) H.S.Irwin & Barneby,Bolivia (Plurinational State of)
Fabaceae,Senna mollissima,(Willd.) H.S.Irwin & Barneby,Bolivia (Plurinational State of)
Fabaceae,Senna mucronifera,(Benth.) H.S.Irwin & Barneby,Bolivia (Plurinational State of)
Fabaceae,Senna multiglandulosa,(Jacq.) H.S.Irwin & Barneby,Bolivia (Plurinational State of)
Fabaceae,Senna multijuga,(Rich.) H.S.Irwin & Barneby,Bolivia (Plurinational State of)
Fabaceae,Senna punoensis,Lass.,Bolivia (Plurinational State of)
Fabaceae,Senna quinquangulata,(Rich.) H.S.Irwin & Barneby,Bolivia (Plurinational State of)
Fabaceae,Senna reticulata,(Willd.) H.S.Irwin & Barneby,Bolivia (Plurinational State of)
Fabaceae,Senna rugosa,(G.Don) H.S.Irwin & Barneby,Bolivia (Plurinational State of)
Fabaceae,Senna ruiziana,(G.Don) H.S.Irwin & Barneby,Bolivia (Plurinational State of)
Fabaceae,Senna silvestris,(Vell.) H.S.Irwin & Barneby,Bolivia (Plurinational State of)
Fabaceae,Senna spectabilis,(DC.) H.S.Irwin & Barneby,Bolivia (Plurinational State of)
Fabaceae,Senna spinescens,(Vogel) H.S.Irwin & Barneby,Bolivia (Plurinational State of)
Fabaceae,Senna tapajozensis,(Ducke) H.S.Irwin & Barneby,Bolivia (Plurinational State of)
Fabaceae,Senna versicolor,(Vogel) H.S.Irwin & Barneby,Bolivia (Plurinational State of)
Fabaceae,Senna weddelliana,H.S.Irwin & Barneby,Bolivia (Plurinational State of)
Fabaceae,Steinbachiella leptoclada,Harms,Bolivia (Plurinational State of)
Fabaceae,Strombocarpa ferox,(Griseb.) C.E.Hughes & G.P.Lewis,Bolivia (Plurinational State of)
Fabaceae,Strombocarpa torquata,(Lag.) Hutch. ex C.E.Hughes & G.P.Lewis,Bolivia (Plurinational State of)
Fabaceae,Stryphnodendron foreroi,Martins,Bolivia (Plurinational State of)
Fabaceae,Stryphnodendron guianense,(Aubl.) Benth.,Bolivia (Plurinational State of)
Fabaceae,Stryphnodendron pulcherrimum,(Willd.) Hochr.,Bolivia (Plurinational State of)
Fabaceae,Swartzia acreana,R.S.Cowan,Bolivia (Plurinational State of)
Fabaceae,Swartzia arborescens,(Aubl.) Pittier,Bolivia (Plurinational State of)
Fabaceae,Swartzia costata,(Rusby) Cowan       ,Bolivia (Plurinational State of)
Fabaceae,Swartzia jorori,Harms,Bolivia (Plurinational State of)
Fabaceae,Swartzia latifolia,Benth.,Bolivia (Plurinational State of)
Fabaceae,Swartzia leptopetala,Benth.,Bolivia (Plurinational State of)
Fabaceae,Swartzia myrtifolia,Sm.,Bolivia (Plurinational State of)
Fabaceae,Swartzia oraria,R.S.Cowan,Bolivia (Plurinational State of)
Fabaceae,Swartzia peruviana,(R.S.Cowan) Torke,Bolivia (Plurinational State of)
Fabaceae,Swartzia simplex,(Sw.) Spreng.,Bolivia (Plurinational State of)
Fabaceae,Sweetia fruticosa,Spreng.,Bolivia (Plurinational State of)
Fabaceae,Tachigali aurea,Tul.,Bolivia (Plurinational State of)
Fabaceae,Tachigali bracteosa,(Harms) Zarucchi & Pipoly,Bolivia (Plurinational State of)
Fabaceae,Tachigali chrysaloides,van der Werff,Bolivia (Plurinational State of)
Fabaceae,Tachigali chrysophylla,(Poepp.) Zarucchi & Herend.,Bolivia (Plurinational State of)
Fabaceae,Tachigali formicarum,Harms,Bolivia (Plurinational State of)
Fabaceae,Tachigali guianensis,(Benth.) Zarucchi & Herend.,Bolivia (Plurinational State of)
Fabaceae,Tachigali paniculata,Aubl.,Bolivia (Plurinational State of)
Fabaceae,Tachigali peruviana,(Dwyer) Zarucchi & Herend.,Bolivia (Plurinational State of)
Fabaceae,Tachigali poeppigiana,Tul.,Bolivia (Plurinational State of)
Fabaceae,Tachigali setifera,(Ducke) Zarucchi & Herend.,Bolivia (Plurinational State of)
Fabaceae,Tachigali subvelutina,(Benth.) Oliveira-Filho,Bolivia (Plurinational State of)
Fabaceae,Tachigali tinctoria,(Benth.) Zarucchi & Herend.,Bolivia (Plurinational State of)
Fabaceae,Tachigali vulgaris,L.F.Gomes da Silva & H.C.Lima,Bolivia (Plurinational State of)
Fabaceae,Tara spinosa,(Molina) Britton & Rose,Bolivia (Plurinational State of)
Fabaceae,Tipuana tipu,(Benth.) Kuntze,Bolivia (Plurinational State of)
Fabaceae,Trischidium alternum,(Benth.) H.E.Ireland,Bolivia (Plurinational State of)
Fabaceae,Vachellia albicorticata,(Burkart) Seigler & Ebinger,Bolivia (Plurinational State of)
Fabaceae,Vachellia aroma,(Gillies ex Hook. & Arn.) Seigler & Ebinger,Bolivia (Plurinational State of)
Fabaceae,Vachellia caven,(Molina) Seigler & Ebinger,Bolivia (Plurinational State of)
Fabaceae,Vachellia farnesiana,(L.) Wight & Arn.,Bolivia (Plurinational State of)
Fabaceae,Vachellia macracantha,(Humb. & Bonpl. ex Willd.) Seigler & Ebinger,Bolivia (Plurinational State of)
Fabaceae,Vachellia tortuosa,(L.) Seigler & Ebinger,Bolivia (Plurinational State of)
Fabaceae,Vatairea fusca,(Ducke) Ducke,Bolivia (Plurinational State of)
Fabaceae,Vatairea macrocarpa,(Benth.) Ducke,Bolivia (Plurinational State of)
Fabaceae,Vataireopsis speciosa,Ducke,Bolivia (Plurinational State of)
Fabaceae,Zygia bangii,Barneby & J.W.Grimes,Bolivia (Plurinational State of)
Fabaceae,Zygia bifoliola,(Rusby) L.Rico,Bolivia (Plurinational State of)
Fabaceae,Zygia cataractae,(Kunth) L.Rico,Bolivia (Plurinational State of)
Fabaceae,Zygia cauliflora,(Willd.) Killip,Bolivia (Plurinational State of)
Fabaceae,Zygia coccinea,(G.Don) L.Rico,Bolivia (Plurinational State of)
Fabaceae,Zygia inaequalis,(Humb. & Bonpl. ex Willd.) Pittier,Bolivia (Plurinational State of)
Fabaceae,Zygia latifolia,(L.) Fawc. & Rendle,Bolivia (Plurinational State of)
Fabaceae,Zygia longifolia,(Humb. & Bonpl. ex Willd.) Britton & Rose,Bolivia (Plurinational State of)
Fabaceae,Zygia odoratissima,(Ducke) L.Rico,Bolivia (Plurinational State of)
Fabaceae,Zygia pithecolobioides,(Kuntze) Barneby & J.W.Grimes,Bolivia (Plurinational State of)
Fabaceae,Zygia unifoliolata,(Benth.) Pittier,Bolivia (Plurinational State of)
Gentianaceae,Macrocarpaea bangiana,Gilg,Bolivia (Plurinational State of)
Gentianaceae,Macrocarpaea cinchonifolia,(Gilg) Weaver,Bolivia (Plurinational State of)
Gentianaceae,Macrocarpaea cochabambensis,Gilg-Ben.,Bolivia (Plurinational State of)
Gentianaceae,Macrocarpaea fuentesii,J.R.Grant,Bolivia (Plurinational State of)
Gentianaceae,Potalia resinifera,Mart.,Bolivia (Plurinational State of)
Gentianaceae,Symbolanthus australis,Struwe,Bolivia (Plurinational State of)
Gentianaceae,Tachia parviflora,Maguire & Weaver,Bolivia (Plurinational State of)
Gesneriaceae,Besleria solanoides,Kunth,Bolivia (Plurinational State of)
Gesneriaceae,Sanango racemosum,(Ruiz & Pav.) Barringer,Bolivia (Plurinational State of)
Goupiaceae,Goupia glabra,Aubl.,Bolivia (Plurinational State of)
Heliotropiaceae,Tournefortia bicolor,Sw.,Bolivia (Plurinational State of)
Heliotropiaceae,Tournefortia cuspidata,Kunth,Bolivia (Plurinational State of)
Heliotropiaceae,Tournefortia lilloi,I.M.Johnst.,Bolivia (Plurinational State of)
Heliotropiaceae,Tournefortia maculata,Jacq.,Bolivia (Plurinational State of)
Heliotropiaceae,Tournefortia polystachya,Ruiz & Pav.,Bolivia (Plurinational State of)
Hernandiaceae,Sparattanthelium acreanum,Pilg.,Bolivia (Plurinational State of)
Hernandiaceae,Sparattanthelium borororum,Mart.,Bolivia (Plurinational State of)
Humiriaceae,Endopleura uchi,(Huber) Cuatrec.,Bolivia (Plurinational State of)
Humiriaceae,Humiriastrum mapiriense,Cuatrec.,Bolivia (Plurinational State of)
Humiriaceae,Sacoglottis guianensis,Benth.,Bolivia (Plurinational State of)
Humiriaceae,Sacoglottis mattogrossensis,Malme,Bolivia (Plurinational State of)
Hydrangeaceae,Hydrangea peruviana,Moric. ex Ser.,Bolivia (Plurinational State of)
Hydrangeaceae,Hydrangea preslii,Briq.,Bolivia (Plurinational State of)
Hypericaceae,Vismia bemerguii,M.E.Berg,Bolivia (Plurinational State of)
Hypericaceae,Vismia crassa,(Rusby) S.F.Blake,Bolivia (Plurinational State of)
Hypericaceae,Vismia floribunda,Sprague,Bolivia (Plurinational State of)
Hypericaceae,Vismia gracilis,Hieron.,Bolivia (Plurinational State of)
Hypericaceae,Vismia lateriflora,Ducke,Bolivia (Plurinational State of)
Hypericaceae,Vismia macrophylla,Kunth,Bolivia (Plurinational State of)
Hypericaceae,Vismia minutiflora,Ewan,Bolivia (Plurinational State of)
Hypericaceae,Vismia plicatifolia,Hochr.,Bolivia (Plurinational State of)
Hypericaceae,Vismia pozuzoensis,Engl.,Bolivia (Plurinational State of)
Hypericaceae,Vismia rusbyi,Ewan,Bolivia (Plurinational State of)
Hypericaceae,Vismia sprucei,Sprague,Bolivia (Plurinational State of)
Hypericaceae,Vismia tenuinervia,(M.E.Berg) N.Robson,Bolivia (Plurinational State of)
Hypericaceae,Vismia tomentosa,Ruiz & Pav.,Bolivia (Plurinational State of)
Icacinaceae,Casimirella beckii,(Fern.Casas) Breteler,Bolivia (Plurinational State of)
Ixonanthaceae,Ochthocosmus barrae,Hallier f.,Bolivia (Plurinational State of)
Ixonanthaceae,Ochthocosmus berryi,Steyerm.,Bolivia (Plurinational State of)
Juglandaceae,Juglans australis,Griseb.,Bolivia (Plurinational State of)
Juglandaceae,Juglans boliviana,(C.DC.) Dode,Bolivia (Plurinational State of)
Lacistemataceae,Lacistema aggregatum,(P.J.Bergius) Rusby,Bolivia (Plurinational State of)
Lacistemataceae,Lacistema polystachyum,Schnizl.,Bolivia (Plurinational State of)
Lamiaceae,Aegiphila boliviana,Moldenke,Bolivia (Plurinational State of)
Lamiaceae,Aegiphila buchtienii,Moldenke,Bolivia (Plurinational State of)
Lamiaceae,Aegiphila elegans,Moldenke,Bolivia (Plurinational State of)
Lamiaceae,Aegiphila filipes,Mart. & Schauer,Bolivia (Plurinational State of)
Lamiaceae,Aegiphila integrifolia,(Jacq.) B.D.Jacks.,Bolivia (Plurinational State of)
Lamiaceae,Aegiphila multiflora,Ruiz & Pav.,Bolivia (Plurinational State of)
Lamiaceae,Aegiphila panamensis,Moldenke,Bolivia (Plurinational State of)
Lamiaceae,Aegiphila peruviana,Turcz.,Bolivia (Plurinational State of)
Lamiaceae,Aegiphila saltensis,Legname,Bolivia (Plurinational State of)
Lamiaceae,Aegiphila spicata,(Rusby) Moldenke,Bolivia (Plurinational State of)
Lamiaceae,Aegiphila steinbachii,Moldenke,Bolivia (Plurinational State of)
Lamiaceae,Aegiphila triflora,Moldenke,Bolivia (Plurinational State of)
Lamiaceae,Aegiphila ulei,(Hayek) B.Walln.,Bolivia (Plurinational State of)
Lamiaceae,Aegiphila vitelliniflora,Klotzsch,Bolivia (Plurinational State of)
Lamiaceae,Callicarpa acuminata,Kunth,Bolivia (Plurinational State of)
Lamiaceae,Cantinoa duplicatodentata,(Pohl ex Benth.) Harley & J.F.B.Pastore,Bolivia (Plurinational State of)
Lamiaceae,Condea tafallae,(Benth.) Harley & J.F.B.Pastore,Bolivia (Plurinational State of)
Lamiaceae,Hyptidendron arboreum,(Benth.) Harley,Bolivia (Plurinational State of)
Lamiaceae,Hyptidendron canum,(Pohl ex Benth.) Harley,Bolivia (Plurinational State of)
Lamiaceae,Hyptidendron glutinosum,(Benth.) Harley,Bolivia (Plurinational State of)
Lamiaceae,Lepechinia heteromorpha,(Briq.) Epling,Bolivia (Plurinational State of)
Lamiaceae,Vitex cymosa,Bertero ex Spreng.,Bolivia (Plurinational State of)
Lamiaceae,Vitex triflora,Vahl,Bolivia (Plurinational State of)
Lauraceae,Aiouea dubia,(Kunth) Mez,Bolivia (Plurinational State of)
Lauraceae,Aiouea grandifolia,van der Werff,Bolivia (Plurinational State of)
Lauraceae,Aiouea montana,(Sw.) R.Rohde,Bolivia (Plurinational State of)
Lauraceae,Aiouea napoensis,(van der Werff) R.Rohde,Bolivia (Plurinational State of)
Lauraceae,Aiouea tomentella,(Mez) Renner,Bolivia (Plurinational State of)
Lauraceae,Aiouea trinervis,Meisn.,Bolivia (Plurinational State of)
Lauraceae,Aniba coto,(Rusby) Kosterm.,Bolivia (Plurinational State of)
Lauraceae,Aniba cylindriflora,Kosterm.,Bolivia (Plurinational State of)
Lauraceae,Aniba guianensis,Aubl.,Bolivia (Plurinational State of)
Lauraceae,Aniba hostmanniana,(Nees) Mez,Bolivia (Plurinational State of)
Lauraceae,Aniba megaphylla,Mez,Bolivia (Plurinational State of)
Lauraceae,Aniba muca,(Ruiz & Pav.) Mez,Bolivia (Plurinational State of)
Lauraceae,Aniba panurensis,(Meisn.) Mez,Bolivia (Plurinational State of)
Lauraceae,Aniba perutilis,Hemsl.,Bolivia (Plurinational State of)
Lauraceae,Aniba puchury-minor,(Mart.) Mez,Bolivia (Plurinational State of)
Lauraceae,Aniba riparia,(Nees) Mez,Bolivia (Plurinational State of)
Lauraceae,Aniba taubertiana,Mez,Bolivia (Plurinational State of)
Lauraceae,Beilschmiedia latifolia,(Nees) Sachiko Nishida,Bolivia (Plurinational State of)
Lauraceae,Beilschmiedia tovarensis,(Klotzsch & H.Karst. ex Meisn.) Sachiko Nishida,Bolivia (Plurinational State of)
Lauraceae,Caryodaphnopsis fosteri,van der Werff,Bolivia (Plurinational State of)
Lauraceae,Damburneya purpurea,(Ruiz & Pav.) Trofimov,Bolivia (Plurinational State of)
Lauraceae,Endlicheria acuminata,Kosterm.,Bolivia (Plurinational State of)
Lauraceae,Endlicheria anomala,(Nees) Mez,Bolivia (Plurinational State of)
Lauraceae,Endlicheria aurea,Chanderb.,Bolivia (Plurinational State of)
Lauraceae,Endlicheria canescens,Chanderbali,Bolivia (Plurinational State of)
Lauraceae,Endlicheria chalisea,Chanderbali,Bolivia (Plurinational State of)
Lauraceae,Endlicheria dysodantha,(Ruiz & Pav.) Mez,Bolivia (Plurinational State of)
Lauraceae,Endlicheria formosa,A.C.Sm.,Bolivia (Plurinational State of)
Lauraceae,Endlicheria gracilis,Kosterm.,Bolivia (Plurinational State of)
Lauraceae,Endlicheria krukovii,(A.C.Sm.) Kosterm.,Bolivia (Plurinational State of)
Lauraceae,Endlicheria metallica,Kosterm.,Bolivia (Plurinational State of)
Lauraceae,Endlicheria multiflora,(Miq.) Mez,Bolivia (Plurinational State of)
Lauraceae,Endlicheria paniculata,(Spreng.) J.F.Macbr.,Bolivia (Plurinational State of)
Lauraceae,Endlicheria pyriformis,(Nees) Mez,Bolivia (Plurinational State of)
Lauraceae,Endlicheria rubriflora,Mez,Bolivia (Plurinational State of)
Lauraceae,Endlicheria ruforamula,Chanderb.,Bolivia (Plurinational State of)
Lauraceae,Endlicheria sericea,Nees,Bolivia (Plurinational State of)
Lauraceae,Endlicheria szyszylowiczii,Mez,Bolivia (Plurinational State of)
Lauraceae,Endlicheria verticillata,Mez,Bolivia (Plurinational State of)
Lauraceae,Licaria armeniaca,(Nees) Kosterm.,Bolivia (Plurinational State of)
Lauraceae,Licaria brasiliensis,(Nees) Kosterm.,Bolivia (Plurinational State of)
Lauraceae,Licaria cannella,(Meisn.) Kosterm.,Bolivia (Plurinational State of)
Lauraceae,Licaria crassifolia,(Poir.) P.L.R. de Moraes,Bolivia (Plurinational State of)
Lauraceae,Licaria guianensis,Aubl.,Bolivia (Plurinational State of)
Lauraceae,Licaria pachycarpa,(Meisn.) Kosterm.,Bolivia (Plurinational State of)
Lauraceae,Licaria pucheri,(Ruiz & Pav.) Kosterm.,Bolivia (Plurinational State of)
Lauraceae,Licaria triandra,(Sw.) Kosterm.,Bolivia (Plurinational State of)
Lauraceae,Mezilaurus subcordata,(Ducke) Kosterm.,Bolivia (Plurinational State of)
Lauraceae,Nectandra acuminata,(Nees & C. Mart.) J.F.Macbr.,Bolivia (Plurinational State of)
Lauraceae,Nectandra acutifolia,(Ruiz & Pav.) Mez,Bolivia (Plurinational State of)
Lauraceae,Nectandra amazonum,Nees,Bolivia (Plurinational State of)
Lauraceae,Nectandra angusta,Rohwer,Bolivia (Plurinational State of)
Lauraceae,Nectandra apiculata,Rohwer,Bolivia (Plurinational State of)
Lauraceae,Nectandra brittonii,Mez,Bolivia (Plurinational State of)
Lauraceae,Nectandra cissiflora,Nees,Bolivia (Plurinational State of)
Lauraceae,Nectandra cuneatocordata,Mez,Bolivia (Plurinational State of)
Lauraceae,Nectandra cuspidata,Nees & Mart.,Bolivia (Plurinational State of)
Lauraceae,Nectandra dasystyla,Rohwer,Bolivia (Plurinational State of)
Lauraceae,Nectandra discolor,(Kunth) Nees,Bolivia (Plurinational State of)
Lauraceae,Nectandra hihua,(Ruiz & Pav.) Rohwer,Bolivia (Plurinational State of)
Lauraceae,Nectandra lanceolata,Nees & Mart.,Bolivia (Plurinational State of)
Lauraceae,Nectandra latissima,Rohwer,Bolivia (Plurinational State of)
Lauraceae,Nectandra laurel,Klotzsch ex Nees,Bolivia (Plurinational State of)
Lauraceae,Nectandra lineata,(Kunth) Rohwer,Bolivia (Plurinational State of)
Lauraceae,Nectandra lineatifolia,(Ruiz & Pav.) Mez,Bolivia (Plurinational State of)
Lauraceae,Nectandra maynensis,Mez,Bolivia (Plurinational State of)
Lauraceae,Nectandra megapotamica,(Spreng.) Mez,Bolivia (Plurinational State of)
Lauraceae,Nectandra membranacea,(Sw.) Griseb.,Bolivia (Plurinational State of)
Lauraceae,Nectandra obtusata,Rohwer,Bolivia (Plurinational State of)
Lauraceae,Nectandra oppositifolia,Nees & Mart.,Bolivia (Plurinational State of)
Lauraceae,Nectandra paucinervia,Coe-Teix.,Bolivia (Plurinational State of)
Lauraceae,Nectandra pearcei,Mez,Bolivia (Plurinational State of)
Lauraceae,Nectandra pulverulenta,Nees,Bolivia (Plurinational State of)
Lauraceae,Nectandra reticulata,Mez,Bolivia (Plurinational State of)
Lauraceae,Nectandra riparia,Rohwer,Bolivia (Plurinational State of)
Lauraceae,Nectandra turbacensis,(Kunth) Nees,Bolivia (Plurinational State of)
Lauraceae,Nectandra viburnoides,Meisn.,Bolivia (Plurinational State of)
Lauraceae,Nectandra wurdackii,C.K.Allen & Barneby ex Rohwer    ,Bolivia (Plurinational State of)
Lauraceae,Ocotea aciphylla,(Nees & Mart.) Mez,Bolivia (Plurinational State of)
Lauraceae,Ocotea albida,Mez & Rusby,Bolivia (Plurinational State of)
Lauraceae,Ocotea albopunctulata,Mez,Bolivia (Plurinational State of)
Lauraceae,Ocotea amazonica,(Meisn.) Mez,Bolivia (Plurinational State of)
Lauraceae,Ocotea bofo,Kunth,Bolivia (Plurinational State of)
Lauraceae,Ocotea camphoromoea,Rohwer,Bolivia (Plurinational State of)
Lauraceae,Ocotea choquetangensis,van der Werff,Bolivia (Plurinational State of)
Lauraceae,Ocotea comata,van der Werff,Bolivia (Plurinational State of)
Lauraceae,Ocotea corymbosa,(Meisn.) Mez,Bolivia (Plurinational State of)
Lauraceae,Ocotea diospyrifolia,(Meisn.) Mez,Bolivia (Plurinational State of)
Lauraceae,Ocotea floribunda,(Sw.) Mez,Bolivia (Plurinational State of)
Lauraceae,Ocotea gracilis,(Meisn.) Mez,Bolivia (Plurinational State of)
Lauraceae,Ocotea guianensis,Aubl.,Bolivia (Plurinational State of)
Lauraceae,Ocotea illustris,Rusby,Bolivia (Plurinational State of)
Lauraceae,Ocotea javitensis,(Kunth) Pittier,Bolivia (Plurinational State of)
Lauraceae,Ocotea lancifolia,(Schott) Mez,Bolivia (Plurinational State of)
Lauraceae,Ocotea leptobotra,(Ruiz & Pav.) Mez,Bolivia (Plurinational State of)
Lauraceae,Ocotea longifolia,Kunth,Bolivia (Plurinational State of)
Lauraceae,Ocotea mandonii,Mez,Bolivia (Plurinational State of)
Lauraceae,Ocotea matogrossensis,Vatt.,Bolivia (Plurinational State of)
Lauraceae,Ocotea micrantha,van der Werff,Bolivia (Plurinational State of)
Lauraceae,Ocotea minarum,(Nees & Mart.) Mez,Bolivia (Plurinational State of)
Lauraceae,Ocotea oblonga,(Meisn.) Mez,Bolivia (Plurinational State of)
Lauraceae,Ocotea obovata,(Ruiz & Pav.) Mez,Bolivia (Plurinational State of)
Lauraceae,Ocotea olivacea,A.C.Sm.,Bolivia (Plurinational State of)
Lauraceae,Ocotea pauciflora,(Nees) Mez,Bolivia (Plurinational State of)
Lauraceae,Ocotea porphyria,(Griseb.) van der Werff,Bolivia (Plurinational State of)
Lauraceae,Ocotea prunifolia,Rusby,Bolivia (Plurinational State of)
Lauraceae,Ocotea puberula,(Rich.) Nees,Bolivia (Plurinational State of)
Lauraceae,Ocotea rubrinervis,Mez,Bolivia (Plurinational State of)
Lauraceae,Ocotea sacculifera,van der Werff,Bolivia (Plurinational State of)
Lauraceae,Ocotea smithii,van der Werff,Bolivia (Plurinational State of)
Lauraceae,Ocotea solomonii,van der Werff,Bolivia (Plurinational State of)
Lauraceae,Ocotea spectabilis,(Meisn.) Mez,Bolivia (Plurinational State of)
Lauraceae,Ocotea spixiana,(Nees) Mez,Bolivia (Plurinational State of)
Lauraceae,Ocotea stenophylla,van der Werff,Bolivia (Plurinational State of)
Lauraceae,Ocotea subrutilans,Mez,Bolivia (Plurinational State of)
Lauraceae,Ocotea velloziana,(Meisn.) Mez,Bolivia (Plurinational State of)
Lauraceae,Persea areolatocostae,(C.K.Allen) van der Werff,Bolivia (Plurinational State of)
Lauraceae,Persea bilocularis,L.E. Kopp,Bolivia (Plurinational State of)
Lauraceae,Persea buchtienii,O.C. Schmidt,Bolivia (Plurinational State of)
Lauraceae,Persea caerulea,(Ruiz & Pav.) Mez,Bolivia (Plurinational State of)
Lauraceae,Persea filipes,Rusby,Bolivia (Plurinational State of)
Lauraceae,Persea haenkeana,Mez,Bolivia (Plurinational State of)
Lauraceae,Persea negracotensis,O.C. Schmidt,Bolivia (Plurinational State of)
Lauraceae,Persea peruviana,Nees,Bolivia (Plurinational State of)
Lauraceae,Persea pseudofasciculata,L.E.Kopp,Bolivia (Plurinational State of)
Lauraceae,Persea ruizii,J.F.Macbr.,Bolivia (Plurinational State of)
Lauraceae,Persea sphaerocarpa,(H.J.P.Winkl.) Kosterm.,Bolivia (Plurinational State of)
Lauraceae,Persea subcordata,(Ruiz & Pav.) Nees,Bolivia (Plurinational State of)
Lauraceae,Persea trollii,O.C. Schmidt,Bolivia (Plurinational State of)
Lauraceae,Pleurothyrium cuneifolium,Nees,Bolivia (Plurinational State of)
Lauraceae,Pleurothyrium intermedium,(Mez) Rohwer,Bolivia (Plurinational State of)
Lauraceae,Pleurothyrium parviflorum,Ducke,Bolivia (Plurinational State of)
Lauraceae,Pleurothyrium poeppigii,Nees,Bolivia (Plurinational State of)
Lauraceae,Rhodostemonodaphne dioica,(Mez) Rohwer,Bolivia (Plurinational State of)
Lauraceae,Rhodostemonodaphne grandis,(Mez) Rohwer,Bolivia (Plurinational State of)
Lauraceae,Rhodostemonodaphne juruensis,(A.C.Sm.) Chanderbali,Bolivia (Plurinational State of)
Lauraceae,Rhodostemonodaphne kunthiana,(Nees) Rohwer,Bolivia (Plurinational State of)
Lauraceae,Rhodostemonodaphne longiflora,Madriñán,Bolivia (Plurinational State of)
Lecythidaceae,Allantoma pluriflora,"S.A.Mori, Ya Y.Huang & Prance",Bolivia (Plurinational State of)
Lecythidaceae,Bertholletia excelsa,Bonpl.,Bolivia (Plurinational State of)
Lecythidaceae,Cariniana domestica,(Mart.) Miers,Bolivia (Plurinational State of)
Lecythidaceae,Cariniana estrellensis,(Raddi) Kuntze,Bolivia (Plurinational State of)
Lecythidaceae,Cariniana ianeirensis,R.Knuth,Bolivia (Plurinational State of)
Lecythidaceae,Cariniana micrantha,Ducke,Bolivia (Plurinational State of)
Lecythidaceae,Couratari guianensis,Aubl.,Bolivia (Plurinational State of)
Lecythidaceae,Couratari macrosperma,A.C.Sm.,Bolivia (Plurinational State of)
Lecythidaceae,Couroupita guianensis,Aubl.,Bolivia (Plurinational State of)
Lecythidaceae,Eschweilera albiflora,(DC.) Miers,Bolivia (Plurinational State of)
Lecythidaceae,Eschweilera andina,(Rusby) J.F.Macbr.,Bolivia (Plurinational State of)
Lecythidaceae,Eschweilera coriacea,(DC.) S.A.Mori,Bolivia (Plurinational State of)
Lecythidaceae,Eschweilera juruensis,R.Knuth,Bolivia (Plurinational State of)
Lecythidaceae,Eschweilera ovalifolia,(DC.) Nied.,Bolivia (Plurinational State of)
Lecythidaceae,Eschweilera parvifolia,Mart. ex DC.,Bolivia (Plurinational State of)
Lecythidaceae,Gustavia augusta,L.,Bolivia (Plurinational State of)
Lecythidaceae,Gustavia hexapetala,(Aubl.) Sm.,Bolivia (Plurinational State of)
Lecythidaceae,Gustavia poeppigiana,O.Berg,Bolivia (Plurinational State of)
Lecythidaceae,Lecythis zabucajo,Aubl.,Bolivia (Plurinational State of)
Linaceae,Hebepetalum humiriifolia,(Planch.) Benth.,Bolivia (Plurinational State of)
Linaceae,Roucheria columbiana,Hallier f.,Bolivia (Plurinational State of)
Linaceae,Roucheria laxiflora,H.J.P.Winkl.,Bolivia (Plurinational State of)
Linaceae,Roucheria schomburgkii,Planch.,Bolivia (Plurinational State of)
Loganiaceae,Antonia ovata,Pohl,Bolivia (Plurinational State of)
Loganiaceae,Bonyunia antoniifolia,Progel,Bolivia (Plurinational State of)
Loganiaceae,Strychnos brasiliensis,(Spreng.) Mart.,Bolivia (Plurinational State of)
Loganiaceae,Strychnos jobertiana,Baill.,Bolivia (Plurinational State of)
Loganiaceae,Strychnos mattogrossensis,S.Moore,Bolivia (Plurinational State of)
Loganiaceae,Strychnos pseudoquina,A.St.-Hil.,Bolivia (Plurinational State of)
Loganiaceae,Strychnos rondeletioides,Spruce ex Benth.,Bolivia (Plurinational State of)
Loganiaceae,Strychnos rubiginosa,A.DC.,Bolivia (Plurinational State of)
Loganiaceae,Strychnos solimoesana,Krukoff,Bolivia (Plurinational State of)
Loganiaceae,Strychnos tarapotensis,Sprague & Sandwith,Bolivia (Plurinational State of)
Loranthaceae,Gaiadendron punctatum,(Ruiz & Pav.) G.Don,Bolivia (Plurinational State of)
Loranthaceae,Tripodanthus acutifolius,(Ruiz & Pav.) Tiegh.,Bolivia (Plurinational State of)
Lythraceae,Adenaria floribunda,Kunth,Bolivia (Plurinational State of)
Lythraceae,Cuphea melvilla,Lindl.,Bolivia (Plurinational State of)
Lythraceae,Diplusodon virgatus,Pohl,Bolivia (Plurinational State of)
Lythraceae,Lafoensia acuminata,(Ruiz & Pav.) DC.,Bolivia (Plurinational State of)
Lythraceae,Lafoensia punicifolia,DC.,Bolivia (Plurinational State of)
Lythraceae,Lafoensia vandelliana,Cham. & Schltdl.,Bolivia (Plurinational State of)
Lythraceae,Physocalymma scaberrimum,Pohl,Bolivia (Plurinational State of)
Magnoliaceae,Magnolia boliviana,(M.Nee) Govaerts,Bolivia (Plurinational State of)
Magnoliaceae,Magnolia madidiensis,A.Vázquez,Bolivia (Plurinational State of)
Malpighiaceae,Banisteriopsis malifolia,(Nees & Mart.) B.Gates,Bolivia (Plurinational State of)
Malpighiaceae,Bunchosia angustifolia,A.Juss.,Bolivia (Plurinational State of)
Malpighiaceae,Bunchosia armeniaca,(Cav.) DC.,Bolivia (Plurinational State of)
Malpighiaceae,Bunchosia glandulifera,(Jacq.) Kunth,Bolivia (Plurinational State of)
Malpighiaceae,Bunchosia hookeriana,A.Juss.,Bolivia (Plurinational State of)
Malpighiaceae,Bunchosia lindeniana,A.Juss.,Bolivia (Plurinational State of)
Malpighiaceae,Bunchosia paraguariensis,Nied.,Bolivia (Plurinational State of)
Malpighiaceae,Byrsonima arthropoda,A.Juss.,Bolivia (Plurinational State of)
Malpighiaceae,Byrsonima coccolobifolia,Kunth,Bolivia (Plurinational State of)
Malpighiaceae,Byrsonima crassifolia,(L.) Kunth,Bolivia (Plurinational State of)
Malpighiaceae,Byrsonima crispa,A.Juss.,Bolivia (Plurinational State of)
Malpighiaceae,Byrsonima cydoniifolia,A.Juss.,Bolivia (Plurinational State of)
Malpighiaceae,Byrsonima dealbata,Griseb.,Bolivia (Plurinational State of)
Malpighiaceae,Byrsonima laevigata,(Poir.) DC.,Bolivia (Plurinational State of)
Malpighiaceae,Byrsonima linguifera,Cuatrec.,Bolivia (Plurinational State of)
Malpighiaceae,Byrsonima poeppigiana,A.Juss.,Bolivia (Plurinational State of)
Malpighiaceae,Byrsonima riparia,W.R.Anderson,Bolivia (Plurinational State of)
Malpighiaceae,Byrsonima schunkei,W.R.Anderson,Bolivia (Plurinational State of)
Malpighiaceae,Byrsonima sericea,DC.,Bolivia (Plurinational State of)
Malpighiaceae,Byrsonima spicata,(Cav.) Rich. ex Kunth,Bolivia (Plurinational State of)
Malpighiaceae,Byrsonima variabilis,A.Juss.,Bolivia (Plurinational State of)
Malpighiaceae,Byrsonima verbascifolia,(L.) DC.,Bolivia (Plurinational State of)
Malpighiaceae,Heteropterys byrsonimifolia,A.Juss.,Bolivia (Plurinational State of)
Malpighiaceae,Heteropterys coriacea,A.Juss.,Bolivia (Plurinational State of)
Malpighiaceae,Heteropterys eglandulosa,A.Juss.,Bolivia (Plurinational State of)
Malpighiaceae,Heteropterys laurifolia,(L.) A.Juss.,Bolivia (Plurinational State of)
Malpighiaceae,Heteropterys nervosa,A.Juss.,Bolivia (Plurinational State of)
Malpighiaceae,Hiraea fagifolia,(DC.) A.Juss.,Bolivia (Plurinational State of)
Malpighiaceae,Hiraea reclinata,Jacq.,Bolivia (Plurinational State of)
Malpighiaceae,Pterandra hirsuta,C.E.Anderson,Bolivia (Plurinational State of)
Malpighiaceae,Ptilochaeta bahiensis,Turcz.,Bolivia (Plurinational State of)
Malpighiaceae,Ptilochaeta nudipes,Griseb.,Bolivia (Plurinational State of)
Malpighiaceae,Tetrapterys styloptera,A.Juss.,Bolivia (Plurinational State of)
Malvaceae,Abutilon herzogianum,R.E.Fr.,Bolivia (Plurinational State of)
Malvaceae,Abutilon thyrsodendron,Griseb.,Bolivia (Plurinational State of)
Malvaceae,Apeiba glabra,Aubl.,Bolivia (Plurinational State of)
Malvaceae,Apeiba membranacea,Spruce ex Benth.,Bolivia (Plurinational State of)
Malvaceae,Apeiba tibourbou,Aubl.,Bolivia (Plurinational State of)
Malvaceae,Callianthe sylvatica,(Cav.) Dorr,Bolivia (Plurinational State of)
Malvaceae,Cavanillesia hylogeiton,Ulbr.,Bolivia (Plurinational State of)
Malvaceae,Cavanillesia umbellata,Ruiz & Pav.,Bolivia (Plurinational State of)
Malvaceae,Ceiba boliviana,Britten & Baker f.,Bolivia (Plurinational State of)
Malvaceae,Ceiba chodatii,(Hassl.) Ravenna,Bolivia (Plurinational State of)
Malvaceae,Ceiba pentandra,(L.) Gaertn.,Bolivia (Plurinational State of)
Malvaceae,Ceiba samauma,(Mart.) K.Schum.,Bolivia (Plurinational State of)
Malvaceae,Ceiba speciosa,(A.St.-Hil.) Ravenna,Bolivia (Plurinational State of)
Malvaceae,Eriotheca globosa,(Aubl.) A.Robyns,Bolivia (Plurinational State of)
Malvaceae,Eriotheca gracilipes,(K.Schum.) A.Robyns,Bolivia (Plurinational State of)
Malvaceae,Eriotheca roseorum,(Cuatrec.) A.Robyns,Bolivia (Plurinational State of)
Malvaceae,Eriotheca sclerophylla,(Ducke) M.C.Duarte & G.L.Esteves,Bolivia (Plurinational State of)
Malvaceae,Gossypium barbadense,L.,Bolivia (Plurinational State of)
Malvaceae,Guazuma crinita,Mart.,Bolivia (Plurinational State of)
Malvaceae,Guazuma ulmifolia,Lam.,Bolivia (Plurinational State of)
Malvaceae,Helicteres brevispira,A.Juss.,Bolivia (Plurinational State of)
Malvaceae,Helicteres gardneriana,A.St.-Hil. & Naudin,Bolivia (Plurinational State of)
Malvaceae,Helicteres pentandra,L.,Bolivia (Plurinational State of)
Malvaceae,Heliocarpus americanus,L.,Bolivia (Plurinational State of)
Malvaceae,Herrania nycterodendron,R.E. Schult.,Bolivia (Plurinational State of)
Malvaceae,Huberodendron swietenioides,(Gleason) Ducke,Bolivia (Plurinational State of)
Malvaceae,Luehea candicans,Mart.,Bolivia (Plurinational State of)
Malvaceae,Luehea cymulosa,Spruce ex Benth.,Bolivia (Plurinational State of)
Malvaceae,Luehea fiebrigii,Burret,Bolivia (Plurinational State of)
Malvaceae,Luehea grandiflora,Mart.,Bolivia (Plurinational State of)
Malvaceae,Luehea herzogiana,R.E.Fr.,Bolivia (Plurinational State of)
Malvaceae,Luehea paniculata,Mart.,Bolivia (Plurinational State of)
Malvaceae,Luehea speciosa,Willd.,Bolivia (Plurinational State of)
Malvaceae,Luehea splendens,Rusby,Bolivia (Plurinational State of)
Malvaceae,Luehea steinbachii,Burret,Bolivia (Plurinational State of)
Malvaceae,Luehea tomentella,Rusby,Bolivia (Plurinational State of)
Malvaceae,Lueheopsis duckeana,Burret,Bolivia (Plurinational State of)
Malvaceae,Lueheopsis hoehnei,Burret,Bolivia (Plurinational State of)
Malvaceae,Lueheopsis rosea,(Ducke) Burret,Bolivia (Plurinational State of)
Malvaceae,Lueheopsis rugosa,(Pulle) Burret,Bolivia (Plurinational State of)
Malvaceae,Matisia bicolor,Ducke,Bolivia (Plurinational State of)
Malvaceae,Matisia cordata,Bonpl.,Bolivia (Plurinational State of)
Malvaceae,Matisia ochrocalyx,K.Schum.,Bolivia (Plurinational State of)
Malvaceae,Mollia lepidota,Spruce ex Benth.,Bolivia (Plurinational State of)
Malvaceae,Ochroma pyramidale,(Cav. ex Lam.) Urb.,Bolivia (Plurinational State of)
Malvaceae,Pachira aquatica,Aubl.,Bolivia (Plurinational State of)
Malvaceae,Pachira insignis,(Sw.) Savigny,Bolivia (Plurinational State of)
Malvaceae,Pachira nitida,Kunth,Bolivia (Plurinational State of)
Malvaceae,Pachira paraensis,(Ducke) W.S.Alverson,Bolivia (Plurinational State of)
Malvaceae,Pachira rurrenabaqueana,(Rusby) Fern.Alonso,Bolivia (Plurinational State of)
Malvaceae,Pavonia leucantha,Poepp. ex Garcke,Bolivia (Plurinational State of)
Malvaceae,Pavonia malacophylla,(Link & Otto) Garcke,Bolivia (Plurinational State of)
Malvaceae,Pentaplaris davidsmithii,Dorr & C.Bayer,Bolivia (Plurinational State of)
Malvaceae,Pseudobombax andicola,A. Robyns,Bolivia (Plurinational State of)
Malvaceae,Pseudobombax argentinum,(R.E. Fr.) A. Robyns,Bolivia (Plurinational State of)
Malvaceae,Pseudobombax longiflorum,(Mart. & Zucc.) A.Robyns,Bolivia (Plurinational State of)
Malvaceae,Pseudobombax marginatum,(A.St.-Hil.) A.Robyns,Bolivia (Plurinational State of)
Malvaceae,Pseudobombax munguba,(Mart. & Zucc.) Dugand,Bolivia (Plurinational State of)
Malvaceae,Pseudobombax pulchellum,Carv.-Sobr.,Bolivia (Plurinational State of)
Malvaceae,Pseudobombax septenatum,(Jacq.) Dugand,Bolivia (Plurinational State of)
Malvaceae,Pterygota amazonica,L.O.Williams,Bolivia (Plurinational State of)
Malvaceae,Quararibea amazonica,Ulbr.,Bolivia (Plurinational State of)
Malvaceae,Quararibea spatulata,Ducke,Bolivia (Plurinational State of)
Malvaceae,Quararibea wittii,K.Schum. & Ulbr.,Bolivia (Plurinational State of)
Malvaceae,Spirotheca rosea,(Seem.) P.E.Gibbs & W.S.Alverson,Bolivia (Plurinational State of)
Malvaceae,Sterculia apeibophylla,Ducke,Bolivia (Plurinational State of)
Malvaceae,Sterculia apetala,(Jacq.) H.Karst.,Bolivia (Plurinational State of)
Malvaceae,Sterculia stipulifera,Ducke,Bolivia (Plurinational State of)
Malvaceae,Sterculia striata,A.St.-Hil. & Naudin,Bolivia (Plurinational State of)
Malvaceae,Sterculia tessmannii,Mildbr.,Bolivia (Plurinational State of)
Malvaceae,Theobroma microcarpum,Mart.,Bolivia (Plurinational State of)
Malvaceae,Theobroma obovatum,Klotzsch ex Bernoulli,Bolivia (Plurinational State of)
Malvaceae,Theobroma speciosum,Willd. ex Spreng.,Bolivia (Plurinational State of)
Malvaceae,Theobroma subincanum,Mart.,Bolivia (Plurinational State of)
Malvaceae,Thespesia populnea,(L.) Sol. ex Corrêa,Bolivia (Plurinational State of)
Malvaceae,Triumfetta bogotensis,DC.,Bolivia (Plurinational State of)
Malvaceae,Triumfetta grandiflora,Vahl,Bolivia (Plurinational State of)
Malvaceae,Triumfetta lappula,L.,Bolivia (Plurinational State of)
Malvaceae,Triumfetta semitriloba,Jacq.,Bolivia (Plurinational State of)
Melastomataceae,Axinaea alata,E.Cotton,Bolivia (Plurinational State of)
Melastomataceae,Axinaea glandulosa,Ruiz & Pav.,Bolivia (Plurinational State of)
Melastomataceae,Axinaea lanceolata,Ruiz & Pav.,Bolivia (Plurinational State of)
Melastomataceae,Bellucia acutata,Pilg.,Bolivia (Plurinational State of)
Melastomataceae,Bellucia aequiloba,Pilg.,Bolivia (Plurinational State of)
Melastomataceae,Bellucia gracilis,"(S.S.Renner) Penneys, Michelang., Judd & Almeda",Bolivia (Plurinational State of)
Melastomataceae,Bellucia grossularioides,(L.) Triana,Bolivia (Plurinational State of)
Melastomataceae,Bellucia imperialis,Saldanha & Cogn.,Bolivia (Plurinational State of)
Melastomataceae,Bellucia klugii,"(S.S.Renner) Penneys, Michelang., Judd & Almeda",Bolivia (Plurinational State of)
Melastomataceae,Bellucia pentamera,Naudin,Bolivia (Plurinational State of)
Melastomataceae,Bellucia spruceana,(Triana) J.F.Macbr.,Bolivia (Plurinational State of)
Melastomataceae,Bellucia strigosa,"(Gleason) Penneys, Michelang., Judd & Almeda",Bolivia (Plurinational State of)
Melastomataceae,Bellucia subandina,"(Wurdack) Penneys, Michelang., Judd & Almeda",Bolivia (Plurinational State of)
Melastomataceae,Blakea multiflora,D.Don.,Bolivia (Plurinational State of)
Melastomataceae,Blakea repens,(Ruiz & Pav.) D. Don,Bolivia (Plurinational State of)
Melastomataceae,Blakea rosea,(Ruiz & Pav.) D. Don,Bolivia (Plurinational State of)
Melastomataceae,Centronia laurifolia,D. Don,Bolivia (Plurinational State of)
Melastomataceae,Clidemia allardii,Wurdack,Bolivia (Plurinational State of)
Melastomataceae,Clidemia capitellata,(Bonpl.) D. Don,Bolivia (Plurinational State of)
Melastomataceae,Clidemia dentata,Pav. ex D. Don,Bolivia (Plurinational State of)
Melastomataceae,Clidemia dimorphica,J.F.Macbr.,Bolivia (Plurinational State of)
Melastomataceae,Clidemia epiphytica,(Triana) Cogn.,Bolivia (Plurinational State of)
Melastomataceae,Clidemia rubra,(Aubl.) Mart.,Bolivia (Plurinational State of)
Melastomataceae,Clidemia septuplinervia,Cogn.,Bolivia (Plurinational State of)
Melastomataceae,Clidemia sessiliflora,(Naudin) Cogn.,Bolivia (Plurinational State of)
Melastomataceae,Desmoscelis villosa,(Aubl.) Naudin,Bolivia (Plurinational State of)
Melastomataceae,Graffenrieda conostegioides,Triana,Bolivia (Plurinational State of)
Melastomataceae,Graffenrieda cucullata,(Triana) L.O. Williams,Bolivia (Plurinational State of)
Melastomataceae,Graffenrieda emarginata,(Ruiz & Pav.) Triana,Bolivia (Plurinational State of)
Melastomataceae,Graffenrieda gracilis,(Triana) L.O. Williams,Bolivia (Plurinational State of)
Melastomataceae,Graffenrieda limbata,Triana,Bolivia (Plurinational State of)
Melastomataceae,Graffenrieda rupestris,Ducke,Bolivia (Plurinational State of)
Melastomataceae,Graffenrieda weddellii,Naudin,Bolivia (Plurinational State of)
Melastomataceae,Henriettea boliviensis,"(Cogn.) Penneys, F.A.Michelangeli, Judd & Almeda",Bolivia (Plurinational State of)
Melastomataceae,Henriettea fascicularis,(Sw.) M.Gómez,Bolivia (Plurinational State of)
Melastomataceae,Henriettea lasiostylis,Pilg.,Bolivia (Plurinational State of)
Melastomataceae,Henriettea ovata,"(Cogn.) Penneys, F.A.Michelangeli, Judd & Almeda",Bolivia (Plurinational State of)
Melastomataceae,Henriettea stellaris,O. Berg ex Triana,Bolivia (Plurinational State of)
Melastomataceae,Henriettea verrucosa,(Triana) Berg ex Macbr.,Bolivia (Plurinational State of)
Melastomataceae,Leandra aurea,(Cham.) Cogn.,Bolivia (Plurinational State of)
Melastomataceae,Leandra carassana,(DC.) Cogn.,Bolivia (Plurinational State of)
Melastomataceae,Leandra regnellii,(Triana) Cogn.,Bolivia (Plurinational State of)
Melastomataceae,Leandra solenifera,Cogn.,Bolivia (Plurinational State of)
Melastomataceae,Macairea pachyphylla,Benth.,Bolivia (Plurinational State of)
Melastomataceae,Macairea radula,(Bonpl.) DC.,Bolivia (Plurinational State of)
Melastomataceae,Macairea thyrsiflora,DC.,Bolivia (Plurinational State of)
Melastomataceae,Maieta guianensis,Aubl.,Bolivia (Plurinational State of)
Melastomataceae,Meriania axinaeoides,Gleason,Bolivia (Plurinational State of)
Melastomataceae,Meriania boliviensis,Cogn.,Bolivia (Plurinational State of)
Melastomataceae,Meriania brittoniana,Wurdack,Bolivia (Plurinational State of)
Melastomataceae,Meriania pulcherrima,Herzog,Bolivia (Plurinational State of)
Melastomataceae,Meriania tomentosa,(Cogn.) Wurdack,Bolivia (Plurinational State of)
Melastomataceae,Meriania urceolata,Triana,Bolivia (Plurinational State of)
Melastomataceae,Miconia abbreviata,Markgr.,Bolivia (Plurinational State of)
Melastomataceae,Miconia acuminata,(Steud.) Naudin,Bolivia (Plurinational State of)
Melastomataceae,Miconia aeruginosa,Naudin,Bolivia (Plurinational State of)
Melastomataceae,Miconia affinis,DC.,Bolivia (Plurinational State of)
Melastomataceae,Miconia albicans,(Sw.) Steud.,Bolivia (Plurinational State of)
Melastomataceae,Miconia alborufescens,Naudin,Bolivia (Plurinational State of)
Melastomataceae,Miconia alternans,Naudin,Bolivia (Plurinational State of)
Melastomataceae,Miconia amabilis,Cogn.,Bolivia (Plurinational State of)
Melastomataceae,Miconia amissa,Wurdack,Bolivia (Plurinational State of)
Melastomataceae,Miconia ampla,Triana,Bolivia (Plurinational State of)
Melastomataceae,Miconia argyrophylla,DC.,Bolivia (Plurinational State of)
Melastomataceae,Miconia aureoides,Cogn.,Bolivia (Plurinational State of)
Melastomataceae,Miconia axinaeoides,Gleason,Bolivia (Plurinational State of)
Melastomataceae,Miconia bangii,Cogn.,Bolivia (Plurinational State of)
Melastomataceae,Miconia barbeyana,Cogn.,Bolivia (Plurinational State of)
Melastomataceae,Miconia barbinervis,(Benth.) Triana,Bolivia (Plurinational State of)
Melastomataceae,Miconia biacuta,Cogn.,Bolivia (Plurinational State of)
Melastomataceae,Miconia boliviensis,Cogn.,Bolivia (Plurinational State of)
Melastomataceae,Miconia boomii,Wurdack,Bolivia (Plurinational State of)
Melastomataceae,Miconia brittonii,Cogn.,Bolivia (Plurinational State of)
Melastomataceae,Miconia bubalina,Naudin,Bolivia (Plurinational State of)
Melastomataceae,Miconia calvescens,DC.,Bolivia (Plurinational State of)
Melastomataceae,Miconia centrodesma,Naudin,Bolivia (Plurinational State of)
Melastomataceae,Miconia cernuiflora,Jan.M.Burke & Michelang.,Bolivia (Plurinational State of)
Melastomataceae,Miconia chamissois,Naudin,Bolivia (Plurinational State of)
Melastomataceae,Miconia chrysophylla,(Rich.) Urb.,Bolivia (Plurinational State of)
Melastomataceae,Miconia ciliata,(Rich.) DC.,Bolivia (Plurinational State of)
Melastomataceae,Miconia cinnabarina,Jan.M.Burke & Michelang.,Bolivia (Plurinational State of)
Melastomataceae,Miconia coelestis,(D.Don) Naudin,Bolivia (Plurinational State of)
Melastomataceae,Miconia collatata,Wurdack,Bolivia (Plurinational State of)
Melastomataceae,Miconia cookii,Gleason,Bolivia (Plurinational State of)
Melastomataceae,Miconia cretacea,Gleason,Bolivia (Plurinational State of)
Melastomataceae,Miconia cuspidata,Mart. ex Naudin,Bolivia (Plurinational State of)
Melastomataceae,Miconia cyanocarpa,Naudin,Bolivia (Plurinational State of)
Melastomataceae,Miconia decurrens,Cogn.,Bolivia (Plurinational State of)
Melastomataceae,Miconia dichrophylla,J.F.Macbr.,Bolivia (Plurinational State of)
Melastomataceae,Miconia dimorphotheca,Jan.M.Burke & Michelang.,Bolivia (Plurinational State of)
Melastomataceae,Miconia dispar,Benth.,Bolivia (Plurinational State of)
Melastomataceae,Miconia dodecandra,Cogn.,Bolivia (Plurinational State of)
Melastomataceae,Miconia dolichorrhyncha,Naudin,Bolivia (Plurinational State of)
Melastomataceae,Miconia duckei,Cogn.,Bolivia (Plurinational State of)
Melastomataceae,Miconia elata,(Sw.) DC.,Bolivia (Plurinational State of)
Melastomataceae,Miconia elongata,Cogn.,Bolivia (Plurinational State of)
Melastomataceae,Miconia eriocalyx,Cogn.,Bolivia (Plurinational State of)
Melastomataceae,Miconia erioclada,Triana,Bolivia (Plurinational State of)
Melastomataceae,Miconia erioneura,Cogn.,Bolivia (Plurinational State of)
Melastomataceae,Miconia ferruginata,DC.,Bolivia (Plurinational State of)
Melastomataceae,Miconia fosteri,Wurdack,Bolivia (Plurinational State of)
Melastomataceae,Miconia galactantha,Naudin,Bolivia (Plurinational State of)
Melastomataceae,Miconia galeiformis,Jan.M.Burke & Michelang.,Bolivia (Plurinational State of)
Melastomataceae,Miconia glomerulifera,Cogn.,Bolivia (Plurinational State of)
Melastomataceae,Miconia grandifoliata,R.Goldenb. & Michelang.,Bolivia (Plurinational State of)
Melastomataceae,Miconia gratissima,Benth. ex Triana,Bolivia (Plurinational State of)
Melastomataceae,Miconia heliotropoides,Triana,Bolivia (Plurinational State of)
Melastomataceae,Miconia holosericea,(L.) DC.,Bolivia (Plurinational State of)
Melastomataceae,Miconia hygrophila,Naudin,Bolivia (Plurinational State of)
Melastomataceae,Miconia ibaguensis,(Bonpl.) Triana,Bolivia (Plurinational State of)
Melastomataceae,Miconia incachacana,Wurdack,Bolivia (Plurinational State of)
Melastomataceae,Miconia juruensis,Pilg.,Bolivia (Plurinational State of)
Melastomataceae,Miconia klugii,Gleason,Bolivia (Plurinational State of)
Melastomataceae,Miconia kuntzei,Cogn.,Bolivia (Plurinational State of)
Melastomataceae,Miconia lamprophylla,Triana,Bolivia (Plurinational State of)
Melastomataceae,Miconia lanata,(DC.) Triana,Bolivia (Plurinational State of)
Melastomataceae,Miconia lasiocalyx,Cogn.,Bolivia (Plurinational State of)
Melastomataceae,Miconia lateriflora,Cogn.,Bolivia (Plurinational State of)
Melastomataceae,Miconia latifolia,(D. Don) Naudin,Bolivia (Plurinational State of)
Melastomataceae,Miconia lepidota,Schrank & Mart. ex DC.,Bolivia (Plurinational State of)
Melastomataceae,Miconia livida,Triana,Bolivia (Plurinational State of)
Melastomataceae,Miconia longifolia,(Aubl.) DC.,Bolivia (Plurinational State of)
Melastomataceae,Miconia longispicata,Triana,Bolivia (Plurinational State of)
Melastomataceae,Miconia macrosperma,(Mart.) Michelang.,Bolivia (Plurinational State of)
Melastomataceae,Miconia mandonii,Cogn.,Bolivia (Plurinational State of)
Melastomataceae,Miconia matthaei,Naudin,Bolivia (Plurinational State of)
Melastomataceae,Miconia mattogrossensis,Hoehne,Bolivia (Plurinational State of)
Melastomataceae,Miconia micrantha,Cogn.,Bolivia (Plurinational State of)
Melastomataceae,Miconia micropetala,Cogn.,Bolivia (Plurinational State of)
Melastomataceae,Miconia minutiflora,(Bonpl.) DC.,Bolivia (Plurinational State of)
Melastomataceae,Miconia molybdea,Naudin,Bolivia (Plurinational State of)
Melastomataceae,Miconia multiflora,Cogn.,Bolivia (Plurinational State of)
Melastomataceae,Miconia multispicata,Naudin,Bolivia (Plurinational State of)
Melastomataceae,Miconia myriantha,Benth.,Bolivia (Plurinational State of)
Melastomataceae,Miconia neei,Jan.M.Burke & Michelang.,Bolivia (Plurinational State of)
Melastomataceae,Miconia nervosa,(Sm.) Triana,Bolivia (Plurinational State of)
Melastomataceae,Miconia poeppigii,Triana,Bolivia (Plurinational State of)
Melastomataceae,Miconia prasina,(Sw.) DC.,Bolivia (Plurinational State of)
Melastomataceae,Miconia puberula,Cogn.,Bolivia (Plurinational State of)
Melastomataceae,Miconia pubicalyx,Gleason,Bolivia (Plurinational State of)
Melastomataceae,Miconia punctata,(Desr.) D. Don ex DC.,Bolivia (Plurinational State of)
Melastomataceae,Miconia pyrifolia,Naudin,Bolivia (Plurinational State of)
Melastomataceae,Miconia quadrialata,S.S. Renner & S. Beck,Bolivia (Plurinational State of)
Melastomataceae,Miconia recondita,Wurdack,Bolivia (Plurinational State of)
Melastomataceae,Miconia rubiginosa,(Bonpl.) DC.,Bolivia (Plurinational State of)
Melastomataceae,Miconia rufescens,(Aubl.) DC.,Bolivia (Plurinational State of)
Melastomataceae,Miconia ruficalyx,Gleason,Bolivia (Plurinational State of)
Melastomataceae,Miconia ruizii,Naudin,Bolivia (Plurinational State of)
Melastomataceae,Miconia rupticalyx,Wurdack,Bolivia (Plurinational State of)
Melastomataceae,Miconia sanguinea,(D. Don) Triana,Bolivia (Plurinational State of)
Melastomataceae,Miconia serrulata,(DC.) Naudin,Bolivia (Plurinational State of)
Melastomataceae,Miconia setulosa,Cogn.,Bolivia (Plurinational State of)
Melastomataceae,Miconia spennerostachya,Naudin,Bolivia (Plurinational State of)
Melastomataceae,Miconia splendens,(Sw.) Griseb.,Bolivia (Plurinational State of)
Melastomataceae,Miconia stelligera,Cogn.,Bolivia (Plurinational State of)
Melastomataceae,Miconia stellulata,Gleason,Bolivia (Plurinational State of)
Melastomataceae,Miconia stenoptera,(Gleason) Michelang.,Bolivia (Plurinational State of)
Melastomataceae,Miconia stenostachya,DC.,Bolivia (Plurinational State of)
Melastomataceae,Miconia stephananthera,Ule,Bolivia (Plurinational State of)
Melastomataceae,Miconia subandicola,Wurdack,Bolivia (Plurinational State of)
Melastomataceae,Miconia ternatifolia,Triana,Bolivia (Plurinational State of)
Melastomataceae,Miconia tetrasperma,Gleason,Bolivia (Plurinational State of)
Melastomataceae,Miconia theaezans,Cogn.,Bolivia (Plurinational State of)
Melastomataceae,Miconia tococa,(Desr.) Michelang.,Bolivia (Plurinational State of)
Melastomataceae,Miconia tococoronata,Michelang.,Bolivia (Plurinational State of)
Melastomataceae,Miconia tomentosa,(Rich.) D. Don ex DC.,Bolivia (Plurinational State of)
Melastomataceae,Miconia trinervia,(Sw.) D. Don ex Loudon,Bolivia (Plurinational State of)
Melastomataceae,Miconia triplinervis,Ruiz & Pav.,Bolivia (Plurinational State of)
Melastomataceae,Miconia undata,Triana,Bolivia (Plurinational State of)
Melastomataceae,Miconia valida,Cogn.,Bolivia (Plurinational State of)
Melastomataceae,Miconia wagneri,J.F.Macbr.,Bolivia (Plurinational State of)
Melastomataceae,Mouriri acutiflora,Naudin,Bolivia (Plurinational State of)
Melastomataceae,Mouriri apiranga,Spruce ex Triana,Bolivia (Plurinational State of)
Melastomataceae,Mouriri cauliflora,Mart. ex DC.,Bolivia (Plurinational State of)
Melastomataceae,Mouriri glazioviana,Cogn.,Bolivia (Plurinational State of)
Melastomataceae,Mouriri grandiflora,DC.,Bolivia (Plurinational State of)
Melastomataceae,Mouriri guianensis,Aubl.,Bolivia (Plurinational State of)
Melastomataceae,Mouriri myrtifolia,Spruce ex Triana,Bolivia (Plurinational State of)
Melastomataceae,Mouriri myrtilloides,(Sw.) Poir.,Bolivia (Plurinational State of)
Melastomataceae,Mouriri nigra,(DC.) Morley,Bolivia (Plurinational State of)
Melastomataceae,Mouriri pauciflora,Spruce ex Cogn.,Bolivia (Plurinational State of)
Melastomataceae,Mouriri peruviana,Morley,Bolivia (Plurinational State of)
Melastomataceae,Mouriri pusa,Gardner ex Gardner,Bolivia (Plurinational State of)
Melastomataceae,Mouriri subumbellata,Triana,Bolivia (Plurinational State of)
Melastomataceae,Pleroma stenocarpum,(DC.) Triana,Bolivia (Plurinational State of)
Melastomataceae,Tibouchina aspera,Aubl.,Bolivia (Plurinational State of)
Melastomataceae,Tibouchina longifolia,(Vahl) Baill.,Bolivia (Plurinational State of)
Melastomataceae,Tibouchina pogonanthera,(Naudin) Cogn.,Bolivia (Plurinational State of)
Meliaceae,Cabralea canjerana,(Vell.) Mart.,Bolivia (Plurinational State of)
Meliaceae,Cedrela angustifolia,DC.,Bolivia (Plurinational State of)
Meliaceae,Cedrela balansae,C.DC.,Bolivia (Plurinational State of)
Meliaceae,Cedrela fissilis,Vell.,Bolivia (Plurinational State of)
Meliaceae,Cedrela montana,Moritz ex Turcz.,Bolivia (Plurinational State of)
Meliaceae,Cedrela odorata,L.,Bolivia (Plurinational State of)
Meliaceae,Cedrela saltensis,M.A.Zapater & del Castillo,Bolivia (Plurinational State of)
Meliaceae,Guarea gomma,Pulle,Bolivia (Plurinational State of)
Meliaceae,Guarea guidonia,(L.) Sleumer,Bolivia (Plurinational State of)
Meliaceae,Guarea kunthiana,A.Juss.,Bolivia (Plurinational State of)
Meliaceae,Guarea macrophylla,Vahl,Bolivia (Plurinational State of)
Meliaceae,Guarea pterorhachis,Harms,Bolivia (Plurinational State of)
Meliaceae,Guarea pubescens,(Rich.) A.Juss.,Bolivia (Plurinational State of)
Meliaceae,Guarea purusana,C.DC.,Bolivia (Plurinational State of)
Meliaceae,Ruagea beckii,T.D.Penn.,Bolivia (Plurinational State of)
Meliaceae,Ruagea glabra,Triana & Planch.,Bolivia (Plurinational State of)
Meliaceae,Ruagea hirsuta,(C.DC.) Harms,Bolivia (Plurinational State of)
Meliaceae,Ruagea insignis,(C.DC.) T.D.Penn.,Bolivia (Plurinational State of)
Meliaceae,Ruagea obovata,T.D.Penn.,Bolivia (Plurinational State of)
Meliaceae,Ruagea ovalis,(Rusby) Harms,Bolivia (Plurinational State of)
Meliaceae,Ruagea pubescens,H.Karst.,Bolivia (Plurinational State of)
Meliaceae,Ruagea subviridiflora,(C.DC.) Harms,Bolivia (Plurinational State of)
Meliaceae,Swietenia macrophylla,King,Bolivia (Plurinational State of)
Meliaceae,Trichilia catigua,A.Juss.,Bolivia (Plurinational State of)
Meliaceae,Trichilia claussenii,C. DC.,Bolivia (Plurinational State of)
Meliaceae,Trichilia elegans,A.Juss.,Bolivia (Plurinational State of)
Meliaceae,Trichilia elsae,Harms,Bolivia (Plurinational State of)
Meliaceae,Trichilia hirta,L.,Bolivia (Plurinational State of)
Meliaceae,Trichilia inaequilatera,T.D.Penn.,Bolivia (Plurinational State of)
Meliaceae,Trichilia micrantha,Benth.,Bolivia (Plurinational State of)
Meliaceae,Trichilia multifoliola,C.DC.,Bolivia (Plurinational State of)
Meliaceae,Trichilia pachypoda,(Rusby) C.DC. ex Harms,Bolivia (Plurinational State of)
Meliaceae,Trichilia pallida,Sw.,Bolivia (Plurinational State of)
Meliaceae,Trichilia pleeana,(A.Juss.) C.DC.,Bolivia (Plurinational State of)
Meliaceae,Trichilia quadrijuga,(Miq.) Kunth,Bolivia (Plurinational State of)
Meliaceae,Trichilia rubra,C.DC.,Bolivia (Plurinational State of)
Meliaceae,Trichilia septentrionalis,C.DC.,Bolivia (Plurinational State of)
Meliaceae,Trichilia singularis,C.DC.,Bolivia (Plurinational State of)
Meliaceae,Trichilia stellatotomentosa,Kuntze,Bolivia (Plurinational State of)
Meliaceae,Trichilia tuberculata,(Triana & Planch.) C. DC.,Bolivia (Plurinational State of)
Menispermaceae,Abuta grandifolia,(Mart.) Sandwith,Bolivia (Plurinational State of)
Menispermaceae,Abuta imene,(Mart.) Eichler,Bolivia (Plurinational State of)
Menispermaceae,Abuta rufescens,Aubl.,Bolivia (Plurinational State of)
Menispermaceae,Abuta sandwithiana,Krukoff & Barneby,Bolivia (Plurinational State of)
Metteniusaceae,Calatola costaricensis,Standl.,Bolivia (Plurinational State of)
Metteniusaceae,Dendrobangia boliviana,Rusby,Bolivia (Plurinational State of)
Monimiaceae,Mollinedia boliviensis,A. DC.,Bolivia (Plurinational State of)
Monimiaceae,Mollinedia killipii,J.F.Macbr.,Bolivia (Plurinational State of)
Monimiaceae,Mollinedia lanceolata,Ruiz & Pav.,Bolivia (Plurinational State of)
Monimiaceae,Mollinedia ovata,Ruiz & Pav.,Bolivia (Plurinational State of)
Monimiaceae,Mollinedia repanda,Ruiz & Pav.,Bolivia (Plurinational State of)
Monimiaceae,Mollinedia steinbachiana,Perkins,Bolivia (Plurinational State of)
Moraceae,Batocarpus amazonicus,(Ducke) Fosberg,Bolivia (Plurinational State of)
Moraceae,Batocarpus costaricensis,Standl. & L.O.Williams,Bolivia (Plurinational State of)
Moraceae,Brosimum acutifolium,Huber,Bolivia (Plurinational State of)
Moraceae,Brosimum alicastrum,Sw.,Bolivia (Plurinational State of)
Moraceae,Brosimum gaudichaudii,Trécul,Bolivia (Plurinational State of)
Moraceae,Brosimum guianense,(Aubl.) Huber ex Ducke,Bolivia (Plurinational State of)
Moraceae,Brosimum lactescens,(S.Moore) C.C.Berg,Bolivia (Plurinational State of)
Moraceae,Brosimum parinarioides,Ducke,Bolivia (Plurinational State of)
Moraceae,Brosimum rubescens,Taub.,Bolivia (Plurinational State of)
Moraceae,Brosimum utile,(Kunth) Oken,Bolivia (Plurinational State of)
Moraceae,Castilla ulei,Warb.,Bolivia (Plurinational State of)
Moraceae,Clarisia biflora,Ruiz & Pav.,Bolivia (Plurinational State of)
Moraceae,Clarisia ilicifolia,(Spreng.) Lanj. & Rossbach,Bolivia (Plurinational State of)
Moraceae,Clarisia racemosa,Ruiz & Pav.,Bolivia (Plurinational State of)
Moraceae,Ficus adhatodifolia,Schott,Bolivia (Plurinational State of)
Moraceae,Ficus albert-smithii,Standl.,Bolivia (Plurinational State of)
Moraceae,Ficus americana,Aubl.,Bolivia (Plurinational State of)
Moraceae,Ficus apollinaris,Dugand,Bolivia (Plurinational State of)
Moraceae,Ficus banosensis,C.C.Berg,Bolivia (Plurinational State of)
Moraceae,Ficus boliviana,C.C.Berg,Bolivia (Plurinational State of)
Moraceae,Ficus calyptroceras,(Miq.) Miq.,Bolivia (Plurinational State of)
Moraceae,Ficus casapiensis,(Miq.) Miq.,Bolivia (Plurinational State of)
Moraceae,Ficus castellviana,Dugand,Bolivia (Plurinational State of)
Moraceae,Ficus cervantesiana,Standl. & L.O.Williams,Bolivia (Plurinational State of)
Moraceae,Ficus chaparensis,C.C.Berg & Villav.,Bolivia (Plurinational State of)
Moraceae,Ficus citrifolia,Mill.,Bolivia (Plurinational State of)
Moraceae,Ficus clusiifolia,Schott,Bolivia (Plurinational State of)
Moraceae,Ficus coerulescens,(Rusby) Rossberg,Bolivia (Plurinational State of)
Moraceae,Ficus crassiuscula,Warb. ex Standl.,Bolivia (Plurinational State of)
Moraceae,Ficus crocata,(Miq.) Mart. ex Miq.,Bolivia (Plurinational State of)
Moraceae,Ficus cuatrecasasiana,Dugand,Bolivia (Plurinational State of)
Moraceae,Ficus donnell-smithii,Standl.,Bolivia (Plurinational State of)
Moraceae,Ficus eximia,Schott,Bolivia (Plurinational State of)
Moraceae,Ficus gomelleira,Kunth & C.D.Bouché,Bolivia (Plurinational State of)
Moraceae,Ficus hatschbachii,C.C.Berg & Carauta,Bolivia (Plurinational State of)
Moraceae,Ficus insipida,Willd.,Bolivia (Plurinational State of)
Moraceae,Ficus krukovii,Standl.,Bolivia (Plurinational State of)
Moraceae,Ficus lauretana,Vázq.Avila,Bolivia (Plurinational State of)
Moraceae,Ficus longifolia,Schott,Bolivia (Plurinational State of)
Moraceae,Ficus macbridei,Standl.,Bolivia (Plurinational State of)
Moraceae,Ficus machupicchuensis,C.C.Berg,Bolivia (Plurinational State of)
Moraceae,Ficus mariae,"C.C.Berg, Emygdio & Carauta",Bolivia (Plurinational State of)
Moraceae,Ficus maroma,A.Cast.,Bolivia (Plurinational State of)
Moraceae,Ficus mathewsii,(Miq.) Miq.,Bolivia (Plurinational State of)
Moraceae,Ficus matiziana,Dugand,Bolivia (Plurinational State of)
Moraceae,Ficus maxima,Mill.,Bolivia (Plurinational State of)
Moraceae,Ficus maximoides,C.C.Berg,Bolivia (Plurinational State of)
Moraceae,Ficus mutisii,Dugand,Bolivia (Plurinational State of)
Moraceae,Ficus nymphaeifolia,Mill.,Bolivia (Plurinational State of)
Moraceae,Ficus obtusifolia,Kunth,Bolivia (Plurinational State of)
Moraceae,Ficus pallida,Vahl,Bolivia (Plurinational State of)
Moraceae,Ficus paraensis,(Miq.) Miq.,Bolivia (Plurinational State of)
Moraceae,Ficus pertusa,L.f.,Bolivia (Plurinational State of)
Moraceae,Ficus piresiana,Vázq.Avila & C.C.Berg,Bolivia (Plurinational State of)
Moraceae,Ficus popenoei,Standl.,Bolivia (Plurinational State of)
Moraceae,Ficus pulchella,Schott ex Spreng.,Bolivia (Plurinational State of)
Moraceae,Ficus schippii,Standl.,Bolivia (Plurinational State of)
Moraceae,Ficus sphenophylla,Standl.,Bolivia (Plurinational State of)
Moraceae,Ficus tonduzii,Standl.,Bolivia (Plurinational State of)
Moraceae,Ficus trigona,L.f.,Bolivia (Plurinational State of)
Moraceae,Ficus tubulosa,Pelissari & Romaniuc,Bolivia (Plurinational State of)
Moraceae,Ficus ursina,Standl.,Bolivia (Plurinational State of)
Moraceae,Ficus yoponensis,Desv.,Bolivia (Plurinational State of)
Moraceae,Ficus ypsilophlebia,Dugand,Bolivia (Plurinational State of)
Moraceae,Helicostylis tomentosa,(Poepp. & Endl.) J.F.Macbr.,Bolivia (Plurinational State of)
Moraceae,Helicostylis tovarensis,(Klotzsch & H.Karst.) C.C.Berg,Bolivia (Plurinational State of)
Moraceae,Maclura tinctoria,(L.) D.Don ex Steud.,Bolivia (Plurinational State of)
Moraceae,Maquira calophylla,(Poepp. & Endl.) C.C.Berg,Bolivia (Plurinational State of)
Moraceae,Maquira coriacea,(H.Karst.) C.C.Berg,Bolivia (Plurinational State of)
Moraceae,Maquira guianensis,Aubl.,Bolivia (Plurinational State of)
Moraceae,Naucleopsis caloneura,(Huber) Ducke,Bolivia (Plurinational State of)
Moraceae,Naucleopsis concinna,(Standl.) C.C. Berg,Bolivia (Plurinational State of)
Moraceae,Naucleopsis glabra,Spruce ex Pittier,Bolivia (Plurinational State of)
Moraceae,Naucleopsis imitans,(Ducke) C.C.Berg,Bolivia (Plurinational State of)
Moraceae,Naucleopsis inaequalis,(Ducke) C.C. Berg,Bolivia (Plurinational State of)
Moraceae,Naucleopsis krukovii,(Standl.) C.C. Berg,Bolivia (Plurinational State of)
Moraceae,Naucleopsis macrophylla,Miq.,Bolivia (Plurinational State of)
Moraceae,Naucleopsis pseudonaga,(Mildbr.) C.C. Berg,Bolivia (Plurinational State of)
Moraceae,Naucleopsis ulei,(Warb.) Ducke,Bolivia (Plurinational State of)
Moraceae,Olmedia aspera,Ruiz & Pav.,Bolivia (Plurinational State of)
Moraceae,Paratrophis insignis,(Bureau) E.M.Gardner,Bolivia (Plurinational State of)
Moraceae,Perebea angustifolia,(Poepp. & Endl.) C.C.Berg,Bolivia (Plurinational State of)
Moraceae,Perebea guianensis,Aubl.,Bolivia (Plurinational State of)
Moraceae,Perebea humilis,C.C. Berg,Bolivia (Plurinational State of)
Moraceae,Perebea mennegae,C.C.Berg,Bolivia (Plurinational State of)
Moraceae,Perebea mollis,(Poepp. & Endl.) Huber,Bolivia (Plurinational State of)
Moraceae,Perebea tessmannii,Mildbr.,Bolivia (Plurinational State of)
Moraceae,Perebea xanthochyma,H.Karst.,Bolivia (Plurinational State of)
Moraceae,Poulsenia armata,(Miq.) Standl.,Bolivia (Plurinational State of)
Moraceae,Pseudolmedia boliviana,C.C. Berg & Villav.,Bolivia (Plurinational State of)
Moraceae,Pseudolmedia laevigata,Trécul,Bolivia (Plurinational State of)
Moraceae,Pseudolmedia laevis,(Ruiz & Pav.) J.F.Macbr.,Bolivia (Plurinational State of)
Moraceae,Pseudolmedia macrophylla,Trécul,Bolivia (Plurinational State of)
Moraceae,Pseudolmedia rigida,(Klotzsch & H.Karst.) Cuatrec.,Bolivia (Plurinational State of)
Moraceae,Sorocea briquetii,J.F.Macbr.,Bolivia (Plurinational State of)
Moraceae,Sorocea guilleminiana,Gaudich.,Bolivia (Plurinational State of)
Moraceae,Sorocea muriculata,Miq.,Bolivia (Plurinational State of)
Moraceae,Sorocea pubivena,Hemsl.,Bolivia (Plurinational State of)
Moraceae,Sorocea sprucei,(Baill.) J.F.Macbr.,Bolivia (Plurinational State of)
Moraceae,Sorocea steinbachii,C.C. Berg,Bolivia (Plurinational State of)
Muntingiaceae,Muntingia calabura,L.,Bolivia (Plurinational State of)
Myricaceae,Morella chevalieri,Parra-O.,Bolivia (Plurinational State of)
Myricaceae,Morella pubescens,(Humb. & Bonpl. ex Willd.) Wilbur,Bolivia (Plurinational State of)
Myristicaceae,Compsoneura ulei,Warb. ex Pilg.,Bolivia (Plurinational State of)
Myristicaceae,Iryanthera elliptica,Ducke,Bolivia (Plurinational State of)
Myristicaceae,Iryanthera hostmannii,(Benth.) Warb.,Bolivia (Plurinational State of)
Myristicaceae,Iryanthera juruensis,Warb.,Bolivia (Plurinational State of)
Myristicaceae,Iryanthera laevis,Markgr.,Bolivia (Plurinational State of)
Myristicaceae,Iryanthera lancifolia,Ducke,Bolivia (Plurinational State of)
Myristicaceae,Iryanthera olacoides,(A.C.Sm.) A.C.Sm.,Bolivia (Plurinational State of)
Myristicaceae,Iryanthera sagotiana,(Benth.) Warb.,Bolivia (Plurinational State of)
Myristicaceae,Iryanthera tessmannii,Markgr.,Bolivia (Plurinational State of)
Myristicaceae,Osteophloeum platyspermum,(Spruce ex A.DC.) Warb.,Bolivia (Plurinational State of)
Myristicaceae,Otoba glycycarpa,(Ducke) W.A.Rodrigues & T.S.Jaram.,Bolivia (Plurinational State of)
Myristicaceae,Otoba parvifolia,(Markgr.) A.H.Gentry,Bolivia (Plurinational State of)
Myristicaceae,Virola calophylla,(Spruce) Warb.,Bolivia (Plurinational State of)
Myristicaceae,Virola carinata,(Spruce ex Benth.) Warb.,Bolivia (Plurinational State of)
Myristicaceae,Virola decorticans,Ducke,Bolivia (Plurinational State of)
Myristicaceae,Virola duckei,A.C.Sm.,Bolivia (Plurinational State of)
Myristicaceae,Virola elongata,(Benth.) Warb.,Bolivia (Plurinational State of)
Myristicaceae,Virola flexuosa,A.C.Sm.,Bolivia (Plurinational State of)
Myristicaceae,Virola loretensis,A.C.Sm.,Bolivia (Plurinational State of)
Myristicaceae,Virola michelii,Heckel,Bolivia (Plurinational State of)
Myristicaceae,Virola multinervia,Ducke,Bolivia (Plurinational State of)
Myristicaceae,Virola pavonis,(A.DC.) A.C.Sm.,Bolivia (Plurinational State of)
Myristicaceae,Virola peruviana,(A.DC.) Warb.,Bolivia (Plurinational State of)
Myristicaceae,Virola sebifera,Aubl.,Bolivia (Plurinational State of)
Myristicaceae,Virola surinamensis,(Rol. ex Rottb.) Warb.,Bolivia (Plurinational State of)
Myrtaceae,Acca macrostema,(Ruiz & Pav. ex G.Don) McVaugh,Bolivia (Plurinational State of)
Myrtaceae,Amomyrtella guilii,(Speg.) Kausel,Bolivia (Plurinational State of)
Myrtaceae,Blepharocalyx salicifolius,(Kunth) O.Berg,Bolivia (Plurinational State of)
Myrtaceae,Campomanesia aromatica,(Aubl.) Griseb.,Bolivia (Plurinational State of)
Myrtaceae,Campomanesia guaviroba,(DC.) Kiaersk.,Bolivia (Plurinational State of)
Myrtaceae,Campomanesia sessiliflora,(O.Berg) Mattos,Bolivia (Plurinational State of)
Myrtaceae,Campomanesia speciosa,(Diels) McVaugh,Bolivia (Plurinational State of)
Myrtaceae,Eugenia acrensis,McVaugh,Bolivia (Plurinational State of)
Myrtaceae,Eugenia angustissima,O.Berg,Bolivia (Plurinational State of)
Myrtaceae,Eugenia biflora,(L.) DC.,Bolivia (Plurinational State of)
Myrtaceae,Eugenia boliviana,(D.Legrand) Mattos,Bolivia (Plurinational State of)
Myrtaceae,Eugenia chiquitensis,O.Berg,Bolivia (Plurinational State of)
Myrtaceae,Eugenia coffeifolia,DC.,Bolivia (Plurinational State of)
Myrtaceae,Eugenia cupulata,Amshoff,Bolivia (Plurinational State of)
Myrtaceae,Eugenia cydoniifolia,O.Berg,Bolivia (Plurinational State of)
Myrtaceae,Eugenia dysenterica,DC.,Bolivia (Plurinational State of)
Myrtaceae,Eugenia egensis,DC.,Bolivia (Plurinational State of)
Myrtaceae,Eugenia excelsa,O.Berg,Bolivia (Plurinational State of)
Myrtaceae,Eugenia flavescens,DC.,Bolivia (Plurinational State of)
Myrtaceae,Eugenia florida,DC.,Bolivia (Plurinational State of)
Myrtaceae,Eugenia gemmiflora,O.Berg,Bolivia (Plurinational State of)
Myrtaceae,Eugenia gomesiana,O.Berg,Bolivia (Plurinational State of)
Myrtaceae,Eugenia heterochroma,Diels,Bolivia (Plurinational State of)
Myrtaceae,Eugenia hiemalis,Cambess.,Bolivia (Plurinational State of)
Myrtaceae,Eugenia inundata,DC.,Bolivia (Plurinational State of)
Myrtaceae,Eugenia involucrata,DC.,Bolivia (Plurinational State of)
Myrtaceae,Eugenia krukoffiana,(Kausel) B.Holst,Bolivia (Plurinational State of)
Myrtaceae,Eugenia lambertiana,DC.,Bolivia (Plurinational State of)
Myrtaceae,Eugenia ligustrina,(Sw.) Willd.,Bolivia (Plurinational State of)
Myrtaceae,Eugenia limbosa,O.Berg,Bolivia (Plurinational State of)
Myrtaceae,Eugenia mandonii,McVaugh,Bolivia (Plurinational State of)
Myrtaceae,Eugenia marlierioides,Rusby,Bolivia (Plurinational State of)
Myrtaceae,Eugenia omissa,McVaugh,Bolivia (Plurinational State of)
Myrtaceae,Eugenia paranahybensis,O.Berg,Bolivia (Plurinational State of)
Myrtaceae,Eugenia patens,Poir.,Bolivia (Plurinational State of)
Myrtaceae,Eugenia patrisii,Vahl,Bolivia (Plurinational State of)
Myrtaceae,Eugenia polystachya,Rich.,Bolivia (Plurinational State of)
Myrtaceae,Eugenia psidiiflora,O.Berg,Bolivia (Plurinational State of)
Myrtaceae,Eugenia punicifolia,(Kunth) DC.,Bolivia (Plurinational State of)
Myrtaceae,Eugenia repanda,O.Berg,Bolivia (Plurinational State of)
Myrtaceae,Eugenia speciosa,Cambess.,Bolivia (Plurinational State of)
Myrtaceae,Eugenia stipitata,McVaugh,Bolivia (Plurinational State of)
Myrtaceae,Eugenia teresa-ruiziana,Villarroel & Faria,Bolivia (Plurinational State of)
Myrtaceae,Eugenia uniflora,L.,Bolivia (Plurinational State of)
Myrtaceae,Eugenia uninervia,Rusby,Bolivia (Plurinational State of)
Myrtaceae,Eugenia wentii,Amshoff,Bolivia (Plurinational State of)
Myrtaceae,Myrcia aliena,McVaugh,Bolivia (Plurinational State of)
Myrtaceae,Myrcia amazonica,DC.,Bolivia (Plurinational State of)
Myrtaceae,Myrcia aulomyrcioides,E.Lucas & C.E.Wilson,Bolivia (Plurinational State of)
Myrtaceae,Myrcia barituensis,(Legname) B.Holst,Bolivia (Plurinational State of)
Myrtaceae,Myrcia bella,Cambess.,Bolivia (Plurinational State of)
Myrtaceae,Myrcia bracteata,(Rich.) DC.,Bolivia (Plurinational State of)
Myrtaceae,Myrcia crebra,(McVaugh) A.R.Lourenço & E.Lucas,Bolivia (Plurinational State of)
Myrtaceae,Myrcia densiflora,(Poepp. ex O.Berg) A.R.Lourenço & E.Lucas,Bolivia (Plurinational State of)
Myrtaceae,Myrcia fasciculata,(O.Berg) K.Campbell & K.Samra,Bolivia (Plurinational State of)
Myrtaceae,Myrcia fenestrata,DC.,Bolivia (Plurinational State of)
Myrtaceae,Myrcia fenzliana,O.Berg,Bolivia (Plurinational State of)
Myrtaceae,Myrcia glomerata,(Cambess.) G.P.Burton & E.Lucas,Bolivia (Plurinational State of)
Myrtaceae,Myrcia grandis,McVaugh,Bolivia (Plurinational State of)
Myrtaceae,Myrcia guianensis,(Aubl.) DC.,Bolivia (Plurinational State of)
Myrtaceae,Myrcia haenkeana,(O.Berg) Mattos,Bolivia (Plurinational State of)
Myrtaceae,Myrcia mathewsiana,(O.Berg) McVaugh,Bolivia (Plurinational State of)
Myrtaceae,Myrcia mollis,(Kunth) DC.,Bolivia (Plurinational State of)
Myrtaceae,Myrcia multiflora,(Lam.) DC.,Bolivia (Plurinational State of)
Myrtaceae,Myrcia myrcioides,(Mattos & D.Legrand) Mattos,Bolivia (Plurinational State of)
Myrtaceae,Myrcia myrtillifolia,DC.,Bolivia (Plurinational State of)
Myrtaceae,Myrcia neesiana,DC.,Bolivia (Plurinational State of)
Myrtaceae,Myrcia neoclusiifolia,A.R.Lourenço & E.Lucas,Bolivia (Plurinational State of)
Myrtaceae,Myrcia neolucida,A.R.Lourenço & E.Lucas,Bolivia (Plurinational State of)
Myrtaceae,Myrcia neoschomburgkiana,E.Lucas & C.E.Wilson,Bolivia (Plurinational State of)
Myrtaceae,Myrcia neospeciosa,A.R.Lourenço & E.Lucas,Bolivia (Plurinational State of)
Myrtaceae,Myrcia neovelutina,E.Lucas & C.E.Wilson,Bolivia (Plurinational State of)
Myrtaceae,Myrcia obumbrans,(O.Berg) McVaugh,Bolivia (Plurinational State of)
Myrtaceae,Myrcia paivae,O.Berg,Bolivia (Plurinational State of)
Myrtaceae,Myrcia pleophlebia,(Diels) G.P.Burton & E.Lucas,Bolivia (Plurinational State of)
Myrtaceae,Myrcia plicata,(McVaugh) A.R.Lourenço & E.Lucas,Bolivia (Plurinational State of)
Myrtaceae,Myrcia siberiensis,"(Villarroel, M.Nee & Proença) K.Campbell & E.Lucas",Bolivia (Plurinational State of)
Myrtaceae,Myrcia simulata,(McVaugh) A.R.Lourenço & Parra-Os.,Bolivia (Plurinational State of)
Myrtaceae,Myrcia splendens,(Sw.) DC.,Bolivia (Plurinational State of)
Myrtaceae,Myrcia subalpestris,DC.,Bolivia (Plurinational State of)
Myrtaceae,Myrcia subglabra,McVaugh,Bolivia (Plurinational State of)
Myrtaceae,Myrcia subsessilis,O.Berg,Bolivia (Plurinational State of)
Myrtaceae,Myrcia subulata,(McVaugh) E.Lucas & C.E.Wilson,Bolivia (Plurinational State of)
Myrtaceae,Myrcia tomentosa,(Aubl.) DC.,Bolivia (Plurinational State of)
Myrtaceae,Myrcia umbraticola,(Kunth) E.Lucas & C.E.Wilson,Bolivia (Plurinational State of)
Myrtaceae,Myrcia vestita,DC.,Bolivia (Plurinational State of)
Myrtaceae,Myrcianthes callicoma,McVaugh,Bolivia (Plurinational State of)
Myrtaceae,Myrcianthes discolor,(Kunth) McVaugh,Bolivia (Plurinational State of)
Myrtaceae,Myrcianthes mato,(Griseb.) McVaugh,Bolivia (Plurinational State of)
Myrtaceae,Myrcianthes myrsinoides,(Kunth) Grifo,Bolivia (Plurinational State of)
Myrtaceae,Myrcianthes oreophila,(Diels) McVaugh,Bolivia (Plurinational State of)
Myrtaceae,Myrcianthes osteomeloides,(Rusby) McVaugh,Bolivia (Plurinational State of)
Myrtaceae,Myrcianthes pseudomato,(D.Legrand) McVaugh,Bolivia (Plurinational State of)
Myrtaceae,Myrcianthes pungens,(O.Berg) D.Legrand,Bolivia (Plurinational State of)
Myrtaceae,Myrcianthes rhopaloides,(Kunth) McVaugh,Bolivia (Plurinational State of)
Myrtaceae,Myrciaria delicatula,(DC.) O.Berg,Bolivia (Plurinational State of)
Myrtaceae,Myrciaria dubia,(Kunth) McVaugh,Bolivia (Plurinational State of)
Myrtaceae,Myrciaria floribunda,(H.West ex Willd.) O.Berg,Bolivia (Plurinational State of)
Myrtaceae,Myrciaria tenella,(DC.) O.Berg,Bolivia (Plurinational State of)
Myrtaceae,Pimenta pseudocaryophyllus,(Gomes) Landrum,Bolivia (Plurinational State of)
Myrtaceae,Psidium acutangulum,DC.,Bolivia (Plurinational State of)
Myrtaceae,Psidium australe,Cambess.,Bolivia (Plurinational State of)
Myrtaceae,Psidium densicomum,Mart. ex DC.,Bolivia (Plurinational State of)
Myrtaceae,Psidium grandifolium,Mart. ex DC.,Bolivia (Plurinational State of)
Myrtaceae,Psidium guajava,L.,Bolivia (Plurinational State of)
Myrtaceae,Psidium guineense,Sw.,Bolivia (Plurinational State of)
Myrtaceae,Psidium hians,Mart. ex DC.,Bolivia (Plurinational State of)
Myrtaceae,Psidium kennedyanum,Morong,Bolivia (Plurinational State of)
Myrtaceae,Psidium oligospermum,Mart. ex DC.,Bolivia (Plurinational State of)
Myrtaceae,Siphoneugena glabrata,Loza & P.Jørg.,Bolivia (Plurinational State of)
Myrtaceae,Siphoneugena minima,Loza & A.Fuentes,Bolivia (Plurinational State of)
Myrtaceae,Siphoneugena occidentalis,D.Legrand,Bolivia (Plurinational State of)
Myrtaceae,Ugni myricoides,(Kunth) O.Berg,Bolivia (Plurinational State of)
Nyctaginaceae,Bougainvillea campanulata,Heimerl,Bolivia (Plurinational State of)
Nyctaginaceae,Bougainvillea infesta,Griseb.,Bolivia (Plurinational State of)
Nyctaginaceae,Bougainvillea modesta,Heimerl,Bolivia (Plurinational State of)
Nyctaginaceae,Bougainvillea praecox,Griseb.,Bolivia (Plurinational State of)
Nyctaginaceae,Bougainvillea spinosa,(Cav.) Heimerl,Bolivia (Plurinational State of)
Nyctaginaceae,Bougainvillea stipitata,Griseb.,Bolivia (Plurinational State of)
Nyctaginaceae,Bougainvillea trollii,Heimerl,Bolivia (Plurinational State of)
Nyctaginaceae,Guapira hassleriana,(Heimerl) Lundell,Bolivia (Plurinational State of)
Nyctaginaceae,Guapira myrtiflora,(Standl.) Little,Bolivia (Plurinational State of)
Nyctaginaceae,Guapira opposita,(Vell.) Reitz,Bolivia (Plurinational State of)
Nyctaginaceae,Neea anisophylla,Ernst,Bolivia (Plurinational State of)
Nyctaginaceae,Neea bangii,Rusby,Bolivia (Plurinational State of)
Nyctaginaceae,Neea brittonii,Standl.,Bolivia (Plurinational State of)
Nyctaginaceae,Neea dimorphophylla,Standl.,Bolivia (Plurinational State of)
Nyctaginaceae,Neea divaricata,Poepp. & Endl.,Bolivia (Plurinational State of)
Nyctaginaceae,Neea floribunda,Poepp. & Endl.,Bolivia (Plurinational State of)
Nyctaginaceae,Neea hermaphrodita,S.Moore,Bolivia (Plurinational State of)
Nyctaginaceae,Neea longipedunculata,Britton ex Rusby,Bolivia (Plurinational State of)
Nyctaginaceae,Neea spruceana,Heimerl,Bolivia (Plurinational State of)
Nyctaginaceae,Neea theifera,Oerst.,Bolivia (Plurinational State of)
Nyctaginaceae,Neea virens,Poepp. ex Heimerl,Bolivia (Plurinational State of)
Nyctaginaceae,Pisonia aculeata,L.,Bolivia (Plurinational State of)
Nyctaginaceae,Pisonia ambigua,Heimerl,Bolivia (Plurinational State of)
Nyctaginaceae,Pisonia indecora,Heimerl,Bolivia (Plurinational State of)
Nyctaginaceae,Pisonia zapallo,Griseb.,Bolivia (Plurinational State of)
Nyctaginaceae,Reichenbachia paraguayensis,(D. Parodi) Dugand & Daniel,Bolivia (Plurinational State of)
Ochnaceae,Cespedesia spathulata,(Ruiz & Pav.) Planch.,Bolivia (Plurinational State of)
Ochnaceae,Elvasia canescens,(Tiegh.) Gilg,Bolivia (Plurinational State of)
Ochnaceae,Godoya obovata,Ruiz & Pav.,Bolivia (Plurinational State of)
Ochnaceae,Lacunaria macrostachya,(Tul.) A.C.Sm.,Bolivia (Plurinational State of)
Ochnaceae,Ouratea acuta,Tiegh.,Bolivia (Plurinational State of)
Ochnaceae,Ouratea amplifolia,Sleumer,Bolivia (Plurinational State of)
Ochnaceae,Ouratea castaneifolia,(DC.) Engl.,Bolivia (Plurinational State of)
Ochnaceae,Ouratea claudei,"Salvador, E.P. Santos & Cervi",Bolivia (Plurinational State of)
Ochnaceae,Ouratea discophora,Ducke,Bolivia (Plurinational State of)
Ochnaceae,Ouratea hexasperma,(A.St.-Hil.) Baill.,Bolivia (Plurinational State of)
Ochnaceae,Ouratea iquitosensis,J.F.Macbr.,Bolivia (Plurinational State of)
Ochnaceae,Ouratea latifolia,(Erhard) Tiegh.,Bolivia (Plurinational State of)
Ochnaceae,Ouratea oleosa,J.F.Macbr.,Bolivia (Plurinational State of)
Ochnaceae,Ouratea orbignyana,(Tiegh.) Liesner,Bolivia (Plurinational State of)
Ochnaceae,Ouratea pendula,Poepp. ex Engl.,Bolivia (Plurinational State of)
Ochnaceae,Ouratea scottii,Sastre,Bolivia (Plurinational State of)
Ochnaceae,Ouratea spectabilis,(Mart. ex Engl.) Engl.,Bolivia (Plurinational State of)
Ochnaceae,Ouratea trollii,Sleumer,Bolivia (Plurinational State of)
Ochnaceae,Ouratea weberbaueri,Sleumer,Bolivia (Plurinational State of)
Ochnaceae,Ouratea werdermannii,Sleumer,Bolivia (Plurinational State of)
Ochnaceae,Quiina blackii,Pires,Bolivia (Plurinational State of)
Ochnaceae,Quiina cruegeriana,Griseb.,Bolivia (Plurinational State of)
Ochnaceae,Quiina florida,Tul.,Bolivia (Plurinational State of)
Ochnaceae,Quiina obovata,Tul.,Bolivia (Plurinational State of)
Ochnaceae,Quiina pteridophylla,(Radlk.) Pires,Bolivia (Plurinational State of)
Ochnaceae,Quiina rhytidopus,Tul.,Bolivia (Plurinational State of)
Ochnaceae,Touroulia guianensis,Aubl.,Bolivia (Plurinational State of)
Olacaceae,Aptandra tubicina,(Poepp.) Benth. ex Miers,Bolivia (Plurinational State of)
Olacaceae,Dulacia candida,(Poepp.) Kuntze,Bolivia (Plurinational State of)
Olacaceae,Dulacia inopiflora,(Miers) Kuntze,Bolivia (Plurinational State of)
Olacaceae,Dulacia macrophylla,(Benth.) Kuntze,Bolivia (Plurinational State of)
Olacaceae,Heisteria acuminata,(Bonpl.) Engl.,Bolivia (Plurinational State of)
Olacaceae,Heisteria citrifolia,Engl.,Bolivia (Plurinational State of)
Olacaceae,Heisteria duckei,Sleumer,Bolivia (Plurinational State of)
Olacaceae,Heisteria ovata,Benth.,Bolivia (Plurinational State of)
Olacaceae,Heisteria scandens,Ducke,Bolivia (Plurinational State of)
Olacaceae,Heisteria spruceana,Engl.,Bolivia (Plurinational State of)
Olacaceae,Minquartia guianensis,Aubl.,Bolivia (Plurinational State of)
Olacaceae,Ximenia americana,L.,Bolivia (Plurinational State of)
Oleaceae,Chionanthus implicatus,(Rusby) P.S.Green,Bolivia (Plurinational State of)
Oleaceae,Chionanthus pubescens,Kunth,Bolivia (Plurinational State of)
Oleaceae,Priogymnanthus hasslerianus,(Chodat) P.S.Green,Bolivia (Plurinational State of)
Onagraceae,Fuchsia boliviana,Carrière,Bolivia (Plurinational State of)
Onagraceae,Fuchsia denticulata,Ruiz & Pav.,Bolivia (Plurinational State of)
Onagraceae,Ludwigia nervosa,(Poir.) H.Hara,Bolivia (Plurinational State of)
Opiliaceae,Agonandra brasiliensis,Miers ex Benth.,Bolivia (Plurinational State of)
Opiliaceae,Agonandra excelsa,Griseb.,Bolivia (Plurinational State of)
Opiliaceae,Agonandra silvatica,Ducke,Bolivia (Plurinational State of)
Papaveraceae,Bocconia frutescens,L.,Bolivia (Plurinational State of)
Papaveraceae,Bocconia integrifolia,Bonpl.,Bolivia (Plurinational State of)
Passifloraceae,Dilkea retusa,Mast.,Bolivia (Plurinational State of)
Peltantheraceae,Peltanthera floribunda,Benth.,Bolivia (Plurinational State of)
Pentaphylacaceae,Freziera alata,A.L.Weitzman ex D.Santam. & A.K.Monro,Bolivia (Plurinational State of)
Pentaphylacaceae,Freziera angulosa,Tul.,Bolivia (Plurinational State of)
Pentaphylacaceae,Freziera apolobambensis,D.Santam. & A.Fuentes,Bolivia (Plurinational State of)
Pentaphylacaceae,Freziera caloneura,Kobuski,Bolivia (Plurinational State of)
Pentaphylacaceae,Freziera dudleyi,A.H.Gentry,Bolivia (Plurinational State of)
Pentaphylacaceae,Freziera erickitae,A.Fuentes,Bolivia (Plurinational State of)
Pentaphylacaceae,Freziera inaequilatera,Britton,Bolivia (Plurinational State of)
Pentaphylacaceae,Freziera karsteniana,(Szyszyl.) Kobuski,Bolivia (Plurinational State of)
Pentaphylacaceae,Freziera lanata,(Ruiz & Pav.) Tul.,Bolivia (Plurinational State of)
Pentaphylacaceae,Freziera magnibracteolata,A.Fuentes & D.Santam.,Bolivia (Plurinational State of)
Pentaphylacaceae,Freziera reticulata,Bonpl.,Bolivia (Plurinational State of)
Pentaphylacaceae,Freziera subintegrifolia,(Rusby) Kobuski,Bolivia (Plurinational State of)
Pentaphylacaceae,Freziera trollii,D.Santam. & A.K.Monro,Bolivia (Plurinational State of)
Pentaphylacaceae,Freziera uniauriculata,A.L.Weitzman ex D.Santam. & A.K.Monro,Bolivia (Plurinational State of)
Pentaphylacaceae,Ternstroemia asymmetrica,Rusby,Bolivia (Plurinational State of)
Pentaphylacaceae,Ternstroemia brachypoda,(Wawra) Kobuski,Bolivia (Plurinational State of)
Pentaphylacaceae,Ternstroemia candolleana,Wawra,Bolivia (Plurinational State of)
Pentaphylacaceae,Ternstroemia circumscissilis,Kobuski,Bolivia (Plurinational State of)
Pentaphylacaceae,Ternstroemia polyandra,Kobuski,Bolivia (Plurinational State of)
Pentaphylacaceae,Ternstroemia subserrata,(Rusby) Melch.,Bolivia (Plurinational State of)
Peraceae,Chaetocarpus echinocarpus,(Baill.) Ducke,Bolivia (Plurinational State of)
Peraceae,Chaetocarpus myrsinites,Baill.,Bolivia (Plurinational State of)
Peraceae,Pera benensis,Rusby,Bolivia (Plurinational State of)
Peraceae,Pera glabrata,(Schott) Poepp. ex Baill.,Bolivia (Plurinational State of)
Peraceae,Pera tomentosa,(Benth.) Müll.Arg.,Bolivia (Plurinational State of)
Petiveriaceae,Seguieria americana,L.,Bolivia (Plurinational State of)
Petiveriaceae,Seguieria paraguayensis,Morong,Bolivia (Plurinational State of)
Phyllanthaceae,Astrocasia jacobinensis,(Müll.Arg.) G.L.Webster,Bolivia (Plurinational State of)
Phyllanthaceae,Hieronyma alchorneoides,Allemão,Bolivia (Plurinational State of)
Phyllanthaceae,Hieronyma asperifolia,Pax & K.Hoffm.,Bolivia (Plurinational State of)
Phyllanthaceae,Hieronyma boliviana,Pax,Bolivia (Plurinational State of)
Phyllanthaceae,Hieronyma fendleri,Briq.,Bolivia (Plurinational State of)
Phyllanthaceae,Hieronyma oblonga,(Tul.) Müll.Arg.,Bolivia (Plurinational State of)
Phyllanthaceae,Margaritaria nobilis,L.f.,Bolivia (Plurinational State of)
Phyllanthaceae,Phyllanthus acuminatus,Vahl,Bolivia (Plurinational State of)
Phyllanthaceae,Phyllanthus chacoensis,Morong,Bolivia (Plurinational State of)
Phyllanthaceae,Phyllanthus puntii,G.L.Webster,Bolivia (Plurinational State of)
Phyllonomaceae,Phyllonoma ruscifolia,Willd. ex Schult.,Bolivia (Plurinational State of)
Picramniaceae,Alvaradoa subovata,Cronquist,Bolivia (Plurinational State of)
Picramniaceae,Picramnia elliptica,Pirani & W.W. Thomas,Bolivia (Plurinational State of)
Picramniaceae,Picramnia latifolia,Tul.,Bolivia (Plurinational State of)
Picramniaceae,Picramnia magnifolia,J.F.Macbr.,Bolivia (Plurinational State of)
Picramniaceae,Picramnia sellowii,Planch.,Bolivia (Plurinational State of)
Picramniaceae,Picramnia spruceana,Engl.,Bolivia (Plurinational State of)
Picrodendraceae,Parodiodendron marginivillosum,(Speg.) Hunz.,Bolivia (Plurinational State of)
Piperaceae,Piper acutifolium,Ruiz & Pav.,Bolivia (Plurinational State of)
Piperaceae,Piper aduncum,L.,Bolivia (Plurinational State of)
Piperaceae,Piper aequale,Vahl,Bolivia (Plurinational State of)
Piperaceae,Piper amalago,L.,Bolivia (Plurinational State of)
Piperaceae,Piper arboreum,Aubl.,Bolivia (Plurinational State of)
Piperaceae,Piper basilobatum,Trel. & Yunck.,Bolivia (Plurinational State of)
Piperaceae,Piper bolivianum,C. DC.,Bolivia (Plurinational State of)
Piperaceae,Piper cernuum,Vell.,Bolivia (Plurinational State of)
Piperaceae,Piper crassinervium,Kunth,Bolivia (Plurinational State of)
Piperaceae,Piper dasyoura,(Miq.) C.DC.,Bolivia (Plurinational State of)
Piperaceae,Piper dilatatum,Rich.,Bolivia (Plurinational State of)
Piperaceae,Piper formosum,(Miq.) C.DC.,Bolivia (Plurinational State of)
Piperaceae,Piper hostmannianum,(Miq.) C.DC.,Bolivia (Plurinational State of)
Piperaceae,Piper peltilimbum,Yunck.,Bolivia (Plurinational State of)
Piperaceae,Piper percostatum,Yunck.,Bolivia (Plurinational State of)
Piperaceae,Piper perscabrifolium,Yunck.,Bolivia (Plurinational State of)
Piperaceae,Piper pilirameum,C. DC.,Bolivia (Plurinational State of)
Piperaceae,Piper pseudoarboreum,Yunck.,Bolivia (Plurinational State of)
Piperaceae,Piper psilophyllum,C. DC.,Bolivia (Plurinational State of)
Piperaceae,Piper reticulatum,L.,Bolivia (Plurinational State of)
Piperaceae,Piper semimetrale,C. DC.,Bolivia (Plurinational State of)
Piperaceae,Piper tuberculatum,Jacq.,Bolivia (Plurinational State of)
Piperaceae,Piper tucumanum,C.DC.,Bolivia (Plurinational State of)
Podocarpaceae,Podocarpus celatus,de Laub.,Bolivia (Plurinational State of)
Podocarpaceae,Podocarpus glomeratus,D.Don,Bolivia (Plurinational State of)
Podocarpaceae,Podocarpus oleifolius,D.Don,Bolivia (Plurinational State of)
Podocarpaceae,Podocarpus parlatorei,Pilg.,Bolivia (Plurinational State of)
Podocarpaceae,Podocarpus rusbyi,J.Buchholz & N.E.Gray,Bolivia (Plurinational State of)
Podocarpaceae,Prumnopitys exigua,de Laub.,Bolivia (Plurinational State of)
Podocarpaceae,Prumnopitys harmsiana,(Pilg.) de Laub.,Bolivia (Plurinational State of)
Podocarpaceae,Retrophyllum rospigliosii,(Pilg.) C.N.Page,Bolivia (Plurinational State of)
Polemoniaceae,Cantua bicolor,Lem.,Bolivia (Plurinational State of)
Polemoniaceae,Cantua buxifolia,Juss. ex Lam.,Bolivia (Plurinational State of)
Polemoniaceae,Cantua flexuosa,(Ruiz & Pav.) Pers.,Bolivia (Plurinational State of)
Polygalaceae,Acanthocladus dichromus,(Steud.) J.F.B.Pastore,Bolivia (Plurinational State of)
Polygalaceae,Bredemeyera altissima,(Poepp.) A.W.Benn.,Bolivia (Plurinational State of)
Polygalaceae,Bredemeyera floribunda,Willd.,Bolivia (Plurinational State of)
Polygalaceae,Diclidanthera octandra,Gleason,Bolivia (Plurinational State of)
Polygalaceae,Moutabea aculeata,(Ruiz & Pav.) Poepp. & Endl.,Bolivia (Plurinational State of)
Polygalaceae,Securidaca volubilis,L.,Bolivia (Plurinational State of)
Polygonaceae,Coccoloba acuminata,Kunth,Bolivia (Plurinational State of)
Polygonaceae,Coccoloba cordata,Cham.,Bolivia (Plurinational State of)
Polygonaceae,Coccoloba cujabensis,Wedd.,Bolivia (Plurinational State of)
Polygonaceae,Coccoloba densifrons,Mart. ex Meisn.,Bolivia (Plurinational State of)
Polygonaceae,Coccoloba guaranitica,Hassl.,Bolivia (Plurinational State of)
Polygonaceae,Coccoloba mollis,Casar.,Bolivia (Plurinational State of)
Polygonaceae,Coccoloba paraguariensis,Lindau,Bolivia (Plurinational State of)
Polygonaceae,Coccoloba persicaria,Wedd.,Bolivia (Plurinational State of)
Polygonaceae,Coccoloba peruviana,Lindau,Bolivia (Plurinational State of)
Polygonaceae,Coccoloba spinescens,Morong,Bolivia (Plurinational State of)
Polygonaceae,Coccoloba steinbachii,R.A.Howard,Bolivia (Plurinational State of)
Polygonaceae,Coccoloba tiliacea,Lindau,Bolivia (Plurinational State of)
Polygonaceae,Ruprechtia apetala,Wedd.,Bolivia (Plurinational State of)
Polygonaceae,Ruprechtia brachysepala,Meisn.,Bolivia (Plurinational State of)
Polygonaceae,Ruprechtia exploratricis,Sandwith,Bolivia (Plurinational State of)
Polygonaceae,Ruprechtia laxiflora,Meisn.,Bolivia (Plurinational State of)
Polygonaceae,Salta triflora,(Griseb.) Adr. Sanchez,Bolivia (Plurinational State of)
Polygonaceae,Symmeria paniculata,Benth.,Bolivia (Plurinational State of)
Polygonaceae,Triplaris americana,L.,Bolivia (Plurinational State of)
Polygonaceae,Triplaris efistulifera,Rusby,Bolivia (Plurinational State of)
Polygonaceae,Triplaris gardneriana,Wedd.,Bolivia (Plurinational State of)
Polygonaceae,Triplaris poeppigiana,Wedd.,Bolivia (Plurinational State of)
Polygonaceae,Triplaris setosa,Rusby,Bolivia (Plurinational State of)
Polygonaceae,Triplaris vestita,Rusby,Bolivia (Plurinational State of)
Primulaceae,Ardisia guianensis,(Aubl.) Mez,Bolivia (Plurinational State of)
Primulaceae,Ardisia weberbaueri,Mez,Bolivia (Plurinational State of)
Primulaceae,Clavija longifolia,Ruiz & Pav.,Bolivia (Plurinational State of)
Primulaceae,Clavija poeppigii,Mez,Bolivia (Plurinational State of)
Primulaceae,Clavija tarapotana,Mez,Bolivia (Plurinational State of)
Primulaceae,Clavija weberbaueri,Mez,Bolivia (Plurinational State of)
Primulaceae,Cybianthus buchtienii,(Pax) G.Agostini,Bolivia (Plurinational State of)
Primulaceae,Cybianthus comperuvianus,Pipoly,Bolivia (Plurinational State of)
Primulaceae,Cybianthus densiflorus,Miq.,Bolivia (Plurinational State of)
Primulaceae,Cybianthus fulvopulverulentus,(Mez) G.Agostini,Bolivia (Plurinational State of)
Primulaceae,Cybianthus gardneri,(A.DC.) G.Agostini,Bolivia (Plurinational State of)
Primulaceae,Cybianthus laetus,(Mez) G.Agostini,Bolivia (Plurinational State of)
Primulaceae,Cybianthus lepidotus,(Gleason) G.Agostini,Bolivia (Plurinational State of)
Primulaceae,Cybianthus longifolius,Miq.,Bolivia (Plurinational State of)
Primulaceae,Cybianthus minutiflorus,Mez,Bolivia (Plurinational State of)
Primulaceae,Cybianthus multiflorus,(A.C.Sm.) G.Agostini,Bolivia (Plurinational State of)
Primulaceae,Cybianthus penduliflorus,Mart.,Bolivia (Plurinational State of)
Primulaceae,Cybianthus peruvianus,(A.DC.) Miq.,Bolivia (Plurinational State of)
Primulaceae,Cybianthus poeppigii,Mez,Bolivia (Plurinational State of)
Primulaceae,Cybianthus resinosus,Mez,Bolivia (Plurinational State of)
Primulaceae,Cybianthus schlimii,(Hook.f.) G.Agostini,Bolivia (Plurinational State of)
Primulaceae,Cybianthus venezuelanus,Mez,Bolivia (Plurinational State of)
Primulaceae,Geissanthus ambiguus,(Mart.) G.Agostini,Bolivia (Plurinational State of)
Primulaceae,Geissanthus bangii,Rusby,Bolivia (Plurinational State of)
Primulaceae,Geissanthus boliviana,Britton,Bolivia (Plurinational State of)
Primulaceae,Geissanthus longistamineus,(A.C.Sm.) Pipoly,Bolivia (Plurinational State of)
Primulaceae,Geissanthus multiflorus,Mez,Bolivia (Plurinational State of)
Primulaceae,Geissanthus pentlandii,Mez,Bolivia (Plurinational State of)
Primulaceae,Myrsine andina,(Mez) Pipoly,Bolivia (Plurinational State of)
Primulaceae,Myrsine coriacea,(Sw.) R.Br. ex Roem. & Schult.,Bolivia (Plurinational State of)
Primulaceae,Myrsine dependens,(Ruiz & Pav.) Spreng.,Bolivia (Plurinational State of)
Primulaceae,Myrsine gardneriana,A. DC.,Bolivia (Plurinational State of)
Primulaceae,Myrsine laetevirens,(Mez) Arechav.,Bolivia (Plurinational State of)
Primulaceae,Myrsine latifolia,(Ruiz & Pav.) Spreng.,Bolivia (Plurinational State of)
Primulaceae,Myrsine oligophylla,Zahlbr.,Bolivia (Plurinational State of)
Primulaceae,Myrsine pearcei,(Mez) Pipoly,Bolivia (Plurinational State of)
Primulaceae,Myrsine pellucida,(Ruiz & Pav.) Spreng.,Bolivia (Plurinational State of)
Primulaceae,Myrsine pseudocrenata,(Mez) Pipoly,Bolivia (Plurinational State of)
Primulaceae,Myrsine sprucei,(Mez) Pipoly,Bolivia (Plurinational State of)
Primulaceae,Myrsine umbellata,Mart.,Bolivia (Plurinational State of)
Primulaceae,Parathesis adenanthera,(Miq.) Hook.f.,Bolivia (Plurinational State of)
Primulaceae,Parathesis amazonica,Mez,Bolivia (Plurinational State of)
Primulaceae,Parathesis angustifolia,Lundell,Bolivia (Plurinational State of)
Primulaceae,Stylogyne ardisioides,(Kunth) Mez,Bolivia (Plurinational State of)
Primulaceae,Stylogyne cauliflora,(Mart. & Miq.) Mez,Bolivia (Plurinational State of)
Primulaceae,Stylogyne longifolia,(Mart. ex Miq.) Mez,Bolivia (Plurinational State of)
Primulaceae,Stylogyne micrantha,(Kunth) Mez,Bolivia (Plurinational State of)
Primulaceae,Stylogyne serpentina,Mez,Bolivia (Plurinational State of)
Proteaceae,Euplassa inaequalis,(Pohl) Engl.,Bolivia (Plurinational State of)
Proteaceae,Panopsis pearcei,Rusby,Bolivia (Plurinational State of)
Proteaceae,Panopsis rubescens,(Pohl) Pittier,Bolivia (Plurinational State of)
Proteaceae,Panopsis yungasensis,K.S.Edwards & R.T.Penn.,Bolivia (Plurinational State of)
Proteaceae,Roupala dielsii,J.F.Macbr.,Bolivia (Plurinational State of)
Proteaceae,Roupala filiflora,K.S. Edwards & Prance,Bolivia (Plurinational State of)
Proteaceae,Roupala monosperma,(Ruiz & Pav.) I.M.Johnst.,Bolivia (Plurinational State of)
Proteaceae,Roupala montana,Aubl.,Bolivia (Plurinational State of)
Putranjivaceae,Drypetes brevipedicellata,Zent.-Ruíz & A.Fuentes,Bolivia (Plurinational State of)
Rhamnaceae,Colletia spinosissima,J.F.Gmel.,Bolivia (Plurinational State of)
Rhamnaceae,Colubrina glandulosa,G.Perkins,Bolivia (Plurinational State of)
Rhamnaceae,Colubrina retusa,(Pittier) R.S.Cowan,Bolivia (Plurinational State of)
Rhamnaceae,Condalia buxifolia,Reissek,Bolivia (Plurinational State of)
Rhamnaceae,Frangula pubescens,(Ruiz & Pav.) Grubov,Bolivia (Plurinational State of)
Rhamnaceae,Rhamnidium elaeocarpum,Reissek,Bolivia (Plurinational State of)
Rhamnaceae,Rhamnidium glabrum,Reissek,Bolivia (Plurinational State of)
Rhamnaceae,Sarcomphalus cinnamomum,(Triana & Planch.) Hauenschild,Bolivia (Plurinational State of)
Rhamnaceae,Sarcomphalus joazeiro,(Mart.) Hauenschild,Bolivia (Plurinational State of)
Rhamnaceae,Sarcomphalus mistol,(Griseb.) Hauenschild,Bolivia (Plurinational State of)
Rhamnaceae,Scutia buxifolia,Reissek,Bolivia (Plurinational State of)
Rhizophoraceae,Cassipourea peruviana,Alston,Bolivia (Plurinational State of)
Rhizophoraceae,Sterigmapetalum obovatum,Kuhlm.,Bolivia (Plurinational State of)
Rosaceae,Hesperomeles cuneata,Lindl.,Bolivia (Plurinational State of)
Rosaceae,Hesperomeles ferruginea,(Juss. ex Pers.) Benth.,Bolivia (Plurinational State of)
Rosaceae,Hesperomeles gayana,(Decne.) J.F.Macbr.,Bolivia (Plurinational State of)
Rosaceae,Hesperomeles obtusifolia,(Pers.) Lindl.,Bolivia (Plurinational State of)
Rosaceae,Hesperomeles weberbaueri,C.K.Schneid.,Bolivia (Plurinational State of)
Rosaceae,Kageneckia lanceolata,Ruiz & Pav.,Bolivia (Plurinational State of)
Rosaceae,Polylepis besseri,Hieron.,Bolivia (Plurinational State of)
Rosaceae,Polylepis crista-galli,Bitter,Bolivia (Plurinational State of)
Rosaceae,Polylepis hieronymi,Pilg.,Bolivia (Plurinational State of)
Rosaceae,Polylepis incanoides,(M.Kessler) T.Boza & M.Kessler,Bolivia (Plurinational State of)
Rosaceae,Polylepis incarum,(Bitter) M.Kessler & Schmidt-Leb.,Bolivia (Plurinational State of)
Rosaceae,Polylepis lanata,(Kuntze) M.Kessler & Schmidt-Leb.,Bolivia (Plurinational State of)
Rosaceae,Polylepis neglecta,M.Kessler,Bolivia (Plurinational State of)
Rosaceae,Polylepis pacensis,M.Kessler & Schmidt-Leb.,Bolivia (Plurinational State of)
Rosaceae,Polylepis pauta,Hieron.,Bolivia (Plurinational State of)
Rosaceae,Polylepis pepei,B.B.Simpson,Bolivia (Plurinational State of)
Rosaceae,Polylepis sericea,Wedd.,Bolivia (Plurinational State of)
Rosaceae,Polylepis subtusalbida,(Bitter) M.Kessler & Schmidt-Leb.,Bolivia (Plurinational State of)
Rosaceae,Polylepis tarapacana,Phil.,Bolivia (Plurinational State of)
Rosaceae,Polylepis tomentella,Wedd.,Bolivia (Plurinational State of)
Rosaceae,Polylepis triacontandra,Bitter,Bolivia (Plurinational State of)
Rosaceae,Prunus amplifolia,Pilg.,Bolivia (Plurinational State of)
Rosaceae,Prunus brittoniana,Rusby,Bolivia (Plurinational State of)
Rosaceae,Prunus debilis,Koehne,Bolivia (Plurinational State of)
Rosaceae,Prunus guanaiensis,Rusby,Bolivia (Plurinational State of)
Rosaceae,Prunus integrifolia,(C.Presl) Walp.,Bolivia (Plurinational State of)
Rosaceae,Prunus oleifolia,Koehne,Bolivia (Plurinational State of)
Rosaceae,Prunus pearcei,Rusby,Bolivia (Plurinational State of)
Rosaceae,Prunus pleiantha,Pilg.,Bolivia (Plurinational State of)
Rosaceae,Prunus rotunda,J.F.Macbr.        ,Bolivia (Plurinational State of)
Rosaceae,Prunus stipulata,J.F.Macbr.,Bolivia (Plurinational State of)
Rosaceae,Prunus subcorymbosa,Ruiz ex Koehne,Bolivia (Plurinational State of)
Rosaceae,Prunus tucumanensis,Lillo,Bolivia (Plurinational State of)
Rubiaceae,Adolphoduckea maynensis,(Poepp. & Endl.) Paudyal & Delprete,Bolivia (Plurinational State of)
Rubiaceae,Agouticarpa curviflora,(Dwyer) C.H.Perss.,Bolivia (Plurinational State of)
Rubiaceae,Alibertia claviflora,K.Schum.,Bolivia (Plurinational State of)
Rubiaceae,Alibertia edulis,(Rich.) A.Rich. ex DC.,Bolivia (Plurinational State of)
Rubiaceae,Alseis reticulata,Pilg. & Schmale,Bolivia (Plurinational State of)
Rubiaceae,Amaioua guianensis,Aubl.,Bolivia (Plurinational State of)
Rubiaceae,Bathysa australis,(A.St.-Hil.) K.Schum.,Bolivia (Plurinational State of)
Rubiaceae,Bathysa bathysoides,(Steyerm.) Delprete,Bolivia (Plurinational State of)
Rubiaceae,Bathysa grandis,(Rusby) C.M.Taylor & Mald.,Bolivia (Plurinational State of)
Rubiaceae,Bertiera guianensis,Aubl.,Bolivia (Plurinational State of)
Rubiaceae,Calycophyllum megistocaulum,(K.Krause) C.M.Taylor,Bolivia (Plurinational State of)
Rubiaceae,Calycophyllum multiflorum,Griseb.,Bolivia (Plurinational State of)
Rubiaceae,Calycophyllum spruceanum,(Benth.) Hook.f. ex K.Schum.,Bolivia (Plurinational State of)
Rubiaceae,Capirona decorticans,Spruce,Bolivia (Plurinational State of)
Rubiaceae,Chimarrhis glabriflora,Ducke,Bolivia (Plurinational State of)
Rubiaceae,Chimarrhis hookeri,K.Schum.,Bolivia (Plurinational State of)
Rubiaceae,Chomelia albicaulis,(Rusby) Steyerm.,Bolivia (Plurinational State of)
Rubiaceae,Chomelia apodantha,(Standl.) Steyerm.,Bolivia (Plurinational State of)
Rubiaceae,Chomelia malaneoides,Müll.Arg.,Bolivia (Plurinational State of)
Rubiaceae,Chomelia paniculata,(Bartl. ex DC.) Steyerm.,Bolivia (Plurinational State of)
Rubiaceae,Chomelia rauwolfioides,(Standl.) Steyerm.,Bolivia (Plurinational State of)
Rubiaceae,Chomelia ribesioides,Benth. ex A.Gray,Bolivia (Plurinational State of)
Rubiaceae,Chomelia tenuiflora,Benth.,Bolivia (Plurinational State of)
Rubiaceae,Cinchona anderssonii,Maldonado,Bolivia (Plurinational State of)
Rubiaceae,Cinchona asperifolia,Wedd.,Bolivia (Plurinational State of)
Rubiaceae,Cinchona calisaya,Wedd.,Bolivia (Plurinational State of)
Rubiaceae,Cinchona macrocalyx,Pav. ex DC.,Bolivia (Plurinational State of)
Rubiaceae,Cinchona pubescens,Vahl,Bolivia (Plurinational State of)
Rubiaceae,Cinchona villosa,Pav. ex Lindl.,Bolivia (Plurinational State of)
Rubiaceae,Condaminea corymbosa,(Ruiz & Pav.) DC.,Bolivia (Plurinational State of)
Rubiaceae,Cordiera macrophylla,(K.Schum.) Kuntze,Bolivia (Plurinational State of)
Rubiaceae,Cordiera myrciifolia,(K.Schum.) Perss. & Delprete,Bolivia (Plurinational State of)
Rubiaceae,Cordiera pilosa,(K.Krause) C.H.Perss. & Delprete,Bolivia (Plurinational State of)
Rubiaceae,Cordiera triflora,A.Rich. ex DC.,Bolivia (Plurinational State of)
Rubiaceae,Cosmibuena grandiflora,(Ruiz & Pav.) Rusby,Bolivia (Plurinational State of)
Rubiaceae,Coussarea acuminata,(Ruiz & Pav.) Zappi,Bolivia (Plurinational State of)
Rubiaceae,Coussarea boliviensis,C.M.Taylor,Bolivia (Plurinational State of)
Rubiaceae,Coussarea hydrangeifolia,(Benth.) Benth. & Hook.f. ex Müll.Arg.,Bolivia (Plurinational State of)
Rubiaceae,Coussarea klugii,Steyerm.,Bolivia (Plurinational State of)
Rubiaceae,Coussarea longiflora,(Mart.) Müll.Arg.,Bolivia (Plurinational State of)
Rubiaceae,Coussarea longilaciniata,Delprete,Bolivia (Plurinational State of)
Rubiaceae,Coussarea mexiae,C.M.Taylor,Bolivia (Plurinational State of)
Rubiaceae,Coussarea paniculata,(Willd.) Standl.,Bolivia (Plurinational State of)
Rubiaceae,Coussarea platyphylla,Müll.Arg.,Bolivia (Plurinational State of)
Rubiaceae,Coussarea revoluta,Steyerm.,Bolivia (Plurinational State of)
Rubiaceae,Coussarea rudgeoides,Rusby,Bolivia (Plurinational State of)
Rubiaceae,Coutarea hexandra,(Jacq.) K.Schum.,Bolivia (Plurinational State of)
Rubiaceae,Dialypetalanthus fuscescens,Kuhlm.,Bolivia (Plurinational State of)
Rubiaceae,Duroia genipoides,Spruce ex K.Schum.,Bolivia (Plurinational State of)
Rubiaceae,Duroia macrophylla,Huber,Bolivia (Plurinational State of)
Rubiaceae,Duroia micrantha,(Ladbr.) Zarucchi & J.H.Kirkbr.,Bolivia (Plurinational State of)
Rubiaceae,Elaeagia ecuadorensis,Steyerm.,Bolivia (Plurinational State of)
Rubiaceae,Elaeagia laxiflora,Standl. & Steyerm.,Bolivia (Plurinational State of)
Rubiaceae,Elaeagia mariae,Wedd.,Bolivia (Plurinational State of)
Rubiaceae,Elaeagia myriantha,(Standl.) C.M.Taylor & Hammel,Bolivia (Plurinational State of)
Rubiaceae,Eumachia albert-smithii,(Standl.) Delprete & J.H.Kirkbr.,Bolivia (Plurinational State of)
Rubiaceae,Eumachia boliviana,(Standl.) Delprete & J.H.Kirkbr.,Bolivia (Plurinational State of)
Rubiaceae,Eumachia cephalantha,(Müll.Arg.) Delprete & J.H.Kirkbr.,Bolivia (Plurinational State of)
Rubiaceae,Faramea anisocalyx,Poepp.,Bolivia (Plurinational State of)
Rubiaceae,Faramea bangii,Rusby,Bolivia (Plurinational State of)
Rubiaceae,Faramea candelabrum,Standl.,Bolivia (Plurinational State of)
Rubiaceae,Faramea capillipes,Müll.Arg.,Bolivia (Plurinational State of)
Rubiaceae,Faramea glandulosa,Poepp.,Bolivia (Plurinational State of)
Rubiaceae,Faramea miconioides,Standl.,Bolivia (Plurinational State of)
Rubiaceae,Faramea multiflora,A.Rich.,Bolivia (Plurinational State of)
Rubiaceae,Faramea occidentalis,(L.) A.Rich.,Bolivia (Plurinational State of)
Rubiaceae,Faramea sessilifolia,(Kunth) DC.,Bolivia (Plurinational State of)
Rubiaceae,Faramea tamberlikiana,Müll.Arg.,Bolivia (Plurinational State of)
Rubiaceae,Faramea tenuifolia,Rusby,Bolivia (Plurinational State of)
Rubiaceae,Faramea torquata,Müll.Arg.,Bolivia (Plurinational State of)
Rubiaceae,Ferdinandusa chlorantha,(Wedd.) Standl.,Bolivia (Plurinational State of)
Rubiaceae,Ferdinandusa elliptica,(Pohl) Pohl,Bolivia (Plurinational State of)
Rubiaceae,Ferdinandusa speciosa,(Pohl) Pohl,Bolivia (Plurinational State of)
Rubiaceae,Ferdinandusa uaupensis,Spruce ex K.Schum.,Bolivia (Plurinational State of)
Rubiaceae,Genipa americana,L.,Bolivia (Plurinational State of)
Rubiaceae,Genipa spruceana,Steyerm.,Bolivia (Plurinational State of)
Rubiaceae,Gonzalagunia dependens,Ruiz & Pav.,Bolivia (Plurinational State of)
Rubiaceae,Guettarda comata,Standl.,Bolivia (Plurinational State of)
Rubiaceae,Guettarda pohliana,Müll.Arg.,Bolivia (Plurinational State of)
Rubiaceae,Guettarda uruguensis,Cham. & Schltdl.,Bolivia (Plurinational State of)
Rubiaceae,Guettarda viburnoides,Cham. & Schltdl.,Bolivia (Plurinational State of)
Rubiaceae,Hamelia patens,Jacq.,Bolivia (Plurinational State of)
Rubiaceae,Hillia illustris,(Vell.) K.Schum.,Bolivia (Plurinational State of)
Rubiaceae,Isertia hypoleuca,Benth.,Bolivia (Plurinational State of)
Rubiaceae,Isertia krausei,Standl.,Bolivia (Plurinational State of)
Rubiaceae,Isertia laevis,(Triana) B.M.Boom,Bolivia (Plurinational State of)
Rubiaceae,Isertia reticulata,Britton ex Rusby,Bolivia (Plurinational State of)
Rubiaceae,Ixora brevifolia,Benth.,Bolivia (Plurinational State of)
Rubiaceae,Ixora panurensis,Müll.Arg.,Bolivia (Plurinational State of)
Rubiaceae,Ixora peruviana,(Spruce ex K.Schum.) Standl.,Bolivia (Plurinational State of)
Rubiaceae,Joosia sericea,(Standl.) C.M.Taylor,Bolivia (Plurinational State of)
Rubiaceae,Joosia umbellifera,H.Karst.,Bolivia (Plurinational State of)
Rubiaceae,Kutchubaea oocarpa,(Standl.) C.H.Perss.,Bolivia (Plurinational State of)
Rubiaceae,Ladenbergia acutifolia,(Ruiz & Pav.) Klotzsch,Bolivia (Plurinational State of)
Rubiaceae,Ladenbergia bullata,(Wedd.) Standl.,Bolivia (Plurinational State of)
Rubiaceae,Ladenbergia carua,(Wedd.) Standl.,Bolivia (Plurinational State of)
Rubiaceae,Ladenbergia graciliflora,K.Schum.,Bolivia (Plurinational State of)
Rubiaceae,Ladenbergia oblongifolia,(Humb. ex Mutis) L.Andersson,Bolivia (Plurinational State of)
Rubiaceae,Macbrideina peruviana,Standl.,Bolivia (Plurinational State of)
Rubiaceae,Machaonia brasiliensis,(Hoffmanns. ex Humb.) Cham. & Schltdl.,Bolivia (Plurinational State of)
Rubiaceae,Macrocnemum roseum,(Ruiz & Pav.) Wedd.,Bolivia (Plurinational State of)
Rubiaceae,Macrocnemum tortuosum,Herzog,Bolivia (Plurinational State of)
Rubiaceae,Pagamea guianensis,Aubl.,Bolivia (Plurinational State of)
Rubiaceae,Pagamea thyrsiflora,Spruce ex Benth.,Bolivia (Plurinational State of)
Rubiaceae,Palicourea amethystina,(Ruiz & Pav.) DC.,Bolivia (Plurinational State of)
Rubiaceae,Palicourea andina,C.M. Taylor,Bolivia (Plurinational State of)
Rubiaceae,Palicourea attenuata,Rusby,Bolivia (Plurinational State of)
Rubiaceae,Palicourea caerulea,(Ruiz & Pav.) Schult.,Bolivia (Plurinational State of)
Rubiaceae,Palicourea corymbifera,(Müll.Arg.) Standl.,Bolivia (Plurinational State of)
Rubiaceae,Palicourea crocea,(Sw.) Schult.,Bolivia (Plurinational State of)
Rubiaceae,Palicourea croceoides,Ham.,Bolivia (Plurinational State of)
Rubiaceae,Palicourea ernestii,(K.Krause) C.M.Taylor,Bolivia (Plurinational State of)
Rubiaceae,Palicourea gracilenta,(Müll.Arg.) Delprete & J.H.Kirkbr.,Bolivia (Plurinational State of)
Rubiaceae,Palicourea grandiflora,(Kunth) Standl.,Bolivia (Plurinational State of)
Rubiaceae,Palicourea grandifolia,(Willd. ex Schult.) Standl.,Bolivia (Plurinational State of)
Rubiaceae,Palicourea guianensis,Aubl.,Bolivia (Plurinational State of)
Rubiaceae,Palicourea heterochroma,K.Schum. & K.Krause,Bolivia (Plurinational State of)
Rubiaceae,Palicourea hoffmannseggiana,(Willd. ex Schult.) Borhidi,Bolivia (Plurinational State of)
Rubiaceae,Palicourea jelskii,Standl.,Bolivia (Plurinational State of)
Rubiaceae,Palicourea lasiantha,K.Krause,Bolivia (Plurinational State of)
Rubiaceae,Palicourea longicuspis,(Müll.Arg.) Delprete & J.H.Kirkbr.,Bolivia (Plurinational State of)
Rubiaceae,Palicourea madidiensis,C.M.Taylor,Bolivia (Plurinational State of)
Rubiaceae,Palicourea mansoana,(Müll.Arg.) Standl.,Bolivia (Plurinational State of)
Rubiaceae,Palicourea microbotrys,(Ruiz ex Standl.) Delprete & J.H.Kirkbr.,Bolivia (Plurinational State of)
Rubiaceae,Palicourea microcarpa,(Ruiz & Pav.) Zappi,Bolivia (Plurinational State of)
Rubiaceae,Palicourea ottonis,(Standl.) C.M.Taylor,Bolivia (Plurinational State of)
Rubiaceae,Palicourea pachycalyx,Standl.,Bolivia (Plurinational State of)
Rubiaceae,Palicourea paniculata,(L.f.) P.L.R.Moraes & C.M.Taylor,Bolivia (Plurinational State of)
Rubiaceae,Palicourea pilosa,(Ruiz & Pav.) Borhidi,Bolivia (Plurinational State of)
Rubiaceae,Palicourea ponasae,K.Krause,Bolivia (Plurinational State of)
Rubiaceae,Palicourea racemosa,(Aubl.) G.Nicholson,Bolivia (Plurinational State of)
Rubiaceae,Palicourea remyana,(Baill.) C.M.Taylor,Bolivia (Plurinational State of)
Rubiaceae,Palicourea stipularis,Benth.,Bolivia (Plurinational State of)
Rubiaceae,Palicourea subtomentosa,(Ruiz & Pav.) C.M.Taylor,Bolivia (Plurinational State of)
Rubiaceae,Palicourea sucllii,C.M.Taylor,Bolivia (Plurinational State of)
Rubiaceae,Palicourea tenerior,(Cham.) Delprete & J.H.Kirkbr.,Bolivia (Plurinational State of)
Rubiaceae,Palicourea thyrsiflora,(Ruiz & Pav.) DC.,Bolivia (Plurinational State of)
Rubiaceae,Palicourea triphylla,DC.,Bolivia (Plurinational State of)
Rubiaceae,Palicourea venulosa,(Müll.Arg.) Delprete & J.H.Kirkbr.,Bolivia (Plurinational State of)
Rubiaceae,Palicourea violacea,(Aubl.) A.Rich.,Bolivia (Plurinational State of)
Rubiaceae,Palicourea winkleri,Borhidi,Bolivia (Plurinational State of)
Rubiaceae,Pimentelia glomerata,Wedd.,Bolivia (Plurinational State of)
Rubiaceae,Pogonopus tubulosus,(A.Rich. ex DC.) K.Schum.,Bolivia (Plurinational State of)
Rubiaceae,Posoqueria latifolia,(Rudge) Schult.,Bolivia (Plurinational State of)
Rubiaceae,Psychotria borjensis,Kunth,Bolivia (Plurinational State of)
Rubiaceae,Psychotria calyptrata,C.M.Taylor,Bolivia (Plurinational State of)
Rubiaceae,Psychotria carthagenensis,Jacq.,Bolivia (Plurinational State of)
Rubiaceae,Psychotria cochabambana,C.M.Taylor,Bolivia (Plurinational State of)
Rubiaceae,Psychotria ernestii,K.Krause,Bolivia (Plurinational State of)
Rubiaceae,Psychotria marginata,Sw.,Bolivia (Plurinational State of)
Rubiaceae,Psychotria ortiziana,C.M.Taylor,Bolivia (Plurinational State of)
Rubiaceae,Psychotria pedunculosa,Rich.,Bolivia (Plurinational State of)
Rubiaceae,Psychotria pichisensis,Standl.,Bolivia (Plurinational State of)
Rubiaceae,Psychotria remota,Benth.,Bolivia (Plurinational State of)
Rubiaceae,Psychotria tenuicaulis,K.Krause,Bolivia (Plurinational State of)
Rubiaceae,Psychotria trichotoma,M.Martens & Galeotti,Bolivia (Plurinational State of)
Rubiaceae,Psychotria trivialis,Rusby,Bolivia (Plurinational State of)
Rubiaceae,Psychotria viridis,Ruiz & Pav.,Bolivia (Plurinational State of)
Rubiaceae,Randia armata,(Sw.) DC.,Bolivia (Plurinational State of)
Rubiaceae,Randia boliviana,Rusby,Bolivia (Plurinational State of)
Rubiaceae,Randia micracantha,(Lillo) Bacigalupo,Bolivia (Plurinational State of)
Rubiaceae,Remijia cinchonicarpa,Sucre,Bolivia (Plurinational State of)
Rubiaceae,Ronabea latifolia,Aubl.,Bolivia (Plurinational State of)
Rubiaceae,Rosenbergiodendron longiflorum,(Ruiz & Pav.) Fagerl.,Bolivia (Plurinational State of)
Rubiaceae,Rudgea amazonica,Müll.Arg.,Bolivia (Plurinational State of)
Rubiaceae,Rudgea ciliata,(Ruiz & Pav.) Spreng.,Bolivia (Plurinational State of)
Rubiaceae,Rudgea cornifolia,(Kunth) Standl.,Bolivia (Plurinational State of)
Rubiaceae,Rudgea crassiloba,(Benth.) B.L.Rob.,Bolivia (Plurinational State of)
Rubiaceae,Rudgea palicoureoides,(Mart.) Müll.Arg.,Bolivia (Plurinational State of)
Rubiaceae,Rudgea stenophylla,(K.Krause) Standl.,Bolivia (Plurinational State of)
Rubiaceae,Rudgea tomentosa,Rusby,Bolivia (Plurinational State of)
Rubiaceae,Rudgea verticillata,(Ruiz & Pav.) Spreng.,Bolivia (Plurinational State of)
Rubiaceae,Rudgea viburnoides,(Cham.) Benth.,Bolivia (Plurinational State of)
Rubiaceae,Schizocalyx magnorum,C.M.Taylor,Bolivia (Plurinational State of)
Rubiaceae,Schizocalyx obovatus,(K.Schum. ex Standl.) Kainul. & B.Bremer,Bolivia (Plurinational State of)
Rubiaceae,Simira fragrans,(Rusby) Steyerm.,Bolivia (Plurinational State of)
Rubiaceae,Simira hexandra,(S.Moore) Steyerm.,Bolivia (Plurinational State of)
Rubiaceae,Simira macrocrater,(K.Schum.) Steyerm.,Bolivia (Plurinational State of)
Rubiaceae,Simira pikia,(K.Schum.) Steyerm.,Bolivia (Plurinational State of)
Rubiaceae,Simira rubescens,(Benth.) Bremek. ex Steyerm.,Bolivia (Plurinational State of)
Rubiaceae,Stachyarrhena penduliflora,K.Schum.,Bolivia (Plurinational State of)
Rubiaceae,Stenostomum acreanum,(K.Krause) Achille & Delprete,Bolivia (Plurinational State of)
Rubiaceae,Tocoyena foetida,Poepp.,Bolivia (Plurinational State of)
Rubiaceae,Tocoyena formosa,(Cham. & Schltdl.) K.Schum.,Bolivia (Plurinational State of)
Rubiaceae,Tocoyena williamsii,Standl.,Bolivia (Plurinational State of)
Rubiaceae,Tournefortiopsis crispiflora,(Vahl) Borhidi,Bolivia (Plurinational State of)
Rubiaceae,Tournefortiopsis dependens,(Ruiz & Pav.) Borhidi,Bolivia (Plurinational State of)
Rubiaceae,Tournefortiopsis reticulata,Rusby,Bolivia (Plurinational State of)
Rubiaceae,Warszewiczia coccinea,(Vahl) Klotzsch,Bolivia (Plurinational State of)
Rubiaceae,Warszewiczia elata,Ducke,Bolivia (Plurinational State of)
Rutaceae,Angostura longiflora,(K.Krause) Kallunki,Bolivia (Plurinational State of)
Rutaceae,Conchocarpus acuminatus,(Pilg.) Kallunki & Pirani,Bolivia (Plurinational State of)
Rutaceae,Conchocarpus ruber,(A. St.-Hil.) Bruniera & Groppo,Bolivia (Plurinational State of)
Rutaceae,Conchocarpus transitionalis,(Rizzini) Kallunki & Pirani,Bolivia (Plurinational State of)
Rutaceae,Conchocarpus ucayalinus,(Huber) Kallunki & Pirani,Bolivia (Plurinational State of)
Rutaceae,Dictyoloma vandellianum,A.Juss.,Bolivia (Plurinational State of)
Rutaceae,Erythrochiton brasiliensis,Nees & Mart.,Bolivia (Plurinational State of)
Rutaceae,Erythrochiton fallax,Kallunki,Bolivia (Plurinational State of)
Rutaceae,Esenbeckia almawillia,Kaastra,Bolivia (Plurinational State of)
Rutaceae,Esenbeckia grandiflora,Mart.,Bolivia (Plurinational State of)
Rutaceae,Esenbeckia kallunkiae,Pirani,Bolivia (Plurinational State of)
Rutaceae,Esenbeckia pilocarpoides,Kunth,Bolivia (Plurinational State of)
Rutaceae,Esenbeckia scrotiformis,Kaastra,Bolivia (Plurinational State of)
Rutaceae,Galipea ciliata,Taub.,Bolivia (Plurinational State of)
Rutaceae,Galipea trifoliata,Aubl.,Bolivia (Plurinational State of)
Rutaceae,Helietta puberula,R.E.Fr.,Bolivia (Plurinational State of)
Rutaceae,Hortia brasiliana,Vand. ex DC.,Bolivia (Plurinational State of)
Rutaceae,Metrodorea flavida,K. Krause,Bolivia (Plurinational State of)
Rutaceae,Neoraputia paraensis,(Ducke) Emmerich,Bolivia (Plurinational State of)
Rutaceae,Pilocarpus peruvianus,(J.F.Macbr.) Kaastra,Bolivia (Plurinational State of)
Rutaceae,Raputia hirsuta,(Gereau) Kallunki,Bolivia (Plurinational State of)
Rutaceae,Rauia resinosa,Nees & C. Mart.,Bolivia (Plurinational State of)
Rutaceae,Sohnreyia excelsa,K.Krause,Bolivia (Plurinational State of)
Rutaceae,Ticorea tubiflora,(A.C.Sm.) Gereau,Bolivia (Plurinational State of)
Rutaceae,Toxosiphon macropodus,(K. Krause) Kallunki,Bolivia (Plurinational State of)
Rutaceae,Zanthoxylum aculeatissimum,Engl.,Bolivia (Plurinational State of)
Rutaceae,Zanthoxylum acuminatum,(Sw.) Sw.,Bolivia (Plurinational State of)
Rutaceae,Zanthoxylum apiculatum,(Sandwith) P.G.Waterman,Bolivia (Plurinational State of)
Rutaceae,Zanthoxylum caribaeum,Lam.,Bolivia (Plurinational State of)
Rutaceae,Zanthoxylum chuquisaquense,Reynel,Bolivia (Plurinational State of)
Rutaceae,Zanthoxylum coco,Gillies ex Hook.f. & Arn.,Bolivia (Plurinational State of)
Rutaceae,Zanthoxylum comosum,(Herzog) P.G. Waterman,Bolivia (Plurinational State of)
Rutaceae,Zanthoxylum ekmanii,(Urb.) Alain,Bolivia (Plurinational State of)
Rutaceae,Zanthoxylum fagara,(L.) Sarg.,Bolivia (Plurinational State of)
Rutaceae,Zanthoxylum monogynum,A.St.-Hil.,Bolivia (Plurinational State of)
Rutaceae,Zanthoxylum nebuletorum,(Herzog) P.G.Waterman,Bolivia (Plurinational State of)
Rutaceae,Zanthoxylum petiolare,A.St.-Hil. & Tul.,Bolivia (Plurinational State of)
Rutaceae,Zanthoxylum pucro,D.M Porter,Bolivia (Plurinational State of)
Rutaceae,Zanthoxylum rhoifolium,Lam.,Bolivia (Plurinational State of)
Rutaceae,Zanthoxylum riedelianum,Engl.,Bolivia (Plurinational State of)
Rutaceae,Zanthoxylum rigidum,Humb. & Bonpl. ex Willd.,Bolivia (Plurinational State of)
Rutaceae,Zanthoxylum sprucei,Engl.,Bolivia (Plurinational State of)
Rutaceae,Zanthoxylum tambopatense,Reynel,Bolivia (Plurinational State of)
Sabiaceae,Meliosma boliviensis,Cuatrec.,Bolivia (Plurinational State of)
Sabiaceae,Meliosma frondosa,Cuatrec. & Idrobo,Bolivia (Plurinational State of)
Sabiaceae,Meliosma glabrata,(Liebm.) Urb.,Bolivia (Plurinational State of)
Sabiaceae,Meliosma herbertii,Rolfe,Bolivia (Plurinational State of)
Sabiaceae,Meliosma minutipetala,Arbeláez,Bolivia (Plurinational State of)
Sabiaceae,Meliosma petalodentata,Arbeláez,Bolivia (Plurinational State of)
Sabiaceae,Meliosma peytonii,A.H. Gentry,Bolivia (Plurinational State of)
Sabiaceae,Meliosma solomonii,A.H.Gentry        ,Bolivia (Plurinational State of)
Sabiaceae,Meliosma wurdackii,Cuatrec.,Bolivia (Plurinational State of)
Salicaceae,Abatia spicata,(Turcz.) Sleumer,Bolivia (Plurinational State of)
Salicaceae,Azara salicifolia,Griseb.,Bolivia (Plurinational State of)
Salicaceae,Banara arguta,Briq.,Bolivia (Plurinational State of)
Salicaceae,Banara boliviana,M.Nee,Bolivia (Plurinational State of)
Salicaceae,Banara guianensis,Aubl.,Bolivia (Plurinational State of)
Salicaceae,Banara tomentosa,Clos,Bolivia (Plurinational State of)
Salicaceae,Casearia aculeata,Jacq.,Bolivia (Plurinational State of)
Salicaceae,Casearia americana,(L.) T.Samar. & M.H.Alford,Bolivia (Plurinational State of)
Salicaceae,Casearia arborea,(Rich.) Urb.,Bolivia (Plurinational State of)
Salicaceae,Casearia arguta,Kunth,Bolivia (Plurinational State of)
Salicaceae,Casearia bicolor,Urb.,Bolivia (Plurinational State of)
Salicaceae,Casearia decandra,Jacq.,Bolivia (Plurinational State of)
Salicaceae,Casearia duckeana,Sleumer,Bolivia (Plurinational State of)
Salicaceae,Casearia gossypiosperma,Briq.,Bolivia (Plurinational State of)
Salicaceae,Casearia mariquitensis,Kunth,Bolivia (Plurinational State of)
Salicaceae,Casearia maynacarpa,Liesner & P.Jørg.,Bolivia (Plurinational State of)
Salicaceae,Casearia negrensis,Eichler,Bolivia (Plurinational State of)
Salicaceae,Casearia nigricolor,Sleumer,Bolivia (Plurinational State of)
Salicaceae,Casearia obovalis,Poepp. ex Griseb.,Bolivia (Plurinational State of)
Salicaceae,Casearia pitumba,Sleumer,Bolivia (Plurinational State of)
Salicaceae,Casearia rupestris,Eichler,Bolivia (Plurinational State of)
Salicaceae,Casearia suaveolens,(Poepp.) T.Samar. & M.H.Alford,Bolivia (Plurinational State of)
Salicaceae,Casearia sylvestris,Sw.,Bolivia (Plurinational State of)
Salicaceae,Casearia uleana,Sleumer,Bolivia (Plurinational State of)
Salicaceae,Casearia ulmifolia,Vahl ex Vent.,Bolivia (Plurinational State of)
Salicaceae,Casearia zahlbruckneri,Szyszył.,Bolivia (Plurinational State of)
Salicaceae,Hasseltia floribunda,Kunth,Bolivia (Plurinational State of)
Salicaceae,Homalium guianense,(Aubl.) Oken,Bolivia (Plurinational State of)
Salicaceae,Homalium racemosum,Jacq.,Bolivia (Plurinational State of)
Salicaceae,Lunania parviflora,Spruce ex Benth.,Bolivia (Plurinational State of)
Salicaceae,Piparea multiflora,C.F.Gaertn.,Bolivia (Plurinational State of)
Salicaceae,Pleuranthodendron lindenii,(Turcz.) Sleumer,Bolivia (Plurinational State of)
Salicaceae,Prockia crucis,P.Browne ex L.,Bolivia (Plurinational State of)
Salicaceae,Ryania canescens,Eichler,Bolivia (Plurinational State of)
Salicaceae,Ryania mansoana,Eichler,Bolivia (Plurinational State of)
Salicaceae,Ryania speciosa,Vahl,Bolivia (Plurinational State of)
Salicaceae,Salix humboldtiana,Willd.,Bolivia (Plurinational State of)
Salicaceae,Tetrathylacium macrophyllum,Poepp.,Bolivia (Plurinational State of)
Salicaceae,Xylosma benthamii,(Tul.) Triana & Planch.,Bolivia (Plurinational State of)
Salicaceae,Xylosma boliviana,Sleumer,Bolivia (Plurinational State of)
Salicaceae,Xylosma ciliatifolia,(Clos) Eichler,Bolivia (Plurinational State of)
Salicaceae,Xylosma intermedia,(Seem.) Griseb.,Bolivia (Plurinational State of)
Salicaceae,Xylosma longipetiolata,Legname,Bolivia (Plurinational State of)
Salicaceae,Xylosma pubescens,Griseb.,Bolivia (Plurinational State of)
Salicaceae,Xylosma rusbyana,Sleumer,Bolivia (Plurinational State of)
Salicaceae,Xylosma tessmannii,Sleumer,Bolivia (Plurinational State of)
Salicaceae,Xylosma velutina,(Tul.) Triana & Planch.,Bolivia (Plurinational State of)
Salicaceae,Xylosma venosa,N.E.Br.,Bolivia (Plurinational State of)
Santalaceae,Acanthosyris asipapote,M.Nee,Bolivia (Plurinational State of)
Santalaceae,Acanthosyris falcata,Griseb.,Bolivia (Plurinational State of)
Santalaceae,Cervantesia bicolor,Cav.,Bolivia (Plurinational State of)
Santalaceae,Cervantesia tomentosa,Ruiz & Pav.,Bolivia (Plurinational State of)
Santalaceae,Jodina rhombifolia,(Hook. & Arn.) Reissek,Bolivia (Plurinational State of)
Sapindaceae,Allophylus angustatus,(Triana & Planch.) Radlk.,Bolivia (Plurinational State of)
Sapindaceae,Allophylus divaricatus,Radlk.,Bolivia (Plurinational State of)
Sapindaceae,Allophylus edulis,"(A.St.-Hil., A.Juss. & Cambess.) Radlk.",Bolivia (Plurinational State of)
Sapindaceae,Allophylus floribundus,(Poepp.) Radlk.,Bolivia (Plurinational State of)
Sapindaceae,Allophylus glabratus,(Kunth) Radlk.,Bolivia (Plurinational State of)
Sapindaceae,Allophylus paniculatus,(Poepp.) Radlk.,Bolivia (Plurinational State of)
Sapindaceae,Allophylus pauciflorus,Radlk.,Bolivia (Plurinational State of)
Sapindaceae,Allophylus punctatus,(Poepp.) Radlk.,Bolivia (Plurinational State of)
Sapindaceae,Allophylus scrobiculatus,(Poepp.) Radlk.,Bolivia (Plurinational State of)
Sapindaceae,Allophylus strictus,Radlk.,Bolivia (Plurinational State of)
Sapindaceae,Athyana weinmanniifolia,(Griseb.) Radlk.,Bolivia (Plurinational State of)
Sapindaceae,Averrhoidium paraguaiense,Radlk.,Bolivia (Plurinational State of)
Sapindaceae,Cupania americana,L.,Bolivia (Plurinational State of)
Sapindaceae,Cupania cinerea,Poepp.,Bolivia (Plurinational State of)
Sapindaceae,Cupania latifolia,Kunth,Bolivia (Plurinational State of)
Sapindaceae,Cupania macrostylis,(Radlk.) Acev.-Rodr.,Bolivia (Plurinational State of)
Sapindaceae,Cupania oblongifolia,Mart.,Bolivia (Plurinational State of)
Sapindaceae,Cupania platycarpa,Radlk.,Bolivia (Plurinational State of)
Sapindaceae,Cupania polyodonta,Radlk.,Bolivia (Plurinational State of)
Sapindaceae,Cupania rubiginosa,(Poir.) Radlk.,Bolivia (Plurinational State of)
Sapindaceae,Cupania scrobiculata,Rich.,Bolivia (Plurinational State of)
Sapindaceae,Cupania vernalis,Cambess.,Bolivia (Plurinational State of)
Sapindaceae,Diatenopteryx sorbifolia,Radlk.,Bolivia (Plurinational State of)
Sapindaceae,Dilodendron bipinnatum,Radlk.,Bolivia (Plurinational State of)
Sapindaceae,Dilodendron elegans,(Radlk.) A.H.Gentry & Steyerm.,Bolivia (Plurinational State of)
Sapindaceae,Diplokeleba floribunda,N.E.Br.,Bolivia (Plurinational State of)
Sapindaceae,Diplokeleba herzogii,Radlk.,Bolivia (Plurinational State of)
Sapindaceae,Dodonaea viscosa,(L.) Jacq.,Bolivia (Plurinational State of)
Sapindaceae,Llagunoa nitida,Ruiz & Pav.,Bolivia (Plurinational State of)
Sapindaceae,Magonia pubescens,A.St.-Hil.,Bolivia (Plurinational State of)
Sapindaceae,Matayba arborescens,(Aubl.) Radlk.,Bolivia (Plurinational State of)
Sapindaceae,Matayba boliviana,Radlk.,Bolivia (Plurinational State of)
Sapindaceae,Matayba elaeagnoides,Radlk.,Bolivia (Plurinational State of)
Sapindaceae,Matayba guianensis,Aubl.,Bolivia (Plurinational State of)
Sapindaceae,Matayba inelegans,Radlk.,Bolivia (Plurinational State of)
Sapindaceae,Matayba purgans,Radlk.,Bolivia (Plurinational State of)
Sapindaceae,Matayba scrobiculata,Radlk.,Bolivia (Plurinational State of)
Sapindaceae,Melicoccus lepidopetalus,Radlk.,Bolivia (Plurinational State of)
Sapindaceae,Paullinia cuneata,Radlk.,Bolivia (Plurinational State of)
Sapindaceae,Pseudima frutescens,(Aubl.) Radlk.,Bolivia (Plurinational State of)
Sapindaceae,Sapindus saponaria,L.,Bolivia (Plurinational State of)
Sapindaceae,Talisia cerasina,(Benth.) Radlk.,Bolivia (Plurinational State of)
Sapindaceae,Talisia croatii,Acev.-Rodr.,Bolivia (Plurinational State of)
Sapindaceae,Talisia esculenta,(A.St.-Hil.) Radlk.,Bolivia (Plurinational State of)
Sapindaceae,Talisia hexaphylla,Vahl,Bolivia (Plurinational State of)
Sapindaceae,Talisia retusa,R.S.Cowan,Bolivia (Plurinational State of)
Sapindaceae,Toulicia reticulata,Radlk.,Bolivia (Plurinational State of)
Sapindaceae,Toulicia tomentosa,Radlk.,Bolivia (Plurinational State of)
Sapotaceae,Chrysophyllum argenteum,Jacq.,Bolivia (Plurinational State of)
Sapotaceae,Chrysophyllum gonocarpum,(Mart. & Eichler) Engl.,Bolivia (Plurinational State of)
Sapotaceae,Chrysophyllum lucentifolium,Cronquist,Bolivia (Plurinational State of)
Sapotaceae,Chrysophyllum marginatum,(Hook. & Arn.) Radlk.,Bolivia (Plurinational State of)
Sapotaceae,Chrysophyllum ovale,Rusby,Bolivia (Plurinational State of)
Sapotaceae,Chrysophyllum sparsiflorum,Klotzsch ex Miq.,Bolivia (Plurinational State of)
Sapotaceae,Chrysophyllum venezuelanense,(Pierre) T.D.Penn.,Bolivia (Plurinational State of)
Sapotaceae,Diploon cuspidatum,(Hoehne) Cronquist,Bolivia (Plurinational State of)
Sapotaceae,Ecclinusa lanceolata,(Mart. & Eichler) Pierre,Bolivia (Plurinational State of)
Sapotaceae,Ecclinusa ramiflora,Mart.,Bolivia (Plurinational State of)
Sapotaceae,Elaeoluma glabrescens,(Mart. & Eichler) Aubrév.,Bolivia (Plurinational State of)
Sapotaceae,Manilkara bidentata,(A.DC.) A.Chev.,Bolivia (Plurinational State of)
Sapotaceae,Manilkara inundata,(Ducke) Ducke,Bolivia (Plurinational State of)
Sapotaceae,Micropholis egensis,(A.DC.) Pierre,Bolivia (Plurinational State of)
Sapotaceae,Micropholis guyanensis,(A.DC.) Pierre,Bolivia (Plurinational State of)
Sapotaceae,Micropholis venulosa,(Mart. & Eichler) Pierre,Bolivia (Plurinational State of)
Sapotaceae,Pouteria baehniana,Monach.,Bolivia (Plurinational State of)
Sapotaceae,Pouteria bangii,(Rusby) T.D.Penn.,Bolivia (Plurinational State of)
Sapotaceae,Pouteria bilocularis,(H.J.P.Winkl.) Baehni,Bolivia (Plurinational State of)
Sapotaceae,Pouteria caimito,(Ruiz & Pav.) Radlk.,Bolivia (Plurinational State of)
Sapotaceae,Pouteria cladantha,Sandwith,Bolivia (Plurinational State of)
Sapotaceae,Pouteria cuspidata,(A.DC.) Baehni,Bolivia (Plurinational State of)
Sapotaceae,Pouteria durlandii,(Standl.) Baehni,Bolivia (Plurinational State of)
Sapotaceae,Pouteria elegans,(A.DC.) Baehni,Bolivia (Plurinational State of)
Sapotaceae,Pouteria ephedrantha,(A.C.Sm.) T.D.Penn.,Bolivia (Plurinational State of)
Sapotaceae,Pouteria franciscana,Baehni,Bolivia (Plurinational State of)
Sapotaceae,Pouteria gardneri,(Mart. & Eichler) Baehni,Bolivia (Plurinational State of)
Sapotaceae,Pouteria gardneriana,(A.DC.) Radlk.,Bolivia (Plurinational State of)
Sapotaceae,Pouteria glomerata,(Miq.) Radlk.,Bolivia (Plurinational State of)
Sapotaceae,Pouteria guianensis,Aubl.,Bolivia (Plurinational State of)
Sapotaceae,Pouteria longifolia,(Mart. & Eichler) T.D.Penn.,Bolivia (Plurinational State of)
Sapotaceae,Pouteria lucuma,(Ruiz & Pav.) Kuntze,Bolivia (Plurinational State of)
Sapotaceae,Pouteria macrophylla,(Lam.) Eyma,Bolivia (Plurinational State of)
Sapotaceae,Pouteria nemorosa,Baehni,Bolivia (Plurinational State of)
Sapotaceae,Pouteria petiolata,T.D.Penn.,Bolivia (Plurinational State of)
Sapotaceae,Pouteria plicata,T.D.Penn.,Bolivia (Plurinational State of)
Sapotaceae,Pouteria polycarpa,(Rusby) Baehni,Bolivia (Plurinational State of)
Sapotaceae,Pouteria polysepala,T.D.Penn.,Bolivia (Plurinational State of)
Sapotaceae,Pouteria procera,(Mart.) K.Hammer,Bolivia (Plurinational State of)
Sapotaceae,Pouteria ramiflora,(Mart.) Radlk.,Bolivia (Plurinational State of)
Sapotaceae,Pouteria reticulata,(Engl.) Eyma,Bolivia (Plurinational State of)
Sapotaceae,Pouteria subcaerulea,Pierre ex Dubard,Bolivia (Plurinational State of)
Sapotaceae,Pouteria surumuensis,Baehni,Bolivia (Plurinational State of)
Sapotaceae,Pouteria torta,(Mart.) Radlk.,Bolivia (Plurinational State of)
Sapotaceae,Pouteria trilocularis,Cronquist,Bolivia (Plurinational State of)
Sapotaceae,Sarcaulus brasiliensis,(A.DC.) Eyma,Bolivia (Plurinational State of)
Sapotaceae,Sideroxylon obtusifolium,(Roem. & Schult.) T.D.Penn.,Bolivia (Plurinational State of)
Schoepfiaceae,Schoepfia lucida,Pulle,Bolivia (Plurinational State of)
Schoepfiaceae,Schoepfia tetramera,Herzog,Bolivia (Plurinational State of)
Scrophulariaceae,Buddleja americana,L.,Bolivia (Plurinational State of)
Scrophulariaceae,Buddleja coriacea,J.Rémy,Bolivia (Plurinational State of)
Scrophulariaceae,Buddleja incana,Ruiz & Pav.,Bolivia (Plurinational State of)
Scrophulariaceae,Buddleja montana,Britton,Bolivia (Plurinational State of)
Scrophulariaceae,Buddleja soratae,Kraenzl.,Bolivia (Plurinational State of)
Simaroubaceae,Castela coccinea,Griseb.,Bolivia (Plurinational State of)
Simaroubaceae,Homalolepis cedron,(Planch.) Devecchi & Pirani,Bolivia (Plurinational State of)
Simaroubaceae,Homalolepis paraensis,(Ducke) Devecchi & Pirani,Bolivia (Plurinational State of)
Simaroubaceae,Simaba guianensis,Aubl.,Bolivia (Plurinational State of)
Simaroubaceae,Simaba orinocensis,Kunth,Bolivia (Plurinational State of)
Simaroubaceae,Simarouba amara,Aubl.,Bolivia (Plurinational State of)
Simaroubaceae,Simarouba versicolor,A.St.-Hil.,Bolivia (Plurinational State of)
Siparunaceae,Siparuna aspera,(Ruiz & Pav.) A.DC.,Bolivia (Plurinational State of)
Siparunaceae,Siparuna bifida,(Poepp. & Endl.) A.DC.,Bolivia (Plurinational State of)
Siparunaceae,Siparuna cervicornis,Perkins,Bolivia (Plurinational State of)
Siparunaceae,Siparuna cuspidata,(Tul.) A.DC.,Bolivia (Plurinational State of)
Siparunaceae,Siparuna decipiens,(Tul.) A.DC.,Bolivia (Plurinational State of)
Siparunaceae,Siparuna grandiflora,(Kunth) Perkins,Bolivia (Plurinational State of)
Siparunaceae,Siparuna guianensis,Aubl.,Bolivia (Plurinational State of)
Siparunaceae,Siparuna krukovii,A.C.Sm.,Bolivia (Plurinational State of)
Siparunaceae,Siparuna muricata,(Ruiz & Pav.) A. DC.,Bolivia (Plurinational State of)
Siparunaceae,Siparuna sessiliflora,(Kunth) A.DC.,Bolivia (Plurinational State of)
Siparunaceae,Siparuna subinodora,(Ruiz & Pav.) A. DC.,Bolivia (Plurinational State of)
Siparunaceae,Siparuna thecaphora,(Poepp. & Endl.) A.DC.,Bolivia (Plurinational State of)
Siparunaceae,Siparuna tomentosa,(Ruiz & Pav.) A. DC.,Bolivia (Plurinational State of)
Solanaceae,Athenaea fasciculata,(Vell.) I.M.C.Rodrigues & Stehmann,Bolivia (Plurinational State of)
Solanaceae,Brugmansia arborea,(L.) Sweet,Bolivia (Plurinational State of)
Solanaceae,Brugmansia insignis,(Barb.Rodr.) Lockwood ex R.E.Schult.,Bolivia (Plurinational State of)
Solanaceae,Brugmansia sanguinea,(Ruiz & Pav.) D.Don,Bolivia (Plurinational State of)
Solanaceae,Brunfelsia grandiflora,D.Don,Bolivia (Plurinational State of)
Solanaceae,Brunfelsia plowmaniana,N.Filipowicz & M.Nee,Bolivia (Plurinational State of)
Solanaceae,Brunfelsia uniflora,(Pohl) D.Don,Bolivia (Plurinational State of)
Solanaceae,Capsicum caballeroi,M.Nee,Bolivia (Plurinational State of)
Solanaceae,Cestrum conglomeratum,Ruiz & Pav.,Bolivia (Plurinational State of)
Solanaceae,Cestrum mariquitense,Kunth,Bolivia (Plurinational State of)
Solanaceae,Cestrum microcalyx,Francey,Bolivia (Plurinational State of)
Solanaceae,Cestrum parqui,(Lam.) L'Hér.,Bolivia (Plurinational State of)
Solanaceae,Cestrum racemosum,Ruiz & Pav.,Bolivia (Plurinational State of)
Solanaceae,Cestrum schlechtendalii,G.Don,Bolivia (Plurinational State of)
Solanaceae,Cestrum strigilatum,Ruiz & Pav.,Bolivia (Plurinational State of)
Solanaceae,Dunalia brachyacantha,Miers,Bolivia (Plurinational State of)
Solanaceae,Juanulloa ochracea,Cuatrec.,Bolivia (Plurinational State of)
Solanaceae,Lycianthes radiata,(Sendtn.) Bitter,Bolivia (Plurinational State of)
Solanaceae,Lycianthes stenoloba,(Van Heurck & Müll. Arg.) Bitter,Bolivia (Plurinational State of)
Solanaceae,Nicotiana glauca,Graham,Bolivia (Plurinational State of)
Solanaceae,Nicotiana otophora,Griseb.,Bolivia (Plurinational State of)
Solanaceae,Nicotiana tomentosa,Ruiz & Pav.,Bolivia (Plurinational State of)
Solanaceae,Nicotiana tomentosiformis,Goodsp.,Bolivia (Plurinational State of)
Solanaceae,Nicotiana wigandioides,Koch & Fintelmann,Bolivia (Plurinational State of)
Solanaceae,Saracha punctata,Ruiz & Pav.,Bolivia (Plurinational State of)
Solanaceae,Sessea dependens,Ruiz & Pav.,Bolivia (Plurinational State of)
Solanaceae,Sessea herzogii,Dammer,Bolivia (Plurinational State of)
Solanaceae,Sessea stipulata,Ruiz & Pav.,Bolivia (Plurinational State of)
Solanaceae,Solanum abutiloides,(Griseb.) Bitter & Lillo,Bolivia (Plurinational State of)
Solanaceae,Solanum acuminatum,Ruiz & Pav.,Bolivia (Plurinational State of)
Solanaceae,Solanum albidum,Dunal,Bolivia (Plurinational State of)
Solanaceae,Solanum aligerum,Schltdl.,Bolivia (Plurinational State of)
Solanaceae,Solanum aphyodendron,S. Knapp,Bolivia (Plurinational State of)
Solanaceae,Solanum appressum,K.E. Roe,Bolivia (Plurinational State of)
Solanaceae,Solanum asperolanatum,Ruiz & Pav.,Bolivia (Plurinational State of)
Solanaceae,Solanum barbeyanum,Huber,Bolivia (Plurinational State of)
Solanaceae,Solanum betaceum,Cav.,Bolivia (Plurinational State of)
Solanaceae,Solanum chalmersii,S. Knapp,Bolivia (Plurinational State of)
Solanaceae,Solanum confine,Dunal,Bolivia (Plurinational State of)
Solanaceae,Solanum conglobatum,Dunal,Bolivia (Plurinational State of)
Solanaceae,Solanum cordovense,Sessé & Moc.,Bolivia (Plurinational State of)
Solanaceae,Solanum corumbense,S. Moore,Bolivia (Plurinational State of)
Solanaceae,Solanum crinitum,Lam.,Bolivia (Plurinational State of)
Solanaceae,Solanum cutervanum,Zahlbr.,Bolivia (Plurinational State of)
Solanaceae,Solanum gomphodes,Dunal,Bolivia (Plurinational State of)
Solanaceae,Solanum goodspeedii,K.E. Roe,Bolivia (Plurinational State of)
Solanaceae,Solanum iltisii,K.E. Roe,Bolivia (Plurinational State of)
Solanaceae,Solanum inelegans,Rusby,Bolivia (Plurinational State of)
Solanaceae,Solanum leucocarpon,Dunal,Bolivia (Plurinational State of)
Solanaceae,Solanum lindenii,Rusby,Bolivia (Plurinational State of)
Solanaceae,Solanum mapiricum,S. Knapp,Bolivia (Plurinational State of)
Solanaceae,Solanum maternum,Bohs,Bolivia (Plurinational State of)
Solanaceae,Solanum maturecalvans,Bitter,Bolivia (Plurinational State of)
Solanaceae,Solanum nitidum,Ruiz & Pav.,Bolivia (Plurinational State of)
Solanaceae,Solanum nutans,Ruiz & Pav.,Bolivia (Plurinational State of)
Solanaceae,Solanum ochrophyllum,Van Heurck & Müll. Arg.,Bolivia (Plurinational State of)
Solanaceae,Solanum oppositifolium,Ruiz & Pav.,Bolivia (Plurinational State of)
Solanaceae,Solanum pendulum,Ruiz & Pav.,Bolivia (Plurinational State of)
Solanaceae,Solanum placitum,C.V. Morton,Bolivia (Plurinational State of)
Solanaceae,Solanum proteanthum,Bohs,Bolivia (Plurinational State of)
Solanaceae,Solanum quaesitum,C.V. Morton,Bolivia (Plurinational State of)
Solanaceae,Solanum riparium,Pers.,Bolivia (Plurinational State of)
Solanaceae,Solanum robustifrons,Bitter,Bolivia (Plurinational State of)
Solanaceae,Solanum rugosum,Dunal,Bolivia (Plurinational State of)
Solanaceae,Solanum saturatum,M. Nee,Bolivia (Plurinational State of)
Solanaceae,Solanum schlechtendalianum,Walp.,Bolivia (Plurinational State of)
Solanaceae,Solanum sessile,Ruiz & Pav.,Bolivia (Plurinational State of)
Solanaceae,Solanum splendens,(Dunal) Bohs,Bolivia (Plurinational State of)
Solanaceae,Solanum subinerme,Jacq.,Bolivia (Plurinational State of)
Solanaceae,Solanum superbum,S. Knapp,Bolivia (Plurinational State of)
Solanaceae,Solanum symmetricum,Rusby,Bolivia (Plurinational State of)
Solanaceae,Solanum tenuisetosum,(Bitter) Bohs,Bolivia (Plurinational State of)
Solanaceae,Solanum thelopodium,Sendtn.,Bolivia (Plurinational State of)
Solanaceae,Solanum trichoneuron,Lillo,Bolivia (Plurinational State of)
Solanaceae,Solanum unilobum,(Rusby) Bohs,Bolivia (Plurinational State of)
Solanaceae,Solanum urticans,Dunal,Bolivia (Plurinational State of)
Solanaceae,Solanum velutissimum,Rusby,Bolivia (Plurinational State of)
Solanaceae,Solanum whalenii,M. Nee,Bolivia (Plurinational State of)
Solanaceae,Solanum wrightii,Benth.,Bolivia (Plurinational State of)
Solanaceae,Vassobia breviflora,(Sendtn.) Hunz.,Bolivia (Plurinational State of)
Solanaceae,Vassobia dichotoma,(Rusby) Bitter,Bolivia (Plurinational State of)
Solanaceae,Witheringia solanacea,L'Hér.,Bolivia (Plurinational State of)
Staphyleaceae,Turpinia occidentalis,(Sw.) G.Don,Bolivia (Plurinational State of)
Stemonuraceae,Discophora guianensis,Miers,Bolivia (Plurinational State of)
Strelitziaceae,Phenakospermum guyannense,(A.Rich.) Endl. ex Miq.,Bolivia (Plurinational State of)
Styracaceae,Styrax argenteus,C.Presl,Bolivia (Plurinational State of)
Styracaceae,Styrax ferrugineus,Nees & Mart.,Bolivia (Plurinational State of)
Styracaceae,Styrax guyanensis,A.DC.,Bolivia (Plurinational State of)
Styracaceae,Styrax nunezii,P.W.Fritsch,Bolivia (Plurinational State of)
Styracaceae,Styrax pentlandianus,J.Rémy,Bolivia (Plurinational State of)
Styracaceae,Styrax pohlii,A. DC.,Bolivia (Plurinational State of)
Styracaceae,Styrax sieberi,Perkins,Bolivia (Plurinational State of)
Styracaceae,Styrax subargenteus,Sleumer,Bolivia (Plurinational State of)
Symplocaceae,Symplocos arechea,L'Hér.,Bolivia (Plurinational State of)
Symplocaceae,Symplocos debilis,B.Ståhl,Bolivia (Plurinational State of)
Symplocaceae,Symplocos fimbriata,B. Ståhl,Bolivia (Plurinational State of)
Symplocaceae,Symplocos hiemalis,Lingelsh.,Bolivia (Plurinational State of)
Symplocaceae,Symplocos mapiriensis,Brand,Bolivia (Plurinational State of)
Symplocaceae,Symplocos nana,Brand,Bolivia (Plurinational State of)
Symplocaceae,Symplocos neei,B. Ståhl,Bolivia (Plurinational State of)
Symplocaceae,Symplocos nitens,(Pohl) Benth.,Bolivia (Plurinational State of)
Symplocaceae,Symplocos psiloclada,B.Ståhl,Bolivia (Plurinational State of)
Symplocaceae,Symplocos quitensis,Brand,Bolivia (Plurinational State of)
Symplocaceae,Symplocos robusta,B.Ståhl,Bolivia (Plurinational State of)
Symplocaceae,Symplocos subcuneata,(Herzog) B.Ståhl,Bolivia (Plurinational State of)
Tapisciaceae,Huertea glandulosa,Ruiz & Pav.,Bolivia (Plurinational State of)
Theaceae,Laplacea fruticosa,(Schrad.) Kobuski,Bolivia (Plurinational State of)
Thymelaeaceae,Daphnopsis boliviana,Nevling,Bolivia (Plurinational State of)
Thymelaeaceae,Daphnopsis sellowiana,Taub.,Bolivia (Plurinational State of)
Thymelaeaceae,Ovidia sericea,C. Antezana & Z.S. Rogers,Bolivia (Plurinational State of)
Ulmaceae,Ampelocera edentula,Kuhlm.,Bolivia (Plurinational State of)
Ulmaceae,Ampelocera ruizii,Klotzsch,Bolivia (Plurinational State of)
Ulmaceae,Phyllostylon rhamnoides,(J.Poiss.) Taub.,Bolivia (Plurinational State of)
Urticaceae,Boehmeria brevirostris,Wedd.,Bolivia (Plurinational State of)
Urticaceae,Boehmeria caudata,Sw.,Bolivia (Plurinational State of)
Urticaceae,Boehmeria pavonii,Wedd.,Bolivia (Plurinational State of)
Urticaceae,Boehmeria ulmifolia,Wedd.,Bolivia (Plurinational State of)
Urticaceae,Cecropia angustifolia,Trécul,Bolivia (Plurinational State of)
Urticaceae,Cecropia annulata,C.C.Berg & P.Franco,Bolivia (Plurinational State of)
Urticaceae,Cecropia concolor,Willd.,Bolivia (Plurinational State of)
Urticaceae,Cecropia distachya,Huber,Bolivia (Plurinational State of)
Urticaceae,Cecropia elongata,Rusby,Bolivia (Plurinational State of)
Urticaceae,Cecropia engleriana,Snethl.,Bolivia (Plurinational State of)
Urticaceae,Cecropia ficifolia,Warb. ex Snethl.,Bolivia (Plurinational State of)
Urticaceae,Cecropia latiloba,Miq.,Bolivia (Plurinational State of)
Urticaceae,Cecropia membranacea,Trécul,Bolivia (Plurinational State of)
Urticaceae,Cecropia palmata,Willd.,Bolivia (Plurinational State of)
Urticaceae,Cecropia polystachya,Trécul,Bolivia (Plurinational State of)
Urticaceae,Cecropia saxatilis,Snethl.,Bolivia (Plurinational State of)
Urticaceae,Cecropia sciadophylla,Mart.,Bolivia (Plurinational State of)
Urticaceae,Cecropia strigosa,Trécul,Bolivia (Plurinational State of)
Urticaceae,Cecropia tacuna,C.C.Berg & P.Franco,Bolivia (Plurinational State of)
Urticaceae,Cecropia utcubambana,Cuatrec.,Bolivia (Plurinational State of)
Urticaceae,Coussapoa asperifolia,Trécul,Bolivia (Plurinational State of)
Urticaceae,Coussapoa cinnamomifolia,Mildbr.,Bolivia (Plurinational State of)
Urticaceae,Coussapoa crassivenosa,Mildbr.,Bolivia (Plurinational State of)
Urticaceae,Coussapoa david-smithii,C.C.Berg,Bolivia (Plurinational State of)
Urticaceae,Coussapoa manuensis,C.C.Berg,Bolivia (Plurinational State of)
Urticaceae,Coussapoa ovalifolia,Trécul,Bolivia (Plurinational State of)
Urticaceae,Coussapoa villosa,Poepp. & Endl.,Bolivia (Plurinational State of)
Urticaceae,Myriocarpa longipes,Liebm.,Bolivia (Plurinational State of)
Urticaceae,Myriocarpa stipitata,Benth.,Bolivia (Plurinational State of)
Urticaceae,Myriocarpa tatei,Rusby,Bolivia (Plurinational State of)
Urticaceae,Phenax laevigatus,Wedd.,Bolivia (Plurinational State of)
Urticaceae,Pilea multiflora,(Poir.) Wedd.,Bolivia (Plurinational State of)
Urticaceae,Pourouma bicolor,Mart.,Bolivia (Plurinational State of)
Urticaceae,Pourouma cecropiifolia,Mart.,Bolivia (Plurinational State of)
Urticaceae,Pourouma cucura,Standl. & Cuatrec.,Bolivia (Plurinational State of)
Urticaceae,Pourouma guianensis,Aubl.,Bolivia (Plurinational State of)
Urticaceae,Pourouma minor,Benoist,Bolivia (Plurinational State of)
Urticaceae,Pourouma mollis,Trécul,Bolivia (Plurinational State of)
Urticaceae,Pourouma tomentosa,Mart. ex Miq.,Bolivia (Plurinational State of)
Urticaceae,Pourouma velutina,Mart. ex Miq.,Bolivia (Plurinational State of)
Urticaceae,Pouzolzia poeppigiana,(Wedd.) Killip,Bolivia (Plurinational State of)
Urticaceae,Urera baccifera,(L.) Gaudich. ex Wedd.,Bolivia (Plurinational State of)
Urticaceae,Urera filiformis,Rusby,Bolivia (Plurinational State of)
Urticaceae,Urera laciniata,Wedd.,Bolivia (Plurinational State of)
Urticaceae,Urera simplex,Wedd.,Bolivia (Plurinational State of)
Urticaceae,Urera verrucosa,(Liebm.) V.W.Steinm.,Bolivia (Plurinational State of)
Verbenaceae,Aloysia virgata,(Ruiz & Pav.) Juss.,Bolivia (Plurinational State of)
Verbenaceae,Citharexylum joergensenii,(Lillo) Moldenke,Bolivia (Plurinational State of)
Verbenaceae,Citharexylum laurifolium,Hayek,Bolivia (Plurinational State of)
Verbenaceae,Citharexylum myrianthum,Cham.,Bolivia (Plurinational State of)
Verbenaceae,Citharexylum poeppigii,Walp.,Bolivia (Plurinational State of)
Verbenaceae,Citharexylum reticulatum,Kunth,Bolivia (Plurinational State of)
Verbenaceae,Citharexylum ulei,Moldenke,Bolivia (Plurinational State of)
Verbenaceae,Duranta erecta,L.,Bolivia (Plurinational State of)
Verbenaceae,Duranta serratifolia,(Griseb.) Kuntze,Bolivia (Plurinational State of)
Verbenaceae,Petrea pubescens,Turcz.,Bolivia (Plurinational State of)
Verbenaceae,Recordia boliviana,Moldenke,Bolivia (Plurinational State of)
Viburnaceae,Sambucus peruviana,Kunth,Bolivia (Plurinational State of)
Viburnaceae,Viburnum ayavacense,Kunth,Bolivia (Plurinational State of)
Viburnaceae,Viburnum hallii,(Oerst.) Killip & A.C.Sm.,Bolivia (Plurinational State of)
Viburnaceae,Viburnum seemenii,Graebn.,Bolivia (Plurinational State of)
Viburnaceae,Viburnum triphyllum,Benth.,Bolivia (Plurinational State of)
Violaceae,Amphirrhox longifolia,(A.St.-Hil.) Spreng.,Bolivia (Plurinational State of)
Violaceae,Bribria apiculata,(Hekking) Wahlert & H.E.Ballard,Bolivia (Plurinational State of)
Violaceae,Gloeospermum equatoriense,Hekking,Bolivia (Plurinational State of)
Violaceae,Leonia crassa,L.B.Sm. & A.Fernández,Bolivia (Plurinational State of)
Violaceae,Leonia cymosa,Mart.,Bolivia (Plurinational State of)
Violaceae,Leonia glycycarpa,Ruiz & Pav.,Bolivia (Plurinational State of)
Violaceae,Leonia racemosa,Mart.,Bolivia (Plurinational State of)
Violaceae,Paypayrola grandiflora,Tul.,Bolivia (Plurinational State of)
Violaceae,Rinorea guianensis,Aubl.,Bolivia (Plurinational State of)
Violaceae,Rinorea lindeniana,(Tul.) Kuntze,Bolivia (Plurinational State of)
Violaceae,Rinorea ovalifolia,(Britton) S.F.Blake,Bolivia (Plurinational State of)
Violaceae,Rinorea pubiflora,(Benth.) Sprague & Sandwith,Bolivia (Plurinational State of)
Violaceae,Rinorea viridifolia,Rusby,Bolivia (Plurinational State of)
Violaceae,Rinoreocarpus ulei,(Melch.) Ducke,Bolivia (Plurinational State of)
Vochysiaceae,Callisthene fasciculata,Mart.,Bolivia (Plurinational State of)
Vochysiaceae,Callisthene major,Mart.,Bolivia (Plurinational State of)
Vochysiaceae,Erisma gracile,Ducke,Bolivia (Plurinational State of)
Vochysiaceae,Erisma uncinatum,Warm.,Bolivia (Plurinational State of)
Vochysiaceae,Qualea acuminata,Spruce ex Warm.,Bolivia (Plurinational State of)
Vochysiaceae,Qualea cordata,Spreng.,Bolivia (Plurinational State of)
Vochysiaceae,Qualea cryptantha,(Spreng.) Warm.,Bolivia (Plurinational State of)
Vochysiaceae,Qualea dichotoma,(Mart.) Warm. ex Wille,Bolivia (Plurinational State of)
Vochysiaceae,Qualea grandiflora,Mart.,Bolivia (Plurinational State of)
Vochysiaceae,Qualea multiflora,Mart.,Bolivia (Plurinational State of)
Vochysiaceae,Qualea paraensis,Ducke,Bolivia (Plurinational State of)
Vochysiaceae,Qualea parviflora,Mart.,Bolivia (Plurinational State of)
Vochysiaceae,Qualea schomburgkiana,Warm.,Bolivia (Plurinational State of)
Vochysiaceae,Qualea tessmannii,Mildbr.,Bolivia (Plurinational State of)
Vochysiaceae,Ruizterania albiflora,(Warm.) Marc.-Berti,Bolivia (Plurinational State of)
Vochysiaceae,Ruizterania gardneriana,(Warm.) Marc.-Berti,Bolivia (Plurinational State of)
Vochysiaceae,Ruizterania retusa,(Spruce ex Warm.) Marc.-Berti,Bolivia (Plurinational State of)
Vochysiaceae,Ruizterania wittrockii,(Malme) Marc.-Berti,Bolivia (Plurinational State of)
Vochysiaceae,Salvertia convallariodora,A.St.-Hil.,Bolivia (Plurinational State of)
Vochysiaceae,Vochysia aurantiaca,Stafleu,Bolivia (Plurinational State of)
Vochysiaceae,Vochysia biloba,Ducke,Bolivia (Plurinational State of)
Vochysiaceae,Vochysia boliviana,Rusby,Bolivia (Plurinational State of)
Vochysiaceae,Vochysia caesia,Stafleu,Bolivia (Plurinational State of)
Vochysiaceae,Vochysia citrifolia,Poir.,Bolivia (Plurinational State of)
Vochysiaceae,Vochysia divergens,Pohl,Bolivia (Plurinational State of)
Vochysiaceae,Vochysia ferruginea,Mart.,Bolivia (Plurinational State of)
Vochysiaceae,Vochysia grandis,Mart.,Bolivia (Plurinational State of)
Vochysiaceae,Vochysia haenkeana,Mart.,Bolivia (Plurinational State of)
Vochysiaceae,Vochysia herbacea,Pohl,Bolivia (Plurinational State of)
Vochysiaceae,Vochysia kosnipatae,Huamantupa,Bolivia (Plurinational State of)
Vochysiaceae,Vochysia lanceolata,Stafleu,Bolivia (Plurinational State of)
Vochysiaceae,Vochysia leguiana,J.F.Macbr.,Bolivia (Plurinational State of)
Vochysiaceae,Vochysia lomatophylla,Standl.,Bolivia (Plurinational State of)
Vochysiaceae,Vochysia mapirensis,Rusby,Bolivia (Plurinational State of)
Vochysiaceae,Vochysia obidensis,(Huber ex Ducke) Ducke,Bolivia (Plurinational State of)
Vochysiaceae,Vochysia rufa,Mart.,Bolivia (Plurinational State of)
Vochysiaceae,Vochysia tucanorum,Mart.,Bolivia (Plurinational State of)
Vochysiaceae,Vochysia vismiifolia,Spruce ex Warm.,Bolivia (Plurinational State of)
Zygophyllaceae,Gonopterodendron sarmientoi,(Lorentz ex Griseb.) Godoy-Bürki,Bolivia (Plurinational State of)
Zygophyllaceae,Guaiacum nellii,(G.Navarro) Christenh. & Byng,Bolivia (Plurinational State of)
Zygophyllaceae,Plectrocarpa bonariensis,(Griseb.) Christenh. & Byng,Bolivia (Plurinational State of)
Zygophyllaceae,Porlieria microphylla,"(Baill.) Descole, O'Donell & Lourteig",Bolivia (Plurinational State of)
