family,taxon,author,native to
Acanthaceae,Avicennia germinans,(L.) L.,Brazil
Acanthaceae,Avicennia schaueriana,Stapf & Leechm. ex Moldenke,Brazil
Acanthaceae,Sanchezia scandens,(Lindau) Leonard & L.B.Sm.,Brazil
Acanthaceae,Trichanthera gigantea,(Bonpl.) Nees,Brazil
Achariaceae,Carpotroche amazonica,Mart. ex Eichler,Brazil
Achariaceae,Carpotroche brasiliensis,(Raddi) A.Gray,Brazil
Achariaceae,Carpotroche crispidentata,Ducke,Brazil
Achariaceae,Carpotroche grandiflora,Spruce ex Eichler,Brazil
Achariaceae,Carpotroche integrifolia,Kuhlm.,Brazil
Achariaceae,Carpotroche longifolia,(Poepp.) Benth.,Brazil
Achariaceae,Carpotroche surinamensis,Uittien,Brazil
Achariaceae,Kuhlmanniodendron apterocarpum,(Kuhlm.) Fiaschi & Groppo,Brazil
Achariaceae,Kuhlmanniodendron macrocarpum,"Groppo, Favaretto & Fiaschi",Brazil
Achariaceae,Lindackeria latifolia,Benth.,Brazil
Achariaceae,Lindackeria paludosa,(Benth.) Gilg,Brazil
Achariaceae,Lindackeria paraensis,Kuhlm.,Brazil
Achariaceae,Lindackeria pauciflora,Benth.,Brazil
Achariaceae,Mayna odorata,Aubl.,Brazil
Achatocarpaceae,Achatocarpus praecox,Griseb.,Brazil
Anacardiaceae,Anacardium amapaense,J.D.Mitch.,Brazil
Anacardiaceae,Anacardium giganteum,Hancock ex Engl.,Brazil
Anacardiaceae,Anacardium humile,A.St.-Hil.,Brazil
Anacardiaceae,Anacardium microsepalum,Loes.,Brazil
Anacardiaceae,Anacardium occidentale,L.,Brazil
Anacardiaceae,Anacardium parvifolium,Ducke,Brazil
Anacardiaceae,Anacardium spruceanum,Benth. ex Engl.,Brazil
Anacardiaceae,Antrocaryon amazonicum,(Ducke) B.L.Burtt & A.W.Hill,Brazil
Anacardiaceae,Apterokarpos gardneri,(Engl.) Rizzini,Brazil
Anacardiaceae,Astronium balansae,Engl.,Brazil
Anacardiaceae,Astronium concinnum,Schott,Brazil
Anacardiaceae,Astronium fraxinifolium,Schott,Brazil
Anacardiaceae,Astronium glaziovii,Mattick,Brazil
Anacardiaceae,Astronium graveolens,Jacq.,Brazil
Anacardiaceae,Astronium lecointei,Ducke,Brazil
Anacardiaceae,Astronium nelson-rosae,Santin,Brazil
Anacardiaceae,Astronium pumilum,J.D.Mitch. & Daly,Brazil
Anacardiaceae,Astronium ulei,Mattick,Brazil
Anacardiaceae,Campnosperma gummiferum,(Benth.) Marchand,Brazil
Anacardiaceae,Cyrtocarpa caatingae,J.D.Mitch. & Daly,Brazil
Anacardiaceae,Cyrtocarpa velutinifolia,(R.S.Cowan) J.D.Mitch. & Daly,Brazil
Anacardiaceae,Lithraea brasiliensis,Marchand,Brazil
Anacardiaceae,Lithraea molleoides,(Vell.) Engl.,Brazil
Anacardiaceae,Myracrodruon urundeuva,Allemão,Brazil
Anacardiaceae,Schinopsis balansae,Engl.,Brazil
Anacardiaceae,Schinopsis brasiliensis,Engl.,Brazil
Anacardiaceae,Schinus engleri,F.A. Barkley,Brazil
Anacardiaceae,Schinus ferox,Hassl.,Brazil
Anacardiaceae,Schinus lentiscifolius,Marchand,Brazil
Anacardiaceae,Schinus longifolia,(Lindl.) Speg.,Brazil
Anacardiaceae,Schinus molle,L.,Brazil
Anacardiaceae,Schinus ramboi,F.A. Barkley,Brazil
Anacardiaceae,Schinus spinosa,Engl.,Brazil
Anacardiaceae,Schinus terebinthifolia,Raddi,Brazil
Anacardiaceae,Spondias admirabilis,J.D.Mitch. & Daly,Brazil
Anacardiaceae,Spondias bahiensis,"P.Carvalho, Van den Berg & M.Machado",Brazil
Anacardiaceae,Spondias expeditionaria,J.D.Mitch. & Daly,Brazil
Anacardiaceae,Spondias globosa,J.D.Mitch. & Daly,Brazil
Anacardiaceae,Spondias macrocarpa,Engl.,Brazil
Anacardiaceae,Spondias mombin,L.,Brazil
Anacardiaceae,Spondias testudinis,J.D.Mitch. & Daly,Brazil
Anacardiaceae,Spondias tuberosa,Arruda,Brazil
Anacardiaceae,Spondias venulosa,(Mart. ex Engl.) Engl.,Brazil
Anacardiaceae,Tapirira guianensis,Aubl.,Brazil
Anacardiaceae,Tapirira obtusa,(Benth.) J.D.Mitch.,Brazil
Anacardiaceae,Tapirira retusa,Ducke,Brazil
Anacardiaceae,Thyrsodium bolivianum,J.D. Mitch. & D.C. Daly,Brazil
Anacardiaceae,Thyrsodium guianense,Sagot ex Marchand,Brazil
Anacardiaceae,Thyrsodium puberulum,J.D. Mitch. & D.C. Daly,Brazil
Anacardiaceae,Thyrsodium rondonianum,J.D. Mitch. & D.C. Daly,Brazil
Anacardiaceae,Thyrsodium spruceanum,Benth.,Brazil
Anisophylleaceae,Anisophyllea manausensis,Pires & W.A.Rodrigues,Brazil
Anisophylleaceae,Polygonanthus amazonicus,Ducke,Brazil
Anisophylleaceae,Polygonanthus punctulatus,Kuhlm.,Brazil
Annonaceae,Anaxagorea acuminata,(Dunal) A.St.-Hil. ex A.DC.,Brazil
Annonaceae,Anaxagorea angustifolia,Timmerman,Brazil
Annonaceae,Anaxagorea brachycarpa,R.E.Fr.,Brazil
Annonaceae,Anaxagorea brevipedicellata,Timmerman,Brazil
Annonaceae,Anaxagorea brevipes,Benth.,Brazil
Annonaceae,Anaxagorea dolichocarpa,Sprague & Sandwith,Brazil
Annonaceae,Anaxagorea gigantophylla,R.E.Fr.,Brazil
Annonaceae,Anaxagorea macrantha,R.E.Fr.,Brazil
Annonaceae,Anaxagorea manausensis,Timmerman,Brazil
Annonaceae,Anaxagorea petiolata,R.E.Fr.,Brazil
Annonaceae,Anaxagorea phaeocarpa,Mart.,Brazil
Annonaceae,Anaxagorea prinoides,(Dunal) A.St.-Hil.,Brazil
Annonaceae,Anaxagorea rufa,Timmerman,Brazil
Annonaceae,Anaxagorea silvatica,R.E.Fr.,Brazil
Annonaceae,Annona acutiflora,Mart.,Brazil
Annonaceae,Annona amazonica,R.E.Fr.,Brazil
Annonaceae,Annona ambotay,Aubl.,Brazil
Annonaceae,Annona angustifolia,Huber,Brazil
Annonaceae,Annona annonoides,(R.E.Fr.) Maas & Westra,Brazil
Annonaceae,Annona asplundiana,R.E.Fr.,Brazil
Annonaceae,Annona atabapensis,Kunth,Brazil
Annonaceae,Annona aurantiaca,Barb.Rodr.,Brazil
Annonaceae,Annona bahiensis,(Maas & Westra) H.Rainer,Brazil
Annonaceae,Annona burchellii,R.E.Fr.,Brazil
Annonaceae,Annona cacans,Warm.,Brazil
Annonaceae,Annona calcarata,(R.E.Fr. ) H.Rainer,Brazil
Annonaceae,Annona centrantha,(R.E.Fr.) H.Rainer,Brazil
Annonaceae,Annona cordifolia,(Szyszyl.) Poepp. ex Maas & Westra,Brazil
Annonaceae,Annona coriacea,Mart.,Brazil
Annonaceae,Annona cornifolia,A.St.-Hil.,Brazil
Annonaceae,Annona crassiflora,Mart.,Brazil
Annonaceae,Annona cuspidata,(Mart.) H.Rainer,Brazil
Annonaceae,Annona deminuta,R.E.Fr.,Brazil
Annonaceae,Annona densicoma,Mart.,Brazil
Annonaceae,Annona dioica,A.St.-Hil.,Brazil
Annonaceae,Annona dolabripetala,Raddi,Brazil
Annonaceae,Annona dolichophylla,R.E.Fr.,Brazil
Annonaceae,Annona echinata,Dunal,Brazil
Annonaceae,Annona edulis,(Triana & Planch.) H.Rainer,Brazil
Annonaceae,Annona emarginata,(Schltdl.) H.Rainer,Brazil
Annonaceae,Annona excellens,R.E.Fr.,Brazil
Annonaceae,Annona exsucca,DC.,Brazil
Annonaceae,Annona ferruginea,(R.E.Fr.) H.Rainer,Brazil
Annonaceae,Annona foetida,Mart.,Brazil
Annonaceae,Annona gardneri,R.E.Fr.,Brazil
Annonaceae,Annona gigantophylla,(R.E.Fr.) R.E.Fr.,Brazil
Annonaceae,Annona glabra,L.,Brazil
Annonaceae,Annona glomerulifera,(Maas & Westra) H.Rainer,Brazil
Annonaceae,Annona helosioides,(Maas & Westra) H.Rainer,Brazil
Annonaceae,Annona hispida,(Maas & Westra) H.Rainer,Brazil
Annonaceae,Annona hypoglauca,Mart.,Brazil
Annonaceae,Annona insignis,R.E.Fr.,Brazil
Annonaceae,Annona jahnii,Saff.,Brazil
Annonaceae,Annona jucunda,(Diels) H.Rainer,Brazil
Annonaceae,Annona leptopetala,(R.E.Fr.) H.Rainer,Brazil
Annonaceae,Annona mammifera,(Maas & Westra) H.Rainer,Brazil
Annonaceae,Annona maritima,(Záchia) H.Rainer,Brazil
Annonaceae,Annona montana,Macfad.,Brazil
Annonaceae,Annona monticola,Mart.,Brazil
Annonaceae,Annona mucosa,Jacq.,Brazil
Annonaceae,Annona neoinsignis,H.Rainer,Brazil
Annonaceae,Annona neosalicifolia,H.Rainer,Brazil
Annonaceae,Annona neosericea,H.Rainer,Brazil
Annonaceae,Annona nitida,Mart.,Brazil
Annonaceae,Annona nutans,(R.E.Fr.) R.E.Fr.,Brazil
Annonaceae,Annona paludosa,Aubl.,Brazil
Annonaceae,Annona papilionella,(Diels) H.Rainer,Brazil
Annonaceae,Annona paraensis,R.E.Fr.,Brazil
Annonaceae,Annona pickelii,(Diels) H.Rainer,Brazil
Annonaceae,Annona poeppigii,(Mart.) Maas & Westra,Brazil
Annonaceae,Annona reticulata,L.,Brazil
Annonaceae,Annona rigida,R.E.Fr.,Brazil
Annonaceae,Annona rugulosa,(Schltdl.) H.Rainer,Brazil
Annonaceae,Annona salzmannii,A.DC.,Brazil
Annonaceae,Annona scandens,Diels ex Pilg.,Brazil
Annonaceae,Annona schunkei,(Maas & Westra) H.Rainer,Brazil
Annonaceae,Annona sericea,Dunal,Brazil
Annonaceae,Annona spinescens,Mart.,Brazil
Annonaceae,Annona sylvatica,A.St.-Hil.,Brazil
Annonaceae,Annona symphyocarpa,Sandwith,Brazil
Annonaceae,Annona tenuiflora,Mart.,Brazil
Annonaceae,Annona tomentosa,R.E.Fr.,Brazil
Annonaceae,Annona vepretorum,Mart.,Brazil
Annonaceae,Annona williamsii,(Rusby ex R.E.Fr.) H.Rainer,Brazil
Annonaceae,Annona xylopiifolia,A.St.-Hil. & Tul.,Brazil
Annonaceae,Bocagea longepedunculata,Mart.,Brazil
Annonaceae,Bocagea viridis,A.St.-Hil.,Brazil
Annonaceae,Bocageopsis canescens,(Benth.) R.E.Fr.,Brazil
Annonaceae,Bocageopsis mattogrossensis,(R.E.Fr.) R.E.Fr.,Brazil
Annonaceae,Bocageopsis multiflora,(Mart.) R.E.Fr.,Brazil
Annonaceae,Bocageopsis pleiosperma,Maas,Brazil
Annonaceae,Cardiopetalum calophyllum,Schltdl.,Brazil
Annonaceae,Cardiopetalum plicatum,N.A.Murray,Brazil
Annonaceae,Cardiopetalum surinamense,R.E.Fr.,Brazil
Annonaceae,Cremastosperma cauliflorum,R.E.Fr.,Brazil
Annonaceae,Cremastosperma microcarpum,R.E.Fr.,Brazil
Annonaceae,Cremastosperma monospermum,(Rusby) R.E.Fr.,Brazil
Annonaceae,Cremastosperma oblongum,R.E.Fr.,Brazil
Annonaceae,Cymbopetalum alkekengi,N.A.Murray,Brazil
Annonaceae,Cymbopetalum brasiliense,(Vell.) Benth. ex Baill.,Brazil
Annonaceae,Cymbopetalum coriaceum,N.A.Murray,Brazil
Annonaceae,Cymbopetalum euneurum,N.A.Murray,Brazil
Annonaceae,Cymbopetalum longipes,Benth. ex Diels,Brazil
Annonaceae,Cymbopetalum physaloides,N.A.Murray,Brazil
Annonaceae,Diclinanona calycina,(Diels) R.E.Fr.,Brazil
Annonaceae,Diclinanona matogrossensis,Maas,Brazil
Annonaceae,Diclinanona tessmannii,Diels,Brazil
Annonaceae,Duckeanthus grandiflorus,R.E.Fr.,Brazil
Annonaceae,Duguetia arenicola,Maas,Brazil
Annonaceae,Duguetia argentea,(R.E.Fr.) R.E.Fr.,Brazil
Annonaceae,Duguetia aripuanae,Maas,Brazil
Annonaceae,Duguetia asterotricha,(Diels) R.E.Fr.,Brazil
Annonaceae,Duguetia bahiensis,Maas,Brazil
Annonaceae,Duguetia cadaverica,Huber,Brazil
Annonaceae,Duguetia calycina,Benoist,Brazil
Annonaceae,Duguetia cauliflora,R.E.Fr.,Brazil
Annonaceae,Duguetia chrysea,Maas,Brazil
Annonaceae,Duguetia chrysocarpa,Maas,Brazil
Annonaceae,Duguetia dicholepidota,Mart.,Brazil
Annonaceae,Duguetia duckei,R.E.Fr.,Brazil
Annonaceae,Duguetia echinophora,R.E.Fr.,Brazil
Annonaceae,Duguetia elliptica,R.E.Fr.,Brazil
Annonaceae,Duguetia eximia,Diels,Brazil
Annonaceae,Duguetia flagellaris,Huber,Brazil
Annonaceae,Duguetia gardneriana,Mart.,Brazil
Annonaceae,Duguetia granvilleana,Maas,Brazil
Annonaceae,Duguetia hadrantha,(Diels) R.E.Fr.,Brazil
Annonaceae,Duguetia inconspicua,Sagot,Brazil
Annonaceae,Duguetia lanceolata,A.St.-Hil.,Brazil
Annonaceae,Duguetia latifolia,R.E.Fr.,Brazil
Annonaceae,Duguetia lepidota,(Miq.) Pulle,Brazil
Annonaceae,Duguetia longicuspis,Benth.,Brazil
Annonaceae,Duguetia lucida,Urb.,Brazil
Annonaceae,Duguetia macrocalyx,R.E.Fr.,Brazil
Annonaceae,Duguetia macrophylla,R.E.Fr.,Brazil
Annonaceae,Duguetia magnolioidea,Maas,Brazil
Annonaceae,Duguetia manausensis,Maas & Boon,Brazil
Annonaceae,Duguetia marcgraviana,Mart.,Brazil
Annonaceae,Duguetia megalocarpa,Maas,Brazil
Annonaceae,Duguetia microphylla,(R.E.Fr.) R.E.Fr.,Brazil
Annonaceae,Duguetia moricandiana,Mart.,Brazil
Annonaceae,Duguetia oblongifolia,R.E.Fr.,Brazil
Annonaceae,Duguetia odorata,(Diels) J.F.Macbr.,Brazil
Annonaceae,Duguetia paraensis,R.E.Fr.,Brazil
Annonaceae,Duguetia pohliana,Mart.,Brazil
Annonaceae,Duguetia pycnastera,Sandwith,Brazil
Annonaceae,Duguetia quitarensis,Benth.,Brazil
Annonaceae,Duguetia restingae,Maas,Brazil
Annonaceae,Duguetia reticulata,Maas,Brazil
Annonaceae,Duguetia riedeliana,R.E.Fr.,Brazil
Annonaceae,Duguetia rigida,R.E.Fr.,Brazil
Annonaceae,Duguetia rionegrensis,Zuilen & Maas,Brazil
Annonaceae,Duguetia riparia,Huber,Brazil
Annonaceae,Duguetia rotundifolia,R.E.Fr.,Brazil
Annonaceae,Duguetia ruboides,Maas & He,Brazil
Annonaceae,Duguetia salicifolia,R.E.Fr.,Brazil
Annonaceae,Duguetia sancticaroli,Maas,Brazil
Annonaceae,Duguetia scottmorii,Maas,Brazil
Annonaceae,Duguetia sessilis,(Vell.) Maas,Brazil
Annonaceae,Duguetia sooretamae,Maas,Brazil
Annonaceae,Duguetia spixiana,Mart.,Brazil
Annonaceae,Duguetia stelechantha,(Diels) R.E.Fr.,Brazil
Annonaceae,Duguetia stenantha,R.E.Fr.,Brazil
Annonaceae,Duguetia subcordata,Maas & J.A.C.Dam,Brazil
Annonaceae,Duguetia surinamensis,R.E.Fr.,Brazil
Annonaceae,Duguetia tenuis,R.E.Fr.,Brazil
Annonaceae,Duguetia trunciflora,Maas & A.H.Gentry,Brazil
Annonaceae,Duguetia ulei,(Diels) R.E.Fr.,Brazil
Annonaceae,Duguetia uniflora,(DC.) Mart.,Brazil
Annonaceae,Duguetia venezuelana,R.E.Fr.,Brazil
Annonaceae,Duguetia yeshidan,Sandwith,Brazil
Annonaceae,Ephedranthus amazonicus,R.E.Fr.,Brazil
Annonaceae,Ephedranthus boliviensis,Chatrou & Pirie,Brazil
Annonaceae,Ephedranthus dimerus,"J.C. Lopes, Chatrou & Mello-Silva",Brazil
Annonaceae,Ephedranthus parviflorus,S.Moore,Brazil
Annonaceae,Ephedranthus pisocarpus,R.E.Fr.,Brazil
Annonaceae,Froesiodendron amazonicum,R.E.Fr.,Brazil
Annonaceae,Fusaea longifolia,(Aubl.) Saff.,Brazil
Annonaceae,Guatteria aberrans,Erkens & Maas,Brazil
Annonaceae,Guatteria amapaensis,Maas & Westra,Brazil
Annonaceae,Guatteria anteridifera,Scharf & Maas,Brazil
Annonaceae,Guatteria arenicola,Maas & Erkens,Brazil
Annonaceae,Guatteria attenuata,Maas & Westra,Brazil
Annonaceae,Guatteria australis,A.St.-Hil.,Brazil
Annonaceae,Guatteria beckii,Maas & Westra,Brazil
Annonaceae,Guatteria blepharophylla,Mart.,Brazil
Annonaceae,Guatteria campestris,R.E.Fr.,Brazil
Annonaceae,Guatteria campinensis,(Morawetz & Maas) Erkens & Maas,Brazil
Annonaceae,Guatteria candolleana,Schltdl.,Brazil
Annonaceae,Guatteria capixabae,Lobão & J.C.Lopes,Brazil
Annonaceae,Guatteria citriodora,Ducke,Brazil
Annonaceae,Guatteria cryandra,Erkens & Maas,Brazil
Annonaceae,Guatteria decurrens,R.E.Fr.,Brazil
Annonaceae,Guatteria discolor,R.E.Fr.,Brazil
Annonaceae,Guatteria duckeana,R.E.Fr.,Brazil
Annonaceae,Guatteria duodecima,Maas & Westra,Brazil
Annonaceae,Guatteria dura,R.E.Fr.,Brazil
Annonaceae,Guatteria elata,R.E.Fr.,Brazil
Annonaceae,Guatteria elongata,Benth.,Brazil
Annonaceae,Guatteria emarginata,"Lobão, Maas & Mello-Silva",Brazil
Annonaceae,Guatteria ferruginea,A.St.-Hil.,Brazil
Annonaceae,Guatteria flabellata,Erkens & Maas,Brazil
Annonaceae,Guatteria foliosa,Benth.,Brazil
Annonaceae,Guatteria friesiana,(W.A.Rodrigues) Erkens & Maas,Brazil
Annonaceae,Guatteria guianensis,(Aubl.) R.E.Fr.,Brazil
Annonaceae,Guatteria heteropetala,Benth.,Brazil
Annonaceae,Guatteria hirsuta,Ruiz & Pav.,Brazil
Annonaceae,Guatteria hispida,(R.E.Fr.) Erkens & Maas,Brazil
Annonaceae,Guatteria insculpta,R.E.Fr.,Brazil
Annonaceae,Guatteria intermedia,Scharf,Brazil
Annonaceae,Guatteria inundata,Mart.,Brazil
Annonaceae,Guatteria japurensis,Maas & Westra,Brazil
Annonaceae,Guatteria latifolia,(Mart.) R.E.Fr.,Brazil
Annonaceae,Guatteria liesneri,D.M.Johnson & N.A.Murray,Brazil
Annonaceae,Guatteria longicuspis,R.E.Fr.,Brazil
Annonaceae,Guatteria macropus,Mart.,Brazil
Annonaceae,Guatteria maguirei,R.E.Fr.,Brazil
Annonaceae,Guatteria maypurensis,Kunth,Brazil
Annonaceae,Guatteria megalophylla,Diels,Brazil
Annonaceae,Guatteria meliodora,R.E.Fr.,Brazil
Annonaceae,Guatteria modesta,Diels,Brazil
Annonaceae,Guatteria myriocarpa,R.E.Fr.,Brazil
Annonaceae,Guatteria notabilis,Mello-Silva & Pirani,Brazil
Annonaceae,Guatteria odorata,R.E.Fr.,Brazil
Annonaceae,Guatteria oligocarpa,Mart.,Brazil
Annonaceae,Guatteria oriximinae,Maas & Westra,Brazil
Annonaceae,Guatteria pannosa,Scharf & Maas,Brazil
Annonaceae,Guatteria pogonopus,Mart.,Brazil
Annonaceae,Guatteria pohliana,Schltdl.,Brazil
Annonaceae,Guatteria polyantha,R.E.Fr.,Brazil
Annonaceae,Guatteria procera,R.E.Fr.,Brazil
Annonaceae,Guatteria punctata,(Aubl.) R.A.Howard,Brazil
Annonaceae,Guatteria ramiflora,(D.R.Simpson) Erkens & Maas,Brazil
Annonaceae,Guatteria richardii,R.E.Fr.,Brazil
Annonaceae,Guatteria rigida,R.E.Fr.,Brazil
Annonaceae,Guatteria rubrinervis,R.E.Fr.,Brazil
Annonaceae,Guatteria rupestris,Mello-Silva & Pirani,Brazil
Annonaceae,Guatteria sabuletorum,R.E.Fr.,Brazil
Annonaceae,Guatteria schomburgkiana,Mart.,Brazil
Annonaceae,Guatteria scytophylla,Diels,Brazil
Annonaceae,Guatteria sellowiana,Schltdl.,Brazil
Annonaceae,Guatteria stenocarpa,"Lobão, Maas & Mello-Silva",Brazil
Annonaceae,Guatteria stenophylla,Maas & Westra,Brazil
Annonaceae,Guatteria subsessilis,Mart.,Brazil
Annonaceae,Guatteria tomentosa,Rusby,Brazil
Annonaceae,Guatteria trichocarpa,Erkens & Maas,Brazil
Annonaceae,Guatteria trichostemon,R.E.Fr.,Brazil
Annonaceae,Guatteria ucayalina,Huber,Brazil
Annonaceae,Guatteria villosissima,A.St.-Hil.,Brazil
Annonaceae,Guatteria wachenheimii,Benoist,Brazil
Annonaceae,Hornschuchia bryotrophe,Nees,Brazil
Annonaceae,Hornschuchia cauliflora,Maas & Setten,Brazil
Annonaceae,Hornschuchia citriodora,D.M.Johnson,Brazil
Annonaceae,Hornschuchia leptandra,D.M.Johnson,Brazil
Annonaceae,Hornschuchia lianarum,D.M.Johnson,Brazil
Annonaceae,Hornschuchia myrtillus,Nees,Brazil
Annonaceae,Hornschuchia obliqua,Maas & Setten,Brazil
Annonaceae,Hornschuchia santosii,D.M.Johnson,Brazil
Annonaceae,Klarobelia cauliflora,Chatrou,Brazil
Annonaceae,Klarobelia inundata,Chatrou,Brazil
Annonaceae,Klarobelia pandoensis,Chatrou,Brazil
Annonaceae,Klarobelia pumila,Chatrou        ,Brazil
Annonaceae,Malmea dielsiana,Saff. ex R.E. Fr.,Brazil
Annonaceae,Malmea manausensis,Maas & Miralha,Brazil
Annonaceae,Malmea obovata,R.E.Fr.,Brazil
Annonaceae,Mosannona pachiteae,(D.R. Simpson) Chatrou,Brazil
Annonaceae,Mosannona raimondii,(Diels) Chatrou,Brazil
Annonaceae,Onychopetalum amazonicum,R.E.Fr.,Brazil
Annonaceae,Onychopetalum periquino,(Rusby) D.M.Johnson & N.A.Murray,Brazil
Annonaceae,Oxandra asbeckii,(Pulle) R.E.Fr.,Brazil
Annonaceae,Oxandra espintana,(Spruce ex Benth.) Baill.,Brazil
Annonaceae,Oxandra euneura,Diels,Brazil
Annonaceae,Oxandra krukoffii,R.E.Fr.,Brazil
Annonaceae,Oxandra leucodermis,(Spruce ex Benth.) Warm.,Brazil
Annonaceae,Oxandra martiana,(Schltdl.) R.E. Fr.,Brazil
Annonaceae,Oxandra mediocris,Diels,Brazil
Annonaceae,Oxandra polyantha,R.E.Fr.,Brazil
Annonaceae,Oxandra reticulata,Maas,Brazil
Annonaceae,Oxandra riedeliana,R.E.Fr.,Brazil
Annonaceae,Oxandra saxicola,Maas & Junikka,Brazil
Annonaceae,Oxandra sessiliflora,R.E.Fr.,Brazil
Annonaceae,Oxandra sphaerocarpa,R.E.Fr.,Brazil
Annonaceae,Oxandra unibracteata,"J.C.Lopes , Junikka & Mello-Silva",Brazil
Annonaceae,Oxandra xylopioides,Diels,Brazil
Annonaceae,Porcelia macrocarpa,R.E.Fr.,Brazil
Annonaceae,Porcelia ponderosa,(Rusby) Rusby,Brazil
Annonaceae,Pseudephedranthus enigmaticus,Maas & Westra,Brazil
Annonaceae,Pseudephedranthus fragrans,(R.E.Fr.) Aristeg.,Brazil
Annonaceae,Pseudomalmea diclina,(R.E. Fr.) Chatrou,Brazil
Annonaceae,Pseudoxandra acreana,Maas,Brazil
Annonaceae,Pseudoxandra bahiensis,Maas,Brazil
Annonaceae,Pseudoxandra borbensis,Maas,Brazil
Annonaceae,Pseudoxandra cauliflora,Maas,Brazil
Annonaceae,Pseudoxandra cuspidata,Maas,Brazil
Annonaceae,Pseudoxandra duckei,Maas,Brazil
Annonaceae,Pseudoxandra leiophylla,(Diels) R.E.Fr.,Brazil
Annonaceae,Pseudoxandra lucida,R.E.Fr.,Brazil
Annonaceae,Pseudoxandra obscurinervis,Maas,Brazil
Annonaceae,Pseudoxandra papillosa,Maas,Brazil
Annonaceae,Pseudoxandra pilosa,Maas,Brazil
Annonaceae,Pseudoxandra polyphleba,(Diels) R.E. Fr.,Brazil
Annonaceae,Pseudoxandra rionegrensis,Maas,Brazil
Annonaceae,Pseudoxandra spiritus-sancti,Maas,Brazil
Annonaceae,Ruizodendron ovale,(Ruiz & Pav.) R.E. Fr.,Brazil
Annonaceae,Tetrameranthus duckei,R.E.Fr.,Brazil
Annonaceae,Tetrameranthus guianensis,Westra & Maas,Brazil
Annonaceae,Tetrameranthus laomae,D.R. Simpson,Brazil
Annonaceae,Tetrameranthus umbellatus,Westra,Brazil
Annonaceae,Trigynaea axilliflora,D.M. Johnson & N.A. Murray,Brazil
Annonaceae,Trigynaea duckei,(R.E.Fr.) R.E.Fr.,Brazil
Annonaceae,Trigynaea flagelliflora,Lobão,Brazil
Annonaceae,Trigynaea oblongifolia,Schltdl.,Brazil
Annonaceae,Unonopsis aurantiaca,Maas & Westra,Brazil
Annonaceae,Unonopsis bahiensis,Maas & Orava,Brazil
Annonaceae,Unonopsis bauxitae,"Maas, Westra & Mello-Silva",Brazil
Annonaceae,Unonopsis duckei,R.E.Fr.,Brazil
Annonaceae,Unonopsis elegantissima,R.E.Fr.,Brazil
Annonaceae,Unonopsis floribunda,Diels,Brazil
Annonaceae,Unonopsis guatterioides,(A.DC.) R.E.Fr.,Brazil
Annonaceae,Unonopsis heterotricha,Maas & Westra,Brazil
Annonaceae,Unonopsis perrottetii,(A.DC.) R.E.Fr.,Brazil
Annonaceae,Unonopsis pittieri,Saff.,Brazil
Annonaceae,Unonopsis renatoi,Maas & Westra,Brazil
Annonaceae,Unonopsis riedeliana,R.E.Fr.,Brazil
Annonaceae,Unonopsis rufescens,(Baill.) R.E. Fr.,Brazil
Annonaceae,Unonopsis sanctae-teresae,Maas & Westra,Brazil
Annonaceae,Unonopsis spectabilis,Diels,Brazil
Annonaceae,Unonopsis stipitata,Diels,Brazil
Annonaceae,Unonopsis veneficiorum,(Mart.) R.E.Fr.,Brazil
Annonaceae,Xylopia amazonica,R.E.Fr.,Brazil
Annonaceae,Xylopia annoniflora,Pombo & C.E.Zartman,Brazil
Annonaceae,Xylopia aromatica,(Lam.) Mart.,Brazil
Annonaceae,Xylopia atlantica,Mello-Silva & J.C.Lopes,Brazil
Annonaceae,Xylopia barbata,Mart.,Brazil
Annonaceae,Xylopia benthamii,R.E.Fr.,Brazil
Annonaceae,Xylopia brasiliensis,Spreng.,Brazil
Annonaceae,Xylopia calophylla,R.E.Fr.,Brazil
Annonaceae,Xylopia cayennensis,Maas,Brazil
Annonaceae,Xylopia crinita,R.E.Fr.,Brazil
Annonaceae,Xylopia cuspidata,Diels,Brazil
Annonaceae,Xylopia decorticans,D.M. Johnson & Lobão,Brazil
Annonaceae,Xylopia discreta,(L.f.) Sprague & Hutch.,Brazil
Annonaceae,Xylopia emarginata,Mart.,Brazil
Annonaceae,Xylopia excellens,R.E.Fr.,Brazil
Annonaceae,Xylopia frutescens,Aubl.,Brazil
Annonaceae,Xylopia involucrata,M.C.Dias & Kin.-Gouv.,Brazil
Annonaceae,Xylopia laevigata,(Mart.) R.E. Fr.,Brazil
Annonaceae,Xylopia langsdorfiana,St.Hilaire & Tulasne,Brazil
Annonaceae,Xylopia ligustrifolia,Dunal,Brazil
Annonaceae,Xylopia longicuspis,R.E.Fr.,Brazil
Annonaceae,Xylopia multiflora,R.E.Fr.,Brazil
Annonaceae,Xylopia nervosa,(R.E. Fr.) Maas,Brazil
Annonaceae,Xylopia nitida,Dunal,Brazil
Annonaceae,Xylopia ochrantha,Mart.,Brazil
Annonaceae,Xylopia parviflora,Spruce,Brazil
Annonaceae,Xylopia polyantha,R.E.Fr.,Brazil
Annonaceae,Xylopia pulcherrima,Sandwith,Brazil
Annonaceae,Xylopia rigidiflora,Bagstad & D.M.Johnson,Brazil
Annonaceae,Xylopia sericea,A.St.-Hil.,Brazil
Annonaceae,Xylopia spruceana,Benth. ex Spruce,Brazil
Annonaceae,Xylopia trichostemon,R.E.Fr.,Brazil
Annonaceae,Xylopia uniflora,R.E.Fr.,Brazil
Annonaceae,Xylopia xylantha,R.E.Fr.,Brazil
Apocynaceae,Ambelania acida,Aubl.,Brazil
Apocynaceae,Ambelania duckei,Markgr.,Brazil
Apocynaceae,Ambelania occidentalis,Zarucchi,Brazil
Apocynaceae,Aspidosperma album,(Vahl) Benoist ex Pichon,Brazil
Apocynaceae,Aspidosperma araracanga,Marc.-Ferr.,Brazil
Apocynaceae,Aspidosperma auriculatum,Markgr.,Brazil
Apocynaceae,Aspidosperma australe,Müll.Arg.,Brazil
Apocynaceae,Aspidosperma brasiliense,A.S.S.Pereira & A.C.D.Castello,Brazil
Apocynaceae,Aspidosperma camporum,Müll.Arg.,Brazil
Apocynaceae,Aspidosperma carapanauba,Pichon,Brazil
Apocynaceae,Aspidosperma castroanum,A.C.D.Castello,Brazil
Apocynaceae,Aspidosperma compactinervium,Kuhlm.,Brazil
Apocynaceae,Aspidosperma confertiflorum,A.C.D.Castello,Brazil
Apocynaceae,Aspidosperma cuspa,(Kunth) S.F.Blake ex Pittier,Brazil
Apocynaceae,Aspidosperma cylindrocarpon,Müll.Arg.,Brazil
Apocynaceae,Aspidosperma darienense,Woodson ex Dwyer,Brazil
Apocynaceae,Aspidosperma decussatum,Woodson,Brazil
Apocynaceae,Aspidosperma desmanthum,Benth. ex Müll.Arg.,Brazil
Apocynaceae,Aspidosperma discolor,A.DC.,Brazil
Apocynaceae,Aspidosperma dispermum,Müll.Arg.,Brazil
Apocynaceae,Aspidosperma excelsum,Benth.,Brazil
Apocynaceae,Aspidosperma formosanum,Duarte,Brazil
Apocynaceae,Aspidosperma gomezianum,A.DC.,Brazil
Apocynaceae,Aspidosperma huberianum,A.S.S.Pereira,Brazil
Apocynaceae,Aspidosperma illustre,(Vell.) Kuhlm. & Piraja,Brazil
Apocynaceae,Aspidosperma inundatum,Ducke,Brazil
Apocynaceae,Aspidosperma leucocymosum,Kuhlm.,Brazil
Apocynaceae,Aspidosperma macrocarpon,Mart.,Brazil
Apocynaceae,Aspidosperma macrophyllum,Müll.Arg.,Brazil
Apocynaceae,Aspidosperma melanocalyx,Müll.Arg.,Brazil
Apocynaceae,Aspidosperma multiflorum,A.DC.,Brazil
Apocynaceae,Aspidosperma myristicifolium,(Markgr.) Woodson,Brazil
Apocynaceae,Aspidosperma neblinae,Monach.,Brazil
Apocynaceae,Aspidosperma nigricans,Handro,Brazil
Apocynaceae,Aspidosperma nobile,Müll.Arg.,Brazil
Apocynaceae,Aspidosperma oblongum,A.DC.,Brazil
Apocynaceae,Aspidosperma obscurinervium,Azambuja,Brazil
Apocynaceae,Aspidosperma occidentale,Malme,Brazil
Apocynaceae,Aspidosperma oliganthum,Woodson,Brazil
Apocynaceae,Aspidosperma pachypterum,Müll.Arg.,Brazil
Apocynaceae,Aspidosperma parvifolium,A.DC.,Brazil
Apocynaceae,Aspidosperma polyneuron,Müll.Arg.,Brazil
Apocynaceae,Aspidosperma pyricollum,Müll.Arg.,Brazil
Apocynaceae,Aspidosperma pyrifolium,Mart.,Brazil
Apocynaceae,Aspidosperma quebracho-blanco,Schltdl.,Brazil
Apocynaceae,Aspidosperma quirandy,Hassl.,Brazil
Apocynaceae,Aspidosperma ramiflorum,Müll.Arg.,Brazil
Apocynaceae,Aspidosperma refractum,Mart.,Brazil
Apocynaceae,Aspidosperma riedelii,Müll.Arg.,Brazil
Apocynaceae,Aspidosperma rigidum,Rusby,Brazil
Apocynaceae,Aspidosperma rizzoanum,Scudeler & A.C.D.Castello,Brazil
Apocynaceae,Aspidosperma salgadense,Markgr.,Brazil
Apocynaceae,Aspidosperma sandwithianum,Markgr.,Brazil
Apocynaceae,Aspidosperma schultesii,Woodson,Brazil
Apocynaceae,Aspidosperma spruceanum,Benth. ex Müll.Arg.,Brazil
Apocynaceae,Aspidosperma steyermarkii,Woodson,Brazil
Apocynaceae,Aspidosperma subincanum,Mart.,Brazil
Apocynaceae,Aspidosperma thomasii,Marc.-Ferr.,Brazil
Apocynaceae,Aspidosperma tomentosum,Mart.,Brazil
Apocynaceae,Aspidosperma ulei,Markgr.,Brazil
Apocynaceae,Aspidosperma verbascifolium,Müll.Arg.,Brazil
Apocynaceae,Cascabela thevetia,(L.) Lippold,Brazil
Apocynaceae,Couma catingae,Ducke,Brazil
Apocynaceae,Couma guianensis,Aubl.,Brazil
Apocynaceae,Couma macrocarpa,Barb.Rodr.,Brazil
Apocynaceae,Couma rigida,Müll.Arg.,Brazil
Apocynaceae,Couma utilis,(Mart.) Müll.Arg.,Brazil
Apocynaceae,Geissospermum argenteum,Woodson,Brazil
Apocynaceae,Geissospermum laeve,(Vell.) Miers,Brazil
Apocynaceae,Geissospermum reticulatum,A.H.Gentry,Brazil
Apocynaceae,Geissospermum sericeum,Miers,Brazil
Apocynaceae,Geissospermum urceolatum,A.H.Gentry,Brazil
Apocynaceae,Hancornia speciosa,Gomes,Brazil
Apocynaceae,Himatanthus articulatus,(Vahl) Woodson,Brazil
Apocynaceae,Himatanthus attenuatus,(Benth.) Woodson,Brazil
Apocynaceae,Himatanthus bracteatus,(A.DC.) Woodson,Brazil
Apocynaceae,Himatanthus drasticus,(Mart.) Plumel,Brazil
Apocynaceae,Himatanthus obovatus,(Müll.Arg.) Woodson,Brazil
Apocynaceae,Himatanthus phagedaenicus,(Mart.) Woodson,Brazil
Apocynaceae,Himatanthus revolutus,(Huber) Spina & Kin.-Gouv.,Brazil
Apocynaceae,Himatanthus semilunatus,Markgr.,Brazil
Apocynaceae,Himatanthus tarapotensis,(K.Schum. ex Markgr.) Plumel,Brazil
Apocynaceae,Lacmellea aculeata,(Ducke) Monach.,Brazil
Apocynaceae,Lacmellea arborescens,(Müll.Arg.) Markgr.,Brazil
Apocynaceae,Lacmellea bahiensis,J.F.Morales,Brazil
Apocynaceae,Lacmellea edulis,H.Karst.,Brazil
Apocynaceae,Lacmellea floribunda,(Poepp.) Benth. & Hook.f.,Brazil
Apocynaceae,Lacmellea gracilis,(Müll.Arg.) Markgr.,Brazil
Apocynaceae,Lacmellea guyanensis,(Müll.Arg.) Monach.,Brazil
Apocynaceae,Lacmellea lactescens,(Kuhlm.) Markgr.,Brazil
Apocynaceae,Lacmellea microcarpa,(Müll.Arg.) Markgr.,Brazil
Apocynaceae,Lacmellea pauciflora,(Kuhlm.) Markgr.,Brazil
Apocynaceae,Lacmellea ramosissima,(Müll.Arg.) Markgr.,Brazil
Apocynaceae,Laxoplumeria baehniana,Monach.,Brazil
Apocynaceae,Macoubea guianensis,Aubl.,Brazil
Apocynaceae,Macoubea sprucei,(Müll.Arg.) Markgr.,Brazil
Apocynaceae,Malouetia amazonica,M.E.Endress,Brazil
Apocynaceae,Malouetia amplexicaulis,Spruce ex Müll.Arg.,Brazil
Apocynaceae,Malouetia aquatica,Markgr.,Brazil
Apocynaceae,Malouetia calva,Markgr.,Brazil
Apocynaceae,Malouetia cestroides,(Nees ex Mart.) Müll.Arg.,Brazil
Apocynaceae,Malouetia duckei,Markgr.,Brazil
Apocynaceae,Malouetia glandulifera,Miers,Brazil
Apocynaceae,Malouetia gracillima,Woodson,Brazil
Apocynaceae,Malouetia lata,Markgr.,Brazil
Apocynaceae,Malouetia nitida,Spruce ex Müll.Arg.,Brazil
Apocynaceae,Malouetia pubescens,Markgr.,Brazil
Apocynaceae,Malouetia sessilis,(Vell.) Müll.Arg.,Brazil
Apocynaceae,Malouetia tamaquarina,(Aubl.) A.DC.,Brazil
Apocynaceae,Malouetia virescens,Spruce ex Müll.Arg.,Brazil
Apocynaceae,Mandevilla subcarnosa,(Benth.) Woodson,Brazil
Apocynaceae,Microplumeria anomala,(Müll.Arg.) Markgr.,Brazil
Apocynaceae,Molongum laxum,(Benth.) Pichon,Brazil
Apocynaceae,Molongum lucidum,(Kunth) Zarucchi,Brazil
Apocynaceae,Molongum zschokkeiforme,(Markgr.) Pichon,Brazil
Apocynaceae,Mucoa duckei,(Markgr.) Zarucchi,Brazil
Apocynaceae,Mucoa pantchenkoana,(Markgr.) Zarucchi,Brazil
Apocynaceae,Neocouma parviflora,(Markgr.) Zarucchi,Brazil
Apocynaceae,Neocouma ternstroemiacea,(Müll.Arg.) Pierre,Brazil
Apocynaceae,Parahancornia amara,(Markgr.) Monach.,Brazil
Apocynaceae,Parahancornia fasciculata,(Poir.) Benoist,Brazil
Apocynaceae,Parahancornia krukovii,Monach.,Brazil
Apocynaceae,Parahancornia negroensis,Monach.,Brazil
Apocynaceae,Parahancornia oblonga,(Benth. ex Müll.Arg.) Monach.,Brazil
Apocynaceae,Parahancornia peruviana,Monach.,Brazil
Apocynaceae,Parahancornia surrogata,Zarucchi,Brazil
Apocynaceae,Rauvolfia andina,Markgr.,Brazil
Apocynaceae,Rauvolfia atlantica,Emygdio,Brazil
Apocynaceae,Rauvolfia bahiensis,A.DC.,Brazil
Apocynaceae,Rauvolfia capixabae,I.Koch & Kin.-Gouv.,Brazil
Apocynaceae,Rauvolfia grandiflora,Mart. ex A.DC.,Brazil
Apocynaceae,Rauvolfia ligustrina,Roem. & Schult.,Brazil
Apocynaceae,Rauvolfia macrantha,K.Schum. ex Markgr.,Brazil
Apocynaceae,Rauvolfia paraensis,Ducke,Brazil
Apocynaceae,Rauvolfia pentaphylla,Ducke,Brazil
Apocynaceae,Rauvolfia polyphylla,Benth.,Brazil
Apocynaceae,Rauvolfia praecox,K.Schum. ex Markgr.,Brazil
Apocynaceae,Rauvolfia pruinosifolia,I.Koch & Kin.-Gouv.,Brazil
Apocynaceae,Rauvolfia sellowii,Müll.Arg.,Brazil
Apocynaceae,Rauvolfia sprucei,Müll.Arg.,Brazil
Apocynaceae,Rhigospira quadrangularis,(Müll.Arg.) Miers,Brazil
Apocynaceae,Spongiosperma grandiflorum,(Huber) Zarucchi,Brazil
Apocynaceae,Spongiosperma longilobum,(Markgr.) Zarucchi,Brazil
Apocynaceae,Spongiosperma macrophyllum,(Müll.Arg.) Zarucchi,Brazil
Apocynaceae,Tabernaemontana albiflora,(Miq.) Pulle,Brazil
Apocynaceae,Tabernaemontana angulata,Mart. ex Müll.Arg.,Brazil
Apocynaceae,Tabernaemontana brasiliensis,(Leeuwenb.) A.O.Simões & M.E.Endress,Brazil
Apocynaceae,Tabernaemontana catharinensis,A.DC.,Brazil
Apocynaceae,Tabernaemontana coriacea,Link ex Roem. & Schult.,Brazil
Apocynaceae,Tabernaemontana cumata,Leeuwenb.,Brazil
Apocynaceae,Tabernaemontana cuspidata,Rusby,Brazil
Apocynaceae,Tabernaemontana cymosa,Jacq.,Brazil
Apocynaceae,Tabernaemontana disticha,A.DC.,Brazil
Apocynaceae,Tabernaemontana flavicans,Roem. & Schult.,Brazil
Apocynaceae,Tabernaemontana grandiflora,Jacq.,Brazil
Apocynaceae,Tabernaemontana heterophylla,Vahl,Brazil
Apocynaceae,Tabernaemontana hystrix,Steud.,Brazil
Apocynaceae,Tabernaemontana laeta,Mart.,Brazil
Apocynaceae,Tabernaemontana lagenaria,Leeuwenb.,Brazil
Apocynaceae,Tabernaemontana linkii,A.DC.,Brazil
Apocynaceae,Tabernaemontana lorifera,(Miers) Leeuwenb.,Brazil
Apocynaceae,Tabernaemontana macrocalyx,Müll.Arg.,Brazil
Apocynaceae,Tabernaemontana markgrafiana,J.F.Macbr.,Brazil
Apocynaceae,Tabernaemontana maxima,Markgr.,Brazil
Apocynaceae,Tabernaemontana muricata,Link ex Roem. & Schult.,Brazil
Apocynaceae,Tabernaemontana palustris,Markgr.,Brazil
Apocynaceae,Tabernaemontana rupicola,Benth.,Brazil
Apocynaceae,Tabernaemontana salzmannii,A.DC.,Brazil
Apocynaceae,Tabernaemontana sananho,Ruiz & Pav.,Brazil
Apocynaceae,Tabernaemontana siphilitica,(L.f.) Leeuwenb.,Brazil
Apocynaceae,Tabernaemontana solanifolia,A.DC.,Brazil
Apocynaceae,Tabernaemontana undulata,Vahl,Brazil
Apocynaceae,Tabernaemontana vanheurckii,Müll.Arg.,Brazil
Aquifoliaceae,Ilex affinis,Gardner,Brazil
Aquifoliaceae,Ilex ardisiifrons,Reissek,Brazil
Aquifoliaceae,Ilex auricula,S.Andrews,Brazil
Aquifoliaceae,Ilex brasiliensis,(Spreng.) Loes.,Brazil
Aquifoliaceae,Ilex brevicuspis,Reissek,Brazil
Aquifoliaceae,Ilex cerasifolia,Reissek,Brazil
Aquifoliaceae,Ilex conocarpa,Reissek,Brazil
Aquifoliaceae,Ilex diospyroides,Reissek,Brazil
Aquifoliaceae,Ilex diuretica,Mart. ex Reissek,Brazil
Aquifoliaceae,Ilex divaricata,Mart. ex Reissek,Brazil
Aquifoliaceae,Ilex dumosa,Reissek,Brazil
Aquifoliaceae,Ilex euryaeformis,Reissek,Brazil
Aquifoliaceae,Ilex floribunda,Reissek ex Maxim.,Brazil
Aquifoliaceae,Ilex grandis,Reissek,Brazil
Aquifoliaceae,Ilex integerrima,Reissek,Brazil
Aquifoliaceae,Ilex inundata,Poepp. ex Reissek,Brazil
Aquifoliaceae,Ilex laureola,Triana,Brazil
Aquifoliaceae,Ilex longipetiolata,Loes.,Brazil
Aquifoliaceae,Ilex lundii,Warm.,Brazil
Aquifoliaceae,Ilex microdonta,Reissek,Brazil
Aquifoliaceae,Ilex neblinensis,Edwin,Brazil
Aquifoliaceae,Ilex paraguariensis,A.St.-Hil.,Brazil
Aquifoliaceae,Ilex petiolaris,Benth.,Brazil
Aquifoliaceae,Ilex psammophila,Reissek,Brazil
Aquifoliaceae,Ilex pseudobuxus,Reissek,Brazil
Aquifoliaceae,Ilex pseudoumbelliformis,T.R.Dudley,Brazil
Aquifoliaceae,Ilex sapiiformis,Reissek,Brazil
Aquifoliaceae,Ilex sapotifolia,Reissek,Brazil
Aquifoliaceae,Ilex spruceana,Reissek,Brazil
Aquifoliaceae,Ilex taubertiana,Loes.,Brazil
Aquifoliaceae,Ilex theezans,Mart. ex Reissek,Brazil
Aquifoliaceae,Ilex uleana,Loes.,Brazil
Aquifoliaceae,Ilex velutina,Mart. ex Reissek,Brazil
Aquifoliaceae,Ilex vismiifolia,Reissek,Brazil
Araliaceae,Aralia bahiana,J.Wen,Brazil
Araliaceae,Aralia warmingiana,(Marchal) J.Wen,Brazil
Araliaceae,Crepinella eximia,"(Frodin) Lowry, G.M.Plunkett & D.A.Neill",Brazil
Araliaceae,Crepinella gracilis,Marchal,Brazil
Araliaceae,Crepinella japurensis,"(Mart. & Zucc. ex Marchal) D.A.Neill, Lowry & G.M.Plunkett",Brazil
Araliaceae,Crepinella neblinae,"(Maguire, Steyerm. & Frodin) G.M.Plunkett, Lowry & D.A.Neill",Brazil
Araliaceae,Crepinella pallens,"(Maguire, Steyerm. & Frodin) G.M.Plunkett, Lowry & D.A.Neill",Brazil
Araliaceae,Crepinella simplex,"(Steyerm. & Holst) G.M.Plunkett, Lowry & D.A.Neill",Brazil
Araliaceae,Crepinella spruceana,"(Seem.) G.M.Plunkett, Lowry & D.A.Neill",Brazil
Araliaceae,Crepinella suaveolens,"(Frodin) G.M.Plunkett, Lowry & D.A.Neill",Brazil
Araliaceae,Crepinella varisiana,"(Frodin) G.M.Plunkett, Lowry & D.A.Neill",Brazil
Araliaceae,Dendropanax alaris,(Schltdl.) Decne. & Planch.,Brazil
Araliaceae,Dendropanax amorimii,Fiaschi,Brazil
Araliaceae,Dendropanax arboreus,(L.) Decne. & Planch.,Brazil
Araliaceae,Dendropanax australis,Fiaschi & Jung-Mend.,Brazil
Araliaceae,Dendropanax brasiliensis,(Seem.) Frodin,Brazil
Araliaceae,Dendropanax cuneatus,(DC.) Decne. & Planch.,Brazil
Araliaceae,Dendropanax denticulatus,Fiaschi,Brazil
Araliaceae,Dendropanax fluminensis,Fiaschi,Brazil
Araliaceae,Dendropanax geniculatus,Fiaschi,Brazil
Araliaceae,Dendropanax langsdorfii,(Marchal) Frodin,Brazil
Araliaceae,Dendropanax macropodus,(Harms) Harms,Brazil
Araliaceae,Dendropanax monogynus,(Vell.) Seem.,Brazil
Araliaceae,Dendropanax neblinae,"Maguire, Steyerm. & Frodin",Brazil
Araliaceae,Dendropanax nebulosus,Fiaschi & Jung-Mend.,Brazil
Araliaceae,Dendropanax palustris,(Ducke) Harms,Brazil
Araliaceae,Dendropanax resinosus,(Marchal) Frodin,Brazil
Araliaceae,Dendropanax trilobus,(Gardner) Seem.,Brazil
Araliaceae,Didymopanax acuminatus,Marchal,Brazil
Araliaceae,Didymopanax angustissimus,Marchal,Brazil
Araliaceae,Didymopanax auratus,(Fiaschi) Fiaschi & G.M.Plunkett,Brazil
Araliaceae,Didymopanax burchellii,Seem.,Brazil
Araliaceae,Didymopanax calvus,(Cham.) Decne. & Planch.,Brazil
Araliaceae,Didymopanax capixabus,(Fiaschi) Fiaschi & G.M.Plunkett,Brazil
Araliaceae,Didymopanax cephalanthus,Harms,Brazil
Araliaceae,Didymopanax ciliatifolius,(Fiaschi & Frodin) Fiaschi & G.M.Plunkett,Brazil
Araliaceae,Didymopanax confusus,(Marchal) Fiaschi & G.M.Plunkett,Brazil
Araliaceae,Didymopanax decaphyllus,(Seem.) Fiaschi & G.M.Plunkett,Brazil
Araliaceae,Didymopanax dichotomus,(Fiaschi & Frodin) Fiaschi & G.M.Plunkett,Brazil
Araliaceae,Didymopanax distractiflorus,Harms,Brazil
Araliaceae,Didymopanax grandigemmus,(Fiaschi) Fiaschi & G.M.Plunkett,Brazil
Araliaceae,Didymopanax kollmannii,(Fiaschi) Fiaschi & G.M.Plunkett,Brazil
Araliaceae,Didymopanax longipetiolatus,(Pohl ex DC.) Marchal,Brazil
Araliaceae,Didymopanax macrocarpus,(Cham. & Schltdl.) Seem.,Brazil
Araliaceae,Didymopanax malmei,Harms,Brazil
Araliaceae,Didymopanax morototoni,(Aubl.) Decne. & Planch.,Brazil
Araliaceae,Didymopanax plurifolius,(Fiaschi & Frodin) Fiaschi & G.M.Plunkett,Brazil
Araliaceae,Didymopanax plurispicatus,"(Maguire, Steyerm. & Frodin) Fiaschi & G.M.Plunkett",Brazil
Araliaceae,Didymopanax prancei,(Fiaschi & G.M.Plunkett) Fiaschi & G.M.Plunkett,Brazil
Araliaceae,Didymopanax pubicarpus,(Fiaschi & G.M.Plunkett) Fiaschi & G.M.Plunkett,Brazil
Araliaceae,Didymopanax racemiferus,(Fiaschi & Frodin) Fiaschi & G.M.Plunkett,Brazil
Araliaceae,Didymopanax ruschianus,(Fiaschi & Pirani) Fiaschi & G.M.Plunkett,Brazil
Araliaceae,Didymopanax selloi,Marchal,Brazil
Araliaceae,Didymopanax umbrosus,(Frodin & Fiaschi) Fiaschi & G.M.Plunkett,Brazil
Araliaceae,Didymopanax villosissimus,(Fiaschi & Pirani) Fiaschi & G.M.Plunkett,Brazil
Araliaceae,Didymopanax vinosus,(Cham. & Schltdl.) Marchal,Brazil
Araliaceae,Oreopanax capitatus,(Jacq.) Decne. & Planch.,Brazil
Araliaceae,Oreopanax fulvus,Marchal,Brazil
Araliaceae,Sciodaphyllum asymmetricum,"(Frodin) Lowry, G.M.Plunkett & M.M.Mora",Brazil
Araliaceae,Sciodaphyllum concolor,"(Frodin) Lowry, G.M.Plunkett & M.M.Mora",Brazil
Araliaceae,Sciodaphyllum duidae,"(Steyerm.) Lowry, G.M.Plunkett & M.M.Mora",Brazil
Araliaceae,Sciodaphyllum sprucei,Seem.,Brazil
Araliaceae,Sciodaphyllum tremuloideum,"(Maguire, Steyerm. & Frodin) Lowry, G.M.Plunkett & M.M.Mora",Brazil
Araucariaceae,Araucaria angustifolia,(Bertol.) Kuntze,Brazil
Arecaceae,Acrocomia aculeata,(Jacq.) Lodd. ex R.Keith,Brazil
Arecaceae,Acrocomia intumescens,Drude,Brazil
Arecaceae,Acrocomia totai,Mart.,Brazil
Arecaceae,Aiphanes deltoidea,Burret,Brazil
Arecaceae,Aiphanes horrida,(Jacq.) Burret,Brazil
Arecaceae,Aiphanes ulei,(Dammer) Burret,Brazil
Arecaceae,Allagoptera caudescens,(Mart.) Kuntze,Brazil
Arecaceae,Aphandra natalia,(Balslev & A.J.Hend.) Barfod,Brazil
Arecaceae,Astrocaryum aculeatissimum,(Schott) Burret,Brazil
Arecaceae,Astrocaryum aculeatum,G.Mey.,Brazil
Arecaceae,Astrocaryum chambira,Burret,Brazil
Arecaceae,Astrocaryum ciliatum,F.Kahn & B.Millán,Brazil
Arecaceae,Astrocaryum echinatum,Barb.Rodr.,Brazil
Arecaceae,Astrocaryum faranae,F.Kahn & E.Ferreira,Brazil
Arecaceae,Astrocaryum ferrugineum,F.Kahn & B.Millán,Brazil
Arecaceae,Astrocaryum giganteum,Barb.Rodr.,Brazil
Arecaceae,Astrocaryum huaimi,Mart.,Brazil
Arecaceae,Astrocaryum jauari,Mart.,Brazil
Arecaceae,Astrocaryum javarense,(Trail) Drude,Brazil
Arecaceae,Astrocaryum minus,Trail,Brazil
Arecaceae,Astrocaryum murumuru,Mart.,Brazil
Arecaceae,Astrocaryum rodriguesii,Trail,Brazil
Arecaceae,Astrocaryum sciophilum,(Miq.) Pulle,Brazil
Arecaceae,Astrocaryum tucuma,Mart.,Brazil
Arecaceae,Astrocaryum ulei,Burret,Brazil
Arecaceae,Astrocaryum vulgare,Mart.,Brazil
Arecaceae,Attalea burretiana,Bondar,Brazil
Arecaceae,Attalea butyracea,(Mutis ex L.f.) Wess.Boer,Brazil
Arecaceae,Attalea camposportoana,Burret,Brazil
Arecaceae,Attalea cephalotus,Poepp. ex Mart.,Brazil
Arecaceae,Attalea compta,Mart.,Brazil
Arecaceae,Attalea dahlgreniana,(Bondar) Wess.Boer,Brazil
Arecaceae,Attalea dubia,(Mart.) Burret,Brazil
Arecaceae,Attalea eichleri,(Drude) A.J.Hend.,Brazil
Arecaceae,Attalea exigua,Drude,Brazil
Arecaceae,Attalea funifera,Mart.,Brazil
Arecaceae,Attalea insignis,(Mart.) Drude,Brazil
Arecaceae,Attalea maripa,(Aubl.) Mart.,Brazil
Arecaceae,Attalea microcarpa,Mart.,Brazil
Arecaceae,Attalea oleifera,Barb.Rodr.,Brazil
Arecaceae,Attalea phalerata,Mart. ex Spreng.,Brazil
Arecaceae,Attalea pindobassu,Bondar,Brazil
Arecaceae,Attalea princeps,Mart.,Brazil
Arecaceae,Attalea seabrensis,Glassman,Brazil
Arecaceae,Attalea speciosa,Mart.,Brazil
Arecaceae,Attalea spectabilis,Mart.,Brazil
Arecaceae,Attalea tessmannii,Burret,Brazil
Arecaceae,Bactris acanthocarpa,Mart.,Brazil
Arecaceae,Bactris acanthocarpoides,Barb.Rodr.,Brazil
Arecaceae,Bactris balanophora,Spruce,Brazil
Arecaceae,Bactris bidentula,Spruce,Brazil
Arecaceae,Bactris bifida,Mart.,Brazil
Arecaceae,Bactris brongniartii,Mart.,Brazil
Arecaceae,Bactris campestris,Poepp.,Brazil
Arecaceae,Bactris concinna,Mart.,Brazil
Arecaceae,Bactris constanciae,Barb.Rodr.,Brazil
Arecaceae,Bactris corossilla,H.Karst.,Brazil
Arecaceae,Bactris elegans,Schaedtler,Brazil
Arecaceae,Bactris ferruginea,Burret,Brazil
Arecaceae,Bactris gasipaes,Kunth,Brazil
Arecaceae,Bactris glaucescens,Drude,Brazil
Arecaceae,Bactris halmoorei,A.J.Hend.,Brazil
Arecaceae,Bactris hatschbachii,Noblick ex A.J.Hend.,Brazil
Arecaceae,Bactris hirta,Mart.,Brazil
Arecaceae,Bactris horridispatha,Noblick ex A.J.Hend.,Brazil
Arecaceae,Bactris macroacantha,Mart.,Brazil
Arecaceae,Bactris major,Jacq.,Brazil
Arecaceae,Bactris maraja,Mart.,Brazil
Arecaceae,Bactris martiana,A.J.Hend.,Brazil
Arecaceae,Bactris nancibaensis,Granv.,Brazil
Arecaceae,Bactris pickelii,Burret,Brazil
Arecaceae,Bactris riparia,Mart.,Brazil
Arecaceae,Bactris setosa,Mart.,Brazil
Arecaceae,Bactris sphaerocarpa,Trail,Brazil
Arecaceae,Bactris timbuiensis,H.Q.B.Fern.,Brazil
Arecaceae,Bactris tomentosa,Mart.,Brazil
Arecaceae,Bactris turbinocarpa,Barb.Rodr.,Brazil
Arecaceae,Butia capitata,(Mart.) Becc.,Brazil
Arecaceae,Butia catarinensis,Noblick & Lorenzi,Brazil
Arecaceae,Butia eriospatha,(Mart. ex Drude) Becc.,Brazil
Arecaceae,Butia exilata,Deble & Marchiori,Brazil
Arecaceae,Butia lepidotispatha,Noblick,Brazil
Arecaceae,Butia odorata,(Barb.Rodr.) Noblick,Brazil
Arecaceae,Butia paraguayensis,(Barb.Rodr.) L.H.Bailey,Brazil
Arecaceae,Butia purpurascens,Glassman,Brazil
Arecaceae,Butia yatay,(Mart.) Becc.,Brazil
Arecaceae,Chamaedorea angustisecta,Burret,Brazil
Arecaceae,Chamaedorea pinnatifrons,(Jacq.) Oerst.,Brazil
Arecaceae,Chelyocarpus chuco,(Mart.) H.E.Moore,Brazil
Arecaceae,Chelyocarpus ulei,Dammer,Brazil
Arecaceae,Copernicia alba,Morong,Brazil
Arecaceae,Copernicia prunifera,(Mill.) H.E.Moore,Brazil
Arecaceae,Desmoncus polyacanthos,Mart.,Brazil
Arecaceae,Dictyocaryum ptarianum,(Steyerm.) H.E.Moore & Steyerm.,Brazil
Arecaceae,Elaeis oleifera,(Kunth) Cortés,Brazil
Arecaceae,Euterpe catinga,Wallace,Brazil
Arecaceae,Euterpe edulis,Mart.,Brazil
Arecaceae,Euterpe longibracteata,Barb.Rodr.,Brazil
Arecaceae,Euterpe oleracea,Mart.,Brazil
Arecaceae,Euterpe precatoria,Mart.,Brazil
Arecaceae,Geonoma baculifera,(Poit.) Kunth,Brazil
Arecaceae,Geonoma brongniartii,Mart.,Brazil
Arecaceae,Geonoma camana,Trail,Brazil
Arecaceae,Geonoma deversa,(Poit.) Kunth,Brazil
Arecaceae,Geonoma elegans,Mart.,Brazil
Arecaceae,Geonoma laxiflora,Mart.,Brazil
Arecaceae,Geonoma macrostachys,Mart.,Brazil
Arecaceae,Geonoma maxima,(Poit.) Kunth,Brazil
Arecaceae,Geonoma occidentalis,(A.J.Hend.) A.J.Hend.,Brazil
Arecaceae,Geonoma oldemanii,Granv.,Brazil
Arecaceae,Geonoma oligoclona,Trail,Brazil
Arecaceae,Geonoma poeppigiana,Mart.,Brazil
Arecaceae,Geonoma pohliana,Mart.,Brazil
Arecaceae,Geonoma schottiana,Mart.,Brazil
Arecaceae,Geonoma stricta,(Poit.) Kunth,Brazil
Arecaceae,Geonoma undata,Klotzsch,Brazil
Arecaceae,Hyospathe elegans,Mart.,Brazil
Arecaceae,Iriartea deltoidea,Ruiz & Pav.,Brazil
Arecaceae,Iriartella setigera,(Mart.) H.Wendl.,Brazil
Arecaceae,Iriartella stenocarpa,Burret,Brazil
Arecaceae,Itaya amicorum,H.E.Moore,Brazil
Arecaceae,Leopoldinia piassaba,Wallace,Brazil
Arecaceae,Leopoldinia pulchra,Mart.,Brazil
Arecaceae,Lepidocaryum tenue,Mart.,Brazil
Arecaceae,Manicaria martiana,Burret,Brazil
Arecaceae,Manicaria saccifera,Gaertn.,Brazil
Arecaceae,Mauritia carana,Wallace,Brazil
Arecaceae,Mauritia flexuosa,L.f.,Brazil
Arecaceae,Mauritiella aculeata,(Kunth) Burret,Brazil
Arecaceae,Mauritiella armata,(Mart.) Burret,Brazil
Arecaceae,Oenocarpus bacaba,Mart.,Brazil
Arecaceae,Oenocarpus balickii,F.Kahn,Brazil
Arecaceae,Oenocarpus bataua,Mart.,Brazil
Arecaceae,Oenocarpus distichus,Mart.,Brazil
Arecaceae,Oenocarpus mapora,H.Karst.,Brazil
Arecaceae,Oenocarpus minor,Mart.,Brazil
Arecaceae,Pholidostachys synanthera,(Mart.) H.E.Moore,Brazil
Arecaceae,Phytelephas macrocarpa,Ruiz & Pav.,Brazil
Arecaceae,Prestoea schultzeana,(Burret) H.E.Moore,Brazil
Arecaceae,Prestoea tenuiramosa,(Dammer) H.E.Moore,Brazil
Arecaceae,Raphia taedigera,(Mart.) Mart.,Brazil
Arecaceae,Socratea exorrhiza,(Mart.) H.Wendl.,Brazil
Arecaceae,Socratea salazarii,H.E.Moore,Brazil
Arecaceae,Syagrus botryophora,(Mart.) Mart.,Brazil
Arecaceae,Syagrus campylospatha,(Barb.Rodr.) Becc.,Brazil
Arecaceae,Syagrus cearensis,Noblick,Brazil
Arecaceae,Syagrus cocoides,Mart.,Brazil
Arecaceae,Syagrus comosa,(Mart.) Mart.,Brazil
Arecaceae,Syagrus coronata,(Mart.) Becc.,Brazil
Arecaceae,Syagrus deflexa,Noblick & Lorenzi,Brazil
Arecaceae,Syagrus flexuosa,(Mart.) Becc.,Brazil
Arecaceae,Syagrus glaucescens,Glaz. ex Becc.,Brazil
Arecaceae,Syagrus hoehnei,Burret,Brazil
Arecaceae,Syagrus inajai,(Spruce) Becc.,Brazil
Arecaceae,Syagrus itapebiensis,(Noblick & Lorenzi) Noblick & Meerow,Brazil
Arecaceae,Syagrus kellyana,Noblick & Lorenzi,Brazil
Arecaceae,Syagrus lorenzoniorum,Noblick & Lorenzi,Brazil
Arecaceae,Syagrus macrocarpa,Barb.Rodr.,Brazil
Arecaceae,Syagrus microphylla,Burret,Brazil
Arecaceae,Syagrus oleracea,(Mart.) Becc.,Brazil
Arecaceae,Syagrus picrophylla,Barb.Rodr.,Brazil
Arecaceae,Syagrus pseudococos,(Raddi) Glassman,Brazil
Arecaceae,Syagrus romanzoffiana,(Cham.) Glassman,Brazil
Arecaceae,Syagrus ruschiana,(Bondar) Glassman,Brazil
Arecaceae,Syagrus sancona,(Kunth) H.Karst.,Brazil
Arecaceae,Syagrus santosii,K.Soares & C.A.Guim.,Brazil
Arecaceae,Syagrus schizophylla,(Mart.) Glassman,Brazil
Arecaceae,Syagrus smithii,(H.E.Moore) Glassman,Brazil
Arecaceae,Syagrus vagans,(Bondar) A.D.Hawkes,Brazil
Arecaceae,Syagrus vermicularis,Noblick,Brazil
Arecaceae,Syagrus weddelliana,(H.Wendl.) Becc.,Brazil
Arecaceae,Trithrinax brasiliensis,Mart.,Brazil
Arecaceae,Trithrinax schizophylla,Drude,Brazil
Arecaceae,Wettinia augusta,Poepp. & Endl.,Brazil
Arecaceae,Wettinia drudei,(O.F.Cook & Doyle) A.J.Hend.,Brazil
Asparagaceae,Cordyline sellowiana,Kunth,Brazil
Asparagaceae,Furcraea acaulis,(Kunth) B.Ullrich,Brazil
Asteraceae,Acritopappus buiquensis,Bautista & D.J.N.Hind,Brazil
Asteraceae,Acritopappus catolesensis,D.J.N.Hind & Bautista,Brazil
Asteraceae,Acritopappus confertus,(Gardner) R.M.King & H.Rob.,Brazil
Asteraceae,Acritopappus connatifolius,(Soar.Nunes) R.M.King & H.Rob.,Brazil
Asteraceae,Acritopappus harleyi,R.M.King & H.Rob.,Brazil
Asteraceae,Acritopappus heterolepis,(Baker) R.M.King & H.Rob.,Brazil
Asteraceae,Acritopappus irwinii,R.M.King & H.Rob.,Brazil
Asteraceae,Acritopappus pereirae,"Bautista, Ortiz & Rodr. Oubiña",Brazil
Asteraceae,Acritopappus pintoi,Bautista & D.J.N.Hind,Brazil
Asteraceae,Acritopappus prunifolius,R.M.King & H.Rob.,Brazil
Asteraceae,Acritopappus subtomentosus,R.M.King & H.Rob.,Brazil
Asteraceae,Acritopappus teixeirae,R.M.King & H.Rob.,Brazil
Asteraceae,Anteremanthus hatschbachii,H.Rob.,Brazil
Asteraceae,Anteremanthus piranii,Roque & F.A.Santana,Brazil
Asteraceae,Austrocritonia angulicaulis,(Sch.Bip. ex Baker) R.M.King & H.Rob.,Brazil
Asteraceae,Baccharis longiattenuata,A.S.Oliveira,Brazil
Asteraceae,Baccharis montana,DC.,Brazil
Asteraceae,Baccharis oreophila,Malme,Brazil
Asteraceae,Baccharis pseudovaccinioides,Malag.,Brazil
Asteraceae,Baccharis punctulata,DC.,Brazil
Asteraceae,Baccharis semiserrata,DC.,Brazil
Asteraceae,Chronopappus bifrons,(DC. ex Pers.) DC.,Brazil
Asteraceae,Clibadium sylvestre,(Aubl.) Baill.,Brazil
Asteraceae,Critonia morifolia,(Mill.) R.M.King & H.Rob.,Brazil
Asteraceae,Critoniopsis quinqueflora,(Less.) H.Rob.,Brazil
Asteraceae,Dasyphyllum brasiliense,(Spreng.) Cabrera,Brazil
Asteraceae,Dasyphyllum spinescens,(Less.) Cabrera,Brazil
Asteraceae,Dendrophorbium glaziovii,(Baker) C.Jeffrey,Brazil
Asteraceae,Eremanthus arboreus,(Gardner) MacLeish,Brazil
Asteraceae,Eremanthus argenteus,MacLeish & H.Schumacher      ,Brazil
Asteraceae,Eremanthus auriculatus,MacLeish & H.Schumacher      ,Brazil
Asteraceae,Eremanthus brasiliensis,(Gardner) MacLeish,Brazil
Asteraceae,Eremanthus brevifolius,Loeuille,Brazil
Asteraceae,Eremanthus capitatus,(Spreng.) MacLeish,Brazil
Asteraceae,Eremanthus cinctus,Baker,Brazil
Asteraceae,Eremanthus crotonoides,(DC.) Sch.Bip.,Brazil
Asteraceae,Eremanthus elaeagnus,(Mart. ex DC.) Sch.Bip.,Brazil
Asteraceae,Eremanthus erythropappus,(DC.) MacLeish,Brazil
Asteraceae,Eremanthus glomerulatus,Less.,Brazil
Asteraceae,Eremanthus goyazensis,(Gardner) Sch.Bip.,Brazil
Asteraceae,Eremanthus incanus,(Less.) Less.,Brazil
Asteraceae,Eremanthus leucodendron,Mattf.,Brazil
Asteraceae,Eremanthus mattogrossensis,Kuntze,Brazil
Asteraceae,Eremanthus ovatifolius,Loeuille & Pirani,Brazil
Asteraceae,Eremanthus polycephalus,(DC.) MacLeish,Brazil
Asteraceae,Eremanthus praetermissus,Loeuille & Pirani,Brazil
Asteraceae,Eremanthus reticulatus,"(Gardner) Loeuille, Semir & Pirani",Brazil
Asteraceae,Eremanthus rondoniensis,MacLeish & H.Schumach.,Brazil
Asteraceae,Eremanthus syncephalus,"(Sch.Bip.) Loeuille, Semir & Pirani",Brazil
Asteraceae,Eremanthus uniflorus,MacLeish & Schumacher,Brazil
Asteraceae,Eremanthus veadeiroensis,H.Rob.,Brazil
Asteraceae,Eurydochus bracteatus,Maguire & Wurdack,Brazil
Asteraceae,Gongylolepis martiana,(Baker) Steyerm. & Cuatrec.,Brazil
Asteraceae,Gongylolepis oblanceolata,Pruski,Brazil
Asteraceae,Gorceixia decurrens,Baker,Brazil
Asteraceae,Heterocoma ekmaniana,"(Philipson) Loeuille, J.N.Nakaj. & Semir",Brazil
Asteraceae,Heterocoma erecta,"(H.Rob.) Loeuille, J.N.Nakaj. & Semir",Brazil
Asteraceae,Heterocoma lanuginosa,"(Glaz. ex Oliv.) Loeuille, J.N.Nakaj. & Semir",Brazil
Asteraceae,Hololepis hatschbachii,H.Rob.,Brazil
Asteraceae,Hololepis pedunculata,(DC. ex Pers.) DC.,Brazil
Asteraceae,Kaunia rufescens,(Lund ex DC.) R.M.King & H.Rob.,Brazil
Asteraceae,Lychnocephalus humillimus,"(Sch.Bip.) Loeuille, Semir & Pirani",Brazil
Asteraceae,Lychnocephalus mello-barretoi,"(G.M.Barroso) Loeuille, Semir & Pirani",Brazil
Asteraceae,Lychnocephalus tomentosus,Mart. ex DC.,Brazil
Asteraceae,Lychnophora candelabrum,Sch.Bip.,Brazil
Asteraceae,Lychnophora crispa,Mattf.,Brazil
Asteraceae,Lychnophora damazioi,Beauverd,Brazil
Asteraceae,Lychnophora diamantinana,Coile & S.B.Jones      ,Brazil
Asteraceae,Lychnophora ericoides,Mart.,Brazil
Asteraceae,Lychnophora gardneri,Sch.Bip.,Brazil
Asteraceae,Lychnophora granmogolensis,(Duarte) D.J.N.Hind,Brazil
Asteraceae,Lychnophora hatschbachii,"(H.Rob.) Loeuille, Semir & Pirani",Brazil
Asteraceae,Lychnophora martiana,Gardner,Brazil
Asteraceae,Lychnophora pinaster,(Spreng.) Spreng.,Brazil
Asteraceae,Lychnophora pohlii,Sch.Bip.,Brazil
Asteraceae,Lychnophora rosmarinifolia,Mart.        ,Brazil
Asteraceae,Lychnophora rupestris,Semir & Leitão,Brazil
Asteraceae,Lychnophora salicifolia,Mart.,Brazil
Asteraceae,Lychnophora sellovii,Sch.Bip.,Brazil
Asteraceae,Lychnophora souzae,H.Rob.,Brazil
Asteraceae,Lychnophora spiciformis,Loeuille & Siniscalchi,Brazil
Asteraceae,Lychnophora staavioides,Mart.,Brazil
Asteraceae,Lychnophora villosissima,Mart.,Brazil
Asteraceae,Lychnophorella santosii,"(H.Rob.) Loeuille, Semir & Pirani",Brazil
Asteraceae,Malmeanthus subintegerrimus,(Malme) R.M.King & H.Rob.,Brazil
Asteraceae,Maschalostachys markgrafii,(G.M.Barroso) Loeuille & Roque,Brazil
Asteraceae,Maschalostachys mellosilvae,Loeuille & Roque,Brazil
Asteraceae,Mattfeldanthus andrade-limae,(G.M.Barroso) Dematt.,Brazil
Asteraceae,Moquiniastrum oligocephalum,(Gardner) G.Sancho,Brazil
Asteraceae,Moquiniastrum polymorphum,(Less.) G.Sancho,Brazil
Asteraceae,Moquiniastrum pulchrum,(Cabrera) G.Sancho,Brazil
Asteraceae,Paralychnophora atkinsiae,D.J.N.Hind        ,Brazil
Asteraceae,Paralychnophora bicolor,(DC.) Baker,Brazil
Asteraceae,Paralychnophora glaziouana,Loeuille,Brazil
Asteraceae,Paralychnophora harleyi,(H.Rob.) D.J.N.Hind,Brazil
Asteraceae,Paralychnophora patriciana,D.J.N.Hind        ,Brazil
Asteraceae,Paralychnophora reflexoauriculata,G.M.Barroso,Brazil
Asteraceae,Piptocarpha angustifolia,Dusén ex Malme,Brazil
Asteraceae,Piptocarpha axillaris,(Less.) Baker,Brazil
Asteraceae,Piptocarpha densifolia,Dusén ex G.Lom.Sm.,Brazil
Asteraceae,Piptocarpha longipedunculata,Volet,Brazil
Asteraceae,Piptocarpha macropoda,(DC.) Baker,Brazil
Asteraceae,Piptocarpha opaca,(Benth.) Baker,Brazil
Asteraceae,Piptocarpha organensis,Cabrera,Brazil
Asteraceae,Piptocarpha poeppigiana,(DC.) Baker,Brazil
Asteraceae,Piptocarpha polycephala,Baker,Brazil
Asteraceae,Piptocarpha regnellii,(Sch.Bip.) Cabrera,Brazil
Asteraceae,Piptocarpha robusta,G.M.Barroso        ,Brazil
Asteraceae,Piptocarpha rotundifolia,(Less.) Baker,Brazil
Asteraceae,Piptocoma discolor,(Kunth) Pruski,Brazil
Asteraceae,Piptocoma schomburgkii,(Sch.Bip.) Pruski,Brazil
Asteraceae,Piptolepis monticola,Loeuille        ,Brazil
Asteraceae,Raulinoreitzia crenulata,(Spreng.) R.M.King & H.Rob.,Brazil
Asteraceae,Stenopadus talaumifolius,S.F.Blake,Brazil
Asteraceae,Stifftia chrysantha,J.C.Mikan,Brazil
Asteraceae,Stifftia fruticosa,(Vell.) D.J.N.Hind & Semir,Brazil
Asteraceae,Stifftia parviflora,(Leandro) D.Don,Brazil
Asteraceae,Symphyopappus lymansmithii,B.L.Rob.,Brazil
Asteraceae,Tessaria integrifolia,Ruiz & Pav.,Brazil
Asteraceae,Trixis pruskii,D.J.N.Hind,Brazil
Asteraceae,Verbesina floribunda,Gardner,Brazil
Asteraceae,Vernonanthura densiflora,(Gardner) A.J. Vega & M. Dematteis,Brazil
Asteraceae,Vernonanthura discolor,(Spreng.) H.Rob.,Brazil
Asteraceae,Vernonanthura divaricata,(Spreng.) H.Rob.,Brazil
Asteraceae,Vernonanthura ferruginea,(Less.) H.Rob.,Brazil
Asteraceae,Vernonanthura patens,(Kunth) H.Rob.,Brazil
Asteraceae,Vernonanthura petiolaris,(DC.) H.Rob.,Brazil
Asteraceae,Vernonanthura phosphorica,(Vell.) H.Rob.,Brazil
Asteraceae,Vernonanthura spathulata,M.Monge & Semir,Brazil
Asteraceae,Wunderlichia azulensis,Maguire & G.M.Barroso,Brazil
Asteraceae,Wunderlichia crulsiana,Taub.        ,Brazil
Asteraceae,Wunderlichia mirabilis,Riedel ex Baker,Brazil
Berberidaceae,Berberis laurina,Thunb.,Brazil
Bignoniaceae,Adenocalymma bracteosum,(DC.) L.G.Lohmann,Brazil
Bignoniaceae,Adenocalymma cladotrichum,(Sandwith) L.G.Lohmann,Brazil
Bignoniaceae,Crescentia amazonica,Ducke,Brazil
Bignoniaceae,Cybistax antisyphilitica,(Mart.) Mart.,Brazil
Bignoniaceae,Digomphia laurifolia,Benth.,Brazil
Bignoniaceae,Fridericia bahiensis,(Schauer) L.G.Lohmann,Brazil
Bignoniaceae,Godmania aesculifolia,(Kunth) Standl.,Brazil
Bignoniaceae,Godmania dardanoi,(J.C.Gomes) A.H.Gentry,Brazil
Bignoniaceae,Handroanthus albus,(Cham.) Mattos,Brazil
Bignoniaceae,Handroanthus arianeae,(A.H.Gentry) S.O.Grose,Brazil
Bignoniaceae,Handroanthus barbatus,(E.Mey.) Mattos,Brazil
Bignoniaceae,Handroanthus botelhensis,(A.H.Gentry) S.O.Grose,Brazil
Bignoniaceae,Handroanthus bureavii,(Sandwith) S.O.Grose,Brazil
Bignoniaceae,Handroanthus capitatus,(Bureau & K.Schum.) Mattos,Brazil
Bignoniaceae,Handroanthus chrysotrichus,(Mart. ex DC.) Mattos,Brazil
Bignoniaceae,Handroanthus cristatus,(A.H.Gentry) S.O.Grose,Brazil
Bignoniaceae,Handroanthus diamantinensis,F.Esp.Santo & M.M.Silva,Brazil
Bignoniaceae,Handroanthus grandiflorus,F.Esp.Santo & M.M.Silva,Brazil
Bignoniaceae,Handroanthus heptaphyllus,(Vell.) Mattos,Brazil
Bignoniaceae,Handroanthus impetiginosus,(Mart. ex DC.) Mattos,Brazil
Bignoniaceae,Handroanthus incanus,(A.H.Gentry) S.O.Grose,Brazil
Bignoniaceae,Handroanthus obscurus,(Bureau & K.Schum.) Mattos,Brazil
Bignoniaceae,Handroanthus ochraceus,(Cham.) Mattos,Brazil
Bignoniaceae,Handroanthus parviflorus,F.Esp.Santo & M.M.Silva,Brazil
Bignoniaceae,Handroanthus pedicellatus,(Bureau & K.Schum.) Mattos,Brazil
Bignoniaceae,Handroanthus pulcherrimus,(Sandwith) S.O.Grose,Brazil
Bignoniaceae,Handroanthus riodocensis,(A.H.Gentry) S.O.Grose,Brazil
Bignoniaceae,Handroanthus selachidentatus,(A.H.Gentry) S.O.Grose,Brazil
Bignoniaceae,Handroanthus serratifolius,(Vahl) S.O.Grose,Brazil
Bignoniaceae,Handroanthus spongiosus,(Rizzini) S.O.Grose,Brazil
Bignoniaceae,Handroanthus uleanus,(Kraenzl.) S.O.Grose,Brazil
Bignoniaceae,Handroanthus umbellatus,(Sond.) Mattos,Brazil
Bignoniaceae,Handroanthus vellosoi,(Toledo) Mattos,Brazil
Bignoniaceae,Jacaranda bracteata,Bureau & K.Schum.,Brazil
Bignoniaceae,Jacaranda brasiliana,(Lam.) Pers.,Brazil
Bignoniaceae,Jacaranda bullata,A.H.Gentry,Brazil
Bignoniaceae,Jacaranda carajasensis,A.H.Gentry,Brazil
Bignoniaceae,Jacaranda caroba,(Vell.) DC.,Brazil
Bignoniaceae,Jacaranda copaia,(Aubl.) D.Don,Brazil
Bignoniaceae,Jacaranda crassifolia,Morawetz,Brazil
Bignoniaceae,Jacaranda cuspidifolia,Mart.,Brazil
Bignoniaceae,Jacaranda decurrens,Cham.,Brazil
Bignoniaceae,Jacaranda densicoma,Mart. ex DC.,Brazil
Bignoniaceae,Jacaranda duckei,Vattimo,Brazil
Bignoniaceae,Jacaranda glabra,(DC.) Bureau & K.Schum.,Brazil
Bignoniaceae,Jacaranda grandifoliolata,A.H.Gentry,Brazil
Bignoniaceae,Jacaranda intricata,A.H.Gentry & Morawetz,Brazil
Bignoniaceae,Jacaranda irwinii,A.H.Gentry,Brazil
Bignoniaceae,Jacaranda jasminoides,(Thunb.) Sandwith,Brazil
Bignoniaceae,Jacaranda macrantha,Cham.,Brazil
Bignoniaceae,Jacaranda macrocarpa,Bureau & K.Schum.,Brazil
Bignoniaceae,Jacaranda micrantha,Cham.,Brazil
Bignoniaceae,Jacaranda microcalyx,A.H.Gentry,Brazil
Bignoniaceae,Jacaranda montana,Morawetz,Brazil
Bignoniaceae,Jacaranda mutabilis,Hassl.,Brazil
Bignoniaceae,Jacaranda obovata,Cham.,Brazil
Bignoniaceae,Jacaranda obtusifolia,Bonpl.,Brazil
Bignoniaceae,Jacaranda praetermissa,Sandwith,Brazil
Bignoniaceae,Jacaranda puberula,Cham.,Brazil
Bignoniaceae,Jacaranda pulcherrima,Morawetz,Brazil
Bignoniaceae,Jacaranda rufa,Silva Manso,Brazil
Bignoniaceae,Jacaranda rugosa,A.H.Gentry,Brazil
Bignoniaceae,Jacaranda simplicifolia,Vattimo,Brazil
Bignoniaceae,Jacaranda subalpina,Morawetz,Brazil
Bignoniaceae,Paratecoma peroba,(Record) Kuhlm.,Brazil
Bignoniaceae,Sparattosperma catingae,A.H.Gentry,Brazil
Bignoniaceae,Sparattosperma leucanthum,(Vell.) K.Schum.,Brazil
Bignoniaceae,Tabebuia aurea,(Silva Manso) Benth. & Hook.f. ex S.Moore,Brazil
Bignoniaceae,Tabebuia cassinoides,(Lam.) DC.,Brazil
Bignoniaceae,Tabebuia elliptica,(DC.) Sandwith,Brazil
Bignoniaceae,Tabebuia fluviatilis,(Aubl.) DC.,Brazil
Bignoniaceae,Tabebuia gemmiflora,Rizzini & A.Mattos,Brazil
Bignoniaceae,Tabebuia insignis,(Miq.) Sandwith,Brazil
Bignoniaceae,Tabebuia nodosa,(Griseb.) Griseb.,Brazil
Bignoniaceae,Tabebuia obtusifolia,(Cham.) Bureau,Brazil
Bignoniaceae,Tabebuia ovatifolia,Vattimo,Brazil
Bignoniaceae,Tabebuia pilosa,A.H.Gentry,Brazil
Bignoniaceae,Tabebuia reticulata,A.H.Gentry,Brazil
Bignoniaceae,Tabebuia roseoalba,(Ridl.) Sandwith,Brazil
Bignoniaceae,Tabebuia stenocalyx,Sprague & Stapf,Brazil
Bignoniaceae,Zeyheria montana,Mart.,Brazil
Bignoniaceae,Zeyheria tuberculosa,(Vell.) Bureau ex Verl.,Brazil
Bixaceae,Bixa arborea,Huber,Brazil
Bixaceae,Bixa excelsa,Gleason & Krukoff,Brazil
Bixaceae,Bixa orellana,L.,Brazil
Bixaceae,Bixa platycarpa,Ruiz & Pav. ex G.Don,Brazil
Bixaceae,Bixa urucurana,Willd.,Brazil
Bixaceae,Cochlospermum orinocense,(Kunth) Steud.,Brazil
Bixaceae,Cochlospermum regium,(Schrank) Pilg.,Brazil
Bixaceae,Cochlospermum vitifolium,(Willd.) Spreng.,Brazil
Bonnetiaceae,Archytaea triflora,Mart.,Brazil
Bonnetiaceae,Bonnetia paniculata,Spruce ex Benth.,Brazil
Bonnetiaceae,Bonnetia roraimae,Oliveri,Brazil
Bonnetiaceae,Bonnetia rubicunda,(Sastre) A.L.Weitzman & P.F.Stevens,Brazil
Bonnetiaceae,Bonnetia sessilis,Benth.,Brazil
Bonnetiaceae,Bonnetia stricta,Mart.,Brazil
Bonnetiaceae,Bonnetia tristyla,Gleason,Brazil
Boraginaceae,Cordia aberrans,I.M.Johnst.,Brazil
Boraginaceae,Cordia acutifolia,Fresen.,Brazil
Boraginaceae,Cordia alliodora,(Ruiz & Pav.) Oken,Brazil
Boraginaceae,Cordia americana,(L.) Gottschling & J.S.Mill.,Brazil
Boraginaceae,Cordia anabaptista,Cham.,Brazil
Boraginaceae,Cordia bicolor,A.DC.,Brazil
Boraginaceae,Cordia blanchetii,A.DC.,Brazil
Boraginaceae,Cordia brasiliensis,(I.M.Johnst.) Gottschling & J.S.Mill.,Brazil
Boraginaceae,Cordia candida,Vell.,Brazil
Boraginaceae,Cordia decipiens,I.M.Johnst.,Brazil
Boraginaceae,Cordia ecalyculata,Vell.,Brazil
Boraginaceae,Cordia exaltata,Lam.,Brazil
Boraginaceae,Cordia fallax,I.M.Johnst.,Brazil
Boraginaceae,Cordia fusca,M. Stapf,Brazil
Boraginaceae,Cordia gardneri,I.M.Johnst.,Brazil
Boraginaceae,Cordia glabrata,(Mart.) A.DC.,Brazil
Boraginaceae,Cordia glabrifolia,M. Stapf,Brazil
Boraginaceae,Cordia glazioviana,(Taub.) Gottschling & J.S.Mill.,Brazil
Boraginaceae,Cordia goeldiana,Huber,Brazil
Boraginaceae,Cordia hatschbachii,J.S.Mill.,Brazil
Boraginaceae,Cordia incognita,Gottschling & J.S.Mill.,Brazil
Boraginaceae,Cordia insignis,Cham.,Brazil
Boraginaceae,Cordia kingstoniana,J.S.Mill.,Brazil
Boraginaceae,Cordia koemariae,J.S.Mill.,Brazil
Boraginaceae,Cordia latiloba,I.M.Johnst.,Brazil
Boraginaceae,Cordia lomatoloba,I.M.Johnst.,Brazil
Boraginaceae,Cordia magnoliifolia,Cham.,Brazil
Boraginaceae,Cordia naidophila,I.M.Johnst.,Brazil
Boraginaceae,Cordia nervosa,Lam.,Brazil
Boraginaceae,Cordia nodosa,Lam.,Brazil
Boraginaceae,Cordia ochnacea,A.DC.,Brazil
Boraginaceae,Cordia oncocalyx,Allemão,Brazil
Boraginaceae,Cordia panicularis,Rudge,Brazil
Boraginaceae,Cordia restingae,M. Stapf,Brazil
Boraginaceae,Cordia ripicola,I.M.Johnst.,Brazil
Boraginaceae,Cordia rufescens,A.DC.,Brazil
Boraginaceae,Cordia sagotii,I.M.Johnst.,Brazil
Boraginaceae,Cordia scabrifolia,A.DC.,Brazil
Boraginaceae,Cordia sellowiana,Cham.,Brazil
Boraginaceae,Cordia sericicalyx,A.DC.,Brazil
Boraginaceae,Cordia silvestris,Fresen.,Brazil
Boraginaceae,Cordia sprucei,Mez,Brazil
Boraginaceae,Cordia superba,Cham.,Brazil
Boraginaceae,Cordia taguahyensis,Vell.,Brazil
Boraginaceae,Cordia tarodae,M. Stapf,Brazil
Boraginaceae,Cordia tetrandra,Aubl.,Brazil
Boraginaceae,Cordia toqueve,Aubl.,Brazil
Boraginaceae,Cordia trachyphylla,Mart.,Brazil
Boraginaceae,Cordia trichoclada,A.DC.,Brazil
Boraginaceae,Cordia trichotoma,(Vell.) Arráb. ex Steud.,Brazil
Boraginaceae,Cordia ucayaliensis,(I.M.Johnst.) I.M.Johnst.,Brazil
Boraginaceae,Cordia ulei,I.M.Johnst.,Brazil
Boraginaceae,Lepidocordia punctata,Ducke,Brazil
Boraginaceae,Varronia spinescens,(L.) Borhidi,Brazil
Brunelliaceae,Brunellia neblinensis,Steyerm. & Cuatrec.,Brazil
Burseraceae,Bursera pereirae,Daly,Brazil
Burseraceae,Bursera tomentosa,(Jacq.) Triana & Planch.,Brazil
Burseraceae,Commiphora leptophloeos,(Mart.) J.B.Gillett,Brazil
Burseraceae,Dacryodes amplectans,Daly & M.C.Martínez,Brazil
Burseraceae,Dacryodes belemensis,Cuatrec.,Brazil
Burseraceae,Dacryodes cuspidata,(Cuatrec.) Daly,Brazil
Burseraceae,Dacryodes edilsonii,Daly,Brazil
Burseraceae,Dacryodes froesiana,Daly & M.C.Martínez,Brazil
Burseraceae,Dacryodes glabra,(Steyerm.) Cuatrec.,Brazil
Burseraceae,Dacryodes hopkinsii,D.C. Daly,Brazil
Burseraceae,Dacryodes microcarpa,Cuatrec.,Brazil
Burseraceae,Dacryodes negrensis,Daly & M.C.Martínez,Brazil
Burseraceae,Dacryodes nitens,Cuatrec.,Brazil
Burseraceae,Dacryodes paraensis,Cuatrec.,Brazil
Burseraceae,Dacryodes peruviana,(Loes.) H.J.Lam,Brazil
Burseraceae,Dacryodes roraimensis,Cuatrec.,Brazil
Burseraceae,Dacryodes sclerophylla,Cuatrec.,Brazil
Burseraceae,Dacryodes spatulata,Daly & M.C.Martínez,Brazil
Burseraceae,Protium altissimum,(Aubl.) Marchand,Brazil
Burseraceae,Protium altsonii,Sandwith,Brazil
Burseraceae,Protium alvarezianum,Daly & Fine,Brazil
Burseraceae,Protium amazonicum,(Cuatrec.) Daly,Brazil
Burseraceae,Protium apiculatum,Swart,Brazil
Burseraceae,Protium aracouchini,(Aubl.) Marchand,Brazil
Burseraceae,Protium atlanticum,(Daly) Byng & Christenh.,Brazil
Burseraceae,Protium bahianum,Daly        ,Brazil
Burseraceae,Protium brasiliense,Engl.,Brazil
Burseraceae,Protium breviacuminatum,(Swart) Byng & Christenh.,Brazil
Burseraceae,Protium calanense,Cuatrec.,Brazil
Burseraceae,Protium calendulinum,Daly,Brazil
Burseraceae,Protium carnosum,A.C.Sm.,Brazil
Burseraceae,Protium carolense,Daly,Brazil
Burseraceae,Protium catuaba,(Soares da Cunha) Daly & P.Fine,Brazil
Burseraceae,Protium crassipetalum,Cuatrec.,Brazil
Burseraceae,Protium crenatum,Sandwith,Brazil
Burseraceae,Protium cuneatum,Swart,Brazil
Burseraceae,Protium dawsonii,Cuatrec.,Brazil
Burseraceae,Protium decandrum,(Aubl.) Marchand,Brazil
Burseraceae,Protium demerarense,Swart,Brazil
Burseraceae,Protium divaricatum,Engl.,Brazil
Burseraceae,Protium elegans,Engl.,Brazil
Burseraceae,Protium ferrugineum,(Engl.) Engl.,Brazil
Burseraceae,Protium gallosum,D.C. Daly,Brazil
Burseraceae,Protium giganteum,Engl.,Brazil
Burseraceae,Protium glabrescens,Swart,Brazil
Burseraceae,Protium glaziovii,Swart,Brazil
Burseraceae,Protium goudotianum,(Tul.) Byng & Christenh.,Brazil
Burseraceae,Protium grandifolium,Engl.,Brazil
Burseraceae,Protium guacayanum,Cuatrec.,Brazil
Burseraceae,Protium guianense,(Aubl.) Marchand,Brazil
Burseraceae,Protium hebetatum,D.C. Daly,Brazil
Burseraceae,Protium heptaphyllum,(Aubl.) Marchand,Brazil
Burseraceae,Protium herisonii,Daly,Brazil
Burseraceae,Protium icicariba,(DC.) Marchand,Brazil
Burseraceae,Protium inodorum,Daly        ,Brazil
Burseraceae,Protium kleinii,Cuatrec.,Brazil
Burseraceae,Protium klugii,J.F.Macbr.,Brazil
Burseraceae,Protium laxiflorum,Engl.,Brazil
Burseraceae,Protium leptostachyum,Cuatrec.,Brazil
Burseraceae,Protium llanorum,Cuatrec.,Brazil
Burseraceae,Protium meridionale,Swart,Brazil
Burseraceae,Protium morii,D.C. Daly,Brazil
Burseraceae,Protium nitidifolium,(Cuatrec.) Daly,Brazil
Burseraceae,Protium nodulosum,Swart,Brazil
Burseraceae,Protium occhionii,Rizzini,Brazil
Burseraceae,Protium occultum,D.C. Daly,Brazil
Burseraceae,Protium opacum,Swart,Brazil
Burseraceae,Protium ovatum,Engl.,Brazil
Burseraceae,Protium pallidum,Cuatrec.,Brazil
Burseraceae,Protium paniculatum,Engl.,Brazil
Burseraceae,Protium pedicellatum,Swart,Brazil
Burseraceae,Protium peruvianum,Swart,Brazil
Burseraceae,Protium pilosellum,Swart,Brazil
Burseraceae,Protium pilosissimum,Engl.,Brazil
Burseraceae,Protium pilosum,(Cuatrec.) Daly,Brazil
Burseraceae,Protium plagiocarpium,Benoist,Brazil
Burseraceae,Protium polybotryum,(Turcz.) Engl.,Brazil
Burseraceae,Protium prancei,(Daly) Byng & Christenh.,Brazil
Burseraceae,Protium puncticulatum,J.F.Macbr.,Brazil
Burseraceae,Protium reticulatum,(Engl.) Endl.,Brazil
Burseraceae,Protium rhoifolium,(Benth.) Byng & Christenh.,Brazil
Burseraceae,Protium rhynchophyllum,(Rusby) D.C. Daly,Brazil
Burseraceae,Protium robustum,(Swart) D.M.Porter,Brazil
Burseraceae,Protium rubrum,Cuatrec.,Brazil
Burseraceae,Protium sagotianum,Marchand,Brazil
Burseraceae,Protium spruceanum,(Benth.) Engl.,Brazil
Burseraceae,Protium stevensonii,(Standl.) Daly,Brazil
Burseraceae,Protium strumosum,D.C. Daly,Brazil
Burseraceae,Protium subserratum,(Engl.) Engl.,Brazil
Burseraceae,Protium surinamense,Byng & Christenh.,Brazil
Burseraceae,Protium tonyanum,Daly,Brazil
Burseraceae,Protium trifoliolatum,Engl.,Brazil
Burseraceae,Protium unifoliolatum,Engl.,Brazil
Burseraceae,Protium urophyllidium,Daly,Brazil
Burseraceae,Protium warmingianum,Marchand,Brazil
Burseraceae,Protium widgrenii,Engl.,Brazil
Burseraceae,Trattinnickia boliviana,(Swart) Daly,Brazil
Burseraceae,Trattinnickia burserifolia,Mart.,Brazil
Burseraceae,Trattinnickia demerarae,Sandwith,Brazil
Burseraceae,Trattinnickia ferruginea,Kuhlm.,Brazil
Burseraceae,Trattinnickia glaziovii,Swart,Brazil
Burseraceae,Trattinnickia lancifolia,(Cuatrec.) Daly,Brazil
Burseraceae,Trattinnickia mensalis,Daly        ,Brazil
Burseraceae,Trattinnickia peruviana,Loes.,Brazil
Burseraceae,Trattinnickia rhoifolia,Willd.,Brazil
Cactaceae,Brasiliopuntia brasiliensis,(Willd.) A.Berger,Brazil
Cactaceae,Cereus estevesii,P.J.Braun,Brazil
Cactaceae,Cereus fernambucensis,Lem.,Brazil
Cactaceae,Cereus hexagonus,(L.) Mill.,Brazil
Cactaceae,Cereus hildmannianus,K.Schum.,Brazil
Cactaceae,Cereus insularis,Hemsl.,Brazil
Cactaceae,Cereus jamacaru,DC.,Brazil
Cactaceae,Facheiroa cephaliomelana,Buining & Brederoo,Brazil
Cactaceae,Facheiroa squamosa,(Gürke) P.J.Braun & Esteves,Brazil
Cactaceae,Facheiroa ulei,(K.Schum.) Werderm.,Brazil
Cactaceae,Opuntia monacantha,(Willd.) Haw.,Brazil
Cactaceae,Pereskia aureiflora,F.Ritter        ,Brazil
Cactaceae,Pereskia bahiensis,Gürke,Brazil
Cactaceae,Pereskia grandifolia,Haw.,Brazil
Cactaceae,Pereskia nemorosa,Rojas Acosta,Brazil
Cactaceae,Pereskia sacharosa,Griseb.,Brazil
Cactaceae,Pereskia stenantha,F. Ritter,Brazil
Cactaceae,Pilosocereus albisummus,P.J. Braun & Esteves,Brazil
Cactaceae,Pilosocereus aureispinus,(Buining & Brederoo) F.Ritter,Brazil
Cactaceae,Pilosocereus azulensis,N.P.Taylor & Zappi,Brazil
Cactaceae,Pilosocereus catingicola,(Gürke) Byles & G.D. Rowley,Brazil
Cactaceae,Pilosocereus chrysostele,(Vaupel) Byles & G.D.Rowley,Brazil
Cactaceae,Pilosocereus densiareolatus,F. Ritter,Brazil
Cactaceae,Pilosocereus flavipulvinatus,(Buining & Brederoo) F.Ritter,Brazil
Cactaceae,Pilosocereus flexibilispinus,P.J.Braun & Esteves,Brazil
Cactaceae,Pilosocereus floccosus,(Backeb. & Voll) Byles & G.D. Rowley,Brazil
Cactaceae,Pilosocereus fulvilanatus,(Buining & Brederoo) F.Ritter,Brazil
Cactaceae,Pilosocereus glaucochrous,(Werderm.) Byles & G.D. Rowley,Brazil
Cactaceae,Pilosocereus magnificus,(Buining & Brederoo) F.Ritter,Brazil
Cactaceae,Pilosocereus mollispinus,P.J.Braun & Esteves,Brazil
Cactaceae,Pilosocereus pachycladus,F. Ritter,Brazil
Cactaceae,Pilosocereus splendidus,F.Ritter,Brazil
Cactaceae,Pilosocereus tuberculatus,(Werderm.) Byles & G.D. Rowley,Brazil
Calophyllaceae,Calophyllum brasiliense,Cambess.,Brazil
Calophyllaceae,Calophyllum longifolium,Willd.,Brazil
Calophyllaceae,Calophyllum pachyphyllum,Planch. & Triana,Brazil
Calophyllaceae,Caraipa ampla,Ducke,Brazil
Calophyllaceae,Caraipa balbinensis,F.N.Cabral,Brazil
Calophyllaceae,Caraipa costata,Spruce ex Benth.,Brazil
Calophyllaceae,Caraipa densifolia,Mart.,Brazil
Calophyllaceae,Caraipa duckeana,Kubitzki,Brazil
Calophyllaceae,Caraipa glabra,F.N.Cabral,Brazil
Calophyllaceae,Caraipa grandifolia,Mart.,Brazil
Calophyllaceae,Caraipa heterocarpa,Ducke,Brazil
Calophyllaceae,Caraipa llanorum,Cuatrec.,Brazil
Calophyllaceae,Caraipa longipedicellata,Steyerm.,Brazil
Calophyllaceae,Caraipa minor,Huber,Brazil
Calophyllaceae,Caraipa multinervia,Kubitzki,Brazil
Calophyllaceae,Caraipa myrcioides,Ducke,Brazil
Calophyllaceae,Caraipa odorata,Ducke,Brazil
Calophyllaceae,Caraipa punctulata,Ducke,Brazil
Calophyllaceae,Caraipa racemosa,Cambess.,Brazil
Calophyllaceae,Caraipa richardiana,Cambess.,Brazil
Calophyllaceae,Caraipa rodriguesii,Paula,Brazil
Calophyllaceae,Caraipa savannarum,Kubitzki,Brazil
Calophyllaceae,Caraipa tereticaulis,Tul.,Brazil
Calophyllaceae,Caraipa valioi,Paula,Brazil
Calophyllaceae,Clusiella axillaris,(Engl.) Cuatrec.,Brazil
Calophyllaceae,Haploclathra cordata,Vásquez        ,Brazil
Calophyllaceae,Haploclathra grandiflora,Aspl.,Brazil
Calophyllaceae,Haploclathra leiantha,(Benth.) Benth.,Brazil
Calophyllaceae,Haploclathra paniculata,(Mart.) Benth.,Brazil
Calophyllaceae,Haploclathra verticillata,Ducke,Brazil
Calophyllaceae,Kielmeyera albopunctata,Saddi,Brazil
Calophyllaceae,Kielmeyera altissima,Saddi,Brazil
Calophyllaceae,Kielmeyera aureovinosa,M.Gomes,Brazil
Calophyllaceae,Kielmeyera bifaria,Saddi,Brazil
Calophyllaceae,Kielmeyera coriacea,Mart.,Brazil
Calophyllaceae,Kielmeyera decipiens,Saddi,Brazil
Calophyllaceae,Kielmeyera divergens,Saddi,Brazil
Calophyllaceae,Kielmeyera elata,Saddi,Brazil
Calophyllaceae,Kielmeyera excelsa,Cambess.,Brazil
Calophyllaceae,Kielmeyera fatimae,R.J.Trad,Brazil
Calophyllaceae,Kielmeyera ferruginosa,A.P.B.Santos & Trad,Brazil
Calophyllaceae,Kielmeyera gracilis,Wawra,Brazil
Calophyllaceae,Kielmeyera grandiflora,(Wawra) Saddi,Brazil
Calophyllaceae,Kielmeyera insignis,Saddi,Brazil
Calophyllaceae,Kielmeyera itacarensis,Saddi,Brazil
Calophyllaceae,Kielmeyera lathrophyton,Saddi,Brazil
Calophyllaceae,Kielmeyera marauensis,Saddi,Brazil
Calophyllaceae,Kielmeyera membranacea,Casar.,Brazil
Calophyllaceae,Kielmeyera neglecta,Saddi,Brazil
Calophyllaceae,Kielmeyera occhioniana,Saddi,Brazil
Calophyllaceae,Kielmeyera petiolaris,Mart. & Zucc.,Brazil
Calophyllaceae,Kielmeyera rizziniana,Saddi,Brazil
Calophyllaceae,Kielmeyera rubriflora,Cambess.,Brazil
Calophyllaceae,Kielmeyera rufotomentosa,Saddi,Brazil
Calophyllaceae,Kielmeyera rupestris,Duarte,Brazil
Calophyllaceae,Kielmeyera sigillata,Saddi,Brazil
Calophyllaceae,Kielmeyera speciosa,A.St.-Hil.,Brazil
Calophyllaceae,Kielmeyera tomentosa,Cambess.,Brazil
Calophyllaceae,Mahurea exstipulata,Benth.,Brazil
Calophyllaceae,Mahurea palustris,Aubl.,Brazil
Calophyllaceae,Marila laxiflora,Rusby,Brazil
Calophyllaceae,Marila tomentosa,Poepp.,Brazil
Canellaceae,Cinnamodendron axillare,(Nees) Endl. ex Walp.,Brazil
Canellaceae,Cinnamodendron dinisii,Schwacke,Brazil
Canellaceae,Cinnamodendron occhionianum,F.Barros & J.Salazar,Brazil
Canellaceae,Cinnamodendron sampaioanum,Occhioni,Brazil
Cannabaceae,Celtis brasiliensis,(Gardner) Planch.,Brazil
Cannabaceae,Celtis chichape,(Wedd.) Miq.,Brazil
Cannabaceae,Celtis ehrenbergiana,(Klotzsch) Liebm.,Brazil
Cannabaceae,Celtis iguanaea,(Jacq.) Sarg.,Brazil
Cannabaceae,Celtis orthacanthos,Planch.,Brazil
Cannabaceae,Celtis pallida,Torr.,Brazil
Cannabaceae,Celtis spinosa,Spreng.,Brazil
Cannabaceae,Celtis tala,Gillies ex Planch.,Brazil
Cannabaceae,Trema micranthum,(L.) Blume,Brazil
Capparaceae,Anisocapparis speciosa,(Griseb.) Cornejo & Iltis,Brazil
Capparaceae,Capparicordis tweedieana,(Eichler) Iltis & Cornejo,Brazil
Capparaceae,Capparidastrum coimbranum,(Cornejo & Iltis) Cornejo & Iltis,Brazil
Capparaceae,Capparidastrum frondosum,(Jacq.) Cornejo & Iltis,Brazil
Capparaceae,Capparidastrum macrophyllum,(Kunth) Hutch.,Brazil
Capparaceae,Capparidastrum osmanthum,(Diels) Cornejo & Iltis,Brazil
Capparaceae,Capparidastrum sola,(J.F.Macbr.) Cornejo & Iltis,Brazil
Capparaceae,Colicodendron bahianum,Cornejo & Iltis,Brazil
Capparaceae,Crateva tapia,L.,Brazil
Capparaceae,Cynophalla amplissima,(Lam.) Iltis & Cornejo,Brazil
Capparaceae,Cynophalla flexuosa,(L.) J.Presl,Brazil
Capparaceae,Cynophalla hastata,(Jacq.) J.Presl,Brazil
Capparaceae,Cynophalla mattogrossensis,(Pilg.) Cornejo & Iltis,Brazil
Capparaceae,Cynophalla retusa,(Griseb.) Cornejo & Iltis,Brazil
Capparaceae,Morisonia oblongifolia,Britton,Brazil
Capparaceae,Neocalyptrocalyx eichleriana,Urb.,Brazil
Capparaceae,Neocalyptrocalyx grandipetala,(Maguire & Steyerm.) Cornejo & Iltis,Brazil
Capparaceae,Neocalyptrocalyx leprieurii,Briq.,Brazil
Capparaceae,Neocalyptrocalyx nectarius,(Vell.) Hutch.,Brazil
Capparaceae,Preslianthus detonsus,(Triana & Planch.) Iltis & Cornejo,Brazil
Capparaceae,Preslianthus pittieri,(Standl.) Iltis & Cornejo,Brazil
Capparaceae,Steriphoma peruvianum,Spruce ex Eichler,Brazil
Cardiopteridaceae,Citronella engleriana,(Loes.) R.A.Howard,Brazil
Cardiopteridaceae,Citronella gongonha,(Mart.) R.A.Howard,Brazil
Cardiopteridaceae,Citronella paniculata,(Mart.) R.A.Howard,Brazil
Caricaceae,Jacaratia corumbensis,Kuntze,Brazil
Caricaceae,Jacaratia digitata,(Poepp. & Endl.) Solms,Brazil
Caricaceae,Jacaratia heptaphylla,(Vell.) A. DC.,Brazil
Caricaceae,Vasconcellea glandulosa,A.DC.,Brazil
Caricaceae,Vasconcellea microcarpa,(Jacq.) A.DC.,Brazil
Caricaceae,Vasconcellea monoica,Desf.,Brazil
Caricaceae,Vasconcellea quercifolia,A.St.-Hil.,Brazil
Caryocaraceae,Anthodiscus amazonicus,Gleason & A.C.Sm.,Brazil
Caryocaraceae,Anthodiscus obovatus,Benth. ex Wittm.,Brazil
Caryocaraceae,Caryocar brasiliense,A.St.-Hil.,Brazil
Caryocaraceae,Caryocar coriaceum,Wittm.,Brazil
Caryocaraceae,Caryocar cuneatum,Wittm.,Brazil
Caryocaraceae,Caryocar dentatum,Gleason,Brazil
Caryocaraceae,Caryocar edule,Casar.,Brazil
Caryocaraceae,Caryocar glabrum,(Aubl.) Pers.,Brazil
Caryocaraceae,Caryocar gracile,Wittm.,Brazil
Caryocaraceae,Caryocar microcarpum,Ducke,Brazil
Caryocaraceae,Caryocar montanum,Prance,Brazil
Caryocaraceae,Caryocar nuciferum,L.,Brazil
Caryocaraceae,Caryocar pallidum,A.C.Sm.,Brazil
Caryocaraceae,Caryocar villosum,(Aubl.) Pers.,Brazil
Celastraceae,Anthodon decussatum,Ruiz & Pav.,Brazil
Celastraceae,Cheiloclinium cognatum,(Miers) A.C.Sm.,Brazil
Celastraceae,Cheiloclinium obtusum,A.C.Sm.,Brazil
Celastraceae,Elachyptera floribunda,(Benth.) A.C.Sm.,Brazil
Celastraceae,Fraunhofera multiflora,Mart.,Brazil
Celastraceae,Goniodiscus elaeospermus,Kuhlm.,Brazil
Celastraceae,Haydenoxylon urbanianum,(Loes.) M.P. Simmons,Brazil
Celastraceae,Hylenaea comosa,(Sw.) Miers,Brazil
Celastraceae,Maytenus boaria,Molina,Brazil
Celastraceae,Maytenus guyanensis,Klotzsch ex Reissek,Brazil
Celastraceae,Monteverdia aquifolium,(Mart.) Biral,Brazil
Celastraceae,Monteverdia ardisiifolia,(Reissek) Biral,Brazil
Celastraceae,Monteverdia basidentata,(Reissek) Biral,Brazil
Celastraceae,Monteverdia brasiliensis,(Mart.) Biral,Brazil
Celastraceae,Monteverdia cassineformis,(Reissek) Biral,Brazil
Celastraceae,Monteverdia catingarum,(Reissek) Biral,Brazil
Celastraceae,Monteverdia cestrifolia,(Reissek) Biral,Brazil
Celastraceae,Monteverdia chapadensis,(Carv.-Okano ex Biral & Groppo) Biral,Brazil
Celastraceae,Monteverdia communis,(Reissek) Biral,Brazil
Celastraceae,Monteverdia dasyclados,(Mart.) Biral,Brazil
Celastraceae,Monteverdia distichophylla,(Mart. ex Reissek) Biral,Brazil
Celastraceae,Monteverdia ebenifolia,(Reissek) Biral,Brazil
Celastraceae,Monteverdia erythroxylon,(Reissek) Biral,Brazil
Celastraceae,Monteverdia evonymoides,(Reissek) Biral,Brazil
Celastraceae,Monteverdia floribunda,(Reissek) Biral,Brazil
Celastraceae,Monteverdia fugax,(Biral & Lombardi) Biral,Brazil
Celastraceae,Monteverdia glaucescens,(Reissek) Biral,Brazil
Celastraceae,Monteverdia gonoclada,(Mart.) Biral,Brazil
Celastraceae,Monteverdia horrida,(Reissek) Biral,Brazil
Celastraceae,Monteverdia ilicifolia,(Mart. ex Reissek) Biral,Brazil
Celastraceae,Monteverdia laevis,(Reissek) Biral,Brazil
Celastraceae,Monteverdia laurina,(Briq.) Biral,Brazil
Celastraceae,Monteverdia littoralis,(Carv.-Okano) Biral,Brazil
Celastraceae,Monteverdia longifolia,(Reissek ex Loes.) Biral,Brazil
Celastraceae,Monteverdia macrocarpa,(Ruiz & Pav.) Biral,Brazil
Celastraceae,Monteverdia macrophylla,(Mart.) Biral,Brazil
Celastraceae,Monteverdia megalocarpa,(Groppo & Lombardi) Biral,Brazil
Celastraceae,Monteverdia myrsinoides,(Reissek) Biral,Brazil
Celastraceae,Monteverdia oblongata,(Reissek) Biral,Brazil
Celastraceae,Monteverdia obtusifolia,(Mart.) Biral,Brazil
Celastraceae,Monteverdia patens,(Reissek) Biral,Brazil
Celastraceae,Monteverdia psammophila,(Biral & Lombardi) Biral,Brazil
Celastraceae,Monteverdia quadrangulata,(Schrad.) Biral,Brazil
Celastraceae,Monteverdia radlkoferiana,(Loes.) Biral,Brazil
Celastraceae,Monteverdia rigida,(Mart.) Biral,Brazil
Celastraceae,Monteverdia samydiformis,(Reissek) Biral,Brazil
Celastraceae,Monteverdia schummaniana,(Loes.) Biral,Brazil
Celastraceae,Monteverdia sprucei,(Briq.) Biral,Brazil
Celastraceae,Peritassa dulcis,(Benth.) Miers,Brazil
Celastraceae,Peritassa flaviflora,A.C.Sm.,Brazil
Celastraceae,Peritassa laevigata,(Hoffmanns. ex Link) A.C.Sm.,Brazil
Celastraceae,Peritassa sadleri,Lombardi,Brazil
Celastraceae,Plenckia microcarpa,Lundell,Brazil
Celastraceae,Plenckia populnea,Reissek,Brazil
Celastraceae,Prionostemma aspera,(Lam.) Miers,Brazil
Celastraceae,Pristimera nervosa,(Miers) A.C.Sm.,Brazil
Celastraceae,Salacia cordata,(Miers) Mennega,Brazil
Celastraceae,Salacia crassifolia,(Mart. ex Schult.) G. Don,Brazil
Celastraceae,Salacia elliptica,(Mart.) G.Don,Brazil
Celastraceae,Salacia gigantea,Loes.,Brazil
Celastraceae,Salacia grandifolia,(Mart.) G.Don,Brazil
Celastraceae,Salacia impressifolia,(Miers) A.C.Sm.,Brazil
Celastraceae,Salacia insignis,A.C.Sm.,Brazil
Celastraceae,Salacia juruana,Loes.,Brazil
Celastraceae,Salacia maburensis,Mennega,Brazil
Celastraceae,Salacia macrantha,A.C.Sm.,Brazil
Celastraceae,Salacia multiflora,(Lam.) DC.,Brazil
Celastraceae,Salacia negrensis,Lombardi,Brazil
Celastraceae,Salacia opacifolia,(J.F.Macbr.) A.C.Sm.,Brazil
Celastraceae,Salacia solimoesensis,A.C.Sm.,Brazil
Celastraceae,Schaefferia argentinensis,Speg.,Brazil
Celastraceae,Tontelea attenuata,Miers,Brazil
Celastraceae,Tontelea corcovadensis,A.C.Sm.,Brazil
Celastraceae,Tontelea emarginata,A.C.Sm.,Brazil
Celastraceae,Tontelea leptophylla,A.C.Sm.,Brazil
Celastraceae,Tontelea mauritioides,(A.C.Sm.) A.C.Sm.,Brazil
Celastraceae,Tontelea miersii,(Peyr.) A.C.Sm.,Brazil
Celastraceae,Tontelea passiflora,(Vell.) Lombardi,Brazil
Celastraceae,Tontelea tenuicula,(Miers) A.C.Sm.,Brazil
Chloranthaceae,Hedyosmum brasiliense,Mart.,Brazil
Chloranthaceae,Hedyosmum neblinae,Todzia,Brazil
Chloranthaceae,Hedyosmum racemosum,(Ruiz & Pav.) G.Don,Brazil
Chrysobalanaceae,Acioa dolichopoda,(Prance) Sothers & Prance,Brazil
Chrysobalanaceae,Acioa edulis,Prance,Brazil
Chrysobalanaceae,Acioa guianensis,Aubl.,Brazil
Chrysobalanaceae,Acioa longipendula,(Pilg.) Sothers & Prance,Brazil
Chrysobalanaceae,Acioa schultesii,Maguire,Brazil
Chrysobalanaceae,Acioa somnolens,Maguire,Brazil
Chrysobalanaceae,Chrysobalanus icaco,L.,Brazil
Chrysobalanaceae,Chrysobalanus prancei,I.M.Turner,Brazil
Chrysobalanaceae,Couepia belemii,Prance,Brazil
Chrysobalanaceae,Couepia bernardii,Prance,Brazil
Chrysobalanaceae,Couepia bondarii,Prance,Brazil
Chrysobalanaceae,Couepia bracteosa,Benth.,Brazil
Chrysobalanaceae,Couepia carautae,Prance,Brazil
Chrysobalanaceae,Couepia caryophylloides,Benoist,Brazil
Chrysobalanaceae,Couepia cataractae,Ducke,Brazil
Chrysobalanaceae,Couepia chrysocalyx,(Poepp.) Benth. ex Hook.f.,Brazil
Chrysobalanaceae,Couepia cidiana,Prance,Brazil
Chrysobalanaceae,Couepia coarctata,Prance,Brazil
Chrysobalanaceae,Couepia eriantha,Spruce ex Hook.f.,Brazil
Chrysobalanaceae,Couepia excelsa,Ducke,Brazil
Chrysobalanaceae,Couepia froesii,Prance,Brazil
Chrysobalanaceae,Couepia glabra,Prance,Brazil
Chrysobalanaceae,Couepia grandiflora,(Mart. & Zucc.) Benth. ex Hook.f.,Brazil
Chrysobalanaceae,Couepia guianensis,Aubl.,Brazil
Chrysobalanaceae,Couepia habrantha,Standl.,Brazil
Chrysobalanaceae,Couepia impressa,Prance,Brazil
Chrysobalanaceae,Couepia insignis,Fritsch,Brazil
Chrysobalanaceae,Couepia joaquinae,Prance,Brazil
Chrysobalanaceae,Couepia krukovii,Standl.,Brazil
Chrysobalanaceae,Couepia latifolia,Standl.,Brazil
Chrysobalanaceae,Couepia leitaofilhoi,Prance,Brazil
Chrysobalanaceae,Couepia longipetiolata,Prance,Brazil
Chrysobalanaceae,Couepia macrophylla,Spruce ex Hook.f.,Brazil
Chrysobalanaceae,Couepia magnoliifolia,Benth. ex Hook.f.,Brazil
Chrysobalanaceae,Couepia maguirei,Prance,Brazil
Chrysobalanaceae,Couepia marleneae,Prance,Brazil
Chrysobalanaceae,Couepia meridionalis,Prance,Brazil
Chrysobalanaceae,Couepia monteclarensis,Prance,Brazil
Chrysobalanaceae,Couepia morii,Prance,Brazil
Chrysobalanaceae,Couepia multiflora,Benth.,Brazil
Chrysobalanaceae,Couepia obovata,Ducke,Brazil
Chrysobalanaceae,Couepia ovalifolia,(Schott) Benth. ex Hook.f.,Brazil
Chrysobalanaceae,Couepia paraensis,(Mart. & Zucc.) Benth.,Brazil
Chrysobalanaceae,Couepia parvifolia,Prance,Brazil
Chrysobalanaceae,Couepia pernambucensis,Prance,Brazil
Chrysobalanaceae,Couepia rankiniae,Prance,Brazil
Chrysobalanaceae,Couepia reflexa,Ducke,Brazil
Chrysobalanaceae,Couepia robusta,Huber,Brazil
Chrysobalanaceae,Couepia rufa,Ducke,Brazil
Chrysobalanaceae,Couepia schottii,Fritsch,Brazil
Chrysobalanaceae,Couepia spicata,Ducke,Brazil
Chrysobalanaceae,Couepia stipularis,Ducke,Brazil
Chrysobalanaceae,Couepia subcordata,Benth. ex Hook.f.,Brazil
Chrysobalanaceae,Couepia trapezioana,Cuatrec.,Brazil
Chrysobalanaceae,Couepia uiti,(Mart. & Zucc.) Benth. ex Hook.f.,Brazil
Chrysobalanaceae,Couepia ulei,Pilg.,Brazil
Chrysobalanaceae,Couepia venosa,Prance,Brazil
Chrysobalanaceae,Couepia williamsii,J.F.Macbr.,Brazil
Chrysobalanaceae,Exellodendron barbatum,(Ducke) Prance,Brazil
Chrysobalanaceae,Exellodendron cordatum,(Hook.f.) Prance,Brazil
Chrysobalanaceae,Exellodendron coriaceum,(Benth.) Prance,Brazil
Chrysobalanaceae,Exellodendron gracile,(Kuhlm.) Prance,Brazil
Chrysobalanaceae,Gaulettia canomensis,(Mart.) Sothers & Prance,Brazil
Chrysobalanaceae,Gaulettia cognata,(Steud.) Sothers & Prance,Brazil
Chrysobalanaceae,Gaulettia elata,(Ducke) Sothers & Prance,Brazil
Chrysobalanaceae,Gaulettia parillo,(DC.) Sothers & Prance,Brazil
Chrysobalanaceae,Gaulettia racemosa,(Benth. ex Hook.f.) Sothers & Prance,Brazil
Chrysobalanaceae,Hirtella angustifolia,Schott ex Spreng.,Brazil
Chrysobalanaceae,Hirtella araguariensis,Prance,Brazil
Chrysobalanaceae,Hirtella bahiensis,Prance,Brazil
Chrysobalanaceae,Hirtella barrosoi,Prance,Brazil
Chrysobalanaceae,Hirtella bicornis,Mart. & Zucc.,Brazil
Chrysobalanaceae,Hirtella brachystachya,Spruce ex Hook.f.,Brazil
Chrysobalanaceae,Hirtella bullata,Benth.,Brazil
Chrysobalanaceae,Hirtella burchellii,Britton,Brazil
Chrysobalanaceae,Hirtella ciliata,Mart. & Zucc.,Brazil
Chrysobalanaceae,Hirtella conduplicata,Prance,Brazil
Chrysobalanaceae,Hirtella couepiiflora,Prance,Brazil
Chrysobalanaceae,Hirtella davisii,Sandwith,Brazil
Chrysobalanaceae,Hirtella dorvalii,Prance,Brazil
Chrysobalanaceae,Hirtella duckei,Huber,Brazil
Chrysobalanaceae,Hirtella elongata,Mart. & Zucc.,Brazil
Chrysobalanaceae,Hirtella eriandra,Benth.,Brazil
Chrysobalanaceae,Hirtella excelsa,Standl. ex Prance,Brazil
Chrysobalanaceae,Hirtella fasciculata,Prance,Brazil
Chrysobalanaceae,Hirtella floribunda,Cham. & Schltdl.,Brazil
Chrysobalanaceae,Hirtella glabrata,Pilg.,Brazil
Chrysobalanaceae,Hirtella glandulistipula,Ducke,Brazil
Chrysobalanaceae,Hirtella glandulosa,Spreng.,Brazil
Chrysobalanaceae,Hirtella glaziovii,Taub.,Brazil
Chrysobalanaceae,Hirtella gracilipes,(Hook.f.) Prance,Brazil
Chrysobalanaceae,Hirtella guainiae,Spruce ex Hook.f.,Brazil
Chrysobalanaceae,Hirtella hebeclada,Moric. ex DC.,Brazil
Chrysobalanaceae,Hirtella hispidula,Miq.,Brazil
Chrysobalanaceae,Hirtella insignis,Briq. ex Prance,Brazil
Chrysobalanaceae,Hirtella juruenensis,Pilg.,Brazil
Chrysobalanaceae,Hirtella kuhlmannii,Pilg.,Brazil
Chrysobalanaceae,Hirtella lancifolia,Ducke,Brazil
Chrysobalanaceae,Hirtella longifolia,Benth. ex Hook.f.,Brazil
Chrysobalanaceae,Hirtella longipedicellata,Prance,Brazil
Chrysobalanaceae,Hirtella macrophylla,Benth. ex Hook.f.,Brazil
Chrysobalanaceae,Hirtella magnifolia,Prance,Brazil
Chrysobalanaceae,Hirtella martiana,Hook.f.,Brazil
Chrysobalanaceae,Hirtella mucronata,Prance,Brazil
Chrysobalanaceae,Hirtella myrmecophila,Pilg.,Brazil
Chrysobalanaceae,Hirtella obidensis,Ducke,Brazil
Chrysobalanaceae,Hirtella paniculata,Sw.,Brazil
Chrysobalanaceae,Hirtella paraensis,Prance,Brazil
Chrysobalanaceae,Hirtella parviunguis,Prance,Brazil
Chrysobalanaceae,Hirtella physophora,Mart. & Zucc.,Brazil
Chrysobalanaceae,Hirtella pilosissima,Mart. & Zucc.,Brazil
Chrysobalanaceae,Hirtella pimichina,Lasser & Maguire,Brazil
Chrysobalanaceae,Hirtella piresii,Prance,Brazil
Chrysobalanaceae,Hirtella prancei,Asprino & Amorim,Brazil
Chrysobalanaceae,Hirtella punctillata,Ducke,Brazil
Chrysobalanaceae,Hirtella racemosa,Lam.,Brazil
Chrysobalanaceae,Hirtella rasa,Standl.,Brazil
Chrysobalanaceae,Hirtella rodriguesii,Prance,Brazil
Chrysobalanaceae,Hirtella santosii,Prance,Brazil
Chrysobalanaceae,Hirtella scaberula,Spruce ex Hook.f.,Brazil
Chrysobalanaceae,Hirtella schultesii,Prance,Brazil
Chrysobalanaceae,Hirtella sprucei,Benth. ex Hook.f.,Brazil
Chrysobalanaceae,Hirtella subglanduligera,Pilg.,Brazil
Chrysobalanaceae,Hirtella suffulta,Prance,Brazil
Chrysobalanaceae,Hirtella tentaculata,Poepp.,Brazil
Chrysobalanaceae,Hirtella tenuifolia,Prance,Brazil
Chrysobalanaceae,Hirtella tocantina,Ducke,Brazil
Chrysobalanaceae,Hirtella triandra,Sw.,Brazil
Chrysobalanaceae,Hymenopus adolphoduckei,(Prance) Sothers & Prance,Brazil
Chrysobalanaceae,Hymenopus amapaensis,Sothers & Prance,Brazil
Chrysobalanaceae,Hymenopus arachnoideus,(Fanshawe & Maguire) Sothers & Prance,Brazil
Chrysobalanaceae,Hymenopus caudatus,(Prance) Sothers & Prance,Brazil
Chrysobalanaceae,Hymenopus conferruminatus,(Prance) Sothers & Prance,Brazil
Chrysobalanaceae,Hymenopus divaricatus,(Benth.) Sothers & Prance,Brazil
Chrysobalanaceae,Hymenopus glabriflorus,(Prance) Sothers & Prance,Brazil
Chrysobalanaceae,Hymenopus heteromorphus,(Benth.) Sothers & Prance,Brazil
Chrysobalanaceae,Hymenopus hirsutus,(Prance) Sothers & Prance,Brazil
Chrysobalanaceae,Hymenopus intrapetiolaris,(Spreng. ex Hook.f.) Sothers & Prance,Brazil
Chrysobalanaceae,Hymenopus krukovii,(Standl.) Sothers & Prance,Brazil
Chrysobalanaceae,Hymenopus laevigatus,(Prance) Sothers & Prance,Brazil
Chrysobalanaceae,Hymenopus latifolius,(Benth. ex Hook.f.) Sothers & Prance,Brazil
Chrysobalanaceae,Hymenopus macrophyllus,(Benth.) Sothers & Prance,Brazil
Chrysobalanaceae,Hymenopus miltonii,(Prance) Sothers & Prance,Brazil
Chrysobalanaceae,Hymenopus oblongifolius,(Standl.) Sothers & Prance,Brazil
Chrysobalanaceae,Hymenopus occultans,(Prance) Sothers & Prance,Brazil
Chrysobalanaceae,Hymenopus prismatocarpus,(Spruce ex Hook.f.) Sothers & Prance,Brazil
Chrysobalanaceae,Hymenopus reticulatus,(Prance) Sothers & Prance,Brazil
Chrysobalanaceae,Hymenopus sothersiae,(Prance) Sothers & Prance,Brazil
Chrysobalanaceae,Leptobalanus apetalus,(E.Mey.) Sothers & Prance,Brazil
Chrysobalanaceae,Leptobalanus emarginatus,(Spruce ex Hook.f.) Sothers & Prance,Brazil
Chrysobalanaceae,Leptobalanus gardneri,(Hook.f.) Sothers & Prance,Brazil
Chrysobalanaceae,Leptobalanus granvillei,(Prance) Sothers & Prance,Brazil
Chrysobalanaceae,Leptobalanus humilis,(Cham. & Schltdl.) Sothers & Prance,Brazil
Chrysobalanaceae,Leptobalanus joseramosii,(Prance) Sothers & Prance,Brazil
Chrysobalanaceae,Leptobalanus latus,(J.F.Macbr.) Sothers & Prance,Brazil
Chrysobalanaceae,Leptobalanus longistylus,(Hook.f.) Sothers & Prance,Brazil
Chrysobalanaceae,Leptobalanus maguirei,(Prance) Sothers & Prance,Brazil
Chrysobalanaceae,Leptobalanus octandrus,(Hoffmanns. ex Schult.) Sothers & Prance,Brazil
Chrysobalanaceae,Leptobalanus parvifolius,(Huber) Sothers & Prance,Brazil
Chrysobalanaceae,Leptobalanus sclerophyllus,(Mart. ex Hook.f.) Sothers & Prance,Brazil
Chrysobalanaceae,Leptobalanus sprucei,(Hook.f.) Sothers & Prance,Brazil
Chrysobalanaceae,Leptobalanus turbinatus,(Benth.) Sothers & Prance,Brazil
Chrysobalanaceae,Leptobalanus wurdackii,(Prance) Sothers & Prance,Brazil
Chrysobalanaceae,Licania affinis,Fritsch,Brazil
Chrysobalanaceae,Licania alba,(Bernoulli) Cuatrec.,Brazil
Chrysobalanaceae,Licania aracaensis,Prance,Brazil
Chrysobalanaceae,Licania arianeae,Prance,Brazil
Chrysobalanaceae,Licania bahiensis,Prance,Brazil
Chrysobalanaceae,Licania belemii,Prance,Brazil
Chrysobalanaceae,Licania bellingtonii,Prance,Brazil
Chrysobalanaceae,Licania blackii,Prance,Brazil
Chrysobalanaceae,Licania bracteata,Prance,Brazil
Chrysobalanaceae,Licania canescens,Benoist,Brazil
Chrysobalanaceae,Licania cidii,Prance,Brazil
Chrysobalanaceae,Licania cordata,Prance,Brazil
Chrysobalanaceae,Licania coriacea,Benth.,Brazil
Chrysobalanaceae,Licania crassivenia,Spruce ex Hook.f.,Brazil
Chrysobalanaceae,Licania cymosa,Fritsch,Brazil
Chrysobalanaceae,Licania davillifolia,Benoist,Brazil
Chrysobalanaceae,Licania dealbata,Hook.f.,Brazil
Chrysobalanaceae,Licania densiflora,Kleinh.,Brazil
Chrysobalanaceae,Licania discolor,Pilg.,Brazil
Chrysobalanaceae,Licania elliptica,Standl.,Brazil
Chrysobalanaceae,Licania ferreirae,Prance,Brazil
Chrysobalanaceae,Licania glazioviana,Warm.,Brazil
Chrysobalanaceae,Licania gracilipes,Taub.,Brazil
Chrysobalanaceae,Licania harlingii,Prance,Brazil
Chrysobalanaceae,Licania hebantha,Mart. ex Hook.f.,Brazil
Chrysobalanaceae,Licania hoehnei,Pilg.,Brazil
Chrysobalanaceae,Licania hypoleuca,Benth.,Brazil
Chrysobalanaceae,Licania impressa,Prance,Brazil
Chrysobalanaceae,Licania incana,Aubl.,Brazil
Chrysobalanaceae,Licania indurata,Pilg.,Brazil
Chrysobalanaceae,Licania irwinii,Prance,Brazil
Chrysobalanaceae,Licania kunthiana,Hook.f.,Brazil
Chrysobalanaceae,Licania lamentanda,Prance,Brazil
Chrysobalanaceae,Licania lanceolata,Prance,Brazil
Chrysobalanaceae,Licania laxiflora,Fritsch,Brazil
Chrysobalanaceae,Licania leptostachya,Benth.,Brazil
Chrysobalanaceae,Licania littoralis,Warm.,Brazil
Chrysobalanaceae,Licania majuscula,Sagot,Brazil
Chrysobalanaceae,Licania marleneae,Prance,Brazil
Chrysobalanaceae,Licania maxima,Prance,Brazil
Chrysobalanaceae,Licania membranacea,Sagot ex Laness.,Brazil
Chrysobalanaceae,Licania micrantha,Miq.,Brazil
Chrysobalanaceae,Licania mollis,Benth.,Brazil
Chrysobalanaceae,Licania naviculistipula,Prance,Brazil
Chrysobalanaceae,Licania nelsonii,Prance,Brazil
Chrysobalanaceae,Licania niloi,Prance,Brazil
Chrysobalanaceae,Licania nitida,Hook.f.,Brazil
Chrysobalanaceae,Licania orbicularis,Spruce ex Hook.f.,Brazil
Chrysobalanaceae,Licania ovalifolia,Kleinh.,Brazil
Chrysobalanaceae,Licania pallida,(Hook.f.) Spruce ex Sagot,Brazil
Chrysobalanaceae,Licania paraensis,Prance,Brazil
Chrysobalanaceae,Licania parviflora,Benth.,Brazil
Chrysobalanaceae,Licania parvifructa,Fanshawe & Maguire,Brazil
Chrysobalanaceae,Licania piresii,Prance,Brazil
Chrysobalanaceae,Licania polita,Spruce ex Hook.f.,Brazil
Chrysobalanaceae,Licania pruinosa,Benoist,Brazil
Chrysobalanaceae,Licania riedelii,Prance,Brazil
Chrysobalanaceae,Licania robusta,Sagot,Brazil
Chrysobalanaceae,Licania rodriguesii,Prance,Brazil
Chrysobalanaceae,Licania rufescens,Klotzsch ex Fritsch,Brazil
Chrysobalanaceae,Licania sandwithii,Prance,Brazil
Chrysobalanaceae,Licania santosii,Prance,Brazil
Chrysobalanaceae,Licania savannarum,Prance,Brazil
Chrysobalanaceae,Licania silvae,Prance,Brazil
Chrysobalanaceae,Licania spicata,Hook.f.,Brazil
Chrysobalanaceae,Licania stewardii,Prance,Brazil
Chrysobalanaceae,Licania teixeirae,Prance,Brazil
Chrysobalanaceae,Licania tocantina,Prance,Brazil
Chrysobalanaceae,Licania triandra,Mart. ex Hook.f.,Brazil
Chrysobalanaceae,Licania urceolaris,Hook.f.,Brazil
Chrysobalanaceae,Licania vaupesiana,Killip & Cuatrec.,Brazil
Chrysobalanaceae,Microdesmia arborea,(Seem.) Sothers & Prance,Brazil
Chrysobalanaceae,Microdesmia rigida,(Benth.) Sothers & Prance,Brazil
Chrysobalanaceae,Moquilea angustata,(Prance) Sothers & Prance,Brazil
Chrysobalanaceae,Moquilea anneae,(Prance) Sothers & Prance,Brazil
Chrysobalanaceae,Moquilea araneosa,(Taub.) Sothers & Prance,Brazil
Chrysobalanaceae,Moquilea brittoniana,(Fritsch) Sothers & Prance,Brazil
Chrysobalanaceae,Moquilea egleri,(Prance) Sothers & Prance,Brazil
Chrysobalanaceae,Moquilea fritschii,(Prance) Sothers & Prance,Brazil
Chrysobalanaceae,Moquilea guianensis,Aubl.,Brazil
Chrysobalanaceae,Moquilea longipedicellata,(Ducke) Sothers & Prance,Brazil
Chrysobalanaceae,Moquilea longipetala,(Prance) Sothers & Prance,Brazil
Chrysobalanaceae,Moquilea maranhensis,(Prance) Sothers & Prance,Brazil
Chrysobalanaceae,Moquilea minutiflora,Sagot,Brazil
Chrysobalanaceae,Moquilea salzmannii,Hook.f.,Brazil
Chrysobalanaceae,Moquilea silvatica,(Glaz. ex Prance) Sothers & Prance,Brazil
Chrysobalanaceae,Moquilea tomentosa,Benth.,Brazil
Chrysobalanaceae,Moquilea unguiculata,(Prance) Sothers & Prance,Brazil
Chrysobalanaceae,Parinari alvimii,Prance,Brazil
Chrysobalanaceae,Parinari brasiliensis,(Schott) Hook.f.,Brazil
Chrysobalanaceae,Parinari campestris,Aubl.,Brazil
Chrysobalanaceae,Parinari cardiophylla,Ducke,Brazil
Chrysobalanaceae,Parinari excelsa,Sabine,Brazil
Chrysobalanaceae,Parinari klugii,Prance,Brazil
Chrysobalanaceae,Parinari littoralis,Prance,Brazil
Chrysobalanaceae,Parinari montana,Aubl.,Brazil
Chrysobalanaceae,Parinari obtusifolia,Hook.f.,Brazil
Chrysobalanaceae,Parinari occidentalis,Prance,Brazil
Chrysobalanaceae,Parinari parvifolia,Sandwith,Brazil
Chrysobalanaceae,Parinari rodolphii,Huber,Brazil
Chrysobalanaceae,Parinari sprucei,Hook.f.,Brazil
Chrysobalanaceae,Parinariopsis licaniiflora,(Sagot) Sothers & Prance,Brazil
Clethraceae,Clethra scabra,Pers.,Brazil
Clethraceae,Clethra uleana,Sleumer,Brazil
Clusiaceae,Arawakia weddelliana,(Planch. & Triana) L.Marinho,Brazil
Clusiaceae,Chrysochlamys ulei,Engl.,Brazil
Clusiaceae,Chrysochlamys weberbaueri,Engl.,Brazil
Clusiaceae,Clusia aemygdioi,Gomes da Silva & B.Weinberg,Brazil
Clusiaceae,Clusia amabilis,Maguire,Brazil
Clusiaceae,Clusia amazonica,Planch. & Triana,Brazil
Clusiaceae,Clusia brachystyla,Maguire,Brazil
Clusiaceae,Clusia burchellii,Engl.,Brazil
Clusiaceae,Clusia burle-marxii,Bittrich,Brazil
Clusiaceae,Clusia candelabrum,Planch. & Triana,Brazil
Clusiaceae,Clusia columnaris,Engl.,Brazil
Clusiaceae,Clusia criuva,Cambess.,Brazil
Clusiaceae,Clusia dardanoi,G.Mariz & Maguire,Brazil
Clusiaceae,Clusia diamantina,Bittrich,Brazil
Clusiaceae,Clusia drouetiana,L.B.Sm.,Brazil
Clusiaceae,Clusia fluminensis,Planch. & Triana,Brazil
Clusiaceae,Clusia fockeana,Miq.,Brazil
Clusiaceae,Clusia fragrans,Gardner,Brazil
Clusiaceae,Clusia gardneri,Planch. & Triana,Brazil
Clusiaceae,Clusia gratula,Maguire,Brazil
Clusiaceae,Clusia hammeliana,Pipoly,Brazil
Clusiaceae,Clusia hexacarpa,Gleason,Brazil
Clusiaceae,Clusia hilariana,Schltdl.,Brazil
Clusiaceae,Clusia hoffmannseggiana,Schltdl.,Brazil
Clusiaceae,Clusia huberi,Pipoly,Brazil
Clusiaceae,Clusia immersa,C.M.Vieira,Brazil
Clusiaceae,Clusia insignis,Mart.,Brazil
Clusiaceae,Clusia lanceolata,Cambess.,Brazil
Clusiaceae,Clusia leprantha,Mart.,Brazil
Clusiaceae,Clusia martiana,Engl.,Brazil
Clusiaceae,Clusia melchiorii,Gleason,Brazil
Clusiaceae,Clusia mexiae,P.F.Stevens,Brazil
Clusiaceae,Clusia microstemon,Planch. & Triana,Brazil
Clusiaceae,Clusia nemorosa,G.Mey.,Brazil
Clusiaceae,Clusia nigrolineata,P.F.Stevens,Brazil
Clusiaceae,Clusia obdeltifolia,Bittrich,Brazil
Clusiaceae,Clusia obovata,(Spruce ex Planch. & Triana) Pipoly,Brazil
Clusiaceae,Clusia opaca,Maguire,Brazil
Clusiaceae,Clusia organensis,Planch. & Triana,Brazil
Clusiaceae,Clusia pachyphylla,Gleason,Brazil
Clusiaceae,Clusia panapanari,(Aubl.) Choisy,Brazil
Clusiaceae,Clusia paralicola,G.Mariz,Brazil
Clusiaceae,Clusia penduliflora,Engl.,Brazil
Clusiaceae,Clusia pernambucensis,G.Mariz,Brazil
Clusiaceae,Clusia platystigma,Eyma,Brazil
Clusiaceae,Clusia polysepala,Engl.,Brazil
Clusiaceae,Clusia radicans,Pav. ex Planch. & Triana,Brazil
Clusiaceae,Clusia renggerioides,Planch. & Triana,Brazil
Clusiaceae,Clusia riedeliana,Engl.,Brazil
Clusiaceae,Clusia savannarum,Maguire,Brazil
Clusiaceae,Clusia sellowiana,Schltdl.,Brazil
Clusiaceae,Clusia sipapoana,(Maguire) Pipoly,Brazil
Clusiaceae,Clusia spathulifolia,Engl.,Brazil
Clusiaceae,Clusia spiritu-sanctensis,G.Mariz & B.Weinberg,Brazil
Clusiaceae,Clusia studartiana,C.M.Vieira & A.G.Silva,Brazil
Clusiaceae,Clusia viscida,Engl.,Brazil
Clusiaceae,Clusia weddelliana,Planch. & Triana,Brazil
Clusiaceae,Garcinia albuquerquei,(M.E.Berg) Bittrich,Brazil
Clusiaceae,Garcinia brasiliensis,Mart.,Brazil
Clusiaceae,Garcinia gardneriana,(Planch. & Triana) Zappi,Brazil
Clusiaceae,Garcinia guacopary,(S.Moore) M.Nee,Brazil
Clusiaceae,Garcinia leptophylla,Bittrich,Brazil
Clusiaceae,Garcinia macrophylla,Mart.,Brazil
Clusiaceae,Garcinia madruno,(Kunth) Hammel,Brazil
Clusiaceae,Lorostemon bombaciflorus,Ducke,Brazil
Clusiaceae,Lorostemon coelhoi,Paula,Brazil
Clusiaceae,Lorostemon colombianus,Maguire,Brazil
Clusiaceae,Moronobea candida,Ducke,Brazil
Clusiaceae,Moronobea coccinea,Aubl.,Brazil
Clusiaceae,Moronobea intermedia,Engl. ex Oliv.,Brazil
Clusiaceae,Moronobea pulchra,Ducke,Brazil
Clusiaceae,Moronobea riparia,Planch. & Triana,Brazil
Clusiaceae,Platonia insignis,Mart.,Brazil
Clusiaceae,Symphonia globulifera,L.f.,Brazil
Clusiaceae,Tovomita acutiflora,M.Barros & G.Mariz,Brazil
Clusiaceae,Tovomita amazonica,Poepp. & Endl. ex Walp.,Brazil
Clusiaceae,Tovomita brevistaminea,Engl.,Brazil
Clusiaceae,Tovomita calodictyos,Sandwith,Brazil
Clusiaceae,Tovomita caloneura,A.C.Sm.,Brazil
Clusiaceae,Tovomita carinata,Eyma,Brazil
Clusiaceae,Tovomita choisyana,Planch. & Triana,Brazil
Clusiaceae,Tovomita clusiiflora,(Ducke) L.Marinho,Brazil
Clusiaceae,Tovomita duckei,Huber,Brazil
Clusiaceae,Tovomita foldatsii,Cuello,Brazil
Clusiaceae,Tovomita fructipendula,Cambess.,Brazil
Clusiaceae,Tovomita glazioviana,Engl.,Brazil
Clusiaceae,Tovomita gracilipes,Planch. & Triana,Brazil
Clusiaceae,Tovomita grata,Sandwith,Brazil
Clusiaceae,Tovomita guianensis,Aubl.,Brazil
Clusiaceae,Tovomita hopkinsii,Bittrich & L.Marinho,Brazil
Clusiaceae,Tovomita iaspidis,L.Marinho & Amorim,Brazil
Clusiaceae,Tovomita iuruensis,L.Marinho,Brazil
Clusiaceae,Tovomita laurina,Planch. & Triana,Brazil
Clusiaceae,Tovomita leptostemon,L. Marinho & Demarchi,Brazil
Clusiaceae,Tovomita leucantha,(Schltdl.) Planch. & Triana,Brazil
Clusiaceae,Tovomita longifolia,(Rich.) Hochr.,Brazil
Clusiaceae,Tovomita longirostrata,L.Marinho,Brazil
Clusiaceae,Tovomita macrophylla,(Poepp.) Walp.,Brazil
Clusiaceae,Tovomita mangle,G. Mariz,Brazil
Clusiaceae,Tovomita megantha,L.Marinho & Amorim,Brazil
Clusiaceae,Tovomita riedeliana,Engl.,Brazil
Clusiaceae,Tovomita rubella,Spruce ex Planch. & Triana,Brazil
Clusiaceae,Tovomita salimenae,L.Marinho & Amorim,Brazil
Clusiaceae,Tovomita schomburgkii,Planch. & Triana,Brazil
Clusiaceae,Tovomita secunda,Poepp. ex Planch. & Triana,Brazil
Clusiaceae,Tovomita speciosa,Ducke,Brazil
Clusiaceae,Tovomita spruceana,Planch. & Triana,Brazil
Clusiaceae,Tovomita stellaris,L. Marinho & Amorim,Brazil
Clusiaceae,Tovomita stergiosii,Cuello,Brazil
Clusiaceae,Tovomita tenuiflora,Benth. ex Planch. & Triana,Brazil
Clusiaceae,Tovomita umbellata,Benth.,Brazil
Clusiaceae,Tovomita vismiifolia,L.Marinho,Brazil
Clusiaceae,Tovomita volkeri,L.Marinho,Brazil
Clusiaceae,Tovomitopsis paniculata,Planch. & Triana,Brazil
Clusiaceae,Tovomitopsis saldanhae,Engl.,Brazil
Combretaceae,Combretum cacoucia,Exell ex Sandwith,Brazil
Combretaceae,Combretum duarteanum,Cambess.,Brazil
Combretaceae,Combretum glaucocarpum,Mart.,Brazil
Combretaceae,Combretum laxum,Jacq.,Brazil
Combretaceae,Combretum leprosum,Mart.,Brazil
Combretaceae,Combretum mellifluum,Eichler,Brazil
Combretaceae,Combretum monetaria,Mart.,Brazil
Combretaceae,Combretum paraguariense,(Eichler) Stace,Brazil
Combretaceae,Combretum pyramidatum,Desv. ex Ham.,Brazil
Combretaceae,Combretum rotundifolium,Rich.,Brazil
Combretaceae,Combretum vernicosum,Rusby,Brazil
Combretaceae,Conocarpus erectus,L.,Brazil
Combretaceae,Laguncularia racemosa,(L.) C.F.Gaertn.,Brazil
Combretaceae,Terminalia actinophylla,Mart.,Brazil
Combretaceae,Terminalia acuminata,(Allemão) Eichler,Brazil
Combretaceae,Terminalia amazonia,(J.F.Gmel.) Exell,Brazil
Combretaceae,Terminalia argentea,Mart.,Brazil
Combretaceae,Terminalia aubletii,Gere & Boatwr.,Brazil
Combretaceae,Terminalia australis,Cambess.,Brazil
Combretaceae,Terminalia congesta,(Ducke) Gere & Boatwr.,Brazil
Combretaceae,Terminalia corrugata,(Ducke) Gere & Boatwr.,Brazil
Combretaceae,Terminalia crispialata,(Ducke) Alwan & Stace,Brazil
Combretaceae,Terminalia dichotoma,G.Mey.,Brazil
Combretaceae,Terminalia duckei,Gere & Boatwr.,Brazil
Combretaceae,Terminalia eichleriana,Alwan & Stace,Brazil
Combretaceae,Terminalia fagifolia,Mart.,Brazil
Combretaceae,Terminalia fanshawei,(Exell & Maguire) Gere & Boatwr.,Brazil
Combretaceae,Terminalia glabrescens,Mart.,Brazil
Combretaceae,Terminalia grandis,(Ducke) Gere & Boatwr.,Brazil
Combretaceae,Terminalia hoehneana,(N.F.Mattos) Gere & Boatwr.,Brazil
Combretaceae,Terminalia januariensis,DC.,Brazil
Combretaceae,Terminalia kleinii,(Exell) Gere & Boatwr.,Brazil
Combretaceae,Terminalia lucida,Hoffmanns. ex Mart.,Brazil
Combretaceae,Terminalia macrophylla,(Spruce ex Eichler) Gere & Boatwr.,Brazil
Combretaceae,Terminalia mameluco,Pickel,Brazil
Combretaceae,Terminalia oblonga,(Ruiz & Pav.) Steud.,Brazil
Combretaceae,Terminalia ochroprumna,(Eichler) Gere & Boatwr.,Brazil
Combretaceae,Terminalia oxycarpa,Mart.,Brazil
Combretaceae,Terminalia pallidovirens,(Cuatrec.) Gere & Boatwr.,Brazil
Combretaceae,Terminalia parvifolia,(Ducke) Gere & Boatwr.,Brazil
Combretaceae,Terminalia phaeocarpa,Eichler,Brazil
Combretaceae,Terminalia pulcherrima,(Exell & Stace) Gere & Boatwr.,Brazil
Combretaceae,Terminalia quintalata,Maguire,Brazil
Combretaceae,Terminalia ramatuella,Alwan & Stace,Brazil
Combretaceae,Terminalia suaveolens,(Eichler) Gere & Boatwr.,Brazil
Combretaceae,Terminalia tetraphylla,(Aubl.) Gere & Boatwr.,Brazil
Combretaceae,Terminalia triflora,(Griseb.) Lillo,Brazil
Combretaceae,Terminalia virens,(Spruce ex Eichler) Alwan & Stace,Brazil
Combretaceae,Terminalia viridiflora,(Ducke) Gere & Boatwr.,Brazil
Connaraceae,Bernardinia fluminensis,(Gardner) Planch.,Brazil
Connaraceae,Connarus detersus,Planch.,Brazil
Connaraceae,Connarus erianthus,Benth. ex Baker,Brazil
Connaraceae,Connarus fasciculatus,(DC.) Planch.,Brazil
Connaraceae,Connarus marleneae,Forero,Brazil
Connaraceae,Connarus nodosus,Baker,Brazil
Connaraceae,Connarus ovatifolius,(Mart. ex Baker) Schellenb.,Brazil
Connaraceae,Connarus patrisii,(DC.) Planch.,Brazil
Connaraceae,Connarus perrottetii,(DC.) Planch.,Brazil
Connaraceae,Connarus suberosus,Planch.,Brazil
Connaraceae,Rourea amazonica,(Baker) Radlk.,Brazil
Connaraceae,Rourea bahiensis,Forero,Brazil
Connaraceae,Rourea blanchetiana,(Progel) Kuhlm.,Brazil
Connaraceae,Rourea induta,Planch.,Brazil
Connaraceae,Rourea laurifolia,G.Schellenb.,Brazil
Connaraceae,Rourea martiana,Baker,Brazil
Connaraceae,Rourea pseudogardneriana,"Forero, Carbonó & L.A. Vidal",Brazil
Connaraceae,Rourea puberula,Baker,Brazil
Cunoniaceae,Lamanonia brasiliensis,Zickel & Leitão,Brazil
Cunoniaceae,Lamanonia cuneata,(Cambess.) Kuntze,Brazil
Cunoniaceae,Lamanonia speciosa,(Cambess.) L.B.Sm.,Brazil
Cunoniaceae,Lamanonia ternata,Vell.,Brazil
Cunoniaceae,Lamanonia ulei,(Engl.) L.B.Sm.,Brazil
Cunoniaceae,Weinmannia discolor,Gardner,Brazil
Cunoniaceae,Weinmannia fagaroides,Kunth,Brazil
Cunoniaceae,Weinmannia humilis,Engl.,Brazil
Cunoniaceae,Weinmannia organensis,Gardner,Brazil
Cunoniaceae,Weinmannia paulliniifolia,Pohl,Brazil
Cyrillaceae,Cyrilla racemiflora,L.,Brazil
Dichapetalaceae,Dichapetalum odoratum,Baill.,Brazil
Dichapetalaceae,Stephanopodium blanchetianum,Baill.,Brazil
Dichapetalaceae,Stephanopodium engleri,Baill.,Brazil
Dichapetalaceae,Stephanopodium estrellense,Baill.,Brazil
Dichapetalaceae,Stephanopodium gracile,Fiaschi & Amorim,Brazil
Dichapetalaceae,Stephanopodium magnifolium,Prance,Brazil
Dichapetalaceae,Stephanopodium organense,(Rizzini) Prance,Brazil
Dichapetalaceae,Stephanopodium sessile,Rizzini,Brazil
Dichapetalaceae,Tapura acreana,(Ule) Rizzini,Brazil
Dichapetalaceae,Tapura amazonica,Poepp.,Brazil
Dichapetalaceae,Tapura coriacea,J.F.Macbr.,Brazil
Dichapetalaceae,Tapura follii,Prance,Brazil
Dichapetalaceae,Tapura guianensis,Aubl.,Brazil
Dichapetalaceae,Tapura juruana,(Ule) Rizzini,Brazil
Dichapetalaceae,Tapura lanceolata,(Ducke) Rizzini,Brazil
Dichapetalaceae,Tapura singularis,Ducke,Brazil
Dichapetalaceae,Tapura wurdackiana,Prance,Brazil
Dilleniaceae,Curatella americana,L.,Brazil
Dilleniaceae,Davilla alata,(Vent.) Briq.,Brazil
Dilleniaceae,Doliocarpus gentryi,Aymard & J.Mill.,Brazil
Dilleniaceae,Tetracera parviflora,(Rusby) Sleumer,Brazil
Ebenaceae,Diospyros agnitser,B.Walln.,Brazil
Ebenaceae,Diospyros akaraiensis,A.C.Sm.,Brazil
Ebenaceae,Diospyros amabi,B.Walln.,Brazil
Ebenaceae,Diospyros apeibacarpos,Raddi,Brazil
Ebenaceae,Diospyros artanthifolia,Mart. ex Miq.,Brazil
Ebenaceae,Diospyros arupaj,B.Walln.,Brazil
Ebenaceae,Diospyros brasiliensis,Mart. ex Miq.,Brazil
Ebenaceae,Diospyros bullata,A.C.Sm.,Brazil
Ebenaceae,Diospyros cachimboensis,Pires & Cavalcante,Brazil
Ebenaceae,Diospyros capreifolia,Mart. ex Hiern,Brazil
Ebenaceae,Diospyros carbonaria,Benoist,Brazil
Ebenaceae,Diospyros cauligera,F.White,Brazil
Ebenaceae,Diospyros cavalcantei,Sothers,Brazil
Ebenaceae,Diospyros cayennensis,A.DC.,Brazil
Ebenaceae,Diospyros coccolobifolia,Mart. ex Miq.,Brazil
Ebenaceae,Diospyros dalyom,B.Walln.,Brazil
Ebenaceae,Diospyros dichroa,Sandwith,Brazil
Ebenaceae,Diospyros egleri,Pires & Cavalcante,Brazil
Ebenaceae,Diospyros froesii,Cavalcante,Brazil
Ebenaceae,Diospyros gaultheriifolia,Mart. ex Miq.,Brazil
Ebenaceae,Diospyros glomerata,Spruce ex Hiern,Brazil
Ebenaceae,Diospyros guatterioides,A.C.Sm.,Brazil
Ebenaceae,Diospyros guianensis,(Aubl.) Gürke,Brazil
Ebenaceae,Diospyros inconstans,Jacq.,Brazil
Ebenaceae,Diospyros juruensis,A.C.Sm.,Brazil
Ebenaceae,Diospyros kanizur,B.Walln.,Brazil
Ebenaceae,Diospyros ketun,B.Walln.,Brazil
Ebenaceae,Diospyros kondor,B.Walln.,Brazil
Ebenaceae,Diospyros krukovii,A.C.Sm.,Brazil
Ebenaceae,Diospyros landii,Cavalcante,Brazil
Ebenaceae,Diospyros lasiocalyx,(Mart.) B.Walln.,Brazil
Ebenaceae,Diospyros longistyla,A.C.Sm.,Brazil
Ebenaceae,Diospyros manausensis,Cavalcante,Brazil
Ebenaceae,Diospyros martinii,Benoist,Brazil
Ebenaceae,Diospyros matheriana,A.C.Sm.,Brazil
Ebenaceae,Diospyros mexiae,Standl.,Brazil
Ebenaceae,Diospyros micrantha,Sandwith,Brazil
Ebenaceae,Diospyros miltonii,Cavalcante,Brazil
Ebenaceae,Diospyros myrmecocarpa,Mart. ex Miq.,Brazil
Ebenaceae,Diospyros nanay,B.Walln.,Brazil
Ebenaceae,Diospyros paraensis,Sothers,Brazil
Ebenaceae,Diospyros piresii,Cavalcante,Brazil
Ebenaceae,Diospyros poeppigiana,A.DC.,Brazil
Ebenaceae,Diospyros riedelii,(Hiern) B.Walln.,Brazil
Ebenaceae,Diospyros robolot,B.Walln.,Brazil
Ebenaceae,Diospyros ropourea,B.Walln.,Brazil
Ebenaceae,Diospyros santaremnensis,Sandwith,Brazil
Ebenaceae,Diospyros scottmorii,B.Walln.,Brazil
Ebenaceae,Diospyros sericea,A.DC.,Brazil
Ebenaceae,Diospyros serrana,Sothers,Brazil
Ebenaceae,Diospyros subrotata,Hiern,Brazil
Ebenaceae,Diospyros tarim,B.Walln.,Brazil
Ebenaceae,Diospyros tenuiflora,A.C.Sm.,Brazil
Ebenaceae,Diospyros tetrandra,Hiern,Brazil
Ebenaceae,Diospyros trombetensis,Sandwith,Brazil
Ebenaceae,Diospyros uaupensis,Cavalcante,Brazil
Ebenaceae,Diospyros ubaita,B.Walln.,Brazil
Ebenaceae,Diospyros vestita,Benoist,Brazil
Ebenaceae,Diospyros xavantina,Sothers,Brazil
Ebenaceae,Lissocarpa benthamii,Gürke,Brazil
Ebenaceae,Lissocarpa kating,B.Walln.,Brazil
Elaeocarpaceae,Crinodendron brasiliense,Reitz & L.B.Sm.,Brazil
Elaeocarpaceae,Sloanea brevipes,Benth.,Brazil
Elaeocarpaceae,Sloanea caribaea,Krug & Urb. ex Duss,Brazil
Elaeocarpaceae,Sloanea dubia,Boeira,Brazil
Elaeocarpaceae,Sloanea durissima,Spruce ex Benth.,Brazil
Elaeocarpaceae,Sloanea echinocarpa,Uittien,Brazil
Elaeocarpaceae,Sloanea eichleri,K.Schum.,Brazil
Elaeocarpaceae,Sloanea erismoides,Ducke,Brazil
Elaeocarpaceae,Sloanea fasciculata,D.Samp. & V.C.Souza,Brazil
Elaeocarpaceae,Sloanea floribunda,Spruce ex Benth.,Brazil
Elaeocarpaceae,Sloanea froesii,Earle Sm.,Brazil
Elaeocarpaceae,Sloanea garckeana,K.Schum.,Brazil
Elaeocarpaceae,Sloanea grandiflora,Sm.,Brazil
Elaeocarpaceae,Sloanea grandis,Ducke,Brazil
Elaeocarpaceae,Sloanea granulosa,Ducke,Brazil
Elaeocarpaceae,Sloanea guianensis,(Aubl.) Benth.,Brazil
Elaeocarpaceae,Sloanea hatschbachii,D.Samp. & V.C.Souza,Brazil
Elaeocarpaceae,Sloanea heteroneura,Boeira,Brazil
Elaeocarpaceae,Sloanea hirsuta,(Schott) Planch. ex Benth.,Brazil
Elaeocarpaceae,Sloanea kuhlmannii,Ducke,Brazil
Elaeocarpaceae,Sloanea lanceolata,Earle Sm.,Brazil
Elaeocarpaceae,Sloanea lasiocoma,K.Schum.,Brazil
Elaeocarpaceae,Sloanea latifolia,(Rich.) K.Schum.,Brazil
Elaeocarpaceae,Sloanea laurifolia,(Willd.) Benth.,Brazil
Elaeocarpaceae,Sloanea longicaudata,Ducke,Brazil
Elaeocarpaceae,Sloanea macrophylla,Benth. ex Turcz.,Brazil
Elaeocarpaceae,Sloanea merevariensis,Pittier ex Steyerm.,Brazil
Elaeocarpaceae,Sloanea nitida,G. Don,Brazil
Elaeocarpaceae,Sloanea obtusifolia,(Moric.) K.Schum.,Brazil
Elaeocarpaceae,Sloanea parviflora,Planch. ex Benth.,Brazil
Elaeocarpaceae,Sloanea parvifructa,Steyerm.,Brazil
Elaeocarpaceae,Sloanea petalata,D.Samp. & V.C.Souza,Brazil
Elaeocarpaceae,Sloanea porphyrocarpa,Ducke,Brazil
Elaeocarpaceae,Sloanea pseudoverticillata,Boeira,Brazil
Elaeocarpaceae,Sloanea pubescens,Benth.,Brazil
Elaeocarpaceae,Sloanea retusa,Uittien,Brazil
Elaeocarpaceae,Sloanea rufa,Planch. ex Benth.,Brazil
Elaeocarpaceae,Sloanea schomburgkii,Spruce ex Benth.,Brazil
Elaeocarpaceae,Sloanea sinemariensis,Aubl.,Brazil
Elaeocarpaceae,Sloanea spathulata,Earle Sm.,Brazil
Elaeocarpaceae,Sloanea synandra,Spruce ex Benth.,Brazil
Elaeocarpaceae,Sloanea terniflora,(Moc. & Sessé ex DC.) Standl.,Brazil
Elaeocarpaceae,Sloanea uniflora,D. Samp. & V.C. Souza,Brazil
Elaeocarpaceae,Sloanea wurdackii,Steyerm.,Brazil
Ericaceae,Agarista duckei,(Huber) Judd,Brazil
Ericaceae,Agarista eucalyptoides,(Cham. & Schltdl.) G.Don,Brazil
Ericaceae,Agarista glaberrima,(Sleumer) Judd,Brazil
Ericaceae,Agarista minensis,(Glaz. ex Sleumer) Judd,Brazil
Ericaceae,Agarista niederleinii,(Sleumer) Judd,Brazil
Ericaceae,Agarista oleifolia,(Cham.) G.Don,Brazil
Ericaceae,Agarista pulchra,G.Don,Brazil
Ericaceae,Agarista revoluta,(Spreng.) Hook. ex Nied.,Brazil
Ericaceae,Agarista uleana,(Sleumer) Judd,Brazil
Ericaceae,Bejaria mathewsii,Fielding & Gardner,Brazil
Ericaceae,Bejaria sprucei,Meisn.,Brazil
Ericaceae,Gaultheria erecta,Vent.,Brazil
Ericaceae,Gaultheria eriophylla,(Pers.) Mart. ex Sleumer,Brazil
Ericaceae,Gaultheria itatiaiae,Wawra,Brazil
Ericaceae,Gaylussacia brasiliensis,(Spreng.) Meisn.,Brazil
Ericaceae,Gaylussacia montana,(Pohl) Sleumer,Brazil
Ericaceae,Gaylussacia oleifolia,Dunal,Brazil
Ericaceae,Gaylussacia rhododendron,Cham. & Schltdl.,Brazil
Ericaceae,Gaylussacia salicifolia,Cham. & Schltdl.,Brazil
Ericaceae,Vaccinium puberulum,Klotzsch ex Meisn.,Brazil
Erythroxylaceae,Erythroxylum acuminatum,Ruiz & Pav.,Brazil
Erythroxylaceae,Erythroxylum affine,A.St.-Hil.,Brazil
Erythroxylaceae,Erythroxylum amazonicum,Peyr.,Brazil
Erythroxylaceae,Erythroxylum ambiguum,Peyr.,Brazil
Erythroxylaceae,Erythroxylum amplum,Benth.,Brazil
Erythroxylaceae,Erythroxylum andrei,Plowman,Brazil
Erythroxylaceae,Erythroxylum anguifugum,Mart.,Brazil
Erythroxylaceae,Erythroxylum argentinum,O.E.Schulz,Brazil
Erythroxylaceae,Erythroxylum ayrtonianum,Loiola & M. F. Sales,Brazil
Erythroxylaceae,Erythroxylum barbatum,O.E.Schulz,Brazil
Erythroxylaceae,Erythroxylum betulaceum,Mart.,Brazil
Erythroxylaceae,Erythroxylum buxus,Peyr.,Brazil
Erythroxylaceae,Erythroxylum caatingae,Plowman,Brazil
Erythroxylaceae,Erythroxylum campestre,A.St.-Hil.,Brazil
Erythroxylaceae,Erythroxylum cataractarum,Spruce ex Peyr.,Brazil
Erythroxylaceae,Erythroxylum citrifolium,A.St.-Hil.,Brazil
Erythroxylaceae,Erythroxylum coelophlebium,Mart.,Brazil
Erythroxylaceae,Erythroxylum columbinum,Mart.,Brazil
Erythroxylaceae,Erythroxylum cuneifolium,(Mart.) O.E.Schulz,Brazil
Erythroxylaceae,Erythroxylum cuspidifolium,Mart.,Brazil
Erythroxylaceae,Erythroxylum daphnites,Mart.,Brazil
Erythroxylaceae,Erythroxylum deciduum,A.St.-Hil.,Brazil
Erythroxylaceae,Erythroxylum divaricatum,Peyr.,Brazil
Erythroxylaceae,Erythroxylum ectinocalyx,Mart.,Brazil
Erythroxylaceae,Erythroxylum engleri,O.E.Schulz,Brazil
Erythroxylaceae,Erythroxylum fimbriatum,Peyr.,Brazil
Erythroxylaceae,Erythroxylum frangulifolium,A.St.-Hil.,Brazil
Erythroxylaceae,Erythroxylum gonoclados,(Mart.) O.E.Schulz,Brazil
Erythroxylaceae,Erythroxylum gracilipes,Peyr.,Brazil
Erythroxylaceae,Erythroxylum grandifolium,Peyr.,Brazil
Erythroxylaceae,Erythroxylum hamigerum,O.E.Schulz,Brazil
Erythroxylaceae,Erythroxylum hypoleucum,Plowman,Brazil
Erythroxylaceae,Erythroxylum impressum,O.E.Schulz,Brazil
Erythroxylaceae,Erythroxylum kapplerianum,Peyr.,Brazil
Erythroxylaceae,Erythroxylum leal-costae,Plowman,Brazil
Erythroxylaceae,Erythroxylum leptoneurum,O.E.Schulz,Brazil
Erythroxylaceae,Erythroxylum ligustrinum,DC.,Brazil
Erythroxylaceae,Erythroxylum loretense,Plowman,Brazil
Erythroxylaceae,Erythroxylum macrocalyx,Mart.,Brazil
Erythroxylaceae,Erythroxylum macrophyllum,Cav.,Brazil
Erythroxylaceae,Erythroxylum maracasense,Plowman,Brazil
Erythroxylaceae,Erythroxylum mattos-silvae,Plowman,Brazil
Erythroxylaceae,Erythroxylum mucronatum,Benth.,Brazil
Erythroxylaceae,Erythroxylum myrsinites,Mart.,Brazil
Erythroxylaceae,Erythroxylum nitidum,Spreng.,Brazil
Erythroxylaceae,Erythroxylum nobile,O.E.Schulz,Brazil
Erythroxylaceae,Erythroxylum nordestinum,"Costa-Lima, Loiola & M. Alves",Brazil
Erythroxylaceae,Erythroxylum occultum,Plowman,Brazil
Erythroxylaceae,Erythroxylum ochranthum,Mart.,Brazil
Erythroxylaceae,Erythroxylum oreophilum,(O.E.Schulz ex Pilg.) Steyerm. & Maguire,Brazil
Erythroxylaceae,Erythroxylum oxypetalum,O.E.Schulz,Brazil
Erythroxylaceae,Erythroxylum passerinum,Mart.,Brazil
Erythroxylaceae,Erythroxylum patentissimum,O.E.Schulz,Brazil
Erythroxylaceae,Erythroxylum pauferrense,Plowman,Brazil
Erythroxylaceae,Erythroxylum pelleterianum,A.St.-Hil.,Brazil
Erythroxylaceae,Erythroxylum petrae-caballi,Plowman,Brazil
Erythroxylaceae,Erythroxylum plowmanii,Amaral,Brazil
Erythroxylaceae,Erythroxylum polygonoides,Mart.,Brazil
Erythroxylaceae,Erythroxylum pulchrum,A.St.-Hil.,Brazil
Erythroxylaceae,Erythroxylum pungens,O.E.Schulz,Brazil
Erythroxylaceae,Erythroxylum revolutum,Mart.,Brazil
Erythroxylaceae,Erythroxylum roraimae,Klotzsch ex O.E.Schulz,Brazil
Erythroxylaceae,Erythroxylum rufum,Cav.,Brazil
Erythroxylaceae,Erythroxylum schomburgkii,Peyr.,Brazil
Erythroxylaceae,Erythroxylum sobraleanum,Kunth,Brazil
Erythroxylaceae,Erythroxylum splendidum,Plowman,Brazil
Erythroxylaceae,Erythroxylum spruceanum,Peyr.,Brazil
Erythroxylaceae,Erythroxylum squamatum,Sw.,Brazil
Erythroxylaceae,Erythroxylum stenopetalum,Costa-Lima,Brazil
Erythroxylaceae,Erythroxylum suberosum,A.St.-Hil.,Brazil
Erythroxylaceae,Erythroxylum subglaucescens,Mart. ex Peyr.,Brazil
Erythroxylaceae,Erythroxylum subracemosum,Turcz.,Brazil
Erythroxylaceae,Erythroxylum subrotundum,A.St.-Hil.,Brazil
Erythroxylaceae,Erythroxylum substriatum,O.E.Schulz,Brazil
Erythroxylaceae,Erythroxylum tapacuranum,Costa-Lima,Brazil
Erythroxylaceae,Erythroxylum timothei,Loiola & M.F.Sales,Brazil
Erythroxylaceae,Erythroxylum tortuosum,Mart.,Brazil
Erythroxylaceae,Erythroxylum tucuruiense,Plowman,Brazil
Erythroxylaceae,Erythroxylum ulei,O.E.Schulz,Brazil
Erythroxylaceae,Erythroxylum umbrosum,Costa-Lima & M.Alves,Brazil
Erythroxylaceae,Erythroxylum umbu,Costa-Lima,Brazil
Erythroxylaceae,Erythroxylum vernicosum,O.E.Schulz,Brazil
Escalloniaceae,Escallonia bifida,Link & Otto,Brazil
Euphorbiaceae,Acalypha cuneata,Poepp.,Brazil
Euphorbiaceae,Acalypha diversifolia,Jacq.,Brazil
Euphorbiaceae,Acalypha fragilis,Pax & K.Hoffm.,Brazil
Euphorbiaceae,Acalypha juruana,Ule,Brazil
Euphorbiaceae,Acalypha macrostachya,Jacq.,Brazil
Euphorbiaceae,Acalypha stachyura,Pax,Brazil
Euphorbiaceae,Acalypha villosa,Jacq.,Brazil
Euphorbiaceae,Actinostemon amazonicus,Pax & K.Hoffm.,Brazil
Euphorbiaceae,Actinostemon appendiculatus,Jabl.,Brazil
Euphorbiaceae,Actinostemon concepcionis,(Chodat & Hassl.) Hochr.,Brazil
Euphorbiaceae,Actinostemon concolor,(Spreng.) Müll.Arg.,Brazil
Euphorbiaceae,Actinostemon echinatus,Müll.Arg.,Brazil
Euphorbiaceae,Actinostemon imbricatus,Müll.Arg.,Brazil
Euphorbiaceae,Actinostemon klotzschii,(Didr.) Pax,Brazil
Euphorbiaceae,Actinostemon roseliae,"L.S.Oliveira, A.L.Melo & M.F.Sales",Brazil
Euphorbiaceae,Actinostemon schomburgkii,(Klotzsch) Hochr.,Brazil
Euphorbiaceae,Actinostemon verticillatus,(Klotzsch) Baill.,Brazil
Euphorbiaceae,Adelia membranifolia,(Müll.Arg.) Chodat & Hassl.,Brazil
Euphorbiaceae,Adenophaedra grandifolia,(Klotzsch) Müll.Arg.,Brazil
Euphorbiaceae,Adenophaedra megalophylla,(Müll.Arg.) Müll.Arg.,Brazil
Euphorbiaceae,Alchornea castaneifolia,(Humb. & Bonpl. ex Willd.) A.Juss.,Brazil
Euphorbiaceae,Alchornea discolor,Poepp.,Brazil
Euphorbiaceae,Alchornea fluviatilis,Secco,Brazil
Euphorbiaceae,Alchornea glandulosa,Poepp.,Brazil
Euphorbiaceae,Alchornea hilariana,Baill.,Brazil
Euphorbiaceae,Alchornea latifolia,Sw.,Brazil
Euphorbiaceae,Alchornea sidifolia,Müll.Arg.,Brazil
Euphorbiaceae,Alchornea triplinervia,(Spreng.) Müll.Arg.,Brazil
Euphorbiaceae,Alchorneopsis floribunda,(Benth.) Müll.Arg.,Brazil
Euphorbiaceae,Algernonia amazonica,(Emmerich) G.L.Webster,Brazil
Euphorbiaceae,Algernonia bahiensis,(Emmerich) G.L.Webster,Brazil
Euphorbiaceae,Algernonia brasiliensis,Baill.,Brazil
Euphorbiaceae,Algernonia dimitrii,(Emmerich) G.L.Webster,Brazil
Euphorbiaceae,Algernonia gibbosa,(Pax & K.Hoffm.) Emmerich,Brazil
Euphorbiaceae,Algernonia glazioui,Emmerich,Brazil
Euphorbiaceae,Algernonia kuhlmannii,(Emmerich) G.L.Webster,Brazil
Euphorbiaceae,Algernonia leandrii,(Baill.) G.L.Webster,Brazil
Euphorbiaceae,Algernonia obovata,(Müll.Arg.) Müll.Arg.,Brazil
Euphorbiaceae,Algernonia paulae,Emmerich,Brazil
Euphorbiaceae,Algernonia riedelii,(Müll.Arg.) G.L.Webster,Brazil
Euphorbiaceae,Angostylis longifolia,Benth.,Brazil
Euphorbiaceae,Anomalocalyx uleanus,(Pax & K.Hoffm.) Ducke,Brazil
Euphorbiaceae,Aparisthmium cordatum,(A.Juss.) Baill.,Brazil
Euphorbiaceae,Astrococcus cornutus,Benth.,Brazil
Euphorbiaceae,Bernardia pulchella,(Baill.) Müll.Arg.,Brazil
Euphorbiaceae,Bernardia tamanduana,(Baill.) Müll.Arg.,Brazil
Euphorbiaceae,Brasiliocroton mamoninha,P.E.Berry & Cordeiro,Brazil
Euphorbiaceae,Brasiliocroton muricatus,Riina & Cordeiro,Brazil
Euphorbiaceae,Caryodendron amazonicum,Ducke,Brazil
Euphorbiaceae,Caryodendron janeirense,Müll.Arg.,Brazil
Euphorbiaceae,Cleidion amazonicum,Ule,Brazil
Euphorbiaceae,Cleidion tricoccum,(Casar.) Baill.,Brazil
Euphorbiaceae,Cnidoscolus adenoblepharus,Fern.Casas & J.M.Pizarro,Brazil
Euphorbiaceae,Cnidoscolus bahianus,(Ule) Pax & K.Hoffm.,Brazil
Euphorbiaceae,Cnidoscolus froesii,(Croizat) Fern.Casas,Brazil
Euphorbiaceae,Cnidoscolus hamosus,Pohl,Brazil
Euphorbiaceae,Cnidoscolus magni-gerdtii,Fern.Casas,Brazil
Euphorbiaceae,Cnidoscolus monsanto,Fern.Casas,Brazil
Euphorbiaceae,Cnidoscolus oligandrus,(Müll.Arg.) Pax,Brazil
Euphorbiaceae,Cnidoscolus paucistamineus,(Pax) Pax,Brazil
Euphorbiaceae,Cnidoscolus pubescens,Pohl,Brazil
Euphorbiaceae,Cnidoscolus quercifolius,Pohl,Brazil
Euphorbiaceae,Cnidoscolus rupestris,Fern.Casas,Brazil
Euphorbiaceae,Colliguaja brasiliensis,Klotzsch ex Baill.,Brazil
Euphorbiaceae,Conceveiba guianensis,Aubl.,Brazil
Euphorbiaceae,Conceveiba hostmanii,Benth.,Brazil
Euphorbiaceae,Conceveiba krukoffii,Steyerm.,Brazil
Euphorbiaceae,Conceveiba latifolia,Benth.,Brazil
Euphorbiaceae,Conceveiba martiana,Baill.,Brazil
Euphorbiaceae,Conceveiba praealta,(Croizat) Punt ex J.Murillo,Brazil
Euphorbiaceae,Conceveiba ptariana,(Steyerm.) Jabl.,Brazil
Euphorbiaceae,Conceveiba terminalis,(Baill.) Müll.Arg.,Brazil
Euphorbiaceae,Conceveiba tristigmata,J.Murillo,Brazil
Euphorbiaceae,Croton abonari,Riina & P.E.Berry,Brazil
Euphorbiaceae,Croton agoensis,Baill.,Brazil
Euphorbiaceae,Croton alchorneicarpus,Croizat,Brazil
Euphorbiaceae,Croton amazonicus,Müll.Arg.,Brazil
Euphorbiaceae,Croton argyrophyllus,Kunth,Brazil
Euphorbiaceae,Croton blanchetianus,Baill.,Brazil
Euphorbiaceae,Croton cajucara,Benth.,Brazil
Euphorbiaceae,Croton campanulatus,Caruzo & Cordeiro,Brazil
Euphorbiaceae,Croton caryophyllus,Benth.,Brazil
Euphorbiaceae,Croton cearensis,Baill.,Brazil
Euphorbiaceae,Croton celtidifolius,Baill.,Brazil
Euphorbiaceae,Croton cuneatus,Klotzsch,Brazil
Euphorbiaceae,Croton diasii,Pires ex Secco & P.E.Berry,Brazil
Euphorbiaceae,Croton draconoides,Müll.Arg.,Brazil
Euphorbiaceae,Croton echinocarpus,Müll.Arg.,Brazil
Euphorbiaceae,Croton eichleri,Müll.Arg.,Brazil
Euphorbiaceae,Croton fernandezii,Riina & Caruzo,Brazil
Euphorbiaceae,Croton floribundus,Spreng.,Brazil
Euphorbiaceae,Croton gigantifolius,P.E.Berry & Secco,Brazil
Euphorbiaceae,Croton gracilipes,Baill.,Brazil
Euphorbiaceae,Croton guianensis,Aubl.,Brazil
Euphorbiaceae,Croton hemiargyreus,Müll.Arg.,Brazil
Euphorbiaceae,Croton hircinus,Vent.,Brazil
Euphorbiaceae,Croton hoffmannii,Müll.Arg.,Brazil
Euphorbiaceae,Croton indivisus,Vell.,Brazil
Euphorbiaceae,Croton lechleri,Müll.Arg.,Brazil
Euphorbiaceae,Croton limae,"A.P.S.Gomes, M.F.Sales & P.E.Berry",Brazil
Euphorbiaceae,Croton maasii,Riina & P.E.Berry,Brazil
Euphorbiaceae,Croton macrobothrys,Baill.,Brazil
Euphorbiaceae,Croton matourensis,Aubl.,Brazil
Euphorbiaceae,Croton medusae,Müll.Arg.,Brazil
Euphorbiaceae,Croton nitrariifolius,Baill.,Brazil
Euphorbiaceae,Croton oliganthus,Müll.Arg.,Brazil
Euphorbiaceae,Croton organensis,Baill.,Brazil
Euphorbiaceae,Croton orinocensis,Müll.Arg.,Brazil
Euphorbiaceae,Croton palanostigma,Klotzsch,Brazil
Euphorbiaceae,Croton perstipulatus,G.L.Webster ex Caruzo & Secco,Brazil
Euphorbiaceae,Croton piptocalyx,Müll.Arg.,Brazil
Euphorbiaceae,Croton priscus,Croizat,Brazil
Euphorbiaceae,Croton pseudopopulus,Baill.,Brazil
Euphorbiaceae,Croton pullei,Lanj.,Brazil
Euphorbiaceae,Croton pungens,Jacq.,Brazil
Euphorbiaceae,Croton rottlerifolius,Baill.,Brazil
Euphorbiaceae,Croton rufoargenteus,Müll.Arg.,Brazil
Euphorbiaceae,Croton sacaquinha,Croizat,Brazil
Euphorbiaceae,Croton salutaris,Casar.,Brazil
Euphorbiaceae,Croton sampatik,Müll.Arg.,Brazil
Euphorbiaceae,Croton sapiifolius,Müll.Arg.,Brazil
Euphorbiaceae,Croton schiedeanus,Schltdl.,Brazil
Euphorbiaceae,Croton sphaerogynus,Baill.,Brazil
Euphorbiaceae,Croton spruceanus,Benth.,Brazil
Euphorbiaceae,Croton thomasii,Riina & P.E.Berry,Brazil
Euphorbiaceae,Croton tricolor,Klotzsch ex Baill.,Brazil
Euphorbiaceae,Croton triglandulatus,Vell.,Brazil
Euphorbiaceae,Croton trombetensis,"Secco, P.E.Berry & N.A.Rosa",Brazil
Euphorbiaceae,Croton urucurana,Baill.,Brazil
Euphorbiaceae,Croton viroleoides,P.E.Berry & Secco,Brazil
Euphorbiaceae,Croton vulnerarius,Baill.,Brazil
Euphorbiaceae,Croton yavitensis,Croizat,Brazil
Euphorbiaceae,Dendrothrix yutajensis,(Jabl.) Esser,Brazil
Euphorbiaceae,Dodecastigma amazonicum,Ducke,Brazil
Euphorbiaceae,Dodecastigma integrifolium,(Lanj.) Lanj. & Sandwith,Brazil
Euphorbiaceae,Euphorbia comosa,Vell.,Brazil
Euphorbiaceae,Euphorbia cotinifolia,L.,Brazil
Euphorbiaceae,Euphorbia sinclairiana,Benth.,Brazil
Euphorbiaceae,Gitara nicaraguensis,(Hemsl.) Card.-McTeag. & L.J.Gillespie,Brazil
Euphorbiaceae,Glycydendron amazonicum,Ducke,Brazil
Euphorbiaceae,Glycydendron espiritosantense,Kuhlm.,Brazil
Euphorbiaceae,Gymnanthes gaudichaudii,Müll.Arg.,Brazil
Euphorbiaceae,Gymnanthes hypoleuca,Benth.,Brazil
Euphorbiaceae,Gymnanthes nervosa,Müll.Arg.,Brazil
Euphorbiaceae,Gymnanthes widgrenii,Müll.Arg.,Brazil
Euphorbiaceae,Hevea benthamiana,Müll.Arg.,Brazil
Euphorbiaceae,Hevea brasiliensis,(Willd. ex A.Juss.) Müll.Arg.,Brazil
Euphorbiaceae,Hevea camargoana,Pires,Brazil
Euphorbiaceae,Hevea camporum,Ducke,Brazil
Euphorbiaceae,Hevea guianensis,Aubl.,Brazil
Euphorbiaceae,Hevea microphylla,Ule,Brazil
Euphorbiaceae,Hevea nitida,Mart. ex Müll.Arg.,Brazil
Euphorbiaceae,Hevea pauciflora,(Spruce ex Benth.) Müll.Arg.,Brazil
Euphorbiaceae,Hevea rigidifolia,(Spruce ex Benth.) Müll.Arg.,Brazil
Euphorbiaceae,Hevea spruceana,(Benth.) Müll.Arg.,Brazil
Euphorbiaceae,Hura crepitans,L.,Brazil
Euphorbiaceae,Jatropha curcas,L.,Brazil
Euphorbiaceae,Jatropha grossidentata,Pax & K.Hoffm.,Brazil
Euphorbiaceae,Jatropha mollissima,(Pohl) Baill.,Brazil
Euphorbiaceae,Joannesia heveoides,Ducke,Brazil
Euphorbiaceae,Joannesia princeps,Vell.,Brazil
Euphorbiaceae,Mabea anadena,Pax & K.Hoffm.,Brazil
Euphorbiaceae,Mabea angularis,Hollander,Brazil
Euphorbiaceae,Mabea angustifolia,Spruce ex Benth.,Brazil
Euphorbiaceae,Mabea anomala,Müll.Arg.,Brazil
Euphorbiaceae,Mabea arenicola,Esser,Brazil
Euphorbiaceae,Mabea elegans,Rusby,Brazil
Euphorbiaceae,Mabea fistulifera,Mart.,Brazil
Euphorbiaceae,Mabea glaziovii,Pax & K.Hoffm.,Brazil
Euphorbiaceae,Mabea longibracteata,Esser,Brazil
Euphorbiaceae,Mabea nitida,Spruce ex Benth.,Brazil
Euphorbiaceae,Mabea occidentalis,Benth.,Brazil
Euphorbiaceae,Mabea ovata,Esser,Brazil
Euphorbiaceae,Mabea paniculata,Spruce ex Benth.,Brazil
Euphorbiaceae,Mabea piriri,Aubl.,Brazil
Euphorbiaceae,Mabea pohliana,(Benth.) Müll.Arg.,Brazil
Euphorbiaceae,Mabea pulcherrima,Müll.Arg.,Brazil
Euphorbiaceae,Mabea salicoides,Esser,Brazil
Euphorbiaceae,Mabea speciosa,Müll.Arg.,Brazil
Euphorbiaceae,Mabea standleyi,Steyerm.,Brazil
Euphorbiaceae,Mabea subserrulata,Spruce ex Benth.,Brazil
Euphorbiaceae,Mabea subsessilis,Pax & K.Hoffm.,Brazil
Euphorbiaceae,Mabea taquari,Aubl.,Brazil
Euphorbiaceae,Manihot baccata,Allem,Brazil
Euphorbiaceae,Manihot caerulescens,Pohl,Brazil
Euphorbiaceae,Manihot catingae,Ule,Brazil
Euphorbiaceae,Manihot dichotoma,Ule,Brazil
Euphorbiaceae,Manihot elongata,P.Carvalho & M.Martins,Brazil
Euphorbiaceae,Manihot epruinosa,Pax & K.Hoffm.,Brazil
Euphorbiaceae,Manihot esculenta,Crantz,Brazil
Euphorbiaceae,Manihot glaziovii,Müll.Arg.,Brazil
Euphorbiaceae,Manihot grahamii,Hook.,Brazil
Euphorbiaceae,Manihot hahnii,M.Martins & T.Silveira,Brazil
Euphorbiaceae,Manihot longiracemosa,P.Carvalho & M.Martins,Brazil
Euphorbiaceae,Manihot maracasensis,Ule,Brazil
Euphorbiaceae,Manihot pilosa,Pohl,Brazil
Euphorbiaceae,Manihot pseudoglaziovii,Pax & K.Hoffm.,Brazil
Euphorbiaceae,Manihot zehntneri,Ule,Brazil
Euphorbiaceae,Maprounea amazonica,Esser,Brazil
Euphorbiaceae,Maprounea brasiliensis,A.St.-Hil.,Brazil
Euphorbiaceae,Maprounea guianensis,Aubl.,Brazil
Euphorbiaceae,Micrandra elata,(Didr.) Müll.Arg.,Brazil
Euphorbiaceae,Micrandra lopezii,R.E.Schult.,Brazil
Euphorbiaceae,Micrandra minor,Benth.,Brazil
Euphorbiaceae,Micrandra rossiana,R.E.Schult.,Brazil
Euphorbiaceae,Micrandra siphonioides,Benth.,Brazil
Euphorbiaceae,Micrandra spruceana,(Baill.) R.E.Schult.,Brazil
Euphorbiaceae,Micrandra sprucei,(Müll.Arg.) R.E.Schult.,Brazil
Euphorbiaceae,Micrandropsis scleroxylon,(W.A.Rodrigues) W.A.Rodrigues,Brazil
Euphorbiaceae,Nealchornea stipitata,B.Walln.,Brazil
Euphorbiaceae,Nealchornea yapurensis,Huber,Brazil
Euphorbiaceae,Omphalea brasiliensis,Müll.Arg.,Brazil
Euphorbiaceae,Ophthalmoblapton crassipes,Müll.Arg.,Brazil
Euphorbiaceae,Ophthalmoblapton macrophyllum,Allemão,Brazil
Euphorbiaceae,Ophthalmoblapton parviflorum,Emmerich,Brazil
Euphorbiaceae,Ophthalmoblapton pedunculare,Müll.Arg.,Brazil
Euphorbiaceae,Pachystroma longifolium,(Nees) I.M.Johnst.,Brazil
Euphorbiaceae,Pausandra fordii,Secco,Brazil
Euphorbiaceae,Pausandra hirsuta,Lanj.,Brazil
Euphorbiaceae,Pausandra macropetala,Ducke,Brazil
Euphorbiaceae,Pausandra martini,Baill.,Brazil
Euphorbiaceae,Pausandra morisiana,(Casar.) Radlk.,Brazil
Euphorbiaceae,Pausandra trianae,(Müll.Arg.) Baill.,Brazil
Euphorbiaceae,Philyra brasiliensis,Klotzsch,Brazil
Euphorbiaceae,Pleradenophora membranifolia,(Müll.Arg.) Esser & A.L.Melo,Brazil
Euphorbiaceae,Plukenetia brachybotrya,Müll.Arg.,Brazil
Euphorbiaceae,Pseudosenefeldera inclinata,(Müll.Arg.) Esser,Brazil
Euphorbiaceae,Rhodothyrsus macrophyllus,(Ducke) Esser,Brazil
Euphorbiaceae,Sagotia brachysepala,(Müll.Arg.) Secco,Brazil
Euphorbiaceae,Sagotia racemosa,Baill.,Brazil
Euphorbiaceae,Sandwithia guyanensis,Lanj.,Brazil
Euphorbiaceae,Sandwithia heterocalyx,Secco,Brazil
Euphorbiaceae,Sapium argutum,(Müll.Arg.) Huber,Brazil
Euphorbiaceae,Sapium ciliatum,Hemsl.,Brazil
Euphorbiaceae,Sapium haematospermum,Müll.Arg.,Brazil
Euphorbiaceae,Sapium jenmannii,Hemsl.,Brazil
Euphorbiaceae,Sapium laurifolium,(A.Rich.) Griseb.,Brazil
Euphorbiaceae,Sapium marmieri,Huber,Brazil
Euphorbiaceae,Sapium obovatum,Klotzsch ex Müll.Arg.,Brazil
Euphorbiaceae,Sapium pallidum,(Müll.Arg.) Huber,Brazil
Euphorbiaceae,Sapium paucinervium,Hemsl.,Brazil
Euphorbiaceae,Sapium sceleratum,Ridl.,Brazil
Euphorbiaceae,Sapium sellowianum,(Müll.Arg.) Klotzsch ex Baill.,Brazil
Euphorbiaceae,Sebastiania brasiliensis,Spreng.,Brazil
Euphorbiaceae,Sebastiania jacobinensis,(Müll.Arg.) Müll.Arg.,Brazil
Euphorbiaceae,Sebastiania klotzschiana,(Müll.Arg.) Müll.Arg.,Brazil
Euphorbiaceae,Sebastiania larensis,Croizat & Tamayo,Brazil
Euphorbiaceae,Sebastiania macrocarpa,Müll.Arg.,Brazil
Euphorbiaceae,Sebastiania riparia,Schrad.,Brazil
Euphorbiaceae,Sebastiania schottiana,(Müll.Arg.) Müll.Arg.,Brazil
Euphorbiaceae,Sebastiania serrata,(Baill. ex Müll.Arg.) Müll.Arg.,Brazil
Euphorbiaceae,Senefeldera triandra,Pax & K.Hoffm.,Brazil
Euphorbiaceae,Senefeldera verticillata,(Vell.) Croizat,Brazil
Euphorbiaceae,Stillingia bodenbenderi,(Kuntze) D.J.Rogers,Brazil
Euphorbiaceae,Stillingia loranthacea,(Müll. Arg.) Pax,Brazil
Euphorbiaceae,Stillingia oppositifolia,Baill. ex Müll.Arg.,Brazil
Euphorbiaceae,Stillingia trapezoidea,Ule,Brazil
Euphorbiaceae,Stillingia uleana,Pax & K.Hoffm.,Brazil
Euphorbiaceae,Tetrorchidium parvulum,Müll.Arg.,Brazil
Euphorbiaceae,Tetrorchidium rubrivenium,Poepp.,Brazil
Euphorbiaceae,Vaupesia cataractarum,R.E.Schult.,Brazil
Euphroniaceae,Euphronia hirtelloides,Mart.,Brazil
Fabaceae,Abarema cochliocarpos,(Gomes) Barneby & J.W.Grimes,Brazil
Fabaceae,Abarema levelii,(R.S.Cowan) Barneby & J.W.Grimes,Brazil
Fabaceae,Acosmium cardenasii,H.S.Irwin & Arroyo,Brazil
Fabaceae,Acosmium diffusissimum,(Mohlenbr.) Yakovlev,Brazil
Fabaceae,Acosmium lentiscifolium,Schott,Brazil
Fabaceae,Aeschynomene ciliata,Vogel,Brazil
Fabaceae,Aldina discolor,Spruce ex Benth.,Brazil
Fabaceae,Aldina heterophylla,Benth.,Brazil
Fabaceae,Aldina kunhardtiana,Cowan,Brazil
Fabaceae,Aldina latifolia,Benth.,Brazil
Fabaceae,Aldina macrophylla,Spruce ex Benth.,Brazil
Fabaceae,Aldina microphylla,M.Yu.Gontsch. & Yakovlev,Brazil
Fabaceae,Aldina occidentalis,Ducke,Brazil
Fabaceae,Aldina polyphylla,Ducke,Brazil
Fabaceae,Aldina reticulata,Cowan,Brazil
Fabaceae,Alexa bauhiniiflora,Ducke,Brazil
Fabaceae,Alexa canaracunensis,Pittier,Brazil
Fabaceae,Alexa confusa,Pittier,Brazil
Fabaceae,Alexa duckeana,G.S.da Silva & Mansano,Brazil
Fabaceae,Alexa grandiflora,Ducke,Brazil
Fabaceae,Alexa imperatricis,(R.H.Schomb.) Baill.,Brazil
Fabaceae,Amburana acreana,(Ducke) A.C.Sm.,Brazil
Fabaceae,Amburana cearensis,(Allemão) A.C.Sm.,Brazil
Fabaceae,Amburana erythrosperma,"E.P.Seleme, C.H.Stirt. & V.F.Mansano",Brazil
Fabaceae,Amphiodon effusus,Huber,Brazil
Fabaceae,Anadenanthera colubrina,(Vell.) Brenan,Brazil
Fabaceae,Anadenanthera peregrina,(L.) Speg.,Brazil
Fabaceae,Andira anthelmia,(Vell.) J.F.Macbr.,Brazil
Fabaceae,Andira carvalhoi,R.T.Penn. & H.C.Lima,Brazil
Fabaceae,Andira cordata,Arroyo ex R.T.Penn. & H.C.Lima,Brazil
Fabaceae,Andira cujabensis,Benth.,Brazil
Fabaceae,Andira fraxinifolia,Benth.,Brazil
Fabaceae,Andira humilis,Mart. ex Benth.,Brazil
Fabaceae,Andira inermis,(W.Wright) DC.,Brazil
Fabaceae,Andira legalis,(Vell.) Toledo,Brazil
Fabaceae,Andira macrothyrsa,Ducke,Brazil
Fabaceae,Andira marauensis,Mattos,Brazil
Fabaceae,Andira micrantha,Ducke,Brazil
Fabaceae,Andira multistipula,Ducke,Brazil
Fabaceae,Andira nitida,Mart. ex Benth.,Brazil
Fabaceae,Andira ormosioides,Benth.,Brazil
Fabaceae,Andira parviflora,Ducke,Brazil
Fabaceae,Andira praecox,Arroyo ex R.T.Penn.,Brazil
Fabaceae,Andira surinamensis,(Bondt) Splitg. ex Pulle,Brazil
Fabaceae,Andira trifoliolata,Ducke,Brazil
Fabaceae,Andira unifoliolata,Ducke,Brazil
Fabaceae,Andira vermifuga,(Mart.) Benth.,Brazil
Fabaceae,Androcalymma glabrifolium,Dwyer,Brazil
Fabaceae,Apuleia leiocarpa,(Vogel) J.F.Macbr.,Brazil
Fabaceae,Arapatiella emarginata,R.S.Cowan,Brazil
Fabaceae,Arapatiella psilophylla,(Harms) R.S.Cowan,Brazil
Fabaceae,Ateleia glazioveana,Baill.,Brazil
Fabaceae,Ateleia guaraya,Herzog,Brazil
Fabaceae,Ateleia venezuelensis,Mohlenbr.,Brazil
Fabaceae,Barnebydendron riedelii,(Tul.) J.H.Kirkbr.,Brazil
Fabaceae,Batesia floribunda,Spruce ex Benth.,Brazil
Fabaceae,Bauhinia acreana,Harms,Brazil
Fabaceae,Bauhinia acuruana,Moric.,Brazil
Fabaceae,Bauhinia affinis,Vogel,Brazil
Fabaceae,Bauhinia aureopunctata,Ducke,Brazil
Fabaceae,Bauhinia bauhinioides,(Mart.) J.F.Macbr.,Brazil
Fabaceae,Bauhinia bicolor,(Bong.) D.Dietr.,Brazil
Fabaceae,Bauhinia bombaciflora,Ducke,Brazil
Fabaceae,Bauhinia brachycalyx,Ducke,Brazil
Fabaceae,Bauhinia catingae,Harms,Brazil
Fabaceae,Bauhinia cheilantha,(Bong.) Steud.,Brazil
Fabaceae,Bauhinia cinnamomea,DC.,Brazil
Fabaceae,Bauhinia conwayi,Rusby,Brazil
Fabaceae,Bauhinia corniculata,Benth.,Brazil
Fabaceae,Bauhinia cupulata,Benth.,Brazil
Fabaceae,Bauhinia curvula,Benth.,Brazil
Fabaceae,Bauhinia forficata,Link,Brazil
Fabaceae,Bauhinia gardneri,Benth.,Brazil
Fabaceae,Bauhinia glaziovii,Taub.,Brazil
Fabaceae,Bauhinia grandifolia,(Bong.) D.Dietr.,Brazil
Fabaceae,Bauhinia hagenbeckii,Harms,Brazil
Fabaceae,Bauhinia integerrima,Mart. ex Benth.,Brazil
Fabaceae,Bauhinia leptantha,Malme,Brazil
Fabaceae,Bauhinia longicuspis,Spruce ex Benth.,Brazil
Fabaceae,Bauhinia longifolia,(Bong.) Steud.,Brazil
Fabaceae,Bauhinia longipedicellata,Ducke,Brazil
Fabaceae,Bauhinia membranacea,Benth.,Brazil
Fabaceae,Bauhinia mollis,(Bong.) D.Dietr.,Brazil
Fabaceae,Bauhinia ovata,(Bong.) Vogel,Brazil
Fabaceae,Bauhinia pentandra,(Bong.) Vogel ex D.Dietr.,Brazil
Fabaceae,Bauhinia piresii,Vaz & G.P.Lewis,Brazil
Fabaceae,Bauhinia platypetala,Burch. ex Benth.,Brazil
Fabaceae,Bauhinia pulchella,Benth.,Brazil
Fabaceae,Bauhinia rufa,(Bong.) Steud.,Brazil
Fabaceae,Bauhinia tarapotensis,Benth.,Brazil
Fabaceae,Bauhinia uberlandiana,Vaz & G.P.Lewis,Brazil
Fabaceae,Bauhinia ungulata,L.,Brazil
Fabaceae,Bauhinia uruguayensis,Benth.,Brazil
Fabaceae,Blanchetiodendron blanchetii,(Benth.) Barneby & J.W.Grimes,Brazil
Fabaceae,Bocoa ratteri,H.E.Ireland,Brazil
Fabaceae,Bocoa viridiflora,(Ducke) R.S.Cowan,Brazil
Fabaceae,Bowdichia nitida,Spruce ex Benth.,Brazil
Fabaceae,Bowdichia virgilioides,Kunth,Brazil
Fabaceae,Brodriguesia santosii,R.S.Cowan,Brazil
Fabaceae,Brownea grandiceps,Jacq.,Brazil
Fabaceae,Brownea longipedicellata,Huber,Brazil
Fabaceae,Browneopsis peruviana,(J.F.Macbr.) Klitg.,Brazil
Fabaceae,Caesalpinia pulcherrima,(L.) Sw.,Brazil
Fabaceae,Calliandra angustifolia,Spruce ex Benth.,Brazil
Fabaceae,Calliandra asplenioides,(Nees) Benth.,Brazil
Fabaceae,Calliandra bombycina,Spruce ex Benth.,Brazil
Fabaceae,Calliandra carrascana,Barneby,Brazil
Fabaceae,Calliandra coriacea,(Humb. & Bonpl. ex Willd.) Benth.,Brazil
Fabaceae,Calliandra cruegeri,Griseb.,Brazil
Fabaceae,Calliandra depauperata,Benth.,Brazil
Fabaceae,Calliandra duckei,Barneby,Brazil
Fabaceae,Calliandra foliolosa,Benth.,Brazil
Fabaceae,Calliandra glomerulata,H.Karst.,Brazil
Fabaceae,Calliandra jariensis,Barneby,Brazil
Fabaceae,Calliandra leptopoda,Benth.,Brazil
Fabaceae,Calliandra parvifolia,Speg.,Brazil
Fabaceae,Calliandra spinosa,Ducke,Brazil
Fabaceae,Calliandra surinamensis,Benth.,Brazil
Fabaceae,Calliandra trinervia,Benth.,Brazil
Fabaceae,Calliandra tsugoides,R.S.Cowan,Brazil
Fabaceae,Calliandra tweediei,Benth.,Brazil
Fabaceae,Campsiandra angustifolia,Spruce ex Benth.,Brazil
Fabaceae,Campsiandra chigo-montero,Stergios,Brazil
Fabaceae,Campsiandra implexicaulis,Stergios,Brazil
Fabaceae,Campsiandra laurifolia,Benth.,Brazil
Fabaceae,Campsiandra macrocarpa,R.S.Cowan,Brazil
Fabaceae,Campsiandra nutans,Stergios,Brazil
Fabaceae,Candolleodendron brachystachyum,(DC.) R.S.Cowan,Brazil
Fabaceae,Cassia cowanii,H.S.Irwin & Barneby,Brazil
Fabaceae,Cassia fastuosa,Willd. ex Vogel,Brazil
Fabaceae,Cassia ferruginea,(Schrad.) DC.,Brazil
Fabaceae,Cassia grandis,L.f.,Brazil
Fabaceae,Cassia leiandra,Benth.,Brazil
Fabaceae,Cassia leptophylla,Vogel,Brazil
Fabaceae,Cassia midas,H.S.Irwin & Barneby,Brazil
Fabaceae,Cassia moschata,Kunth,Brazil
Fabaceae,Cassia rubriflora,Ducke,Brazil
Fabaceae,Cassia spruceana,Benth.,Brazil
Fabaceae,Cedrelinga cateniformis,(Ducke) Ducke,Brazil
Fabaceae,Cenostigma bracteosum,(Tul.) Gagnon & G.P.Lewis,Brazil
Fabaceae,Cenostigma laxiflorum,(Tul.) Gagnon & G.P.Lewis,Brazil
Fabaceae,Cenostigma macrophyllum,Tul.,Brazil
Fabaceae,Cenostigma marginatum,(Tul.) Gagnon & G.P.Lewis,Brazil
Fabaceae,Cenostigma microphyllum,(Mart. ex G.Don) Gagnon & G.P.Lewis,Brazil
Fabaceae,Cenostigma nordestinum,Gagnon & G.P.Lewis,Brazil
Fabaceae,Cenostigma pluviosum,(DC.) Gagnon & G.P.Lewis,Brazil
Fabaceae,Cenostigma pyramidale,(Tul.) Gagnon & G.P.Lewis,Brazil
Fabaceae,Cenostigma tocantinum,Ducke,Brazil
Fabaceae,Centrolobium microchaete,(Mart. ex Benth.) H.C.Lima,Brazil
Fabaceae,Centrolobium paraense,Tul.,Brazil
Fabaceae,Centrolobium robustum,(Vell.) Mart. ex Benth.,Brazil
Fabaceae,Centrolobium sclerophyllum,H.C.Lima,Brazil
Fabaceae,Centrolobium tomentosum,Guill. ex Benth.,Brazil
Fabaceae,Chamaecrista adiantifolia,(Spruce ex Benth.) H.S.Irwin & Barneby,Brazil
Fabaceae,Chamaecrista amabilis,H.S.Irwin & Barneby,Brazil
Fabaceae,Chamaecrista amorimii,Barneby,Brazil
Fabaceae,Chamaecrista apoucouita,(Aubl.) H.S.Irwin & Barneby,Brazil
Fabaceae,Chamaecrista aspidiifolia,H.S.Irwin & Barneby,Brazil
Fabaceae,Chamaecrista aspleniifolia,(H.S.Irwin & Barneby) Govaerts,Brazil
Fabaceae,Chamaecrista auris-zerdae,(H.S.Irwin & Barneby) H.S.Irwin,Brazil
Fabaceae,Chamaecrista aurivilla,(Benth.) H.S.Irwin & Barneby,Brazil
Fabaceae,Chamaecrista bahiae,(H.S.Irwin) H.S.Irwin & Barneby,Brazil
Fabaceae,Chamaecrista blanchetii,"(Benth.) Conc., L.P.Queiroz & G.P.Lewis",Brazil
Fabaceae,Chamaecrista boyanii,(H.S.Irwin & Barneby) H.S.Irwin & Barneby,Brazil
Fabaceae,Chamaecrista brachystachya,"(Benth.) Conc., L.P.Queiroz & G.P.Lewis",Brazil
Fabaceae,Chamaecrista bracteolata,(Vogel) H.S.Irwin & Barneby,Brazil
Fabaceae,Chamaecrista celiae,(H.S.Irwin & Barneby) H.S.Irwin & Barneby,Brazil
Fabaceae,Chamaecrista chaetostegia,(H.S.Irwin & Barneby) H.S.Irwin & Barneby,Brazil
Fabaceae,Chamaecrista compitalis,(H.S.Irwin & Barneby) H.S.Irwin & Barneby,Brazil
Fabaceae,Chamaecrista confertiformis,"(H.S.Irwin & Barneby) Conc., L.P.Queiroz & G.P.Lewis",Brazil
Fabaceae,Chamaecrista decora,"(H.S.Irwin & Barneby) Conc., L.P.Queiroz & G.P.Lewis",Brazil
Fabaceae,Chamaecrista dentata,(Vogel) H.S.Irwin & Barneby,Brazil
Fabaceae,Chamaecrista duartei,(H.S.Irwin) H.S.Irwin & Barneby,Brazil
Fabaceae,Chamaecrista eitenorum,(H.S.Irwin & Barneby) H.S.Irwin & Barneby,Brazil
Fabaceae,Chamaecrista ensiformis,(Vell.) H.S.Irwin & Barneby,Brazil
Fabaceae,Chamaecrista fodinarum,H.S.Irwin & Barneby,Brazil
Fabaceae,Chamaecrista fulgida,Barneby,Brazil
Fabaceae,Chamaecrista glaziovii,(Taub. ex Harms) H.S.Irwin & Barneby,Brazil
Fabaceae,Chamaecrista hatschbachii,H.S.Irwin & Barneby,Brazil
Fabaceae,Chamaecrista hedysaroides,(Vogel) H.S.Irwin & Barneby,Brazil
Fabaceae,Chamaecrista hymenaeifolia,(Benth.) H.S.Irwin & Barneby,Brazil
Fabaceae,Chamaecrista lentiscifolia,(Benth.) H.S.Irwin & Barneby,Brazil
Fabaceae,Chamaecrista machaeriifolia,(Benth.) H.S.Irwin & Barneby,Brazil
Fabaceae,Chamaecrista multiseta,(Benth.) H.S.Irwin & Barneby,Brazil
Fabaceae,Chamaecrista negrensis,(H.S.Irwin) H.S.Irwin & Barneby,Brazil
Fabaceae,Chamaecrista nuda,(H.S.Irwin & Barneby) H.S.Irwin & Barneby,Brazil
Fabaceae,Chamaecrista onusta,H.S.Irwin & Barneby,Brazil
Fabaceae,Chamaecrista orbiculata,(Benth.) H.S.Irwin & Barneby,Brazil
Fabaceae,Chamaecrista orenocensis,(Benth.) H.S.Irwin & Barneby,Brazil
Fabaceae,Chamaecrista paniculata,(Benth.) H.S.Irwin & Barneby,Brazil
Fabaceae,Chamaecrista phyllostachya,(Benth.) H.S.Irwin & Barneby,Brazil
Fabaceae,Chamaecrista pilicarpa,(Glaz. ex Harms) H.S.Irwin & Barneby,Brazil
Fabaceae,Chamaecrista polystachya,(Benth.) H.S.Irwin & Barneby,Brazil
Fabaceae,Chamaecrista pteropoda,Barneby,Brazil
Fabaceae,Chamaecrista scleroxylon,(Ducke) H.S.Irwin & Barneby,Brazil
Fabaceae,Chamaecrista sincorana,(Harms) H.S.Irwin & Barneby,Brazil
Fabaceae,Chamaecrista spinulosa,(H.S.Irwin & Barneby) H.S.Irwin & Barneby,Brazil
Fabaceae,Chamaecrista subpeltata,(Rizzini) H.S.Irwin & Barneby,Brazil
Fabaceae,Chamaecrista ulmea,H.S.Irwin & Barneby,Brazil
Fabaceae,Chamaecrista unijuga,"(Benth.) Conc., L.P.Queiroz & G.P.Lewis",Brazil
Fabaceae,Chamaecrista xinguensis,(Ducke) H.S.Irwin & Barneby,Brazil
Fabaceae,Chamaecrista zygophylloides,(Taub.) H.S.Irwin & Barneby,Brazil
Fabaceae,Chloroleucon acacioides,(Ducke) Barneby & J.W.Grimes,Brazil
Fabaceae,Chloroleucon dumosum,(Benth.) G.P.Lewis,Brazil
Fabaceae,Chloroleucon extortum,Barneby & J.W.Grimes,Brazil
Fabaceae,Chloroleucon foliolosum,(Benth.) G.P.Lewis,Brazil
Fabaceae,Chloroleucon mangense,(Jacq.) Britton & Rose,Brazil
Fabaceae,Chloroleucon tenuiflorum,(Benth.) Barneby & J.W.Grimes,Brazil
Fabaceae,Chloroleucon tortum,(Mart.) Pittier,Brazil
Fabaceae,Clathrotropis glaucophylla,R.S.Cowan,Brazil
Fabaceae,Clathrotropis macrocarpa,Ducke,Brazil
Fabaceae,Clathrotropis nitida,(Benth.) Harms,Brazil
Fabaceae,Clitoria amazonum,Mart. ex Benth.,Brazil
Fabaceae,Clitoria arborea,Benth.,Brazil
Fabaceae,Clitoria brachycalyx,Harms,Brazil
Fabaceae,Clitoria fairchildiana,R.A.Howard,Brazil
Fabaceae,Clitoria nervosa,Herzog,Brazil
Fabaceae,Cojoba chazutensis,(Standl.) L.Rico,Brazil
Fabaceae,Collaea speciosa,(Loisel.) DC.,Brazil
Fabaceae,Copaifera arenicola,(Ducke) J.A.S.Costa & L.P.Queiroz,Brazil
Fabaceae,Copaifera cearensis,Huber ex Ducke,Brazil
Fabaceae,Copaifera coriacea,Mart.,Brazil
Fabaceae,Copaifera duckei,Dwyer,Brazil
Fabaceae,Copaifera epunctata,Amshoff,Brazil
Fabaceae,Copaifera ferrazii,E.M.Carmo,Brazil
Fabaceae,Copaifera glycycarpa,Ducke,Brazil
Fabaceae,Copaifera guianensis,Desf.,Brazil
Fabaceae,Copaifera krukovii,(Dwyer) J.A.S.Costa,Brazil
Fabaceae,Copaifera langsdorffii,Desf.,Brazil
Fabaceae,Copaifera lucens,Dwyer,Brazil
Fabaceae,Copaifera luetzelburgii,Harms,Brazil
Fabaceae,Copaifera majorina,Dwyer,Brazil
Fabaceae,Copaifera marginata,Benth.,Brazil
Fabaceae,Copaifera martii,Hayne,Brazil
Fabaceae,Copaifera multijuga,Hayne,Brazil
Fabaceae,Copaifera oblongifolia,Mart. ex Hayne,Brazil
Fabaceae,Copaifera paupera,(Herzog) Dwyer,Brazil
Fabaceae,Copaifera piresii,Ducke,Brazil
Fabaceae,Copaifera pubiflora,Benth.,Brazil
Fabaceae,Copaifera rondonii,Hoehne,Brazil
Fabaceae,Copaifera sabulicola,J.A.S.Costa & L.P.Queiroz,Brazil
Fabaceae,Copaifera trapezifolia,Hayne,Brazil
Fabaceae,Copaifera venezuelana,Harms & Pittier,Brazil
Fabaceae,Coursetia ferruginea,(Kunth) Lavin,Brazil
Fabaceae,Coursetia rostrata,Benth.,Brazil
Fabaceae,Coursetia vicioides,(Nees & Mart.) Benth.,Brazil
Fabaceae,Crudia aequalis,Ducke,Brazil
Fabaceae,Crudia amazonica,Spruce ex Benth.,Brazil
Fabaceae,Crudia bracteata,Benth.,Brazil
Fabaceae,Crudia glaberrima,(Steud.) J.F.Macbr.,Brazil
Fabaceae,Crudia oblonga,Benth.,Brazil
Fabaceae,Crudia tomentosa,(Aubl.) J.F.Macbr.,Brazil
Fabaceae,Ctenodon molliculus,"(Kunth) D.B.O.S.Cardoso, Filardi & H.C.Lima",Brazil
Fabaceae,Ctenodon monteiroi,"(A.Fern. & P.Bezerra) D.B.O.S.Cardoso, Filardi & H.C.Lima",Brazil
Fabaceae,Cyclolobium brasiliense,Benth.,Brazil
Fabaceae,Cynometra bauhiniifolia,Benth.,Brazil
Fabaceae,Cynometra cerebriformis,Rados.,Brazil
Fabaceae,Cynometra crassifolia,Benth.,Brazil
Fabaceae,Cynometra cuneata,Tul.,Brazil
Fabaceae,Cynometra duckei,Dwyer,Brazil
Fabaceae,Cynometra hostmanniana,Tul.,Brazil
Fabaceae,Cynometra humboldtiana,Stergios,Brazil
Fabaceae,Cynometra longicuspis,Ducke,Brazil
Fabaceae,Cynometra longifolia,Huber,Brazil
Fabaceae,Cynometra macrocarpa,A.S.Tav.,Brazil
Fabaceae,Cynometra marginata,Benth.,Brazil
Fabaceae,Cynometra marleneae,A.S.Tav.,Brazil
Fabaceae,Cynometra parvifolia,Tul.,Brazil
Fabaceae,Cynometra spruceana,Baill.,Brazil
Fabaceae,Cynometra stenopetala,Dwyer,Brazil
Fabaceae,Dahlstedtia araripensis,(Benth.) M.J.Silva & A.M.G.Azevedo,Brazil
Fabaceae,Dahlstedtia bahiana,(A.M.G.Azevedo) M.J.Silva & A.M.G.Azevedo,Brazil
Fabaceae,Dahlstedtia castaneifolia,(M.J.Silva & A.M.G.Azevedo) M.J.Silva & A.M.G.Azevedo,Brazil
Fabaceae,Dahlstedtia dehiscens,M.J.Silva & A.M.G.Azevedo,Brazil
Fabaceae,Dahlstedtia floribunda,(Vogel) M.J.Silva & A.M.G.Azevedo,Brazil
Fabaceae,Dahlstedtia glaziovii,(Taub.) M.J.Silva & A.M.G.Azevedo,Brazil
Fabaceae,Dahlstedtia grandiflora,(A.M.G.Azevedo) M.J.Silva & A.M.G.Azevedo,Brazil
Fabaceae,Dahlstedtia lewisiana,M.J.Silva & A.M.G.Azevedo,Brazil
Fabaceae,Dahlstedtia muehlbergiana,(Hassl.) M.J.Silva & A.M.G.Azevedo,Brazil
Fabaceae,Dahlstedtia peckoltii,(Wawra) M.J.Silva & A.M.G.Azevedo,Brazil
Fabaceae,Dahlstedtia pentaphylla,(Taub.) Burkart,Brazil
Fabaceae,Dahlstedtia pinnata,(Benth.) Malme,Brazil
Fabaceae,Dalbergia acuta,Benth.,Brazil
Fabaceae,Dalbergia amazonica,(Radlk. ex Köpff) Ducke,Brazil
Fabaceae,Dalbergia brasiliensis,Vogel,Brazil
Fabaceae,Dalbergia catingicola,Harms,Brazil
Fabaceae,Dalbergia cearensis,Ducke,Brazil
Fabaceae,Dalbergia cuiabensis,Benth.,Brazil
Fabaceae,Dalbergia decipularis,Rizzini & A.Mattos,Brazil
Fabaceae,Dalbergia densiflora,(Benth.) Benth.,Brazil
Fabaceae,Dalbergia ecastaphyllum,(L.) Taub.,Brazil
Fabaceae,Dalbergia elegans,A.M.Carvalho,Brazil
Fabaceae,Dalbergia ernest-ulei,Hoehne,Brazil
Fabaceae,Dalbergia foliolosa,Benth.,Brazil
Fabaceae,Dalbergia frutescens,(Vell.) Britton,Brazil
Fabaceae,Dalbergia glandulosa,Benth.,Brazil
Fabaceae,Dalbergia glaucescens,(Mart. ex Benth.) Benth.,Brazil
Fabaceae,Dalbergia glaziovii,Harms,Brazil
Fabaceae,Dalbergia gracilis,Benth.,Brazil
Fabaceae,Dalbergia guttembergii,A.M.Carvalho,Brazil
Fabaceae,Dalbergia hortensis,"Heringer, Rizzini & A.Mattos",Brazil
Fabaceae,Dalbergia inundata,Benth.,Brazil
Fabaceae,Dalbergia lateriflora,Benth.,Brazil
Fabaceae,Dalbergia miscolobium,Benth.,Brazil
Fabaceae,Dalbergia nigra,(Vell.) Allemão ex Benth.,Brazil
Fabaceae,Dalbergia revoluta,Ducke,Brazil
Fabaceae,Dalbergia riedelii,(Benth.) Sandwith,Brazil
Fabaceae,Dalbergia riparia,(Benth.) Benth.,Brazil
Fabaceae,Dalbergia spruceana,Benth.,Brazil
Fabaceae,Dalbergia subcymosa,Ducke,Brazil
Fabaceae,Dalbergia villosa,(Benth.) Benth.,Brazil
Fabaceae,Deguelia amazonica,Killip,Brazil
Fabaceae,Deguelia angulata,(Ducke) A.M.G. Azevedo & R.A. Camargo,Brazil
Fabaceae,Deguelia costata,(Benth.) A.M.G.Azevedo & R.A.Camargo,Brazil
Fabaceae,Deguelia hatschbachii,A.M.G.Azevedo,Brazil
Fabaceae,Deguelia scandens,Aubl.,Brazil
Fabaceae,Deguelia spruceana,(Benth.) A.M.G.Azevedo & R.A.Camargo,Brazil
Fabaceae,Deguelia utilis,(A.C.Sm.) A.M.G.Azevedo,Brazil
Fabaceae,Desmodium cajanifolium,(Kunth) DC.,Brazil
Fabaceae,Dialium guianense,(Aubl.) Sandwith,Brazil
Fabaceae,Dialium rondoniense,M.J.Falcão & Mansano,Brazil
Fabaceae,Dicorynia paraensis,Benth.,Brazil
Fabaceae,Dicymbe amazonica,Ducke,Brazil
Fabaceae,Dicymbe arenicola,W.A.Rodrigues,Brazil
Fabaceae,Dicymbe corymbosa,Spruce ex Benth.,Brazil
Fabaceae,Dicymbe froesii,Ducke,Brazil
Fabaceae,Dicymbe heteroxylon,Ducke,Brazil
Fabaceae,Dicymbe mollis,Barneby,Brazil
Fabaceae,Dicymbe puncticulosa,R.S.Cowan,Brazil
Fabaceae,Dicymbe stipitata,R.S.Cowan,Brazil
Fabaceae,Dicymbe uaiparuensis,R.S.Cowan,Brazil
Fabaceae,Dimorphandra campinarum,Ducke,Brazil
Fabaceae,Dimorphandra caudata,Ducke,Brazil
Fabaceae,Dimorphandra coccinea,Ducke,Brazil
Fabaceae,Dimorphandra conjugata,(Splitg.) Sandwith,Brazil
Fabaceae,Dimorphandra cuprea,Sprague & Sandwith,Brazil
Fabaceae,Dimorphandra exaltata,Schott,Brazil
Fabaceae,Dimorphandra gardneriana,Tul.,Brazil
Fabaceae,Dimorphandra gigantea,Ducke,Brazil
Fabaceae,Dimorphandra ignea,Ducke,Brazil
Fabaceae,Dimorphandra jorgei,M.F.Silva,Brazil
Fabaceae,Dimorphandra macrostachya,Benth.,Brazil
Fabaceae,Dimorphandra mediocris,Ducke,Brazil
Fabaceae,Dimorphandra mollis,Benth.,Brazil
Fabaceae,Dimorphandra multiflora,Ducke,Brazil
Fabaceae,Dimorphandra parviflora,Spruce ex Benth.,Brazil
Fabaceae,Dimorphandra pennigera,Tul.,Brazil
Fabaceae,Dimorphandra polyandra,Benoist,Brazil
Fabaceae,Dimorphandra pullei,Amshoff,Brazil
Fabaceae,Dimorphandra unijuga,Tul.,Brazil
Fabaceae,Dimorphandra urubuensis,Ducke,Brazil
Fabaceae,Dimorphandra vernicosa,Spruce ex Benth. & Hook.f.,Brazil
Fabaceae,Dimorphandra wilsonii,Rizzini,Brazil
Fabaceae,Dinizia excelsa,Ducke,Brazil
Fabaceae,Dinizia jueirana-facao,G.P.Lewis & G.S.Siqueira,Brazil
Fabaceae,Diplotropis brasiliensis,(Tul.) Benth.,Brazil
Fabaceae,Diplotropis ferruginea,Benth.,Brazil
Fabaceae,Diplotropis incexis,Rizzini & A.Mattos,Brazil
Fabaceae,Diplotropis martiusii,Benth.,Brazil
Fabaceae,Diplotropis peruviana,J.F.Macbr.,Brazil
Fabaceae,Diplotropis purpurea,(Rich.) Amshoff,Brazil
Fabaceae,Diplotropis rodriguesii,H.C.Lima,Brazil
Fabaceae,Diplotropis strigulosa,R.S.Cowan,Brazil
Fabaceae,Dipteryx alata,Vogel,Brazil
Fabaceae,Dipteryx charapilla,(J.F.Macbr.) Ducke,Brazil
Fabaceae,Dipteryx ferrea,(Ducke) Ducke,Brazil
Fabaceae,Dipteryx hermetopascoaliana,"C.S.Carvalho, H.C.Lima & D.B.O.S.Cardoso",Brazil
Fabaceae,Dipteryx lacunifera,Ducke,Brazil
Fabaceae,Dipteryx magnifica,(Ducke) Ducke,Brazil
Fabaceae,Dipteryx micrantha,Harms,Brazil
Fabaceae,Dipteryx odorata,(Aubl.) Willd.,Brazil
Fabaceae,Dipteryx polyphylla,Huber,Brazil
Fabaceae,Dipteryx punctata,(S.F.Blake) Amshoff,Brazil
Fabaceae,Dipteryx rosea,Spruce ex Benth.,Brazil
Fabaceae,Diptychandra aurantiaca,Tul.,Brazil
Fabaceae,Dussia discolor,(Benth.) Amshoff,Brazil
Fabaceae,Dussia tessmannii,Harms,Brazil
Fabaceae,Elizabetha bicolor,Ducke,Brazil
Fabaceae,Elizabetha coccinea,M.R.Schomb. ex Benth.,Brazil
Fabaceae,Elizabetha duckei,Huber,Brazil
Fabaceae,Elizabetha durissima,Ducke,Brazil
Fabaceae,Elizabetha leiogyne,Ducke,Brazil
Fabaceae,Elizabetha macrostachya,Benth.,Brazil
Fabaceae,Elizabetha paraensis,Ducke,Brazil
Fabaceae,Elizabetha princeps,M.R.Schomb. ex Benth.,Brazil
Fabaceae,Elizabetha speciosa,Ducke,Brazil
Fabaceae,Enterolobium barnebianum,Mesquita & M.F.Silva,Brazil
Fabaceae,Enterolobium contortisiliquum,(Vell.) Morong,Brazil
Fabaceae,Enterolobium cyclocarpum,(Jacq.) Griseb.,Brazil
Fabaceae,Enterolobium glaziovii,(Benth.) Mesquita,Brazil
Fabaceae,Enterolobium gummiferum,(Mart.) J.F.Macbr.,Brazil
Fabaceae,Enterolobium maximum,Ducke,Brazil
Fabaceae,Enterolobium monjollo,(Vell.) Mart.,Brazil
Fabaceae,Enterolobium oldemanii,Barneby & J.W.Grimes,Brazil
Fabaceae,Enterolobium schomburgkii,(Benth.) Benth.,Brazil
Fabaceae,Enterolobium timbouva,Mart.,Brazil
Fabaceae,Eperua bijuga,Mart. ex Benth.,Brazil
Fabaceae,Eperua duckeana,R.S.Cowan,Brazil
Fabaceae,Eperua falcata,Aubl.,Brazil
Fabaceae,Eperua glabriflora,(Ducke) R.S.Cowan,Brazil
Fabaceae,Eperua grandiflora,(Aubl.) Benth.,Brazil
Fabaceae,Eperua leucantha,Benth.,Brazil
Fabaceae,Eperua manausensis,Fortes & Mansano,Brazil
Fabaceae,Eperua oleifera,Ducke,Brazil
Fabaceae,Eperua praesagata,R.S.Cowan,Brazil
Fabaceae,Eperua purpurea,Benth.,Brazil
Fabaceae,Eperua rubiginosa,Miq.,Brazil
Fabaceae,Eperua schomburgkiana,Benth.,Brazil
Fabaceae,Eriosema violaceum,(Aubl.) G.Don,Brazil
Fabaceae,Erythrina amazonica,Krukoff,Brazil
Fabaceae,Erythrina crista-galli,L.,Brazil
Fabaceae,Erythrina dominguezii,Hassl.,Brazil
Fabaceae,Erythrina falcata,Benth.,Brazil
Fabaceae,Erythrina fusca,Lour.,Brazil
Fabaceae,Erythrina poeppigiana,(Walp.) O.F.Cook,Brazil
Fabaceae,Erythrina similis,Krukoff,Brazil
Fabaceae,Erythrina speciosa,Andrews,Brazil
Fabaceae,Erythrina ulei,Harms,Brazil
Fabaceae,Erythrina velutina,Willd.,Brazil
Fabaceae,Erythrina verna,Vell.,Brazil
Fabaceae,Erythrostemon calycinus,(Benth.) L.P.Queiroz,Brazil
Fabaceae,Exostyles amazonica,Yakovlev,Brazil
Fabaceae,Exostyles glabra,Vogel,Brazil
Fabaceae,Exostyles godoyensis,Soares-Silva & Mansano,Brazil
Fabaceae,Exostyles venusta,Schott,Brazil
Fabaceae,Fissicalyx fendleri,Benth.,Brazil
Fabaceae,Geoffroea spinosa,Jacq.,Brazil
Fabaceae,Gleditsia amorphoides,(Griseb.) Taub.,Brazil
Fabaceae,Gliricidia sepium,(Jacq.) Steud.,Brazil
Fabaceae,Goniorrhachis marginata,Taub.,Brazil
Fabaceae,Grazielodendron riodocensis,H.C.Lima,Brazil
Fabaceae,Guianodendron praeclarum,(Sandwith) Sch.Rodr. & A.M.G.Azevedo,Brazil
Fabaceae,Guibourtia chodatiana,(Hassl.) J.Léonard,Brazil
Fabaceae,Guilandina bonduc,L.,Brazil
Fabaceae,Gwilymia coriacea,"(Benth.) A.G.Lima, Paula-Souza & Scalon",Brazil
Fabaceae,Gwilymia fissurata,"(E.M.O.Martins) A.G.Lima, Paula-Souza & Scalon",Brazil
Fabaceae,Gwilymia occhioniana,"(E.M.O.Martins) A.G.Lima, Paula-Souza & Scalon",Brazil
Fabaceae,Gwilymia paniculata,"(Poepp.) A.G.Lima, Paula-Souza & Scalon",Brazil
Fabaceae,Gwilymia polystachya,"(Miq.) A.G.Lima, Paula-Souza & Scalon",Brazil
Fabaceae,Gwilymia racemifera,"(Ducke) A.G.Lima, Paula-Souza & Scalon",Brazil
Fabaceae,Harleyodendron unifoliolatum,Cowan,Brazil
Fabaceae,Heterostemon conjugatus,Spruce ex Benth.,Brazil
Fabaceae,Heterostemon ellipticus,Mart. ex Benth.,Brazil
Fabaceae,Heterostemon impar,Spruce ex Benth.,Brazil
Fabaceae,Heterostemon mimosoides,Desf.,Brazil
Fabaceae,Holocalyx balansae,Micheli,Brazil
Fabaceae,Hydrochorea acreana,(J.F.Macbr.) Barneby & J.W.Grimes,Brazil
Fabaceae,Hydrochorea corymbosa,(Rich.) Barneby & J.W.Grimes,Brazil
Fabaceae,Hydrochorea elegans,"(Ducke) M.V.B.Soares, Iganci & M.P.Morim",Brazil
Fabaceae,Hydrochorea gonggrijpii,(Kleinhoonte) Barneby & J.W.Grimes,Brazil
Fabaceae,Hydrochorea marginata,(Spruce ex Benth.) Barneby & J.W.Grimes,Brazil
Fabaceae,Hydrochorea panurensis,"(Spruce ex Benth.) M.V.B.Soares, M.P.Morim & Iganci",Brazil
Fabaceae,Hydrochorea pedicellaris,"(DC.) M.V.B.Soares, Iganci & M.P.Morim",Brazil
Fabaceae,Hydrochorea uaupensis,"M.P.Morim, Iganci & E.J.M.Koenen",Brazil
Fabaceae,Hymenaea altissima,Ducke,Brazil
Fabaceae,Hymenaea aurea,Y.T.Lee & Langenh.,Brazil
Fabaceae,Hymenaea cangaceira,"R.B.Pinto, Mansano & A.M.G.Azevedo",Brazil
Fabaceae,Hymenaea courbaril,L.,Brazil
Fabaceae,Hymenaea eriogyne,Benth.,Brazil
Fabaceae,Hymenaea fariana,"R.D.Ribeiro, D.B.O.S.Cardoso & H.C.Lima",Brazil
Fabaceae,Hymenaea intermedia,Ducke,Brazil
Fabaceae,Hymenaea longifolia,"(Benth.) I.M.Souza, Funch & L.P.Queiroz",Brazil
Fabaceae,Hymenaea maranhensis,Y.T.Lee & Langenh.,Brazil
Fabaceae,Hymenaea martiana,(Hayne) Hayne,Brazil
Fabaceae,Hymenaea oblongifolia,Huber,Brazil
Fabaceae,Hymenaea parvifolia,Huber,Brazil
Fabaceae,Hymenaea reticulata,Ducke,Brazil
Fabaceae,Hymenaea rubriflora,Ducke,Brazil
Fabaceae,Hymenaea stigonocarpa,Mart. ex Hayne,Brazil
Fabaceae,Hymenaea velutina,Ducke,Brazil
Fabaceae,Hymenolobium alagoanum,Ducke,Brazil
Fabaceae,Hymenolobium elatum,Ducke,Brazil
Fabaceae,Hymenolobium excelsum,Ducke,Brazil
Fabaceae,Hymenolobium flavum,Kleinhoonte,Brazil
Fabaceae,Hymenolobium grazielanum,H.C.Lima,Brazil
Fabaceae,Hymenolobium heringeranum,Rizzini,Brazil
Fabaceae,Hymenolobium heterocarpum,Ducke,Brazil
Fabaceae,Hymenolobium janeirense,Kuhlm.,Brazil
Fabaceae,Hymenolobium modestum,Ducke,Brazil
Fabaceae,Hymenolobium nitidum,Benth.,Brazil
Fabaceae,Hymenolobium petraeum,Ducke,Brazil
Fabaceae,Hymenolobium pulcherrimum,Ducke,Brazil
Fabaceae,Hymenolobium sericeum,Ducke,Brazil
Fabaceae,Inga acicularis,T.D.Penn.,Brazil
Fabaceae,Inga acreana,Harms,Brazil
Fabaceae,Inga acrocephala,Steud.,Brazil
Fabaceae,Inga acuminata,Benth.,Brazil
Fabaceae,Inga affinis,DC.,Brazil
Fabaceae,Inga alata,Benoist,Brazil
Fabaceae,Inga alba,(Sw.) Willd.,Brazil
Fabaceae,Inga aptera,(Vinha) T.D.Penn.,Brazil
Fabaceae,Inga arenicola,T.D.Penn.,Brazil
Fabaceae,Inga auristellae,Harms,Brazil
Fabaceae,Inga barbata,Benth.,Brazil
Fabaceae,Inga bicoloriflora,Ducke,Brazil
Fabaceae,Inga blanchetiana,Benth.,Brazil
Fabaceae,Inga bollandii,Sprague & Sandwith,Brazil
Fabaceae,Inga bourgoni,(Aubl.) DC.,Brazil
Fabaceae,Inga brachyrhachis,Harms,Brazil
Fabaceae,Inga brachystachys,Ducke,Brazil
Fabaceae,Inga brevipes,Benth.,Brazil
Fabaceae,Inga bullata,Benth.,Brazil
Fabaceae,Inga bullatorugosa,Ducke,Brazil
Fabaceae,Inga cabelo,T.D.Penn.,Brazil
Fabaceae,Inga calantha,Ducke,Brazil
Fabaceae,Inga capitata,Desv.,Brazil
Fabaceae,Inga caudata,Killip,Brazil
Fabaceae,Inga cayennensis,Sagot ex Benth.,Brazil
Fabaceae,Inga cecropietorum,Ducke,Brazil
Fabaceae,Inga chartacea,Poepp.,Brazil
Fabaceae,Inga chrysantha,Ducke,Brazil
Fabaceae,Inga ciliata,C.Presl,Brazil
Fabaceae,Inga cinnamomea,Spruce ex Benth.,Brazil
Fabaceae,Inga conchifolia,L.P.Queiroz,Brazil
Fabaceae,Inga congesta,T.D.Penn.,Brazil
Fabaceae,Inga cordatoalata,Ducke,Brazil
Fabaceae,Inga cordistipula,Mart.,Brazil
Fabaceae,Inga coruscans,Humb. & Bonpl. ex Willd.,Brazil
Fabaceae,Inga cylindrica,(Vell.) Mart.,Brazil
Fabaceae,Inga disticha,Benth.,Brazil
Fabaceae,Inga duckei,Huber,Brazil
Fabaceae,Inga edulis,Mart.,Brazil
Fabaceae,Inga edwallii,(Harms) T.D.Penn.,Brazil
Fabaceae,Inga enterolobioides,T.D.Penn.,Brazil
Fabaceae,Inga exfoliata,T.D.Penn. & F.C.P.García,Brazil
Fabaceae,Inga exilis,T.D.Penn.,Brazil
Fabaceae,Inga flagelliformis,Mart.,Brazil
Fabaceae,Inga globularis,T.D.Penn.,Brazil
Fabaceae,Inga glomeriflora,Ducke,Brazil
Fabaceae,Inga graciliflora,Benth.,Brazil
Fabaceae,Inga gracilifolia,Ducke,Brazil
Fabaceae,Inga gracilior,Sprague,Brazil
Fabaceae,Inga grandis,T.D.Penn.,Brazil
Fabaceae,Inga grazielae,(Vinha) T.D.Penn.,Brazil
Fabaceae,Inga heterophylla,Willd.,Brazil
Fabaceae,Inga hispida,Schott ex Benth.,Brazil
Fabaceae,Inga huberi,Ducke,Brazil
Fabaceae,Inga inflata,Ducke,Brazil
Fabaceae,Inga ingoides,(Rich.) Willd.,Brazil
Fabaceae,Inga japurensis,T.D.Penn.,Brazil
Fabaceae,Inga lanceifolia,Benth.,Brazil
Fabaceae,Inga lateriflora,Miq.,Brazil
Fabaceae,Inga laurina,(Sw.) Willd.,Brazil
Fabaceae,Inga leiocalycina,Benth.,Brazil
Fabaceae,Inga lenticellata,Benth.,Brazil
Fabaceae,Inga lentiscifolia,Benth.,Brazil
Fabaceae,Inga leptocarpa,T.D.Penn.,Brazil
Fabaceae,Inga lomatophylla,(Benth.) Pittier,Brazil
Fabaceae,Inga longiflora,Spruce ex Benth.,Brazil
Fabaceae,Inga longifoliola,R.S.Cowan.,Brazil
Fabaceae,Inga longipes,Benth.,Brazil
Fabaceae,Inga lopadadenia,Harms,Brazil
Fabaceae,Inga macrophylla,Humb. & Bonpl. ex Willd.,Brazil
Fabaceae,Inga marginata,Willd.,Brazil
Fabaceae,Inga maritima,Benth.,Brazil
Fabaceae,Inga megaphylla,Poncy & Vester,Brazil
Fabaceae,Inga mendoncaei,Harms,Brazil
Fabaceae,Inga micradenia,Spruce ex Benth.,Brazil
Fabaceae,Inga microcalyx,Spruce ex Benth.,Brazil
Fabaceae,Inga nobilis,Willd.,Brazil
Fabaceae,Inga obidensis,Ducke,Brazil
Fabaceae,Inga obtusata,Spruce ex Benth.,Brazil
Fabaceae,Inga pachyphylla,Harms,Brazil
Fabaceae,Inga panurensis,Spruce ex Benth.,Brazil
Fabaceae,Inga paraensis,Ducke,Brazil
Fabaceae,Inga peduncularis,Benth.,Brazil
Fabaceae,Inga pedunculata,(Vinha) T.D.Penn.,Brazil
Fabaceae,Inga pezizifera,Benth.,Brazil
Fabaceae,Inga pilosula,(Rich.) J.F.Macbr.,Brazil
Fabaceae,Inga platyptera,Benth.,Brazil
Fabaceae,Inga pleiogyna,T.D.Penn.,Brazil
Fabaceae,Inga plumifera,Spruce ex Benth.,Brazil
Fabaceae,Inga poeppigiana,Benth.,Brazil
Fabaceae,Inga praegnans,T.D.Penn.,Brazil
Fabaceae,Inga pruriens,Poepp.,Brazil
Fabaceae,Inga punctata,Willd.,Brazil
Fabaceae,Inga retinocarpa,Poncy,Brazil
Fabaceae,Inga rhynchocalyx,Sandwith,Brazil
Fabaceae,Inga rubiginosa,(Rich.) DC.,Brazil
Fabaceae,Inga ruiziana,G.Don,Brazil
Fabaceae,Inga salicifolia,T.D.Penn.,Brazil
Fabaceae,Inga santaremnensis,Ducke,Brazil
Fabaceae,Inga sapindoides,Willd.,Brazil
Fabaceae,Inga schinifolia,Benth.,Brazil
Fabaceae,Inga sellowiana,Benth.,Brazil
Fabaceae,Inga sertulifera,DC.,Brazil
Fabaceae,Inga sessilis,Mart.,Brazil
Fabaceae,Inga setosa,G.Don,Brazil
Fabaceae,Inga splendens,Willd.,Brazil
Fabaceae,Inga stenopoda,Pittier,Brazil
Fabaceae,Inga stenoptera,Benth.,Brazil
Fabaceae,Inga stipulacea,G.Don,Brazil
Fabaceae,Inga stipularis,DC.,Brazil
Fabaceae,Inga striata,Benth.,Brazil
Fabaceae,Inga striolata,T.D.Penn.,Brazil
Fabaceae,Inga suaveolens,Ducke,Brazil
Fabaceae,Inga suberosa,T.D.Penn.,Brazil
Fabaceae,Inga subnuda,Salzm. ex Benth.,Brazil
Fabaceae,Inga suborbicularis,T.D.Penn.,Brazil
Fabaceae,Inga tenuis,(Vell.) Mart.,Brazil
Fabaceae,Inga tenuistipula,Ducke,Brazil
Fabaceae,Inga thibaudiana,DC.,Brazil
Fabaceae,Inga tomentosa,Benth.,Brazil
Fabaceae,Inga ulei,Harms,Brazil
Fabaceae,Inga umbellifera,(Vahl) Steud. ex DC.,Brazil
Fabaceae,Inga umbratica,Poepp.,Brazil
Fabaceae,Inga unica,Barneby & J.W.Grimes,Brazil
Fabaceae,Inga velutina,Willd.,Brazil
Fabaceae,Inga vera,Willd.,Brazil
Fabaceae,Inga virescens,Benth.,Brazil
Fabaceae,Inga virgultosa,Desv.,Brazil
Fabaceae,Inga vismiifolia,Poepp.,Brazil
Fabaceae,Inga vulpina,Mart. ex Benth.,Brazil
Fabaceae,Inga xinguensis,Ducke,Brazil
Fabaceae,Inga yacoana,J.F.Macbr.,Brazil
Fabaceae,Jacqueshuberia purpurea,Ducke,Brazil
Fabaceae,Jacqueshuberia quinquangulata,Ducke,Brazil
Fabaceae,Jupunba adenophora,"(Ducke) M.V.B.Soares, M.P.Morim & Iganci",Brazil
Fabaceae,Jupunba auriculata,"(Benth.) M.V.B.Soares, M.P.Morim & Iganci",Brazil
Fabaceae,Jupunba barbouriana,"(Standl.) M.V.B.Soares, M.P.Morim & Iganci",Brazil
Fabaceae,Jupunba barnebyana,"(Iganci & M.P.Lima) M.V.B.Soares, M.P.Morim & Iganci",Brazil
Fabaceae,Jupunba brachystachya,"(DC.) M.V.B.Soares, M.P.Morim & Iganci",Brazil
Fabaceae,Jupunba campestris,"(Spruce ex Benth.) M.V.B.Soares, M.P.Morim & Iganci",Brazil
Fabaceae,Jupunba cochleata,"(Willd.) M.V.B.Soares, M.P.Morim & Iganci",Brazil
Fabaceae,Jupunba curvicarpa,"(H.S.Irwin) M.V.B.Soares, M.P.Morim & Iganci",Brazil
Fabaceae,Jupunba filamentosa,"(Benth.) M.V.B.Soares, M.P.Morim & Iganci",Brazil
Fabaceae,Jupunba floribunda,"(Spruce ex Benth.) M.V.B.Soares, M.P.Morim & Iganci",Brazil
Fabaceae,Jupunba laeta,"(Benth.) M.V.B.Soares, M.P.Morim & Iganci",Brazil
Fabaceae,Jupunba langsdorffii,"(Benth.) M.V.B.Soares, M.P.Morim & Iganci",Brazil
Fabaceae,Jupunba longipedunculata,"(H.S.Irwin) M.V.B.Soares, M.P.Morim & Iganci",Brazil
Fabaceae,Jupunba mataybifolia,"(Sandwith) M.V.B.Soares, M.P.Morim & Iganci",Brazil
Fabaceae,Jupunba microcalyx,"(Spruce ex Benth.) M.V.B.Soares, M.P.Morim & Iganci",Brazil
Fabaceae,Jupunba piresii,"(Barneby & J.W.Grimes) M.V.B.Soares, M.P.Morim & Iganci",Brazil
Fabaceae,Jupunba rhombea,"(Benth.) M.V.B.Soares, M.P.Morim & Iganci",Brazil
Fabaceae,Jupunba trapezifolia,"(Benth.) M.V.B.Soares, M.P.Morim & Iganci",Brazil
Fabaceae,Jupunba turbinata,"(Benth.) M.V.B.Soares, M.P.Morim & Iganci",Brazil
Fabaceae,Jupunba villifera,"(Ducke) M.V.B.Soares, M.P.Morim & Iganci",Brazil
Fabaceae,Jupunba villosa,"(Iganci & M.P.Lima) M.V.B.Soares, M.P.Morim & Iganci",Brazil
Fabaceae,Lachesiodendron viridiflorum,"(Kunth) P.G.Ribeiro, L.P.Queiroz & Luckow",Brazil
Fabaceae,Lecointea amazonica,Ducke,Brazil
Fabaceae,Lecointea peruviana,J.F.Macbr.,Brazil
Fabaceae,Leptolobium araguaiense,Sch.Rodr. & A.M.G.Azevedo,Brazil
Fabaceae,Leptolobium bijugum,(Spreng.) Vogel,Brazil
Fabaceae,Leptolobium brachystachyum,(Benth.) Sch.Rodr. & A.M.G.Azevedo,Brazil
Fabaceae,Leptolobium dasycarpum,Vogel,Brazil
Fabaceae,Leptolobium elegans,Vogel,Brazil
Fabaceae,Leptolobium glaziovianum,(Harms) Sch.Rodr. & A.M.G.Azevedo,Brazil
Fabaceae,Leptolobium multijugum,Sch.Rodr. & A.M.G.Azevedo,Brazil
Fabaceae,Leptolobium nitens,Vogel,Brazil
Fabaceae,Leptolobium parvifolium,(Harms) Sch.Rodr. & A.M.G.Azevedo,Brazil
Fabaceae,Leptolobium stirtonii,(Aymard & V.González) Sch.Rodr. & A.M.G.Azevedo,Brazil
Fabaceae,Leptolobium tenuifolium,Vogel,Brazil
Fabaceae,Leucochloron foederale,(Barneby & J.W.Grimes) Barneby & J.W.Grimes,Brazil
Fabaceae,Leucochloron incuriale,(Vell.) Barneby & J.W.Grimes,Brazil
Fabaceae,Leucochloron limae,Barneby & J.W.Grimes,Brazil
Fabaceae,Leucochloron minarum,(Harms) Barneby & J.W.Grimes,Brazil
Fabaceae,Libidibia ferrea,(Mart. ex Tul.) L.P.Queiroz,Brazil
Fabaceae,Libidibia paraguariensis,(D.Parodi) G.P.Lewis,Brazil
Fabaceae,Limadendron amazonicum,(Ducke) Meireles & A.M.G.Azevedo,Brazil
Fabaceae,Limadendron hostmannii,(Benth.) Meireles & A. M. G. Azevedo,Brazil
Fabaceae,Lonchocarpus cultratus,(Vell.) A.M.G.Azevedo & H.C.Lima,Brazil
Fabaceae,Lonchocarpus hedyosmus,Miq.,Brazil
Fabaceae,Lonchocarpus heptaphyllus,(Poir.) DC.,Brazil
Fabaceae,Lonchocarpus macrocarpus,Benth.,Brazil
Fabaceae,Lonchocarpus nitidus,(Vogel) Benth.,Brazil
Fabaceae,Lonchocarpus pluvialis,Rusby,Brazil
Fabaceae,Lonchocarpus praecox,Mart. ex Benth.,Brazil
Fabaceae,Lonchocarpus sericeus,(Poir.) Kunth ex DC.,Brazil
Fabaceae,Lonchocarpus spiciflorus,Mart. ex Benth.,Brazil
Fabaceae,Lonchocarpus violaceus,(Jacq.) Kunth ex DC.,Brazil
Fabaceae,Luetzelburgia amazonica,"D.B.O.S.Cardoso, L.P.Queiroz & H.C.Lima",Brazil
Fabaceae,Luetzelburgia andrade-limae,H.C.Lima,Brazil
Fabaceae,Luetzelburgia auriculata,(Allemão) Ducke,Brazil
Fabaceae,Luetzelburgia bahiensis,Yakovlev,Brazil
Fabaceae,Luetzelburgia guaissara,Toledo,Brazil
Fabaceae,Luetzelburgia guianensis,"D.B.O.S.Cardoso, L.P.Queiroz & H.C.Lima",Brazil
Fabaceae,Luetzelburgia harleyi,"D.B.O.S.Cardoso, L.P.Queiroz & H.C.Lima",Brazil
Fabaceae,Luetzelburgia neurocarpa,"D.B.O.S.Cardoso, L.P.Queiroz & H.C.Lima",Brazil
Fabaceae,Luetzelburgia purpurea,"D.B.O.S.Cardoso, L.P.Queiroz & H.C.Lima",Brazil
Fabaceae,Luetzelburgia trialata,Ducke,Brazil
Fabaceae,Machaerium acutifolium,Vogel,Brazil
Fabaceae,Machaerium amazonense,Hoehne,Brazil
Fabaceae,Machaerium androvillosum,Filardi & H.C.Lima,Brazil
Fabaceae,Machaerium aristulatum,(Spruce ex Benth.) Ducke,Brazil
Fabaceae,Machaerium biovulatum,Micheli,Brazil
Fabaceae,Machaerium brasiliense,Vogel,Brazil
Fabaceae,Machaerium cantarellianum,Hoehne,Brazil
Fabaceae,Machaerium caratinganum,Kuhlm. & Hoehne,Brazil
Fabaceae,Machaerium eriocarpum,Benth.,Brazil
Fabaceae,Machaerium ferox,(Mart. ex Benth.) Ducke,Brazil
Fabaceae,Machaerium firmum,(Vell.) Benth.,Brazil
Fabaceae,Machaerium floribundum,Benth.,Brazil
Fabaceae,Machaerium floridum,(Mart. ex Benth.) Ducke,Brazil
Fabaceae,Machaerium fulvovenosum,H.C.Lima,Brazil
Fabaceae,Machaerium hatschbachii,Rudd,Brazil
Fabaceae,Machaerium hirtum,(Vell.) Stellfeld,Brazil
Fabaceae,Machaerium incorruptibile,(Vell.) Benth.,Brazil
Fabaceae,Machaerium inundatum,(Mart. ex Benth.) Ducke,Brazil
Fabaceae,Machaerium isadelphum,(E.Mey.) Standl.,Brazil
Fabaceae,Machaerium kegelii,Meisn.,Brazil
Fabaceae,Machaerium latifolium,Rusby,Brazil
Fabaceae,Machaerium legale,(Vell.) Benth.,Brazil
Fabaceae,Machaerium leiophyllum,(DC.) Benth.,Brazil
Fabaceae,Machaerium leucopterum,Vogel,Brazil
Fabaceae,Machaerium lunatum,(L.f.) Ducke,Brazil
Fabaceae,Machaerium macaense,"C.V.Mendonça, A.M.G.Azevedo & H.C.Lima",Brazil
Fabaceae,Machaerium macrophyllum,Benth.,Brazil
Fabaceae,Machaerium madeirense,Pittier,Brazil
Fabaceae,Machaerium microphyllum,(E.Mey.) Standl.,Brazil
Fabaceae,Machaerium mucronulatum,Mart. ex Benth.,Brazil
Fabaceae,Machaerium multifoliolatum,Ducke,Brazil
Fabaceae,Machaerium mutisii,Killip ex Rudd,Brazil
Fabaceae,Machaerium myrianthum,Spruce ex Benth.,Brazil
Fabaceae,Machaerium nigrum,Vogel,Brazil
Fabaceae,Machaerium nyctitans,Benth.,Brazil
Fabaceae,Machaerium obovatum,Kuhlm. & Hoehne,Brazil
Fabaceae,Machaerium opacum,Vogel,Brazil
Fabaceae,Machaerium ovalifolium,Glaz. ex Rudd,Brazil
Fabaceae,Machaerium paraense,Ducke,Brazil
Fabaceae,Machaerium paraguariense,Hassl.,Brazil
Fabaceae,Machaerium pedicellatum,Vogel,Brazil
Fabaceae,Machaerium punctatum,(Lam.) Pers.,Brazil
Fabaceae,Machaerium quinata,(Aubl.) Sandwith,Brazil
Fabaceae,Machaerium robsonianum,Filardi & H.C.Lima,Brazil
Fabaceae,Machaerium ruddianum,C.V.Mendonça & A.M.G.Azevedo,Brazil
Fabaceae,Machaerium salzmannii,Benth.,Brazil
Fabaceae,Machaerium scleroxylon,Tul.,Brazil
Fabaceae,Machaerium stipitatum,(DC.) Vogel,Brazil
Fabaceae,Machaerium tortipes,Hoehne,Brazil
Fabaceae,Machaerium villosum,Vogel,Brazil
Fabaceae,Macrolobium acaciifolium,(Benth.) Benth.,Brazil
Fabaceae,Macrolobium angustifolium,(Benth.) R.S.Cowan,Brazil
Fabaceae,Macrolobium arenarium,Ducke,Brazil
Fabaceae,Macrolobium bifolium,(Aubl.) Pers.,Brazil
Fabaceae,Macrolobium brevense,Ducke,Brazil
Fabaceae,Macrolobium campestre,Huber,Brazil
Fabaceae,Macrolobium canaliculatum,Spruce ex Benth.,Brazil
Fabaceae,Macrolobium cidii,Barneby,Brazil
Fabaceae,Macrolobium conjunctum,Cowan,Brazil
Fabaceae,Macrolobium cowanii,Barneby,Brazil
Fabaceae,Macrolobium discolor,Benth.,Brazil
Fabaceae,Macrolobium duckeanum,Cowan,Brazil
Fabaceae,Macrolobium flexuosum,Spruce ex Benth.,Brazil
Fabaceae,Macrolobium froesii,Cowan,Brazil
Fabaceae,Macrolobium furcatum,Ducke,Brazil
Fabaceae,Macrolobium gracile,Spruce ex Benth.,Brazil
Fabaceae,Macrolobium huberianum,Ducke,Brazil
Fabaceae,Macrolobium latifolium,Vogel,Brazil
Fabaceae,Macrolobium limbatum,Spruce ex Benth.,Brazil
Fabaceae,Macrolobium longipedicellatum,Ducke,Brazil
Fabaceae,Macrolobium longipes,R.S.Cowan,Brazil
Fabaceae,Macrolobium microcalyx,Ducke,Brazil
Fabaceae,Macrolobium molle,(Benth.) R.S.Cowan,Brazil
Fabaceae,Macrolobium montanum,Ducke,Brazil
Fabaceae,Macrolobium multijugum,(DC.) Benth.,Brazil
Fabaceae,Macrolobium palustre,Ducke,Brazil
Fabaceae,Macrolobium paulobocae,Farroñay,Brazil
Fabaceae,Macrolobium pendulum,Willd. ex Vogel,Brazil
Fabaceae,Macrolobium prancei,R.S. Cowan,Brazil
Fabaceae,Macrolobium punctatum,Spruce ex Benth.,Brazil
Fabaceae,Macrolobium rigidum,Cowan,Brazil
Fabaceae,Macrolobium rubrum,R.S.Cowan,Brazil
Fabaceae,Macrolobium suaveolens,Spruce ex Benth.,Brazil
Fabaceae,Macrolobium taxifolium,Spruce ex Benth.,Brazil
Fabaceae,Macrolobium urupaense,Hoehne,Brazil
Fabaceae,Macrolobium venulosum,Benth.,Brazil
Fabaceae,Macrosamanea amplissima,(Ducke) Barneby & J.W.Grimes,Brazil
Fabaceae,Macrosamanea discolor,(Humb. & Bonpl. ex Willd.) Britton & Rose,Brazil
Fabaceae,Macrosamanea duckei,(Huber) Barneby & J.W.Grimes,Brazil
Fabaceae,Macrosamanea froesii,Barneby & J.W.Grimes,Brazil
Fabaceae,Macrosamanea macrocalyx,(Ducke) Barneby & J.W.Grimes,Brazil
Fabaceae,Macrosamanea prancei,(Barneby) Barneby & J.W.Grimes,Brazil
Fabaceae,Macrosamanea simabifolia,(Spruce ex Benth.) Pittier,Brazil
Fabaceae,Macrosamanea spruceana,(Benth.) Killip ex Record,Brazil
Fabaceae,Martiodendron elatum,(Ducke) Gleason,Brazil
Fabaceae,Martiodendron excelsum,(Benth.) Gleason,Brazil
Fabaceae,Martiodendron fluminense,Lombardi,Brazil
Fabaceae,Martiodendron mediterraneum,(Mart. ex Benth.) Köppen,Brazil
Fabaceae,Martiodendron parviflorum,(Amshoff) R.C.Koeppen,Brazil
Fabaceae,Melanoxylum brauna,Schott,Brazil
Fabaceae,Mimosa acroconica,Barneby,Brazil
Fabaceae,Mimosa acutistipula,Benth.,Brazil
Fabaceae,Mimosa adenotricha,Benth.,Brazil
Fabaceae,Mimosa apodocarpa,Benth.,Brazil
Fabaceae,Mimosa bifurca,Benth.,Brazil
Fabaceae,Mimosa bimucronata,(DC.) Kuntze,Brazil
Fabaceae,Mimosa bispiculata,Barneby,Brazil
Fabaceae,Mimosa caesalpiniifolia,Benth.,Brazil
Fabaceae,Mimosa capito,Barneby,Brazil
Fabaceae,Mimosa cubatanensis,Hoehne,Brazil
Fabaceae,Mimosa decorticans,Barneby,Brazil
Fabaceae,Mimosa dichroa,Barneby ex G.P.Lewis,Brazil
Fabaceae,Mimosa dominarum,Barneby,Brazil
Fabaceae,Mimosa flocculosa,Burkart,Brazil
Fabaceae,Mimosa gardneri,Benth.,Brazil
Fabaceae,Mimosa gemmulata,Barneby,Brazil
Fabaceae,Mimosa glutinosa,Malme,Brazil
Fabaceae,Mimosa hebecarpa,Benth.,Brazil
Fabaceae,Mimosa hexandra,Micheli,Brazil
Fabaceae,Mimosa insignis,(Hassl.) Barneby,Brazil
Fabaceae,Mimosa interrupta,Benth.,Brazil
Fabaceae,Mimosa laticifera,Rizzini & A.Mattos,Brazil
Fabaceae,Mimosa mensicola,Barneby        ,Brazil
Fabaceae,Mimosa myuros,Barneby,Brazil
Fabaceae,Mimosa neonitens,L.M.Borges,Brazil
Fabaceae,Mimosa ophthalmocentra,Benth.,Brazil
Fabaceae,Mimosa perplicata,L.M. Borges,Brazil
Fabaceae,Mimosa pilulifera,Benth.,Brazil
Fabaceae,Mimosa pteridifolia,Benth.,Brazil
Fabaceae,Mimosa regina,Barneby,Brazil
Fabaceae,Mimosa regnellii,Benth.,Brazil
Fabaceae,Mimosa rheiptera,Barneby,Brazil
Fabaceae,Mimosa rufescens,Benth.,Brazil
Fabaceae,Mimosa scabrella,Benth.,Brazil
Fabaceae,Mimosa schomburgkii,Benth.,Brazil
Fabaceae,Mimosa sericantha,Benth.,Brazil
Fabaceae,Mimosa sobralii,Grings & O.S. Ribas,Brazil
Fabaceae,Mimosa tenuiflora,(Willd.) Poir.,Brazil
Fabaceae,Mimosa urandiensis,"Santos-Silva, Marc.F.Simon & A.M.G.Azevedo",Brazil
Fabaceae,Mimosa verrucosa,Benth.,Brazil
Fabaceae,Moldenhawera acuminata,Afr.Fern. & P.Bezerra,Brazil
Fabaceae,Moldenhawera blanchetiana,Tul.,Brazil
Fabaceae,Moldenhawera floribunda,Schrad.,Brazil
Fabaceae,Moldenhawera intermedia,G.P.Lewis & L.P.Queiroz,Brazil
Fabaceae,Moldenhawera longipedicellata,C.V.Vivas & L.P.Queiroz,Brazil
Fabaceae,Moldenhawera luschnathiana,Yakovlev,Brazil
Fabaceae,Moldenhawera nutans,"L.P.Queiroz, G.P.Lewis & Allkin",Brazil
Fabaceae,Moldenhawera papillanthera,"L.P.Queiroz, G.P.Lewis & Allkin",Brazil
Fabaceae,Moldenhawera polysperma,(Vell.) Stellfeld,Brazil
Fabaceae,Monopteryx angustifolia,Spruce ex Benth.,Brazil
Fabaceae,Monopteryx inpae,W.A.Rodrigues,Brazil
Fabaceae,Monopteryx uaucu,Spruce ex Benth.,Brazil
Fabaceae,Mora paraensis,(Ducke) Ducke,Brazil
Fabaceae,Muellera campestris,(Mart. ex Benth.) M.J.Silva & A.M.G.Azevedo,Brazil
Fabaceae,Muellera denudata,(Benth.) M.Sousa,Brazil
Fabaceae,Muellera fernandesii,M.J.Silva & A.M.G.Azevedo,Brazil
Fabaceae,Muellera filipes,(Benth.) M.J.Silva & A.M.G.Azevedo,Brazil
Fabaceae,Muellera frutescens,(Aubl.) Standl.,Brazil
Fabaceae,Muellera graciliflora,"(M.J.Silva , A.M.G.Azevedo & G.P.Lewis) M.J.Silva & A.M.G.Azevedo",Brazil
Fabaceae,Muellera grazielae,(M.J.Silva & A.M.G.Azevedo & G.P.Lewis) M.J.Silva & A.M.G.Azevedo) M.J.Silva & A.M.G.Azevedo,Brazil
Fabaceae,Muellera laticifera,"(M.J.Silva , A.M.G.Azevedo & G.P.Lewis) M.J.Silva & A.M.G.Azevedo",Brazil
Fabaceae,Muellera leptobotrys,M.J.Silva & A.M.G.Azevedo,Brazil
Fabaceae,Muellera longiunguiculata,(M.J.Silva & A.M.G.Azevedo & G.P.Lewis) M.J.Silva & A.M.G.Azevedo) M.J.Silva & A.M.G.Azevedo,Brazil
Fabaceae,Muellera montana,(M.J.Silva & A.M.G.Azevedo & G.P.Lewis) M.J.Silva & A.M.G.Azevedo) M.J.Silva & A.M.G.Azevedo,Brazil
Fabaceae,Muellera nitens,M.J.Silva & A.M.G.Azevedo,Brazil
Fabaceae,Muellera nudiflorens,(Burkart) M.J.Silva & A.M.G.Azevedo,Brazil
Fabaceae,Muellera obtusa,(Benth.) M.J.Silva & A.M.G.Azevedo,Brazil
Fabaceae,Muellera torrensis,(N.F.Mattos) M.J.Silva & A.M.G.Azevedo,Brazil
Fabaceae,Muellera tozziana,M.J.Silva,Brazil
Fabaceae,Muellera variabilis,(R.R.Silva & A.M.G.Azevedo) M.J.Silva & A.M.G.Azevedo,Brazil
Fabaceae,Muellera virgilioides,(Vogel) M.J.Silva & A.M.G.Azevedo,Brazil
Fabaceae,Myrocarpus fastigiatus,Allemao,Brazil
Fabaceae,Myrocarpus frondosus,Allemão,Brazil
Fabaceae,Myrocarpus leprosus,Pickel,Brazil
Fabaceae,Myrocarpus venezuelensis,Rudd,Brazil
Fabaceae,Myroxylon balsamum,(L.) Harms,Brazil
Fabaceae,Myroxylon peruiferum,L.f.,Brazil
Fabaceae,Naiadendron duckeanum,"(Occhioni) A.G.Lima, Paula-Souza & Scalon",Brazil
Fabaceae,Neltuma affinis,(Spreng.) C.E.Hughes & G.P.Lewis,Brazil
Fabaceae,Neltuma rubriflora,(Hassl.) C.E.Hughes & G.P.Lewis,Brazil
Fabaceae,Neltuma ruscifolia,(Griseb.) C.E.Hughes & G.P.Lewis,Brazil
Fabaceae,Ormosia altimontana,Meireles & H.C.Lima,Brazil
Fabaceae,Ormosia amazonica,Ducke,Brazil
Fabaceae,Ormosia arborea,(Vell.) Harms,Brazil
Fabaceae,Ormosia bahiensis,Monach.,Brazil
Fabaceae,Ormosia coarctata,Jacks.,Brazil
Fabaceae,Ormosia coccinea,(Aubl.) Jacks.,Brazil
Fabaceae,Ormosia coutinhoi,Ducke,Brazil
Fabaceae,Ormosia discolor,Spruce ex Benth.,Brazil
Fabaceae,Ormosia elata,Rudd.,Brazil
Fabaceae,Ormosia excelsa,Benth.,Brazil
Fabaceae,Ormosia fastigiata,Tul.,Brazil
Fabaceae,Ormosia flava,(Ducke) Rudd,Brazil
Fabaceae,Ormosia friburgensis,Glaz.,Brazil
Fabaceae,Ormosia froesii,Rudd,Brazil
Fabaceae,Ormosia grandiflora,(Tul.) Rudd,Brazil
Fabaceae,Ormosia grossa,Rudd,Brazil
Fabaceae,Ormosia holerythra,Ducke,Brazil
Fabaceae,Ormosia lewisii,"D.B.O.S.Cardoso , C.H.Stirt. & Torke",Brazil
Fabaceae,Ormosia lignivalvis,Rudd,Brazil
Fabaceae,Ormosia limae,D.B.O.S.Cardoso & L.P.Queiroz,Brazil
Fabaceae,Ormosia macrocalyx,Ducke,Brazil
Fabaceae,Ormosia macrophylla,Benth.,Brazil
Fabaceae,Ormosia minor,Vogel,Brazil
Fabaceae,Ormosia nitida,Vogel,Brazil
Fabaceae,Ormosia nobilis,Tul.,Brazil
Fabaceae,Ormosia paraensis,Ducke,Brazil
Fabaceae,Ormosia ruddiana,Yakovlev,Brazil
Fabaceae,Ormosia smithii,Rudd,Brazil
Fabaceae,Ormosia solimoesensis,Rudd,Brazil
Fabaceae,Ormosia stipularis,Ducke,Brazil
Fabaceae,Ormosia subsimplex,Spruce ex Benth.,Brazil
Fabaceae,Ormosia timboensis,"D.B.O.S.Cardoso, Meireles & H.C.Lima",Brazil
Fabaceae,Ormosia trifoliolata,Huber,Brazil
Fabaceae,Ormosia vicosana,Rudd,Brazil
Fabaceae,Ormosia williamsii,Rudd,Brazil
Fabaceae,Paloue brasiliensis,Ducke,Brazil
Fabaceae,Paloue emarginata,(R.S.Cowan) Redden,Brazil
Fabaceae,Paloue guianensis,Aubl.,Brazil
Fabaceae,Paloue induta,Sandwith,Brazil
Fabaceae,Paloue riparia,Pulle,Brazil
Fabaceae,Panurea bowdichioides,C. H. Stirt. ex Povydysh & M. Gonczarov,Brazil
Fabaceae,Panurea longifolia,Benth.,Brazil
Fabaceae,Paramachaerium krukovii,Rudd,Brazil
Fabaceae,Paramachaerium ormosioides,(Ducke) Ducke,Brazil
Fabaceae,Paramachaerium schomburgkii,(Benth.) Ducke,Brazil
Fabaceae,Parapiptadenia blanchetii,(Benth.) Vaz & M.P.Lima,Brazil
Fabaceae,Parapiptadenia excelsa,(Griseb.) Burkart,Brazil
Fabaceae,Parapiptadenia ilheusana,G.P.Lewis,Brazil
Fabaceae,Parapiptadenia pterosperma,(Benth.) Brenan,Brazil
Fabaceae,Parapiptadenia rigida,(Benth.) Brenan,Brazil
Fabaceae,Parapiptadenia zehntneri,(Harms) M.P.Lima & H.C.Lima,Brazil
Fabaceae,Parasenegalia incerta,(Hoehne) Seigler & Ebinger,Brazil
Fabaceae,Parasenegalia santosii,(G.P.Lewis) Seigler & Ebinger,Brazil
Fabaceae,Parkia bahiae,H.C.Hopkins,Brazil
Fabaceae,Parkia barnebyana,H.C.Hopkins,Brazil
Fabaceae,Parkia cachimboensis,H.C.Hopkins,Brazil
Fabaceae,Parkia decussata,Ducke,Brazil
Fabaceae,Parkia discolor,Spruce ex Benth.,Brazil
Fabaceae,Parkia gigantocarpa,Ducke,Brazil
Fabaceae,Parkia igneiflora,Ducke,Brazil
Fabaceae,Parkia lutea,H.C.Hopkins,Brazil
Fabaceae,Parkia multijuga,Benth.,Brazil
Fabaceae,Parkia nitida,Miq.,Brazil
Fabaceae,Parkia panurensis,Benth. ex H.C.Hopkins,Brazil
Fabaceae,Parkia paraensis,Ducke,Brazil
Fabaceae,Parkia pendula,(Willd.) Benth. ex Walp.,Brazil
Fabaceae,Parkia platycephala,Benth.,Brazil
Fabaceae,Parkia reticulata,Ducke,Brazil
Fabaceae,Parkia ulei,(Harms) Kuhlm.,Brazil
Fabaceae,Parkia velutina,Benoist,Brazil
Fabaceae,Parkinsonia praecox,(Ruiz & Pav.) Hawkins,Brazil
Fabaceae,Paubrasilia echinata,"(Lam.) Gagnon, H.C.Lima & G.P.Lewis",Brazil
Fabaceae,Peltogyne altissima,Ducke,Brazil
Fabaceae,Peltogyne angustiflora,Ducke,Brazil
Fabaceae,Peltogyne campestris,Ducke,Brazil
Fabaceae,Peltogyne catingae,Ducke,Brazil
Fabaceae,Peltogyne chrysopis,Barneby,Brazil
Fabaceae,Peltogyne discolor,Vogel,Brazil
Fabaceae,Peltogyne excelsa,Ducke,Brazil
Fabaceae,Peltogyne floribunda,(Kunth) Pittier,Brazil
Fabaceae,Peltogyne gracilipes,Ducke,Brazil
Fabaceae,Peltogyne heterophylla,M.F.Silva,Brazil
Fabaceae,Peltogyne lecointei,Ducke,Brazil
Fabaceae,Peltogyne maranhensis,Ducke,Brazil
Fabaceae,Peltogyne mattosiana,Rizzini,Brazil
Fabaceae,Peltogyne micrantha,Ducke,Brazil
Fabaceae,Peltogyne paniculata,Benth.,Brazil
Fabaceae,Peltogyne paradoxa,Ducke,Brazil
Fabaceae,Peltogyne parvifolia,Spruce ex Benth.,Brazil
Fabaceae,Peltogyne pauciflora,Benth.,Brazil
Fabaceae,Peltogyne recifensis,Ducke,Brazil
Fabaceae,Peltogyne subsessilis,W.A.Rodrigues,Brazil
Fabaceae,Peltogyne venosa,(Vahl) Benth.,Brazil
Fabaceae,Peltophorum dubium,(Spreng.) Taub.,Brazil
Fabaceae,Pentaclethra macroloba,(Willd.) Kuntze,Brazil
Fabaceae,Periandra heterophylla,Benth.,Brazil
Fabaceae,Petaladenium urceoliferum,Ducke,Brazil
Fabaceae,Piliostigma malabaricum,(Roxb.) Benth.,Brazil
Fabaceae,Piptadenia adiantoides,(Spreng.) J.F.Macbr.,Brazil
Fabaceae,Piptadenia anolidurus,Barneby,Brazil
Fabaceae,Piptadenia gonoacantha,(Mart.) J.F.Macbr.,Brazil
Fabaceae,Piptadenia loefgreniana,Hoehne,Brazil
Fabaceae,Piptadenia macradenia,Benth.,Brazil
Fabaceae,Piptadenia paniculata,Benth.,Brazil
Fabaceae,Piptadenia pteroclada,Benth.,Brazil
Fabaceae,Pithecellobium diversifolium,Benth.,Brazil
Fabaceae,Pithecellobium roseum,(Vahl) Barneby & J.W.Grimes,Brazil
Fabaceae,Pithecellobium unguis-cati,(L.) Mart.,Brazil
Fabaceae,Pityrocarpa moniliformis,(Benth.) Luckow & R. W. Jobson,Brazil
Fabaceae,Pityrocarpa obliqua,(Pers.) Brenan,Brazil
Fabaceae,Plathymenia reticulata,Benth.,Brazil
Fabaceae,Platycyamus regnellii,Benth.,Brazil
Fabaceae,Platycyamus ulei,Harms,Brazil
Fabaceae,Platymiscium filipes,Benth.,Brazil
Fabaceae,Platymiscium floribundum,Vogel,Brazil
Fabaceae,Platymiscium pinnatum,(Jacq.) Dugand,Brazil
Fabaceae,Platymiscium pubescens,Micheli,Brazil
Fabaceae,Platymiscium speciosum,Vogel        ,Brazil
Fabaceae,Platymiscium stipulare,Benth.,Brazil
Fabaceae,Platymiscium trinitatis,Benth.,Brazil
Fabaceae,Platypodium elegans,Vogel,Brazil
Fabaceae,Poecilanthe falcata,(Vell.) Heringer,Brazil
Fabaceae,Poecilanthe fluminensis,Meireles & H.C.Lima,Brazil
Fabaceae,Poecilanthe grandiflora,Benth.,Brazil
Fabaceae,Poecilanthe hostmannii,(Benth.) Amshoff,Brazil
Fabaceae,Poecilanthe itapuana,G.P. Lewis,Brazil
Fabaceae,Poecilanthe parviflora,Benth.,Brazil
Fabaceae,Poecilanthe subcordata,Benth.,Brazil
Fabaceae,Poecilanthe ulei,(Harms) Arroyo & Rudd,Brazil
Fabaceae,Poeppigia procera,(Poepp. ex Spreng.) C.Presl,Brazil
Fabaceae,Pseudalbizzia burkartiana,(Barneby & J.W.Grimes) E.J.M.Koenen & Duno,Brazil
Fabaceae,Pseudalbizzia decandra,(Ducke) E.J.M.Koenen & Duno,Brazil
Fabaceae,Pseudalbizzia edwallii,(Hoehne) E.J.M.Koenen & Duno,Brazil
Fabaceae,Pseudalbizzia glabripetala,(H.S.Irwin) E.J.M.Koenen & Duno,Brazil
Fabaceae,Pseudalbizzia inundata,(Mart.) E.J.M.Koenen & Duno,Brazil
Fabaceae,Pseudalbizzia niopoides,(Spruce ex Benth.) E.J.M.Koenen & Duno,Brazil
Fabaceae,Pseudalbizzia polycephala,(Benth.) E.J.M.Koenen & Duno,Brazil
Fabaceae,Pseudalbizzia subdimidiata,(Splitg.) E.J.M.Koenen & Duno,Brazil
Fabaceae,Pseudopiptadenia bahiana,G.P.Lewis & M.P.Lima,Brazil
Fabaceae,Pseudopiptadenia brenanii,G.P.Lewis & M.P.Lima,Brazil
Fabaceae,Pseudopiptadenia contorta,(DC.) G.P.Lewis & M.P.Lima,Brazil
Fabaceae,Pseudopiptadenia inaequalis,(Benth.) Rauschert,Brazil
Fabaceae,Pseudopiptadenia leptostachya,(Benth.) Rauschert,Brazil
Fabaceae,Pseudopiptadenia psilostachya,(DC.) G.P.Lewis & M.P.Lima,Brazil
Fabaceae,Pseudopiptadenia schumanniana,(Taub.) G.P.Lewis & M.P.Lima,Brazil
Fabaceae,Pseudopiptadenia suaveolens,(Miq.) J.W.Grimes,Brazil
Fabaceae,Pseudopiptadenia warmingii,(Benth.) G.P.Lewis & M.P.Lima,Brazil
Fabaceae,Pterocarpus amazonum,(Mart. ex Benth.) Amshoff,Brazil
Fabaceae,Pterocarpus dubius,(Kunth) Spreng.,Brazil
Fabaceae,Pterocarpus monophyllus,"Klitg., L.P.Queiroz & G.P.Lewis",Brazil
Fabaceae,Pterocarpus officinalis,Jacq.,Brazil
Fabaceae,Pterocarpus rohrii,Vahl,Brazil
Fabaceae,Pterocarpus santalinoides,L'Hér. ex DC.,Brazil
Fabaceae,Pterocarpus steinbachianus,Harms,Brazil
Fabaceae,Pterocarpus ternatus,Rizzini,Brazil
Fabaceae,Pterocarpus villosus,(Benth.) Benth.,Brazil
Fabaceae,Pterocarpus zehntneri,Harms,Brazil
Fabaceae,Pterodon abruptus,(Moric.) Benth.,Brazil
Fabaceae,Pterodon apparicioi,Pedersoli,Brazil
Fabaceae,Pterodon emarginatus,Vogel,Brazil
Fabaceae,Pterogyne nitens,Tul.,Brazil
Fabaceae,Punjuba racemiflora,(Donn.Sm.) Britton & Rose,Brazil
Fabaceae,Recordoxylon speciosum,(Benoist) Gazel ex Barneby,Brazil
Fabaceae,Recordoxylon stenopetalum,Ducke,Brazil
Fabaceae,Samanea inopinata,(Harms) Barneby & J.W.Grimes,Brazil
Fabaceae,Samanea tubulosa,(Benth.) Barneby & J.W.Grimes,Brazil
Fabaceae,Schizolobium parahyba,(Vell.) S.F.Blake,Brazil
Fabaceae,Senegalia bahiensis,(Benth.) Bocage & L.P.Queiroz,Brazil
Fabaceae,Senegalia bonariensis,(Gillies ex Hook. & Arn.) Seigler & Ebinger,Brazil
Fabaceae,Senegalia cearensis,Terra & Garcia,Brazil
Fabaceae,Senegalia giganticarpa,(G.P.Lewis) Seigler & Ebinger,Brazil
Fabaceae,Senegalia harleyi,"Seigler, Ebinger & P.G.Ribeiro",Brazil
Fabaceae,Senegalia hatschbachii,"Seigler, Ebinger & P.G.Ribeiro",Brazil
Fabaceae,Senegalia irwinii,"Seigler , Ebinger & P.G.Ribeiro",Brazil
Fabaceae,Senegalia kallunkiae,(J.W.Grimes & Barneby) Bocage & L.P.Queiroz,Brazil
Fabaceae,Senegalia klugii,(Standl. ex J.F.Macbr.) Seigler & Ebinger,Brazil
Fabaceae,Senegalia langsdorffii,(Benth.) Bocage & L.P.Queiroz,Brazil
Fabaceae,Senegalia lasiophylla,(Benth.) Seigler & Ebinger,Brazil
Fabaceae,Senegalia latifoliola,(Kuntze) Seigler & Ebinger,Brazil
Fabaceae,Senegalia loretensis,(J.F.Macbr.) Seigler & Ebinger,Brazil
Fabaceae,Senegalia lowei,(L.Rico) Seigler & Ebinger,Brazil
Fabaceae,Senegalia martii,(Benth.) Seigler & Ebinger,Brazil
Fabaceae,Senegalia paganuccii,"Seigler, Ebinger & P.G.Ribeiro",Brazil
Fabaceae,Senegalia paraensis,(Ducke) Seigler & Ebinger,Brazil
Fabaceae,Senegalia piauhiensis,(Benth.) Seigler & Ebinger,Brazil
Fabaceae,Senegalia polyphylla,(DC.) Britton & Rose,Brazil
Fabaceae,Senegalia pteridifolia,(Benth.) Seigler & Ebinger,Brazil
Fabaceae,Senegalia rhytidocarpa,(L.Rico) Seigler & Ebinger,Brazil
Fabaceae,Senegalia ricoae,(Bocage & Miotto) L.P.Queiroz,Brazil
Fabaceae,Senegalia riparia,(Kunth) Britton & Rose,Brazil
Fabaceae,Senegalia rostrata,(Humb. & Bonpl. ex Willd.) Seigler & Ebinger,Brazil
Fabaceae,Senegalia tenuifolia,(L.) Britton & Rose,Brazil
Fabaceae,Senna acuruensis,(Benth.) H.S.Irwin & Barneby,Brazil
Fabaceae,Senna affinis,(Benth.) H.S.Irwin & Barneby,Brazil
Fabaceae,Senna alata,(L.) Roxb.,Brazil
Fabaceae,Senna aristeguietae,H.S.Irwin & Barneby,Brazil
Fabaceae,Senna aversiflora,(Herbert) H.S.Irwin & Barneby,Brazil
Fabaceae,Senna bacillaris,(L.f.) H.S.Irwin & Barneby,Brazil
Fabaceae,Senna cana,(Nees & Mart.) H.S.Irwin & Barn,Brazil
Fabaceae,Senna cearensis,Afr.Fern.,Brazil
Fabaceae,Senna corymbosa,(Lam.) H.S.Irwin & Barneby,Brazil
Fabaceae,Senna formosa,H.S.Irwin & Barneby,Brazil
Fabaceae,Senna gardneri,(Benth.) H.S.Irwin & Barneby,Brazil
Fabaceae,Senna georgica,H.S.Irwin & Barneby,Brazil
Fabaceae,Senna latifolia,(G.Mey.) H.S.Irwin & Barneby,Brazil
Fabaceae,Senna loretensis,(Killip) H.S.Irwin & Barneby,Brazil
Fabaceae,Senna macranthera,(DC. ex Collad.) H.S.Irwin & Barneby,Brazil
Fabaceae,Senna mucronifera,(Benth.) H.S.Irwin & Barneby,Brazil
Fabaceae,Senna multijuga,(Rich.) H.S.Irwin & Barneby,Brazil
Fabaceae,Senna reniformis,(G.Don) H.S.Irwin & Barneby,Brazil
Fabaceae,Senna reticulata,(Willd.) H.S.Irwin & Barneby,Brazil
Fabaceae,Senna rugosa,(G.Don) H.S.Irwin & Barneby,Brazil
Fabaceae,Senna silvestris,(Vell.) H.S.Irwin & Barneby,Brazil
Fabaceae,Senna spectabilis,(DC.) H.S.Irwin & Barneby,Brazil
Fabaceae,Senna spinescens,(Vogel) H.S.Irwin & Barneby,Brazil
Fabaceae,Senna tapajozensis,(Ducke) H.S.Irwin & Barneby,Brazil
Fabaceae,Senna trachypus,(Benth.) H.S.Irwin & Barneby,Brazil
Fabaceae,Senna undulata,(Benth.) H.S.Irwin & Barneby,Brazil
Fabaceae,Sesbania punicea,(Cav.) Benth.,Brazil
Fabaceae,Sesbania virgata,(Cav.) Pers.,Brazil
Fabaceae,Sophora tomentosa,L.,Brazil
Fabaceae,Staminodianthus duckei,(Yakovlev) D.B.O.S.Cardoso & H.C.Lima,Brazil
Fabaceae,Staminodianthus racemosus,(Hoehne) D.B.O.S.Cardoso & H.C.Lima,Brazil
Fabaceae,Staminodianthus rosae,(H.C.Lima) D.B.O.S.Cardoso & H.C.Lima,Brazil
Fabaceae,Stryphnodendron adstringens,(Mart.) Coville,Brazil
Fabaceae,Stryphnodendron foreroi,Martins,Brazil
Fabaceae,Stryphnodendron guianense,(Aubl.) Benth.,Brazil
Fabaceae,Stryphnodendron microstachyum,Poepp.,Brazil
Fabaceae,Stryphnodendron polyphyllum,Mart.,Brazil
Fabaceae,Stryphnodendron pulcherrimum,(Willd.) Hochr.,Brazil
Fabaceae,Stryphnodendron roseiflorum,(Ducke) Ducke,Brazil
Fabaceae,Stryphnodendron rotundifolium,Mart.,Brazil
Fabaceae,Swartzia acreana,R.S.Cowan,Brazil
Fabaceae,Swartzia acutifolia,Vogel,Brazil
Fabaceae,Swartzia alagoensis,"R.B.Pinto , Torke & Mansano",Brazil
Fabaceae,Swartzia alatosericea,Barneby,Brazil
Fabaceae,Swartzia alternifoliolata,Mansano,Brazil
Fabaceae,Swartzia amazonica,S.Moore,Brazil
Fabaceae,Swartzia anomala,Cowan        ,Brazil
Fabaceae,Swartzia apetala,Raddi,Brazil
Fabaceae,Swartzia apiculata,Cowan,Brazil
Fabaceae,Swartzia aptera,DC.,Brazil
Fabaceae,Swartzia arborescens,(Aubl.) Pittier,Brazil
Fabaceae,Swartzia arenophila,"R.B.Pinto , Torke & Mansano",Brazil
Fabaceae,Swartzia argentea,Spruce ex Benth.,Brazil
Fabaceae,Swartzia arumateuana,(R.S.Cowan) Torke & Mansano,Brazil
Fabaceae,Swartzia auriculata,Poepp.,Brazil
Fabaceae,Swartzia bahiensis,Cowan        ,Brazil
Fabaceae,Swartzia benthamiana,Miq.,Brazil
Fabaceae,Swartzia brachyrachis,Harms,Brazil
Fabaceae,Swartzia calva,Cowan,Brazil
Fabaceae,Swartzia canescens,Torke,Brazil
Fabaceae,Swartzia capixabensis,Mansano,Brazil
Fabaceae,Swartzia cardiosperma,Spruce ex Benth.,Brazil
Fabaceae,Swartzia caudata,R.S.Cowan,Brazil
Fabaceae,Swartzia conferta,Spruce ex Benth.,Brazil
Fabaceae,Swartzia coriaceifolia,Torke,Brazil
Fabaceae,Swartzia corrugata,Benth.,Brazil
Fabaceae,Swartzia costata,(Rusby) Cowan       ,Brazil
Fabaceae,Swartzia curranii,R.S.Cowan,Brazil
Fabaceae,Swartzia cuspidata,Spruce ex Benth.,Brazil
Fabaceae,Swartzia dipetala,Willd. ex Vogel,Brazil
Fabaceae,Swartzia discocarpa,Ducke,Brazil
Fabaceae,Swartzia dolichopoda,Cowan,Brazil
Fabaceae,Swartzia duckei,Huber,Brazil
Fabaceae,Swartzia emarginata,(Ducke) Torke,Brazil
Fabaceae,Swartzia euxylophora,Rizzini & A.Mattos,Brazil
Fabaceae,Swartzia fimbriata,Ducke,Brazil
Fabaceae,Swartzia flaemingii,Raddi,Brazil
Fabaceae,Swartzia fraterna,R.S.Cowan,Brazil
Fabaceae,Swartzia froesii,R.S.Cowan,Brazil
Fabaceae,Swartzia gigantea,Cowan        ,Brazil
Fabaceae,Swartzia glabrata,(R.S.Cowan) Torke,Brazil
Fabaceae,Swartzia glazioviana,(Taub.) Glaz.,Brazil
Fabaceae,Swartzia gracilis,Pipoly & A. Rudas Lleras,Brazil
Fabaceae,Swartzia grandifolia,Bong. ex Benth.,Brazil
Fabaceae,Swartzia hilairiana,Mansano & Torke,Brazil
Fabaceae,Swartzia ingens,Barneby,Brazil
Fabaceae,Swartzia ingifolia,Ducke,Brazil
Fabaceae,Swartzia jorori,Harms,Brazil
Fabaceae,Swartzia juruana,Torke,Brazil
Fabaceae,Swartzia klugii,(R.S. Cowan) Torke,Brazil
Fabaceae,Swartzia krukovii,Cowan,Brazil
Fabaceae,Swartzia laevicarpa,Amshoff,Brazil
Fabaceae,Swartzia lamellata,Ducke,Brazil
Fabaceae,Swartzia lanata,Torke & Mansano,Brazil
Fabaceae,Swartzia langsdorffii,Raddi,Brazil
Fabaceae,Swartzia latifolia,Benth.,Brazil
Fabaceae,Swartzia laurifolia,Benth.,Brazil
Fabaceae,Swartzia laxiflora,Bong. ex Benth.,Brazil
Fabaceae,Swartzia leptopetala,Benth.,Brazil
Fabaceae,Swartzia linharensis,Mansano,Brazil
Fabaceae,Swartzia longistipitata,Ducke,Brazil
Fabaceae,Swartzia lucida,Cowan        ,Brazil
Fabaceae,Swartzia macrocarpa,Spruce ex Benth.,Brazil
Fabaceae,Swartzia macrostachya,Benth.,Brazil
Fabaceae,Swartzia manausensis,Torke,Brazil
Fabaceae,Swartzia mangabalensis,Cowan        ,Brazil
Fabaceae,Swartzia martii,Benth.,Brazil
Fabaceae,Swartzia micrantha,Cowan,Brazil
Fabaceae,Swartzia microcarpa,Spruce ex Benth.,Brazil
Fabaceae,Swartzia multijuga,Vogel,Brazil
Fabaceae,Swartzia myrtifolia,Sm.,Brazil
Fabaceae,Swartzia oblanceolata,Sandwith,Brazil
Fabaceae,Swartzia oblata,Cowan,Brazil
Fabaceae,Swartzia obscura,Huber,Brazil
Fabaceae,Swartzia oedipus,Barneby,Brazil
Fabaceae,Swartzia oraria,R.S.Cowan,Brazil
Fabaceae,Swartzia oriximinaensis,Cowan,Brazil
Fabaceae,Swartzia pachyphylla,Harms,Brazil
Fabaceae,Swartzia panacoco,(Aubl.) R.S.Cowan,Brazil
Fabaceae,Swartzia parvipetala,(R.S. Cowan) Mansano,Brazil
Fabaceae,Swartzia pendula,Benth.,Brazil
Fabaceae,Swartzia pernitida,R.S.Cowan,Brazil
Fabaceae,Swartzia pickelii,Ducke,Brazil
Fabaceae,Swartzia picta,Spruce ex Benth.,Brazil
Fabaceae,Swartzia pilulifera,Benth.,Brazil
Fabaceae,Swartzia pinheiroana,R.S.Cowan,Brazil
Fabaceae,Swartzia polita,(R.S. Cowan) Torke,Brazil
Fabaceae,Swartzia polyphylla,DC.,Brazil
Fabaceae,Swartzia prancei,Torke & Mansano,Brazil
Fabaceae,Swartzia prolata,R.S.Cowan,Brazil
Fabaceae,Swartzia psilonema,Harms,Brazil
Fabaceae,Swartzia racemosa,Benth.,Brazil
Fabaceae,Swartzia recurva,Poepp.,Brazil
Fabaceae,Swartzia reticulata,Ducke,Brazil
Fabaceae,Swartzia revoluta,"R.B.Pinto , Torke & Mansano",Brazil
Fabaceae,Swartzia riedelii,Cowan        ,Brazil
Fabaceae,Swartzia rondoniensis,Torke & Mansano,Brazil
Fabaceae,Swartzia rosea,Mart. ex Benth.,Brazil
Fabaceae,Swartzia rugosa,Torke & Mansano,Brazil
Fabaceae,Swartzia schomburgkii,Benth.,Brazil
Fabaceae,Swartzia sericea,Vogel,Brazil
Fabaceae,Swartzia simplex,(Sw.) Spreng.,Brazil
Fabaceae,Swartzia submarginata,(Benth.) Mansano,Brazil
Fabaceae,Swartzia submontana,"R.B.Pinto , Torke & Mansano",Brazil
Fabaceae,Swartzia tessmannii,Harms,Brazil
Fabaceae,Swartzia thomasii,"R.B.Pinto , Torke & Mansano",Brazil
Fabaceae,Swartzia tomentifera,(Ducke) Ducke,Brazil
Fabaceae,Swartzia ulei,Harms,Brazil
Fabaceae,Swartzia vaupesiana,R.S.Cowan,Brazil
Fabaceae,Swartzia velutina,Spruce ex Benth.,Brazil
Fabaceae,Swartzia xanthopetala,Sandwith        ,Brazil
Fabaceae,Sweetia fruticosa,Spreng.,Brazil
Fabaceae,Tabaroa caatingicola,"L.P.Queiroz, G.P.Lewis & M.F.Wojc.     ",Brazil
Fabaceae,Tachigali acrensis,van der Werff,Brazil
Fabaceae,Tachigali alba,Ducke,Brazil
Fabaceae,Tachigali amplifolia,(Ducke) Barneby,Brazil
Fabaceae,Tachigali argyrophylla,Ducke,Brazil
Fabaceae,Tachigali aurea,Tul.,Brazil
Fabaceae,Tachigali barnebyi,van der Werff,Brazil
Fabaceae,Tachigali beaurepairei,(Harms) L.F.Gomes da Silva & H.C.Lima,Brazil
Fabaceae,Tachigali bracteosa,(Harms) Zarucchi & Pipoly,Brazil
Fabaceae,Tachigali candelabrum,van der Werff,Brazil
Fabaceae,Tachigali catingae,Ducke,Brazil
Fabaceae,Tachigali cavipes,(Spruce ex Benth.) J.F.Macbr.,Brazil
Fabaceae,Tachigali chrysaloides,van der Werff,Brazil
Fabaceae,Tachigali chrysophylla,(Poepp.) Zarucchi & Herend.,Brazil
Fabaceae,Tachigali densiflora,(Benth.) L.F. Gomes da Silva & H.C.Lima,Brazil
Fabaceae,Tachigali denudata,(Vogel) Oliveira-Filho,Brazil
Fabaceae,Tachigali duckei,(Dwyer) Oliveira-Filho,Brazil
Fabaceae,Tachigali eriopetala,(Ducke) L.F.Gomes da Silva & H.C.Lima,Brazil
Fabaceae,Tachigali formicarum,Harms,Brazil
Fabaceae,Tachigali friburgensis,(Harms) L.F. Gomes da Silva & H.C.Lima,Brazil
Fabaceae,Tachigali fusca,van der Werff,Brazil
Fabaceae,Tachigali glauca,Tul.,Brazil
Fabaceae,Tachigali goeldiana,(Huber) L.F.Gomes da Silva & H.C.Lima,Brazil
Fabaceae,Tachigali grandistipulata,Harms,Brazil
Fabaceae,Tachigali guianensis,(Benth.) Zarucchi & Herend.,Brazil
Fabaceae,Tachigali hypoleuca,(Benth.) Zarucchi & Herend.,Brazil
Fabaceae,Tachigali leiocalyx,(Ducke) L.F.Gomes da Silva & H.C.Lima,Brazil
Fabaceae,Tachigali longiflora,Ducke,Brazil
Fabaceae,Tachigali macbridei,Zarucchi & Herend.,Brazil
Fabaceae,Tachigali macropetala,(Ducke) L.F.Gomes da Silva & H.C.Lima,Brazil
Fabaceae,Tachigali macrostachya,Huber,Brazil
Fabaceae,Tachigali melanocarpa,(Ducke) van der Werff,Brazil
Fabaceae,Tachigali melinonii,(Harms) Zarucchi & Herend.,Brazil
Fabaceae,Tachigali micropetala,(Ducke) Zarucchi & Pipoly,Brazil
Fabaceae,Tachigali multijuga,Benth.,Brazil
Fabaceae,Tachigali odoratissima,(Spruce ex Benth.) Zarucchi & Herend.,Brazil
Fabaceae,Tachigali paniculata,Aubl.,Brazil
Fabaceae,Tachigali paraensis,(Huber) Barneby,Brazil
Fabaceae,Tachigali paratyensis,(Vell.) H.C.Lima,Brazil
Fabaceae,Tachigali peruviana,(Dwyer) Zarucchi & Herend.,Brazil
Fabaceae,Tachigali physophora,(Huber) Zarucchi & Herend.,Brazil
Fabaceae,Tachigali pilgeriana,(Harms) Oliveira-Filho,Brazil
Fabaceae,Tachigali plumbea,Ducke,Brazil
Fabaceae,Tachigali poeppigiana,Tul.,Brazil
Fabaceae,Tachigali prancei,(H.S.Irwin & Arroyo) L.F.Gomes da Silva & H.C.Lima,Brazil
Fabaceae,Tachigali ptychophysca,Spruce ex Benth.,Brazil
Fabaceae,Tachigali richardiana,Tul.,Brazil
Fabaceae,Tachigali rigida,Ducke,Brazil
Fabaceae,Tachigali rubiginosa,(Mart. ex Tul.) Oliveira-Filho,Brazil
Fabaceae,Tachigali rugosa,(Mart. ex Benth.) Zarucchi & Pipoly,Brazil
Fabaceae,Tachigali schultesiana,Dwyer,Brazil
Fabaceae,Tachigali setifera,(Ducke) Zarucchi & Herend.,Brazil
Fabaceae,Tachigali subvelutina,(Benth.) Oliveira-Filho,Brazil
Fabaceae,Tachigali tinctoria,(Benth.) Zarucchi & Herend.,Brazil
Fabaceae,Tachigali urbaniana,(Harms) L.F.Gomes da Silva & H.C.Lima,Brazil
Fabaceae,Tachigali vaupesiana,van der Werff,Brazil
Fabaceae,Tachigali venusta,Dwyer,Brazil
Fabaceae,Tachigali vulgaris,L.F.Gomes da Silva & H.C.Lima,Brazil
Fabaceae,Taralea cordata,Ducke,Brazil
Fabaceae,Taralea crassifolia,(Benth.) Ducke,Brazil
Fabaceae,Taralea oppositifolia,Aubl.,Brazil
Fabaceae,Trischidium alternum,(Benth.) H.E.Ireland,Brazil
Fabaceae,Trischidium decipiens,(A.Lyons) H.E.Ireland,Brazil
Fabaceae,Trischidium limae,(R.S.Cowan) H.E.Ireland,Brazil
Fabaceae,Trischidium molle,(Benth.) H.E.Ireland,Brazil
Fabaceae,Trischidium racemulosum,(Huber) H.E.Ireland,Brazil
Fabaceae,Uleanthus erythrinoides,Harms,Brazil
Fabaceae,Vachellia caven,(Molina) Seigler & Ebinger,Brazil
Fabaceae,Vachellia farnesiana,(L.) Wight & Arn.,Brazil
Fabaceae,Vatairea erythrocarpa,(Ducke) Ducke,Brazil
Fabaceae,Vatairea fusca,(Ducke) Ducke,Brazil
Fabaceae,Vatairea guianensis,Aubl.,Brazil
Fabaceae,Vatairea heteroptera,(Allemao) F.A.Iglesias,Brazil
Fabaceae,Vatairea macrocarpa,(Benth.) Ducke,Brazil
Fabaceae,Vatairea paraensis,Ducke,Brazil
Fabaceae,Vatairea sericea,Ducke,Brazil
Fabaceae,Vataireopsis araroba,(Aguiar) Ducke,Brazil
Fabaceae,Vataireopsis iglesiasii,Ducke,Brazil
Fabaceae,Vataireopsis speciosa,Ducke,Brazil
Fabaceae,Vouacapoua americana,Aubl.,Brazil
Fabaceae,Vouacapoua pallidior,Ducke,Brazil
Fabaceae,Zollernia cowanii,Mansano,Brazil
Fabaceae,Zollernia glabra,(Spreng.) Yakovlev,Brazil
Fabaceae,Zollernia glaziovii,Yakovlev,Brazil
Fabaceae,Zollernia grandifolia,Schery,Brazil
Fabaceae,Zollernia ilicifolia,(Brongn.) Vogel,Brazil
Fabaceae,Zollernia kanukuensis,Cowan,Brazil
Fabaceae,Zollernia magnifica,A.M.Carvalho & Barneby,Brazil
Fabaceae,Zollernia modesta,A.M.Carvalho & Barneby,Brazil
Fabaceae,Zollernia paraensis,Huber,Brazil
Fabaceae,Zygia ampla,(Spruce ex Benth.) Pittier,Brazil
Fabaceae,Zygia basijuga,(Ducke) Barneby & J.W.Grimes,Brazil
Fabaceae,Zygia cataractae,(Kunth) L.Rico,Brazil
Fabaceae,Zygia claviflora,(Spruce ex Benth.) Barneby & J.W.Grimes,Brazil
Fabaceae,Zygia dinizii,"(Ducke) D.A.Neill, G.P.Lewis & Klitg.",Brazil
Fabaceae,Zygia inaequalis,(Humb. & Bonpl. ex Willd.) Pittier,Brazil
Fabaceae,Zygia inundata,(Ducke) H.C.Lima ex Barneby & J.W.Grimes,Brazil
Fabaceae,Zygia juruana,(Harms) L.Rico,Brazil
Fabaceae,Zygia latifolia,(L.) Fawc. & Rendle,Brazil
Fabaceae,Zygia longifolia,(Humb. & Bonpl. ex Willd.) Britton & Rose,Brazil
Fabaceae,Zygia macbridii,(C.Barbosa) L.Rico,Brazil
Fabaceae,Zygia morongii,Barneby & J.W.Grimes,Brazil
Fabaceae,Zygia odoratissima,(Ducke) L.Rico,Brazil
Fabaceae,Zygia pithecolobioides,(Kuntze) Barneby & J.W.Grimes,Brazil
Fabaceae,Zygia racemosa,(Ducke) Barneby & J.W.Grimes,Brazil
Fabaceae,Zygia sabatieri,Barneby & J.W.Grimes,Brazil
Fabaceae,Zygia selloi,(Benth.) L.Rico,Brazil
Fabaceae,Zygia transamazonica,Barneby & J.W.Grimes,Brazil
Fabaceae,Zygia trunciflora,(Ducke) L.Rico,Brazil
Fabaceae,Zygia unifoliolata,(Benth.) Pittier,Brazil
Gentianaceae,Aripuana cullmaniorum,"Struwe, Maas & V.A.Albert",Brazil
Gentianaceae,Macrocarpaea atlantica,J.R.Grant & Trunz,Brazil
Gentianaceae,Macrocarpaea dolichophylla,J.R.Grant & Trunz,Brazil
Gentianaceae,Macrocarpaea glaziovii,Gilg,Brazil
Gentianaceae,Potalia amara,Aubl.,Brazil
Gentianaceae,Potalia coronata,Struwe & V.A. Albert,Brazil
Gentianaceae,Potalia elegans,Struwe & V.A.Albert,Brazil
Gentianaceae,Potalia maguireorum,Struwe & V.A.Albert,Brazil
Gentianaceae,Potalia resinifera,Mart.,Brazil
Gentianaceae,Prepusa montana,Mart.,Brazil
Gentianaceae,Senaea coerulea,Taub.,Brazil
Gentianaceae,Senaea janeirensis,Brade,Brazil
Gentianaceae,Tachia grandiflora,Maguire & Weaver,Brazil
Gentianaceae,Tachia grandifolia,Maguire & Weaver,Brazil
Gentianaceae,Tachia occidentalis,Maguire & Weaver,Brazil
Gentianaceae,Tachia siwertii,"Struwe, Kinkade & Maas",Brazil
Gentianaceae,Tachia smithii,Maguire & Weaver,Brazil
Gesneriaceae,Besleria laxiflora,Benth.,Brazil
Goupiaceae,Goupia glabra,Aubl.,Brazil
Heliotropiaceae,Tournefortia angustiflora,Ruiz & Pav.,Brazil
Heliotropiaceae,Tournefortia bicolor,Sw.,Brazil
Heliotropiaceae,Tournefortia cuspidata,Kunth,Brazil
Hernandiaceae,Sparattanthelium borororum,Mart.,Brazil
Humiriaceae,Duckesia verrucosa,(Ducke) Cuatrec.,Brazil
Humiriaceae,Endopleura uchi,(Huber) Cuatrec.,Brazil
Humiriaceae,Humiria balsamifera,Aubl.,Brazil
Humiriaceae,Humiria crassifolia,Mart.,Brazil
Humiriaceae,Humiria wurdackii,Cuatrec.,Brazil
Humiriaceae,Humiriastrum cuspidatum,(Benth.) Cuatrec.,Brazil
Humiriaceae,Humiriastrum dentatum,(Casar.) Cuatrec.,Brazil
Humiriaceae,Humiriastrum excelsum,(Ducke) Cuatrec.,Brazil
Humiriaceae,Humiriastrum glaziovii,(Urb.) Cuatrec.,Brazil
Humiriaceae,Humiriastrum mussunungense,Cuatrec.,Brazil
Humiriaceae,Humiriastrum piraparanense,Cuatrec.,Brazil
Humiriaceae,Humiriastrum purusensis,Prance,Brazil
Humiriaceae,Humiriastrum villosum,(Fróes) Cuatrec.,Brazil
Humiriaceae,Hylocarpa heterocarpa,(Ducke) Cuatrec.,Brazil
Humiriaceae,Sacoglottis amazonica,Mart.,Brazil
Humiriaceae,Sacoglottis ceratocarpa,Ducke,Brazil
Humiriaceae,Sacoglottis cydonioides,Cuatrec.,Brazil
Humiriaceae,Sacoglottis guianensis,Benth.,Brazil
Humiriaceae,Sacoglottis mattogrossensis,Malme,Brazil
Humiriaceae,Schistostemon dichotomum,(Urb.) Cuatrec.,Brazil
Humiriaceae,Schistostemon macrophyllus,(Benth.) Cuatrec.,Brazil
Humiriaceae,Schistostemon oblongifolius,(Benth.) Cuatrec.,Brazil
Humiriaceae,Schistostemon reticulatus,(Ducke) Cuatrec.,Brazil
Humiriaceae,Schistostemon retusus,(Ducke) Cuatrec.,Brazil
Humiriaceae,Vantanea bahiaensis,Cuatrec.,Brazil
Humiriaceae,Vantanea compacta,(Schnizl.) Cuatrec.,Brazil
Humiriaceae,Vantanea deniseae,W.A. Rodrigues,Brazil
Humiriaceae,Vantanea guianensis,Aubl.,Brazil
Humiriaceae,Vantanea macrocarpa,Ducke,Brazil
Humiriaceae,Vantanea micrantha,Ducke,Brazil
Humiriaceae,Vantanea morii,Cuatrec.,Brazil
Humiriaceae,Vantanea obovata,(Nees & Mart.) Benth.,Brazil
Humiriaceae,Vantanea ovicarpa,Sabatier,Brazil
Humiriaceae,Vantanea paraensis,Ducke,Brazil
Humiriaceae,Vantanea parviflora,Lam.,Brazil
Humiriaceae,Vantanea spiritu-sancti,(Cuatrec.) K.Wurdack & Zartman,Brazil
Humiriaceae,Vantanea tuberculata,Ducke,Brazil
Hypericaceae,Vismia atlantica,L.Marinho & M.V.Martins,Brazil
Hypericaceae,Vismia bemerguii,M.E.Berg,Brazil
Hypericaceae,Vismia brasiliensis,Choisy,Brazil
Hypericaceae,Vismia cauliflora,A.C.Sm.,Brazil
Hypericaceae,Vismia cavalcantei,Van den Berg,Brazil
Hypericaceae,Vismia cayennensis,(Jacq.) Pers.,Brazil
Hypericaceae,Vismia ferruginea,Kunth,Brazil
Hypericaceae,Vismia glabra,Ruiz & Pav.,Brazil
Hypericaceae,Vismia gracilis,Hieron.,Brazil
Hypericaceae,Vismia guianensis,(Aubl.) Pers.,Brazil
Hypericaceae,Vismia japurensis,Rchb.f.,Brazil
Hypericaceae,Vismia lateriflora,Ducke,Brazil
Hypericaceae,Vismia latifolia,(Aubl.) Choisy,Brazil
Hypericaceae,Vismia laxiflora,Rchb.f.,Brazil
Hypericaceae,Vismia macrophylla,Kunth,Brazil
Hypericaceae,Vismia magnoliifolia,Cham. & Schltdl.,Brazil
Hypericaceae,Vismia martiana,Rchb.f.,Brazil
Hypericaceae,Vismia micrantha,A.St.-Hil.,Brazil
Hypericaceae,Vismia minutiflora,Ewan,Brazil
Hypericaceae,Vismia obtusa,Spruce ex Reichardt,Brazil
Hypericaceae,Vismia parviflora,Cham. & Schltdl.,Brazil
Hypericaceae,Vismia pentagyna,(Spreng.) Ewan,Brazil
Hypericaceae,Vismia pozuzoensis,Engl.,Brazil
Hypericaceae,Vismia sandwithii,Ewan,Brazil
Hypericaceae,Vismia sessilifolia,(Aubl.) Choisy,Brazil
Hypericaceae,Vismia sprucei,Sprague,Brazil
Hypericaceae,Vismia tenuinervia,(M.E.Berg) N.Robson,Brazil
Icacinaceae,Leretia cordata,Vell.,Brazil
Ixonanthaceae,Cyrillopsis paraensis,Kuhlm.,Brazil
Ixonanthaceae,Ochthocosmus barrae,Hallier f.,Brazil
Ixonanthaceae,Ochthocosmus multiflorus,Ducke,Brazil
Ixonanthaceae,Ochthocosmus roraimae,Benth.,Brazil
Lacistemataceae,Lacistema aggregatum,(P.J.Bergius) Rusby,Brazil
Lacistemataceae,Lacistema grandifolium,Schnizl.,Brazil
Lacistemataceae,Lacistema hasslerianum,Chodat,Brazil
Lacistemataceae,Lacistema lucidum,Schnizl.,Brazil
Lacistemataceae,Lacistema nena,J.F.Macbr.,Brazil
Lacistemataceae,Lacistema polystachyum,Schnizl.,Brazil
Lacistemataceae,Lacistema pubescens,Mart.,Brazil
Lacistemataceae,Lacistema robustum,Schnizl.,Brazil
Lacistemataceae,Lacistema serrulatum,Mart.,Brazil
Lacistemataceae,Lozania klugii,(Mansf.) Mansf.,Brazil
Lamiaceae,Aegiphila australis,Moldenke,Brazil
Lamiaceae,Aegiphila brachiata,Vell.,Brazil
Lamiaceae,Aegiphila cordata,Poepp.,Brazil
Lamiaceae,Aegiphila cuneata,Moldenke,Brazil
Lamiaceae,Aegiphila duckei,Moldenke,Brazil
Lamiaceae,Aegiphila exiguiflora,Moldenke,Brazil
Lamiaceae,Aegiphila fluminensis,Vell.,Brazil
Lamiaceae,Aegiphila hoehnei,Moldenke,Brazil
Lamiaceae,Aegiphila hystricina,Aymard & Cuello,Brazil
Lamiaceae,Aegiphila integrifolia,(Jacq.) B.D.Jacks.,Brazil
Lamiaceae,Aegiphila luschnathii,Schauer,Brazil
Lamiaceae,Aegiphila mediterranea,Vell.,Brazil
Lamiaceae,Aegiphila membranacea,Turcz.,Brazil
Lamiaceae,Aegiphila mollis,Kunth,Brazil
Lamiaceae,Aegiphila obducta,Vell.,Brazil
Lamiaceae,Aegiphila panamensis,Moldenke,Brazil
Lamiaceae,Aegiphila pernambucensis,Moldenke,Brazil
Lamiaceae,Aegiphila triflora,Moldenke,Brazil
Lamiaceae,Aegiphila ulei,(Hayek) B.Walln.,Brazil
Lamiaceae,Aegiphila venezuelensis,Moldenke,Brazil
Lamiaceae,Aegiphila verticillata,Vell.,Brazil
Lamiaceae,Aegiphila vitelliniflora,Klotzsch,Brazil
Lamiaceae,Cantinoa duplicatodentata,(Pohl ex Benth.) Harley & J.F.B.Pastore,Brazil
Lamiaceae,Cornutia australis,Moldenke,Brazil
Lamiaceae,Cyanocephalus lippioides,(Pohl ex Benth.) Harley & J.F.B. Pastore,Brazil
Lamiaceae,Eriope carpotricha,Zavatin & Harley,Brazil
Lamiaceae,Eriope exaltata,Harley,Brazil
Lamiaceae,Eriope latifolia,(Mart. ex Benth.) Harley,Brazil
Lamiaceae,Eriope salviifolia,(Pohl ex Benth.) Harley,Brazil
Lamiaceae,Hyptidendron arboreum,(Benth.) Harley,Brazil
Lamiaceae,Hyptidendron asperrimum,(Spreng.) Harley,Brazil
Lamiaceae,Hyptidendron canum,(Pohl ex Benth.) Harley,Brazil
Lamiaceae,Hyptidendron conspersum,(Benth.) Harley,Brazil
Lamiaceae,Hyptidendron glutinosum,(Benth.) Harley,Brazil
Lamiaceae,Hyptidendron leucophyllum,(Pohl ex Benth.) Harley,Brazil
Lamiaceae,Hyptidendron roseum,"Antar, Harley & J.F.B.Pastore",Brazil
Lamiaceae,Hyptis pachyphylla,Epling,Brazil
Lamiaceae,Hyptis penaeoides,Taub. ex Ule,Brazil
Lamiaceae,Oocephalus piranii,(Harley) Harley & J.F.B.Pastore,Brazil
Lamiaceae,Physominthe vitifolia,(Pohl ex Benth.) Harley & J.F.B.Pastore,Brazil
Lamiaceae,Vitex brevilabiata,Ducke,Brazil
Lamiaceae,Vitex calothyrsa,Sandwith,Brazil
Lamiaceae,Vitex capitata,Vahl,Brazil
Lamiaceae,Vitex chrysleriana,Moldenke,Brazil
Lamiaceae,Vitex compressa,Turcz.,Brazil
Lamiaceae,Vitex cymosa,Bertero ex Spreng.,Brazil
Lamiaceae,Vitex duckei,Huber,Brazil
Lamiaceae,Vitex excelsa,Moldenke,Brazil
Lamiaceae,Vitex flavens,Kunth,Brazil
Lamiaceae,Vitex froesii,Moldenke,Brazil
Lamiaceae,Vitex gardneriana,Schauer,Brazil
Lamiaceae,Vitex hypoleuca,Schauer,Brazil
Lamiaceae,Vitex klugii,Moldenke,Brazil
Lamiaceae,Vitex krukovii,Moldenke,Brazil
Lamiaceae,Vitex maranhana,Moldenke,Brazil
Lamiaceae,Vitex martii,Moldenke,Brazil
Lamiaceae,Vitex megapotamica,(Spreng.) Moldenke,Brazil
Lamiaceae,Vitex mexiae,Moldenke,Brazil
Lamiaceae,Vitex odorata,Huber,Brazil
Lamiaceae,Vitex orinocensis,Kunth,Brazil
Lamiaceae,Vitex panshiniana,Moldenke,Brazil
Lamiaceae,Vitex polygama,Cham.,Brazil
Lamiaceae,Vitex pseudolea,Rusby,Brazil
Lamiaceae,Vitex rufescens,A.Juss.,Brazil
Lamiaceae,Vitex schaueriana,Moldenke,Brazil
Lamiaceae,Vitex schomburgkiana,Schauer,Brazil
Lamiaceae,Vitex sellowiana,Cham.,Brazil
Lamiaceae,Vitex snethlagiana,Huber ex Moldenke,Brazil
Lamiaceae,Vitex spongiocarpa,Ducke,Brazil
Lamiaceae,Vitex sprucei,Briq.,Brazil
Lamiaceae,Vitex triflora,Vahl,Brazil
Lamiaceae,Vitex vauthieri,DC. ex Schauer,Brazil
Lauraceae,Aiouea acarodomatifera,Kosterm.,Brazil
Lauraceae,Aiouea amoena,(Nees & Mart.) R.Rohde,Brazil
Lauraceae,Aiouea benthamiana,Mez,Brazil
Lauraceae,Aiouea bracteata,Kosterm.,Brazil
Lauraceae,Aiouea erythropus,(Nees & Mart.) R.Rohde,Brazil
Lauraceae,Aiouea glaziovii,(Mez) R.Rohde,Brazil
Lauraceae,Aiouea grandifolia,van der Werff,Brazil
Lauraceae,Aiouea guianensis,Aubl.,Brazil
Lauraceae,Aiouea haussknechtii,(Mez) R.Rohde,Brazil
Lauraceae,Aiouea impressa,(Meisn.) Kosterm.,Brazil
Lauraceae,Aiouea laevis,(Nees ex Mart.) Kosterm.,Brazil
Lauraceae,Aiouea lehmannii,(O.C.Schmidt) Renner,Brazil
Lauraceae,Aiouea macedoana,Vattimo,Brazil
Lauraceae,Aiouea maguireana,(C.K.Allen) Renner,Brazil
Lauraceae,Aiouea montana,(Sw.) R.Rohde,Brazil
Lauraceae,Aiouea myristicoides,Mez,Brazil
Lauraceae,Aiouea piauhyensis,(Meisn.) Mez,Brazil
Lauraceae,Aiouea saligna,Meisn.,Brazil
Lauraceae,Aiouea sellowiana,(Nees & Mart.) R.Rohde,Brazil
Lauraceae,Aiouea stenophylla,(Meisn.) R.Rohde,Brazil
Lauraceae,Aiouea tomentella,(Mez) Renner,Brazil
Lauraceae,Aiouea tomentosa,(Meisn.) R.Rohde,Brazil
Lauraceae,Aiouea trinervis,Meisn.,Brazil
Lauraceae,Aniba affinis,(Meisn.) Mez,Brazil
Lauraceae,Aniba burchellii,Kosterm.,Brazil
Lauraceae,Aniba canelilla,(Kunth) Mez,Brazil
Lauraceae,Aniba citrifolia,(Nees) Mez,Brazil
Lauraceae,Aniba cylindriflora,Kosterm.,Brazil
Lauraceae,Aniba desertorum,(Nees) Mez,Brazil
Lauraceae,Aniba ferrea,Kubitzki,Brazil
Lauraceae,Aniba firmula,(Nees & Mart.) Mez,Brazil
Lauraceae,Aniba guianensis,Aubl.,Brazil
Lauraceae,Aniba heringeri,Vattimo,Brazil
Lauraceae,Aniba hostmanniana,(Nees) Mez,Brazil
Lauraceae,Aniba intermedia,(Meisn.) Mez,Brazil
Lauraceae,Aniba kappleri,Mez,Brazil
Lauraceae,Aniba lancifolia,Kubitzki & W.A.Rodrigues,Brazil
Lauraceae,Aniba megaphylla,Mez,Brazil
Lauraceae,Aniba muca,(Ruiz & Pav.) Mez,Brazil
Lauraceae,Aniba panurensis,(Meisn.) Mez,Brazil
Lauraceae,Aniba parviflora,(Meisn.) Mez,Brazil
Lauraceae,Aniba pedicellata,Kosterm.,Brazil
Lauraceae,Aniba permollis,(Nees) Mez,Brazil
Lauraceae,Aniba puchury-minor,(Mart.) Mez,Brazil
Lauraceae,Aniba riparia,(Nees) Mez,Brazil
Lauraceae,Aniba robusta,(Klotzsch & H.Karst. ex Meisn.) Mez,Brazil
Lauraceae,Aniba rosodora,Ducke,Brazil
Lauraceae,Aniba santalodora,Ducke,Brazil
Lauraceae,Aniba taubertiana,Mez,Brazil
Lauraceae,Aniba terminalis,Ducke,Brazil
Lauraceae,Aniba viridis,Mez,Brazil
Lauraceae,Aniba williamsii,O.C.Schmidt,Brazil
Lauraceae,Beilschmiedia angustifolia,Kosterm.,Brazil
Lauraceae,Beilschmiedia brasiliensis,(Kosterm.) Kosterm.,Brazil
Lauraceae,Beilschmiedia emarginata,(Meisn.) Kosterm.,Brazil
Lauraceae,Beilschmiedia fluminensis,Kosterm.,Brazil
Lauraceae,Beilschmiedia linharensis,Sachiko Nishida & van der Werff,Brazil
Lauraceae,Beilschmiedia rigida,(Mez) Kosterm.,Brazil
Lauraceae,Beilschmiedia stricta,Kosterm.,Brazil
Lauraceae,Beilschmiedia taubertiana,(Schwacke & Mez) Kosterm.,Brazil
Lauraceae,Beilschmiedia vestita,L.C.S.Assis & M.F.Santos,Brazil
Lauraceae,Caryodaphnopsis inaequalis,(A.C.Sm.) van der Werff & H.G.Richt.,Brazil
Lauraceae,Cinnamomum caratingae,Vattimo-Gil,Brazil
Lauraceae,Cinnamomum hatschbachii,Vattimo,Brazil
Lauraceae,Clinostemon mahuba,(A.Samp.) Kuhlm. & Samp.,Brazil
Lauraceae,Cryptocarya aschersoniana,Mez,Brazil
Lauraceae,Cryptocarya botelhensis,P.L.R.Moraes,Brazil
Lauraceae,Cryptocarya citriformis,(Vell.) P.L.R.Moraes,Brazil
Lauraceae,Cryptocarya guianensis,Meisn.,Brazil
Lauraceae,Cryptocarya mandioccana,Meisn.,Brazil
Lauraceae,Cryptocarya micrantha,Meisn.,Brazil
Lauraceae,Cryptocarya moschata,Nees & Mart.,Brazil
Lauraceae,Cryptocarya riedeliana,P.L.R.Moraes,Brazil
Lauraceae,Cryptocarya saligna,Mez,Brazil
Lauraceae,Cryptocarya sellowiana,P.L.R.Moraes,Brazil
Lauraceae,Cryptocarya subcorymbosa,Mez,Brazil
Lauraceae,Cryptocarya velloziana,P.L.R.Moraes,Brazil
Lauraceae,Cryptocarya wiedensis,P.L.R.Moraes,Brazil
Lauraceae,Damburneya purpurea,(Ruiz & Pav.) Trofimov,Brazil
Lauraceae,Dicypellium caryophyllaceum,(Mart.) Nees & Mart.,Brazil
Lauraceae,Dicypellium manausense,W.A.Rodrigues,Brazil
Lauraceae,Endlicheria acuminata,Kosterm.,Brazil
Lauraceae,Endlicheria anomala,(Nees) Mez,Brazil
Lauraceae,Endlicheria arenosa,Chanderb.,Brazil
Lauraceae,Endlicheria arunciflora,(Meisn.) Mez,Brazil
Lauraceae,Endlicheria balsamea,Vattimo,Brazil
Lauraceae,Endlicheria bracteata,Mez,Brazil
Lauraceae,Endlicheria bracteolata,(Meisn.) C.K.Allen,Brazil
Lauraceae,Endlicheria canescens,Chanderbali,Brazil
Lauraceae,Endlicheria chalisea,Chanderbali,Brazil
Lauraceae,Endlicheria cocuirey,Kosterm.,Brazil
Lauraceae,Endlicheria coriacea,Chanderb.,Brazil
Lauraceae,Endlicheria dictifarinosa,C.K.Allen,Brazil
Lauraceae,Endlicheria directonervia,C.K.Allen,Brazil
Lauraceae,Endlicheria dysodantha,(Ruiz & Pav.) Mez,Brazil
Lauraceae,Endlicheria formosa,A.C.Sm.,Brazil
Lauraceae,Endlicheria glomerata,Mez,Brazil
Lauraceae,Endlicheria goeldiana,Vattimo,Brazil
Lauraceae,Endlicheria gracilis,Kosterm.,Brazil
Lauraceae,Endlicheria klugii,O.C.Schmidt,Brazil
Lauraceae,Endlicheria krukovii,(A.C.Sm.) Kosterm.,Brazil
Lauraceae,Endlicheria lhotzkyi,(Nees) Mez,Brazil
Lauraceae,Endlicheria longicaudata,(Ducke) Kosterm.,Brazil
Lauraceae,Endlicheria lorastemon,Chanderb.,Brazil
Lauraceae,Endlicheria macrophylla,(Meisn.) Mez,Brazil
Lauraceae,Endlicheria melinonii,Benoist,Brazil
Lauraceae,Endlicheria metallica,Kosterm.,Brazil
Lauraceae,Endlicheria mishuyacensis,A.C.Sm.,Brazil
Lauraceae,Endlicheria multiflora,(Miq.) Mez,Brazil
Lauraceae,Endlicheria paniculata,(Spreng.) J.F.Macbr.,Brazil
Lauraceae,Endlicheria punctulata,(Mez) C.K.Allen,Brazil
Lauraceae,Endlicheria pyriformis,(Nees) Mez,Brazil
Lauraceae,Endlicheria reflectens,(Nees) Mez,Brazil
Lauraceae,Endlicheria robusta,(A.C.Sm.) Kosterm.,Brazil
Lauraceae,Endlicheria rubra,Chanderb.,Brazil
Lauraceae,Endlicheria ruforamula,Chanderb.,Brazil
Lauraceae,Endlicheria sericea,Nees,Brazil
Lauraceae,Endlicheria sprucei,(Meisn.) Mez,Brazil
Lauraceae,Endlicheria szyszylowiczii,Mez,Brazil
Lauraceae,Endlicheria verticillata,Mez,Brazil
Lauraceae,Kubitzkia macrantha,(Kosterm.) van der Werff,Brazil
Lauraceae,Licaria armeniaca,(Nees) Kosterm.,Brazil
Lauraceae,Licaria aurea,(Huber) Kosterm.,Brazil
Lauraceae,Licaria aureosericea,van der Werff,Brazil
Lauraceae,Licaria bahiana,H.W.Kurz,Brazil
Lauraceae,Licaria brasiliensis,(Nees) Kosterm.,Brazil
Lauraceae,Licaria cannella,(Meisn.) Kosterm.,Brazil
Lauraceae,Licaria chrysophylla,(Meisn.) Kosterm.,Brazil
Lauraceae,Licaria crassifolia,(Poir.) P.L.R. de Moraes,Brazil
Lauraceae,Licaria debilis,(Mez) Kosterm.,Brazil
Lauraceae,Licaria deltoidea,van der Werff,Brazil
Lauraceae,Licaria dolichantha,H.W.Kurz,Brazil
Lauraceae,Licaria guianensis,Aubl.,Brazil
Lauraceae,Licaria hirsuta,van der Werff,Brazil
Lauraceae,Licaria macrophylla,(A.C.Sm.) Kosterm.,Brazil
Lauraceae,Licaria martiniana,(Mez) Kosterm.,Brazil
Lauraceae,Licaria multiflora,(Kosterm.) Kosterm.,Brazil
Lauraceae,Licaria oppositifolia,(Nees) Kosterm.,Brazil
Lauraceae,Licaria pachycarpa,(Meisn.) Kosterm.,Brazil
Lauraceae,Licaria polyphylla,(Nees) Kosterm.,Brazil
Lauraceae,Licaria pucheri,(Ruiz & Pav.) Kosterm.,Brazil
Lauraceae,Licaria rodriguesii,Kurz,Brazil
Lauraceae,Licaria subbullata,Kosterm.,Brazil
Lauraceae,Licaria vernicosa,(Mez) Kosterm.,Brazil
Lauraceae,Mespilodaphne cymbarum,(Kunth) Trofimov,Brazil
Lauraceae,Mezilaurus caatingae,van der Werff,Brazil
Lauraceae,Mezilaurus crassiramea,(Meisn.) Taub. ex Mez,Brazil
Lauraceae,Mezilaurus decurrens,(Ducke) Kosterm.,Brazil
Lauraceae,Mezilaurus duckei,van der Werff,Brazil
Lauraceae,Mezilaurus glabriantha,F.M.Alves & V.C.Souza,Brazil
Lauraceae,Mezilaurus ita-uba,(Meisn.) Taub. ex Mez,Brazil
Lauraceae,Mezilaurus lindaviana,Schwacke & Mez,Brazil
Lauraceae,Mezilaurus manausensis,van der Werff,Brazil
Lauraceae,Mezilaurus micrantha,van der Werff,Brazil
Lauraceae,Mezilaurus microphylla,F.M.Alves & V.C.Souza,Brazil
Lauraceae,Mezilaurus navalium,(Allem.) Taub. ex Mez,Brazil
Lauraceae,Mezilaurus sprucei,(Meisn.) Taub. ex Mez,Brazil
Lauraceae,Mezilaurus subcordata,(Ducke) Kosterm.,Brazil
Lauraceae,Mezilaurus synandra,(Mez) Kosterm.,Brazil
Lauraceae,Mezilaurus vanderwerffii,"Alves, F.M. & Baitello",Brazil
Lauraceae,Nectandra acuminata,(Nees & C. Mart.) J.F.Macbr.,Brazil
Lauraceae,Nectandra amazonum,Nees,Brazil
Lauraceae,Nectandra angustifolia,(Schrad.) Nees & Mart.,Brazil
Lauraceae,Nectandra barbellata,Coe-Teix.,Brazil
Lauraceae,Nectandra canescens,Nees & Mart.,Brazil
Lauraceae,Nectandra cissiflora,Nees,Brazil
Lauraceae,Nectandra cuneatocordata,Mez,Brazil
Lauraceae,Nectandra cuspidata,Nees & Mart.,Brazil
Lauraceae,Nectandra debilis,Mez        ,Brazil
Lauraceae,Nectandra egensis,Rohwer,Brazil
Lauraceae,Nectandra embirensis,Coe-Teix.,Brazil
Lauraceae,Nectandra gardneri,Meisn.,Brazil
Lauraceae,Nectandra globosa,(Aubl.) Mez,Brazil
Lauraceae,Nectandra grandiflora,Nees & Mart.,Brazil
Lauraceae,Nectandra grisea,Rohwer,Brazil
Lauraceae,Nectandra hihua,(Ruiz & Pav.) Rohwer,Brazil
Lauraceae,Nectandra impressa,Mez,Brazil
Lauraceae,Nectandra japurensis,Nees & Mart.,Brazil
Lauraceae,Nectandra lanceolata,Nees & Mart.,Brazil
Lauraceae,Nectandra leucantha,Nees & Mart.,Brazil
Lauraceae,Nectandra matogrossensis,Coe-Teix.,Brazil
Lauraceae,Nectandra maynensis,Mez,Brazil
Lauraceae,Nectandra megapotamica,(Spreng.) Mez,Brazil
Lauraceae,Nectandra membranacea,(Sw.) Griseb.,Brazil
Lauraceae,Nectandra micranthera,Rohwer,Brazil
Lauraceae,Nectandra nitidula,Nees & Mart.,Brazil
Lauraceae,Nectandra oppositifolia,Nees & Mart.,Brazil
Lauraceae,Nectandra paranaensis,Coe-Teix.,Brazil
Lauraceae,Nectandra paucinervia,Coe-Teix.,Brazil
Lauraceae,Nectandra pearcei,Mez,Brazil
Lauraceae,Nectandra psammophila,Nees & Mart.,Brazil
Lauraceae,Nectandra puberula,(Schott) Nees,Brazil
Lauraceae,Nectandra pulverulenta,Nees,Brazil
Lauraceae,Nectandra reticulata,Mez,Brazil
Lauraceae,Nectandra riparia,Rohwer,Brazil
Lauraceae,Nectandra sanguinea,Rol.,Brazil
Lauraceae,Nectandra spicata,Meisn.,Brazil
Lauraceae,Nectandra turbacensis,(Kunth) Nees,Brazil
Lauraceae,Nectandra venulosa,Meisn.,Brazil
Lauraceae,Nectandra viburnoides,Meisn.,Brazil
Lauraceae,Nectandra warmingii,Meisn.,Brazil
Lauraceae,Nectandra weddellii,Meisn.,Brazil
Lauraceae,Ocotea abbreviata,Schwacke & Mez,Brazil
Lauraceae,Ocotea aciphylla,(Nees & Mart.) Mez,Brazil
Lauraceae,Ocotea acutangula,(Miq.) Mez,Brazil
Lauraceae,Ocotea acutifolia,(Nees) Mez,Brazil
Lauraceae,Ocotea adamantina,P.L.R.Moraes & van der Werff,Brazil
Lauraceae,Ocotea adenotrachelium,(Nees) Mez,Brazil
Lauraceae,Ocotea alata,van der Werff,Brazil
Lauraceae,Ocotea albescens,Vattimo,Brazil
Lauraceae,Ocotea albopunctulata,Mez,Brazil
Lauraceae,Ocotea amazonica,(Meisn.) Mez,Brazil
Lauraceae,Ocotea arenicola,L.C.S.Assis & Mello-Silva,Brazil
Lauraceae,Ocotea argentea,Mez,Brazil
Lauraceae,Ocotea argyrophylla,Ducke,Brazil
Lauraceae,Ocotea barbellata,Vattimo,Brazil
Lauraceae,Ocotea basicordatifolia,Vattimo-Gil,Brazil
Lauraceae,Ocotea beulahiae,Baitello,Brazil
Lauraceae,Ocotea beyrichii,(Nees) Mez,Brazil
Lauraceae,Ocotea bicolor,Vattimo-Gil,Brazil
Lauraceae,Ocotea boissieriana,(Meisn.) Mez,Brazil
Lauraceae,Ocotea brachybotrya,(Meisn.) Mez,Brazil
Lauraceae,Ocotea bragae,Coe-Teix.,Brazil
Lauraceae,Ocotea caesia,Mez,Brazil
Lauraceae,Ocotea calliscypha,L.C.S. Assis & Mello-Silva,Brazil
Lauraceae,Ocotea camphoromoea,Rohwer,Brazil
Lauraceae,Ocotea canaliculata,(Rich.) Mez,Brazil
Lauraceae,Ocotea cantareirae,Vattimo,Brazil
Lauraceae,Ocotea catharinensis,Mez,Brazil
Lauraceae,Ocotea ceanothifolia,(Nees) Mez,Brazil
Lauraceae,Ocotea ciliata,L.C.S. Assis & Mello-Silva,Brazil
Lauraceae,Ocotea cinerea,van der Werff,Brazil
Lauraceae,Ocotea citrosmoides,(Nees) Mez,Brazil
Lauraceae,Ocotea clavigera,Mez,Brazil
Lauraceae,Ocotea confertiflora,(Meisn.) Mez,Brazil
Lauraceae,Ocotea corymbosa,(Meisn.) Mez,Brazil
Lauraceae,Ocotea cryptocarpa,Baitello,Brazil
Lauraceae,Ocotea cujumary,Mart.,Brazil
Lauraceae,Ocotea curucutuensis,Baitello,Brazil
Lauraceae,Ocotea daphnifolia,(Meisn.) Mez,Brazil
Lauraceae,Ocotea debilis,Mez,Brazil
Lauraceae,Ocotea deflexa,(Meisn.) Rohwer,Brazil
Lauraceae,Ocotea delicata,Vicent.,Brazil
Lauraceae,Ocotea densiflora,(Meisn.) Mez,Brazil
Lauraceae,Ocotea diffusa,van der Werff,Brazil
Lauraceae,Ocotea diospyrifolia,(Meisn.) Mez,Brazil
Lauraceae,Ocotea discrepens,C.K.Allen,Brazil
Lauraceae,Ocotea dispersa,(Nees & Mart.) Mez,Brazil
Lauraceae,Ocotea divaricata,(Nees) Mez,Brazil
Lauraceae,Ocotea domatiata,Mez ex Taub.,Brazil
Lauraceae,Ocotea douradensis,Vatt.,Brazil
Lauraceae,Ocotea duplocolorata,Vattimo,Brazil
Lauraceae,Ocotea esmeraldana,Moldenke,Brazil
Lauraceae,Ocotea estrellensis,(Meisn.) P.L.R.Moraes,Brazil
Lauraceae,Ocotea fasciculata,(Nees) Mez,Brazil
Lauraceae,Ocotea felix,Coe-Teix.,Brazil
Lauraceae,Ocotea floribunda,(Sw.) Mez,Brazil
Lauraceae,Ocotea fragrantissima,Ducke,Brazil
Lauraceae,Ocotea froesii,A.C.Sm.,Brazil
Lauraceae,Ocotea frondosa,(Meisn.) Mez,Brazil
Lauraceae,Ocotea gardneri,(Meisn.) Mez,Brazil
Lauraceae,Ocotea glauca,(Nees & Mart.) Mez,Brazil
Lauraceae,Ocotea glaziovii,Mez,Brazil
Lauraceae,Ocotea glomerata,(Nees) Mez,Brazil
Lauraceae,Ocotea gracilis,(Meisn.) Mez,Brazil
Lauraceae,Ocotea grandifructa,L.C.S.Assis & M.F.Santos,Brazil
Lauraceae,Ocotea guianensis,Aubl.,Brazil
Lauraceae,Ocotea hypoglauca,(Nees & Mart.) Mez,Brazil
Lauraceae,Ocotea immersa,van der Werff,Brazil
Lauraceae,Ocotea indecora,(Schott) Mez,Brazil
Lauraceae,Ocotea indirectinervia,C.K. Allen,Brazil
Lauraceae,Ocotea inhauba,Coe-Teix.,Brazil
Lauraceae,Ocotea insignis,Mez,Brazil
Lauraceae,Ocotea itatiaiae,Vattimo-Gil,Brazil
Lauraceae,Ocotea javitensis,(Kunth) Pittier,Brazil
Lauraceae,Ocotea kostermanniana,Vattimo-Gil,Brazil
Lauraceae,Ocotea lanata,(Nees & Mart.) Mez,Brazil
Lauraceae,Ocotea lancifolia,(Schott) Mez,Brazil
Lauraceae,Ocotea laxa,(Nees) Mez,Brazil
Lauraceae,Ocotea leptobotra,(Ruiz & Pav.) Mez,Brazil
Lauraceae,Ocotea leucophloea,(Nees) L.C.S. Assis & Mello-Silva,Brazil
Lauraceae,Ocotea leucoxylon,(Sw.) Laness.,Brazil
Lauraceae,Ocotea ligulata,van der Werff,Brazil
Lauraceae,Ocotea limae,Vattimo,Brazil
Lauraceae,Ocotea lindbergii,Mez,Brazil
Lauraceae,Ocotea lobbii,(Meisn.) Rohwer,Brazil
Lauraceae,Ocotea loefgrenii,Vattimo-Gil,Brazil
Lauraceae,Ocotea longifolia,Kunth,Brazil
Lauraceae,Ocotea magnilimba,Kosterm.,Brazil
Lauraceae,Ocotea mandioccana,A.Quinet,Brazil
Lauraceae,Ocotea maranguapensis,Vattimo-Gil,Brazil
Lauraceae,Ocotea marcescens,L.C.S. Assis & Mello-Silva,Brazil
Lauraceae,Ocotea marmellensis,Mez,Brazil
Lauraceae,Ocotea marumbiensis,Brotto & Baitello,Brazil
Lauraceae,Ocotea matogrossensis,Vatt.,Brazil
Lauraceae,Ocotea maximilianea,(Nees & Mart.) P.L.R.Moraes,Brazil
Lauraceae,Ocotea microbotrys,(Meisn.) Mez,Brazil
Lauraceae,Ocotea microneura,(Meisn.) Rohwer,Brazil
Lauraceae,Ocotea minarum,(Nees & Mart.) Mez,Brazil
Lauraceae,Ocotea minor,Vicent.,Brazil
Lauraceae,Ocotea montana,(Meisn.) Mez,Brazil
Lauraceae,Ocotea myriantha,(Meisn.) Mez,Brazil
Lauraceae,Ocotea neblinae,C.K.Allen,Brazil
Lauraceae,Ocotea nectandrifolia,Mez,Brazil
Lauraceae,Ocotea neesiana,(Miq.) Kosterm.,Brazil
Lauraceae,Ocotea nigra,Benoist,Brazil
Lauraceae,Ocotea nigrescens,Vicent.,Brazil
Lauraceae,Ocotea nitida,(Meisn.) Rohwer,Brazil
Lauraceae,Ocotea nobilis,(A.C.Sm.) Kosterm.,Brazil
Lauraceae,Ocotea notata,(Nees & Mart.) Mez,Brazil
Lauraceae,Ocotea nunesiana,(Vattimo-Gil) Baitello,Brazil
Lauraceae,Ocotea nutans,(Nees) Mez,Brazil
Lauraceae,Ocotea obliqua,Vicent.,Brazil
Lauraceae,Ocotea oblonga,(Meisn.) Mez,Brazil
Lauraceae,Ocotea odorata,(Meisn.) Mez,Brazil
Lauraceae,Ocotea odorifera,(Vell.) Rohwer,Brazil
Lauraceae,Ocotea olivacea,A.C.Sm.,Brazil
Lauraceae,Ocotea oppositifolia,S. Yasuda,Brazil
Lauraceae,Ocotea paranaensis,"Brotto, Baitello, Cervi & E.P.Santos",Brazil
Lauraceae,Ocotea paranapiacabensis,Coe-Teix.,Brazil
Lauraceae,Ocotea pauciflora,(Nees) Mez,Brazil
Lauraceae,Ocotea percoriacea,Kosterm.,Brazil
Lauraceae,Ocotea percurrens,Vicent.,Brazil
Lauraceae,Ocotea pluridomatiata,A.Quinet,Brazil
Lauraceae,Ocotea polyantha,(Nees & Mart.) Mez,Brazil
Lauraceae,Ocotea pomaderroides,(Meisn.) Mez,Brazil
Lauraceae,Ocotea porosa,(Nees & Mart.) Barroso,Brazil
Lauraceae,Ocotea prolifera,(Nees & Mart.) Mez,Brazil
Lauraceae,Ocotea puberula,(Rich.) Nees,Brazil
Lauraceae,Ocotea pulchella,(Nees & Mart.) Mez,Brazil
Lauraceae,Ocotea pulchra,Vattimo-Gil,Brazil
Lauraceae,Ocotea ramosissima,L.C.S.Assis & Mello-Silva,Brazil
Lauraceae,Ocotea revolutifolia,A.Quinet,Brazil
Lauraceae,Ocotea rhodophylla,Vicent.,Brazil
Lauraceae,Ocotea rigens,(Nees & Mart.) Rohwer,Brazil
Lauraceae,Ocotea rohweri,P.L.R.Moraes & van der Werff,Brazil
Lauraceae,Ocotea rufovestita,Ducke,Brazil
Lauraceae,Ocotea sandwithii,Kosterm.,Brazil
Lauraceae,Ocotea sassafras,(Meisn.) Mez,Brazil
Lauraceae,Ocotea scabrella,van der Werff,Brazil
Lauraceae,Ocotea scandens,Kosterm.,Brazil
Lauraceae,Ocotea schomburgkiana,(Nees) Mez,Brazil
Lauraceae,Ocotea schwackeana,Mez,Brazil
Lauraceae,Ocotea serrana,Coe-Teix.        ,Brazil
Lauraceae,Ocotea silvae,Vattimo,Brazil
Lauraceae,Ocotea silvestris,Vattimo-Gil,Brazil
Lauraceae,Ocotea sinaiana,Vattimo,Brazil
Lauraceae,Ocotea spectabilis,(Meisn.) Mez,Brazil
Lauraceae,Ocotea sperata,P.L.R.Moraes & van der Werff,Brazil
Lauraceae,Ocotea spixiana,(Nees) Mez,Brazil
Lauraceae,Ocotea splendens,(Meisn.) Baill.,Brazil
Lauraceae,Ocotea sprucei,(Meisn.) Mez,Brazil
Lauraceae,Ocotea subrutilans,Mez,Brazil
Lauraceae,Ocotea subterminalis,van der Werff,Brazil
Lauraceae,Ocotea sulcata,Vattimo-Gil,Brazil
Lauraceae,Ocotea tabacifolia,(Meisn.) Rohwer       ,Brazil
Lauraceae,Ocotea teleiandra,(Meisn.) Mez,Brazil
Lauraceae,Ocotea tenella,A.C.Sm.,Brazil
Lauraceae,Ocotea tenuiflora,(Nees) Mez,Brazil
Lauraceae,Ocotea thinicola,van der Werff & P.L.R.Moraes,Brazil
Lauraceae,Ocotea tomentella,Sandwith,Brazil
Lauraceae,Ocotea tristis,(Nees & Mart.) Mez,Brazil
Lauraceae,Ocotea urbaniana,Mez,Brazil
Lauraceae,Ocotea vegrandis,P.L.R.Moraes & van der Werff,Brazil
Lauraceae,Ocotea velloziana,(Meisn.) Mez,Brazil
Lauraceae,Ocotea velutina,(Nees) Mart. ex B.D.Jacks.,Brazil
Lauraceae,Ocotea venulosa,(Nees) Baitello,Brazil
Lauraceae,Ocotea viburnoides,Mez,Brazil
Lauraceae,Ocotea villosa,Kosterm.,Brazil
Lauraceae,Ocotea virgultosa,Mart. ex Mez,Brazil
Lauraceae,Ocotea wurdackiana,C.K.Allen,Brazil
Lauraceae,Ocotea xanthocalyx,(Nees) Mez,Brazil
Lauraceae,Paraia bracteata,"Rohwer, H.G. Richt. & van der Werff",Brazil
Lauraceae,Persea alba,Nees & Mart.,Brazil
Lauraceae,Persea aurata,Miq.,Brazil
Lauraceae,Persea benthamiana,Meisn.,Brazil
Lauraceae,Persea caesia,Meisn.,Brazil
Lauraceae,Persea croizatii,van der Werff,Brazil
Lauraceae,Persea fastigiata,L.E.Kopp,Brazil
Lauraceae,Persea fulva,L.E.Kopp,Brazil
Lauraceae,Persea fusca,Mez,Brazil
Lauraceae,Persea glabra,van der Werff      ,Brazil
Lauraceae,Persea jariensis,Vattimo,Brazil
Lauraceae,Persea jenmanii,Mez,Brazil
Lauraceae,Persea major,(Meisn.) L.E.Kopp,Brazil
Lauraceae,Persea microphylla,Mez,Brazil
Lauraceae,Persea obovata,Nees & Mart.,Brazil
Lauraceae,Persea pedunculosa,Meisn.,Brazil
Lauraceae,Persea pseudofasciculata,L.E.Kopp,Brazil
Lauraceae,Persea punctata,Meisn.,Brazil
Lauraceae,Persea rigida,Nees & Mart.,Brazil
Lauraceae,Persea rufotomentosa,Nees & Mart.,Brazil
Lauraceae,Persea splendens,Meisn.,Brazil
Lauraceae,Persea venosa,Nees & Mart.,Brazil
Lauraceae,Persea willdenovii,Kosterm.,Brazil
Lauraceae,Phoebe reticulata,Mez,Brazil
Lauraceae,Phyllostemonodaphne geminiflora,(Meisn.) Kosterm.,Brazil
Lauraceae,Pleurothyrium acuminatum,van der Werff,Brazil
Lauraceae,Pleurothyrium amapaense,C.K.Allen,Brazil
Lauraceae,Pleurothyrium amplifolium,(Mez) Rohwer,Brazil
Lauraceae,Pleurothyrium cuneifolium,Nees,Brazil
Lauraceae,Pleurothyrium insigne,van der Werff,Brazil
Lauraceae,Pleurothyrium intermedium,(Mez) Rohwer,Brazil
Lauraceae,Pleurothyrium panurense,(Meisn.) Mez,Brazil
Lauraceae,Pleurothyrium parviflorum,Ducke,Brazil
Lauraceae,Pleurothyrium poeppigii,Nees,Brazil
Lauraceae,Pleurothyrium prancei,van der Werff,Brazil
Lauraceae,Pleurothyrium undulatum,(Meisn.) Rohwer,Brazil
Lauraceae,Pleurothyrium vasquezii,van der Werff,Brazil
Lauraceae,Rhodostemonodaphne anomala,(Mez) Rohwer,Brazil
Lauraceae,Rhodostemonodaphne capixabensis,Baitello & Coe-Teix.,Brazil
Lauraceae,Rhodostemonodaphne crenaticupula,Madriñán,Brazil
Lauraceae,Rhodostemonodaphne curicuriariensis,Madriñán,Brazil
Lauraceae,Rhodostemonodaphne dioica,(Mez) Rohwer,Brazil
Lauraceae,Rhodostemonodaphne grandis,(Mez) Rohwer,Brazil
Lauraceae,Rhodostemonodaphne juruensis,(A.C.Sm.) Chanderbali,Brazil
Lauraceae,Rhodostemonodaphne kunthiana,(Nees) Rohwer,Brazil
Lauraceae,Rhodostemonodaphne macrocalyx,(Meisn.) Rohwer ex Madriñán,Brazil
Lauraceae,Rhodostemonodaphne napoensis,Madriñán,Brazil
Lauraceae,Rhodostemonodaphne negrensis,Madriñán,Brazil
Lauraceae,Rhodostemonodaphne parvifolia,Madriñán,Brazil
Lauraceae,Rhodostemonodaphne peneia,Madriñán,Brazil
Lauraceae,Rhodostemonodaphne praeclara,(Sandwith) Madriñán,Brazil
Lauraceae,Rhodostemonodaphne recurva,van der Werff,Brazil
Lauraceae,Rhodostemonodaphne scandens,Madriñán,Brazil
Lauraceae,Rhodostemonodaphne sordida,Madriñán,Brazil
Lauraceae,Rhodostemonodaphne tumucumaquensis,Madriñán,Brazil
Lauraceae,Sextonia rubra,(Mez) van der Werff,Brazil
Lauraceae,Systemonodaphne geminiflora,(Meisn.) Mez,Brazil
Lauraceae,Urbanodendron bahiense,(Meisn.) Rohwer,Brazil
Lauraceae,Urbanodendron macrophyllum,Rohwer,Brazil
Lauraceae,Urbanodendron verrucosum,(Nees) Mez,Brazil
Lauraceae,Williamodendron cinnamomeum,van der Werff,Brazil
Lauraceae,Williamodendron spectabile,Kubitzki & H.G. Richt.,Brazil
Lecythidaceae,Allantoma decandra,"(Ducke) S.A.Mori, Ya Y.Huang & Prance",Brazil
Lecythidaceae,Allantoma integrifolia,"(Ducke) S.A.Mori, Ya Y.Huang & Prance",Brazil
Lecythidaceae,Allantoma kuhlmannii,"(Ducke) S.A.Mori, Ya Y.Huang & Prance",Brazil
Lecythidaceae,Allantoma lineata,(Mart. ex O.Berg) Miers,Brazil
Lecythidaceae,Allantoma pachyantha,"(A.C.Sm.) S.A.Mori, Ya Y.Huang & Prance",Brazil
Lecythidaceae,Allantoma pauciramosa,"(W.A.Rodrigues) S.A.Mori, Ya Y.Huang & Prance",Brazil
Lecythidaceae,Allantoma pluriflora,"S.A.Mori, Ya Y.Huang & Prance",Brazil
Lecythidaceae,Allantoma uaupensis,"(Spruce ex O.Berg) S.A.Mori, Ya Y.Huang & Prance",Brazil
Lecythidaceae,Asteranthos brasiliensis,Desf.,Brazil
Lecythidaceae,Bertholletia excelsa,Bonpl.,Brazil
Lecythidaceae,Cariniana domestica,(Mart.) Miers,Brazil
Lecythidaceae,Cariniana estrellensis,(Raddi) Kuntze,Brazil
Lecythidaceae,Cariniana ianeirensis,R.Knuth,Brazil
Lecythidaceae,Cariniana legalis,(Mart.) Kuntze,Brazil
Lecythidaceae,Cariniana micrantha,Ducke,Brazil
Lecythidaceae,Cariniana parvifolia,"S.A.Mori, Prance & Menandro",Brazil
Lecythidaceae,Cariniana penduliflora,Prance,Brazil
Lecythidaceae,Cariniana rubra,Gardner ex Miers,Brazil
Lecythidaceae,Corythophora alta,R.Knuth,Brazil
Lecythidaceae,Corythophora amapaensis,Pires ex S.A.Mori & Prance,Brazil
Lecythidaceae,Corythophora rimosa,W.A.Rodrigues,Brazil
Lecythidaceae,Couratari asterophora,Rizzini,Brazil
Lecythidaceae,Couratari asterotricha,Prance,Brazil
Lecythidaceae,Couratari atrovinosa,Prance,Brazil
Lecythidaceae,Couratari guianensis,Aubl.,Brazil
Lecythidaceae,Couratari longipedicellata,W.A.Rodrigues,Brazil
Lecythidaceae,Couratari macrosperma,A.C.Sm.,Brazil
Lecythidaceae,Couratari multiflora,(Sm.) Eyma,Brazil
Lecythidaceae,Couratari oblongifolia,Ducke & R.Knuth,Brazil
Lecythidaceae,Couratari oligantha,A.C.Sm.,Brazil
Lecythidaceae,Couratari prancei,W.A.Rodrigues,Brazil
Lecythidaceae,Couratari pyramidata,(Vell.) R.Knuth,Brazil
Lecythidaceae,Couratari stellata,A.C.Sm.,Brazil
Lecythidaceae,Couratari tauari,O.Berg,Brazil
Lecythidaceae,Couratari tenuicarpa,A.C.Sm.,Brazil
Lecythidaceae,Couroupita guianensis,Aubl.,Brazil
Lecythidaceae,Couroupita subsessilis,Pilg.,Brazil
Lecythidaceae,Eschweilera albiflora,(DC.) Miers,Brazil
Lecythidaceae,Eschweilera alvimii,S.A.Mori,Brazil
Lecythidaceae,Eschweilera amazonica,R.Knuth,Brazil
Lecythidaceae,Eschweilera amazoniciformis,S.A.Mori,Brazil
Lecythidaceae,Eschweilera andina,(Rusby) J.F.Macbr.,Brazil
Lecythidaceae,Eschweilera apiculata,(Miers) A.C.Sm.,Brazil
Lecythidaceae,Eschweilera atropetiolata,S.A.Mori,Brazil
Lecythidaceae,Eschweilera bracteosa,(Poepp. ex O.Berg) Miers,Brazil
Lecythidaceae,Eschweilera carinata,S.A.Mori,Brazil
Lecythidaceae,Eschweilera chartaceifolia,S.A.Mori,Brazil
Lecythidaceae,Eschweilera collina,Eyma,Brazil
Lecythidaceae,Eschweilera complanata,S.A.Mori,Brazil
Lecythidaceae,Eschweilera compressa,(Vell.) Miers,Brazil
Lecythidaceae,Eschweilera coriacea,(DC.) S.A.Mori,Brazil
Lecythidaceae,Eschweilera cyathiformis,S.A.Mori,Brazil
Lecythidaceae,Eschweilera decolorans,Sandwith,Brazil
Lecythidaceae,Eschweilera eperuetorum,Sandwith,Brazil
Lecythidaceae,Eschweilera grandiflora,(Aubl.) Sandwith,Brazil
Lecythidaceae,Eschweilera itayensis,R.Knuth,Brazil
Lecythidaceae,Eschweilera juruensis,R.Knuth,Brazil
Lecythidaceae,Eschweilera laevicarpa,S.A.Mori,Brazil
Lecythidaceae,Eschweilera mattos-silvae,S.A.Mori,Brazil
Lecythidaceae,Eschweilera micrantha,(O.Berg) Miers,Brazil
Lecythidaceae,Eschweilera nana,(O.Berg) Miers,Brazil
Lecythidaceae,Eschweilera obversa,(O.Berg) Miers,Brazil
Lecythidaceae,Eschweilera ovalifolia,(DC.) Nied.,Brazil
Lecythidaceae,Eschweilera ovata,(Cambess.) Mart. ex Miers,Brazil
Lecythidaceae,Eschweilera parviflora,(Aubl.) Miers,Brazil
Lecythidaceae,Eschweilera parvifolia,Mart. ex DC.,Brazil
Lecythidaceae,Eschweilera pedicellata,(Rich.) S.A.Mori,Brazil
Lecythidaceae,Eschweilera piresii,S.A.Mori,Brazil
Lecythidaceae,Eschweilera pseudodecolorans,S.A.Mori,Brazil
Lecythidaceae,Eschweilera punctata,S.A.Mori,Brazil
Lecythidaceae,Eschweilera rabeliana,S.A.Mori,Brazil
Lecythidaceae,Eschweilera rankiniae,S.A.Mori,Brazil
Lecythidaceae,Eschweilera revoluta,S.A.Mori,Brazil
Lecythidaceae,Eschweilera rhododendrifolia,(R.Knuth) A.C.Sm.,Brazil
Lecythidaceae,Eschweilera rionegrense,S.A.Mori,Brazil
Lecythidaceae,Eschweilera romeu-cardosoi,S.A.Mori,Brazil
Lecythidaceae,Eschweilera roraimensis,S.A.Mori,Brazil
Lecythidaceae,Eschweilera rufifolia,S.A.Mori,Brazil
Lecythidaceae,Eschweilera sagotiana,Miers,Brazil
Lecythidaceae,Eschweilera simiorum,(Benoist) Eyma,Brazil
Lecythidaceae,Eschweilera sphaerocarpa,M.Ribeiro & S.A.Mori,Brazil
Lecythidaceae,Eschweilera subcordata,S.A.Mori,Brazil
Lecythidaceae,Eschweilera subglandulosa,(Steud. ex O.Berg) Miers,Brazil
Lecythidaceae,Eschweilera tenuifolia,(O.Berg) Miers,Brazil
Lecythidaceae,Eschweilera tessmannii,R.Knuth,Brazil
Lecythidaceae,Eschweilera tetrapetala,S.A.Mori,Brazil
Lecythidaceae,Eschweilera truncata,A.C.Sm.,Brazil
Lecythidaceae,Eschweilera wachenheimii,(Benoist) Sandwith,Brazil
Lecythidaceae,Gustavia acuminata,S.A.Mori,Brazil
Lecythidaceae,Gustavia augusta,L.,Brazil
Lecythidaceae,Gustavia coriacea,S.A.Mori,Brazil
Lecythidaceae,Gustavia elliptica,S.A.Mori,Brazil
Lecythidaceae,Gustavia erythrocarpa,S.A.Mori,Brazil
Lecythidaceae,Gustavia hexapetala,(Aubl.) Sm.,Brazil
Lecythidaceae,Gustavia longepetiolata,Huber,Brazil
Lecythidaceae,Gustavia longifolia,Poepp. ex O.Berg,Brazil
Lecythidaceae,Gustavia poeppigiana,O.Berg,Brazil
Lecythidaceae,Gustavia pulchra,Miers,Brazil
Lecythidaceae,Lecythis alutacea,(A.C.Sm.) S.A.Mori,Brazil
Lecythidaceae,Lecythis barnebyi,S.A.Mori,Brazil
Lecythidaceae,Lecythis brancoensis,(R.Knuth) S.A.Mori,Brazil
Lecythidaceae,Lecythis chartacea,O.Berg,Brazil
Lecythidaceae,Lecythis confertiflora,(A.C.Sm.) S.A.Mori,Brazil
Lecythidaceae,Lecythis corrugata,Poit.,Brazil
Lecythidaceae,Lecythis gracieana,S.A.Mori,Brazil
Lecythidaceae,Lecythis holcogyne,(Sandwith) S.A.Mori,Brazil
Lecythidaceae,Lecythis ibiriba,"(Miers) N.P.Sm., S.A.Mori & Popovkin",Brazil
Lecythidaceae,Lecythis idatimon,Aubl.,Brazil
Lecythidaceae,Lecythis lanceolata,Poir.,Brazil
Lecythidaceae,Lecythis lurida,(Miers) S.A.Mori,Brazil
Lecythidaceae,Lecythis marcgraaviana,Miers,Brazil
Lecythidaceae,Lecythis oldemanii,Roosmalen,Brazil
Lecythidaceae,Lecythis parvifructa,S.A.Mori,Brazil
Lecythidaceae,Lecythis persistens,Sagot,Brazil
Lecythidaceae,Lecythis pisonis,Cambess.,Brazil
Lecythidaceae,Lecythis poiteaui,O.Berg,Brazil
Lecythidaceae,Lecythis prancei,S.A.Mori,Brazil
Lecythidaceae,Lecythis retusa,Spruce ex O.Berg,Brazil
Lecythidaceae,Lecythis schomburgkii,O.Berg,Brazil
Lecythidaceae,Lecythis schwackei,(R.Knuth) S.A.Mori,Brazil
Lecythidaceae,Lecythis serrata,S.A.Mori,Brazil
Lecythidaceae,Lecythis zabucajo,Aubl.,Brazil
Linaceae,Hebepetalum humiriifolia,(Planch.) Benth.,Brazil
Linaceae,Hebepetalum roraimense,Secco & Manni Silva,Brazil
Linaceae,Roucheria calophylla,Planch.,Brazil
Linaceae,Roucheria columbiana,Hallier f.,Brazil
Linaceae,Roucheria elata,Ducke,Brazil
Linaceae,Roucheria schomburgkii,Planch.,Brazil
Loganiaceae,Antonia ovata,Pohl,Brazil
Loganiaceae,Bonyunia antoniifolia,Progel,Brazil
Loganiaceae,Bonyunia aquatica,Ducke,Brazil
Loganiaceae,Bonyunia magnifica,J.R.Grant,Brazil
Loganiaceae,Bonyunia minor,N.E.Br.,Brazil
Loganiaceae,Bonyunia venusta,J.R.Grant,Brazil
Loganiaceae,Strychnos atlantica,Krukoff & Barneby,Brazil
Loganiaceae,Strychnos brasiliensis,(Spreng.) Mart.,Brazil
Loganiaceae,Strychnos dantaensis,"Manoel , Carrijo & E.F.Guim.",Brazil
Loganiaceae,Strychnos fendleri,Sprague & Sandwith,Brazil
Loganiaceae,Strychnos glabra,Sagot ex Progel,Brazil
Loganiaceae,Strychnos jobertiana,Baill.,Brazil
Loganiaceae,Strychnos mattogrossensis,S.Moore,Brazil
Loganiaceae,Strychnos panurensis,Sprague & Sandwith,Brazil
Loganiaceae,Strychnos pseudoquina,A.St.-Hil.,Brazil
Loganiaceae,Strychnos rondeletioides,Spruce ex Benth.,Brazil
Loganiaceae,Strychnos rubiginosa,A.DC.,Brazil
Loganiaceae,Strychnos solimoesana,Krukoff,Brazil
Loganiaceae,Strychnos tarapotensis,Sprague & Sandwith,Brazil
Loranthaceae,Gaiadendron punctatum,(Ruiz & Pav.) G.Don,Brazil
Loranthaceae,Tripodanthus acutifolius,(Ruiz & Pav.) Tiegh.,Brazil
Lythraceae,Adenaria floribunda,Kunth,Brazil
Lythraceae,Cuphea melvilla,Lindl.,Brazil
Lythraceae,Diplusodon virgatus,Pohl,Brazil
Lythraceae,Lafoensia glyptocarpa,Koehne,Brazil
Lythraceae,Lafoensia pacari,A.St.-Hil.,Brazil
Lythraceae,Lafoensia vandelliana,Cham. & Schltdl.,Brazil
Lythraceae,Physocalymma scaberrimum,Pohl,Brazil
Magnoliaceae,Magnolia amazonica,(Ducke) Govaerts,Brazil
Magnoliaceae,Magnolia brasiliensis,"C.O.Azevedo, A.F.P.Machado & A.Vázquez",Brazil
Magnoliaceae,Magnolia irwiniana,(Lozano) Govaerts,Brazil
Magnoliaceae,Magnolia ovata,(A.St.-Hil.) Spreng.,Brazil
Magnoliaceae,Magnolia sellowiana,(A.St.-Hil.) Govaerts,Brazil
Malpighiaceae,Acmanthera cowanii,W.R.Anderson,Brazil
Malpighiaceae,Acmanthera duckei,W.R.Anderson,Brazil
Malpighiaceae,Acmanthera fernandesii,W.R.Anderson,Brazil
Malpighiaceae,Acmanthera latifolia,(Juss.) Griseb.,Brazil
Malpighiaceae,Acmanthera longifolia,Nied.,Brazil
Malpighiaceae,Acmanthera minima,W.R.Anderson,Brazil
Malpighiaceae,Acmanthera parviflora,W.R.Anderson,Brazil
Malpighiaceae,Andersoniodoxa spruceana,(Nied.) C.Davis & Amorim,Brazil
Malpighiaceae,Banisteriopsis arborea,B.Gates,Brazil
Malpighiaceae,Banisteriopsis latifolia,(A.Juss.) B.Gates,Brazil
Malpighiaceae,Banisteriopsis malifolia,(Nees & Mart.) B.Gates,Brazil
Malpighiaceae,Barnebya dispar,(Griseb.) W.R.Anderson & B.Gates,Brazil
Malpighiaceae,Barnebya harleyi,W.R.Anderson & B.Gates,Brazil
Malpighiaceae,Blepharandra angustifolia,(Kunth) W.R.Anderson,Brazil
Malpighiaceae,Blepharandra heteropetala,W.R.Anderson,Brazil
Malpighiaceae,Blepharandra hypoleuca,(Benth.) Griseb.,Brazil
Malpighiaceae,Blepharandra intermedia,W.R.Anderson,Brazil
Malpighiaceae,Bunchosia argentea,(Jacq.) DC.,Brazil
Malpighiaceae,Bunchosia armeniaca,(Cav.) DC.,Brazil
Malpighiaceae,Bunchosia decussiflora,W.R.Anderson,Brazil
Malpighiaceae,Bunchosia glandulifera,(Jacq.) Kunth,Brazil
Malpighiaceae,Bunchosia lindeniana,A.Juss.,Brazil
Malpighiaceae,Bunchosia macilenta,Dobson,Brazil
Malpighiaceae,Bunchosia maritima,(Vell.) J.F.Macbr.,Brazil
Malpighiaceae,Bunchosia mollis,Benth.,Brazil
Malpighiaceae,Bunchosia pallescens,Skottsb.,Brazil
Malpighiaceae,Bunchosia paraguariensis,Nied.,Brazil
Malpighiaceae,Bunchosia systyla,(Nied.) Dobson,Brazil
Malpighiaceae,Burdachia duckei,Steyerm.,Brazil
Malpighiaceae,Burdachia prismatocarpa,Mart. ex A.Juss.,Brazil
Malpighiaceae,Burdachia sphaerocarpa,A.Juss.,Brazil
Malpighiaceae,Byrsonima aerugo,Sagot,Brazil
Malpighiaceae,Byrsonima affinis,W.R.Anderson,Brazil
Malpighiaceae,Byrsonima altissima,DC.,Brazil
Malpighiaceae,Byrsonima alvimii,W.R.Anderson,Brazil
Malpighiaceae,Byrsonima amoena,Cuatrec.,Brazil
Malpighiaceae,Byrsonima arbutifolia,Griseb.,Brazil
Malpighiaceae,Byrsonima arctostaphyloides,Nied.,Brazil
Malpighiaceae,Byrsonima arthropoda,A.Juss.,Brazil
Malpighiaceae,Byrsonima bahiana,W.R.Anderson,Brazil
Malpighiaceae,Byrsonima basiloba,A.Juss.,Brazil
Malpighiaceae,Byrsonima bronweniana,W.R.Anderson,Brazil
Malpighiaceae,Byrsonima cacaophila,W.R.Anderson,Brazil
Malpighiaceae,Byrsonima chalcophylla,Nied.,Brazil
Malpighiaceae,Byrsonima christianeae,W.R.Anderson,Brazil
Malpighiaceae,Byrsonima clausseniana,A.Juss.,Brazil
Malpighiaceae,Byrsonima coccolobifolia,Kunth,Brazil
Malpighiaceae,Byrsonima concinna,Benth.,Brazil
Malpighiaceae,Byrsonima coniophylla,A.Juss.,Brazil
Malpighiaceae,Byrsonima cordifolia,W.R.Anderson,Brazil
Malpighiaceae,Byrsonima correifolia,A.Juss.,Brazil
Malpighiaceae,Byrsonima crassifolia,(L.) Kunth,Brazil
Malpighiaceae,Byrsonima crispa,A.Juss.,Brazil
Malpighiaceae,Byrsonima cuprea,Griseb.,Brazil
Malpighiaceae,Byrsonima cydoniifolia,A.Juss.,Brazil
Malpighiaceae,Byrsonima dealbata,Griseb.,Brazil
Malpighiaceae,Byrsonima decipiens,Nied.,Brazil
Malpighiaceae,Byrsonima densa,(Poir.) DC.,Brazil
Malpighiaceae,Byrsonima duckeana,W.R.Anderson,Brazil
Malpighiaceae,Byrsonima eriopoda,DC.,Brazil
Malpighiaceae,Byrsonima eugeniifolia,Sandwith,Brazil
Malpighiaceae,Byrsonima euryphylla,Pilg.,Brazil
Malpighiaceae,Byrsonima fanshawei,W.R.Anderson,Brazil
Malpighiaceae,Byrsonima fernandezii,Cuatrec.,Brazil
Malpighiaceae,Byrsonima fonsecae,W.R.Anderson,Brazil
Malpighiaceae,Byrsonima formosa,W.R.Anderson,Brazil
Malpighiaceae,Byrsonima frondosa,Mart. ex A.Juss.,Brazil
Malpighiaceae,Byrsonima garcibarrigae,Cuatrec.,Brazil
Malpighiaceae,Byrsonima gardneriana,A.Juss.,Brazil
Malpighiaceae,Byrsonima grisebachiana,Nied.,Brazil
Malpighiaceae,Byrsonima guilleminiana,A.Juss.,Brazil
Malpighiaceae,Byrsonima hirsuta,W.R.Anderson,Brazil
Malpighiaceae,Byrsonima incarnata,Sandwith,Brazil
Malpighiaceae,Byrsonima intermedia,A.Juss.,Brazil
Malpighiaceae,Byrsonima japurensis,A.Juss.,Brazil
Malpighiaceae,Byrsonima krukoffii,W.R.Anderson,Brazil
Malpighiaceae,Byrsonima laevis,Nied.,Brazil
Malpighiaceae,Byrsonima lancifolia,A.Juss.,Brazil
Malpighiaceae,Byrsonima laxiflora,Griseb.,Brazil
Malpighiaceae,Byrsonima ligustrifolia,A.Juss.,Brazil
Malpighiaceae,Byrsonima linguifera,Cuatrec.,Brazil
Malpighiaceae,Byrsonima luetzelburgii,Steyerm.,Brazil
Malpighiaceae,Byrsonima macrophylla,(Pers.) W.R.Anderson,Brazil
Malpighiaceae,Byrsonima martiana,A.Juss.,Brazil
Malpighiaceae,Byrsonima minarum,Francener & Mamede,Brazil
Malpighiaceae,Byrsonima myricifolia,Griseb.,Brazil
Malpighiaceae,Byrsonima niedenzuiana,Skottsb.,Brazil
Malpighiaceae,Byrsonima nitidifolia,A.Juss.,Brazil
Malpighiaceae,Byrsonima oblanceolata,Nied.,Brazil
Malpighiaceae,Byrsonima pachyphylla,A.Juss.,Brazil
Malpighiaceae,Byrsonima pedunculata,W.R.Anderson,Brazil
Malpighiaceae,Byrsonima perseifolia,Griseb.,Brazil
Malpighiaceae,Byrsonima piresii,W.R.Anderson,Brazil
Malpighiaceae,Byrsonima poeppigiana,A.Juss.,Brazil
Malpighiaceae,Byrsonima punctulata,A.Juss.,Brazil
Malpighiaceae,Byrsonima putumayensis,Cuatrec.,Brazil
Malpighiaceae,Byrsonima riparia,W.R.Anderson,Brazil
Malpighiaceae,Byrsonima rodriguesii,W.R.Anderson,Brazil
Malpighiaceae,Byrsonima rotunda,Griseb.,Brazil
Malpighiaceae,Byrsonima salzmanniana,A.Juss.,Brazil
Malpighiaceae,Byrsonima schomburgkiana,Benth.,Brazil
Malpighiaceae,Byrsonima schunkei,W.R.Anderson,Brazil
Malpighiaceae,Byrsonima sericea,DC.,Brazil
Malpighiaceae,Byrsonima souzae,W.R.Anderson,Brazil
Malpighiaceae,Byrsonima spicata,(Cav.) Rich. ex Kunth,Brazil
Malpighiaceae,Byrsonima spinensis,W.R.Anderson,Brazil
Malpighiaceae,Byrsonima stannardii,W.R.Anderson,Brazil
Malpighiaceae,Byrsonima stipulacea,A.Juss.,Brazil
Malpighiaceae,Byrsonima subcordata,Nied.,Brazil
Malpighiaceae,Byrsonima umbellata,Mart. ex A.Juss.,Brazil
Malpighiaceae,Byrsonima vacciniifolia,A.Juss.,Brazil
Malpighiaceae,Byrsonima variabilis,A.Juss.,Brazil
Malpighiaceae,Byrsonima verbascifolia,(L.) DC.,Brazil
Malpighiaceae,Byrsonima vernicosa,Nied.,Brazil
Malpighiaceae,Byrsonima wurdackii,W.R.Anderson,Brazil
Malpighiaceae,Diacidia galphimioides,Griseb.,Brazil
Malpighiaceae,Diacidia glaucifolia,(Maguire) W.R.Anderson,Brazil
Malpighiaceae,Diacidia rufa,(Maguire) W.R.Anderson,Brazil
Malpighiaceae,Diacidia vestita,(Benth.) Benth. & Hook.f. ex B.D.Jacks.,Brazil
Malpighiaceae,Glandonia macrocarpa,Griseb.,Brazil
Malpighiaceae,Glandonia prancei,W.R.Anderson,Brazil
Malpighiaceae,Glandonia williamsii,Steyerm.,Brazil
Malpighiaceae,Heteropterys byrsonimifolia,A.Juss.,Brazil
Malpighiaceae,Heteropterys coriacea,A.Juss.,Brazil
Malpighiaceae,Heteropterys eglandulosa,A.Juss.,Brazil
Malpighiaceae,Heteropterys nervosa,A.Juss.,Brazil
Malpighiaceae,Heteropterys sincorensis,W.R.Anderson,Brazil
Malpighiaceae,Hiraea fagifolia,(DC.) A.Juss.,Brazil
Malpighiaceae,Lophanthera lactescens,Ducke,Brazil
Malpighiaceae,Lophanthera longifolia,(Kunth) Griseb.,Brazil
Malpighiaceae,Lophanthera pendula,Ducke,Brazil
Malpighiaceae,Pterandra arborea,Ducke,Brazil
Malpighiaceae,Pterandra egleri,W.R.Anderson,Brazil
Malpighiaceae,Pterandra evansii,Cuatrec.,Brazil
Malpighiaceae,Pterandra hirsuta,C.E.Anderson,Brazil
Malpighiaceae,Ptilochaeta bahiensis,Turcz.,Brazil
Malpighiaceae,Ptilochaeta densiflora,Nied.,Brazil
Malpighiaceae,Ptilochaeta glabra,Nied.,Brazil
Malpighiaceae,Spachea elegans,(G.Mey.) A.Juss.,Brazil
Malpighiaceae,Spachea tricarpa,A.Juss.,Brazil
Malpighiaceae,Tetrapterys styloptera,A.Juss.,Brazil
Malvaceae,Abutilon venosum,Lem.,Brazil
Malvaceae,Aguiaria excelsa,Ducke,Brazil
Malvaceae,Akrosida macrophylla,(Ulbr.) Fryxell & Fuertes,Brazil
Malvaceae,Apeiba albiflora,Ducke,Brazil
Malvaceae,Apeiba glabra,Aubl.,Brazil
Malvaceae,Apeiba membranacea,Spruce ex Benth.,Brazil
Malvaceae,Apeiba petoumo,Aubl.,Brazil
Malvaceae,Apeiba schomburgkii,Szyszył.,Brazil
Malvaceae,Apeiba tibourbou,Aubl.,Brazil
Malvaceae,Apeiba trombetensis,Dorr,Brazil
Malvaceae,Apeiba uittienii,Jans.-Jac. & Westra,Brazil
Malvaceae,Ayenia praeclara,Sandwith,Brazil
Malvaceae,Bastardiopsis densiflora,(Hook. & Arn.) Hassl.,Brazil
Malvaceae,Bastardiopsis grewiifolia,(Ulbr.) V.R.Fuertes & Fryxell,Brazil
Malvaceae,Byttneria ancistrodonta,Mildbr.,Brazil
Malvaceae,Byttneria aurantiaca,Mildbr.,Brazil
Malvaceae,Byttneria divaricata,Benth.,Brazil
Malvaceae,Callianthe bezerrae,(Monteiro) Donnell,Brazil
Malvaceae,Callianthe latipetala,(G.L.Esteves & Krapov.) Donnell,Brazil
Malvaceae,Callianthe mexiae,(R.E.Fr.) Donnell,Brazil
Malvaceae,Callianthe rufinerva,(A.St.-Hil.) Donnell,Brazil
Malvaceae,Catostemma albuquerquei,Paula,Brazil
Malvaceae,Catostemma cavalcantei,Paula,Brazil
Malvaceae,Catostemma grazielae,Paula,Brazil
Malvaceae,Catostemma milanezii,Paula,Brazil
Malvaceae,Catostemma sclerophyllum,Ducke,Brazil
Malvaceae,Cavanillesia hylogeiton,Ulbr.,Brazil
Malvaceae,Ceiba crispiflora,(Kunth) Ravenna,Brazil
Malvaceae,Ceiba erianthos,(Cav.) K.Schum.,Brazil
Malvaceae,Ceiba glaziovii,(Kuntze) K.Schum.,Brazil
Malvaceae,Ceiba jasminodora,(A.St.-Hil.) K.Schum.,Brazil
Malvaceae,Ceiba lupuna,P.E.Gibbs & Semir,Brazil
Malvaceae,Ceiba pentandra,(L.) Gaertn.,Brazil
Malvaceae,Ceiba pubiflora,(A.St.-Hil.) K.Schum.,Brazil
Malvaceae,Ceiba rubriflora,Carv.-Sobr. & L.P.Queiroz,Brazil
Malvaceae,Ceiba samauma,(Mart.) K.Schum.,Brazil
Malvaceae,Ceiba speciosa,(A.St.-Hil.) Ravenna,Brazil
Malvaceae,Ceiba ventricosa,(Nees & Mart.) Ravenna,Brazil
Malvaceae,Christiana africana,DC.,Brazil
Malvaceae,Christiana macrodon,Toledo,Brazil
Malvaceae,Christiana mennegae,(Jans.-Jac. & Westra) Kubitzki,Brazil
Malvaceae,Eriotheca bahiensis,M.C.Duarte & G.L.Esteves,Brazil
Malvaceae,Eriotheca candolleana,(K.Schum.) A.Robyns,Brazil
Malvaceae,Eriotheca dolichopoda,A.Robyns,Brazil
Malvaceae,Eriotheca estevesiae,Carv.-Sobr.,Brazil
Malvaceae,Eriotheca globosa,(Aubl.) A.Robyns,Brazil
Malvaceae,Eriotheca gracilipes,(K.Schum.) A.Robyns,Brazil
Malvaceae,Eriotheca longipedicellata,(Ducke) A.Robyns,Brazil
Malvaceae,Eriotheca longipes,(A.Robyns) M.C.Duarte & G.L.Esteves,Brazil
Malvaceae,Eriotheca longitubulosa,A.Robyns,Brazil
Malvaceae,Eriotheca macrophylla,(K.Schum.) A.Robyns,Brazil
Malvaceae,Eriotheca obcordata,A.Robyns & S.Nilsson,Brazil
Malvaceae,Eriotheca parvifolia,(Mart. & Zucc.) A.Robyns,Brazil
Malvaceae,Eriotheca pentaphylla,(Vell.) A.Robyns,Brazil
Malvaceae,Eriotheca pubescens,(Mart. & Zucc.) Schott & Endl.,Brazil
Malvaceae,Eriotheca roseorum,(Cuatrec.) A.Robyns,Brazil
Malvaceae,Eriotheca saxicola,Carv.-Sobr.,Brazil
Malvaceae,Eriotheca sclerophylla,(Ducke) M.C.Duarte & G.L.Esteves,Brazil
Malvaceae,Eriotheca surinamensis,(Uittien) A.Robyns,Brazil
Malvaceae,Gossypium barbadense,L.,Brazil
Malvaceae,Guazuma crinita,Mart.,Brazil
Malvaceae,Guazuma ulmifolia,Lam.,Brazil
Malvaceae,Helicteres baruensis,Jacq.,Brazil
Malvaceae,Helicteres brevispira,A.Juss.,Brazil
Malvaceae,Helicteres gardneriana,A.St.-Hil. & Naudin,Brazil
Malvaceae,Helicteres macropetala,A.St.-Hil.,Brazil
Malvaceae,Helicteres pentandra,L.,Brazil
Malvaceae,Helicteres vuarame,Mart.,Brazil
Malvaceae,Herrania camargoana,R.E.Schult.,Brazil
Malvaceae,Herrania kanukuensis,R.E.Schult.,Brazil
Malvaceae,Herrania mariae,(Mart.) Goudot,Brazil
Malvaceae,Herrania nitida,(Poepp.) R.E.Schult.,Brazil
Malvaceae,Hibiscus peterianus,Gürke,Brazil
Malvaceae,Hibiscus tiliaceus,L.,Brazil
Malvaceae,Hibiscus verbasciformis,Klotzsch ex Hochr.,Brazil
Malvaceae,Huberodendron swietenioides,(Gleason) Ducke,Brazil
Malvaceae,Hydrogaster trinervis,Kuhlm.,Brazil
Malvaceae,Luehea candicans,Mart.,Brazil
Malvaceae,Luehea candida,(Moc. & Sessé ex DC.) Mart.,Brazil
Malvaceae,Luehea conwentzii,K. Schum.,Brazil
Malvaceae,Luehea cymulosa,Spruce ex Benth.,Brazil
Malvaceae,Luehea divaricata,Mart.,Brazil
Malvaceae,Luehea fiebrigii,Burret,Brazil
Malvaceae,Luehea grandiflora,Mart.,Brazil
Malvaceae,Luehea microcarpa,R.E.Fr.,Brazil
Malvaceae,Luehea ochrophylla,Mart.,Brazil
Malvaceae,Luehea paniculata,Mart.,Brazil
Malvaceae,Luehea rufescens,A.St.-Hil.,Brazil
Malvaceae,Lueheopsis althaeiflora,(Spruce ex Benth.) Burret,Brazil
Malvaceae,Lueheopsis burretiana,Ducke,Brazil
Malvaceae,Lueheopsis duckeana,Burret,Brazil
Malvaceae,Lueheopsis hoehnei,Burret,Brazil
Malvaceae,Lueheopsis rosea,(Ducke) Burret,Brazil
Malvaceae,Matisia bicolor,Ducke,Brazil
Malvaceae,Matisia bracteolosa,Ducke,Brazil
Malvaceae,Matisia cordata,Bonpl.,Brazil
Malvaceae,Matisia intricata,(A.Robyns & S.Nilsson) W.S.Alverson,Brazil
Malvaceae,Matisia lasiocalyx,K.Schum.,Brazil
Malvaceae,Matisia lecythicarpa,Ducke,Brazil
Malvaceae,Matisia ochrocalyx,K.Schum.,Brazil
Malvaceae,Melochia caracasana,Jacq.,Brazil
Malvaceae,Melochia ulmifolia,Benth.,Brazil
Malvaceae,Mollia burchellii,Sprague,Brazil
Malvaceae,Mollia gracilis,Spruce ex Benth.,Brazil
Malvaceae,Mollia grandiflora,Meijer,Brazil
Malvaceae,Mollia lepidota,Spruce ex Benth.,Brazil
Malvaceae,Mollia longifolia,Spruce ex Benth.,Brazil
Malvaceae,Mollia lucens,Baehni,Brazil
Malvaceae,Mollia macrophylla,Killip & Cuatrec.,Brazil
Malvaceae,Mollia nitida,Ducke,Brazil
Malvaceae,Mollia paraensis,Baehni,Brazil
Malvaceae,Mollia speciosa,Mart.,Brazil
Malvaceae,Mollia tomentosa,Spruce ex Benth.,Brazil
Malvaceae,Mollia ulei,Burret,Brazil
Malvaceae,Ochroma pyramidale,(Cav. ex Lam.) Urb.,Brazil
Malvaceae,Pachira aquatica,Aubl.,Brazil
Malvaceae,Pachira brevipes,(A.Robyns) W.S.Alverson,Brazil
Malvaceae,Pachira calophylla,(K.Schum.) Fern.Alonso,Brazil
Malvaceae,Pachira deflexifolia,V.N.Yoshik. & M.C.Duarte,Brazil
Malvaceae,Pachira duckei,(A.Robyns) Fern.Alonso,Brazil
Malvaceae,Pachira endecaphylla,(Vell.) Carv.-Sobr.,Brazil
Malvaceae,Pachira faroensis,(Ducke) W.S.Alverson,Brazil
Malvaceae,Pachira glabra,Pasq.,Brazil
Malvaceae,Pachira gracilis,(A.Robyns) W.S.Alverson,Brazil
Malvaceae,Pachira inaequalivalvis,V.N.Yoshik. & M.C.Duarte,Brazil
Malvaceae,Pachira insignis,(Sw.) Savigny,Brazil
Malvaceae,Pachira macrocalyx,(Ducke) Fern.Alonso,Brazil
Malvaceae,Pachira minor,(Sims) Hemsl.,Brazil
Malvaceae,Pachira moreirae,Carv.-Sobr. & W.S.Alverson,Brazil
Malvaceae,Pachira nervosa,(Uittien) Fern.Alonso,Brazil
Malvaceae,Pachira nitida,Kunth,Brazil
Malvaceae,Pachira paraensis,(Ducke) W.S.Alverson,Brazil
Malvaceae,Pachira retusa,(Mart.) Fern.Alonso,Brazil
Malvaceae,Pachira rupicola,(A.Robyns) W.S.Alverson,Brazil
Malvaceae,Pachira sordida,(R.E.Schult.) W.S.Alverson,Brazil
Malvaceae,Pachira tocantina,(Ducke) Fern.Alonso,Brazil
Malvaceae,Patinoa paraensis,(Huber) Cuatrec.,Brazil
Malvaceae,Patinoa sphaerocarpa,Cuatrec.,Brazil
Malvaceae,Pavonia alnifolia,A.St.-Hil.,Brazil
Malvaceae,Pavonia calyculosa,A.St.-Hil. & Naudin,Brazil
Malvaceae,Pavonia cauliflora,(Nees & Mart.) Fryxell,Brazil
Malvaceae,Pavonia ciliata,G.L. Esteves & Krapov.,Brazil
Malvaceae,Pavonia crassipedicellata,Krapov.,Brazil
Malvaceae,Pavonia crispa,Krapov.,Brazil
Malvaceae,Pavonia ducke-limae,Monteiro,Brazil
Malvaceae,Pavonia gerleniae,Gonçalez & M.C.Duarte,Brazil
Malvaceae,Pavonia goetheoides,(Hassl.) Fryxell ex G. L. Esteves,Brazil
Malvaceae,Pavonia leucantha,Poepp. ex Garcke,Brazil
Malvaceae,Pavonia macrobracteolata,Gonçalez & M.C.Duarte,Brazil
Malvaceae,Pavonia makoyana,E. Morren,Brazil
Malvaceae,Pavonia malacophylla,(Link & Otto) Garcke,Brazil
Malvaceae,Pavonia morii,Krapov.,Brazil
Malvaceae,Pavonia paucidentata,Fryxell,Brazil
Malvaceae,Pavonia sancti,Krapov.,Brazil
Malvaceae,Pavonia semiserrata,(Schrad.) Steud.,Brazil
Malvaceae,Pavonia spectabilis,Krapov.,Brazil
Malvaceae,Pavonia stipularis,Krapov.,Brazil
Malvaceae,Pochota fendleri,(Seem.) W.S. Alverson & M.C. Duarte,Brazil
Malvaceae,Pseudobombax argentinum,(R.E. Fr.) A. Robyns,Brazil
Malvaceae,Pseudobombax calcicola,Carv.-Sobr. & L.P.Queiroz,Brazil
Malvaceae,Pseudobombax campestre,(Mart.) A. Robyns,Brazil
Malvaceae,Pseudobombax grandiflorum,(Cav.) A.Robyns,Brazil
Malvaceae,Pseudobombax longiflorum,(Mart. & Zucc.) A.Robyns,Brazil
Malvaceae,Pseudobombax majus,(A.Robyns) Carv.-Sobr.,Brazil
Malvaceae,Pseudobombax marginatum,(A.St.-Hil.) A.Robyns,Brazil
Malvaceae,Pseudobombax minimum,Carv.-Sobr. & L.P.Queiroz,Brazil
Malvaceae,Pseudobombax munguba,(Mart. & Zucc.) Dugand,Brazil
Malvaceae,Pseudobombax parvifolium,Carv.-Sobr. & L.P.Queiroz,Brazil
Malvaceae,Pseudobombax petropolitanum,A.Robyns,Brazil
Malvaceae,Pseudobombax septenatum,(Jacq.) Dugand,Brazil
Malvaceae,Pseudobombax simplicifolium,A. Robyns,Brazil
Malvaceae,Pseudobombax tomentosum,(Mart. & Zucc.) A.Robyns,Brazil
Malvaceae,Pterygota brasiliensis,Allemão,Brazil
Malvaceae,Quararibea amazonica,Ulbr.,Brazil
Malvaceae,Quararibea angustifolia,(Mart.) C.D.M.Ferreira & Bovini,Brazil
Malvaceae,Quararibea duckei,Huber,Brazil
Malvaceae,Quararibea guianensis,Aubl.,Brazil
Malvaceae,Quararibea turbinata,(Sw.) Poir.,Brazil
Malvaceae,Quararibea wittii,K.Schum. & Ulbr.,Brazil
Malvaceae,Scleronema micranthum,(Ducke) Ducke,Brazil
Malvaceae,Scleronema praecox,(Ducke) Ducke,Brazil
Malvaceae,Scleronema spruceana,Benth.,Brazil
Malvaceae,Septotheca tessmannii,Ulbr.,Brazil
Malvaceae,Spirotheca elegans,"Carv.-Sobr., M. Machado & L. P. Queiroz",Brazil
Malvaceae,Spirotheca rivieri,(Decne.) Ulbr.,Brazil
Malvaceae,Sterculia albidiflora,Ducke,Brazil
Malvaceae,Sterculia amazonica,E.L.Taylor ex Mondragón,Brazil
Malvaceae,Sterculia apeibophylla,Ducke,Brazil
Malvaceae,Sterculia apetala,(Jacq.) H.Karst.,Brazil
Malvaceae,Sterculia curiosa,(Vell.) Taroda,Brazil
Malvaceae,Sterculia duckei,E.L. Taylor ex J.A.C. Silva & M.F. Silva,Brazil
Malvaceae,Sterculia excelsa,Mart.,Brazil
Malvaceae,Sterculia frondosa,Rich.,Brazil
Malvaceae,Sterculia multiovula,E.L. Taylor ex Mondragón,Brazil
Malvaceae,Sterculia pendula,Ducke,Brazil
Malvaceae,Sterculia pruriens,(Aubl.) K.Schum.,Brazil
Malvaceae,Sterculia rigidifolia,Ducke,Brazil
Malvaceae,Sterculia stipulifera,Ducke,Brazil
Malvaceae,Sterculia striata,A.St.-Hil. & Naudin,Brazil
Malvaceae,Sterculia tessmannii,Mildbr.,Brazil
Malvaceae,Theobroma bicolor,Bonpl.,Brazil
Malvaceae,Theobroma canumanense,Pires & Fróes ex Cuatrec.,Brazil
Malvaceae,Theobroma glaucum,H.Karst.,Brazil
Malvaceae,Theobroma grandiflorum,(Willd. ex Spreng.) K.Schum.,Brazil
Malvaceae,Theobroma microcarpum,Mart.,Brazil
Malvaceae,Theobroma obovatum,Klotzsch ex Bernoulli,Brazil
Malvaceae,Theobroma speciosum,Willd. ex Spreng.,Brazil
Malvaceae,Theobroma subincanum,Mart.,Brazil
Malvaceae,Theobroma velutinum,Benoist,Brazil
Malvaceae,Triumfetta bogotensis,DC.,Brazil
Malvaceae,Triumfetta lappula,L.,Brazil
Malvaceae,Triumfetta semitriloba,Jacq.,Brazil
Malvaceae,Vasivaea alchorneoides,Baill.,Brazil
Malvaceae,Waltheria cinerescens,A.St.-Hil.,Brazil
Malvaceae,Waltheria polyantha,K. Schum.,Brazil
Marcgraviaceae,Marcgraviastrum cuneifolium,(Gardner) Bedell,Brazil
Martyniaceae,Holoregmia viscida,Nees,Brazil
Melastomataceae,Acanthella sprucei,Benth. & Hook.f.,Brazil
Melastomataceae,Bellucia acutata,Pilg.,Brazil
Melastomataceae,Bellucia aequiloba,Pilg.,Brazil
Melastomataceae,Bellucia arborescens,Baill.,Brazil
Melastomataceae,Bellucia egensis,"(Mart. ex DC.) Penneys, Michelang., Judd & Almeda",Brazil
Melastomataceae,Bellucia grossularioides,(L.) Triana,Brazil
Melastomataceae,Bellucia imperialis,Saldanha & Cogn.,Brazil
Melastomataceae,Bellucia klugii,"(S.S.Renner) Penneys, Michelang., Judd & Almeda",Brazil
Melastomataceae,Bellucia mespiloides,(Miq.) Macbr.,Brazil
Melastomataceae,Bellucia nigricans,"(Hook.f.) Penneys, Michelang., Judd & Almeda",Brazil
Melastomataceae,Bellucia ovata,"(O.Berg ex Triana) Penneys, Michelang., Judd & Almeda",Brazil
Melastomataceae,Bellucia pentamera,Naudin,Brazil
Melastomataceae,Bellucia riparia,"(S.S.Renner) Penneys, Michelang., Judd & Almeda",Brazil
Melastomataceae,Bellucia spruceana,(Triana) J.F.Macbr.,Brazil
Melastomataceae,Bellucia strigosa,"(Gleason) Penneys, Michelang., Judd & Almeda",Brazil
Melastomataceae,Bellucia subandina,"(Wurdack) Penneys, Michelang., Judd & Almeda",Brazil
Melastomataceae,Bellucia subrotundifolia,Wurdack,Brazil
Melastomataceae,Bellucia umbellata,Gleason,Brazil
Melastomataceae,Bellucia wurdackiana,"(S.S.Renner) Penneys, Michelang., Judd & Almeda",Brazil
Melastomataceae,Blakea brasiliensis,Cogn.,Brazil
Melastomataceae,Blakea ferruginea,(Gleason) Penneys & Judd,Brazil
Melastomataceae,Blakea parasitica,(Aubl.) D. Don,Brazil
Melastomataceae,Blakea rosea,(Ruiz & Pav.) D. Don,Brazil
Melastomataceae,Clidemia allardii,Wurdack,Brazil
Melastomataceae,Clidemia capitellata,(Bonpl.) D. Don,Brazil
Melastomataceae,Clidemia dentata,Pav. ex D. Don,Brazil
Melastomataceae,Clidemia dimorphica,J.F.Macbr.,Brazil
Melastomataceae,Clidemia epiphytica,(Triana) Cogn.,Brazil
Melastomataceae,Clidemia inobsepta,Wurdack,Brazil
Melastomataceae,Clidemia rubra,(Aubl.) Mart.,Brazil
Melastomataceae,Clidemia septuplinervia,Cogn.,Brazil
Melastomataceae,Desmoscelis villosa,(Aubl.) Naudin,Brazil
Melastomataceae,Graffenrieda caryophyllea,Triana,Brazil
Melastomataceae,Graffenrieda glandulosa,R. Goldenb. & J. Meirelles,Brazil
Melastomataceae,Graffenrieda goldenbergii,"L.F.Lima, Baumgratz, NicLugh. & J.U.Santos",Brazil
Melastomataceae,Graffenrieda gracilis,(Triana) L.O. Williams,Brazil
Melastomataceae,Graffenrieda intermedia,Triana,Brazil
Melastomataceae,Graffenrieda laevicarpa,Michelang. & R.Goldenb.,Brazil
Melastomataceae,Graffenrieda limbata,Triana,Brazil
Melastomataceae,Graffenrieda miconioides,Naudin,Brazil
Melastomataceae,Graffenrieda moaensis,Wurdack,Brazil
Melastomataceae,Graffenrieda polymera,Gleason,Brazil
Melastomataceae,Graffenrieda reticulata,Wurdack,Brazil
Melastomataceae,Graffenrieda rupestris,Ducke,Brazil
Melastomataceae,Graffenrieda sessilifolia,Triana,Brazil
Melastomataceae,Graffenrieda weddellii,Naudin,Brazil
Melastomataceae,Henriettea caudata,"(Gleason) Penneys, F.A. Michelangeli, Judd & Almeda",Brazil
Melastomataceae,Henriettea duckeana,"(Hoehne) Penneys, F.A. Michelangeli, Judd & Almeda",Brazil
Melastomataceae,Henriettea fascicularis,(Sw.) M.Gómez,Brazil
Melastomataceae,Henriettea flavescens,(Aubl.) Baill.,Brazil
Melastomataceae,Henriettea glabra,"(Vell.) Penneys, F.A. Michelangeli, Judd & Almeda",Brazil
Melastomataceae,Henriettea granulata,O. Berg & Triana,Brazil
Melastomataceae,Henriettea horridula,Pilg.,Brazil
Melastomataceae,Henriettea lasiostylis,Pilg.,Brazil
Melastomataceae,Henriettea maroniensis,Sagot,Brazil
Melastomataceae,Henriettea martiusii,(DC.) Naudin,Brazil
Melastomataceae,Henriettea ovata,"(Cogn.) Penneys, F.A.Michelangeli, Judd & Almeda",Brazil
Melastomataceae,Henriettea patrisiana,DC.,Brazil
Melastomataceae,Henriettea ramiflora,(Sw.) DC.,Brazil
Melastomataceae,Henriettea spruceana,Cogn.,Brazil
Melastomataceae,Henriettea stellaris,O. Berg ex Triana,Brazil
Melastomataceae,Henriettea steyermarkii,"(Wurdack) Penneys, F.A. Michelangeli, Judd & Almeda",Brazil
Melastomataceae,Henriettea succosa,(Aubl.) DC.,Brazil
Melastomataceae,Huberia carvalhoi,Baumgratz        ,Brazil
Melastomataceae,Huberia consimilis,Baumgratz,Brazil
Melastomataceae,Huberia espiritosantensis,Baumgratz,Brazil
Melastomataceae,Huberia glazioviana,Cogn.,Brazil
Melastomataceae,Huberia insignis,(Cham.) Bochorny & R.Goldenb.,Brazil
Melastomataceae,Huberia laurina,DC.,Brazil
Melastomataceae,Huberia minor,Cogn.,Brazil
Melastomataceae,Huberia nettoana,Brade,Brazil
Melastomataceae,Huberia ovalifolia,DC.,Brazil
Melastomataceae,Huberia piranii,Baumgratz        ,Brazil
Melastomataceae,Huberia semiserrata,DC.,Brazil
Melastomataceae,Huberia sessilifolia,R.Goldenb. & Michelang.,Brazil
Melastomataceae,Huberia triplinervis,Cogn.,Brazil
Melastomataceae,Lavoisiera harleyi,Wurdack,Brazil
Melastomataceae,Lavoisiera nervulosa,Naudin,Brazil
Melastomataceae,Lavoisiera punctata,DC.,Brazil
Melastomataceae,Leandra acutiflora,(Naudin) Cogn.,Brazil
Melastomataceae,Leandra amplexicaulis,DC.,Brazil
Melastomataceae,Leandra aurea,(Cham.) Cogn.,Brazil
Melastomataceae,Leandra barbinervis,(Cham. ex Triana) Cogn.,Brazil
Melastomataceae,Leandra brackenridgei,Cogn.,Brazil
Melastomataceae,Leandra breviflora,Cogn.,Brazil
Melastomataceae,Leandra carassana,(DC.) Cogn.,Brazil
Melastomataceae,Leandra chaetodon,(DC.) Cogn.,Brazil
Melastomataceae,Leandra clidemioides,(Naudin) Wurdack,Brazil
Melastomataceae,Leandra cogniauxiana,Reginato,Brazil
Melastomataceae,Leandra cuneata,(Mart.) Cogn.,Brazil
Melastomataceae,Leandra dentata,Cogn.,Brazil
Melastomataceae,Leandra eriocalyx,Cogn.,Brazil
Melastomataceae,Leandra fallacissima,Markgr.,Brazil
Melastomataceae,Leandra lancifolia,Cogn.,Brazil
Melastomataceae,Leandra loligomorpha,(R.Goldenb. & Reginato) Reginato,Brazil
Melastomataceae,Leandra melastomoides,Raddi,Brazil
Melastomataceae,Leandra micropetala,(Naudin) Cogn.,Brazil
Melastomataceae,Leandra mourae,Cogn.,Brazil
Melastomataceae,Leandra multiplinervis,(Naudin) Cogn.,Brazil
Melastomataceae,Leandra multisetosa,Cogn.,Brazil
Melastomataceae,Leandra pennipilis,Cogn.,Brazil
Melastomataceae,Leandra pilonensis,Wurdack,Brazil
Melastomataceae,Leandra purpureo-villosa,Hoehne,Brazil
Melastomataceae,Leandra quinquedentata,Cogn.,Brazil
Melastomataceae,Leandra quinquenodis,Cogn.,Brazil
Melastomataceae,Leandra regnellii,(Triana) Cogn.,Brazil
Melastomataceae,Leandra reitzii,Wurdack,Brazil
Melastomataceae,Leandra rhodopogon,(DC.) Cogn.,Brazil
Melastomataceae,Leandra solenifera,Cogn.,Brazil
Melastomataceae,Leandra sphaerocarpa,Cogn.,Brazil
Melastomataceae,Leandra tetraquetra,Cogn.,Brazil
Melastomataceae,Leandra truncata,Baumgratz & D'El Rei Souza,Brazil
Melastomataceae,Leandra umbellata,DC.,Brazil
Melastomataceae,Leandra variabilis,Cogn.,Brazil
Melastomataceae,Leandra vesiculosa,Cogn.,Brazil
Melastomataceae,Macairea cuieirasii,S.S. Renner,Brazil
Melastomataceae,Macairea pachyphylla,Benth.,Brazil
Melastomataceae,Macairea radula,(Bonpl.) DC.,Brazil
Melastomataceae,Macairea stylosa,Triana,Brazil
Melastomataceae,Macairea theresiae,Cogn.,Brazil
Melastomataceae,Macairea thyrsiflora,DC.,Brazil
Melastomataceae,Maieta guianensis,Aubl.,Brazil
Melastomataceae,Meriania aracaensis,Wurdack,Brazil
Melastomataceae,Meriania calophylla,(Cham.) Triana,Brazil
Melastomataceae,Meriania calyptrata,(Naudin) Triana,Brazil
Melastomataceae,Meriania claussenii,(Naudin) Triana,Brazil
Melastomataceae,Meriania excelsa,(Gardner) Cogn.,Brazil
Melastomataceae,Meriania glabra,(DC.) Triana,Brazil
Melastomataceae,Meriania glazioviana,Cogn.,Brazil
Melastomataceae,Meriania inflata,Michelang. & R.Goldenb.,Brazil
Melastomataceae,Meriania longipes,O. Berg ex Triana,Brazil
Melastomataceae,Meriania neblinensis,Wurdack,Brazil
Melastomataceae,Meriania paniculata,Cogn.,Brazil
Melastomataceae,Meriania robusta,Cogn.,Brazil
Melastomataceae,Meriania tetramera,Wurdack,Brazil
Melastomataceae,Meriania urceolata,Triana,Brazil
Melastomataceae,Merianthera eburnea,R.Goldenb. & Fraga,Brazil
Melastomataceae,Merianthera pulchra,Kuhlm.,Brazil
Melastomataceae,Merianthera sipolisii,(Glaz. & Cogn.) Wurdack,Brazil
Melastomataceae,Merianthera verrucosa,"R.Goldenb. , Fraga & A.P.Fontana",Brazil
Melastomataceae,Miconia abbreviata,Markgr.,Brazil
Melastomataceae,Miconia acuminata,(Steud.) Naudin,Brazil
Melastomataceae,Miconia acutifolia,Ule,Brazil
Melastomataceae,Miconia affinis,DC.,Brazil
Melastomataceae,Miconia albicans,(Sw.) Steud.,Brazil
Melastomataceae,Miconia alborufescens,Naudin,Brazil
Melastomataceae,Miconia aliquantula,Wurdack,Brazil
Melastomataceae,Miconia alternans,Naudin,Brazil
Melastomataceae,Miconia altissima,Cogn.,Brazil
Melastomataceae,Miconia amacurensis,Wurdack,Brazil
Melastomataceae,Miconia amazonica,Triana,Brazil
Melastomataceae,Miconia amnicola,Wurdack,Brazil
Melastomataceae,Miconia amoena,Triana,Brazil
Melastomataceae,Miconia ampla,Triana,Brazil
Melastomataceae,Miconia angelana,R. Romero & R. Goldenb.,Brazil
Melastomataceae,Miconia aplostachya,(Bonpl.) DC.,Brazil
Melastomataceae,Miconia argyrophylla,DC.,Brazil
Melastomataceae,Miconia astrocalyx,Meirelles & R.Goldenb.,Brazil
Melastomataceae,Miconia atlantica,Caddah & R.Goldenb.,Brazil
Melastomataceae,Miconia aulocalyx,Mart.,Brazil
Melastomataceae,Miconia aurea,(D. Don) Naudin,Brazil
Melastomataceae,Miconia aureoides,Cogn.,Brazil
Melastomataceae,Miconia barbinervis,(Benth.) Triana,Brazil
Melastomataceae,Miconia baumgratziana,R.Goldenb. & C.V.Martin,Brazil
Melastomataceae,Miconia biglandulosa,Gleason,Brazil
Melastomataceae,Miconia bradeana,Baumgratz & R.Goldenb.,Brazil
Melastomataceae,Miconia brasiliensis,(Spreng.) Triana,Brazil
Melastomataceae,Miconia brevipes,Benth.,Brazil
Melastomataceae,Miconia brunnea,Mart. ex DC.,Brazil
Melastomataceae,Miconia bubalina,Naudin,Brazil
Melastomataceae,Miconia buddlejoides,Triana,Brazil
Melastomataceae,Miconia bullifera,(Mart. & Schrank ex DC.) Michelang.,Brazil
Melastomataceae,Miconia burchellii,Triana,Brazil
Melastomataceae,Miconia cabucu,Hoehne,Brazil
Melastomataceae,Miconia caiuia,E.C.O.Chagas & R.Goldenb.,Brazil
Melastomataceae,Miconia calvescens,DC.,Brazil
Melastomataceae,Miconia cannabina,Markgr.,Brazil
Melastomataceae,Miconia capixaba,R. Goldenb.,Brazil
Melastomataceae,Miconia caquetana,(Sprague) Michelang.,Brazil
Melastomataceae,Miconia castaneiflora,Naudin,Brazil
Melastomataceae,Miconia caudigera,DC.,Brazil
Melastomataceae,Miconia cautis,Wurdack,Brazil
Melastomataceae,Miconia centrodesma,Naudin,Brazil
Melastomataceae,Miconia ceramicarpa,(DC.) Cogn.,Brazil
Melastomataceae,Miconia chamissois,Naudin,Brazil
Melastomataceae,Miconia chartacea,Triana,Brazil
Melastomataceae,Miconia chrysophylla,(Rich.) Urb.,Brazil
Melastomataceae,Miconia ciliata,(Rich.) DC.,Brazil
Melastomataceae,Miconia cinchonifolia,DC.,Brazil
Melastomataceae,Miconia cinerascens,Miq.,Brazil
Melastomataceae,Miconia cinnamomifolia,(DC.) Naudin,Brazil
Melastomataceae,Miconia collatata,Wurdack,Brazil
Melastomataceae,Miconia comptifolia,Wurdack,Brazil
Melastomataceae,Miconia corallina,Spring,Brazil
Melastomataceae,Miconia costoides,(Michelang.) Michelang.,Brazil
Melastomataceae,Miconia cowanii,Wurdack,Brazil
Melastomataceae,Miconia crassinervia,Cogn.,Brazil
Melastomataceae,Miconia cretacea,Gleason,Brazil
Melastomataceae,Miconia cubatanensis,Hoehne,Brazil
Melastomataceae,Miconia cuspidata,Mart. ex Naudin,Brazil
Melastomataceae,Miconia decurrens,Cogn.,Brazil
Melastomataceae,Miconia dichrophylla,J.F.Macbr.,Brazil
Melastomataceae,Miconia discolor,DC.,Brazil
Melastomataceae,Miconia dispar,Benth.,Brazil
Melastomataceae,Miconia dodecandra,Cogn.,Brazil
Melastomataceae,Miconia dolichorrhyncha,Naudin,Brazil
Melastomataceae,Miconia dorsaliporosa,R. Goldenb. & Reginato,Brazil
Melastomataceae,Miconia duckei,Cogn.,Brazil
Melastomataceae,Miconia egensis,Cogn.,Brazil
Melastomataceae,Miconia elaeodendrum,Naudin,Brazil
Melastomataceae,Miconia elata,(Sw.) DC.,Brazil
Melastomataceae,Miconia elegans,Cogn.,Brazil
Melastomataceae,Miconia emendata,Wurdack,Brazil
Melastomataceae,Miconia eriocalyx,Cogn.,Brazil
Melastomataceae,Miconia erioclada,Triana,Brazil
Melastomataceae,Miconia eriodonta,DC.,Brazil
Melastomataceae,Miconia eugenioides,Triana,Brazil
Melastomataceae,Miconia fasciculata,Gardner,Brazil
Melastomataceae,Miconia ferruginata,DC.,Brazil
Melastomataceae,Miconia fissa,Gleason,Brazil
Melastomataceae,Miconia flammea,Casar.,Brazil
Melastomataceae,Miconia formosa,Cogn.,Brazil
Melastomataceae,Miconia forzzae,R.Goldenb. & Hinoshita,Brazil
Melastomataceae,Miconia fosteri,Wurdack,Brazil
Melastomataceae,Miconia fragrans,Cogn.,Brazil
Melastomataceae,Miconia goldenbergiana,Caddah,Brazil
Melastomataceae,Miconia grandifoliata,R.Goldenb. & Michelang.,Brazil
Melastomataceae,Miconia gratissima,Benth. ex Triana,Brazil
Melastomataceae,Miconia heliotropoides,Triana,Brazil
Melastomataceae,Miconia hirtella,Cogn.,Brazil
Melastomataceae,Miconia holosericea,(L.) DC.,Brazil
Melastomataceae,Miconia hyemalis,A.St.-Hil. & Naudin,Brazil
Melastomataceae,Miconia hypoleuca,(Benth.) Triana,Brazil
Melastomataceae,Miconia ibaguensis,(Bonpl.) Triana,Brazil
Melastomataceae,Miconia impetiolaris,(Sw.) D. Don ex DC.,Brazil
Melastomataceae,Miconia inconspicua,Miq.,Brazil
Melastomataceae,Miconia irwinii,Wurdack,Brazil
Melastomataceae,Miconia juruensis,Pilg.,Brazil
Melastomataceae,Miconia kapplerii,Naudin,Brazil
Melastomataceae,Miconia kavanayensis,Wurdack,Brazil
Melastomataceae,Miconia klotzschii,Triana,Brazil
Melastomataceae,Miconia kollmannii,R.Goldenb. & Reginato,Brazil
Melastomataceae,Miconia laevigata,(L.) D. Don,Brazil
Melastomataceae,Miconia lamprophylla,Triana,Brazil
Melastomataceae,Miconia lanata,(DC.) Triana,Brazil
Melastomataceae,Miconia latecrenata,(DC.) Naudin,Brazil
Melastomataceae,Miconia lateriflora,Cogn.,Brazil
Melastomataceae,Miconia lepidota,Schrank & Mart. ex DC.,Brazil
Melastomataceae,Miconia leucocarpa,DC.,Brazil
Melastomataceae,Miconia ligustroides,(DC.) Naudin,Brazil
Melastomataceae,Miconia longifolia,(Aubl.) DC.,Brazil
Melastomataceae,Miconia longispicata,Triana,Brazil
Melastomataceae,Miconia lourteigiana,Wurdack,Brazil
Melastomataceae,Miconia lugonis,Wurdack,Brazil
Melastomataceae,Miconia lurida,Cogn.,Brazil
Melastomataceae,Miconia lymanii,Wurdack,Brazil
Melastomataceae,Miconia macrophysca,(Spruce ex Triana) Michelang.,Brazil
Melastomataceae,Miconia macroptera,(Naudin) Michelang.,Brazil
Melastomataceae,Miconia macrosperma,(Mart.) Michelang.,Brazil
Melastomataceae,Miconia macrotis,(Griseb.) Cogn.,Brazil
Melastomataceae,Miconia manauara,"R.Goldenb., Caddah & Michelang.",Brazil
Melastomataceae,Miconia manserichensis,(Wurdack) Michelang.,Brazil
Melastomataceae,Miconia maroana,Wurdack,Brazil
Melastomataceae,Miconia matthaei,Naudin,Brazil
Melastomataceae,Miconia mattogrossensis,Hoehne,Brazil
Melastomataceae,Miconia mazanana,J.F.Macbr.,Brazil
Melastomataceae,Miconia mellina,DC.,Brazil
Melastomataceae,Miconia michelangeliana,R.Goldenb. & L.Kollmann,Brazil
Melastomataceae,Miconia minutiflora,(Bonpl.) DC.,Brazil
Melastomataceae,Miconia mirabilis,(Aubl.) L.O. Williams,Brazil
Melastomataceae,Miconia molesta,Cogn.,Brazil
Melastomataceae,Miconia multispicata,Naudin,Brazil
Melastomataceae,Miconia myriantha,Benth.,Brazil
Melastomataceae,Miconia nervosa,(Sm.) Triana,Brazil
Melastomataceae,Miconia nordestina,R.Goldenb. & E.C.O.Chagas,Brazil
Melastomataceae,Miconia octopetala,Cogn.,Brazil
Melastomataceae,Miconia organensis,Gardner,Brazil
Melastomataceae,Miconia pachydonta,Gleason,Brazil
Melastomataceae,Miconia paleacea,Cogn.,Brazil
Melastomataceae,Miconia paniculata,(Mart. & Schrank ex DC.) Naudin,Brazil
Melastomataceae,Miconia paucidens,DC.,Brazil
Melastomataceae,Miconia pepericarpa,Mart. ex DC.,Brazil
Melastomataceae,Miconia petroniana,Cogn. & Saldanha,Brazil
Melastomataceae,Miconia petropolitana,Cogn.,Brazil
Melastomataceae,Miconia phaeophylla,Triana,Brazil
Melastomataceae,Miconia phanerostila,Pilg.,Brazil
Melastomataceae,Miconia picinguabensis,R.Goldenb. & A.B.Martins,Brazil
Melastomataceae,Miconia pileata,DC.,Brazil
Melastomataceae,Miconia poeppigii,Triana,Brazil
Melastomataceae,Miconia polyandra,Gardner,Brazil
Melastomataceae,Miconia prancei,Wurdack,Brazil
Melastomataceae,Miconia prasina,(Sw.) DC.,Brazil
Melastomataceae,Miconia pterocaulon,Triana,Brazil
Melastomataceae,Miconia puberula,Cogn.,Brazil
Melastomataceae,Miconia pubipetala,Miq.,Brazil
Melastomataceae,Miconia pulchra,Cogn.,Brazil
Melastomataceae,Miconia punctata,(Desr.) D. Don ex DC.,Brazil
Melastomataceae,Miconia pusilliflora,(DC.) Naudin,Brazil
Melastomataceae,Miconia pyrifolia,Naudin,Brazil
Melastomataceae,Miconia racemifera,(Schrank & Mart. ex DC.) Triana,Brazil
Melastomataceae,Miconia racemosa,(Aubl.) DC.,Brazil
Melastomataceae,Miconia ramboi,Brade,Brazil
Melastomataceae,Miconia regelii,Cogn.,Brazil
Melastomataceae,Miconia renatogoldenbergii,Meirelles & Bacci,Brazil
Melastomataceae,Miconia rimalis,Naudin,Brazil
Melastomataceae,Miconia robusta,Cogn.,Brazil
Melastomataceae,Miconia rondoniensis,Meirelles & R.Goldenb.,Brazil
Melastomataceae,Miconia rubiginosa,(Bonpl.) DC.,Brazil
Melastomataceae,Miconia rufescens,(Aubl.) DC.,Brazil
Melastomataceae,Miconia ruficalyx,Gleason,Brazil
Melastomataceae,Miconia rufipila,Triana,Brazil
Melastomataceae,Miconia rugosa,Triana,Brazil
Melastomataceae,Miconia sagotiana,Cogn.,Brazil
Melastomataceae,Miconia sclerophylla,Triana,Brazil
Melastomataceae,Miconia secundiflora,Cogn.,Brazil
Melastomataceae,Miconia secunfrancavillana,Ocampo & Almeda,Brazil
Melastomataceae,Miconia sellowiana,Naudin,Brazil
Melastomataceae,Miconia serialis,DC.,Brazil
Melastomataceae,Miconia serrulata,(DC.) Naudin,Brazil
Melastomataceae,Miconia setifera,(Pilg.) Michelang.,Brazil
Melastomataceae,Miconia setosociliata,Cogn.,Brazil
Melastomataceae,Miconia shepherdii,R.Goldenb. & Reginato,Brazil
Melastomataceae,Miconia speciosa,Naudin,Brazil
Melastomataceae,Miconia spennerostachya,Naudin,Brazil
Melastomataceae,Miconia spichigeri,Wurdack,Brazil
Melastomataceae,Miconia splendens,(Sw.) Griseb.,Brazil
Melastomataceae,Miconia sprucei,Triana,Brazil
Melastomataceae,Miconia staminea,DC.,Brazil
Melastomataceae,Miconia stelligera,Cogn.,Brazil
Melastomataceae,Miconia stellulata,Gleason,Brazil
Melastomataceae,Miconia stenoptera,(Gleason) Michelang.,Brazil
Melastomataceae,Miconia stenostachya,DC.,Brazil
Melastomataceae,Miconia stephananthera,Ule,Brazil
Melastomataceae,Miconia stephanotricha,(Naudin) Michelang.,Brazil
Melastomataceae,Miconia subandicola,Wurdack,Brazil
Melastomataceae,Miconia subciliata,DC.,Brazil
Melastomataceae,Miconia subcordata,Cogn.,Brazil
Melastomataceae,Miconia suberosa,Meirelles & R.Goldenb.,Brazil
Melastomataceae,Miconia subhirsuta,(DC.) M.Gómez,Brazil
Melastomataceae,Miconia subspicata,Wurdack,Brazil
Melastomataceae,Miconia subvernicosa,Cogn.,Brazil
Melastomataceae,Miconia tentaculifera,Naudin,Brazil
Melastomataceae,Miconia tepuiensis,(Wurdack) Michelang.,Brazil
Melastomataceae,Miconia ternatifolia,Triana,Brazil
Melastomataceae,Miconia tetragona,Cogn.,Brazil
Melastomataceae,Miconia tetrasperma,Gleason,Brazil
Melastomataceae,Miconia tetraspermoides,Wurdack,Brazil
Melastomataceae,Miconia theaezans,Cogn.,Brazil
Melastomataceae,Miconia tillettii,Wurdack,Brazil
Melastomataceae,Miconia tocoaristata,Michelang.,Brazil
Melastomataceae,Miconia tococa,(Desr.) Michelang.,Brazil
Melastomataceae,Miconia tococapitata,Michelang.,Brazil
Melastomataceae,Miconia tococaudata,Michelang.,Brazil
Melastomataceae,Miconia tococinnamomea,Michelang.,Brazil
Melastomataceae,Miconia tococordata,Michelang.,Brazil
Melastomataceae,Miconia tococoronata,Michelang.,Brazil
Melastomataceae,Miconia tomentosa,(Rich.) D. Don ex DC.,Brazil
Melastomataceae,Miconia traillii,Cogn.,Brazil
Melastomataceae,Miconia trianae,Cogn.,Brazil
Melastomataceae,Miconia trinervia,(Sw.) D. Don ex Loudon,Brazil
Melastomataceae,Miconia triplinervis,Ruiz & Pav.,Brazil
Melastomataceae,Miconia tristis,Spring,Brazil
Melastomataceae,Miconia truncata,Triana,Brazil
Melastomataceae,Miconia umbrosa,Cogn.,Brazil
Melastomataceae,Miconia undata,Triana,Brazil
Melastomataceae,Miconia urophylla,DC.,Brazil
Melastomataceae,Miconia valentinensis,Bacci & R.Goldenb.,Brazil
Melastomataceae,Miconia valtheri,Naudin,Brazil
Melastomataceae,Miconia variabilis,Gamba & Almeda,Brazil
Melastomataceae,Miconia wagneri,J.F.Macbr.,Brazil
Melastomataceae,Miconia warmingiana,Cogn.,Brazil
Melastomataceae,Miconia weddellii,Naudin,Brazil
Melastomataceae,Miconia willdenowii,Klotzsch ex Naudin,Brazil
Melastomataceae,Miconia wittii,Ule,Brazil
Melastomataceae,Miconia woytkowskii,Wurdack        ,Brazil
Melastomataceae,Microlicia stenodonoides,D.O.Diniz-Neres & M.J.Silva,Brazil
Melastomataceae,Mouriri acutiflora,Naudin,Brazil
Melastomataceae,Mouriri angulicosta,Morley,Brazil
Melastomataceae,Mouriri apiranga,Spruce ex Triana,Brazil
Melastomataceae,Mouriri arborea,Gardner,Brazil
Melastomataceae,Mouriri brachyanthera,Ducke,Brazil
Melastomataceae,Mouriri brevipes,Hook.,Brazil
Melastomataceae,Mouriri cauliflora,Mart. ex DC.,Brazil
Melastomataceae,Mouriri cearensis,Huber,Brazil
Melastomataceae,Mouriri chamissoana,Cogn.,Brazil
Melastomataceae,Mouriri collocarpa,Ducke,Brazil
Melastomataceae,Mouriri crassifolia,Sagot,Brazil
Melastomataceae,Mouriri densifoliata,Ducke,Brazil
Melastomataceae,Mouriri dimorphandra,Morley,Brazil
Melastomataceae,Mouriri doriana,Saldanha ex Cogn.,Brazil
Melastomataceae,Mouriri duckeana,Morley,Brazil
Melastomataceae,Mouriri duckeanoides,Morley,Brazil
Melastomataceae,Mouriri dumetosa,Cogn.,Brazil
Melastomataceae,Mouriri elliptica,Mart.,Brazil
Melastomataceae,Mouriri eugeniifolia,Spruce ex Triana,Brazil
Melastomataceae,Mouriri ficoides,Morley,Brazil
Melastomataceae,Mouriri floribunda,Markgr.,Brazil
Melastomataceae,Mouriri francavillana,Cogn.,Brazil
Melastomataceae,Mouriri froesii,Morley,Brazil
Melastomataceae,Mouriri gardneri,Triana,Brazil
Melastomataceae,Mouriri glazioviana,Cogn.,Brazil
Melastomataceae,Mouriri grandiflora,DC.,Brazil
Melastomataceae,Mouriri guianensis,Aubl.,Brazil
Melastomataceae,Mouriri huberi,Cogn.,Brazil
Melastomataceae,Mouriri longifolia,(Kunth) Morley,Brazil
Melastomataceae,Mouriri lunatanthera,Morley,Brazil
Melastomataceae,Mouriri micradenia,Ducke        ,Brazil
Melastomataceae,Mouriri myrtifolia,Spruce ex Triana,Brazil
Melastomataceae,Mouriri myrtilloides,(Sw.) Poir.,Brazil
Melastomataceae,Mouriri nervosa,Pilg.,Brazil
Melastomataceae,Mouriri nigra,(DC.) Morley,Brazil
Melastomataceae,Mouriri obtusiloba,Morley        ,Brazil
Melastomataceae,Mouriri oligantha,Pilg.,Brazil
Melastomataceae,Mouriri pauciflora,Spruce ex Cogn.,Brazil
Melastomataceae,Mouriri peruviana,Morley,Brazil
Melastomataceae,Mouriri pranceana,Morley,Brazil
Melastomataceae,Mouriri pusa,Gardner ex Gardner,Brazil
Melastomataceae,Mouriri regeliana,Cogn.,Brazil
Melastomataceae,Mouriri retentipetala,Morley,Brazil
Melastomataceae,Mouriri sagotiana,Triana,Brazil
Melastomataceae,Mouriri sideroxylon,Sagot ex Triana,Brazil
Melastomataceae,Mouriri spruceana,Morley,Brazil
Melastomataceae,Mouriri subumbellata,Triana,Brazil
Melastomataceae,Mouriri torquata,Morley,Brazil
Melastomataceae,Mouriri trunciflora,Ducke,Brazil
Melastomataceae,Mouriri vernicosa,Naudin,Brazil
Melastomataceae,Ossaea angustifolia,Triana,Brazil
Melastomataceae,Ossaea cucullata,Gleason,Brazil
Melastomataceae,Ossaea mavacana,Wurdack,Brazil
Melastomataceae,Ossaea suprabasalis,R.Goldenb. & Reginato,Brazil
Melastomataceae,Pachyloma coriaceum,DC.,Brazil
Melastomataceae,Pleroma arboreum,Gardner,Brazil
Melastomataceae,Pleroma boraceiense,(Brade) P.J.F.Guim. & Justino,Brazil
Melastomataceae,Pleroma caissara,F.S.Mey.,Brazil
Melastomataceae,Pleroma candolleanum,(Mart. ex DC.) Triana,Brazil
Melastomataceae,Pleroma canescens,(D.Don) P.J.F.Guim. & Michelang.,Brazil
Melastomataceae,Pleroma dusenii,(Cogn.) P.J.F.Guim. & Michelang.,Brazil
Melastomataceae,Pleroma fissinervium,(Schrank & Mart. ex DC.) Gardner,Brazil
Melastomataceae,Pleroma fragae,L. Kollmann & R. Goldenb.,Brazil
Melastomataceae,Pleroma francavillanum,(Cogn.) P.J.F.Guim. & Michelang.,Brazil
Melastomataceae,Pleroma kuhlmannii,(Brade) P.J.F.Guim. & Michelang.,Brazil
Melastomataceae,Pleroma mutabile,(Vell.) Triana,Brazil
Melastomataceae,Pleroma pulchrum,(Cham.) Triana,Brazil
Melastomataceae,Pleroma stenocarpum,(DC.) Triana,Brazil
Melastomataceae,Pleroma thereminianum,(DC.) Triana,Brazil
Melastomataceae,Tibouchina aspera,Aubl.,Brazil
Melastomataceae,Tibouchina barnebyana,Wurdack,Brazil
Melastomataceae,Tibouchina boudetii,P.J.F.Guim. & R.Goldenb.,Brazil
Melastomataceae,Tibouchina clavata,(Pers.) Wurdack,Brazil
Melastomataceae,Tibouchina estrellensis,(Raddi) Cogn.,Brazil
Melastomataceae,Tibouchina longifolia,(Vahl) Baill.,Brazil
Melastomataceae,Tibouchina papyrus,(Pohl) Toledo,Brazil
Melastomataceae,Tibouchina pogonanthera,(Naudin) Cogn.,Brazil
Melastomataceae,Tibouchina regnellii,Cogn.,Brazil
Melastomataceae,Tibouchina reitzii,Brade,Brazil
Melastomataceae,Tibouchina rigidula,(Naudin) Wurdack,Brazil
Melastomataceae,Tibouchina sellowiana,Cogn.,Brazil
Melastomataceae,Tibouchina velutina,Cogn.,Brazil
Melastomataceae,Trembleya laniflora,(D. Don) Cogn.,Brazil
Melastomataceae,Trembleya parviflora,(D. Don) Cogn.,Brazil
Melastomataceae,Trembleya pentagona,Naudin,Brazil
Melastomataceae,Votomita guianensis,Aubl.,Brazil
Melastomataceae,Votomita monadelpha,(Ducke) Morley,Brazil
Melastomataceae,Votomita orbinaxia,Morley,Brazil
Melastomataceae,Votomita plerocarpa,(Morley) Morley       ,Brazil
Melastomataceae,Votomita roraimensis,Morley,Brazil
Meliaceae,Cabralea canjerana,(Vell.) Mart.,Brazil
Meliaceae,Carapa guianensis,Aubl.,Brazil
Meliaceae,Carapa surinamensis,Miq.,Brazil
Meliaceae,Carapa vasquezii,Kenfack,Brazil
Meliaceae,Cedrela fissilis,Vell.,Brazil
Meliaceae,Cedrela odorata,L.,Brazil
Meliaceae,Guarea anomala,T.D.Penn.,Brazil
Meliaceae,Guarea blanchetii,C.DC.,Brazil
Meliaceae,Guarea carapoides,Harms,Brazil
Meliaceae,Guarea carinata,Ducke,Brazil
Meliaceae,Guarea cinnamomea,Harms,Brazil
Meliaceae,Guarea convergens,T.D.Penn.,Brazil
Meliaceae,Guarea crispa,T.D.Penn.,Brazil
Meliaceae,Guarea cristata,T.D.Penn.,Brazil
Meliaceae,Guarea fistulosa,W.Palacios,Brazil
Meliaceae,Guarea glabra,Vahl,Brazil
Meliaceae,Guarea gomma,Pulle,Brazil
Meliaceae,Guarea gracilis,T.D.Penn.,Brazil
Meliaceae,Guarea guentheri,Harms,Brazil
Meliaceae,Guarea guidonia,(L.) Sleumer,Brazil
Meliaceae,Guarea humaitensis,T.D.Penn.,Brazil
Meliaceae,Guarea juglandiformis,T.D.Penn.,Brazil
Meliaceae,Guarea kunthiana,A.Juss.,Brazil
Meliaceae,Guarea macrophylla,Vahl,Brazil
Meliaceae,Guarea michel-moddei,T.D.Penn. & S.A.Mori,Brazil
Meliaceae,Guarea pendula,"R.da Silva Ramalho, A.L.Pinheiro & T.D.Penn.",Brazil
Meliaceae,Guarea pterorhachis,Harms,Brazil
Meliaceae,Guarea pubescens,(Rich.) A.Juss.,Brazil
Meliaceae,Guarea purusana,C.DC.,Brazil
Meliaceae,Guarea scabra,A.Juss.,Brazil
Meliaceae,Guarea silvatica,C.DC.,Brazil
Meliaceae,Guarea sprucei,C.DC.,Brazil
Meliaceae,Guarea trunciflora,C.DC.,Brazil
Meliaceae,Guarea velutina,A.Juss.,Brazil
Meliaceae,Guarea venenata,T.D.Penn.,Brazil
Meliaceae,Guarea zepivae,T.D.Penn.,Brazil
Meliaceae,Swietenia macrophylla,King,Brazil
Meliaceae,Trichilia adolfi,Harms,Brazil
Meliaceae,Trichilia amapaensis,T.D.Penn.,Brazil
Meliaceae,Trichilia areolata,T.D.Penn.,Brazil
Meliaceae,Trichilia blanchetii,C. DC.,Brazil
Meliaceae,Trichilia bullata,T.D. Penn.,Brazil
Meliaceae,Trichilia casaretti,C. DC.,Brazil
Meliaceae,Trichilia catigua,A.Juss.,Brazil
Meliaceae,Trichilia cipo,(A.Juss.) C.DC.,Brazil
Meliaceae,Trichilia claussenii,C. DC.,Brazil
Meliaceae,Trichilia congesta,T.D.Penn.,Brazil
Meliaceae,Trichilia discolor,A.Juss.,Brazil
Meliaceae,Trichilia elegans,A.Juss.,Brazil
Meliaceae,Trichilia elsae,Harms,Brazil
Meliaceae,Trichilia emarginata,(Turcz.) C. DC.,Brazil
Meliaceae,Trichilia euneura,C.DC.,Brazil
Meliaceae,Trichilia fasciculata,T.D.Penn.,Brazil
Meliaceae,Trichilia florbranca,T.D.Penn.,Brazil
Meliaceae,Trichilia hirta,L.,Brazil
Meliaceae,Trichilia hispida,T.D. Penn.,Brazil
Meliaceae,Trichilia inaequilatera,T.D.Penn.,Brazil
Meliaceae,Trichilia laxipaniculata,Cuatrec.        ,Brazil
Meliaceae,Trichilia lecointei,Ducke,Brazil
Meliaceae,Trichilia lepidota,Mart.,Brazil
Meliaceae,Trichilia magnifoliola,T.D. Penn.,Brazil
Meliaceae,Trichilia martiana,C.DC.,Brazil
Meliaceae,Trichilia mazanensis,J.F.Macbr.,Brazil
Meliaceae,Trichilia micrantha,Benth.,Brazil
Meliaceae,Trichilia micropetala,T.D.Penn.,Brazil
Meliaceae,Trichilia minima,T.D.Penn.,Brazil
Meliaceae,Trichilia pallens,C.DC.,Brazil
Meliaceae,Trichilia pallida,Sw.,Brazil
Meliaceae,Trichilia pleeana,(A.Juss.) C.DC.,Brazil
Meliaceae,Trichilia poeppigii,C.DC.,Brazil
Meliaceae,Trichilia pseudostipularis,(A.Juss.) C.DC.,Brazil
Meliaceae,Trichilia quadrijuga,(Miq.) Kunth,Brazil
Meliaceae,Trichilia ramalhoi,Rizzini,Brazil
Meliaceae,Trichilia rubra,C.DC.,Brazil
Meliaceae,Trichilia schomburgkii,C.DC.,Brazil
Meliaceae,Trichilia septentrionalis,C.DC.,Brazil
Meliaceae,Trichilia silvatica,C. DC.,Brazil
Meliaceae,Trichilia singularis,C.DC.,Brazil
Meliaceae,Trichilia solitudinis,Harms,Brazil
Meliaceae,Trichilia stellatotomentosa,Kuntze,Brazil
Meliaceae,Trichilia stipitata,T.D. Penn.,Brazil
Meliaceae,Trichilia surinamensis,(Miq.) C.DC.,Brazil
Meliaceae,Trichilia surumuensis,C.DC.,Brazil
Meliaceae,Trichilia tenuifructa,T.D.Penn.,Brazil
Meliaceae,Trichilia tetrapetala,C. DC.,Brazil
Meliaceae,Trichilia trifolia,L.,Brazil
Meliaceae,Trichilia tuberculata,(Triana & Planch.) C. DC.,Brazil
Meliaceae,Trichilia vestigialis,T.D.Penn.,Brazil
Meliaceae,Trichilia watorikensis,T.D.Penn.,Brazil
Menispermaceae,Abuta grandifolia,(Mart.) Sandwith,Brazil
Menispermaceae,Abuta grisebachii,Triana & Planch.,Brazil
Menispermaceae,Abuta imene,(Mart.) Eichler,Brazil
Menispermaceae,Abuta panurensis,Eichler,Brazil
Menispermaceae,Abuta rufescens,Aubl.,Brazil
Menispermaceae,Abuta sandwithiana,Krukoff & Barneby,Brazil
Menispermaceae,Abuta velutina,Gleason,Brazil
Menispermaceae,Cissampelos sympodialis,Eichler,Brazil
Metteniusaceae,Calatola microcarpa,Gentry ex Duno & J. Janovec,Brazil
Metteniusaceae,Dendrobangia boliviana,Rusby,Brazil
Metteniusaceae,Dendrobangia multinervia,Ducke,Brazil
Metteniusaceae,Emmotum acuminatum,(Benth.) Miers,Brazil
Metteniusaceae,Emmotum affine,Miers,Brazil
Metteniusaceae,Emmotum amazonicum,Duno & Carnevali,Brazil
Metteniusaceae,Emmotum fagifolium,Desv. ex Ham.,Brazil
Metteniusaceae,Emmotum floribundum,R.A.Howard,Brazil
Metteniusaceae,Emmotum glabrum,Benth. ex Miers,Brazil
Metteniusaceae,Emmotum harleyi,R.Duno,Brazil
Metteniusaceae,Emmotum nitens,(Benth.) Miers,Brazil
Metteniusaceae,Emmotum orbiculatum,(Benth.) Miers,Brazil
Metteniusaceae,Poraqueiba guianensis,Aubl.,Brazil
Metteniusaceae,Poraqueiba paraensis,Ducke,Brazil
Metteniusaceae,Poraqueiba sericea,Tul.,Brazil
Monimiaceae,Hennecartia omphalandra,J.Poiss.,Brazil
Monimiaceae,Macropeplus dentatus,(Perkins) I. Santos & Peixoto,Brazil
Monimiaceae,Macropeplus friburgensis,(Perkins) I.Santos & Peixoto,Brazil
Monimiaceae,Macropeplus ligustrinus,(Tul.) Perkins,Brazil
Monimiaceae,Macrotorus utriculatus,(Mart. ex Tul.) Perkins,Brazil
Monimiaceae,Mollinedia acutissima,Perkins,Brazil
Monimiaceae,Mollinedia argyrogyna,Perkins,Brazil
Monimiaceae,Mollinedia arianeae,Lírio & M.Pignal,Brazil
Monimiaceae,Mollinedia boracensis,Peixoto,Brazil
Monimiaceae,Mollinedia clavigera,Tul.,Brazil
Monimiaceae,Mollinedia dolichotricha,Lírio & Peixoto,Brazil
Monimiaceae,Mollinedia elegans,Tul.,Brazil
Monimiaceae,Mollinedia engleriana,Perkins,Brazil
Monimiaceae,Mollinedia eugeniifolia,Perkins,Brazil
Monimiaceae,Mollinedia fatimae,Zavatin & Lírio,Brazil
Monimiaceae,Mollinedia gilgiana,Perkins        ,Brazil
Monimiaceae,Mollinedia glabra,(Spreng.) Perkins,Brazil
Monimiaceae,Mollinedia glaziovii,Perkins,Brazil
Monimiaceae,Mollinedia heteranthera,Perkins,Brazil
Monimiaceae,Mollinedia howeana,Perkins,Brazil
Monimiaceae,Mollinedia jorgeorum,Peixoto,Brazil
Monimiaceae,Mollinedia killipii,J.F.Macbr.,Brazil
Monimiaceae,Mollinedia lamprophylla,Perkins        ,Brazil
Monimiaceae,Mollinedia lanceolata,Ruiz & Pav.,Brazil
Monimiaceae,Mollinedia longicuspidata,Perkins,Brazil
Monimiaceae,Mollinedia longifolia,Tul.,Brazil
Monimiaceae,Mollinedia luizae,Peixoto,Brazil
Monimiaceae,Mollinedia myriantha,Perkins,Brazil
Monimiaceae,Mollinedia oligantha,Perkins,Brazil
Monimiaceae,Mollinedia ovata,Ruiz & Pav.,Brazil
Monimiaceae,Mollinedia pachysandra,Perkins,Brazil
Monimiaceae,Mollinedia repanda,Ruiz & Pav.,Brazil
Monimiaceae,Mollinedia salicifolia,Perkins,Brazil
Monimiaceae,Mollinedia schottiana,(Spreng.) Perkins,Brazil
Monimiaceae,Mollinedia stenophylla,Perkins        ,Brazil
Monimiaceae,Mollinedia triflora,(Spreng.) Tul.,Brazil
Monimiaceae,Mollinedia uleana,Perkins,Brazil
Monimiaceae,Mollinedia widgrenii,A. DC.,Brazil
Moraceae,Bagassa guianensis,Aubl.,Brazil
Moraceae,Batocarpus amazonicus,(Ducke) Fosberg,Brazil
Moraceae,Batocarpus orinocensis,H.Karst.,Brazil
Moraceae,Brosimum acutifolium,Huber,Brazil
Moraceae,Brosimum alicastrum,Sw.,Brazil
Moraceae,Brosimum amazonicum,(Poepp. & Endl.) E.M.Gardner & Zerega,Brazil
Moraceae,Brosimum gaudichaudii,Trécul,Brazil
Moraceae,Brosimum glaucum,Taub.,Brazil
Moraceae,Brosimum glaziovii,Taub.,Brazil
Moraceae,Brosimum guianense,(Aubl.) Huber ex Ducke,Brazil
Moraceae,Brosimum lactescens,(S.Moore) C.C.Berg,Brazil
Moraceae,Brosimum longifolium,Ducke,Brazil
Moraceae,Brosimum melanopotamicum,C.C.Berg,Brazil
Moraceae,Brosimum oligandrum,(Benoist) E.M.Gardner & Zerega,Brazil
Moraceae,Brosimum parinarioides,Ducke,Brazil
Moraceae,Brosimum potabile,Ducke,Brazil
Moraceae,Brosimum rubescens,Taub.,Brazil
Moraceae,Brosimum sprucei,(Baill.) E.M.Gardner & Zerega,Brazil
Moraceae,Brosimum steyermarkii,(C.C.Berg) E.M.Gardner & Zerega,Brazil
Moraceae,Brosimum utile,(Kunth) Oken,Brazil
Moraceae,Castilla ulei,Warb.,Brazil
Moraceae,Clarisia biflora,Ruiz & Pav.,Brazil
Moraceae,Clarisia ilicifolia,(Spreng.) Lanj. & Rossbach,Brazil
Moraceae,Clarisia racemosa,Ruiz & Pav.,Brazil
Moraceae,Ficus adhatodifolia,Schott,Brazil
Moraceae,Ficus albert-smithii,Standl.,Brazil
Moraceae,Ficus amazonica,(Miq.) André,Brazil
Moraceae,Ficus bahiensis,C.C.Berg & Carauta,Brazil
Moraceae,Ficus blepharophylla,Vázq.Avila,Brazil
Moraceae,Ficus boliviana,C.C.Berg,Brazil
Moraceae,Ficus bonijesulapensis,R.M.Castro,Brazil
Moraceae,Ficus broadwayi,Urb.,Brazil
Moraceae,Ficus caatingae,R.M.Castro,Brazil
Moraceae,Ficus calyptroceras,(Miq.) Miq.,Brazil
Moraceae,Ficus carautana,L.J.Neves & Emygdio,Brazil
Moraceae,Ficus castellviana,Dugand,Brazil
Moraceae,Ficus catappifolia,Kunth & C.D.Bouché,Brazil
Moraceae,Ficus cavronii,Carrière,Brazil
Moraceae,Ficus cestrifolia,Schott,Brazil
Moraceae,Ficus christianii,Carauta,Brazil
Moraceae,Ficus citrifolia,Mill.,Brazil
Moraceae,Ficus clusiifolia,Schott,Brazil
Moraceae,Ficus coerulescens,(Rusby) Rossberg,Brazil
Moraceae,Ficus crocata,(Miq.) Mart. ex Miq.,Brazil
Moraceae,Ficus cyclophylla,(Miq.) Miq.,Brazil
Moraceae,Ficus dendrocida,Kunth,Brazil
Moraceae,Ficus diamantina,A.F.P.Machado & L.P.Queiroz,Brazil
Moraceae,Ficus donnell-smithii,Standl.,Brazil
Moraceae,Ficus duartei,C.C.Berg & Carauta,Brazil
Moraceae,Ficus duckeana,C.C.Berg & J.E.L.Ribeiro,Brazil
Moraceae,Ficus enormis,Mart. ex Miq.,Brazil
Moraceae,Ficus ernanii,"Carauta, Pedern., P.P.Souza, A.F.P.Machado, M.D.M.Vianna & Romaniuc",Brazil
Moraceae,Ficus eximia,Schott,Brazil
Moraceae,Ficus gomelleira,Kunth & C.D.Bouché,Brazil
Moraceae,Ficus hatschbachii,C.C.Berg & Carauta,Brazil
Moraceae,Ficus hirsuta,Schott,Brazil
Moraceae,Ficus holosericea,Schott,Brazil
Moraceae,Ficus insipida,Willd.,Brazil
Moraceae,Ficus krukovii,Standl.,Brazil
Moraceae,Ficus lagoensis,C.C.Berg & Carauta,Brazil
Moraceae,Ficus latipedunculata,"Pedern., Romaniuc & Mansano",Brazil
Moraceae,Ficus laureola,Warb. ex C.C.Berg & Carauta,Brazil
Moraceae,Ficus lauretana,Vázq.Avila,Brazil
Moraceae,Ficus longifolia,Schott,Brazil
Moraceae,Ficus luschnathiana,(Miq.) Miq.,Brazil
Moraceae,Ficus mariae,"C.C.Berg, Emygdio & Carauta",Brazil
Moraceae,Ficus mathewsii,(Miq.) Miq.,Brazil
Moraceae,Ficus matiziana,Dugand,Brazil
Moraceae,Ficus maxima,Mill.,Brazil
Moraceae,Ficus maximoides,C.C.Berg,Brazil
Moraceae,Ficus nymphaeifolia,Mill.,Brazil
Moraceae,Ficus obtusifolia,Kunth,Brazil
Moraceae,Ficus obtusiuscula,(Miq.) Miq.,Brazil
Moraceae,Ficus pakkensis,Standl.,Brazil
Moraceae,Ficus pallida,Vahl,Brazil
Moraceae,Ficus panurensis,Standl.,Brazil
Moraceae,Ficus paraensis,(Miq.) Miq.,Brazil
Moraceae,Ficus pertusa,L.f.,Brazil
Moraceae,Ficus piresiana,Vázq.Avila & C.C.Berg,Brazil
Moraceae,Ficus popenoei,Standl.,Brazil
Moraceae,Ficus pulchella,Schott ex Spreng.,Brazil
Moraceae,Ficus roraimensis,C.C.Berg,Brazil
Moraceae,Ficus schippii,Standl.,Brazil
Moraceae,Ficus schumacheri,(Liebm.) Griseb.,Brazil
Moraceae,Ficus sphenophylla,Standl.,Brazil
Moraceae,Ficus trigona,L.f.,Brazil
Moraceae,Ficus tubulosa,Pelissari & Romaniuc,Brazil
Moraceae,Ficus ursina,Standl.,Brazil
Moraceae,Ficus vermifuga,(Miq.) Miq.,Brazil
Moraceae,Ficus ypsilophlebia,Dugand,Brazil
Moraceae,Helicostylis elegans,(J.F.Macbr.) C.C.Berg,Brazil
Moraceae,Helicostylis heterotricha,Ducke        ,Brazil
Moraceae,Helicostylis pedunculata,Benoist,Brazil
Moraceae,Helicostylis scabra,(J.F.Macbr.) C.C.Berg,Brazil
Moraceae,Helicostylis tomentosa,(Poepp. & Endl.) J.F.Macbr.,Brazil
Moraceae,Helicostylis turbinata,C.C.Berg,Brazil
Moraceae,Maclura brasiliensis,(Mart.) Endl.,Brazil
Moraceae,Maclura tinctoria,(L.) D.Don ex Steud.,Brazil
Moraceae,Maquira calophylla,(Poepp. & Endl.) C.C.Berg,Brazil
Moraceae,Maquira coriacea,(H.Karst.) C.C.Berg,Brazil
Moraceae,Maquira guianensis,Aubl.,Brazil
Moraceae,Maquira sclerophylla,(Ducke) C.C.Berg,Brazil
Moraceae,Naucleopsis caloneura,(Huber) Ducke,Brazil
Moraceae,Naucleopsis concinna,(Standl.) C.C. Berg,Brazil
Moraceae,Naucleopsis glabra,Spruce ex Pittier,Brazil
Moraceae,Naucleopsis guianensis,(Mildbr.) C.C. Berg,Brazil
Moraceae,Naucleopsis imitans,(Ducke) C.C.Berg,Brazil
Moraceae,Naucleopsis inaequalis,(Ducke) C.C. Berg,Brazil
Moraceae,Naucleopsis jamariensis,C.C.Berg        ,Brazil
Moraceae,Naucleopsis krukovii,(Standl.) C.C. Berg,Brazil
Moraceae,Naucleopsis macrophylla,Miq.,Brazil
Moraceae,Naucleopsis oblongifolia,(Kuhlm.) Carauta,Brazil
Moraceae,Naucleopsis pseudonaga,(Mildbr.) C.C. Berg,Brazil
Moraceae,Naucleopsis riparia,C.C.Berg        ,Brazil
Moraceae,Naucleopsis stipularis,Ducke,Brazil
Moraceae,Naucleopsis ternstroemiiflora,(Mildbr.) C.C. Berg,Brazil
Moraceae,Olmedia aspera,Ruiz & Pav.,Brazil
Moraceae,Perebea angustifolia,(Poepp. & Endl.) C.C.Berg,Brazil
Moraceae,Perebea guianensis,Aubl.,Brazil
Moraceae,Perebea mollis,(Poepp. & Endl.) Huber,Brazil
Moraceae,Perebea rubra,(Trécul) C.C. Berg,Brazil
Moraceae,Perebea tessmannii,Mildbr.,Brazil
Moraceae,Perebea xanthochyma,H.Karst.,Brazil
Moraceae,Poulsenia armata,(Miq.) Standl.,Brazil
Moraceae,Pseudolmedia hirtula,Kuhlm.        ,Brazil
Moraceae,Pseudolmedia laevigata,Trécul,Brazil
Moraceae,Pseudolmedia laevis,(Ruiz & Pav.) J.F.Macbr.,Brazil
Moraceae,Pseudolmedia macrophylla,Trécul,Brazil
Moraceae,Pseudolmedia rigida,(Klotzsch & H.Karst.) Cuatrec.,Brazil
Moraceae,Sorocea bonplandii,"(Baill.) W.C.Burger, Lanj. & de Boer",Brazil
Moraceae,Sorocea briquetii,J.F.Macbr.,Brazil
Moraceae,Sorocea carautana,"M.D.M.Vianna, Carrijo & Romaniuc",Brazil
Moraceae,Sorocea duckei,W.C. Burger,Brazil
Moraceae,Sorocea ganevii,R.M.Castro,Brazil
Moraceae,Sorocea guilleminiana,Gaudich.,Brazil
Moraceae,Sorocea hilarii,Gaudich.,Brazil
Moraceae,Sorocea jureiana,Romaniuc,Brazil
Moraceae,Sorocea longipedicellata,"A.F.P.Machado, M.D.M.Vianna & Romaniuc",Brazil
Moraceae,Sorocea muriculata,Miq.,Brazil
Moraceae,Sorocea pubivena,Hemsl.,Brazil
Moraceae,Sorocea racemosa,Gaudich.,Brazil
Moraceae,Sorocea sprucei,(Baill.) J.F.Macbr.,Brazil
Moraceae,Sorocea steinbachii,C.C. Berg,Brazil
Moraceae,Trophis racemosa,(L.) Urb.,Brazil
Muntingiaceae,Muntingia calabura,L.,Brazil
Myristicaceae,Bicuiba oleifera,(Schott) J.J.de Wilde,Brazil
Myristicaceae,Compsoneura capitellata,(Poepp. ex A.DC.) Warb.,Brazil
Myristicaceae,Compsoneura debilis,(Spruce ex A.DC.) Warb.,Brazil
Myristicaceae,Compsoneura racemosa,Ducke,Brazil
Myristicaceae,Compsoneura sprucei,(A.DC.) Warb.,Brazil
Myristicaceae,Compsoneura ulei,Warb. ex Pilg.,Brazil
Myristicaceae,Iryanthera campinae,W.A.Rodrigues,Brazil
Myristicaceae,Iryanthera coriacea,Ducke,Brazil
Myristicaceae,Iryanthera crassifolia,A.C.Sm.,Brazil
Myristicaceae,Iryanthera dialyandra,Ducke,Brazil
Myristicaceae,Iryanthera elliptica,Ducke,Brazil
Myristicaceae,Iryanthera grandis,Ducke,Brazil
Myristicaceae,Iryanthera hostmannii,(Benth.) Warb.,Brazil
Myristicaceae,Iryanthera inpae,W.A. Rodrigues,Brazil
Myristicaceae,Iryanthera juruensis,Warb.,Brazil
Myristicaceae,Iryanthera laevis,Markgr.,Brazil
Myristicaceae,Iryanthera lancifolia,Ducke,Brazil
Myristicaceae,Iryanthera macrophylla,Warb.,Brazil
Myristicaceae,Iryanthera obovata,Ducke,Brazil
Myristicaceae,Iryanthera olacoides,(A.C.Sm.) A.C.Sm.,Brazil
Myristicaceae,Iryanthera paradoxa,(Schwacke) Warb.,Brazil
Myristicaceae,Iryanthera paraensis,Huber,Brazil
Myristicaceae,Iryanthera polyneura,Ducke,Brazil
Myristicaceae,Iryanthera sagotiana,(Benth.) Warb.,Brazil
Myristicaceae,Iryanthera tessmannii,Markgr.,Brazil
Myristicaceae,Iryanthera tricornis,Ducke,Brazil
Myristicaceae,Osteophloeum platyspermum,(Spruce ex A.DC.) Warb.,Brazil
Myristicaceae,Otoba glycycarpa,(Ducke) W.A.Rodrigues & T.S.Jaram.,Brazil
Myristicaceae,Otoba parvifolia,(Markgr.) A.H.Gentry,Brazil
Myristicaceae,Virola albidiflora,Ducke,Brazil
Myristicaceae,Virola bicuhyba,(Schott) Warb.,Brazil
Myristicaceae,Virola caducifolia,W.A. Rodrigues,Brazil
Myristicaceae,Virola calophylla,(Spruce) Warb.,Brazil
Myristicaceae,Virola carinata,(Spruce ex Benth.) Warb.,Brazil
Myristicaceae,Virola coelhoi,W.A. Rodrigues,Brazil
Myristicaceae,Virola crebrinervia,Ducke,Brazil
Myristicaceae,Virola decorticans,Ducke,Brazil
Myristicaceae,Virola duckei,A.C.Sm.,Brazil
Myristicaceae,Virola elongata,(Benth.) Warb.,Brazil
Myristicaceae,Virola flexuosa,A.C.Sm.,Brazil
Myristicaceae,Virola gardneri,(A.DC.) Warb.,Brazil
Myristicaceae,Virola guggenheimii,W.A.Rodrigues,Brazil
Myristicaceae,Virola loretensis,A.C.Sm.,Brazil
Myristicaceae,Virola malmei,A.C.Sm.,Brazil
Myristicaceae,Virola michelii,Heckel,Brazil
Myristicaceae,Virola minutiflora,Ducke,Brazil
Myristicaceae,Virola mollissima,(Poepp. ex A. DC.) Warb.,Brazil
Myristicaceae,Virola multicostata,Ducke,Brazil
Myristicaceae,Virola multinervia,Ducke,Brazil
Myristicaceae,Virola obovata,Ducke,Brazil
Myristicaceae,Virola officinalis,Warb.,Brazil
Myristicaceae,Virola parvifolia,Ducke,Brazil
Myristicaceae,Virola polyneura,W.A.Rodrigues,Brazil
Myristicaceae,Virola rugulosa,(Spruce) Warb.,Brazil
Myristicaceae,Virola sebifera,Aubl.,Brazil
Myristicaceae,Virola surinamensis,(Rol. ex Rottb.) Warb.,Brazil
Myristicaceae,Virola theiodora,(Spruce ex Benth.) Warb.,Brazil
Myristicaceae,Virola urbaniana,Warb.,Brazil
Myristicaceae,Virola venosa,(Benth.) Warb.,Brazil
Myrtaceae,Blepharocalyx eggersii,(Kiaersk.) Landrum,Brazil
Myrtaceae,Blepharocalyx salicifolius,(Kunth) O.Berg,Brazil
Myrtaceae,Calycolpus andersonii,Landrum,Brazil
Myrtaceae,Calycolpus calophyllus,(Kunth) O.Berg,Brazil
Myrtaceae,Calycolpus goetheanus,(Mart. ex DC.) O.Berg,Brazil
Myrtaceae,Calycolpus revolutus,(Schauer) O.Berg,Brazil
Myrtaceae,Calycolpus roraimensis,Steyerm.,Brazil
Myrtaceae,Calycolpus sessiliflorus,Landrum,Brazil
Myrtaceae,Calycolpus surinamensis,McVaugh,Brazil
Myrtaceae,Calycorectes dardanoi,Mattos,Brazil
Myrtaceae,Campomanesia anemonea,Landrum,Brazil
Myrtaceae,Campomanesia aromatica,(Aubl.) Griseb.,Brazil
Myrtaceae,Campomanesia blanchetiana,Landrum & M.Ibrahim,Brazil
Myrtaceae,Campomanesia costata,M.Ibrahim & Landrum,Brazil
Myrtaceae,Campomanesia cucullata,Proença & L.V.S.Jenn.,Brazil
Myrtaceae,Campomanesia dichotoma,(O.Berg) Mattos,Brazil
Myrtaceae,Campomanesia espiritosantensis,Landrum        ,Brazil
Myrtaceae,Campomanesia eugenioides,(Cambess.) D.Legrand ex Landrum,Brazil
Myrtaceae,Campomanesia grandiflora,(Aubl.) Sagot,Brazil
Myrtaceae,Campomanesia guaviroba,(DC.) Kiaersk.,Brazil
Myrtaceae,Campomanesia guazumifolia,(Cambess.) O.Berg,Brazil
Myrtaceae,Campomanesia hirsuta,Gardner,Brazil
Myrtaceae,Campomanesia ilhoensis,Mattos,Brazil
Myrtaceae,Campomanesia laurifolia,Gardner,Brazil
Myrtaceae,Campomanesia lineatifolia,Ruiz & Pav.,Brazil
Myrtaceae,Campomanesia lundiana,(Kiaersk.) Mattos,Brazil
Myrtaceae,Campomanesia macrobracteolata,Landrum,Brazil
Myrtaceae,Campomanesia neriiflora,(O.Berg) Nied.,Brazil
Myrtaceae,Campomanesia phaea,(O.Berg) Landrum,Brazil
Myrtaceae,Campomanesia prosthecesepala,Kiaersk.,Brazil
Myrtaceae,Campomanesia pubescens,(Mart. ex DC.) O.Berg,Brazil
Myrtaceae,Campomanesia reitziana,D.Legrand,Brazil
Myrtaceae,Campomanesia rufa,(O.Berg) Nied.,Brazil
Myrtaceae,Campomanesia schlechtendaliana,(O.Berg) Nied.,Brazil
Myrtaceae,Campomanesia sepalifolia,Luber & M.Ibrahim,Brazil
Myrtaceae,Campomanesia sessiliflora,(O.Berg) Mattos,Brazil
Myrtaceae,Campomanesia simulans,M.L.Kawas.,Brazil
Myrtaceae,Campomanesia speciosa,(Diels) McVaugh,Brazil
Myrtaceae,Campomanesia velutina,(Cambess.) O.Berg,Brazil
Myrtaceae,Campomanesia xanthocarpa,(Mart.) O.Berg,Brazil
Myrtaceae,Curitiba prismatica,(D.Legrand) Salywon & Landrum,Brazil
Myrtaceae,Eugenia acrensis,McVaugh,Brazil
Myrtaceae,Eugenia acutata,Miq.,Brazil
Myrtaceae,Eugenia adenantha,O.Berg,Brazil
Myrtaceae,Eugenia aerosa,McVaugh,Brazil
Myrtaceae,Eugenia agathopoda,Diels,Brazil
Myrtaceae,Eugenia albicans,(O.Berg) Urb.,Brazil
Myrtaceae,Eugenia altissima,Sobral & Faria,Brazil
Myrtaceae,Eugenia amorimii,Fraga & Giaretta,Brazil
Myrtaceae,Eugenia anastomosans,DC.,Brazil
Myrtaceae,Eugenia angelyana,Mattos,Brazil
Myrtaceae,Eugenia angustissima,O.Berg,Brazil
Myrtaceae,Eugenia arenaria,Cambess.,Brazil
Myrtaceae,Eugenia armeniaca,Sagot,Brazil
Myrtaceae,Eugenia arrabidae,O.Berg,Brazil
Myrtaceae,Eugenia astringens,Cambess.,Brazil
Myrtaceae,Eugenia atroracemosa,McVaugh,Brazil
Myrtaceae,Eugenia augustana,Kiaersk.,Brazil
Myrtaceae,Eugenia aurata,O.Berg,Brazil
Myrtaceae,Eugenia azeda,Sobral,Brazil
Myrtaceae,Eugenia bacopari,D.Legrand,Brazil
Myrtaceae,Eugenia badia,O.Berg,Brazil
Myrtaceae,Eugenia bahiana,Mattos,Brazil
Myrtaceae,Eugenia bahiensis,DC.,Brazil
Myrtaceae,Eugenia barrana,Sobral,Brazil
Myrtaceae,Eugenia batingabranca,Sobral,Brazil
Myrtaceae,Eugenia belemitana,McVaugh,Brazil
Myrtaceae,Eugenia biflora,(L.) DC.,Brazil
Myrtaceae,Eugenia bimarginata,DC.,Brazil
Myrtaceae,Eugenia binata,Mazine & Sobral,Brazil
Myrtaceae,Eugenia blanchetiana,O.Berg,Brazil
Myrtaceae,Eugenia boliviana,(D.Legrand) Mattos,Brazil
Myrtaceae,Eugenia botequimensis,Kiaersk.,Brazil
Myrtaceae,Eugenia brachysepala,Kiaersk.,Brazil
Myrtaceae,Eugenia brasiliensis,Lam.,Brazil
Myrtaceae,Eugenia brejoensis,Mazine,Brazil
Myrtaceae,Eugenia breviracemosa,Mazine,Brazil
Myrtaceae,Eugenia brownsbergii,Amshoff,Brazil
Myrtaceae,Eugenia brunneopubescens,Mazine,Brazil
Myrtaceae,Eugenia bunchosiifolia,Nied.,Brazil
Myrtaceae,Eugenia burkartiana,(D.Legrand) D.Legrand,Brazil
Myrtaceae,Eugenia caatingicola,K.Cout. & M.Ibrahim,Brazil
Myrtaceae,Eugenia cachoeirensis,O.Berg,Brazil
Myrtaceae,Eugenia caducibracteata,Mazine,Brazil
Myrtaceae,Eugenia caducipetala,M.A.D.Souza & Scud.,Brazil
Myrtaceae,Eugenia candolleana,DC.,Brazil
Myrtaceae,Eugenia capitulifera,O.Berg,Brazil
Myrtaceae,Eugenia capixaba,Mazine,Brazil
Myrtaceae,Eugenia capparidifolia,DC.,Brazil
Myrtaceae,Eugenia catharinensis,D.Legrand,Brazil
Myrtaceae,Eugenia cerasiflora,Miq.,Brazil
Myrtaceae,Eugenia cereja,D.Legrand,Brazil
Myrtaceae,Eugenia chartacea,McVaugh,Brazil
Myrtaceae,Eugenia chiquitensis,O.Berg,Brazil
Myrtaceae,Eugenia chlorocarpa,O.Berg,Brazil
Myrtaceae,Eugenia chlorophylla,O.Berg,Brazil
Myrtaceae,Eugenia choriophylla,(Kiaersk.) M.F.Santos & Sobral,Brazil
Myrtaceae,Eugenia chrysophyllum,Poir.,Brazil
Myrtaceae,Eugenia cinerascens,Gardner,Brazil
Myrtaceae,Eugenia circumdata,Mazine & Sobral,Brazil
Myrtaceae,Eugenia citrifolia,Poir.,Brazil
Myrtaceae,Eugenia coaetanea,O.Berg,Brazil
Myrtaceae,Eugenia coccifera,O.Berg,Brazil
Myrtaceae,Eugenia coffeifolia,DC.,Brazil
Myrtaceae,Eugenia complicata,O.Berg,Brazil
Myrtaceae,Eugenia conduplicata,B.Holst,Brazil
Myrtaceae,Eugenia copacabanensis,Kiaersk.,Brazil
Myrtaceae,Eugenia corcovadensis,Kiaersk.,Brazil
Myrtaceae,Eugenia corrientina,Barb.Rodr.,Brazil
Myrtaceae,Eugenia crassa,Sobral,Brazil
Myrtaceae,Eugenia crenata,Vell.,Brazil
Myrtaceae,Eugenia cucullata,Amshoff,Brazil
Myrtaceae,Eugenia culicina,Sobral,Brazil
Myrtaceae,Eugenia culta,Sobral,Brazil
Myrtaceae,Eugenia cupulata,Amshoff,Brazil
Myrtaceae,Eugenia cuspidifolia,DC.,Brazil
Myrtaceae,Eugenia cyclophylla,O.Berg,Brazil
Myrtaceae,Eugenia cymatodes,O.Berg,Brazil
Myrtaceae,Eugenia decussata,(Vell.) Mattos,Brazil
Myrtaceae,Eugenia denigrata,McVaugh,Brazil
Myrtaceae,Eugenia densiracemosa,Mazine & Faria,Brazil
Myrtaceae,Eugenia dentata,(O.Berg) Nied.,Brazil
Myrtaceae,Eugenia dichroma,O.Berg,Brazil
Myrtaceae,Eugenia dictyophleba,O.Berg,Brazil
Myrtaceae,Eugenia dipetala,Sobral & L.Kollmann,Brazil
Myrtaceae,Eugenia diplocampta,Diels,Brazil
Myrtaceae,Eugenia discreta,McVaugh,Brazil
Myrtaceae,Eugenia disperma,Vell.,Brazil
Myrtaceae,Eugenia dittocrepis,O.Berg,Brazil
Myrtaceae,Eugenia dodonaeifolia,Cambess.,Brazil
Myrtaceae,Eugenia dulcis,O.Berg,Brazil
Myrtaceae,Eugenia dysenterica,DC.,Brazil
Myrtaceae,Eugenia egensis,DC.,Brazil
Myrtaceae,Eugenia ellipsoidea,Kiaersk.,Brazil
Myrtaceae,Eugenia elongata,Nied.,Brazil
Myrtaceae,Eugenia ependytes,McVaugh,Brazil
Myrtaceae,Eugenia espinhacensis,Bünger & Sobral,Brazil
Myrtaceae,Eugenia eurycheila,O.Berg,Brazil
Myrtaceae,Eugenia exaltata,A.Rich. ex O.Berg,Brazil
Myrtaceae,Eugenia excelsa,O.Berg,Brazil
Myrtaceae,Eugenia excoriata,O.Berg,Brazil
Myrtaceae,Eugenia expansa,Spring ex Mart.,Brazil
Myrtaceae,Eugenia farneyi,Faria & Proença,Brazil
Myrtaceae,Eugenia ferreiraeana,O.Berg,Brazil
Myrtaceae,Eugenia fissurata,Mattos,Brazil
Myrtaceae,Eugenia flamingensis,O.Berg,Brazil
Myrtaceae,Eugenia flavescens,DC.,Brazil
Myrtaceae,Eugenia flavicarpa,Valdemarin & Faria,Brazil
Myrtaceae,Eugenia florida,DC.,Brazil
Myrtaceae,Eugenia fluminensis,O.Berg,Brazil
Myrtaceae,Eugenia francavilleana,O.Berg,Brazil
Myrtaceae,Eugenia fusca,O.Berg,Brazil
Myrtaceae,Eugenia galbaoensis,Mattos,Brazil
Myrtaceae,Eugenia gastropogena,Faria & Proença,Brazil
Myrtaceae,Eugenia gemmiflora,O.Berg,Brazil
Myrtaceae,Eugenia glabrescens,Mazine,Brazil
Myrtaceae,Eugenia goiapabana,Sobral & Mazine,Brazil
Myrtaceae,Eugenia gomesiana,O.Berg,Brazil
Myrtaceae,Eugenia gongylocarpa,M.L.Kawas. & B.Holst,Brazil
Myrtaceae,Eugenia gracillima,Kiaersk.,Brazil
Myrtaceae,Eugenia grandifolia,O.Berg,Brazil
Myrtaceae,Eugenia grandissima,"Sobral, Mazine & E.A.D.Melo",Brazil
Myrtaceae,Eugenia griseiflora,McVaugh,Brazil
Myrtaceae,Eugenia guanabarina,(Mattos & D.Legrand) Giaretta & M.C.Souza,Brazil
Myrtaceae,Eugenia guapiassuana,"T.Fern., M.T.C.Lacerda & J.M.A.Braga",Brazil
Myrtaceae,Eugenia handroana,D.Legrand,Brazil
Myrtaceae,Eugenia handroi,(Mattos) Mattos,Brazil
Myrtaceae,Eugenia hartmanniae,Mattos,Brazil
Myrtaceae,Eugenia hatschbachii,Mazine,Brazil
Myrtaceae,Eugenia hermesiana,Mattos,Brazil
Myrtaceae,Eugenia heterochroma,Diels,Brazil
Myrtaceae,Eugenia hiemalis,Cambess.,Brazil
Myrtaceae,Eugenia hirta,O.Berg,Brazil
Myrtaceae,Eugenia illepida,McVaugh,Brazil
Myrtaceae,Eugenia impressa,(O.Berg) Mattos,Brazil
Myrtaceae,Eugenia inundata,DC.,Brazil
Myrtaceae,Eugenia inversa,Sobral,Brazil
Myrtaceae,Eugenia involucrata,DC.,Brazil
Myrtaceae,Eugenia irirensis,O.Berg,Brazil
Myrtaceae,Eugenia ischnosceles,O.Berg,Brazil
Myrtaceae,Eugenia itacarensis,Mattos,Brazil
Myrtaceae,Eugenia itaguahiensis,Nied.,Brazil
Myrtaceae,Eugenia itahypensis,O.Berg,Brazil
Myrtaceae,Eugenia itajurensis,Cambess.,Brazil
Myrtaceae,Eugenia itapemirimensis,Cambess.,Brazil
Myrtaceae,Eugenia itaunensis,Giaretta & Peixoto,Brazil
Myrtaceae,Eugenia janeirensis,O.Berg,Brazil
Myrtaceae,Eugenia joenssonii,Kausel,Brazil
Myrtaceae,Eugenia kleinii,D.Legrand,Brazil
Myrtaceae,Eugenia kuekii,Giaretta & Peixoto,Brazil
Myrtaceae,Eugenia lacistema,Sobral,Brazil
Myrtaceae,Eugenia lagoensis,Kiaersk.,Brazil
Myrtaceae,Eugenia lambertiana,DC.,Brazil
Myrtaceae,Eugenia langsdorffii,O.Berg,Brazil
Myrtaceae,Eugenia laruotteana,Cambess.,Brazil
Myrtaceae,Eugenia lasiothecia,Giaretta,Brazil
Myrtaceae,Eugenia laxa,DC.,Brazil
Myrtaceae,Eugenia leonorae,Mattos,Brazil
Myrtaceae,Eugenia leptoclada,O.Berg,Brazil
Myrtaceae,Eugenia ligustrina,(Sw.) Willd.,Brazil
Myrtaceae,Eugenia limbosa,O.Berg,Brazil
Myrtaceae,Eugenia longibracteata,Mazine,Brazil
Myrtaceae,Eugenia longifolia,DC.,Brazil
Myrtaceae,Eugenia longipedunculata,Nied.,Brazil
Myrtaceae,Eugenia longipetiolata,Mattos,Brazil
Myrtaceae,Eugenia longiracemosa,Kiaersk.,Brazil
Myrtaceae,Eugenia longohypanthiata,Giaretta,Brazil
Myrtaceae,Eugenia luschnathiana,(O.Berg) Klotzsch ex B.D.Jacks.,Brazil
Myrtaceae,Eugenia macahensis,O.Berg,Brazil
Myrtaceae,Eugenia macrantha,O.Berg,Brazil
Myrtaceae,Eugenia macrobracteolata,Mattos,Brazil
Myrtaceae,Eugenia macrosperma,DC.,Brazil
Myrtaceae,Eugenia magna,B.Holst,Brazil
Myrtaceae,Eugenia magnibracteolata,Mattos & D.Legrand,Brazil
Myrtaceae,Eugenia magnifica,Spring ex Mart.,Brazil
Myrtaceae,Eugenia malacantha,D.Legrand,Brazil
Myrtaceae,Eugenia manausensis,Mattos,Brazil
Myrtaceae,Eugenia mandioccensis,O.Berg,Brazil
Myrtaceae,Eugenia mansoi,O.Berg,Brazil
Myrtaceae,Eugenia marambaiensis,M.C.Souza & M.P.Lima,Brazil
Myrtaceae,Eugenia maritima,DC.,Brazil
Myrtaceae,Eugenia marleneae,M.A.D.Souza & M.Mendonça,Brazil
Myrtaceae,Eugenia marowynensis,Miq.,Brazil
Myrtaceae,Eugenia matogrossensis,Sobral,Brazil
Myrtaceae,Eugenia mattosii,D.Legrand,Brazil
Myrtaceae,Eugenia megaflora,Govaerts,Brazil
Myrtaceae,Eugenia melanogyna,(D.Legrand) Sobral,Brazil
Myrtaceae,Eugenia membranifolia,Nied.,Brazil
Myrtaceae,Eugenia micropora,DC.,Brazil
Myrtaceae,Eugenia mimus,McVaugh,Brazil
Myrtaceae,Eugenia modesta,DC.,Brazil
Myrtaceae,Eugenia mollicoma,Mart. ex O.Berg,Brazil
Myrtaceae,Eugenia monosperma,Vell.,Brazil
Myrtaceae,Eugenia moonioides,O.Berg,Brazil
Myrtaceae,Eugenia moritziana,H.Karst.,Brazil
Myrtaceae,Eugenia moschata,(Aubl.) Nied. ex T.Durand & B.D.Jacks.,Brazil
Myrtaceae,Eugenia mosenii,(Kausel) Sobral,Brazil
Myrtaceae,Eugenia multicostata,D.Legrand,Brazil
Myrtaceae,Eugenia multirimosa,McVaugh,Brazil
Myrtaceae,Eugenia myrcianthes,Nied.,Brazil
Myrtaceae,Eugenia myrciariifolia,Soares-Silva & Sobral,Brazil
Myrtaceae,Eugenia myrobalana,DC.,Brazil
Myrtaceae,Eugenia neoglomerata,Sobral,Brazil
Myrtaceae,Eugenia neolaurifolia,Sobral,Brazil
Myrtaceae,Eugenia neomyrtifolia,Sobral,Brazil
Myrtaceae,Eugenia neoriedeliana,M.C.Souza & Giaretta,Brazil
Myrtaceae,Eugenia neosilvestris,Sobral,Brazil
Myrtaceae,Eugenia neotristis,Sobral,Brazil
Myrtaceae,Eugenia neoverrucosa,Sobral,Brazil
Myrtaceae,Eugenia nutans,O.Berg,Brazil
Myrtaceae,Eugenia oblongata,O.Berg,Brazil
Myrtaceae,Eugenia ochracea,Valdemarin & Mazine,Brazil
Myrtaceae,Eugenia ochrophloea,Diels,Brazil
Myrtaceae,Eugenia omissa,McVaugh,Brazil
Myrtaceae,Eugenia pachnantha,O.Berg,Brazil
Myrtaceae,Eugenia pachyclada,D.Legrand,Brazil
Myrtaceae,Eugenia pallidopunctata,Mazine,Brazil
Myrtaceae,Eugenia pantagensis,O.Berg,Brazil
Myrtaceae,Eugenia paracatuana,O.Berg,Brazil
Myrtaceae,Eugenia paranahybensis,O.Berg,Brazil
Myrtaceae,Eugenia patens,Poir.,Brazil
Myrtaceae,Eugenia patrisii,Vahl,Brazil
Myrtaceae,Eugenia pauciflora,DC.,Brazil
Myrtaceae,Eugenia percincta,McVaugh,Brazil
Myrtaceae,Eugenia percrenata,McVaugh,Brazil
Myrtaceae,Eugenia persicifolia,O.Berg,Brazil
Myrtaceae,Eugenia peruibensis,Mattos,Brazil
Myrtaceae,Eugenia pia,DC.,Brazil
Myrtaceae,Eugenia piloesis,Cambess.,Brazil
Myrtaceae,Eugenia piresiana,Cambess.,Brazil
Myrtaceae,Eugenia piresii,Mattos,Brazil
Myrtaceae,Eugenia pisiformis,Cambess.,Brazil
Myrtaceae,Eugenia pistaciifolia,DC.,Brazil
Myrtaceae,Eugenia pithecocephala,Mazine & Sobral,Brazil
Myrtaceae,Eugenia platyphylla,O.Berg,Brazil
Myrtaceae,Eugenia platysema,O.Berg,Brazil
Myrtaceae,Eugenia plicata,Nied.,Brazil
Myrtaceae,Eugenia plicatocostata,O.Berg,Brazil
Myrtaceae,Eugenia pluriflora,DC.,Brazil
Myrtaceae,Eugenia polystachya,Rich.,Brazil
Myrtaceae,Eugenia prasina,O.Berg,Brazil
Myrtaceae,Eugenia protenta,McVaugh,Brazil
Myrtaceae,Eugenia pruinosa,D.Legrand,Brazil
Myrtaceae,Eugenia pruniformis,Cambess.,Brazil
Myrtaceae,Eugenia pseudomalacantha,D.Legrand,Brazil
Myrtaceae,Eugenia pseudopsidium,Jacq.,Brazil
Myrtaceae,Eugenia psidiiflora,O.Berg,Brazil
Myrtaceae,Eugenia puberula,Nied.,Brazil
Myrtaceae,Eugenia pubescens,(Kunth) DC.,Brazil
Myrtaceae,Eugenia pulcherrima,Kiaersk.,Brazil
Myrtaceae,Eugenia punicifolia,(Kunth) DC.,Brazil
Myrtaceae,Eugenia pusilliflora,M.L.Kawas. & B.Holst,Brazil
Myrtaceae,Eugenia pyrifera,Faria & Proença,Brazil
Myrtaceae,Eugenia pyriflora,O.Berg,Brazil
Myrtaceae,Eugenia pyriformis,Cambess.,Brazil
Myrtaceae,Eugenia quadrijuga,McVaugh,Brazil
Myrtaceae,Eugenia ramboi,D.Legrand,Brazil
Myrtaceae,Eugenia ramiflora,Desv. ex Ham.,Brazil
Myrtaceae,Eugenia regia,Bünger & Sobral,Brazil
Myrtaceae,Eugenia repanda,O.Berg,Brazil
Myrtaceae,Eugenia robustior,Faria & Proença,Brazil
Myrtaceae,Eugenia rosea,DC.,Brazil
Myrtaceae,Eugenia roseiflora,McVaugh,Brazil
Myrtaceae,Eugenia rostrifolia,D.Legrand,Brazil
Myrtaceae,Eugenia rotundicosta,D.Legrand,Brazil
Myrtaceae,Eugenia rugosissima,Sobral,Brazil
Myrtaceae,Eugenia ruschiana,"Bünger, Mazine & Stehmann",Brazil
Myrtaceae,Eugenia salacifolia,Bünger & Mazine,Brazil
Myrtaceae,Eugenia schottiana,O.Berg,Brazil
Myrtaceae,Eugenia sclerocalyx,D.Legrand,Brazil
Myrtaceae,Eugenia selloi,B.D.Jacks.,Brazil
Myrtaceae,Eugenia serraegrandis,Sobral,Brazil
Myrtaceae,Eugenia sessilifolia,DC.,Brazil
Myrtaceae,Eugenia sobraliana,Giaretta & Fraga,Brazil
Myrtaceae,Eugenia solimoensis,O.Berg,Brazil
Myrtaceae,Eugenia sonderiana,O.Berg,Brazil
Myrtaceae,Eugenia speciosa,Cambess.,Brazil
Myrtaceae,Eugenia sphenoides,O.Berg,Brazil
Myrtaceae,Eugenia splendens,O.Berg,Brazil
Myrtaceae,Eugenia sprengelii,DC.,Brazil
Myrtaceae,Eugenia spruceana,O.Berg,Brazil
Myrtaceae,Eugenia squamiflora,Mattos,Brazil
Myrtaceae,Eugenia stenosepala,Kiaersk.,Brazil
Myrtaceae,Eugenia stenosepaloides,Mattos,Brazil
Myrtaceae,Eugenia stictopetala,DC.,Brazil
Myrtaceae,Eugenia stigmatosa,DC.,Brazil
Myrtaceae,Eugenia stipitata,McVaugh,Brazil
Myrtaceae,Eugenia strellensis,O.Berg,Brazil
Myrtaceae,Eugenia strigipes,O.Berg,Brazil
Myrtaceae,Eugenia stylaris,McVaugh,Brazil
Myrtaceae,Eugenia subavenia,O.Berg,Brazil
Myrtaceae,Eugenia suberosa,Cambess.,Brazil
Myrtaceae,Eugenia subreticulata,Glaz.,Brazil
Myrtaceae,Eugenia subterminalis,DC.,Brazil
Myrtaceae,Eugenia subundulata,Kiaersk.,Brazil
Myrtaceae,Eugenia sulcata,Spring ex Mart.,Brazil
Myrtaceae,Eugenia sulcatifolia,L.D.Meireles & Mazine,Brazil
Myrtaceae,Eugenia supraaxillaris,Spreng.,Brazil
Myrtaceae,Eugenia tenuiflora,Mazine,Brazil
Myrtaceae,Eugenia tenuipedunculata,Kiaersk.,Brazil
Myrtaceae,Eugenia tephrogyna,Sobral & Proença,Brazil
Myrtaceae,Eugenia tetramera,(McVaugh) M.L.Kawas. & B.Holst,Brazil
Myrtaceae,Eugenia theodorae,Kiaersk.,Brazil
Myrtaceae,Eugenia trinervia,Vahl,Brazil
Myrtaceae,Eugenia tumescens,B.S.Amorim & M.Alves,Brazil
Myrtaceae,Eugenia tumulescens,McVaugh,Brazil
Myrtaceae,Eugenia umbellata,Spreng.,Brazil
Myrtaceae,Eugenia umbrosa,O.Berg,Brazil
Myrtaceae,Eugenia uniflora,L.,Brazil
Myrtaceae,Eugenia uruguayensis,Cambess.,Brazil
Myrtaceae,Eugenia valsuganana,Sobral,Brazil
Myrtaceae,Eugenia vattimoana,Mattos,Brazil
Myrtaceae,Eugenia vernicosa,O.Berg,Brazil
Myrtaceae,Eugenia versicolor,McVaugh,Brazil
Myrtaceae,Eugenia verticillata,(Vell.) Angely,Brazil
Myrtaceae,Eugenia vetula,DC.,Brazil
Myrtaceae,Eugenia villae-novae,Kiaersk.,Brazil
Myrtaceae,Eugenia violascens,O.Berg,Brazil
Myrtaceae,Eugenia viridiflora,Cambess.,Brazil
Myrtaceae,Eugenia viridis,(Vell.) O.Berg,Brazil
Myrtaceae,Eugenia viscacea,Sobral,Brazil
Myrtaceae,Eugenia wentii,Amshoff,Brazil
Myrtaceae,Eugenia widgrenii,Sond. ex O.Berg,Brazil
Myrtaceae,Eugenia wullschlaegeliana,Amshoff,Brazil
Myrtaceae,Eugenia xanthoxyloides,Cambess.,Brazil
Myrtaceae,Eugenia xiriricana,Mattos,Brazil
Myrtaceae,Eugenia yatuae,(McVaugh) B.Holst,Brazil
Myrtaceae,Eugenia zuccarinii,O.Berg,Brazil
Myrtaceae,Feijoa sellowiana,(O.Berg) O.Berg,Brazil
Myrtaceae,Myrceugenia acutata,D.Legrand,Brazil
Myrtaceae,Myrceugenia acutiflora,(Kiaersk.) D.Legrand & Kausel,Brazil
Myrtaceae,Myrceugenia alpigena,(DC.) Landrum,Brazil
Myrtaceae,Myrceugenia bananalensis,Bezerra & Landrum,Brazil
Myrtaceae,Myrceugenia basicordata,"F.C.S.Vieira, Molz & Sobral",Brazil
Myrtaceae,Myrceugenia bocaiuvensis,Mattos,Brazil
Myrtaceae,Myrceugenia bracteosa,(DC.) D.Legrand & Kausel,Brazil
Myrtaceae,Myrceugenia brevipedicellata,(Burret) D.Legrand & Kausel,Brazil
Myrtaceae,Myrceugenia campestris,(DC.) D.Legrand & Kausel,Brazil
Myrtaceae,Myrceugenia cucullata,D.Legrand,Brazil
Myrtaceae,Myrceugenia decussata,Mattos,Brazil
Myrtaceae,Myrceugenia euosma,(O.Berg) D.Legrand,Brazil
Myrtaceae,Myrceugenia foveolata,(O.Berg) Sobral,Brazil
Myrtaceae,Myrceugenia franciscensis,(O.Berg) Landrum,Brazil
Myrtaceae,Myrceugenia gertii,Landrum,Brazil
Myrtaceae,Myrceugenia glaucescens,(Cambess.) D.Legrand & Kausel,Brazil
Myrtaceae,Myrceugenia hatschbachii,Landrum,Brazil
Myrtaceae,Myrceugenia hoehnei,(Burret) D.Legrand & Kausel,Brazil
Myrtaceae,Myrceugenia joinvillensis,F.C.S.Vieira,Brazil
Myrtaceae,Myrceugenia kleinii,D.Legrand & Kausel,Brazil
Myrtaceae,Myrceugenia mesomischa,(Burret) D.Legrand & Kausel,Brazil
Myrtaceae,Myrceugenia miersiana,(Gardner) D.Legrand & Kausel,Brazil
Myrtaceae,Myrceugenia myrcioides,(Cambess.) O.Berg,Brazil
Myrtaceae,Myrceugenia myrtoides,O.Berg,Brazil
Myrtaceae,Myrceugenia ovalifolia,(O.Berg) Landrum,Brazil
Myrtaceae,Myrceugenia oxysepala,(Burret) D.Legrand & Kausel,Brazil
Myrtaceae,Myrceugenia pilotantha,(Kiaersk.) Landrum,Brazil
Myrtaceae,Myrceugenia reitzii,D.Legrand & Kausel,Brazil
Myrtaceae,Myrceugenia rufescens,(DC.) D.Legrand & Kausel,Brazil
Myrtaceae,Myrceugenia scutellata,C.D.Legrand,Brazil
Myrtaceae,Myrceugenia seriatoramosa,(Kiaersk.) D.Legrand & Kausel,Brazil
Myrtaceae,Myrceugenia venosa,D.Legrand,Brazil
Myrtaceae,Myrcia abrantea,(O.Berg) E.Lucas & Sobral,Brazil
Myrtaceae,Myrcia adulterina,T.Fern. & J.M.A.Braga,Brazil
Myrtaceae,Myrcia aethusa,(O.Berg) N.Silveira,Brazil
Myrtaceae,Myrcia albidotomentosa,(Amshoff) McVaugh,Brazil
Myrtaceae,Myrcia albotomentosa,DC.,Brazil
Myrtaceae,Myrcia aliena,McVaugh,Brazil
Myrtaceae,Myrcia almasensis,NicLugh.,Brazil
Myrtaceae,Myrcia amapensis,McVaugh,Brazil
Myrtaceae,Myrcia amazonica,DC.,Brazil
Myrtaceae,Myrcia amoena,(Pilg.) A.R.Lourenço & E.Lucas,Brazil
Myrtaceae,Myrcia amplexicaulis,(O.Berg) Hook.f.,Brazil
Myrtaceae,Myrcia amplifolia,T.Fern. & J.M.A.Braga,Brazil
Myrtaceae,Myrcia amshoffae,(McVaugh) A.R.Lourenço & E.Lucas,Brazil
Myrtaceae,Myrcia anacardiifolia,Gardner,Brazil
Myrtaceae,Myrcia anceps,(Spreng.) O.Berg,Brazil
Myrtaceae,Myrcia anguerana,(Sobral & Ibrahim) A.R.Lourenço & E.Lucas,Brazil
Myrtaceae,Myrcia apiocarpa,(O.Berg) N.Silveira,Brazil
Myrtaceae,Myrcia arachnicola,(Sobral & M.C.Souza) A.R.Lourenço & E.Lucas,Brazil
Myrtaceae,Myrcia arenaria,"L.L.Santos, M.F.Sales & Sobral",Brazil
Myrtaceae,Myrcia areolata,(McVaugh) E.Lucas & C.E.Wilson,Brazil
Myrtaceae,Myrcia argentigemma,E.Lucas & C.E.Wilson,Brazil
Myrtaceae,Myrcia ascendens,M.F.Santos,Brazil
Myrtaceae,Myrcia aulomyrcioides,E.Lucas & C.E.Wilson,Brazil
Myrtaceae,Myrcia aurea,NicLugh.,Brazil
Myrtaceae,Myrcia badia,(O.Berg) N.Silveira,Brazil
Myrtaceae,Myrcia basicordata,Sobral,Brazil
Myrtaceae,Myrcia bella,Cambess.,Brazil
Myrtaceae,Myrcia bergiana,O.Berg,Brazil
Myrtaceae,Myrcia bicarinata,(O.Berg) D.Legrand,Brazil
Myrtaceae,Myrcia bicolor,Kiaersk.,Brazil
Myrtaceae,Myrcia bipennis,(O.Berg) McVaugh,Brazil
Myrtaceae,Myrcia blanchetiana,(O.Berg) Mattos,Brazil
Myrtaceae,Myrcia boanova,(Sobral) A.R.Lourenço & E.Lucas,Brazil
Myrtaceae,Myrcia bracteata,(Rich.) DC.,Brazil
Myrtaceae,Myrcia brasiliensis,Kiaersk.,Brazil
Myrtaceae,Myrcia breviflora,Sobral & M.A.D.Souza,Brazil
Myrtaceae,Myrcia brevispicata,(McVaugh) K.Campbell & E.Lucas,Brazil
Myrtaceae,Myrcia brunnea,Cambess.,Brazil
Myrtaceae,Myrcia calycampa,Amshoff,Brazil
Myrtaceae,Myrcia camapuanensis,N.Silveira,Brazil
Myrtaceae,Myrcia carioca,A.R.Lourenço & E.Lucas,Brazil
Myrtaceae,Myrcia carvalhoi,NicLugh.,Brazil
Myrtaceae,Myrcia castanea,M.A.D.Souza & Sobral,Brazil
Myrtaceae,Myrcia caudata,(McVaugh) E.Lucas & C.E.Wilson,Brazil
Myrtaceae,Myrcia celaenensis,E.Lucas & K.Samra,Brazil
Myrtaceae,Myrcia cerqueiria,(Nied.) E.Lucas & Sobral,Brazil
Myrtaceae,Myrcia citrifolia,(Aubl.) Urb.,Brazil
Myrtaceae,Myrcia clavata,Sobral,Brazil
Myrtaceae,Myrcia clavija,Sobral,Brazil
Myrtaceae,Myrcia clusiifolia,(Kunth) DC.,Brazil
Myrtaceae,Myrcia coelosepala,Kiaersk.,Brazil
Myrtaceae,Myrcia colpodes,Kiaersk.,Brazil
Myrtaceae,Myrcia concisa,Sobral & Leoni,Brazil
Myrtaceae,Myrcia congestiflora,Caliari & V.C.Souza,Brazil
Myrtaceae,Myrcia cordiformis,Mattos,Brazil
Myrtaceae,Myrcia cordiifolia,DC.,Brazil
Myrtaceae,Myrcia corticosa,(Sobral & M.A.D.Souza) K.Campbell & E.Lucas,Brazil
Myrtaceae,Myrcia costeira,M.F.Santos,Brazil
Myrtaceae,Myrcia coumete,(Aubl.) DC.,Brazil
Myrtaceae,Myrcia crassa,Sobral,Brazil
Myrtaceae,Myrcia crebra,(McVaugh) A.R.Lourenço & E.Lucas,Brazil
Myrtaceae,Myrcia cuprea,(O.Berg) Kiaersk.,Brazil
Myrtaceae,Myrcia curta,(Sobral & O.T.Aguiar) K.Campbell & E.Lucas,Brazil
Myrtaceae,Myrcia curtipendula,NicLugh.,Brazil
Myrtaceae,Myrcia cuspidata,(Mart. ex DC.) A.R.Lourenço & E.Lucas,Brazil
Myrtaceae,Myrcia cymatophylla,E. Lucas & G.P. Burton,Brazil
Myrtaceae,Myrcia decorticans,DC.,Brazil
Myrtaceae,Myrcia deflexa,(Poir.) DC.,Brazil
Myrtaceae,Myrcia delicata,Gressler & Sobral,Brazil
Myrtaceae,Myrcia densa,(DC.) Sobral,Brazil
Myrtaceae,Myrcia diaphana,(O.Berg) N.Silveira,Brazil
Myrtaceae,Myrcia dichasialis,McVaugh,Brazil
Myrtaceae,Myrcia dichrophylla,D.Legrand,Brazil
Myrtaceae,Myrcia dispar,McVaugh,Brazil
Myrtaceae,Myrcia divisoria,Sobral & M.A.D.Souza,Brazil
Myrtaceae,Myrcia dolichopetala,Kiaersk.,Brazil
Myrtaceae,Myrcia dryadica,(M.L.Kawas.) A.R.Lourenço & E.Lucas,Brazil
Myrtaceae,Myrcia egensis,(O.Berg) McVaugh,Brazil
Myrtaceae,Myrcia ehrenbergiana,(O.Berg) McVaugh,Brazil
Myrtaceae,Myrcia elevata,M.F.Santos,Brazil
Myrtaceae,Myrcia ensiformis,(McVaugh) E.Lucas & C.E.Wilson,Brazil
Myrtaceae,Myrcia eriocalyx,DC.,Brazil
Myrtaceae,Myrcia eriopus,DC.,Brazil
Myrtaceae,Myrcia espiritosantensis,B.S.Amorim,Brazil
Myrtaceae,Myrcia eugenioides,Cambess.,Brazil
Myrtaceae,Myrcia eugeniopsoides,(D.Legrand & Kausel) Mazine,Brazil
Myrtaceae,Myrcia eumecephylla,(O.Berg) Nied.,Brazil
Myrtaceae,Myrcia exapata,Sobral,Brazil
Myrtaceae,Myrcia excoriata,(Mart.) E.Lucas & C.E.Wilson,Brazil
Myrtaceae,Myrcia eximia,DC.,Brazil
Myrtaceae,Myrcia fasciculata,(O.Berg) K.Campbell & K.Samra,Brazil
Myrtaceae,Myrcia felisbertii,(DC.) O.Berg,Brazil
Myrtaceae,Myrcia fenestrata,DC.,Brazil
Myrtaceae,Myrcia fenzliana,O.Berg,Brazil
Myrtaceae,Myrcia ferruginea,(Poir.) DC.,Brazil
Myrtaceae,Myrcia ferruginosa,Mazine,Brazil
Myrtaceae,Myrcia flagellaris,(D.Legrand) Sobral,Brazil
Myrtaceae,Myrcia florida,Lem.,Brazil
Myrtaceae,Myrcia floridissima,Sobral,Brazil
Myrtaceae,Myrcia fria,Sobral,Brazil
Myrtaceae,Myrcia fusiformis,(M.L.Kawas.) A.R.Lourenço & E.Lucas,Brazil
Myrtaceae,Myrcia gaudichaudiana,(O.Berg) M.F.Santos,Brazil
Myrtaceae,Myrcia gestasiana,Cambess.,Brazil
Myrtaceae,Myrcia gigantea,(O.Berg) Nied.,Brazil
Myrtaceae,Myrcia gigas,McVaugh,Brazil
Myrtaceae,Myrcia gilsoniana,G.M.Barroso & Peixoto,Brazil
Myrtaceae,Myrcia glabra,(O.Berg) D.Legrand,Brazil
Myrtaceae,Myrcia glazioviana,Kiaersk.,Brazil
Myrtaceae,Myrcia glomerata,(Cambess.) G.P.Burton & E.Lucas,Brazil
Myrtaceae,Myrcia graciliflora,Sagot,Brazil
Myrtaceae,Myrcia grammica,(Spreng.) A.R.Lourenço & E.Lucas,Brazil
Myrtaceae,Myrcia grandifolia,Cambess.,Brazil
Myrtaceae,Myrcia grandis,McVaugh,Brazil
Myrtaceae,Myrcia grazielae,NicLugh.,Brazil
Myrtaceae,Myrcia guarujana,"Sobral, Magenta & Caliari",Brazil
Myrtaceae,Myrcia guianensis,(Aubl.) DC.,Brazil
Myrtaceae,Myrcia hartwegiana,(O.Berg) Kiaersk.,Brazil
Myrtaceae,Myrcia hatschbachii,D.Legrand,Brazil
Myrtaceae,Myrcia hebepetala,DC.,Brazil
Myrtaceae,Myrcia hedraiophylla,A.R.Lourenço & E.Lucas,Brazil
Myrtaceae,Myrcia heringii,D.Legrand,Brazil
Myrtaceae,Myrcia hexasticha,Kiaersk.,Brazil
Myrtaceae,Myrcia hirtiflora,DC.,Brazil
Myrtaceae,Myrcia hylobates,(Standl. ex Amshoff) E.Lucas & K.Samra,Brazil
Myrtaceae,Myrcia inaequiloba,(DC.) Lemée,Brazil
Myrtaceae,Myrcia insigniflora,M.F.Santos,Brazil
Myrtaceae,Myrcia insularis,Gardner,Brazil
Myrtaceae,Myrcia intonsa,(McVaugh) B.Holst,Brazil
Myrtaceae,Myrcia irregularis,"(Sobral, M.A.D.Souza & Luize) K.Campbell & E.Lucas",Brazil
Myrtaceae,Myrcia isaiana,G.M.Barroso & Peixoto,Brazil
Myrtaceae,Myrcia krugioides,(McVaugh) A.R.Lourenço & E.Lucas,Brazil
Myrtaceae,Myrcia lanuginosa,O.Berg,Brazil
Myrtaceae,Myrcia laricina,(O.Berg) Burret ex Luetzelb.,Brazil
Myrtaceae,Myrcia laruotteana,Cambess.,Brazil
Myrtaceae,Myrcia lascada,Sobral,Brazil
Myrtaceae,Myrcia lasiantha,DC.,Brazil
Myrtaceae,Myrcia laxa,Sobral & M.A.D.Souza,Brazil
Myrtaceae,Myrcia laxiflora,Cambess.,Brazil
Myrtaceae,Myrcia legrandii,A.R.Lourenço & E.Lucas,Brazil
Myrtaceae,Myrcia lenheirensis,Kiaersk.,Brazil
Myrtaceae,Myrcia lepida,(McVaugh) A.R.Lourenço & E.Lucas,Brazil
Myrtaceae,Myrcia linearifolia,Cambess.,Brazil
Myrtaceae,Myrcia littoralis,DC.,Brazil
Myrtaceae,Myrcia lituatinervia,(O.Berg) E.Lucas & C.E.Wilson,Brazil
Myrtaceae,Myrcia lonchophylla,A.R.Lourenço & E.Lucas,Brazil
Myrtaceae,Myrcia longipaniculata,Caliari & V.C.Souza,Brazil
Myrtaceae,Myrcia longiramea,M.A.D.Souza & Sobral,Brazil
Myrtaceae,Myrcia loranthifolia,(DC.) G.P.Burton & E.Lucas,Brazil
Myrtaceae,Myrcia lughadhae,B.S.Amorim,Brazil
Myrtaceae,Myrcia lutescens,Cambess.,Brazil
Myrtaceae,Myrcia macrocarpa,DC.,Brazil
Myrtaceae,Myrcia maculata,M.F.Santos,Brazil
Myrtaceae,Myrcia magna,D.Legrand,Brazil
Myrtaceae,Myrcia magnifolia,(O.Berg) Kiaersk.,Brazil
Myrtaceae,Myrcia manausensis,M.A.D.Souza & Sobral,Brazil
Myrtaceae,Myrcia maritima,(Sobral & Bertoncello) A.R.Lourenço & E.Lucas,Brazil
Myrtaceae,Myrcia marliereana,A.R.Lourenço & E.Lucas,Brazil
Myrtaceae,Myrcia martiusiana,(DC.) A.R.Lourenço & E.Lucas,Brazil
Myrtaceae,Myrcia maximiliana,O.Berg,Brazil
Myrtaceae,Myrcia mcvaughii,(B.Holst) E.Lucas & C.E.Wilson,Brazil
Myrtaceae,Myrcia megapaniculata,A.R.Lourenço & Parra-Os.,Brazil
Myrtaceae,Myrcia megaphylla,M.F.Santos & Sobral,Brazil
Myrtaceae,Myrcia melanophylla,A.R.Lourenço & E.Lucas,Brazil
Myrtaceae,Myrcia microcalyx,L.L.Santos & E.Lucas,Brazil
Myrtaceae,Myrcia micropetala,(Mart.) Nied.,Brazil
Myrtaceae,Myrcia minutiflora,Sagot,Brazil
Myrtaceae,Myrcia mischophylla,Kiaersk.,Brazil
Myrtaceae,Myrcia monoclada,Sobral,Brazil
Myrtaceae,Myrcia montana,Cambess.,Brazil
Myrtaceae,Myrcia morroqueimadensis,Kiaersk.,Brazil
Myrtaceae,Myrcia multiflora,(Lam.) DC.,Brazil
Myrtaceae,Myrcia multipunctata,Mazine,Brazil
Myrtaceae,Myrcia mutabilis,(O.Berg) N.Silveira,Brazil
Myrtaceae,Myrcia myrtillifolia,DC.,Brazil
Myrtaceae,Myrcia neesiana,DC.,Brazil
Myrtaceae,Myrcia neoblanchetiana,Sobral & E.Lucas,Brazil
Myrtaceae,Myrcia neocambessedeana,E.Lucas & Sobral,Brazil
Myrtaceae,Myrcia neocaudata,A.R.Lourenço & E.Lucas,Brazil
Myrtaceae,Myrcia neoclusiifolia,A.R.Lourenço & E.Lucas,Brazil
Myrtaceae,Myrcia neodimorpha,E.Lucas & C.E.Wilson,Brazil
Myrtaceae,Myrcia neoestrellensis,E.Lucas & C.E.Wilson,Brazil
Myrtaceae,Myrcia neoforsteri,A.R.Lourenço & E.Lucas,Brazil
Myrtaceae,Myrcia neoglabra,E.Lucas & C.E.Wilson,Brazil
Myrtaceae,Myrcia neolucida,A.R.Lourenço & E.Lucas,Brazil
Myrtaceae,Myrcia neomontana,E.Lucas & C.E.Wilson,Brazil
Myrtaceae,Myrcia neoobscura,E.Lucas & C.E.Wilson,Brazil
Myrtaceae,Myrcia neoregeliana,E.Lucas & C.E.Wilson,Brazil
Myrtaceae,Myrcia neoriedeliana,E.Lucas & C.E.Wilson,Brazil
Myrtaceae,Myrcia neorostrata,Sobral,Brazil
Myrtaceae,Myrcia neorubella,A.R.Lourenço & E.Lucas,Brazil
Myrtaceae,Myrcia neoschomburgkiana,E.Lucas & C.E.Wilson,Brazil
Myrtaceae,Myrcia neospeciosa,A.R.Lourenço & E.Lucas,Brazil
Myrtaceae,Myrcia neospruceana,E.Lucas & Sobral,Brazil
Myrtaceae,Myrcia neosuaveolens,E.Lucas & C.E.Wilson,Brazil
Myrtaceae,Myrcia neovelutina,E.Lucas & C.E.Wilson,Brazil
Myrtaceae,Myrcia neoverticillaris,E.Lucas & C.E.Wilson,Brazil
Myrtaceae,Myrcia neuwiedeana,(O.Berg) E.Lucas & C.E.Wilson,Brazil
Myrtaceae,Myrcia nitida,Cambess.,Brazil
Myrtaceae,Myrcia oblongata,DC.,Brazil
Myrtaceae,Myrcia obovata,(O.Berg) Nied.,Brazil
Myrtaceae,Myrcia obumbrans,(O.Berg) McVaugh,Brazil
Myrtaceae,Myrcia obversa,(D.Legrand) E.Lucas & C.E.Wilson,Brazil
Myrtaceae,Myrcia ochroides,O.Berg,Brazil
Myrtaceae,Myrcia oleifolia,Cambess.,Brazil
Myrtaceae,Myrcia ovata,Cambess.,Brazil
Myrtaceae,Myrcia ovina,Proença & Landim,Brazil
Myrtaceae,Myrcia paivae,O.Berg,Brazil
Myrtaceae,Myrcia palustris,DC.,Brazil
Myrtaceae,Myrcia panicularis,(O.Berg) N.Silveira,Brazil
Myrtaceae,Myrcia parca,Sobral,Brazil
Myrtaceae,Myrcia pendula,Sobral,Brazil
Myrtaceae,Myrcia pentagona,McVaugh,Brazil
Myrtaceae,Myrcia perforata,O.Berg,Brazil
Myrtaceae,Myrcia petrophila,Sobral,Brazil
Myrtaceae,Myrcia pileata,(D.Legrand) A.R.Lourenço & E.Lucas,Brazil
Myrtaceae,Myrcia platyclada,DC.,Brazil
Myrtaceae,Myrcia platyphylla,(O.Berg) A.R.Lourenço & E.Lucas,Brazil
Myrtaceae,Myrcia pleophlebia,(Diels) G.P.Burton & E.Lucas,Brazil
Myrtaceae,Myrcia plicata,(McVaugh) A.R.Lourenço & E.Lucas,Brazil
Myrtaceae,Myrcia plusiantha,Kiaersk.,Brazil
Myrtaceae,Myrcia poeppigiana,O.Berg,Brazil
Myrtaceae,Myrcia polyantha,DC.,Brazil
Myrtaceae,Myrcia polygama,(O.Berg) M.F.Santos,Brazil
Myrtaceae,Myrcia pseudomarlierea,Sobral,Brazil
Myrtaceae,Myrcia pseudopauciflora,A.R.Lourenço & E.Lucas,Brazil
Myrtaceae,Myrcia pseudospectabilis,Sobral,Brazil
Myrtaceae,Myrcia pseudosplendens,Sobral & Mazine,Brazil
Myrtaceae,Myrcia pteropoda,(O.Berg) A.R.Lourenço & E.Lucas,Brazil
Myrtaceae,Myrcia pubescens,DC.,Brazil
Myrtaceae,Myrcia pubiflora,DC.,Brazil
Myrtaceae,Myrcia pubipetala,Miq.,Brazil
Myrtaceae,Myrcia pulchella,(DC.) A.R.Lourenço & E.Lucas,Brazil
Myrtaceae,Myrcia pullei,(Burret ex Amshoff) A.R.Lourenço & E.Lucas,Brazil
Myrtaceae,Myrcia pulvinata,B.S.Amorim,Brazil
Myrtaceae,Myrcia pyrifolia,(Desv.) Nied.,Brazil
Myrtaceae,Myrcia racemosa,(O.Berg) Kiaersk.,Brazil
Myrtaceae,Myrcia ramuliflora,(O.Berg) N.Silveira,Brazil
Myrtaceae,Myrcia reitzii,(D.Legrand) Mazine,Brazil
Myrtaceae,Myrcia restingae,(Sobral) A.R.Lourenço & E.Lucas,Brazil
Myrtaceae,Myrcia resupinata,(Vell.) M.F.Santos,Brazil
Myrtaceae,Myrcia reticulata,Cambess.,Brazil
Myrtaceae,Myrcia reticulosa,Miq.,Brazil
Myrtaceae,Myrcia retorta,Cambess.,Brazil
Myrtaceae,Myrcia revolutifolia,McVaugh,Brazil
Myrtaceae,Myrcia riodocensis,G.M.Barroso & Peixoto,Brazil
Myrtaceae,Myrcia rionegrensis,L.L.Santos & T.N.C.Vasconc.,Brazil
Myrtaceae,Myrcia robusta,Sobral,Brazil
Myrtaceae,Myrcia rosangelae,NicLugh.,Brazil
Myrtaceae,Myrcia rubiginosa,Cambess.,Brazil
Myrtaceae,Myrcia rufipes,DC.,Brazil
Myrtaceae,Myrcia rufipila,McVaugh,Brazil
Myrtaceae,Myrcia rufopilosa,M.F.Santos,Brazil
Myrtaceae,Myrcia rufotomentosa,(McVaugh) K.Campbell & E.Lucas,Brazil
Myrtaceae,Myrcia ruiziana,(O.Berg) A.R.Lourenço & Parra-Os.,Brazil
Myrtaceae,Myrcia rupestris,M.F.Santos,Brazil
Myrtaceae,Myrcia rupicola,D.Legrand,Brazil
Myrtaceae,Myrcia rupta,M.L.Kawas. & B.Holst,Brazil
Myrtaceae,Myrcia ruschii,B.S.Amorim,Brazil
Myrtaceae,Myrcia salicifolia,DC.,Brazil
Myrtaceae,Myrcia salzmannii,O.Berg,Brazil
Myrtaceae,Myrcia santalucia,(Sobral) A.R.Lourenço & E.Lucas,Brazil
Myrtaceae,Myrcia santateresana,Sobral,Brazil
Myrtaceae,Myrcia saxatilis,(Amshoff) McVaugh,Brazil
Myrtaceae,Myrcia schottii,(D.Legrand) M.F.Santos,Brazil
Myrtaceae,Myrcia scytophylla,(Diels) E.Lucas & C.E.Wilson,Brazil
Myrtaceae,Myrcia selloi,(Spreng.) N.Silveira,Brazil
Myrtaceae,Myrcia servata,McVaugh,Brazil
Myrtaceae,Myrcia skortzoviana,(Mattos) E.Lucas & C.E.Wilson,Brazil
Myrtaceae,Myrcia solitaria,"(Sobral, O.T.Aguiar & Antunes) A.R.Lourenço & E.Lucas",Brazil
Myrtaceae,Myrcia spathulifolia,Proença,Brazil
Myrtaceae,Myrcia spectabilis,DC.,Brazil
Myrtaceae,Myrcia splendens,(Sw.) DC.,Brazil
Myrtaceae,Myrcia springiana,(O.Berg) Kiaersk.,Brazil
Myrtaceae,Myrcia squamata,(Mattos & D.Legrand) Mattos,Brazil
Myrtaceae,Myrcia stewartiana,O.Berg,Brazil
Myrtaceae,Myrcia stictophylla,(O.Berg) N.Silveira,Brazil
Myrtaceae,Myrcia stigmatosa,O.Berg,Brazil
Myrtaceae,Myrcia strigipes,Mart.,Brazil
Myrtaceae,Myrcia strigosa,A.R.Lourenço & E.Lucas,Brazil
Myrtaceae,Myrcia styphelantha,A.R.Lourenço & E.Lucas,Brazil
Myrtaceae,Myrcia subacuminata,(Kiaersk.) M.F.Santos,Brazil
Myrtaceae,Myrcia subalpestris,DC.,Brazil
Myrtaceae,Myrcia subavenia,(O.Berg) N.Silveira,Brazil
Myrtaceae,Myrcia subcordata,DC.,Brazil
Myrtaceae,Myrcia subcordifolia,B.Holst & M.L.Kawas.,Brazil
Myrtaceae,Myrcia suberosa,M.F.Santos & T.Fernandes,Brazil
Myrtaceae,Myrcia subobliqua,(O.Berg) Nied.,Brazil
Myrtaceae,Myrcia subsericea,A.Gray,Brazil
Myrtaceae,Myrcia subterminalis,M.F.Santos,Brazil
Myrtaceae,Myrcia subulata,(McVaugh) E.Lucas & C.E.Wilson,Brazil
Myrtaceae,Myrcia sucrei,(G.M.Barroso & Peixoto) E.Lucas & C.E.Wilson,Brazil
Myrtaceae,Myrcia summa,(McVaugh) M.F.Santos,Brazil
Myrtaceae,Myrcia sylvatica,(G.Mey.) DC.,Brazil
Myrtaceae,Myrcia teimosa,Sobral,Brazil
Myrtaceae,Myrcia tenuifolia,(O.Berg) Sobral,Brazil
Myrtaceae,Myrcia tenuivenosa,Kiaersk.,Brazil
Myrtaceae,Myrcia teresensis,NicLugh.,Brazil
Myrtaceae,Myrcia tessmannii,(Burret ex McVaugh) A.R.Lourenço & E.Lucas,Brazil
Myrtaceae,Myrcia tetraloba,D.F.Lima & E.Lucas,Brazil
Myrtaceae,Myrcia tetraphylla,Sobral,Brazil
Myrtaceae,Myrcia teuscheriana,(O.Berg) M.F.Santos,Brazil
Myrtaceae,Myrcia thomasii,B.S.Amorim & A.R.Lourenço,Brazil
Myrtaceae,Myrcia thyrsoidea,O.Berg,Brazil
Myrtaceae,Myrcia tijucensis,Kiaersk.,Brazil
Myrtaceae,Myrcia tomentosa,(Aubl.) DC.,Brazil
Myrtaceae,Myrcia tortuosa,(O.Berg) N.Silveira,Brazil
Myrtaceae,Myrcia tricona,(D.Legrand) A.R.Lourenço & E.Lucas,Brazil
Myrtaceae,Myrcia trimera,E.Lucas & Sobral,Brazil
Myrtaceae,Myrcia truncata,Sobral,Brazil
Myrtaceae,Myrcia tumida,Sobral,Brazil
Myrtaceae,Myrcia ubatubana,Mazine & Sobral,Brazil
Myrtaceae,Myrcia uberavensis,O.Berg,Brazil
Myrtaceae,Myrcia umbraticola,(Kunth) E.Lucas & C.E.Wilson,Brazil
Myrtaceae,Myrcia unana,"Sobral, Faria & Villaroel",Brazil
Myrtaceae,Myrcia undulata,O.Berg,Brazil
Myrtaceae,Myrcia variabilis,DC.,Brazil
Myrtaceae,Myrcia vauthiereana,O.Berg,Brazil
Myrtaceae,Myrcia vauthieriana,O.Berg,Brazil
Myrtaceae,Myrcia vellozoi,Mazine,Brazil
Myrtaceae,Myrcia velutiflora,(Mattos & D.Legrand) Mattos,Brazil
Myrtaceae,Myrcia venulosa,DC.,Brazil
Myrtaceae,Myrcia verrucosa,Sobral,Brazil
Myrtaceae,Myrcia vestita,DC.,Brazil
Myrtaceae,Myrcia vexata,(McVaugh) K.Campbell & K.Samra,Brazil
Myrtaceae,Myrcia virgata,Cambess.,Brazil
Myrtaceae,Myrcia vittoriana,Kiaersk.,Brazil
Myrtaceae,Myrcia warmingiana,Kiaersk.,Brazil
Myrtaceae,Myrcianthes cisplatensis,(Cambess.) O.Berg,Brazil
Myrtaceae,Myrcianthes fragrans,(Sw.) McVaugh,Brazil
Myrtaceae,Myrcianthes gigantea,(D.Legrand) D.Legrand,Brazil
Myrtaceae,Myrcianthes pseudomato,(D.Legrand) McVaugh,Brazil
Myrtaceae,Myrcianthes pungens,(O.Berg) D.Legrand,Brazil
Myrtaceae,Myrciaria alagoana,Sobral,Brazil
Myrtaceae,Myrciaria cordata,O.Berg,Brazil
Myrtaceae,Myrciaria cuspidata,O.Berg,Brazil
Myrtaceae,Myrciaria delicatula,(DC.) O.Berg,Brazil
Myrtaceae,Myrciaria disticha,O.Berg,Brazil
Myrtaceae,Myrciaria dubia,(Kunth) McVaugh,Brazil
Myrtaceae,Myrciaria evanida,Sobral,Brazil
Myrtaceae,Myrciaria ferruginea,O.Berg,Brazil
Myrtaceae,Myrciaria floribunda,(H.West ex Willd.) O.Berg,Brazil
Myrtaceae,Myrciaria glanduliflora,(Kiaersk.) Mattos & D.Legrand,Brazil
Myrtaceae,Myrciaria glazioviana,(Kiaersk.) G.M.Barroso ex Sobral,Brazil
Myrtaceae,Myrciaria glomerata,O.Berg,Brazil
Myrtaceae,Myrciaria guaquiea,(Kiaersk.) Mattos & D.Legrand,Brazil
Myrtaceae,Myrciaria leucadendron,O.Berg,Brazil
Myrtaceae,Myrciaria pallida,O.Berg,Brazil
Myrtaceae,Myrciaria pilosa,Sobral & Couto,Brazil
Myrtaceae,Myrciaria plinioides,D.Legrand,Brazil
Myrtaceae,Myrciaria strigipes,O.Berg,Brazil
Myrtaceae,Myrciaria tenella,(DC.) O.Berg,Brazil
Myrtaceae,Myrciaria vismiifolia,(Benth.) O.Berg,Brazil
Myrtaceae,Myrrhinium atropurpureum,Schott,Brazil
Myrtaceae,Neomitranthes amblymitra,(Burret) Mattos,Brazil
Myrtaceae,Neomitranthes capivariensis,(Mattos) Mattos,Brazil
Myrtaceae,Neomitranthes cordifolia,(D.Legrand) D.Legrand,Brazil
Myrtaceae,Neomitranthes gemballae,(D.Legrand) D.Legrand,Brazil
Myrtaceae,Neomitranthes glomerata,(D.Legrand) Govaerts,Brazil
Myrtaceae,Neomitranthes gracilis,(Burret) N.Silveira,Brazil
Myrtaceae,Neomitranthes obscura,(DC.) N.Silveira,Brazil
Myrtaceae,Neomitranthes obtusa,Sobral & Zambom,Brazil
Myrtaceae,Neomitranthes pedicellata,(Burret) Mattos,Brazil
Myrtaceae,Neomitranthes pereireana,(Mattos & D.Legrand) M.C.Souza & Sobral,Brazil
Myrtaceae,Neomitranthes regeliana,(O.Berg) M.C.Souza,Brazil
Myrtaceae,Neomitranthes stictophylla,(G.M.Barroso & Peixoto) M.C.Souza,Brazil
Myrtaceae,Neomitranthes warmingiana,(Kiaersk.) Mattos,Brazil
Myrtaceae,Pimenta pseudocaryophyllus,(Gomes) Landrum,Brazil
Myrtaceae,Plinia ambivalens,M.C.Souza & Sobral,Brazil
Myrtaceae,Plinia anonyma,Sobral,Brazil
Myrtaceae,Plinia callosa,Sobral,Brazil
Myrtaceae,Plinia cauliflora,(Mart.) Kausel,Brazil
Myrtaceae,Plinia cordifolia,(D.Legrand) Sobral,Brazil
Myrtaceae,Plinia coronata,(Mattos) Mattos,Brazil
Myrtaceae,Plinia costata,Amshoff,Brazil
Myrtaceae,Plinia delicata,"Antunes , Salimena & Sobral",Brazil
Myrtaceae,Plinia duplipilosa,McVaugh,Brazil
Myrtaceae,Plinia edulis,(Vell.) Sobral,Brazil
Myrtaceae,Plinia espinhacensis,Sobral,Brazil
Myrtaceae,Plinia grandifolia,(Mattos) Sobral,Brazil
Myrtaceae,Plinia hatschbachii,(Mattos) Sobral,Brazil
Myrtaceae,Plinia humaitana,M.A.D.Souza & Sobral,Brazil
Myrtaceae,Plinia inflata,McVaugh,Brazil
Myrtaceae,Plinia involucrata,(O.Berg) McVaugh,Brazil
Myrtaceae,Plinia langsdorffii,(O.Berg) Sobral & M.C.Souza,Brazil
Myrtaceae,Plinia longa,Sobral & M.C.Souza,Brazil
Myrtaceae,Plinia longiacuminata,Sobral,Brazil
Myrtaceae,Plinia marqueteana,G.M.Barroso,Brazil
Myrtaceae,Plinia martinellii,G.M.Barroso & Peron,Brazil
Myrtaceae,Plinia muricata,Sobral,Brazil
Myrtaceae,Plinia oblongata,(Mattos) Mattos,Brazil
Myrtaceae,Plinia pauciflora,M.L.Kawas. & B.Holst,Brazil
Myrtaceae,Plinia peruviana,(Poir.) Govaerts,Brazil
Myrtaceae,Plinia phitrantha,(Kiaersk.) Sobral,Brazil
Myrtaceae,Plinia povedae,P.E.Sánchez,Brazil
Myrtaceae,Plinia pseudodichasiantha,(Kiaersk.) G.M.Barroso ex Sobral,Brazil
Myrtaceae,Plinia pumila,(Gardner) M.C.Souza & Sobral,Brazil
Myrtaceae,Plinia rara,Sobral,Brazil
Myrtaceae,Plinia renatiana,G.M.Barroso & Peixoto,Brazil
Myrtaceae,Plinia rivularis,(Cambess.) Rotman,Brazil
Myrtaceae,Plinia rogersiana,Mattos,Brazil
Myrtaceae,Plinia rufiflora,Sobral & M.A.D.Souza,Brazil
Myrtaceae,Plinia sebastianopolitana,G.M.Barroso,Brazil
Myrtaceae,Plinia sessiliflora,(O.Berg) Stadnik & Sobral,Brazil
Myrtaceae,Plinia silvestris,(Vell.) Mazine & Sobral,Brazil
Myrtaceae,Plinia spiciflora,(Nees & Mart.) Sobral,Brazil
Myrtaceae,Plinia spirito-santensis,(Mattos) Mattos,Brazil
Myrtaceae,Plinia subavenia,Sobral,Brazil
Myrtaceae,Plinia tapuruquarana,M.A.D.Souza & Sobral,Brazil
Myrtaceae,Plinia ybotyrype,Stadnik,Brazil
Myrtaceae,Psidium acidum,(Mart. ex DC.) Landrum,Brazil
Myrtaceae,Psidium acutangulum,DC.,Brazil
Myrtaceae,Psidium anthomega,Vell.,Brazil
Myrtaceae,Psidium appendiculatum,Kiaersk.,Brazil
Myrtaceae,Psidium araucanum,Soares-Silva & Proença,Brazil
Myrtaceae,Psidium australe,Cambess.,Brazil
Myrtaceae,Psidium bahianum,Landrum & Funch,Brazil
Myrtaceae,Psidium brownianum,Mart. ex DC.,Brazil
Myrtaceae,Psidium canum,Mattos,Brazil
Myrtaceae,Psidium cattleyanum,Sabine,Brazil
Myrtaceae,Psidium cauliflorum,Landrum & Sobral,Brazil
Myrtaceae,Psidium decussatum,DC.,Brazil
Myrtaceae,Psidium densicomum,Mart. ex DC.,Brazil
Myrtaceae,Psidium ganevii,Landrum & Funch,Brazil
Myrtaceae,Psidium gaudichaudianum,Proença & Faria,Brazil
Myrtaceae,Psidium grandifolium,Mart. ex DC.,Brazil
Myrtaceae,Psidium grazielae,Tuler & M.C.Souza,Brazil
Myrtaceae,Psidium guineense,Sw.,Brazil
Myrtaceae,Psidium guyanense,Pers.,Brazil
Myrtaceae,Psidium hians,Mart. ex DC.,Brazil
Myrtaceae,Psidium inaequilaterum,O.Berg,Brazil
Myrtaceae,Psidium itanareense,O.Berg,Brazil
Myrtaceae,Psidium kennedyanum,Morong,Brazil
Myrtaceae,Psidium langsdorffii,O.Berg,Brazil
Myrtaceae,Psidium longipetiolatum,D.Legrand,Brazil
Myrtaceae,Psidium maribense,Mart. ex DC.,Brazil
Myrtaceae,Psidium myrsinites,DC.,Brazil
Myrtaceae,Psidium myrtoides,O.Berg,Brazil
Myrtaceae,Psidium oblongatum,O.Berg,Brazil
Myrtaceae,Psidium oligospermum,Mart. ex DC.,Brazil
Myrtaceae,Psidium ovale,(Spreng.) Burret,Brazil
Myrtaceae,Psidium robustum,O.Berg,Brazil
Myrtaceae,Psidium rotundidiscum,Proença & Tuler,Brazil
Myrtaceae,Psidium rufum,Mart. ex DC.,Brazil
Myrtaceae,Psidium schenckianum,Kiaersk.,Brazil
Myrtaceae,Psidium striatulum,DC.,Brazil
Myrtaceae,Psidium subrostrifolium,Mattos,Brazil
Myrtaceae,Psidium ubatubense,Mattos,Brazil
Myrtaceae,Siphoneugena crassifolia,(DC.) Proença & Sobral,Brazil
Myrtaceae,Siphoneugena delicata,Sobral & Proença,Brazil
Myrtaceae,Siphoneugena densiflora,O.Berg,Brazil
Myrtaceae,Siphoneugena dussii,(Krug & Urb.) Proença,Brazil
Myrtaceae,Siphoneugena guilfoyleiana,Proença,Brazil
Myrtaceae,Siphoneugena kiaerskoviana,(Burret) Kausel,Brazil
Myrtaceae,Siphoneugena kuhlmannii,Mattos,Brazil
Myrtaceae,Siphoneugena martinellii,(G.M.Barroso & Peixoto) Stadnik & Sobral,Brazil
Myrtaceae,Siphoneugena occidentalis,D.Legrand,Brazil
Myrtaceae,Siphoneugena reitzii,D.Legrand,Brazil
Nyctaginaceae,Andradea floribunda,Allemão,Brazil
Nyctaginaceae,Bougainvillea fasciculata,Heimerl,Brazil
Nyctaginaceae,Bougainvillea glabra,Choisy,Brazil
Nyctaginaceae,Bougainvillea praecox,Griseb.,Brazil
Nyctaginaceae,Guapira areolata,(Heimerl) Lundell,Brazil
Nyctaginaceae,Guapira eggersiana,(Heimerl) Lundell,Brazil
Nyctaginaceae,Guapira graciliflora,(Mart. ex J.A.Schmidt) Lundell,Brazil
Nyctaginaceae,Guapira hirsuta,(Choisy) Lundell,Brazil
Nyctaginaceae,Guapira laxa,(Netto) Furlan,Brazil
Nyctaginaceae,Guapira noxia,(Netto) Lundell,Brazil
Nyctaginaceae,Guapira obtusata,(Jacq.) Little,Brazil
Nyctaginaceae,Guapira opposita,(Vell.) Reitz,Brazil
Nyctaginaceae,Guapira pacurero,(Kunth) Little,Brazil
Nyctaginaceae,Guapira sancarlosiana,Steyerm.,Brazil
Nyctaginaceae,Guapira tomentosa,(Casar.) Lundell,Brazil
Nyctaginaceae,Guapira venosa,(Choisy) Lundell,Brazil
Nyctaginaceae,Neea alumnorum,"M.Pignal , Soares Filho & Romaniuc",Brazil
Nyctaginaceae,Neea floribunda,Poepp. & Endl.,Brazil
Nyctaginaceae,Neea grandis,Maguire & Steyerm.,Brazil
Nyctaginaceae,Neea hermaphrodita,S.Moore,Brazil
Nyctaginaceae,Neea laxa,Poepp. & Endl.,Brazil
Nyctaginaceae,Neea macrophylla,Poepp. & Endl.,Brazil
Nyctaginaceae,Neea madeirana,Standl.,Brazil
Nyctaginaceae,Neea obovata,Spruce ex Heimerl,Brazil
Nyctaginaceae,Neea oppositifolia,Ruiz & Pav.,Brazil
Nyctaginaceae,Neea ovalifolia,Spruce ex J.A.Schmidt,Brazil
Nyctaginaceae,Neea parviflora,Poepp. & Endl.,Brazil
Nyctaginaceae,Neea pendulina,Heimerl,Brazil
Nyctaginaceae,Neea robusta,Steyerm.,Brazil
Nyctaginaceae,Neea theifera,Oerst.,Brazil
Nyctaginaceae,Neea uleana,(Heimerl) Furlan,Brazil
Nyctaginaceae,Neea verticillata,Ruiz & Pav.,Brazil
Nyctaginaceae,Pisonia aculeata,L.,Brazil
Nyctaginaceae,Pisonia ambigua,Heimerl,Brazil
Nyctaginaceae,Pisonia zapallo,Griseb.,Brazil
Nyctaginaceae,Ramisia brasiliensis,Oliv.,Brazil
Nyctaginaceae,Reichenbachia paraguayensis,(D. Parodi) Dugand & Daniel,Brazil
Ochnaceae,Blastemanthus gemmiflorus,(Mart.) Planch.,Brazil
Ochnaceae,Blastemanthus grandiflorus,Spruce ex Engl.,Brazil
Ochnaceae,Cespedesia spathulata,(Ruiz & Pav.) Planch.,Brazil
Ochnaceae,Elvasia calophyllea,DC.,Brazil
Ochnaceae,Elvasia canescens,(Tiegh.) Gilg,Brazil
Ochnaceae,Elvasia capixaba,Fraga & Saavedra,Brazil
Ochnaceae,Elvasia gigantifolia,Fraga & Saavedra,Brazil
Ochnaceae,Elvasia kollmannii,Fraga & Saavedra,Brazil
Ochnaceae,Elvasia macrostipularis,Sastre & Lescure,Brazil
Ochnaceae,Elvasia quinqueloba,Spruce ex Engl.,Brazil
Ochnaceae,Elvasia tricarpellata,Sastre,Brazil
Ochnaceae,Froesia crassiflora,Pires & Fróes,Brazil
Ochnaceae,Froesia diffusa,Gereau & R.Vásquez,Brazil
Ochnaceae,Froesia tricarpa,Pires,Brazil
Ochnaceae,Krukoviella disticha,(Tiegh.) Dwyer,Brazil
Ochnaceae,Lacunaria crenata,(Tul.) A.C.Sm.,Brazil
Ochnaceae,Lacunaria grandifolia,Ducke,Brazil
Ochnaceae,Lacunaria jenmanii,(Oliv.) Ducke,Brazil
Ochnaceae,Lacunaria macrostachya,(Tul.) A.C.Sm.,Brazil
Ochnaceae,Lacunaria oppositifolia,Pires,Brazil
Ochnaceae,Lacunaria sampaioi,Ducke,Brazil
Ochnaceae,Lacunaria umbonata,Pires,Brazil
Ochnaceae,Ouratea acuminata,(DC.) Engl.,Brazil
Ochnaceae,Ouratea acuta,Tiegh.,Brazil
Ochnaceae,Ouratea aquatica,(Kunth) Engl.,Brazil
Ochnaceae,Ouratea attenuata,Tiegh.,Brazil
Ochnaceae,Ouratea bahiensis,Sastre,Brazil
Ochnaceae,Ouratea cassinifolia,(DC.) Engl.,Brazil
Ochnaceae,Ouratea castaneifolia,(DC.) Engl.,Brazil
Ochnaceae,Ouratea cauliflora,Fraga & Saavedra,Brazil
Ochnaceae,Ouratea chrysopetala,Ule,Brazil
Ochnaceae,Ouratea claudei,"Salvador, E.P. Santos & Cervi",Brazil
Ochnaceae,Ouratea coccinea,Engl.,Brazil
Ochnaceae,Ouratea conduplicata,Engl.,Brazil
Ochnaceae,Ouratea crassa,Tiegh.,Brazil
Ochnaceae,Ouratea cuspidata,Tiegh.,Brazil
Ochnaceae,Ouratea discophora,Ducke,Brazil
Ochnaceae,Ouratea engleri,Tiegh.,Brazil
Ochnaceae,Ouratea ferruginea,Engl.,Brazil
Ochnaceae,Ouratea fieldingiana,Engl.,Brazil
Ochnaceae,Ouratea gigantophylla,(Erhard) Engl.,Brazil
Ochnaceae,Ouratea glaucescens,Engl.,Brazil
Ochnaceae,Ouratea grandiflora,(DC.) Engl.,Brazil
Ochnaceae,Ouratea guianensis,Aubl.,Brazil
Ochnaceae,Ouratea hexasperma,(A.St.-Hil.) Baill.,Brazil
Ochnaceae,Ouratea hoehnei,Sleumer,Brazil
Ochnaceae,Ouratea inundata,Engl.,Brazil
Ochnaceae,Ouratea javariensis,Sastre,Brazil
Ochnaceae,Ouratea latifolia,(Erhard) Tiegh.,Brazil
Ochnaceae,Ouratea multiflora,Engl.,Brazil
Ochnaceae,Ouratea oliviformis,Engl.,Brazil
Ochnaceae,Ouratea orbignyana,(Tiegh.) Liesner,Brazil
Ochnaceae,Ouratea ovalis,Engl.,Brazil
Ochnaceae,Ouratea parviflora,Engl.,Brazil
Ochnaceae,Ouratea patens,Engl.,Brazil
Ochnaceae,Ouratea pendula,Poepp. ex Engl.,Brazil
Ochnaceae,Ouratea pendulosepala,Sastre,Brazil
Ochnaceae,Ouratea pisiformis,Engl.,Brazil
Ochnaceae,Ouratea polygyna,Engl.,Brazil
Ochnaceae,Ouratea pycnanthos,Sastre & Offroy,Brazil
Ochnaceae,Ouratea pycnostachys,(Mart. ex Erhard) Engl.,Brazil
Ochnaceae,Ouratea racemiformis,Ule,Brazil
Ochnaceae,Ouratea ramiflora,Sastre,Brazil
Ochnaceae,Ouratea ramosissima,Maguire & Steyerm.,Brazil
Ochnaceae,Ouratea rigida,Engl.,Brazil
Ochnaceae,Ouratea riparia,Sleumer,Brazil
Ochnaceae,Ouratea robusta,F.O.Silva & M.R.V.Barbosa,Brazil
Ochnaceae,Ouratea roraimae,Engl.,Brazil
Ochnaceae,Ouratea salicifolia,Engl.,Brazil
Ochnaceae,Ouratea schomburgkii,(Planch.) Engl.,Brazil
Ochnaceae,Ouratea scottii,Sastre,Brazil
Ochnaceae,Ouratea sellowii,Engl.,Brazil
Ochnaceae,Ouratea semiserrata,(Mart. & Nees) Engl.,Brazil
Ochnaceae,Ouratea spectabilis,(Mart. ex Engl.) Engl.,Brazil
Ochnaceae,Ouratea spruceana,Engl.,Brazil
Ochnaceae,Ouratea stipulata,(Vell.) Sastre,Brazil
Ochnaceae,Ouratea superba,Engl.,Brazil
Ochnaceae,Ouratea thyrsoidea,Engl.,Brazil
Ochnaceae,Ouratea vaccinioides,Engl.,Brazil
Ochnaceae,Ouratea verruculosa,Engl.,Brazil
Ochnaceae,Ouratea weberbaueri,Sleumer,Brazil
Ochnaceae,Ouratea xerophila,Rizzini,Brazil
Ochnaceae,Perissocarpa steyermarkii,(Maguire) Steyerm. & Maguire,Brazil
Ochnaceae,Perissocarpa umbellifera,Steyerm. & Maguire,Brazil
Ochnaceae,Philacra auriculata,Dwyer,Brazil
Ochnaceae,Philacra longifolia,(Gleason) Dwyer,Brazil
Ochnaceae,Poecilandra retusa,Tul.,Brazil
Ochnaceae,Quiina amazonica,A.C.Sm.,Brazil
Ochnaceae,Quiina berryi,J.V. Schneid. & Zizka,Brazil
Ochnaceae,Quiina blackii,Pires,Brazil
Ochnaceae,Quiina cidiana,J.V. Schneid. & Zizka,Brazil
Ochnaceae,Quiina cruegeriana,Griseb.,Brazil
Ochnaceae,Quiina florida,Tul.,Brazil
Ochnaceae,Quiina glaziovii,Engl.,Brazil
Ochnaceae,Quiina integrifolia,Pulle,Brazil
Ochnaceae,Quiina leptoclada,Tul.,Brazil
Ochnaceae,Quiina longifolia,Spruce ex Planch. & Triana,Brazil
Ochnaceae,Quiina macrophylla,Tul.,Brazil
Ochnaceae,Quiina maguirei,Pires,Brazil
Ochnaceae,Quiina maracaensis,J.V. Schneid. & Zizka,Brazil
Ochnaceae,Quiina negrensis,A.C.Sm.,Brazil
Ochnaceae,Quiina obovata,Tul.,Brazil
Ochnaceae,Quiina oiapocensis,Pires,Brazil
Ochnaceae,Quiina paraensis,Pires & Fróes,Brazil
Ochnaceae,Quiina parvifolia,Lanj. & Heerdt,Brazil
Ochnaceae,Quiina piresii,J.V. Schneid. & Zizka,Brazil
Ochnaceae,Quiina pteridophylla,(Radlk.) Pires,Brazil
Ochnaceae,Quiina rhytidopus,Tul.,Brazil
Ochnaceae,Quiina sessilis,"Choisy, Planch. & Triana",Brazil
Ochnaceae,Quiina tinifolia,Planch. & Triana,Brazil
Ochnaceae,Touroulia amazonica,Pires & A.S. Foster,Brazil
Ochnaceae,Touroulia guianensis,Aubl.,Brazil
Ochnaceae,Tyleria silvana,Maguire,Brazil
Ochnaceae,Tyleria tremuloidea,Maguire & Wurdack,Brazil
Ochnaceae,Wallacea insignis,Spruce ex Benth. & Hook.f.,Brazil
Ochnaceae,Wallacea multiflora,Ducke,Brazil
Olacaceae,Aptandra liriosmoides,Spruce ex Miers,Brazil
Olacaceae,Aptandra tubicina,(Poepp.) Benth. ex Miers,Brazil
Olacaceae,Brachynema axillare,Duno & P.E.Berry,Brazil
Olacaceae,Brachynema ramiflorum,Benth.,Brazil
Olacaceae,Cathedra acuminata,(Benth.) Miers,Brazil
Olacaceae,Cathedra bahiensis,Sleumer,Brazil
Olacaceae,Cathedra grandiflora,Loes.,Brazil
Olacaceae,Cathedra paraensis,Sleumer,Brazil
Olacaceae,Cathedra rubricaulis,Miers,Brazil
Olacaceae,Chaunochiton angustifolium,Sleumer,Brazil
Olacaceae,Chaunochiton kappleri,(Sagot ex Engl.) Ducke,Brazil
Olacaceae,Chaunochiton loranthoides,Benth.,Brazil
Olacaceae,Curupira tefeensis,G.A.Black,Brazil
Olacaceae,Douradoa consimilis,Sleumer,Brazil
Olacaceae,Dulacia candida,(Poepp.) Kuntze,Brazil
Olacaceae,Dulacia egleri,(Rangel) Sleumer,Brazil
Olacaceae,Dulacia gardneriana,(Benth.) Kuntze,Brazil
Olacaceae,Dulacia guianensis,(Engl.) Kuntze,Brazil
Olacaceae,Dulacia inopiflora,(Miers) Kuntze,Brazil
Olacaceae,Dulacia macrophylla,(Benth.) Kuntze,Brazil
Olacaceae,Dulacia papillosa,(Rangel) Sleumer,Brazil
Olacaceae,Dulacia pauciflora,(Benth.) Kuntze,Brazil
Olacaceae,Dulacia redmondii,Steyerm.,Brazil
Olacaceae,Dulacia singularis,Vell.,Brazil
Olacaceae,Heisteria acuminata,(Bonpl.) Engl.,Brazil
Olacaceae,Heisteria amazonica,Sleumer,Brazil
Olacaceae,Heisteria amphoricarpa,(Ducke) Sleumer,Brazil
Olacaceae,Heisteria barbata,Cuatrec.,Brazil
Olacaceae,Heisteria blanchetiana,(Engl.) Sleumer,Brazil
Olacaceae,Heisteria cauliflora,Sm.,Brazil
Olacaceae,Heisteria citrifolia,Engl.,Brazil
Olacaceae,Heisteria densifrons,Engl.,Brazil
Olacaceae,Heisteria duckei,Sleumer,Brazil
Olacaceae,Heisteria huberiana,Sleumer,Brazil
Olacaceae,Heisteria insculpta,Sleumer,Brazil
Olacaceae,Heisteria laxiflora,Engl.,Brazil
Olacaceae,Heisteria maguirei,Sleumer,Brazil
Olacaceae,Heisteria maytenoides,Spruce ex Engl.,Brazil
Olacaceae,Heisteria ovata,Benth.,Brazil
Olacaceae,Heisteria pentandra,(Benth. ex Reissek) Engl.,Brazil
Olacaceae,Heisteria perianthomega,(Vell.) Sleumer,Brazil
Olacaceae,Heisteria scandens,Ducke,Brazil
Olacaceae,Heisteria silvianii,Schwacke,Brazil
Olacaceae,Heisteria spruceana,Engl.,Brazil
Olacaceae,Minquartia guianensis,Aubl.,Brazil
Olacaceae,Ptychopetalum olacoides,Benth.,Brazil
Olacaceae,Ptychopetalum uncinatum,Anselmino,Brazil
Olacaceae,Tetrastylidium grandifolium,(Baill.) Sleumer,Brazil
Olacaceae,Tetrastylidium peruvianum,Sleumer,Brazil
Olacaceae,Ximenia americana,L.,Brazil
Olacaceae,Ximenia coriacea,Engl.,Brazil
Oleaceae,Chionanthus crassifolius,(Mart.) P.S.Green,Brazil
Oleaceae,Chionanthus ferrugineus,(Gilg) P.S.Green,Brazil
Oleaceae,Chionanthus filiformis,(Vell.) P.S.Green,Brazil
Oleaceae,Chionanthus fluminensis,(Miers) P.S.Green,Brazil
Oleaceae,Chionanthus greenii,Lombardi,Brazil
Oleaceae,Chionanthus implicatus,(Rusby) P.S.Green,Brazil
Oleaceae,Chionanthus micranthus,(Mart.) Lozano & Fuertes,Brazil
Oleaceae,Chionanthus parviflorus,"Cornejo , Lombardi & W.W.Thomas",Brazil
Oleaceae,Chionanthus subsessilis,(Eichler) P.S.Green,Brazil
Oleaceae,Chionanthus tenuis,P.S.Green,Brazil
Oleaceae,Chionanthus trichotomus,(Vell.) P.S.Green,Brazil
Oleaceae,Priogymnanthus hasslerianus,(Chodat) P.S.Green,Brazil
Oleaceae,Priogymnanthus saxicola,Lombardi,Brazil
Onagraceae,Fuchsia regia,(Vand. ex Vell.) Munz,Brazil
Onagraceae,Ludwigia anastomosans,(DC.) H. Hara,Brazil
Onagraceae,Ludwigia nervosa,(Poir.) H.Hara,Brazil
Opiliaceae,Agonandra brasiliensis,Miers ex Benth.,Brazil
Opiliaceae,Agonandra excelsa,Griseb.,Brazil
Opiliaceae,Agonandra fluminensis,Rizzini & Occhioni,Brazil
Opiliaceae,Agonandra peruviana,Hiepko,Brazil
Opiliaceae,Agonandra silvatica,Ducke,Brazil
Passifloraceae,Dilkea exilis,Feuillet,Brazil
Passifloraceae,Dilkea retusa,Mast.,Brazil
Passifloraceae,Turnera hindsiana,Benth.        ,Brazil
Passifloraceae,Turnera odorata,Rich.,Brazil
Pentaphylacaceae,Freziera atlantica,Zorzan. & Amorim,Brazil
Pentaphylacaceae,Freziera carinata,A.L.Weitzman,Brazil
Pentaphylacaceae,Freziera roraimensis,Tul.,Brazil
Pentaphylacaceae,Ternstroemia alnifolia,Wawra,Brazil
Pentaphylacaceae,Ternstroemia aracae,B.M. Boom,Brazil
Pentaphylacaceae,Ternstroemia brasiliensis,Cambess.,Brazil
Pentaphylacaceae,Ternstroemia campinicola,B.M.Boom,Brazil
Pentaphylacaceae,Ternstroemia candolleana,Wawra,Brazil
Pentaphylacaceae,Ternstroemia cuneifolia,Gardner,Brazil
Pentaphylacaceae,Ternstroemia delicatula,Choisy,Brazil
Pentaphylacaceae,Ternstroemia krukoffiana,Kobuski,Brazil
Pentaphylacaceae,Ternstroemia subcaudata,Kobuski,Brazil
Pentaphylacaceae,Ternstroemia urophora,Kobuski,Brazil
Peraceae,Chaetocarpus echinocarpus,(Baill.) Ducke,Brazil
Peraceae,Chaetocarpus myrsinites,Baill.,Brazil
Peraceae,Chaetocarpus schomburgkianus,(Kuntze) Pax & K.Hoffm.,Brazil
Peraceae,Pera androgyna,Rizzini,Brazil
Peraceae,Pera anisotricha,Müll.Arg.,Brazil
Peraceae,Pera benensis,Rusby,Brazil
Peraceae,Pera bicolor,(Klotzsch) Müll.Arg.,Brazil
Peraceae,Pera coccinea,(Benth.) Müll.Arg.,Brazil
Peraceae,Pera decipiens,(Müll.Arg.) Müll.Arg.,Brazil
Peraceae,Pera distichophylla,(Mart.) Baill.,Brazil
Peraceae,Pera eiteniorum,Bigio & Secco,Brazil
Peraceae,Pera furfuracea,Müll.Arg.,Brazil
Peraceae,Pera glabrata,(Schott) Poepp. ex Baill.,Brazil
Peraceae,Pera heteranthera,(Schrank) I.M.Johnst.,Brazil
Peraceae,Pera manausensis,Bigio & Secco,Brazil
Peraceae,Pera membranacea,Leal,Brazil
Peraceae,Pera pulchrifolia,Ducke,Brazil
Peraceae,Pera tomentosa,(Benth.) Müll.Arg.,Brazil
Peraceae,Pogonophora schomburgkiana,Miers ex Benth.,Brazil
Peridiscaceae,Peridiscus lucidus,Benth.,Brazil
Petiveriaceae,Gallesia integrifolia,(Spreng.) Harms,Brazil
Petiveriaceae,Seguieria americana,L.,Brazil
Petiveriaceae,Seguieria langsdorffii,Moq.,Brazil
Petiveriaceae,Seguieria paraguayensis,Morong,Brazil
Phyllanthaceae,Amanoa almerindae,Leal,Brazil
Phyllanthaceae,Amanoa congesta,W.J.Hayden,Brazil
Phyllanthaceae,Amanoa cupatensis,Huber,Brazil
Phyllanthaceae,Amanoa glaucophylla,Müll.Arg.,Brazil
Phyllanthaceae,Amanoa gracillima,W.J.Hayden,Brazil
Phyllanthaceae,Amanoa guianensis,Aubl.,Brazil
Phyllanthaceae,Amanoa marapiensis,Secco,Brazil
Phyllanthaceae,Amanoa nanayensis,W.J.Hayden,Brazil
Phyllanthaceae,Amanoa neglecta,W.J.Hayden,Brazil
Phyllanthaceae,Amanoa oblongifolia,Müll.Arg.,Brazil
Phyllanthaceae,Amanoa sinuosa,W.J.Hayden,Brazil
Phyllanthaceae,Astrocasia jacobinensis,(Müll.Arg.) G.L.Webster,Brazil
Phyllanthaceae,Astrocasia tremula,(Griseb.) G.L.Webster,Brazil
Phyllanthaceae,Chonocentrum cyathophorum,(Müll.Arg.) Pierre ex Pax & K.Hoffm.,Brazil
Phyllanthaceae,Didymocistus chrysadenius,Kuhlm.,Brazil
Phyllanthaceae,Discocarpus essequeboensis,Klotzsch,Brazil
Phyllanthaceae,Discocarpus gentryi,S.M.Hayden,Brazil
Phyllanthaceae,Discocarpus pedicellatus,Fiaschi & Cordeiro,Brazil
Phyllanthaceae,Discocarpus spruceanus,Müll.Arg.,Brazil
Phyllanthaceae,Gonatogyne brasiliensis,(Baill.) Müll.Arg.,Brazil
Phyllanthaceae,Hieronyma alchorneoides,Allemão,Brazil
Phyllanthaceae,Hieronyma oblonga,(Tul.) Müll.Arg.,Brazil
Phyllanthaceae,Jablonskia congesta,(Benth. ex Müll.Arg.) G.L.Webster,Brazil
Phyllanthaceae,Margaritaria nobilis,L.f.,Brazil
Phyllanthaceae,Phyllanthus acidus,(L.) Skeels,Brazil
Phyllanthaceae,Phyllanthus acuminatus,Vahl,Brazil
Phyllanthaceae,Phyllanthus atabapoensis,Jabl.,Brazil
Phyllanthaceae,Phyllanthus attenuatus,Miq.,Brazil
Phyllanthaceae,Phyllanthus biantherifer,Croizat,Brazil
Phyllanthaceae,Phyllanthus chacoensis,Morong,Brazil
Phyllanthaceae,Phyllanthus cladotrichus,Müll.Arg.,Brazil
Phyllanthaceae,Phyllanthus juglandifolius,Willd.,Brazil
Phyllanthaceae,Phyllanthus madeirensis,Croizat,Brazil
Phyllanthaceae,Phyllanthus martii,Müll.Arg.,Brazil
Phyllanthaceae,Phyllanthus myrsinites,Kunth,Brazil
Phyllanthaceae,Phyllanthus poeppigianus,(Müll.Arg.) Müll.Arg.,Brazil
Phyllanthaceae,Phyllanthus puntii,G.L.Webster,Brazil
Phyllanthaceae,Phyllanthus riedelianus,Müll.Arg.,Brazil
Phyllanthaceae,Phyllanthus rupestris,Kunth,Brazil
Phyllanthaceae,Phyllanthus umbratus,Müll.Arg.,Brazil
Phyllanthaceae,Richeria grandis,Vahl,Brazil
Phyllanthaceae,Savia dictyocarpa,Müll.Arg.,Brazil
Phytolaccaceae,Phytolacca dioica,L.,Brazil
Picramniaceae,Nothotalisia peruviana,(Standl.) W.W.Thomas,Brazil
Picramniaceae,Picramnia caracasana,Engl.,Brazil
Picramniaceae,Picramnia ciliata,Mart.,Brazil
Picramniaceae,Picramnia elliptica,Pirani & W.W. Thomas,Brazil
Picramniaceae,Picramnia excelsa,Kuhlm. ex Pirani,Brazil
Picramniaceae,Picramnia gardneri,Planch.,Brazil
Picramniaceae,Picramnia glazioviana,Engl.,Brazil
Picramniaceae,Picramnia guianensis,(Aubl.) Jans.-Jac.,Brazil
Picramniaceae,Picramnia juniniana,J.F.Macbr.,Brazil
Picramniaceae,Picramnia latifolia,Tul.,Brazil
Picramniaceae,Picramnia magnifolia,J.F.Macbr.,Brazil
Picramniaceae,Picramnia parvifolia,Engl.,Brazil
Picramniaceae,Picramnia ramiflora,Planch.,Brazil
Picramniaceae,Picramnia sellowii,Planch.,Brazil
Picramniaceae,Picramnia spruceana,Engl.,Brazil
Picrodendraceae,Piranhea longepedunculata,Jabl.,Brazil
Picrodendraceae,Piranhea securinega,Radcl.-Sm. & Ratter,Brazil
Picrodendraceae,Piranhea trifoliata,Baill.,Brazil
Picrodendraceae,Podocalyx loranthoides,Klotzsch,Brazil
Piperaceae,Piper aduncum,L.,Brazil
Piperaceae,Piper aequale,Vahl,Brazil
Piperaceae,Piper amalago,L.,Brazil
Piperaceae,Piper arboreum,Aubl.,Brazil
Piperaceae,Piper augustum,Rudge,Brazil
Piperaceae,Piper bellidifolium,Yunck.,Brazil
Piperaceae,Piper cachimboense,Yunck.,Brazil
Piperaceae,Piper cernuum,Vell.,Brazil
Piperaceae,Piper crassinervium,Kunth,Brazil
Piperaceae,Piper dilatatum,Rich.,Brazil
Piperaceae,Piper glabrescens,(Miq.) C.DC.,Brazil
Piperaceae,Piper grande,Vahl,Brazil
Piperaceae,Piper hispidum,Sw.,Brazil
Piperaceae,Piper hostmannianum,(Miq.) C.DC.,Brazil
Piperaceae,Piper inaequale,C.DC.,Brazil
Piperaceae,Piper nudilimbum,C. DC.,Brazil
Piperaceae,Piper obtusilimbum,C. DC.,Brazil
Piperaceae,Piper pseudoarboreum,Yunck.,Brazil
Piperaceae,Piper reticulatum,L.,Brazil
Piperaceae,Piper tenue,Kunth,Brazil
Piperaceae,Piper tuberculatum,Jacq.,Brazil
Podocarpaceae,Podocarpus acuminatus,de Laub.,Brazil
Podocarpaceae,Podocarpus aracensis,de Laub. & Silba,Brazil
Podocarpaceae,Podocarpus brasiliensis,de Laub.,Brazil
Podocarpaceae,Podocarpus celatus,de Laub.,Brazil
Podocarpaceae,Podocarpus lambertii,Klotzsch ex Endl.,Brazil
Podocarpaceae,Podocarpus salicifolius,Klotzsch & H.Karst. ex Endl.,Brazil
Podocarpaceae,Podocarpus sellowii,Klotzsch ex Endl.,Brazil
Podocarpaceae,Podocarpus transiens,(Pilg.) de Laub.,Brazil
Podocarpaceae,Retrophyllum piresii,(Silba) C.N.Page,Brazil
Polygalaceae,Acanthocladus dichromus,(Steud.) J.F.B.Pastore,Brazil
Polygalaceae,Acanthocladus pulcherrimus,(Kuhlm.) J.F.B.Pastore & D.B.O.S.Cardoso,Brazil
Polygalaceae,Acanthocladus santosii,(Wurdack) J.F.B.Pastore & D.B.O.S.Cardoso,Brazil
Polygalaceae,Acanthocladus scleroxylon,(Ducke) B.Eriksen & B.Ståhl,Brazil
Polygalaceae,Bredemeyera floribunda,Willd.,Brazil
Polygalaceae,Bredemeyera hebeclada,(DC.) J.F.B.Pastore,Brazil
Polygalaceae,Diclidanthera laurifolia,Mart.,Brazil
Polygalaceae,Diclidanthera octandra,Gleason,Brazil
Polygalaceae,Moutabea aculeata,(Ruiz & Pav.) Poepp. & Endl.,Brazil
Polygalaceae,Moutabea guianensis,Aubl.,Brazil
Polygalaceae,Securidaca volubilis,L.,Brazil
Polygonaceae,Coccoloba acuminata,Kunth,Brazil
Polygonaceae,Coccoloba alnifolia,Casar.,Brazil
Polygonaceae,Coccoloba ascendens,Duss ex Lindau,Brazil
Polygonaceae,Coccoloba brasiliensis,Nees & Mart.,Brazil
Polygonaceae,Coccoloba bullata,R.A.Howard,Brazil
Polygonaceae,Coccoloba charitostachya,Standl.,Brazil
Polygonaceae,Coccoloba cordata,Cham.,Brazil
Polygonaceae,Coccoloba coronata,Jacq.,Brazil
Polygonaceae,Coccoloba cujabensis,Wedd.,Brazil
Polygonaceae,Coccoloba declinata,(Vell.) Mart.,Brazil
Polygonaceae,Coccoloba densifrons,Mart. ex Meisn.,Brazil
Polygonaceae,Coccoloba excelsa,Benth.,Brazil
Polygonaceae,Coccoloba fastigiata,Meisn.,Brazil
Polygonaceae,Coccoloba gentryi,R.A.Howard,Brazil
Polygonaceae,Coccoloba gigantifolia,"E.Melo, C.A.Cid Ferreira & Gribel",Brazil
Polygonaceae,Coccoloba glaziovii,Lindau,Brazil
Polygonaceae,Coccoloba guaranitica,Hassl.,Brazil
Polygonaceae,Coccoloba latifolia,Poir.,Brazil
Polygonaceae,Coccoloba lehmannii,Lindau,Brazil
Polygonaceae,Coccoloba mollis,Casar.,Brazil
Polygonaceae,Coccoloba oblonga,Lindau,Brazil
Polygonaceae,Coccoloba obtusifolia,Jacq.,Brazil
Polygonaceae,Coccoloba ovata,Benth.,Brazil
Polygonaceae,Coccoloba paraensis,Meisn.,Brazil
Polygonaceae,Coccoloba persicaria,Wedd.,Brazil
Polygonaceae,Coccoloba ramosissima,Wedd.,Brazil
Polygonaceae,Coccoloba rosea,Meisn.,Brazil
Polygonaceae,Coccoloba salicifolia,Wedd.,Brazil
Polygonaceae,Coccoloba savannarum,Standl.,Brazil
Polygonaceae,Coccoloba scandens,Casar.,Brazil
Polygonaceae,Coccoloba schwackeana,Lindau,Brazil
Polygonaceae,Coccoloba striata,Benth.,Brazil
Polygonaceae,Coccoloba warmingii,Meisn.,Brazil
Polygonaceae,Enneatypus tenuiflorus,(Benth.) Roberty & Vautier,Brazil
Polygonaceae,Ruprechtia brachysepala,Meisn.,Brazil
Polygonaceae,Ruprechtia brachystachya,Benth.,Brazil
Polygonaceae,Ruprechtia crenata,(Casar.) R.A. Howard,Brazil
Polygonaceae,Ruprechtia exploratricis,Sandwith,Brazil
Polygonaceae,Ruprechtia glauca,Meisn.,Brazil
Polygonaceae,Ruprechtia latifunda,Pendry,Brazil
Polygonaceae,Ruprechtia laxiflora,Meisn.,Brazil
Polygonaceae,Ruprechtia lundii,Meisn.,Brazil
Polygonaceae,Ruprechtia maracaensis,Brandbyge,Brazil
Polygonaceae,Ruprechtia salicifolia,(Cham. & Schltdl.) C.A. Mey.,Brazil
Polygonaceae,Ruprechtia tangarana,Standl.,Brazil
Polygonaceae,Salta triflora,(Griseb.) Adr. Sanchez,Brazil
Polygonaceae,Symmeria paniculata,Benth.,Brazil
Polygonaceae,Triplaris americana,L.,Brazil
Polygonaceae,Triplaris dugandii,Brandbyge,Brazil
Polygonaceae,Triplaris gardneriana,Wedd.,Brazil
Polygonaceae,Triplaris longifolia,Huber,Brazil
Polygonaceae,Triplaris physocalyx,Brandbyge,Brazil
Polygonaceae,Triplaris punctata,Standl.,Brazil
Polygonaceae,Triplaris weigeltiana,(Rchb.) Kuntze,Brazil
Primulaceae,Ardisia compressa,Kunth,Brazil
Primulaceae,Ardisia guianensis,(Aubl.) Mez,Brazil
Primulaceae,Ardisia weberbaueri,Mez,Brazil
Primulaceae,Clavija elliptica,Mez,Brazil
Primulaceae,Clavija lancifolia,Desf.,Brazil
Primulaceae,Clavija poeppigii,Mez,Brazil
Primulaceae,Clavija tarapotana,Mez,Brazil
Primulaceae,Clavija weberbaueri,Mez,Brazil
Primulaceae,Ctenardisia speciosa,Ducke,Brazil
Primulaceae,Ctenardisia stenobotrys,(Standl.) Lundell & Pipoly,Brazil
Primulaceae,Cybianthus amplus,(Mez) G.Agostini,Brazil
Primulaceae,Cybianthus boissieri,A.DC.,Brazil
Primulaceae,Cybianthus buchtienii,(Pax) G.Agostini,Brazil
Primulaceae,Cybianthus cardonae,G.Agostini,Brazil
Primulaceae,Cybianthus comperuvianus,Pipoly,Brazil
Primulaceae,Cybianthus densiflorus,Miq.,Brazil
Primulaceae,Cybianthus detergens,Mart.,Brazil
Primulaceae,Cybianthus flavovirens,Pipoly        ,Brazil
Primulaceae,Cybianthus fulvopulverulentus,(Mez) G.Agostini,Brazil
Primulaceae,Cybianthus gardneri,(A.DC.) G.Agostini,Brazil
Primulaceae,Cybianthus goyazensis,Mez,Brazil
Primulaceae,Cybianthus guyanensis,(A.DC.) Miq.,Brazil
Primulaceae,Cybianthus lagoensis,Mez,Brazil
Primulaceae,Cybianthus lepidotus,(Gleason) G.Agostini,Brazil
Primulaceae,Cybianthus longifolius,Miq.,Brazil
Primulaceae,Cybianthus maguirei,G.Agostini ex Pipoly,Brazil
Primulaceae,Cybianthus minutiflorus,Mez,Brazil
Primulaceae,Cybianthus multicostatus,Miq.,Brazil
Primulaceae,Cybianthus multiflorus,(A.C.Sm.) G.Agostini,Brazil
Primulaceae,Cybianthus nestorii,Pipoly        ,Brazil
Primulaceae,Cybianthus penduliflorus,Mart.,Brazil
Primulaceae,Cybianthus peruvianus,(A.DC.) Miq.,Brazil
Primulaceae,Cybianthus plowmanii,Pipoly,Brazil
Primulaceae,Cybianthus poeppigii,Mez,Brazil
Primulaceae,Cybianthus potiaei,(Mez) G.Agostini,Brazil
Primulaceae,Cybianthus prieurii,A.DC.,Brazil
Primulaceae,Cybianthus quelchii,(N.E.Br.) G.Agostini,Brazil
Primulaceae,Cybianthus reticulatus,(Benth. ex Miq.) G.Agostini,Brazil
Primulaceae,Cybianthus ruforamulus,Pipoly,Brazil
Primulaceae,Cybianthus spicatus,(Kunth) G.Agostini,Brazil
Primulaceae,Cybianthus venezuelanus,Mez,Brazil
Primulaceae,Geissanthus ambiguus,(Mart.) G.Agostini,Brazil
Primulaceae,Jacquinia armillaris,Jacq.,Brazil
Primulaceae,Myrsine balansae,(Mez) Otegui,Brazil
Primulaceae,Myrsine coriacea,(Sw.) R.Br. ex Roem. & Schult.,Brazil
Primulaceae,Myrsine gardneriana,A. DC.,Brazil
Primulaceae,Myrsine guianensis,(Aubl.) Kuntze,Brazil
Primulaceae,Myrsine hermogenesii,(Jung-Mend. & Bernacci) M.F.Freitas & Kin.-Gouv.,Brazil
Primulaceae,Myrsine laetevirens,(Mez) Arechav.,Brazil
Primulaceae,Myrsine leuconeura,Mart.,Brazil
Primulaceae,Myrsine lineata,(Mez) Imkhan.,Brazil
Primulaceae,Myrsine loefgrenii,(Mez) Imkhan.,Brazil
Primulaceae,Myrsine luae,Ricketson & Pipoly,Brazil
Primulaceae,Myrsine matensis,(Mez) Otegui,Brazil
Primulaceae,Myrsine parvifolia,A. DC.,Brazil
Primulaceae,Myrsine parvula,(Mez) Otegui,Brazil
Primulaceae,Myrsine rubra,M.F.Freitas & Kin.-Gouv.,Brazil
Primulaceae,Myrsine umbellata,Mart.,Brazil
Primulaceae,Myrsine venosa,A.DC.,Brazil
Primulaceae,Parathesis adenanthera,(Miq.) Hook.f.,Brazil
Primulaceae,Parathesis amazonica,Mez,Brazil
Primulaceae,Stylogyne atra,Mez,Brazil
Primulaceae,Stylogyne cauliflora,(Mart. & Miq.) Mez,Brazil
Primulaceae,Stylogyne incognita,Pipoly,Brazil
Primulaceae,Stylogyne lasseri,(Lundell) Pipoly,Brazil
Primulaceae,Stylogyne laxiflora,Mez,Brazil
Primulaceae,Stylogyne longifolia,(Mart. ex Miq.) Mez,Brazil
Primulaceae,Stylogyne nigricans,(A.DC.) Mez,Brazil
Primulaceae,Stylogyne orinocensis,(Kunth) Mez,Brazil
Primulaceae,Stylogyne serpentina,Mez,Brazil
Proteaceae,Euplassa bahiensis,(Meisn.) I.M.Johnst.,Brazil
Proteaceae,Euplassa cantareirae,Sleumer,Brazil
Proteaceae,Euplassa glaziovii,(Mez) Steyerm.,Brazil
Proteaceae,Euplassa hoehnei,Sleumer,Brazil
Proteaceae,Euplassa inaequalis,(Pohl) Engl.,Brazil
Proteaceae,Euplassa incana,(Klotzsch) I.M.Johnst.,Brazil
Proteaceae,Euplassa itatiaiae,Sleumer,Brazil
Proteaceae,Euplassa legalis,(Vell.) I.M.Johnst.,Brazil
Proteaceae,Euplassa madeirae,Sleumer,Brazil
Proteaceae,Euplassa nebularis,Rambo & Sleumer,Brazil
Proteaceae,Euplassa organensis,(Gardner) I.M.Johnst.,Brazil
Proteaceae,Euplassa pinnata,(Lam.) I.M.Johnst.,Brazil
Proteaceae,Euplassa rufa,(Loes.) Sleumer,Brazil
Proteaceae,Euplassa semicostata,Plana,Brazil
Proteaceae,Euplassa taubertiana,K.Schum.,Brazil
Proteaceae,Panopsis magnifructa,Prance,Brazil
Proteaceae,Panopsis multiflora,(Schott ex Endl.) Ducke     ,Brazil
Proteaceae,Panopsis rubescens,(Pohl) Pittier,Brazil
Proteaceae,Panopsis sessilifolia,(Rich.) Sandwith,Brazil
Proteaceae,Roupala asplenioides,Sleumer        ,Brazil
Proteaceae,Roupala caparoensis,Sleumer,Brazil
Proteaceae,Roupala consimilis,Mez,Brazil
Proteaceae,Roupala dielsii,J.F.Macbr.,Brazil
Proteaceae,Roupala gracilis,Meisn.,Brazil
Proteaceae,Roupala longepetiolata,Pohl,Brazil
Proteaceae,Roupala meisneri,Sleumer,Brazil
Proteaceae,Roupala montana,Aubl.,Brazil
Proteaceae,Roupala nitida,Rudge,Brazil
Proteaceae,Roupala nonscripta,K.S. Edwards & Prance,Brazil
Proteaceae,Roupala obtusata,Klotzsch,Brazil
Proteaceae,Roupala pallida,K. Schum.,Brazil
Proteaceae,Roupala paulensis,Sleumer,Brazil
Proteaceae,Roupala psilocarpa,K.S. Edwards & Prance,Brazil
Proteaceae,Roupala sculpta,Sleumer,Brazil
Proteaceae,Roupala sororopana,Steyerm.,Brazil
Proteaceae,Roupala suaveolens,Klotzsch,Brazil
Putranjivaceae,Drypetes amazonica,Steyerm.,Brazil
Putranjivaceae,Drypetes sessiliflora,Allemão,Brazil
Putranjivaceae,Drypetes variabilis,Uittien,Brazil
Quillajaceae,Quillaja lancifolia,D.Don,Brazil
Rhabdodendraceae,Rhabdodendron amazonicum,(Spruce ex Benth.) Huber,Brazil
Rhabdodendraceae,Rhabdodendron gardnerianum,(Benth.) Sandwith,Brazil
Rhamnaceae,Ampelozizyphus amazonicus,Ducke,Brazil
Rhamnaceae,Colubrina cordifolia,Reissek,Brazil
Rhamnaceae,Colubrina glandulosa,G.Perkins,Brazil
Rhamnaceae,Colubrina retusa,(Pittier) R.S.Cowan,Brazil
Rhamnaceae,Condalia buxifolia,Reissek,Brazil
Rhamnaceae,Frangula chrysophylla,Reissek,Brazil
Rhamnaceae,Frangula neblinensis,(Maguire & Steyerm.) A.Pool,Brazil
Rhamnaceae,Frangula polymorpha,Reissek,Brazil
Rhamnaceae,Rhamnidium elaeocarpum,Reissek,Brazil
Rhamnaceae,Rhamnidium glabrum,Reissek,Brazil
Rhamnaceae,Rhamnidium molle,Reissek,Brazil
Rhamnaceae,Sarcomphalus cinnamomum,(Triana & Planch.) Hauenschild,Brazil
Rhamnaceae,Sarcomphalus glaziovii,(Warm.) Hauenschild,Brazil
Rhamnaceae,Sarcomphalus joazeiro,(Mart.) Hauenschild,Brazil
Rhamnaceae,Sarcomphalus platyphyllus,(Reissek) Hauenschild,Brazil
Rhamnaceae,Sarcomphalus undulatus,(Reissek) Hauenschild,Brazil
Rhamnaceae,Scutia buxifolia,Reissek,Brazil
Rhamnaceae,Ziziphus cotinifolia,Reissek,Brazil
Rhizophoraceae,Cassipourea elliptica,(Sw.) Poir.,Brazil
Rhizophoraceae,Cassipourea guianensis,Aubl.,Brazil
Rhizophoraceae,Cassipourea peruviana,Alston,Brazil
Rhizophoraceae,Cassipourea spruceana,Benth.,Brazil
Rhizophoraceae,Paradrypetes ilicifolia,Kuhlm.,Brazil
Rhizophoraceae,Paradrypetes subintegrifolia,G.M.Levin,Brazil
Rhizophoraceae,Rhizophora mangle,L.,Brazil
Rhizophoraceae,Rhizophora racemosa,G.Mey.,Brazil
Rhizophoraceae,Sterigmapetalum obovatum,Kuhlm.,Brazil
Rhizophoraceae,Sterigmapetalum plumbeum,Aymard & Cuello,Brazil
Rosaceae,Prunus brasiliensis,(Cham. & Schltdl.) D.Dietr.,Brazil
Rosaceae,Prunus chamissoana,Koehne,Brazil
Rosaceae,Prunus ligustrina,Koehne,Brazil
Rosaceae,Prunus myrtifolia,(L.) Urb.,Brazil
Rosaceae,Prunus omissa,Koehne,Brazil
Rosaceae,Prunus subcoriacea,(Chodat & Hassl.) Koehne,Brazil
Rosaceae,Prunus ulei,Koehne,Brazil
Rubiaceae,Adolphoduckea maynensis,(Poepp. & Endl.) Paudyal & Delprete,Brazil
Rubiaceae,Agouticarpa curviflora,(Dwyer) C.H.Perss.,Brazil
Rubiaceae,Alibertia bertierifolia,K.Schum.,Brazil
Rubiaceae,Alibertia claviflora,K.Schum.,Brazil
Rubiaceae,Alibertia curviflora,K.Schum.,Brazil
Rubiaceae,Alibertia duckeana,Delprete & C. Persson,Brazil
Rubiaceae,Alibertia duckei,Standl.,Brazil
Rubiaceae,Alibertia edulis,(Rich.) A.Rich. ex DC.,Brazil
Rubiaceae,Alibertia latifolia,(Benth.) K.Schum.,Brazil
Rubiaceae,Alibertia sorbilis,Huber ex Ducke,Brazil
Rubiaceae,Alibertia verticillata,(Ducke) W.Schultze-Motel,Brazil
Rubiaceae,Alseis eggersii,Standl.,Brazil
Rubiaceae,Alseis floribunda,Schott,Brazil
Rubiaceae,Alseis involuta,K.Schum.,Brazil
Rubiaceae,Alseis labatioides,H.Karst. ex K.Schum.,Brazil
Rubiaceae,Alseis latifolia,Gleason,Brazil
Rubiaceae,Alseis longifolia,Ducke,Brazil
Rubiaceae,Alseis lugonis,L.Andersson,Brazil
Rubiaceae,Alseis pickelii,Pilg. & Schmale,Brazil
Rubiaceae,Alseis reticulata,Pilg. & Schmale,Brazil
Rubiaceae,Alseis sertaneja,L.Marinho & J.G.Jardim,Brazil
Rubiaceae,Amaioua contracta,Standl.,Brazil
Rubiaceae,Amaioua glomerulata,(Lam. ex Poir.) Delprete & C.H.Perss.,Brazil
Rubiaceae,Amaioua guianensis,Aubl.,Brazil
Rubiaceae,Amaioua intermedia,Mart. ex Schult. & Schult.f.,Brazil
Rubiaceae,Amaioua monteiroi,Standl.,Brazil
Rubiaceae,Amaioua pilosa,K.Schum.,Brazil
Rubiaceae,Appunia aurantiaca,(K.Krause) Sandwith,Brazil
Rubiaceae,Appunia debilis,Sandwith,Brazil
Rubiaceae,Appunia morindoides,"(A.Rich. ex DC.) Delprete, C.M.Taylor & T.McDowell",Brazil
Rubiaceae,Appunia triphylla,Ducke,Brazil
Rubiaceae,Bathysa australis,(A.St.-Hil.) K.Schum.,Brazil
Rubiaceae,Bathysa bathysoides,(Steyerm.) Delprete,Brazil
Rubiaceae,Bathysa gymnocarpa,K.Schum.,Brazil
Rubiaceae,Bathysa mendoncaei,K.Schum.,Brazil
Rubiaceae,Bathysa nicholsonii,K.Schum.,Brazil
Rubiaceae,Bathysa stipulata,(Vell.) C.Presl,Brazil
Rubiaceae,Bathysa sylvestrae,P.Germano & M.Gomes,Brazil
Rubiaceae,Bertiera bracteosa,(Donn.Sm.) B.Ståhl & L.Andersson,Brazil
Rubiaceae,Bertiera guianensis,Aubl.,Brazil
Rubiaceae,Bothriospora corymbosa,(Benth.) Hook.f.,Brazil
Rubiaceae,Botryarrhena pendula,Ducke,Brazil
Rubiaceae,Calycophyllum intonsum,Steyerm.,Brazil
Rubiaceae,Calycophyllum megistocaulum,(K.Krause) C.M.Taylor,Brazil
Rubiaceae,Calycophyllum multiflorum,Griseb.,Brazil
Rubiaceae,Calycophyllum obovatum,(Ducke) Ducke,Brazil
Rubiaceae,Calycophyllum papillosum,J.H.Kirkbr.,Brazil
Rubiaceae,Calycophyllum spruceanum,(Benth.) Hook.f. ex K.Schum.,Brazil
Rubiaceae,Calycophyllum tefense,J.H.Kirkbr.,Brazil
Rubiaceae,Capirona decorticans,Spruce,Brazil
Rubiaceae,Carapichea adinantha,(Standl.) C.M.Taylor,Brazil
Rubiaceae,Carapichea crebrinervia,(Standl.) C.M.Taylor,Brazil
Rubiaceae,Carapichea verrucosa,C.M.Taylor,Brazil
Rubiaceae,Cephalanthus glabratus,(Spreng.) K.Schum.,Brazil
Rubiaceae,Chimarrhis barbata,(Ducke) Bremek.,Brazil
Rubiaceae,Chimarrhis duckeana,Delprete,Brazil
Rubiaceae,Chimarrhis gentryana,Delprete,Brazil
Rubiaceae,Chimarrhis glabriflora,Ducke,Brazil
Rubiaceae,Chimarrhis microcarpa,Standl.,Brazil
Rubiaceae,Chimarrhis turbinata,DC.,Brazil
Rubiaceae,Chomelia bella,(Standl.) Steyerm.,Brazil
Rubiaceae,Chomelia brasiliana,A.Rich.,Brazil
Rubiaceae,Chomelia estrellana,Müll.Arg.,Brazil
Rubiaceae,Chomelia hirsuta,Gardner,Brazil
Rubiaceae,Chomelia intercedens,Müll.Arg.,Brazil
Rubiaceae,Chomelia malaneoides,Müll.Arg.,Brazil
Rubiaceae,Chomelia obtusa,Cham. & Schltdl.,Brazil
Rubiaceae,Chomelia paniculata,(Bartl. ex DC.) Steyerm.,Brazil
Rubiaceae,Chomelia parviflora,(Müll.Arg.) Müll.Arg.,Brazil
Rubiaceae,Chomelia parvifolia,(Standl.) Govaerts,Brazil
Rubiaceae,Chomelia pedunculosa,Benth.,Brazil
Rubiaceae,Chomelia pohliana,Müll.Arg.,Brazil
Rubiaceae,Chomelia polyantha,S.F.Blake,Brazil
Rubiaceae,Chomelia randioides,(Standl.) Steyerm.,Brazil
Rubiaceae,Chomelia ribesioides,Benth. ex A.Gray,Brazil
Rubiaceae,Chomelia sericea,Müll.Arg.,Brazil
Rubiaceae,Chomelia spinosa,Jacq.,Brazil
Rubiaceae,Chomelia tenuiflora,Benth.,Brazil
Rubiaceae,Chomelia tristis,Müll.Arg.,Brazil
Rubiaceae,Ciliosemina pedunculata,(H.Karst.) Antonelli,Brazil
Rubiaceae,Cinchonopsis amazonica,(Standl.) L.Andersson,Brazil
Rubiaceae,Condaminea corymbosa,(Ruiz & Pav.) DC.,Brazil
Rubiaceae,Cordiera concolor,(Cham.) Kuntze,Brazil
Rubiaceae,Cordiera elliptica,(Cham.) Kuntze,Brazil
Rubiaceae,Cordiera hadrantha,(Standl.) C.H.Perss. & Delprete,Brazil
Rubiaceae,Cordiera killipii,(Standl.) C.H.Perss. & Delprete,Brazil
Rubiaceae,Cordiera macrophylla,(K.Schum.) Kuntze,Brazil
Rubiaceae,Cordiera myrciifolia,(K.Schum.) Perss. & Delprete,Brazil
Rubiaceae,Cordiera pilosa,(K.Krause) C.H.Perss. & Delprete,Brazil
Rubiaceae,Cordiera triflora,A.Rich. ex DC.,Brazil
Rubiaceae,Cosmibuena grandiflora,(Ruiz & Pav.) Rusby,Brazil
Rubiaceae,Coussarea accedens,Müll.Arg.,Brazil
Rubiaceae,Coussarea ampla,Müll.Arg.,Brazil
Rubiaceae,Coussarea andrei,M.S. Pereira & M.R. Barbosa,Brazil
Rubiaceae,Coussarea bocainae,M.Gomes,Brazil
Rubiaceae,Coussarea capitata,(Benth.) Müll.Arg.,Brazil
Rubiaceae,Coussarea coffeoides,Müll.Arg.,Brazil
Rubiaceae,Coussarea congestiflora,Müll.Arg.,Brazil
Rubiaceae,Coussarea contracta,(Walp.) Benth. & Hook.f. ex Müll.Arg.,Brazil
Rubiaceae,Coussarea friburgensis,M.Gomes,Brazil
Rubiaceae,Coussarea graciliflora,(Mart.) Müll.Arg.,Brazil
Rubiaceae,Coussarea grandis,Müll.Arg.,Brazil
Rubiaceae,Coussarea hirticalyx,Standl.,Brazil
Rubiaceae,Coussarea hydrangeifolia,(Benth.) Benth. & Hook.f. ex Müll.Arg.,Brazil
Rubiaceae,Coussarea ilheotica,Müll.Arg.,Brazil
Rubiaceae,Coussarea insignis,Ducke,Brazil
Rubiaceae,Coussarea latifolia,Standl.,Brazil
Rubiaceae,Coussarea leptophragma,Müll.Arg.,Brazil
Rubiaceae,Coussarea leptopus,Müll.Arg.,Brazil
Rubiaceae,Coussarea liesneri,Steyerm.,Brazil
Rubiaceae,Coussarea locuples,Standl.,Brazil
Rubiaceae,Coussarea longiflora,(Mart.) Müll.Arg.,Brazil
Rubiaceae,Coussarea machadoana,Standl.,Brazil
Rubiaceae,Coussarea megistophylla,Standl.,Brazil
Rubiaceae,Coussarea meridionalis,(Vell.) Müll.Arg.,Brazil
Rubiaceae,Coussarea nodosa,(Benth.) Müll.Arg.,Brazil
Rubiaceae,Coussarea paniculata,(Willd.) Standl.,Brazil
Rubiaceae,Coussarea platyphylla,Müll.Arg.,Brazil
Rubiaceae,Coussarea revoluta,Steyerm.,Brazil
Rubiaceae,Coussarea rudgeoides,Rusby,Brazil
Rubiaceae,Coussarea strigosipes,Müll.Arg.,Brazil
Rubiaceae,Coussarea surinamensis,Bremek.,Brazil
Rubiaceae,Coussarea tenuiflora,Standl.,Brazil
Rubiaceae,Coussarea verticillata,Müll.Arg.,Brazil
Rubiaceae,Coussarea violacea,Aubl.,Brazil
Rubiaceae,Coutarea hexandra,(Jacq.) K.Schum.,Brazil
Rubiaceae,Dialypetalanthus fuscescens,Kuhlm.,Brazil
Rubiaceae,Duroia amapana,Steyerm.,Brazil
Rubiaceae,Duroia aquatica,(Aubl.) Bremek.,Brazil
Rubiaceae,Duroia duckei,Huber,Brazil
Rubiaceae,Duroia eriopila,L.f.,Brazil
Rubiaceae,Duroia fusifera,Spruce ex K.Schum.,Brazil
Rubiaceae,Duroia genipoides,Spruce ex K.Schum.,Brazil
Rubiaceae,Duroia gransabanensis,Steyerm.,Brazil
Rubiaceae,Duroia hirsuta,(Poepp.) K.Schum.,Brazil
Rubiaceae,Duroia hirsutissima,Steyerm.,Brazil
Rubiaceae,Duroia kotchubaeoides,Steyerm.,Brazil
Rubiaceae,Duroia longiflora,Ducke,Brazil
Rubiaceae,Duroia longifolia,(Poepp.) K.Schum.,Brazil
Rubiaceae,Duroia macrophylla,Huber,Brazil
Rubiaceae,Duroia maguirei,Steyerm.,Brazil
Rubiaceae,Duroia martiniana,(Miers) Bremek.,Brazil
Rubiaceae,Duroia micrantha,(Ladbr.) Zarucchi & J.H.Kirkbr.,Brazil
Rubiaceae,Duroia nitida,Steyerm.,Brazil
Rubiaceae,Duroia palustris,Ducke,Brazil
Rubiaceae,Duroia paraensis,Ducke,Brazil
Rubiaceae,Duroia petiolaris,Spruce ex K.Schum.,Brazil
Rubiaceae,Duroia prancei,Steyerm.,Brazil
Rubiaceae,Duroia saccifera,(Mart. ex Schult. & Schult.f.) K.Schum.,Brazil
Rubiaceae,Duroia triflora,Ducke,Brazil
Rubiaceae,Duroia valesca,C.H.Perss. & Delprete,Brazil
Rubiaceae,Duroia velutina,Hook.f. ex K.Schum.,Brazil
Rubiaceae,Elaeagia maguirei,Standl.,Brazil
Rubiaceae,Eumachia albert-smithii,(Standl.) Delprete & J.H.Kirkbr.,Brazil
Rubiaceae,Eumachia astrellantha,(Wernham) Delprete & J.H.Kirkbr.,Brazil
Rubiaceae,Eumachia boliviana,(Standl.) Delprete & J.H.Kirkbr.,Brazil
Rubiaceae,Eumachia cephalantha,(Müll.Arg.) Delprete & J.H.Kirkbr.,Brazil
Rubiaceae,Eumachia cymuligera,(Müll.Arg.) C.M.Taylor & Razafim.,Brazil
Rubiaceae,Eumachia deinocalyx,(Sandwith) Delprete & J.H.Kirkbr.,Brazil
Rubiaceae,Eumachia guianensis,(Bremek.) Delprete & J.H.Kirkbr.,Brazil
Rubiaceae,Eumachia kappleri,(Miq.) Delprete & J.H.Kirkbr.,Brazil
Rubiaceae,Eumachia podocephala,(Müll.Arg.) Delprete & J.H.Kirkbr.,Brazil
Rubiaceae,Faramea anisocalyx,Poepp.,Brazil
Rubiaceae,Faramea atlantica,J.G.Jardim & Zappi,Brazil
Rubiaceae,Faramea bahiensis,Müll.Arg.,Brazil
Rubiaceae,Faramea berryi,Steyerm.,Brazil
Rubiaceae,Faramea bicolor,J.G.Jardim & Zappi,Brazil
Rubiaceae,Faramea biflora,J.G.Jardim & Zappi,Brazil
Rubiaceae,Faramea boomii,Steyerm.,Brazil
Rubiaceae,Faramea bracteata,Benth.,Brazil
Rubiaceae,Faramea candelabrum,Standl.,Brazil
Rubiaceae,Faramea capillipes,Müll.Arg.,Brazil
Rubiaceae,Faramea coerulea,(Nees & Mart.) DC.,Brazil
Rubiaceae,Faramea corymbosa,Aubl.,Brazil
Rubiaceae,Faramea crassifolia,Benth.,Brazil
Rubiaceae,Faramea glandulosa,Poepp.,Brazil
Rubiaceae,Faramea hyacinthina,Mart.,Brazil
Rubiaceae,Faramea juruana,K.Krause,Brazil
Rubiaceae,Faramea latifolia,(Cham. & Schltdl.) DC.,Brazil
Rubiaceae,Faramea montevidensis,(Cham. & Schltdl.) DC.,Brazil
Rubiaceae,Faramea multiflora,A.Rich.,Brazil
Rubiaceae,Faramea neblinae,Steyerm.,Brazil
Rubiaceae,Faramea nigrescens,Mart.,Brazil
Rubiaceae,Faramea occidentalis,(L.) A.Rich.,Brazil
Rubiaceae,Faramea oligantha,Müll.Arg.,Brazil
Rubiaceae,Faramea pachyantha,Müll.Arg.,Brazil
Rubiaceae,Faramea paniculata,(Aubl.) Benth.,Brazil
Rubiaceae,Faramea paratiensis,M.Gomes,Brazil
Rubiaceae,Faramea parvibractea,Steyerm.,Brazil
Rubiaceae,Faramea polytriadophora,Bremek.,Brazil
Rubiaceae,Faramea porophylla,(Vell.) Müll.Arg.,Brazil
Rubiaceae,Faramea sessilifolia,(Kunth) DC.,Brazil
Rubiaceae,Faramea stenopetala,Mart.,Brazil
Rubiaceae,Faramea stipulacea,(Cham. & Schltdl.) DC.,Brazil
Rubiaceae,Faramea subsessilis,(Ruiz & Pav.) Standl.,Brazil
Rubiaceae,Faramea tamberlikiana,Müll.Arg.,Brazil
Rubiaceae,Faramea tenuifolia,Rusby,Brazil
Rubiaceae,Faramea torquata,Müll.Arg.,Brazil
Rubiaceae,Faramea truncata,(Vell.) Müll.Arg.,Brazil
Rubiaceae,Ferdinandusa boomii,Steyerm.,Brazil
Rubiaceae,Ferdinandusa chlorantha,(Wedd.) Standl.,Brazil
Rubiaceae,Ferdinandusa cordata,Ducke,Brazil
Rubiaceae,Ferdinandusa elliptica,(Pohl) Pohl,Brazil
Rubiaceae,Ferdinandusa goudotiana,K.Schum.,Brazil
Rubiaceae,Ferdinandusa guainiae,Spruce ex K.Schum.,Brazil
Rubiaceae,Ferdinandusa hirsuta,Standl.,Brazil
Rubiaceae,Ferdinandusa leucantha,Standl.,Brazil
Rubiaceae,Ferdinandusa nitida,Ducke,Brazil
Rubiaceae,Ferdinandusa paporiensis,Suess.,Brazil
Rubiaceae,Ferdinandusa paraensis,Ducke,Brazil
Rubiaceae,Ferdinandusa rudgeoides,(Benth.) Wedd.,Brazil
Rubiaceae,Ferdinandusa speciosa,(Pohl) Pohl,Brazil
Rubiaceae,Ferdinandusa sprucei,K.Schum.,Brazil
Rubiaceae,Ferdinandusa uaupensis,Spruce ex K.Schum.,Brazil
Rubiaceae,Genipa americana,L.,Brazil
Rubiaceae,Genipa infundibuliformis,Zappi & Semir,Brazil
Rubiaceae,Genipa spruceana,Steyerm.,Brazil
Rubiaceae,Gleasonia cururuensis,Egler,Brazil
Rubiaceae,Gleasonia macrocalyx,Ducke,Brazil
Rubiaceae,Gleasonia prancei,B.M.Boom,Brazil
Rubiaceae,Gleasonia uaupensis,Ducke,Brazil
Rubiaceae,Gonzalagunia dicocca,Cham. & Schltdl.,Brazil
Rubiaceae,Gonzalagunia surinamensis,Bremek.,Brazil
Rubiaceae,Guettarda angelica,Mart. ex Müll.Arg.,Brazil
Rubiaceae,Guettarda argentea,Lam.,Brazil
Rubiaceae,Guettarda blanchetiana,Müll.Arg.,Brazil
Rubiaceae,Guettarda comata,Standl.,Brazil
Rubiaceae,Guettarda divaricata,(Humb. & Bonpl. ex Schult.) Standl.,Brazil
Rubiaceae,Guettarda grazielae,M.R.Barbosa,Brazil
Rubiaceae,Guettarda hoffmannseggii,Müll.Arg.,Brazil
Rubiaceae,Guettarda hypoglauca,Standl.,Brazil
Rubiaceae,Guettarda paludosa,Müll.Arg.,Brazil
Rubiaceae,Guettarda platypoda,DC.,Brazil
Rubiaceae,Guettarda pohliana,Müll.Arg.,Brazil
Rubiaceae,Guettarda spruceana,Müll.Arg.,Brazil
Rubiaceae,Guettarda uruguensis,Cham. & Schltdl.,Brazil
Rubiaceae,Guettarda viburnoides,Cham. & Schltdl.,Brazil
Rubiaceae,Hamelia patens,Jacq.,Brazil
Rubiaceae,Henriquezia nitida,Spruce ex Benth.,Brazil
Rubiaceae,Henriquezia verticillata,Spruce ex Benth.,Brazil
Rubiaceae,Hillia illustris,(Vell.) K.Schum.,Brazil
Rubiaceae,Isertia coccinea,(Aubl.) J.F.Gmel.,Brazil
Rubiaceae,Isertia hypoleuca,Benth.,Brazil
Rubiaceae,Isertia laevis,(Triana) B.M.Boom,Brazil
Rubiaceae,Isertia longifolia,(Hoffmanns. ex Schult.) K.Schum.,Brazil
Rubiaceae,Isertia parviflora,Vahl,Brazil
Rubiaceae,Isertia psammophila,N.Dávila,Brazil
Rubiaceae,Isertia rosea,Spruce ex K.Schum.,Brazil
Rubiaceae,Isertia spiciformis,DC.,Brazil
Rubiaceae,Isertia verrucosa,(Humb. & Bonpl.) Standl.,Brazil
Rubiaceae,Isertia wilhelminensis,Steyerm.,Brazil
Rubiaceae,Ixora bahiensis,Benth.,Brazil
Rubiaceae,Ixora brevifolia,Benth.,Brazil
Rubiaceae,Ixora cowanii,Bremek.,Brazil
Rubiaceae,Ixora gardneriana,Benth.,Brazil
Rubiaceae,Ixora martinsii,Standl.,Brazil
Rubiaceae,Ixora panurensis,Müll.Arg.,Brazil
Rubiaceae,Ixora peruviana,(Spruce ex K.Schum.) Standl.,Brazil
Rubiaceae,Ixora pilosostyla,Di Maio & Peixoto,Brazil
Rubiaceae,Ixora rufa,Müll.Arg.,Brazil
Rubiaceae,Ixora sparsifolia,K.Krause,Brazil
Rubiaceae,Ixora venulosa,Benth.,Brazil
Rubiaceae,Kerianthera longiflora,Zappi & C.T.Oliveira,Brazil
Rubiaceae,Kerianthera preclara,J.H.Kirkbr.,Brazil
Rubiaceae,Kutchubaea duckei,Steyerm.,Brazil
Rubiaceae,Kutchubaea insignis,Fisch. ex DC.,Brazil
Rubiaceae,Kutchubaea oocarpa,(Standl.) C.H.Perss.,Brazil
Rubiaceae,Kutchubaea palustris,Ducke,Brazil
Rubiaceae,Kutchubaea semisericea,Ducke,Brazil
Rubiaceae,Kutchubaea sericantha,Standl.,Brazil
Rubiaceae,Kutchubaea surinamensis,(Bremek.) C.H.Perss.,Brazil
Rubiaceae,Ladenbergia amazonensis,Ducke,Brazil
Rubiaceae,Ladenbergia chapadensis,S.Moore,Brazil
Rubiaceae,Ladenbergia cujabensis,Klotzsch,Brazil
Rubiaceae,Ladenbergia graciliflora,K.Schum.,Brazil
Rubiaceae,Ladenbergia hexandra,(Pohl) Klotzsch,Brazil
Rubiaceae,Ladenbergia lambertiana,(A.Br. ex Mart.) Klotzsch,Brazil
Rubiaceae,Ladenbergia oblongifolia,(Humb. ex Mutis) L.Andersson,Brazil
Rubiaceae,Ladenbergia paraensis,Ducke,Brazil
Rubiaceae,Machaonia acuminata,Bonpl.,Brazil
Rubiaceae,Machaonia brasiliensis,(Hoffmanns. ex Humb.) Cham. & Schltdl.,Brazil
Rubiaceae,Macrocnemum roseum,(Ruiz & Pav.) Wedd.,Brazil
Rubiaceae,Maguireocharis neblinae,Steyerm.,Brazil
Rubiaceae,Melanopsidium nigrum,Colla,Brazil
Rubiaceae,Molopanthera paniculata,Turcz.,Brazil
Rubiaceae,Neblinathamnus brasiliensis,Steyerm.,Brazil
Rubiaceae,Pagamea coriacea,Spruce ex Benth.,Brazil
Rubiaceae,Pagamea guianensis,Aubl.,Brazil
Rubiaceae,Pagamea harleyi,Steyerm.,Brazil
Rubiaceae,Pagamea montana,Gleason & Standl.,Brazil
Rubiaceae,Pagamea plicata,Spruce ex Benth.,Brazil
Rubiaceae,Pagamea spruceana,Vicent. & E.M.B.Prata,Brazil
Rubiaceae,Pagamea thyrsiflora,Spruce ex Benth.,Brazil
Rubiaceae,Pagamea velutina,Steyerm.,Brazil
Rubiaceae,Pagameopsis maguirei,Steyerm.,Brazil
Rubiaceae,Palicourea acuminata,(Benth.) Borhidi,Brazil
Rubiaceae,Palicourea amapaensis,Steyerm.,Brazil
Rubiaceae,Palicourea apiculata,(Müll.Arg.) C.M.Taylor,Brazil
Rubiaceae,Palicourea blanchetiana,Schltdl.,Brazil
Rubiaceae,Palicourea brazaoi,(Steyerm.) Steyerm.,Brazil
Rubiaceae,Palicourea brevicollis,(Müll.Arg.) C.M.Taylor,Brazil
Rubiaceae,Palicourea caerulea,(Ruiz & Pav.) Schult.,Brazil
Rubiaceae,Palicourea calophylla,DC.,Brazil
Rubiaceae,Palicourea campyloneura,(Müll.Arg.) Delprete & J.H.Kirkbr.,Brazil
Rubiaceae,Palicourea canescens,(Steyerm.) Borhidi,Brazil
Rubiaceae,Palicourea cardonae,Steyerm.,Brazil
Rubiaceae,Palicourea corymbifera,(Müll.Arg.) Standl.,Brazil
Rubiaceae,Palicourea crocea,(Sw.) Schult.,Brazil
Rubiaceae,Palicourea croceoides,Ham.,Brazil
Rubiaceae,Palicourea egensis,(Müll.Arg.) Borhidi,Brazil
Rubiaceae,Palicourea ernestii,(K.Krause) C.M.Taylor,Brazil
Rubiaceae,Palicourea fissistipula,(Müll.Arg.) C.M.Taylor,Brazil
Rubiaceae,Palicourea glandulicalyx,(Steyerm.) Delprete & J.H.Kirkbr.,Brazil
Rubiaceae,Palicourea glaziovii,Standl.,Brazil
Rubiaceae,Palicourea gracilenta,(Müll.Arg.) Delprete & J.H.Kirkbr.,Brazil
Rubiaceae,Palicourea grandiflora,(Kunth) Standl.,Brazil
Rubiaceae,Palicourea grandifolia,(Willd. ex Schult.) Standl.,Brazil
Rubiaceae,Palicourea guianensis,Aubl.,Brazil
Rubiaceae,Palicourea hoffmannseggiana,(Willd. ex Schult.) Borhidi,Brazil
Rubiaceae,Palicourea iodotricha,(Müll.Arg.) Delprete & J.H.Kirkbr.,Brazil
Rubiaceae,Palicourea irwinii,Steyerm.,Brazil
Rubiaceae,Palicourea jenmanii,(Wernham) C.M.Taylor,Brazil
Rubiaceae,Palicourea lasiantha,K.Krause,Brazil
Rubiaceae,Palicourea longicuspis,(Müll.Arg.) Delprete & J.H.Kirkbr.,Brazil
Rubiaceae,Palicourea longistipulata,Standl.,Brazil
Rubiaceae,Palicourea malaneoides,(Müll.Arg.) C.M.Taylor,Brazil
Rubiaceae,Palicourea mamillaris,(Müll.Arg.) C.M.Taylor,Brazil
Rubiaceae,Palicourea mansoana,(Müll.Arg.) Standl.,Brazil
Rubiaceae,Palicourea microbotrys,(Ruiz ex Standl.) Delprete & J.H.Kirkbr.,Brazil
Rubiaceae,Palicourea minutiflora,(Müll.Arg.) C.M.Taylor,Brazil
Rubiaceae,Palicourea muscosa,(Jacq.) Delprete & J.H.Kirkbr.,Brazil
Rubiaceae,Palicourea nigricans,K.Krause,Brazil
Rubiaceae,Palicourea octocuspis,(Müll.Arg.) C.M.Taylor,Brazil
Rubiaceae,Palicourea pachycalyx,Standl.,Brazil
Rubiaceae,Palicourea paniculata,(L.f.) P.L.R.Moraes & C.M.Taylor,Brazil
Rubiaceae,Palicourea perquadrangularis,Wernham,Brazil
Rubiaceae,Palicourea pilosa,(Ruiz & Pav.) Borhidi,Brazil
Rubiaceae,Palicourea quadrifolia,(Rudge) DC.,Brazil
Rubiaceae,Palicourea racemosa,(Aubl.) G.Nicholson,Brazil
Rubiaceae,Palicourea schomburgkii,(Benth.) Delprete & J.H.Kirkbr.,Brazil
Rubiaceae,Palicourea sessilis,(Vell.) C.M.Taylor,Brazil
Rubiaceae,Palicourea stipulosa,(Müll.Arg.) Borhidi,Brazil
Rubiaceae,Palicourea subundulata,(Benth.) Delprete & J.H.Kirkbr.,Brazil
Rubiaceae,Palicourea suerrensis,(Donn.Sm.) Borhidi,Brazil
Rubiaceae,Palicourea tenerior,(Cham.) Delprete & J.H.Kirkbr.,Brazil
Rubiaceae,Palicourea tepuiensis,(Steyerm.) C.M.Taylor,Brazil
Rubiaceae,Palicourea thyrsiflora,(Ruiz & Pav.) DC.,Brazil
Rubiaceae,Palicourea trichocephala,(Poepp.) Borhidi,Brazil
Rubiaceae,Palicourea triphylla,DC.,Brazil
Rubiaceae,Palicourea venulosa,(Müll.Arg.) Delprete & J.H.Kirkbr.,Brazil
Rubiaceae,Palicourea violacea,(Aubl.) A.Rich.,Brazil
Rubiaceae,Palicourea zevallosii,(C.M.Taylor) C.M.Taylor,Brazil
Rubiaceae,Parachimarrhis breviloba,Ducke,Brazil
Rubiaceae,Pentagonia amazonica,(Ducke) L.Andersson & Rova,Brazil
Rubiaceae,Pentagonia spathicalyx,K.Schum.,Brazil
Rubiaceae,Pentagonia subauriculata,Standl.,Brazil
Rubiaceae,Pentagonia williamsii,Standl.,Brazil
Rubiaceae,Pentagonia wurdackii,Steyerm.,Brazil
Rubiaceae,Platycarpum acreanum,G.K.Rogers,Brazil
Rubiaceae,Platycarpum decipiens,Woodson & Steyerm.,Brazil
Rubiaceae,Platycarpum duckei,Steyerm.,Brazil
Rubiaceae,Platycarpum egleri,G.K.Rogers,Brazil
Rubiaceae,Platycarpum negrense,Ducke,Brazil
Rubiaceae,Pogonopus tubulosus,(A.Rich. ex DC.) K.Schum.,Brazil
Rubiaceae,Posoqueria acutifolia,Mart.,Brazil
Rubiaceae,Posoqueria bahiensis,Macias & L.S.Kinosh.,Brazil
Rubiaceae,Posoqueria fragrantissima,Linden & André,Brazil
Rubiaceae,Posoqueria latifolia,(Rudge) Schult.,Brazil
Rubiaceae,Posoqueria longiflora,Aubl.,Brazil
Rubiaceae,Posoqueria macropus,Mart.,Brazil
Rubiaceae,Posoqueria palustris,Mart.,Brazil
Rubiaceae,Posoqueria trinitatis,DC.,Brazil
Rubiaceae,Psychotria alto-macahensis,M.Gomes,Brazil
Rubiaceae,Psychotria anceps,Kunth,Brazil
Rubiaceae,Psychotria borjensis,Kunth,Brazil
Rubiaceae,Psychotria carthagenensis,Jacq.,Brazil
Rubiaceae,Psychotria cupularis,(Müll.Arg.) Standl.,Brazil
Rubiaceae,Psychotria ernestii,K.Krause,Brazil
Rubiaceae,Psychotria fluminensis,Vell.,Brazil
Rubiaceae,Psychotria formosa,Cham. & Schltdl.,Brazil
Rubiaceae,Psychotria glaziovii,Müll.Arg.,Brazil
Rubiaceae,Psychotria irwinii,Steyerm.,Brazil
Rubiaceae,Psychotria jambosioides,Schltdl.,Brazil
Rubiaceae,Psychotria krukovii,Standl.,Brazil
Rubiaceae,Psychotria laciniata,Vell.,Brazil
Rubiaceae,Psychotria marginata,Sw.,Brazil
Rubiaceae,Psychotria nemorosa,Gardner,Brazil
Rubiaceae,Psychotria nuda,(Cham. & Schltdl.) Wawra,Brazil
Rubiaceae,Psychotria ortiziana,C.M.Taylor,Brazil
Rubiaceae,Psychotria panamensis,Standl.,Brazil
Rubiaceae,Psychotria pedunculosa,Rich.,Brazil
Rubiaceae,Psychotria remota,Benth.,Brazil
Rubiaceae,Psychotria subspathulata,(Müll.Arg.) C.M.Taylor,Brazil
Rubiaceae,Psychotria tenuicaulis,K.Krause,Brazil
Rubiaceae,Psychotria trichotoma,M.Martens & Galeotti,Brazil
Rubiaceae,Psychotria trivialis,Rusby,Brazil
Rubiaceae,Psychotria viridis,Ruiz & Pav.,Brazil
Rubiaceae,Randia armata,(Sw.) DC.,Brazil
Rubiaceae,Randia ferox,(Cham. & Schltdl.) DC.,Brazil
Rubiaceae,Randia hebecarpa,Benth.,Brazil
Rubiaceae,Randia itatiaiae,Silva Neto & Ávila,Brazil
Rubiaceae,Remijia amazonica,K.Schum.,Brazil
Rubiaceae,Remijia asperula,Standl.,Brazil
Rubiaceae,Remijia cinchonicarpa,Sucre,Brazil
Rubiaceae,Remijia densiflora,Benth.,Brazil
Rubiaceae,Remijia duckei,Standl.,Brazil
Rubiaceae,Remijia ferruginea,(A.St.-Hil.) DC.,Brazil
Rubiaceae,Remijia firmula,(Mart.) Wedd.,Brazil
Rubiaceae,Remijia glomerata,Huber,Brazil
Rubiaceae,Remijia hirsuta,Sucre,Brazil
Rubiaceae,Remijia hubbardiorum,B.M.Boom,Brazil
Rubiaceae,Remijia longifolia,Benth. ex Standl.,Brazil
Rubiaceae,Remijia pacimonica,Standl.,Brazil
Rubiaceae,Remijia physophora,Benth. ex K.Schum.,Brazil
Rubiaceae,Remijia roraimae,(Benth.) K.Schum.,Brazil
Rubiaceae,Remijia ulei,K.Krause,Brazil
Rubiaceae,Remijia vaupesiana,Steyerm.,Brazil
Rubiaceae,Retiniphyllum chloranthum,Ducke,Brazil
Rubiaceae,Retiniphyllum concolor,(Spruce ex Benth.) Müll.Arg.,Brazil
Rubiaceae,Retiniphyllum kuhlmannii,Standl.,Brazil
Rubiaceae,Retiniphyllum pilosum,(Spruce ex Benth.) Müll.Arg.,Brazil
Rubiaceae,Riodocea pulcherrima,Delprete,Brazil
Rubiaceae,Ronabea latifolia,Aubl.,Brazil
Rubiaceae,Rosenbergiodendron longiflorum,(Ruiz & Pav.) Fagerl.,Brazil
Rubiaceae,Rudgea agresteophila,"Zappi, J.G.Jardim & Bruniera",Brazil
Rubiaceae,Rudgea amazonica,Müll.Arg.,Brazil
Rubiaceae,Rudgea bracteata,J.H.Kirkbr.,Brazil
Rubiaceae,Rudgea coriacea,(Spreng.) K.Schum.,Brazil
Rubiaceae,Rudgea cornifolia,(Kunth) Standl.,Brazil
Rubiaceae,Rudgea coronata,(Vell.) Müll.Arg.,Brazil
Rubiaceae,Rudgea crassifolia,Zappi & E.Lucas,Brazil
Rubiaceae,Rudgea crassiloba,(Benth.) B.L.Rob.,Brazil
Rubiaceae,Rudgea erioloba,Benth.,Brazil
Rubiaceae,Rudgea gardenioides,(Cham.) Müll.Arg.,Brazil
Rubiaceae,Rudgea graciliflora,Standl.,Brazil
Rubiaceae,Rudgea guianensis,(A.Rich.) Sandwith,Brazil
Rubiaceae,Rudgea hileiabaiana,Zappi & Bruniera,Brazil
Rubiaceae,Rudgea hostmanniana,Benth.,Brazil
Rubiaceae,Rudgea insignis,Müll.Arg.,Brazil
Rubiaceae,Rudgea interrupta,Benth.,Brazil
Rubiaceae,Rudgea jacobinensis,Müll.Arg.,Brazil
Rubiaceae,Rudgea jasminoides,(Cham.) Müll.Arg.,Brazil
Rubiaceae,Rudgea lanceifolia,Salisb.,Brazil
Rubiaceae,Rudgea longiflora,Benth.,Brazil
Rubiaceae,Rudgea loretensis,Standl.,Brazil
Rubiaceae,Rudgea macrophylla,Benth.,Brazil
Rubiaceae,Rudgea malpighiacea,Standl.,Brazil
Rubiaceae,Rudgea minor,(Cham.) Standl.,Brazil
Rubiaceae,Rudgea mouririoides,Standl.,Brazil
Rubiaceae,Rudgea nobilis,Müll.Arg.,Brazil
Rubiaceae,Rudgea nodosa,(Cham.) Benth.,Brazil
Rubiaceae,Rudgea obtusa,Standl.,Brazil
Rubiaceae,Rudgea pachyphylla,Müll.Arg.,Brazil
Rubiaceae,Rudgea palicoureoides,(Mart.) Müll.Arg.,Brazil
Rubiaceae,Rudgea panurensis,Müll.Arg.,Brazil
Rubiaceae,Rudgea recurva,Müll.Arg.,Brazil
Rubiaceae,Rudgea reticulata,Benth.,Brazil
Rubiaceae,Rudgea sclerocalyx,(Müll.Arg.) Zappi,Brazil
Rubiaceae,Rudgea sessilis,(Vell.) Müll.Arg.,Brazil
Rubiaceae,Rudgea sprucei,Standl.,Brazil
Rubiaceae,Rudgea stipulacea,(DC.) Steyerm.,Brazil
Rubiaceae,Rudgea tomentosa,Rusby,Brazil
Rubiaceae,Rudgea triflora,Benth.,Brazil
Rubiaceae,Rudgea umbrosa,Müll.Arg.,Brazil
Rubiaceae,Rudgea vellerea,Müll.Arg.,Brazil
Rubiaceae,Rudgea viburnoides,(Cham.) Benth.,Brazil
Rubiaceae,Rustia angustifolia,K.Schum.,Brazil
Rubiaceae,Rustia formosa,(Cham. & Schltdl. ex DC.) Klotzsch,Brazil
Rubiaceae,Rustia gracilis,K.Schum.,Brazil
Rubiaceae,Rustia schunkeana,Delprete,Brazil
Rubiaceae,Rustia simpsonii,Delprete,Brazil
Rubiaceae,Rustia thibaudioides,(H.Karst.) Delprete,Brazil
Rubiaceae,Salzmannia arborea,J.G.Jardim,Brazil
Rubiaceae,Schizocalyx cuspidatus,(A.St.-Hil.) Kainul. & B.Bremer,Brazil
Rubiaceae,Schradera brasiliensis,Mart. ex Schult.f. & Schult.,Brazil
Rubiaceae,Simira corumbensis,(Standl.) Steyerm.,Brazil
Rubiaceae,Simira eliezeriana,Peixoto,Brazil
Rubiaceae,Simira gardneriana,M.R.V.Barbosa & Peixoto,Brazil
Rubiaceae,Simira glaziovii,(K.Schum.) Steyerm.,Brazil
Rubiaceae,Simira grazielae,Peixoto,Brazil
Rubiaceae,Simira hadrantha,(Standl.) Steyerm.,Brazil
Rubiaceae,Simira hatschbachiorum,J.H.Kirkbr.,Brazil
Rubiaceae,Simira hexandra,(S.Moore) Steyerm.,Brazil
Rubiaceae,Simira macrocrater,(K.Schum.) Steyerm.,Brazil
Rubiaceae,Simira paraensis,(Baill.) Steyerm.,Brazil
Rubiaceae,Simira pikia,(K.Schum.) Steyerm.,Brazil
Rubiaceae,Simira pilosa,M.R.Barbosa & Peixoto,Brazil
Rubiaceae,Simira pisoniiformis,(Baill.) Steyerm.,Brazil
Rubiaceae,Simira rubescens,(Benth.) Bremek. ex Steyerm.,Brazil
Rubiaceae,Simira rubra,(Mart.) Steyerm.,Brazil
Rubiaceae,Simira sampaioana,(Standl.) Steyerm.,Brazil
Rubiaceae,Simira walteri,Silva Neto & Callado,Brazil
Rubiaceae,Simira williamsii,(Standl.) Steyerm.,Brazil
Rubiaceae,Simira wurdackii,Steyerm.,Brazil
Rubiaceae,Sphinctanthus acutilobus,Huber,Brazil
Rubiaceae,Sphinctanthus maculatus,Spruce ex K.Schum.,Brazil
Rubiaceae,Stachyarrhena acuminata,Standl.,Brazil
Rubiaceae,Stachyarrhena acutiloba,Steyerm.,Brazil
Rubiaceae,Stachyarrhena duckei,Standl.,Brazil
Rubiaceae,Stachyarrhena harleyi,J.H.Kirkbr.,Brazil
Rubiaceae,Stachyarrhena penduliflora,K.Schum.,Brazil
Rubiaceae,Stachyarrhena reticulata,Steyerm.,Brazil
Rubiaceae,Stachyarrhena spicata,Hook.f.,Brazil
Rubiaceae,Stenostomum acreanum,(K.Krause) Achille & Delprete,Brazil
Rubiaceae,Tocoyena brasiliensis,Mart.,Brazil
Rubiaceae,Tocoyena bullata,(Vell.) Mart.,Brazil
Rubiaceae,Tocoyena foetida,Poepp.,Brazil
Rubiaceae,Tocoyena formosa,(Cham. & Schltdl.) K.Schum.,Brazil
Rubiaceae,Tocoyena longiflora,Aubl.,Brazil
Rubiaceae,Tocoyena sellowiana,(Cham. & Schltdl.) K.Schum.,Brazil
Rubiaceae,Tocoyena williamsii,Standl.,Brazil
Rubiaceae,Warszewiczia coccinea,(Vahl) Klotzsch,Brazil
Rubiaceae,Warszewiczia elata,Ducke,Brazil
Rubiaceae,Warszewiczia longistaminea,K.Schum.,Brazil
Rubiaceae,Warszewiczia schwackei,K.Schum.,Brazil
Rutaceae,Adiscanthus fusciflorus,Ducke,Brazil
Rutaceae,Andreadoxa flava,Kallunki,Brazil
Rutaceae,Angostura bracteata,(Nees & Mart.) Kallunki,Brazil
Rutaceae,Angostura longiflora,(K.Krause) Kallunki,Brazil
Rutaceae,Angostura quinquefolia,Kallunki,Brazil
Rutaceae,Angostura simplex,Kallunki,Brazil
Rutaceae,Balfourodendron molle,(Miq.) Pirani,Brazil
Rutaceae,Balfourodendron riedelianum,(Engl.) Engl.,Brazil
Rutaceae,Conchocarpus acuminatus,(Pilg.) Kallunki & Pirani,Brazil
Rutaceae,Conchocarpus adenantherus,(Rizzini) Kallunki & Pirani,Brazil
Rutaceae,Conchocarpus albiflorus,(Bruniera & Groppo) Bruniera & Groppo,Brazil
Rutaceae,Conchocarpus coeruleus,(Nees & Mart.) Bruniera & Groppo,Brazil
Rutaceae,Conchocarpus diadematus,Pirani,Brazil
Rutaceae,Conchocarpus fanshawei,(Sandwith) Kallunki & Pirani,Brazil
Rutaceae,Conchocarpus fontanesianus,(A.St.-Hil.) Kallunki & Pirani,Brazil
Rutaceae,Conchocarpus furcatus,Kallunki,Brazil
Rutaceae,Conchocarpus grandis,Kallunki,Brazil
Rutaceae,Conchocarpus guyanensis,(Pulle) Kallunki & Pirani,Brazil
Rutaceae,Conchocarpus hamadryadicus,Pirani & Kallunki,Brazil
Rutaceae,Conchocarpus heterophyllus,(A.St.-Hil.) Kallunki & Pirani,Brazil
Rutaceae,Conchocarpus longifolius,(A.St.-Hil.) Kallunki & Pirani,Brazil
Rutaceae,Conchocarpus macrocarpus,(Engl.) Kallunki & Pirani,Brazil
Rutaceae,Conchocarpus minutiflorus,Groppo & Pirani,Brazil
Rutaceae,Conchocarpus ramiflorus,(Spruce ex Engl.) Kallunki & Pirani,Brazil
Rutaceae,Conchocarpus ruber,(A. St.-Hil.) Bruniera & Groppo,Brazil
Rutaceae,Conchocarpus santosii,Pirani & Kallunki,Brazil
Rutaceae,Conchocarpus sordidus,Kallunki,Brazil
Rutaceae,Conchocarpus toxicarius,(Spruce ex Engl.) Kallunki & Pirani,Brazil
Rutaceae,Conchocarpus transitionalis,(Rizzini) Kallunki & Pirani,Brazil
Rutaceae,Conchocarpus ucayalinus,(Huber) Kallunki & Pirani,Brazil
Rutaceae,Decagonocarpus oppositifolius,Engl.,Brazil
Rutaceae,Dictyoloma vandellianum,A.Juss.,Brazil
Rutaceae,Erythrochiton brasiliensis,Nees & Mart.,Brazil
Rutaceae,Erythrochiton trichanthus,Kallunki,Brazil
Rutaceae,Esenbeckia almawillia,Kaastra,Brazil
Rutaceae,Esenbeckia amazonica,Kaastra,Brazil
Rutaceae,Esenbeckia cowanii,Kaastra,Brazil
Rutaceae,Esenbeckia decidua,Pirani,Brazil
Rutaceae,Esenbeckia densiflora,(Chodat & Hassl.) Hass.,Brazil
Rutaceae,Esenbeckia febrifuga,(A.St.-Hil.) A.Juss. ex Mart.,Brazil
Rutaceae,Esenbeckia grandiflora,Mart.,Brazil
Rutaceae,Esenbeckia hieronymi,Engl.,Brazil
Rutaceae,Esenbeckia kallunkiae,Pirani,Brazil
Rutaceae,Esenbeckia leiocarpa,Engl.,Brazil
Rutaceae,Esenbeckia oligantha,Kaastra,Brazil
Rutaceae,Esenbeckia pilocarpoides,Kunth,Brazil
Rutaceae,Esenbeckia pumila,Pohl,Brazil
Rutaceae,Esenbeckia scrotiformis,Kaastra,Brazil
Rutaceae,Euxylophora paraensis,Huber,Brazil
Rutaceae,Galipea carinata,Pirani,Brazil
Rutaceae,Galipea ciliata,Taub.,Brazil
Rutaceae,Galipea congestiflora,Pirani,Brazil
Rutaceae,Galipea davisii,Sandwith,Brazil
Rutaceae,Galipea grandifolia,Engl.,Brazil
Rutaceae,Galipea jasminiflora,(A.St.-Hil.) Engl.,Brazil
Rutaceae,Galipea laxiflora,Engl.,Brazil
Rutaceae,Galipea revoluta,Pirani,Brazil
Rutaceae,Galipea trifoliata,Aubl.,Brazil
Rutaceae,Helietta apiculata,Benth.,Brazil
Rutaceae,Helietta glaziovii,(Engl.) Pirani,Brazil
Rutaceae,Helietta puberula,R.E.Fr.,Brazil
Rutaceae,Hortia brasiliana,Vand. ex DC.,Brazil
Rutaceae,Hortia coccinea,Spruce ex Engl.,Brazil
Rutaceae,Hortia excelsa,Ducke,Brazil
Rutaceae,Hortia longifolia,Spruce ex Engl.,Brazil
Rutaceae,Hortia neblinensis,Maguire & B.M.Boom,Brazil
Rutaceae,Hortia superba,Ducke,Brazil
Rutaceae,Hortia vandelliana,Groppo,Brazil
Rutaceae,Leptothyrsa sprucei,Benth. & Hook.f.,Brazil
Rutaceae,Metrodorea flavida,K. Krause,Brazil
Rutaceae,Metrodorea maracasana,Kaastra,Brazil
Rutaceae,Metrodorea nigra,A.St.-Hil.,Brazil
Rutaceae,Metrodorea stipularis,Mart.,Brazil
Rutaceae,Neoraputia alba,(Nees & Mart.) Emmerich,Brazil
Rutaceae,Neoraputia calliantha,Kallunki,Brazil
Rutaceae,Neoraputia magnifica,(Engl.) Emmerich,Brazil
Rutaceae,Neoraputia micrantha,Kallunki,Brazil
Rutaceae,Neoraputia paraensis,(Ducke) Emmerich,Brazil
Rutaceae,Neoraputia trifoliata,(Engl.) Emmerich,Brazil
Rutaceae,Pilocarpus alatus,C. J. Joseph ex Skorupa,Brazil
Rutaceae,Pilocarpus carajaensis,Skorupa,Brazil
Rutaceae,Pilocarpus giganteus,Engl.,Brazil
Rutaceae,Pilocarpus grandiflorus,Engl.        ,Brazil
Rutaceae,Pilocarpus jaborandi,Holmes,Brazil
Rutaceae,Pilocarpus manuensis,Skorupa        ,Brazil
Rutaceae,Pilocarpus microphyllus,Stapf ex Wardlew.      ,Brazil
Rutaceae,Pilocarpus pauciflorus,A.St.-Hil.,Brazil
Rutaceae,Pilocarpus pennatifolius,Lem.,Brazil
Rutaceae,Pilocarpus peruvianus,(J.F.Macbr.) Kaastra,Brazil
Rutaceae,Pilocarpus riedelianus,Engl.,Brazil
Rutaceae,Pilocarpus spicatus,A.St.-Hil.,Brazil
Rutaceae,Pilocarpus sulcatus,Skorupa,Brazil
Rutaceae,Pilocarpus trachylophus,Holmes        ,Brazil
Rutaceae,Pilocarpus trifoliolatus,Skorupa & Pirani,Brazil
Rutaceae,Raputia aromatica,Aubl.,Brazil
Rutaceae,Raputia maroana,(R.S.Cowan) Kallunki,Brazil
Rutaceae,Raputia megalantha,Kallunki,Brazil
Rutaceae,Raputia ulei,(K.Krause) Kallunki,Brazil
Rutaceae,Raputiarana subsigmoidea,(Ducke) Emmerich,Brazil
Rutaceae,Rauia nodosa,(Engl.) Kallunki,Brazil
Rutaceae,Rauia prancei,Rodr. & Silva,Brazil
Rutaceae,Rauia resinosa,Nees & C. Mart.,Brazil
Rutaceae,Ravenia biramosa,Ducke,Brazil
Rutaceae,Ravenia infelix,Vell.,Brazil
Rutaceae,Ravenia polygalaecalyx,Ducke,Brazil
Rutaceae,Ravenia pseudalterna,Ducke,Brazil
Rutaceae,Sohnreyia excelsa,K.Krause,Brazil
Rutaceae,Spiranthera atlantica,Pirani,Brazil
Rutaceae,Spiranthera guianensis,Sandwith,Brazil
Rutaceae,Spiranthera parviflora,Sandwith,Brazil
Rutaceae,Spiranthera speciosa,(Ducke) L.A.Brito & Pirani,Brazil
Rutaceae,Ticorea foetida,Aubl.,Brazil
Rutaceae,Ticorea froesii,Kallunki,Brazil
Rutaceae,Ticorea longiflora,DC.,Brazil
Rutaceae,Ticorea tubiflora,(A.C.Sm.) Gereau,Brazil
Rutaceae,Toxosiphon macropodus,(K. Krause) Kallunki,Brazil
Rutaceae,Toxosiphon trifoliatus,(Pilg.) Kallunki,Brazil
Rutaceae,Zanthoxylum acuminatum,(Sw.) Sw.,Brazil
Rutaceae,Zanthoxylum amapaense,(Albuq.) P.G.Waterman,Brazil
Rutaceae,Zanthoxylum apiculatum,(Sandwith) P.G.Waterman,Brazil
Rutaceae,Zanthoxylum caribaeum,Lam.,Brazil
Rutaceae,Zanthoxylum compactum,(Huber ex Albuq.) P.G.Waterman,Brazil
Rutaceae,Zanthoxylum djalma-batistae,(Albuq.) P.G.Waterman,Brazil
Rutaceae,Zanthoxylum ekmanii,(Urb.) Alain,Brazil
Rutaceae,Zanthoxylum fagara,(L.) Sarg.,Brazil
Rutaceae,Zanthoxylum gardneri,Engl.,Brazil
Rutaceae,Zanthoxylum huberi,P.G.Waterman,Brazil
Rutaceae,Zanthoxylum kleinii,(R.S. Cowan) P.G.Waterman,Brazil
Rutaceae,Zanthoxylum monogynum,A.St.-Hil.,Brazil
Rutaceae,Zanthoxylum nemorale,Mart.,Brazil
Rutaceae,Zanthoxylum paulae,(Albuq.) P.G.Waterman,Brazil
Rutaceae,Zanthoxylum pentandrum,(Aubl.) R.A.Howard,Brazil
Rutaceae,Zanthoxylum petiolare,A.St.-Hil. & Tul.,Brazil
Rutaceae,Zanthoxylum retusum,(Albuq.) P.G. Waterman,Brazil
Rutaceae,Zanthoxylum rhoifolium,Lam.,Brazil
Rutaceae,Zanthoxylum riedelianum,Engl.,Brazil
Rutaceae,Zanthoxylum sprucei,Engl.,Brazil
Rutaceae,Zanthoxylum stelligerum,Turcz.,Brazil
Rutaceae,Zanthoxylum syncarpum,Tul.,Brazil
Rutaceae,Zanthoxylum tambopatense,Reynel,Brazil
Rutaceae,Zanthoxylum tingoassuiba,A.St.-Hil.,Brazil
Rutaceae,Zanthoxylum unifoliolatum,Groppo & Pirani,Brazil
Sabiaceae,Meliosma chartacea,Lombardi,Brazil
Sabiaceae,Meliosma herbertii,Rolfe,Brazil
Sabiaceae,Meliosma itatiaiae,Urb.,Brazil
Sabiaceae,Meliosma sellowii,Urb.,Brazil
Sabiaceae,Ophiocaryon barnebyanum,Aymard & Daly,Brazil
Sabiaceae,Ophiocaryon chironectes,Barneby,Brazil
Sabiaceae,Ophiocaryon duckei,Barneby,Brazil
Sabiaceae,Ophiocaryon heterophyllum,(Benth.) Urb.,Brazil
Sabiaceae,Ophiocaryon manausense,(W.A.Rodrigues) Barneby,Brazil
Sabiaceae,Ophiocaryon paradoxum,R.H. Schomb.,Brazil
Salicaceae,Azara uruguayensis,(Speg.) Sleumer,Brazil
Salicaceae,Banara arguta,Briq.,Brazil
Salicaceae,Banara axilliflora,Sleumer,Brazil
Salicaceae,Banara brasiliensis,(Schott) Benth.,Brazil
Salicaceae,Banara guianensis,Aubl.,Brazil
Salicaceae,Banara nitida,Spruce ex Benth.,Brazil
Salicaceae,Banara parviflora,(A.Gray) Benth.,Brazil
Salicaceae,Banara serrata,(Vell.) Warb.,Brazil
Salicaceae,Banara tomentosa,Clos,Brazil
Salicaceae,Banara trinitatis,Sleumer,Brazil
Salicaceae,Casearia aculeata,Jacq.,Brazil
Salicaceae,Casearia acuminata,DC.,Brazil
Salicaceae,Casearia americana,(L.) T.Samar. & M.H.Alford,Brazil
Salicaceae,Casearia arborea,(Rich.) Urb.,Brazil
Salicaceae,Casearia bahiensis,Sleumer,Brazil
Salicaceae,Casearia bicolor,Urb.,Brazil
Salicaceae,Casearia catharinensis,Sleumer,Brazil
Salicaceae,Casearia combaymensis,Tul.,Brazil
Salicaceae,Casearia completa,(Jacq.) T.Samar. & M.H.Alford,Brazil
Salicaceae,Casearia corymbulosa,(Spruce ex Benth.) T.Samar. & M.H.Alford,Brazil
Salicaceae,Casearia decandra,Jacq.,Brazil
Salicaceae,Casearia duckeana,Sleumer,Brazil
Salicaceae,Casearia eichleriana,Sleumer,Brazil
Salicaceae,Casearia fasciculata,(Ruiz & Pav.) Sleumer,Brazil
Salicaceae,Casearia gossypiosperma,Briq.,Brazil
Salicaceae,Casearia grandiflora,Cambess.,Brazil
Salicaceae,Casearia guianensis,(Aubl.) Urb.,Brazil
Salicaceae,Casearia hirsuta,Sw.,Brazil
Salicaceae,Casearia lasiophylla,Eichler,Brazil
Salicaceae,Casearia luetzelburgii,Sleumer,Brazil
Salicaceae,Casearia manausensis,Sleumer,Brazil
Salicaceae,Casearia mariquitensis,Kunth,Brazil
Salicaceae,Casearia melliodora,Eichler,Brazil
Salicaceae,Casearia murceana,R.Marquete & Mansano,Brazil
Salicaceae,Casearia neblinae,Sleumer,Brazil
Salicaceae,Casearia negrensis,Eichler,Brazil
Salicaceae,Casearia obliqua,Spreng.,Brazil
Salicaceae,Casearia oblongifolia,Cambess.,Brazil
Salicaceae,Casearia obovalis,Poepp. ex Griseb.,Brazil
Salicaceae,Casearia paranaensis,Sleumer,Brazil
Salicaceae,Casearia pauciflora,Cambess.,Brazil
Salicaceae,Casearia pitumba,Sleumer,Brazil
Salicaceae,Casearia resinifera,Spruce ex Eichler,Brazil
Salicaceae,Casearia rupestris,Eichler,Brazil
Salicaceae,Casearia rusbyana,Briq.,Brazil
Salicaceae,Casearia selloana,Eichler,Brazil
Salicaceae,Casearia spinescens,(Sw.) Griseb.,Brazil
Salicaceae,Casearia suaveolens,(Poepp.) T.Samar. & M.H.Alford,Brazil
Salicaceae,Casearia sylvestris,Sw.,Brazil
Salicaceae,Casearia uleana,Sleumer,Brazil
Salicaceae,Casearia ulmifolia,Vahl ex Vent.,Brazil
Salicaceae,Casearia zizyphoides,Kunth,Brazil
Salicaceae,Euceraea nitida,Mart.,Brazil
Salicaceae,Hasseltia floribunda,Kunth,Brazil
Salicaceae,Homalium guianense,(Aubl.) Oken,Brazil
Salicaceae,Homalium racemosum,Jacq.,Brazil
Salicaceae,Irenodendron coriaceum,(Spruce ex Benth.) M.H.Alford & Dement,Brazil
Salicaceae,Irenodendron cupulatum,(Spruce ex Benth.) M.H.Alford & Dement,Brazil
Salicaceae,Lunania parviflora,Spruce ex Benth.,Brazil
Salicaceae,Macrothumia kuhlmannii,(Sleumer) M.H.Alford,Brazil
Salicaceae,Neoptychocarpus apodanthus,(Kuhlm.) Buchheim,Brazil
Salicaceae,Neoptychocarpus killipii,(Monach.) Buchheim,Brazil
Salicaceae,Piparea dentata,Aubl.,Brazil
Salicaceae,Piparea multiflora,C.F.Gaertn.,Brazil
Salicaceae,Piparea spruceana,(Benth. ex Eichler) T.Samar. & M.H.Alford,Brazil
Salicaceae,Pleuranthodendron lindenii,(Turcz.) Sleumer,Brazil
Salicaceae,Prockia crucis,P.Browne ex L.,Brazil
Salicaceae,Ryania angustifolia,(Turcz.) Monach.,Brazil
Salicaceae,Ryania canescens,Eichler,Brazil
Salicaceae,Ryania mansoana,Eichler,Brazil
Salicaceae,Ryania pyrifera,(Rich.) Uittien & Sleumer,Brazil
Salicaceae,Ryania speciosa,Vahl,Brazil
Salicaceae,Ryania spruceana,Monach.,Brazil
Salicaceae,Salix humboldtiana,Willd.,Brazil
Salicaceae,Tetrathylacium macrophyllum,Poepp.,Brazil
Salicaceae,Xylosma benthamii,(Tul.) Triana & Planch.,Brazil
Salicaceae,Xylosma ciliatifolia,(Clos) Eichler,Brazil
Salicaceae,Xylosma glaberrima,Sleumer,Brazil
Salicaceae,Xylosma intermedia,(Seem.) Griseb.,Brazil
Salicaceae,Xylosma prockia,(Turcz.) Turcz.,Brazil
Salicaceae,Xylosma pseudosalzmannii,Sleumer,Brazil
Salicaceae,Xylosma schroederi,Sleumer ex Herter,Brazil
Salicaceae,Xylosma tessmannii,Sleumer,Brazil
Salicaceae,Xylosma tweediana,(Clos) Eichlam,Brazil
Salicaceae,Xylosma venosa,N.E.Br.,Brazil
Santalaceae,Acanthosyris annonagustata,C.U.Ulloa & M.Jørg.,Brazil
Santalaceae,Acanthosyris paulo-alvinii,G.M.Barroso,Brazil
Santalaceae,Acanthosyris spinescens,Griseb.,Brazil
Santalaceae,Jodina rhombifolia,(Hook. & Arn.) Reissek,Brazil
Sapindaceae,Alatococcus siqueirae,Acev.-Rodr.,Brazil
Sapindaceae,Allophylastrum frutescens,Acev.-Rodr.,Brazil
Sapindaceae,Allophylus amazonicus,(Mart.) Radlk.,Brazil
Sapindaceae,Allophylus dioicus,(Nees & Mart.) Radlk.,Brazil
Sapindaceae,Allophylus divaricatus,Radlk.,Brazil
Sapindaceae,Allophylus edulis,"(A.St.-Hil., A.Juss. & Cambess.) Radlk.",Brazil
Sapindaceae,Allophylus exappendiculatus,"Somner, Ferrucci & Frazão",Brazil
Sapindaceae,Allophylus excelsus,(Triana & Planch.) Radlk.,Brazil
Sapindaceae,Allophylus glabratus,(Kunth) Radlk.,Brazil
Sapindaceae,Allophylus guaraniticus,(A.St.-Hil.) Radlk.,Brazil
Sapindaceae,Allophylus latifolius,Huber,Brazil
Sapindaceae,Allophylus leucoclados,Radlk.,Brazil
Sapindaceae,Allophylus melanophloeus,Radlk.,Brazil
Sapindaceae,Allophylus membranifolius,Radlk.,Brazil
Sapindaceae,Allophylus pauciflorus,Radlk.,Brazil
Sapindaceae,Allophylus peruvianus,Radlk.,Brazil
Sapindaceae,Allophylus puberulus,(Cambess.) Radlk.,Brazil
Sapindaceae,Allophylus punctatus,(Poepp.) Radlk.,Brazil
Sapindaceae,Allophylus quercifolius,(Mart.) Radlk.,Brazil
Sapindaceae,Allophylus racemosus,Sw.,Brazil
Sapindaceae,Allophylus robustus,Radlk.,Brazil
Sapindaceae,Allophylus scrobiculatus,(Poepp.) Radlk.,Brazil
Sapindaceae,Allophylus strictus,Radlk.,Brazil
Sapindaceae,Averrhoidium dalyi,Acev.-Rodr. & Ferrucci,Brazil
Sapindaceae,Averrhoidium gardnerianum,Baill.,Brazil
Sapindaceae,Averrhoidium paraguaiense,Radlk.,Brazil
Sapindaceae,Cupania bracteosa,Radlk.,Brazil
Sapindaceae,Cupania castaneifolia,Mart.,Brazil
Sapindaceae,Cupania cinerea,Poepp.,Brazil
Sapindaceae,Cupania concolor,Radlk.,Brazil
Sapindaceae,Cupania crassifolia,Radlk.,Brazil
Sapindaceae,Cupania diphylla,Vahl,Brazil
Sapindaceae,Cupania emarginata,Cambess.,Brazil
Sapindaceae,Cupania fluminensis,Acev.-Rodr.,Brazil
Sapindaceae,Cupania furfuracea,Radlk.,Brazil
Sapindaceae,Cupania hirsuta,Radlk.,Brazil
Sapindaceae,Cupania hispida,Radlk.,Brazil
Sapindaceae,Cupania impressinervia,Acev.-Rodr.,Brazil
Sapindaceae,Cupania latifolia,Kunth,Brazil
Sapindaceae,Cupania ludowigii,Somner & Ferrucci,Brazil
Sapindaceae,Cupania macrostylis,(Radlk.) Acev.-Rodr.,Brazil
Sapindaceae,Cupania moraesiana,Guarim,Brazil
Sapindaceae,Cupania oblongifolia,Mart.,Brazil
Sapindaceae,Cupania olivacea,Gleason & A.C.Sm.,Brazil
Sapindaceae,Cupania paniculata,Cambess.,Brazil
Sapindaceae,Cupania platycarpa,Radlk.,Brazil
Sapindaceae,Cupania racemosa,(Vell.) Radlk.,Brazil
Sapindaceae,Cupania radlkoferi,Acev.-Rodr.,Brazil
Sapindaceae,Cupania rigida,Radlk.,Brazil
Sapindaceae,Cupania rubiginosa,(Poir.) Radlk.,Brazil
Sapindaceae,Cupania rugosa,Radlk.,Brazil
Sapindaceae,Cupania schizoneura,Radkl.,Brazil
Sapindaceae,Cupania scrobiculata,Rich.,Brazil
Sapindaceae,Cupania tenuivalvis,Radlk.,Brazil
Sapindaceae,Cupania vernalis,Cambess.,Brazil
Sapindaceae,Cupania zanthoxyloides,Cambess.,Brazil
Sapindaceae,Diatenopteryx grazielae,Vaz & Andreata,Brazil
Sapindaceae,Diatenopteryx sorbifolia,Radlk.,Brazil
Sapindaceae,Dilodendron bipinnatum,Radlk.,Brazil
Sapindaceae,Diplokeleba floribunda,N.E.Br.,Brazil
Sapindaceae,Dodonaea viscosa,(L.) Jacq.,Brazil
Sapindaceae,Magonia pubescens,A.St.-Hil.,Brazil
Sapindaceae,Matayba adenanthera,Radlk.,Brazil
Sapindaceae,Matayba arborescens,(Aubl.) Radlk.,Brazil
Sapindaceae,Matayba camptoneura,Radlk.,Brazil
Sapindaceae,Matayba cristae,Reitz,Brazil
Sapindaceae,Matayba discolor,Radlk.,Brazil
Sapindaceae,Matayba elaeagnoides,Radlk.,Brazil
Sapindaceae,Matayba elegans,Radlk.,Brazil
Sapindaceae,Matayba grandis,Radlk.,Brazil
Sapindaceae,Matayba guianensis,Aubl.,Brazil
Sapindaceae,Matayba heterophylla,(Mart.) Radlk.,Brazil
Sapindaceae,Matayba inelegans,Radlk.,Brazil
Sapindaceae,Matayba intermedia,Radlk.,Brazil
Sapindaceae,Matayba juglandifolia,Radlk.,Brazil
Sapindaceae,Matayba leucodictya,Radlk.,Brazil
Sapindaceae,Matayba livescens,"(Radlk.) R.L.G.Coelho, V.C.Souza & Ferrucci",Brazil
Sapindaceae,Matayba longipes,Radlk.,Brazil
Sapindaceae,Matayba marginata,Radlk.,Brazil
Sapindaceae,Matayba mollis,Radlk.,Brazil
Sapindaceae,Matayba obovata,"R.L.G.Coelho , V.C.Souza & Ferrucci",Brazil
Sapindaceae,Matayba opaca,Radlk.,Brazil
Sapindaceae,Matayba paucijuga,Radlk.,Brazil
Sapindaceae,Matayba punctata,(Cambess.) Radlk.,Brazil
Sapindaceae,Matayba purgans,Radlk.,Brazil
Sapindaceae,Matayba robusta,Radlk.,Brazil
Sapindaceae,Matayba scrobiculata,Radlk.,Brazil
Sapindaceae,Matayba spruceana,(Benth.) Radlk.,Brazil
Sapindaceae,Matayba stenodictya,Radlk.,Brazil
Sapindaceae,Matayba sylvatica,(Casar.) Radlk.,Brazil
Sapindaceae,Melicoccus espiritosantensis,Acev.-Rodr.,Brazil
Sapindaceae,Melicoccus lepidopetalus,Radlk.,Brazil
Sapindaceae,Melicoccus oliviformis,Kunth,Brazil
Sapindaceae,Melicoccus pedicellaris,(Radlk.) Acev.-Rodr.,Brazil
Sapindaceae,Paullinia cuneata,Radlk.,Brazil
Sapindaceae,Paullinia gigantea,Poepp.,Brazil
Sapindaceae,Pentascyphus thyrsiflorus,Radlk.,Brazil
Sapindaceae,Porocystis acuminata,(Radlk.) Acev.-Rodr.,Brazil
Sapindaceae,Porocystis toulicioides,Radlk.,Brazil
Sapindaceae,Pseudima frutescens,(Aubl.) Radlk.,Brazil
Sapindaceae,Sapindus saponaria,L.,Brazil
Sapindaceae,Scyphonychium multiflorum,(Mart.) Radlk.,Brazil
Sapindaceae,Talisia acutifolia,Radlk.,Brazil
Sapindaceae,Talisia angustifolia,Radlk.,Brazil
Sapindaceae,Talisia carinata,Radlk.,Brazil
Sapindaceae,Talisia cerasina,(Benth.) Radlk.,Brazil
Sapindaceae,Talisia chartacea,Acev.-Rodr.,Brazil
Sapindaceae,Talisia clathrata,Radlk.,Brazil
Sapindaceae,Talisia coriacea,Radlk.,Brazil
Sapindaceae,Talisia croatii,Acev.-Rodr.,Brazil
Sapindaceae,Talisia cupularis,Radlk.,Brazil
Sapindaceae,Talisia dasyclada,Radlk.,Brazil
Sapindaceae,Talisia douradensis,Acev.-Rodr.,Brazil
Sapindaceae,Talisia esculenta,(A.St.-Hil.) Radlk.,Brazil
Sapindaceae,Talisia firma,Radlk.,Brazil
Sapindaceae,Talisia ghilleana,Acev.-Rodr.,Brazil
Sapindaceae,Talisia granulosa,Acev.-Rodr.,Brazil
Sapindaceae,Talisia guianensis,Aubl.,Brazil
Sapindaceae,Talisia hemidasya,Radlk.,Brazil
Sapindaceae,Talisia hexaphylla,Vahl,Brazil
Sapindaceae,Talisia japurensis,(C.DC.) Radlk.,Brazil
Sapindaceae,Talisia longifolia,(Benth.) Radlk.,Brazil
Sapindaceae,Talisia macrophylla,(Mart.) Radlk.,Brazil
Sapindaceae,Talisia marleneana,(Guarim) Acev.-Rodr.,Brazil
Sapindaceae,Talisia megaphylla,Sagot,Brazil
Sapindaceae,Talisia microphylla,Uittien,Brazil
Sapindaceae,Talisia mollis,Kunth ex Cambess.,Brazil
Sapindaceae,Talisia nervosa,Radlk.,Brazil
Sapindaceae,Talisia obovata,A.C.Sm.,Brazil
Sapindaceae,Talisia pachycarpa,Radlk.,Brazil
Sapindaceae,Talisia parviflora,Acev.-Rodr.,Brazil
Sapindaceae,Talisia praealta,Radlk.,Brazil
Sapindaceae,Talisia retusa,R.S.Cowan,Brazil
Sapindaceae,Talisia subalbens,(Mart.) Radlk.,Brazil
Sapindaceae,Talisia sylvatica,(Aubl.) Radlk.,Brazil
Sapindaceae,Talisia veraluciana,Guarim,Brazil
Sapindaceae,Thinouia ventricosa,Radlk.,Brazil
Sapindaceae,Toulicia bullata,Radlk.,Brazil
Sapindaceae,Toulicia crassifolia,Radlk.,Brazil
Sapindaceae,Toulicia elliptica,Radlk.,Brazil
Sapindaceae,Toulicia guianensis,Aubl.,Brazil
Sapindaceae,Toulicia laevigata,Radlk.,Brazil
Sapindaceae,Toulicia patentinervis,Radlk.,Brazil
Sapindaceae,Toulicia petiolulata,Radlk.,Brazil
Sapindaceae,Toulicia pulvinata,Radlk.,Brazil
Sapindaceae,Toulicia radlkoferi,Ferrucci,Brazil
Sapindaceae,Toulicia reticulata,Radlk.,Brazil
Sapindaceae,Toulicia stans,Radlk.,Brazil
Sapindaceae,Toulicia subsquamulata,Radlk.,Brazil
Sapindaceae,Toulicia tomentosa,Radlk.,Brazil
Sapindaceae,Tripterodendron filicifolium,Radlk.,Brazil
Sapindaceae,Vouarana guianensis,Aubl.,Brazil
Sapotaceae,Chromolucuma apiculata,Alves-Araújo & M.Alves,Brazil
Sapotaceae,Chromolucuma congestifolia,(Pilz) Alves-Araújo & M.Alves,Brazil
Sapotaceae,Chromolucuma rubriflora,Ducke,Brazil
Sapotaceae,Chrysophyllum acreanum,A.C.Sm.,Brazil
Sapotaceae,Chrysophyllum amazonicum,T.D.Penn.,Brazil
Sapotaceae,Chrysophyllum arenarium,Allemão,Brazil
Sapotaceae,Chrysophyllum argenteum,Jacq.,Brazil
Sapotaceae,Chrysophyllum bombycinum,T.D.Penn.,Brazil
Sapotaceae,Chrysophyllum colombianum,(Aubrév.) T.D.Penn.,Brazil
Sapotaceae,Chrysophyllum cuneifolium,(Rudge) A.DC.,Brazil
Sapotaceae,Chrysophyllum durifructum,(W.A.Rodrigues) T.D.Penn.,Brazil
Sapotaceae,Chrysophyllum eximium,Ducke,Brazil
Sapotaceae,Chrysophyllum flexuosum,Mart.,Brazil
Sapotaceae,Chrysophyllum gonocarpum,(Mart. & Eichler) Engl.,Brazil
Sapotaceae,Chrysophyllum imperiale,(Linden ex K.Koch & Fintelm.) Benth. & Hook.f.,Brazil
Sapotaceae,Chrysophyllum inornatum,Mart.,Brazil
Sapotaceae,Chrysophyllum januariense,Eichler,Brazil
Sapotaceae,Chrysophyllum lucentifolium,Cronquist,Brazil
Sapotaceae,Chrysophyllum manaosense,(Aubrév.) T.D.Penn.,Brazil
Sapotaceae,Chrysophyllum marginatum,(Hook. & Arn.) Radlk.,Brazil
Sapotaceae,Chrysophyllum ovale,Rusby,Brazil
Sapotaceae,Chrysophyllum paranaense,T.D.Penn.,Brazil
Sapotaceae,Chrysophyllum pomiferum,(Eyma) T.D.Penn.,Brazil
Sapotaceae,Chrysophyllum prieurii,A.DC.,Brazil
Sapotaceae,Chrysophyllum reitzianum,Mattos,Brazil
Sapotaceae,Chrysophyllum rufum,Mart.,Brazil
Sapotaceae,Chrysophyllum sanguinolentum,(Pierre) Baehni,Brazil
Sapotaceae,Chrysophyllum sparsiflorum,Klotzsch ex Miq.,Brazil
Sapotaceae,Chrysophyllum splendens,Spreng.,Brazil
Sapotaceae,Chrysophyllum subspinosum,Monach.,Brazil
Sapotaceae,Chrysophyllum superbum,T.D.Penn.,Brazil
Sapotaceae,Chrysophyllum ucuquirana-branca,(Aubrév. & Pellegr.) T.D.Penn.,Brazil
Sapotaceae,Chrysophyllum venezuelanense,(Pierre) T.D.Penn.,Brazil
Sapotaceae,Chrysophyllum viride,Mart. & Eichler,Brazil
Sapotaceae,Chrysophyllum wilsonii,T.D.Penn.,Brazil
Sapotaceae,Diploon cuspidatum,(Hoehne) Cronquist,Brazil
Sapotaceae,Ecclinusa bullata,T.D.Penn.,Brazil
Sapotaceae,Ecclinusa guianensis,Eyma,Brazil
Sapotaceae,Ecclinusa lanceolata,(Mart. & Eichler) Pierre,Brazil
Sapotaceae,Ecclinusa lancifolia,(Mart. & Eichler) Eyma,Brazil
Sapotaceae,Ecclinusa nervosa,C.C.Vasconc. & Terra-Araujo,Brazil
Sapotaceae,Ecclinusa ramiflora,Mart.,Brazil
Sapotaceae,Elaeoluma glabrescens,(Mart. & Eichler) Aubrév.,Brazil
Sapotaceae,Elaeoluma schomburgkiana,(Miq.) Baill.,Brazil
Sapotaceae,Manilkara bidentata,(A.DC.) A.Chev.,Brazil
Sapotaceae,Manilkara cavalcantei,Pires & Rodr. ex T.D.Penn.,Brazil
Sapotaceae,Manilkara dardanoi,Ducke,Brazil
Sapotaceae,Manilkara decrescens,T.D.Penn.,Brazil
Sapotaceae,Manilkara elata,(Allemão ex Miq.) Monach.,Brazil
Sapotaceae,Manilkara excelsa,(Ducke) Standl.,Brazil
Sapotaceae,Manilkara inundata,(Ducke) Ducke,Brazil
Sapotaceae,Manilkara longifolia,(A.DC.) Dubard,Brazil
Sapotaceae,Manilkara maxima,T.D.Penn.,Brazil
Sapotaceae,Manilkara multifida,T.D.Penn.,Brazil
Sapotaceae,Manilkara paraensis,(Huber) Standl.,Brazil
Sapotaceae,Manilkara rufula,(Miq.) H.J.Lam,Brazil
Sapotaceae,Manilkara salzmannii,(A.DC.) H.J.Lam,Brazil
Sapotaceae,Manilkara subsericea,(Mart.) Dubard,Brazil
Sapotaceae,Manilkara triflora,(Allemão) Monach.,Brazil
Sapotaceae,Micropholis acutangula,(Ducke) Eyma,Brazil
Sapotaceae,Micropholis casiquiarensis,Aubrév.,Brazil
Sapotaceae,Micropholis caudata,T.D.Penn.,Brazil
Sapotaceae,Micropholis cayennensis,T.D.Penn.,Brazil
Sapotaceae,Micropholis crassipedicellata,(Mart. & Eichler) Pierre,Brazil
Sapotaceae,Micropholis cylindrocarpa,(Poepp.) Pierre,Brazil
Sapotaceae,Micropholis egensis,(A.DC.) Pierre,Brazil
Sapotaceae,Micropholis emarginata,T.D.Penn.,Brazil
Sapotaceae,Micropholis gardneriana,(A.DC.) Pierre,Brazil
Sapotaceae,Micropholis gnaphaloclados,(Mart.) Pierre,Brazil
Sapotaceae,Micropholis grandiflora,Aubrév.,Brazil
Sapotaceae,Micropholis guyanensis,(A.DC.) Pierre,Brazil
Sapotaceae,Micropholis humboldtiana,(Roem. & Schult.) T.D.Penn.,Brazil
Sapotaceae,Micropholis longipedicellata,Aubrév.,Brazil
Sapotaceae,Micropholis madeirensis,(Baehni) Aubrév.,Brazil
Sapotaceae,Micropholis maguirei,Aubrév.,Brazil
Sapotaceae,Micropholis melinoniana,Pierre,Brazil
Sapotaceae,Micropholis mensalis,(Baehni) Aubrév.,Brazil
Sapotaceae,Micropholis obscura,T.D.Penn.,Brazil
Sapotaceae,Micropholis porphyrocarpa,(Baehni) Monach.,Brazil
Sapotaceae,Micropholis resinifera,(Ducke) Eyma,Brazil
Sapotaceae,Micropholis retusa,(Spruce ex Miq.) Eyma,Brazil
Sapotaceae,Micropholis sanctae-rosae,(Baehni) T.D.Penn.,Brazil
Sapotaceae,Micropholis splendens,Gilly ex Aubrév.,Brazil
Sapotaceae,Micropholis submarginalis,Pires & T.D.Penn.,Brazil
Sapotaceae,Micropholis trunciflora,Ducke,Brazil
Sapotaceae,Micropholis venulosa,(Mart. & Eichler) Pierre,Brazil
Sapotaceae,Micropholis williamii,Aubrév. & Pellegr.,Brazil
Sapotaceae,Pouteria amapaensis,Pires & T.D.Penn.,Brazil
Sapotaceae,Pouteria amazonica,Radlk.,Brazil
Sapotaceae,Pouteria ambelaniifolia,(Sandwith) T.D.Penn.,Brazil
Sapotaceae,Pouteria andarahiensis,T.D.Penn.,Brazil
Sapotaceae,Pouteria anomala,(Pires) T.D.Penn.,Brazil
Sapotaceae,Pouteria anteridata,T.D.Penn.,Brazil
Sapotaceae,Pouteria arcuata,T.D.Penn.,Brazil
Sapotaceae,Pouteria atabapoensis,(Aubrév.) T.D.Penn.,Brazil
Sapotaceae,Pouteria atlantica,Alves-Araújo & M.Alves,Brazil
Sapotaceae,Pouteria aubrevillei,Bernardi,Brazil
Sapotaceae,Pouteria bangii,(Rusby) T.D.Penn.,Brazil
Sapotaceae,Pouteria bapeba,T.D.Penn.,Brazil
Sapotaceae,Pouteria beaurepairei,(Glaz. & Raunk.) Baehni,Brazil
Sapotaceae,Pouteria bilocularis,(H.J.P.Winkl.) Baehni,Brazil
Sapotaceae,Pouteria brachyandra,(Aubrév. & Pellegr.) T.D.Penn.,Brazil
Sapotaceae,Pouteria brevensis,Pires,Brazil
Sapotaceae,Pouteria bullata,T.D.Penn.,Brazil
Sapotaceae,Pouteria butyrocarpa,(Kuhlm.) T.D.Penn.,Brazil
Sapotaceae,Pouteria caimito,(Ruiz & Pav.) Radlk.,Brazil
Sapotaceae,Pouteria campanulata,Baehni,Brazil
Sapotaceae,Pouteria cicatricata,T.D.Penn.,Brazil
Sapotaceae,Pouteria ciliata,Alves-Araújo & M.Alves,Brazil
Sapotaceae,Pouteria citriodora,Alves-Araújo,Brazil
Sapotaceae,Pouteria cladantha,Sandwith,Brazil
Sapotaceae,Pouteria coelomatica,Rizzini,Brazil
Sapotaceae,Pouteria confusa,Alves-Araújo & M.Alves,Brazil
Sapotaceae,Pouteria coriacea,(Pierre) Pierre,Brazil
Sapotaceae,Pouteria crassiflora,Pires & T.D.Penn.,Brazil
Sapotaceae,Pouteria cuspidata,(A.DC.) Baehni,Brazil
Sapotaceae,Pouteria decorticans,T.D.Penn.,Brazil
Sapotaceae,Pouteria decussata,(Ducke) Baehni,Brazil
Sapotaceae,Pouteria durlandii,(Standl.) Baehni,Brazil
Sapotaceae,Pouteria egregia,Sandwith,Brazil
Sapotaceae,Pouteria elegans,(A.DC.) Baehni,Brazil
Sapotaceae,Pouteria engleri,Eyma,Brazil
Sapotaceae,Pouteria ephedrantha,(A.C.Sm.) T.D.Penn.,Brazil
Sapotaceae,Pouteria ericoides,T.D.Penn.,Brazil
Sapotaceae,Pouteria erythrochrysa,T.D.Penn.,Brazil
Sapotaceae,Pouteria eugeniifolia,(Pierre) Baehni,Brazil
Sapotaceae,Pouteria exstaminodia,Pires & T.D.Penn.,Brazil
Sapotaceae,Pouteria filipes,Eyma,Brazil
Sapotaceae,Pouteria fimbriata,Baehni,Brazil
Sapotaceae,Pouteria flavilatex,T.D.Penn.,Brazil
Sapotaceae,Pouteria franciscana,Baehni,Brazil
Sapotaceae,Pouteria freitasii,T.D.Penn.,Brazil
Sapotaceae,Pouteria fulva,T.D.Penn.,Brazil
Sapotaceae,Pouteria furcata,T.D.Penn.,Brazil
Sapotaceae,Pouteria gabrielensis,(Gilly ex Aubrév.) T.D.Penn.,Brazil
Sapotaceae,Pouteria gallifructa,Cronquist,Brazil
Sapotaceae,Pouteria gardneri,(Mart. & Eichler) Baehni,Brazil
Sapotaceae,Pouteria gardneriana,(A.DC.) Radlk.,Brazil
Sapotaceae,Pouteria glauca,T.D.Penn.,Brazil
Sapotaceae,Pouteria glomerata,(Miq.) Radlk.,Brazil
Sapotaceae,Pouteria gomphiifolia,(Mart. ex Miq.) Radlk.,Brazil
Sapotaceae,Pouteria gongrijpii,Eyma,Brazil
Sapotaceae,Pouteria grandiflora,(A.DC.) Baehni,Brazil
Sapotaceae,Pouteria guianensis,Aubl.,Brazil
Sapotaceae,Pouteria jariensis,Pires & T.D.Penn.,Brazil
Sapotaceae,Pouteria juruana,K.Krause,Brazil
Sapotaceae,Pouteria krukovii,(A.C.Sm.) Baehni,Brazil
Sapotaceae,Pouteria laevigata,(Mart.) Radlk.,Brazil
Sapotaceae,Pouteria latianthera,T.D.Penn.,Brazil
Sapotaceae,Pouteria lucens,(Mart. & Miq.) Radlk.,Brazil
Sapotaceae,Pouteria lucumifolia,(Reissek ex Maxim.) T.D.Penn.,Brazil
Sapotaceae,Pouteria macahensis,T.D.Penn.,Brazil
Sapotaceae,Pouteria macrocarpa,(Mart.) D.Dietr.,Brazil
Sapotaceae,Pouteria macrophylla,(Lam.) Eyma,Brazil
Sapotaceae,Pouteria maguirei,(Aubrév.) T.D.Penn.,Brazil
Sapotaceae,Pouteria manaosensis,(Aubrév. & Pellegr.) T.D.Penn.,Brazil
Sapotaceae,Pouteria mattogrossensis,(Pilg.) Baehni,Brazil
Sapotaceae,Pouteria maxima,T.D.Penn.,Brazil
Sapotaceae,Pouteria microstrigosa,T.D.Penn.,Brazil
Sapotaceae,Pouteria minima,T.D.Penn.,Brazil
Sapotaceae,Pouteria mongaguensis,Mattos,Brazil
Sapotaceae,Pouteria multiflora,(A.DC.) Eyma,Brazil
Sapotaceae,Pouteria nordestinensis,Alves-Araújo & M.Alves,Brazil
Sapotaceae,Pouteria nudipetala,T.D.Penn.,Brazil
Sapotaceae,Pouteria oblanceolata,Pires,Brazil
Sapotaceae,Pouteria obscura,(Huber) Baehni,Brazil
Sapotaceae,Pouteria opposita,(Ducke) T.D.Penn.,Brazil
Sapotaceae,Pouteria oppositifolia,(Ducke) Baehni,Brazil
Sapotaceae,Pouteria orinocoensis,(Aubrév.) T.D.Penn.,Brazil
Sapotaceae,Pouteria oxypetala,T.D.Penn.,Brazil
Sapotaceae,Pouteria pachycalyx,T.D.Penn.,Brazil
Sapotaceae,Pouteria pachyphylla,T.D.Penn.,Brazil
Sapotaceae,Pouteria pallens,T.D.Penn.,Brazil
Sapotaceae,Pouteria pariry,(Ducke) Baehni,Brazil
Sapotaceae,Pouteria pentamera,T.D.Penn.,Brazil
Sapotaceae,Pouteria peruviensis,(Aubrév.) Bernardi,Brazil
Sapotaceae,Pouteria petiolata,T.D.Penn.,Brazil
Sapotaceae,Pouteria pimichinensis,T.D.Penn.,Brazil
Sapotaceae,Pouteria platyphylla,(A.C.Sm.) Baehni,Brazil
Sapotaceae,Pouteria plicata,T.D.Penn.,Brazil
Sapotaceae,Pouteria polysepala,T.D.Penn.,Brazil
Sapotaceae,Pouteria procera,(Mart.) K.Hammer,Brazil
Sapotaceae,Pouteria psammophila,(Mart.) Radlk.,Brazil
Sapotaceae,Pouteria pubescens,(Aubrév. & Pellegr.) T.D.Penn.,Brazil
Sapotaceae,Pouteria putamen-ovi,T.D.Penn.,Brazil
Sapotaceae,Pouteria ramiflora,(Mart.) Radlk.,Brazil
Sapotaceae,Pouteria resinosa,T.D.Penn.,Brazil
Sapotaceae,Pouteria reticulata,(Engl.) Eyma,Brazil
Sapotaceae,Pouteria retinervis,T.D.Penn.,Brazil
Sapotaceae,Pouteria rigida,(Mart. & Eichler) Radlk.,Brazil
Sapotaceae,Pouteria rodriguesiana,Pires & T.D.Penn.,Brazil
Sapotaceae,Pouteria rostrata,(Huber) Baehni,Brazil
Sapotaceae,Pouteria sagotiana,(Baill.) Eyma,Brazil
Sapotaceae,Pouteria salicifolia,(Spreng.) Radlk.,Brazil
Sapotaceae,Pouteria samborae,Alves-Araújo & Mônico,Brazil
Sapotaceae,Pouteria scrobiculata,Monach. ex T.D.Penn.,Brazil
Sapotaceae,Pouteria singularis,T.D.Penn.,Brazil
Sapotaceae,Pouteria speciosa,(Ducke) Baehni,Brazil
Sapotaceae,Pouteria stenophylla,Baehni,Brazil
Sapotaceae,Pouteria stipitata,Cronquist,Brazil
Sapotaceae,Pouteria stipulifera,T.D.Penn.,Brazil
Sapotaceae,Pouteria stylifera,T.D.Penn.,Brazil
Sapotaceae,Pouteria subcaerulea,Pierre ex Dubard,Brazil
Sapotaceae,Pouteria subsessilifolia,Cronquist,Brazil
Sapotaceae,Pouteria surumuensis,Baehni,Brazil
Sapotaceae,Pouteria synsepala,Popovkin & A.D.Faria,Brazil
Sapotaceae,Pouteria tarumanensis,Pires,Brazil
Sapotaceae,Pouteria tenuisepala,Pires & T.D.Penn.,Brazil
Sapotaceae,Pouteria torta,(Mart.) Radlk.,Brazil
Sapotaceae,Pouteria trifida,Alves-Araújo & M.Alves,Brazil
Sapotaceae,Pouteria trilocularis,Cronquist,Brazil
Sapotaceae,Pouteria tuberculata,(Sleumer) Alves-Araújo & Swenson,Brazil
Sapotaceae,Pouteria ucuqui,Pires & R.E.Schult.,Brazil
Sapotaceae,Pouteria undulatifolia,Rizzini,Brazil
Sapotaceae,Pouteria velutinicarpa,Alves-Araújo & M.Alves,Brazil
Sapotaceae,Pouteria venosa,(Mart.) Baehni,Brazil
Sapotaceae,Pouteria vernicosa,T.D.Penn.,Brazil
Sapotaceae,Pouteria virescens,Baehni,Brazil
Sapotaceae,Pouteria williamii,(Aubrév. & Pellegr.) T.D.Penn.,Brazil
Sapotaceae,Pradosia cochlearia,(Lecomte) T.D.Penn.,Brazil
Sapotaceae,Pradosia decipiens,Ducke,Brazil
Sapotaceae,Pradosia glaziovii,(Pierre) T.D.Penn.,Brazil
Sapotaceae,Pradosia granulosa,Pires & T.D.Penn.,Brazil
Sapotaceae,Pradosia grisebachii,(Pierre) T.D.Penn.,Brazil
Sapotaceae,Pradosia huberi,(Ducke) Ducke,Brazil
Sapotaceae,Pradosia kuhlmannii,Toledo,Brazil
Sapotaceae,Pradosia lactescens,(Vell.) Radlk.,Brazil
Sapotaceae,Pradosia lahoziana,Terra-Araujo,Brazil
Sapotaceae,Pradosia longipedicellata,Alves-Araújo & M.Alves,Brazil
Sapotaceae,Pradosia restingae,Terra-Araujo,Brazil
Sapotaceae,Pradosia schomburgkiana,(A.DC.) Cronquist,Brazil
Sapotaceae,Pradosia subverticillata,Ducke,Brazil
Sapotaceae,Pradosia surinamensis,(Eyma) T.D.Penn.,Brazil
Sapotaceae,Pradosia verticillata,Ducke,Brazil
Sapotaceae,Sarcaulus brasiliensis,(A.DC.) Eyma,Brazil
Sapotaceae,Sarcaulus inflexus,(A.C.Sm.) T.D.Penn.,Brazil
Sapotaceae,Sarcaulus vestitus,(Baehni) T.D.Penn.,Brazil
Sapotaceae,Sideroxylon obtusifolium,(Roem. & Schult.) T.D.Penn.,Brazil
Schlegeliaceae,Schlegelia parviflora,(Oerst.) Monach.,Brazil
Schoepfiaceae,Schoepfia brasiliensis,A.DC.,Brazil
Schoepfiaceae,Schoepfia lucida,Pulle,Brazil
Scrophulariaceae,Bontia daphnoides,L.,Brazil
Simaroubaceae,Castela tweediei,Planch.,Brazil
Simaroubaceae,Homalolepis bahiensis,(Moric.) Devecchi & Pirani,Brazil
Simaroubaceae,Homalolepis cavalcantei,(W.W. Thomas) Devecchi & Pirani,Brazil
Simaroubaceae,Homalolepis cedron,(Planch.) Devecchi & Pirani,Brazil
Simaroubaceae,Homalolepis cuneata,(A.St.-Hil. & Tul.) Devecchi & Pirani,Brazil
Simaroubaceae,Homalolepis docensis,(Franceschin. & K.Yamam.) Devecchi & Pirani,Brazil
Simaroubaceae,Homalolepis ferruginea,(A.St.-Hil.) Devecchi & Pirani,Brazil
Simaroubaceae,Homalolepis floribunda,(A.St.-Hil.) Devecchi & Pirani,Brazil
Simaroubaceae,Homalolepis insignis,(A.St.-Hil. & Tul.) Devecchi & Pirani,Brazil
Simaroubaceae,Homalolepis maiana,(Casar.) Devecchi & Pirani,Brazil
Simaroubaceae,Homalolepis paraensis,(Ducke) Devecchi & Pirani,Brazil
Simaroubaceae,Homalolepis subcymosa,(A.St.-Hil. & Tul.) Devecchi & Pirani,Brazil
Simaroubaceae,Picrasma crenata,Engl.,Brazil
Simaroubaceae,Picrolemma sprucei,Hook.f.,Brazil
Simaroubaceae,Quassia amara,L.,Brazil
Simaroubaceae,Simaba guianensis,Aubl.,Brazil
Simaroubaceae,Simaba obovata,Spruce ex Engl.,Brazil
Simaroubaceae,Simaba orinocensis,Kunth,Brazil
Simaroubaceae,Simaba polyphylla,(Cavalcante) W.W. Thomas,Brazil
Simaroubaceae,Simarouba amara,Aubl.,Brazil
Simaroubaceae,Simarouba versicolor,A.St.-Hil.,Brazil
Siparunaceae,Siparuna bifida,(Poepp. & Endl.) A.DC.,Brazil
Siparunaceae,Siparuna brasiliensis,(Spreng.) A. DC.,Brazil
Siparunaceae,Siparuna cervicornis,Perkins,Brazil
Siparunaceae,Siparuna cristata,(Poepp. & Endl.) A.DC.,Brazil
Siparunaceae,Siparuna cuspidata,(Tul.) A.DC.,Brazil
Siparunaceae,Siparuna cymosa,Tolm.,Brazil
Siparunaceae,Siparuna decipiens,(Tul.) A.DC.,Brazil
Siparunaceae,Siparuna ficoides,S.S.Renner & Hausner,Brazil
Siparunaceae,Siparuna glycycarpa,(Ducke) S.S. Renner & Hausner,Brazil
Siparunaceae,Siparuna grandiflora,(Kunth) Perkins,Brazil
Siparunaceae,Siparuna guianensis,Aubl.,Brazil
Siparunaceae,Siparuna krukovii,A.C.Sm.,Brazil
Siparunaceae,Siparuna obstipa,J.F.Macbr.,Brazil
Siparunaceae,Siparuna pachyantha,A.C.Sm.,Brazil
Siparunaceae,Siparuna petasiformis,"Jangoux, Jacques Ivan G.",Brazil
Siparunaceae,Siparuna poeppigii,(Tul.) A. DC.,Brazil
Siparunaceae,Siparuna reginae,(Tul.) A.DC.,Brazil
Siparunaceae,Siparuna sessiliflora,(Kunth) A.DC.,Brazil
Siparunaceae,Siparuna thecaphora,(Poepp. & Endl.) A.DC.,Brazil
Solanaceae,Acnistus arborescens,(L.) Schltdl.,Brazil
Solanaceae,Athenaea angustifolia,(Alm.-Lafetá) I.M.C. Rodrigues & Stehmann,Brazil
Solanaceae,Athenaea cuspidata,Witasek,Brazil
Solanaceae,Athenaea fasciculata,(Vell.) I.M.C.Rodrigues & Stehmann,Brazil
Solanaceae,Athenaea pogogena,(Moric.) Sendtn.,Brazil
Solanaceae,Athenaea sellowiana,(Sendtn.) I.M.C.Rodrigues & Stehmann,Brazil
Solanaceae,Athenaea tomentosa,(Sendtn.) I.M.C.Rodrigues & Stehmann,Brazil
Solanaceae,Athenaea velutina,(Sendtn.) D'Arcy,Brazil
Solanaceae,Athenaea wettsteiniana,(Witasek) I.M.C.Rodrigues & Stehmann,Brazil
Solanaceae,Brugmansia suaveolens,(Humb. & Bonpl. ex Willd.) Sweet,Brazil
Solanaceae,Brunfelsia australis,Benth.,Brazil
Solanaceae,Brunfelsia clandestina,Plowman,Brazil
Solanaceae,Brunfelsia grandiflora,D.Don,Brazil
Solanaceae,Brunfelsia pauciflora,(Cham. & Schltdl.) Benth.,Brazil
Solanaceae,Brunfelsia uniflora,(Pohl) D.Don,Brazil
Solanaceae,Capsicum caatingae,Barboza & Agra,Brazil
Solanaceae,Cestrum acuminatissimum,Dunal,Brazil
Solanaceae,Cestrum axillare,Vell.,Brazil
Solanaceae,Cestrum bracteatum,Link & Otto,Brazil
Solanaceae,Cestrum capsulare,Carvalho & A.Schnoor,Brazil
Solanaceae,Cestrum corcovadense,Miers,Brazil
Solanaceae,Cestrum euanthes,Schltdl.,Brazil
Solanaceae,Cestrum intermedium,Sendtn.,Brazil
Solanaceae,Cestrum laevigatum,Schltdl.,Brazil
Solanaceae,Cestrum latifolium,Lam.,Brazil
Solanaceae,Cestrum mariquitense,Kunth,Brazil
Solanaceae,Cestrum montanum,Miers,Brazil
Solanaceae,Cestrum parqui,(Lam.) L'Hér.,Brazil
Solanaceae,Cestrum salzmannii,Dunal,Brazil
Solanaceae,Cestrum schlechtendalii,G.Don,Brazil
Solanaceae,Cestrum strigilatum,Ruiz & Pav.,Brazil
Solanaceae,Cestrum subpulverulentum,Mart.,Brazil
Solanaceae,Duckeodendron cestroides,Kuhlm.,Brazil
Solanaceae,Juanulloa ochracea,Cuatrec.,Brazil
Solanaceae,Lycianthes stenoloba,(Van Heurck & Müll. Arg.) Bitter,Brazil
Solanaceae,Metternichia principis,J.C.Mikan,Brazil
Solanaceae,Sessea brasiliensis,Toledo,Brazil
Solanaceae,Solanum acanthodes,Hook.f.,Brazil
Solanaceae,Solanum altissimum,Benitez,Brazil
Solanaceae,Solanum anisocladum,Giacomin & Stehmann,Brazil
Solanaceae,Solanum anisophyllum,Van Heurck & Müll. Arg.,Brazil
Solanaceae,Solanum appressum,K.E. Roe,Brazil
Solanaceae,Solanum arboreum,Dunal,Brazil
Solanaceae,Solanum argenteum,Dunal,Brazil
Solanaceae,Solanum aturense,Dunal,Brazil
Solanaceae,Solanum barbeyanum,Huber,Brazil
Solanaceae,Solanum bicolor,Willd. ex Roem. & Schult.,Brazil
Solanaceae,Solanum bullatum,Vell.,Brazil
Solanaceae,Solanum caavurana,Vell.,Brazil
Solanaceae,Solanum cacosmum,Bohs,Brazil
Solanaceae,Solanum capoerum,Dunal,Brazil
Solanaceae,Solanum carautae,Carvalho,Brazil
Solanaceae,Solanum castaneum,Carvalho,Brazil
Solanaceae,Solanum cernuum,Vell.,Brazil
Solanaceae,Solanum cinnamomeum,Sendtn.,Brazil
Solanaceae,Solanum clathratum,Sendtn.,Brazil
Solanaceae,Solanum compressum,L.B. Sm. & Downs,Brazil
Solanaceae,Solanum conglobatum,Dunal,Brazil
Solanaceae,Solanum corumbense,S. Moore,Brazil
Solanaceae,Solanum corymbiflorum,(Sendtn.) Bohs,Brazil
Solanaceae,Solanum crinitum,Lam.,Brazil
Solanaceae,Solanum cylindricum,Vell.,Brazil
Solanaceae,Solanum decorum,Sendtn.,Brazil
Solanaceae,Solanum diploconos,(Mart.) Bohs,Brazil
Solanaceae,Solanum endopogon,(Bitter) Bohs,Brazil
Solanaceae,Solanum falciforme,Farruggia,Brazil
Solanaceae,Solanum gertii,S. Knapp,Brazil
Solanaceae,Solanum gomphodes,Dunal,Brazil
Solanaceae,Solanum granulosoleprosum,Dunal,Brazil
Solanaceae,Solanum lacerdae,Dusén,Brazil
Solanaceae,Solanum lacteum,Vell.,Brazil
Solanaceae,Solanum latiflorum,Bohs,Brazil
Solanaceae,Solanum lepidotum,Dunal,Brazil
Solanaceae,Solanum leptostachys,Dunal,Brazil
Solanaceae,Solanum leucocarpon,Dunal,Brazil
Solanaceae,Solanum leucodendron,Sendtn.,Brazil
Solanaceae,Solanum lycocarpum,A.St.-Hil.,Brazil
Solanaceae,Solanum melissarum,Bohs,Brazil
Solanaceae,Solanum nudum,Dunal,Brazil
Solanaceae,Solanum obliquum,Ruiz & Pav.,Brazil
Solanaceae,Solanum occultum,Bohs,Brazil
Solanaceae,Solanum oocarpum,Sendtn.,Brazil
Solanaceae,Solanum oppositifolium,Ruiz & Pav.,Brazil
Solanaceae,Solanum oxyphyllum,C.V. Morton,Brazil
Solanaceae,Solanum pabstii,L.B. Sm. & Downs,Brazil
Solanaceae,Solanum pachimatium,Dunal,Brazil
Solanaceae,Solanum paniculatum,L.,Brazil
Solanaceae,Solanum paralum,Bohs,Brazil
Solanaceae,Solanum paranense,Dusén,Brazil
Solanaceae,Solanum pendulum,Ruiz & Pav.,Brazil
Solanaceae,Solanum pinetorum,(L.B. Sm. & Downs) Bohs,Brazil
Solanaceae,Solanum placitum,C.V. Morton,Brazil
Solanaceae,Solanum proteanthum,Bohs,Brazil
Solanaceae,Solanum pseudoquina,A.St.-Hil.,Brazil
Solanaceae,Solanum psilophyllum,Stehmann & Giacomin,Brazil
Solanaceae,Solanum quaesitum,C.V. Morton,Brazil
Solanaceae,Solanum reitzii,L.B. Sm. & Downs,Brazil
Solanaceae,Solanum riparium,Pers.,Brazil
Solanaceae,Solanum robustifrons,Bitter,Brazil
Solanaceae,Solanum rufescens,Sendtn.,Brazil
Solanaceae,Solanum rugosum,Dunal,Brazil
Solanaceae,Solanum sambuciflorum,Sendtn.,Brazil
Solanaceae,Solanum sanctae-catharinae,Dunal,Brazil
Solanaceae,Solanum saponaceum,Dunal,Brazil
Solanaceae,Solanum schlechtendalianum,Walp.,Brazil
Solanaceae,Solanum sciadostylis,(Sendtn.) Bohs,Brazil
Solanaceae,Solanum sellowianum,Dunal,Brazil
Solanaceae,Solanum sessile,Ruiz & Pav.,Brazil
Solanaceae,Solanum sooretamum,Carvalho,Brazil
Solanaceae,Solanum splendens,(Dunal) Bohs,Brazil
Solanaceae,Solanum stipulaceum,Roem. & Schult.,Brazil
Solanaceae,Solanum subinerme,Jacq.,Brazil
Solanaceae,Solanum swartzianum,Roem. & Schult.,Brazil
Solanaceae,Solanum sycocarpum,Mart. & Sendtn.      ,Brazil
Solanaceae,Solanum symmetricum,Rusby,Brazil
Solanaceae,Solanum tegore,Aubl.,Brazil
Solanaceae,Solanum tenuisetosum,(Bitter) Bohs,Brazil
Solanaceae,Solanum thelopodium,Sendtn.,Brazil
Solanaceae,Solanum tricuspidatum,Dunal,Brazil
Solanaceae,Solanum variabile,Mart.,Brazil
Solanaceae,Solanum verticillatum,S. Knapp & Stehmann,Brazil
Solanaceae,Solanum warmingii,Hieron        ,Brazil
Solanaceae,Vassobia breviflora,(Sendtn.) Hunz.,Brazil
Solanaceae,Witheringia solanacea,L'Hér.,Brazil
Staphyleaceae,Turpinia occidentalis,(Sw.) G.Don,Brazil
Stemonuraceae,Discophora guianensis,Miers,Brazil
Strelitziaceae,Phenakospermum guyannense,(A.Rich.) Endl. ex Miq.,Brazil
Styracaceae,Styrax acuminatus,Pohl,Brazil
Styracaceae,Styrax aureus,Mart.,Brazil
Styracaceae,Styrax bicolor,Ducke,Brazil
Styracaceae,Styrax camporum,Pohl,Brazil
Styracaceae,Styrax chrysocalyx,P.W. Fritsch,Brazil
Styracaceae,Styrax ferrugineus,Nees & Mart.,Brazil
Styracaceae,Styrax glaber,Sw.,Brazil
Styracaceae,Styrax glabratus,Schott,Brazil
Styracaceae,Styrax griseus,P.W. Fritsch,Brazil
Styracaceae,Styrax guyanensis,A.DC.,Brazil
Styracaceae,Styrax lancifolius,Klotzsch ex Seub.,Brazil
Styracaceae,Styrax latifolius,Pohl,Brazil
Styracaceae,Styrax leprosus,Hook. & Arn.,Brazil
Styracaceae,Styrax longipedicellatus,Steyerm.,Brazil
Styracaceae,Styrax macrophyllus,Schott ex Pohl,Brazil
Styracaceae,Styrax martii,Seub.,Brazil
Styracaceae,Styrax oblongus,(Ruiz & Pav.) A. DC.,Brazil
Styracaceae,Styrax pallidus,A.DC.,Brazil
Styracaceae,Styrax pauciflorus,A.DC.,Brazil
Styracaceae,Styrax pedicellatus,(Perkins) B.Walln.,Brazil
Styracaceae,Styrax pohlii,A. DC.,Brazil
Styracaceae,Styrax sieberi,Perkins,Brazil
Surianaceae,Suriana maritima,L.,Brazil
Symplocaceae,Symplocos altissima,Brand,Brazil
Symplocaceae,Symplocos angulata,Brand,Brazil
Symplocaceae,Symplocos arbutifolia,Casar.,Brazil
Symplocaceae,Symplocos atlantica,Aranha,Brazil
Symplocaceae,Symplocos bidana,Aranha,Brazil
Symplocaceae,Symplocos bogotensis,Brand,Brazil
Symplocaceae,Symplocos celastrinea,Mart. ex Miq.,Brazil
Symplocaceae,Symplocos corymboclados,Brand        ,Brazil
Symplocaceae,Symplocos dasyphylla,Brand,Brazil
Symplocaceae,Symplocos estrellensis,Casar.,Brazil
Symplocaceae,Symplocos falcata,Brand,Brazil
Symplocaceae,Symplocos glaberrima,Gontsch.,Brazil
Symplocaceae,Symplocos glanduloso-marginata,Hoehne,Brazil
Symplocaceae,Symplocos glaziovii,Brand,Brazil
Symplocaceae,Symplocos guianensis,(Aubl.) Gürke,Brazil
Symplocaceae,Symplocos incrassata,Aranha,Brazil
Symplocaceae,Symplocos inopinata,Aranha,Brazil
Symplocaceae,Symplocos insignis,"Brade,A.",Brazil
Symplocaceae,Symplocos itatiaiae,Wawra,Brazil
Symplocaceae,Symplocos kleinii,Aranha,Brazil
Symplocaceae,Symplocos laxiflora,Benth.,Brazil
Symplocaceae,Symplocos microstyla,"Aranha, P.W.Fritsch & Almeda",Brazil
Symplocaceae,Symplocos neblinae,Maguire & Steyerm.,Brazil
Symplocaceae,Symplocos nitens,(Pohl) Benth.,Brazil
Symplocaceae,Symplocos nitidiflora,Brand,Brazil
Symplocaceae,Symplocos oblongifolia,Casar.,Brazil
Symplocaceae,Symplocos occulta,Aranha,Brazil
Symplocaceae,Symplocos organensis,Brand,Brazil
Symplocaceae,Symplocos pentandra,Occhioni,Brazil
Symplocaceae,Symplocos platyphylla,(Pohl) Benth.,Brazil
Symplocaceae,Symplocos pubescens,Klotzsch ex Benth.,Brazil
Symplocaceae,Symplocos pustulosa,Aranha,Brazil
Symplocaceae,Symplocos pycnobotrya,Mart. ex Miq.,Brazil
Symplocaceae,Symplocos revoluta,A. DC.,Brazil
Symplocaceae,Symplocos rhamnifolia,A. DC.,Brazil
Symplocaceae,Symplocos rizzinii,Occhioni,Brazil
Symplocaceae,Symplocos tenuifolia,Brand,Brazil
Symplocaceae,Symplocos tetrandra,Mart.,Brazil
Symplocaceae,Symplocos trachycarpos,Brand,Brazil
Symplocaceae,Symplocos uniflora,(Pohl) Benth.,Brazil
Tetrameristaceae,Pentamerista neotropica,Maguire,Brazil
Theaceae,Laplacea fruticosa,(Schrad.) Kobuski,Brazil
Thymelaeaceae,Daphnopsis brasiliensis,Mart.,Brazil
Thymelaeaceae,Daphnopsis coriacea,Taub.,Brazil
Thymelaeaceae,Daphnopsis fasciculata,(Meisn.) Nevling,Brazil
Thymelaeaceae,Daphnopsis filipedunculata,Nevling & Barringer,Brazil
Thymelaeaceae,Daphnopsis granitica,Pruski & Barringer,Brazil
Thymelaeaceae,Daphnopsis martii,Meisn.,Brazil
Thymelaeaceae,Daphnopsis pseudosalix,Domke,Brazil
Thymelaeaceae,Daphnopsis racemosa,Griseb.,Brazil
Thymelaeaceae,Daphnopsis schwackeana,Taub.,Brazil
Thymelaeaceae,Daphnopsis sellowiana,Taub.,Brazil
Thymelaeaceae,Daphnopsis utilis,Warm.,Brazil
Thymelaeaceae,Funifera brasiliensis,(Raddi) Mansf.,Brazil
Thymelaeaceae,Funifera ericiflora,(Gilg & Markgr.) Domke,Brazil
Thymelaeaceae,Funifera grandifolia,Domke,Brazil
Thymelaeaceae,Lophostoma calophylloides,(Meisn.) Meisn.,Brazil
Thymelaeaceae,Schoenobiblus coriacea,Domke,Brazil
Thymelaeaceae,Schoenobiblus daphnoides,Mart.,Brazil
Thymelaeaceae,Tepuianthus aracensis,Steyerm. & Maguire,Brazil
Trigoniaceae,Trigonia sericea,Kunth,Brazil
Trigoniaceae,Trigoniodendron spiritusanctense,E.F. Guim. & Miguel,Brazil
Ulmaceae,Ampelocera edentula,Kuhlm.,Brazil
Ulmaceae,Ampelocera glabra,Kuhlm.,Brazil
Ulmaceae,Ampelocera longissima,Todzia,Brazil
Ulmaceae,Ampelocera ruizii,Klotzsch,Brazil
Ulmaceae,Phyllostylon rhamnoides,(J.Poiss.) Taub.,Brazil
Urticaceae,Boehmeria caudata,Sw.,Brazil
Urticaceae,Boehmeria pavonii,Wedd.,Brazil
Urticaceae,Boehmeria ulmifolia,Wedd.,Brazil
Urticaceae,Cecropia concolor,Willd.,Brazil
Urticaceae,Cecropia distachya,Huber,Brazil
Urticaceae,Cecropia engleriana,Snethl.,Brazil
Urticaceae,Cecropia ficifolia,Warb. ex Snethl.,Brazil
Urticaceae,Cecropia glaziovii,Snethl.,Brazil
Urticaceae,Cecropia hololeuca,Miq.,Brazil
Urticaceae,Cecropia kavanayensis,Cuatrec.,Brazil
Urticaceae,Cecropia latiloba,Miq.,Brazil
Urticaceae,Cecropia membranacea,Trécul,Brazil
Urticaceae,Cecropia metensis,Cuatrec.,Brazil
Urticaceae,Cecropia obtusa,Trécul,Brazil
Urticaceae,Cecropia pachystachya,Trécul,Brazil
Urticaceae,Cecropia palmata,Willd.,Brazil
Urticaceae,Cecropia peltata,L.,Brazil
Urticaceae,Cecropia polystachya,Trécul,Brazil
Urticaceae,Cecropia purpurascens,C.C.Berg,Brazil
Urticaceae,Cecropia saxatilis,Snethl.,Brazil
Urticaceae,Cecropia sciadophylla,Mart.,Brazil
Urticaceae,Cecropia silvae,C.C.Berg,Brazil
Urticaceae,Cecropia ulei,Snethl.,Brazil
Urticaceae,Coussapoa angustifolia,Aubl.,Brazil
Urticaceae,Coussapoa arachnoidea,Akkermans & C.C.Berg,Brazil
Urticaceae,Coussapoa asperifolia,Trécul,Brazil
Urticaceae,Coussapoa crassivenosa,Mildbr.,Brazil
Urticaceae,Coussapoa cupularis,Akkermans & C.C.Berg,Brazil
Urticaceae,Coussapoa curranii,S.F.Blake,Brazil
Urticaceae,Coussapoa ferruginea,Trécul,Brazil
Urticaceae,Coussapoa floccosa,Akkermans & C.C.Berg,Brazil
Urticaceae,Coussapoa latifolia,Aubl.,Brazil
Urticaceae,Coussapoa leprieurii,Benoist,Brazil
Urticaceae,Coussapoa microcarpa,(Schott) Rizzini,Brazil
Urticaceae,Coussapoa nitida,Miq.,Brazil
Urticaceae,Coussapoa orthoneura,Standl.,Brazil
Urticaceae,Coussapoa ovalifolia,Trécul,Brazil
Urticaceae,Coussapoa pachyphylla,Akkermans & C.C.Berg,Brazil
Urticaceae,Coussapoa parvifolia,Standl.,Brazil
Urticaceae,Coussapoa scabra,Akkermans & C.C.Berg,Brazil
Urticaceae,Coussapoa sprucei,Mildbr.,Brazil
Urticaceae,Coussapoa tessmannii,Mildbr.,Brazil
Urticaceae,Coussapoa trinervia,Spruce ex Mildbr.,Brazil
Urticaceae,Coussapoa villosa,Poepp. & Endl.,Brazil
Urticaceae,Coussapoa viridifolia,Cuatrec.,Brazil
Urticaceae,Myriocarpa cordifolia,Liebm.,Brazil
Urticaceae,Myriocarpa stipitata,Benth.,Brazil
Urticaceae,Pourouma acuminata,Mart. ex Miq.,Brazil
Urticaceae,Pourouma bicolor,Mart.,Brazil
Urticaceae,Pourouma cecropiifolia,Mart.,Brazil
Urticaceae,Pourouma cordata,C.C. Berg,Brazil
Urticaceae,Pourouma cucura,Standl. & Cuatrec.,Brazil
Urticaceae,Pourouma cuspidata,Mildbr.,Brazil
Urticaceae,Pourouma elliptica,Standl.,Brazil
Urticaceae,Pourouma ferruginea,Standl.,Brazil
Urticaceae,Pourouma formicarum,Ducke,Brazil
Urticaceae,Pourouma guianensis,Aubl.,Brazil
Urticaceae,Pourouma melinonii,Benoist,Brazil
Urticaceae,Pourouma minor,Benoist,Brazil
Urticaceae,Pourouma mollis,Trécul,Brazil
Urticaceae,Pourouma myrmecophila,Ducke,Brazil
Urticaceae,Pourouma ovata,Trécul,Brazil
Urticaceae,Pourouma phaeotricha,Mildbr.,Brazil
Urticaceae,Pourouma saulensis,C.C. Berg & Kooy,Brazil
Urticaceae,Pourouma tomentosa,Mart. ex Miq.,Brazil
Urticaceae,Pourouma velutina,Mart. ex Miq.,Brazil
Urticaceae,Pourouma villosa,Trécul,Brazil
Urticaceae,Pouzolzia formicaria,(Poepp. ex Wedd.) Wedd.,Brazil
Urticaceae,Urera baccifera,(L.) Gaudich. ex Wedd.,Brazil
Urticaceae,Urera caracasana,(Jacq.) Gaudich. ex Griseb.,Brazil
Urticaceae,Urera laciniata,Wedd.,Brazil
Urticaceae,Urera simplex,Wedd.,Brazil
Velloziaceae,Vellozia gigantea,N.L.Menezes & Mello-Silva,Brazil
Velloziaceae,Vellozia squamata,Pohl,Brazil
Verbenaceae,Aloysia virgata,(Ruiz & Pav.) Juss.,Brazil
Verbenaceae,Citharexylum montevidense,(Spreng.) Moldenke,Brazil
Verbenaceae,Citharexylum myrianthum,Cham.,Brazil
Verbenaceae,Citharexylum poeppigii,Walp.,Brazil
Verbenaceae,Citharexylum solanaceum,Cham.,Brazil
Verbenaceae,Citharexylum ulei,Moldenke,Brazil
Verbenaceae,Duranta erecta,L.,Brazil
Verbenaceae,Duranta vestita,Cham.,Brazil
Verbenaceae,Petrea pubescens,Turcz.,Brazil
Verbenaceae,Recordia reitzii,(Moldenke) Thode & O'Leary,Brazil
Verbenaceae,Stachytarpheta piranii,S.Atkins,Brazil
Viburnaceae,Sambucus australis,Cham. & Schltdl.,Brazil
Viburnaceae,Viburnum tinoides,L.f.,Brazil
Violaceae,Amphirrhox longifolia,(A.St.-Hil.) Spreng.,Brazil
Violaceae,Bribria apiculata,(Hekking) Wahlert & H.E.Ballard,Brazil
Violaceae,Gloeospermum sphaerocarpum,Triana & Planch.,Brazil
Violaceae,Leonia crassa,L.B.Sm. & A.Fernández,Brazil
Violaceae,Leonia cymosa,Mart.,Brazil
Violaceae,Leonia glycycarpa,Ruiz & Pav.,Brazil
Violaceae,Leonia occidentalis,Cuatrec.,Brazil
Violaceae,Leonia racemosa,Mart.,Brazil
Violaceae,Paypayrola blanchetiana,Tul.,Brazil
Violaceae,Paypayrola confertiflora,Tul.,Brazil
Violaceae,Paypayrola grandiflora,Tul.,Brazil
Violaceae,Paypayrola guianensis,Aubl.,Brazil
Violaceae,Paypayrola hulkiana,Pulle,Brazil
Violaceae,Paypayrola longifolia,Tul.,Brazil
Violaceae,Pombalia prunifolia,(Humb. & Bonpl. ex Willd.) Paula-Souza,Brazil
Violaceae,Rinorea amapensis,Hekking,Brazil
Violaceae,Rinorea bahiensis,(Moric.) Kuntze,Brazil
Violaceae,Rinorea bicornuta,Hekking,Brazil
Violaceae,Rinorea brevipes,(Benth.) S.F. Blake,Brazil
Violaceae,Rinorea camptoneura,(Radlk.) Melch.,Brazil
Violaceae,Rinorea falcata,(Mart. ex Eichler) Kuntze,Brazil
Violaceae,Rinorea flavescens,(Aubl.) Kuntze,Brazil
Violaceae,Rinorea guianensis,Aubl.,Brazil
Violaceae,Rinorea laevigata,(Sol. ex Ging.) Hekking,Brazil
Violaceae,Rinorea lindeniana,(Tul.) Kuntze,Brazil
Violaceae,Rinorea longistipulata,Hekking        ,Brazil
Violaceae,Rinorea macrocarpa,(Mart. ex Eichler) Kuntze,Brazil
Violaceae,Rinorea maximiliani,(Eichler) Kuntze,Brazil
Violaceae,Rinorea multivenosa,Hekking,Brazil
Violaceae,Rinorea neglecta,Sandwith,Brazil
Violaceae,Rinorea ovalifolia,(Britton) S.F.Blake,Brazil
Violaceae,Rinorea paniculata,(Mart.) Kuntze,Brazil
Violaceae,Rinorea pectino-squamata,Hekking,Brazil
Violaceae,Rinorea pubiflora,(Benth.) Sprague & Sandwith,Brazil
Violaceae,Rinorea racemosa,(Mart.) Kuntze,Brazil
Violaceae,Rinorea ramiziana,Glaz. ex Hekking,Brazil
Violaceae,Rinorea riana,Kuntze,Brazil
Violaceae,Rinorea sprucei,(Eichler) Kuntze,Brazil
Violaceae,Rinorea vaupesana,L.B. Sm. & A. Fernández,Brazil
Violaceae,Rinorea villosiflora,Hekking,Brazil
Violaceae,Rinorea viridifolia,Rusby,Brazil
Violaceae,Rinoreocarpus ulei,(Melch.) Ducke,Brazil
Vochysiaceae,Callisthene castellanosii,H.F.Martins,Brazil
Vochysiaceae,Callisthene dryadum,Duarte,Brazil
Vochysiaceae,Callisthene erythroclada,Warm.,Brazil
Vochysiaceae,Callisthene fasciculata,Mart.,Brazil
Vochysiaceae,Callisthene inundata,"O.L.Bueno, A.D.Nilson & R.G.Magalh.     ",Brazil
Vochysiaceae,Callisthene kuhlmannii,H.F.Martins,Brazil
Vochysiaceae,Callisthene major,Mart.,Brazil
Vochysiaceae,Callisthene microphylla,Warm.,Brazil
Vochysiaceae,Callisthene minor,Mart.,Brazil
Vochysiaceae,Callisthene mollissima,Warm.,Brazil
Vochysiaceae,Erisma arietinum,M.L.Kawas.,Brazil
Vochysiaceae,Erisma bicolor,Ducke,Brazil
Vochysiaceae,Erisma blancoa,Marc.-Berti,Brazil
Vochysiaceae,Erisma bracteosum,Ducke,Brazil
Vochysiaceae,Erisma calcaratum,(Link) Warm.,Brazil
Vochysiaceae,Erisma floribundum,Rudge,Brazil
Vochysiaceae,Erisma fuscum,Ducke,Brazil
Vochysiaceae,Erisma gracile,Ducke,Brazil
Vochysiaceae,Erisma japura,Spruce ex Warm.,Brazil
Vochysiaceae,Erisma lanceolatum,Stafleu,Brazil
Vochysiaceae,Erisma laurifolium,Warm.,Brazil
Vochysiaceae,Erisma micranthum,Spruce ex Warm.,Brazil
Vochysiaceae,Erisma splendens,Stafleu,Brazil
Vochysiaceae,Erisma uncinatum,Warm.,Brazil
Vochysiaceae,Qualea acuminata,Spruce ex Warm.,Brazil
Vochysiaceae,Qualea amapaensis,Balslev & S.A.Mori,Brazil
Vochysiaceae,Qualea amoena,Ducke,Brazil
Vochysiaceae,Qualea brasiliana,Stafleu & Marc.-Berti,Brazil
Vochysiaceae,Qualea brevipedicellata,Stafleu,Brazil
Vochysiaceae,Qualea caerulea,Aubl.,Brazil
Vochysiaceae,Qualea cordata,Spreng.,Brazil
Vochysiaceae,Qualea cryptantha,(Spreng.) Warm.,Brazil
Vochysiaceae,Qualea cyanea,Ducke,Brazil
Vochysiaceae,Qualea decorticans,Ducke,Brazil
Vochysiaceae,Qualea dichotoma,(Mart.) Warm. ex Wille,Brazil
Vochysiaceae,Qualea dinizii,Ducke,Brazil
Vochysiaceae,Qualea gestasiana,A.St.-Hil.,Brazil
Vochysiaceae,Qualea glaziovii,Warm.,Brazil
Vochysiaceae,Qualea gracilior,Pilg.,Brazil
Vochysiaceae,Qualea grandiflora,Mart.,Brazil
Vochysiaceae,Qualea hannekesaskiarum,Marc.-Berti,Brazil
Vochysiaceae,Qualea homosepala,Ducke,Brazil
Vochysiaceae,Qualea ingens,Warm.,Brazil
Vochysiaceae,Qualea insignis,"G.H.Shimizu, D.J.P.Gonç., F.França & K.Yamam.",Brazil
Vochysiaceae,Qualea labouriauana,Paula,Brazil
Vochysiaceae,Qualea lundii,(Warm.) Warm.,Brazil
Vochysiaceae,Qualea macropetala,Spruce ex Warm.,Brazil
Vochysiaceae,Qualea magna,Kuhlm.,Brazil
Vochysiaceae,Qualea megalocarpa,Stafleu,Brazil
Vochysiaceae,Qualea multiflora,Mart.,Brazil
Vochysiaceae,Qualea paraensis,Ducke,Brazil
Vochysiaceae,Qualea parviflora,Mart.,Brazil
Vochysiaceae,Qualea psidiifolia,Spruce ex Warm.,Brazil
Vochysiaceae,Qualea pulcherrima,Spruce ex Warm.,Brazil
Vochysiaceae,Qualea rosea,Aubl.,Brazil
Vochysiaceae,Qualea rupicola,Ducke,Brazil
Vochysiaceae,Qualea selloi,Warm.,Brazil
Vochysiaceae,Qualea sprucei,Warm.,Brazil
Vochysiaceae,Qualea suprema,Ducke,Brazil
Vochysiaceae,Qualea tessmannii,Mildbr.,Brazil
Vochysiaceae,Qualea themistoclesii,Ducke,Brazil
Vochysiaceae,Ruizterania albiflora,(Warm.) Marc.-Berti,Brazil
Vochysiaceae,Ruizterania cassiquiarensis,(Spruce ex Warm.) Marc.-Berti,Brazil
Vochysiaceae,Ruizterania clavata,(Stafleu) Marc.-Berti,Brazil
Vochysiaceae,Ruizterania esmeraldae,(Standl.) Marc.-Berti,Brazil
Vochysiaceae,Ruizterania gardneriana,(Warm.) Marc.-Berti,Brazil
Vochysiaceae,Ruizterania obtusata,(Briq.) Marc.-Berti,Brazil
Vochysiaceae,Ruizterania retusa,(Spruce ex Warm.) Marc.-Berti,Brazil
Vochysiaceae,Ruizterania trichanthera,(Spruce ex Warm.) Marc.-Berti,Brazil
Vochysiaceae,Ruizterania wittrockii,(Malme) Marc.-Berti,Brazil
Vochysiaceae,Salvertia convallariodora,A.St.-Hil.,Brazil
Vochysiaceae,Vochysia acuminata,Bong.,Brazil
Vochysiaceae,Vochysia angelica,M.C.Vianna & Fontella,Brazil
Vochysiaceae,Vochysia angustifolia,Ducke,Brazil
Vochysiaceae,Vochysia apopetala,Ule,Brazil
Vochysiaceae,Vochysia assua,Stafleu,Brazil
Vochysiaceae,Vochysia bifalcata,Warm.,Brazil
Vochysiaceae,Vochysia biloba,Ducke,Brazil
Vochysiaceae,Vochysia calamana,Stafleu,Brazil
Vochysiaceae,Vochysia calophylla,Spruce ex Warm.,Brazil
Vochysiaceae,Vochysia catingae,Ducke,Brazil
Vochysiaceae,Vochysia citrifolia,Poir.,Brazil
Vochysiaceae,Vochysia complicata,Ducke,Brazil
Vochysiaceae,Vochysia crassifolia,Warm.,Brazil
Vochysiaceae,Vochysia dardanoi,M.C.Vianna & Fontella,Brazil
Vochysiaceae,Vochysia dasyantha,Warm.,Brazil
Vochysiaceae,Vochysia densiflora,Spruce,Brazil
Vochysiaceae,Vochysia discolor,Warm.,Brazil
Vochysiaceae,Vochysia divergens,Pohl,Brazil
Vochysiaceae,Vochysia diversa,J.F.Macbr.,Brazil
Vochysiaceae,Vochysia elegans,Stafleu,Brazil
Vochysiaceae,Vochysia elliptica,Mart.,Brazil
Vochysiaceae,Vochysia emarginata,(Vahl) Vahl ex Poir.,Brazil
Vochysiaceae,Vochysia eximia,Ducke,Brazil
Vochysiaceae,Vochysia expansa,Ducke,Brazil
Vochysiaceae,Vochysia ferruginea,Mart.,Brazil
Vochysiaceae,Vochysia floribunda,Mart.,Brazil
Vochysiaceae,Vochysia fontellae,Paula,Brazil
Vochysiaceae,Vochysia gardneri,Warm.,Brazil
Vochysiaceae,Vochysia glaberrima,Warm.,Brazil
Vochysiaceae,Vochysia glazioviana,Warm,Brazil
Vochysiaceae,Vochysia grandis,Mart.,Brazil
Vochysiaceae,Vochysia guianensis,Aubl.,Brazil
Vochysiaceae,Vochysia gummifera,Mart. ex Warm.,Brazil
Vochysiaceae,Vochysia haenkeana,Mart.,Brazil
Vochysiaceae,Vochysia hannekesaskiae,Marc.-Berti,Brazil
Vochysiaceae,Vochysia herbacea,Pohl,Brazil
Vochysiaceae,Vochysia ingens,Ducke,Brazil
Vochysiaceae,Vochysia inundata,Ducke,Brazil
Vochysiaceae,Vochysia laurifolia,Warm.,Brazil
Vochysiaceae,Vochysia ledouxii,Paula,Brazil
Vochysiaceae,Vochysia lomatophylla,Standl.,Brazil
Vochysiaceae,Vochysia lucida,C.Presl,Brazil
Vochysiaceae,Vochysia magnifica,Warm.,Brazil
Vochysiaceae,Vochysia mapuerae,Huber ex Ducke,Brazil
Vochysiaceae,Vochysia mariziana,Paula & J.L.Alves,Brazil
Vochysiaceae,Vochysia maxima,Ducke,Brazil
Vochysiaceae,Vochysia obidensis,(Huber ex Ducke) Ducke,Brazil
Vochysiaceae,Vochysia oblongifolia,Warm.,Brazil
Vochysiaceae,Vochysia obscura,Warm.,Brazil
Vochysiaceae,Vochysia oppugnata,(Velloso) Warm.,Brazil
Vochysiaceae,Vochysia pachyantha,Ducke,Brazil
Vochysiaceae,Vochysia parviflora,Spruce ex Warm.,Brazil
Vochysiaceae,Vochysia pinkusii,A.C.Sm.,Brazil
Vochysiaceae,Vochysia punctata,Spruce ex Warm.,Brazil
Vochysiaceae,Vochysia pyramidalis,Mart.,Brazil
Vochysiaceae,Vochysia rectiflora,Warm.,Brazil
Vochysiaceae,Vochysia revoluta,Ducke,Brazil
Vochysiaceae,Vochysia riedeliana,Stafleu,Brazil
Vochysiaceae,Vochysia rotundifolia,Mart.,Brazil
Vochysiaceae,Vochysia rufa,Mart.,Brazil
Vochysiaceae,Vochysia rufescens,W.A.Rodrigues,Brazil
Vochysiaceae,Vochysia saccata,Stafleu,Brazil
Vochysiaceae,Vochysia saldanhana,Warm.,Brazil
Vochysiaceae,Vochysia santaluciae,M.C.Vianna & Fontella,Brazil
Vochysiaceae,Vochysia schwackeana,Warm.,Brazil
Vochysiaceae,Vochysia selloi,Warm.,Brazil
Vochysiaceae,Vochysia spathiphylla,Stafleu,Brazil
Vochysiaceae,Vochysia spathulata,Warm.,Brazil
Vochysiaceae,Vochysia speciosa,Warm.,Brazil
Vochysiaceae,Vochysia splendens,Spruce ex Warm.,Brazil
Vochysiaceae,Vochysia stafleui,Marc.-Berti,Brazil
Vochysiaceae,Vochysia surinamensis,Stafleu,Brazil
Vochysiaceae,Vochysia talmonii,"M.C.Vianna, Fontella & F.França",Brazil
Vochysiaceae,Vochysia tetraphylla,(G.Mey.) DC.,Brazil
Vochysiaceae,Vochysia thyrsoidea,Pohl,Brazil
Vochysiaceae,Vochysia tomentosa,(G.Mey.) DC.,Brazil
Vochysiaceae,Vochysia tucanorum,Mart.,Brazil
Vochysiaceae,Vochysia venulosa,Warm.,Brazil
Vochysiaceae,Vochysia vismiifolia,Spruce ex Warm.,Brazil
Winteraceae,Drimys angustifolia,Miers,Brazil
Winteraceae,Drimys brasiliensis,Miers,Brazil
Winteraceae,Drimys roraimensis,"(A.C.Sm.) Ehrend., Silberb.-Gottsb. & Gottsb.",Brazil
Zygophyllaceae,Gonopterodendron sarmientoi,(Lorentz ex Griseb.) Godoy-Bürki,Brazil
