family,taxon,author,native to
Acanthaceae,Avicennia marina,(Forssk.) Vierh.,China
Achariaceae,Gynocardia odorata,R.Br.,China
Achariaceae,Hydnocarpus annamensis,(Gagnep.) Lescot & Sleumer,China
Achariaceae,Hydnocarpus hainanensis,(Merr.) Sleumer,China
Actinidiaceae,Saurauia armata,Kurz,China
Actinidiaceae,Saurauia cerea,Griff. ex Dyer,China
Actinidiaceae,Saurauia erythrocarpa,C.F.Liang & Y.S.Wang,China
Actinidiaceae,Saurauia griffithii,Dyer,China
Actinidiaceae,Saurauia macrotricha,Kurz,China
Actinidiaceae,Saurauia miniata,C.F.Liang & Y.S.Wang,China
Actinidiaceae,Saurauia napaulensis,DC.,China
Actinidiaceae,Saurauia polyneura,C.F.Liang & Y.S.Wang,China
Actinidiaceae,Saurauia punduana,Wall.,China
Actinidiaceae,Saurauia sinohirsuta,J.Q.Li & Soejarto,China
Actinidiaceae,Saurauia thyrsiflora,C.F.Liang & Y.S.Wang,China
Actinidiaceae,Saurauia tristyla,DC.,China
Actinidiaceae,Saurauia yunnanensis,C.F.Liang & Y.S.Wang,China
Akaniaceae,Bretschneidera sinensis,Hemsl.,China
Altingiaceae,Liquidambar acalycina,H.T.Chang,China
Altingiaceae,Liquidambar caudata,(H.T.Chang) Ickert-Bond & J.Wen,China
Altingiaceae,Liquidambar chinensis,Champ.,China
Altingiaceae,Liquidambar chingii,(F.P.Metcalf) Ickert-Bond & J.Wen,China
Altingiaceae,Liquidambar excelsa,(Noronha) Oken,China
Altingiaceae,Liquidambar formosana,Hance,China
Altingiaceae,Liquidambar gracilipes,(Hemsl.) Ickert-Bond & J.Wen,China
Altingiaceae,Liquidambar multinervis,(W.C.Cheng) Ickert-Bond & J.Wen,China
Altingiaceae,Liquidambar obovata,(Merr. & Chun) Ickert-Bond & J.Wen,China
Altingiaceae,Liquidambar siamensis,(Craib) Ickert-Bond & J.Wen,China
Altingiaceae,Liquidambar yunnanensis,(Rehder & E.H.Wilson) Ickert-Bond & J.Wen,China
Amaranthaceae,Haloxylon ammodendron,(C.A.Mey.) Bunge ex Fenzl,China
Amaranthaceae,Haloxylon persicum,Bunge,China
Anacardiaceae,Allospondias lakonensis,(Pierre) Stapf,China
Anacardiaceae,Bouea oppositifolia,(Roxb.) Meisn.,China
Anacardiaceae,Buchanania lanzan,Spreng.,China
Anacardiaceae,Buchanania microphylla,Engl.,China
Anacardiaceae,Buchanania yunnanensis,C.Y.Wu,China
Anacardiaceae,Choerospondias axillaris,(Roxb.) B.L.Burtt & A.W.Hill,China
Anacardiaceae,Cotinus coggygria,Scop.,China
Anacardiaceae,Cotinus szechuanensis,Pénzes,China
Anacardiaceae,Dracontomelon dao,(Blanco) Merr. & Rolfe,China
Anacardiaceae,Dracontomelon duperreanum,Pierre,China
Anacardiaceae,Dracontomelon macrocarpum,H.L.Li,China
Anacardiaceae,Drimycarpus anacardifolius,C.Y.Wu & T.L.Ming,China
Anacardiaceae,Drimycarpus racemosus,(Roxb.) Hook.f. ex Marchand.,China
Anacardiaceae,Gluta gracilis,Evrard,China
Anacardiaceae,Gluta tavoyana,Hook.f.,China
Anacardiaceae,Lannea coromandelica,(Houtt.) Merr.,China
Anacardiaceae,Mangifera laurina,Blume,China
Anacardiaceae,Mangifera persiciforma,C.Y. Wu & T.L. Ming,China
Anacardiaceae,Mangifera sylvatica,Roxb.,China
Anacardiaceae,Pistacia chinensis,Bunge,China
Anacardiaceae,Pistacia weinmanniifolia,J.Poiss. ex Franch.,China
Anacardiaceae,Rhus chinensis,Mill.,China
Anacardiaceae,Rhus hypoleuca,Champ. ex Benth.,China
Anacardiaceae,Rhus potaninii,Maxim.,China
Anacardiaceae,Rhus punjabensis,J.L.Stewart ex Brandis,China
Anacardiaceae,Searsia paniculata,(Wall. ex G.Don) Moffett,China
Anacardiaceae,Semecarpus microcarpus,Wall.,China
Anacardiaceae,Semecarpus reticulatus,Lecomte,China
Anacardiaceae,Toxicodendron acuminatum,(DC.) C.Y.Wu & T.L.Ming,China
Anacardiaceae,Toxicodendron calcicola,C.Y. Wu,China
Anacardiaceae,Toxicodendron delavayi,(Franch.) F.A. Barkley,China
Anacardiaceae,Toxicodendron fulvum,(W. G. Craib) C.Y. Wu & T.L. Ming,China
Anacardiaceae,Toxicodendron grandiflorum,C.Y. Wu & T.L. Ming,China
Anacardiaceae,Toxicodendron griffithii,(Hook.f.) Kuntze,China
Anacardiaceae,Toxicodendron hookeri,(K.C. Sahni & Bahadur) C.Y. Wu & T.L. Ming,China
Anacardiaceae,Toxicodendron rostratum,T.L. Ming & Z.F. Chen,China
Anacardiaceae,Toxicodendron succedaneum,(L.) Kuntze,China
Anacardiaceae,Toxicodendron sylvestre,(Siebold & Zucc.) Kuntze,China
Anacardiaceae,Toxicodendron trichocarpum,(Miq.) Kuntze,China
Anacardiaceae,Toxicodendron vernicifluum,(Stokes) F.A.Barkley,China
Anacardiaceae,Toxicodendron wallichii,(Hook.f.) Kuntze,China
Annonaceae,Alphonsea boniana,Finet & Gagnep.,China
Annonaceae,Alphonsea hainanensis,Merr. & Chun,China
Annonaceae,Alphonsea mollis,Dunn,China
Annonaceae,Alphonsea monogyna,Merr. & Chun,China
Annonaceae,Alphonsea tsangyuanensis,P.T.Li,China
Annonaceae,Anaxagorea luzonensis,A.Gray,China
Annonaceae,Dasymaschalon glaucum,Merr. & Chun,China
Annonaceae,Dasymaschalon robinsonii,Ast,China
Annonaceae,Dasymaschalon rostratum,Merr. & Chun,China
Annonaceae,Dasymaschalon sootepense,Craib,China
Annonaceae,Dasymaschalon tibetense,X.L.Hou,China
Annonaceae,Dasymaschalon yunnanense,(Hu) Bân,China
Annonaceae,Disepalum petelotii,(Merr.) D.M.Johnson,China
Annonaceae,Disepalum plagioneurum,(Diels) D.M.Johnson,China
Annonaceae,Goniothalamus calvicarpus,Craib,China
Annonaceae,Goniothalamus cheliensis,Hu,China
Annonaceae,Goniothalamus chinensis,Merr. & Chun,China
Annonaceae,Goniothalamus donnaiensis,Finet & Gagnep.,China
Annonaceae,Goniothalamus gabriacianus,(Baill.) Ast,China
Annonaceae,Goniothalamus howii,Merr. & Chun,China
Annonaceae,Goniothalamus laoticus,(Finet & Gagnep.) Bân,China
Annonaceae,Goniothalamus leiocarpus,(W.T.Wang) P.T.Li,China
Annonaceae,Goniothalamus yunnanensis,W.T.Wang,China
Annonaceae,Huberantha cerasoides,(Roxb.) Chaowasku,China
Annonaceae,Marsypopetalum littorale,(Blume) B.Xue & R.M.K.Saunders,China
Annonaceae,Meiogyne hainanensis,(Merr.) Bân,China
Annonaceae,Meiogyne oligocarpa,B.Xue & Y.H.Tan,China
Annonaceae,Miliusa cuneata,W. G. Craib,China
Annonaceae,Miliusa horsfieldii,(Bennett) Baill. ex Pierre,China
Annonaceae,Miliusa sinensis,Finet & Gagnep.,China
Annonaceae,Miliusa tenuistipitata,W.T.Wang,China
Annonaceae,Miliusa velutina,(Dunal) Hook.f. & Thomson,China
Annonaceae,Mitrephora macclurei,Weeras. & R.M.K. Saunders,China
Annonaceae,Mitrephora tomentosa,Hook.f. & Thomson,China
Annonaceae,Mitrephora vulpina,C.E.C.Fisch.,China
Annonaceae,Mitrephora wangii,Hu,China
Annonaceae,Monoon laui,(Merr.) B.Xue & R.M.K.Saunders,China
Annonaceae,Monoon viride,(Craib ) B.Xue & R.M.K.Saunders,China
Annonaceae,Orophea hainanensis,Merr.,China
Annonaceae,Orophea hirsuta,King,China
Annonaceae,Orophea laui,Leonardía & P.J.A. Kessler,China
Annonaceae,Orophea polycarpa,A.DC.,China
Annonaceae,Polyalthia lancilimba,C.Y. Wu ex P.T. Li,China
Annonaceae,Polyalthia obliqua,Hook.f. & Thomson,China
Annonaceae,Polyalthia suberosa,(Roxb.) Thwaites,China
Annonaceae,Polyalthiopsis chinensis,(S.K.Wu & P.T.Li) B.Xue & Y.H.Tan,China
Annonaceae,Polyalthiopsis verrucipes,(C.Y.Wu ex P.T.Li) B.Xue & Y.H.Tan,China
Annonaceae,Popowia pisocarpa,(Blume) Endl. ex Walp.,China
Annonaceae,Pseuduvaria trimera,(W. G. Craib) Y.C.F. Su & R.M.K. Saunders,China
Annonaceae,Trivalvaria costata,(Hook.f. & Thomson) I.M.Turner,China
Annonaceae,Wangia saccopetaloides,(W.T.Wang) X.Guo & R.M.K.Saunders,China
Annonaceae,Wuodendron praecox,"(Hook.f. & Thomson) B.Xue, Y.H.Tan & X.L.Hou",China
Annonaceae,Xylopia vielana,Pierre,China
Apocynaceae,Alstonia rostrata,C.E.C.Fisch.,China
Apocynaceae,Alstonia scholaris,(L.) R.Br.,China
Apocynaceae,Carissa spinarum,L.,China
Apocynaceae,Cerbera manghas,L.,China
Apocynaceae,Holarrhena pubescens,Wall. ex G.Don,China
Apocynaceae,Hunteria zeylanica,(Retz.) Gardner ex Thwaites,China
Apocynaceae,Kibatalia macrophylla,(Pierre ex Hua) Woodson,China
Apocynaceae,Kopsia arborea,Blume,China
Apocynaceae,Kopsia hainanensis,Tsiang,China
Apocynaceae,Ochrosia oppositifolia,(Lam.) K.Schum.,China
Apocynaceae,Rauvolfia sumatrana,Jack,China
Apocynaceae,Rauvolfia verticillata,(Lour.) Baill.,China
Apocynaceae,Tabernaemontana bovina,Lour.,China
Apocynaceae,Tabernaemontana bufalina,Lour.,China
Apocynaceae,Tabernaemontana corymbosa,Roxb. ex Wall.,China
Apocynaceae,Tabernaemontana divaricata,(L.) R.Br. ex Roem. & Schult.,China
Apocynaceae,Tabernaemontana pandacaqui,Poir.,China
Apocynaceae,Wrightia annamensis,Eberh. & Dubard,China
Apocynaceae,Wrightia arborea,(Dennst.) Mabb.,China
Apocynaceae,Wrightia coccinea,(Roxb. ex Hornem.) Sims,China
Apocynaceae,Wrightia laevis,Hook.f.,China
Apocynaceae,Wrightia pubescens,R.Br.,China
Apocynaceae,Wrightia sikkimensis,Gamble,China
Aquifoliaceae,Ilex angulata,Merr. & Chun,China
Aquifoliaceae,Ilex atrata,W.W. Sm.,China
Aquifoliaceae,Ilex austrosinensis,C.J. Tseng,China
Aquifoliaceae,Ilex bidens,C.Y. Wu,China
Aquifoliaceae,Ilex bioritsensis,Hayata,China
Aquifoliaceae,Ilex brachyphylla,(Hand.-Mazz.) S.Y. Hu,China
Aquifoliaceae,Ilex buergeri,Miq.,China
Aquifoliaceae,Ilex buxoides,S.Y. Hu,China
Aquifoliaceae,Ilex chamaebuxus,C.Y. Wu,China
Aquifoliaceae,Ilex championii,Loes.,China
Aquifoliaceae,Ilex chapaensis,Merr.,China
Aquifoliaceae,Ilex chengbuensis,C.J. Qi & Q.Z. Lin,China
Aquifoliaceae,Ilex chengkouensis,C.J. Tseng,China
Aquifoliaceae,Ilex cheniana,T.R. Dudley,China
Aquifoliaceae,Ilex chinensis,Sims,China
Aquifoliaceae,Ilex chingiana,Hu & T. Tang,China
Aquifoliaceae,Ilex chuniana,S.Y. Hu,China
Aquifoliaceae,Ilex cinerea,Champ. ex Benth.,China
Aquifoliaceae,Ilex cochinchinensis,(Lour.) Loes.,China
Aquifoliaceae,Ilex confertiflora,Merr.,China
Aquifoliaceae,Ilex corallina,Franch.,China
Aquifoliaceae,Ilex cornuta,Lindl. & Paxton,China
Aquifoliaceae,Ilex cupreonitens,C.Y. Wu,China
Aquifoliaceae,Ilex cyrtura,Merr.,China
Aquifoliaceae,Ilex dabieshanensis,K. Yao & M.B. Deng,China
Aquifoliaceae,Ilex dasyphylla,Merr.,China
Aquifoliaceae,Ilex dehongensis,S.K. Chen & Y.X. Feng,China
Aquifoliaceae,Ilex delavayi,Franch.,China
Aquifoliaceae,Ilex denticulata,Wall. ex Wight,China
Aquifoliaceae,Ilex dianguiensis,C.J. Tseng,China
Aquifoliaceae,Ilex dicarpa,Y.R. Li,China
Aquifoliaceae,Ilex dipyrena,Wall.,China
Aquifoliaceae,Ilex dolichopoda,Merr. & Chun,China
Aquifoliaceae,Ilex editicostata,Hu & T. Tang,China
Aquifoliaceae,Ilex elmerrilliana,S.Y. Hu,China
Aquifoliaceae,Ilex euryoides,C.J. Tseng,China
Aquifoliaceae,Ilex excelsa,(Wall.) Voigt,China
Aquifoliaceae,Ilex fargesii,Franch.,China
Aquifoliaceae,Ilex fengqingensis,C.Y. Wu,China
Aquifoliaceae,Ilex ferruginea,Hand.-Mazz.,China
Aquifoliaceae,Ilex ficifolia,C.J. Tseng,China
Aquifoliaceae,Ilex ficoidea,Hemsl.,China
Aquifoliaceae,Ilex formosana,Maxim.,China
Aquifoliaceae,Ilex forrestii,H.F.Comber,China
Aquifoliaceae,Ilex fragilis,Hook.f.,China
Aquifoliaceae,Ilex georgei,H.F.Comber,China
Aquifoliaceae,Ilex gintungensis,H.W. Li,China
Aquifoliaceae,Ilex glomerata,King,China
Aquifoliaceae,Ilex godajam,Colebr. ex Hook.f.,China
Aquifoliaceae,Ilex goshiensis,Hayata,China
Aquifoliaceae,Ilex gracilis,C.J. Tseng,China
Aquifoliaceae,Ilex guangnanensis,C.J. Tseng & Y.R. Li,China
Aquifoliaceae,Ilex guizhouensis,C.J. Tseng,China
Aquifoliaceae,Ilex hainanensis,Merr.,China
Aquifoliaceae,Ilex hanceana,Maxim.,China
Aquifoliaceae,Ilex hirsuta,C.J. Tseng ex S.K. Chen & Y.X. Feng,China
Aquifoliaceae,Ilex hookeri,King,China
Aquifoliaceae,Ilex hylonoma,Hu & T. Tang,China
Aquifoliaceae,Ilex integra,Thunb.,China
Aquifoliaceae,Ilex intermedia,Loes.,China
Aquifoliaceae,Ilex jiaolingensis,C.J. Tseng & H.H. Liu,China
Aquifoliaceae,Ilex jinyunensis,Z.M. Tan,China
Aquifoliaceae,Ilex kaushue,S.Y. Hu,China
Aquifoliaceae,Ilex kengii,S.Y. Hu,China
Aquifoliaceae,Ilex kiangsiensis,(S.Y. Hu) C.J. Tseng & B.W. Liu,China
Aquifoliaceae,Ilex kobuskiana,S.Y.Hu,China
Aquifoliaceae,Ilex kwangtungensis,Merr.,China
Aquifoliaceae,Ilex lancilimba,Merr.,China
Aquifoliaceae,Ilex latifolia,Thunb.,China
Aquifoliaceae,Ilex latifrons,Chun,China
Aquifoliaceae,Ilex liana,S.Y. Hu,China
Aquifoliaceae,Ilex liangii,S.Y. Hu,China
Aquifoliaceae,Ilex linii,C.J. Tseng,China
Aquifoliaceae,Ilex litseifolia,Hu & T. Tang,China
Aquifoliaceae,Ilex lohfauensis,Merr.,China
Aquifoliaceae,Ilex longecaudata,H.F.Comber,China
Aquifoliaceae,Ilex longzhouensis,C.J. Tseng,China
Aquifoliaceae,Ilex machilifolia,H.W. Li,China
Aquifoliaceae,Ilex maclurei,Merr.,China
Aquifoliaceae,Ilex macrocarpa,Oliv.,China
Aquifoliaceae,Ilex macropoda,Miq.,China
Aquifoliaceae,Ilex manneiensis,S.Y. Hu,China
Aquifoliaceae,Ilex marlipoensis,H.W. Li,China
Aquifoliaceae,Ilex medogensis,Y.R. Li,China
Aquifoliaceae,Ilex memecylifolia,Champ. ex Benth.,China
Aquifoliaceae,Ilex metabaptista,Loes.,China
Aquifoliaceae,Ilex micrococca,Maxim.,China
Aquifoliaceae,Ilex nanningensis,Hand.-Mazz.,China
Aquifoliaceae,Ilex neomamillata,I.M.Turner,China
Aquifoliaceae,Ilex ningdeensis,C.J. Tseng,China
Aquifoliaceae,Ilex nitidissima,C.J. Tseng,China
Aquifoliaceae,Ilex nothofagifolia,Kingdon-Ward,China
Aquifoliaceae,Ilex nubicola,C.Y. Wu,China
Aquifoliaceae,Ilex nuculicava,S.Y. Hu,China
Aquifoliaceae,Ilex oblonga,C.J. Tseng,China
Aquifoliaceae,Ilex omeiensis,Hu & T. Tang,China
Aquifoliaceae,Ilex pedunculosa,Miq.,China
Aquifoliaceae,Ilex pentagona,"S.K. Chen, Y.X. Feng & C.F. Liang",China
Aquifoliaceae,Ilex perlata,C. Chen & S.C. Huang,China
Aquifoliaceae,Ilex pernyi,Franch.,China
Aquifoliaceae,Ilex pingnanensis,S.Y. Hu,China
Aquifoliaceae,Ilex polypyrena,C.J. Tseng & B.W. Liu,China
Aquifoliaceae,Ilex pseudomachilifolia,C.Y. Wu,China
Aquifoliaceae,Ilex pubescens,Hook. & Arn.,China
Aquifoliaceae,Ilex pubigera,(C.Y. Wu) S.K.Chen & Y.X.Feng,China
Aquifoliaceae,Ilex pubilimba,Merr. & Chun,China
Aquifoliaceae,Ilex pyrifolia,C.J. Tseng,China
Aquifoliaceae,Ilex qianlingshanensis,C.J. Tseng,China
Aquifoliaceae,Ilex qingyuanensis,C.Z. Zheng,China
Aquifoliaceae,Ilex robustinervosa,C.J. Tseng ex S.K. Chen & Y.X. Feng,China
Aquifoliaceae,Ilex rotunda,Thunb.,China
Aquifoliaceae,Ilex shennongjiaensis,T.R. Dudley & S.C. Sun,China
Aquifoliaceae,Ilex shimeica,K.F. Kwok,China
Aquifoliaceae,Ilex sikkimensis,Kurz,China
Aquifoliaceae,Ilex sinica,(Loes.) S.Y. Hu,China
Aquifoliaceae,Ilex sterrophylla,Merr. & Chun,China
Aquifoliaceae,Ilex stewardii,S.Y. Hu,China
Aquifoliaceae,Ilex strigillosa,T.R. Dudley,China
Aquifoliaceae,Ilex suaveolens,(H. Lév.) Loes.,China
Aquifoliaceae,Ilex subficoidea,S.Y. Hu,China
Aquifoliaceae,Ilex subodorata,S.Y. Hu,China
Aquifoliaceae,Ilex subrugosa,Loes.,China
Aquifoliaceae,Ilex sugerokii,Maxim.,China
Aquifoliaceae,Ilex suichangensis,C.Z. Zheng,China
Aquifoliaceae,Ilex syzygiophylla,C.J. Tseng ex S.K. Chen & Y.X. Feng,China
Aquifoliaceae,Ilex szechwanensis,Loes.,China
Aquifoliaceae,Ilex tamii,T.R. Dudley,China
Aquifoliaceae,Ilex tenuis,C.J. Tseng,China
Aquifoliaceae,Ilex tetramera,(Rehder) C.J. Tseng,China
Aquifoliaceae,Ilex trichocarpa,H.W. Li,China
Aquifoliaceae,Ilex triflora,Blume,China
Aquifoliaceae,Ilex tsangii,S.Y. Hu,China
Aquifoliaceae,Ilex tsiangiana,C.J. Tseng,China
Aquifoliaceae,Ilex tsoii,Merr. & Chun,China
Aquifoliaceae,Ilex tutcheri,Merr.,China
Aquifoliaceae,Ilex umbellulata,(Wall.) Loes.,China
Aquifoliaceae,Ilex venosa,C.Y. Wu,China
Aquifoliaceae,Ilex verisimilis,C.J. Tseng ex S.K. Chen & Y.X. Feng,China
Aquifoliaceae,Ilex viridis,Champ. ex Benth.,China
Aquifoliaceae,Ilex wattii,Loes.,China
Aquifoliaceae,Ilex wilsonii,Loes.,China
Aquifoliaceae,Ilex wuiana,T.R.Dudley,China
Aquifoliaceae,Ilex yunnanensis,Franch.,China
Aquifoliaceae,Ilex zhejiangensis,C.J. Tseng,China
Araliaceae,Aralia armata,(Wall. ex G.Don) Seem.,China
Araliaceae,Aralia caesia,Hand.-Mazz.,China
Araliaceae,Aralia chinensis,L.,China
Araliaceae,Aralia dasyphylla,Miq.,China
Araliaceae,Aralia delavayi,J.Wen,China
Araliaceae,Aralia echinocaulis,Hand.-Mazz.,China
Araliaceae,Aralia elata,(Miq.) Seem.,China
Araliaceae,Aralia finlaysoniana,(Wall. ex G.Don) Seem.,China
Araliaceae,Aralia foliolosa,Seem. ex C.B.Clarke,China
Araliaceae,Aralia gigantea,J.Wen,China
Araliaceae,Aralia gintungensis,C.Y.Wu ex K.M.Feng,China
Araliaceae,Aralia glabrifoliolata,(C.B.Shang) J.Wen,China
Araliaceae,Aralia leschenaultii,(DC.) J.Wen,China
Araliaceae,Aralia officinalis,Z.Z.Wang,China
Araliaceae,Aralia plumosa,H.L.Li,China
Araliaceae,Aralia searelliana,Dunn,China
Araliaceae,Aralia stipulata,Franch.,China
Araliaceae,Aralia subcordata,(Wall. ex G.Don) J.Wen,China
Araliaceae,Aralia thomsonii,Seem. ex C.B.Clarke,China
Araliaceae,Aralia tomentella,Franch.,China
Araliaceae,Aralia undulata,Hand.-Mazz.,China
Araliaceae,Aralia verticillata,(Dunn) J.Wen,China
Araliaceae,Aralia vietnamensis,Ha,China
Araliaceae,Aralia wangshanensis,(W.C.Cheng) Y.F.Deng,China
Araliaceae,Aralia wilsonii,Harms,China
Araliaceae,Brassaiopsis bodinieri,(H.Lév.) J.Wen & Lowry,China
Araliaceae,Brassaiopsis chengkangensis,Hu,China
Araliaceae,Brassaiopsis ciliata,Dunn,China
Araliaceae,Brassaiopsis dumicola,W.W.Sm.,China
Araliaceae,Brassaiopsis fatsioides,Harms,China
Araliaceae,Brassaiopsis ferruginea,(H.L.Li) G.Hoo,China
Araliaceae,Brassaiopsis ficifolia,Dunn,China
Araliaceae,Brassaiopsis glomerulata,(Blume) Regel,China
Araliaceae,Brassaiopsis gracilis,Hand.-Mazz.,China
Araliaceae,Brassaiopsis grushvitzkyi,"J.Wen, Lowry & T.H.Nguyên",China
Araliaceae,Brassaiopsis hainla,(Buch.-Ham.) Seem.,China
Araliaceae,Brassaiopsis hispida,Seem.,China
Araliaceae,Brassaiopsis producta,(Dunn) C.B.Shang,China
Araliaceae,Brassaiopsis pseudoficifolia,Lowry & C.B.Shang,China
Araliaceae,Brassaiopsis quercifolia,G.Hoo,China
Araliaceae,Brassaiopsis shweliensis,W.W.Sm.,China
Araliaceae,Brassaiopsis simplicifolia,C.B.Clarke,China
Araliaceae,Brassaiopsis stellata,K.M.Feng,China
Araliaceae,Brassaiopsis tibetana,C.B.Shang,China
Araliaceae,Chengiopanax fargesii,(Franch.) C.B.Shang & J.Y.Huang,China
Araliaceae,Dendropanax bilocularis,C.N.Ho,China
Araliaceae,Dendropanax caloneurus,(Harms) Merr.,China
Araliaceae,Dendropanax chevalieri,(R.Vig.) Merr.,China
Araliaceae,Dendropanax confertus,H.L.Li,China
Araliaceae,Dendropanax dentiger,(Harms) Merr.,China
Araliaceae,Dendropanax hainanensis,(Merr. & Chun) Chun,China
Araliaceae,Dendropanax kwangsiensis,H.L.Li,China
Araliaceae,Dendropanax productus,H.L.Li,China
Araliaceae,Dendropanax stellatus,H.L.Li,China
Araliaceae,Dendropanax umbellatus,(Ruiz & Pav.) J.F.Macbr.,China
Araliaceae,Eleutherococcus lasiogyne,(Harms) S.Y.Hu,China
Araliaceae,Eleutherococcus sessiliflorus,(Rupr. & Maxim.) S.Y.Hu,China
Araliaceae,Gamblea ciliata,C.B.Clarke,China
Araliaceae,Gamblea pseudoevodiifolia,"(K.M.Feng) C.B.Shang, Lowry & Frodin",China
Araliaceae,Heptapleurum bodinieri,H.Lév.,China
Araliaceae,Heptapleurum brevipedicellatum,(Harms) Lowry & G.M.Plunkett,China
Araliaceae,Heptapleurum calyptratum,(Hook.f. & Thomson) Y.F.Deng,China
Araliaceae,Heptapleurum cavaleriei,H.Lév.,China
Araliaceae,Heptapleurum chapanum,(Harms) Lowry & G.M.Plunkett,China
Araliaceae,Heptapleurum chinense,(Dunn) Y.F.Deng,China
Araliaceae,Heptapleurum delavayi,Franch.,China
Araliaceae,Heptapleurum ellipticum,(Blume) Seem.,China
Araliaceae,Heptapleurum fengii,(C.J.Tseng & G.Hoo) Lowry & G.M.Plunkett,China
Araliaceae,Heptapleurum glabrescens,(C.J.Tseng & G.Hoo) Lowry & G.M.Plunkett,China
Araliaceae,Heptapleurum guizhouense,(C.B.Shang) Lowry & G.M.Plunkett,China
Araliaceae,Heptapleurum hainanense,(Merr. & Chun) Lowry & G.M.Plunkett,China
Araliaceae,Heptapleurum heptaphyllum,(L.) Y.F.Deng,China
Araliaceae,Heptapleurum hoi,Dunn,China
Araliaceae,Heptapleurum hypoleucoides,(Harms) Lowry & G.M.Plunkett,China
Araliaceae,Heptapleurum hypoleucum,Kurz,China
Araliaceae,Heptapleurum khasianum,C.B.Clarke,China
Araliaceae,Heptapleurum leucanthum,(R.Vig.) Y.F.Deng,China
Araliaceae,Heptapleurum locianum,(Grushv. & Skvortsova) Y.F.Deng,China
Araliaceae,Heptapleurum macrophyllum,Dunn,China
Araliaceae,Heptapleurum marlipoense,(C.J.Tseng & G.Hoo) G.M.Plunkett & Lowry,China
Araliaceae,Heptapleurum metcalfianum,(Merr. ex H.L.Li) G.M.Plunkett & Lowry,China
Araliaceae,Heptapleurum minutistellatum,(Merr. ex H.L.Li) Y.F.Deng,China
Araliaceae,Heptapleurum multinervium,(H.L.Li) G.M.Plunkett & Lowry,China
Araliaceae,Heptapleurum napuoense,(C.B.Shang) G.M.Plunkett & Lowry,China
Araliaceae,Heptapleurum pauciflorum,(R.Vig.) Y.F.Deng,China
Araliaceae,Heptapleurum pes-avis,(R.Vig.) Y.F.Deng,China
Araliaceae,Heptapleurum petelotii,(Merr.) G.M.Plunkett & Lowry,China
Araliaceae,Heptapleurum rhododendrifolium,(Griff.) G.M.Plunkett & Lowry,China
Araliaceae,Heptapleurum shweliense,(W.W.Sm.) G.M.Plunkett & Lowry,China
Araliaceae,Heptapleurum venulosum,(Wight & Arn.) Seem.,China
Araliaceae,Heptapleurum wardii,(C.Marquand & Airy Shaw) G.M.Plunkett & Lowry,China
Araliaceae,Heptapleurum zhuanum,(Lowry & C.B.Shang) G.M.Plunkett & Lowry,China
Araliaceae,Heteropanax brevipedicellatus,H.L.Li,China
Araliaceae,Heteropanax chinensis,(Dunn) H.L.Li,China
Araliaceae,Heteropanax fragrans,(Roxb.) Seem.,China
Araliaceae,Heteropanax hainanensis,C.B.Shang,China
Araliaceae,Heteropanax nitentifolius,G.Hoo,China
Araliaceae,Heteropanax yunnanensis,G.Hoo,China
Araliaceae,Kalopanax septemlobus,(Thunb.) Koidz.,China
Araliaceae,Macropanax chienii,G.Hoo,China
Araliaceae,Macropanax decandrus,G.Hoo,China
Araliaceae,Macropanax dispermus,(Blume) Kuntze,China
Araliaceae,Macropanax paucinervis,C.B.Shang,China
Araliaceae,Macropanax rosthornii,(Harms) C.Y.Wu ex G.Hoo,China
Araliaceae,Macropanax undulatus,(Wall. ex G.Don) Seem.,China
Araliaceae,Merrilliopanax alpinus,(C.B.Clarke) C.B.Shang,China
Araliaceae,Merrilliopanax listeri,(King) H.L.Li,China
Araliaceae,Merrilliopanax membranifolius,(W.W.Sm.) C.B.Shang,China
Araliaceae,Metapanax davidii,(Franch.) J.Wen & Frodin,China
Araliaceae,Metapanax delavayi,(Franch.) J.Wen & Frodin,China
Araliaceae,Tetrapanax papyrifer,(Hook.) K.Koch,China
Araliaceae,Trevesia palmata,(Roxb. ex Lindl.) Vis.,China
Arecaceae,Arenga micrantha,C.F.Wei,China
Arecaceae,Arenga westerhoutii,Griff.,China
Arecaceae,Caryota maxima,Blume,China
Arecaceae,Caryota mitis,Lour.,China
Arecaceae,Caryota obtusa,Griff.,China
Arecaceae,Chuniophoenix hainanensis,Burret,China
Arecaceae,Guihaia grossefibrosa,"(Gagnep.) J.Dransf., S.K.Lee & F.N.Wei",China
Arecaceae,Lanonia dasyantha,(Burret) A.J.Hend. & C.D.Bacon,China
Arecaceae,Lanonia hainanensis,"(A.J.Hend., L.X.Guo & Barfod) A.J.Hend. & C.D.Bacon",China
Arecaceae,Licuala spinosa,Wurmb,China
Arecaceae,Livistona chinensis,(Jacq.) R.Br. ex Mart.,China
Arecaceae,Livistona jenkinsiana,Griff.,China
Arecaceae,Livistona speciosa,Kurz,China
Arecaceae,Nypa fruticans,Wurmb,China
Arecaceae,Phoenix loureiroi,Kunth,China
Arecaceae,Pinanga acuminata,A.J.Hend.,China
Arecaceae,Pinanga baviensis,Becc.,China
Arecaceae,Pinanga gracilis,Blume,China
Arecaceae,Pinanga sylvestris,(Lour.) Hodel,China
Arecaceae,Rhapis excelsa,(Thunb.) A.Henry,China
Arecaceae,Trachycarpus fortunei,(Hook.) H.Wendl.,China
Arecaceae,Trachycarpus martianus,(Wall. ex Mart.) H.Wendl.,China
Arecaceae,Trachycarpus nanus,Becc.,China
Arecaceae,Trachycarpus princeps,"Gibbons, Spanner & San Y.Chen",China
Arecaceae,Wallichia caryotoides,Roxb.,China
Arecaceae,Wallichia disticha,T.Anderson,China
Asparagaceae,Dracaena cambodiana,Pierre ex Gagnep.,China
Asparagaceae,Dracaena cochinchinensis,(Lour.) S.C.Chen,China
Asparagaceae,Dracaena elliptica,Thunb. & Dalm.,China
Asparagaceae,Dracaena hokouensis,G.Z.Ye,China
Asteraceae,Blumea balsamifera,DC.,China
Asteraceae,Leucomeris decora,Kurz,China
Asteraceae,Monosis parishii,(Hook.f.) H.Rob. & Skvarla,China
Asteraceae,Monosis volkameriifolia,(DC.) H.Rob. & Skvarla,China
Asteraceae,Nouelia insignis,Franch.,China
Asteraceae,Senecio scandens,Buch.-Ham. ex D.Don,China
Asteraceae,Strobocalyx arborea,(Buch.-Ham.) Sch.Bip.,China
Asteraceae,Strobocalyx bockiana,"(Diels) H.Rob., S.C.Keeley, Skvarla & R.Chan",China
Asteraceae,Strobocalyx solanifolia,(Benth.) Sch.Bip,China
Asteraceae,Vernonia albosquama,Y.L.Chen,China
Asteraceae,Vernonia esculenta,Hemsl. ex Hemsl.,China
Berberidaceae,Berberis aristata,DC.,China
Berberidaceae,Berberis henryi,Laferr.,China
Berberidaceae,Berberis julianae,C.K.Schneid.,China
Berberidaceae,Berberis polyantha,Hemsl.,China
Berberidaceae,Mahonia bealei,(Fortune) Pynaert,China
Berberidaceae,Mahonia bodinieri,Gagnep.,China
Berberidaceae,Mahonia duclouxiana,Gagnep.,China
Berberidaceae,Mahonia napaulensis,DC.,China
Betulaceae,Alnus alnobetula,(Ehrh.) K.Koch,China
Betulaceae,Alnus cremastogyne,Burkill,China
Betulaceae,Alnus ferdinandi-coburgii,C.K.Schneid.,China
Betulaceae,Alnus hirsuta,(Spach) Rupr.,China
Betulaceae,Alnus japonica,(Thunb.) Steud.,China
Betulaceae,Alnus lanata,Duthie ex Bean,China
Betulaceae,Alnus mandshurica,(Callier) Hand.-Mazz.,China
Betulaceae,Alnus nepalensis,D.Don,China
Betulaceae,Alnus trabeculosa,Hand.-Mazz.,China
Betulaceae,Betula alnoides,Buch.-Ham. ex D.Don,China
Betulaceae,Betula ashburneri,McAll. & Rushforth,China
Betulaceae,Betula bomiensis,P.C.Li,China
Betulaceae,Betula calcicola,(W.W.Sm.) P.C.Li,China
Betulaceae,Betula chinensis,Maxim.,China
Betulaceae,Betula costata,Trautv.,China
Betulaceae,Betula cylindrostachya,Wall.,China
Betulaceae,Betula dahurica,Pall.,China
Betulaceae,Betula delavayi,Franch.,China
Betulaceae,Betula ermanii,Cham.,China
Betulaceae,Betula fargesii,Franch.,China
Betulaceae,Betula gynoterminalis,Y.C.Hsu & C.J.Wang,China
Betulaceae,Betula hainanensis,"J.Zeng, B.Q.Ren, J.Y.Zhu & Z.D.Chen",China
Betulaceae,Betula honanensis,S.Y.Wang & C.L.Chang,China
Betulaceae,Betula kwangsiensis,F.P.Metcalf,China
Betulaceae,Betula luminifera,H.J.P.Winkl.,China
Betulaceae,Betula mcallisteri,Nian Wang & Holstein,China
Betulaceae,Betula microphylla,Bunge,China
Betulaceae,Betula pendula,Roth,China
Betulaceae,Betula potaninii,Batalin,China
Betulaceae,Betula schmidtii,Regel,China
Betulaceae,Betula sunanensis,Y.J.Zhang,China
Betulaceae,Betula tianschanica,Rupr.,China
Betulaceae,Betula utilis,D.Don,China
Betulaceae,Betula wuyiensis,J.B.Xiao,China
Betulaceae,Carpinus chuniana,Hu,China
Betulaceae,Carpinus cordata,Blume,China
Betulaceae,Carpinus dayongiana,K.W.Liu & Q.Z.Lin,China
Betulaceae,Carpinus fangiana,Hu,China
Betulaceae,Carpinus fargesiana,H.J.P.Winkl.,China
Betulaceae,Carpinus firmifolia,(H.J.P.Winkl.) Hu,China
Betulaceae,Carpinus henryana,(H.J.P.Winkl.) H.J.P.Winkl.,China
Betulaceae,Carpinus kawakamii,Hayata,China
Betulaceae,Carpinus kweichowensis,Hu,China
Betulaceae,Carpinus langaoensis,Z.Qiang Lu & J.Quan Liu,China
Betulaceae,Carpinus lipoensis,Y.K.Li,China
Betulaceae,Carpinus londoniana,H.J.P.Winkl.,China
Betulaceae,Carpinus luochengensis,J.Y.Liang,China
Betulaceae,Carpinus mengshanensis,S.B.Liang & F.Z.Zhao,China
Betulaceae,Carpinus mollicoma,Hu,China
Betulaceae,Carpinus monbeigiana,Hand.-Mazz.,China
Betulaceae,Carpinus omeiensis,Hu & W.P.Fang,China
Betulaceae,Carpinus paohsingensis,W.Y.Hsia,China
Betulaceae,Carpinus polyneura,Franch.,China
Betulaceae,Carpinus pubescens,Burkill,China
Betulaceae,Carpinus purpurinervis,Hu,China
Betulaceae,Carpinus putoensis,W.C.Cheng,China
Betulaceae,Carpinus rupestris,A.Camus,China
Betulaceae,Carpinus shensiensis,Hu,China
Betulaceae,Carpinus shimenensis,C.J.Qi,China
Betulaceae,Carpinus tientaiensis,W.C.Cheng,China
Betulaceae,Carpinus tsaiana,Hu,China
Betulaceae,Carpinus tschonoskii,Maxim.,China
Betulaceae,Carpinus turczaninowii,Hance,China
Betulaceae,Carpinus viminea,Wall. ex Lindl.,China
Betulaceae,Carpinus wenshanensis,X.Long Zhou,China
Betulaceae,Corylus chinensis,Franch.,China
Betulaceae,Corylus fargesii,(Franch.) C.K.Schneid.,China
Betulaceae,Corylus ferox,Wall.,China
Betulaceae,Corylus heterophylla,Fisch. ex Trautv.,China
Betulaceae,Corylus potaninii,Bobrov,China
Betulaceae,Corylus wangii,Hu,China
Betulaceae,Corylus wulingensis,Q.X.Liu & C.M.Zhang,China
Betulaceae,Corylus yunnanensis,(Franch.) A.Camus,China
Betulaceae,Ostrya chinensis,I.M.Turner,China
Betulaceae,Ostrya japonica,Sarg.,China
Betulaceae,Ostrya rehderiana,Chun,China
Betulaceae,Ostrya trichocarpa,D.Fang & Y.S.Wang,China
Betulaceae,Ostrya yunnanensis,W.K.Hu,China
Bignoniaceae,Catalpa bungei,C.A.Mey.,China
Bignoniaceae,Catalpa lutea,"J.Hui Wang, W.J.Ma & Z.Yu Li",China
Bignoniaceae,Catalpa ovata,G.Don,China
Bignoniaceae,Catalpa tibetica,Forrest,China
Bignoniaceae,Fernandoa guangxiensis,D.D.Tao,China
Bignoniaceae,Markhamia stipulata,(Wall.) Seem.,China
Bignoniaceae,Mayodendron igneum,(Kurz) Kurz,China
Bignoniaceae,Millingtonia hortensis,L.f.,China
Bignoniaceae,Oroxylum indicum,(L.) Kurz,China
Bignoniaceae,Pauldopia ghorta,(Buch.-Ham. ex G.Don) Steenis,China
Bignoniaceae,Radermachera frondosa,Chun & F.C.How,China
Bignoniaceae,Radermachera glandulosa,(Blume) Miq.,China
Bignoniaceae,Radermachera hainanensis,Merr.,China
Bignoniaceae,Radermachera microcalyx,C.Y.Wu,China
Bignoniaceae,Radermachera pentandra,Hemsl.,China
Bignoniaceae,Radermachera sinica,(Hance) Hemsl.,China
Bignoniaceae,Radermachera yunnanensis,C.Y.Wu,China
Bignoniaceae,Stereospermum colais,(Buch.-Ham. ex Dillwyn) Mabb.,China
Bignoniaceae,Stereospermum neuranthum,Kurz,China
Bignoniaceae,Stereospermum strigilosum,C.Y.Wu,China
Boraginaceae,Cordia cochinchinensis,Gagnep.,China
Boraginaceae,Cordia dichotoma,G.Forst.,China
Boraginaceae,Cordia furcans,I.M.Johnst.,China
Boraginaceae,Cordia subcordata,Lam.,China
Boraginaceae,Ehretia acuminata,R.Br.,China
Boraginaceae,Ehretia aspera,Willd.,China
Boraginaceae,Ehretia confinis,I.M.Johnst.,China
Boraginaceae,Ehretia corylifolia,C.H.Wright,China
Boraginaceae,Ehretia densiflora,F.N.Wei & H.Q.Wen,China
Boraginaceae,Ehretia dicksonii,Hance,China
Boraginaceae,Ehretia dunniana,H.Lév.,China
Boraginaceae,Ehretia hainanensis,I.M.Johnst.,China
Boraginaceae,Ehretia longiflora,Champ. ex Benth.,China
Boraginaceae,Ehretia pingbianensis,Y.L.Liu,China
Boraginaceae,Ehretia tsangii,I.M.Johnst.,China
Burseraceae,Canarium album,(Lour.) DC.,China
Burseraceae,Canarium bengalense,Roxb.,China
Burseraceae,Canarium parvum,Leenh.,China
Burseraceae,Canarium pimela,K.D.Koenig,China
Burseraceae,Canarium strictum,Roxb.,China
Burseraceae,Canarium subulatum,Guillaumin,China
Burseraceae,Garuga floribunda,Decne.,China
Burseraceae,Garuga forrestii,W.W.Sm.,China
Burseraceae,Garuga pierrei,Guillaumin,China
Burseraceae,Garuga pinnata,Roxb.,China
Burseraceae,Protium serratum,(Wall. ex Colebr.) Engl.,China
Burseraceae,Protium yunnanense,(Hu) Kalkman,China
Burseraceae,Santiria apiculata,A.W.Benn.,China
Buxaceae,Buxus megistophylla,H.Lév.,China
Buxaceae,Buxus sinica,(Rehder & E.H.Wilson) M.Cheng,China
Calophyllaceae,Calophyllum inophyllum,L.,China
Calophyllaceae,Calophyllum membranaceum,Gardner & Champ.,China
Calophyllaceae,Calophyllum polyanthum,Wall. ex Planch. & Triana,China
Calophyllaceae,Mammea yunnanensis,(H.L. Li) Kosterm.,China
Calophyllaceae,Mesua ferrea,L.,China
Calycanthaceae,Chimonanthus grammatus,M.C.Liu,China
Calycanthaceae,Chimonanthus nitens,Oliv.,China
Calycanthaceae,Chimonanthus praecox,(L.) Link,China
Cannabaceae,Aphananthe aspera,(Thunb.) Planch.,China
Cannabaceae,Aphananthe cuspidata,(Blume) Planch.,China
Cannabaceae,Celtis biondii,Pamp.,China
Cannabaceae,Celtis bungeana,Blume,China
Cannabaceae,Celtis cerasifera,C.K.Schneid.,China
Cannabaceae,Celtis chekiangensis,C.C.Cheng,China
Cannabaceae,Celtis julianae,C.K.Schneid.,China
Cannabaceae,Celtis koraiensis,Nakai,China
Cannabaceae,Celtis philippensis,Blanco,China
Cannabaceae,Celtis sinensis,Pers.,China
Cannabaceae,Celtis tetrandra,Roxb.,China
Cannabaceae,Celtis timorensis,Span.,China
Cannabaceae,Celtis vandervoetiana,C.K.Schneid.,China
Cannabaceae,Gironniera subaequalis,Planch.,China
Cannabaceae,Pteroceltis tatarinowii,Maxim.,China
Cannabaceae,Trema angustifolium,(Planch.) Blume,China
Cannabaceae,Trema cannabinum,Lour.,China
Cannabaceae,Trema levigatum,Hand.-Mazz.,China
Cannabaceae,Trema nitidum,C.J.Chen,China
Cannabaceae,Trema orientale,(L.) Blume,China
Cannabaceae,Trema tomentosum,(Roxb.) H.Hara,China
Capparaceae,Capparis micracantha,DC.,China
Capparaceae,Capparis multiflora,Hook.f. & Thomson,China
Capparaceae,Capparis olacifolia,Hook.f. & Thomson,China
Capparaceae,Capparis pubiflora,DC.,China
Capparaceae,Capparis sunbisiniana,M.L.Zhang & G.C.Tucker,China
Capparaceae,Capparis urophylla,F.Chun,China
Capparaceae,Crateva magna,(Lour.) DC.,China
Capparaceae,Crateva unilocularis,Buch.-Ham.,China
Caprifoliaceae,Dipelta floribunda,Maxim.,China
Caprifoliaceae,Heptacodium miconioides,Rehder,China
Cardiopteridaceae,Gonocaryum lobbianum,(Miers) Kurz,China
Celastraceae,Euonymus acanthocarpus,Franch.,China
Celastraceae,Euonymus bockii,Loes. ex Diels,China
Celastraceae,Euonymus bullatus,Wall. ex G.Lodd,China
Celastraceae,Euonymus carnosus,Hemsl.,China
Celastraceae,Euonymus cochinchinensis,Pierre,China
Celastraceae,Euonymus dielsianus,Loes. ex Diels,China
Celastraceae,Euonymus echinatus,Wall.,China
Celastraceae,Euonymus ficoides,C.Y.Cheng ex J.S.Ma,China
Celastraceae,Euonymus frigidus,Wall.,China
Celastraceae,Euonymus gibber,Hance,China
Celastraceae,Euonymus giraldii,Loes.,China
Celastraceae,Euonymus glaber,Roxb.,China
Celastraceae,Euonymus gracillimus,Hemsl.,China
Celastraceae,Euonymus grandiflorus,Wall.,China
Celastraceae,Euonymus hainanensis,W.Y.Chun & F.C.How,China
Celastraceae,Euonymus hamiltonianus,Wall.,China
Celastraceae,Euonymus huae,J.S.Ma,China
Celastraceae,Euonymus hukuangensis,C.Y.Cheng ex J.S.Ma,China
Celastraceae,Euonymus kengmaensis,C.Y.Cheng ex J.S.Ma,China
Celastraceae,Euonymus laxiflorus,Champ. ex Benth.,China
Celastraceae,Euonymus lucidus,D.Don,China
Celastraceae,Euonymus maackii,Rupr.,China
Celastraceae,Euonymus microcarpus,(Oliv. ex Loes.) Sprague,China
Celastraceae,Euonymus myrianthus,Hemsl.,China
Celastraceae,Euonymus nitidus,Benth.,China
Celastraceae,Euonymus oxyphyllus,Miq.,China
Celastraceae,Euonymus parasimilis,C.Y.Cheng ex J.S.Ma,China
Celastraceae,Euonymus percoriaceus,C.Y.Wu ex J.S.Ma,China
Celastraceae,Euonymus pittosporoides,C.Y.Cheng ex J.S.Ma,China
Celastraceae,Euonymus potingensis,Chun & F.C.How ex J.S.Ma,China
Celastraceae,Euonymus rehderianus,Loes.,China
Celastraceae,Euonymus sanguineus,Loes. ex Diels,China
Celastraceae,Euonymus tibeticus,W.W.Sm.,China
Celastraceae,Euonymus tingens,Wall.,China
Celastraceae,Euonymus tsoi,Merr.,China
Celastraceae,Euonymus vagans,Wall.,China
Celastraceae,Euonymus venosus,Hemsl.,China
Celastraceae,Euonymus verrucocarpus,C.Y.Cheng ex J.S.Ma,China
Celastraceae,Euonymus viburnoides,Prain,China
Celastraceae,Euonymus wui,J.S.Ma,China
Celastraceae,Euonymus yunnanensis,Franch.,China
Celastraceae,Glyptopetalum aquifolium,(Loes. & Rehder) C.Y.Cheng & Q.S.Ma,China
Celastraceae,Glyptopetalum fengii,(Chun & F.C.How) Ding Hou,China
Celastraceae,Glyptopetalum longepedunculatum,Tardieu,China
Celastraceae,Glyptopetalum longipedicellatum,(Merr. & Chun) C.Y.Cheng,China
Celastraceae,Glyptopetalum sclerocarpum,M.A.Lawson,China
Celastraceae,Gymnosporia diversifolia,Maxim.,China
Celastraceae,Gymnosporia rufa,(Wall.) Hook.f.,China
Celastraceae,Gymnosporia variabilis,(Hemsl.) Loes.,China
Celastraceae,Microtropis chaffanjonii,(H.Lév.) Y.F.Deng,China
Celastraceae,Microtropis discolor,(Wall.) Wall. ex Meisn.,China
Celastraceae,Microtropis fallax,Pit.,China
Celastraceae,Microtropis fokienensis,Dunn,China
Celastraceae,Microtropis malipoensis,Y.M.Shui & W.H.Chen,China
Celastraceae,Microtropis obliquinervia,Merr. & F.L. Freeman,China
Celastraceae,Microtropis paucinervia,Merr. & Chun ex Merr. & F.L. Freeman,China
Celastraceae,Microtropis petelotii,Merr. & F.L. Freeman,China
Celastraceae,Microtropis semipaniculata,C.Y. Cheng & T.C. Kao,China
Celastraceae,Microtropis sphaerocarpa,C.Y. Cheng & T.C. Kao,China
Celastraceae,Microtropis tetragona,Merr. & F.L. Freeman,China
Celastraceae,Microtropis thyrsiflora,C.Y. Cheng & T.C. Kao,China
Celastraceae,Pleurostylia opposita,(Wall.) Alston,China
Celastraceae,Salacia chinensis,L.,China
Celastraceae,Tripterygium wilfordii,Hook.f.,China
Centroplacaceae,Bhesa sinica,(H.T.Chang & Liang) H.T.Chang & Liang,China
Cercidiphyllaceae,Cercidiphyllum japonicum,Siebold & Zucc. ex J.J.Hoffm. & J.H.Schult.bis,China
Clethraceae,Clethra barbinervis,Siebold & Zucc.,China
Clethraceae,Clethra bodinieri,H.Lév.,China
Clethraceae,Clethra delavayi,Franch.,China
Clethraceae,Clethra fabri,Hance,China
Clethraceae,Clethra fargesii,Franch.,China
Clethraceae,Clethra kaipoensis,H.Lév.,China
Clethraceae,Clethra petelotii,Dop & Troch.-Marq.,China
Clethraceae,Clethra sleumeriana,K.S.Hao,China
Clusiaceae,Garcinia cowa,Roxb. ex DC.,China
Clusiaceae,Garcinia erythrosepala,Y.H.Li,China
Clusiaceae,Garcinia esculenta,Y.H.Li,China
Clusiaceae,Garcinia kwangsiensis,Merr. ex F.N.Wei,China
Clusiaceae,Garcinia lancilimba,C.Y.Wu ex Y.H.Li,China
Clusiaceae,Garcinia multiflora,Champ. ex Benth.,China
Clusiaceae,Garcinia nujiangensis,C.Y.Wu & Y.H.Li,China
Clusiaceae,Garcinia oblongifolia,Champ. ex Benth.,China
Clusiaceae,Garcinia paucinervis,Chun & F.C.How,China
Clusiaceae,Garcinia pedunculata,Roxb. ex Buch.-Ham.,China
Clusiaceae,Garcinia subfalcata,Y.H.Li & F.N.Wei,China
Clusiaceae,Garcinia tetralata,C.Y.Wu ex Y.H.Li,China
Clusiaceae,Garcinia xanthochymus,Hook.f. ex T.Anderson,China
Clusiaceae,Garcinia xipshuanbannaensis,Y.H.Li,China
Clusiaceae,Garcinia yunnanensis,Hu,China
Combretaceae,Lumnitzera littorea,(Jack) Voigt,China
Combretaceae,Lumnitzera racemosa,Willd.,China
Combretaceae,Terminalia bellirica,(Gaertn.) Roxb.,China
Combretaceae,Terminalia catappa,L.,China
Combretaceae,Terminalia chebula,Retz.,China
Combretaceae,Terminalia franchetii,Gagnep.,China
Combretaceae,Terminalia myriocarpa,Van Heurck & Müll.Arg.,China
Combretaceae,Terminalia phillyreifolia,(Van Heurck & Müll.Arg.) Gere & Boatwr.,China
Combretaceae,Terminalia triptera,Stapf,China
Connaraceae,Agelaea trinervis,(Llanos) Merr.,China
Connaraceae,Cnestis palala,(Lour.) Merr.,China
Connaraceae,Connarus paniculatus,Roxb,China
Connaraceae,Ellipanthus glabrifolius,Merr.,China
Cornaceae,Alangium alpinum,(C.B.Clarke) W.W.Sm. & Cave,China
Cornaceae,Alangium barbatum,(R.Br. ex C.B.Clarke) Baill. ex Kuntze,China
Cornaceae,Alangium chinense,(Lour.) Harms,China
Cornaceae,Alangium kurzii,Craib,China
Cornaceae,Alangium platanifolium,(Siebold & Zucc.) Harms,China
Cornaceae,Alangium qingchuanense,M.Y.He,China
Cornaceae,Alangium salviifolium,(L.f.) Wangerin,China
Cornaceae,Alangium yunnanense,C.Y.Wu ex W.P.Fang,China
Cornaceae,Cornus austrosinensis,W.P.Fang & W.K.Hu,China
Cornaceae,Cornus bretschneideri,L.Henry,China
Cornaceae,Cornus capitata,Wall.,China
Cornaceae,Cornus chinensis,Wangerin,China
Cornaceae,Cornus controversa,Hemsl.,China
Cornaceae,Cornus hemsleyi,C.K.Schneid. & Wangerin,China
Cornaceae,Cornus hongkongensis,Hemsl.,China
Cornaceae,Cornus koehneana,Wangerin,China
Cornaceae,Cornus kousa,F.Buerger ex Hance,China
Cornaceae,Cornus macrophylla,Wall.,China
Cornaceae,Cornus multinervosa,(Pojark.) Q.Y.Xiang,China
Cornaceae,Cornus oblonga,Wall.,China
Cornaceae,Cornus officinalis,Siebold & Zucc.,China
Cornaceae,Cornus oligophlebia,Merr.,China
Cornaceae,Cornus papillosa,W.P.Fang & W.K.Hu,China
Cornaceae,Cornus parviflora,S.S.Chien,China
Cornaceae,Cornus schindleri,Wangerin,China
Cornaceae,Cornus ulotricha,C.K.Schneid. & Wangerin,China
Cornaceae,Cornus walteri,Wangerin,China
Cornaceae,Cornus wilsoniana,Wangerin,China
Crypteroniaceae,Crypteronia paniculata,Blume,China
Cupressaceae,Calocedrus macrolepis,Kurz,China
Cupressaceae,Calocedrus rupestris,"Aver., T.H.Nguyên & P.K.Lôc",China
Cupressaceae,Cryptomeria japonica,(Thunb. ex L.f.) D.Don,China
Cupressaceae,Cunninghamia konishii,Hayata,China
Cupressaceae,Cunninghamia lanceolata,(Lamb.) Hook.,China
Cupressaceae,Cupressus chengiana,S.Y.Hu,China
Cupressaceae,Cupressus duclouxiana,Hickel,China
Cupressaceae,Cupressus funebris,Endl.,China
Cupressaceae,Cupressus gigantea,W.C.Cheng & L.K.Fu,China
Cupressaceae,Cupressus torulosa,D.Don ex Lamb.,China
Cupressaceae,Fokienia hodginsii,(Dunn) A.Henry & H H.Thomas,China
Cupressaceae,Glyptostrobus pensilis,(Staunton ex D.Don) K.Koch,China
Cupressaceae,Juniperus chinensis,L.,China
Cupressaceae,Juniperus communis,L.,China
Cupressaceae,Juniperus convallium,Rehder & E.H.Wilson,China
Cupressaceae,Juniperus coxii,A.B.Jacks.,China
Cupressaceae,Juniperus erectopatens,(W.C.Cheng & L.K.Fu) R.P.Adams,China
Cupressaceae,Juniperus formosana,Hayata,China
Cupressaceae,Juniperus indica,Bertol.,China
Cupressaceae,Juniperus komarovii,Florin,China
Cupressaceae,Juniperus mairei,Lemée & H.Lév.,China
Cupressaceae,Juniperus pingii,W.C.Cheng ex Ferré,China
Cupressaceae,Juniperus przewalskii,Kom.,China
Cupressaceae,Juniperus pseudosabina,Fisch. & C.A.Mey.,China
Cupressaceae,Juniperus recurva,Buch.-Ham. ex D.Don,China
Cupressaceae,Juniperus rigida,Siebold & Zucc.,China
Cupressaceae,Juniperus saltuaria,Rehder & E.H.Wilson,China
Cupressaceae,Juniperus semiglobosa,Regel,China
Cupressaceae,Juniperus tibetica,Kom.,China
Cupressaceae,Metasequoia glyptostroboides,Hu & W.C.Cheng,China
Cupressaceae,Platycladus orientalis,(L.) Franco,China
Cupressaceae,Taiwania cryptomerioides,Hayata,China
Cupressaceae,Thuja koraiensis,Nakai,China
Cupressaceae,Thuja sutchuenensis,Franch.,China
Cupressaceae,Xanthocyparis guangxiensis,"Yu L.Jiang, Y.S.Huang, J.Liang Li & K.S.Mao",China
Cupressaceae,Xanthocyparis vietnamensis,(Farjon & T.H.Nguyên) D.P.Little,China
Cycadaceae,Cycas diannanensis,Z.T.Guan & G.D.Tao,China
Cycadaceae,Cycas pectinata,Buch.-Ham.,China
Cycadaceae,Cycas taiwaniana,Carruth.,China
Daphniphyllaceae,Daphniphyllum calycinum,Benth.,China
Daphniphyllaceae,Daphniphyllum chartaceum,K.Rosenthal,China
Daphniphyllaceae,Daphniphyllum himalense,(Benth.) Müll.Arg.,China
Daphniphyllaceae,Daphniphyllum macropodum,Miq.,China
Daphniphyllaceae,Daphniphyllum majus,Müll.Arg.,China
Daphniphyllaceae,Daphniphyllum paxianum,K.Rosenthal,China
Daphniphyllaceae,Daphniphyllum pentandrum,Hayata,China
Daphniphyllaceae,Daphniphyllum subverticillatum,Merr.,China
Dichapetalaceae,Dichapetalum gelonioides,(Roxb.) Engl.,China
Dichapetalaceae,Dichapetalum longipetalum,(Turcz.) Engl.,China
Dilleniaceae,Dillenia indica,L.,China
Dilleniaceae,Dillenia pentagyna,Roxb.,China
Dilleniaceae,Dillenia turbinata,Finet & Gagnep.,China
Dipentodontaceae,Dipentodon sinicus,Dunn,China
Dipentodontaceae,Perrottetia arisanensis,Hayata,China
Dipterocarpaceae,Dipterocarpus retusus,Blume,China
Dipterocarpaceae,Hopea chinensis,(Merr.) Hand.-Mazz.,China
Dipterocarpaceae,Hopea hainanensis,Merr. & Chun,China
Dipterocarpaceae,Hopea mollissima,C.Y.Wu,China
Dipterocarpaceae,Hopea shingkeng,(Dunn) Bor,China
Dipterocarpaceae,Parashorea chinensis,Hsie Wang,China
Dipterocarpaceae,Shorea assamica,Dyer,China
Dipterocarpaceae,Shorea robusta,C.F.Gaertn.,China
Dipterocarpaceae,Vatica guangxiensis,S.L.Mo,China
Dipterocarpaceae,Vatica mangachapoi,Blanco,China
Ebenaceae,Diospyros anisocalyx,C.Y.Wu,China
Ebenaceae,Diospyros armata,Hemsl.,China
Ebenaceae,Diospyros balfouriana,Diels,China
Ebenaceae,Diospyros brandisiana,Kurz,China
Ebenaceae,Diospyros caloneura,C.Y.Wu,China
Ebenaceae,Diospyros cathayensis,Steward,China
Ebenaceae,Diospyros chunii,F.P.Metcalf & H.Y.Chen,China
Ebenaceae,Diospyros corallina,Chun & H.Y.Chen,China
Ebenaceae,Diospyros decandra,Lour.,China
Ebenaceae,Diospyros defectrix,H.R.Fletcher,China
Ebenaceae,Diospyros diversilimba,Merr. & Chun,China
Ebenaceae,Diospyros dumetorum,W.W.Sm.,China
Ebenaceae,Diospyros ehretioides,Wall. ex G.Don,China
Ebenaceae,Diospyros eriantha,Champ. ex Benth.,China
Ebenaceae,Diospyros fanjingshanica,S.K.Lee,China
Ebenaceae,Diospyros fengii,C.Y.Wu,China
Ebenaceae,Diospyros forrestii,J.Anthony,China
Ebenaceae,Diospyros hainanensis,Merr.,China
Ebenaceae,Diospyros hasseltii,Zoll.,China
Ebenaceae,Diospyros heishi,Govaerts,China
Ebenaceae,Diospyros hexamera,C.Y.Wu,China
Ebenaceae,Diospyros howii,Merr. & Chun,China
Ebenaceae,Diospyros inflata,Merr. & Chun,China
Ebenaceae,Diospyros japonica,Siebold & Zucc.,China
Ebenaceae,Diospyros kaki,L.f.,China
Ebenaceae,Diospyros kerrii,Craib,China
Ebenaceae,Diospyros kintungensis,C.Y.Wu,China
Ebenaceae,Diospyros longibracteata,Lecomte,China
Ebenaceae,Diospyros longshengensis,S.K.Lee,China
Ebenaceae,Diospyros lotus,L.,China
Ebenaceae,Diospyros maclurei,Merr.,China
Ebenaceae,Diospyros metcalfii,Chun & H.Y.Chen,China
Ebenaceae,Diospyros miaoshanica,S.K.Lee,China
Ebenaceae,Diospyros morrisiana,Hance ex Walp.,China
Ebenaceae,Diospyros nigrocortex,C.Y.Wu,China
Ebenaceae,Diospyros oleifera,W.C.Cheng,China
Ebenaceae,Diospyros oliviformis,R.H.Miao,China
Ebenaceae,Diospyros potingensis,Merr. & Chun,China
Ebenaceae,Diospyros punctilimba,C.Y.Wu,China
Ebenaceae,Diospyros reticulinervis,C.Y.Wu,China
Ebenaceae,Diospyros rhombifolia,Hemsl.,China
Ebenaceae,Diospyros saxatilis,S.K.Lee,China
Ebenaceae,Diospyros saxicola,R.H.Miao,China
Ebenaceae,Diospyros siderophylla,H.L.Li,China
Ebenaceae,Diospyros strigosa,Hemsl.,China
Ebenaceae,Diospyros sunyiensis,Chun & H.Y.Chen,China
Ebenaceae,Diospyros susarticulata,Lecomte,China
Ebenaceae,Diospyros sutchuensis,Y.C.Yang,China
Ebenaceae,Diospyros tsangii,Merr.,China
Ebenaceae,Diospyros tutcheri,Dunn,China
Ebenaceae,Diospyros unisemina,C.Y.Wu,China
Ebenaceae,Diospyros vaccinioides,Lindl.,China
Ebenaceae,Diospyros xiangguiensis,S.K.Lee,China
Ebenaceae,Diospyros xishuangbannaensis,C.Y.Wu & H.Chu,China
Ebenaceae,Diospyros yunnanensis,Rehder & E.H.Wilson,China
Ebenaceae,Diospyros zhenfengensis,S.K.Lee,China
Elaeagnaceae,Elaeagnus angustifolia,L.,China
Elaeagnaceae,Elaeagnus bambusetorum,Hand.-Mazz.,China
Elaeagnaceae,Elaeagnus bockii,Diels,China
Elaeagnaceae,Elaeagnus calcarea,Z.R.Xu,China
Elaeagnaceae,Elaeagnus cinnamomifolia,W.K.Hu & H.F.Chow,China
Elaeagnaceae,Elaeagnus conferta,Roxb.,China
Elaeagnaceae,Elaeagnus courtoisii,Belval,China
Elaeagnaceae,Elaeagnus davidii,Franch.,China
Elaeagnaceae,Elaeagnus delavayi,Lecomte,China
Elaeagnaceae,Elaeagnus difficilis,Servett.,China
Elaeagnaceae,Elaeagnus gonyanthes,Benth.,China
Elaeagnaceae,Elaeagnus griffithii,Servett.,China
Elaeagnaceae,Elaeagnus grijsii,Hance,China
Elaeagnaceae,Elaeagnus guizhouensis,C.Y.Chang,China
Elaeagnaceae,Elaeagnus henryi,Warb. ex Diels,China
Elaeagnaceae,Elaeagnus jiangxiensis,C.Y.Chang,China
Elaeagnaceae,Elaeagnus jingdonensis,C.Y.Chang,China
Elaeagnaceae,Elaeagnus lanceolata,Warb.,China
Elaeagnaceae,Elaeagnus lanpingensis,C.Y.Chang,China
Elaeagnaceae,Elaeagnus lipoensis,Z.R.Xu,China
Elaeagnaceae,Elaeagnus liuzhouensis,C.Y.Chang,China
Elaeagnaceae,Elaeagnus longiloba,C.Y.Chang,China
Elaeagnaceae,Elaeagnus loureiroi,Champ.,China
Elaeagnaceae,Elaeagnus luoxiangensis,C.Y.Chang,China
Elaeagnaceae,Elaeagnus luxiensis,C.Y.Chang,China
Elaeagnaceae,Elaeagnus macrantha,Rehder,China
Elaeagnaceae,Elaeagnus magna,(Servett.) Rehder,China
Elaeagnaceae,Elaeagnus micrantha,C.Y.Chang,China
Elaeagnaceae,Elaeagnus mollis,Diels,China
Elaeagnaceae,Elaeagnus multiflora,Thunb.,China
Elaeagnaceae,Elaeagnus oldhamii,Maxim.,China
Elaeagnaceae,Elaeagnus ovata,Servett.,China
Elaeagnaceae,Elaeagnus pallidiflora,C.Y.Chang,China
Elaeagnaceae,Elaeagnus pilostyla,C.Y.Chang,China
Elaeagnaceae,Elaeagnus pungens,Thunb.,China
Elaeagnaceae,Elaeagnus retrostyla,C.Y.Chang,China
Elaeagnaceae,Elaeagnus s-stylata,Z.R.Xu,China
Elaeagnaceae,Elaeagnus sarmentosa,Rehder,China
Elaeagnaceae,Elaeagnus stellipila,Rehder,China
Elaeagnaceae,Elaeagnus taliensis,C.Y.Chang,China
Elaeagnaceae,Elaeagnus tonkinensis,Servett.,China
Elaeagnaceae,Elaeagnus tubiflora,C.Y.Chang,China
Elaeagnaceae,Elaeagnus viridis,Servett.,China
Elaeagnaceae,Elaeagnus wenshanensis,C.Y.Chang,China
Elaeagnaceae,Elaeagnus xichouensis,C.Y.Chang,China
Elaeagnaceae,Elaeagnus xingwenensis,C.Y.Chang,China
Elaeagnaceae,Elaeagnus xizangensis,C.Y.Chang,China
Elaeagnaceae,Elaeagnus yunnanensis,Servett.,China
Elaeagnaceae,Hippophae gyantsensis,(Rousi) Y.S. Lian,China
Elaeagnaceae,Hippophae litangensis,Y.S.Lian & X.L. Chen ex Swenson & Bartish,China
Elaeagnaceae,Hippophae neurocarpa,S.W. Liu & T.N. He,China
Elaeagnaceae,Hippophae rhamnoides,L.,China
Elaeagnaceae,Hippophae salicifolia,D.Don,China
Elaeagnaceae,Hippophae sinensis,(Rousi) Tzvelev,China
Elaeocarpaceae,Elaeocarpus angustifolius,Blume,China
Elaeocarpaceae,Elaeocarpus atropunctatus,Hung T.Chang,China
Elaeocarpaceae,Elaeocarpus auricomus,C.Y.Wu ex Hung T.Chang,China
Elaeocarpaceae,Elaeocarpus austroyunnanensis,Hu,China
Elaeocarpaceae,Elaeocarpus bachmaensis,Gagnep.,China
Elaeocarpaceae,Elaeocarpus balansae,DC.,China
Elaeocarpaceae,Elaeocarpus braceanus,Watt ex C.B.Clarke,China
Elaeocarpaceae,Elaeocarpus brachystachyus,Hung T.Chang,China
Elaeocarpaceae,Elaeocarpus chinensis,(Gardner & Champ.) Hook.f. ex Benth.,China
Elaeocarpaceae,Elaeocarpus dubius,DC.,China
Elaeocarpaceae,Elaeocarpus duclouxii,Gagnep.,China
Elaeocarpaceae,Elaeocarpus fleuryi,A.Chev. ex Gagnep.,China
Elaeocarpaceae,Elaeocarpus glabripetalus,Merr.,China
Elaeocarpaceae,Elaeocarpus gymnogynus,Hung T.Chang,China
Elaeocarpaceae,Elaeocarpus hainanensis,Oliv.,China
Elaeocarpaceae,Elaeocarpus harmandii,Pierre,China
Elaeocarpaceae,Elaeocarpus howii,Merr. & Chun,China
Elaeocarpaceae,Elaeocarpus japonicus,Siebold & Zucc.,China
Elaeocarpaceae,Elaeocarpus lacunosus,Wall. ex Kurz,China
Elaeocarpaceae,Elaeocarpus lanceifolius,Roxb.,China
Elaeocarpaceae,Elaeocarpus laoticus,Gagnep.,China
Elaeocarpaceae,Elaeocarpus limitaneoides,Y.Tang,China
Elaeocarpaceae,Elaeocarpus limitaneus,Hand.-Mazz.,China
Elaeocarpaceae,Elaeocarpus longlingensis,Y.C.Hsu & Y.Tang,China
Elaeocarpaceae,Elaeocarpus nitentifolius,Merr. & Chun,China
Elaeocarpaceae,Elaeocarpus oblongilimbus,Hung T.Chang,China
Elaeocarpaceae,Elaeocarpus petiolatus,(Jack) Wall.,China
Elaeocarpaceae,Elaeocarpus poilanei,Gagnep.,China
Elaeocarpaceae,Elaeocarpus prunifolioides,Hu,China
Elaeocarpaceae,Elaeocarpus sikkimensis,Mast.,China
Elaeocarpaceae,Elaeocarpus sphaerocarpus,Hung T.Chang,China
Elaeocarpaceae,Elaeocarpus subpetiolatus,Hung T.Chang,China
Elaeocarpaceae,Elaeocarpus sylvestris,(Lour.) Poir.,China
Elaeocarpaceae,Elaeocarpus varunua,Buch.-Ham. ex Mast.,China
Elaeocarpaceae,Sloanea changii,Coode,China
Elaeocarpaceae,Sloanea chingiana,Hu,China
Elaeocarpaceae,Sloanea dasycarpa,(Benth.) Hemsl.,China
Elaeocarpaceae,Sloanea hainanensis,Merr. & Chun,China
Elaeocarpaceae,Sloanea hemsleyana,(Ito) Rehder & E.H.Wilson,China
Elaeocarpaceae,Sloanea integrifolia,Chun & F.C.How,China
Elaeocarpaceae,Sloanea leptocarpa,Diels,China
Elaeocarpaceae,Sloanea mollis,Gagnep.,China
Elaeocarpaceae,Sloanea sigun,(Blume) K.Schum.,China
Elaeocarpaceae,Sloanea sinensis,(Hance) Hemsl.,China
Elaeocarpaceae,Sloanea sterculiacea,(Benth.) Rehder & E.H.Wilson,China
Elaeocarpaceae,Sloanea tomentosa,(Benth.) Rehder & E.H.Wilson,China
Elaeocarpaceae,Sloanea xichouensis,K.M.Feng ex Y.Tang & Y.C.Hsu,China
Ericaceae,Craibiodendron henryi,W.W.Sm.,China
Ericaceae,Craibiodendron stellatum,(Laness.) W.W.Sm.,China
Ericaceae,Craibiodendron yunnanense,W.W.Sm.,China
Ericaceae,Enkianthus chinensis,Franch.,China
Ericaceae,Enkianthus deflexus,(Griff.) C.K.Schneid.,China
Ericaceae,Enkianthus pauciflorus,E.H.Wilson,China
Ericaceae,Enkianthus quinqueflorus,Lour.,China
Ericaceae,Enkianthus serrulatus,(E.H.Wilson) C.K.Schneid.,China
Ericaceae,Gaultheria fragrantissima,Wall.,China
Ericaceae,Gaultheria griffithiana,Wight,China
Ericaceae,Leucothoe griffithiana,C.B.Clarke,China
Ericaceae,Lyonia doyonensis,(Hand.-Mazz.) Hand.-Mazz.,China
Ericaceae,Lyonia macrocalyx,(J.Anthony) Airy Shaw,China
Ericaceae,Lyonia ovalifolia,(Wall.) Drude,China
Ericaceae,Lyonia villosa,(Hook.f. ex C.B.Clarke) Hand.-Mazz.,China
Ericaceae,Pieris formosa,(Wall.) D.Don,China
Ericaceae,Pieris japonica,(Thunb.) D. Don ex G. Don,China
Ericaceae,Rhododendron anthosphaerum,Diels,China
Ericaceae,Rhododendron arboreum,Sm.,China
Ericaceae,Rhododendron argipeplum,Balf.f. & R.E.Cooper,China
Ericaceae,Rhododendron argyrophyllum,Franch.,China
Ericaceae,Rhododendron arizelum,Balf.f. & Forrest,China
Ericaceae,Rhododendron asterochnoum,Diels,China
Ericaceae,Rhododendron auriculatum,Hemsl.,China
Ericaceae,Rhododendron bailiense,Y.P.Ma & C.Q.Zhang & D.F.Chamb.,China
Ericaceae,Rhododendron barbatum,Wall. ex G.Don,China
Ericaceae,Rhododendron basilicum,Balf.f. & W.W.Sm.,China
Ericaceae,Rhododendron beesianum,Diels,China
Ericaceae,Rhododendron brevinerve,Chun & W.P. Fang,China
Ericaceae,Rhododendron calophytum,Franch.,China
Ericaceae,Rhododendron campanulatum,D.Don,China
Ericaceae,Rhododendron campylocarpum,Hook.f.,China
Ericaceae,Rhododendron championiae,Hook.,China
Ericaceae,Rhododendron chihsinianum,Chun & W.P.Fang,China
Ericaceae,Rhododendron ciliicalyx,Franch.,China
Ericaceae,Rhododendron coeloneurum,Diels,China
Ericaceae,Rhododendron coriaceum,Franch.,China
Ericaceae,Rhododendron coryanum,Tagg & Forrest,China
Ericaceae,Rhododendron crinigerum,Franch.,China
Ericaceae,Rhododendron cyanocarpum,(Franch.) W.W.Sm.,China
Ericaceae,Rhododendron dasycladoides,Hand.-Mazz.,China
Ericaceae,Rhododendron davidii,Franch.,China
Ericaceae,Rhododendron dayaoshanense,L.M.Gao & D.Z.Li,China
Ericaceae,Rhododendron decorum,Franch.,China
Ericaceae,Rhododendron delavayi,Franch.,China
Ericaceae,Rhododendron dignabile,Cowan,China
Ericaceae,Rhododendron discolor,Franch.,China
Ericaceae,Rhododendron ebianense,M.Y.Fang,China
Ericaceae,Rhododendron erosum,Cowan,China
Ericaceae,Rhododendron exasperatum,Tagg,China
Ericaceae,Rhododendron facetum,Balf. f. & Kingdon-Ward,China
Ericaceae,Rhododendron faucium,D.F.Chamb.,China
Ericaceae,Rhododendron fictolacteum,Balf.f.,China
Ericaceae,Rhododendron flavoflorum,T.L.Ming,China
Ericaceae,Rhododendron floribundum,Franch.,China
Ericaceae,Rhododendron flosculum,W.P.Fang & G.Z.Li,China
Ericaceae,Rhododendron fortunei,Lindl.,China
Ericaceae,Rhododendron fulvum,Balf. f. & W.W. Sm.,China
Ericaceae,Rhododendron galactinum,Balf.f. ex Tagg,China
Ericaceae,Rhododendron gannanense,Z.C.Feng & X.G.Sun,China
Ericaceae,Rhododendron glischrum,Balf. f. & W.W. Sm.,China
Ericaceae,Rhododendron grande,Wight,China
Ericaceae,Rhododendron guangnanense,R.C.Fang,China
Ericaceae,Rhododendron guihainianum,G.Z.Li,China
Ericaceae,Rhododendron guizhouense,M.Y.Fang,China
Ericaceae,Rhododendron hancockii,Hemsl.,China
Ericaceae,Rhododendron hemsleyanum,E.H.Wilson,China
Ericaceae,Rhododendron hirtipes,Tagg,China
Ericaceae,Rhododendron hodgsonii,Hook.f.,China
Ericaceae,Rhododendron huanum,W.P. Fang,China
Ericaceae,Rhododendron hunnewellianum,Rehder & E.H.Wilson,China
Ericaceae,Rhododendron hylaeum,Balf.f. & Farrer,China
Ericaceae,Rhododendron irroratum,Franch.,China
Ericaceae,Rhododendron jinchangense,Z.H.Yang,China
Ericaceae,Rhododendron jiulongshanense,Xiang Chen & Jia Y.Huang,China
Ericaceae,Rhododendron kendrickii,Nutt.,China
Ericaceae,Rhododendron lacteum,Franch.,China
Ericaceae,Rhododendron lanigerum,Tagg,China
Ericaceae,Rhododendron laojunshanense,M.Y. Fang,China
Ericaceae,Rhododendron leigongshanense,C.H.Yang & Z.G.Xie & Y.F.Yu & Z.R.Yang,China
Ericaceae,Rhododendron leptopeplum,Balf. f. & Forrest,China
Ericaceae,Rhododendron liboense,Zheng R.Chen & K.M.Lan,China
Ericaceae,Rhododendron longicalyx,M.Y.Fang,China
Ericaceae,Rhododendron longilobum,L.M. Gao & D.Z. Li,China
Ericaceae,Rhododendron longipes,Rehder & E.H.Wilson,China
Ericaceae,Rhododendron lukiangense,Franch.,China
Ericaceae,Rhododendron lulangense,L.C. Hu & Tateishi,China
Ericaceae,Rhododendron luohanbaense, Yong L.Zhao & D.T.Liu,China
Ericaceae,Rhododendron mackenzianum,Forrest,China
Ericaceae,Rhododendron maculiferum,Franch.,China
Ericaceae,Rhododendron maddenii,Hook.f.,China
Ericaceae,Rhododendron magnificum,Kingdon-Ward,China
Ericaceae,Rhododendron magniflorum,W.K.Hu,China
Ericaceae,Rhododendron mallotum,Balf.f. & Kingdon-Ward,China
Ericaceae,Rhododendron maoerense,W.P.Fang & G.Z.Li,China
Ericaceae,Rhododendron mariesii,Hemsl. & E.H. Wilson,China
Ericaceae,Rhododendron megalanthum,M.Y. Fang,China
Ericaceae,Rhododendron mengtszense,Balf. f. & W.W. Sm.,China
Ericaceae,Rhododendron mitriforme,P.C.Tam,China
Ericaceae,Rhododendron montiganum,T.L. Ming,China
Ericaceae,Rhododendron montroseanum,Davidian,China
Ericaceae,Rhododendron moulmainense,Hook.,China
Ericaceae,Rhododendron nuttallii,T.J.Booth ex Nutt.,China
Ericaceae,Rhododendron nymphaeoides,W.K.Hu,China
Ericaceae,Rhododendron ochraceum,Rehder & E.H.Wilson,China
Ericaceae,Rhododendron oligocarpum,W.P.Fang & X.S.Zhang,China
Ericaceae,Rhododendron orbiculare,Decne.,China
Ericaceae,Rhododendron oreodoxa,Franch.,China
Ericaceae,Rhododendron oreogenum,L.C. Hu,China
Ericaceae,Rhododendron oreotrephes,W.W. Sm.,China
Ericaceae,Rhododendron pachyphyllum,W.P. Fang,China
Ericaceae,Rhododendron pachypodum,Balf. f. & W.W. Sm.,China
Ericaceae,Rhododendron pachytrichum,Franch.,China
Ericaceae,Rhododendron pilostylum,W.K. Hu,China
Ericaceae,Rhododendron pingbianense,M.Y. Fang,China
Ericaceae,Rhododendron pingianum,W.P.Fang,China
Ericaceae,Rhododendron platypodum,Diels,China
Ericaceae,Rhododendron polylepis,Franch.,China
Ericaceae,Rhododendron populare,Cowan,China
Ericaceae,Rhododendron praestans,Balf. f. & W.W. Sm.,China
Ericaceae,Rhododendron protistum,Balf.f. & Forrest,China
Ericaceae,Rhododendron pudiense,Xiang Chen & Jia Y.Huang,China
Ericaceae,Rhododendron pudorosum,Cowan,China
Ericaceae,Rhododendron qiaojiaense,L.M.Gao & D.Z.Li,China
Ericaceae,Rhododendron rex,H.Lév.,China
Ericaceae,Rhododendron ririei,Hemsl. & E.H.Wilson,China
Ericaceae,Rhododendron rothschildii,Davidian,China
Ericaceae,Rhododendron rubiginosum,Franch.,China
Ericaceae,Rhododendron schlippenbachii,Maxim.,China
Ericaceae,Rhododendron selense,Franch,China
Ericaceae,Rhododendron shanii,W.P. Fang,China
Ericaceae,Rhododendron sherriffii,Cowan,China
Ericaceae,Rhododendron sidereum,Balf.f.,China
Ericaceae,Rhododendron sikangense,W.P.Fang,China
Ericaceae,Rhododendron sinofalconeri,Balf.f.,China
Ericaceae,Rhododendron sinogrande,Balf.f. & W.W.Sm.,China
Ericaceae,Rhododendron sinonuttallii,Balf. f. & Forrest,China
Ericaceae,Rhododendron spanotrichum,Balf.f. & W.W.Sm.,China
Ericaceae,Rhododendron stamineum,Franch.,China
Ericaceae,Rhododendron strigillosum,Franch.,China
Ericaceae,Rhododendron taishunense,B.Y.Ding & Y.Y.Fang,China
Ericaceae,Rhododendron tanastylum,Balf.f. & Kingdon-Ward,China
Ericaceae,Rhododendron thomsonii,Hook.f.,China
Ericaceae,Rhododendron tianlinense,P.C.Tam,China
Ericaceae,Rhododendron traillianum,Forrest & W.W. Sm.,China
Ericaceae,Rhododendron triflorum,Hook.f.,China
Ericaceae,Rhododendron truncatovarium,L.M. Gao & D.Z. Li,China
Ericaceae,Rhododendron tutcherae,Hemsl. & E.H. Wilson,China
Ericaceae,Rhododendron uvariifolium,Diels,China
Ericaceae,Rhododendron vaniotii,H. Lév.,China
Ericaceae,Rhododendron vernicosum,Franch.,China
Ericaceae,Rhododendron vesiculiferum,Tagg,China
Ericaceae,Rhododendron wardii,W.W. Sm.,China
Ericaceae,Rhododendron watsonii,Hemsl. & E.H.Wilson,China
Ericaceae,Rhododendron westlandii,Hemsl.,China
Ericaceae,Rhododendron wolongense,W.K.Hu,China
Ericaceae,Rhododendron zaleucum,Balf.f. & W.W.Sm.,China
Ericaceae,Rhododendron ziyuanense,P.C. Tam,China
Ericaceae,Vaccinium albidens,H. Lév. & Vaniot,China
Ericaceae,Vaccinium brachybotrys,(Franch.) Hand.-Mazz.,China
Ericaceae,Vaccinium bracteatum,Thunb.,China
Ericaceae,Vaccinium brevipedicellatum,C.Y.Wu ex W.P.Fang & Z.H.Pan,China
Ericaceae,Vaccinium carlesii,Dunn,China
Ericaceae,Vaccinium duclouxii,(H. Lév.) Hand.-Mazz.,China
Ericaceae,Vaccinium exaristatum,Kurz,China
Ericaceae,Vaccinium guangdongense,W.P.Fang & Z.H.Pan,China
Ericaceae,Vaccinium iteophyllum,Hance,China
Ericaceae,Vaccinium kachinense,Brandis,China
Ericaceae,Vaccinium mandarinorum,Diels,China
Ericaceae,Vaccinium piliferum,(Hook.f. ex C.B.Clarke) Sleumer,China
Ericaceae,Vaccinium pubicalyx,Franch.,China
Ericaceae,Vaccinium sprengelii,(G.Don) Sleumer ex Rehder,China
Ericaceae,Vaccinium subfalcatum,Merr. ex Sleumer,China
Ericaceae,Vaccinium trichocladum,Merr. & F.P. Metcalf,China
Ericaceae,Vaccinium truncatocalyx,Chun ex W.P. Fang & Z.H. Pan,China
Ericaceae,Vaccinium urceolatum,Hemsl.,China
Ericaceae,Vaccinium yaoshanicum,Sleumer,China
Erythroxylaceae,Erythroxylum sinense,Y.C.Wu,China
Escalloniaceae,Polyosma cambodiana,Gagnep.,China
Escalloniaceae,Polyosma integrifolia,Blume,China
Eucommiaceae,Eucommia ulmoides,Oliv.,China
Euphorbiaceae,Alchornea mollis,(Benth.) Müll.Arg.,China
Euphorbiaceae,Alchornea rugosa,(Lour.) Müll.Arg.,China
Euphorbiaceae,Alchornea tiliifolia,(Benth.) Müll.Arg.,China
Euphorbiaceae,Aleurites moluccanus,(L.) Willd.,China
Euphorbiaceae,Balakata baccata,(Roxb.) Esser,China
Euphorbiaceae,Baliospermum angustifolium,Y.T.Chang,China
Euphorbiaceae,Baliospermum bilobatum,T.L.Chin,China
Euphorbiaceae,Baliospermum calycinum,Müll.Arg.,China
Euphorbiaceae,Baliospermum solanifolium,(Burm.) Suresh,China
Euphorbiaceae,Blachia jatrophifolia,Pax & K.Hoffm.,China
Euphorbiaceae,Blachia pentzii,(Müll.Arg.) Benth.,China
Euphorbiaceae,Blachia siamensis,Gagnep.,China
Euphorbiaceae,Cladogynos orientalis,Zipp. ex Span.,China
Euphorbiaceae,Claoxylon indicum,(Reinw. ex Blume) Hassk.,China
Euphorbiaceae,Cleidiocarpon cavaleriei,(H.Lév.) Airy Shaw,China
Euphorbiaceae,Cleidion bracteosum,Gagnep.,China
Euphorbiaceae,Cleidion brevipetiolatum,Pax & K.Hoffm.,China
Euphorbiaceae,Croton cascarilloides,Raeusch.,China
Euphorbiaceae,Croton caudatus,Geiseler,China
Euphorbiaceae,Croton damayeshu,Y.T.Chang,China
Euphorbiaceae,Croton delpyi,Gagnep.,China
Euphorbiaceae,Croton dinghuensis,H.S.Kiu,China
Euphorbiaceae,Croton euryphyllus,W.W.Sm.,China
Euphorbiaceae,Croton hancei,Benth.,China
Euphorbiaceae,Croton howii,Merr. & Chun ex Y.T.Chang,China
Euphorbiaceae,Croton joufra,Roxb.,China
Euphorbiaceae,Croton kongensis,Gagnep.,China
Euphorbiaceae,Croton laevigatus,Vahl,China
Euphorbiaceae,Croton laui,Merr. & F.P.Metcalf,China
Euphorbiaceae,Croton lauioides,Radcl.-Sm. & Govaerts,China
Euphorbiaceae,Croton persimilis,Müll.Arg.,China
Euphorbiaceae,Croton purpurascens,Y.T.Chang,China
Euphorbiaceae,Croton tiglium,L.,China
Euphorbiaceae,Croton yanhuii,Y.T.Chang,China
Euphorbiaceae,Deutzianthus tonkinensis,Gagnep.,China
Euphorbiaceae,Discocleidion rufescens,(Franch.) Pax & K.Hoffm.,China
Euphorbiaceae,Endospermum chinense,Benth.,China
Euphorbiaceae,Epiprinus siletianus,(Baill.) Croizat,China
Euphorbiaceae,Erismanthus sinensis,Oliv.,China
Euphorbiaceae,Euphorbia antiquorum,L.,China
Euphorbiaceae,Euphorbia neriifolia,L.,China
Euphorbiaceae,Euphorbia royleana,Boiss.,China
Euphorbiaceae,Excoecaria acerifolia,Didr.,China
Euphorbiaceae,Excoecaria agallocha,L.,China
Euphorbiaceae,Excoecaria cochinchinensis,Lour.,China
Euphorbiaceae,Falconeria insignis,Royle,China
Euphorbiaceae,Hancea hookeriana,Seem.,China
Euphorbiaceae,Homonoia riparia,Lour.,China
Euphorbiaceae,Koilodepas hainanense,(Merr.) Croizat,China
Euphorbiaceae,Lasiococca comberi,Haines,China
Euphorbiaceae,Macaranga andamanica,Kurz,China
Euphorbiaceae,Macaranga denticulata,(Blume) Müll.Arg.,China
Euphorbiaceae,Macaranga henryi,(Pax & K.Hoffm.) Rehder,China
Euphorbiaceae,Macaranga indica,Wight,China
Euphorbiaceae,Macaranga kurzii,(Kuntze) Pax & K.Hoffm.,China
Euphorbiaceae,Macaranga lowii,King ex Hook.f.,China
Euphorbiaceae,Macaranga sampsonii,Hance,China
Euphorbiaceae,Mallotus apelta,(Lour.) Müll.Arg.,China
Euphorbiaceae,Mallotus barbatus,Müll.Arg.,China
Euphorbiaceae,Mallotus illudens,Croizat,China
Euphorbiaceae,Mallotus khasianus,Hook.f.,China
Euphorbiaceae,Mallotus kongkandae,Welzen & Phattar.,China
Euphorbiaceae,Mallotus lanceolatus,(Gagnep.) Airy Shaw,China
Euphorbiaceae,Mallotus lianus,Croizat,China
Euphorbiaceae,Mallotus metcalfianus,Croizat,China
Euphorbiaceae,Mallotus nepalensis,Müll.Arg.,China
Euphorbiaceae,Mallotus nudiflorus,(L.) Kulju & Welzen,China
Euphorbiaceae,Mallotus oreophilus,Müll.Arg.,China
Euphorbiaceae,Mallotus paniculatus,(Lam.) Müll.Arg.,China
Euphorbiaceae,Mallotus peltatus,(Geiseler) Müll.Arg.,China
Euphorbiaceae,Mallotus philippensis,(Lam.) Müll.Arg.,China
Euphorbiaceae,Mallotus repandus,(Rottler) Müll.Arg.,China
Euphorbiaceae,Mallotus taoyuanensis,C.L.Peng & L.H.Yan,China
Euphorbiaceae,Mallotus tetracoccus,(Roxb.) Kurz,China
Euphorbiaceae,Mallotus tiliifolius,(Blume) Müll.Arg.,China
Euphorbiaceae,Muricococcum sinense,Chun & F.C.How,China
Euphorbiaceae,Neoshirakia japonica,(Siebold & Zucc.) Esser,China
Euphorbiaceae,Ostodes kuangii,Y.T.Chang,China
Euphorbiaceae,Ostodes paniculata,Blume,China
Euphorbiaceae,Strophioblachia fimbricalyx,Boerl.,China
Euphorbiaceae,Sumbaviopsis albicans,(Blume) J.J.Sm.,China
Euphorbiaceae,Suregada glomerulata,(Blume) Baill.,China
Euphorbiaceae,Suregada multiflora,(A.Juss.) Baill.,China
Euphorbiaceae,Triadica cochinchinensis,Lour.,China
Euphorbiaceae,Triadica rotundifolia,(Hemsl.) Esser,China
Euphorbiaceae,Triadica sebifera,(L.) Small,China
Euphorbiaceae,Trigonostemon bonianus,Gagnep.,China
Euphorbiaceae,Trigonostemon eberhardtii,Gagnep.,China
Euphorbiaceae,Trigonostemon flavidus,Gagnep.,China
Euphorbiaceae,Trigonostemon longifolius,Baill. ex Müll.Arg.,China
Euphorbiaceae,Trigonostemon philippinensis,Stapf,China
Euphorbiaceae,Trigonostemon viridissimus,(Kurz) Airy Shaw,China
Euphorbiaceae,Tritaxis poilanei,(Gagnep.) R.Y.Yu & Welzen,China
Euphorbiaceae,Vernicia fordii,(Hemsl.) Airy Shaw,China
Euphorbiaceae,Vernicia montana,Lour.,China
Eupteleaceae,Euptelea pleiosperma,Hook.f. & Thomson,China
Fabaceae,Acrocarpus fraxinifolius,Wight & Arn.,China
Fabaceae,Adenanthera microsperma,Teijsm. & Binn.,China
Fabaceae,Albizia attopeuensis,(Pierre) I.C.Nielsen,China
Fabaceae,Albizia calcarea,Y.H.Huang,China
Fabaceae,Albizia chinensis,(Osbeck) Merr.,China
Fabaceae,Albizia corniculata,(Lour.) Druce,China
Fabaceae,Albizia crassiramea,Lace,China
Fabaceae,Albizia duclouxii,Gagnep.,China
Fabaceae,Albizia garrettii,I.C.Nielsen,China
Fabaceae,Albizia julibrissin,Durazz.,China
Fabaceae,Albizia kalkora,(Roxb.) Prain,China
Fabaceae,Albizia lucida,(Jacques) Benth.,China
Fabaceae,Albizia odoratissima,(L.f.) Benth.,China
Fabaceae,Albizia procera,(Roxb.) Benth.,China
Fabaceae,Albizia sherriffii,Baker f.,China
Fabaceae,Albizia umbrosa,(Wall.) Benth.,China
Fabaceae,Ammopiptanthus nanus,(Popov) S.H.Cheng,China
Fabaceae,Antheroporum harmandii,Gagnep.,China
Fabaceae,Archidendron alternifoliolatum,(T.L.Wu) I.C.Nielsen,China
Fabaceae,Archidendron balansae,(Oliv.) I.C.Nielsen,China
Fabaceae,Archidendron chevalieri,(Kosterm.) I.C.Nielsen,China
Fabaceae,Archidendron clypearia,(Jack) I.C.Nielsen,China
Fabaceae,Archidendron cordifolium,(T.L.Wu) I.C.Nielsen,China
Fabaceae,Archidendron eberhardtii,I.C.Nielsen,China
Fabaceae,Archidendron glabrifolium,(T.L.Wu) I.C.Nielsen,China
Fabaceae,Archidendron kerrii,(Gagnep.) I.C.Nielsen,China
Fabaceae,Archidendron laoticum,(Gagnep.) I.C.Nielsen,China
Fabaceae,Archidendron lucidum,(Benth.) I.C.Nielsen,China
Fabaceae,Archidendron nielsenianum,S.S.Dash & Sanjappa,China
Fabaceae,Archidendron robinsonii,(Gagnep.) I.C.Nielsen,China
Fabaceae,Archidendron tonkinense,I.C.Nielsen,China
Fabaceae,Archidendron turgidum,(Merr.) I.C.Nielsen,China
Fabaceae,Archidendron utile,(Chun & F.C.How) I.C.Nielsen,China
Fabaceae,Archidendron xichouense,(C.Chen & H.Sun) X.Y.Zhu,China
Fabaceae,Bauhinia brachycarpa,Wall. ex Benth.,China
Fabaceae,Bauhinia purpurea,L.,China
Fabaceae,Bauhinia racemosa,Lam.,China
Fabaceae,Bauhinia variegata,L.,China
Fabaceae,Bauhinia viridescens,Desv.,China
Fabaceae,Bowringia callicarpa,Champ. ex Benth.,China
Fabaceae,Brachypterum robustum,(Roxb. ex DC.) Dalzell & A.Gibson,China
Fabaceae,Butea monosperma,(Lam.) Kuntze,China
Fabaceae,Caragana alpina,Y.X.Liou,China
Fabaceae,Caragana arborescens,Lam.,China
Fabaceae,Caragana pekinensis,Kom.,China
Fabaceae,Caragana purdomii,Rehder,China
Fabaceae,Cassia javanica,L.,China
Fabaceae,Cercis chinensis,Bunge,China
Fabaceae,Cercis chingii,Chun,China
Fabaceae,Cercis chuniana,F.P.Metcalf,China
Fabaceae,Cercis glabra,Pamp.,China
Fabaceae,Cercis racemosa,Oliv.,China
Fabaceae,Cladrastis delavayi,(Franch.) Prain,China
Fabaceae,Cladrastis platycarpa,(Maxim.) Makino,China
Fabaceae,Cladrastis wilsonii,Takeda,China
Fabaceae,Dalbergia assamica,Benth.,China
Fabaceae,Dalbergia balansae,Prain,China
Fabaceae,Dalbergia burmanica,Prain,China
Fabaceae,Dalbergia cultrata,T.S.Ralph,China
Fabaceae,Dalbergia hainanensis,Merr. & Chun,China
Fabaceae,Dalbergia hupeana,Hance,China
Fabaceae,Dalbergia mimosoides,Franch.,China
Fabaceae,Dalbergia obtusifolia,Prain        ,China
Fabaceae,Dalbergia odorifera,T.C.Chen,China
Fabaceae,Dalbergia pinnata,(Lour.) Prain,China
Fabaceae,Dalbergia polyadelpha,Prain,China
Fabaceae,Dalbergia sericea,G.Don,China
Fabaceae,Dalbergia stipulacea,Roxb.,China
Fabaceae,Dalbergia tonkinensis,Prain,China
Fabaceae,Dalbergia yunnanensis,Franch.,China
Fabaceae,Dendrolobium lanceolatum,(Dunn) Schindl.,China
Fabaceae,Dendrolobium umbellatum,(L.) Benth.,China
Fabaceae,Derris alborubra,Hemsl.,China
Fabaceae,Erythrina arborescens,Roxb.,China
Fabaceae,Erythrina stricta,Roxb.,China
Fabaceae,Erythrina subumbrans,(Hassk.) Merr.,China
Fabaceae,Erythrina variegata,L.,China
Fabaceae,Erythrophleum fordii,Oliv.,China
Fabaceae,Fordia cauliflora,Hemsl.,China
Fabaceae,Fordia leptobotrys,"(Dunn) Schot, Dasuki & Buijsen",China
Fabaceae,Fordia microphylla,Dunn ex Z.Wei,China
Fabaceae,Gleditsia australis,Hemsl.,China
Fabaceae,Gleditsia fera,(Lour.) Merr.,China
Fabaceae,Gleditsia japonica,Miq.,China
Fabaceae,Gleditsia medogensis,Z.C.Ni,China
Fabaceae,Gleditsia microphylla,D.Gordon ex Y.T.Lee,China
Fabaceae,Gleditsia sinensis,Lam.,China
Fabaceae,Guilandina bonduc,L.,China
Fabaceae,Gymnocladus chinensis,Baill.,China
Fabaceae,Gymnocladus guangxiensis,P.C.Huang & Q.W.Yao,China
Fabaceae,Huchimingia ichthyochtona,(Drake) Z.Q.Song,China
Fabaceae,Hultholia mimosoides,(Lam.) Gagnon & G.P.Lewis,China
Fabaceae,Indigofera atropurpurea,Buch.-Ham. ex Hornem.,China
Fabaceae,Indigofera esquirolii,H.Lév.,China
Fabaceae,Indigofera galegoides,DC.,China
Fabaceae,Indigofera zollingeriana,Miq.,China
Fabaceae,Kanjilalia umbrosa,(Wall.) Sanjappa & Pusalkar,China
Fabaceae,Lysidice brevicalyx,C.F.Wei,China
Fabaceae,Lysidice rhodostegia,Hance,China
Fabaceae,Maackia amurensis,Rupr.,China
Fabaceae,Maackia australis,(Dunn) Takeda,China
Fabaceae,Maackia hupehensis,Takeda,China
Fabaceae,Maackia hwashanensis,W.T.Wang ex C.W.Chang,China
Fabaceae,Maackia tenuifolia,(Hemsl.) Hand.-Mazz.,China
Fabaceae,Millettia austroyunnanensis,Y.Y.Qian,China
Fabaceae,Millettia cubittii,Dunn,China
Fabaceae,Millettia erythrocalyx,Gagnep.,China
Fabaceae,Millettia leucantha,Kurz,China
Fabaceae,Millettia macrostachya,Collett & Hemsl.,China
Fabaceae,Millettia oraria,Dunn,China
Fabaceae,Millettia pachycarpa,Benth.,China
Fabaceae,Millettia pubinervis,Kurz,China
Fabaceae,Millettia pulchra,Kurz,China
Fabaceae,Millettia tetraptera,Kurz,China
Fabaceae,Millettia velutina,Dunn,China
Fabaceae,Moullava tortuosa,(Roxb.) Gagnon & G.P.Lewis,China
Fabaceae,Mucuna sempervirens,Hemsl.,China
Fabaceae,Ormosia apiculata,H.Y.Chen,China
Fabaceae,Ormosia balansae,Drake,China
Fabaceae,Ormosia boluoensis,Y.Q.Wang & P.Y.Chen,China
Fabaceae,Ormosia elliptica,Q.W.Yao & R.H.Chang,China
Fabaceae,Ormosia emarginata,Benth.,China
Fabaceae,Ormosia eugeniifolia,Tsiang ex R.H.Chang,China
Fabaceae,Ormosia ferruginea,R.H.Chang,China
Fabaceae,Ormosia fordiana,Oliv.,China
Fabaceae,Ormosia glaberrima,Y.C.Wu,China
Fabaceae,Ormosia hekouensis,R.H.Chang,China
Fabaceae,Ormosia henryi,Prain,China
Fabaceae,Ormosia hosiei,Hemsl. & E.H.Wilson,China
Fabaceae,Ormosia howii,Merr. & Chun ex H.Y.Chen,China
Fabaceae,Ormosia indurata,H.Y.Chen,China
Fabaceae,Ormosia inflata,Merr. & Chun ex H.Y.Chen,China
Fabaceae,Ormosia longipes,H.Y.Chen.,China
Fabaceae,Ormosia merrilliana,H.Y.Chen,China
Fabaceae,Ormosia microphylla,Merr. ex H.Y.Chen,China
Fabaceae,Ormosia nanningensis,H.Y.Chen,China
Fabaceae,Ormosia napoensis,Z.Wei & R.H.Chang,China
Fabaceae,Ormosia nuda,(F.C.How) R.H.Chang & Q.W.Yao,China
Fabaceae,Ormosia olivacea,H.Y.Chen,China
Fabaceae,Ormosia pachycarpa,Champ. ex Benth.,China
Fabaceae,Ormosia pachyptera,H.Y.Chen,China
Fabaceae,Ormosia pingbianensis,W.C.Cheng & R.H.Chang,China
Fabaceae,Ormosia pinnata,(Lour.) Merr.,China
Fabaceae,Ormosia pubescens,R.H.Chang,China
Fabaceae,Ormosia purpureiflora,H.Y.Chen.,China
Fabaceae,Ormosia saxatilis,K.M.Lan,China
Fabaceae,Ormosia semicastrata,Hance,China
Fabaceae,Ormosia sericeolucida,H.Y.Chen,China
Fabaceae,Ormosia simplicifolia,Merr. & Chun ex H.Y.Chen,China
Fabaceae,Ormosia striata,Dunn,China
Fabaceae,Ormosia sumatrana,Prain,China
Fabaceae,Ormosia xylocarpa,Merr. & Chun ex H.Y.Chen,China
Fabaceae,Ormosia yunnanensis,Prain,China
Fabaceae,Parkia leiophylla,Kurz,China
Fabaceae,Peltophorum dasyrhachis,(Miq.) Kurz,China
Fabaceae,Pongamia pinnata,(L.) Pierre,China
Fabaceae,Pterocarpus indicus,Willd.,China
Fabaceae,Saraca dives,Pierre,China
Fabaceae,Saraca griffithiana,Prain,China
Fabaceae,Senegalia catechu,(L.f.) P.J.H.Hurter & Mabb.,China
Fabaceae,Senegalia pennata,(L.) Maslin,China
Fabaceae,Senegalia pruinescens,"(Kurz) Maslin, Seigler & Ebinger",China
Fabaceae,Senegalia rugata,(Lam.) Britton & Rose,China
Fabaceae,Senegalia teniana,"(Harms) Maslin, Seigler & Ebinger",China
Fabaceae,Sindora glabra,Merr. ex de Wit,China
Fabaceae,Sophora brachygyna,C.Y.Ma,China
Fabaceae,Sophora davidii,(Franch.) Skeels,China
Fabaceae,Sophora franchetiana,Dunn,China
Fabaceae,Sophora prazeri,Prain,China
Fabaceae,Sophora tomentosa,L.,China
Fabaceae,Sophora tonkinensis,Gagnep.,China
Fabaceae,Sophora yunnanensis,C.Y.Ma,China
Fabaceae,Spatholobus parviflorus,(Roxb. ex G.Don) Kuntze,China
Fabaceae,Zenia insignis,Chun,China
Fagaceae,Castanea henryi,(Skan) Rehder & E.H.Wilson,China
Fagaceae,Castanea mollissima,Blume,China
Fagaceae,Castanea seguinii,Dode,China
Fagaceae,Castanopsis acuminatissima,(Blume) A.DC.,China
Fagaceae,Castanopsis amabilis,W.C.Cheng & C.S.Chao,China
Fagaceae,Castanopsis annamensis,Hickel & A.Camus,China
Fagaceae,Castanopsis argyrophylla,King ex Hook.f.,China
Fagaceae,Castanopsis boisii,Hickel & A.Camus,China
Fagaceae,Castanopsis calathiformis,(Skan) Rehder & E.H.Wilson,China
Fagaceae,Castanopsis carlesii,(Hemsl.) Hayata,China
Fagaceae,Castanopsis ceratacantha,Rehder & E.H.Wilson,China
Fagaceae,Castanopsis cerebrina,(Hickel & A.Camus) Barnett,China
Fagaceae,Castanopsis chinensis,(Spreng.) Hance,China
Fagaceae,Castanopsis choboensis,Hickel & A.Camus,China
Fagaceae,Castanopsis chunii,W.C.Cheng,China
Fagaceae,Castanopsis clarkei,King ex Hook.f.,China
Fagaceae,Castanopsis concinna,(Champ. ex Benth.) A.DC.,China
Fagaceae,Castanopsis crassifolia,Hickel & A.Camus,China
Fagaceae,Castanopsis cryptoneuron,(H.Lév.) A.Camus,China
Fagaceae,Castanopsis damingshanensis,S.L.Mo ex C.C.Huang & Y.T.Chang,China
Fagaceae,Castanopsis delavayi,Franch.,China
Fagaceae,Castanopsis densispinosa,Y.C.Hsu & H.Wei Jen,China
Fagaceae,Castanopsis diversifolia,(Kurz) King ex Hook.f.,China
Fagaceae,Castanopsis echinocarpa,Miq.,China
Fagaceae,Castanopsis eyrei,(Champ. ex Benth.) Hutch.,China
Fagaceae,Castanopsis faberi,Hance,China
Fagaceae,Castanopsis fargesii,Franch.,China
Fagaceae,Castanopsis ferox,(Roxb.) Spach,China
Fagaceae,Castanopsis fissa,(Champ. ex Benth.) Rehder & E.H.Wilson,China
Fagaceae,Castanopsis fleuryi,Hickel & A.Camus,China
Fagaceae,Castanopsis fordii,Hance,China
Fagaceae,Castanopsis formosana,(Skan) Hayata,China
Fagaceae,Castanopsis glabrifolia,J.Q.Li & Li Chen,China
Fagaceae,Castanopsis globigemmata,Chun & C.C.Huang,China
Fagaceae,Castanopsis hainanensis,Merr.,China
Fagaceae,Castanopsis hsiensiui,J.Q.Li & Li Chen,China
Fagaceae,Castanopsis hupehensis,C.S.Chao,China
Fagaceae,Castanopsis indica,(Roxb. ex Lindl.) A.DC.,China
Fagaceae,Castanopsis jianfenglingensis,Duanmu,China
Fagaceae,Castanopsis jinpingensis,J.Q.Li & Li Chen,China
Fagaceae,Castanopsis jucunda,Hance,China
Fagaceae,Castanopsis kawakamii,Hayata,China
Fagaceae,Castanopsis kweichowensis,Hu,China
Fagaceae,Castanopsis lamontii,Hance,China
Fagaceae,Castanopsis ledongensis,C.C.Huang & Y.T.Chang      ,China
Fagaceae,Castanopsis longispina,(King ex Hook.f.) C.C.Huang & Y.T.Zhang,China
Fagaceae,Castanopsis malipoensis,C.C.Huang ex J.Q.Li & Li Chen,China
Fagaceae,Castanopsis mekongensis,A.Camus,China
Fagaceae,Castanopsis neocavaleriei,A.Camus,China
Fagaceae,Castanopsis nigrescens,Chun & C.C.Huang,China
Fagaceae,Castanopsis oblonga,Y.C.Hsu & H.Wei Jen,China
Fagaceae,Castanopsis orthacantha,Franch.,China
Fagaceae,Castanopsis ouonbiensis,Hickel & A.Camus,China
Fagaceae,Castanopsis platyacantha,Rehder & E.H.Wilson,China
Fagaceae,Castanopsis purpurella,(Miq.) N.P.Balakr.,China
Fagaceae,Castanopsis remotidenticulata,Hu,China
Fagaceae,Castanopsis rockii,A.Camus,China
Fagaceae,Castanopsis rufotomentosa,Hu,China
Fagaceae,Castanopsis sclerophylla,(Lindl. & Paxton) Schottky,China
Fagaceae,Castanopsis semifabri,X.M.Chen & B.P.Yu,China
Fagaceae,Castanopsis subuliformis,Chun & C.C.Huang,China
Fagaceae,Castanopsis tcheponensis,Hickel & A.Camus,China
Fagaceae,Castanopsis tessellata,Hickel & A.Camus,China
Fagaceae,Castanopsis tibetana,Hance,China
Fagaceae,Castanopsis tonkinensis,Seemen,China
Fagaceae,Castanopsis tribuloides,(Sm.) A.DC.,China
Fagaceae,Castanopsis trinervis,(H.Lév.) A.Camus,China
Fagaceae,Castanopsis undulatifolia,G.A.Fu,China
Fagaceae,Castanopsis wattii,(King ex Hook.f.) A.Camus,China
Fagaceae,Castanopsis wenchangensis,G.A.Fu & C.C.Huang,China
Fagaceae,Castanopsis xichouensis,C.C.Huang & Y.T.Chang,China
Fagaceae,Fagus chienii,W.C.Cheng,China
Fagaceae,Fagus engleriana,Seem. ex Diels,China
Fagaceae,Fagus lucida,Rehder & E.H.Wilson,China
Fagaceae,Fagus sinensis,Oliv.,China
Fagaceae,Lithocarpus amoenus,Chun & C.C.Huang,China
Fagaceae,Lithocarpus amygdalifolius,(Skan) Hayata,China
Fagaceae,Lithocarpus apricus,C.C.Huang & Y.T.Chang,China
Fagaceae,Lithocarpus arcaulus,(Buch.-Ham. ex D.Don) C.C.Huang & Y.T.Chang,China
Fagaceae,Lithocarpus attenuatus,(Skan) Rehder,China
Fagaceae,Lithocarpus bacgiangensis,(Hickel & A.Camus) A.Camus,China
Fagaceae,Lithocarpus balansae,(Drake) A.Camus,China
Fagaceae,Lithocarpus bonnetii,(Hickel & A.Camus) A.Camus,China
Fagaceae,Lithocarpus brachystachyus,Chun,China
Fagaceae,Lithocarpus brevicaudatus,(Skan) Hayata,China
Fagaceae,Lithocarpus calolepis,Y.C.Hsu & H.Wei Jen,China
Fagaceae,Lithocarpus calophyllus,Chun ex C.C.Huang & Y.T.Chang,China
Fagaceae,Lithocarpus carolinae,(Skan ex Dunn) Rehder,China
Fagaceae,Lithocarpus caudatilimbus,(Merr.) A.Camus,China
Fagaceae,Lithocarpus chienchuanensis,Hu,China
Fagaceae,Lithocarpus chifui,Chun & Tsiang,China
Fagaceae,Lithocarpus chiungchungensis,Chun & P.C.Tam,China
Fagaceae,Lithocarpus chrysocomus,Chun & Tsiang,China
Fagaceae,Lithocarpus cinereus,Chun & C.C.Huang,China
Fagaceae,Lithocarpus cleistocarpus,(Seemen) Rehder & E.H.Wilson,China
Fagaceae,Lithocarpus confinis,S.H.Huang ex Y.C.Hsu & H.W.Jen,China
Fagaceae,Lithocarpus corneus,(Lour.) Rehder,China
Fagaceae,Lithocarpus craibianus,Barnett,China
Fagaceae,Lithocarpus crassifolius,A.Camus,China
Fagaceae,Lithocarpus cryptocarpus,A.Camus,China
Fagaceae,Lithocarpus cucullatus,C.C.Huang & Y.T.Chang,China
Fagaceae,Lithocarpus cyrtocarpus,(Drake) A.Camus,China
Fagaceae,Lithocarpus dahuensis,"H.X.Su, Miao Zhang & B.Hua Chen",China
Fagaceae,Lithocarpus damiaoshanicus,C.C.Huang & Y.T.Chang,China
Fagaceae,Lithocarpus dealbatus,(Hook.f. & Thomson ex Miq.) Rehder,China
Fagaceae,Lithocarpus ducampii,(Hickel & A.Camus) A.Camus,China
Fagaceae,Lithocarpus echinophorus,(Hickel & A.Camus) A.Camus,China
Fagaceae,Lithocarpus echinotholus,(Hu) H.Y.Chun & Huang ex Y.C.Hsu & H.W.Jen,China
Fagaceae,Lithocarpus elaeagnifolius,(Seemen) Chun,China
Fagaceae,Lithocarpus elegans,(Blume) Hatus. ex Soepadmo,China
Fagaceae,Lithocarpus elizabethae,(Tutcher) Rehder,China
Fagaceae,Lithocarpus elmerrillii,Chun,China
Fagaceae,Lithocarpus eriobotryoides,C.C.Huang & Y.T.Chang,China
Fagaceae,Lithocarpus farinulentus,(Hance) A.Camus,China
Fagaceae,Lithocarpus fenestratus,(Roxb.) Rehder,China
Fagaceae,Lithocarpus fenzelianus,A.Camus,China
Fagaceae,Lithocarpus floccosus,C.C.Huang & Y.T.Chang,China
Fagaceae,Lithocarpus fohaiensis,(Hu) A.Camus,China
Fagaceae,Lithocarpus fordianus,(Hemsl.) Chun,China
Fagaceae,Lithocarpus gaoligongensis,C.C.Huang & Y.T.Chang,China
Fagaceae,Lithocarpus garrettianus,(Craib) A.Camus,China
Fagaceae,Lithocarpus glaber,(Thunb.) Nakai,China
Fagaceae,Lithocarpus glaucus,Chun & C.C.Huang ex H.G.Ye,China
Fagaceae,Lithocarpus gymnocarpus,A.Camus,China
Fagaceae,Lithocarpus haipinii,Chun,China
Fagaceae,Lithocarpus hancei,(Benth.) Rehder,China
Fagaceae,Lithocarpus handelianus,A.Camus,China
Fagaceae,Lithocarpus harlandii,(Hance ex Walp.) Rehder,China
Fagaceae,Lithocarpus henryi,(Seemen) Rehder & E.H.Wilson,China
Fagaceae,Lithocarpus himalaicus,C.C.Huang & Y.T.Chang,China
Fagaceae,Lithocarpus howii,Chun,China
Fagaceae,Lithocarpus hypoglaucus,(Hu) C.C.Huang ex Y.C.Hsu & H.W.Jen,China
Fagaceae,Lithocarpus irwinii,(Hance) Rehder,China
Fagaceae,Lithocarpus iteaphyllus,(Hance) Rehder,China
Fagaceae,Lithocarpus ithyphyllus,Chun ex H.T.Chang,China
Fagaceae,Lithocarpus jenkinsii,(Benth.) C.C.Huang & Y.T.Chang,China
Fagaceae,Lithocarpus konishii,(Hayata) Hayata,China
Fagaceae,Lithocarpus laetus,Chun & C.C.Huang ex Y.C.Hsu & H.W.Jen,China
Fagaceae,Lithocarpus laoticus,(Hickel & A.Camus) A.Camus,China
Fagaceae,Lithocarpus leucodermis,Chun & C.C.Huang,China
Fagaceae,Lithocarpus levis,Chun & C.C.Huang,China
Fagaceae,Lithocarpus listeri,(King) Grierson & D.G.Long,China
Fagaceae,Lithocarpus lithocarpaeus,(Oerst.) Hjelmq.,China
Fagaceae,Lithocarpus litseifolius,(Hance) Chun,China
Fagaceae,Lithocarpus longanoides,C.C.Huang & Y.T.Chang,China
Fagaceae,Lithocarpus longinux,(Hu) Chun ex Y.C.Hsu & H.Wei Jen,China
Fagaceae,Lithocarpus longipedicellatus,(Hickel & A.Camus) A.Camus,China
Fagaceae,Lithocarpus longzhouicus,(C.C.Huang & Y.T.Chang) J.Q.Li & Li Chen,China
Fagaceae,Lithocarpus lycoperdon,(Skan) A.Camus,China
Fagaceae,Lithocarpus macilentus,Chun & C.C.Huang,China
Fagaceae,Lithocarpus magneinii,(Hickel & A.Camus) A.Camus,China
Fagaceae,Lithocarpus mairei,(Schottky) Rehder,China
Fagaceae,Lithocarpus megalophyllus,Rehder & E.H.Wilson,China
Fagaceae,Lithocarpus mekongensis,(A.Camus) C.C.Huang & Y.T.Zhang,China
Fagaceae,Lithocarpus melanochromus,Chun & Tsiang ex C.C.Huang & Y.T.Chang,China
Fagaceae,Lithocarpus mianningensis,Hu,China
Fagaceae,Lithocarpus naiadarum,(Hance) Chun,China
Fagaceae,Lithocarpus oblanceolatus,C.C.Huang & Y.T.Chang,China
Fagaceae,Lithocarpus obovatilimbus,Chun,China
Fagaceae,Lithocarpus obscurus,C.C.Huang & Y.T.Chang,China
Fagaceae,Lithocarpus oleifolius,A.Camus,China
Fagaceae,Lithocarpus pachylepis,A.Camus,China
Fagaceae,Lithocarpus pachyphyllus,(Kurz) Rehder,China
Fagaceae,Lithocarpus paihengii,Chun & Tsiang,China
Fagaceae,Lithocarpus pakhaensis,A.Camus,China
Fagaceae,Lithocarpus paniculatus,Hand.-Mazz.,China
Fagaceae,Lithocarpus petelotii,A.Camus,China
Fagaceae,Lithocarpus phansipanensis,A.Camus,China
Fagaceae,Lithocarpus propinquus,C.C.Huang & Y.T.Chang,China
Fagaceae,Lithocarpus pseudoreinwardtii,A.Camus,China
Fagaceae,Lithocarpus pseudovestitus,A.Camus,China
Fagaceae,Lithocarpus pseudoxizangensis,Z.K.Zhou & H.Sun,China
Fagaceae,Lithocarpus qinzhouicus,C.C.Huang & Y.T.Chang,China
Fagaceae,Lithocarpus quercifolius,C.C.Huang & Y.T.Chang,China
Fagaceae,Lithocarpus rhabdostachyus,(Hickel & A.Camus) A.Camus,China
Fagaceae,Lithocarpus rosthornii,(Schottky) Barnett,China
Fagaceae,Lithocarpus shunningensis,Hu,China
Fagaceae,Lithocarpus silvicolarum,(Hance) Chun,China
Fagaceae,Lithocarpus skanianus,(Dunn) Rehder,China
Fagaceae,Lithocarpus sphaerocarpus,(Hickel & A.Camus) A.Camus,China
Fagaceae,Lithocarpus tabularis,Y.C.Hsu & H.Wei Jen,China
Fagaceae,Lithocarpus taitoensis,(Hayata) Hayata,China
Fagaceae,Lithocarpus talangensis,C.C.Huang & Y.T.Chang,China
Fagaceae,Lithocarpus tenuilimbus,H.T.Chang,China
Fagaceae,Lithocarpus tephrocarpus,(Drake) A.Camus,China
Fagaceae,Lithocarpus thomsonii,(Miq.) Rehder,China
Fagaceae,Lithocarpus trachycarpus,(Hickel & A.Camus) A.Camus,China
Fagaceae,Lithocarpus triqueter,(Hickel & A.Camus) A.Camus,China
Fagaceae,Lithocarpus truncatus,(King ex Hook.f.) Rehder,China
Fagaceae,Lithocarpus tubulosus,(Hickel & A.Camus) A.Camus,China
Fagaceae,Lithocarpus uraianus,(Hayata) Hayata,China
Fagaceae,Lithocarpus uvariifolius,(Hance) Rehder,China
Fagaceae,Lithocarpus variolosus,(Franch.) Chun,China
Fagaceae,Lithocarpus vestitus,(Hickel & A.Camus) A.Camus,China
Fagaceae,Lithocarpus xizangensis,C.C.Huang & Y.T.Chang,China
Fagaceae,Lithocarpus xylocarpus,(Kurz) Markgr.,China
Fagaceae,Lithocarpus yangchunensis,H.G.Ye & F.G.Wang,China
Fagaceae,Lithocarpus yongfuensis,Q.F.Zheng,China
Fagaceae,Quercus acrodonta,Seemen,China
Fagaceae,Quercus acuta,Thunb.,China
Fagaceae,Quercus acutissima,Carruth.,China
Fagaceae,Quercus albicaulis,Chun & W.C.Ko,China
Fagaceae,Quercus aliena,Blume,China
Fagaceae,Quercus annulata,Sm.,China
Fagaceae,Quercus aquifolioides,Rehder & E.H.Wilson,China
Fagaceae,Quercus arbutifolia,Hickel & A.Camus,China
Fagaceae,Quercus argyrotricha,A.Camus,China
Fagaceae,Quercus asymmetrica,Hickel & A.Camus,China
Fagaceae,Quercus augustinei,Skan,China
Fagaceae,Quercus auricoma,A.Camus,China
Fagaceae,Quercus austrocochinchinensis,Hickel & A.Camus,China
Fagaceae,Quercus bambusifolia,Hance,China
Fagaceae,Quercus baronii,Skan,China
Fagaceae,Quercus bawanglingensis,"C.C.Huang, Ze X.Li & F.W.Xing",China
Fagaceae,Quercus bella,Chun & Tsiang,China
Fagaceae,Quercus blakei,Skan,China
Fagaceae,Quercus brevicalyx,A.Camus,China
Fagaceae,Quercus championii,Benth.,China
Fagaceae,Quercus chapensis,Hickel & A.Camus,China
Fagaceae,Quercus chenii,Nakai,China
Fagaceae,Quercus chevalieri,Hickel & A.Camus,China
Fagaceae,Quercus chrysocalyx,Hickel & A.Camus,China
Fagaceae,Quercus chungii,F.P.Metcalf,China
Fagaceae,Quercus ciliaris,C.C.Huang & Y.T.Chang,China
Fagaceae,Quercus cocciferoides,Hand.-Mazz.,China
Fagaceae,Quercus conduplicans,Chun,China
Fagaceae,Quercus daimingshanensis,(S.K.Lee) C.C.Huang,China
Fagaceae,Quercus delavayi,Franch.,China
Fagaceae,Quercus delicatula,Chun & Tsiang,China
Fagaceae,Quercus dentata,Thunb.,China
Fagaceae,Quercus dinghuensis,C.C.Huang,China
Fagaceae,Quercus disciformis,Chun & Tsiang,China
Fagaceae,Quercus dolicholepis,A.Camus,China
Fagaceae,Quercus dongfangensis,"C.C.Huang, F.W.Xing & Ze X.Li",China
Fagaceae,Quercus edithiae,Skan,China
Fagaceae,Quercus elevaticostata,(Q.F.Zheng) C.C.Huang,China
Fagaceae,Quercus engleriana,Seemen,China
Fagaceae,Quercus fabrei,Hance,China
Fagaceae,Quercus fimbriata,Y.C.Hsu & H.Wei Jen,China
Fagaceae,Quercus franchetii,Skan,China
Fagaceae,Quercus fuliginosa,Chun & W.C.Ko,China
Fagaceae,Quercus gambleana,A.Camus,China
Fagaceae,Quercus gilliana,Rehder & E.H.Wilson,China
Fagaceae,Quercus gilva,Blume,China
Fagaceae,Quercus glauca,Thunb.,China
Fagaceae,Quercus gomeziana,A.Camus,China
Fagaceae,Quercus gracilenta,Chun,China
Fagaceae,Quercus griffithii,Hook.f. & Thomson ex Miq.,China
Fagaceae,Quercus guyavifolia,H.Lév.,China
Fagaceae,Quercus helferiana,A.DC.,China
Fagaceae,Quercus hypargyrea,(Seemen ex Diels) C.C.Huang & Y.T.Chang,China
Fagaceae,Quercus jenseniana,Hand.-Mazz.,China
Fagaceae,Quercus jinpinensis,(Y.C.Hsu & H.Wei Jen) C.C.Huang,China
Fagaceae,Quercus kerrii,Craib,China
Fagaceae,Quercus kingiana,Craib,China
Fagaceae,Quercus kiukiangensis,(Y.T.Chang) Y.T.Chang,China
Fagaceae,Quercus kouangsiensis,A.Camus,China
Fagaceae,Quercus lamellosa,Sm.,China
Fagaceae,Quercus lanata,Sm.,China
Fagaceae,Quercus liboensis,Z.K.Zhou,China
Fagaceae,Quercus lineata,Blume,China
Fagaceae,Quercus litseoides,Dunn,China
Fagaceae,Quercus lobbii,Ettingsh.,China
Fagaceae,Quercus lodicosa,O.E.Warb. & E.F.Warb.,China
Fagaceae,Quercus longispica,(Hand.-Mazz.) A.Camus,China
Fagaceae,Quercus lungmaiensis,(Hu) C.C.Huang & Y.T.Chang,China
Fagaceae,Quercus macrocalyx,Hickel & A.Camus,China
Fagaceae,Quercus marlipoensis,Hu & W.C.Cheng,China
Fagaceae,Quercus mongolica,Fisch. ex Ledeb.,China
Fagaceae,Quercus monimotricha,(Hand.-Mazz.) Hand.-Mazz.,China
Fagaceae,Quercus monnula,Y.C.Hsu & H.Wei Jen,China
Fagaceae,Quercus motuoensis,C.C.Huang,China
Fagaceae,Quercus myrsinifolia,Blume,China
Fagaceae,Quercus ningangensis,(W.C.Cheng & Y.C.Hsu) C.C.Huang,China
Fagaceae,Quercus ningqiangensis,S.Z.Qu & W.H.Zhang,China
Fagaceae,Quercus obconicus,Z.K.Zhou,China
Fagaceae,Quercus oxyodon,Miq.,China
Fagaceae,Quercus oxyphylla,(E.H.Wilson) Hand.-Mazz.,China
Fagaceae,Quercus pachyloma,Seemen,China
Fagaceae,Quercus pannosa,Hand.-Mazz.,China
Fagaceae,Quercus pentacycla,Y.T.Chang,China
Fagaceae,Quercus phanera,Chun,China
Fagaceae,Quercus phillyreoides,A.Gray,China
Fagaceae,Quercus pinbianensis,(Y.C.Hsu & H.Wei Jen) C.C.Huang & Y.T.Chang,China
Fagaceae,Quercus poilanei,Hickel & A.Camus,China
Fagaceae,Quercus pseudosetulosa,Q.S.Li & T.Y.Tu,China
Fagaceae,Quercus rehderiana,Hand.-Mazz.,China
Fagaceae,Quercus rex,Hemsl.,China
Fagaceae,Quercus saravanensis,A.Camus,China
Fagaceae,Quercus schottkyana,Rehder & E.H.Wilson,China
Fagaceae,Quercus semecarpifolia,Sm.,China
Fagaceae,Quercus semiserrata,Roxb.,China
Fagaceae,Quercus semiserratoides,(Y.C.Hsu & H.Wei Jen) C.C.Huang & Y.T.Chang,China
Fagaceae,Quercus senescens,Hand.-Mazz.,China
Fagaceae,Quercus serrata,Murray,China
Fagaceae,Quercus sessilifolia,Blume,China
Fagaceae,Quercus setulosa,Hickel & A.Camus,China
Fagaceae,Quercus shangxiensis,Z.K.Zhou,China
Fagaceae,Quercus shennongii,C.C.Huang & S.H.Fu,China
Fagaceae,Quercus shingjenensis,Y.T.Chang,China
Fagaceae,Quercus sichourensis,(Y.C.Hsu) C.C.Huang & Y.T.Chang,China
Fagaceae,Quercus spinosa,David,China
Fagaceae,Quercus stewardiana,A.Camus,China
Fagaceae,Quercus thorelii,Hickel & A.Camus,China
Fagaceae,Quercus tiaoloshanica,Chun & W.C.Ko,China
Fagaceae,Quercus tomentosinervis,(Y.C.Hsu & H.Wei Jen) C.C.Huang,China
Fagaceae,Quercus tsinglingensis,S.L.Liou ex S.Z.Qu & W.H.Zhang,China
Fagaceae,Quercus tungmaiensis,Y.T.Chang,China
Fagaceae,Quercus utilis,Hu & W.C.Cheng,China
Fagaceae,Quercus variabilis,Blume,China
Fagaceae,Quercus wutaishanica,Mayr,China
Fagaceae,Quercus xanthotricha,A.Camus,China
Fagaceae,Quercus yonganensis,L.K.Ling & C.C.Huang,China
Fagaceae,Trigonobalanus doichangensis,(A.Camus) Forman,China
Fagaceae,Trigonobalanus verticillata,Forman,China
Garryaceae,Aucuba albopunctifolia,F.T.Wang,China
Garryaceae,Aucuba chinensis,Benth.,China
Garryaceae,Aucuba chlorascens,F.T.Wang,China
Garryaceae,Aucuba confertiflora,W.P.Fang & Soong,China
Garryaceae,Aucuba eriobotryifolia,F.T.Wang,China
Garryaceae,Aucuba himalaica,Hook.f. & Thomson,China
Garryaceae,Aucuba obcordata,(Rehder) K.T.Fu ex W.K.Hu & Soong,China
Gentianaceae,Fagraea ceilanica,Thunb.,China
Ginkgoaceae,Ginkgo biloba,L.,China
Gnetaceae,Gnetum gnemon,L.,China
Hamamelidaceae,Chunia bucklandioides,H.T.Chang,China
Hamamelidaceae,Corylopsis glaucescens,Hand.-Mazz.,China
Hamamelidaceae,Corylopsis henryi,Hemsl.,China
Hamamelidaceae,Corylopsis multiflora,Hance,China
Hamamelidaceae,Corylopsis sinensis,Hemsl.,China
Hamamelidaceae,Corylopsis trabeculosa,Hu & W.C.Cheng,China
Hamamelidaceae,Corylopsis willmottiae,Rehder & E.H.Wilson,China
Hamamelidaceae,Distyliopsis dunnii,(J.H.Hemsl.) Endress,China
Hamamelidaceae,Distyliopsis laurifolia,(J.H.Hemsl.) Endress,China
Hamamelidaceae,Distyliopsis salicifolia,(H.L.Li & E.Walker) Endress,China
Hamamelidaceae,Distyliopsis tutcheri,(J.H.Hemsl.) Endress,China
Hamamelidaceae,Distyliopsis yunnanensis,(H.T.Chang) C.Y.Wu,China
Hamamelidaceae,Distylium chungii,(Metcalfe) W.C.Cheng,China
Hamamelidaceae,Distylium cuspidatum,H.T.Chang,China
Hamamelidaceae,Distylium dunnianum,H.Lév.,China
Hamamelidaceae,Distylium elaeagnoides,H.T.Chang,China
Hamamelidaceae,Distylium macrophyllum,H.T.Chang,China
Hamamelidaceae,Distylium myricoides,Hemsl.,China
Hamamelidaceae,Distylium pingpienense,(Hu) E.Walker,China
Hamamelidaceae,Distylium racemosum,Siebold & Zucc.,China
Hamamelidaceae,Distylium tsiangii,Chun ex Walker,China
Hamamelidaceae,Eustigma balansae,Oliv.,China
Hamamelidaceae,Eustigma lenticellatum,C.Y.Wu,China
Hamamelidaceae,Eustigma oblongifolium,Gardner & Champ.,China
Hamamelidaceae,Exbucklandia longipetala,H.T.Chang,China
Hamamelidaceae,Exbucklandia populnea,(R.Br. ex Griff.) R.W.Br.,China
Hamamelidaceae,Exbucklandia tonkinensis,(Lecomte) H.T.Chang,China
Hamamelidaceae,Fortunearia sinensis,Rehder & E.H.Wilson,China
Hamamelidaceae,Hamamelis mollis,Oliv.,China
Hamamelidaceae,Loropetalum chinense,(R.Br.) Oliv.,China
Hamamelidaceae,Loropetalum lanceum,Hand.-Mazz.,China
Hamamelidaceae,Loropetalum subcordatum,Oliv.        ,China
Hamamelidaceae,Mytilaria laosensis,Lecomte,China
Hamamelidaceae,Parrotia subaequalis,(Hung T. Chang) R.M. Hao & H.T. Wei,China
Hamamelidaceae,Rhodoleia championii,Hook.f.,China
Hamamelidaceae,Rhodoleia forrestii,Chun ex Exell,China
Hamamelidaceae,Rhodoleia henryi,Tong,China
Hamamelidaceae,Rhodoleia macrocarpa,Hung T. Chang,China
Hamamelidaceae,Rhodoleia parvipetala,Tong,China
Hamamelidaceae,Rhodoleia stenopetala,Hung T. Chang,China
Hamamelidaceae,Sinowilsonia henryi,Hemsl.,China
Hamamelidaceae,Sycopsis sinensis,Oliv.,China
Helwingiaceae,Helwingia chinensis,Batalin,China
Helwingiaceae,Helwingia himalaica,Hook.f. & Thomson ex C.B.Clarke,China
Helwingiaceae,Helwingia omeiensis,(W.P.Fang) H.Hara & S.Kuros.,China
Hernandiaceae,Hernandia nymphaeifolia,(C.Presl) Kubitzki,China
Hydrangeaceae,Hydrangea aspera,D. Don,China
Hydrangeaceae,Hydrangea heteromalla,D. Don,China
Hydrangeaceae,Hydrangea macrocarpa,Hand.-Mazz.,China
Hydrangeaceae,Hydrangea paniculata,Siebold,China
Hydrangeaceae,Hydrangea robusta,Hook.f. & Thomson,China
Hydrangeaceae,Hydrangea xanthoneura,Diels,China
Hypericaceae,Cratoxylum cochinchinense,(Lour.) Blume,China
Hypericaceae,Cratoxylum formosum,(Jack) Benth. & Hook.f. ex Dyer,China
Icacinaceae,Mappia collina,(C.Y.Wu) Byng & Stull,China
Icacinaceae,Mappia obscura,(C.Y.Wu) Byng & Stull,China
Icacinaceae,Mappia obtusifolia,Merr.,China
Icacinaceae,Mappia pittosporoides,Oliv.,China
Icacinaceae,Pittosporopsis kerrii,Craib,China
Iteaceae,Itea chinensis,Hook. & Arn.,China
Iteaceae,Itea coriacea,Y.C.Wu,China
Iteaceae,Itea glutinosa,Hand.-Mazz.,China
Iteaceae,Itea indochinensis,Merr.,China
Iteaceae,Itea kiukiangensis,C.C. Huang & S.C. Huang ex H. Chuang,China
Iteaceae,Itea macrophylla,Wall.,China
Iteaceae,Itea omeiensis,C.K.Schneid.,China
Iteaceae,Itea riparia,Collett & Hemsl.,China
Iteaceae,Itea yangchunensis,S.Y. Jin,China
Iteaceae,Itea yunnanensis,Franch.,China
Ixonanthaceae,Ixonanthes chinensis,(Hook. & Arn.) Champ.,China
Ixonanthaceae,Ixonanthes reticulata,Jack,China
Juglandaceae,Alfaropsis roxburghiana,(Lindl. ex Wall.) Iljinsk.,China
Juglandaceae,Carya cathayensis,Sarg.,China
Juglandaceae,Carya hunanensis,C.C.Cheng & R.H.Chang,China
Juglandaceae,Carya kweichowensis,Kuang & A.M.Lu,China
Juglandaceae,Carya luana,C.Y.Deng & X.G.Xiang,China
Juglandaceae,Carya sinensis,Dode,China
Juglandaceae,Carya tonkinensis,Lecomte,China
Juglandaceae,Cyclocarya paliurus,(Batalin) Iljinsk.,China
Juglandaceae,Engelhardia hainanensis,P.Y.Chen,China
Juglandaceae,Engelhardia spicata,Lechen ex Blume,China
Juglandaceae,Juglans cathayensis,Dode,China
Juglandaceae,Juglans mandshurica,Maxim.,China
Juglandaceae,Juglans regia,L.,China
Juglandaceae,Platycarya strobilacea,Siebold & Zucc.,China
Juglandaceae,Pterocarya hupehensis,Skan,China
Juglandaceae,Pterocarya macroptera,Batalin,China
Juglandaceae,Pterocarya rhoifolia,Siebold & Zucc.,China
Juglandaceae,Pterocarya stenoptera,C.DC.,China
Juglandaceae,Pterocarya tonkinensis,(Franch.) Dode,China
Juglandaceae,Rhoiptelea chiliantha,Diels & Hand.-Mazz.,China
Lamiaceae,Callicarpa angustifolia,King & Gamble,China
Lamiaceae,Callicarpa arborea,Roxb.,China
Lamiaceae,Callicarpa brevipes,(Benth.) Hance,China
Lamiaceae,Callicarpa dolichophylla,Merr.,China
Lamiaceae,Callicarpa integerrima,Champ. ex Benth.,China
Lamiaceae,Callicarpa macrophylla,Vahl,China
Lamiaceae,Callicarpa nudiflora,Hook. & Arn.,China
Lamiaceae,Callicarpa yunnanensis,W.Z.Fang,China
Lamiaceae,Clerodendrum brachystemon,C.Y.Wu & R.C.Fang,China
Lamiaceae,Clerodendrum bracteatum,Wall. ex Walp.,China
Lamiaceae,Clerodendrum bungei,Steud.,China
Lamiaceae,Clerodendrum chinense,(Osbeck) Mabb.,China
Lamiaceae,Clerodendrum cyrtophyllum,Turcz.,China
Lamiaceae,Clerodendrum griffithianum,C.B.Clarke,China
Lamiaceae,Clerodendrum indicum,(L.) Kuntze,China
Lamiaceae,Clerodendrum japonicum,(Thunb.) Sweet,China
Lamiaceae,Clerodendrum kaichianum,P.S.Hsu,China
Lamiaceae,Clerodendrum kwangtungense,Hand.-Mazz.,China
Lamiaceae,Clerodendrum laevifolium,Blume,China
Lamiaceae,Clerodendrum mandarinorum,Diels,China
Lamiaceae,Clerodendrum trichotomum,Thunb.,China
Lamiaceae,Clerodendrum villosum,Blume,China
Lamiaceae,Garrettia siamensis,H.R.Fletcher,China
Lamiaceae,Gmelina arborea,Roxb. ex Sm.,China
Lamiaceae,Gmelina chinensis,Benth.,China
Lamiaceae,Gmelina lecomtei,Dop,China
Lamiaceae,Gmelina racemosa,(Lour.) Merr.,China
Lamiaceae,Leucosceptrum canum,Sm.,China
Lamiaceae,Premna bracteata,Wall. ex C.B.Clarke,China
Lamiaceae,Premna cavaleriei,H.Lév.,China
Lamiaceae,Premna chevalieri,Dop,China
Lamiaceae,Premna confinis,C.Pei & S.L.Chen ex C.Y.Wu,China
Lamiaceae,Premna fohaiensis,C.Pei & S.L.Chen ex C.Y.Wu,China
Lamiaceae,Premna fulva,Craib,China
Lamiaceae,Premna interrupta,Wall. ex Schauer,China
Lamiaceae,Premna microphylla,Turcz.,China
Lamiaceae,Premna mollissima,Roth,China
Lamiaceae,Premna paisehensis,C.Pei & S.L.Chen,China
Lamiaceae,Premna puberula,Pamp.,China
Lamiaceae,Premna scoriarum,W.W.Sm.,China
Lamiaceae,Premna serratifolia,L.,China
Lamiaceae,Premna szemaoensis,C.Pei,China
Lamiaceae,Premna tomentosa,Willd.,China
Lamiaceae,Premna velutina,Gürke,China
Lamiaceae,Vitex axillariflora,(Merr.) Bramley,China
Lamiaceae,Vitex burmensis,Moldenke,China
Lamiaceae,Vitex canescens,Kurz,China
Lamiaceae,Vitex duclouxii,Dop,China
Lamiaceae,Vitex kwangsiensis,C.Pei,China
Lamiaceae,Vitex negundo,L.,China
Lamiaceae,Vitex peduncularis,Wall. ex Schauer,China
Lamiaceae,Vitex pierreana,Dop,China
Lamiaceae,Vitex quinata,(Lour.) F.N.Williams,China
Lamiaceae,Vitex trifolia,L.,China
Lamiaceae,Vitex tripinnata,(Lour.) Merr.,China
Lamiaceae,Vitex vestita,Wall. ex Walp.,China
Lamiaceae,Vitex yunnanensis,W.W.Sm.,China
Lauraceae,Actinodaphne cupularis,(Hemsl.) Gamble,China
Lauraceae,Actinodaphne forrestii,(C.K.Allen) Kosterm.,China
Lauraceae,Actinodaphne glaucina,C.K.Allen,China
Lauraceae,Actinodaphne henryi,Gamble,China
Lauraceae,Actinodaphne hypoleucophylla,Hayata,China
Lauraceae,Actinodaphne koshepangii,Chun ex Hung T.Chang,China
Lauraceae,Actinodaphne kweichowensis,Y.C.Yang & P.H.Huang,China
Lauraceae,Actinodaphne lecomtei,C.K.Allen,China
Lauraceae,Actinodaphne menghaiensis,J.Li,China
Lauraceae,Actinodaphne obovata,(Nees) Blume,China
Lauraceae,Actinodaphne obscurinervia,Y.C.Yang & P.H.Huang,China
Lauraceae,Actinodaphne omeiensis,(H.Liu) C.K.Allen,China
Lauraceae,Actinodaphne paotingensis,Y.C.Yang & P.H.Huang,China
Lauraceae,Actinodaphne pedunculata,Meisn.,China
Lauraceae,Actinodaphne pilosa,(Lour.) Merr.,China
Lauraceae,Actinodaphne setchuenensis,(Gamble) C.K.Allen,China
Lauraceae,Actinodaphne trichocarpa,C.K.Allen,China
Lauraceae,Actinodaphne tsaii,Hu,China
Lauraceae,Alseodaphne glaucina,Kosterm.,China
Lauraceae,Alseodaphne gracilis,Kosterm.,China
Lauraceae,Alseodaphne huanglianshanensis,H.W.Li & Y.M.Shui,China
Lauraceae,Alseodaphne yunnanensis,Kosterm.,China
Lauraceae,Alseodaphnopsis andersonii,(King ex Hook.f.) H.W.Li & J.Li,China
Lauraceae,Alseodaphnopsis hainanensis,(Merr.) H.W.Li & J.Li,China
Lauraceae,Alseodaphnopsis hokouensis,(H.W.Li) H.W.Li & J.Li,China
Lauraceae,Alseodaphnopsis marlipoensis,(H.W.Li) H.W.Li & J.Li,China
Lauraceae,Alseodaphnopsis petiolaris,(Meisn.) H.W.Li & J.Li,China
Lauraceae,Alseodaphnopsis rugosa,(Merr. & Chun) H.W.Li & J.Li,China
Lauraceae,Alseodaphnopsis sichourensis,(H.W.Li) H.W.Li & J.Li,China
Lauraceae,Alseodaphnopsis ximengensis,H.W.Li & J.Li,China
Lauraceae,Beilschmiedia appendiculata,(Allen) S.K.Lee & Y.T.Wei,China
Lauraceae,Beilschmiedia baotingensis,S.K.Lee & Y.T.Wei,China
Lauraceae,Beilschmiedia brachythyrsa,H.W.Li,China
Lauraceae,Beilschmiedia brevifolia,Y.T.Wei,China
Lauraceae,Beilschmiedia brevipaniculata,C.K.Allen,China
Lauraceae,Beilschmiedia cylindrica,S.K.Lee & Y.T.Wei,China
Lauraceae,Beilschmiedia fasciata,H.W.Li,China
Lauraceae,Beilschmiedia fordii,Dunn,China
Lauraceae,Beilschmiedia furfuracea,Chun ex Hung T.Chang,China
Lauraceae,Beilschmiedia glauca,S.K.Lee & L.F.Lau,China
Lauraceae,Beilschmiedia glaucoides,(H.W.Li) H.W.Li,China
Lauraceae,Beilschmiedia henghsienensis,S.K.Lee & Y.T.Wei,China
Lauraceae,Beilschmiedia intermedia,C.K.Allen,China
Lauraceae,Beilschmiedia kweichowensis,C.Y.Cheng,China
Lauraceae,Beilschmiedia laevis,C.K.Allen,China
Lauraceae,Beilschmiedia linocieroides,H.W.Li,China
Lauraceae,Beilschmiedia longepetiolata,C.K.Allen,China
Lauraceae,Beilschmiedia macropoda,C.K.Allen,China
Lauraceae,Beilschmiedia muricata,H.T.Chang,China
Lauraceae,Beilschmiedia ningmingensis,S.K.Lee & Y.T.Wei,China
Lauraceae,Beilschmiedia obconica,C.K.Allen,China
Lauraceae,Beilschmiedia obscurinervia,H.T.Chang,China
Lauraceae,Beilschmiedia ovoidea,F.N.Wei,China
Lauraceae,Beilschmiedia pauciflora,H.W.Li,China
Lauraceae,Beilschmiedia percoriacea,C.K.Allen,China
Lauraceae,Beilschmiedia pergamentacea,C.K.Allen,China
Lauraceae,Beilschmiedia punctilimba,H.W.Li,China
Lauraceae,Beilschmiedia purpurascens,H.W.Li,China
Lauraceae,Beilschmiedia robusta,C.K.Allen,China
Lauraceae,Beilschmiedia roxburghiana,Nees,China
Lauraceae,Beilschmiedia rufohirtella,H.W.Li,China
Lauraceae,Beilschmiedia shangsiensis,Y.T.Wei,China
Lauraceae,Beilschmiedia sichourensis,H.W.Li,China
Lauraceae,Beilschmiedia supraglandulosa,Y.K.Li,China
Lauraceae,Beilschmiedia tsangii,Merr.,China
Lauraceae,Beilschmiedia tungfangensis,S.K.Lee & L.F.Lau,China
Lauraceae,Beilschmiedia turbinata,Bing Liu & Y.Yang,China
Lauraceae,Beilschmiedia wangii,C.K.Allen,China
Lauraceae,Beilschmiedia xizangensis,H.P.Tsui,China
Lauraceae,Beilschmiedia yunnanensis,Hu,China
Lauraceae,Camphora micrantha,"(Hayata) Y.Yang, Bing Liu & Zhi Yang",China
Lauraceae,Caryodaphnopsis henryi,Airy Shaw,China
Lauraceae,Caryodaphnopsis laotica,Airy Shaw,China
Lauraceae,Caryodaphnopsis latifolia,W.T.Wang,China
Lauraceae,Caryodaphnopsis malipoensis,Bing Liu & Y.Yang,China
Lauraceae,Caryodaphnopsis tonkinensis,(Lecomte) Airy Shaw,China
Lauraceae,Cinnadenia liyuyingii,(H.Liu) de Kok & Sengun,China
Lauraceae,Cinnamomum alatum,Lukman.,China
Lauraceae,Cinnamomum appelianum,Schewe,China
Lauraceae,Cinnamomum austrosinense,H.T.Chang,China
Lauraceae,Cinnamomum austroyunnanense,H.W.Li,China
Lauraceae,Cinnamomum bejolghota,(Buch.-Ham.) Sweet,China
Lauraceae,Cinnamomum bodinieri,H.Lév.,China
Lauraceae,Cinnamomum brachythyrsum,J.Li,China
Lauraceae,Cinnamomum burmanni,(Nees & T.Nees) Blume,China
Lauraceae,Cinnamomum calleryi,Lukman.,China
Lauraceae,Cinnamomum camphora,(L.) J.Presl,China
Lauraceae,Cinnamomum caudiferum,Kosterm.,China
Lauraceae,Cinnamomum chago,B.S.Sun & H.L.Zhao,China
Lauraceae,Cinnamomum chartophyllum,H.W.Li,China
Lauraceae,Cinnamomum chekiangense,Nakai,China
Lauraceae,Cinnamomum contractum,H.W.Li,China
Lauraceae,Cinnamomum curvifolium,(Lour.) Nees,China
Lauraceae,Cinnamomum daphnoides,Siebold & Zucc.,China
Lauraceae,Cinnamomum foveolatum,(Merr.) H.W.Li & J.Li,China
Lauraceae,Cinnamomum glanduliferum,(Wall.) Meisn.,China
Lauraceae,Cinnamomum impressinervium,Meisn.,China
Lauraceae,Cinnamomum iners,Reinw. ex Blume,China
Lauraceae,Cinnamomum japonicum,Siebold,China
Lauraceae,Cinnamomum javanicum,Blume,China
Lauraceae,Cinnamomum jensenianum,Hand.-Mazz.,China
Lauraceae,Cinnamomum kwangtungense,Merr.,China
Lauraceae,Cinnamomum liangii,C.K.Allen,China
Lauraceae,Cinnamomum longipaniculatum,(Gamble) N.Chao ex H.W.Li,China
Lauraceae,Cinnamomum longipetiolatum,H.W.Li,China
Lauraceae,Cinnamomum mairei,H.Lév.,China
Lauraceae,Cinnamomum migao,H.W.Li,China
Lauraceae,Cinnamomum mollifolium,H.W.Li,China
Lauraceae,Cinnamomum parthenoxylon,(Jack) Meisn.,China
Lauraceae,Cinnamomum pingbienense,H.W.Li,China
Lauraceae,Cinnamomum pittosporoides,Hand.-Mazz.,China
Lauraceae,Cinnamomum platyphyllum,(Diels) C.K.Allen,China
Lauraceae,Cinnamomum purpureaum,H.G.Ye & F.G.Wang,China
Lauraceae,Cinnamomum rigidissimum,H.T.Chang,China
Lauraceae,Cinnamomum rougierii,Lukman.,China
Lauraceae,Cinnamomum rufotomentosum,K.M.Lan,China
Lauraceae,Cinnamomum saxatile,H.W.Li,China
Lauraceae,Cinnamomum septentrionale,Hand.-Mazz.,China
Lauraceae,Cinnamomum sericans,Hance,China
Lauraceae,Cinnamomum suaveolens,Lukman.,China
Lauraceae,Cinnamomum subavenium,Miq.,China
Lauraceae,Cinnamomum tamala,(Buch.-Ham.) T.Nees & C.H.Eberm.,China
Lauraceae,Cinnamomum tazia,(Buch.-Ham.) Kosterm. ex M.Gangop.,China
Lauraceae,Cinnamomum tenuipile,Kosterm.,China
Lauraceae,Cinnamomum tonkinense,(Lecomte) A.Chev.,China
Lauraceae,Cinnamomum tsangii,Merr.,China
Lauraceae,Cinnamomum tsoi,C.K.Allen,China
Lauraceae,Cinnamomum validinerve,Hance,China
Lauraceae,Cinnamomum wilsonii,Gamble,China
Lauraceae,Cinnamomum yabunikkei,H.Ohba,China
Lauraceae,Cryptocarya acutifolia,H.W.Li,China
Lauraceae,Cryptocarya amygdalina,Nees,China
Lauraceae,Cryptocarya austrokweichouensis,X.H.Song,China
Lauraceae,Cryptocarya brachythyrsa,H.W.Li,China
Lauraceae,Cryptocarya calcicola,H.W.Li,China
Lauraceae,Cryptocarya chinensis,(Hance) Hemsl.,China
Lauraceae,Cryptocarya chingii,W.C.Cheng,China
Lauraceae,Cryptocarya concinna,Hance,China
Lauraceae,Cryptocarya densiflora,Blume,China
Lauraceae,Cryptocarya depauperata,H.W.Li,China
Lauraceae,Cryptocarya diversifolia,Blume,China
Lauraceae,Cryptocarya hainanensis,Merr.,China
Lauraceae,Cryptocarya kwangtungensis,H.T.Chang,China
Lauraceae,Cryptocarya leiana,C.K.Allen,China
Lauraceae,Cryptocarya loureirii,Nees,China
Lauraceae,Cryptocarya lyoniifolia,S.Lee & F.N.Wei,China
Lauraceae,Cryptocarya maclurei,Merr.,China
Lauraceae,Cryptocarya maculata,H.W.Li,China
Lauraceae,Cryptocarya metcalfiana,C.K.Allen,China
Lauraceae,Cryptocarya tsangii,Nakai,China
Lauraceae,Cryptocarya yaanica,N.Chao,China
Lauraceae,Cryptocarya yunnanensis,H.W. Li,China
Lauraceae,Dehaasia hainanensis,Kosterm.,China
Lauraceae,Dehaasia kwangtungensis,Kosterm.,China
Lauraceae,Dodecadenia grandiflora,Nees,China
Lauraceae,Endiandra dolichocarpa,S.K.Lee & Y.T.Wei,China
Lauraceae,Endiandra hainanensis,Merr. & F.P.Metcalf,China
Lauraceae,Endiandra macrocarpa,"D.Y.Zou, Lang Li & J.Li",China
Lauraceae,Iteadaphne caudata,(Nees) H.W. Li              ,China
Lauraceae,Lindera aggregata,(Sims) Kosterm.,China
Lauraceae,Lindera angustifolia,W.C. Cheng,China
Lauraceae,Lindera chienii,W.C. Cheng,China
Lauraceae,Lindera chunii,Merr.,China
Lauraceae,Lindera communis,Hemsl.,China
Lauraceae,Lindera erythrocarpa,Makino,China
Lauraceae,Lindera floribunda,(C.K. Allen) H.B. Cui,China
Lauraceae,Lindera foveolata,H.W. Li,China
Lauraceae,Lindera fragrans,Oliv.,China
Lauraceae,Lindera glauca,(Siebold & Zucc.) Blume,China
Lauraceae,Lindera gracilipes,H.W. Li,China
Lauraceae,Lindera guangxiensis,H.B. Cui,China
Lauraceae,Lindera kariensis,W.W. Sm.,China
Lauraceae,Lindera kwangtungensis,(H. Liu) C.K. Allen                   ,China
Lauraceae,Lindera latifolia,Hook.f.,China
Lauraceae,Lindera limprichtii,H. Winkl.,China
Lauraceae,Lindera longipedunculata,C.K. Allen,China
Lauraceae,Lindera lungshengensis,S. Lee,China
Lauraceae,Lindera megaphylla,Hemsl.,China
Lauraceae,Lindera meissneri,Hook.f.,China
Lauraceae,Lindera menghaiensis,H.W. Li,China
Lauraceae,Lindera metcalfiana,C.K. Allen,China
Lauraceae,Lindera motuoensis,H.B. Cui,China
Lauraceae,Lindera nacusua,(D. Don) Merr.,China
Lauraceae,Lindera neesiana,(Wall. ex Nees) Kurz                    ,China
Lauraceae,Lindera obtusiloba,Blume,China
Lauraceae,Lindera prattii,Gamble,China
Lauraceae,Lindera pulcherrima,(Nees) Hook.f.,China
Lauraceae,Lindera reflexa,Hemsl.,China
Lauraceae,Lindera robusta,(C.K. Allen) H.B. Cui,China
Lauraceae,Lindera rubronervia,Gamble,China
Lauraceae,Lindera supracostata,Lecomte,China
Lauraceae,Lindera thomsonii,C.K. Allen,China
Lauraceae,Lindera tienchuanensis,W.P. Fang & H.S. Kung,China
Lauraceae,Lindera tonkinensis,Lecomte,China
Lauraceae,Lindera velutina,H.Liu,China
Lauraceae,Lindera villipes,H.B. Cui,China
Lauraceae,Litsea albescens,(Hook.f.) D.G.Long,China
Lauraceae,Litsea auriculata,S.S. Chien & W.C. Cheng,China
Lauraceae,Litsea balansae,Lecomte,China
Lauraceae,Litsea baviensis,Lecomte,China
Lauraceae,Litsea beilschmiediifolia,H.W. Li,China
Lauraceae,Litsea biflora,H.B. Cui,China
Lauraceae,Litsea cangyuanensis,J.Li & H.W.Li,China
Lauraceae,Litsea chengshuzhii,H.B. Cui,China
Lauraceae,Litsea chinpingensis,Yen C. Yang & P.H. Huang,China
Lauraceae,Litsea coelestis,H.B. Cui,China
Lauraceae,Litsea coreana,H. Lév.,China
Lauraceae,Litsea cubeba,(Lour.) Pers.,China
Lauraceae,Litsea depressa,H.B. Cui,China
Lauraceae,Litsea dilleniifolia,P.Y. Pai & P.H. Huang,China
Lauraceae,Litsea dorsalicana,M.Q.Han & Y.S.Huang,China
Lauraceae,Litsea dunniana,H.LÃ©v.,China
Lauraceae,Litsea elongata,(Nees) Hook.f.,China
Lauraceae,Litsea foveola,Kosterm.,China
Lauraceae,Litsea glutinosa,(Lour.) C.B.Rob.,China
Lauraceae,Litsea gongshanensis,H.W. Li,China
Lauraceae,Litsea greenmaniana,C.K. Allen,China
Lauraceae,Litsea honghoensis,H. Liu,China
Lauraceae,Litsea hookeri,(Meisn.) D.G.Long,China
Lauraceae,Litsea hunanensis,Yen C. Yang & P.H. Huang,China
Lauraceae,Litsea hupehana,Hemsl.,China
Lauraceae,Litsea ichangensis,Gamble,China
Lauraceae,Litsea kingii,Hook.f.,China
Lauraceae,Litsea kobuskiana,C.K. Allen,China
Lauraceae,Litsea kwangsiensis,Yen C. Yang & P.H. Huang,China
Lauraceae,Litsea lancifolia,(Roxb. ex Nees) Fern.-Vill.,China
Lauraceae,Litsea lancilimba,Merr.,China
Lauraceae,Litsea liboshengii,H.B. Cui,China
Lauraceae,Litsea litseifolia,(C.K.Allen) Yen C.Yang & P.H.Huang,China
Lauraceae,Litsea longistaminata,(H. Liu) Kosterm.,China
Lauraceae,Litsea machiloides,Yen C. Yang & P.H. Huang,China
Lauraceae,Litsea martabanica,(Kurz) Hook.f.,China
Lauraceae,Litsea mollis,Hemsl.,China
Lauraceae,Litsea monopetala,(Roxb.) Pers.,China
Lauraceae,Litsea moupinensis,Lecomte,China
Lauraceae,Litsea oligophlebia,Hung T. Chang,China
Lauraceae,Litsea panamanja,(Buch.-Ham. ex Nees) Hook.f.,China
Lauraceae,Litsea pedunculata,(Diels) Yen C. Yang & P.H. Huang                                ,China
Lauraceae,Litsea populifolia,(Hemsl.) Gamble,China
Lauraceae,Litsea pseudoelongata,H.Liu,China
Lauraceae,Litsea pungens,Hemsl.,China
Lauraceae,Litsea rotundifolia,Hemsl.,China
Lauraceae,Litsea rubescens,Lecomte,China
Lauraceae,Litsea salicifolia,(Roxb. ex Nees) Hook.f.,China
Lauraceae,Litsea semecarpifolia,(Wall. ex Nees) Hook.f.,China
Lauraceae,Litsea sericea,(Wall. ex Nees) Hook.f.,China
Lauraceae,Litsea sessilifructa,(C.J.Qi & K.W.Liu) L.Wu & J.J.Zhou,China
Lauraceae,Litsea sinoglobosa,J.Li & H.W.Li,China
Lauraceae,Litsea subcoriacea,Yen C. Yang & P.H. Huang,China
Lauraceae,Litsea suberosa,Yen C. Yang & P.H. Huang,China
Lauraceae,Litsea szemaois,(H. Liu) J. Li & H.W. Li,China
Lauraceae,Litsea taronensis,H.W. Li,China
Lauraceae,Litsea tsinlingensis,Yen C. Yang & P.H. Huang,China
Lauraceae,Litsea umbellata,(Lour.) Merr.,China
Lauraceae,Litsea variabilis,Hemsl.,China
Lauraceae,Litsea veitchiana,Gamble,China
Lauraceae,Litsea verticillata,Hance,China
Lauraceae,Litsea viridis,H. Liu,China
Lauraceae,Litsea wilsonii,Gamble,China
Lauraceae,Litsea yunnanensis,Yen C. Yang & P.H. Huang,China
Lauraceae,Machilus attenuatus,F.N.Wei & S.C.Tang,China
Lauraceae,Machilus austroguizhouensis,S.K.Lee & F.N.Wei,China
Lauraceae,Machilus bonii,Lecomte,China
Lauraceae,Machilus breviflora,(Benth.) Hemsl.,China
Lauraceae,Machilus calcicola,C.J. Qi,China
Lauraceae,Machilus cavaleriei,H. Lév.,China
Lauraceae,Machilus chayuensis,S.K. Lee,China
Lauraceae,Machilus chekiangensis,S.K. Lee,China
Lauraceae,Machilus chienkweiensis,S.K. Lee,China
Lauraceae,Machilus chinensis,(Benth.) Hemsl.,China
Lauraceae,Machilus chrysotricha,H.W. Li,China
Lauraceae,Machilus chuanchienensis,S.K. Lee,China
Lauraceae,Machilus cicatricosa,S.K. Lee,China
Lauraceae,Machilus cicatricosus,S.K.Lee,China
Lauraceae,Machilus daozhenensis,Y.K.Li,China
Lauraceae,Machilus decursinervis,Chun,China
Lauraceae,Machilus dinganensis,S.K. Lee & F.N. Wei,China
Lauraceae,Machilus dumicola,(W.W. Sm.) H.W. Li,China
Lauraceae,Machilus duthiei,King ex Hook.f.,China
Lauraceae,Machilus fasciculata,H.W. Li,China
Lauraceae,Machilus foonchewii,S.K. Lee,China
Lauraceae,Machilus forrestii,"(W.W. Sm.) L. Li, J. Li & H.W. Li",China
Lauraceae,Machilus fukienensis,Hung T. Chang,China
Lauraceae,Machilus glabrophylla,J.F.Zuo,China
Lauraceae,Machilus glaucescens,(Nees) Wight,China
Lauraceae,Machilus glaucifolia,S.K. Lee & F.N. Wei,China
Lauraceae,Machilus gongshanensis,H.W. Li,China
Lauraceae,Machilus gracillima,Chun,China
Lauraceae,Machilus grandibracteata,S.K. Lee & F.N. Wei,China
Lauraceae,Machilus grijsii,Hance,China
Lauraceae,Machilus hemsleyi,Nakai,China
Lauraceae,Machilus holadenus,H.Liu,China
Lauraceae,Machilus kurzii,King ex Hook.f.,China
Lauraceae,Machilus kwangtungensis,Yen C. Yang,China
Lauraceae,Machilus lenticellata,S.K.Lee & F.N.Wei,China
Lauraceae,Machilus leptophylla,Hand.-Mazz.,China
Lauraceae,Machilus lichuanensis,W.C. Cheng,China
Lauraceae,Machilus litseifolia,S.K. Lee,China
Lauraceae,Machilus lohuiensis,S.K. Lee,China
Lauraceae,Machilus mangdangshanensis,Q.F. Zheng,China
Lauraceae,Machilus melanophylla,H.W. Li,China
Lauraceae,Machilus miaoshanensis,F.N. Wei & C.Q. Lin,China
Lauraceae,Machilus microcarpa,Hemsl.,China
Lauraceae,Machilus microphylla,"(H.W. Li) L. Li, J. Li & H.W. Li",China
Lauraceae,Machilus minkweiensis,S.K. Lee,China
Lauraceae,Machilus minutiflora,"(H.W. Li) L. Li, J. Li & H.W. Li",China
Lauraceae,Machilus minutiloba,S.K. Lee,China
Lauraceae,Machilus montana,"L.Li, J.Li & H.W.Li",China
Lauraceae,Machilus monticola,S.K. Lee,China
Lauraceae,Machilus multinervia,H. Liu,China
Lauraceae,Machilus nakaoi,S.K. Lee,China
Lauraceae,Machilus nanchuanensis,N. Chao,China
Lauraceae,Machilus nanmu,(Oliv.) Hemsl.,China
Lauraceae,Machilus obscurinervis,S.K. Lee,China
Lauraceae,Machilus oculodracontis,Chun,China
Lauraceae,Machilus odoratissimus,Nees,China
Lauraceae,Machilus oreophila,Hance,China
Lauraceae,Machilus ovatiloba,S.K. Lee,China
Lauraceae,Machilus parapauhoi,"F.N.Wei, S.C.Tang & W.B.Xu",China
Lauraceae,Machilus pauhoi,Kaneh.,China
Lauraceae,Machilus phoenicis,Dunn,China
Lauraceae,Machilus platycarpa,Chun,China
Lauraceae,Machilus pomifera,(Kosterm.) S.K. Lee,China
Lauraceae,Machilus pyramidalis,H.W. Li,China
Lauraceae,Machilus rehderi,C.K. Allen,China
Lauraceae,Machilus reticulata,K.M. Lan,China
Lauraceae,Machilus robusta,W.W. Sm.,China
Lauraceae,Machilus rufipes,H.W. Li,China
Lauraceae,Machilus salicina,Hance,China
Lauraceae,Machilus salicoides,S.K. Lee,China
Lauraceae,Machilus shweliensis,W.W. Sm.,China
Lauraceae,Machilus sichourensis,H.W. Li,China
Lauraceae,Machilus sichuanensis,N. Chao,China
Lauraceae,Machilus submultinervia,Y.K.Li,China
Lauraceae,Machilus tenuipilis,H.W. Li,China
Lauraceae,Machilus thunbergii,Siebold & Zucc.,China
Lauraceae,Machilus tingzhourensis,"M.M.Lin, T.F.Que & S.Q.Zheng",China
Lauraceae,Machilus velutinus,Champ. ex Benth.,China
Lauraceae,Machilus verruculosa,H.W. Li,China
Lauraceae,Machilus versicolora,S.K. Lee & F.N. Wei,China
Lauraceae,Machilus viridis,Hand.-Mazz.,China
Lauraceae,Machilus wangchiana,Chun,China
Lauraceae,Machilus wenshanensis,H.W. Li,China
Lauraceae,Machilus yunnanensis,Lecomte,China
Lauraceae,Neocinnamomum caudatum,(Nees) Merr.,China
Lauraceae,Neocinnamomum delavayi,(Lecomte) H. Liu,China
Lauraceae,Neocinnamomum fargesii,(Lecomte) Kosterm.,China
Lauraceae,Neocinnamomum lecomtei,H.Liu,China
Lauraceae,Neocinnamomum mekongense,(Hand.-Mazz.) Kosterm.                      ,China
Lauraceae,Neolitsea alongensis,Lecomte,China
Lauraceae,Neolitsea aurata,(Hayata) Koidz.,China
Lauraceae,Neolitsea brevipes,H.W.Li,China
Lauraceae,Neolitsea buisanensis,Yamam. & Kamik.,China
Lauraceae,Neolitsea cambodiana,Lecomte,China
Lauraceae,Neolitsea cassia,(L.) Kosterm.,China
Lauraceae,Neolitsea chrysotricha,H.W. Li,China
Lauraceae,Neolitsea chui,Merr.,China
Lauraceae,Neolitsea chunii,Merr.,China
Lauraceae,Neolitsea confertifolia,(Hemsl.) Merr.,China
Lauraceae,Neolitsea ellipsoidea,C.K. Allen,China
Lauraceae,Neolitsea hainanensis,Yen C. Yang & P.H. Huang,China
Lauraceae,Neolitsea homilantha,C.K. Allen,China
Lauraceae,Neolitsea howii,C.K.Allen,China
Lauraceae,Neolitsea hsiangkweiensis,Yen C. Yang & P.H. Huang,China
Lauraceae,Neolitsea impressa,Yen C. Yang,China
Lauraceae,Neolitsea kwangsiensis,H. Liu,China
Lauraceae,Neolitsea levinei,Merr.,China
Lauraceae,Neolitsea longipedicellata,Yen C. Yang & P.H. Huang,China
Lauraceae,Neolitsea lunglingensis,H.W. Li,China
Lauraceae,Neolitsea menglaensis,Yen C. Yang & P.H. Huang,China
Lauraceae,Neolitsea oblongifolia,Merr. & Chun,China
Lauraceae,Neolitsea obtusifolia,Merr.,China
Lauraceae,Neolitsea pallens,(D.Don) Momiy. & H.Hara,China
Lauraceae,Neolitsea phanerophlebia,Merr.,China
Lauraceae,Neolitsea pinninervis,Yen C. Yang & P.H. Huang,China
Lauraceae,Neolitsea polycarpa,H. Liu,China
Lauraceae,Neolitsea pulchella,(Meisn.) Merr.,China
Lauraceae,Neolitsea purpurescens,Yen C.Yang,China
Lauraceae,Neolitsea sericea,(Blume) Koidz.,China
Lauraceae,Neolitsea shingningensis,Yen C. Yang & P.H. Huang,China
Lauraceae,Neolitsea sutchuanensis,Yen C. Yang,China
Lauraceae,Neolitsea tomentosa,H.W. Li,China
Lauraceae,Neolitsea undulatifolia,(H. Lév.) C.K. Allen,China
Lauraceae,Neolitsea velutina,W.T. Wang,China
Lauraceae,Neolitsea wushanica,(Chun) Merr.,China
Lauraceae,Neolitsea zeylanica,(Nees & T.Nees) Merr.,China
Lauraceae,Parasassafras confertiflora,(Meisn.) D.G. Long                  ,China
Lauraceae,Persea gamblei,(King ex Hook.f.) Kosterm.,China
Lauraceae,Phoebe angustifolia,Meisn.,China
Lauraceae,Phoebe bournei,(Hemsl.) Yen C. Yang,China
Lauraceae,Phoebe calcarea,S.K. Lee & F.N. Wei,China
Lauraceae,Phoebe cavaleriei,(H.Lév.) Y.Yang & Bing Liu,China
Lauraceae,Phoebe chekiangensis,P.T. Li,China
Lauraceae,Phoebe crassipedicella,S.K. Lee & F.N. Wei,China
Lauraceae,Phoebe faberi,(Hemsl.) Chun             ,China
Lauraceae,Phoebe formosana,(Hayata) Hayata               ,China
Lauraceae,Phoebe glaucifolia,S. Lee & F.N. Wei,China
Lauraceae,Phoebe glaucophylla,H.W. Li,China
Lauraceae,Phoebe hainanensis,Merr.,China
Lauraceae,Phoebe hekouensis,"Bing Liu, W.Y.Jin, L.N.Zhao & Y.Yang",China
Lauraceae,Phoebe hui,W.C. Cheng ex Yen C. Yang,China
Lauraceae,Phoebe hunanensis,Hand.-Mazz.,China
Lauraceae,Phoebe hungmoensis,S.K. Lee,China
Lauraceae,Phoebe kwangsiensis,H. Liu,China
Lauraceae,Phoebe lanceolata,(Nees) Nees,China
Lauraceae,Phoebe legendrei,Lecomte,China
Lauraceae,Phoebe lichuanensis,S.K. Lee,China
Lauraceae,Phoebe macrocarpa,C.Y. Wu,China
Lauraceae,Phoebe megacalyx,H.W. Li,China
Lauraceae,Phoebe motuonan,S.K. Lee & F.N. Wei,China
Lauraceae,Phoebe neurantha,(Hemsl.) Gamble               ,China
Lauraceae,Phoebe neuranthoides,S.K. Lee & F.N. Wei,China
Lauraceae,Phoebe nigrifolia,S.K. Lee & F.N. Wei,China
Lauraceae,Phoebe puwenensis,W.C. Cheng,China
Lauraceae,Phoebe rufescens,H.W. Li,China
Lauraceae,Phoebe sheareri,(Hemsl.) Gamble               ,China
Lauraceae,Phoebe tavoyana,(Meisn.) Hook.f.,China
Lauraceae,Phoebe yaiensis,S.K. Lee,China
Lauraceae,Phoebe yunnanensis,H.W. Li,China
Lauraceae,Phoebe zhennan,S.K.Lee & F.N.Wei,China
Lauraceae,Sassafras tzumu,(Hemsl.) Hemsl.               ,China
Lauraceae,Sinosassafras flavinervium,(C.K. Allen) H.W. Li,China
Lauraceae,Syndiclis anlungensis,H.W. Li,China
Lauraceae,Syndiclis chinensis,C.K.Allen,China
Lauraceae,Syndiclis fooningensis,H.W. Li,China
Lauraceae,Syndiclis furfuracea,H.W. Li,China
Lauraceae,Syndiclis kwangsiensis,(Kosterm.) H.W.Li,China
Lauraceae,Syndiclis lotungensis,S.K. Lee,China
Lauraceae,Syndiclis marlipoensis,H.W. Li,China
Lauraceae,Syndiclis pingbienensis,H.W. Li,China
Lauraceae,Syndiclis sichourensis,H.W. Li,China
Lecythidaceae,Barringtonia asiatica,(L.) Kurz,China
Lecythidaceae,Barringtonia macrostachya,(Jack) Kurz,China
Lecythidaceae,Barringtonia pendula,(Griff.) Kurz,China
Lecythidaceae,Barringtonia racemosa,(L.) Spreng.,China
Linaceae,Tirpitzia sinensis,(Hemsl.) Hallier f.,China
Loganiaceae,Strychnos wallichiana,Steud. ex A. DC.,China
Lythraceae,Duabanga grandiflora,(Roxb. ex DC.) Walp.,China
Lythraceae,Lagerstroemia anhuiensis,X.H.Guo & S.B.Zhou,China
Lythraceae,Lagerstroemia caudata,Chun & F.C. How ex S.K. Lee & L.F. Lau,China
Lythraceae,Lagerstroemia cochinchinensis,Laness.,China
Lythraceae,Lagerstroemia densa,C.H.Gu & D.D.Ma,China
Lythraceae,Lagerstroemia excelsa,(Dode) Chun ex S. Lee & L.F. Lau,China
Lythraceae,Lagerstroemia fordii,Oliv. & Koehne,China
Lythraceae,Lagerstroemia glabra,(Koehne) Koehne,China
Lythraceae,Lagerstroemia guilinensis,S.K. Lee & L.F. Lau,China
Lythraceae,Lagerstroemia indica,L.,China
Lythraceae,Lagerstroemia limii,Merr.,China
Lythraceae,Lagerstroemia menglaensis,"C.H.Gu, M.C.Ji & D.D.Ma",China
Lythraceae,Lagerstroemia speciosa,(L.) Pers.,China
Lythraceae,Lagerstroemia subcostata,Koehne,China
Lythraceae,Lagerstroemia suprareticulata,S.K. Lee & L.F. Lau,China
Lythraceae,Lagerstroemia tomentosa,C.Presl,China
Lythraceae,Lagerstroemia venusta,Wall. ex C.B.Clarke,China
Lythraceae,Lagerstroemia villosa,Wall. ex Kurz,China
Lythraceae,Pemphis acidula,J.R.Forst. & G.Forst.,China
Lythraceae,Sonneratia alba,Sm.,China
Lythraceae,Sonneratia caseolaris,(L.) Engl.,China
Lythraceae,Sonneratia ovata,Backer,China
Magnoliaceae,Liriodendron chinense,(Hemsl.) Sarg.,China
Magnoliaceae,Magnolia albosericea,Chun & C.H.Tsoong,China
Magnoliaceae,Magnolia amoena,W.C.Cheng,China
Magnoliaceae,Magnolia angustioblonga,(Y.W.Law & Y.F.Wu) Figlar,China
Magnoliaceae,Magnolia aromatica,(Dandy) V.S.Kumar,China
Magnoliaceae,Magnolia baillonii,Pierre,China
Magnoliaceae,Magnolia balansae,A.DC.,China
Magnoliaceae,Magnolia betongensis,(Craib) H.Keng,China
Magnoliaceae,Magnolia biondii,Pamp.,China
Magnoliaceae,Magnolia campbellii,Hook.f. & Thomson,China
Magnoliaceae,Magnolia carnosa,(D.L.Fu & D.L.Zhang) C.B.Callaghan & Png,China
Magnoliaceae,Magnolia cathcartii,(Hook.f. & Thomson) Noot.,China
Magnoliaceae,Magnolia cavaleriei,(Finet & Gagnep.) Figlar,China
Magnoliaceae,Magnolia caveana,(Hook.f. & Thomson) D.C.S.Raju & M.P.Nayar,China
Magnoliaceae,Magnolia champaca,(L.) Baill. ex Pierre,China
Magnoliaceae,Magnolia championii,Benth.,China
Magnoliaceae,Magnolia changhungtana,Noot.,China
Magnoliaceae,Magnolia chapensis,(Dandy) Sima,China
Magnoliaceae,Magnolia chevalieri,(Dandy) V.S.Kumar,China
Magnoliaceae,Magnolia coco,(Lour.) DC.,China
Magnoliaceae,Magnolia compressa,Maxim.,China
Magnoliaceae,Magnolia conifera,(Dandy) V.S.Kumar,China
Magnoliaceae,Magnolia coriacea,(Hung T.Chang & B.L.Chen) Figlar,China
Magnoliaceae,Magnolia crassipes,(Y.W.Law) V.S.Kumar,China
Magnoliaceae,Magnolia cylindrica,E.H.Wilson,China
Magnoliaceae,Magnolia dabieshanensis,"(T.B.Chao, Z.X.Chen & H.T.Dai) C.B.Callaghan & Png",China
Magnoliaceae,Magnolia dandyi,Gagnep.,China
Magnoliaceae,Magnolia dawsoniana,Rehder & E.H.Wilson,China
Magnoliaceae,Magnolia decidua,(Q.Y.Zheng) V.S.Kumar,China
Magnoliaceae,Magnolia delavayi,Franch.,China
Magnoliaceae,Magnolia denudata,Desr.,China
Magnoliaceae,Magnolia dimorpha,(T.B.Chao & Z.X.Chen) C.B.Callaghan & Png,China
Magnoliaceae,Magnolia doltsopa,(Buch.-Ham. ex DC.) Figlar,China
Magnoliaceae,Magnolia duclouxii,(Finet & Gagnep.) Hu,China
Magnoliaceae,Magnolia elliptigemmata,C.L.Guo & L.L.Huang,China
Magnoliaceae,Magnolia ernestii,Figlar,China
Magnoliaceae,Magnolia figlarii,V.S.Kumar,China
Magnoliaceae,Magnolia fistulosa,(Finet & Gagnep.) Dandy,China
Magnoliaceae,Magnolia flaviflora,(Y.W.Law & Y.F.Wu) Figlar,China
Magnoliaceae,Magnolia floribunda,(Finet & Gagnep.) Figlar,China
Magnoliaceae,Magnolia fordiana,(Oliv.) Hu,China
Magnoliaceae,Magnolia foveolata,(Merr. ex Dandy) Figlar,China
Magnoliaceae,Magnolia fragarigynandria,"(T.B.Chao, Z.X.Chen & H.T.Dai) C.B.Callaghan & Png",China
Magnoliaceae,Magnolia fujianensis,(Q.F.Zheng) Figlar,China
Magnoliaceae,Magnolia fulva,(Hung T.Chang & B.L.Chen) Figlar,China
Magnoliaceae,Magnolia garrettii,(Craib) V.S.Kumar,China
Magnoliaceae,Magnolia globosa,Hook.f. & Thomson,China
Magnoliaceae,Magnolia grandis,(Hu & W.C.Cheng) V.S.Kumar,China
Magnoliaceae,Magnolia guangdongensis,"(Y.H.Yan, Q.W.Zeng & F.W.Xing) Noot.",China
Magnoliaceae,Magnolia guangxiensis,(Y.W.Law & R.Z.Zhou) Sima,China
Magnoliaceae,Magnolia guangzhouensis,"(A.Q.Dong, Q.W.Zeng & F.W.Xing) C.B.Callaghan & Png",China
Magnoliaceae,Magnolia henryi,Dunn,China
Magnoliaceae,Magnolia hodgsonii,(Hook.f. & Thomson) H.Keng,China
Magnoliaceae,Magnolia hongheensis,(Y.M.Shui & W.H.Chen) V.S.Kumar,China
Magnoliaceae,Magnolia hookeri,(Cubitt & W.W.Sm.) D.C.S.Raju & M.P.Nayar,China
Magnoliaceae,Magnolia hypolampra,(Dandy) Figlar,China
Magnoliaceae,Magnolia insignis,Wall.,China
Magnoliaceae,Magnolia iteophylla,(C.Y.Wu ex Y.W.Law & Y.F.Wu) Noot.,China
Magnoliaceae,Magnolia jianfenglingensis,(G.A.Fu & Kun Pan) C.B.Callaghan & Png,China
Magnoliaceae,Magnolia kaifui,(Q.W.Zeng & X.M.Hu) C.B.Callaghan & Png,China
Magnoliaceae,Magnolia kisopa,(Buch.-Ham. ex DC.) Figlar,China
Magnoliaceae,Magnolia kwangsiensis,Figlar & Noot.,China
Magnoliaceae,Magnolia kwangtungensis,Merr.,China
Magnoliaceae,Magnolia lacei,(W.W.Sm.) Figlar,China
Magnoliaceae,Magnolia laevifolia,(Y.W.Law & Y.F.Wu) Noot.,China
Magnoliaceae,Magnolia lawii,(N.H.Xia & W.F.Liao) C.B.Callaghan & Png,China
Magnoliaceae,Magnolia leveilleana,(Dandy) Figlar,China
Magnoliaceae,Magnolia liliifera,(L.) Baill.,China
Magnoliaceae,Magnolia longipedunculata,(Q.W.Zeng & Y.W.Law) V.S.Kumar,China
Magnoliaceae,Magnolia lotungensis,Chun & C.H.Tsoong,China
Magnoliaceae,Magnolia lucida,(B.L.Chen & S.C.Yang) V.S.Kumar,China
Magnoliaceae,Magnolia macclurei,(Dandy) Figlar,China
Magnoliaceae,Magnolia martini,H.Lév.,China
Magnoliaceae,Magnolia masticata,(Dandy) Figlar,China
Magnoliaceae,Magnolia maudiae,(Dunn) Figlar,China
Magnoliaceae,Magnolia mediocris,(Dandy) Figlar,China
Magnoliaceae,Magnolia nitida,W.W.Sm.,China
Magnoliaceae,Magnolia obovalifolia,(C.Y.Wu & Y.W.Law) V.S.Kumar,China
Magnoliaceae,Magnolia odora,(Chun) Figlar & Noot.,China
Magnoliaceae,Magnolia odoratissima,Y.W.Law & R.Z.Zhou,China
Magnoliaceae,Magnolia officinalis,Rehder & E.H.Wilson,China
Magnoliaceae,Magnolia omeiensis,(W.C.Cheng) Dandy,China
Magnoliaceae,Magnolia opipara,(Hung T.Chang & B.L.Chen) Sima,China
Magnoliaceae,Magnolia ovoidea,(Hung T.Chang & B.L.Chen) V.S.Kumar,China
Magnoliaceae,Magnolia patungensis,(Hu) Noot.,China
Magnoliaceae,Magnolia pilocarpa,Z.Z.Zhao & Z.W.Xie,China
Magnoliaceae,Magnolia rostrata,W.W.Sm.,China
Magnoliaceae,Magnolia rufibarbata,(Dandy) V.S.Kumar,China
Magnoliaceae,Magnolia sargentiana,Rehder & E.H.Wilson,China
Magnoliaceae,Magnolia shiluensis,(Chun & Y.F.Wu) Figlar,China
Magnoliaceae,Magnolia shirenshanensis,(D.L.Fu & T.B.Chao) C.B.Callaghan & Png,China
Magnoliaceae,Magnolia shizhenii,(D.L.Fu & F.W.Li) C.B.Callaghan & Png,China
Magnoliaceae,Magnolia sieboldii,K.Koch,China
Magnoliaceae,Magnolia sinica,(Y.W.Law) Noot.,China
Magnoliaceae,Magnolia sinostellata,P.L.Chiu & Z.H.Chen,China
Magnoliaceae,Magnolia sphaerantha,(C.Y.Wu ex Y.W.Law & Y.F.Wu) Sima,China
Magnoliaceae,Magnolia sprengeri,Pamp.,China
Magnoliaceae,Magnolia ventii,(N.V.Tiep) V.S.Kumar,China
Magnoliaceae,Magnolia viridipetala,"(Y.W.Law, R.Z.Zhou & Q.F.Yi) C.B.Callaghan & Png",China
Magnoliaceae,Magnolia wilsonii,(Finet & Gagnep.) Rehder,China
Magnoliaceae,Magnolia wuzhishangensis,(G.A.Fu & Kun Pan) C.B.Callaghan & Png,China
Magnoliaceae,Magnolia xanthantha,(C.Y.Wu ex Y.W.Law & Y.F.Wu) Figlar,China
Magnoliaceae,Magnolia xiana,Noot.,China
Magnoliaceae,Magnolia xinganensis,Noot.,China
Magnoliaceae,Magnolia xinyangensis,"(T.B.Chao, Z.X.Chen & H.T.Dai) C.B.Callaghan & Png",China
Magnoliaceae,Magnolia yunnanensis,(Hu) Noot.,China
Magnoliaceae,Magnolia yuyuanensis,(Y.W.Law) V.S.Kumar,China
Magnoliaceae,Magnolia zenii,W.C.Cheng,China
Magnoliaceae,Magnolia zhengyiana,(N.H.Xia) Noot.,China
Malpighiaceae,Hiptage candicans,Hook.f.,China
Malpighiaceae,Hiptage yunnanensis,C.C. Huang ex S.K. Chen,China
Malvaceae,Azanza lampas,(Cav.) Alef.,China
Malvaceae,Bombax ceiba,L.,China
Malvaceae,Bombax insigne,Wall.,China
Malvaceae,Bombycidendron grewiifolium,(Hassk.) Zoll. & Moritzi,China
Malvaceae,Burretiodendron esquirolii,(H.Lév.) Rehder,China
Malvaceae,Burretiodendron kydiifolium,Y.C.Hsu & R.Zhuge,China
Malvaceae,Burretiodendron obconicum,W.Y.Chun & F.C.How,China
Malvaceae,Burretiodendron tonkinense,(A.Chev.) Kosterm.,China
Malvaceae,Cenocentrum tonkinense,Gagnep.,China
Malvaceae,Colona floribunda,(Kurz) Craib,China
Malvaceae,Colona thorelii,(Gagnep.) Burret,China
Malvaceae,Commersonia bartramia,(L.) Merr.,China
Malvaceae,Craigia kwangsiensis,H.H.Hsue,China
Malvaceae,Craigia yunnanensis,W.W.Sm. & W.E.Evans,China
Malvaceae,Diplodiscus trichospermus,"(Merr.) Y.Tang, M.G.Gilbert & Dorr",China
Malvaceae,Eriolaena candollei,Wall.,China
Malvaceae,Eriolaena kwangsiensis,Hand.-Mazz.,China
Malvaceae,Eriolaena quinquelocularis,(Wight & Arn.) Drury,China
Malvaceae,Eriolaena spectabilis,(DC.) Planch. ex Mast.,China
Malvaceae,Eriolaena wallichii,DC.,China
Malvaceae,Firmiana calcarea,C.F.Liang & S.L.Mo ex Y.S.Huang,China
Malvaceae,Firmiana colorata,(Roxb.) R.Br.,China
Malvaceae,Firmiana danxiaensis,H.H.Hsue & H.S.Kiu,China
Malvaceae,Firmiana fulgens,(Wall. ex Mast.) K.Schum.,China
Malvaceae,Firmiana hainanensis,Kosterm.,China
Malvaceae,Firmiana kwangsiensis,H.H.Hsue,China
Malvaceae,Firmiana major,(W.W.Sm.) Hand.-Mazz.,China
Malvaceae,Firmiana pulcherrima,H.H.Hsue,China
Malvaceae,Firmiana simplex,(L.) W.Wight,China
Malvaceae,Grewia abutilifolia,Vent. ex Juss.,China
Malvaceae,Grewia biloba,G.Don,China
Malvaceae,Grewia eriocarpa,Juss.,China
Malvaceae,Grewia falcata,C.Y.Wu,China
Malvaceae,Grewia henryi,Burret,China
Malvaceae,Grewia hirsuta,Vahl,China
Malvaceae,Grewia lacei,J.R.Drumm. & Craib,China
Malvaceae,Grewia multiflora,Juss.,China
Malvaceae,Grewia permagna,C.Y.Wu ex Hung T.Chang,China
Malvaceae,Grewia piscatorum,Hance,China
Malvaceae,Grewia retusifolia,Kurz,China
Malvaceae,Grewia tiliifolia,Vahl,China
Malvaceae,Helicteres isora,L.,China
Malvaceae,Heritiera angustata,Pierre,China
Malvaceae,Heritiera burmensis,Kosterm.,China
Malvaceae,Heritiera littoralis,Aiton,China
Malvaceae,Heritiera parvifolia,Merr.,China
Malvaceae,Hibiscus fragrans,Roxb.,China
Malvaceae,Hibiscus hamabo,Siebold & Zucc.,China
Malvaceae,Hibiscus macrophyllus,Roxb. ex Hornem.,China
Malvaceae,Hibiscus paramutabilis,L.H.Bailey,China
Malvaceae,Hibiscus tiliaceus,L.,China
Malvaceae,Kleinhovia hospita,L.,China
Malvaceae,Kydia calycina,Roxb.,China
Malvaceae,Kydia glabrescens,Mast.,China
Malvaceae,Microcos chungii,(Merr.) Chun,China
Malvaceae,Microcos paniculata,L.,China
Malvaceae,Microcos stauntoniana,G.Don,China
Malvaceae,Microcos tomentosa,Sm.,China
Malvaceae,Nayariophyton zizyphifolium,(Griff.) D.G.Long & A.G.Mill.,China
Malvaceae,Paradombeya sinensis,Dunn,China
Malvaceae,Pterospermum acerifolium,(L.) Willd.,China
Malvaceae,Pterospermum heterophyllum,Hance,China
Malvaceae,Pterospermum kingtungense,C.Y.Wu ex H.H.Hsue,China
Malvaceae,Pterospermum lanceifolium,Roxb. ex DC.,China
Malvaceae,Pterospermum menglunense,H.H.Hsue,China
Malvaceae,Pterospermum proteus,Burkill,China
Malvaceae,Pterospermum truncatolobatum,Gagnep.,China
Malvaceae,Pterospermum yunnanense,H.H.Hsue,China
Malvaceae,Pterygota alata,(Roxb.) R.Br.,China
Malvaceae,Reevesia botingensis,H.H.Hsue,China
Malvaceae,Reevesia glaucophylla,H.H.Hsue,China
Malvaceae,Reevesia lancifolia,H.L.Li,China
Malvaceae,Reevesia lofouensis,Chun & H.H.Hsue,China
Malvaceae,Reevesia longipetiolata,Merr. & Chun,China
Malvaceae,Reevesia lumlingensis,H.H.Hsue ex S.J.Xu,China
Malvaceae,Reevesia orbicularifolia,H.H.Hsue,China
Malvaceae,Reevesia pubescens,Mast.,China
Malvaceae,Reevesia pycnantha,Y.Ling,China
Malvaceae,Reevesia rotundifolia,Chun,China
Malvaceae,Reevesia rubronervia,H.H.Hsue,China
Malvaceae,Reevesia shangszeensis,H.H.Hsue,China
Malvaceae,Reevesia thyrsoidea,Lindl.,China
Malvaceae,Reevesia tomentosa,H.L.Li,China
Malvaceae,Sterculia brevissima,"H.H.Hsue ex Y.Tang, M.G.Gilbert & Dorr",China
Malvaceae,Sterculia euosma,W.W.Sm.,China
Malvaceae,Sterculia guangxiensis,S.J.Xu & P.T.Li,China
Malvaceae,Sterculia hainanensis,Merr. & Chun,China
Malvaceae,Sterculia henryi,Hemsl.,China
Malvaceae,Sterculia hymenocalyx,K.Schum.,China
Malvaceae,Sterculia hypochroa,Pierre,China
Malvaceae,Sterculia impressinervis,H.H.Hsue,China
Malvaceae,Sterculia kingtungensis,"H.H.Hsue ex Y.Tang, M.G.Gilbert & Dorr",China
Malvaceae,Sterculia lanceifolia,Roxb.,China
Malvaceae,Sterculia lanceolata,Cav.,China
Malvaceae,Sterculia micrantha,Chun & H.H.Hsue,China
Malvaceae,Sterculia monosperma,Vent.,China
Malvaceae,Sterculia pexa,Pierre,China
Malvaceae,Sterculia principis,Gagnep.,China
Malvaceae,Sterculia simaoensis,Y.Y.Qian,China
Malvaceae,Sterculia subnobilis,H.H.Hsue,China
Malvaceae,Sterculia tonkinensis,Aug.DC.,China
Malvaceae,Sterculia villosa,Roxb. ex Sm.,China
Malvaceae,Sterculia yuanjiangensis,H.H.Hsue & S.J.Xu,China
Malvaceae,Thespesia populnea,(L.) Sol. ex Corrêa,China
Malvaceae,Tilia amurensis,Rupr.,China
Malvaceae,Tilia callidonta,Hung T.Chang,China
Malvaceae,Tilia chinensis,Maxim.,China
Malvaceae,Tilia chingiana,Hu & W.C.Cheng,China
Malvaceae,Tilia concinna,Pigott,China
Malvaceae,Tilia endochrysea,Hand.-Mazz.,China
Malvaceae,Tilia henryana,Szyszył.,China
Malvaceae,Tilia japonica,(Miq.) Simonk.,China
Malvaceae,Tilia mandshurica,Rupr. & Maxim.,China
Malvaceae,Tilia miqueliana,Maxim.,China
Malvaceae,Tilia mongolica,Maxim.,China
Malvaceae,Tilia nobilis,Rehder & E.H.Wilson,China
Malvaceae,Tilia oliveri,Szyszył.,China
Malvaceae,Tilia paucicostata,Maxim.,China
Malvaceae,Tilia tuan,Szyszył.,China
Melastomataceae,Medinilla arboricola,F.C. How,China
Melastomataceae,Medinilla lanceata,(M.P. Nayar) C. Chen,China
Melastomataceae,Melastoma dodecandrum,Lour.,China
Melastomataceae,Melastoma imbricatum,Wall. ex Triana,China
Melastomataceae,Melastoma sanguineum,Sims,China
Melastomataceae,Memecylon coeruleum,Jack,China
Melastomataceae,Memecylon hainanense,Merr. & Chun,China
Melastomataceae,Memecylon ligustrifolium,Champ. ex Benth.,China
Melastomataceae,Memecylon pauciflorum,Blume,China
Melastomataceae,Memecylon polyanthum,H.L. Li,China
Melastomataceae,Memecylon scutellatum,(Lour.) Hook. & Arn.,China
Melastomataceae,Oxyspora howellii,Jeffrey & W.W. Sm.,China
Melastomataceae,Pternandra coerulescens,Jack,China
Meliaceae,Aglaia dasyclada,F.C.How & T.C.Chen,China
Meliaceae,Aglaia edulis,(Roxb.) Wall.,China
Meliaceae,Aglaia lawii,(Wight) C.J.Saldanha,China
Meliaceae,Aglaia odorata,Lour.,China
Meliaceae,Aglaia perviridis,Hiern,China
Meliaceae,Aglaia spectabilis,(Miq.) S.S.Jain & S.Bennet,China
Meliaceae,Aglaia teysmanniana,(Miq.) Miq.,China
Meliaceae,Aphanamixis polystachya,(Wall.) R.Parker,China
Meliaceae,Chukrasia tabularis,A.Juss.,China
Meliaceae,Cipadessa baccifera,(Roth) Miq.,China
Meliaceae,Dysoxylum cupuliforme,H.L.Li,China
Meliaceae,Dysoxylum densiflorum,(Blume) Miq.,China
Meliaceae,Dysoxylum excelsum,Blume,China
Meliaceae,Dysoxylum gotadhora,(Buch.-Ham.) Mabb.,China
Meliaceae,Dysoxylum grande,Hiern,China
Meliaceae,Dysoxylum hongkongense,(Tutcher) Merr.,China
Meliaceae,Dysoxylum juglans,(Hance) Pellegr.,China
Meliaceae,Dysoxylum laxiracemosum,C.Y.Wu & H.Li,China
Meliaceae,Dysoxylum lenticellatum,C.Y.Wu,China
Meliaceae,Dysoxylum medogense,C.Y.Wu & H.Li,China
Meliaceae,Dysoxylum mollissimum,Blume,China
Meliaceae,Dysoxylum pallens,Hiern,China
Meliaceae,Dysoxylum spicatum,H.L.Li,China
Meliaceae,Heynea trijuga,Roxb. ex Sims,China
Meliaceae,Melia azedarach,L.,China
Meliaceae,Munronia pinnata,(Wall.) W.Theob.,China
Meliaceae,Reinwardtiodendron humile,(Hassk.) Mabb.,China
Meliaceae,Toona ciliata,M.Roem.,China
Meliaceae,Toona fargesii,A. Chev.,China
Meliaceae,Toona sinensis,(Juss.) M.Roem.,China
Meliaceae,Toona sureni,(Blume) Merr.,China
Meliaceae,Turraea pubescens,Hell.,China
Meliaceae,Walsura guangxiensis,You Nong & Y.Feng Huang,China
Meliaceae,Walsura pinnata,Hassk.,China
Meliaceae,Walsura robusta,Roxb.,China
Meliaceae,Xylocarpus granatum,J.Koenig,China
Menispermaceae,Pachygone laurifolia,(DC.) L.Lian & Wei Wang,China
Metteniusaceae,Apodytes dimidiata,E.Mey. ex Arn.,China
Metteniusaceae,Platea latifolia,Blume,China
Metteniusaceae,Platea parvifolia,Merr. & Chun,China
Moraceae,Antiaris toxicaria,(J.F.Gmel.) Lesch.,China
Moraceae,Artocarpus gongshanensis,S.K.Wu ex C.Y.Wu & S.S.Chang,China
Moraceae,Artocarpus griffithii,(King) Merr.,China
Moraceae,Artocarpus hypargyreus,Hance ex Benth.,China
Moraceae,Artocarpus nanchuanensis,S.S.Chang S.C.Tan & Z.Y.Liu,China
Moraceae,Artocarpus parvus,Gagnep.,China
Moraceae,Artocarpus petelotii,Gagnep.,China
Moraceae,Artocarpus pithecogallus,C.Y.Wu,China
Moraceae,Artocarpus styracifolius,Pierre,China
Moraceae,Artocarpus tonkinensis,A.Chev. ex Gagnep.,China
Moraceae,Broussonetia monoica,Hance,China
Moraceae,Broussonetia papyrifera,(L.) L'Hér. ex Vent.,China
Moraceae,Ficus abelii,Miq.,China
Moraceae,Ficus alongensis,Gagnep.,China
Moraceae,Ficus altissima,Blume,China
Moraceae,Ficus annulata,Blume,China
Moraceae,Ficus anserina,(Corner) C.C.Berg,China
Moraceae,Ficus auriculata,Lour.,China
Moraceae,Ficus benjamina,L.,China
Moraceae,Ficus calcicola,Corner,China
Moraceae,Ficus callosa,Willd.,China
Moraceae,Ficus chapaensis,Gagnep.,China
Moraceae,Ficus chartacea,(Wall. ex Kurz) Wall. ex King,China
Moraceae,Ficus concinna,(Miq.) Miq.,China
Moraceae,Ficus curtipes,Corner,China
Moraceae,Ficus cyrtophylla,(Miq.) Miq.,China
Moraceae,Ficus drupacea,Thunb.,China
Moraceae,Ficus elastica,Roxb. ex Hornem.,China
Moraceae,Ficus erecta,Thunb.,China
Moraceae,Ficus filicauda,Hand.-Mazz.,China
Moraceae,Ficus fistulosa,Reinw. ex Blume,China
Moraceae,Ficus fulva,Reinw. ex Blume,China
Moraceae,Ficus gasparriniana,Miq.,China
Moraceae,Ficus geniculata,Kurz,China
Moraceae,Ficus glaberrima,Blume,China
Moraceae,Ficus henryi,Warb. ex Diels,China
Moraceae,Ficus heteromorpha,Hemsl.,China
Moraceae,Ficus heteropleura,Blume,China
Moraceae,Ficus hispida,L.f.,China
Moraceae,Ficus hookeriana,Corner,China
Moraceae,Ficus ischnopoda,Miq.,China
Moraceae,Ficus kurzii,King,China
Moraceae,Ficus langkokensis,Drake,China
Moraceae,Ficus maclellandii,King,China
Moraceae,Ficus macropodocarpa,H.Lév. & Vaniot,China
Moraceae,Ficus microcarpa,L.f.,China
Moraceae,Ficus neriifolia,Sm.,China
Moraceae,Ficus nervosa,B.Heyne ex Roth,China
Moraceae,Ficus orthoneura,H.Lév. & Vaniot,China
Moraceae,Ficus ovatifolia,S.S. Chang,China
Moraceae,Ficus pisocarpa,Blume,China
Moraceae,Ficus praetermissa,Corner,China
Moraceae,Ficus prostrata,(Wall. ex Miq.) Buch.-Ham. ex Miq.,China
Moraceae,Ficus pubigera,(Wall. ex Miq.) Brandis,China
Moraceae,Ficus pubilimba,Merr.,China
Moraceae,Ficus pyriformis,Hook. & Arn.,China
Moraceae,Ficus racemosa,L.,China
Moraceae,Ficus rumphii,Blume,China
Moraceae,Ficus ruyuanensis,X.S.Zhang,China
Moraceae,Ficus sagittata,Vahl,China
Moraceae,Ficus semicordata,Buch.-Ham. ex Sm.,China
Moraceae,Ficus simplicissima,Lour.,China
Moraceae,Ficus squamosa,Roxb.,China
Moraceae,Ficus stricta,(Miq.) Miq.,China
Moraceae,Ficus subincisa,Buch.-Ham. ex Sm.,China
Moraceae,Ficus subpisocarpa,Gagnep.,China
Moraceae,Ficus subulata,Blume,China
Moraceae,Ficus tikoua,Bureau,China
Moraceae,Ficus tinctoria,G.Forst.,China
Moraceae,Ficus triloba,Buch.-Ham. ex Voigt,China
Moraceae,Ficus trivia,Corner,China
Moraceae,Ficus tsiangii,Merr. ex Corner,China
Moraceae,Ficus variegata,Blume,China
Moraceae,Ficus variolosa,Lindl. ex Benth.,China
Moraceae,Ficus vasculosa,Wall. ex Miq.,China
Moraceae,Ficus virens,Aiton,China
Moraceae,Ficus yunnanensis,S.S.Chang,China
Moraceae,Maclura tricuspidata,Carrière,China
Moraceae,Morus alba,L.,China
Moraceae,Morus cathayana,Hemsl.,China
Moraceae,Morus indica,L.,China
Moraceae,Morus liboensis,S.S. Chang,China
Moraceae,Morus macroura,Miq.,China
Moraceae,Morus mongolica,(Bureau) C.K. Schneid.,China
Moraceae,Morus notabilis,C.K.Schneid.,China
Moraceae,Morus serrata,Roxb.,China
Moraceae,Morus trilobata,(S.S. Chang) Z.Y. Cao,China
Moraceae,Morus wittiorum,Hand.-Mazz.,China
Moraceae,Pseudostreblus indicus,Bureau,China
Moraceae,Streblus asper,Lour.,China
Moraceae,Taxotrophis ilicifolia,(Kurz) S.Vidal,China
Moraceae,Taxotrophis macrophylla,(Blume) Boerl.,China
Moraceae,Taxotrophis taxoides,(B.Heyne ex Roth) Chew ex E.M.Gardner,China
Moraceae,Taxotrophis zeylanica,(Thwaites) Thwaites,China
Myricaceae,Morella adenophora,(Hance) J.Herb.,China
Myricaceae,Morella esculenta,(Buch.-Ham. ex D.Don) I.M.Turner,China
Myricaceae,Morella rubra,Lour.,China
Myristicaceae,Horsfieldia amygdalina,(Wall.) Warb.,China
Myristicaceae,Horsfieldia kingii,(Hook.f.) Warb.,China
Myristicaceae,Knema elegans,Warb.,China
Myristicaceae,Knema erratica,(Hook.f. & Thomson) J.Sinclair,China
Myristicaceae,Knema globularia,(Lam.) Warb.,China
Myristicaceae,Knema lenta,Warb.,China
Myristicaceae,Knema linifolia,(Roxb.) Warb.,China
Myristicaceae,Knema tenuinervia,W.J. de Wilde,China
Myristicaceae,Myristica yunnanensis,Y.H.Li,China
Myrtaceae,Baeckea frutescens,L.,China
Myrtaceae,Decaspermum albociliatum,Merr. & L.M.Perry,China
Myrtaceae,Decaspermum austrohainanicum,H.T.Chang & R.H.Miao,China
Myrtaceae,Decaspermum glabrum,H.T.Chang & R.H.Miao,China
Myrtaceae,Decaspermum gracilentum,(Hance) Merr. & L.M.Perry,China
Myrtaceae,Decaspermum hainanense,(Merr.) Merr.,China
Myrtaceae,Decaspermum montanum,Ridl.,China
Myrtaceae,Decaspermum parviflorum,(Lam.) A.J.Scott,China
Myrtaceae,Decaspermum teretis,Craven,China
Myrtaceae,Rhodamnia dumetorum,(DC.) Merr. & L.M.Perry,China
Myrtaceae,Rhodomyrtus tomentosa,(Aiton) Hassk.,China
Myrtaceae,Syzygium acuminatissimum,(Blume) DC.,China
Myrtaceae,Syzygium album,Q.F.Zheng,China
Myrtaceae,Syzygium araiocladum,Merr. & L.M.Perry,China
Myrtaceae,Syzygium austrosinense,(Merr. & L.M.Perry) H.T.Chang & R.H.Miao,China
Myrtaceae,Syzygium austroyunnanense,H.T.Chang & R.H.Miao,China
Myrtaceae,Syzygium balsameum,(Wight) Wall. ex Walp.,China
Myrtaceae,Syzygium boisianum,(Gagnep.) Merr. & L.M.Perry,China
Myrtaceae,Syzygium brachythyrsum,Merr. & L.M.Perry,China
Myrtaceae,Syzygium bubengense,C.Chen,China
Myrtaceae,Syzygium bullockii,(Hance) Merr. & L.M.Perry,China
Myrtaceae,Syzygium buxifolioideum,H.T.Chang & R.H.Miao,China
Myrtaceae,Syzygium buxifolium,Hook. & Arn.,China
Myrtaceae,Syzygium championii,(Benth.) Merr. & L.M.Perry,China
Myrtaceae,Syzygium chunianum,Merr. & L.M.Perry,China
Myrtaceae,Syzygium claviflorum,(Roxb.) Wall. ex A.M.Cowan & Cowan,China
Myrtaceae,Syzygium coarctatum,"(Blume) Byng, N.Snow & Peter G.Wilson",China
Myrtaceae,Syzygium conspersipunctatum,(Merr. & L.M.Perry) Craven & Biffin,China
Myrtaceae,Syzygium cumini,(L.) Skeels,China
Myrtaceae,Syzygium euonymifolium,(F.P.Metcalf) Merr. & L.M.Perry,China
Myrtaceae,Syzygium forrestii,Merr. & L.M.Perry,China
Myrtaceae,Syzygium globiflorum,(Craib) Chantar. & J.Parn.,China
Myrtaceae,Syzygium gonshanense,P.Y.Bai,China
Myrtaceae,Syzygium grande,(Wight) Walp.,China
Myrtaceae,Syzygium grijsii,(Hance) Merr. & L.M.Perry,China
Myrtaceae,Syzygium guangxiense,H.T.Chang & R.H.Miao,China
Myrtaceae,Syzygium hainanense,H.T.Chang & R.H.Miao,China
Myrtaceae,Syzygium hancei,Merr. & L.M.Perry,China
Myrtaceae,Syzygium handelii,Merr. & L.M.Perry,China
Myrtaceae,Syzygium howii,Merr. & L.M.Perry,China
Myrtaceae,Syzygium imitans,Merr. & L.M.Perry,China
Myrtaceae,Syzygium infrarubiginosum,H.T.Chang & R.H.Miao,China
Myrtaceae,Syzygium jambos,(L.) Alston,China
Myrtaceae,Syzygium jienfunicum,H.T.Chang & R.H.Miao,China
Myrtaceae,Syzygium kwangtungense,(Merr.) Merr.,China
Myrtaceae,Syzygium lasianthifolium,H.T.Chang & R.H.Miao,China
Myrtaceae,Syzygium levinei,(Merr.) Merr.,China
Myrtaceae,Syzygium lineatum,(DC.) Merr. & L.M.Perry,China
Myrtaceae,Syzygium melanophilum,H.T.Chang & R.H.Miao,China
Myrtaceae,Syzygium myrsinifolium,(Hance) Merr. & L.M.Perry,China
Myrtaceae,Syzygium nanpingense,Y.Y.Qian,China
Myrtaceae,Syzygium nervosum,A.Cunn. ex DC.,China
Myrtaceae,Syzygium oblancilimbum,H.T.Chang & R.H.Miao,China
Myrtaceae,Syzygium oblatum,(Roxb.) Wall. ex A.M.Cowan & Cowan,China
Myrtaceae,Syzygium odoratum,(Lour.) DC.,China
Myrtaceae,Syzygium polypetaloideum,Merr. & L.M.Perry,China
Myrtaceae,Syzygium praecox,(Roxb.) Rathakr. & N.C.Nair,China
Myrtaceae,Syzygium rehderianum,Merr. & L.M.Perry,China
Myrtaceae,Syzygium rockii,Merr. & L.M.Perry,China
Myrtaceae,Syzygium rysopodum,Merr. & L.M.Perry,China
Myrtaceae,Syzygium salwinense,Merr. & L.M.Perry,China
Myrtaceae,Syzygium saxatile,H.T.Chang & R.H.Miao,China
Myrtaceae,Syzygium sichuanense,H.T.Chang & R.H.Miao,China
Myrtaceae,Syzygium stenocladum,Merr. & L.M.Perry,China
Myrtaceae,Syzygium sterrophyllum,Merr. & L.M.Perry,China
Myrtaceae,Syzygium szemaoense,Merr. & L.M.Perry,China
Myrtaceae,Syzygium tenuirhachis,H.T.Chang & R.H.Miao,China
Myrtaceae,Syzygium tephrodes,(Hance) Merr. & L.M.Perry,China
Myrtaceae,Syzygium tetragonum,(Wight) Wall. ex Walp.,China
Myrtaceae,Syzygium thumra,(Roxb.) Mason,China
Myrtaceae,Syzygium toddalioides,(Wight) Walp.,China
Myrtaceae,Syzygium tsoongii,(Merr.) Merr. & L.M.Perry,China
Myrtaceae,Syzygium vestitum,Merr. & L.M.Perry,China
Myrtaceae,Syzygium wenshanense,H.T.Chang & R.H.Miao,China
Myrtaceae,Syzygium xizangense,H.T.Chang & R.H.Miao,China
Myrtaceae,Syzygium yunnanense,Merr. & L.M.Perry,China
Nyctaginaceae,Ceodes umbellifera,J.R.Forst. & G.Forst.,China
Nyctaginaceae,Pisonia aculeata,L.,China
Nyssaceae,Camptotheca acuminata,Decne.,China
Nyssaceae,Camptotheca lowreyana,S.Y.Li,China
Nyssaceae,Davidia involucrata,Baill.,China
Nyssaceae,Diplopanax stachyanthus,Hand.-Mazz.,China
Nyssaceae,Mastixia caudatilimba,C.Y.Wu ex Soong,China
Nyssaceae,Mastixia microcarpa,Y.C.Liu & H.Peng,China
Nyssaceae,Mastixia pentandra,Blume,China
Nyssaceae,Mastixia trichophylla,W.P.Fang ex Soong,China
Nyssaceae,Nyssa bifida,Craib,China
Nyssaceae,Nyssa javanica,(Blume) Wangerin,China
Nyssaceae,Nyssa sinensis,Oliv.,China
Ochnaceae,Campylospermum serratum,(Gaertn.) Bittrich & M.C.E.Amaral,China
Ochnaceae,Ochna integerrima,(Lour.) Merr.,China
Olacaceae,Erythropalum scandens,Blume,China
Olacaceae,Malania oleifera,Chun & S.K. Lee,China
Olacaceae,Olax imbricata,Roxb.,China
Olacaceae,Ximenia americana,L.,China
Oleaceae,Chengiodendron marginatum,"(Champ. ex Benth.) C.B.Shang, X.R.Wang, Yi F.Duan & Yong F.Li",China
Oleaceae,Chengiodendron matsumuranum,"(Hayata) C.B.Shang, X.R.Wang, Yi F.Duan & Yong F.Li",China
Oleaceae,Chengiodendron minor,"(P.S.Green) C.B.Shang, X.R.Wang, Yi F.Duan & Yong F.Li",China
Oleaceae,Chionanthus guangxiensis,B.M.Miao,China
Oleaceae,Chionanthus hainanensis,(Merr. & Chun) B.M.Miao,China
Oleaceae,Chionanthus henryanus,P.S.Green,China
Oleaceae,Chionanthus longiflorus,(H.L.Li) B.M.Miao,China
Oleaceae,Chionanthus parkinsonii,(Hutch.) Bennet & Raizada,China
Oleaceae,Chionanthus ramiflorus,Roxb.,China
Oleaceae,Chionanthus retusus,Lindl. & Paxton,China
Oleaceae,Chionanthus verruculatus,D.Fang,China
Oleaceae,Chrysojasminum humile,(L.) Banfi,China
Oleaceae,Chrysojasminum subhumile,(W.W.Sm.) Banfi & Galasso,China
Oleaceae,Fontanesia fortunei,Carrière,China
Oleaceae,Fraxinus baroniana,Diels,China
Oleaceae,Fraxinus bungeana,A.DC.,China
Oleaceae,Fraxinus chinensis,Roxb.,China
Oleaceae,Fraxinus ferruginea,Lingelsh.,China
Oleaceae,Fraxinus floribunda,Wall.,China
Oleaceae,Fraxinus griffithii,C.B.Clarke,China
Oleaceae,Fraxinus hubeiensis,"S.Z.Qu, C.B.Shang & P.L.Su",China
Oleaceae,Fraxinus insularis,Hemsl.,China
Oleaceae,Fraxinus malacophylla,Hemsl.,China
Oleaceae,Fraxinus mandshurica,Rupr.,China
Oleaceae,Fraxinus odontocalyx,Hand.-Mazz. ex E.Peter,China
Oleaceae,Fraxinus paxiana,Lingelsh.,China
Oleaceae,Fraxinus platypoda,Oliv.,China
Oleaceae,Fraxinus punctata,S.Y.Hu,China
Oleaceae,Fraxinus sieboldiana,Blume,China
Oleaceae,Fraxinus sogdiana,Bunge,China
Oleaceae,Fraxinus stylosa,Lingelsh.,China
Oleaceae,Fraxinus trifoliolata,W.W.Sm.,China
Oleaceae,Fraxinus xanthoxyloides,(G.Don) Wall. ex A.DC.,China
Oleaceae,Ligustrum compactum,(Wall. ex G.Don) Hook.f. & Thomson ex Brandis,China
Oleaceae,Ligustrum confusum,Decne.,China
Oleaceae,Ligustrum expansum,Rehder,China
Oleaceae,Ligustrum japonicum,Thunb.,China
Oleaceae,Ligustrum leucanthum,(S.Moore) P.S.Green,China
Oleaceae,Ligustrum lianum,P.S.Hsu,China
Oleaceae,Ligustrum lucidum,W.T.Aiton,China
Oleaceae,Ligustrum nepalense,Wall.,China
Oleaceae,Ligustrum sempervirens,(Franch.) Lingelsh.,China
Oleaceae,Ligustrum sinense,Lour.,China
Oleaceae,Olea europaea,L.,China
Oleaceae,Olea paniculata,R.Br.,China
Oleaceae,Osmanthus armatus,Diels,China
Oleaceae,Osmanthus attenuatus,P.S.Green,China
Oleaceae,Osmanthus cooperi,Hemsl.,China
Oleaceae,Osmanthus dechangensis,J.L.Liu & Y.Yuan,China
Oleaceae,Osmanthus didymopetalus,P.S.Green,China
Oleaceae,Osmanthus fragrans,Lour.,China
Oleaceae,Osmanthus gracilinervis,L.C.Chia ex R.L.Lu,China
Oleaceae,Osmanthus hainanensis,P.S.Green,China
Oleaceae,Osmanthus henryi,P.S.Green,China
Oleaceae,Osmanthus reticulatus,P.S.Green,China
Oleaceae,Osmanthus serrulatus,Rehder,China
Oleaceae,Osmanthus suavis,King ex C.B.Clarke,China
Oleaceae,Osmanthus venosus,Pamp.,China
Oleaceae,Osmanthus yunnanensis,(Franch.) P.S.Green,China
Oleaceae,Syringa emodi,Wall. ex Royle,China
Oleaceae,Syringa komarowii,C.K.Schneid.,China
Oleaceae,Syringa oblata,Lindl.,China
Oleaceae,Syringa pinetorum,W.W.Sm.,China
Oleaceae,Syringa reticulata,(Blume) H.Hara,China
Oleaceae,Syringa tomentella,Bureau & Franch.,China
Oleaceae,Syringa villosa,Vahl,China
Oleaceae,Tetrapilus brachiatus,Lour.,China
Oleaceae,Tetrapilus caudatilimbus,(L.C.Chia) de Juana,China
Oleaceae,Tetrapilus hainanensis,(H.L.Li) L.A.S.Johnson,China
Oleaceae,Tetrapilus neriifolius,(H.L.Li) de Juana,China
Oleaceae,Tetrapilus parvilimbus,(Merr. & Chun) de Juana,China
Oleaceae,Tetrapilus roseus,(Craib) L.A.S.Johnson,China
Oleaceae,Tetrapilus salicifolius,(Wall. ex G.Don) de Juana,China
Oleaceae,Tetrapilus tetragonocladus,(L.C.Chia) de Juana,China
Oleaceae,Tetrapilus tsoongii,(Merr.) de Juana,China
Opiliaceae,Champereia manillana,(Blume) Merr.,China
Opiliaceae,Lepionurus sylvestris,Blume,China
Opiliaceae,Urobotrya latisquama,(Gagnep.) Hiepko,China
Pandaceae,Microdesmis caseariifolia,Planch. ex Hook.,China
Pandanaceae,Pandanus austrosinensis,T.L.Wu,China
Pandanaceae,Pandanus kaida,Kurz,China
Pandanaceae,Pandanus odorifer,(Forssk.) Kuntze,China
Pandanaceae,Pandanus urophyllus,Hance,China
Paulowniaceae,Paulownia catalpifolia,T. Gong ex D.Y. Hong,China
Paulowniaceae,Paulownia elongata,S.Y. Hu,China
Paulowniaceae,Paulownia fargesii,Franch.,China
Paulowniaceae,Paulownia fortunei,(Seem.) Hemsl.,China
Paulowniaceae,Paulownia tomentosa,Steud.,China
Paulowniaceae,Wightia speciosissima,(D. Don) Merr.,China
Pentaphylacaceae,Adinandra auriformis,L.K.Ling & S.X.Liang,China
Pentaphylacaceae,Adinandra bockiana,E.Pritz. ex Diels,China
Pentaphylacaceae,Adinandra elegans,F.C.How & W.C.Ko ex Hung T.Chang,China
Pentaphylacaceae,Adinandra epunctata,Merr. & Chun,China
Pentaphylacaceae,Adinandra filipes,Merr. ex Kobuski,China
Pentaphylacaceae,Adinandra glischroloma,Hand.-Mazz.,China
Pentaphylacaceae,Adinandra grandis,L.K.Ling,China
Pentaphylacaceae,Adinandra hainanensis,Hayata,China
Pentaphylacaceae,Adinandra hirta,Gagnep.,China
Pentaphylacaceae,Adinandra howii,Merr. & Chun,China
Pentaphylacaceae,Adinandra lancipetala,L.K.Ling,China
Pentaphylacaceae,Adinandra latifolia,L.K.Ling,China
Pentaphylacaceae,Adinandra megaphylla,Hu,China
Pentaphylacaceae,Adinandra millettii,(Hook. & Arn.) Benth. & Hook.f. ex Hance,China
Pentaphylacaceae,Adinandra nigroglandulosa,L.K.Ling,China
Pentaphylacaceae,Adinandra nitida,Merr. ex H.L.Li,China
Pentaphylacaceae,Adinandra pingbianensis,L.K.Ling,China
Pentaphylacaceae,Anneslea fragrans,Wall.,China
Pentaphylacaceae,Cleyera incornuta,Y.C.Wu,China
Pentaphylacaceae,Cleyera japonica,Thunb.,China
Pentaphylacaceae,Cleyera obovata,H.T.Chang,China
Pentaphylacaceae,Cleyera obscurinervia,(Merr. & Chun) H.T.Chang,China
Pentaphylacaceae,Cleyera pachyphylla,Chun ex Hung T.Chang,China
Pentaphylacaceae,Cleyera yangchunensis,L.K.Ling,China
Pentaphylacaceae,Eurya acuminata,DC.,China
Pentaphylacaceae,Eurya acuminatissima,Merr. & Chun,China
Pentaphylacaceae,Eurya acuminoides,P.T.Li,China
Pentaphylacaceae,Eurya acutisepala,Hu & L.K.Ling,China
Pentaphylacaceae,Eurya alata,Kobuski,China
Pentaphylacaceae,Eurya amplexifolia,Dunn,China
Pentaphylacaceae,Eurya auriformis,Hung T.Chang,China
Pentaphylacaceae,Eurya bifidostyla,K.M.Feng & P.Y.Mao,China
Pentaphylacaceae,Eurya brevistyla,Kobuski,China
Pentaphylacaceae,Eurya cavinervis,Vesque,China
Pentaphylacaceae,Eurya cerasifolia,(D.Don) Kobuski,China
Pentaphylacaceae,Eurya chinensis,R.Br.,China
Pentaphylacaceae,Eurya ciliata,Merr.,China
Pentaphylacaceae,Eurya crassilimba,Hung T.Chang,China
Pentaphylacaceae,Eurya cuneata,Kobuski,China
Pentaphylacaceae,Eurya disticha,Chun,China
Pentaphylacaceae,Eurya distichophylla,F.B.Forbes & Hemsl.,China
Pentaphylacaceae,Eurya fangii,Rehder,China
Pentaphylacaceae,Eurya glandulosa,Merr.,China
Pentaphylacaceae,Eurya groffii,Merr.,China
Pentaphylacaceae,Eurya gungshanensis,Hu & L.K.Ling,China
Pentaphylacaceae,Eurya hainanensis,(Kobuski) Hung T.Chang,China
Pentaphylacaceae,Eurya handel-mazzettii,Hung T.Chang,China
Pentaphylacaceae,Eurya hebeclados,Ling,China
Pentaphylacaceae,Eurya henryi,Hemsl.,China
Pentaphylacaceae,Eurya hupehensis,P.S.Hsu,China
Pentaphylacaceae,Eurya impressinervis,Kobuski,China
Pentaphylacaceae,Eurya inaequalis,P.S.Hsu,China
Pentaphylacaceae,Eurya jintungensis,P.T.Li,China
Pentaphylacaceae,Eurya kueichouensis,Hu & L.K.Ling,China
Pentaphylacaceae,Eurya kueichowensis,P.T. Li,China
Pentaphylacaceae,Eurya lanciformis,Kobuski,China
Pentaphylacaceae,Eurya loquaiana,Dunn,China
Pentaphylacaceae,Eurya luchunensis,J.H.Wang & H.Wang,China
Pentaphylacaceae,Eurya lunglingensis,Hu & L.K.Ling,China
Pentaphylacaceae,Eurya macartneyi,Champ.,China
Pentaphylacaceae,Eurya magniflora,P.Y.Mao & P.X.He,China
Pentaphylacaceae,Eurya marlipoensis,Hu,China
Pentaphylacaceae,Eurya megatrichocarpa,Hung T.Chang,China
Pentaphylacaceae,Eurya metcalfiana,Kobuski,China
Pentaphylacaceae,Eurya muricata,Dunn,China
Pentaphylacaceae,Eurya nitida,Korth.,China
Pentaphylacaceae,Eurya obliquifolia,Hemsl.,China
Pentaphylacaceae,Eurya oblonga,Y.C.Yang,China
Pentaphylacaceae,Eurya obtusifolia,Hung T.Chang,China
Pentaphylacaceae,Eurya ovatifolia,Hung T.Chang,China
Pentaphylacaceae,Eurya paratetragonoclada,Hu,China
Pentaphylacaceae,Eurya patentipila,Chun,China
Pentaphylacaceae,Eurya pentagyna,Hung T.Chang,China
Pentaphylacaceae,Eurya perserrata,Kobuski,China
Pentaphylacaceae,Eurya persicifolia,Gagnep.,China
Pentaphylacaceae,Eurya pittosporifolia,Hu,China
Pentaphylacaceae,Eurya polyneura,Chun,China
Pentaphylacaceae,Eurya prunifolia,P.S.Hsu,China
Pentaphylacaceae,Eurya pseudocerasifera,Kobuski,China
Pentaphylacaceae,Eurya pyracanthifolia,P.S.Hsu,China
Pentaphylacaceae,Eurya quinquelocularis,Kobuski,China
Pentaphylacaceae,Eurya rubiginosa,Hung T.Chang,China
Pentaphylacaceae,Eurya rugosa,Hu,China
Pentaphylacaceae,Eurya saxicola,Hung T.Chang,China
Pentaphylacaceae,Eurya semiserrulata,Hung T.Chang,China
Pentaphylacaceae,Eurya stenophylla,Merr.,China
Pentaphylacaceae,Eurya subcordata,P.T.Li,China
Pentaphylacaceae,Eurya subintegra,Kobuski,China
Pentaphylacaceae,Eurya taronensis,P.T.Li,China
Pentaphylacaceae,Eurya tetragonoclada,Merr. & Chun,China
Pentaphylacaceae,Eurya trichocarpa,Korth.,China
Pentaphylacaceae,Eurya tsaii,Hung T.Chang,China
Pentaphylacaceae,Eurya tsingpienensis,Hu,China
Pentaphylacaceae,Eurya velutina,Chun,China
Pentaphylacaceae,Eurya wenshanensis,Hu & L.K.Ling,China
Pentaphylacaceae,Eurya wuliangshanensis,T.L.Ming,China
Pentaphylacaceae,Eurya yunnanensis,P.S.Hsu,China
Pentaphylacaceae,Euryodendron excelsum,H.T.Chang,China
Pentaphylacaceae,Pentaphylax euryoides,Gardner & Champ.,China
Pentaphylacaceae,Ternstroemia biangulipes,H.T.Chang,China
Pentaphylacaceae,Ternstroemia conicocarpa,L.K. Ling,China
Pentaphylacaceae,Ternstroemia gymnanthera,(Wight & Arn.) Bedd.,China
Pentaphylacaceae,Ternstroemia hainanensis,H.T.Chang,China
Pentaphylacaceae,Ternstroemia insignis,Y.C.Wu,China
Pentaphylacaceae,Ternstroemia kwangtungensis,Merr.,China
Pentaphylacaceae,Ternstroemia luteoflora,L.K.Ling,China
Pentaphylacaceae,Ternstroemia microphylla,Merr.,China
Pentaphylacaceae,Ternstroemia nitida,Merr.,China
Pentaphylacaceae,Ternstroemia sichuanensis,L.K.Ling,China
Pentaphylacaceae,Ternstroemia simaoensis,L.K.Ling,China
Pentaphylacaceae,Ternstroemia yunnanensis,L.K.Ling,China
Peraceae,Chaetocarpus castanocarpus,(Roxb.) Thwaites,China
Phyllanthaceae,Actephila excelsa,(Dalzell) Müll.Arg.,China
Phyllanthaceae,Actephila merrilliana,Chun,China
Phyllanthaceae,Actephila subsessilis,Gagnep.,China
Phyllanthaceae,Antidesma acidum,Retz.,China
Phyllanthaceae,Antidesma bunius,(L.) Spreng.,China
Phyllanthaceae,Antidesma chonmon,Gagnep.,China
Phyllanthaceae,Antidesma costulatum,Pax & K.Hoffm.,China
Phyllanthaceae,Antidesma fordii,Hemsl.,China
Phyllanthaceae,Antidesma ghaesembilla,Gaertn.,China
Phyllanthaceae,Antidesma hainanense,Merr.,China
Phyllanthaceae,Antidesma japonicum,Siebold & Zucc.,China
Phyllanthaceae,Antidesma maclurei,Merr.,China
Phyllanthaceae,Antidesma montanum,Blume,China
Phyllanthaceae,Antidesma nienkui,Merr. & Chun,China
Phyllanthaceae,Antidesma sootepense,Craib,China
Phyllanthaceae,Antidesma venosum,E.Mey. ex Tul.,China
Phyllanthaceae,Aporosa octandra,(Buch.-Ham. ex D.Don) Vickery,China
Phyllanthaceae,Aporosa planchoniana,Baill. ex Müll.Arg.,China
Phyllanthaceae,Aporosa villosa,(Lindl.) Baill.,China
Phyllanthaceae,Aporosa yunnanensis,(Pax & K.Hoffm.) F.P.Metcalf,China
Phyllanthaceae,Baccaurea ramiflora,Lour.,China
Phyllanthaceae,Bischofia javanica,Blume,China
Phyllanthaceae,Bischofia polycarpa,(H.Lév.) Airy Shaw,China
Phyllanthaceae,Breynia fruticosa,(L.) Müll.Arg.,China
Phyllanthaceae,Breynia garrettii,(Craib) Chakrab. & N.P.Balakr.,China
Phyllanthaceae,Breynia macrantha,(Hassk.) Chakrab. & N.P.Balakr.,China
Phyllanthaceae,Breynia pierrei,(Beille) Welzen & Pruesapan,China
Phyllanthaceae,Breynia retusa,(Dennst.) Alston,China
Phyllanthaceae,Breynia rostrata,Merr.,China
Phyllanthaceae,Breynia similis,(Craib) Welzen & Pruesapan,China
Phyllanthaceae,Breynia vitis-idaea,(Burm.f.) C.E.C.Fisch.,China
Phyllanthaceae,Bridelia affinis,Craib,China
Phyllanthaceae,Bridelia balansae,Tutcher,China
Phyllanthaceae,Bridelia curtisii,Hook.f.,China
Phyllanthaceae,Bridelia glauca,Blume,China
Phyllanthaceae,Bridelia retusa,(L.) A.Juss.,China
Phyllanthaceae,Bridelia sikkimensis,Gehrm.,China
Phyllanthaceae,Bridelia stipularis,(L.) Blume,China
Phyllanthaceae,Bridelia tomentosa,Blume,China
Phyllanthaceae,Cleistanthus macrophyllus,Hook.f.,China
Phyllanthaceae,Cleistanthus monoicus,(Lour.) Müll.Arg.,China
Phyllanthaceae,Cleistanthus pedicellatus,Hook.f.,China
Phyllanthaceae,Cleistanthus petelotii,Merr. ex Croizat,China
Phyllanthaceae,Cleistanthus sumatranus,(Miq.) Müll.Arg.,China
Phyllanthaceae,Cleistanthus tomentosus,Hance,China
Phyllanthaceae,Cleistanthus tonkinensis,Jabl.,China
Phyllanthaceae,Flueggea gracilis,(Merr.) Petra Hoffm.,China
Phyllanthaceae,Flueggea monticola,G.L.Webster,China
Phyllanthaceae,Flueggea virosa,(Roxb. ex Willd.) Royle,China
Phyllanthaceae,Glochidion coccineum,(Banks) Müll.Arg.,China
Phyllanthaceae,Glochidion dasystylum,Kurz,China
Phyllanthaceae,Glochidion ellipticum,Wight,China
Phyllanthaceae,Glochidion heyneanum,(Wight & Arn.) Wight,China
Phyllanthaceae,Glochidion medogense,T.L.Chin,China
Phyllanthaceae,Glochidion oblatum,Hook.f.,China
Phyllanthaceae,Glochidion obovatum,Siebold & Zucc.,China
Phyllanthaceae,Glochidion philippicum,(Cav.) C.B.Rob.,China
Phyllanthaceae,Glochidion roseum,(Craib & Hutch.) R.W.Bouman,China
Phyllanthaceae,Glochidion rubrum,Blume,China
Phyllanthaceae,Glochidion thomsonii,(Müll.Arg.) Hook.f.,China
Phyllanthaceae,Glochidion triandrum,(Blanco) C.B.Rob.,China
Phyllanthaceae,Glochidion zeylanicum,(Gaertn.) A.Juss.,China
Phyllanthaceae,Margaritaria indica,(Dalzell) Airy Shaw,China
Phyllanthaceae,Phyllanthus daltonii,Müll.Arg.,China
Phyllanthaceae,Phyllanthus dunnianus,(H.Lév.) Hand.-Mazz. ex Rehder,China
Phyllanthaceae,Phyllanthus emblica,L.,China
Phyllanthaceae,Phyllanthus eriocarpus,(Champ. ex Benth.) Müll.Arg.,China
Phyllanthaceae,Phyllanthus lanceolarius,(Roxb.) Müll.Arg.,China
Phyllanthaceae,Phyllanthus lutescens,(Blume) Müll.Arg.,China
Phyllanthaceae,Phyllanthus meghalayensis,Chakrab. & N.P.Balakr.,China
Phyllanthaceae,Phyllanthus microcarpus,(Benth.) Müll.Arg.,China
Phyllanthaceae,Phyllanthus multilocularis,(Roxb. ex Willd.) Müll.Arg.,China
Phyllanthaceae,Phyllanthus nubigenus,(Hook.f.) Chakrab. & N.P.Balakr.,China
Phyllanthaceae,Phyllanthus pachyphyllus,Müll.Arg.,China
Phyllanthaceae,Phyllanthus puberus,(L.) Müll.Arg.,China
Phyllanthaceae,Phyllanthus ruber,(Lour.) Spreng.,China
Phyllanthaceae,Phyllanthus sphaerogynus,Müll.Arg.,China
Phyllanthaceae,Phyllanthus subscandens,(Zoll. & Moritzi) Müll.Arg.,China
Phyllanthaceae,Phyllanthus wrightii,(Benth.) Müll.Arg.,China
Phyllanthaceae,Phyllanthus yunnanensis,(Croizat) Govaerts & Radcl.-Sm.,China
Pinaceae,Abies beshanzuensis,M.H.Wu,China
Pinaceae,Abies chensiensis,Tiegh.,China
Pinaceae,Abies delavayi,Franch.,China
Pinaceae,Abies densa,Griff.,China
Pinaceae,Abies fabri,(Mast.) Craib,China
Pinaceae,Abies fanjingshanensis,"W.L.Huang, Y.L.Tu & S.Z.Fang",China
Pinaceae,Abies fargesii,Franch.,China
Pinaceae,Abies forrestii,Coltm.-Rog.,China
Pinaceae,Abies holophylla,Maxim.,China
Pinaceae,Abies nephrolepis,(Trautv.) Maxim.,China
Pinaceae,Abies recurvata,Mast.,China
Pinaceae,Abies sibirica,Ledeb.,China
Pinaceae,Abies spectabilis,(D.Don) Mirb.,China
Pinaceae,Abies squamata,Mast.,China
Pinaceae,Abies yuanbaoshanensis,Y.J.Lu & L.K.Fu,China
Pinaceae,Abies ziyuanensis,L.K.Fu & S.L.Mo,China
Pinaceae,Cathaya argyrophylla,Chun & Kuang,China
Pinaceae,Cedrus deodara,(Roxb. ex D.Don) G.Don,China
Pinaceae,Keteleeria davidiana,(C.E.Bertrand) Beissn.,China
Pinaceae,Keteleeria evelyniana,Mast.,China
Pinaceae,Keteleeria fortunei,(A.Murray) Carrière,China
Pinaceae,Larix gmelinii,(Rupr.) Kuzen.,China
Pinaceae,Larix griffithii,Hook.f.,China
Pinaceae,Larix mastersiana,Rehder & E.H.Wilson,China
Pinaceae,Larix potaninii,Batalin,China
Pinaceae,Larix sibirica,Ledeb.,China
Pinaceae,Nothotsuga longibracteata,(W.C.Cheng) H.H.Hu ex C.N.Page,China
Pinaceae,Picea asperata,Mast.,China
Pinaceae,Picea aurantiaca,Mast.,China
Pinaceae,Picea brachytyla,(Franch.) E.Pritz.,China
Pinaceae,Picea crassifolia,Kom.,China
Pinaceae,Picea farreri,C.N.Page & Rushforth,China
Pinaceae,Picea jezoensis,(Siebold & Zucc.) Carrière,China
Pinaceae,Picea koraiensis,Nakai,China
Pinaceae,Picea likiangensis,(Franch.) E.Pritz.,China
Pinaceae,Picea linzhiensis,(W.C.Cheng & L.K.Fu) Rushforth,China
Pinaceae,Picea meyeri,Rehder & E.H.Wilson,China
Pinaceae,Picea neoveitchii,Mast.,China
Pinaceae,Picea purpurea,Mast.,China
Pinaceae,Picea retroflexa,Mast.,China
Pinaceae,Picea schrenkiana,Fisch. & C.A.Mey.,China
Pinaceae,Picea smithiana,(Wall.) Boiss.,China
Pinaceae,Picea wilsonii,Mast.,China
Pinaceae,Pinus armandii,Franch.,China
Pinaceae,Pinus bhutanica,"Grierson, D.G.Long & C.N.Page",China
Pinaceae,Pinus bungeana,Zucc. ex Endl.,China
Pinaceae,Pinus dabeshanensis,W.C.Cheng & Y.W.Law,China
Pinaceae,Pinus densata,Mast.,China
Pinaceae,Pinus densiflora,Siebold & Zucc.,China
Pinaceae,Pinus fenzeliana,Hand.-Mazz.,China
Pinaceae,Pinus gerardiana,Wall. ex D.Don,China
Pinaceae,Pinus henryi,Mast.,China
Pinaceae,Pinus hwangshanensis,W.Y.Hsia,China
Pinaceae,Pinus kesiya,Royle ex Gordon,China
Pinaceae,Pinus koraiensis,Siebold & Zucc.,China
Pinaceae,Pinus latteri,Mason,China
Pinaceae,Pinus massoniana,Lamb.,China
Pinaceae,Pinus roxburghii,Sarg.,China
Pinaceae,Pinus sibirica,Du Tour,China
Pinaceae,Pinus squamata,X.W.Li,China
Pinaceae,Pinus sylvestris,L.,China
Pinaceae,Pinus tabuliformis,Carrière,China
Pinaceae,Pinus wallichiana,A.B.Jacks.,China
Pinaceae,Pinus wangii,Hu & W.C.Cheng,China
Pinaceae,Pinus yunnanensis,Franch.,China
Pinaceae,Pseudolarix amabilis,(J.Nelson) Rehder,China
Pinaceae,Pseudotsuga sinensis,Dode,China
Pinaceae,Tsuga chinensis,(Franch.) Pritz.,China
Pinaceae,Tsuga dumosa,(D.Don) Eichler,China
Pinaceae,Tsuga forrestii,Downie,China
Pittosporaceae,Pittosporum balansae,Aug. DC.,China
Pittosporaceae,Pittosporum brevicalyx,(Oliv.) Gagnep.,China
Pittosporaceae,Pittosporum daphniphylloides,Hayata,China
Pittosporaceae,Pittosporum fulvipilosum,Hung T. Chang & S.Z. Yan,China
Pittosporaceae,Pittosporum johnstonianum,Gowda,China
Pittosporaceae,Pittosporum kerrii,W. G. Craib,China
Pittosporaceae,Pittosporum kunmingense,Hung T. Chang & S.Z. Yan,China
Pittosporaceae,Pittosporum kwangsiense,Hung T. Chang & S.Z. Yan,China
Pittosporaceae,Pittosporum leptosepalum,Gowda,China
Pittosporaceae,Pittosporum napaulense,(DC.) Rehder & E.H.Wilson,China
Pittosporaceae,Pittosporum paniculiferum,Hung T. Chang & S.Z. Yan,China
Pittosporaceae,Pittosporum pauciflorum,Hook. & Arn.,China
Pittosporaceae,Pittosporum pentandrum,(Blanco) Merr.,China
Pittosporaceae,Pittosporum perglabratum,Hung T. Chang & S.Z. Yan,China
Pittosporaceae,Pittosporum planilobum,Hung T. Chang & S.Z. Yan,China
Pittosporaceae,Pittosporum tenuivalvatum,Hung T. Chang & S.Z. Yan,China
Pittosporaceae,Pittosporum undulatifolium,H.T. Chang & S.Z. Yan,China
Platanaceae,Platanus orientalis,L.,China
Podocarpaceae,Dacrycarpus imbricatus,(Blume) de Laub.,China
Podocarpaceae,Dacrydium pectinatum,de Laub.,China
Podocarpaceae,Nageia fleuryi,(Hickel) de Laub.,China
Podocarpaceae,Nageia nagi,(Thunb.) Kuntze,China
Podocarpaceae,Nageia wallichiana,(C.Presl) Kuntze,China
Podocarpaceae,Podocarpus chingianus,S.Y.Hu,China
Podocarpaceae,Podocarpus macrophyllus,(Thunb.) Sweet,China
Podocarpaceae,Podocarpus neriifolius,D.Don,China
Podocarpaceae,Podocarpus pilgeri,Foxw.,China
Podocarpaceae,Podocarpus rumphii,Blume,China
Podocarpaceae,Podocarpus subtropicalis,de Laub.,China
Polygalaceae,Polygala arillata,Buch.-Ham. ex D. Don,China
Polygalaceae,Polygala didyma,C.Y. Wu,China
Polygalaceae,Polygala fallax,Hemsl.,China
Polygalaceae,Polygala wattersii,Hance,China
Polygalaceae,Xanthophyllum flavescens,Roxb.,China
Polygalaceae,Xanthophyllum hainanense,Hu,China
Polygalaceae,Xanthophyllum oliganthum,C.Y. Wu,China
Polygalaceae,Xanthophyllum yunnanense,C.Y. Wu,China
Polygonaceae,Calligonum arborescens,Litv.,China
Primulaceae,Ardisia attenuata,Wall. ex A.DC.,China
Primulaceae,Ardisia curvula,C.Y.Wu & C.Chen,China
Primulaceae,Ardisia densilepidotula,Merr.,China
Primulaceae,Ardisia nigropilosa,Pit.,China
Primulaceae,Ardisia obtusa,Mez,China
Primulaceae,Ardisia polycephala,Wall. ex A.DC.,China
Primulaceae,Ardisia polysticta,Miq.,China
Primulaceae,Ardisia quinquegona,Blume,China
Primulaceae,Ardisia sieboldii,Miq.,China
Primulaceae,Ardisia solanacea,Roxb.,China
Primulaceae,Ardisia thyrsiflora,D.Don,China
Primulaceae,Ardisia waitakii,C.M.Hu,China
Primulaceae,Maesa argentea,(Wall.) A. DC.,China
Primulaceae,Maesa indica,(Roxb.) A. DC.,China
Primulaceae,Maesa montana,A. DC.,China
Primulaceae,Maesa permollis,Kurz,China
Primulaceae,Maesa ramentacea,(Roxb.) A. DC.,China
Primulaceae,Maesa reticulata,C.Y. Wu,China
Primulaceae,Myrsine affinis,A.DC.,China
Primulaceae,Myrsine faberi,(Mez) Pipoly & C. Chen,China
Primulaceae,Myrsine kwangsiensis,(E. Walker) Pipoly & C. Chen,China
Primulaceae,Myrsine linearis,(Lour.) Poir.,China
Primulaceae,Myrsine seguinii,H. Lév.,China
Primulaceae,Myrsine semiserrata,Wall.,China
Proteaceae,Helicia clivicola,W.W. Sm.,China
Proteaceae,Helicia cochinchinensis,Lour.,China
Proteaceae,Helicia dongxingensis,H.S. Kiu,China
Proteaceae,Helicia falcata,C.Y.Wu,China
Proteaceae,Helicia formosana,Hemsl.,China
Proteaceae,Helicia grandis,Hemsl.,China
Proteaceae,Helicia hainanensis,Hayata,China
Proteaceae,Helicia kwangtungensis,W.T. Wang,China
Proteaceae,Helicia longipetiolata,Merr. & Chun,China
Proteaceae,Helicia nilagirica,Bedd.,China
Proteaceae,Helicia obovatifolia,Merr. & Chun,China
Proteaceae,Helicia pyrrhobotrya,Kurz,China
Proteaceae,Helicia reticulata,W.T. Wang,China
Proteaceae,Helicia shweliensis,W.W.Sm.        ,China
Proteaceae,Helicia silvicola,W.W. Sm.,China
Proteaceae,Helicia tibetensis,H.X. Qiu,China
Proteaceae,Helicia tsaii,W.T. Wang,China
Proteaceae,Helicia vestita,W.W. Sm.,China
Proteaceae,Helicia yangchunensis,H.S.Kiu,China
Proteaceae,Heliciopsis henryi,(Diels) W.T. Wang,China
Proteaceae,Heliciopsis lobata,(Merr.) Sleumer,China
Proteaceae,Heliciopsis terminalis,(Kurz) Sleumer,China
Putranjivaceae,Drypetes arcuatinervia,Merr. & Chun,China
Putranjivaceae,Drypetes congestiflora,Chun & T.Chen,China
Putranjivaceae,Drypetes cumingii,(Baill.) Pax & K.Hoffm.,China
Putranjivaceae,Drypetes hainanensis,Merr.,China
Putranjivaceae,Drypetes hoaensis,Gagnep.,China
Putranjivaceae,Drypetes indica,(Müll.Arg.) Pax & K.Hoffm.,China
Putranjivaceae,Drypetes longistipitata,P.T.Li,China
Putranjivaceae,Drypetes obtusa,Merr. & Chun,China
Putranjivaceae,Drypetes perreticulata,Gagnep.,China
Putranjivaceae,Drypetes salicifolia,Gagnep.,China
Putranjivaceae,Putranjiva formosana,Kaneh. & Sasaki ex Shimada,China
Putranjivaceae,Putranjiva roxburghii,Wall.,China
Resedaceae,Borthwickia trifoliata,W.W.Sm.,China
Rhamnaceae,Alphitonia incana,(Roxb.) Teijsm. & Binn. ex Kurz,China
Rhamnaceae,Alphitonia philippinensis,Braid,China
Rhamnaceae,Berchemia floribunda,(Wall.) Brongn.,China
Rhamnaceae,Berchemiella wilsonii,(C.K.Schneid.) Nakai,China
Rhamnaceae,Berchemiella yunnanensis,Y.L.Chen & P.K.Chou,China
Rhamnaceae,Frangula crenata,(Siebold & Zucc.) Miq.,China
Rhamnaceae,Frangula henryi,(C.K.Schneid.) Grubov,China
Rhamnaceae,Frangula longipes,(Merr. & Chun) Grubov,China
Rhamnaceae,Frangula rhododendriphylla,"(Y.L.Chen & P.K.Chou) H.Yu, H.G.Ye & N.H.Xia",China
Rhamnaceae,Hovenia acerba,Lindl.,China
Rhamnaceae,Hovenia dulcis,Thunb.,China
Rhamnaceae,Hovenia trichocarpa,Chun & Tsiang,China
Rhamnaceae,Paliurus hemsleyanus,Rehder,China
Rhamnaceae,Paliurus hirsutus,Hemsl.,China
Rhamnaceae,Paliurus orientalis,(Franch.) Hemsl.,China
Rhamnaceae,Paliurus ramosissimus,(Lour.) Poir.,China
Rhamnaceae,Rhamnella caudata,Merr.,China
Rhamnaceae,Rhamnella forrestii,W.W. Sm.,China
Rhamnaceae,Rhamnella franguloides,(Maxim.) Weberb.,China
Rhamnaceae,Rhamnella martini,(H.Lév.) C.K.Schneid.,China
Rhamnaceae,Rhamnella rubrinervis,(H.Lév.) Rehder,China
Rhamnaceae,Rhamnella wilsonii,C.K.Schneid.,China
Rhamnaceae,Rhamnus arguta,Maxim.,China
Rhamnaceae,Rhamnus coriophylla,Hand.-Mazz.,China
Rhamnaceae,Rhamnus davurica,Pall.,China
Rhamnaceae,Rhamnus dumetorum,C.K.Schneid.,China
Rhamnaceae,Rhamnus erythroxylum,Pall.,China
Rhamnaceae,Rhamnus esquirolii,H. Lév.,China
Rhamnaceae,Rhamnus globosa,Bunge,China
Rhamnaceae,Rhamnus hemsleyana,C.K.Schneid.,China
Rhamnaceae,Rhamnus lamprophylla,C.K.Schneid.,China
Rhamnaceae,Rhamnus leptophylla,C.K.Schneid.,China
Rhamnaceae,Rhamnus napalensis,(Wall.) M.A.Lawson,China
Rhamnaceae,Rhamnus nigricans,Hand.-Mazz.,China
Rhamnaceae,Rhamnus rosthornii,E.Pritz. ex Diels,China
Rhamnaceae,Rhamnus sargentiana,C.K.Schneid.,China
Rhamnaceae,Rhamnus subapetala,Merr.,China
Rhamnaceae,Rhamnus tangutica,J.J.Vassil.,China
Rhamnaceae,Rhamnus ussuriensis,J.J. Vassil.,China
Rhamnaceae,Rhamnus utilis,Decne.,China
Rhamnaceae,Rhamnus virgata,Roxb.,China
Rhamnaceae,Rhamnus wumingensis,Y.L.Chen & P.K.Chou,China
Rhamnaceae,Rhamnus xizangensis,Y.L.Chen & P.K.Chou,China
Rhamnaceae,Sageretia henryi,J.R.Drumm. & Sprague,China
Rhamnaceae,Sageretia laxiflora,Hand.-Mazz.,China
Rhamnaceae,Sageretia paucicostata,Maxim.,China
Rhamnaceae,Sageretia rugosa,Hance,China
Rhamnaceae,Scutia myrtina,(Burm.f.) Kurz,China
Rhamnaceae,Ziziphus incurva,Roxb.,China
Rhamnaceae,Ziziphus jujuba,Mill.,China
Rhamnaceae,Ziziphus laui,Merr.,China
Rhamnaceae,Ziziphus mairei,Dode,China
Rhamnaceae,Ziziphus mauritiana,Lam.,China
Rhamnaceae,Ziziphus montana,W.W.Sm.,China
Rhamnaceae,Ziziphus oenopolia,(L.) Mill.,China
Rhamnaceae,Ziziphus pubinervis,Rehder,China
Rhamnaceae,Ziziphus rugosa,Lam.,China
Rhamnaceae,Ziziphus xiangchengensis,Y.L.Chen & P.K.Chou,China
Rhizophoraceae,Bruguiera cylindrica,(L.) Blume,China
Rhizophoraceae,Bruguiera gymnorhiza,(L.) Lam.,China
Rhizophoraceae,Bruguiera sexangula,(Lour.) Poir.,China
Rhizophoraceae,Carallia brachiata,(Lour.) Merr.,China
Rhizophoraceae,Carallia diplopetala,Hand.-Mazz.,China
Rhizophoraceae,Carallia garciniifolia,F.C.How & F.C.Ho,China
Rhizophoraceae,Carallia pectinifolia,W.C.Ko,China
Rhizophoraceae,Ceriops tagal,(Perr.) C.B.Rob.,China
Rhizophoraceae,Kandelia obovata,"Sheue, H.Y. Liu & J. Yong",China
Rhizophoraceae,Pellacalyx yunnanensis,Hu,China
Rhizophoraceae,Rhizophora apiculata,Blume,China
Rhizophoraceae,Rhizophora stylosa,Griff.,China
Rosaceae,Amelanchier asiatica,(Siebold & Zucc.) Endl. ex Walp.,China
Rosaceae,Amelanchier sinica,(C.K.Schneid.) Chun,China
Rosaceae,Aria yuarguta,H.Ohashi & Iketani,China
Rosaceae,Armeniaca zhenghensis,J.Y.Zhang & M.N.Lu,China
Rosaceae,Chaenomeles cathayensis,(Hemsl.) C.K.Schneid.,China
Rosaceae,Chaenomeles thibetica,T.T.Yu,China
Rosaceae,Cotoneaster frigidus,Wall. ex Lindl.,China
Rosaceae,Cotoneaster taylorii,T.T.Yu,China
Rosaceae,Crataegus aurantia,Pojark.,China
Rosaceae,Crataegus chlorocarpa,Lenné & K.Koch,China
Rosaceae,Crataegus dahurica,Koehne ex C.K.Schneid.,China
Rosaceae,Crataegus hupehensis,Sarg.,China
Rosaceae,Crataegus kansuensis,E.H.Wilson,China
Rosaceae,Crataegus maximowiczii,C.K.Schneid.,China
Rosaceae,Crataegus pinnatifida,Bunge,China
Rosaceae,Crataegus remotilobata,Raikova ex Popov,China
Rosaceae,Crataegus sanguinea,Pall.,China
Rosaceae,Crataegus scabrifolia,(Franch.) Rehder,China
Rosaceae,Crataegus songarica,K. Koch,China
Rosaceae,Dichotomanthes tristaniicarpa,Kurz,China
Rosaceae,Eriobotrya bengalensis,(Roxb.) Kurz,China
Rosaceae,Eriobotrya cavaleriei,(H.Lév.) Rehder,China
Rosaceae,Eriobotrya deflexa,(Hemsl.) Nakai,China
Rosaceae,Eriobotrya elliptica,Lindl.,China
Rosaceae,Eriobotrya fragrans,Champ. ex Benth.,China
Rosaceae,Eriobotrya henryi,Nakai,China
Rosaceae,Eriobotrya japonica,(Thunb.) Lindl.,China
Rosaceae,Eriobotrya malipoensis,K.C.Kuan,China
Rosaceae,Eriobotrya obovata,W.W.Sm.,China
Rosaceae,Eriobotrya prinoides,Rehder & E.H.Wilson,China
Rosaceae,Eriobotrya salwinensis,Hand.-Mazz.,China
Rosaceae,Eriobotrya serrata,J.E.Vidal,China
Rosaceae,Eriobotrya tengyuehensis,W.W.Sm.,China
Rosaceae,Lauro-cerasus dolichophylla,T.T.Yu & L.T.Lu,China
Rosaceae,Lauro-cerasus menghaiensis,T.T.Yu & L.T.Lu,China
Rosaceae,Lauro-cerasus undulata,(Buch.-Ham. ex D.Don) M.Roem.,China
Rosaceae,Maddenia hypoleuca,Koehne,China
Rosaceae,Maddenia wilsonii,Koehne,China
Rosaceae,Malus asiatica,Nakai,China
Rosaceae,Malus baccata,(L.) Borkh.,China
Rosaceae,Malus daochengensis,C.L.Li,China
Rosaceae,Malus delavayi,(Franch.) B.B.Liu,China
Rosaceae,Malus domestica,(Suckow) Borkh.,China
Rosaceae,Malus doumeri,(Bois) A.Chev.,China
Rosaceae,Malus halliana,Koehne,China
Rosaceae,Malus honanensis,Rehder,China
Rosaceae,Malus indica,(Colebr. ex Wall.) B.B.Liu,China
Rosaceae,Malus jinxianensis,J.Q.Deng & J.Y.Hong,China
Rosaceae,Malus kansuensis,(Batalin) C.K.Schneid.,China
Rosaceae,Malus komarovii,(Sarg.) Rehder,China
Rosaceae,Malus leiocalyca,S.Z.Huang,China
Rosaceae,Malus longiunguis,(Q.Luo & J.L.Liu) B.B.Liu,China
Rosaceae,Malus mandshurica,(Maxim.) Kom. ex Juz.,China
Rosaceae,Malus muliensis,T.C.Ku,China
Rosaceae,Malus niedzwetzkyana,Dieck        ,China
Rosaceae,Malus ombrophila,Hand.-Mazz.,China
Rosaceae,Malus prattii,(Hemsl.) C.K.Schneid.,China
Rosaceae,Malus prunifolia,C.K.Schneid.,China
Rosaceae,Malus rockii,Rehder,China
Rosaceae,Malus sieboldii,(Regel) Rehder,China
Rosaceae,Malus sieversii,(Ledeb.) M.Roem.,China
Rosaceae,Malus sikkimensis,(Wenz.) Koehne ex C.K.Schneid.,China
Rosaceae,Malus spectabilis,(Aiton) Borkh.,China
Rosaceae,Malus toringo,(Siebold) Siebold,China
Rosaceae,Malus toringoides,(Rehder) Hughes,China
Rosaceae,Malus transitoria,(Batalin) C.K.Schneid.,China
Rosaceae,Malus yunnanensis,(Franch.) C.K.Schneid.,China
Rosaceae,Micromeles cuspidata,(Bertol.) C.K.Schneid.,China
Rosaceae,Neillia affinis,Hemsl.,China
Rosaceae,Neillia thyrsiflora,D.Don,China
Rosaceae,Photinia arguta,Lindl.,China
Rosaceae,Photinia benthamiana,Hance,China
Rosaceae,Photinia calleryana,(Decne.) Cardot,China
Rosaceae,Photinia callosa,Chun ex K.C.Kuan,China
Rosaceae,Photinia chihsiniana,K.C.Kuan,China
Rosaceae,Photinia chingiana,Hand.-Mazz.,China
Rosaceae,Photinia davidiana,(Decne.) Cardot,China
Rosaceae,Photinia fokienensis,(Finet & Franch.) Franch. ex Cardot,China
Rosaceae,Photinia glabra,(Thunb.) Maxim.,China
Rosaceae,Photinia glomerata,Rehder & E.H.Wilson,China
Rosaceae,Photinia hirsuta,Hand.-Mazz.,China
Rosaceae,Photinia impressivena,Hayata,China
Rosaceae,Photinia integrifolia,Lindl.,China
Rosaceae,Photinia lanuginosa,T.T.Yu,China
Rosaceae,Photinia lasiogyna,(Franch.) C.K.Schneid.,China
Rosaceae,Photinia lochengensis,T.T.Yu,China
Rosaceae,Photinia loriformis,W.W.Sm.,China
Rosaceae,Photinia nussia,(Buch.-Ham. ex D.Don) Kalkman,China
Rosaceae,Photinia prionophylla,(Franch.) C.K.Schneid.,China
Rosaceae,Photinia prunifolia,(Hook. & Arn.) Lindl.,China
Rosaceae,Photinia serratifolia,(Desf.) Kalkman,China
Rosaceae,Photinia stenophylla,Hand.-Mazz.,China
Rosaceae,Photinia tsaii,Rehder,China
Rosaceae,Photinia villosa,(Thunb.) DC.,China
Rosaceae,Prunus armeniaca,L.,China
Rosaceae,Prunus austrosinensis,Huan C.Wang,China
Rosaceae,Prunus brachypoda,Batalin,China
Rosaceae,Prunus brunnescens,(T.T.Yu & T.C.Ku) J.R.He,China
Rosaceae,Prunus buergeriana,Miq.,China
Rosaceae,Prunus campanulata,Maxim.,China
Rosaceae,Prunus caudata,Franch.,China
Rosaceae,Prunus cerasifera,Ehrh.,China
Rosaceae,Prunus cerasoides,Buch.-Ham. ex D.Don,China
Rosaceae,Prunus clarofolia,C.K.Schneid.,China
Rosaceae,Prunus conadenia,(Koehne) T.T.Yu & C.L.Li,China
Rosaceae,Prunus conradinae,Koehne,China
Rosaceae,Prunus consociiflora,C.K.Schneid.,China
Rosaceae,Prunus cornuta,(Wall. ex Royle) Steud.,China
Rosaceae,Prunus cyclamina,Koehne,China
Rosaceae,Prunus davidiana,(Carr.) Franch.,China
Rosaceae,Prunus dielsiana,(C.K.Schneid.) Koehne,China
Rosaceae,Prunus discadenia,Koehne,China
Rosaceae,Prunus discoidea,(T.T.Yu & C.L.Li) Z.Wei & Y.B.Chang,China
Rosaceae,Prunus dolichadenia,Cardot,China
Rosaceae,Prunus fordiana,Dunn,China
Rosaceae,Prunus grayana,Maxim.,China
Rosaceae,Prunus gyirongensis,Y.H.Tong & N.H.Xia,China
Rosaceae,Prunus henryi,(C.K.Schneid.) Koehne,China
Rosaceae,Prunus himalayana,J.Wen,China
Rosaceae,Prunus hongpingensis,(C.L.Li) Y.H.Tong & N.H.Xia,China
Rosaceae,Prunus hypotricha,Rehder,China
Rosaceae,Prunus jenkinsii,Hook.f. & Thomson,China
Rosaceae,Prunus kansuensis,Rehder,China
Rosaceae,Prunus limeixing,(J.Y.Zhang & Z.M.Wang) Y.H.Tong & N.H.Xia,China
Rosaceae,Prunus maackii,Rupr.,China
Rosaceae,Prunus mandshurica,Koehne,China
Rosaceae,Prunus maximowiczii,Rupr.,China
Rosaceae,Prunus mira,Koehne,China
Rosaceae,Prunus mume,(Siebold) Siebold & Zucc.,China
Rosaceae,Prunus napaulensis,(Ser.) Steud.,China
Rosaceae,Prunus obtusata,Koehne,China
Rosaceae,Prunus padus,L.,China
Rosaceae,Prunus patentipila,Hand.-Mazz.,China
Rosaceae,Prunus persica,(L.) Batsch,China
Rosaceae,Prunus perulata,Koehne,China
Rosaceae,Prunus phaeosticta,(Hance) Maxim.,China
Rosaceae,Prunus pleiocerasus,Koehne,China
Rosaceae,Prunus pogonostyla,Maxim.,China
Rosaceae,Prunus polytricha,Koehne,China
Rosaceae,Prunus pseudocerasus,Lindl.,China
Rosaceae,Prunus pusilliflora,Cardot,China
Rosaceae,Prunus pygeoides,Koehne,China
Rosaceae,Prunus salicina,Lindl.,China
Rosaceae,Prunus schneideriana,Koehne,China
Rosaceae,Prunus serrula,Franch.,China
Rosaceae,Prunus serrulata,Lindl.,China
Rosaceae,Prunus setulosa,Batalin,China
Rosaceae,Prunus sibirica,L.,China
Rosaceae,Prunus simonii,(Decne.) CarriŠre,China
Rosaceae,Prunus spinulosa,Siebold & Zucc.,China
Rosaceae,Prunus stellipila,Koehne,China
Rosaceae,Prunus stipulacea,Maxim.,China
Rosaceae,Prunus szechuanica,Batalin,China
Rosaceae,Prunus tatsienensis,Batalin,China
Rosaceae,Prunus trichostoma,Koehne,China
Rosaceae,Prunus triloba,Lindl.,China
Rosaceae,Prunus undulata,Buch.-Ham. ex D.Don,China
Rosaceae,Prunus ussuriensis,Kovalev & Kostina,China
Rosaceae,Prunus velutina,Batalin,China
Rosaceae,Prunus wilsonii,(C.K.Schneid.) Koehne,China
Rosaceae,Prunus xingshanensis,Huan C.Wang,China
Rosaceae,Prunus yaoiana,(W.L.Cheng) Y.H.Tong & N.H.Xia,China
Rosaceae,Prunus yunnanensis,Franch.,China
Rosaceae,Prunus zippeliana,Miq.,China
Rosaceae,Pseudocydonia sinensis,(Dum.Cours.) C.K.Schneid.,China
Rosaceae,Pygeum macrocarpum,T.T.Yu & L.T.Lu,China
Rosaceae,Pygeum oblongum,T.T.Yu & L.T.Lu,China
Rosaceae,Pyracantha angustifolia,(Franch.) C.K.Schneid.,China
Rosaceae,Pyracantha atalantioides,(Hance) Stapf,China
Rosaceae,Pyracantha crenulata,(Roxb. ex D.Don) M.Roem.,China
Rosaceae,Pyrus armeniacifolia,T.T.Yu,China
Rosaceae,Pyrus betulifolia,Bunge,China
Rosaceae,Pyrus bretschneideri,Rehder,China
Rosaceae,Pyrus calleryana,Decne.,China
Rosaceae,Pyrus hopeiensis,T.T.Yu,China
Rosaceae,Pyrus pashia,Buch.-Ham. ex D.Don,China
Rosaceae,Pyrus phaeocarpa,Rehder,China
Rosaceae,Pyrus pseudopashia,T.T.Yu,China
Rosaceae,Pyrus pyrifolia,(Burm.f.) Nakai,China
Rosaceae,Pyrus serrulata,Rehder,China
Rosaceae,Pyrus taihangshanensis,S.Y.Wang & C.L.Chang,China
Rosaceae,Pyrus ussuriensis,Maxim.,China
Rosaceae,Pyrus xerophila,T.T.Yu,China
Rosaceae,Rhaphiolepis ferruginea,F.P.Metcalf,China
Rosaceae,Rhaphiolepis indica,(L.) Lindl.,China
Rosaceae,Rhaphiolepis lanceolata,Hu,China
Rosaceae,Rhaphiolepis salicifolia,Lindl.,China
Rosaceae,Rhaphiolepis umbellata,(Thunb.) C.K.Schneid.,China
Rosaceae,Sorbus albopilosa,T.T.Yu & L.T.Lu,China
Rosaceae,Sorbus alnifolia,(Siebold & Zucc.) K.Koch,China
Rosaceae,Sorbus aronioides,Rehder,China
Rosaceae,Sorbus astateria,(Cardot) Hand.-Mazz.,China
Rosaceae,Sorbus burtonsmithiorum,Rushforth,China
Rosaceae,Sorbus calcicola,W.B.Liao & W.Guo,China
Rosaceae,Sorbus caloneura,(Stapf) Rehder,China
Rosaceae,Sorbus coronata,(Cardot) T.T.Yu & H.T.Tsai,China
Rosaceae,Sorbus corymbifera,(Miq.) T.H.Nguyên & Yakovlev,China
Rosaceae,Sorbus discolor,(Maxim.) Maxim.,China
Rosaceae,Sorbus dunnii,Rehder,China
Rosaceae,Sorbus epidendron,Hand.-Mazz.,China
Rosaceae,Sorbus esserteauiana,Koehne,China
Rosaceae,Sorbus ferruginea,(Wenz.) Rehder,China
Rosaceae,Sorbus folgneri,(C.K.Schneid.) Rehder,China
Rosaceae,Sorbus foliolosa,(Wall.) Spach,China
Rosaceae,Sorbus globosa,T.T.Yu & H.T.Tsai,China
Rosaceae,Sorbus glomerulata,Koehne,China
Rosaceae,Sorbus griffithii,(Decne.) Rehder,China
Rosaceae,Sorbus guanii,Rushforth,China
Rosaceae,Sorbus guanxianensis,T.C.Ku,China
Rosaceae,Sorbus helenae,Koehne,China
Rosaceae,Sorbus hemsleyi,(C.K.Schneid.) Rehder,China
Rosaceae,Sorbus heseltinei,Rushforth,China
Rosaceae,Sorbus hudsonii,Rushforth,China
Rosaceae,Sorbus insignis,(Hook.f.) Hedl.,China
Rosaceae,Sorbus keissleri,(C.K.Schneid.) Rehder,China
Rosaceae,Sorbus kiukiangensis,T.T.Yu,China
Rosaceae,Sorbus koehneana,C.K.Schneid.,China
Rosaceae,Sorbus macrantha,Merr.,China
Rosaceae,Sorbus medogensis,L.T.Lu & T.C.Ku,China
Rosaceae,Sorbus megacarpa,(L.H.Zhou & C.Y.Wu) Xin Chen & Y.F.Deng,China
Rosaceae,Sorbus megalocarpa,Rehder,China
Rosaceae,Sorbus meliosmifolia,Rehder,China
Rosaceae,Sorbus microphylla,(Wall. ex Hook.f.) Wenz.,China
Rosaceae,Sorbus monbeigii,(Cardot) N.P.Balakr.,China
Rosaceae,Sorbus needhamii,Rushforth,China
Rosaceae,Sorbus obsoletidentata,(Cardot) T.T.Yu,China
Rosaceae,Sorbus ochracea,(Hand.-Mazz.) J.E.Vidal,China
Rosaceae,Sorbus oligodonta,(Cardot) Hand.-Mazz.,China
Rosaceae,Sorbus pallescens,Rehder,China
Rosaceae,Sorbus prunifolia,W.B.Liao & H.J.Jing,China
Rosaceae,Sorbus rehderiana,Koehne,China
Rosaceae,Sorbus rhamnoides,(Decne.) Rehder,China
Rosaceae,Sorbus rhombifolia,C.J.Qi & K.W.Liu,China
Rosaceae,Sorbus rufopilosa,C.K.Schneid.,China
Rosaceae,Sorbus salwinensis,T.T.Yu & L.T.Lu,China
Rosaceae,Sorbus sargentiana,Koehne,China
Rosaceae,Sorbus scalaris,Koehne,China
Rosaceae,Sorbus spongbergii,Rushforth,China
Rosaceae,Sorbus subochracea,T.T.Yu & L.T.Lu,China
Rosaceae,Sorbus thibetica,(Cardot) Hand.-Mazz.,China
Rosaceae,Sorbus thomsonii,(King ex Hook.f.) Rehder,China
Rosaceae,Sorbus tsinlingensis,C.L.Tang,China
Rosaceae,Sorbus vilmorinii,C.K.Schneid.,China
Rosaceae,Sorbus wallichii,(Hook.f.) T.T.Yu,China
Rosaceae,Sorbus wilsoniana,C.K.Schneid.,China
Rosaceae,Sorbus yongdeensis,Rushforth,China
Rosaceae,Sorbus yuana,Spongberg,China
Rosaceae,Sorbus zahlbruckneri,C.K.Schneid.,China
Rosaceae,Sorbus zayuensis,T.T.Yu & L.T.Lu,China
Rosaceae,Spiraea canescens,D.Don,China
Rosaceae,Spiraea cantoniensis,Lour.,China
Rosaceae,Spiraea purpurea,Hand.-Mazz.,China
Rosaceae,Stranvaesia amphidoxa,C.K.Schneid.,China
Rosaceae,Stranvaesia bodinieri,(H.Lév.) B.B.Liu & J.Wen,China
Rosaceae,Stranvaesia oblanceolata,(Rehder & E.H.Wilson) Stapf,China
Rosaceae,Stranvaesia tomentosa,T.T.Yu & T.C.Ku,China
Rubiaceae,Adina cordifolia,(Roxb.) Brandis,China
Rubiaceae,Adina metcalfii,Merr. ex H.L.Li,China
Rubiaceae,Adina pilulifera,(Lam.) Franch. ex Drake,China
Rubiaceae,Adina pubicostata,Merr.,China
Rubiaceae,Adina trichotoma,(Zoll. & Moritzi) Benth. & Hook.f. ex B.D.Jacks.,China
Rubiaceae,Aidia canthioides,(Champ. ex Benth.) Masam.,China
Rubiaceae,Aidia cochinchinensis,Lour.,China
Rubiaceae,Aidia henryi,(E.Pritz.) T.Yamaz.,China
Rubiaceae,Aidia oxyodonta,(Drake) T.Yamaz.,China
Rubiaceae,Aidia pycnantha,(Drake) Tirveng.,China
Rubiaceae,Aidia racemosa,(Cav.) Tirveng.,China
Rubiaceae,Aidia yunnanensis,(Hutch.) T.Yamaz.,China
Rubiaceae,Benkara forrestii,(J.Anthony) Ridsdale,China
Rubiaceae,Benkara griffithii,(Hook.f.) Ridsdale,China
Rubiaceae,Benkara sinensis,(Lour.) Ridsdale,China
Rubiaceae,Brachytome wallichii,Hook.f.,China
Rubiaceae,Canthium hainanense,(Merr.) Lantz,China
Rubiaceae,Canthium simile,Merr. & Chun,China
Rubiaceae,Catunaregam spinosa,(Thunb.) Tirveng.,China
Rubiaceae,Cephalanthus tetrandra,(Roxb.) Ridsdale & Bakh.f.,China
Rubiaceae,Ceriscoides howii,H.S.Lo,China
Rubiaceae,Chassalia curviflora,(Wall.) Thwaites,China
Rubiaceae,Coelospermum truncatum,(Wall.) Baill. ex K.Schum.,China
Rubiaceae,Damnacanthus henryi,(H.Lév.) H.S.Lo,China
Rubiaceae,Diplospora dubia,(Lindl.) Masam.,China
Rubiaceae,Diplospora fruticosa,Hemsl.,China
Rubiaceae,Diplospora mollissima,Hutch.,China
Rubiaceae,Duperrea pavettifolia,(Kurz) Pit.,China
Rubiaceae,Emmenopterys henryi,Oliv.,China
Rubiaceae,Eumachia montana,(Blume) I.M.Turner,China
Rubiaceae,Fosbergia petelotii,Merr. ex Tirveng. & Sastre,China
Rubiaceae,Fosbergia shweliensis,(J.Anthony) Tirveng. & Sastre,China
Rubiaceae,Fosbergia thailandica,Tirveng. & Sastre,China
Rubiaceae,Gardenia hainanensis,Merr.,China
Rubiaceae,Gardenia jasminoides,J.Ellis,China
Rubiaceae,Gardenia sootepensis,Hutch.,China
Rubiaceae,Guettarda speciosa,L.,China
Rubiaceae,Guettardella chinensis,Champ. ex Benth.,China
Rubiaceae,Gynochthodes umbellata,(L.) Razafim. & B.Bremer,China
Rubiaceae,Hymenodictyon flaccidum,Wall.,China
Rubiaceae,Hymenodictyon orixense,(Roxb.) Mabb.,China
Rubiaceae,Hyptianthera stricta,(Roxb. ex Schult.) Wight & Arn.,China
Rubiaceae,Ixora amplexicaulis,Gillespie,China
Rubiaceae,Ixora auricularis,Chun & How ex W.Ko,China
Rubiaceae,Ixora chinensis,Lam.,China
Rubiaceae,Ixora finlaysoniana,Wall. ex G.Don,China
Rubiaceae,Ixora henryi,H.Lév.,China
Rubiaceae,Ixora insignis,Chun & How ex W.Ko,China
Rubiaceae,Ixora longhanensis,Tao Chen,China
Rubiaceae,Ixora subsessilis,Wall. ex G.Don,China
Rubiaceae,Ixora tibetana,Bremek.,China
Rubiaceae,Lasianthus chinensis,(Champ.) Benth.,China
Rubiaceae,Lasianthus hookeri,C.B.Clarke ex Hook.f.,China
Rubiaceae,Luculia gratissima,(Wall.) Sweet,China
Rubiaceae,Luculia pinceana,Hook.,China
Rubiaceae,Luculia yunnanensis,S.Y.Hu,China
Rubiaceae,Mitragyna diversifolia,(Wall. ex G.Don) Havil.,China
Rubiaceae,Mitragyna hirsuta,Havil.,China
Rubiaceae,Mitragyna rotundifolia,(Roxb.) Kuntze,China
Rubiaceae,Morinda angustifolia,Roxb.,China
Rubiaceae,Morinda citrifolia,L.,China
Rubiaceae,Morinda leiantha,Kurz,China
Rubiaceae,Morinda persicifolia,Buch.-Ham.,China
Rubiaceae,Morinda undulata,Y.Z.Ruan,China
Rubiaceae,Mussaenda emeiensis,Z.Y.Zhu & S.J.Zhu,China
Rubiaceae,Mussaenda mollissima,C.Y.Wu ex H.H.Hsue & H.Wu,China
Rubiaceae,Nauclea officinalis,(Pierre ex Pit.) Merr. & Chun,China
Rubiaceae,Neolamarckia cadamba,(Roxb.) Bosser,China
Rubiaceae,Neonauclea griffithii,(Hook.f.) Merr.,China
Rubiaceae,Neonauclea sessilifolia,(Roxb.) Merr.,China
Rubiaceae,Neonauclea tsaiana,S.Q.Zou,China
Rubiaceae,Pavetta hongkongensis,Bremek.,China
Rubiaceae,Pavetta tomentosa,Roxb. ex Sm.,China
Rubiaceae,Prismatomeris tetrandra,(Roxb.) K.Schum.,China
Rubiaceae,Psychotria asiatica,L.,China
Rubiaceae,Psychotria symplocifolia,Kurz,China
Rubiaceae,Psydrax dicoccos,Gaertn.,China
Rubiaceae,Ridsdalea daweishanensis,(Y.M.Shui & W.H.Chen) J.T.Pereira,China
Rubiaceae,Rubovietnamia nonggangensis,F.J.Mou & D.X.Zhang,China
Rubiaceae,Rubovietnamia sericantha,"(W.C.Chen) Y.F.Deng, Y.H.Tong, W.B.Xu & N.H.Xia",China
Rubiaceae,Saprosma crassipes,H.S.Lo,China
Rubiaceae,Schizomussaenda henryi,(Hutch.) X.F.Deng & D.X.Zhang,China
Rubiaceae,Scyphiphora hydrophylacea,C.F.Gaertn.,China
Rubiaceae,Sinoadina racemosa,(Siebold & Zucc.) Ridsdale,China
Rubiaceae,Tarenna attenuata,(Hook.f.) Hutch.,China
Rubiaceae,Tarenna depauperata,Hutch.,China
Rubiaceae,Tarenna foonchewii,(W.C.Ko) Tao Chen,China
Rubiaceae,Tarenna lancilimba,W.C.Chen,China
Rubiaceae,Tarenna mollissima,(Walp.) B.L.Rob.,China
Rubiaceae,Tarenna polysperma,Chun & F.C.How ex W.C.Chen,China
Rubiaceae,Tarenna pubinervis,Hutch.,China
Rubiaceae,Tarenna tsangii,Merr.,China
Rubiaceae,Tarenna wangii,Chun & F.C.How ex W.C.Chen,China
Rubiaceae,Tarenna yunnanensis,F.C.How ex W.C.Chen,China
Rubiaceae,Tarennoidea wallichii,(Hook.f.) Tirveng. & Sastre,China
Rubiaceae,Uncaria sinensis,(Oliv.) Havil.,China
Rubiaceae,Urophyllum chinense,Merr. & Chun,China
Rubiaceae,Urophyllum parviflorum,F.C.How ex H.S.Lo,China
Rubiaceae,Urophyllum tsaianum,F.C.How ex H.S.Lo,China
Rubiaceae,Wendlandia bouvardioides,Hutch.,China
Rubiaceae,Wendlandia brevipaniculata,W.C.Chen,China
Rubiaceae,Wendlandia budleioides,Wall. ex Wight & Arn.,China
Rubiaceae,Wendlandia cavaleriei,H.Lév.,China
Rubiaceae,Wendlandia formosana,Cowan,China
Rubiaceae,Wendlandia guangdongensis,W.C.Chen,China
Rubiaceae,Wendlandia laxa,S.K.Wu ex W.C.Chen,China
Rubiaceae,Wendlandia ligustrina,Wall. ex G.Don,China
Rubiaceae,Wendlandia litseifolia,F.C.How,China
Rubiaceae,Wendlandia merrilliana,Cowan,China
Rubiaceae,Wendlandia oligantha,W.C.Chen,China
Rubiaceae,Wendlandia parviflora,W.C.Chen,China
Rubiaceae,Wendlandia pingpienensis,F.C.How,China
Rubiaceae,Wendlandia scabra,Kurz,China
Rubiaceae,Wendlandia speciosa,Cowan,China
Rubiaceae,Wendlandia tinctoria,(Roxb.) DC.,China
Rubiaceae,Wendlandia uvariifolia,Hance,China
Rubiaceae,Wendlandia villosa,W.C.Chen,China
Rutaceae,Acronychia pedunculata,(L.) Miq.,China
Rutaceae,Atalantia acuminata,C.C.Huang,China
Rutaceae,Atalantia buxifolia,(Poir.) Oliv. ex Benth.,China
Rutaceae,Atalantia dasycarpa,C.C.Huang,China
Rutaceae,Atalantia guillauminii,Swingle,China
Rutaceae,Atalantia henryi,(Swingle) C.C.Huang,China
Rutaceae,Atalantia simplicifolia,(Roxb.) Engl.,China
Rutaceae,Bergera koenigii,L.,China
Rutaceae,Citrus cavaleriei,H.Lév. ex Cavalerie,China
Rutaceae,Citrus hystrix,DC.,China
Rutaceae,Citrus japonica,Thunb.,China
Rutaceae,Citrus swinglei,Burkill ex Harms,China
Rutaceae,Citrus trifoliata,L.,China
Rutaceae,Clausena excavata,Burm.f.,China
Rutaceae,Clausena hainanensis,C.C.Huang & W.F.Xing,China
Rutaceae,Clausena lansium,(Lour.) Skeels,China
Rutaceae,Clausena lenis,Drake,China
Rutaceae,Glycosmis cochinchinensis,(Lour.) Pierre ex Engl.,China
Rutaceae,Glycosmis crassifolia,Ridl.,China
Rutaceae,Glycosmis esquirolii,(H.Lév.) Tanaka,China
Rutaceae,Glycosmis lanceolata,(Blume) D.Dietr.,China
Rutaceae,Glycosmis mauritiana,(Lam.) Tanaka,China
Rutaceae,Glycosmis oligantha,C.C.Huang,China
Rutaceae,Glycosmis parviflora,(Sims) Little,China
Rutaceae,Glycosmis pentaphylla,(Retz.) DC.,China
Rutaceae,Glycosmis pseudoracemosa,Swingle,China
Rutaceae,Glycosmis xizangensis,(C.Y.Wu & H.Li) D.D.Tao,China
Rutaceae,Harrisonia perforata,(Blanco) Merr.,China
Rutaceae,Maclurodendron oligophlebium,(Merr.) T.G.Hartley,China
Rutaceae,Melicope chunii,T.G.Hartley,China
Rutaceae,Melicope glomerata,(W.G.Craib) T.G.Hartley,China
Rutaceae,Melicope pteleifolia,(Champ. ex Benth.) T.G.Hartley,China
Rutaceae,Melicope viticina,(Wall. ex Kurtz) T.G.Hartley,China
Rutaceae,Micromelum hirsutum,Oliv.,China
Rutaceae,Micromelum integerrimum,(Roxb. ex DC.) Wight & Arn. ex M.Roem.,China
Rutaceae,Micromelum minutum,(G.Forst.) Wight & Arn.,China
Rutaceae,Murraya euchrestifolia,Hayata,China
Rutaceae,Murraya kwangsiensis,(C.C. Huang) C.C. Huang,China
Rutaceae,Murraya microphylla,(Merr. & Chun) Swingle,China
Rutaceae,Murraya tetramera,C.C. Huang,China
Rutaceae,Orixa japonica,Thunb.,China
Rutaceae,Phellodendron amurense,Rupr.,China
Rutaceae,Phellodendron chinense,C.K.Schneid.,China
Rutaceae,Skimmia arborescens,T. Anderson ex Gamble,China
Rutaceae,Skimmia multinervia,C.C. Huang,China
Rutaceae,Tetradium austrosinense,(Hand.-Mazz.) T.G.Hartley,China
Rutaceae,Tetradium calcicola,(Chun ex C.C.Huang) T.G.Hartley,China
Rutaceae,Tetradium daniellii,(Benn.) T.G.Hartley,China
Rutaceae,Tetradium fraxinifolium,(Hook.f.) T.G.Hartley,China
Rutaceae,Tetradium glabrifolium,(Champ. ex Benth.) T.G.Hartley,China
Rutaceae,Tetradium ruticarpum,(A.Juss.) T.G.Hartley,China
Rutaceae,Tetradium trichotomum,Lour.,China
Rutaceae,Zanthoxylum acanthopodium,DC.,China
Rutaceae,Zanthoxylum ailanthoides,Siebold & Zucc.,China
Rutaceae,Zanthoxylum armatum,DC.,China
Rutaceae,Zanthoxylum austrosinense,C.C.Huang,China
Rutaceae,Zanthoxylum avicennae,(Lam.) DC.,China
Rutaceae,Zanthoxylum bungeanum,Maxim.,China
Rutaceae,Zanthoxylum dimorphophyllum,Hemsl.,China
Rutaceae,Zanthoxylum esquirolii,H.Lév.,China
Rutaceae,Zanthoxylum khasianum,Hook.f.,China
Rutaceae,Zanthoxylum micranthum,Hemsl.,China
Rutaceae,Zanthoxylum molle,Rehder,China
Rutaceae,Zanthoxylum motuoense,C.C.Huang,China
Rutaceae,Zanthoxylum myriacanthum,Wall. ex Hook.f.,China
Rutaceae,Zanthoxylum nitidum,(Roxb.) DC.,China
Rutaceae,Zanthoxylum oxyphyllum,Edgew.,China
Rutaceae,Zanthoxylum piasezkii,Maxim.,China
Rutaceae,Zanthoxylum pteracanthum,Rehder & E.H. Wilson,China
Rutaceae,Zanthoxylum simulans,Hance,China
Rutaceae,Zanthoxylum stenophyllum,Hemsl.,China
Rutaceae,Zanthoxylum stipitatum,C.C.Huang,China
Rutaceae,Zanthoxylum undulatifolium,Hemsl.,China
Sabiaceae,Meliosma angustifolia,Merr.,China
Sabiaceae,Meliosma arnottiana,(Wight) Walp.,China
Sabiaceae,Meliosma bifida,Y.W.Law,China
Sabiaceae,Meliosma cuneifolia,Franch.,China
Sabiaceae,Meliosma dilleniifolia,(Wall. ex Wight & Arn.) Walp.,China
Sabiaceae,Meliosma dumicola,W.W.Sm.,China
Sabiaceae,Meliosma flexuosa,Pamp.,China
Sabiaceae,Meliosma fordii,Hemsl.,China
Sabiaceae,Meliosma glandulosa,Cufod.,China
Sabiaceae,Meliosma henryi,Diels,China
Sabiaceae,Meliosma kirkii,Hemsl. & E.H.Wilson,China
Sabiaceae,Meliosma laui,Merr.,China
Sabiaceae,Meliosma longipes,Merr.,China
Sabiaceae,Meliosma myriantha,Siebold & Zucc.,China
Sabiaceae,Meliosma oldhamii,Miq.,China
Sabiaceae,Meliosma parviflora,Lecomte,China
Sabiaceae,Meliosma paupera,Hand.-Mazz.,China
Sabiaceae,Meliosma pinnata,(Roxb.) Maxim.,China
Sabiaceae,Meliosma rhoifolia,Maxim.,China
Sabiaceae,Meliosma rigida,Siebold & Zucc.,China
Sabiaceae,Meliosma simplicifolia,(Roxb.) Walp.,China
Sabiaceae,Meliosma squamulata,Hance,China
Sabiaceae,Meliosma thomsonii,King ex Brandis,China
Sabiaceae,Meliosma thorelii,Lecomte,China
Sabiaceae,Meliosma veitchiorum,Hemsl.,China
Sabiaceae,Meliosma velutina,Rehder & E.H.Wilson,China
Sabiaceae,Meliosma yunnanensis,Franch.,China
Salicaceae,Bennettiodendron leprosipes,(Clos) Merr.,China
Salicaceae,Carrierea calycina,Franch.,China
Salicaceae,Carrierea dunniana,H.Lév.,China
Salicaceae,Casearia flexuosa,Craib,China
Salicaceae,Casearia glomerata,Roxb.,China
Salicaceae,Casearia graveolens,Dalzell,China
Salicaceae,Casearia kurzii,C.B.Clarke,China
Salicaceae,Casearia tardieuae,Lescot & Sleumer,China
Salicaceae,Casearia velutina,Blume,China
Salicaceae,Flacourtia indica,(Burm.f.) Merr.,China
Salicaceae,Flacourtia jangomas,(Lour.) Raeusch.,China
Salicaceae,Flacourtia mollis,Hook.f. & Thomson,China
Salicaceae,Flacourtia rukam,Zoll. & Moritzi,China
Salicaceae,Homalium ceylanicum,(Gardner) Benth.,China
Salicaceae,Homalium cochinchinense,(Lour.) Druce,China
Salicaceae,Homalium kainantense,Masam.,China
Salicaceae,Homalium kwangsiense,F.C. How & W.C. Ko,China
Salicaceae,Homalium mollissimum,Merr.,China
Salicaceae,Homalium paniculiflorum,F.C. How & W.C. Ko,China
Salicaceae,Homalium sabiifolium,F.C. How & W.C. Ko,China
Salicaceae,Homalium stenophyllum,Merr. & Chun,China
Salicaceae,Idesia polycarpa,Maxim.,China
Salicaceae,Itoa orientalis,Hemsl.,China
Salicaceae,Poliothyrsis sinensis,Oliv.,China
Salicaceae,Populus adenopoda,Maxim.,China
Salicaceae,Populus alba,L.,China
Salicaceae,Populus amurensis,Kom.,China
Salicaceae,Populus cathayana,Rehder,China
Salicaceae,Populus ciliata,Wall. ex Royle,China
Salicaceae,Populus ciupi,S.Y. Wang,China
Salicaceae,Populus euphratica,Olivier,China
Salicaceae,Populus girinensis,Skvortsov,China
Salicaceae,Populus glauca,Haines,China
Salicaceae,Populus haoana,W.C.Cheng & Z.Wang,China
Salicaceae,Populus honanensis,T.B.Chao & C.W.Chiuan,China
Salicaceae,Populus hsinganica,C. Wang & Skvortsov,China
Salicaceae,Populus iliensis,Drobow,China
Salicaceae,Populus intramongolica,T.Y. Sun & E.W. Ma,China
Salicaceae,Populus kangdingensis,C. Wang & S.L. Tung,China
Salicaceae,Populus keerqinensis,T.Y. Sun,China
Salicaceae,Populus lancifolia,N. Chao,China
Salicaceae,Populus lasiocarpa,Oliv.,China
Salicaceae,Populus laurifolia,Ledeb.,China
Salicaceae,Populus macrocarpa,(Schrenk) Pavlov & Lipsch.,China
Salicaceae,Populus mainlingensis,C. Wang & S.L. Tung,China
Salicaceae,Populus manshurica,Nakai,China
Salicaceae,Populus minhoensis,S.F. Yang & H.F. Wu,China
Salicaceae,Populus nakaii,Skvortsov,China
Salicaceae,Populus nigra,L.,China
Salicaceae,Populus ningshanica,C. Wang & S.L. Tung,China
Salicaceae,Populus platyphylla,T.Y. Sun,China
Salicaceae,Populus pruinosa,Schrenk,China
Salicaceae,Populus pseudoglauca,C. Wang & P.Y. Fu,China
Salicaceae,Populus pseudomaximowiczii,C. Wang & S.L. Tung,China
Salicaceae,Populus pseudosimonii,Kitag.,China
Salicaceae,Populus qamdoensis,C. Wang & S.L. Tung,China
Salicaceae,Populus qiongdaoensis,T. Hong & P. Luo,China
Salicaceae,Populus schneideri,(Rehder) N. Chao,China
Salicaceae,Populus shanxiensis,C. Wang & S.L. Tung,China
Salicaceae,Populus simonii,Carrière,China
Salicaceae,Populus suaveolens,Fisch. ex Camuzet,China
Salicaceae,Populus szechuanica,C.K.Schneid.,China
Salicaceae,Populus talassica,Kom.,China
Salicaceae,Populus tremula,L.,China
Salicaceae,Populus trinervis,C. Wang & S.L. Tung,China
Salicaceae,Populus wenxianica,Z.C. Feng & J.L. Guo ex G.H.Zhu,China
Salicaceae,Populus wuana,C. Wang & S.L. Tung,China
Salicaceae,Populus xiangchengensis,Z. Wang & S.L. Tung,China
Salicaceae,Populus yatungensis,(Z. Wang & P.Y. Fu) C. Wang & S.L. Tung,China
Salicaceae,Populus yunnanensis,Dode,China
Salicaceae,Salix abscondita,Lacksch.,China
Salicaceae,Salix alba,L.,China
Salicaceae,Salix arbutifolia,Pall.,China
Salicaceae,Salix argyrophegga,C.K.Schneid.,China
Salicaceae,Salix babylonica,L.,China
Salicaceae,Salix baileyi,C.K.Schneid.,China
Salicaceae,Salix balansae,Seemen,China
Salicaceae,Salix balfouriana,C.K.Schneid.,China
Salicaceae,Salix bangongensis,Z.Wang & C.F.Fang,China
Salicaceae,Salix bebbiana,Sarg.,China
Salicaceae,Salix bhutanensis,Flod.,China
Salicaceae,Salix bikouensis,Y.L.Chou,China
Salicaceae,Salix biondiana,Seemen,China
Salicaceae,Salix caprea,L.,China
Salicaceae,Salix capusii,Franch.,China
Salicaceae,Salix cardiophylla,Trautv. & C.A.Mey.,China
Salicaceae,Salix cavaleriei,H.Lév.,China
Salicaceae,Salix chaenomeloides,Kimura,China
Salicaceae,Salix cheilophila,C.K.Schneid.,China
Salicaceae,Salix chekiangensis,W.C. Cheng,China
Salicaceae,Salix chienii,Cheng,China
Salicaceae,Salix chikungensis,C.K.Schneid.,China
Salicaceae,Salix chingiana,K.S.Hao ex C.F.Fang & A.K.Skvortsov,China
Salicaceae,Salix cinerea,L.,China
Salicaceae,Salix daltoniana,Andersson,China
Salicaceae,Salix dalungensis,C. Wang & P.Y. Fu,China
Salicaceae,Salix delavayana,Hand.-Mazz.,China
Salicaceae,Salix denticulata,Andersson,China
Salicaceae,Salix divergentistyla,C.F. Fang,China
Salicaceae,Salix erioclada,H. Lév. & Vaniot,China
Salicaceae,Salix etosia,C.K.Schneid.,China
Salicaceae,Salix excelsa,S.G.Gmel.,China
Salicaceae,Salix fargesii,Burkill,China
Salicaceae,Salix glauca,L.,China
Salicaceae,Salix heterochroma,Seemen,China
Salicaceae,Salix humaensis,Y.L.Chou & R.C.Zhou,China
Salicaceae,Salix hylonoma,C.K.Schneid.,China
Salicaceae,Salix kangensis,Nakai,China
Salicaceae,Salix kirilowiana,Stschegl.,China
Salicaceae,Salix kongbanica,C. Wang & P.Y. Fu,China
Salicaceae,Salix kouytchensis,(H. Lév.) C.K. Schneid.,China
Salicaceae,Salix leveilleana,C.K.Schneid.,China
Salicaceae,Salix longistamina,Z.Wang & P.Y.Fu,China
Salicaceae,Salix magnifica,Hemsl.,China
Salicaceae,Salix medogensis,Y.L.Chou,China
Salicaceae,Salix mesnyi,Hance,China
Salicaceae,Salix michelsonii,Goerz ex Nasarow,China
Salicaceae,Salix miyabeana,Seemen,China
Salicaceae,Salix moupinensis,Franch.,China
Salicaceae,Salix neowilsonii,Fang,China
Salicaceae,Salix niedzwieckii,Goerz,China
Salicaceae,Salix nipponica,Franch. & Sav.,China
Salicaceae,Salix omeiensis,C.K.Schneid.,China
Salicaceae,Salix oreinoma,C.K.Schneid.,China
Salicaceae,Salix paraplesia,C.K.Schneid.,China
Salicaceae,Salix pentandra,L.,China
Salicaceae,Salix permollis,C. Wang & C.Y. Yu,China
Salicaceae,Salix phaidima,C.K.Schneid.,China
Salicaceae,Salix phanera,C.K.Schneid.,China
Salicaceae,Salix pierotii,Miq.,China
Salicaceae,Salix polyclona,C.K.Schneid.,China
Salicaceae,Salix pseudopentandra,(Flod.) Flod.,China
Salicaceae,Salix pseudopermollis,C.Y. Yu & Chang Y. Yang,China
Salicaceae,Salix pseudowallichiana,Goerz ex Rehder & Kobuski,China
Salicaceae,Salix psilostigma,Andersson,China
Salicaceae,Salix pycnostachya,Andersson,China
Salicaceae,Salix qinghaiensis,Y.L.Chou,China
Salicaceae,Salix rehderiana,C.K.Schneid.,China
Salicaceae,Salix rorida,Laksch.,China
Salicaceae,Salix sajanensis,Nasarow,China
Salicaceae,Salix schwerinii,E.L.Wolf,China
Salicaceae,Salix sericocarpa,Andersson,China
Salicaceae,Salix shangchengensis,B.C.Ding & T.B.Chao,China
Salicaceae,Salix shihtsuanensis,C. Wang & C.Y. Yu,China
Salicaceae,Salix sinica,(K.S. Hao ex C.F. Fang & A.K. Skvortsov) G.H. Zhu,China
Salicaceae,Salix songarica,Andersson,China
Salicaceae,Salix sphaeronymphe,Goerz,China
Salicaceae,Salix taraikensis,Kimura,China
Salicaceae,Salix tetrasperma,Roxb.,China
Salicaceae,Salix triandra,L.,China
Salicaceae,Salix triandroides,W.P.Fang,China
Salicaceae,Salix trichocarpa,C.F. Fang,China
Salicaceae,Salix turanica,Nasarow,China
Salicaceae,Salix udensis,Trautv. & C.A.Mey.,China
Salicaceae,Salix viminalis,L.,China
Salicaceae,Salix weixiensis,Y.L.Chou,China
Salicaceae,Salix wilhelmsiana,M.Bieb.,China
Salicaceae,Salix yadongensis,N. Chao,China
Salicaceae,Salix yuhuangshanensis,C. Wang & C.Y. Yu,China
Salicaceae,Scolopia buxifolia,Gagnep.,China
Salicaceae,Scolopia chinensis,(Lour.) Clos,China
Salicaceae,Scolopia oldhamii,Hance,China
Salicaceae,Scolopia saeva,(Hance) Hance,China
Salicaceae,Xylosma congesta,(Lour.) Merr.,China
Salicaceae,Xylosma controversa,Clos,China
Salicaceae,Xylosma longifolia,Clos,China
Salvadoraceae,Azima tetracantha,Lam.,China
Santalaceae,Osyris lanceolata,Hochst. & Steud.,China
Santalaceae,Pyrularia edulis,(Wall.) A. DC.,China
Santalaceae,Scleropyrum pentandrum,(Dennst.) Mabb.,China
Sapindaceae,Acer acuminatum,Wall. ex D.Don,China
Sapindaceae,Acer acutum,W.P.Fang,China
Sapindaceae,Acer amplum,Rehder,China
Sapindaceae,Acer anhweiense,W.P.Fang & M.Y.Fang,China
Sapindaceae,Acer barbinerve,Maxim. ex Miq.,China
Sapindaceae,Acer buergerianum,Miq.,China
Sapindaceae,Acer caesium,Wall. ex Brandis,China
Sapindaceae,Acer calcaratum,Gagnep.,China
Sapindaceae,Acer campbellii,Hook.f. & Thomson ex Hiern,China
Sapindaceae,Acer cappadocicum,Gled.,China
Sapindaceae,Acer caudatum,Wall.,China
Sapindaceae,Acer chienii,Hu & W.C.Cheng,China
Sapindaceae,Acer chingii,Hu,China
Sapindaceae,Acer chunii,W.P.Fang,China
Sapindaceae,Acer confertifolium,Merr. & F.P.Metcalf,China
Sapindaceae,Acer cordatum,Pax,China
Sapindaceae,Acer coriaceifolium,H.Lév.,China
Sapindaceae,Acer crassum,Hu & W.C.Cheng,China
Sapindaceae,Acer davidii,Franch.,China
Sapindaceae,Acer duplicatoserratum,Hayata,China
Sapindaceae,Acer elegantulum,W.P.Fang & P.L.Chiu,China
Sapindaceae,Acer erianthum,Schwer.,China
Sapindaceae,Acer fabri,Hance,China
Sapindaceae,Acer fenzelianum,Hand.-Mazz.,China
Sapindaceae,Acer flabellatum,Rehder,China
Sapindaceae,Acer forrestii,Diels,China
Sapindaceae,Acer fulvescens,Rehder,China
Sapindaceae,Acer gracilifolium,W.P.Fang. & C.C.Fu,China
Sapindaceae,Acer griseum,(Franch.) Pax,China
Sapindaceae,Acer henryi,Pax,China
Sapindaceae,Acer hilaense,Hu & W.C.Cheng,China
Sapindaceae,Acer komarovii,Pojark.,China
Sapindaceae,Acer kungshanense,W.P.Fang & C.Y.Chang,China
Sapindaceae,Acer kuomeii,W.P.Fang & M.Y.Fang,China
Sapindaceae,Acer kwangnanense,Hu & W.C.Cheng,China
Sapindaceae,Acer kweilinense,W. P. Fang & M. Y. Fang,China
Sapindaceae,Acer laevigatum,Wall.,China
Sapindaceae,Acer laurinum,Hassk.,China
Sapindaceae,Acer laxiflorum,Pax,China
Sapindaceae,Acer leipoense,W.P.Fang & Soong,China
Sapindaceae,Acer longipes,Franch. ex Rehder,China
Sapindaceae,Acer lucidum,F.P.Metcalf,China
Sapindaceae,Acer lungshengense,W.P.Fang & L.C.Hu,China
Sapindaceae,Acer mandshuricum,Maxim.,China
Sapindaceae,Acer maximowiczianum,Miq.,China
Sapindaceae,Acer maximowiczii,Pax,China
Sapindaceae,Acer metcalfii,Rehder,China
Sapindaceae,Acer miaoshanicum,W.P.Fang,China
Sapindaceae,Acer miaotaiense,P.C.Tsoong,China
Sapindaceae,Acer oblongum,Wall. ex DC.,China
Sapindaceae,Acer oligocarpum,W.P.Fang & L.C.Hu,China
Sapindaceae,Acer oliverianum,Pax,China
Sapindaceae,Acer paihengii,W.P.Fang,China
Sapindaceae,Acer pauciflorum,W.P.Fang,China
Sapindaceae,Acer paxii,Franch.,China
Sapindaceae,Acer pectinatum,Wall. ex G.Nicholson,China
Sapindaceae,Acer pentaphyllum,Diels,China
Sapindaceae,Acer pictum,Thunb.,China
Sapindaceae,Acer pilosum,Maxim.,China
Sapindaceae,Acer pinnatinervium,Merr.,China
Sapindaceae,Acer poliophyllum,W.P.Fang & Y.T.Wu,China
Sapindaceae,Acer pseudosieboldianum,(Pax) Kom.,China
Sapindaceae,Acer pubinerve,Rehder,China
Sapindaceae,Acer pubipetiolatum,Hu & W.C.Cheng,China
Sapindaceae,Acer shenkanense,W.P.Fang ex C.C.Fu,China
Sapindaceae,Acer shihweii,F.Chun & W.P.Fang,China
Sapindaceae,Acer sikkimense,Miq.,China
Sapindaceae,Acer sinense,Pax,China
Sapindaceae,Acer sino-oblongum,F.P.Metcalf,China
Sapindaceae,Acer sinopurpurascens,W.C.Cheng,China
Sapindaceae,Acer stachyophyllum,Hiern,China
Sapindaceae,Acer sterculiaceum,Wall.,China
Sapindaceae,Acer sutchuenense,Franch.,China
Sapindaceae,Acer sycopseoides,Chun,China
Sapindaceae,Acer tataricum,L.,China
Sapindaceae,Acer tegmentosum,Maxim.,China
Sapindaceae,Acer tenellum,Pax,China
Sapindaceae,Acer thomsonii,Miq.,China
Sapindaceae,Acer tibetense,W.P.Fang,China
Sapindaceae,Acer tonkinense,Lecomte,China
Sapindaceae,Acer triflorum,Kom.,China
Sapindaceae,Acer truncatum,Bunge,China
Sapindaceae,Acer tsinglingense,W.P.Fang & C.C.Hsieh,China
Sapindaceae,Acer tutcheri,Duthie,China
Sapindaceae,Acer ukurunduense,Trautv. & C.A.Mey.,China
Sapindaceae,Acer wangchii,W.P.Fang,China
Sapindaceae,Acer wardii,W.W.Sm.,China
Sapindaceae,Acer wilsonii,Rehder,China
Sapindaceae,Acer yangbiense,Y.S.Chen & Q.E.Yang,China
Sapindaceae,Acer yinkunii,W.P.Fang,China
Sapindaceae,Acer yui,W.P.Fang,China
Sapindaceae,Aesculus assamica,Griff.,China
Sapindaceae,Aesculus chinensis,Bunge,China
Sapindaceae,Aesculus wangii,Hu,China
Sapindaceae,Allophylus caudatus,Radlk.,China
Sapindaceae,Allophylus chartaceus,(Kurz) Radlk.,China
Sapindaceae,Allophylus dimorphus,Radlk.,China
Sapindaceae,Allophylus hirsutus,Radlk.,China
Sapindaceae,Allophylus longipes,Radlk.,China
Sapindaceae,Allophylus petelotii,Merr.,China
Sapindaceae,Allophylus repandifolius,Merr. & Chun,China
Sapindaceae,Amesiodendron chinense,(Merr.) Hu,China
Sapindaceae,Arytera litoralis,Blume,China
Sapindaceae,Boniodendron minus,(Hemsl.) T.C.Chen,China
Sapindaceae,Delavaya toxocarpa,Franch.,China
Sapindaceae,Dimocarpus longan,Lour.,China
Sapindaceae,Dimocarpus yunnanensis,(W.T.Wang) C.Y.Wu & T.L.Ming,China
Sapindaceae,Dipteronia dyeriana,A.Henry,China
Sapindaceae,Dipteronia sinensis,Oliv.,China
Sapindaceae,Dodonaea viscosa,(L.) Jacq.,China
Sapindaceae,Eurycorymbus cavaleriei,(H.Lév.) Rehder & Hand.-Mazz.,China
Sapindaceae,Handeliodendron bodinieri,(H.Lév.) Rehder,China
Sapindaceae,Harpullia cupanioides,Roxb.,China
Sapindaceae,Koelreuteria bipinnata,Franch.,China
Sapindaceae,Koelreuteria paniculata,Laxm.,China
Sapindaceae,Lepisanthes basicardia,Radlk.,China
Sapindaceae,Lepisanthes browniana,Hiern,China
Sapindaceae,Lepisanthes cauliflora,C.F.Liang & S.L.Mo,China
Sapindaceae,Lepisanthes hainanensis,H.S.Lo,China
Sapindaceae,Lepisanthes oligophylla,(Merr. & Chun) N.H.Xia & Gadek,China
Sapindaceae,Lepisanthes rubiginosa,(Roxb.) Leenh.,China
Sapindaceae,Lepisanthes senegalensis,(Poir.) Leenh.,China
Sapindaceae,Lepisanthes unilocularis,Leenh.,China
Sapindaceae,Mischocarpus hainanensis,H.S.Lo,China
Sapindaceae,Mischocarpus pentapetalus,(Roxb.) Radlk.,China
Sapindaceae,Mischocarpus sundaicus,Blume,China
Sapindaceae,Nephelium topengii,(Merr.) H.S.Lo,China
Sapindaceae,Paranephelium hainanense,H.S.Lo,China
Sapindaceae,Paranephelium hystrix,W.W.Sm.,China
Sapindaceae,Paranephelium spirei,Lecomte,China
Sapindaceae,Paranephelium xestophyllum,Miq.,China
Sapindaceae,Pavieasia anamensis,Pierre,China
Sapindaceae,Pavieasia kwangsiensis,H.S.Lo,China
Sapindaceae,Pometia pinnata,J.R.Forst. & G.Forst.,China
Sapindaceae,Sapindus delavayi,(Franch.) Radlk.,China
Sapindaceae,Sapindus mukorossi,Gaertn.,China
Sapindaceae,Sapindus rarak,DC.,China
Sapindaceae,Sapindus tomentosus,Kurz,China
Sapindaceae,Xanthoceras sorbifolium,Bunge,China
Sapotaceae,Diploknema butyracea,(Roxb.) H.J.Lam,China
Sapotaceae,Diploknema yunnanensis,"D.D.Tao, Z.H.Yang & Q.T.Zhang",China
Sapotaceae,Donella lanceolata,(Blume) Aubrév.,China
Sapotaceae,Eberhardtia aurata,(Pierre ex Dubard) Lecomte,China
Sapotaceae,Eberhardtia tonkinensis,Lecomte,China
Sapotaceae,Madhuca hainanensis,Chun & F.C.How,China
Sapotaceae,Madhuca pasquieri,(Dubard) H.J.Lam,China
Sapotaceae,Manilkara hexandra,(Roxb.) Dubard,China
Sapotaceae,Planchonella annamensis,Pierre ex Dubard,China
Sapotaceae,Planchonella clemensii,(Lecomte) P.Royen,China
Sapotaceae,Planchonella grandifolia,(Wall.) Pierre,China
Sapotaceae,Planchonella obovata,(R.Br.) Pierre,China
Sapotaceae,Planchonella yunnanensis,C.Y.Wu,China
Sapotaceae,Sarcosperma arboreum,Hook.f.,China
Sapotaceae,Sarcosperma griffithii,Hook.f. ex C.B.Clarke,China
Sapotaceae,Sarcosperma kachinense,(King & Pantl.) Exell,China
Sapotaceae,Sarcosperma laurinum,(Benth.) Hook.f.,China
Sapotaceae,Sarcosperma pedunculatum,Hemsl.,China
Sapotaceae,Sideroxylon cantoniense,Lour.,China
Sapotaceae,Sideroxylon wightianum,Hook. & Arn.,China
Sapotaceae,Xantolis boniana,(Dubard) P.Royen,China
Sapotaceae,Xantolis longispinosa,(Merr.) H.S.Low,China
Sapotaceae,Xantolis stenosepala,(Hu) P.Royen,China
Schisandraceae,Illicium angustisepalum,A.C.Sm.,China
Schisandraceae,Illicium brevistylum,A.C.Sm.,China
Schisandraceae,Illicium burmanicum,E.H. Wilson,China
Schisandraceae,Illicium henryi,Diels,China
Schisandraceae,Illicium jiadifengpi,B.N. Chang,China
Schisandraceae,Illicium lanceolatum,A.C.Sm.,China
Schisandraceae,Illicium macranthum,A.C.Sm.,China
Schisandraceae,Illicium majus,Hook.f. & Thomson,China
Schisandraceae,Illicium merrillianum,A.C.Sm.,China
Schisandraceae,Illicium micranthum,Dunn,China
Schisandraceae,Illicium modestum,A.C.Sm.,China
Schisandraceae,Illicium parvifolium,Merr.,China
Schisandraceae,Illicium petelotii,A.C.Sm.,China
Schisandraceae,Illicium simonsii,Maxim.,China
Schisandraceae,Illicium ternstroemioides,A.C.Sm.,China
Schisandraceae,Illicium tsaii,A.C.Sm.,China
Schisandraceae,Illicium verum,Hook.f.,China
Schisandraceae,Illicium wardii,A.C.Sm.,China
Schoepfiaceae,Schoepfia chinensis,Gardner & Champ.,China
Schoepfiaceae,Schoepfia fragrans,Wall.,China
Schoepfiaceae,Schoepfia griffithii,Tiegh. ex Steenis,China
Schoepfiaceae,Schoepfia jasminodora,Siebold & Zucc.,China
Scrophulariaceae,Buddleja alternifolia,Maxim.,China
Scrophulariaceae,Buddleja asiatica,Lour.,China
Scrophulariaceae,Buddleja colvilei,Hook.f.,China
Scrophulariaceae,Buddleja macrostachya,Benth.,China
Scrophulariaceae,Buddleja officinalis,Maxim.,China
Scrophulariaceae,Buddleja paniculata,Wall.,China
Simaroubaceae,Ailanthus altissima,(Mill.) Swingle,China
Simaroubaceae,Ailanthus fordii,Noot.,China
Simaroubaceae,Ailanthus triphysa,(Dennst.) Alston,China
Simaroubaceae,Brucea javanica,(L.) Merr.,China
Simaroubaceae,Brucea mollis,Wall. ex Kurz,China
Simaroubaceae,Picrasma chinensis,P.Y. Chen,China
Simaroubaceae,Picrasma quassioides,(D.Don) Benn.,China
Sladeniaceae,Sladenia celastrifolia,Kurz,China
Sladeniaceae,Sladenia integrifolia,Y.M.Shui,China
Stachyuraceae,Stachyurus cordatulus,Merr.,China
Stachyuraceae,Stachyurus himalaicus,Hook.f. & Thomson ex Benth.,China
Stachyuraceae,Stachyurus obovatus,(Rehder) Hand.-Mazz.,China
Staphyleaceae,Dalrympelea pomifera,Roxb.,China
Staphyleaceae,Staphylea bumalda,DC.,China
Staphyleaceae,Staphylea campanulata,J.Wen,China
Staphyleaceae,Staphylea forrestii,Balf. f.,China
Staphyleaceae,Staphylea holocarpa,Hemsl.,China
Staphyleaceae,Staphylea japonica,(Thunb.) Mabb.,China
Staphyleaceae,Staphylea shweliensis,W.W. Sm.,China
Staphyleaceae,Staphylea yuanjiangensis,K.M.Feng & T.Z.Hsu,China
Staphyleaceae,Turpinia affinis,Merr. & L.M. Perry,China
Staphyleaceae,Turpinia cochinchinensis,(Lour.) Merr.,China
Staphyleaceae,Turpinia indochinensis,Merr.,China
Staphyleaceae,Turpinia macrosperma,C.C. Huang,China
Staphyleaceae,Turpinia montana,(Blume) Kurz,China
Staphyleaceae,Turpinia robusta,W. G. Craib,China
Staphyleaceae,Turpinia simplicifolia,Merr.,China
Staphyleaceae,Turpinia subsessilifolia,C.Y.Wu,China
Stemonuraceae,Gomphandra mollis,Merr.,China
Stemonuraceae,Gomphandra tetrandra,(Wall.) Sleumer,China
Styracaceae,Alniphyllum eberhardtii,Guillaumin,China
Styracaceae,Alniphyllum fortunei,(Hemsl.) Makino,China
Styracaceae,Bruinsmia polysperma,(C.B.Clarke) Steenis,China
Styracaceae,Changiostyrax dolichocarpus,(C.J.Qi) Tao Chen,China
Styracaceae,Huodendron biaristatum,(W.W. Sm.) Rehder,China
Styracaceae,Huodendron tibeticum,(J. Anthony) Rehder,China
Styracaceae,Huodendron tomentosum,Y.C.Tang & S.M.Hwang,China
Styracaceae,Melliodendron xylocarpum,Hand.-Mazz.,China
Styracaceae,Parastyrax lacei,(W.W. Sm.) W.W. Sm.,China
Styracaceae,Perkinsiodendron macgregorii,(Chun) P.W.Fritsch,China
Styracaceae,Pterostyrax corymbosus,Siebold & Zucc.,China
Styracaceae,Pterostyrax psilophyllus,Diels ex Perkins,China
Styracaceae,Rehderodendron gongshanense,Y.C.Tang,China
Styracaceae,Rehderodendron indochinense,H.L. Li,China
Styracaceae,Rehderodendron kwangtungense,Chun,China
Styracaceae,Rehderodendron kweichowense,Hu,China
Styracaceae,Rehderodendron macrocarpum,Hu,China
Styracaceae,Rehderodendron macrophyllum,"(C.Y.Wu & K.M.Feng) W.Y.Zhao, P.W.Fritsch & W.B.Liao",China
Styracaceae,Sinojackia henryi,(Dümmer) Merr.,China
Styracaceae,Sinojackia huangmeiensis,J.W.Ge & X.H.Yao,China
Styracaceae,Sinojackia rehderiana,Hu,China
Styracaceae,Sinojackia sarcocarpa,L.Q. Luo,China
Styracaceae,Sinojackia xylocarpa,Hu        ,China
Styracaceae,Styrax agrestis,(Lour.) G.Don,China
Styracaceae,Styrax argentifolius,H.L. Li,China
Styracaceae,Styrax bashanensis,S.Z. Qu & K.Y. Wang,China
Styracaceae,Styrax benzoides,W. G. Craib,China
Styracaceae,Styrax buchananii,W.W. Sm.,China
Styracaceae,Styrax chinensis,Hu & S.Ye Liang,China
Styracaceae,Styrax chrysocarpus,H.L. Li,China
Styracaceae,Styrax confusus,Hemsl.,China
Styracaceae,Styrax formosanus,Matsum.,China
Styracaceae,Styrax fortunei,Hance,China
Styracaceae,Styrax hainanensis,F.C. How,China
Styracaceae,Styrax hemsleyanus,Diels,China
Styracaceae,Styrax huanus,Rehder,China
Styracaceae,Styrax japonicus,Siebold & Zucc.,China
Styracaceae,Styrax macranthus,Perkins,China
Styracaceae,Styrax macrocarpus,Cheng,China
Styracaceae,Styrax obassis,Siebold & Zucc.,China
Styracaceae,Styrax odoratissimus,Champ. ex Benth.,China
Styracaceae,Styrax perkinsiae,Rehder,China
Styracaceae,Styrax rugosus,Kurz,China
Styracaceae,Styrax serrulatus,Roxb.,China
Styracaceae,Styrax suberifolius,Hook. & Arn.,China
Styracaceae,Styrax supaii,Chun & F. Chun,China
Styracaceae,Styrax tonkinensis,Craib ex Hartwich,China
Styracaceae,Styrax zhejiangensis,S.M.Hwang & L.L.Yu,China
Surianaceae,Suriana maritima,L.,China
Symplocaceae,Symplocos acuminata,(Blume) Miq.,China
Symplocaceae,Symplocos adenophylla,Wall. ex G. Don,China
Symplocaceae,Symplocos adenopus,Hance,China
Symplocaceae,Symplocos anomala,Brand,China
Symplocaceae,Symplocos austrosinensis,Hand.-Mazz.,China
Symplocaceae,Symplocos cochinchinensis,(Lour.) S.Moore,China
Symplocaceae,Symplocos congesta,Benth.,China
Symplocaceae,Symplocos crassilimba,Merr.,China
Symplocaceae,Symplocos dolichotricha,Merr.,China
Symplocaceae,Symplocos dryophila,C.B. Clarke,China
Symplocaceae,Symplocos fukienensis,Ling,China
Symplocaceae,Symplocos glandulifera,Brand,China
Symplocaceae,Symplocos glauca,(Thunb.) Koidz.,China
Symplocaceae,Symplocos glomerata,King ex Gamble,China
Symplocaceae,Symplocos groffii,Merr.,China
Symplocaceae,Symplocos hainanensis,Merr. & Chun ex H.L. Li,China
Symplocaceae,Symplocos heishanensis,Hayata,China
Symplocaceae,Symplocos hookeri,C.B. Clarke,China
Symplocaceae,Symplocos lancifolia,Siebold & Zucc.,China
Symplocaceae,Symplocos lucida,(Thunb.) Siebold & Zucc.,China
Symplocaceae,Symplocos macrophylla,Wall.,China
Symplocaceae,Symplocos ovatilobata,Noot.,China
Symplocaceae,Symplocos paniculata,(Thunb.) Miq.,China
Symplocaceae,Symplocos pendula,Wight,China
Symplocaceae,Symplocos pilosa,Rehder,China
Symplocaceae,Symplocos poilanei,Guill.,China
Symplocaceae,Symplocos pseudobarberina,Gontsch.,China
Symplocaceae,Symplocos pyrifolia,Wall. ex G. Don,China
Symplocaceae,Symplocos racemosa,Roxb.,China
Symplocaceae,Symplocos ramosissima,Wall. ex G. Don,China
Symplocaceae,Symplocos spectabilis,Brand,China
Symplocaceae,Symplocos stellaris,Brand,China
Symplocaceae,Symplocos sulcata,Kurz,China
Symplocaceae,Symplocos sumuntia,Buch.-Ham. ex D.Don,China
Symplocaceae,Symplocos ulotricha,Ling,China
Symplocaceae,Symplocos viridissima,Brand,China
Symplocaceae,Symplocos wikstroemiifolia,Hayata,China
Symplocaceae,Symplocos yangchunensis,H.G. Ye & F.W. Xing,China
Tamaricaceae,Myrtama elegans,(Royle) Ovcz. & Kinzik.,China
Tamaricaceae,Tamarix arceuthoides,Bunge,China
Tamaricaceae,Tamarix austromongolica,Nakai,China
Tamaricaceae,Tamarix chinensis,Lour.,China
Tamaricaceae,Tamarix elongata,Ledeb.,China
Tamaricaceae,Tamarix hispida,Willd.,China
Tamaricaceae,Tamarix hohenackeri,Bunge,China
Tamaricaceae,Tamarix karelinii,Bunge,China
Tamaricaceae,Tamarix leptostachya,Bunge,China
Tamaricaceae,Tamarix ramosissima,Ledeb.,China
Tamaricaceae,Tamarix taklamakanensis,M.T. Liu,China
Tapisciaceae,Tapiscia sinensis,Oliv.,China
Tapisciaceae,Tapiscia yunnanensis,W.C. Cheng & C.D. Chu,China
Taxaceae,Amentotaxus argotaenia,(Hance) Pilg.,China
Taxaceae,Amentotaxus hekouensis,L.M.Gao,China
Taxaceae,Amentotaxus yunnanensis,H.L.Li,China
Taxaceae,Cephalotaxus alpina,(H.L.Li) L.K.Fu,China
Taxaceae,Cephalotaxus fortunei,Hook.,China
Taxaceae,Cephalotaxus hainanensis,H.L.Li,China
Taxaceae,Cephalotaxus lanceolata,K.M.Feng ex C.Y.Cheng W.C.Cheng & L.K.Fu,China
Taxaceae,Cephalotaxus latifolia,W.C.Cheng & L.K.Fu ex L.K.Fu & R.R.Mill,China
Taxaceae,Cephalotaxus mannii,Hook.f.,China
Taxaceae,Cephalotaxus sinensis,(Rehder & E.H.Wilson) H.L.Li,China
Taxaceae,Taxus calcicola,L.M.Gao & Mich.Möller,China
Taxaceae,Taxus chinensis,(Pilg.) Rehder,China
Taxaceae,Taxus contorta,Griff.,China
Taxaceae,Taxus cuspidata,Siebold & Zucc.,China
Taxaceae,Taxus florinii,Spjut,China
Taxaceae,Taxus mairei,(Lemée & H.Lév.) S.Y.Hu,China
Taxaceae,Taxus wallichiana,Zucc.,China
Taxaceae,Torreya fargesii,Franch.,China
Taxaceae,Torreya grandis,Fortune ex Lindl.,China
Taxaceae,Torreya jackii,Chun,China
Tetramelaceae,Tetrameles nudiflora,R.Br.,China
Theaceae,Apterosperma oblata,Hung T.Chang,China
Theaceae,Camellia anlungensis,Hung T.Chang,China
Theaceae,Camellia assimiloides,Sealy,China
Theaceae,Camellia azalea,C.F.Wei,China
Theaceae,Camellia brevistyla,(Hayata) Cohen-Stuart,China
Theaceae,Camellia candida,H.T.Chang,China
Theaceae,Camellia caudata,Wall.,China
Theaceae,Camellia chekiangoleosa,Hu,China
Theaceae,Camellia chrysanthoides,H.T.Chang,China
Theaceae,Camellia confusa,W. G. Craib,China
Theaceae,Camellia cordifolia,(Metcalf) Nakai,China
Theaceae,Camellia costata,S.Y.Hu & S.Ye Liang ex Hung T.Chang,China
Theaceae,Camellia costei,H.Lév.,China
Theaceae,Camellia crapnelliana,Tutcher,China
Theaceae,Camellia crassicolumna,Hung T.Chang,China
Theaceae,Camellia cuspidata,(Kochs) Bean,China
Theaceae,Camellia drupifera,Lour.,China
Theaceae,Camellia edithae,Hance,China
Theaceae,Camellia elongata,(Rehder & E.H.Wilson) Rehder,China
Theaceae,Camellia euphlebia,Merr. ex Sealy,China
Theaceae,Camellia euryoides,Lindl.,China
Theaceae,Camellia fangchengensis,S.Ye Liang & Y.C. Zhong,China
Theaceae,Camellia fascicularis,H.T.Chang,China
Theaceae,Camellia fluviatilis,Hand.-Mazz.,China
Theaceae,Camellia forrestii,(Diels) Cohen-Stuart,China
Theaceae,Camellia fraterna,Hance,China
Theaceae,Camellia furfuracea,(Merr.) Cohen-Stuart,China
Theaceae,Camellia gaudichaudii,(Gagnep.) Sealy,China
Theaceae,Camellia glabricostata,T.L.Ming,China
Theaceae,Camellia grandibracteata,Hung T.Chang & F.L.Yu,China
Theaceae,Camellia granthamiana,Sealy,China
Theaceae,Camellia gymnogyna,H.T.Chang,China
Theaceae,Camellia hekouensis,C.J.Wang & G.S.Fan,China
Theaceae,Camellia hongkongensis,Seem.,China
Theaceae,Camellia ilicifolia,Y.K.Li,China
Theaceae,Camellia impressinervis,H.T.Chang & S.Y.Liang,China
Theaceae,Camellia indochinensis,Merr.,China
Theaceae,Camellia japonica,L.,China
Theaceae,Camellia kissii,Wall.,China
Theaceae,Camellia kwangsiensis,Hung T.Chang,China
Theaceae,Camellia leptophylla,S.Yun Liang ex H.T.Chang,China
Theaceae,Camellia longicalyx,Hung T.Chang,China
Theaceae,Camellia longissima,H.T.Chang & S.Y.Liang,China
Theaceae,Camellia lutchuensis,T.Itô,China
Theaceae,Camellia luteoflora,Y.K.Li ex Hung T.Chang & F.A.Zeng,China
Theaceae,Camellia mairei,(H.Lév.) Melch.,China
Theaceae,Camellia nitidissima,C.W.Chi,China
Theaceae,Camellia oleifera,C.Abel,China
Theaceae,Camellia pachyandra,Hu,China
Theaceae,Camellia paucipunctata,(Merr. & Chun) Chun,China
Theaceae,Camellia pitardii,Cohen-Stuart,China
Theaceae,Camellia polyodonta,F.C.How ex Hu,China
Theaceae,Camellia ptilophylla,Hung T.Chang,China
Theaceae,Camellia pubifurfuracea,Y.C.Zhong,China
Theaceae,Camellia pubipetala,Y.Wan & S.Z.Huang,China
Theaceae,Camellia pyxidiacea,"Z.R.Xu, F.P.Chen & C.Y.Deng",China
Theaceae,Camellia reticulata,Lindl.,China
Theaceae,Camellia rhytidocarpa,H.T.Chang & S.Y.Liang,China
Theaceae,Camellia salicifolia,Champ. ex Benth.,China
Theaceae,Camellia semiserrata,C.W.Chi,China
Theaceae,Camellia shangshii,Shi Y.Wang & Q.Fan,China
Theaceae,Camellia sinensis,(L.) Kuntze,China
Theaceae,Camellia stuartiana,Sealy,China
Theaceae,Camellia subintegra,P.C.Huang,China
Theaceae,Camellia synaptica,Sealy,China
Theaceae,Camellia szechuanensis,C.W.Chi,China
Theaceae,Camellia szemaoensis,H.T.Chang,China
Theaceae,Camellia tachangensis,F.S.Zhang,China
Theaceae,Camellia taliensis,(W.W.Sm.) Melch.,China
Theaceae,Camellia tsaii,Hu,China
Theaceae,Camellia tsingpienensis,Hu,China
Theaceae,Camellia tuberculata,S.S.Chien,China
Theaceae,Camellia wardii,Kobuski,China
Theaceae,Camellia yunnanensis,(Pit. ex Diels) Cohen-Stuart,China
Theaceae,Polyspora axillaris,(Roxb. ex Ker Gawl.) Sweet,China
Theaceae,Polyspora chrysandra,(Cowan) S.X.Yang,China
Theaceae,Polyspora hainanensis,(Hung T.Chang) C.X.Ye ex S.X.Yang,China
Theaceae,Polyspora longicarpa,(Hung T.Chang) C.X.Ye ex S.X.Yang,China
Theaceae,Polyspora speciosa,(Kochs) B.M.Barthol. & T.L.Ming,China
Theaceae,Polyspora tiantangensis,(L.L. Deng & G.S. Fan) S.X.Yang,China
Theaceae,Pyrenaria diospyricarpa,Kurz,China
Theaceae,Pyrenaria hirta,(Hand.-Mazz.) H.Keng,China
Theaceae,Pyrenaria jonquieriana,Laness.,China
Theaceae,Pyrenaria khasiana,R.N.Paul,China
Theaceae,Pyrenaria kwangsiensis,Hung T.Chang,China
Theaceae,Pyrenaria maculatoclada,(Y.K.Li) S.X.Yang,China
Theaceae,Pyrenaria menglaensis,G.D.Tao,China
Theaceae,Pyrenaria microcarpa,(Dunn) H.Keng,China
Theaceae,Pyrenaria oblongicarpa,Hung T.Chang,China
Theaceae,Pyrenaria pingpienensis,(Hung T.Chang) S.X.Yang & T.L.Ming,China
Theaceae,Pyrenaria sophiae,(Hu) S.X.Yang & T.L.Ming,China
Theaceae,Pyrenaria spectabilis,(Champ.) C.Y.Wu & S.X.Yang,China
Theaceae,Pyrenaria wuana,(Hung T.Chang) S.X.Yang,China
Theaceae,Schima argentea,E.Pritz.,China
Theaceae,Schima brevipedicellata,Hung T.Chang,China
Theaceae,Schima crenata,Korth.,China
Theaceae,Schima khasiana,Dyer,China
Theaceae,Schima multibracteata,Hung T.Chang,China
Theaceae,Schima noronhae,Reinw. ex Blume,China
Theaceae,Schima parviflora,Hung T.Chang & W.C.Cheng,China
Theaceae,Schima remotiserrata,Hung T.Chang,China
Theaceae,Schima sericans,(Hand.-Mazz.) T.L.Ming,China
Theaceae,Schima sinensis,(Hemsl. & E.H.Wilson) Airy Shaw,China
Theaceae,Schima superba,Gardner & Champ.,China
Theaceae,Schima villosa,Hu,China
Theaceae,Schima wallichii,(DC.) Korth.,China
Theaceae,Stewartia calcicola,T.L.Ming & J.Li,China
Theaceae,Stewartia cordifolia,(H.L.Li) J.Li & T.L.Ming,China
Theaceae,Stewartia crassifolia,(S.Z.Yan) J.Li & T.L.Ming,China
Theaceae,Stewartia laotica,(Gagnep.) J.Li & T.L.Ming,China
Theaceae,Stewartia medogensis,J.Li & T.L.Ming,China
Theaceae,Stewartia obovata,(Chun ex Hung T.Chang) J.Li & T.L.Ming,China
Theaceae,Stewartia pteropetiolata,W.C.Cheng,China
Theaceae,Stewartia rostrata,Spongberg,China
Theaceae,Stewartia rubiginosa,Hung T.Chang,China
Theaceae,Stewartia sichuanensis,(S.Z.Yan) J.Li & T.L.Ming,China
Theaceae,Stewartia sinensis,Rehder & E.H.Wilson,China
Theaceae,Stewartia sinii,(Y.C.Wu) Sealy,China
Theaceae,Stewartia villosa,Merr.,China
Thymelaeaceae,Aquilaria sinensis,(Lour.) Spreng.,China
Thymelaeaceae,Aquilaria yunnanensis,S.C.Huang,China
Thymelaeaceae,Edgeworthia gardneri,(Wall.) Meisn.,China
Thymelaeaceae,Eriosolena composita,(L.f.) Merr.,China
Thymelaeaceae,Rhamnoneuron balansae,(Drake) Gilg,China
Torricelliaceae,Torricellia angulata,Oliv.,China
Torricelliaceae,Torricellia tiliifolia,DC.,China
Trochodendraceae,Tetracentron sinense,Oliv.,China
Ulmaceae,Hemiptelea davidii,(Hance) Planch.,China
Ulmaceae,Ulmus bergmanniana,C.K.Schneid.,China
Ulmaceae,Ulmus castaneifolia,Hemsl.,China
Ulmaceae,Ulmus changii,W.C.Cheng,China
Ulmaceae,Ulmus chenmoui,W.C. Cheng,China
Ulmaceae,Ulmus davidiana,Planch.,China
Ulmaceae,Ulmus elongata,L.K. Fu & C.S. Ding,China
Ulmaceae,Ulmus gaussenii,Cheng        ,China
Ulmaceae,Ulmus glaucescens,Franch.,China
Ulmaceae,Ulmus harbinensis,S.Q. Nie & K.Q. Huang,China
Ulmaceae,Ulmus laciniata,(Herder) Mayr ex Schwapp.,China
Ulmaceae,Ulmus lamellosa,C. Wang & S.L. Chang,China
Ulmaceae,Ulmus lanceifolia,Roxb. ex Wall.,China
Ulmaceae,Ulmus macrocarpa,Hance,China
Ulmaceae,Ulmus microcarpa,L.K.Fu,China
Ulmaceae,Ulmus parvifolia,Jacq.,China
Ulmaceae,Ulmus prunifolia,W.C. Cheng & L.K. Fu,China
Ulmaceae,Ulmus pseudopropinqua,Wang & Li,China
Ulmaceae,Ulmus pumila,L.,China
Ulmaceae,Ulmus szechuanica,W.P.Fang,China
Ulmaceae,Zelkova schneideriana,Hand.-Mazz.,China
Ulmaceae,Zelkova serrata,(Thunb.) Makino,China
Ulmaceae,Zelkova sinica,C.K.Schneid.,China
Urticaceae,Boehmeria depauperata,Wedd.,China
Urticaceae,Boehmeria pilosiuscula,(Blume) Hassk.,China
Urticaceae,Boehmeria siamensis,Craib,China
Urticaceae,Boehmeria zollingeriana,Wedd.,China
Urticaceae,Debregeasia elliptica,C.J.Chen,China
Urticaceae,Debregeasia longifolia,(Burm.f.) Wedd.,China
Urticaceae,Debregeasia saeneb,(Forssk.) Hepper & J.R.I.Wood,China
Urticaceae,Debregeasia squamata,King ex Hook.f.,China
Urticaceae,Debregeasia wallichiana,(Wedd.) Wedd.,China
Urticaceae,Dendrocnide basirotunda,(C.Y.Wu) Chew,China
Urticaceae,Dendrocnide sinuata,(Blume) Chew,China
Urticaceae,Dendrocnide stimulans,(L.f.) Chew,China
Urticaceae,Dendrocnide urentissima,(Gagnep.) Chew,China
Urticaceae,Oreocnide frutescens,(Thunb.) Miq.,China
Urticaceae,Oreocnide integrifolia,(Gaudich.) Miq.,China
Urticaceae,Oreocnide rubescens,(Blume) Miq.,China
Urticaceae,Pilea melastomoides,(Poir.) Wedd.,China
Urticaceae,Pouzolzia rugulosa,(Wedd.) Acharya & Kravtsova,China
Urticaceae,Sarcochlamys pulcherrima,(Roxb.) Gaudich.,China
Viburnaceae,Sambucus javanica,Blume,China
Viburnaceae,Sambucus racemosa,L.,China
Viburnaceae,Sambucus williamsii,Hance,China
Viburnaceae,Viburnum betulifolium,Batalin,China
Viburnaceae,Viburnum brachybotryum,Hemsl.,China
Viburnaceae,Viburnum chingii,P.S.Hsu,China
Viburnaceae,Viburnum cinnamomifolium,Rehder,China
Viburnaceae,Viburnum corymbiflorum,P.S. Hsu & S.C. Hsu,China
Viburnaceae,Viburnum cylindricum,Buch.-Ham. ex D.Don,China
Viburnaceae,Viburnum erubescens,Wall. ex DC.,China
Viburnaceae,Viburnum fordiae,Hance,China
Viburnaceae,Viburnum formosanum,(Hance) Hayata,China
Viburnaceae,Viburnum glomeratum,Maxim.,China
Viburnaceae,Viburnum grandiflorum,Wall. ex DC.,China
Viburnaceae,Viburnum henryi,Hemsl.,China
Viburnaceae,Viburnum inopinatum,W. G. Craib,China
Viburnaceae,Viburnum leiocarpum,P.S. Hsu,China
Viburnaceae,Viburnum longiradiatum,P.S. Hsu & S.W.Fan,China
Viburnaceae,Viburnum lutescens,Blume,China
Viburnaceae,Viburnum luzonicum,Rolfe,China
Viburnaceae,Viburnum mullaha,Buch.-Ham. ex D.Don,China
Viburnaceae,Viburnum nervosum,D.Don,China
Viburnaceae,Viburnum odoratissimum,Ker Gawl.,China
Viburnaceae,Viburnum oliganthum,Batalin,China
Viburnaceae,Viburnum punctatum,Buch.-Ham. ex D. Don,China
Viburnaceae,Viburnum rhytidophyllum,Hemsl.,China
Viburnaceae,Viburnum shweliense,W.W.Sm.,China
Viburnaceae,Viburnum sympodiale,Graebn.,China
Viburnaceae,Viburnum ternatum,Rehder,China
Viburnaceae,Viburnum trabeculosum,C.Y. Wu,China
Violaceae,Rinorea bengalensis,(Wall.) Kuntze,China
Violaceae,Rinorea longiracemosa,(Kurz) W. G. Craib,China
Vitaceae,Leea aequata,L.,China
Vitaceae,Leea asiatica,(L.) Ridsdale,China
Vitaceae,Leea indica,(Burm.f.) Merr.,China
Vitaceae,Leea macrophylla,Roxb. ex Hornem.,China
Vitaceae,Leea setuligera,C.B. Clarke,China
