family,taxon,author,native to
Acanthaceae,Aphelandra scabra,(Vahl) Sm.,Costa Rica
Acanthaceae,Avicennia bicolor,Standl.,Costa Rica
Acanthaceae,Avicennia germinans,(L.) L.,Costa Rica
Acanthaceae,Bravaisia integerrima,(Spreng.) Standl.,Costa Rica
Acanthaceae,Justicia aurea,Schltdl.,Costa Rica
Acanthaceae,Justicia macrantha,Benth.,Costa Rica
Acanthaceae,Justicia spicigera,Schltdl.,Costa Rica
Acanthaceae,Spathacanthus hoffmannii,Lindau,Costa Rica
Achariaceae,Carpotroche platyptera,Pittier,Costa Rica
Achariaceae,Chiangiodendron mexicanum,Wendt,Costa Rica
Achariaceae,Lindackeria laurina,C.Presl,Costa Rica
Achariaceae,Mayna odorata,Aubl.,Costa Rica
Actinidiaceae,Saurauia montana,Seem.,Costa Rica
Actinidiaceae,Saurauia pittieri,Donn.Sm.,Costa Rica
Actinidiaceae,Saurauia rubiformis,Vatke,Costa Rica
Actinidiaceae,Saurauia yasicae,Loes.,Costa Rica
Alzateaceae,Alzatea verticillata,Ruiz & Pav.,Costa Rica
Anacardiaceae,Amphipterygium simplicifolium,(Standl.) Cuevas-Figueroa,Costa Rica
Anacardiaceae,Anacardium excelsum,(Bertero ex Kunth) Skeels,Costa Rica
Anacardiaceae,Astronium graveolens,Jacq.,Costa Rica
Anacardiaceae,Campnosperma panamense,Standl.,Costa Rica
Anacardiaceae,Mauria heterophylla,Kunth,Costa Rica
Anacardiaceae,Mosquitoxylum jamaicense,Krug & Urb.,Costa Rica
Anacardiaceae,Rhus terebinthifolia,Schltdl. & Cham.,Costa Rica
Anacardiaceae,Spondias mombin,L.,Costa Rica
Anacardiaceae,Spondias purpurea,L.,Costa Rica
Anacardiaceae,Spondias radlkoferi,Donn.Sm.,Costa Rica
Anacardiaceae,Tapirira guianensis,Aubl.,Costa Rica
Anacardiaceae,Tapirira lepidota,Aguilar & Hammel,Costa Rica
Anacardiaceae,Tapirira mexicana,Marchand,Costa Rica
Anacardiaceae,Toxicodendron striatum,(Ruiz & Pav.) Kuntze,Costa Rica
Annonaceae,Anaxagorea crassipetala,Hemsl.,Costa Rica
Annonaceae,Anaxagorea dolichocarpa,Sprague & Sandwith,Costa Rica
Annonaceae,Anaxagorea phaeocarpa,Mart.,Costa Rica
Annonaceae,Annona acuminata,Saff.,Costa Rica
Annonaceae,Annona amazonica,R.E.Fr.,Costa Rica
Annonaceae,Annona cherimola,Mill.,Costa Rica
Annonaceae,Annona danforthii,(Standl.) H.Rainer,Costa Rica
Annonaceae,Annona glabra,L.,Costa Rica
Annonaceae,Annona holosericea,Saff.,Costa Rica
Annonaceae,Annona montana,Macfad.,Costa Rica
Annonaceae,Annona mucosa,Jacq.,Costa Rica
Annonaceae,Annona muricata,L.,Costa Rica
Annonaceae,Annona papilionella,(Diels) H.Rainer,Costa Rica
Annonaceae,Annona pittieri,Donn.Sm.,Costa Rica
Annonaceae,Annona pruinosa,Schatz,Costa Rica
Annonaceae,Annona purpurea,Moc. & Sessé ex Dunal,Costa Rica
Annonaceae,Annona rensoniana,(Standl.) H.Rainer,Costa Rica
Annonaceae,Annona reticulata,L.,Costa Rica
Annonaceae,Annona squamosa,L.,Costa Rica
Annonaceae,Cremastosperma osicola,Pirie & Chatrou,Costa Rica
Annonaceae,Cymbopetalum costaricense,(Donn.Sm.) R.E.Fr.,Costa Rica
Annonaceae,Cymbopetalum lanugipetalum,Schery,Costa Rica
Annonaceae,Cymbopetalum torulosum,G.E.Schatz,Costa Rica
Annonaceae,Desmopsis bibracteata,(B.L.Rob.) Saff.,Costa Rica
Annonaceae,Desmopsis biseriata,G.E.Schatz & Maas,Costa Rica
Annonaceae,Desmopsis carrillensis,(G.E.Schatz & Maas) G.E.Schatz & Ortíz-Rodr.,Costa Rica
Annonaceae,Desmopsis confusa,"G.E.Schatz, N.Zamora & Maas",Costa Rica
Annonaceae,Desmopsis costaricensis,(R.E.Fr.) G.E.Schatz & Ortíz-Rodr.,Costa Rica
Annonaceae,Desmopsis dukei,G.E.Schatz,Costa Rica
Annonaceae,Desmopsis heteropetala,R.E.Fr.,Costa Rica
Annonaceae,Desmopsis maxonii,Saff.,Costa Rica
Annonaceae,Desmopsis microcarpa,R.E.Fr.,Costa Rica
Annonaceae,Desmopsis oerstedii,Saff.,Costa Rica
Annonaceae,Desmopsis schippii,Standl.,Costa Rica
Annonaceae,Desmopsis standleyana,G.E.Schatz & Ortíz-Rodr.,Costa Rica
Annonaceae,Desmopsis talamancana,G.E.Schatz & Maas,Costa Rica
Annonaceae,Desmopsis verrucipes,"Chatrou, G.E.Schatz & N.Zamora",Costa Rica
Annonaceae,Duguetia confusa,Maas,Costa Rica
Annonaceae,Duguetia panamensis,Standl.,Costa Rica
Annonaceae,Guatteria aeruginosa,Standl.,Costa Rica
Annonaceae,Guatteria alata,Maas & Setten,Costa Rica
Annonaceae,Guatteria amplifolia,Triana & Planch.,Costa Rica
Annonaceae,Guatteria chiriquiensis,R.E.Fr.,Costa Rica
Annonaceae,Guatteria costaricensis,R.E.Fr.,Costa Rica
Annonaceae,Guatteria crassivenia,N.Zamora & Maas,Costa Rica
Annonaceae,Guatteria dolichopoda,Donn.Sm.,Costa Rica
Annonaceae,Guatteria dotana,N.Zamora & Erkens,Costa Rica
Annonaceae,Guatteria herrerana,N.Zamora & Maas,Costa Rica
Annonaceae,Guatteria lucens,Standl.,Costa Rica
Annonaceae,Guatteria oliviformis,Donn.Sm.,Costa Rica
Annonaceae,Guatteria pachycarpa,Erkens & N.Zamora,Costa Rica
Annonaceae,Guatteria panamensis,(R.E.Fr.) R.E.Fr.,Costa Rica
Annonaceae,Guatteria pudica,N.Zamora & Maas,Costa Rica
Annonaceae,Guatteria reinaldii,Erkens & Maas,Costa Rica
Annonaceae,Guatteria rostrata,Erkens & Maas,Costa Rica
Annonaceae,Guatteria rubiginosa,N.Zamora & Maas,Costa Rica
Annonaceae,Guatteria talamancana,N.Zamora & Maas,Costa Rica
Annonaceae,Guatteria tenera,R.E.Fr.,Costa Rica
Annonaceae,Guatteria tomentosa,Rusby,Costa Rica
Annonaceae,Guatteria turrialbana,N.Zamora & Erkens,Costa Rica
Annonaceae,Guatteria ucayalina,Huber,Costa Rica
Annonaceae,Guatteria verrucosa,R.E.Fr.,Costa Rica
Annonaceae,Klarobelia stipitata,Chatrou,Costa Rica
Annonaceae,Mosannona costaricensis,(R.E. Fr.) Chatrou,Costa Rica
Annonaceae,Oxandra longipetala,R.E.Fr.,Costa Rica
Annonaceae,Oxandra venezuelana,R.E.Fr.,Costa Rica
Annonaceae,Porcelia magnifructa,(Schery) R.E. Fr.,Costa Rica
Annonaceae,Sapranthus palanga,R.E.Fr.,Costa Rica
Annonaceae,Sapranthus viridiflorus,G.E. Schatz,Costa Rica
Annonaceae,Unonopsis bullata,Maas & G.E.Schatz,Costa Rica
Annonaceae,Unonopsis costaricensis,R.E.Fr.,Costa Rica
Annonaceae,Unonopsis hammelii,G.E. Schatz & Maas,Costa Rica
Annonaceae,Unonopsis osae,Maas & Westra,Costa Rica
Annonaceae,Unonopsis panamensis,R.E.Fr.,Costa Rica
Annonaceae,Unonopsis penduliflora,G.E.Schatz & Maas,Costa Rica
Annonaceae,Unonopsis pittieri,Saff.,Costa Rica
Annonaceae,Unonopsis stevensii,G.E.Schatz,Costa Rica
Annonaceae,Unonopsis storkii,Standl. & L.O.Williams,Costa Rica
Annonaceae,Unonopsis theobromifolia,N.Zamora & Poveda,Costa Rica
Annonaceae,Xylopia aromatica,(Lam.) Mart.,Costa Rica
Annonaceae,Xylopia bocatorena,Schery,Costa Rica
Annonaceae,Xylopia frutescens,Aubl.,Costa Rica
Annonaceae,Xylopia macrantha,Planch. & Triana,Costa Rica
Annonaceae,Xylopia sericea,A.St.-Hil.,Costa Rica
Annonaceae,Xylopia sericophylla,Standl. & L.O. Williams,Costa Rica
Apiaceae,Myrrhidendron donnellsmithii,J.M.Coult. & Rose,Costa Rica
Apocynaceae,Alstonia longifolia,(A.DC.) Pichon,Costa Rica
Apocynaceae,Aspidosperma crypticum,J.F.Morales & N.Zamora,Costa Rica
Apocynaceae,Aspidosperma desmanthum,Benth. ex Müll.Arg.,Costa Rica
Apocynaceae,Aspidosperma excelsum,Benth.,Costa Rica
Apocynaceae,Aspidosperma megalocarpon,Müll.Arg.,Costa Rica
Apocynaceae,Aspidosperma myristicifolium,(Markgr.) Woodson,Costa Rica
Apocynaceae,Aspidosperma rigidum,Rusby,Costa Rica
Apocynaceae,Aspidosperma spruceanum,Benth. ex Müll.Arg.,Costa Rica
Apocynaceae,Cascabela gaumeri,(Hemsl.) Lippold,Costa Rica
Apocynaceae,Cascabela ovata,(Cav.) Lippold,Costa Rica
Apocynaceae,Cascabela thevetia,(L.) Lippold,Costa Rica
Apocynaceae,Couma macrocarpa,Barb.Rodr.,Costa Rica
Apocynaceae,Lacmellea panamensis,(Woodson) Markgr.,Costa Rica
Apocynaceae,Lacmellea speciosa,Woodson,Costa Rica
Apocynaceae,Lacmellea zamorae,J.F.Morales,Costa Rica
Apocynaceae,Macoubea mesoamericana,J.F.Morales,Costa Rica
Apocynaceae,Macoubea sprucei,(Müll.Arg.) Markgr.,Costa Rica
Apocynaceae,Malouetia guatemalensis,(Müll.Arg.) Standl.,Costa Rica
Apocynaceae,Mortoniella pittieri,Woodson,Costa Rica
Apocynaceae,Plumeria rubra,L.,Costa Rica
Apocynaceae,Rauvolfia aphlebia,(Standl.) A.H.Gentry,Costa Rica
Apocynaceae,Rauvolfia ligustrina,Roem. & Schult.,Costa Rica
Apocynaceae,Rauvolfia littoralis,Rusby,Costa Rica
Apocynaceae,Rauvolfia purpurascens,Standl.,Costa Rica
Apocynaceae,Rauvolfia tetraphylla,L.,Costa Rica
Apocynaceae,Rauvolfia viridis,Roem. & Schult.,Costa Rica
Apocynaceae,Tabernaemontana alba,Mill.,Costa Rica
Apocynaceae,Tabernaemontana alfaroi,Donn.Sm.,Costa Rica
Apocynaceae,Tabernaemontana amygdalifolia,Jacq.,Costa Rica
Apocynaceae,Tabernaemontana arborea,Rose,Costa Rica
Apocynaceae,Tabernaemontana donnell-smithii,Rose,Costa Rica
Apocynaceae,Tabernaemontana glabra,(Benth.) A.O.Simões & M.E.Endress,Costa Rica
Apocynaceae,Tabernaemontana grandiflora,Jacq.,Costa Rica
Apocynaceae,Tabernaemontana heterophylla,Vahl,Costa Rica
Apocynaceae,Tabernaemontana litoralis,Kunth,Costa Rica
Apocynaceae,Tabernaemontana longipes,Donn.Sm.,Costa Rica
Apocynaceae,Tabernaemontana pauli,(Leeuwenb.) A.O.Simões & M.E.Endress,Costa Rica
Apocynaceae,Tabernaemontana robinsonii,(Woodson) A.O.Simões & M.E.Endress,Costa Rica
Apocynaceae,Tabernaemontana undulata,Vahl,Costa Rica
Apocynaceae,Thevetia ahouai,(L.) A.DC.,Costa Rica
Apocynaceae,Vallesia aurantiaca,(M.Martens & Galeotti) J.F.Morales,Costa Rica
Aquifoliaceae,Ilex chiriquensis,Standl.,Costa Rica
Aquifoliaceae,Ilex costaricensis,Donn.Sm.,Costa Rica
Aquifoliaceae,Ilex guianensis,(Aubl.) Kuntze,Costa Rica
Aquifoliaceae,Ilex haberi,(Lundell) W.J.Hahn,Costa Rica
Aquifoliaceae,Ilex hahnii,Doweld,Costa Rica
Aquifoliaceae,Ilex hammelii,Al.Rodr.,Costa Rica
Aquifoliaceae,Ilex hemiepiphytica,W.J. Hahn,Costa Rica
Aquifoliaceae,Ilex lamprophylla,Standl.,Costa Rica
Aquifoliaceae,Ilex maxima,W.J.Hahn,Costa Rica
Aquifoliaceae,Ilex pallida,Standl.,Costa Rica
Aquifoliaceae,Ilex ramonensis,Standl.,Costa Rica
Aquifoliaceae,Ilex skutchii,Edwin ex T.R.Dudley & W.J.Hahn,Costa Rica
Aquifoliaceae,Ilex vulcanicola,Standl.,Costa Rica
Aquifoliaceae,Ilex yurumanguinis,Cuatrec.,Costa Rica
Araliaceae,Aralia excelsa,(Griseb.) J.Wen,Costa Rica
Araliaceae,Dendropanax aberrans,J.F.Morales,Costa Rica
Araliaceae,Dendropanax alaris,(Schltdl.) Decne. & Planch.,Costa Rica
Araliaceae,Dendropanax arboreus,(L.) Decne. & Planch.,Costa Rica
Araliaceae,Dendropanax capillaris,M.J.Cannon & Cannon,Costa Rica
Araliaceae,Dendropanax caucanus,(Harms) Harms,Costa Rica
Araliaceae,Dendropanax globosus,M.J.Cannon & Cannon,Costa Rica
Araliaceae,Dendropanax gonatopodus,(Donn.Sm.) A.C.Sm.,Costa Rica
Araliaceae,Dendropanax latilobus,M.J.Cannon & Cannon,Costa Rica
Araliaceae,Dendropanax leptopodus,(Donn.Sm.) A.C.Sm.,Costa Rica
Araliaceae,Dendropanax oliganthus,(A.C.Sm.) A.C.Sm.,Costa Rica
Araliaceae,Dendropanax querceti,Donn.Sm.,Costa Rica
Araliaceae,Dendropanax ravenii,M.J.Cannon & Cannon,Costa Rica
Araliaceae,Dendropanax sessiliflorus,(Standl. & A.C.Sm.) A.C.Sm.,Costa Rica
Araliaceae,Dendropanax stenodontus,(Standl.) A.C.Sm.,Costa Rica
Araliaceae,Dendropanax xenia,J.F.Morales & J.E.Jiménez,Costa Rica
Araliaceae,Dendropanax zarratu,J.F.Morales,Costa Rica
Araliaceae,Didymopanax morototoni,(Aubl.) Decne. & Planch.,Costa Rica
Araliaceae,Oreopanax anomalus,M.J.Cannon & Cannon,Costa Rica
Araliaceae,Oreopanax capitatus,(Jacq.) Decne. & Planch.,Costa Rica
Araliaceae,Oreopanax compactus,M.J.Cannon & Cannon,Costa Rica
Araliaceae,Oreopanax costaricensis,Marchal,Costa Rica
Araliaceae,Oreopanax donnell-smithii,Standl.,Costa Rica
Araliaceae,Oreopanax echinops,(Schltdl. & Cham.) Decne. & Planch.,Costa Rica
Araliaceae,Oreopanax nubigenus,Standl.,Costa Rica
Araliaceae,Oreopanax oerstedianus,Marchal,Costa Rica
Araliaceae,Oreopanax oligocarpus,J.D.Sm.,Costa Rica
Araliaceae,Oreopanax paramicola,J.F.Morales & Idarraga,Costa Rica
Araliaceae,Oreopanax pycnocarpus,Donn.Sm.,Costa Rica
Araliaceae,Oreopanax standleyi,A.C.Sm.,Costa Rica
Araliaceae,Oreopanax striatus,M.J.Cannon & Cannon,Costa Rica
Araliaceae,Oreopanax xalapensis,(Kunth) Decne. & Planch.,Costa Rica
Araliaceae,Sciodaphyllum albocapitatum,"(M.J.Cannon & Cannon) Lowry, G.M.Plunkett & M.M.Mora",Costa Rica
Araliaceae,Sciodaphyllum cartagoense,"(M.J.Cannon & Cannon) Lowry, G.M.Plunkett & M.M.Mora",Costa Rica
Araliaceae,Sciodaphyllum chartaceum,A.C.Sm.,Costa Rica
Araliaceae,Sciodaphyllum epiphyticum,"(A.C.Sm.) Lowry, G.M.Plunkett & M.M.Mora",Costa Rica
Araliaceae,Sciodaphyllum institum,"(M.J.Cannon & Cannon) Lowry, G.M.Plunkett & M.M.Mora",Costa Rica
Araliaceae,Sciodaphyllum pittieri,"(Marchal ex T.Durand & Pittier) Lowry, G.M.Plunkett & M.M.Mora",Costa Rica
Araliaceae,Sciodaphyllum robustum,A.C.Sm.,Costa Rica
Araliaceae,Sciodaphyllum seibertii,"(A.C.Sm.) Lowry, G.M.Plunkett & M.M.Mora",Costa Rica
Araliaceae,Sciodaphyllum sphaerocomum,Benth.,Costa Rica
Araliaceae,Sciodaphyllum systylum,Donn.Sm.,Costa Rica
Arecaceae,Acoelorraphe wrightii,(Griseb. & H.Wendl.) H.Wendl. ex Becc.,Costa Rica
Arecaceae,Acrocomia aculeata,(Jacq.) Lodd. ex R.Keith,Costa Rica
Arecaceae,Astrocaryum alatum,Loomis,Costa Rica
Arecaceae,Astrocaryum confertum,H.Wendl. ex Burret,Costa Rica
Arecaceae,Astrocaryum standleyanum,L.H.Bailey,Costa Rica
Arecaceae,Attalea butyracea,(Mutis ex L.f.) Wess.Boer,Costa Rica
Arecaceae,Attalea rostrata,Oerst.,Costa Rica
Arecaceae,Bactris coloradonis,L.H.Bailey,Costa Rica
Arecaceae,Bactris dianeura,Burret,Costa Rica
Arecaceae,Bactris gasipaes,Kunth,Costa Rica
Arecaceae,Bactris glandulosa,Oerst.,Costa Rica
Arecaceae,Bactris gracilior,Burret,Costa Rica
Arecaceae,Bactris guineensis,(L.) H.E.Moore,Costa Rica
Arecaceae,Bactris major,Jacq.,Costa Rica
Arecaceae,Bactris maraja,Mart.,Costa Rica
Arecaceae,Bactris militaris,H.E.Moore,Costa Rica
Arecaceae,Chamaedorea pinnatifrons,(Jacq.) Oerst.,Costa Rica
Arecaceae,Colpothrinax aphanopetala,R.Evans,Costa Rica
Arecaceae,Cryosophila cookii,Bartlett,Costa Rica
Arecaceae,Cryosophila guagara,P.H.Allen,Costa Rica
Arecaceae,Cryosophila warscewiczii,(H.Wendl.) Bartlett,Costa Rica
Arecaceae,Elaeis oleifera,(Kunth) Cortés,Costa Rica
Arecaceae,Euterpe precatoria,Mart.,Costa Rica
Arecaceae,Geonoma congesta,H.Wendl. ex Spruce,Costa Rica
Arecaceae,Geonoma cuneata,H.Wendl. ex Spruce,Costa Rica
Arecaceae,Geonoma deversa,(Poit.) Kunth,Costa Rica
Arecaceae,Geonoma interrupta,(Ruiz & Pav.) Mart.,Costa Rica
Arecaceae,Geonoma orbignyana,Mart.,Costa Rica
Arecaceae,Geonoma pinnatifrons,Willd.,Costa Rica
Arecaceae,Geonoma undata,Klotzsch,Costa Rica
Arecaceae,Hyospathe elegans,Mart.,Costa Rica
Arecaceae,Iriartea deltoidea,Ruiz & Pav.,Costa Rica
Arecaceae,Manicaria saccifera,Gaertn.,Costa Rica
Arecaceae,Oenocarpus mapora,H.Karst.,Costa Rica
Arecaceae,Prestoea acuminata,(Willd.) H.E.Moore,Costa Rica
Arecaceae,Prestoea decurrens,H.E.Moore,Costa Rica
Arecaceae,Prestoea ensiformis,(Ruiz & Pav.) H.E.Moore,Costa Rica
Arecaceae,Prestoea longepetiolata,(Oerst.) H.E.Moore,Costa Rica
Arecaceae,Prestoea schultzeana,(Burret) H.E.Moore,Costa Rica
Arecaceae,Raphia taedigera,(Mart.) Mart.,Costa Rica
Arecaceae,Reinhardtia latisecta,(H.Wendl.) Burret,Costa Rica
Arecaceae,Roystonea regia,(Kunth) O.F.Cook,Costa Rica
Arecaceae,Sabal mauritiiformis,(H.Karst.) Griseb. & H.Wendl.,Costa Rica
Arecaceae,Socratea exorrhiza,(Mart.) H.Wendl.,Costa Rica
Arecaceae,Synechanthus fibrosus,(H.Wendl.) H.Wendl.,Costa Rica
Arecaceae,Synechanthus warscewiczianus,H.Wendl.,Costa Rica
Arecaceae,Welfia regia,H.Wendl.,Costa Rica
Asparagaceae,Dracaena americana,Donn.Sm.,Costa Rica
Asteraceae,Ageratina ligustrina,(DC.) R.M.King & H.Rob.,Costa Rica
Asteraceae,Bartlettina platyphylla,(B.L.Rob.) R.M.King & H.Rob.,Costa Rica
Asteraceae,Bartlettina sordida,(Less.) R.M.King & H.Rob.,Costa Rica
Asteraceae,Chromolaena collina,(DC.) R.M.King & H.Rob.,Costa Rica
Asteraceae,Chromolaena glaberrima,(DC.) R.M.King & H.Rob.,Costa Rica
Asteraceae,Clibadium grandifolium,S.F.Blake,Costa Rica
Asteraceae,Clibadium sylvestre,(Aubl.) Baill.,Costa Rica
Asteraceae,Critonia daleoides,DC.,Costa Rica
Asteraceae,Critonia morifolia,(Mill.) R.M.King & H.Rob.,Costa Rica
Asteraceae,Critonia quadrangularis,(DC.) R.M.King & H.Rob.,Costa Rica
Asteraceae,Critonia sexangularis,(Klatt) R.M.King & H.Rob.,Costa Rica
Asteraceae,Dahlia imperialis,Roezl ex Ortgies,Costa Rica
Asteraceae,Eremosis triflosculosa,(Kunth) Gleason,Costa Rica
Asteraceae,Jessea multivenia,(Benth. ex Benth.) H.Rob. & Cuatrec.,Costa Rica
Asteraceae,Koanophyllon albicaule,(Sch. Bip. ex Klatt) R.M. King & H. Rob.,Costa Rica
Asteraceae,Koanophyllon pittieri,(Klatt) R.M.King & H.Rob.,Costa Rica
Asteraceae,Koanophyllon wetmorei,(B.L.Rob.) R.M.King & H.Rob.,Costa Rica
Asteraceae,Lasianthaea fruticosa,(L.) K.M.Becker,Costa Rica
Asteraceae,Lepidonia lankesteri,(S.F.Blake) H.Rob. & Funk,Costa Rica
Asteraceae,Linochilus rosmarinifolius,Benth.,Costa Rica
Asteraceae,Montanoa guatemalensis,B.L.Rob. & Greenm.,Costa Rica
Asteraceae,Montanoa tomentosa,Cerv.,Costa Rica
Asteraceae,Neomirandea araliifolia,(Less.) R.M.King & H.Rob.,Costa Rica
Asteraceae,Oyedaea verbesinoides,DC.,Costa Rica
Asteraceae,Perymenium grande,Hemsl.,Costa Rica
Asteraceae,Piptocarpha poeppigiana,(DC.) Baker,Costa Rica
Asteraceae,Piptocoma discolor,(Kunth) Pruski,Costa Rica
Asteraceae,Podachaenium eminens,(Lag.) Sch.Bip. ex Sch.Bip.,Costa Rica
Asteraceae,Rensonia salvadorica,S.F.Blake,Costa Rica
Asteraceae,Sinclairia discolor,Hook. & Arn.,Costa Rica
Asteraceae,Telanthophora grandifolia,(Less.) H.Rob. & Brettell,Costa Rica
Asteraceae,Tessaria integrifolia,Ruiz & Pav.,Costa Rica
Asteraceae,Tithonia longiradiata,(Bertol.) S.F.Blake,Costa Rica
Asteraceae,Trixis inula,Crantz,Costa Rica
Asteraceae,Verbesina guatemalensis,B.L.Rob. & Greenm.,Costa Rica
Asteraceae,Verbesina oerstediana,Benth.,Costa Rica
Asteraceae,Verbesina ovatifolia,A.Gray,Costa Rica
Asteraceae,Verbesina tapantiana,Poveda & Hammel,Costa Rica
Asteraceae,Verbesina turbacensis,Kunth,Costa Rica
Asteraceae,Vernonanthura patens,(Kunth) H.Rob.,Costa Rica
Asteraceae,Wamalchitamia aurantiaca,(Klatt) Strother,Costa Rica
Berberidaceae,Berberis hemsleyi,Donn.Sm.,Costa Rica
Berberidaceae,Berberis volcania,(Standl. & Steyerm.) Marroq. & Laferr.,Costa Rica
Betulaceae,Alnus acuminata,Kunth,Costa Rica
Bignoniaceae,Amphitecna gentryi,W.C.Burger,Costa Rica
Bignoniaceae,Amphitecna isthmica,(A.H.Gentry) A.H.Gentry,Costa Rica
Bignoniaceae,Amphitecna kennedyae,(A.H.Gentry) A.H.Gentry,Costa Rica
Bignoniaceae,Amphitecna latifolia,(Mill.) A.H.Gentry,Costa Rica
Bignoniaceae,Amphitecna sessilifolia,(Donn.Sm.) L.O.Williams,Costa Rica
Bignoniaceae,Crescentia alata,Kunth,Costa Rica
Bignoniaceae,Crescentia cujete,L.,Costa Rica
Bignoniaceae,Godmania aesculifolia,(Kunth) Standl.,Costa Rica
Bignoniaceae,Handroanthus chrysanthus,(Jacq.) S.O.Grose,Costa Rica
Bignoniaceae,Handroanthus guayacan,(Seem.) S.O.Grose,Costa Rica
Bignoniaceae,Handroanthus impetiginosus,(Mart. ex DC.) Mattos,Costa Rica
Bignoniaceae,Handroanthus ochraceus,(Cham.) Mattos,Costa Rica
Bignoniaceae,Jacaranda caucana,Pittier,Costa Rica
Bignoniaceae,Jacaranda copaia,(Aubl.) D.Don,Costa Rica
Bignoniaceae,Parmentiera aculeata,(Kunth) Seem.,Costa Rica
Bignoniaceae,Parmentiera dressleri,A.H.Gentry,Costa Rica
Bignoniaceae,Parmentiera macrophylla,Standl.,Costa Rica
Bignoniaceae,Parmentiera valerii,Standl.,Costa Rica
Bignoniaceae,Tabebuia rosea,(Bertol.) Bertero ex A.DC.,Costa Rica
Bignoniaceae,Tecoma stans,(L.) Juss. ex Kunth,Costa Rica
Bixaceae,Bixa orellana,L.,Costa Rica
Bixaceae,Bixa urucurana,Willd.,Costa Rica
Bixaceae,Cochlospermum vitifolium,(Willd.) Spreng.,Costa Rica
Boraginaceae,Bourreria andrieuxii,(A.DC.) Hemsl.,Costa Rica
Boraginaceae,Bourreria costaricensis,(Standl.) A.H.Gentry,Costa Rica
Boraginaceae,Bourreria grandicalyx,J.S.Mill. & Sirot,Costa Rica
Boraginaceae,Bourreria grayumii,Gottschling & J.S.Mill.,Costa Rica
Boraginaceae,Bourreria huanita,(Lex.) Hemsl.,Costa Rica
Boraginaceae,Bourreria quirosii,Standl.,Costa Rica
Boraginaceae,Bourreria rinconensis,J.S.Mill.,Costa Rica
Boraginaceae,Cordia alliodora,(Ruiz & Pav.) Oken,Costa Rica
Boraginaceae,Cordia bicolor,A.DC.,Costa Rica
Boraginaceae,Cordia collococca,L.,Costa Rica
Boraginaceae,Cordia correae,J.S.Mill.        ,Costa Rica
Boraginaceae,Cordia croatii,J.S.Mill.,Costa Rica
Boraginaceae,Cordia cymosa,(Donn.Sm.) Standl.,Costa Rica
Boraginaceae,Cordia dentata,Poir.,Costa Rica
Boraginaceae,Cordia diversifolia,Pav. ex A.DC.,Costa Rica
Boraginaceae,Cordia dwyeri,Nowicke,Costa Rica
Boraginaceae,Cordia eriostigma,Pittier,Costa Rica
Boraginaceae,Cordia gerascanthus,L.,Costa Rica
Boraginaceae,Cordia liesneri,J.S.Mill.,Costa Rica
Boraginaceae,Cordia lucidula,I.M.Johnst.,Costa Rica
Boraginaceae,Cordia megalantha,S.F.Blake,Costa Rica
Boraginaceae,Cordia panamensis,L.Riley,Costa Rica
Boraginaceae,Cordia porcata,Nowicke,Costa Rica
Boraginaceae,Cordia truncatifolia,Bartlett,Costa Rica
Boraginaceae,Ehretia latifolia,Loisel.,Costa Rica
Boraginaceae,Rochefortia spinosa,(Jacq.) Urb.,Costa Rica
Boraginaceae,Varronia spinescens,(L.) Borhidi,Costa Rica
Boraginaceae,Wigandia urens,(Ruiz & Pav.) Kunth,Costa Rica
Brunelliaceae,Brunellia comocladiifolia,Bonpl.,Costa Rica
Brunelliaceae,Brunellia costaricensis,Standl.,Costa Rica
Brunelliaceae,Brunellia darienensis,Cuatrec. & D.M.Porter,Costa Rica
Brunelliaceae,Brunellia hygrothermica,Cuatrec.,Costa Rica
Brunelliaceae,Brunellia standleyana,Cuatrec.,Costa Rica
Burseraceae,Bursera glabra,(Jacq.) Triana & Planch.,Costa Rica
Burseraceae,Bursera grandifolia,(Schltdl.) Engl.,Costa Rica
Burseraceae,Bursera graveolens,(Kunth) Triana & Planch.,Costa Rica
Burseraceae,Bursera ovalifolia,(Schltdl.) Engl.,Costa Rica
Burseraceae,Bursera schlechtendalii,Engl.,Costa Rica
Burseraceae,Bursera simaruba,(L.) Sarg.,Costa Rica
Burseraceae,Bursera standleyana,L.O.Williams & Cuatrec.,Costa Rica
Burseraceae,Bursera tomentosa,(Jacq.) Triana & Planch.,Costa Rica
Burseraceae,Dacryodes talamancensis,D.Santam. & Aguilar,Costa Rica
Burseraceae,Protium aguilarii,D.Santam.,Costa Rica
Burseraceae,Protium brenesii,(Standl.) D.Santam.,Costa Rica
Burseraceae,Protium confusum,(Rose) Pittier,Costa Rica
Burseraceae,Protium costaricense,(Rose) Engl.,Costa Rica
Burseraceae,Protium glabrum,(Rose) Engl.,Costa Rica
Burseraceae,Protium hammelii,D.Santam.,Costa Rica
Burseraceae,Protium panamense,(Rose) I.M.Johnst.,Costa Rica
Burseraceae,Protium pecuniosum,D.C. Daly,Costa Rica
Burseraceae,Protium pittieri,(Rose) Engl.,Costa Rica
Burseraceae,Protium ravenii,D.M. Porter,Costa Rica
Burseraceae,Protium santamariae,"Perdiz, Daly & P.Fine",Costa Rica
Burseraceae,Protium stevensonii,(Standl.) Daly,Costa Rica
Burseraceae,Protium tenuifolium,(Engl.) Engl.,Costa Rica
Burseraceae,Trattinnickia aspera,(Standl.) Swart,Costa Rica
Cactaceae,Stenocereus aragonii,(F.A.C.Weber) Buxb.,Costa Rica
Calophyllaceae,Calophyllum brasiliense,Cambess.,Costa Rica
Calophyllaceae,Calophyllum mesoamericanum,Vela Díaz,Costa Rica
Calophyllaceae,Marila laxiflora,Rusby,Costa Rica
Calophyllaceae,Marila podantha,Cuatrec.,Costa Rica
Canellaceae,Pleodendron costaricense,"N.Zamora, Hammel & Aguilar",Costa Rica
Cannabaceae,Celtis caudata,Planch.,Costa Rica
Cannabaceae,Celtis iguanaea,(Jacq.) Sarg.,Costa Rica
Cannabaceae,Celtis trinervia,Lam.,Costa Rica
Cannabaceae,Lozanella enantiophylla,(Donn.Sm.) Killip & C.V.Morton,Costa Rica
Cannabaceae,Sparrea schippii,(Standl.) Hunz. & Dottori,Costa Rica
Cannabaceae,Trema domingense,Urb.,Costa Rica
Cannabaceae,Trema micranthum,(L.) Blume,Costa Rica
Capparaceae,Caphexandra heydeana,(Donn.Sm.) Iltis & Cornejo,Costa Rica
Capparaceae,Capparidastrum discolor,(Donn.Sm.) Cornejo & Iltis,Costa Rica
Capparaceae,Capparidastrum frondosum,(Jacq.) Cornejo & Iltis,Costa Rica
Capparaceae,Capparidastrum mollicellum,(Standl.) Cornejo & Iltis,Costa Rica
Capparaceae,Capparidastrum uniflorum,(Woodson) N.Zamora,Costa Rica
Capparaceae,Crateva palmeri,Rose,Costa Rica
Capparaceae,Crateva tapia,L.,Costa Rica
Capparaceae,Cynophalla amplissima,(Lam.) Iltis & Cornejo,Costa Rica
Capparaceae,Cynophalla flexuosa,(L.) J.Presl,Costa Rica
Capparaceae,Cynophalla verrucosa,(Jacq.) J.Presl,Costa Rica
Capparaceae,Morisonia americana,L.,Costa Rica
Capparaceae,Neocapparis pachaca,(Kunth) Cornejo,Costa Rica
Capparaceae,Preslianthus pittieri,(Standl.) Iltis & Cornejo,Costa Rica
Capparaceae,Quadrella filipes,(Donn.Sm.) Iltis & Cornejo,Costa Rica
Capparaceae,Quadrella indica,(L.) Iltis & Cornejo,Costa Rica
Capparaceae,Quadrella isthmensis,(Eichler) Hutch.,Costa Rica
Capparaceae,Quadrella morenoi,Cornejo & Iltis,Costa Rica
Capparaceae,Quadrella odoratissima,(Jacq.) Hutch.,Costa Rica
Capparaceae,Quadrella pringlei,(Briq.) Iltis & Cornejo,Costa Rica
Capparaceae,Steriphoma paradoxum,(Jacq.) Endl.,Costa Rica
Cardiopteridaceae,Citronella costaricensis,(Donn.Sm.) R.A.Howard,Costa Rica
Caricaceae,Carica papaya,L.,Costa Rica
Caricaceae,Jacaratia dolichaula,(Donn.Sm.) Woodson,Costa Rica
Caricaceae,Jacaratia spinosa,(Aubl.) A.DC.,Costa Rica
Caricaceae,Vasconcellea cauliflora,(Jacq.) A.DC.,Costa Rica
Caryocaraceae,Anthodiscus chocoensis,Prance,Costa Rica
Caryocaraceae,Caryocar costaricense,Donn.Sm.,Costa Rica
Celastraceae,Anthodon decussatum,Ruiz & Pav.,Costa Rica
Celastraceae,Cheiloclinium cognatum,(Miers) A.C.Sm.,Costa Rica
Celastraceae,Crossopetalum enervium,Hammel,Costa Rica
Celastraceae,Crossopetalum parviflorum,(Hemsl.) Lundell,Costa Rica
Celastraceae,Elachyptera floribunda,(Benth.) A.C.Sm.,Costa Rica
Celastraceae,Elaeodendron xylocarpum,(Vent.) DC.,Costa Rica
Celastraceae,Euonymus costaricensis,Standl.,Costa Rica
Celastraceae,Gyminda tonduzii,Loes.,Costa Rica
Celastraceae,Haydenoxylon calzadae,(Lundell) Biral,Costa Rica
Celastraceae,Maytenus grisea,Lundell,Costa Rica
Celastraceae,Maytenus guyanensis,Klotzsch ex Reissek,Costa Rica
Celastraceae,Maytenus woodsonii,Lundell,Costa Rica
Celastraceae,Monteverdia purpusii,(Lundell) Biral,Costa Rica
Celastraceae,Monteverdia recondita,(Hammel) Biral,Costa Rica
Celastraceae,Monteverdia segoviarum,(Standl. & L.O.Williams) Biral,Costa Rica
Celastraceae,Peritassa laevigata,(Hoffmanns. ex Link) A.C.Sm.,Costa Rica
Celastraceae,Prionostemma aspera,(Lam.) Miers,Costa Rica
Celastraceae,Quetzalia occidentalis,(Loes. ex Donn.Sm.) Lundell,Costa Rica
Celastraceae,Salacia cordata,(Miers) Mennega,Costa Rica
Celastraceae,Salacia elliptica,(Mart.) G.Don,Costa Rica
Celastraceae,Salacia impressifolia,(Miers) A.C.Sm.,Costa Rica
Celastraceae,Salacia multiflora,(Lam.) DC.,Costa Rica
Celastraceae,Salacia petenensis,Lundell,Costa Rica
Celastraceae,Schaefferia frutescens,Jacq.,Costa Rica
Celastraceae,Semialarium mexicanum,(Miers) Mennega,Costa Rica
Celastraceae,Wimmeria bartlettii,Lundell,Costa Rica
Celastraceae,Wimmeria excoriata,J.E.Jiménez & Barrie,Costa Rica
Celastraceae,Wimmeria pubescens,Radlk.,Costa Rica
Celastraceae,Wimmeria sternii,Lundell,Costa Rica
Celastraceae,Zinowiewia integerrima,(Turcz.) Turcz.,Costa Rica
Chloranthaceae,Hedyosmum bonplandianum,Kunth,Costa Rica
Chloranthaceae,Hedyosmum brenesii,Standl.,Costa Rica
Chloranthaceae,Hedyosmum costaricense,C.E.Wood ex W.C.Burger,Costa Rica
Chloranthaceae,Hedyosmum goudotianum,Solms,Costa Rica
Chloranthaceae,Hedyosmum mexicanum,C.Cordem.,Costa Rica
Chloranthaceae,Hedyosmum racemosum,(Ruiz & Pav.) G.Don,Costa Rica
Chloranthaceae,Hedyosmum scaberrimum,Standl.,Costa Rica
Chrysobalanaceae,Chrysobalanus icaco,L.,Costa Rica
Chrysobalanaceae,Cordillera platycalyx,(Cuatrec.) Sothers & Prance,Costa Rica
Chrysobalanaceae,Couepia hallwachsiae,D.Santam. & Lagom.,Costa Rica
Chrysobalanaceae,Couepia janzenii,D.Santam. & Lagom.,Costa Rica
Chrysobalanaceae,Couepia osaensis,Aguilar & D.Santam.,Costa Rica
Chrysobalanaceae,Couepia polyandra,(Kunth) Rose,Costa Rica
Chrysobalanaceae,Geobalanus riverae,(Prance) Sothers & Prance,Costa Rica
Chrysobalanaceae,Hirtella americana,L.,Costa Rica
Chrysobalanaceae,Hirtella crusa,Aguilar & D.Santam.,Costa Rica
Chrysobalanaceae,Hirtella excelsa,Standl. ex Prance,Costa Rica
Chrysobalanaceae,Hirtella guatemalensis,Standl.,Costa Rica
Chrysobalanaceae,Hirtella lemsii,L.O.Williams & Prance,Costa Rica
Chrysobalanaceae,Hirtella papillata,Prance,Costa Rica
Chrysobalanaceae,Hirtella racemosa,Lam.,Costa Rica
Chrysobalanaceae,Hirtella triandra,Sw.,Costa Rica
Chrysobalanaceae,Hirtella trichotoma,Prance,Costa Rica
Chrysobalanaceae,Hirtella tubiflora,Cuatrec.,Costa Rica
Chrysobalanaceae,Hymenopus arachicarpa,(N.Zamora) Sothers & Prance,Costa Rica
Chrysobalanaceae,Hymenopus costaricensis,(Standl. & Steyerm.) Sothers & Prance,Costa Rica
Chrysobalanaceae,Hymenopus glabriflorus,(Prance) Sothers & Prance,Costa Rica
Chrysobalanaceae,Hymenopus operculipetalus,(Standl. & L.O.Williams) Sothers & Prance,Costa Rica
Chrysobalanaceae,Leptobalanus diegogomezii,(Prance) Sothers & Prance,Costa Rica
Chrysobalanaceae,Leptobalanus jefensis,(Prance) Sothers & Prance,Costa Rica
Chrysobalanaceae,Leptobalanus sparsipilis,(S.F.Blake) Sothers & Prance,Costa Rica
Chrysobalanaceae,Leptobalanus stevensii,(Prance) Sothers & Prance,Costa Rica
Chrysobalanaceae,Licania affinis,Fritsch,Costa Rica
Chrysobalanaceae,Licania hypoleuca,Benth.,Costa Rica
Chrysobalanaceae,Licania kunthiana,Hook.f.,Costa Rica
Chrysobalanaceae,Licania micrantha,Miq.,Costa Rica
Chrysobalanaceae,Maranthes panamensis,(Standl.) Prance & F.White,Costa Rica
Chrysobalanaceae,Microdesmia arborea,(Seem.) Sothers & Prance,Costa Rica
Chrysobalanaceae,Moquilea belloi,(Prance) Sothers & Prance,Costa Rica
Chrysobalanaceae,Moquilea corniculata,(Prance) Sothers & Prance,Costa Rica
Chrysobalanaceae,Moquilea kallunkiae,(Prance) Sothers & Prance,Costa Rica
Chrysobalanaceae,Moquilea platypus,Hemsl.,Costa Rica
Chrysobalanaceae,Parinari excelsa,Sabine,Costa Rica
Chrysobalanaceae,Parinari parvifolia,Sandwith,Costa Rica
Clethraceae,Clethra consimilis,Sleumer,Costa Rica
Clethraceae,Clethra costaricensis,Britton,Costa Rica
Clethraceae,Clethra formosa,E.Alfaro & J.F.Morales,Costa Rica
Clethraceae,Clethra gelida,Standl.,Costa Rica
Clethraceae,Clethra hondurensis,Britton,Costa Rica
Clethraceae,Clethra lanata,M.Martens & Galeotti,Costa Rica
Clethraceae,Clethra pyrogena,Sleumer,Costa Rica
Clethraceae,Clethra secazu,J.F.Morales,Costa Rica
Clethraceae,Clethra talamancana,C.W.Ham.,Costa Rica
Clusiaceae,Arawakia weddelliana,(Planch. & Triana) L.Marinho,Costa Rica
Clusiaceae,Chrysochlamys allenii,(Maguire) Hammel,Costa Rica
Clusiaceae,Chrysochlamys glauca,(Oerst. ex Planch. & Triana) Hemsl.,Costa Rica
Clusiaceae,Chrysochlamys myrcioides,Planch. & Triana,Costa Rica
Clusiaceae,Chrysochlamys nicaraguensis,"(Oerst., Planch. & Triana) Hemsl.",Costa Rica
Clusiaceae,Chrysochlamys psychotriifolia,(Oerst. ex Planch. & Triana) Hemsl.,Costa Rica
Clusiaceae,Chrysochlamys silvicola,(Hammel) Hammel,Costa Rica
Clusiaceae,Chrysochlamys skutchii,Hammel,Costa Rica
Clusiaceae,Chrysochlamys tenuis,Hammel,Costa Rica
Clusiaceae,Clusia amazonica,Planch. & Triana,Costa Rica
Clusiaceae,Clusia congestiflora,Cuatrec.,Costa Rica
Clusiaceae,Clusia cooperi,Standl.,Costa Rica
Clusiaceae,Clusia croatii,D'Arcy,Costa Rica
Clusiaceae,Clusia cylindrica,Hammel,Costa Rica
Clusiaceae,Clusia dotana,Hammel,Costa Rica
Clusiaceae,Clusia dukei,Maguire,Costa Rica
Clusiaceae,Clusia flava,Jacq.,Costa Rica
Clusiaceae,Clusia flavida,(Benth.) Pipoly,Costa Rica
Clusiaceae,Clusia fructiangusta,Cuatrec.,Costa Rica
Clusiaceae,Clusia gracilis,Standl.,Costa Rica
Clusiaceae,Clusia latipes,Planch. & Triana,Costa Rica
Clusiaceae,Clusia minor,L.,Costa Rica
Clusiaceae,Clusia multiflora,Kunth,Costa Rica
Clusiaceae,Clusia osaensis,Hammel,Costa Rica
Clusiaceae,Clusia osseocarpa,Maguire,Costa Rica
Clusiaceae,Clusia palmana,Standl.,Costa Rica
Clusiaceae,Clusia palmicida,Rich. ex Planch. & Triana,Costa Rica
Clusiaceae,Clusia penduliflora,Engl.,Costa Rica
Clusiaceae,Clusia peninsulae,Hammel,Costa Rica
Clusiaceae,Clusia rosea,Jacq.,Costa Rica
Clusiaceae,Clusia rotundata,Standl.,Costa Rica
Clusiaceae,Clusia salicifolia,Wodcke & Hammel,Costa Rica
Clusiaceae,Clusia salvinii,Donn.Sm.,Costa Rica
Clusiaceae,Clusia stenophylla,Standl.,Costa Rica
Clusiaceae,Clusia torresii,Standl.,Costa Rica
Clusiaceae,Clusia uvitana,Pittier,Costa Rica
Clusiaceae,Clusia valerioi,Standl.,Costa Rica
Clusiaceae,Dystovomita paniculata,(Donn.Sm.) Hammel,Costa Rica
Clusiaceae,Garcinia intermedia,(Pittier) Hammel,Costa Rica
Clusiaceae,Garcinia isthmensis,Mouzinho,Costa Rica
Clusiaceae,Garcinia madruno,(Kunth) Hammel,Costa Rica
Clusiaceae,Garcinia magnifolia,(Pittier) Hammel,Costa Rica
Clusiaceae,Symphonia globulifera,L.f.,Costa Rica
Clusiaceae,Tovomita longifolia,(Rich.) Hochr.,Costa Rica
Clusiaceae,Tovomita stylosa,Hemsl.,Costa Rica
Clusiaceae,Tovomita xanthochlora,L.Marinho,Costa Rica
Combretaceae,Combretum cacoucia,Exell ex Sandwith,Costa Rica
Combretaceae,Combretum laxum,Jacq.,Costa Rica
Combretaceae,Conocarpus erectus,L.,Costa Rica
Combretaceae,Laguncularia racemosa,(L.) C.F.Gaertn.,Costa Rica
Combretaceae,Terminalia amazonia,(J.F.Gmel.) Exell,Costa Rica
Combretaceae,Terminalia buceras,(L.) C.Wright,Costa Rica
Combretaceae,Terminalia bucidoides,Standl. & L.O. Williams,Costa Rica
Combretaceae,Terminalia costaricensis,(Stace) Gere & Boatwr.,Costa Rica
Combretaceae,Terminalia oblonga,(Ruiz & Pav.) Steud.,Costa Rica
Combretaceae,Terminalia tetraphylla,(Aubl.) Gere & Boatwr.,Costa Rica
Cornaceae,Cornus disciflora,Moc. & Sessé ex DC.,Costa Rica
Cornaceae,Cornus peruviana,J.F.Macbr.,Costa Rica
Cunoniaceae,Weinmannia anisophylla,Standl. & L.O.Williams,Costa Rica
Cunoniaceae,Weinmannia balbisiana,Kunth,Costa Rica
Cunoniaceae,Weinmannia burserifolia,Standl.,Costa Rica
Cunoniaceae,Weinmannia fagaroides,Kunth,Costa Rica
Cunoniaceae,Weinmannia horrida,J.F.Morales,Costa Rica
Cunoniaceae,Weinmannia karsteniana,Szyszył.,Costa Rica
Cunoniaceae,Weinmannia pinnata,L.,Costa Rica
Cunoniaceae,Weinmannia vulcanicola,J.F.Morales,Costa Rica
Cunoniaceae,Weinmannia wercklei,Standl.,Costa Rica
Cyrillaceae,Cyrilla racemiflora,L.,Costa Rica
Dichapetalaceae,Dichapetalum axillare,Woodson,Costa Rica
Dichapetalaceae,Dichapetalum brenesii,Standl.,Costa Rica
Dichapetalaceae,Dichapetalum donnell-smithii,Engl.,Costa Rica
Dichapetalaceae,Dichapetalum moralesii,Prance,Costa Rica
Dichapetalaceae,Dichapetalum morenoi,Prance,Costa Rica
Dichapetalaceae,Dichapetalum nevermannianum,Standl. & Valerio,Costa Rica
Dichapetalaceae,Dichapetalum odoratum,Baill.,Costa Rica
Dichapetalaceae,Stephanopodium costaricense,Prance,Costa Rica
Dichapetalaceae,Stephanopodium gentryi,Prance,Costa Rica
Dichapetalaceae,Tapura guianensis,Aubl.,Costa Rica
Dilleniaceae,Curatella americana,L.,Costa Rica
Dipentodontaceae,Perrottetia longistylis,Rose,Costa Rica
Dipentodontaceae,Perrottetia multiflora,Lundell,Costa Rica
Dipentodontaceae,Perrottetia sessiliflora,Lundell,Costa Rica
Ebenaceae,Diospyros acapulcensis,Kunth,Costa Rica
Ebenaceae,Diospyros conzattii,Standl.,Costa Rica
Ebenaceae,Diospyros juruensis,A.C.Sm.,Costa Rica
Ebenaceae,Diospyros nigra,(J.F.Gmel.) Perrier,Costa Rica
Ebenaceae,Diospyros salicifolia,Humb. & Bonpl. ex Willd.,Costa Rica
Elaeocarpaceae,Sloanea ampla,I.M.Johnst.,Costa Rica
Elaeocarpaceae,Sloanea brenesii,Standl.,Costa Rica
Elaeocarpaceae,Sloanea cararaensis,T.D.Penn.,Costa Rica
Elaeocarpaceae,Sloanea ensiformis,T.D.Penn.,Costa Rica
Elaeocarpaceae,Sloanea eugenifloresiae,Aguilar & D.Santam.,Costa Rica
Elaeocarpaceae,Sloanea faginea,Standl.,Costa Rica
Elaeocarpaceae,Sloanea floribunda,Spruce ex Benth.,Costa Rica
Elaeocarpaceae,Sloanea garcia-cossioi,Pal.-Duque,Costa Rica
Elaeocarpaceae,Sloanea geniculata,Dam. A. Sm.,Costa Rica
Elaeocarpaceae,Sloanea guapilensis,Standl.,Costa Rica
Elaeocarpaceae,Sloanea guianensis,(Aubl.) Benth.,Costa Rica
Elaeocarpaceae,Sloanea herrerae,Aguilar & D.Santam.,Costa Rica
Elaeocarpaceae,Sloanea laevigata,Dam.A.Sm.,Costa Rica
Elaeocarpaceae,Sloanea laurifolia,(Willd.) Benth.,Costa Rica
Elaeocarpaceae,Sloanea medusula,K.Schum. & Pittier,Costa Rica
Elaeocarpaceae,Sloanea megaphylla,Pittier,Costa Rica
Elaeocarpaceae,Sloanea meianthera,Donn.Sm.,Costa Rica
Elaeocarpaceae,Sloanea obtusifolia,(Moric.) K.Schum.,Costa Rica
Elaeocarpaceae,Sloanea paucinervia,T.D.Penn.,Costa Rica
Elaeocarpaceae,Sloanea petenensis,Standl. & Steyerm.,Costa Rica
Elaeocarpaceae,Sloanea picapica,Standl.,Costa Rica
Elaeocarpaceae,Sloanea platyphylla,Standl.,Costa Rica
Elaeocarpaceae,Sloanea rugosa,Dam. A. Sm.,Costa Rica
Elaeocarpaceae,Sloanea terniflora,(Moc. & Sessé ex DC.) Standl.,Costa Rica
Elaeocarpaceae,Sloanea zuliaensis,Pittier,Costa Rica
Ericaceae,Cavendishia bracteata,(Ruiz & Pav. ex J.St.Hil.) Hoerold,Costa Rica
Ericaceae,Comarostaphylis arbutoides,Lindl.,Costa Rica
Ericaceae,Gaultheria erecta,Vent.,Costa Rica
Ericaceae,Macleania rupestris,(Kunth) A.C.Sm.,Costa Rica
Ericaceae,Vaccinium consanguineum,Klotzsch,Costa Rica
Ericaceae,Vaccinium poasanum,Donn.Sm.,Costa Rica
Erythroxylaceae,Erythroxylum areolatum,L.,Costa Rica
Erythroxylaceae,Erythroxylum citrifolium,A.St.-Hil.,Costa Rica
Erythroxylaceae,Erythroxylum fimbriatum,Peyr.,Costa Rica
Erythroxylaceae,Erythroxylum havanense,Jacq.,Costa Rica
Erythroxylaceae,Erythroxylum macrophyllum,Cav.,Costa Rica
Erythroxylaceae,Erythroxylum mexicanum,Kunth,Costa Rica
Erythroxylaceae,Erythroxylum rotundifolium,Lunan,Costa Rica
Escalloniaceae,Escallonia myrtilloides,L.f.,Costa Rica
Escalloniaceae,Escallonia paniculata,(Ruiz & Pav.) Schult.,Costa Rica
Euphorbiaceae,Acalypha apodanthes,Standl. & L.O.Williams,Costa Rica
Euphorbiaceae,Acalypha diversifolia,Jacq.,Costa Rica
Euphorbiaceae,Acalypha macrostachya,Jacq.,Costa Rica
Euphorbiaceae,Acalypha muelleriana,Urb.,Costa Rica
Euphorbiaceae,Acalypha schiedeana,Schltdl.,Costa Rica
Euphorbiaceae,Acalypha villosa,Jacq.,Costa Rica
Euphorbiaceae,Actinostemon concolor,(Spreng.) Müll.Arg.,Costa Rica
Euphorbiaceae,Adelia triloba,(Müll.Arg.) Hemsl.,Costa Rica
Euphorbiaceae,Adenophaedra grandifolia,(Klotzsch) Müll.Arg.,Costa Rica
Euphorbiaceae,Alchornea costaricensis,Pax & K.Hoffm.,Costa Rica
Euphorbiaceae,Alchornea glandulosa,Poepp.,Costa Rica
Euphorbiaceae,Alchornea grandiflora,Müll.Arg.,Costa Rica
Euphorbiaceae,Alchornea grandis,Benth.,Costa Rica
Euphorbiaceae,Alchornea guatemalensis,Lundell,Costa Rica
Euphorbiaceae,Alchornea latifolia,Sw.,Costa Rica
Euphorbiaceae,Alchornea triplinervia,(Spreng.) Müll.Arg.,Costa Rica
Euphorbiaceae,Alchorneopsis floribunda,(Benth.) Müll.Arg.,Costa Rica
Euphorbiaceae,Aparisthmium cordatum,(A.Juss.) Baill.,Costa Rica
Euphorbiaceae,Bernardia nicaraguensis,Standl. & L.O.Williams,Costa Rica
Euphorbiaceae,Carpotroche pausandrifolia,D.Santam. & Aguilar,Costa Rica
Euphorbiaceae,Caryodendron angustifolium,Standl.,Costa Rica
Euphorbiaceae,Cleidion castaneifolium,Müll.Arg.,Costa Rica
Euphorbiaceae,Cnidoscolus aconitifolius,(Mill.) I.M.Johnst.,Costa Rica
Euphorbiaceae,Cnidoscolus multilobus,(Pax) I.M.Johnst.,Costa Rica
Euphorbiaceae,Cnidoscolus tubulosus,(Müll.Arg.) I.M.Johnst.,Costa Rica
Euphorbiaceae,Conceveiba pleiostemona,Donn.Sm.,Costa Rica
Euphorbiaceae,Croton axillaris,Müll.Arg.,Costa Rica
Euphorbiaceae,Croton billbergianus,Müll.Arg.,Costa Rica
Euphorbiaceae,Croton brevipes,Pax,Costa Rica
Euphorbiaceae,Croton corinthius,Poveda & J.A.González,Costa Rica
Euphorbiaceae,Croton draco,Schltdl.,Costa Rica
Euphorbiaceae,Croton gossypiifolius,Vahl,Costa Rica
Euphorbiaceae,Croton guatemalensis,Lotsy,Costa Rica
Euphorbiaceae,Croton hoffmannii,Müll.Arg.,Costa Rica
Euphorbiaceae,Croton jimenezii,Standl. & Valerio,Costa Rica
Euphorbiaceae,Croton matourensis,Aubl.,Costa Rica
Euphorbiaceae,Croton megistocarpus,J.A.González & Poveda,Costa Rica
Euphorbiaceae,Croton mexicanus,Müll.Arg.,Costa Rica
Euphorbiaceae,Croton morifolius,Willd.,Costa Rica
Euphorbiaceae,Croton niveus,Jacq.,Costa Rica
Euphorbiaceae,Croton pachypodus,G.L.Webster,Costa Rica
Euphorbiaceae,Croton pungens,Jacq.,Costa Rica
Euphorbiaceae,Croton reflexifolius,Kunth,Costa Rica
Euphorbiaceae,Croton schiedeanus,Schltdl.,Costa Rica
Euphorbiaceae,Croton smithianus,Croizat,Costa Rica
Euphorbiaceae,Croton speciosus,Müll.Arg.,Costa Rica
Euphorbiaceae,Croton tenuicaudatus,Lundell,Costa Rica
Euphorbiaceae,Croton tonduzii,Pax,Costa Rica
Euphorbiaceae,Croton watsonii,Standl.,Costa Rica
Euphorbiaceae,Croton xalapensis,Kunth,Costa Rica
Euphorbiaceae,Croton yucatanensis,Lundell,Costa Rica
Euphorbiaceae,Euphorbia cotinifolia,L.,Costa Rica
Euphorbiaceae,Euphorbia schlechtendalii,Boiss.,Costa Rica
Euphorbiaceae,Euphorbia sinclairiana,Benth.,Costa Rica
Euphorbiaceae,Garcia nutans,Vahl ex Rohr,Costa Rica
Euphorbiaceae,Gitara nicaraguensis,(Hemsl.) Card.-McTeag. & L.J.Gillespie,Costa Rica
Euphorbiaceae,Gymnanthes actinostemoides,Müll.Arg.,Costa Rica
Euphorbiaceae,Gymnanthes lucida,Sw.,Costa Rica
Euphorbiaceae,Gymnanthes riparia,(Schltdl.) Klotzsch,Costa Rica
Euphorbiaceae,Hippomane mancinella,L.,Costa Rica
Euphorbiaceae,Hura crepitans,L.,Costa Rica
Euphorbiaceae,Hura polyandra,Baill.,Costa Rica
Euphorbiaceae,Jatropha costaricensis,G.L.Webster & Poveda,Costa Rica
Euphorbiaceae,Jatropha curcas,L.,Costa Rica
Euphorbiaceae,Jatropha stevensii,G.L.Webster,Costa Rica
Euphorbiaceae,Mabea excelsa,Standl. & Steyerm.,Costa Rica
Euphorbiaceae,Mabea klugii,Steyerm.,Costa Rica
Euphorbiaceae,Mabea montana,Müll.Arg.,Costa Rica
Euphorbiaceae,Mabea occidentalis,Benth.,Costa Rica
Euphorbiaceae,Mabea piriri,Aubl.,Costa Rica
Euphorbiaceae,Pausandra trianae,(Müll.Arg.) Baill.,Costa Rica
Euphorbiaceae,Sagotia brachysepala,(Müll.Arg.) Secco,Costa Rica
Euphorbiaceae,Sagotia racemosa,Baill.,Costa Rica
Euphorbiaceae,Sapium allenii,Huft,Costa Rica
Euphorbiaceae,Sapium glandulosum,(L.) Morong,Costa Rica
Euphorbiaceae,Sapium lateriflorum,Hemsl.,Costa Rica
Euphorbiaceae,Sapium laurifolium,(A.Rich.) Griseb.,Costa Rica
Euphorbiaceae,Sapium macrocarpum,Müll.Arg.,Costa Rica
Euphorbiaceae,Sapium pachystachys,K.Schum. & Pittier,Costa Rica
Euphorbiaceae,Sapium rigidifolium,Huft,Costa Rica
Euphorbiaceae,Sebastiania pavoniana,(Müll.Arg.) Müll.Arg.,Costa Rica
Euphorbiaceae,Tetrorchidium costaricense,Huft,Costa Rica
Euphorbiaceae,Tetrorchidium euryphyllum,Standl.,Costa Rica
Euphorbiaceae,Tetrorchidium robledoanum,Cuatrec.,Costa Rica
Euphorbiaceae,Tetrorchidium rotundatum,Standl.,Costa Rica
Euphorbiaceae,Tetrorchidium rubrivenium,Poepp.,Costa Rica
Fabaceae,Acaciella angustissima,(Mill.) Britton & Rose,Costa Rica
Fabaceae,Aeschynomene ciliata,Vogel,Costa Rica
Fabaceae,Andira inermis,(W.Wright) DC.,Costa Rica
Fabaceae,Apoplanesia paniculata,C.Presl,Costa Rica
Fabaceae,Ateleia herbert-smithii,Pittier,Costa Rica
Fabaceae,Ateleia pterocarpa,Sessé & Moc. ex D.Dietr.,Costa Rica
Fabaceae,Barnebydendron riedelii,(Tul.) J.H.Kirkbr.,Costa Rica
Fabaceae,Bauhinia aculeata,L.,Costa Rica
Fabaceae,Bauhinia beguinotii,Cufod.,Costa Rica
Fabaceae,Bauhinia cookii,Rose,Costa Rica
Fabaceae,Bauhinia divaricata,L.,Costa Rica
Fabaceae,Bauhinia pauletia,Pers.,Costa Rica
Fabaceae,Bauhinia petiolata,(Mutis ex DC.) Triana ex Hook.,Costa Rica
Fabaceae,Bauhinia proboscidea,"P. Juárez, R. Flores & M.A. Blanco",Costa Rica
Fabaceae,Bauhinia ungulata,L.,Costa Rica
Fabaceae,Bowdichia virgilioides,Kunth,Costa Rica
Fabaceae,Brownea rosa-de-monte,P.J.Bergius,Costa Rica
Fabaceae,Caesalpinia pulcherrima,(L.) Sw.,Costa Rica
Fabaceae,Calliandra bijuga,Rose,Costa Rica
Fabaceae,Calliandra brenesii,Standl.,Costa Rica
Fabaceae,Calliandra calothyrsus,Meisn.,Costa Rica
Fabaceae,Calliandra coriacea,(Humb. & Bonpl. ex Willd.) Benth.,Costa Rica
Fabaceae,Calliandra grandifolia,P.H.Allen,Costa Rica
Fabaceae,Calliandra magdalenae,(Bertero ex DC.) Benth.,Costa Rica
Fabaceae,Calliandra rhodocephala,Donn.Sm.,Costa Rica
Fabaceae,Calliandra rubescens,(M.Martens & Galeotti) Standl.,Costa Rica
Fabaceae,Calliandra tergemina,(L.) Benth.,Costa Rica
Fabaceae,Calliandra trinervia,Benth.,Costa Rica
Fabaceae,Cassia grandis,L.f.,Costa Rica
Fabaceae,Cassia moschata,Kunth,Costa Rica
Fabaceae,Cenostigma eriostachys,(Benth.) Gagnon & G.P.Lewis,Costa Rica
Fabaceae,Chloroleucon mangense,(Jacq.) Britton & Rose,Costa Rica
Fabaceae,Clitoria glaberrima,Pittier,Costa Rica
Fabaceae,Cojoba arborea,(L.) Britton & Rose,Costa Rica
Fabaceae,Cojoba catenata,(Donn.Sm.) Britton & Rose,Costa Rica
Fabaceae,Cojoba costaricensis,Britton & Rose,Costa Rica
Fabaceae,Cojoba membranacea,(Benth.) L.Rico,Costa Rica
Fabaceae,Cojoba rufescens,(Benth.) Britton & Rose,Costa Rica
Fabaceae,Cojoba sophorocarpa,(Benth.) Britton & Rose,Costa Rica
Fabaceae,Cojoba whitefoordiae,L.Rico,Costa Rica
Fabaceae,Copaifera aromatica,Dwyer,Costa Rica
Fabaceae,Copaifera camibar,"Poveda, N.Zamora & P.E.Sánchez",Costa Rica
Fabaceae,Coulteria platyloba,(S.Watson) N.Zamora,Costa Rica
Fabaceae,Coursetia elliptica,M.Sousa & Rudd,Costa Rica
Fabaceae,Crotalaria cajanifolia,Kunth,Costa Rica
Fabaceae,Crotalaria longirostrata,Hook. & Arn.,Costa Rica
Fabaceae,Crudia acuminata,Benth.,Costa Rica
Fabaceae,Crudia glaberrima,(Steud.) J.F.Macbr.,Costa Rica
Fabaceae,Cynometra bauhiniifolia,Benth.,Costa Rica
Fabaceae,Cynometra hemitomophylla,(Donn.Sm.) Rose,Costa Rica
Fabaceae,Cynometra retusa,Britton & Rose,Costa Rica
Fabaceae,Dahlstedtia calcarata,(F.J.Herm.) M.J.Silva & A.M.G.Azevedo,Costa Rica
Fabaceae,Dalbergia brownei,(Jacq.) Schinz,Costa Rica
Fabaceae,Dalbergia calycina,Benth.,Costa Rica
Fabaceae,Dalbergia cubilquitzensis,Pittier,Costa Rica
Fabaceae,Dalbergia ecastaphyllum,(L.) Taub.,Costa Rica
Fabaceae,Dalbergia frutescens,(Vell.) Britton,Costa Rica
Fabaceae,Dalbergia glabra,(Mill.) Standl.,Costa Rica
Fabaceae,Dalbergia retusa,Hemsl.        ,Costa Rica
Fabaceae,Dalbergia ruddiae,J.Linares & M.Sousa,Costa Rica
Fabaceae,Dalbergia tilarana,N.Zamora,Costa Rica
Fabaceae,Desmodium cajanifolium,(Kunth) DC.,Costa Rica
Fabaceae,Desmodium nicaraguense,Oerst.,Costa Rica
Fabaceae,Dialium guianense,(Aubl.) Sandwith,Costa Rica
Fabaceae,Diphysa americana,(Mill.) M.Sousa,Costa Rica
Fabaceae,Diphysa carthagenensis,Jacq.,Costa Rica
Fabaceae,Dipteryx oleifera,Benth.,Costa Rica
Fabaceae,Dussia atropurpurea,"N.Zamora, R.T.Penn. & C.H.Stirt.",Costa Rica
Fabaceae,Dussia macroprophyllata,(Donn.Sm.) Harms,Costa Rica
Fabaceae,Dussia martinicensis,Krug & Urb.,Costa Rica
Fabaceae,Dussia mexicana,(Standl.) Harms,Costa Rica
Fabaceae,Dussia tessmannii,Harms,Costa Rica
Fabaceae,Enterolobium cyclocarpum,(Jacq.) Griseb.,Costa Rica
Fabaceae,Enterolobium schomburgkii,(Benth.) Benth.,Costa Rica
Fabaceae,Erythrina berteroana,Urb.,Costa Rica
Fabaceae,Erythrina chiriquensis,Krukoff,Costa Rica
Fabaceae,Erythrina cochleata,Standl.,Costa Rica
Fabaceae,Erythrina costaricensis,Micheli,Costa Rica
Fabaceae,Erythrina fusca,Lour.,Costa Rica
Fabaceae,Erythrina gibbosa,Cufod.,Costa Rica
Fabaceae,Erythrina globocalyx,Porsch & Cufod.,Costa Rica
Fabaceae,Erythrina lanceolata,Standl.,Costa Rica
Fabaceae,Erythrina steyermarkii,Krukoff & Barneby,Costa Rica
Fabaceae,Erythrina thyrsiflora,Gómez-Laur. & L.D.Gómez,Costa Rica
Fabaceae,Erythrostemon exostemma,(Benth.) Gagnon & G.P.Lewis,Costa Rica
Fabaceae,Gliricidia sepium,(Jacq.) Steud.,Costa Rica
Fabaceae,Guilandina bonduc,L.,Costa Rica
Fabaceae,Haematoxylum brasiletto,H.Karst.,Costa Rica
Fabaceae,Havardia campylacantha,(L.Rico & M.Sousa) Barneby & J.W.Grimes,Costa Rica
Fabaceae,Hydrochorea elegans,"(Ducke) M.V.B.Soares, Iganci & M.P.Morim",Costa Rica
Fabaceae,Hymenaea courbaril,L.,Costa Rica
Fabaceae,Hymenaea osanigraseminae,"Aguilar, Poveda & D.Santam.",Costa Rica
Fabaceae,Hymenolobium mesoamericanum,H.C.Lima,Costa Rica
Fabaceae,Indigofera thibaudiana,DC.,Costa Rica
Fabaceae,Inga acrocephala,Steud.,Costa Rica
Fabaceae,Inga acuminata,Benth.,Costa Rica
Fabaceae,Inga affinis,DC.,Costa Rica
Fabaceae,Inga alba,(Sw.) Willd.,Costa Rica
Fabaceae,Inga allenii,J.León,Costa Rica
Fabaceae,Inga barbourii,Standl.,Costa Rica
Fabaceae,Inga bella,M.Sousa,Costa Rica
Fabaceae,Inga bracteifera,N.Zamora & T.D.Penn.,Costa Rica
Fabaceae,Inga canonegrensis,N.Zamora & T.D.Penn.,Costa Rica
Fabaceae,Inga capitata,Desv.,Costa Rica
Fabaceae,Inga chocoensis,Killip ex T.S.Elias,Costa Rica
Fabaceae,Inga ciliata,C.Presl,Costa Rica
Fabaceae,Inga cocleensis,Pittier,Costa Rica
Fabaceae,Inga coruscans,Humb. & Bonpl. ex Willd.,Costa Rica
Fabaceae,Inga cylindrica,(Vell.) Mart.,Costa Rica
Fabaceae,Inga densiflora,Benth.,Costa Rica
Fabaceae,Inga exalata,T.S.Elias,Costa Rica
Fabaceae,Inga goldmanii,Pittier,Costa Rica
Fabaceae,Inga golfodulcensis,N.Zamora,Costa Rica
Fabaceae,Inga herrerae,N.Zamora,Costa Rica
Fabaceae,Inga heterophylla,Willd.,Costa Rica
Fabaceae,Inga inicuil,G.Don,Costa Rica
Fabaceae,Inga jefensis,Liesner & D'Arcy,Costa Rica
Fabaceae,Inga jimenezii,N.Zamora,Costa Rica
Fabaceae,Inga latipes,Pittier,Costa Rica
Fabaceae,Inga laurina,(Sw.) Willd.,Costa Rica
Fabaceae,Inga leiocalycina,Benth.,Costa Rica
Fabaceae,Inga leonis,N.Zamora,Costa Rica
Fabaceae,Inga litoralis,N.Zamora,Costa Rica
Fabaceae,Inga longispica,Standl.,Costa Rica
Fabaceae,Inga marginata,Willd.,Costa Rica
Fabaceae,Inga mortoniana,J.León,Costa Rica
Fabaceae,Inga multijuga,Benth.,Costa Rica
Fabaceae,Inga nobilis,Willd.,Costa Rica
Fabaceae,Inga oerstediana,Benth.,Costa Rica
Fabaceae,Inga paterno,Harms,Costa Rica
Fabaceae,Inga pauciflora,Duchass. ex Walp.,Costa Rica
Fabaceae,Inga pezizifera,Benth.,Costa Rica
Fabaceae,Inga polita,Killip,Costa Rica
Fabaceae,Inga punctata,Willd.,Costa Rica
Fabaceae,Inga ruiziana,G.Don,Costa Rica
Fabaceae,Inga samanensis,L.Uribe,Costa Rica
Fabaceae,Inga sapindoides,Willd.,Costa Rica
Fabaceae,Inga sertulifera,DC.,Costa Rica
Fabaceae,Inga sierrae,Britton & Killip,Costa Rica
Fabaceae,Inga skutchii,Standl.,Costa Rica
Fabaceae,Inga spectabilis,(Vahl) Willd.,Costa Rica
Fabaceae,Inga stenophylla,Standl.,Costa Rica
Fabaceae,Inga tenuiloba,N.Zamora & T.D.Penn.,Costa Rica
Fabaceae,Inga thibaudiana,DC.,Costa Rica
Fabaceae,Inga tonduzii,Donn.Sm.,Costa Rica
Fabaceae,Inga umbellifera,(Vahl) Steud. ex DC.,Costa Rica
Fabaceae,Inga umbilicata,N.Zamora,Costa Rica
Fabaceae,Inga venusta,Standl.,Costa Rica
Fabaceae,Inga vera,Willd.,Costa Rica
Fabaceae,Jupunba adenophora,"(Ducke) M.V.B.Soares, M.P.Morim & Iganci",Costa Rica
Fabaceae,Jupunba barbouriana,"(Standl.) M.V.B.Soares, M.P.Morim & Iganci",Costa Rica
Fabaceae,Jupunba idiopoda,"(S.F.Blake) M.V.B.Soares, M.P.Morim & Iganci",Costa Rica
Fabaceae,Jupunba macradenia,"(Pittier) M.V.B.Soares, M.P.Morim & Iganci",Costa Rica
Fabaceae,Lecointea amazonica,Ducke,Costa Rica
Fabaceae,Lennea viridiflora,Seem.,Costa Rica
Fabaceae,Leptolobium panamense,(Benth.) Sch.Rodr. & A.M.G.Azevedo,Costa Rica
Fabaceae,Leucaena diversifolia,(Schltdl.) Benth.,Costa Rica
Fabaceae,Leucaena multicapitula,Schery,Costa Rica
Fabaceae,Libidibia coriaria,(Jacq.) Schltdl.,Costa Rica
Fabaceae,Lonchocarpus acuminatus,(Schltdl.) M.Sousa,Costa Rica
Fabaceae,Lonchocarpus alternifoliolatus,M.Sousa,Costa Rica
Fabaceae,Lonchocarpus atropurpureus,Benth.,Costa Rica
Fabaceae,Lonchocarpus brenesii,M.Sousa,Costa Rica
Fabaceae,Lonchocarpus chiangii,M.Sousa,Costa Rica
Fabaceae,Lonchocarpus costaricensis,(Donn.Sm.) Pittier,Costa Rica
Fabaceae,Lonchocarpus cruentus,Lundell,Costa Rica
Fabaceae,Lonchocarpus eriocarinalis,Micheli,Costa Rica
Fabaceae,Lonchocarpus felipei,N.Zamora,Costa Rica
Fabaceae,Lonchocarpus ferrugineus,M.Sousa        ,Costa Rica
Fabaceae,Lonchocarpus guatemalensis,Benth.,Costa Rica
Fabaceae,Lonchocarpus haberi,M.Sousa,Costa Rica
Fabaceae,Lonchocarpus hedyosmus,Miq.,Costa Rica
Fabaceae,Lonchocarpus heptaphyllus,(Poir.) DC.,Costa Rica
Fabaceae,Lonchocarpus hughesii,M.Sousa,Costa Rica
Fabaceae,Lonchocarpus lanceolatus,Benth.,Costa Rica
Fabaceae,Lonchocarpus lineatus,Pittier,Costa Rica
Fabaceae,Lonchocarpus luteomaculatus,Pittier,Costa Rica
Fabaceae,Lonchocarpus macrophyllus,Kunth,Costa Rica
Fabaceae,Lonchocarpus minimiflorus,Donn.Sm.,Costa Rica
Fabaceae,Lonchocarpus monteviridis,M.Sousa,Costa Rica
Fabaceae,Lonchocarpus oliganthus,F.J.Herm.,Costa Rica
Fabaceae,Lonchocarpus parviflorus,Benth.,Costa Rica
Fabaceae,Lonchocarpus peninsularis,(Donn.Sm.) Pittier,Costa Rica
Fabaceae,Lonchocarpus phaseolifolius,Benth.,Costa Rica
Fabaceae,Lonchocarpus phlebophyllus,Standl. & Steyerm.,Costa Rica
Fabaceae,Lonchocarpus retifer,Standl. & L.O. Williams,Costa Rica
Fabaceae,Lonchocarpus rugosus,Benth.,Costa Rica
Fabaceae,Lonchocarpus salvadorensis,Pittier,Costa Rica
Fabaceae,Lonchocarpus schiedeanus,(Schltdl.) Harms,Costa Rica
Fabaceae,Lonchocarpus sericeus,(Poir.) Kunth ex DC.,Costa Rica
Fabaceae,Lysiloma auritum,(Schltdl.) Benth.,Costa Rica
Fabaceae,Lysiloma divaricatum,(Jacq.) J.F.Macbr.,Costa Rica
Fabaceae,Machaerium arboreum,(Jacq.) Vogel,Costa Rica
Fabaceae,Machaerium biovulatum,Micheli,Costa Rica
Fabaceae,Machaerium floribundum,Benth.,Costa Rica
Fabaceae,Machaerium isadelphum,(E.Mey.) Standl.,Costa Rica
Fabaceae,Machaerium kegelii,Meisn.,Costa Rica
Fabaceae,Machaerium leiophyllum,(DC.) Benth.,Costa Rica
Fabaceae,Machaerium lunatum,(L.f.) Ducke,Costa Rica
Fabaceae,Machaerium microphyllum,(E.Mey.) Standl.,Costa Rica
Fabaceae,Machaerium seemannii,Benth. ex Seem.,Costa Rica
Fabaceae,Macrolobium colombianum,(Britton & Killip) Killip,Costa Rica
Fabaceae,Macrolobium costaricense,W.C.Burger,Costa Rica
Fabaceae,Macrolobium hartshornii,R.S.Cowan,Costa Rica
Fabaceae,Macrolobium herrerae,Zarucchi,Costa Rica
Fabaceae,Mariosousa centralis,(Britton & Rose) Seigler & Ebinger,Costa Rica
Fabaceae,Mimosa platycarpa,Benth.,Costa Rica
Fabaceae,Mora oleifera,(Hemsl.) Ducke,Costa Rica
Fabaceae,Muellera frutescens,(Aubl.) Standl.,Costa Rica
Fabaceae,Muellera unifoliolata,(Benth.) M.Sousa,Costa Rica
Fabaceae,Myrospermum frutescens,Jacq.,Costa Rica
Fabaceae,Myroxylon balsamum,(L.) Harms,Costa Rica
Fabaceae,Myroxylon peruiferum,L.f.,Costa Rica
Fabaceae,Neltuma juliflora,(Sw.) Raf.,Costa Rica
Fabaceae,Ormosia amazonica,Ducke,Costa Rica
Fabaceae,Ormosia cruenta,Rudd,Costa Rica
Fabaceae,Ormosia intermedia,N. Zamora,Costa Rica
Fabaceae,Ormosia macrocalyx,Ducke,Costa Rica
Fabaceae,Ormosia panamensis,Benth.,Costa Rica
Fabaceae,Ormosia paraensis,Ducke,Costa Rica
Fabaceae,Ormosia subsimplex,Spruce ex Benth.,Costa Rica
Fabaceae,Ormosia velutina,Rudd,Costa Rica
Fabaceae,Paramachaerium gruberi,Brizicky,Costa Rica
Fabaceae,Parkia pendula,(Willd.) Benth. ex Walp.,Costa Rica
Fabaceae,Parkinsonia aculeata,L.,Costa Rica
Fabaceae,Peltogyne purpurea,Pittier,Costa Rica
Fabaceae,Pentaclethra macroloba,(Willd.) Kuntze,Costa Rica
Fabaceae,Piscidia carthagenensis,Jacq.,Costa Rica
Fabaceae,Piscidia grandifolia,(Donn.Sm.) I.M.Johnst.,Costa Rica
Fabaceae,Pithecellobium bipinnatum,L.Rico,Costa Rica
Fabaceae,Pithecellobium dulce,(Roxb.) Benth.,Costa Rica
Fabaceae,Pithecellobium furcatum,Benth.,Costa Rica
Fabaceae,Pithecellobium hymenaeifolium,(Humb. & Bonpl. ex Willd.) Benth.,Costa Rica
Fabaceae,Pithecellobium johansenii,Standl.        ,Costa Rica
Fabaceae,Pithecellobium lanceolatum,(Humb. & Bonpl. ex Willd.) Benth.,Costa Rica
Fabaceae,Pithecellobium oblongum,Benth.,Costa Rica
Fabaceae,Pithecellobium unguis-cati,(L.) Mart.,Costa Rica
Fabaceae,Platymiscium curuense,N. Zamora & Klitg.,Costa Rica
Fabaceae,Platymiscium dimorphandrum,Donn.Sm.,Costa Rica
Fabaceae,Platymiscium parviflorum,Benth.,Costa Rica
Fabaceae,Platymiscium pinnatum,(Jacq.) Dugand,Costa Rica
Fabaceae,Prioria copaifera,Griseb.,Costa Rica
Fabaceae,Prioria peninsulae,Aguilar,Costa Rica
Fabaceae,Pseudalbizzia adinocephala,(Donn.Sm.) E.J.M.Koenen & Duno,Costa Rica
Fabaceae,Pseudalbizzia niopoides,(Spruce ex Benth.) E.J.M.Koenen & Duno,Costa Rica
Fabaceae,Pseudopiptadenia psilostachya,(DC.) G.P.Lewis & M.P.Lima,Costa Rica
Fabaceae,Pseudopiptadenia suaveolens,(Miq.) J.W.Grimes,Costa Rica
Fabaceae,Pseudosamanea guachapele,(Kunth) Harms,Costa Rica
Fabaceae,Pterocarpus hayesii,Hemsl.,Costa Rica
Fabaceae,Pterocarpus michelianus,N.Zamora,Costa Rica
Fabaceae,Pterocarpus officinalis,Jacq.,Costa Rica
Fabaceae,Pterocarpus rohrii,Vahl,Costa Rica
Fabaceae,Punjuba racemiflora,(Donn.Sm.) Britton & Rose,Costa Rica
Fabaceae,Samanea saman,(Jacq.) Merr.,Costa Rica
Fabaceae,Schizolobium parahyba,(Vell.) S.F.Blake,Costa Rica
Fabaceae,Senegalia polyphylla,(DC.) Britton & Rose,Costa Rica
Fabaceae,Senegalia riparia,(Kunth) Britton & Rose,Costa Rica
Fabaceae,Senegalia tenuifolia,(L.) Britton & Rose,Costa Rica
Fabaceae,Senna atomaria,(L.) H.S.Irwin & Barneby,Costa Rica
Fabaceae,Senna bacillaris,(L.f.) H.S.Irwin & Barneby,Costa Rica
Fabaceae,Senna cajamarcae,H.S.Irwin & Barneby,Costa Rica
Fabaceae,Senna caudata,(Standl.) H.S.Irwin & Barneby,Costa Rica
Fabaceae,Senna guatemalensis,(Donn.Sm.) H.S.Irwin & Barneby,Costa Rica
Fabaceae,Senna hayesiana,(Britton & Rose) H.S.Irwin & Barneby,Costa Rica
Fabaceae,Senna nicaraguensis,(Benth.) H.S.Irwin & Barneby,Costa Rica
Fabaceae,Senna papillosa,(Britton & Rose) H.S.Irwin & Barneby,Costa Rica
Fabaceae,Senna quinquangulata,(Rich.) H.S.Irwin & Barneby,Costa Rica
Fabaceae,Senna racemosa,(Mill.) H.S.Irwin & Barneby,Costa Rica
Fabaceae,Senna reticulata,(Willd.) H.S.Irwin & Barneby,Costa Rica
Fabaceae,Senna septemtrionalis,(Viv.) H.S.Irwin & Barneby,Costa Rica
Fabaceae,Senna skinneri,(Benth.) H.S.Irwin & Barneby,Costa Rica
Fabaceae,Senna spectabilis,(DC.) H.S.Irwin & Barneby,Costa Rica
Fabaceae,Senna spinescens,(Vogel) H.S.Irwin & Barneby,Costa Rica
Fabaceae,Senna tonduzii,(Standl.) H.S.Irwin & Barneby,Costa Rica
Fabaceae,Senna undulata,(Benth.) H.S.Irwin & Barneby,Costa Rica
Fabaceae,Senna viminea,(L.) H.S.Irwin & Barneby,Costa Rica
Fabaceae,Sophora tomentosa,L.,Costa Rica
Fabaceae,Stryphnodendron microstachyum,Poepp.,Costa Rica
Fabaceae,Styphnolobium monteviridis,M.Sousa & Rudd,Costa Rica
Fabaceae,Styphnolobium parviflorum,M.Sousa & Rudd,Costa Rica
Fabaceae,Styphnolobium sporadicum,M.Sousa & Rudd,Costa Rica
Fabaceae,Swartzia costaricensis,(Britton) N. Zamora,Costa Rica
Fabaceae,Swartzia guatemalensis,(Donn.Sm.) Pittier,Costa Rica
Fabaceae,Swartzia maquenqueana,N. Zamora & D. Solano,Costa Rica
Fabaceae,Swartzia myrtifolia,Sm.,Costa Rica
Fabaceae,Swartzia nicaraguensis,(Britton & Rose) Standl.,Costa Rica
Fabaceae,Swartzia panamensis,Benth.,Costa Rica
Fabaceae,Swartzia picramnioides,Standl. & L.O. Williams ex Torke & N. Zamora,Costa Rica
Fabaceae,Swartzia simplex,(Sw.) Spreng.,Costa Rica
Fabaceae,Swartzia zeledonensis,Torke & N. Zamora,Costa Rica
Fabaceae,Tachigali costaricensis,(N. Zamora & Poveda) N. Zamora & van der Werff,Costa Rica
Fabaceae,Tachigali versicolor,Standl. & L.O.Williams,Costa Rica
Fabaceae,Uribea tamarindoides,Dugand & Romero,Costa Rica
Fabaceae,Vachellia allenii,(D.H.Janzen) Seigler & Ebinger,Costa Rica
Fabaceae,Vachellia collinsii,(Saff.) Seigler & Ebinger,Costa Rica
Fabaceae,Vachellia cornigera,(L.) Seigler & Ebinger,Costa Rica
Fabaceae,Vachellia farnesiana,(L.) Wight & Arn.,Costa Rica
Fabaceae,Vachellia melanoceras,(Beurl.) Seigler & Ebinger,Costa Rica
Fabaceae,Vachellia ruddiae,(D.H.Janzen) Seigler & Ebinger,Costa Rica
Fabaceae,Vatairea erythrocarpa,(Ducke) Ducke,Costa Rica
Fabaceae,Zapoteca tetragona,(Willd.) H.M.Hern.,Costa Rica
Fabaceae,Zygia biflora,L.Rico,Costa Rica
Fabaceae,Zygia brenesii,(Standl.) L.Rico,Costa Rica
Fabaceae,Zygia cognata,(Schltdl.) Britton & Rose,Costa Rica
Fabaceae,Zygia confusa,L.Rico,Costa Rica
Fabaceae,Zygia conzattii,(Standl.) Britton & Rose,Costa Rica
Fabaceae,Zygia engelsingii,(Standl.) Record,Costa Rica
Fabaceae,Zygia gigantifoliola,(Schery) L.Rico,Costa Rica
Fabaceae,Zygia inaequalis,(Humb. & Bonpl. ex Willd.) Pittier,Costa Rica
Fabaceae,Zygia latifolia,(L.) Fawc. & Rendle,Costa Rica
Fabaceae,Zygia longifolia,(Humb. & Bonpl. ex Willd.) Britton & Rose,Costa Rica
Fabaceae,Zygia rubiginosa,L.Rico,Costa Rica
Fabaceae,Zygia unifoliolata,(Benth.) Pittier,Costa Rica
Fagaceae,Quercus benthamii,A.DC.,Costa Rica
Fagaceae,Quercus bumelioides,Liebm.,Costa Rica
Fagaceae,Quercus corrugata,Hook.,Costa Rica
Fagaceae,Quercus cortesii,Liebm.,Costa Rica
Fagaceae,Quercus costaricensis,Liebm.,Costa Rica
Fagaceae,Quercus gulielmi-treleasei,C.H.Mull.,Costa Rica
Fagaceae,Quercus insignis,M.Martens & Galeotti,Costa Rica
Fagaceae,Quercus lancifolia,Schltdl. & Cham.,Costa Rica
Fagaceae,Quercus oleoides,Schltdl. & Cham.,Costa Rica
Fagaceae,Quercus salicifolia,Née,Costa Rica
Fagaceae,Quercus sapotifolia,Liebm.,Costa Rica
Fagaceae,Quercus sarahmariae,Nixon & Barrie,Costa Rica
Garryaceae,Garrya laurifolia,Benth.,Costa Rica
Gentianaceae,Macrocarpaea auriculata,R.E. Weaver & J.R. Grant,Costa Rica
Gentianaceae,Potalia amara,Aubl.,Costa Rica
Gentianaceae,Potalia turbinata,Struwe & V.A. Albert,Costa Rica
Gentianaceae,Tachia parviflora,Maguire & Weaver,Costa Rica
Gesneriaceae,Besleria laxiflora,Benth.,Costa Rica
Gesneriaceae,Besleria solanoides,Kunth,Costa Rica
Hamamelidaceae,Matudaea trinervia,Lundell,Costa Rica
Hamamelidaceae,Molinadendron guatemalense,(Radlk. ex Harms) P.K.Endress,Costa Rica
Heliotropiaceae,Tournefortia angustiflora,Ruiz & Pav.,Costa Rica
Heliotropiaceae,Tournefortia bicolor,Sw.,Costa Rica
Heliotropiaceae,Tournefortia cuspidata,Kunth,Costa Rica
Heliotropiaceae,Tournefortia glabra,L.,Costa Rica
Heliotropiaceae,Tournefortia johnstonii,Standl.,Costa Rica
Heliotropiaceae,Tournefortia maculata,Jacq.,Costa Rica
Heliotropiaceae,Tournefortia multiflora,J.S. Mill.,Costa Rica
Hernandiaceae,Gyrocarpus americanus,Jacq.,Costa Rica
Hernandiaceae,Gyrocarpus jatrophifolius,Domin,Costa Rica
Hernandiaceae,Hernandia didymantha,Donn.Sm.,Costa Rica
Hernandiaceae,Hernandia stenura,Standl.,Costa Rica
Humiriaceae,Humiriastrum diguense,(Cuatrec.) Cuatrec.,Costa Rica
Humiriaceae,Sacoglottis holdridgei,Cuatrec.,Costa Rica
Humiriaceae,Sacoglottis trichogyna,Cuatrec.,Costa Rica
Humiriaceae,Vantanea barbourii,Standl.,Costa Rica
Humiriaceae,Vantanea depleta,McPherson        ,Costa Rica
Humiriaceae,Vantanea occidentalis,Cuatrec.,Costa Rica
Hydrangeaceae,Hydrangea peruviana,Moric. ex Ser.,Costa Rica
Hypericaceae,Vismia baccifera,(L.) Planch. & Triana,Costa Rica
Hypericaceae,Vismia billbergiana,Beurl.,Costa Rica
Hypericaceae,Vismia macrophylla,Kunth,Costa Rica
Icacinaceae,Mappia multiflora,Lundell,Costa Rica
Juglandaceae,Alfaroa costaricensis,Standl.,Costa Rica
Juglandaceae,Alfaroa manningii,J.León,Costa Rica
Juglandaceae,Alfaroa williamsii,Ant.Molina,Costa Rica
Juglandaceae,Juglans olanchana,Standl. & L.O.Williams,Costa Rica
Juglandaceae,Oreomunnea mexicana,(Standl.) J.-F.Leroy,Costa Rica
Juglandaceae,Oreomunnea pterocarpa,Oerst.,Costa Rica
Lacistemataceae,Lacistema aggregatum,(P.J.Bergius) Rusby,Costa Rica
Lacistemataceae,Lozania mutisiana,Schult.,Costa Rica
Lacistemataceae,Lozania pittieri,(S.F.Blake) L.B.Sm.,Costa Rica
Lamiaceae,Aegiphila anomala,Pittier,Costa Rica
Lamiaceae,Aegiphila cephalophora,Standl.,Costa Rica
Lamiaceae,Aegiphila costaricensis,Moldenke,Costa Rica
Lamiaceae,Aegiphila deppeana,Steud.,Costa Rica
Lamiaceae,Aegiphila elata,Sw.,Costa Rica
Lamiaceae,Aegiphila falcata,Donn.Sm.,Costa Rica
Lamiaceae,Aegiphila martinicensis,Jacq.,Costa Rica
Lamiaceae,Aegiphila mollis,Kunth,Costa Rica
Lamiaceae,Aegiphila odontophylla,Donn.Sm.,Costa Rica
Lamiaceae,Aegiphila panamensis,Moldenke,Costa Rica
Lamiaceae,Aegiphila standleyi,Moldenke,Costa Rica
Lamiaceae,Aegiphila valerii,Standl.,Costa Rica
Lamiaceae,Callicarpa acuminata,Kunth,Costa Rica
Lamiaceae,Cornutia pyramidata,L.,Costa Rica
Lamiaceae,Mesosphaerum oblongifolium,(Benth.) Kuntze,Costa Rica
Lamiaceae,Vitex cooperi,Standl.,Costa Rica
Lamiaceae,Vitex cymosa,Bertero ex Spreng.,Costa Rica
Lamiaceae,Vitex gaumeri,Greenm.,Costa Rica
Lamiaceae,Vitex hemsleyi,Briq.,Costa Rica
Lamiaceae,Volkameria ligustrina,Jacq.,Costa Rica
Lauraceae,Aiouea acuminata,van der Werff & Penagos,Costa Rica
Lauraceae,Aiouea brenesii,(Standl.) R.Rohde,Costa Rica
Lauraceae,Aiouea chavarriana,(Hammel) R.Rohde,Costa Rica
Lauraceae,Aiouea costaricensis,(Mez) Kosterm.,Costa Rica
Lauraceae,Aiouea hammeliana,(W.C.Burger) R.Rohde,Costa Rica
Lauraceae,Aiouea montana,(Sw.) R.Rohde,Costa Rica
Lauraceae,Aiouea neurophylla,(Mez & Pittier) R.Rohde,Costa Rica
Lauraceae,Aiouea obscura,van der Werff,Costa Rica
Lauraceae,Aiouea paratriplinervis,Lorea-Hern.,Costa Rica
Lauraceae,Aiouea pittieri,Rohwer,Costa Rica
Lauraceae,Aiouea tonduzii,(Mez) R.Rohde,Costa Rica
Lauraceae,Andea fulvescens,(Standl. & L.O.Williams) van der Werff,Costa Rica
Lauraceae,Aniba cinnamomiflora,C.K.Allen,Costa Rica
Lauraceae,Aniba venezuelana,Mez,Costa Rica
Lauraceae,Beilschmiedia alloiophylla,(Rusby) Kosterm.,Costa Rica
Lauraceae,Beilschmiedia costaricensis,(Mez & Pittier) C.K.Allen,Costa Rica
Lauraceae,Beilschmiedia immersinervis,Sachiko Nishida,Costa Rica
Lauraceae,Beilschmiedia osacola,"Aguilar, D.Santam. & van der Werff",Costa Rica
Lauraceae,Beilschmiedia ovalis,(S.F.Blake) C.K.Allen,Costa Rica
Lauraceae,Beilschmiedia pendula,(Sw.) Hemsl.,Costa Rica
Lauraceae,Beilschmiedia sulcata,(Ruiz & Pav.) Kosterm.,Costa Rica
Lauraceae,Beilschmiedia tilaranensis,Sachiko Nishida,Costa Rica
Lauraceae,Beilschmiedia tovarensis,(Klotzsch & H.Karst. ex Meisn.) Sachiko Nishida,Costa Rica
Lauraceae,Caryodaphnopsis burgeri,N.Zamora & Poveda,Costa Rica
Lauraceae,Cryptocarya costaricana,P.L.R.Moraes & N.Zamora,Costa Rica
Lauraceae,Damburneya cufodontisii,(O.C.Schmidt) Trofimov & Rohwer,Costa Rica
Lauraceae,Damburneya longipetiolata,(van der Werff) Trofimov & Rohwer,Costa Rica
Lauraceae,Damburneya martinicensis,(Mez) Trofimov,Costa Rica
Lauraceae,Damburneya purpurea,(Ruiz & Pav.) Trofimov,Costa Rica
Lauraceae,Damburneya salicifolia,(Kunth) Trofimov & Rohwer,Costa Rica
Lauraceae,Damburneya salicina,(C.K.Allen) Trofimov & Rohwer,Costa Rica
Lauraceae,Damburneya smithii,(C.K.Allen) Trofimov & Rohwer,Costa Rica
Lauraceae,Damburneya umbrosa,(Kunth) Trofimov,Costa Rica
Lauraceae,Endlicheria formosa,A.C.Sm.,Costa Rica
Lauraceae,Gamanthera herrerae,van der Werff,Costa Rica
Lauraceae,Licaria brenesii,W.C. Burger,Costa Rica
Lauraceae,Licaria caribaea,Gómez-Laur. & Cascante,Costa Rica
Lauraceae,Licaria dolichopoda,Lorea-Hern.,Costa Rica
Lauraceae,Licaria excelsa,Kosterm.,Costa Rica
Lauraceae,Licaria gibbitepala,Lorea-Hern.,Costa Rica
Lauraceae,Licaria leonis,Gómez-Laur. & A.Estrada,Costa Rica
Lauraceae,Licaria minutiflora,Lorea-Hern.,Costa Rica
Lauraceae,Licaria misantlae,(Brandegee) Kosterm.,Costa Rica
Lauraceae,Licaria multinervis,H. W. Kurz,Costa Rica
Lauraceae,Licaria nitida,van der Werff,Costa Rica
Lauraceae,Licaria pergamentacea,W.C. Burger,Costa Rica
Lauraceae,Licaria sarapiquensis,Hammel,Costa Rica
Lauraceae,Licaria tomentulosa,Lorea-Hern.,Costa Rica
Lauraceae,Licaria triandra,(Sw.) Kosterm.,Costa Rica
Lauraceae,Litsea glaucescens,Kunth,Costa Rica
Lauraceae,Mespilodaphne morae,(Gómez-Laur.) Trofimov.,Costa Rica
Lauraceae,Mespilodaphne paradoxa,(Mez) Hammel,Costa Rica
Lauraceae,Nectandra belizensis,(Lundell) C.K. Allen,Costa Rica
Lauraceae,Nectandra cissiflora,Nees,Costa Rica
Lauraceae,Nectandra cuspidata,Nees & Mart.,Costa Rica
Lauraceae,Nectandra hihua,(Ruiz & Pav.) Rohwer,Costa Rica
Lauraceae,Nectandra hypoleuca,Hammel,Costa Rica
Lauraceae,Nectandra lineata,(Kunth) Rohwer,Costa Rica
Lauraceae,Nectandra membranacea,(Sw.) Griseb.,Costa Rica
Lauraceae,Nectandra ramonensis,Standl.,Costa Rica
Lauraceae,Nectandra reticulata,Mez,Costa Rica
Lauraceae,Nectandra sanguinea,Rol.,Costa Rica
Lauraceae,Nectandra turbacensis,(Kunth) Nees,Costa Rica
Lauraceae,Ocotea atirrensis,Mez & Donn.Sm.,Costa Rica
Lauraceae,Ocotea atlantica,van der Werff,Costa Rica
Lauraceae,Ocotea aurantiodora,(Meisn.) Mez,Costa Rica
Lauraceae,Ocotea austinii,C.K.Allen,Costa Rica
Lauraceae,Ocotea brenesii,Standl.,Costa Rica
Lauraceae,Ocotea dendrodaphne,Mez,Costa Rica
Lauraceae,Ocotea dentata,van der Werff,Costa Rica
Lauraceae,Ocotea endresiana,Mez,Costa Rica
Lauraceae,Ocotea floribunda,(Sw.) Mez,Costa Rica
Lauraceae,Ocotea glaucosericea,Rohwer,Costa Rica
Lauraceae,Ocotea gomezii,W.C.Burger,Costa Rica
Lauraceae,Ocotea gordonii,van der Werff,Costa Rica
Lauraceae,Ocotea guatemalensis,Lundell,Costa Rica
Lauraceae,Ocotea haberi,van der Werff,Costa Rica
Lauraceae,Ocotea hartshorniana,Hammel,Costa Rica
Lauraceae,Ocotea holdridgeana,W.C.Burger,Costa Rica
Lauraceae,Ocotea insularis,(Meisn.) Mez,Costa Rica
Lauraceae,Ocotea laetevirens,Standl. & Steyerm.,Costa Rica
Lauraceae,Ocotea lentii,W.C.Burger,Costa Rica
Lauraceae,Ocotea leptobotra,(Ruiz & Pav.) Mez,Costa Rica
Lauraceae,Ocotea leucoxylon,(Sw.) Laness.,Costa Rica
Lauraceae,Ocotea macrantha,van der Werff,Costa Rica
Lauraceae,Ocotea macrophylla,Kunth,Costa Rica
Lauraceae,Ocotea macropoda,(Kunth) Mez,Costa Rica
Lauraceae,Ocotea meziana,C.K.Allen,Costa Rica
Lauraceae,Ocotea mollicella,(S.F.Blake) van der Werff,Costa Rica
Lauraceae,Ocotea mollifolia,Mez & Pittier,Costa Rica
Lauraceae,Ocotea monteverdensis,W.C.Burger        ,Costa Rica
Lauraceae,Ocotea multiflora,van der Werff,Costa Rica
Lauraceae,Ocotea oblonga,(Meisn.) Mez,Costa Rica
Lauraceae,Ocotea patula,van der Werff,Costa Rica
Lauraceae,Ocotea pentagona,Mez,Costa Rica
Lauraceae,Ocotea pharomachrosorum,Gómez-Laur.,Costa Rica
Lauraceae,Ocotea pittieri,(Mez) van der Werff,Costa Rica
Lauraceae,Ocotea praetermissa,van der Werff,Costa Rica
Lauraceae,Ocotea producta,(C.K. Allen) Rohwer,Costa Rica
Lauraceae,Ocotea pseudopalmana,W.C.Burger,Costa Rica
Lauraceae,Ocotea puberula,(Rich.) Nees,Costa Rica
Lauraceae,Ocotea pullifolia,van der Werff,Costa Rica
Lauraceae,Ocotea rivularis,Standl. & L.O. Williams,Costa Rica
Lauraceae,Ocotea rubriflora,Mez,Costa Rica
Lauraceae,Ocotea rufescens,van der Werff,Costa Rica
Lauraceae,Ocotea sinuata,(Mez) Rohwer,Costa Rica
Lauraceae,Ocotea stenoneura,Mez & Pittier,Costa Rica
Lauraceae,Ocotea tenera,Mez & Donn.Sm.,Costa Rica
Lauraceae,Ocotea tonduzii,Standl.,Costa Rica
Lauraceae,Ocotea valerioana,(Standl.) W.C.Burger,Costa Rica
Lauraceae,Ocotea valerioides,W.C. Burger,Costa Rica
Lauraceae,Ocotea velloziana,(Meisn.) Mez,Costa Rica
Lauraceae,Ocotea veraguensis,(Meisn.) Mez,Costa Rica
Lauraceae,Ocotea viridiflora,Lundell,Costa Rica
Lauraceae,Ocotea whitei,Woodson,Costa Rica
Lauraceae,Persea albida,Kosterm.        ,Costa Rica
Lauraceae,Persea albiramea,van der Werff,Costa Rica
Lauraceae,Persea americana,Mill.,Costa Rica
Lauraceae,Persea brenesii,Standl.,Costa Rica
Lauraceae,Persea caerulea,(Ruiz & Pav.) Mez,Costa Rica
Lauraceae,Persea cuneata,Meisn.,Costa Rica
Lauraceae,Persea donnell-smithii,Mez,Costa Rica
Lauraceae,Persea laevifolia,van der Werff,Costa Rica
Lauraceae,Persea obtusifolia,L.E.Kopp,Costa Rica
Lauraceae,Persea povedae,W.C. Burger,Costa Rica
Lauraceae,Persea pseudofasciculata,L.E.Kopp,Costa Rica
Lauraceae,Persea rigens,C.K.Allen,Costa Rica
Lauraceae,Persea schiedeana,Nees,Costa Rica
Lauraceae,Persea silvatica,van der Werff,Costa Rica
Lauraceae,Persea veraguasensis,Seem.,Costa Rica
Lauraceae,Persea vesticula,Standl. & Steyerm.,Costa Rica
Lauraceae,Pleurothyrium amissum,P.Juárez & J.F.Morales,Costa Rica
Lauraceae,Pleurothyrium golfodulcense,W.C. Burger & N. Zamora,Costa Rica
Lauraceae,Pleurothyrium guindonii,van der Werff,Costa Rica
Lauraceae,Pleurothyrium hexaglandulosum,van der Werff,Costa Rica
Lauraceae,Pleurothyrium immersum,van der Werff,Costa Rica
Lauraceae,Pleurothyrium oblongum,van der Werff,Costa Rica
Lauraceae,Pleurothyrium palmanum,(Mez & Donn.Sm.) Rohwer,Costa Rica
Lauraceae,Pleurothyrium pauciflorum,van der Werff & Hammel,Costa Rica
Lauraceae,Pleurothyrium trianae,(Mez) Rohwer,Costa Rica
Lauraceae,Povedadaphne quadriporata,W.C. Burger,Costa Rica
Lauraceae,Rhodostemonodaphne kunthiana,(Nees) Rohwer,Costa Rica
Lauraceae,Williamodendron glaucophyllum,(van der Werff) Kubitzki & H.G.Richt.,Costa Rica
Lecythidaceae,Couratari guianensis,Aubl.,Costa Rica
Lecythidaceae,Couratari scottmorii,Prance,Costa Rica
Lecythidaceae,Couroupita nicaraguarensis,DC.,Costa Rica
Lecythidaceae,Eschweilera aguilarii,S.A.Mori,Costa Rica
Lecythidaceae,Eschweilera biflava,S.A.Mori,Costa Rica
Lecythidaceae,Eschweilera calyculata,Pittier,Costa Rica
Lecythidaceae,Eschweilera collinsii,Pittier,Costa Rica
Lecythidaceae,Eschweilera correae,J.E.Bat. & S.A.Mori,Costa Rica
Lecythidaceae,Eschweilera costaricensis,S.A.Mori,Costa Rica
Lecythidaceae,Eschweilera harmonii,S.A.Mori,Costa Rica
Lecythidaceae,Eschweilera hondurensis,Standl.,Costa Rica
Lecythidaceae,Eschweilera integrifolia,(Ruiz & Pav. ex Miers) R.Knuth,Costa Rica
Lecythidaceae,Eschweilera panamensis,Pittier,Costa Rica
Lecythidaceae,Eschweilera pittieri,R.Knuth,Costa Rica
Lecythidaceae,Eschweilera sessilis,A.C.Sm.,Costa Rica
Lecythidaceae,Grias cauliflora,L.,Costa Rica
Lecythidaceae,Gustavia brachycarpa,Pittier,Costa Rica
Lecythidaceae,Lecythis ampla,Miers,Costa Rica
Lecythidaceae,Lecythis mesophylla,S.A.Mori,Costa Rica
Lecythidaceae,Scottmoria cupellastyla,Cornejo,Costa Rica
Lecythidaceae,Scottmoria stylivulcanica,S.A.Mori & Cornejo,Costa Rica
Lepidobotryaceae,Ruptiliocarpon caracolito,Hammel & N.Zamora,Costa Rica
Loganiaceae,Strychnos colombiensis,Krukoff & Barneby,Costa Rica
Loganiaceae,Strychnos panurensis,Sprague & Sandwith,Costa Rica
Loranthaceae,Gaiadendron punctatum,(Ruiz & Pav.) G.Don,Costa Rica
Lythraceae,Adenaria floribunda,Kunth,Costa Rica
Lythraceae,Lafoensia punicifolia,DC.,Costa Rica
Magnoliaceae,Magnolia costaricensis,A.Vázquez,Costa Rica
Magnoliaceae,Magnolia gloriensis,(Pittier) Govaerts,Costa Rica
Magnoliaceae,Magnolia guanacastensis,A.Vázquez,Costa Rica
Magnoliaceae,Magnolia inbioana,A.Vázquez,Costa Rica
Magnoliaceae,Magnolia morii,(Lozano) Govaerts,Costa Rica
Magnoliaceae,Magnolia multinervia,A.Vázquez,Costa Rica
Magnoliaceae,Magnolia panamensis,H.H.Iltis & Vazquez,Costa Rica
Magnoliaceae,Magnolia poasana,(Pittier) Dandy,Costa Rica
Magnoliaceae,Magnolia savegrensis,A.Vázquez,Costa Rica
Magnoliaceae,Magnolia sororum,Seibert,Costa Rica
Magnoliaceae,Magnolia talamancana,A.Vázquez,Costa Rica
Magnoliaceae,Magnolia wetteri,A.Vázquez,Costa Rica
Malpighiaceae,Andersoniodoxa hammelii,(W.R.Anderson) C.Davis & Amorim,Costa Rica
Malpighiaceae,Bunchosia argentea,(Jacq.) DC.,Costa Rica
Malpighiaceae,Bunchosia costaricensis,Rose,Costa Rica
Malpighiaceae,Bunchosia dwyeri,Cuatrec. & Croat,Costa Rica
Malpighiaceae,Bunchosia grayumii,W.R.Anderson,Costa Rica
Malpighiaceae,Bunchosia lindeniana,A.Juss.,Costa Rica
Malpighiaceae,Bunchosia macrophylla,Rose,Costa Rica
Malpighiaceae,Bunchosia mesoamericana,W.R.Anderson,Costa Rica
Malpighiaceae,Bunchosia nitida,(Jacq.) A.Rich.,Costa Rica
Malpighiaceae,Bunchosia polystachia,(Andrews) DC.,Costa Rica
Malpighiaceae,Bunchosia ternata,Dobson,Costa Rica
Malpighiaceae,Bunchosia ursana,W.R.Anderson,Costa Rica
Malpighiaceae,Bunchosia veluticarpa,W.R.Anderson,Costa Rica
Malpighiaceae,Bunchosia volcanica,W.R.Anderson,Costa Rica
Malpighiaceae,Byrsonima arthropoda,A.Juss.,Costa Rica
Malpighiaceae,Byrsonima crassifolia,(L.) Kunth,Costa Rica
Malpighiaceae,Byrsonima crispa,A.Juss.,Costa Rica
Malpighiaceae,Byrsonima herrerae,W.R.Anderson,Costa Rica
Malpighiaceae,Heteropterys laurifolia,(L.) A.Juss.,Costa Rica
Malpighiaceae,Hiraea fagifolia,(DC.) A.Juss.,Costa Rica
Malpighiaceae,Hiraea reclinata,Jacq.,Costa Rica
Malpighiaceae,Malpighia albiflora,(Cuatrec.) Cuatrec.,Costa Rica
Malpighiaceae,Malpighia glabra,L.,Costa Rica
Malpighiaceae,Malpighia romeroana,Cuatrec.,Costa Rica
Malpighiaceae,Malpighia stevensii,W.R. Anderson,Costa Rica
Malpighiaceae,Malpighia verruculosa,W.R.Anderson,Costa Rica
Malpighiaceae,Spachea correae,Cuatrec. & Croat,Costa Rica
Malpighiaceae,Tetrapterys styloptera,A.Juss.,Costa Rica
Malvaceae,Abutilon giganteum,(Jacq.) Sweet,Costa Rica
Malvaceae,Apeiba glabra,Aubl.,Costa Rica
Malvaceae,Apeiba membranacea,Spruce ex Benth.,Costa Rica
Malvaceae,Apeiba tibourbou,Aubl.,Costa Rica
Malvaceae,Bakeridesia nelsonii,(Rose) D.M.Bates,Costa Rica
Malvaceae,Bernoullia flammea,Oliv.,Costa Rica
Malvaceae,Callianthe purpusii,(Standl.) Donnell,Costa Rica
Malvaceae,Ceiba aesculifolia,(Kunth) Britten & Baker f.,Costa Rica
Malvaceae,Ceiba pentandra,(L.) Gaertn.,Costa Rica
Malvaceae,Christiana africana,DC.,Costa Rica
Malvaceae,Goethalsia meiantha,(Donn.Sm.) Burret,Costa Rica
Malvaceae,Gossypium barbadense,L.,Costa Rica
Malvaceae,Guazuma ulmifolia,Lam.,Costa Rica
Malvaceae,Hampea appendiculata,(Donn.Sm.) Standl.,Costa Rica
Malvaceae,Hampea platanifolia,Standl.,Costa Rica
Malvaceae,Helicteres baruensis,Jacq.,Costa Rica
Malvaceae,Heliocarpus americanus,L.,Costa Rica
Malvaceae,Heliocarpus appendiculatus,Turcz.,Costa Rica
Malvaceae,Heliocarpus mexicanus,(Turcz.) Sprague,Costa Rica
Malvaceae,Heliocarpus nodiflorus,(Donn.Sm.) Donn.Sm. & Rose,Costa Rica
Malvaceae,Herrania purpurea,(Pittier) R.E.Schult.,Costa Rica
Malvaceae,Hibiscus tiliaceus,L.,Costa Rica
Malvaceae,Huberodendron allenii,Standl. & L.O. Williams,Costa Rica
Malvaceae,Luehea candida,(Moc. & Sessé ex DC.) Mart.,Costa Rica
Malvaceae,Luehea seemannii,Triana & Planch.,Costa Rica
Malvaceae,Luehea speciosa,Willd.,Costa Rica
Malvaceae,Malvaviscus arboreus,Cav.,Costa Rica
Malvaceae,Malvaviscus palmanus,Pittier & Donn.Sm.,Costa Rica
Malvaceae,Matisia bracteolosa,Ducke,Costa Rica
Malvaceae,Matisia cordata,Bonpl.,Costa Rica
Malvaceae,Matisia obliquifolia,Standl.,Costa Rica
Malvaceae,Matisia ochrocalyx,K.Schum.,Costa Rica
Malvaceae,Matisia pacifica,Fern.Alonso,Costa Rica
Malvaceae,Matisia tinamastiana,A. Estrada & Cascante,Costa Rica
Malvaceae,Mortoniodendron abelianum,Al.Rodr.,Costa Rica
Malvaceae,Mortoniodendron anisophyllum,(Standl.) Standl. & Steyerm.,Costa Rica
Malvaceae,Mortoniodendron apetalum,Al.Rodr.,Costa Rica
Malvaceae,Mortoniodendron cauliflorum,Al.Rodr.,Costa Rica
Malvaceae,Mortoniodendron costaricense,Standl. & L.O.Williams,Costa Rica
Malvaceae,Mortoniodendron hirsutum,Standl.,Costa Rica
Malvaceae,Ochroma pyramidale,(Cav. ex Lam.) Urb.,Costa Rica
Malvaceae,Pachira aquatica,Aubl.,Costa Rica
Malvaceae,Pachira sessilis,Benth.,Costa Rica
Malvaceae,Pavonia dasypetala,Turcz.,Costa Rica
Malvaceae,Pentaplaris doroteae,L.O.Williams & Standl.,Costa Rica
Malvaceae,Pochota fendleri,(Seem.) W.S. Alverson & M.C. Duarte,Costa Rica
Malvaceae,Pseudobombax septenatum,(Jacq.) Dugand,Costa Rica
Malvaceae,Pterygota excelsa,(Standl. & L.O. Williams) Kosterm.,Costa Rica
Malvaceae,Quararibea asterolepis,Pittier,Costa Rica
Malvaceae,Quararibea aurantiocalyx,W.S.Alverson,Costa Rica
Malvaceae,Quararibea costaricensis,W.S.Alverson,Costa Rica
Malvaceae,Quararibea funebris,(La Llave) Vischer,Costa Rica
Malvaceae,Quararibea gomeziana,W.S.Alverson,Costa Rica
Malvaceae,Quararibea nigrescens,"N.Zamora, Cascante & S.Y.Kim",Costa Rica
Malvaceae,Quararibea parvifolia,Standl.,Costa Rica
Malvaceae,Quararibea pendula,W.S.Alverson,Costa Rica
Malvaceae,Quararibea platyphylla,Pittier & Donn.Sm.,Costa Rica
Malvaceae,Quararibea pterocalyx,Hemsl.,Costa Rica
Malvaceae,Quararibea pumila,W.S.Alverson,Costa Rica
Malvaceae,Quararibea reflexipetala,"Cascante, J.Sánchez-Gonz. & W.S.Alverson",Costa Rica
Malvaceae,Quararibea stenophylla,Pittier,Costa Rica
Malvaceae,Quararibea yunckeri,Standl.,Costa Rica
Malvaceae,Robinsonella lindeniana,(Turcz.) Rose & Baker f.,Costa Rica
Malvaceae,Spirotheca rosea,(Seem.) P.E.Gibbs & W.S.Alverson,Costa Rica
Malvaceae,Sterculia allenii,E.L.Taylor ex Al.Rodr. & D.Santam.,Costa Rica
Malvaceae,Sterculia apetala,(Jacq.) H.Karst.,Costa Rica
Malvaceae,Sterculia costaricana,Pittier,Costa Rica
Malvaceae,Sterculia recordiana,Standl.,Costa Rica
Malvaceae,Theobroma angustifolium,Sessé & Moc. ex DC.,Costa Rica
Malvaceae,Theobroma bicolor,Bonpl.,Costa Rica
Malvaceae,Theobroma flaviflorum,Aguilar & D.Santam.,Costa Rica
Malvaceae,Theobroma mammosum,Cuatrec. & J. León,Costa Rica
Malvaceae,Theobroma simiarum,Donn.Sm.,Costa Rica
Malvaceae,Thespesia populnea,(L.) Sol. ex Corrêa,Costa Rica
Malvaceae,Trichospermum galeottii,(Turcz.) Kosterm.,Costa Rica
Malvaceae,Trichospermum lessertianum,(Hochr.) Dorr,Costa Rica
Malvaceae,Trichospermum mexicanum,(DC.) Baill.,Costa Rica
Malvaceae,Triumfetta arborescens,(Seem.) Sprague,Costa Rica
Malvaceae,Triumfetta bogotensis,DC.,Costa Rica
Malvaceae,Triumfetta grandiflora,Vahl,Costa Rica
Malvaceae,Triumfetta lappula,L.,Costa Rica
Malvaceae,Triumfetta semitriloba,Jacq.,Costa Rica
Malvaceae,Wercklea ferox,(Hook.) Fryxell,Costa Rica
Malvaceae,Wercklea insignis,Pittier & Standl.,Costa Rica
Malvaceae,Wercklea lutea,Rolfe,Costa Rica
Malvaceae,Wercklea woodsonii,(A.Robyns) Fryxell,Costa Rica
Melastomataceae,Andesanthus inopinatus,(Wurdack) P.J.F.Guim. & Michelang.,Costa Rica
Melastomataceae,Axinaea costaricensis,Cogn.,Costa Rica
Melastomataceae,Bellucia grossularioides,(L.) Triana,Costa Rica
Melastomataceae,Bellucia mespiloides,(Miq.) Macbr.,Costa Rica
Melastomataceae,Bellucia pentamera,Naudin,Costa Rica
Melastomataceae,Bellucia umbellata,Gleason,Costa Rica
Melastomataceae,Blakea amplifolia,(Almeda) Penneys & Almeda,Costa Rica
Melastomataceae,Blakea calycularis,(Naudin) Penneys & Almeda,Costa Rica
Melastomataceae,Blakea chlorantha,Almeda,Costa Rica
Melastomataceae,Blakea foliacea,Gleason,Costa Rica
Melastomataceae,Blakea grandiflora,Hemsl.,Costa Rica
Melastomataceae,Blakea maurofernandeziana,(Cogn.) Penneys & Almeda,Costa Rica
Melastomataceae,Blakea multiflora,D.Don.,Costa Rica
Melastomataceae,Blakea parasitica,(Aubl.) D. Don,Costa Rica
Melastomataceae,Blakea pauciflora,Gleason,Costa Rica
Melastomataceae,Blakea storkii,(Standl.) Almeda,Costa Rica
Melastomataceae,Blakea watsonii,(Cogn.) Penneys & Almeda,Costa Rica
Melastomataceae,Blakea wilsoniorum,Almeda,Costa Rica
Melastomataceae,Chaetogastra ciliaris,(Vent.) DC.,Costa Rica
Melastomataceae,Clidemia capitellata,(Bonpl.) D. Don,Costa Rica
Melastomataceae,Clidemia dentata,Pav. ex D. Don,Costa Rica
Melastomataceae,Clidemia discolor,(Triana) Cogn.,Costa Rica
Melastomataceae,Clidemia epiphytica,(Triana) Cogn.,Costa Rica
Melastomataceae,Clidemia ostrina,Gleason,Costa Rica
Melastomataceae,Clidemia septuplinervia,Cogn.,Costa Rica
Melastomataceae,Clidemia sessiliflora,(Naudin) Cogn.,Costa Rica
Melastomataceae,Conostegia attenuata,Triana,Costa Rica
Melastomataceae,Conostegia bracteata,Triana,Costa Rica
Melastomataceae,Conostegia cinnamomea,(Beurl.) Wurdack,Costa Rica
Melastomataceae,Conostegia consimilis,(Gleason) Kriebel,Costa Rica
Melastomataceae,Conostegia hammelii,(Almeda) Kriebel,Costa Rica
Melastomataceae,Conostegia lasiopoda,Benth.,Costa Rica
Melastomataceae,Conostegia macrantha,O.Berg ex Triana,Costa Rica
Melastomataceae,Conostegia micrantha,Standl.,Costa Rica
Melastomataceae,Conostegia oerstediana,O.Berg ex Triana,Costa Rica
Melastomataceae,Conostegia pittieri,Cogn.,Costa Rica
Melastomataceae,Conostegia polyandra,Benth.,Costa Rica
Melastomataceae,Conostegia rufescens,Naudin,Costa Rica
Melastomataceae,Conostegia schlimii,(Triana) Kriebel,Costa Rica
Melastomataceae,Conostegia subcrustulata,(Beurl.) Triana,Costa Rica
Melastomataceae,Conostegia tenuifolia,Donn.Sm.,Costa Rica
Melastomataceae,Conostegia volcanalis,Standl. & Steyerm.,Costa Rica
Melastomataceae,Conostegia xalapensis,(Bonpl.) D.Don ex DC.,Costa Rica
Melastomataceae,Graffenrieda bella,Almeda,Costa Rica
Melastomataceae,Graffenrieda galeottii,(Naudin) L.O. Williams,Costa Rica
Melastomataceae,Graffenrieda gracilis,(Triana) L.O. Williams,Costa Rica
Melastomataceae,Graffenrieda micrantha,(Gleason) L.O. Williams,Costa Rica
Melastomataceae,Henriettea cuneata,(Standl.) L.O.Williams,Costa Rica
Melastomataceae,Henriettea fascicularis,(Sw.) M.Gómez,Costa Rica
Melastomataceae,Henriettea odorata,"(Markgr.) Penneys, F.A. Michelangeli, Judd & Almeda",Costa Rica
Melastomataceae,Henriettea seemannii,(Naudin) L.O.Williams,Costa Rica
Melastomataceae,Henriettea succosa,(Aubl.) DC.,Costa Rica
Melastomataceae,Henriettea trachyphylla,"(Triana) Penneys, F.A. Michelangeli, Judd & Almeda",Costa Rica
Melastomataceae,Henriettea tuberculosa,(Donn.Sm.) L.O.Williams,Costa Rica
Melastomataceae,Leandra granatensis,Gleason,Costa Rica
Melastomataceae,Leandra subseriata,(Naudin) Cogn.,Costa Rica
Melastomataceae,Meriania grandiflora,(Standl.) Almeda,Costa Rica
Melastomataceae,Meriania macrophylla,(Benth.) Triana,Costa Rica
Melastomataceae,Meriania odorata,Almeda,Costa Rica
Melastomataceae,Meriania panamensis,Gleason        ,Costa Rica
Melastomataceae,Meriania phlomoides,(Triana) Almeda,Costa Rica
Melastomataceae,Miconia aeruginosa,Naudin,Costa Rica
Melastomataceae,Miconia affinis,DC.,Costa Rica
Melastomataceae,Miconia albertobrenesii,Gamba & Almeda,Costa Rica
Melastomataceae,Miconia albicans,(Sw.) Steud.,Costa Rica
Melastomataceae,Miconia ampla,Triana,Costa Rica
Melastomataceae,Miconia aponeura,Triana,Costa Rica
Melastomataceae,Miconia appendiculata,Triana,Costa Rica
Melastomataceae,Miconia argentea,(Sw.) DC.,Costa Rica
Melastomataceae,Miconia astroplocama,Donn. Sm.,Costa Rica
Melastomataceae,Miconia aurantiaca,(Almeda & Kriebel) Gamba & Almeda,Costa Rica
Melastomataceae,Miconia baillonii,M.Gómez,Costa Rica
Melastomataceae,Miconia barbinervis,(Benth.) Triana,Costa Rica
Melastomataceae,Miconia bigibbosa,(Cogn.) Michelang.,Costa Rica
Melastomataceae,Miconia biperulifera,Cogn.,Costa Rica
Melastomataceae,Miconia bractiflora,Gamba & Almeda,Costa Rica
Melastomataceae,Miconia brenesii,Standl.,Costa Rica
Melastomataceae,Miconia brevitheca,Gleason,Costa Rica
Melastomataceae,Miconia bubalina,Naudin,Costa Rica
Melastomataceae,Miconia calocoma,Almeda,Costa Rica
Melastomataceae,Miconia calvescens,DC.,Costa Rica
Melastomataceae,Miconia carnea,Cogn.,Costa Rica
Melastomataceae,Miconia caudata,(Bonpl.) DC.,Costa Rica
Melastomataceae,Miconia centrodesma,Naudin,Costa Rica
Melastomataceae,Miconia chamissois,Naudin,Costa Rica
Melastomataceae,Miconia chiriquiensis,Almeda,Costa Rica
Melastomataceae,Miconia chrysophylla,(Rich.) Urb.,Costa Rica
Melastomataceae,Miconia ciliata,(Rich.) DC.,Costa Rica
Melastomataceae,Miconia colliculosa,Almeda,Costa Rica
Melastomataceae,Miconia commutata,Almeda,Costa Rica
Melastomataceae,Miconia conochiriquensis,Michelang.,Costa Rica
Melastomataceae,Miconia conosetifera,Michelang.,Costa Rica
Melastomataceae,Miconia cooperi,(Cogn.) Michelang.,Costa Rica
Melastomataceae,Miconia coriacea,(Sw.) DC.,Costa Rica
Melastomataceae,Miconia costaricensis,Cogn.,Costa Rica
Melastomataceae,Miconia cuspidatissima,Pittier,Costa Rica
Melastomataceae,Miconia decurrens,Cogn.,Costa Rica
Melastomataceae,Miconia desmantha,Benth.,Costa Rica
Melastomataceae,Miconia diegogomezii,Kriebel & Almeda,Costa Rica
Melastomataceae,Miconia dissita,Almeda,Costa Rica
Melastomataceae,Miconia dissitinervia,"Kriebel, Almeda & A.Estrada",Costa Rica
Melastomataceae,Miconia dodecandra,Cogn.,Costa Rica
Melastomataceae,Miconia dolichopoda,Naudin,Costa Rica
Melastomataceae,Miconia dolichorrhyncha,Naudin,Costa Rica
Melastomataceae,Miconia doniana,Naudin,Costa Rica
Melastomataceae,Miconia dorsiloba,Gleason,Costa Rica
Melastomataceae,Miconia elata,(Sw.) DC.,Costa Rica
Melastomataceae,Miconia extinctoria,(Humb. & Bonpl.) Michelang.,Costa Rica
Melastomataceae,Miconia friedmaniorum,Almeda & Umaña,Costa Rica
Melastomataceae,Miconia globuliflora,(Rich.) Cogn.,Costa Rica
Melastomataceae,Miconia gracilis,Triana,Costa Rica
Melastomataceae,Miconia grayumii,Almeda,Costa Rica
Melastomataceae,Miconia hildeana,Kriebel & Almeda,Costa Rica
Melastomataceae,Miconia holosericea,(L.) DC.,Costa Rica
Melastomataceae,Miconia hondurensis,Donn. Sm.,Costa Rica
Melastomataceae,Miconia hyperprasina,Naudin,Costa Rica
Melastomataceae,Miconia ibaguensis,(Bonpl.) Triana,Costa Rica
Melastomataceae,Miconia impetiolaris,(Sw.) D. Don ex DC.,Costa Rica
Melastomataceae,Miconia incurva,Gleason,Costa Rica
Melastomataceae,Miconia insularis,Gleason,Costa Rica
Melastomataceae,Miconia intricata,Triana,Costa Rica
Melastomataceae,Miconia kappellei,Almeda & Kriebel,Costa Rica
Melastomataceae,Miconia laevigata,(L.) D. Don,Costa Rica
Melastomataceae,Miconia lamprophylla,Triana,Costa Rica
Melastomataceae,Miconia lateriflora,Cogn.,Costa Rica
Melastomataceae,Miconia latidecurrens,Gamba & Almeda,Costa Rica
Melastomataceae,Miconia laxivenula,(Wurdack) Gamba & Almeda,Costa Rica
Melastomataceae,Miconia livida,Triana,Costa Rica
Melastomataceae,Miconia lonchophylla,Naudin,Costa Rica
Melastomataceae,Miconia longifolia,(Aubl.) DC.,Costa Rica
Melastomataceae,Miconia matthaei,Naudin,Costa Rica
Melastomataceae,Miconia mexicana,(Bonpl.) Naudin,Costa Rica
Melastomataceae,Miconia minutiflora,(Bonpl.) DC.,Costa Rica
Melastomataceae,Miconia mirabilis,(Aubl.) L.O. Williams,Costa Rica
Melastomataceae,Miconia multiplinervia,Cogn.,Costa Rica
Melastomataceae,Miconia multispicata,Naudin,Costa Rica
Melastomataceae,Miconia muriculata,(Almeda) Michelang. & Almeda,Costa Rica
Melastomataceae,Miconia neomicrantha,Judd & Skean,Costa Rica
Melastomataceae,Miconia nervosa,(Sm.) Triana,Costa Rica
Melastomataceae,Miconia nutans,Donn. Sm.,Costa Rica
Melastomataceae,Miconia oraria,Wurdack,Costa Rica
Melastomataceae,Miconia osaensis,"Aguilar, Kriebel & Almeda",Costa Rica
Melastomataceae,Miconia paleacea,Cogn.,Costa Rica
Melastomataceae,Miconia pileata,DC.,Costa Rica
Melastomataceae,Miconia pittieri,Cogn.,Costa Rica
Melastomataceae,Miconia poeppigii,Triana,Costa Rica
Melastomataceae,Miconia povedae,Kriebel & Oviedo,Costa Rica
Melastomataceae,Miconia prasina,(Sw.) DC.,Costa Rica
Melastomataceae,Miconia pterocaulon,Triana,Costa Rica
Melastomataceae,Miconia punctata,(Desr.) D. Don ex DC.,Costa Rica
Melastomataceae,Miconia reducens,Triana,Costa Rica
Melastomataceae,Miconia rhodopetala,(Donn.Sm.) Michelang.,Costa Rica
Melastomataceae,Miconia rubiginosa,(Bonpl.) DC.,Costa Rica
Melastomataceae,Miconia schnellii,Wurdack,Costa Rica
Melastomataceae,Miconia serrulata,(DC.) Naudin,Costa Rica
Melastomataceae,Miconia shattuckii,Standl.,Costa Rica
Melastomataceae,Miconia simplex,Triana,Costa Rica
Melastomataceae,Miconia skutchiana,Michelang.,Costa Rica
Melastomataceae,Miconia smaragdina,Naudin,Costa Rica
Melastomataceae,Miconia solearis,(Naudin) Gamba & Almeda,Costa Rica
Melastomataceae,Miconia sparrei,Wurdack,Costa Rica
Melastomataceae,Miconia splendens,(Sw.) Griseb.,Costa Rica
Melastomataceae,Miconia stenostachya,DC.,Costa Rica
Melastomataceae,Miconia stevensiana,Almeda,Costa Rica
Melastomataceae,Miconia subhirsuta,(DC.) M.Gómez,Costa Rica
Melastomataceae,Miconia subpeltata,(Kriebel & Almeda) Almeda,Costa Rica
Melastomataceae,Miconia talamancensis,Almeda,Costa Rica
Melastomataceae,Miconia theaezans,Cogn.,Costa Rica
Melastomataceae,Miconia tococa,(Desr.) Michelang.,Costa Rica
Melastomataceae,Miconia tomentosa,(Rich.) D. Don ex DC.,Costa Rica
Melastomataceae,Miconia tonduzii,Cogn.,Costa Rica
Melastomataceae,Miconia trinervia,(Sw.) D. Don ex Loudon,Costa Rica
Melastomataceae,Miconia triplinervis,Ruiz & Pav.,Costa Rica
Melastomataceae,Miconia variabilis,Gamba & Almeda,Costa Rica
Melastomataceae,Miconia vestita,Almeda,Costa Rica
Melastomataceae,Miconia vulcanicola,(Donn.Sm.) Michelang.,Costa Rica
Melastomataceae,Mouriri completens,(Pittier) Burret,Costa Rica
Melastomataceae,Mouriri cyphocarpa,Standl.,Costa Rica
Melastomataceae,Mouriri exilis,Gleason,Costa Rica
Melastomataceae,Mouriri gleasoniana,Standl.,Costa Rica
Melastomataceae,Mouriri myrtifolia,Spruce ex Triana,Costa Rica
Melastomataceae,Mouriri myrtilloides,(Sw.) Poir.,Costa Rica
Melastomataceae,Mouriri osaensis,Morley,Costa Rica
Melastomataceae,Mouriri tuberculata,Morley & K. Thomsen,Costa Rica
Melastomataceae,Tibouchina bipenicillata,(Naudin) Cogn.,Costa Rica
Melastomataceae,Tibouchina longifolia,(Vahl) Baill.,Costa Rica
Meliaceae,Cabralea canjerana,(Vell.) Mart.,Costa Rica
Meliaceae,Carapa guianensis,Aubl.,Costa Rica
Meliaceae,Carapa nicaraguensis,C.DC.,Costa Rica
Meliaceae,Cedrela fissilis,Vell.,Costa Rica
Meliaceae,Cedrela ngobe,"Köcke, T.D.Penn. & Muellner",Costa Rica
Meliaceae,Cedrela odorata,L.,Costa Rica
Meliaceae,Cedrela salvadorensis,Standl.,Costa Rica
Meliaceae,Cedrela tonduzii,C.DC.,Costa Rica
Meliaceae,Guarea aguilarii,Al.Rodr.,Costa Rica
Meliaceae,Guarea bijuga,C.DC.,Costa Rica
Meliaceae,Guarea bullata,Radlk.,Costa Rica
Meliaceae,Guarea chiricana,Standl.,Costa Rica
Meliaceae,Guarea constricta,Al.Rodr.,Costa Rica
Meliaceae,Guarea corticosa,Al.Rodr.,Costa Rica
Meliaceae,Guarea donnell-smithii,C.DC.,Costa Rica
Meliaceae,Guarea gentryi,Coronado,Costa Rica
Meliaceae,Guarea glabra,Vahl,Costa Rica
Meliaceae,Guarea grossa,T.D.Penn.,Costa Rica
Meliaceae,Guarea guidonia,(L.) Sleumer,Costa Rica
Meliaceae,Guarea hoffmanniana,C.DC.,Costa Rica
Meliaceae,Guarea inesiana,Al.Rodr.,Costa Rica
Meliaceae,Guarea kunthiana,A.Juss.,Costa Rica
Meliaceae,Guarea macrocalyx,Al.Rodr.,Costa Rica
Meliaceae,Guarea macrophylla,Vahl,Costa Rica
Meliaceae,Guarea pterorhachis,Harms,Costa Rica
Meliaceae,Guarea pyriformis,T.D.Penn.,Costa Rica
Meliaceae,Guarea rhopalocarpa,Radlk.,Costa Rica
Meliaceae,Guarea subsessilifolia,Al.Rodr.,Costa Rica
Meliaceae,Guarea tafae-malekui,Al.Rodr.,Costa Rica
Meliaceae,Guarea talamancana,Gómez-Laur. & Valerio,Costa Rica
Meliaceae,Guarea tonduzii,C.DC.,Costa Rica
Meliaceae,Guarea zarceroensis,Coronado,Costa Rica
Meliaceae,Ruagea glabra,Triana & Planch.,Costa Rica
Meliaceae,Ruagea insignis,(C.DC.) T.D.Penn.,Costa Rica
Meliaceae,Swietenia humilis,Zucc.,Costa Rica
Meliaceae,Swietenia macrophylla,King,Costa Rica
Meliaceae,Trichilia adolfi,Harms,Costa Rica
Meliaceae,Trichilia americana,(Sessé & Moc.) T.D.Penn.,Costa Rica
Meliaceae,Trichilia glabra,L.,Costa Rica
Meliaceae,Trichilia havanensis,Jacq.,Costa Rica
Meliaceae,Trichilia hirta,L.,Costa Rica
Meliaceae,Trichilia martiana,C.DC.,Costa Rica
Meliaceae,Trichilia pallida,Sw.,Costa Rica
Meliaceae,Trichilia pittieri,C.DC.,Costa Rica
Meliaceae,Trichilia pleeana,(A.Juss.) C.DC.,Costa Rica
Meliaceae,Trichilia quadrijuga,(Miq.) Kunth,Costa Rica
Meliaceae,Trichilia septentrionalis,C.DC.,Costa Rica
Meliaceae,Trichilia trifolia,L.,Costa Rica
Meliaceae,Trichilia tuberculata,(Triana & Planch.) C. DC.,Costa Rica
Menispermaceae,Hyperbaena eladioana,Q. Jiménez,Costa Rica
Menispermaceae,Hyperbaena leptobotryosa,(Donn.Sm.) Standl.,Costa Rica
Menispermaceae,Hyperbaena tonduzii,Diels,Costa Rica
Metteniusaceae,Calatola costaricensis,Standl.,Costa Rica
Metteniusaceae,Dendrobangia boliviana,Rusby,Costa Rica
Metteniusaceae,Metteniusa tessmanniana,(Sleumer) Sleumer,Costa Rica
Metteniusaceae,Oecopetalum greenmanii,Standl. & Steyerm.,Costa Rica
Monimiaceae,Mollinedia costaricensis,Donn.Sm.,Costa Rica
Monimiaceae,Mollinedia maxima,J.F.Morales & Grayum,Costa Rica
Monimiaceae,Mollinedia viridiflora,Tul.,Costa Rica
Moraceae,Batocarpus costaricensis,Standl. & L.O.Williams,Costa Rica
Moraceae,Brosimum alicastrum,Sw.,Costa Rica
Moraceae,Brosimum costaricanum,Liebm.,Costa Rica
Moraceae,Brosimum guianense,(Aubl.) Huber ex Ducke,Costa Rica
Moraceae,Brosimum lactescens,(S.Moore) C.C.Berg,Costa Rica
Moraceae,Brosimum utile,(Kunth) Oken,Costa Rica
Moraceae,Castilla elastica,Cerv.,Costa Rica
Moraceae,Castilla tunu,Hemsl.,Costa Rica
Moraceae,Clarisia biflora,Ruiz & Pav.,Costa Rica
Moraceae,Clarisia mexicana,(Liebm.) Lanj.,Costa Rica
Moraceae,Clarisia racemosa,Ruiz & Pav.,Costa Rica
Moraceae,Ficus americana,Aubl.,Costa Rica
Moraceae,Ficus apollinaris,Dugand,Costa Rica
Moraceae,Ficus aurea,Nutt.,Costa Rica
Moraceae,Ficus brevibracteata,W.C.Burger,Costa Rica
Moraceae,Ficus cahuitensis,C.C.Berg,Costa Rica
Moraceae,Ficus caldasiana,Dugand,Costa Rica
Moraceae,Ficus cervantesiana,Standl. & L.O.Williams,Costa Rica
Moraceae,Ficus citrifolia,Mill.,Costa Rica
Moraceae,Ficus colubrinae,Standl.,Costa Rica
Moraceae,Ficus costaricana,(Liebm.) Miq.,Costa Rica
Moraceae,Ficus cotinifolia,Kunth,Costa Rica
Moraceae,Ficus crassinervia,Desf. ex Willd.,Costa Rica
Moraceae,Ficus crassiuscula,Warb. ex Standl.,Costa Rica
Moraceae,Ficus crocata,(Miq.) Mart. ex Miq.,Costa Rica
Moraceae,Ficus cuatrecasasiana,Dugand,Costa Rica
Moraceae,Ficus davidsoniae,Standl.,Costa Rica
Moraceae,Ficus donnell-smithii,Standl.,Costa Rica
Moraceae,Ficus hartwegii,Miq.,Costa Rica
Moraceae,Ficus insipida,Willd.,Costa Rica
Moraceae,Ficus lasiosyce,J.A.González & Poveda,Costa Rica
Moraceae,Ficus macbridei,Standl.,Costa Rica
Moraceae,Ficus matiziana,Dugand,Costa Rica
Moraceae,Ficus maxima,Mill.,Costa Rica
Moraceae,Ficus nymphaeifolia,Mill.,Costa Rica
Moraceae,Ficus obtusifolia,Kunth,Costa Rica
Moraceae,Ficus osensis,C.C.Berg,Costa Rica
Moraceae,Ficus paraensis,(Miq.) Miq.,Costa Rica
Moraceae,Ficus pertusa,L.f.,Costa Rica
Moraceae,Ficus plectonervata,N.Medina,Costa Rica
Moraceae,Ficus popenoei,Standl.,Costa Rica
Moraceae,Ficus richteri,Dugand,Costa Rica
Moraceae,Ficus schippii,Standl.,Costa Rica
Moraceae,Ficus tonduzii,Standl.,Costa Rica
Moraceae,Ficus trachelosyce,Dugand,Costa Rica
Moraceae,Ficus turrialbana,W.C.Burger,Costa Rica
Moraceae,Ficus velutina,Humb. & Bonpl. ex Willd.,Costa Rica
Moraceae,Ficus yoponensis,Desv.,Costa Rica
Moraceae,Helicostylis scabra,(J.F.Macbr.) C.C.Berg,Costa Rica
Moraceae,Helicostylis tovarensis,(Klotzsch & H.Karst.) C.C.Berg,Costa Rica
Moraceae,Maclura tinctoria,(L.) D.Don ex Steud.,Costa Rica
Moraceae,Maquira guianensis,Aubl.,Costa Rica
Moraceae,Morus celtidifolia,Kunth,Costa Rica
Moraceae,Naucleopsis capirensis,C.C.Berg,Costa Rica
Moraceae,Naucleopsis naga,Pittier,Costa Rica
Moraceae,Naucleopsis ulei,(Warb.) Ducke,Costa Rica
Moraceae,Olmedia aspera,Ruiz & Pav.,Costa Rica
Moraceae,Paratrophis insignis,(Bureau) E.M.Gardner,Costa Rica
Moraceae,Perebea angustifolia,(Poepp. & Endl.) C.C.Berg,Costa Rica
Moraceae,Perebea guianensis,Aubl.,Costa Rica
Moraceae,Perebea xanthochyma,H.Karst.,Costa Rica
Moraceae,Poulsenia armata,(Miq.) Standl.,Costa Rica
Moraceae,Pseudolmedia glabrata,(Liebm.) C.C.Berg,Costa Rica
Moraceae,Pseudolmedia mollis,Standl.,Costa Rica
Moraceae,Pseudolmedia spuria,(Sw.) Griseb.,Costa Rica
Moraceae,Sorocea affinis,Hemsl.,Costa Rica
Moraceae,Sorocea pubivena,Hemsl.,Costa Rica
Moraceae,Sorocea trophoides,W.C.Burger,Costa Rica
Moraceae,Trophis involucrata,W.C. Burger,Costa Rica
Moraceae,Trophis mexicana,(Liebm.) Bureau,Costa Rica
Moraceae,Trophis racemosa,(L.) Urb.,Costa Rica
Muntingiaceae,Dicraspidia donnell-smithii,Standl.,Costa Rica
Muntingiaceae,Muntingia calabura,L.,Costa Rica
Myricaceae,Morella cerifera,(L.) Small,Costa Rica
Myricaceae,Morella pubescens,(Humb. & Bonpl. ex Willd.) Wilbur,Costa Rica
Myristicaceae,Compsoneura excelsa,A.C.Sm.,Costa Rica
Myristicaceae,Compsoneura mexicana,(Hemsl.) Janovec,Costa Rica
Myristicaceae,Otoba acuminata,(Standl.) A.H.Gentry,Costa Rica
Myristicaceae,Otoba novogranatensis,Moldenke,Costa Rica
Myristicaceae,Otoba vespertilio,D.Santam. & J.E.Jiménez,Costa Rica
Myristicaceae,Virola allenii,D.Santam. & Aguilar,Costa Rica
Myristicaceae,Virola amistadensis,D.Santam.,Costa Rica
Myristicaceae,Virola chrysocarpa,D.Santam. & Aguilar,Costa Rica
Myristicaceae,Virola fosteri,D.Santam.,Costa Rica
Myristicaceae,Virola koschnyi,Warb.,Costa Rica
Myristicaceae,Virola laevigata,Standl.,Costa Rica
Myristicaceae,Virola macrocarpa,A.C.Sm.,Costa Rica
Myristicaceae,Virola montana,D.Santam.,Costa Rica
Myristicaceae,Virola multiflora,(Standl.) A.C.Sm.,Costa Rica
Myristicaceae,Virola nobilis,A.C.Sm.,Costa Rica
Myristicaceae,Virola sebifera,Aubl.,Costa Rica
Myrtaceae,Calycolpus warszewiczianus,O. Berg,Costa Rica
Myrtaceae,Chamguava musarum,(Standl. & Steyerm.) Landrum,Costa Rica
Myrtaceae,Chamguava schippii,(Standl.) Landrum,Costa Rica
Myrtaceae,Eugenia acapulcensis,Steud.,Costa Rica
Myrtaceae,Eugenia austin-smithii,Standl.,Costa Rica
Myrtaceae,Eugenia basilaris,McVaugh,Costa Rica
Myrtaceae,Eugenia belloi,Barrie,Costa Rica
Myrtaceae,Eugenia biflora,(L.) DC.,Costa Rica
Myrtaceae,Eugenia cararensis,Barrie & Q.Jiménez,Costa Rica
Myrtaceae,Eugenia cartagensis,O.Berg,Costa Rica
Myrtaceae,Eugenia cerrocacaoensis,Barrie,Costa Rica
Myrtaceae,Eugenia chavarriae,Barrie,Costa Rica
Myrtaceae,Eugenia chepensis,Standl.,Costa Rica
Myrtaceae,Eugenia cocosensis,Barrie,Costa Rica
Myrtaceae,Eugenia corusca,Barrie,Costa Rica
Myrtaceae,Eugenia costaricensis,O.Berg,Costa Rica
Myrtaceae,Eugenia earthiana,P.E.Sánchez,Costa Rica
Myrtaceae,Eugenia egensis,DC.,Costa Rica
Myrtaceae,Eugenia florida,DC.,Costa Rica
Myrtaceae,Eugenia galalonensis,(C.Wright ex Griseb.) Krug & Urb.,Costa Rica
Myrtaceae,Eugenia glandulosopunctata,P.E.Sánchez & Poveda,Costa Rica
Myrtaceae,Eugenia gomezii,Barrie,Costa Rica
Myrtaceae,Eugenia grayumii,Barrie,Costa Rica
Myrtaceae,Eugenia haberi,Barrie,Costa Rica
Myrtaceae,Eugenia hammelii,Barrie,Costa Rica
Myrtaceae,Eugenia hartshornii,Barrie,Costa Rica
Myrtaceae,Eugenia herrerae,Barrie,Costa Rica
Myrtaceae,Eugenia hiraeifolia,Standl.,Costa Rica
Myrtaceae,Eugenia hypargyrea,Standl.,Costa Rica
Myrtaceae,Eugenia lepidota,O.Berg,Costa Rica
Myrtaceae,Eugenia lithosperma,Barrie,Costa Rica
Myrtaceae,Eugenia ludoviciana,Gómez-Laur.,Costa Rica
Myrtaceae,Eugenia magniflora,Barrie,Costa Rica
Myrtaceae,Eugenia monteverdensis,Barrie,Costa Rica
Myrtaceae,Eugenia monticola,(Sw.) DC.,Costa Rica
Myrtaceae,Eugenia oerstediana,O.Berg,Costa Rica
Myrtaceae,Eugenia pacifica,Benth.,Costa Rica
Myrtaceae,Eugenia paloverdensis,Barrie,Costa Rica
Myrtaceae,Eugenia pittieri,Standl.,Costa Rica
Myrtaceae,Eugenia principium,McVaugh,Costa Rica
Myrtaceae,Eugenia rhombea,(O.Berg) Krug & Urb.,Costa Rica
Myrtaceae,Eugenia riosiae,Barrie,Costa Rica
Myrtaceae,Eugenia sancarlosensis,Barrie,Costa Rica
Myrtaceae,Eugenia sarapiquensis,P.E.Sánchez,Costa Rica
Myrtaceae,Eugenia selvana,Barrie,Costa Rica
Myrtaceae,Eugenia siggersii,Standl.,Costa Rica
Myrtaceae,Eugenia skutchii,C.V. Morton & Standl.,Costa Rica
Myrtaceae,Eugenia stictopetala,DC.,Costa Rica
Myrtaceae,Eugenia teresae,J.F.Morales,Costa Rica
Myrtaceae,Eugenia tilarana,Barrie,Costa Rica
Myrtaceae,Eugenia truncata,O.Berg,Costa Rica
Myrtaceae,Eugenia venezuelensis,O.Berg,Costa Rica
Myrtaceae,Eugenia veraguensis,Rod.Flores & A.Ibáñez,Costa Rica
Myrtaceae,Eugenia verruculata,Barrie,Costa Rica
Myrtaceae,Eugenia zuchowskiae,Barrie,Costa Rica
Myrtaceae,Myrcia aliena,McVaugh,Costa Rica
Myrtaceae,Myrcia amazonica,DC.,Costa Rica
Myrtaceae,Myrcia chytraculia,(L.) A.R.Lourenço & E.Lucas,Costa Rica
Myrtaceae,Myrcia coumete,(Aubl.) DC.,Costa Rica
Myrtaceae,Myrcia guanacastensis,"(N.Zamora, S.Y.Kim & R.Espinoza) G.P.Burton & E.Lucas",Costa Rica
Myrtaceae,Myrcia hylobates,(Standl. ex Amshoff) E.Lucas & K.Samra,Costa Rica
Myrtaceae,Myrcia mesoamericana,(P.E.Sánchez) A.R.Lourenço & Sánchez-Cháv.,Costa Rica
Myrtaceae,Myrcia monteverdensis,(P.E.Sánchez) A.R.Lourenço & Sánchez-Cháv.,Costa Rica
Myrtaceae,Myrcia neolucida,A.R.Lourenço & E.Lucas,Costa Rica
Myrtaceae,Myrcia paivae,O.Berg,Costa Rica
Myrtaceae,Myrcia paulii-jonesii,"Aguilar, D.Santam. & A.Estrada",Costa Rica
Myrtaceae,Myrcia pittieri,(Standl.) A.R.Lourenço & Sánchez-Cháv,Costa Rica
Myrtaceae,Myrcia riverae,"A.Estrada , D.Santam. & Aguilar",Costa Rica
Myrtaceae,Myrcia splendens,(Sw.) DC.,Costa Rica
Myrtaceae,Myrcia sylvatica,(G.Mey.) DC.,Costa Rica
Myrtaceae,Myrcianthes fragrans,(Sw.) McVaugh,Costa Rica
Myrtaceae,Myrcianthes rhopaloides,(Kunth) McVaugh,Costa Rica
Myrtaceae,Myrcianthes storkii,(Standl.) McVaugh,Costa Rica
Myrtaceae,Myrciaria floribunda,(H.West ex Willd.) O.Berg,Costa Rica
Myrtaceae,Myrciaria vexator,McVaugh,Costa Rica
Myrtaceae,Pimenta dioica,(L.) Merr.,Costa Rica
Myrtaceae,Pimenta guatemalensis,(Lundell) Lundell,Costa Rica
Myrtaceae,Plinia costaricensis,M.Carranza & P.E.Sánchez,Costa Rica
Myrtaceae,Plinia cuspidata,Gómez-Laur. & Valverde,Costa Rica
Myrtaceae,Plinia guanacastensis,Barrie,Costa Rica
Myrtaceae,Plinia moralesii,Barrie,Costa Rica
Myrtaceae,Plinia nicaraguensis,Barrie,Costa Rica
Myrtaceae,Plinia povedae,P.E.Sánchez,Costa Rica
Myrtaceae,Plinia puriscalensis,P.E.Sánchez & Q.Jiménez,Costa Rica
Myrtaceae,Plinia salticola,McVaugh,Costa Rica
Myrtaceae,Psidium friedrichsthalianum,(O.Berg) Nied.,Costa Rica
Myrtaceae,Psidium guajava,L.,Costa Rica
Myrtaceae,Psidium guineense,Sw.,Costa Rica
Myrtaceae,Psidium oligospermum,Mart. ex DC.,Costa Rica
Myrtaceae,Siphoneugena dussii,(Krug & Urb.) Proença,Costa Rica
Myrtaceae,Ugni myricoides,(Kunth) O.Berg,Costa Rica
Nyctaginaceae,Guapira costaricana,(Standl.) Woodson,Costa Rica
Nyctaginaceae,Neea amplifolia,Donn.Sm.,Costa Rica
Nyctaginaceae,Neea delicatula,Standl.,Costa Rica
Nyctaginaceae,Neea elegans,P.H.Allen,Costa Rica
Nyctaginaceae,Neea pittieri,Standl.,Costa Rica
Nyctaginaceae,Neea psychotrioides,Donn.Sm.,Costa Rica
Nyctaginaceae,Neea urophylla,Standl.,Costa Rica
Nyctaginaceae,Pisonia aculeata,L.,Costa Rica
Nyctaginaceae,Pisonia macranthocarpa,(Donn.Sm.) Donn.Sm.,Costa Rica
Nyssaceae,Nyssa talamancana,Hammel & N.Zamora,Costa Rica
Ochnaceae,Cespedesia spathulata,(Ruiz & Pav.) Planch.,Costa Rica
Ochnaceae,Elvasia elvasioides,(Planch.) Gilg,Costa Rica
Ochnaceae,Lacunaria crenata,(Tul.) A.C.Sm.,Costa Rica
Ochnaceae,Ouratea darienensis,Whitef.,Costa Rica
Ochnaceae,Ouratea jefensis,Whitef.,Costa Rica
Ochnaceae,Ouratea prominens,Dwyer,Costa Rica
Ochnaceae,Ouratea rinconensis,Whitef.,Costa Rica
Ochnaceae,Ouratea valerii,Standl.,Costa Rica
Ochnaceae,Quiina cruegeriana,Griseb.,Costa Rica
Ochnaceae,Quiina macrophylla,Tul.,Costa Rica
Olacaceae,Chaunochiton kappleri,(Sagot ex Engl.) Ducke,Costa Rica
Olacaceae,Heisteria acuminata,(Bonpl.) Engl.,Costa Rica
Olacaceae,Heisteria concinna,Standl.,Costa Rica
Olacaceae,Heisteria macrophylla,Oerst.,Costa Rica
Olacaceae,Heisteria povedae,Q.Jiménez & S.Knapp,Costa Rica
Olacaceae,Heisteria scandens,Ducke,Costa Rica
Olacaceae,Heisteria skutchii,Sleumer,Costa Rica
Olacaceae,Minquartia guianensis,Aubl.,Costa Rica
Olacaceae,Ximenia americana,L.,Costa Rica
Oleaceae,Chionanthus oblanceolatus,(B.L.Rob.) P.S.Green,Costa Rica
Oleaceae,Chionanthus panamensis,(Standl.) Stearn,Costa Rica
Oleaceae,Forestiera cartaginensis,Donn.Sm.,Costa Rica
Oleaceae,Forestiera isabeliae,Hammel & Cornejo,Costa Rica
Oleaceae,Fraxinus uhdei,(Wenz.) Lingelsh.,Costa Rica
Onagraceae,Fuchsia arborescens,Sims,Costa Rica
Onagraceae,Fuchsia paniculata,Lindl.,Costa Rica
Onagraceae,Hauya elegans,DC.,Costa Rica
Opiliaceae,Agonandra macrocarpa,L.O.Williams,Costa Rica
Papaveraceae,Bocconia arborea,S.Watson,Costa Rica
Papaveraceae,Bocconia frutescens,L.,Costa Rica
Passifloraceae,Erblichia odorata,Seem.,Costa Rica
Passifloraceae,Passiflora tica,Gómez-Laur. & L.D.Gómez,Costa Rica
Peltantheraceae,Peltanthera floribunda,Benth.,Costa Rica
Pentaphylacaceae,Cleyera theoides,(Sw.) Choisy,Costa Rica
Pentaphylacaceae,Freziera bradleyi,D.Santam. & Q.Jiménez,Costa Rica
Pentaphylacaceae,Freziera calophylla,Triana & Planch.,Costa Rica
Pentaphylacaceae,Freziera candicans,Tul.,Costa Rica
Pentaphylacaceae,Freziera cordata,Tul.,Costa Rica
Pentaphylacaceae,Freziera friedrichsthaliana,(Szyszyl.) Szyszyl.,Costa Rica
Pentaphylacaceae,Freziera grisebachii,Krug & Urb.,Costa Rica
Pentaphylacaceae,Freziera monteverdensis,"D.Santam., Lagom. & Q.Jiménez",Costa Rica
Pentaphylacaceae,Freziera tarariae,"Q.Jiménez, D.Santam. & A.K.Monro",Costa Rica
Pentaphylacaceae,Symplococarpon purpusii,(Brandegee) Kobuski,Costa Rica
Pentaphylacaceae,Ternstroemia multiovulata,"Gómez-Laur., Q.Jiménez & N.Zamora",Costa Rica
Pentaphylacaceae,Ternstroemia tepezapote,Schltdl. & Cham.,Costa Rica
Peraceae,Pera arborea,Mutis,Costa Rica
Peraceae,Pera oppositifolia,Griseb.,Costa Rica
Phyllanthaceae,Amanoa guianensis,Aubl.,Costa Rica
Phyllanthaceae,Astrocasia tremula,(Griseb.) G.L.Webster,Costa Rica
Phyllanthaceae,Hieronyma alchorneoides,Allemão,Costa Rica
Phyllanthaceae,Hieronyma fendleri,Briq.,Costa Rica
Phyllanthaceae,Hieronyma oblonga,(Tul.) Müll.Arg.,Costa Rica
Phyllanthaceae,Margaritaria nobilis,L.f.,Costa Rica
Phyllanthaceae,Phyllanthus acuminatus,Vahl,Costa Rica
Phyllanthaceae,Phyllanthus anisolobus,Müll.Arg.,Costa Rica
Phyllanthaceae,Phyllanthus salviifolius,Kunth,Costa Rica
Phyllanthaceae,Phyllanthus skutchii,Standl.,Costa Rica
Phyllanthaceae,Richeria dressleri,G.L.Webster,Costa Rica
Phyllonomaceae,Phyllonoma ruscifolia,Willd. ex Schult.,Costa Rica
Picramniaceae,Alvaradoa amorphoides,Liebm.,Costa Rica
Picramniaceae,Picramnia antidesma,Sw.,Costa Rica
Picramniaceae,Picramnia gracilis,Tul.,Costa Rica
Picramniaceae,Picramnia latifolia,Tul.,Costa Rica
Picramniaceae,Picramnia sphaerocarpa,Planch.,Costa Rica
Picramniaceae,Picramnia teapensis,Tul.,Costa Rica
Piperaceae,Piper aduncum,L.,Costa Rica
Piperaceae,Piper aequale,Vahl,Costa Rica
Piperaceae,Piper aereum,Trel.,Costa Rica
Piperaceae,Piper amalago,L.,Costa Rica
Piperaceae,Piper arboreum,Aubl.,Costa Rica
Piperaceae,Piper asymmetricum,C.DC.,Costa Rica
Piperaceae,Piper augustum,Rudge,Costa Rica
Piperaceae,Piper auritum,Kunth,Costa Rica
Piperaceae,Piper bisasperatum,Trel.,Costa Rica
Piperaceae,Piper biseriatum,C.DC.,Costa Rica
Piperaceae,Piper carrilloanum,C.DC.,Costa Rica
Piperaceae,Piper chrysostachyum,C.DC.,Costa Rica
Piperaceae,Piper clavuligerum,Trel.,Costa Rica
Piperaceae,Piper corrugatum,Kuntze,Costa Rica
Piperaceae,Piper crassinervium,Kunth,Costa Rica
Piperaceae,Piper curtispicum,C. DC.,Costa Rica
Piperaceae,Piper dotanum,Trel.,Costa Rica
Piperaceae,Piper epigynium,C.DC.,Costa Rica
Piperaceae,Piper fimbriulatum,C.DC.,Costa Rica
Piperaceae,Piper friedrichsthalii,C.DC.,Costa Rica
Piperaceae,Piper gibbosum,C.DC.,Costa Rica
Piperaceae,Piper glabrescens,(Miq.) C.DC.,Costa Rica
Piperaceae,Piper grande,Vahl,Costa Rica
Piperaceae,Piper hispidum,Sw.,Costa Rica
Piperaceae,Piper imperiale,(Miq.) C.DC.,Costa Rica
Piperaceae,Piper longepetiolatum,(C.DC.) Trel.,Costa Rica
Piperaceae,Piper longispicum,C.DC.,Costa Rica
Piperaceae,Piper melanocladum,C.DC.,Costa Rica
Piperaceae,Piper peracuminatum,C.DC.,Costa Rica
Piperaceae,Piper pittieri,C.DC.,Costa Rica
Piperaceae,Piper prismaticum,C.DC.,Costa Rica
Piperaceae,Piper pseudofuligineum,C.DC.,Costa Rica
Piperaceae,Piper reticulatum,L.,Costa Rica
Piperaceae,Piper sanctum,(Miq.) Schltdl. ex C.DC.,Costa Rica
Piperaceae,Piper schiedeanum,Steud.,Costa Rica
Piperaceae,Piper tuberculatum,Jacq.,Costa Rica
Piperaceae,Piper villiramulum,C.DC.,Costa Rica
Piperaceae,Piper zacatense,C.DC.,Costa Rica
Plocospermataceae,Plocosperma buxifolium,Benth.,Costa Rica
Podocarpaceae,Podocarpus costaricensis,de Laub.,Costa Rica
Podocarpaceae,Podocarpus guatemalensis,Standl.,Costa Rica
Podocarpaceae,Podocarpus oleifolius,D.Don,Costa Rica
Podocarpaceae,Prumnopitys standleyi,(J.Buchholz & N.E.Gray) de Laub.,Costa Rica
Polygalaceae,Monnina crepinii,Chodat ex T.Durand & Pittier,Costa Rica
Polygalaceae,Monnina xalapensis,Kunth,Costa Rica
Polygalaceae,Moutabea aculeata,(Ruiz & Pav.) Poepp. & Endl.,Costa Rica
Polygalaceae,Securidaca sylvestris,Schltdl.,Costa Rica
Polygalaceae,Securidaca volubilis,L.,Costa Rica
Polygonaceae,Coccoloba acapulcensis,Standl.,Costa Rica
Polygonaceae,Coccoloba acuminata,Kunth,Costa Rica
Polygonaceae,Coccoloba ascendens,Duss ex Lindau,Costa Rica
Polygonaceae,Coccoloba belizensis,Standl.,Costa Rica
Polygonaceae,Coccoloba burgeri,"J.J.Ancona, P.Hern.-Led. & J.J.Ortiz-Diaz",Costa Rica
Polygonaceae,Coccoloba caracasana,Meisn.,Costa Rica
Polygonaceae,Coccoloba coronata,Jacq.,Costa Rica
Polygonaceae,Coccoloba costaricensis,"J.J.Ancona, P.Hern.-Led. & J.J.Ortiz-Diaz",Costa Rica
Polygonaceae,Coccoloba escuintlensis,Lundell,Costa Rica
Polygonaceae,Coccoloba excelsa,Benth.,Costa Rica
Polygonaceae,Coccoloba floribunda,(Benth.) Lindau,Costa Rica
Polygonaceae,Coccoloba glandulosa,"J.J.Ancona, P.Hern.-Led. & J.J.Ortiz-Diaz",Costa Rica
Polygonaceae,Coccoloba guanacastensis,W.C.Burger,Costa Rica
Polygonaceae,Coccoloba lehmannii,Lindau,Costa Rica
Polygonaceae,Coccoloba liportizii,Gómez-Laur. & N.Zamora,Costa Rica
Polygonaceae,Coccoloba mollis,Casar.,Costa Rica
Polygonaceae,Coccoloba obovata,Kunth,Costa Rica
Polygonaceae,Coccoloba padiformis,Meisn.,Costa Rica
Polygonaceae,Coccoloba porphyrostachys,Gómez-Laur.,Costa Rica
Polygonaceae,Coccoloba tuerckheimii,Donn.Sm.,Costa Rica
Polygonaceae,Coccoloba uvifera,(L.) L.,Costa Rica
Polygonaceae,Podopterus mexicanus,Bonpl.,Costa Rica
Polygonaceae,Ruprechtia costaricensis,Pendry,Costa Rica
Polygonaceae,Ruprechtia costata,Meisn.,Costa Rica
Polygonaceae,Triplaris melaenodendron,(Bertol.) Standl. & Steyerm.,Costa Rica
Primulaceae,Ardisia alajuelae,(Lundell) Pipoly & Ricketson,Costa Rica
Primulaceae,Ardisia angucianensis,Ricketson & Pipoly,Costa Rica
Primulaceae,Ardisia auriculata,Donn.Sm.,Costa Rica
Primulaceae,Ardisia blepharodes,Lundell,Costa Rica
Primulaceae,Ardisia bracteosa,A. DC.,Costa Rica
Primulaceae,Ardisia brenesii,Standl.,Costa Rica
Primulaceae,Ardisia calycosa,Hemsl.,Costa Rica
Primulaceae,Ardisia capitellata,Lundell,Costa Rica
Primulaceae,Ardisia cartagoana,Lundell,Costa Rica
Primulaceae,Ardisia compressa,Kunth,Costa Rica
Primulaceae,Ardisia copeyana,Standl.,Costa Rica
Primulaceae,Ardisia costaricensis,Lundell,Costa Rica
Primulaceae,Ardisia crassiramea,Standl.,Costa Rica
Primulaceae,Ardisia dodgei,Standl.,Costa Rica
Primulaceae,Ardisia dunlapiana,P.H.Allen,Costa Rica
Primulaceae,Ardisia fendleri,Lundell,Costa Rica
Primulaceae,Ardisia fimbrillifera,Lundell,Costa Rica
Primulaceae,Ardisia fruticosa,Lundell,Costa Rica
Primulaceae,Ardisia furfuracea,Standl.,Costa Rica
Primulaceae,Ardisia generalensis,Ricketson & Pipoly,Costa Rica
Primulaceae,Ardisia geniculata,Lundell,Costa Rica
Primulaceae,Ardisia glandulosomarginata,Oerst.,Costa Rica
Primulaceae,Ardisia guianensis,(Aubl.) Mez,Costa Rica
Primulaceae,Ardisia liesneri,Lundell,Costa Rica
Primulaceae,Ardisia nigropunctata,Oerst.,Costa Rica
Primulaceae,Ardisia opegrapha,Oerst.,Costa Rica
Primulaceae,Ardisia palmana,Donn.Sm.,Costa Rica
Primulaceae,Ardisia paschalis,Donn.Sm.,Costa Rica
Primulaceae,Ardisia pellucida,Oerst.,Costa Rica
Primulaceae,Ardisia pleurobotrya,Donn.Sm.,Costa Rica
Primulaceae,Ardisia revoluta,Kunth,Costa Rica
Primulaceae,Ardisia subcrenulata,Lundell,Costa Rica
Primulaceae,Ardisia subsessilifolia,Lundell,Costa Rica
Primulaceae,Ardisia tarariae,Lundell,Costa Rica
Primulaceae,Ardisia venosissima,(Ruiz & Pav.) J.F.Macbr.,Costa Rica
Primulaceae,Bonellia nervosa,(C.Presl) B.Ståhl & Källersjö,Costa Rica
Primulaceae,Clavija biborrana,Oerst.,Costa Rica
Primulaceae,Clavija costaricana,Pittier,Costa Rica
Primulaceae,Cybianthus costaricanus,Hemsl.,Costa Rica
Primulaceae,Cybianthus montanus,(Lundell) G.Agostini,Costa Rica
Primulaceae,Cybianthus pastensis,(Mez) G.Agostini,Costa Rica
Primulaceae,Cybianthus schlimii,(Hook.f.) G.Agostini,Costa Rica
Primulaceae,Deherainia matudae,Lundell,Costa Rica
Primulaceae,Gentlea austin-smithii,(Lundell) Lundell,Costa Rica
Primulaceae,Gentlea micranthera,(Donn.Sm.) Lundell,Costa Rica
Primulaceae,Hymenandra pittieri,(Mez) Pipoly & Ricketson,Costa Rica
Primulaceae,Hymenandra stenophylla,(Donn.Sm.) Pipoly & Ricketson,Costa Rica
Primulaceae,Myrsine coriacea,(Sw.) R.Br. ex Roem. & Schult.,Costa Rica
Primulaceae,Myrsine cubana,A.DC.,Costa Rica
Primulaceae,Myrsine dependens,(Ruiz & Pav.) Spreng.,Costa Rica
Primulaceae,Myrsine juergensenii,(Mez) Ricketson & Pipoly,Costa Rica
Primulaceae,Myrsine pellucidopunctata,Oerst.,Costa Rica
Primulaceae,Parathesis acostensis,J.F.Morales,Costa Rica
Primulaceae,Parathesis cartagoana,Lundell,Costa Rica
Primulaceae,Parathesis crassiramea,Lundell,Costa Rica
Primulaceae,Parathesis donnell-smithii,Mez,Costa Rica
Primulaceae,Parathesis fusca,(Oerst.) Mez,Costa Rica
Primulaceae,Parathesis glabra,Donn.Sm.,Costa Rica
Primulaceae,Parathesis glendae,Ricketson,Costa Rica
Primulaceae,Parathesis microcalyx,Donn.Sm.,Costa Rica
Primulaceae,Parathesis trichogyne,Hemsl.,Costa Rica
Primulaceae,Stylogyne turbacensis,(Kunth) Mez,Costa Rica
Proteaceae,Panopsis acostana,J.F.Morales,Costa Rica
Proteaceae,Panopsis costaricensis,Standl.,Costa Rica
Proteaceae,Panopsis mucronata,Cuatrec.,Costa Rica
Proteaceae,Panopsis suaveolens,(Klotzsch) Pittier,Costa Rica
Proteaceae,Panopsis yolombo,(Posada-Ar.) Killip,Costa Rica
Proteaceae,Roupala casota,Morales,Costa Rica
Proteaceae,Roupala glaberrima,Pittier,Costa Rica
Proteaceae,Roupala montana,Aubl.,Costa Rica
Proteaceae,Roupala plinervia,Cornejo & Bonifaz,Costa Rica
Proteaceae,Roupala sessiliflora,J.F.Morales,Costa Rica
Putranjivaceae,Drypetes asymmetricarpa,G.A.Levin,Costa Rica
Putranjivaceae,Drypetes brownii,Standl.,Costa Rica
Putranjivaceae,Drypetes lateriflora,(Sw.) Krug & Urb.,Costa Rica
Putranjivaceae,Drypetes standleyi,G.L.Webster,Costa Rica
Resedaceae,Forchhammeria iltisii,J.F.Morales,Costa Rica
Resedaceae,Forchhammeria trifoliata,Radlk. ex Millsp.,Costa Rica
Rhamnaceae,Colubrina arborescens,(Mill.) Sarg.,Costa Rica
Rhamnaceae,Colubrina elliptica,(Sw.) Brizicky & W.L.Stern,Costa Rica
Rhamnaceae,Colubrina glandulosa,G.Perkins,Costa Rica
Rhamnaceae,Colubrina heteroneura,(Griseb.) Standl.,Costa Rica
Rhamnaceae,Colubrina spinosa,Donn.Sm.,Costa Rica
Rhamnaceae,Colubrina triflora,Brongn. ex Sweet,Costa Rica
Rhamnaceae,Frangula capreifolia,(Schltdl.) Grubov,Costa Rica
Rhamnaceae,Frangula circumscissa,A.Pool,Costa Rica
Rhamnaceae,Frangula discolor,(Donn.Sm.) Grubov,Costa Rica
Rhamnaceae,Frangula oreodendron,(L.O.Williams) A.Pool,Costa Rica
Rhamnaceae,Frangula pendula,A.Pool,Costa Rica
Rhamnaceae,Karwinskia calderonii,Standl.,Costa Rica
Rhamnaceae,Karwinskia pluvialis,A.Pool,Costa Rica
Rhamnaceae,Krugiodendron ferreum,(Vahl) Urb.,Costa Rica
Rhamnaceae,Sarcomphalus cinnamomum,(Triana & Planch.) Hauenschild,Costa Rica
Rhamnaceae,Sarcomphalus guatemalensis,(Hemsl.) Hauenschild,Costa Rica
Rhizophoraceae,Cassipourea elliptica,(Sw.) Poir.,Costa Rica
Rhizophoraceae,Cassipourea killipii,Cuatrec.,Costa Rica
Rhizophoraceae,Cassipourea undulata,Prance,Costa Rica
Rhizophoraceae,Rhizophora mangle,L.,Costa Rica
Rhizophoraceae,Rhizophora racemosa,G.Mey.,Costa Rica
Rosaceae,Hesperomeles obtusifolia,(Pers.) Lindl.,Costa Rica
Rosaceae,Holodiscus argenteus,(L.f.) Maxim.,Costa Rica
Rosaceae,Prunus annularis,Koehne,Costa Rica
Rosaceae,Prunus fortunensis,McPherson,Costa Rica
Rosaceae,Prunus occidentalis,Sw.,Costa Rica
Rosaceae,Prunus rhamnoides,Koehne,Costa Rica
Rubiaceae,Agouticarpa williamsii,(Standl.) C.H.Perss.,Costa Rica
Rubiaceae,Alibertia atlantica,(Dwyer) Delprete & C.H.Perss.,Costa Rica
Rubiaceae,Alibertia dwyeri,Delprete & C.H.Perss.,Costa Rica
Rubiaceae,Alibertia edulis,(Rich.) A.Rich. ex DC.,Costa Rica
Rubiaceae,Alibertia patinoi,(Cuatrec.) Delprete & C.H.Perss.,Costa Rica
Rubiaceae,Alibertia utleyorum,(Dwyer) C.M.Taylor,Costa Rica
Rubiaceae,Alseis costaricensis,C.M.Taylor,Costa Rica
Rubiaceae,Amaioua glomerulata,(Lam. ex Poir.) Delprete & C.H.Perss.,Costa Rica
Rubiaceae,Amaioua pedicellata,Dwyer,Costa Rica
Rubiaceae,Appunia guatemalensis,Donn.Sm.,Costa Rica
Rubiaceae,Arachnothryx aspera,(Standl.) Borhidi,Costa Rica
Rubiaceae,Arachnothryx bertieroides,(Standl.) Borhidi,Costa Rica
Rubiaceae,Arachnothryx brenesii,(Standl.) Borhidi,Costa Rica
Rubiaceae,Arachnothryx buddleioides,(Benth.) Planch.,Costa Rica
Rubiaceae,Arachnothryx calycosa,(Donn.Sm.) Borhidi,Costa Rica
Rubiaceae,Arachnothryx chaconii,(Lorence) Borhidi,Costa Rica
Rubiaceae,Arachnothryx costaricensis,(Standl.) Borhidi,Costa Rica
Rubiaceae,Arachnothryx monteverdensis,(Lorence) Borhidi,Costa Rica
Rubiaceae,Arachnothryx povedae,(Lorence) Borhidi,Costa Rica
Rubiaceae,Arachnothryx tayloriae,(Lorence) Borhidi,Costa Rica
Rubiaceae,Arachnothryx torresii,(Standl.) Borhidi,Costa Rica
Rubiaceae,Bertiera angustifolia,Benth.,Costa Rica
Rubiaceae,Bertiera bracteosa,(Donn.Sm.) B.Ståhl & L.Andersson,Costa Rica
Rubiaceae,Bertiera guianensis,Aubl.,Costa Rica
Rubiaceae,Calycophyllum candidissimum,(Vahl) DC.,Costa Rica
Rubiaceae,Chimarrhis latifolia,Standl.,Costa Rica
Rubiaceae,Chimarrhis parviflora,Standl.,Costa Rica
Rubiaceae,Chiococca belizensis,Lundell,Costa Rica
Rubiaceae,Chiococca pachyphylla,Wernham,Costa Rica
Rubiaceae,Chiococca phaenostemon,Schltdl.,Costa Rica
Rubiaceae,Chione venosa,(Sw.) Urb.,Costa Rica
Rubiaceae,Chomelia microloba,Donn.Sm.,Costa Rica
Rubiaceae,Chomelia recordii,Standl.,Costa Rica
Rubiaceae,Chomelia spinosa,Jacq.,Costa Rica
Rubiaceae,Chomelia tenuiflora,Benth.,Costa Rica
Rubiaceae,Chomelia venulosa,W.C.Burger & C.M.Taylor,Costa Rica
Rubiaceae,Cinchona pubescens,Vahl,Costa Rica
Rubiaceae,Condaminea corymbosa,(Ruiz & Pav.) DC.,Costa Rica
Rubiaceae,Cordiera garapatica,(K.Schum.) Kuntze,Costa Rica
Rubiaceae,Cosmibuena grandiflora,(Ruiz & Pav.) Rusby,Costa Rica
Rubiaceae,Cosmibuena macrocarpa,(Benth.) Klotzsch ex Walp.,Costa Rica
Rubiaceae,Cosmibuena valerioi,(Standl.) C.M.Taylor,Costa Rica
Rubiaceae,Coussarea caroliana,Standl.,Costa Rica
Rubiaceae,Coussarea duplex,C.M.Taylor,Costa Rica
Rubiaceae,Coussarea impetiolaris,Donn.Sm.,Costa Rica
Rubiaceae,Coussarea latifolia,Standl.,Costa Rica
Rubiaceae,Coussarea loftonii,(Dwyer & M.V.Hayden) Dwyer,Costa Rica
Rubiaceae,Coussarea paniculata,(Willd.) Standl.,Costa Rica
Rubiaceae,Coussarea talamancana,Standl.,Costa Rica
Rubiaceae,Coutarea hexandra,(Jacq.) K.Schum.,Costa Rica
Rubiaceae,Duroia costaricensis,Standl.,Costa Rica
Rubiaceae,Elaeagia auriculata,Hemsl.,Costa Rica
Rubiaceae,Elaeagia chiriquina,C.M.Taylor,Costa Rica
Rubiaceae,Elaeagia glossostipula,C.M.Taylor,Costa Rica
Rubiaceae,Elaeagia karstenii,Standl.,Costa Rica
Rubiaceae,Elaeagia myriantha,(Standl.) C.M.Taylor & Hammel,Costa Rica
Rubiaceae,Elaeagia nitidifolia,Dwyer,Costa Rica
Rubiaceae,Eumachia kappleri,(Miq.) Delprete & J.H.Kirkbr.,Costa Rica
Rubiaceae,Exostema caribaeum,(Jacq.) Schult.,Costa Rica
Rubiaceae,Faramea eurycarpa,Donn.Sm.,Costa Rica
Rubiaceae,Faramea glandulosa,Poepp.,Costa Rica
Rubiaceae,Faramea grayumiana,C.M.Taylor,Costa Rica
Rubiaceae,Faramea lehmannii,Standl.,Costa Rica
Rubiaceae,Faramea multiflora,A.Rich.,Costa Rica
Rubiaceae,Faramea occidentalis,(L.) A.Rich.,Costa Rica
Rubiaceae,Faramea ovalis,Standl.,Costa Rica
Rubiaceae,Faramea parvibractea,Steyerm.,Costa Rica
Rubiaceae,Faramea permagnifolia,Dwyer ex C.M.Taylor,Costa Rica
Rubiaceae,Faramea scalaris,Standl.,Costa Rica
Rubiaceae,Faramea spathacea,Müll.Arg. ex Standl.,Costa Rica
Rubiaceae,Faramea stoneana,C.M.Taylor,Costa Rica
Rubiaceae,Faramea suerrensis,(Donn.Sm.) Donn.Sm.,Costa Rica
Rubiaceae,Faramea tamberlikiana,Müll.Arg.,Costa Rica
Rubiaceae,Faramea trinervia,K.Schum. & Donn.Sm.,Costa Rica
Rubiaceae,Ferdinandusa panamensis,Standl. & L.O.Williams,Costa Rica
Rubiaceae,Genipa americana,L.,Costa Rica
Rubiaceae,Gonzalagunia longithyrsa,Fosberg,Costa Rica
Rubiaceae,Gonzalagunia osaensis,C.M.Taylor,Costa Rica
Rubiaceae,Gonzalagunia ovatifolia,(Donn.Sm.) B.L.Rob.,Costa Rica
Rubiaceae,Gonzalagunia panamensis,(Cav.) K.Schum.,Costa Rica
Rubiaceae,Gonzalagunia rosea,Standl.,Costa Rica
Rubiaceae,Gonzalagunia stenostachya,(Standl.) W.C.Burger,Costa Rica
Rubiaceae,Guettarda brenesii,Standl.,Costa Rica
Rubiaceae,Guettarda combsii,Urb.,Costa Rica
Rubiaceae,Guettarda foliacea,Standl.,Costa Rica
Rubiaceae,Guettarda macrosperma,Donn.Sm.,Costa Rica
Rubiaceae,Guettarda sanblasensis,Dwyer,Costa Rica
Rubiaceae,Hamelia longipes,Standl.,Costa Rica
Rubiaceae,Hamelia macrantha,Little,Costa Rica
Rubiaceae,Hamelia magnifolia,Wernham,Costa Rica
Rubiaceae,Hamelia patens,Jacq.,Costa Rica
Rubiaceae,Hamelia rovirosae,Wernham,Costa Rica
Rubiaceae,Hamelia xerocarpa,Kuntze,Costa Rica
Rubiaceae,Hillia panamensis,Standl.,Costa Rica
Rubiaceae,Hintonia lumana,(Baill.) Bullock,Costa Rica
Rubiaceae,Hippotis panamensis,(Dwyer) C.M.Taylor,Costa Rica
Rubiaceae,Hoffmannia arborescens,Donn.Sm.,Costa Rica
Rubiaceae,Hoffmannia micrantha,C.M.Taylor,Costa Rica
Rubiaceae,Isertia haenkeana,DC.,Costa Rica
Rubiaceae,Isertia laevis,(Triana) B.M.Boom,Costa Rica
Rubiaceae,Isertia scorpioides,B.M.Boom,Costa Rica
Rubiaceae,Ixora floribunda,(A.Rich.) Griseb.,Costa Rica
Rubiaceae,Ixora nicaraguensis,Wernham,Costa Rica
Rubiaceae,Joosia panamensis,Dwyer,Costa Rica
Rubiaceae,Ladenbergia brenesii,Standl.,Costa Rica
Rubiaceae,Ladenbergia heterophylla,(Wedd.) Standl.,Costa Rica
Rubiaceae,Ladenbergia laurifolia,Dwyer,Costa Rica
Rubiaceae,Machaonia acuminata,Bonpl.,Costa Rica
Rubiaceae,Machaonia erythrocarpa,(Standl.) Borhidi,Costa Rica
Rubiaceae,Machaonia martinicensis,(DC.) Standl.,Costa Rica
Rubiaceae,Macrocnemum roseum,(Ruiz & Pav.) Wedd.,Costa Rica
Rubiaceae,Morinda panamensis,Seem.,Costa Rica
Rubiaceae,Osa pulchra,(D.R.Simpson) Aiello,Costa Rica
Rubiaceae,Palicourea acuminata,(Benth.) Borhidi,Costa Rica
Rubiaceae,Palicourea alajuelensis,C.M.Taylor,Costa Rica
Rubiaceae,Palicourea albocaerulea,C.M.Taylor,Costa Rica
Rubiaceae,Palicourea allenii,(Standl.) Borhidi,Costa Rica
Rubiaceae,Palicourea angustiflora,(K.Krause) Borhidi,Costa Rica
Rubiaceae,Palicourea angustifolia,Kunth,Costa Rica
Rubiaceae,Palicourea beachiana,C.M.Taylor,Costa Rica
Rubiaceae,Palicourea brachiata,(Sw.) Borhidi,Costa Rica
Rubiaceae,Palicourea calidicola,(C.M.Taylor) C.M.Taylor,Costa Rica
Rubiaceae,Palicourea carnosocarpa,(Dwyer & M.V.Hayden) C.M.Taylor,Costa Rica
Rubiaceae,Palicourea correae,(Dwyer & M.V.Hayden) Borhidi,Costa Rica
Rubiaceae,Palicourea crocea,(Sw.) Schult.,Costa Rica
Rubiaceae,Palicourea croceovenosa,(Dwyer) A.C.Berger,Costa Rica
Rubiaceae,Palicourea discolor,K. Krause,Costa Rica
Rubiaceae,Palicourea domingensis,(Jacq.) DC.,Costa Rica
Rubiaceae,Palicourea elata,(Sw.) Borhidi,Costa Rica
Rubiaceae,Palicourea eurycarpa,(Standl.) C.M.Taylor,Costa Rica
Rubiaceae,Palicourea galeottiana,M.Martens,Costa Rica
Rubiaceae,Palicourea garciae,Standl.,Costa Rica
Rubiaceae,Palicourea glomerulata,(Donn.Sm.) Borhidi,Costa Rica
Rubiaceae,Palicourea goldmanii,(Standl.) Borhidi,Costa Rica
Rubiaceae,Palicourea gomezii,C.M.Taylor,Costa Rica
Rubiaceae,Palicourea gracilenta,(Müll.Arg.) Delprete & J.H.Kirkbr.,Costa Rica
Rubiaceae,Palicourea grandifructa,(C.M.Taylor) C.M.Taylor,Costa Rica
Rubiaceae,Palicourea guianensis,Aubl.,Costa Rica
Rubiaceae,Palicourea hammelii,C.M.Taylor,Costa Rica
Rubiaceae,Palicourea hazenii,(Standl.) Borhidi,Costa Rica
Rubiaceae,Palicourea hoffmannseggiana,(Willd. ex Schult.) Borhidi,Costa Rica
Rubiaceae,Palicourea hondensis,(Standl.) C.M.Taylor,Costa Rica
Rubiaceae,Palicourea horquetensis,(Dwyer & M.V.Hayden) A.C.Berger & C.M.Taylor,Costa Rica
Rubiaceae,Palicourea lancifera,Standl. & L.O.Williams,Costa Rica
Rubiaceae,Palicourea lasiorrhachis,Oerst.,Costa Rica
Rubiaceae,Palicourea longicuspis,(Müll.Arg.) Delprete & J.H.Kirkbr.,Costa Rica
Rubiaceae,Palicourea macrocalyx,Standl.,Costa Rica
Rubiaceae,Palicourea microbotrys,(Ruiz ex Standl.) Delprete & J.H.Kirkbr.,Costa Rica
Rubiaceae,Palicourea montivaga,Standl.,Costa Rica
Rubiaceae,Palicourea mortoniana,(Standl.) Borhidi,Costa Rica
Rubiaceae,Palicourea orosiana,C.M.Taylor,Costa Rica
Rubiaceae,Palicourea padifolia,(Willd. ex Schult.) C.M.Taylor & Lorence,Costa Rica
Rubiaceae,Palicourea pendula,C.M.Taylor,Costa Rica
Rubiaceae,Palicourea pereziana,C.M.Taylor,Costa Rica
Rubiaceae,Palicourea phanerandra,Standl. & Steyerm.,Costa Rica
Rubiaceae,Palicourea pilosa,(Ruiz & Pav.) Borhidi,Costa Rica
Rubiaceae,Palicourea pseudaxillaris,C.M.Taylor,Costa Rica
Rubiaceae,Palicourea psychotrioides,(C.M.Taylor & Hammel) C.M.Taylor,Costa Rica
Rubiaceae,Palicourea pubescens,(Sw.) Borhidi,Costa Rica
Rubiaceae,Palicourea purpurea,C.M.Taylor,Costa Rica
Rubiaceae,Palicourea racemosa,(Aubl.) G.Nicholson,Costa Rica
Rubiaceae,Palicourea salicifolia,Standl.,Costa Rica
Rubiaceae,Palicourea schunkei,(C.M.Taylor) C.M.Taylor,Costa Rica
Rubiaceae,Palicourea simiarum,(Standl.) Borhidi,Costa Rica
Rubiaceae,Palicourea solitudinum,(Standl.) Borhidi,Costa Rica
Rubiaceae,Palicourea spathacea,C.M.Taylor,Costa Rica
Rubiaceae,Palicourea standleyana,C.M.Taylor,Costa Rica
Rubiaceae,Palicourea suerrensis,(Donn.Sm.) Borhidi,Costa Rica
Rubiaceae,Palicourea tetragona,(Donn.Sm.) C.M.Taylor,Costa Rica
Rubiaceae,Palicourea tilaranensis,C.M.Taylor,Costa Rica
Rubiaceae,Palicourea triphylla,DC.,Costa Rica
Rubiaceae,Palicourea umbelliformis,(Dwyer & M.V.Hayden) C.M.Taylor,Costa Rica
Rubiaceae,Palicourea valeriana,(Standl.) C.M.Taylor,Costa Rica
Rubiaceae,Palicourea veracruzensis,(Lorence & Dwyer) Borhidi,Costa Rica
Rubiaceae,Palicourea vestita,Standl.,Costa Rica
Rubiaceae,Palicourea violacea,(Aubl.) A.Rich.,Costa Rica
Rubiaceae,Palicourea winkleri,Borhidi,Costa Rica
Rubiaceae,Pentagonia angustifolia,C.M.Taylor,Costa Rica
Rubiaceae,Pentagonia costaricensis,(Standl.) W.C.Burger & C.M.Taylor,Costa Rica
Rubiaceae,Pentagonia donnell-smithii,(Standl.) Standl.,Costa Rica
Rubiaceae,Pentagonia gambagam,Hammel & Aguilar,Costa Rica
Rubiaceae,Pentagonia gomez-lauritoi,Hammel,Costa Rica
Rubiaceae,Pentagonia lobata,C.M.Taylor,Costa Rica
Rubiaceae,Pentagonia macrophylla,Benth.,Costa Rica
Rubiaceae,Pentagonia nuciformis,Dwyer,Costa Rica
Rubiaceae,Pentagonia osaensis,C.M.Taylor,Costa Rica
Rubiaceae,Pentagonia osapinnata,"Aguilar, N.Zamora & Hammel",Costa Rica
Rubiaceae,Pentagonia tinajita,Seem.,Costa Rica
Rubiaceae,Pentagonia wendlandii,Hook.f.,Costa Rica
Rubiaceae,Pittoniotis trichantha,Griseb.,Costa Rica
Rubiaceae,Pogonopus exsertus,(Oerst.) Oerst.,Costa Rica
Rubiaceae,Posoqueria coriacea,M.Martens & Galeotti,Costa Rica
Rubiaceae,Posoqueria costaricensis,C.M.Taylor,Costa Rica
Rubiaceae,Posoqueria grandiflora,Standl.,Costa Rica
Rubiaceae,Posoqueria grandifructa,Hammel & C.M.Taylor,Costa Rica
Rubiaceae,Posoqueria latifolia,(Rudge) Schult.,Costa Rica
Rubiaceae,Posoqueria robusta,Hammel & C.M.Taylor,Costa Rica
Rubiaceae,Psychotria biaristata,Bartl. ex DC.,Costa Rica
Rubiaceae,Psychotria calophylla,Standl.,Costa Rica
Rubiaceae,Psychotria carthagenensis,Jacq.,Costa Rica
Rubiaceae,Psychotria chiriquina,Standl.,Costa Rica
Rubiaceae,Psychotria clivorum,Standl. & Steyerm.,Costa Rica
Rubiaceae,Psychotria cocosensis,C.W.Ham.,Costa Rica
Rubiaceae,Psychotria costivenia,Griseb.,Costa Rica
Rubiaceae,Psychotria grandis,Sw.,Costa Rica
Rubiaceae,Psychotria jefensis,Dwyer ex C.M.Taylor,Costa Rica
Rubiaceae,Psychotria jimenezii,Standl.,Costa Rica
Rubiaceae,Psychotria marginata,Sw.,Costa Rica
Rubiaceae,Psychotria mexiae,Standl.,Costa Rica
Rubiaceae,Psychotria micrantha,Kunth,Costa Rica
Rubiaceae,Psychotria monteverdensis,Dwyer & C.W.Ham.,Costa Rica
Rubiaceae,Psychotria nubiphila,Dwyer,Costa Rica
Rubiaceae,Psychotria orosiana,Standl.,Costa Rica
Rubiaceae,Psychotria panamensis,Standl.,Costa Rica
Rubiaceae,Psychotria psychotriifolia,(Seem.) Standl.,Costa Rica
Rubiaceae,Psychotria remota,Benth.,Costa Rica
Rubiaceae,Psychotria sarapiquensis,Standl.,Costa Rica
Rubiaceae,Psychotria sixaolensis,C.W.Ham.,Costa Rica
Rubiaceae,Psychotria sylvivaga,Standl.,Costa Rica
Rubiaceae,Psychotria trichotoma,M.Martens & Galeotti,Costa Rica
Rubiaceae,Psychotria viridis,Ruiz & Pav.,Costa Rica
Rubiaceae,Randia aculeata,L.,Costa Rica
Rubiaceae,Randia armata,(Sw.) DC.,Costa Rica
Rubiaceae,Randia brenesii,Standl.,Costa Rica
Rubiaceae,Randia calycosa,Standl.,Costa Rica
Rubiaceae,Randia genipoides,Dwyer,Costa Rica
Rubiaceae,Randia gentryi,Dwyer,Costa Rica
Rubiaceae,Randia grandifolia,(Donn.Sm.) Standl.,Costa Rica
Rubiaceae,Randia grayumii,Dwyer & Lorence,Costa Rica
Rubiaceae,Randia lasiantha,(Standl.) Standl.,Costa Rica
Rubiaceae,Randia matudae,Lorence & Dwyer,Costa Rica
Rubiaceae,Randia mira,Dwyer,Costa Rica
Rubiaceae,Randia monantha,Benth.,Costa Rica
Rubiaceae,Randia nicaraguensis,Lorence & Dwyer,Costa Rica
Rubiaceae,Randia pittieri,(Standl.) Standl.,Costa Rica
Rubiaceae,Randia thurberi,S.Watson,Costa Rica
Rubiaceae,Raritebe palicoureoides,Wernham,Costa Rica
Rubiaceae,Rogiera amoena,Planch.,Costa Rica
Rubiaceae,Ronabea latifolia,Aubl.,Costa Rica
Rubiaceae,Rondeletia hameliifolia,Dwyer & M.V.Hayden,Costa Rica
Rubiaceae,Rudgea cornifolia,(Kunth) Standl.,Costa Rica
Rubiaceae,Rudgea laevis,C.M.Taylor,Costa Rica
Rubiaceae,Rudgea monofructus,Gómez-Laur. & Dwyer,Costa Rica
Rubiaceae,Rudgea raveniana,W.C.Burger,Costa Rica
Rubiaceae,Rudgea reducticalyx,Dwyer,Costa Rica
Rubiaceae,Rudgea skutchii,Standl.,Costa Rica
Rubiaceae,Rudgea trifurcata,Gómez-Laur.,Costa Rica
Rubiaceae,Rustia costaricensis,(Standl.) Lorence,Costa Rica
Rubiaceae,Rustia occidentalis,(Benth.) Hemsl.,Costa Rica
Rubiaceae,Schizocalyx veraguensis,(Dwyer) Kainul. & B.Bremer,Costa Rica
Rubiaceae,Simira maxonii,(Standl.) Steyerm.,Costa Rica
Rubiaceae,Solenandra mexicana,(A.Gray) Borhidi,Costa Rica
Rubiaceae,Sommera donnell-smithii,Standl.,Costa Rica
Rubiaceae,Stenostomum acreanum,(K.Krause) Achille & Delprete,Costa Rica
Rubiaceae,Stenostomum turrialbanum,(N.Zamora & Poveda) C.M.Taylor,Costa Rica
Rubiaceae,Tocoyena pittieri,(Standl.) Standl.,Costa Rica
Rubiaceae,Tournefortiopsis conferta,(Benth.) Borhidi,Costa Rica
Rubiaceae,Tournefortiopsis crispiflora,(Vahl) Borhidi,Costa Rica
Rubiaceae,Tournefortiopsis reticulata,Rusby,Costa Rica
Rubiaceae,Warszewiczia coccinea,(Vahl) Klotzsch,Costa Rica
Rubiaceae,Warszewiczia uxpanapensis,(Lorence) C.M.Taylor,Costa Rica
Rutaceae,Amyris balsamifera,L.,Costa Rica
Rutaceae,Amyris brenesii,Standl.,Costa Rica
Rutaceae,Amyris magnifolia,Gómez-Laur. & Q.Jiménez,Costa Rica
Rutaceae,Amyris pinnata,Kunth,Costa Rica
Rutaceae,Amyris plumieri,DC.,Costa Rica
Rutaceae,Angostura granulosa,(Kallunki) Kallunki,Costa Rica
Rutaceae,Casimiroa dura,A.Pool & Coronado,Costa Rica
Rutaceae,Casimiroa sapota,Oerst.,Costa Rica
Rutaceae,Casimiroa tetrameria,Millsp.,Costa Rica
Rutaceae,Conchocarpus guyanensis,(Pulle) Kallunki & Pirani,Costa Rica
Rutaceae,Conchocarpus nicaraguensis,(Standl. & L.O.Williams) Kallunki & Pirani,Costa Rica
Rutaceae,Decazyx esparzae,F.Chiang,Costa Rica
Rutaceae,Erythrochiton gymnanthus,Kallunki,Costa Rica
Rutaceae,Esenbeckia berlandieri,Baill.,Costa Rica
Rutaceae,Esenbeckia pentaphylla,(Macfad.) Griseb.,Costa Rica
Rutaceae,Galipea dasysperma,Gómez-Laur. & Q.Jiménez,Costa Rica
Rutaceae,Lubaria aroensis,Pittier,Costa Rica
Rutaceae,Peltostigma guatemalense,(Standl. & Steyerm.) Gereau,Costa Rica
Rutaceae,Peltostigma pteleoides,(Hook.) Walp.,Costa Rica
Rutaceae,Pilocarpus racemosus,Vahl,Costa Rica
Rutaceae,Raputiarana heptaphylla,(Pittier) Kallunki,Costa Rica
Rutaceae,Ravenia rosea,Lebas,Costa Rica
Rutaceae,Stauranthus perforatus,Liebm.,Costa Rica
Rutaceae,Toxosiphon lindenii,(Baill.) Baill.,Costa Rica
Rutaceae,Zanthoxylum acuminatum,(Sw.) Sw.,Costa Rica
Rutaceae,Zanthoxylum caribaeum,Lam.,Costa Rica
Rutaceae,Zanthoxylum ekmanii,(Urb.) Alain,Costa Rica
Rutaceae,Zanthoxylum fagara,(L.) Sarg.,Costa Rica
Rutaceae,Zanthoxylum limoncello,Planch. & Oerst. ex Triana & Planch.,Costa Rica
Rutaceae,Zanthoxylum melanostictum,Schltdl. & Cham.,Costa Rica
Rutaceae,Zanthoxylum mollissimum,(Engl.) P.Wilson,Costa Rica
Rutaceae,Zanthoxylum panamense,P.Wilson,Costa Rica
Rutaceae,Zanthoxylum rhoifolium,Lam.,Costa Rica
Rutaceae,Zanthoxylum riedelianum,Engl.,Costa Rica
Rutaceae,Zanthoxylum schreberi,(J.F.Gmel.) Reynel ex C.Nelson,Costa Rica
Rutaceae,Zanthoxylum setulosum,P.Wilson,Costa Rica
Sabiaceae,Meliosma allenii,Standl. & L.O. Williams,Costa Rica
Sabiaceae,Meliosma brenesii,Standl.,Costa Rica
Sabiaceae,Meliosma clandestina,J.F.Morales,Costa Rica
Sabiaceae,Meliosma cresstolina,J.F.Morales,Costa Rica
Sabiaceae,Meliosma dentata,(Liebm.) Urb.,Costa Rica
Sabiaceae,Meliosma depressiva,J.F.Morales,Costa Rica
Sabiaceae,Meliosma donnellsmithii,Urb.,Costa Rica
Sabiaceae,Meliosma glabrata,(Liebm.) Urb.,Costa Rica
Sabiaceae,Meliosma grandiflora,C.V.Morton ex A.H.Gentry,Costa Rica
Sabiaceae,Meliosma idiopoda,S.F.Blake,Costa Rica
Sabiaceae,Meliosma irazuensis,Standl.,Costa Rica
Sabiaceae,Meliosma isthmensis,J.F.Morales,Costa Rica
Sabiaceae,Meliosma laxiflora,J.F.Morales,Costa Rica
Sabiaceae,Meliosma occidentalis,Cuatrec.,Costa Rica
Sabiaceae,Meliosma oligantha,J.F.Morales,Costa Rica
Sabiaceae,Meliosma sancta,"J.F.Morales, A.Estrada & Cascante",Costa Rica
Sabiaceae,Meliosma subcordata,Standl.,Costa Rica
Sabiaceae,Meliosma vernicosa,(Liebm.) Griseb.,Costa Rica
Salicaceae,Abatia parviflora,Ruiz & Pav.,Costa Rica
Salicaceae,Banara guianensis,Aubl.,Costa Rica
Salicaceae,Casearia aculeata,Jacq.,Costa Rica
Salicaceae,Casearia arborea,(Rich.) Urb.,Costa Rica
Salicaceae,Casearia arguta,Kunth,Costa Rica
Salicaceae,Casearia bicolor,Urb.,Costa Rica
Salicaceae,Casearia coronata,Standl. & L.O.Williams,Costa Rica
Salicaceae,Casearia corymbosa,Kunth,Costa Rica
Salicaceae,Casearia guianensis,(Aubl.) Urb.,Costa Rica
Salicaceae,Casearia hirsuta,Sw.,Costa Rica
Salicaceae,Casearia laetioides,(A.Rich.) Warb.,Costa Rica
Salicaceae,Casearia povedae,"(N.Zamora, Aguilar & D.Santam.) T.Samar. & M.H.Alford",Costa Rica
Salicaceae,Casearia praecox,Griseb.,Costa Rica
Salicaceae,Casearia standleyana,Sleumer,Costa Rica
Salicaceae,Casearia stjohnii,I.M.Johnst.,Costa Rica
Salicaceae,Casearia sylvestris,Sw.,Costa Rica
Salicaceae,Casearia tacanensis,Lundell,Costa Rica
Salicaceae,Casearia thamnia,(L.) T.Samar. & M.H.Alford,Costa Rica
Salicaceae,Casearia tremula,(Griseb.) Griseb. ex C.Wright,Costa Rica
Salicaceae,Hasseltia allenii,Hammel & Grayum ex Alford,Costa Rica
Salicaceae,Hasseltia floribunda,Kunth,Costa Rica
Salicaceae,Hasseltia guatemalensis,Warb.        ,Costa Rica
Salicaceae,Hasseltiopsis dioica,(Benth.) Sleumer,Costa Rica
Salicaceae,Homalium guianense,(Aubl.) Oken,Costa Rica
Salicaceae,Homalium racemosum,Jacq.,Costa Rica
Salicaceae,Lunania mexicana,Brandegee,Costa Rica
Salicaceae,Lunania parviflora,Spruce ex Benth.,Costa Rica
Salicaceae,Macrohasseltia macroterantha,(Standl. & L.O.Williams) L.O.Williams,Costa Rica
Salicaceae,Piparea dentata,Aubl.,Costa Rica
Salicaceae,Pleuranthodendron lindenii,(Turcz.) Sleumer,Costa Rica
Salicaceae,Prockia costaricensis,Standl.,Costa Rica
Salicaceae,Prockia crucis,P.Browne ex L.,Costa Rica
Salicaceae,Ryania speciosa,Vahl,Costa Rica
Salicaceae,Salix humboldtiana,Willd.,Costa Rica
Salicaceae,Tetrathylacium johansenii,Standl.,Costa Rica
Salicaceae,Tetrathylacium macrophyllum,Poepp.,Costa Rica
Salicaceae,Xylosma chlorantha,Donn.Sm.,Costa Rica
Salicaceae,Xylosma cinerea,(Clos) Hemsl.,Costa Rica
Salicaceae,Xylosma flexuosa,(Kunth) Hemsl.,Costa Rica
Salicaceae,Xylosma hispidula,Standl.,Costa Rica
Salicaceae,Xylosma horrida,Rose,Costa Rica
Salicaceae,Xylosma intermedia,(Seem.) Griseb.,Costa Rica
Salicaceae,Xylosma oligandra,Donn.Sm.,Costa Rica
Salicaceae,Xylosma panamensis,Turcz.,Costa Rica
Salicaceae,Xylosma quichensis,Donn.Sm.,Costa Rica
Salicaceae,Xylosma velutina,(Tul.) Triana & Planch.,Costa Rica
Santalaceae,Acanthosyris annonagustata,C.U.Ulloa & M.Jørg.,Costa Rica
Sapindaceae,Allophylus cominia,(L.) Sw.,Costa Rica
Sapindaceae,Allophylus gentryi,Croat,Costa Rica
Sapindaceae,Allophylus psilospermus,Radlk.,Costa Rica
Sapindaceae,Allophylus racemosus,Sw.,Costa Rica
Sapindaceae,Billia hippocastanum,Peyr.,Costa Rica
Sapindaceae,Billia rosea,(Planch. & Linden) C.U.Ulloa & M.Jørg.,Costa Rica
Sapindaceae,Cupania cinerea,Poepp.,Costa Rica
Sapindaceae,Cupania dentata,Moc. & Sessé ex DC.,Costa Rica
Sapindaceae,Cupania glabra,Sw.,Costa Rica
Sapindaceae,Cupania grandiflora,J.F.Morales,Costa Rica
Sapindaceae,Cupania guatemalensis,(Turcz.) Radlk.,Costa Rica
Sapindaceae,Cupania hirsuta,Radlk.,Costa Rica
Sapindaceae,Cupania juglandifolia,A.Rich.,Costa Rica
Sapindaceae,Cupania largifolia,Radlk.,Costa Rica
Sapindaceae,Cupania livida,(Radlk.) Croat,Costa Rica
Sapindaceae,Cupania moralesii,"J.E.Jiménez, P.Juárez & J.M.Chaves",Costa Rica
Sapindaceae,Cupania quepoarum,Chinchilla,Costa Rica
Sapindaceae,Cupania rufescens,Triana & Planch.,Costa Rica
Sapindaceae,Cupania scrobiculata,Rich.,Costa Rica
Sapindaceae,Dilodendron costaricense,(Radlk.) A.H.Gentry & Steyerm.,Costa Rica
Sapindaceae,Dilodendron elegans,(Radlk.) A.H.Gentry & Steyerm.,Costa Rica
Sapindaceae,Dodonaea viscosa,(L.) Jacq.,Costa Rica
Sapindaceae,Exothea paniculata,(Juss.) Radlk.,Costa Rica
Sapindaceae,Matayba clavelligera,Radlk.,Costa Rica
Sapindaceae,Matayba glaberrima,Radlk.,Costa Rica
Sapindaceae,Matayba ingifolia,Standl.,Costa Rica
Sapindaceae,Matayba oppositifolia,(A.Rich.) Britton,Costa Rica
Sapindaceae,Matayba scrobiculata,Radlk.,Costa Rica
Sapindaceae,Paullinia pterocarpa,Triana & Planch.,Costa Rica
Sapindaceae,Sapindus saponaria,L.,Costa Rica
Sapindaceae,Talisia cerasina,(Benth.) Radlk.,Costa Rica
Sapindaceae,Talisia croatii,Acev.-Rodr.,Costa Rica
Sapindaceae,Talisia macrophylla,(Mart.) Radlk.,Costa Rica
Sapindaceae,Talisia nervosa,Radlk.,Costa Rica
Sapindaceae,Thouinia serrata,Radlk.,Costa Rica
Sapindaceae,Thouinidium decandrum,(Humb. & Bonpl.) Radlk.,Costa Rica
Sapindaceae,Vouarana anomala,(Steyerm.) Acev.-Rodr.,Costa Rica
Sapotaceae,Chromolucuma cespedisiiformis,J.F.Morales,Costa Rica
Sapotaceae,Chromolucuma congestifolia,(Pilz) Alves-Araújo & M.Alves,Costa Rica
Sapotaceae,Chrysophyllum argenteum,Jacq.,Costa Rica
Sapotaceae,Chrysophyllum brenesii,Cronquist,Costa Rica
Sapotaceae,Chrysophyllum colombianum,(Aubrév.) T.D.Penn.,Costa Rica
Sapotaceae,Chrysophyllum hirsutum,Cronquist,Costa Rica
Sapotaceae,Chrysophyllum lucentifolium,Cronquist,Costa Rica
Sapotaceae,Chrysophyllum moralesianum,"Aguilar, D.Santam. & J.M.Chaves",Costa Rica
Sapotaceae,Chrysophyllum sierpense,"Aguilar, D.Santam. & J.M.Chaves",Costa Rica
Sapotaceae,Chrysophyllum venezuelanense,(Pierre) T.D.Penn.,Costa Rica
Sapotaceae,Elaeoluma glabrescens,(Mart. & Eichler) Aubrév.,Costa Rica
Sapotaceae,Manilkara chicle,(Pittier) Gilly,Costa Rica
Sapotaceae,Manilkara spectabilis,(Pittier) Standl.,Costa Rica
Sapotaceae,Manilkara staminodella,Gilly,Costa Rica
Sapotaceae,Manilkara zapota,(L.) P.Royen,Costa Rica
Sapotaceae,Micropholis crotonoides,(Pierre) Pierre,Costa Rica
Sapotaceae,Micropholis guyanensis,(A.DC.) Pierre,Costa Rica
Sapotaceae,Micropholis melinoniana,Pierre,Costa Rica
Sapotaceae,Micropholis venulosa,(Mart. & Eichler) Pierre,Costa Rica
Sapotaceae,Pouteria amygdalicarpa,(Pittier) T.D.Penn.,Costa Rica
Sapotaceae,Pouteria austin-smithii,(Standl.) Cronquist,Costa Rica
Sapotaceae,Pouteria caimito,(Ruiz & Pav.) Radlk.,Costa Rica
Sapotaceae,Pouteria calistophylla,(Standl.) Baehni,Costa Rica
Sapotaceae,Pouteria campechiana,(Kunth) Baehni,Costa Rica
Sapotaceae,Pouteria chiricana,(Standl.) Baehni,Costa Rica
Sapotaceae,Pouteria cuspidata,(A.DC.) Baehni,Costa Rica
Sapotaceae,Pouteria durlandii,(Standl.) Baehni,Costa Rica
Sapotaceae,Pouteria exfoliata,T.D.Penn.,Costa Rica
Sapotaceae,Pouteria filiformis,T.D.Penn.,Costa Rica
Sapotaceae,Pouteria filipes,Eyma,Costa Rica
Sapotaceae,Pouteria fossicola,Cronquist,Costa Rica
Sapotaceae,Pouteria foveolata,T.D.Penn.,Costa Rica
Sapotaceae,Pouteria gallifructa,Cronquist,Costa Rica
Sapotaceae,Pouteria glomerata,(Miq.) Radlk.,Costa Rica
Sapotaceae,Pouteria guianensis,Aubl.,Costa Rica
Sapotaceae,Pouteria izabalensis,(Standl.) Baehni,Costa Rica
Sapotaceae,Pouteria juruana,K.Krause,Costa Rica
Sapotaceae,Pouteria laevigata,(Mart.) Radlk.,Costa Rica
Sapotaceae,Pouteria lecythidicarpa,P.E.Sánchez & Poveda,Costa Rica
Sapotaceae,Pouteria leptopedicellata,Pilz,Costa Rica
Sapotaceae,Pouteria reticulata,(Engl.) Eyma,Costa Rica
Sapotaceae,Pouteria sapota,(Jacq.) H.E.Moore & Stearn,Costa Rica
Sapotaceae,Pouteria silvestris,T.D.Penn.,Costa Rica
Sapotaceae,Pouteria spicata,J.F.Morales,Costa Rica
Sapotaceae,Pouteria subrotata,Cronquist,Costa Rica
Sapotaceae,Pouteria trilocularis,Cronquist,Costa Rica
Sapotaceae,Pouteria triplarifolia,C.K.Allen ex T.D. Pennington,Costa Rica
Sapotaceae,Pouteria tuberculata,(Sleumer) Alves-Araújo & Swenson,Costa Rica
Sapotaceae,Pouteria viridis,(Pittier) Cronquist,Costa Rica
Sapotaceae,Pradosia golfodulcensis,Aguilar & D.Santam.,Costa Rica
Sapotaceae,Pradosia grisebachii,(Pierre) T.D.Penn.,Costa Rica
Sapotaceae,Sarcaulus brasiliensis,(A.DC.) Eyma,Costa Rica
Sapotaceae,Sideroxylon capiri,(A.DC.) Pittier,Costa Rica
Sapotaceae,Sideroxylon celastrinum,(Kunth) T.D.Penn.,Costa Rica
Sapotaceae,Sideroxylon contrerasii,(Lundell) T.D.Penn.,Costa Rica
Sapotaceae,Sideroxylon obtusifolium,(Roem. & Schult.) T.D.Penn.,Costa Rica
Sapotaceae,Sideroxylon persimile,(Hemsl.) T.D.Penn.,Costa Rica
Sapotaceae,Sideroxylon portoricense,Urb.,Costa Rica
Sapotaceae,Sideroxylon stenospermum,(Standl.) T.D.Penn.,Costa Rica
Schlegeliaceae,Schlegelia fuscata,A.H.Gentry,Costa Rica
Schlegeliaceae,Schlegelia parviflora,(Oerst.) Monach.,Costa Rica
Schoepfiaceae,Schoepfia macrophylla,Lundell,Costa Rica
Schoepfiaceae,Schoepfia schreberi,J.F.Gmel.,Costa Rica
Schoepfiaceae,Schoepfia vacciniiflora,Planch. ex Hemsl.,Costa Rica
Scrophulariaceae,Buddleja americana,L.,Costa Rica
Scrophulariaceae,Buddleja nitida,Benth.,Costa Rica
Scrophulariaceae,Buddleja skutchii,Morton,Costa Rica
Simaroubaceae,Homalolepis cedron,(Planch.) Devecchi & Pirani,Costa Rica
Simaroubaceae,Picrasma excelsa,(Sw.) Planch.,Costa Rica
Simaroubaceae,Quassia amara,L.,Costa Rica
Simaroubaceae,Simaba polyphylla,(Cavalcante) W.W. Thomas,Costa Rica
Simaroubaceae,Simarouba amara,Aubl.,Costa Rica
Simaroubaceae,Simarouba glauca,DC.,Costa Rica
Siparunaceae,Siparuna conica,S.S.Renner & Hausner,Costa Rica
Siparunaceae,Siparuna cuspidata,(Tul.) A.DC.,Costa Rica
Siparunaceae,Siparuna gesnerioides,(Kunth) A.DC.,Costa Rica
Siparunaceae,Siparuna grandiflora,(Kunth) Perkins,Costa Rica
Siparunaceae,Siparuna guianensis,Aubl.,Costa Rica
Siparunaceae,Siparuna pauciflora,(Beurl.) A.DC.,Costa Rica
Siparunaceae,Siparuna thecaphora,(Poepp. & Endl.) A.DC.,Costa Rica
Solanaceae,Acnistus arborescens,(L.) Schltdl.,Costa Rica
Solanaceae,Brachistus nelsonii,"(Fernald) D'Arcy, J.L.Gentry & Averett",Costa Rica
Solanaceae,Brachistus stramoniifolius,(Kunth) Miers,Costa Rica
Solanaceae,Cestrum aurantiacum,Lindl.,Costa Rica
Solanaceae,Cestrum glanduliferum,Kerber ex Francey,Costa Rica
Solanaceae,Cestrum latifolium,Lam.,Costa Rica
Solanaceae,Cestrum luteovirescens,Francey,Costa Rica
Solanaceae,Cestrum mariquitense,Kunth,Costa Rica
Solanaceae,Cestrum microcalyx,Francey,Costa Rica
Solanaceae,Cestrum nocturnum,L.,Costa Rica
Solanaceae,Cestrum poasanum,Donn.Sm.,Costa Rica
Solanaceae,Cestrum racemosum,Ruiz & Pav.,Costa Rica
Solanaceae,Cestrum rugulosum,Francey,Costa Rica
Solanaceae,Cestrum scandens,Vahl,Costa Rica
Solanaceae,Cestrum schlechtendalii,G.Don,Costa Rica
Solanaceae,Cestrum strigilatum,Ruiz & Pav.,Costa Rica
Solanaceae,Cestrum tomentosum,L.f.,Costa Rica
Solanaceae,Cuatresia riparia,(Kunth) Hunz.,Costa Rica
Solanaceae,Lycianthes anomala,Bitter,Costa Rica
Solanaceae,Lycianthes heteroclita,(Sendtn.) Bitter,Costa Rica
Solanaceae,Lycianthes synanthera,(Sendtn.) Bitter,Costa Rica
Solanaceae,Solanum accrescens,Standl. & C.V. Morton,Costa Rica
Solanaceae,Solanum aligerum,Schltdl.,Costa Rica
Solanaceae,Solanum aphyodendron,S. Knapp,Costa Rica
Solanaceae,Solanum arboreum,Dunal,Costa Rica
Solanaceae,Solanum aturense,Dunal,Costa Rica
Solanaceae,Solanum celsum,Standl. & C.V.Morton,Costa Rica
Solanaceae,Solanum chrysotrichum,Schltdl.,Costa Rica
Solanaceae,Solanum cordovense,Sessé & Moc.,Costa Rica
Solanaceae,Solanum diversifolium,Dunal,Costa Rica
Solanaceae,Solanum erianthum,D. Don,Costa Rica
Solanaceae,Solanum fortunense,Bohs,Costa Rica
Solanaceae,Solanum hayesii,Fernald,Costa Rica
Solanaceae,Solanum hazenii,Britton,Costa Rica
Solanaceae,Solanum incomptum,Bitter,Costa Rica
Solanaceae,Solanum lanceolatum,Cav.,Costa Rica
Solanaceae,Solanum lepidotum,Dunal,Costa Rica
Solanaceae,Solanum nudum,Dunal,Costa Rica
Solanaceae,Solanum pubigerum,Dunal,Costa Rica
Solanaceae,Solanum rovirosanum,Donn. Sm.,Costa Rica
Solanaceae,Solanum rudepannum,Dunal,Costa Rica
Solanaceae,Solanum rugosum,Dunal,Costa Rica
Solanaceae,Solanum schlechtendalianum,Walp.,Costa Rica
Solanaceae,Solanum splendens,(Dunal) Bohs,Costa Rica
Solanaceae,Solanum stellatiglandulosum,Bitter,Costa Rica
Solanaceae,Solanum storkii,C.V.Morton & Standl.,Costa Rica
Solanaceae,Solanum umbellatum,Mill.,Costa Rica
Solanaceae,Solanum vacciniiflorum,Standl. & L.O. Williams,Costa Rica
Solanaceae,Witheringia coccoloboides,(Dammer) Hunz.,Costa Rica
Solanaceae,Witheringia solanacea,L'Hér.,Costa Rica
Staphyleaceae,Turpinia occidentalis,(Sw.) G.Don,Costa Rica
Stemonuraceae,Discophora guianensis,Miers,Costa Rica
Styracaceae,Styrax argenteus,C.Presl,Costa Rica
Styracaceae,Styrax glabratus,Schott,Costa Rica
Styracaceae,Styrax glabrescens,Benth.,Costa Rica
Styracaceae,Styrax nicaraguensis,P.W. Fritsch,Costa Rica
Styracaceae,Styrax peruvianus,Zahlbr.,Costa Rica
Styracaceae,Styrax steyermarkii,P.W. Fritsch,Costa Rica
Styracaceae,Styrax warscewiczii,Perkins,Costa Rica
Surianaceae,Recchia simplicifolia,T.Wendt & E.J.Lott      ,Costa Rica
Surianaceae,Suriana maritima,L.,Costa Rica
Symplocaceae,Symplocos austin-smithii,Standl.,Costa Rica
Symplocaceae,Symplocos costaricana,Hemsl.,Costa Rica
Symplocaceae,Symplocos limoncillo,Bonpl.,Costa Rica
Symplocaceae,Symplocos naniflora,L.M. Kelly & Almeda,Costa Rica
Symplocaceae,Symplocos oreophila,Almeda,Costa Rica
Symplocaceae,Symplocos panamensis,McPherson,Costa Rica
Symplocaceae,Symplocos povedae,Almeda,Costa Rica
Symplocaceae,Symplocos retusa,"Kriebel, J.A. González & E. Alfaro V.",Costa Rica
Symplocaceae,Symplocos serrulata,Bonpl.,Costa Rica
Symplocaceae,Symplocos striata,Kriebel & N.Zamora,Costa Rica
Symplocaceae,Symplocos tribracteolata,Almeda,Costa Rica
Tapisciaceae,Huertea glandulosa,Ruiz & Pav.,Costa Rica
Tetrameristaceae,Pelliciera rhizophorae,Planch. & Triana,Costa Rica
Theaceae,Gordonia brenesii,(Standl.) Q.Jiménez,Costa Rica
Theaceae,Laplacea fruticosa,(Schrad.) Kobuski,Costa Rica
Thymelaeaceae,Daphnopsis americana,(Mill.) J.R.Johnst.,Costa Rica
Thymelaeaceae,Daphnopsis hammelii,Barringer & Nevling,Costa Rica
Thymelaeaceae,Daphnopsis morii,Barringer & Nevling,Costa Rica
Thymelaeaceae,Schoenobiblus panamensis,Standl. & L.O.Williams      ,Costa Rica
Ticodendraceae,Ticodendron incognitum,Gómez-Laur. & L.D.Gómez,Costa Rica
Trigoniaceae,Trigonia rugosa,Benth.,Costa Rica
Ulmaceae,Ampelocera hottlei,(Standl.) Standl.,Costa Rica
Ulmaceae,Ampelocera macphersonii,Todzia,Costa Rica
Ulmaceae,Ampelocera macrocarpa,Ferero & Gentry,Costa Rica
Ulmaceae,Phyllostylon rhamnoides,(J.Poiss.) Taub.,Costa Rica
Ulmaceae,Ulmus mexicana,(Liebm.) Planch.,Costa Rica
Urticaceae,Boehmeria aspera,Wedd.,Costa Rica
Urticaceae,Boehmeria caudata,Sw.,Costa Rica
Urticaceae,Boehmeria ramiflora,Jacq.,Costa Rica
Urticaceae,Boehmeria ulmifolia,Wedd.,Costa Rica
Urticaceae,Cecropia angustifolia,Trécul,Costa Rica
Urticaceae,Cecropia heterochroma,C.C.Berg & P.Franco,Costa Rica
Urticaceae,Cecropia hispidissima,Cuatrec.,Costa Rica
Urticaceae,Cecropia insignis,Liebm.,Costa Rica
Urticaceae,Cecropia obtusifolia,Bertol.,Costa Rica
Urticaceae,Cecropia peltata,L.,Costa Rica
Urticaceae,Cecropia pittieri,B.L.Rob. ex A.Stewart,Costa Rica
Urticaceae,Coussapoa asperifolia,Trécul,Costa Rica
Urticaceae,Coussapoa contorta,Cuatrec.,Costa Rica
Urticaceae,Coussapoa glaberrima,W.C.Burger,Costa Rica
Urticaceae,Coussapoa macerrima,Standl. & L.O.Williams ex Akkermans & C.C.Berg,Costa Rica
Urticaceae,Coussapoa nymphaeifolia,Standl.,Costa Rica
Urticaceae,Coussapoa parviceps,Standl.,Costa Rica
Urticaceae,Coussapoa parvifolia,Standl.,Costa Rica
Urticaceae,Coussapoa villosa,Poepp. & Endl.,Costa Rica
Urticaceae,Discocnide mexicana,(Liebm.) Chew,Costa Rica
Urticaceae,Myriocarpa bifurca,Liebm.,Costa Rica
Urticaceae,Myriocarpa cordifolia,Liebm.,Costa Rica
Urticaceae,Myriocarpa longipes,Liebm.,Costa Rica
Urticaceae,Myriocarpa obovata,Donn. Sm.,Costa Rica
Urticaceae,Phenax mexicanus,Wedd.,Costa Rica
Urticaceae,Pourouma bicolor,Mart.,Costa Rica
Urticaceae,Pourouma minor,Benoist,Costa Rica
Urticaceae,Pouzolzia obliqua,(Wedd.) Wedd.,Costa Rica
Urticaceae,Urera baccifera,(L.) Gaudich. ex Wedd.,Costa Rica
Urticaceae,Urera caracasana,(Jacq.) Gaudich. ex Griseb.,Costa Rica
Urticaceae,Urera elata,(Sw.) Griseb.,Costa Rica
Urticaceae,Urera fenestrata,A.K.Monro & Al.Rodr.,Costa Rica
Urticaceae,Urera laciniata,Wedd.,Costa Rica
Urticaceae,Urera simplex,Wedd.,Costa Rica
Urticaceae,Urera verrucosa,(Liebm.) V.W.Steinm.,Costa Rica
Verbenaceae,Citharexylum caudatum,L.,Costa Rica
Verbenaceae,Citharexylum cooperi,Standl.,Costa Rica
Verbenaceae,Citharexylum costaricense,Moldenke,Costa Rica
Verbenaceae,Citharexylum donnell-smithii,Greenm.,Costa Rica
Verbenaceae,Citharexylum hexangulare,Greenm.,Costa Rica
Verbenaceae,Citharexylum macradenium,Greenm.,Costa Rica
Verbenaceae,Citharexylum mocinnoi,D.Don,Costa Rica
Verbenaceae,Citharexylum schottii,Greenm.,Costa Rica
Verbenaceae,Duranta costaricensis,(Donn.Sm.) Standl.,Costa Rica
Verbenaceae,Duranta erecta,L.,Costa Rica
Verbenaceae,Lippia cardiostegia,Benth.,Costa Rica
Verbenaceae,Lippia myriocephala,Schltdl. & Cham.,Costa Rica
Verbenaceae,Lippia oxyphyllaria,(Donn.Sm.) Standl.,Costa Rica
Verbenaceae,Lippia umbellata,Cav.,Costa Rica
Verbenaceae,Rehdera trinervis,(S.F.Blake) Moldenke,Costa Rica
Viburnaceae,Sambucus peruviana,Kunth,Costa Rica
Viburnaceae,Viburnum costaricanum,(Oerst.) Hemsl.,Costa Rica
Viburnaceae,Viburnum stellatotomentosum,(Oerst.) Hemsl.,Costa Rica
Viburnaceae,Viburnum venustum,C.V.Morton,Costa Rica
Violaceae,Amphirrhox longifolia,(A.St.-Hil.) Spreng.,Costa Rica
Violaceae,Bribria crenata,(S.F.Blake) Wahlert & H.E.Ballard,Costa Rica
Violaceae,Fusispermum laxiflorum,Hekking,Costa Rica
Violaceae,Gloeospermum boreale,Morton        ,Costa Rica
Violaceae,Hybanthus denticulatus,"H.E.Ballard, Wetter & N.Zamora",Costa Rica
Violaceae,Hybanthus yucatanensis,Millsp.,Costa Rica
Violaceae,Ixchelia mexicana,(Ging. ex DC.) H.E.Ballard & Wahlert,Costa Rica
Violaceae,Orthion guatemalense,Lundell,Costa Rica
Violaceae,Paypayrola grandiflora,Tul.,Costa Rica
Violaceae,Pombalia prunifolia,(Humb. & Bonpl. ex Willd.) Paula-Souza,Costa Rica
Violaceae,Rinorea dasyadena,A.Robyns,Costa Rica
Violaceae,Rinorea deflexiflora,Bartlett,Costa Rica
Violaceae,Rinorea hummelii,Sprague,Costa Rica
Violaceae,Rinorea idarragae,Hoyos-Gómez,Costa Rica
Violaceae,Rinorea lindeniana,(Tul.) Kuntze,Costa Rica
Violaceae,Rinorea paniculata,(Mart.) Kuntze,Costa Rica
Violaceae,Rinorea squamata,S.F. Blake,Costa Rica
Violaceae,Rinorea sylvatica,(Seem.) Kuntze,Costa Rica
Vochysiaceae,Qualea paraensis,Ducke,Costa Rica
Vochysiaceae,Qualea polychroma,Stafleu,Costa Rica
Vochysiaceae,Vochysia allenii,Standl. & L.O.Williams,Costa Rica
Vochysiaceae,Vochysia ferruginea,Mart.,Costa Rica
Vochysiaceae,Vochysia gentryi,Marc.-Berti,Costa Rica
Vochysiaceae,Vochysia guatemalensis,Donn. Sm.,Costa Rica
Winteraceae,Drimys granadensis,L.f.,Costa Rica
Zygophyllaceae,Guaiacum sanctum,L.,Costa Rica
