family,taxon,author,native to
Acanthaceae,Anisotes pubinervius,(T.Anderson) Heine,Democratic Republic of the Congo
Acanthaceae,Avicennia germinans,(L.) L.,Democratic Republic of the Congo
Acanthaceae,Justicia maxima,(Lindau) S.Moore,Democratic Republic of the Congo
Acanthaceae,Mimulopsis arborescens,C.B.Clarke,Democratic Republic of the Congo
Achariaceae,Buchnerodendron speciosum,Gürke,Democratic Republic of the Congo
Achariaceae,Caloncoba crepiniana,(De Wild. & T.Durand) Gilg,Democratic Republic of the Congo
Achariaceae,Caloncoba flagelliflora,(Mildbr.) Gilg ex Pellegr.,Democratic Republic of the Congo
Achariaceae,Caloncoba glauca,(P.Beauv.) Gilg,Democratic Republic of the Congo
Achariaceae,Caloncoba welwitschii,(Oliv.) Gilg,Democratic Republic of the Congo
Achariaceae,Camptostylus mannii,(Oliv.) Gilg,Democratic Republic of the Congo
Achariaceae,Dasylepis eggelingii,J.B.Gillett,Democratic Republic of the Congo
Achariaceae,Dasylepis racemosa,Oliv.,Democratic Republic of the Congo
Achariaceae,Dasylepis seretii,De Wild.,Democratic Republic of the Congo
Achariaceae,Lindackeria bukobensis,Gilg,Democratic Republic of the Congo
Achariaceae,Lindackeria dentata,(Oliv.) Gilg,Democratic Republic of the Congo
Achariaceae,Lindackeria schweinfurthii,Gilg,Democratic Republic of the Congo
Achariaceae,Poggea alata,Gürke,Democratic Republic of the Congo
Achariaceae,Rawsonia lucida,Harv. & Sond.,Democratic Republic of the Congo
Achariaceae,Scottellia klaineana,Pierre,Democratic Republic of the Congo
Achariaceae,Scottellia orientalis,Gilg,Democratic Republic of the Congo
Anacardiaceae,Antrocaryon klaineanum,Pierre,Democratic Republic of the Congo
Anacardiaceae,Antrocaryon micraster,A.Chev. & Guillaumin,Democratic Republic of the Congo
Anacardiaceae,Antrocaryon nannanii,De Wild.,Democratic Republic of the Congo
Anacardiaceae,Haematostaphis barteri,Hook.f.,Democratic Republic of the Congo
Anacardiaceae,Lannea antiscorbutica,(Hiern) Engl.,Democratic Republic of the Congo
Anacardiaceae,Lannea asymmetrica,R.E.Fr.,Democratic Republic of the Congo
Anacardiaceae,Lannea barteri,(Oliv.) Engl.,Democratic Republic of the Congo
Anacardiaceae,Lannea discolor,(Sond.) Engl.,Democratic Republic of the Congo
Anacardiaceae,Lannea fulva,(Engl.) Engl.,Democratic Republic of the Congo
Anacardiaceae,Lannea schimperi,(Hochst. ex A.Rich.) Engl.,Democratic Republic of the Congo
Anacardiaceae,Lannea welwitschii,(Hiern) Engl.,Democratic Republic of the Congo
Anacardiaceae,Ozoroa insignis,Delile,Democratic Republic of the Congo
Anacardiaceae,Ozoroa kassneri,(Engl. & Brehmer) R.Fern. & A.Fern.,Democratic Republic of the Congo
Anacardiaceae,Ozoroa uelensis,(Van der Veken) R.Fern. & A.Fern.,Democratic Republic of the Congo
Anacardiaceae,Pseudospondias longifolia,Engl.,Democratic Republic of the Congo
Anacardiaceae,Pseudospondias microcarpa,(A.Rich.) Engl.,Democratic Republic of the Congo
Anacardiaceae,Sclerocarya birrea,(A.Rich.) Hochst.,Democratic Republic of the Congo
Anacardiaceae,Searsia anchietae,(Ficalho & Hiern) Moffett,Democratic Republic of the Congo
Anacardiaceae,Searsia crenulata,(A.Rich.) Moffett,Democratic Republic of the Congo
Anacardiaceae,Searsia longipes,(Engl.) Moffett,Democratic Republic of the Congo
Anacardiaceae,Searsia natalensis,(Bernh. ex C.Krauss) F.A.Barkley,Democratic Republic of the Congo
Anacardiaceae,Searsia pyroides,(Burch.) Moffett,Democratic Republic of the Congo
Anacardiaceae,Searsia quartiniana,(A.Rich.) A.J.Mill.,Democratic Republic of the Congo
Anacardiaceae,Searsia ruspolii,(Engl.) Moffett,Democratic Republic of the Congo
Anacardiaceae,Sorindeia africana,(Engl.) Van der Veken,Democratic Republic of the Congo
Anacardiaceae,Sorindeia grandifolia,Engl.,Democratic Republic of the Congo
Anacardiaceae,Sorindeia juglandifolia,(A.Rich.) Planch. ex Oliv.,Democratic Republic of the Congo
Anacardiaceae,Sorindeia winkleri,Engl.,Democratic Republic of the Congo
Anacardiaceae,Trichoscypha acuminata,Engl.,Democratic Republic of the Congo
Anacardiaceae,Trichoscypha laxiflora,Engl.,Democratic Republic of the Congo
Anacardiaceae,Trichoscypha lucens,Oliv.,Democratic Republic of the Congo
Anacardiaceae,Trichoscypha oddonii,De Wild.,Democratic Republic of the Congo
Anacardiaceae,Trichoscypha oliveri,Engl.,Democratic Republic of the Congo
Anacardiaceae,Trichoscypha patens,(Oliv.) Engl.,Democratic Republic of the Congo
Anacardiaceae,Trichoscypha reygaertii,De Wild.,Democratic Republic of the Congo
Anisophylleaceae,Anisophyllea boehmii,Engl.,Democratic Republic of the Congo
Anisophylleaceae,Anisophyllea meniaudii,Aubrév. & Pellegr.,Democratic Republic of the Congo
Annonaceae,Annickia ambigua,(Robyns & Ghesq.) Setten & Maas,Democratic Republic of the Congo
Annonaceae,Annickia chlorantha,(Oliv.) Setten & Maas,Democratic Republic of the Congo
Annonaceae,Annickia lebrunii,(Robyns & Ghesq.) Setten & Maas,Democratic Republic of the Congo
Annonaceae,Annickia pilosa,(Exell) Setten & Maas,Democratic Republic of the Congo
Annonaceae,Annona glabra,L.,Democratic Republic of the Congo
Annonaceae,Annona senegalensis,Pers.,Democratic Republic of the Congo
Annonaceae,Anonidium brieyi,De Wild.,Democratic Republic of the Congo
Annonaceae,Anonidium mannii,(Oliv.) Engl. & Diels,Democratic Republic of the Congo
Annonaceae,Artabotrys brachypetalus,Benth.,Democratic Republic of the Congo
Annonaceae,Artabotrys monteiroae,Oliv.,Democratic Republic of the Congo
Annonaceae,Brieya fasciculata,De Wild.,Democratic Republic of the Congo
Annonaceae,Cleistopholis glauca,Pierre ex Engl. & Diels,Democratic Republic of the Congo
Annonaceae,Cleistopholis patens,(Benth.) Engl. & Diels,Democratic Republic of the Congo
Annonaceae,Duguetia staudtii,(Engl. & Diels) Chatrou,Democratic Republic of the Congo
Annonaceae,Greenwayodendron suaveolens,(Engl. & Diels) Verdc.,Democratic Republic of the Congo
Annonaceae,Hexalobus crispiflorus,A.Rich.,Democratic Republic of the Congo
Annonaceae,Hexalobus monopetalus,(A.Rich.) Engl. & Diels,Democratic Republic of the Congo
Annonaceae,Isolona congolana,(De Wild. & T.Durand) Engl. & Diels,Democratic Republic of the Congo
Annonaceae,Isolona dewevrei,(De Wild. & T.Durand) Engl. & Diels,Democratic Republic of the Congo
Annonaceae,Isolona hexaloba,(Pierre) Engl. & Diels,Democratic Republic of the Congo
Annonaceae,Isolona lebrunii,Boutique,Democratic Republic of the Congo
Annonaceae,Isolona pilosa,Diels,Democratic Republic of the Congo
Annonaceae,Isolona thonneri,(De Wild. & T.Durand) Engl. & Diels,Democratic Republic of the Congo
Annonaceae,Meiocarpidium oliverianum,(Baill.) D.M.Johnson & N.A.Murray,Democratic Republic of the Congo
Annonaceae,Mischogyne congensis,Gosline,Democratic Republic of the Congo
Annonaceae,Mischogyne elliotiana,(Engl. & Diels) R.E.Fr. ex Le Thomas,Democratic Republic of the Congo
Annonaceae,Monanthotaxis buchananii,(Engl.) Verdc.,Democratic Republic of the Congo
Annonaceae,Monanthotaxis littoralis,(Bagsh. & Baker f.) Verdc.,Democratic Republic of the Congo
Annonaceae,Monanthotaxis obovata,(Benth.) P.H.Hoekstra,Democratic Republic of the Congo
Annonaceae,Monanthotaxis parvifolia,(Oliv.) Verdc.,Democratic Republic of the Congo
Annonaceae,Monodora angolensis,Welw.,Democratic Republic of the Congo
Annonaceae,Monodora laurentii,De Wild.,Democratic Republic of the Congo
Annonaceae,Monodora myristica,(Gaertn.) Dunal,Democratic Republic of the Congo
Annonaceae,Monodora tenuifolia,Benth.,Democratic Republic of the Congo
Annonaceae,Neostenanthera myristicifolia,(Oliv.) Exell,Democratic Republic of the Congo
Annonaceae,Piptostigma mortehanii,De Wild.,Democratic Republic of the Congo
Annonaceae,Polyceratocarpus angustifolius,Paiva,Democratic Republic of the Congo
Annonaceae,Polyceratocarpus gossweileri,(Exell) Paiva,Democratic Republic of the Congo
Annonaceae,Polyceratocarpus laurifolius,Paiva,Democratic Republic of the Congo
Annonaceae,Sphaerocoryne gracilis,(Engl. & Diels) Verdc.,Democratic Republic of the Congo
Annonaceae,Uvaria angolensis,Welw. ex Oliv.,Democratic Republic of the Congo
Annonaceae,Uvaria laurentii,De Wild.,Democratic Republic of the Congo
Annonaceae,Uvaria schweinfurthii,Engl. & Diels,Democratic Republic of the Congo
Annonaceae,Uvaria welwitschii,(Hiern) Engl. & Diels,Democratic Republic of the Congo
Annonaceae,Uvariastrum germainii,Boutique,Democratic Republic of the Congo
Annonaceae,Uvariastrum hexaloboides,(R.E.Fr.) R.E.Fr. ex N.Robson,Democratic Republic of the Congo
Annonaceae,Uvariastrum pierreanum,Engl.,Democratic Republic of the Congo
Annonaceae,Uvariodendron fuscum,(Benth.) R.E.Fries,Democratic Republic of the Congo
Annonaceae,Uvariodendron molundense,(Diels) R.E.Fr.,Democratic Republic of the Congo
Annonaceae,Uvariopsis congensis,Robyns & Ghesq.,Democratic Republic of the Congo
Annonaceae,Uvariopsis congolana,(De Wild.) R.E.Fr.,Democratic Republic of the Congo
Annonaceae,Uvariopsis solheidii,(De Wild.) Robyns & Ghesq.,Democratic Republic of the Congo
Annonaceae,Uvariopsis vanderystii,Robyns & Ghesq.,Democratic Republic of the Congo
Annonaceae,Xylopia acutiflora,(Dunal) A.Rich.,Democratic Republic of the Congo
Annonaceae,Xylopia aethiopica,(Dunal) A.Rich.,Democratic Republic of the Congo
Annonaceae,Xylopia aurantiiodora,De Wild. & T.Durand,Democratic Republic of the Congo
Annonaceae,Xylopia congolensis,De Wild.,Democratic Republic of the Congo
Annonaceae,Xylopia cupularis,Mildbr.,Democratic Republic of the Congo
Annonaceae,Xylopia flamignii,Boutique,Democratic Republic of the Congo
Annonaceae,Xylopia gilbertii,Boutique,Democratic Republic of the Congo
Annonaceae,Xylopia globosa,D.M.Johnson & N.A.Murray,Democratic Republic of the Congo
Annonaceae,Xylopia hypolampra,Mildbr.,Democratic Republic of the Congo
Annonaceae,Xylopia katangensis,De Wild.,Democratic Republic of the Congo
Annonaceae,Xylopia longipetala,De Wild. & T.Durand,Democratic Republic of the Congo
Annonaceae,Xylopia odoratissima,Welw. ex Oliv.,Democratic Republic of the Congo
Annonaceae,Xylopia phloiodora,Mildbr.,Democratic Republic of the Congo
Annonaceae,Xylopia pynaertii,De Wild.,Democratic Republic of the Congo
Annonaceae,Xylopia quintasii,Pierre ex Engl. & Diels,Democratic Republic of the Congo
Annonaceae,Xylopia rubescens,Oliv.,Democratic Republic of the Congo
Annonaceae,Xylopia shirensis,(Diels & Engl.) D.M.Johnson & N.A.Murray,Democratic Republic of the Congo
Annonaceae,Xylopia staudtii,Engl. & Diels,Democratic Republic of the Congo
Annonaceae,Xylopia thomsonii,Oliv.,Democratic Republic of the Congo
Annonaceae,Xylopia toussaintii,Boutique,Democratic Republic of the Congo
Annonaceae,Xylopia wilwerthii,De Wild. & T.Durand,Democratic Republic of the Congo
Apocynaceae,Acokanthera oppositifolia,(Lam.) Codd,Democratic Republic of the Congo
Apocynaceae,Acokanthera schimperi,(A.DC.) Schweinf.,Democratic Republic of the Congo
Apocynaceae,Alstonia boonei,De Wild.,Democratic Republic of the Congo
Apocynaceae,Alstonia congensis,Engl.,Democratic Republic of the Congo
Apocynaceae,Calotropis procera,(Aiton) W.T.Aiton,Democratic Republic of the Congo
Apocynaceae,Carissa macrocarpa,(Eckl.) A.DC.,Democratic Republic of the Congo
Apocynaceae,Diplorhynchus condylocarpon,(Müll.Arg.) Pichon,Democratic Republic of the Congo
Apocynaceae,Funtumia africana,(Benth.) Stapf,Democratic Republic of the Congo
Apocynaceae,Funtumia elastica,(Preuss) Stapf,Democratic Republic of the Congo
Apocynaceae,Holarrhena floribunda,(G.Don) T.Durand & Schinz,Democratic Republic of the Congo
Apocynaceae,Holarrhena pubescens,Wall. ex G.Don,Democratic Republic of the Congo
Apocynaceae,Hunteria congolana,Pichon,Democratic Republic of the Congo
Apocynaceae,Hunteria densiflora,Pichon,Democratic Republic of the Congo
Apocynaceae,Hunteria myriantha,Omino,Democratic Republic of the Congo
Apocynaceae,Hunteria oxyantha,Omino,Democratic Republic of the Congo
Apocynaceae,Hunteria umbellata,(K.Schum.) Hallier f.,Democratic Republic of the Congo
Apocynaceae,Landolphia parvifolia,K.Schum.,Democratic Republic of the Congo
Apocynaceae,Malouetia mildbraedii,(Gilg & Stapf) J.Ploeg,Democratic Republic of the Congo
Apocynaceae,Mascarenhasia arborescens,A.DC.,Democratic Republic of the Congo
Apocynaceae,Picralima nitida,(Stapf) T.Durand & H.Durand,Democratic Republic of the Congo
Apocynaceae,Pleiocarpa bicarpellata,Stapf,Democratic Republic of the Congo
Apocynaceae,Pleiocarpa pycnantha,(K.Schum.) Stapf,Democratic Republic of the Congo
Apocynaceae,Rauvolfia caffra,Sond.,Democratic Republic of the Congo
Apocynaceae,Rauvolfia mannii,Stapf,Democratic Republic of the Congo
Apocynaceae,Rauvolfia vomitoria,Afzel.,Democratic Republic of the Congo
Apocynaceae,Schizozygia coffaeoides,Baill.,Democratic Republic of the Congo
Apocynaceae,Strophanthus eminii,Asch. ex Pax,Democratic Republic of the Congo
Apocynaceae,Strophanthus welwitschii,(Baill.) K.Schum.,Democratic Republic of the Congo
Apocynaceae,Tabernaemontana brachyantha,Stapf,Democratic Republic of the Congo
Apocynaceae,Tabernaemontana crassa,Benth.,Democratic Republic of the Congo
Apocynaceae,Tabernaemontana odoratissima,(Stapf) Leeuwenb.,Democratic Republic of the Congo
Apocynaceae,Tabernaemontana pachysiphon,Stapf,Democratic Republic of the Congo
Apocynaceae,Tabernaemontana penduliflora,K.Schum.,Democratic Republic of the Congo
Apocynaceae,Tabernaemontana stapfiana,Britten,Democratic Republic of the Congo
Apocynaceae,Tabernaemontana ventricosa,Hochst. ex A.DC.,Democratic Republic of the Congo
Apocynaceae,Tabernanthe iboga,Baill.,Democratic Republic of the Congo
Apocynaceae,Voacanga africana,Stapf ex Scott Elliot,Democratic Republic of the Congo
Apocynaceae,Voacanga bracteata,Stapf,Democratic Republic of the Congo
Apocynaceae,Voacanga chalotiana,Pierre ex Stapf,Democratic Republic of the Congo
Apocynaceae,Voacanga pachyceras,Leeuwenb.,Democratic Republic of the Congo
Apocynaceae,Voacanga thouarsii,Roem. & Schult.,Democratic Republic of the Congo
Aquifoliaceae,Ilex mitis,(L.) Radlk.,Democratic Republic of the Congo
Araliaceae,Astropanax abyssinicus,(Hochst. ex A.Rich.) Seem.,Democratic Republic of the Congo
Araliaceae,Astropanax barteri,Seem.,Democratic Republic of the Congo
Araliaceae,Astropanax evrardii,"(Bamps) Lowry, G.M.Plunkett, Gostel & Frodin",Democratic Republic of the Congo
Araliaceae,Astropanax goetzenii,"(Harms) Lowry, G.M.Plunkett, Gostel & Frodin",Democratic Republic of the Congo
Araliaceae,Astropanax polysciadius,"(Harms) Lowry, G.M.Plunkett, Gostel & Frodin",Democratic Republic of the Congo
Araliaceae,Astropanax urostachyus,"(Harms) Lowry, G.M.Plunkett, Gostel & Frodin",Democratic Republic of the Congo
Araliaceae,Cussonia angolensis,(Seem.) Hiern,Democratic Republic of the Congo
Araliaceae,Cussonia arborea,Hochst. ex A.Rich.,Democratic Republic of the Congo
Araliaceae,Cussonia brieyi,De Wild.,Democratic Republic of the Congo
Araliaceae,Cussonia holstii,Harms ex Engl.,Democratic Republic of the Congo
Araliaceae,Cussonia sessilis,Lebrun,Democratic Republic of the Congo
Araliaceae,Cussonia spicata,Thunb.,Democratic Republic of the Congo
Araliaceae,Polyscias fulva,(Hiern) Harms,Democratic Republic of the Congo
Araliaceae,Polyscias kivuensis,Bamps,Democratic Republic of the Congo
Arecaceae,Borassus aethiopum,Mart.,Democratic Republic of the Congo
Arecaceae,Borassus akeassii,"Bayton, Ouédr. & Guinko",Democratic Republic of the Congo
Arecaceae,Elaeis guineensis,Jacq.,Democratic Republic of the Congo
Arecaceae,Hyphaene guineensis,Schumach. & Thonn.,Democratic Republic of the Congo
Arecaceae,Hyphaene petersiana,Klotzsch ex Mart.,Democratic Republic of the Congo
Arecaceae,Phoenix reclinata,Jacq.,Democratic Republic of the Congo
Arecaceae,Raphia gentiliana,De Wild.,Democratic Republic of the Congo
Arecaceae,Raphia hookeri,G.Mann & H.Wendl.,Democratic Republic of the Congo
Arecaceae,Raphia laurentii,De Wild.,Democratic Republic of the Congo
Arecaceae,Raphia longiflora,G.Mann & H.Wendl.,Democratic Republic of the Congo
Arecaceae,Raphia monbuttorum,Drude,Democratic Republic of the Congo
Arecaceae,Raphia rostrata,Burret,Democratic Republic of the Congo
Arecaceae,Raphia ruwenzorica,Otedoh,Democratic Republic of the Congo
Arecaceae,Raphia sese,De Wild.,Democratic Republic of the Congo
Arecaceae,Raphia textilis,Welw.,Democratic Republic of the Congo
Arecaceae,Raphia vinifera,P.Beauv.,Democratic Republic of the Congo
Asparagaceae,Dracaena acutissima,Hua,Democratic Republic of the Congo
Asparagaceae,Dracaena afromontana,Mildbr.,Democratic Republic of the Congo
Asparagaceae,Dracaena arborea,(Willd.) Link,Democratic Republic of the Congo
Asparagaceae,Dracaena fragrans,(L.) Ker Gawl.,Democratic Republic of the Congo
Asparagaceae,Dracaena mannii,Baker,Democratic Republic of the Congo
Asparagaceae,Dracaena rubroaurantiaca,De Wild.,Democratic Republic of the Congo
Asparagaceae,Dracaena steudneri,Engl.,Democratic Republic of the Congo
Asteraceae,Baccharoides calvoana,"(Hook.f.) Isawumi, El-Ghazaly & B.Nord.",Democratic Republic of the Congo
Asteraceae,Brenandendron donianum,(DC.) H.Rob.,Democratic Republic of the Congo
Asteraceae,Brenandendron titanophyllum,(Brenan) H.Rob.,Democratic Republic of the Congo
Asteraceae,Conyza vernonioides,(Sch.Bip. ex A.Rich.) Wild,Democratic Republic of the Congo
Asteraceae,Dendrosenecio adnivalis,(Stapf) E.B.Knox,Democratic Republic of the Congo
Asteraceae,Dendrosenecio erici-rosenii,(R.E.Fr. & T.C.E.Fr.) E.B.Knox,Democratic Republic of the Congo
Asteraceae,Gymnanthemum amygdalinum,(Delile) Sch.Bip.,Democratic Republic of the Congo
Asteraceae,Gymnanthemum bellinghamii,(S.Moore) H.Rob.,Democratic Republic of the Congo
Asteraceae,Gymnanthemum coloratum,(Willd.) H.Rob. & B.Kahn,Democratic Republic of the Congo
Asteraceae,Gymnanthemum exsertiflorum,(Baker) H.Rob.,Democratic Republic of the Congo
Asteraceae,Gymnanthemum myrianthum,(Hook.f.) H.Rob.,Democratic Republic of the Congo
Asteraceae,Hoffmannanthus abbotianus,"(O.Hoffm.) H.Rob., S.C.Keeley & Skvarla",Democratic Republic of the Congo
Asteraceae,Vernonia brazzavillensis,Aubrév. Ex Compère,Democratic Republic of the Congo
Asteraceae,Vernonia hochstetteri,Sch.Bip. ex Walp.,Democratic Republic of the Congo
Bignoniaceae,Fernandoa adolfi-friderici,Gilg & Mildbr.,Democratic Republic of the Congo
Bignoniaceae,Kigelia africana,(Lam.) Benth.,Democratic Republic of the Congo
Bignoniaceae,Markhamia lutea,(Benth.) K.Schum.,Democratic Republic of the Congo
Bignoniaceae,Markhamia obtusifolia,(Baker) Sprague,Democratic Republic of the Congo
Bignoniaceae,Markhamia tomentosa,(Benth.) K.Schum. ex Engl.,Democratic Republic of the Congo
Bignoniaceae,Markhamia zanzibarica,(Bojer ex DC.) K.Schum.,Democratic Republic of the Congo
Bignoniaceae,Newbouldia laevis,(P.Beauv.) Seem. ex Bureau,Democratic Republic of the Congo
Bignoniaceae,Spathodea campanulata,P.Beauv.,Democratic Republic of the Congo
Bignoniaceae,Stereospermum harmsianum,K.Schum.,Democratic Republic of the Congo
Bignoniaceae,Stereospermum kunthianum,Cham.,Democratic Republic of the Congo
Bignoniaceae,Tecoma capensis,(Thunb.) Lindl.,Democratic Republic of the Congo
Bignoniaceae,Tecoma nyassae,Oliv.,Democratic Republic of the Congo
Bixaceae,Cochlospermum angolense,Welw. ex Oliv.,Democratic Republic of the Congo
Boraginaceae,Cordia africana,Lam.,Democratic Republic of the Congo
Boraginaceae,Cordia aurantiaca,Baker,Democratic Republic of the Congo
Boraginaceae,Cordia dewevrei,De Wild. & T.Durand,Democratic Republic of the Congo
Boraginaceae,Cordia gilletii,De Wild.,Democratic Republic of the Congo
Boraginaceae,Cordia millenii,Baker,Democratic Republic of the Congo
Boraginaceae,Cordia monoica,Roxb.,Democratic Republic of the Congo
Boraginaceae,Cordia mukuensis,Taton,Democratic Republic of the Congo
Boraginaceae,Cordia pilosissima,Baker,Democratic Republic of the Congo
Boraginaceae,Cordia senegalensis,Juss. ex Poir.,Democratic Republic of the Congo
Boraginaceae,Cordia uncinulata,De Wild.,Democratic Republic of the Congo
Boraginaceae,Ehretia cymosa,Thonn.,Democratic Republic of the Congo
Boraginaceae,Ehretia microcalyx,Vaupel,Democratic Republic of the Congo
Burseraceae,Canarium schweinfurthii,Engl.,Democratic Republic of the Congo
Burseraceae,Commiphora glandulosa,Schinz,Democratic Republic of the Congo
Burseraceae,Commiphora marlothii,Engl.,Democratic Republic of the Congo
Burseraceae,Commiphora mollis,(Oliv.) Engl.,Democratic Republic of the Congo
Burseraceae,Commiphora pteleifolia,Engl.,Democratic Republic of the Congo
Burseraceae,Commiphora schimperi,(O.Berg) Engl.,Democratic Republic of the Congo
Burseraceae,Dacryodes bampsiana,Pierlot,Democratic Republic of the Congo
Burseraceae,Dacryodes edulis,(G.Don) H.J.Lam,Democratic Republic of the Congo
Burseraceae,Dacryodes leonardiana,Pierlot,Democratic Republic of the Congo
Burseraceae,Dacryodes osika,(Guillaumin) H.J.Lam,Democratic Republic of the Congo
Burseraceae,Dacryodes pubescens,(Vermoesen) H.J.Lam,Democratic Republic of the Congo
Burseraceae,Dacryodes villiersiana,Onana,Democratic Republic of the Congo
Burseraceae,Pseudodacryodes leonardiana,Pierlot,Democratic Republic of the Congo
Burseraceae,Santiria ebo,(Pierre) H.J.Lam,Democratic Republic of the Congo
Burseraceae,Santiria obovata,(Pierre) H.J. Lam,Democratic Republic of the Congo
Burseraceae,Santiria trimera,(Oliv.) Aubrév.,Democratic Republic of the Congo
Buxaceae,Buxus acutata,Friis,Democratic Republic of the Congo
Calophyllaceae,Endodesmia calophylloides,Benth.,Democratic Republic of the Congo
Calophyllaceae,Lebrunia bushaie,Staner,Democratic Republic of the Congo
Calophyllaceae,Mammea africana,Sabine,Democratic Republic of the Congo
Canellaceae,Warburgia ugandensis,Sprague,Democratic Republic of the Congo
Cannabaceae,Celtis adolfi-friderici,Engl.,Democratic Republic of the Congo
Cannabaceae,Celtis africana,Burm.f.,Democratic Republic of the Congo
Cannabaceae,Celtis mildbraedii,Engl.,Democratic Republic of the Congo
Cannabaceae,Celtis philippensis,Blanco,Democratic Republic of the Congo
Cannabaceae,Celtis tessmannii,Rendle,Democratic Republic of the Congo
Cannabaceae,Celtis zenkeri,Engl.,Democratic Republic of the Congo
Cannabaceae,Sparrea gomphophylla,(Baker) X.G.Fu & T.S.Yi,Democratic Republic of the Congo
Cannabaceae,Trema orientale,(L.) Blume,Democratic Republic of the Congo
Capparaceae,Boscia angustifolia,A.Rich.,Democratic Republic of the Congo
Capparaceae,Boscia mossambicensis,Klotzsch,Democratic Republic of the Congo
Capparaceae,Boscia praecox,Hauman,Democratic Republic of the Congo
Capparaceae,Boscia salicifolia,Oliv.,Democratic Republic of the Congo
Capparaceae,Buchholzia coriacea,Engl.,Democratic Republic of the Congo
Capparaceae,Buchholzia tholloniana,Hua,Democratic Republic of the Congo
Capparaceae,Cadaba farinosa,Forssk.,Democratic Republic of the Congo
Capparaceae,Capparis pseudocerasifera,Hauman,Democratic Republic of the Congo
Capparaceae,Capparis viminea,Oliv.,Democratic Republic of the Congo
Capparaceae,Cladostemon kirkii,(Oliv.) Pax & Gilg,Democratic Republic of the Congo
Capparaceae,Crateva adansonii,DC.,Democratic Republic of the Congo
Capparaceae,Crateva eminens,(Hook.f.) Christenh. & Byng,Democratic Republic of the Congo
Capparaceae,Maerua angolensis,DC.,Democratic Republic of the Congo
Capparaceae,Maerua bussei,(Gilg & Gilg-Ben.) R.Wilczek,Democratic Republic of the Congo
Capparaceae,Maerua duchesnei,(De Wild.) F.White,Democratic Republic of the Congo
Capparaceae,Maerua elegans,Wilczek,Democratic Republic of the Congo
Capparaceae,Maerua homblei,De Wild.,Democratic Republic of the Congo
Capparaceae,Maerua juncea,Pax,Democratic Republic of the Congo
Capparaceae,Maerua kirkii,F.White,Democratic Republic of the Congo
Capparaceae,Maerua robynsii,Wilczek,Democratic Republic of the Congo
Capparaceae,Maerua triphylla,A.Rich.,Democratic Republic of the Congo
Capparaceae,Ritchiea albersii,Gilg,Democratic Republic of the Congo
Capparaceae,Ritchiea capparoides,(Andrews) Britten,Democratic Republic of the Congo
Capparaceae,Ritchiea quarrei,Wilczek,Democratic Republic of the Congo
Cardiopteridaceae,Leptaulus congolanus,(Baill.) Lobr.-Callen & Villiers,Democratic Republic of the Congo
Cardiopteridaceae,Leptaulus daphnoides,Benth.,Democratic Republic of the Congo
Cardiopteridaceae,Leptaulus holstii,(Engl.) Engl.,Democratic Republic of the Congo
Celastraceae,Cassine aethiopica,Thunb.,Democratic Republic of the Congo
Celastraceae,Cassine buchananii,Loes.,Democratic Republic of the Congo
Celastraceae,Catha edulis,(Vahl) Endl.,Democratic Republic of the Congo
Celastraceae,Elaeodendron kamerunense,(Loes.) Villiers,Democratic Republic of the Congo
Celastraceae,Gymnosporia arbutifolia,(Hochst. ex A.Rich.) Loes.,Democratic Republic of the Congo
Celastraceae,Gymnosporia buchananii,Loes.,Democratic Republic of the Congo
Celastraceae,Gymnosporia engleriana,Loes.,Democratic Republic of the Congo
Celastraceae,Gymnosporia gracilipes,(Welw. ex Oliv.) Loes.,Democratic Republic of the Congo
Celastraceae,Gymnosporia maranguensis,(Loes.) Loes.,Democratic Republic of the Congo
Celastraceae,Gymnosporia senegalensis,(Lam.) Loes.,Democratic Republic of the Congo
Celastraceae,Maytenus acuminata,(L.f.) Loes.,Democratic Republic of the Congo
Celastraceae,Maytenus procumbens,(L. f.) Loes.,Democratic Republic of the Congo
Celastraceae,Maytenus undata,(Thunb.) Blakelock,Democratic Republic of the Congo
Celastraceae,Pleurostylia africana,Loes.,Democratic Republic of the Congo
Celastraceae,Pristimera andongensis,(Welw. ex Oliv.) N.Hallé,Democratic Republic of the Congo
Celastraceae,Salacia lehmbachii,Loes.,Democratic Republic of the Congo
Celastraceae,Salacia mannii,Oliv.,Democratic Republic of the Congo
Celastraceae,Salacia ndakala,R.Wilczek,Democratic Republic of the Congo
Celastraceae,Salacia pallescens,Oliv.,Democratic Republic of the Congo
Celastraceae,Salacia pyriformis,(Sabine) Steud.,Democratic Republic of the Congo
Celastraceae,Salacia rhodesiaca,Blakelock,Democratic Republic of the Congo
Celastraceae,Salacia stuhlmanniana,Loes.,Democratic Republic of the Congo
Celastraceae,Wilczekra congolensis,(R.Wilczek) M.P.Simmons,Democratic Republic of the Congo
Chrysobalanaceae,Chrysobalanus icaco,L.,Democratic Republic of the Congo
Chrysobalanaceae,Dactyladenia barteri,(Hook.f. ex Oliv.) Prance & F.White,Democratic Republic of the Congo
Chrysobalanaceae,Dactyladenia buchneri,(Engl.) Prance & Sothers,Democratic Republic of the Congo
Chrysobalanaceae,Dactyladenia dewevrei,(De Wild. & T.Durand) Prance & F.White,Democratic Republic of the Congo
Chrysobalanaceae,Dactyladenia floribunda,Welw.,Democratic Republic of the Congo
Chrysobalanaceae,Dactyladenia gilletii,(De Wild.) Prance & F.White,Democratic Republic of the Congo
Chrysobalanaceae,Dactyladenia icondere,(Baill.) Prance & F.White,Democratic Republic of the Congo
Chrysobalanaceae,Dactyladenia lehmbachii,(Engl.) Prance & F.White,Democratic Republic of the Congo
Chrysobalanaceae,Dactyladenia pallescens,(Baill.) Prance & F.White,Democratic Republic of the Congo
Chrysobalanaceae,Dactyladenia sapinii,(De Wild.) Prance & F.White,Democratic Republic of the Congo
Chrysobalanaceae,Magnistipula butayei,De Wild.,Democratic Republic of the Congo
Chrysobalanaceae,Magnistipula tessmannii,(Engl.) Prance,Democratic Republic of the Congo
Chrysobalanaceae,Maranthes chrysophylla,(Oliv.) Prance ex F.White,Democratic Republic of the Congo
Chrysobalanaceae,Maranthes floribunda,(Baker) F.White,Democratic Republic of the Congo
Chrysobalanaceae,Maranthes gabunensis,(Engl.) Prance,Democratic Republic of the Congo
Chrysobalanaceae,Maranthes glabra,(Oliv.) Prance,Democratic Republic of the Congo
Chrysobalanaceae,Maranthes kerstingii,(Engl.) Prance ex F.White,Democratic Republic of the Congo
Chrysobalanaceae,Parinari congensis,Didr.,Democratic Republic of the Congo
Chrysobalanaceae,Parinari congolana,T.Durand & H.Durand,Democratic Republic of the Congo
Chrysobalanaceae,Parinari curatellifolia,Planch. ex Benth.,Democratic Republic of the Congo
Chrysobalanaceae,Parinari excelsa,Sabine,Democratic Republic of the Congo
Clusiaceae,Allanblackia floribunda,Oliv.,Democratic Republic of the Congo
Clusiaceae,Allanblackia kimbiliensis,Spirlet,Democratic Republic of the Congo
Clusiaceae,Allanblackia kisonghi,Vermoesen,Democratic Republic of the Congo
Clusiaceae,Allanblackia marienii,Staner,Democratic Republic of the Congo
Clusiaceae,Allanblackia staneriana,Exell & Mendonça,Democratic Republic of the Congo
Clusiaceae,Garcinia buchananii,Baker,Democratic Republic of the Congo
Clusiaceae,Garcinia chromocarpa,Engl.,Democratic Republic of the Congo
Clusiaceae,Garcinia epunctata,Stapf,Democratic Republic of the Congo
Clusiaceae,Garcinia huillensis,Welw.,Democratic Republic of the Congo
Clusiaceae,Garcinia kola,Heckel,Democratic Republic of the Congo
Clusiaceae,Garcinia livingstonei,T.Anderson,Democratic Republic of the Congo
Clusiaceae,Garcinia lujae,De Wild.,Democratic Republic of the Congo
Clusiaceae,Garcinia ovalifolia,Oliv.,Democratic Republic of the Congo
Clusiaceae,Garcinia pachyclada,N.Robson,Democratic Republic of the Congo
Clusiaceae,Garcinia punctata,Oliv.,Democratic Republic of the Congo
Clusiaceae,Garcinia robsoniana,Bamps,Democratic Republic of the Congo
Clusiaceae,Garcinia smeathmanii,(Planch. & Triana) Oliv.,Democratic Republic of the Congo
Clusiaceae,Garcinia volkensii,Engl.,Democratic Republic of the Congo
Clusiaceae,Pentadesma butyracea,Sabine,Democratic Republic of the Congo
Clusiaceae,Pentadesma lebrunii,Staner,Democratic Republic of the Congo
Clusiaceae,Pentadesma reyndersii,Spirlet,Democratic Republic of the Congo
Clusiaceae,Symphonia globulifera,L.f.,Democratic Republic of the Congo
Combretaceae,Combretum aculeatum,Vent.,Democratic Republic of the Congo
Combretaceae,Combretum adenogonium,Steud. ex A.Rich.,Democratic Republic of the Congo
Combretaceae,Combretum apiculatum,Sond.,Democratic Republic of the Congo
Combretaceae,Combretum bracteatum,(M.A.Lawson) Engl. & Diels,Democratic Republic of the Congo
Combretaceae,Combretum celastroides,Welw. ex M.A.Lawson,Democratic Republic of the Congo
Combretaceae,Combretum glutinosum,Perr. ex DC.,Democratic Republic of the Congo
Combretaceae,Combretum kasaiense,Liben,Democratic Republic of the Congo
Combretaceae,Combretum lokele,Liben,Democratic Republic of the Congo
Combretaceae,Combretum molle,R.Br. ex G.Don,Democratic Republic of the Congo
Combretaceae,Combretum mossambicense,(Klotzsch) Engl.,Democratic Republic of the Congo
Combretaceae,Combretum padoides,Engl. & Diels,Democratic Republic of the Congo
Combretaceae,Combretum platypterum,(Welw.) Hutch. & Dalziel,Democratic Republic of the Congo
Combretaceae,Combretum towaense,Engl. & Diels,Democratic Republic of the Congo
Combretaceae,Combretum umbricolum,Engl.,Democratic Republic of the Congo
Combretaceae,Combretum zeyheri,Sond.,Democratic Republic of the Congo
Combretaceae,Conocarpus erectus,L.,Democratic Republic of the Congo
Combretaceae,Laguncularia racemosa,(L.) C.F.Gaertn.,Democratic Republic of the Congo
Combretaceae,Strephonema sericeum,Hook.f.,Democratic Republic of the Congo
Combretaceae,Terminalia anisoptera,(Welw. ex M.A.Lawson) Gere & Boatwr.,Democratic Republic of the Congo
Combretaceae,Terminalia brachystemma,Welw. ex Hiern,Democratic Republic of the Congo
Combretaceae,Terminalia brownii,Fresen.,Democratic Republic of the Congo
Combretaceae,Terminalia griffithsiana,Liben,Democratic Republic of the Congo
Combretaceae,Terminalia hylodendron,(Mildbr.) Gere & Boatwr.,Democratic Republic of the Congo
Combretaceae,Terminalia laxiflora,Engl.,Democratic Republic of the Congo
Combretaceae,Terminalia leiocarpa,(DC.) Baill.,Democratic Republic of the Congo
Combretaceae,Terminalia macroptera,Guill. & Perr.,Democratic Republic of the Congo
Combretaceae,Terminalia mollis,M.A.Lawson,Democratic Republic of the Congo
Combretaceae,Terminalia sericea,Burch. ex DC.,Democratic Republic of the Congo
Combretaceae,Terminalia stenostachya,Engl. & Diels,Democratic Republic of the Congo
Combretaceae,Terminalia superba,Engl. & Diels,Democratic Republic of the Congo
Combretaceae,Terminalia welwitschii,Gere & Boatwr.,Democratic Republic of the Congo
Connaraceae,Connarus longistipitatus,Gilg,Democratic Republic of the Congo
Connaraceae,Hemandradenia mannii,Stapf,Democratic Republic of the Congo
Connaraceae,Jollydora duparquetiana,(Baill.) Pierre,Democratic Republic of the Congo
Connaraceae,Rourea coccinea,(Schumach. & Thonn.) Benth.,Democratic Republic of the Congo
Connaraceae,Rourea orientalis,Baill.,Democratic Republic of the Congo
Connaraceae,Rourea thomsonii,(Baker) Jongkind,Democratic Republic of the Congo
Cornaceae,Alangium chinense,(Lour.) Harms,Democratic Republic of the Congo
Cornaceae,Cornus volkensii,Harms,Democratic Republic of the Congo
Ctenolophonaceae,Ctenolophon englerianus,Mildbr.,Democratic Republic of the Congo
Cupressaceae,Juniperus procera,Hochst. ex Endl.,Democratic Republic of the Congo
Cyatheaceae,Gymnosphaera mildbraedii,(Brause) S.Y.Dong,Democratic Republic of the Congo
Dichapetalaceae,Dichapetalum barteri,Engl.,Democratic Republic of the Congo
Dichapetalaceae,Dichapetalum germainii,Hauman,Democratic Republic of the Congo
Dichapetalaceae,Dichapetalum glomeratum,Engl.,Democratic Republic of the Congo
Dichapetalaceae,Dichapetalum heudelotii,(Planch. ex Oliv.) Baill.,Democratic Republic of the Congo
Dichapetalaceae,Dichapetalum insigne,Engl.,Democratic Republic of the Congo
Dichapetalaceae,Dichapetalum madagascariense,Poir.,Democratic Republic of the Congo
Dichapetalaceae,Dichapetalum stuhlmannii,Engl.,Democratic Republic of the Congo
Dichapetalaceae,Dichapetalum ugandense,M.B.Moss,Democratic Republic of the Congo
Dichapetalaceae,Dichapetalum zenkeri,Engl.,Democratic Republic of the Congo
Dichapetalaceae,Tapura fischeri,Engl.,Democratic Republic of the Congo
Dipterocarpaceae,Marquesia acuminata,(Gilg) R.E.Fr.,Democratic Republic of the Congo
Dipterocarpaceae,Marquesia macroura,Gilg,Democratic Republic of the Congo
Dipterocarpaceae,Monotes adenophyllus,Gilg,Democratic Republic of the Congo
Dipterocarpaceae,Monotes africanus,A.DC.,Democratic Republic of the Congo
Dipterocarpaceae,Monotes autennei,P.A.Duvign.,Democratic Republic of the Congo
Dipterocarpaceae,Monotes dasyanthus,Gilg,Democratic Republic of the Congo
Dipterocarpaceae,Monotes doryphorus,P.A.Duvign.,Democratic Republic of the Congo
Dipterocarpaceae,Monotes duvigneaudii,Meerts,Democratic Republic of the Congo
Dipterocarpaceae,Monotes glaber,Sprague,Democratic Republic of the Congo
Dipterocarpaceae,Monotes hirtii,P.A.Duvign.,Democratic Republic of the Congo
Dipterocarpaceae,Monotes hypoleucus,(Welw.) Gilg,Democratic Republic of the Congo
Dipterocarpaceae,Monotes katangensis,(De Wild.) De Wild.,Democratic Republic of the Congo
Dipterocarpaceae,Monotes magnificus,Gilg,Democratic Republic of the Congo
Dipterocarpaceae,Monotes pearsonii,H.H.Bancr.,Democratic Republic of the Congo
Dipterocarpaceae,Monotes rubriglans,H.H.Bancr.,Democratic Republic of the Congo
Ebenaceae,Diospyros abyssinica,(Hiern) F.White,Democratic Republic of the Congo
Ebenaceae,Diospyros batocana,Hiern,Democratic Republic of the Congo
Ebenaceae,Diospyros bipindensis,Gürke,Democratic Republic of the Congo
Ebenaceae,Diospyros boala,De Wild.,Democratic Republic of the Congo
Ebenaceae,Diospyros canaliculata,De Wild.,Democratic Republic of the Congo
Ebenaceae,Diospyros chrysocarpa,F.White,Democratic Republic of the Congo
Ebenaceae,Diospyros cinnabarina,(Gürke) F.White,Democratic Republic of the Congo
Ebenaceae,Diospyros conocarpa,Gürke,Democratic Republic of the Congo
Ebenaceae,Diospyros crassiflora,Hiern,Democratic Republic of the Congo
Ebenaceae,Diospyros dendo,Welw. ex Hiern,Democratic Republic of the Congo
Ebenaceae,Diospyros ferrea,(Willd.) Bakh.,Democratic Republic of the Congo
Ebenaceae,Diospyros gabunensis,Gürke,Democratic Republic of the Congo
Ebenaceae,Diospyros gilletii,De Wild.,Democratic Republic of the Congo
Ebenaceae,Diospyros gracilescens,Gürke,Democratic Republic of the Congo
Ebenaceae,Diospyros grex,F.White,Democratic Republic of the Congo
Ebenaceae,Diospyros heterotricha,(Welw. ex Hiern) F.White,Democratic Republic of the Congo
Ebenaceae,Diospyros hoyleana,F.White,Democratic Republic of the Congo
Ebenaceae,Diospyros iturensis,(Gürke) Letouzey & F.White,Democratic Republic of the Congo
Ebenaceae,Diospyros kirkii,Hiern,Democratic Republic of the Congo
Ebenaceae,Diospyros lycioides,Desf.,Democratic Republic of the Congo
Ebenaceae,Diospyros mannii,Hiern,Democratic Republic of the Congo
Ebenaceae,Diospyros melocarpa,F.White,Democratic Republic of the Congo
Ebenaceae,Diospyros monbuttensis,Gürke,Democratic Republic of the Congo
Ebenaceae,Diospyros mweroensis,F.White,Democratic Republic of the Congo
Ebenaceae,Diospyros natalensis,(Harv.) Brenan,Democratic Republic of the Congo
Ebenaceae,Diospyros piscatoria,Gürke,Democratic Republic of the Congo
Ebenaceae,Diospyros polystemon,Gürke,Democratic Republic of the Congo
Ebenaceae,Diospyros preussii,Gürke,Democratic Republic of the Congo
Ebenaceae,Diospyros pseudomespilus,Mildbr.,Democratic Republic of the Congo
Ebenaceae,Diospyros sankurensis,Gürke,Democratic Republic of the Congo
Ebenaceae,Diospyros senensis,Klotzsch,Democratic Republic of the Congo
Ebenaceae,Diospyros squarrosa,Klotzsch,Democratic Republic of the Congo
Ebenaceae,Diospyros troupinii,F.White,Democratic Republic of the Congo
Ebenaceae,Diospyros vermoesenii,De Wild.,Democratic Republic of the Congo
Ebenaceae,Diospyros virgata,(Gürke) Brenan,Democratic Republic of the Congo
Ebenaceae,Diospyros viridicans,Hiern,Democratic Republic of the Congo
Ebenaceae,Diospyros wagemansii,F.White,Democratic Republic of the Congo
Ebenaceae,Diospyros zenkeri,(Gürke) F.White,Democratic Republic of the Congo
Ebenaceae,Euclea divinorum,Hiern,Democratic Republic of the Congo
Ebenaceae,Euclea natalensis,A.DC.,Democratic Republic of the Congo
Ebenaceae,Euclea racemosa,L.,Democratic Republic of the Congo
Ericaceae,Agarista salicifolia,(Lam.) G.Don,Democratic Republic of the Congo
Ericaceae,Erica arborea,L.,Democratic Republic of the Congo
Ericaceae,Erica benguelensis,(Welw. ex Engl.) E.G.H.Oliv.,Democratic Republic of the Congo
Ericaceae,Erica kingaensis,Engl.,Democratic Republic of the Congo
Ericaceae,Erica mannii,(Hook.f.) Beentje,Democratic Republic of the Congo
Erythroxylaceae,Aneulophus africanus,Benth.,Democratic Republic of the Congo
Erythroxylaceae,Erythroxylum fischeri,Engl.,Democratic Republic of the Congo
Erythroxylaceae,Erythroxylum mannii,Oliv.,Democratic Republic of the Congo
Erythroxylaceae,Pinacopodium congolense,(S.Moore) Exell & Mendonça,Democratic Republic of the Congo
Euphorbiaceae,Acalypha acrogyna,Pax,Democratic Republic of the Congo
Euphorbiaceae,Acalypha chirindica,S.Moore,Democratic Republic of the Congo
Euphorbiaceae,Acalypha neptunica,Müll.Arg.,Democratic Republic of the Congo
Euphorbiaceae,Acalypha ornata,Hochst. ex A.Rich.,Democratic Republic of the Congo
Euphorbiaceae,Alchornea cordifolia,(Schumach. & Thonn.) Müll.Arg.,Democratic Republic of the Congo
Euphorbiaceae,Alchornea floribunda,Müll.Arg.,Democratic Republic of the Congo
Euphorbiaceae,Alchornea hirtella,Benth.,Democratic Republic of the Congo
Euphorbiaceae,Alchornea laxiflora,(Benth.) Pax & K.Hoffm.,Democratic Republic of the Congo
Euphorbiaceae,Alchornea occidentalis,(Müll.Arg.) Pax & K.Hoffm.,Democratic Republic of the Congo
Euphorbiaceae,Argomuellera macrophylla,Pax,Democratic Republic of the Congo
Euphorbiaceae,Argomuellera pierlotiana,J.Léonard,Democratic Republic of the Congo
Euphorbiaceae,Cavacoa quintasii,(Pax & K.Hoffm.) J.Léonard,Democratic Republic of the Congo
Euphorbiaceae,Cleidion gabonicum,Baill.,Democratic Republic of the Congo
Euphorbiaceae,Croton brieyi,De Wild.,Democratic Republic of the Congo
Euphorbiaceae,Croton congensis,De Wild.,Democratic Republic of the Congo
Euphorbiaceae,Croton draconopsis,Müll.Arg.,Democratic Republic of the Congo
Euphorbiaceae,Croton gratissimus,Burch.,Democratic Republic of the Congo
Euphorbiaceae,Croton haumanianus,J.Léonard,Democratic Republic of the Congo
Euphorbiaceae,Croton jansii,J.Léonard,Democratic Republic of the Congo
Euphorbiaceae,Croton laciniatistylus,J.Léonard,Democratic Republic of the Congo
Euphorbiaceae,Croton leuconeurus,Pax,Democratic Republic of the Congo
Euphorbiaceae,Croton longipedicellatus,J.Léonard,Democratic Republic of the Congo
Euphorbiaceae,Croton macrostachyus,Hochst. ex Delile,Democratic Republic of the Congo
Euphorbiaceae,Croton mayumbensis,J.Léonard,Democratic Republic of the Congo
Euphorbiaceae,Croton megalocarpus,Hutch.,Democratic Republic of the Congo
Euphorbiaceae,Croton mubango,Müll.Arg.,Democratic Republic of the Congo
Euphorbiaceae,Croton poggei,Pax,Democratic Republic of the Congo
Euphorbiaceae,Croton sylvaticus,Hochst.,Democratic Republic of the Congo
Euphorbiaceae,Croton wellensii,De Wild.,Democratic Republic of the Congo
Euphorbiaceae,Crotonogyne giorgii,De Wild.,Democratic Republic of the Congo
Euphorbiaceae,Crotonogyne poggei,Pax,Democratic Republic of the Congo
Euphorbiaceae,Crotonogynopsis usambarica,Pax,Democratic Republic of the Congo
Euphorbiaceae,Dichostemma glaucescens,Pierre,Democratic Republic of the Congo
Euphorbiaceae,Discoclaoxylon hexandrum,(Müll.Arg.) Pax & K.Hoffm.,Democratic Republic of the Congo
Euphorbiaceae,Discoglypremna caloneura,(Pax) Prain,Democratic Republic of the Congo
Euphorbiaceae,Erythrococca atrovirens,(Pax) Prain,Democratic Republic of the Congo
Euphorbiaceae,Erythrococca bongensis,Pax,Democratic Republic of the Congo
Euphorbiaceae,Erythrococca trichogyne,(Müll.Arg.) Prain,Democratic Republic of the Congo
Euphorbiaceae,Erythrococca welwitschiana,(Müll.Arg.) Prain,Democratic Republic of the Congo
Euphorbiaceae,Euphorbia candelabrum,Trémaux ex Kotschy,Democratic Republic of the Congo
Euphorbiaceae,Euphorbia dawei,N.E.Br.,Democratic Republic of the Congo
Euphorbiaceae,Euphorbia drupifera,Thonn.,Democratic Republic of the Congo
Euphorbiaceae,Euphorbia grantii,Oliv.,Democratic Republic of the Congo
Euphorbiaceae,Euphorbia griseola,Pax,Democratic Republic of the Congo
Euphorbiaceae,Euphorbia seretii,De Wild.,Democratic Republic of the Congo
Euphorbiaceae,Euphorbia teke,Schweinf. ex Pax,Democratic Republic of the Congo
Euphorbiaceae,Euphorbia tirucalli,L.,Democratic Republic of the Congo
Euphorbiaceae,Euphorbia triangolensis,Bruyns,Democratic Republic of the Congo
Euphorbiaceae,Euphorbia umbellata,(Pax) Bruyns,Democratic Republic of the Congo
Euphorbiaceae,Grossera macrantha,Pax,Democratic Republic of the Congo
Euphorbiaceae,Grossera multinervis,J.Léonard,Democratic Republic of the Congo
Euphorbiaceae,Gymnanthes inopinata,(Prain) Esser,Democratic Republic of the Congo
Euphorbiaceae,Gymnanthes leonardii-crispi,(J.Léonard) Esser,Democratic Republic of the Congo
Euphorbiaceae,Klaineanthus gaboniae,Pierre ex Prain,Democratic Republic of the Congo
Euphorbiaceae,Macaranga angolensis,(Müll.Arg.) Müll.Arg.,Democratic Republic of the Congo
Euphorbiaceae,Macaranga assas,Amougou,Democratic Republic of the Congo
Euphorbiaceae,Macaranga barteri,Müll.Arg.,Democratic Republic of the Congo
Euphorbiaceae,Macaranga capensis,(Baill.) Sim,Democratic Republic of the Congo
Euphorbiaceae,Macaranga dibeleensis,De Wild.,Democratic Republic of the Congo
Euphorbiaceae,Macaranga longipetiolata,De Wild.,Democratic Republic of the Congo
Euphorbiaceae,Macaranga monandra,Müll.Arg.,Democratic Republic of the Congo
Euphorbiaceae,Macaranga poggei,Pax,Democratic Republic of the Congo
Euphorbiaceae,Macaranga saccifera,Pax,Democratic Republic of the Congo
Euphorbiaceae,Macaranga schweinfurthii,Pax,Democratic Republic of the Congo
Euphorbiaceae,Macaranga spinosa,Müll.Arg.,Democratic Republic of the Congo
Euphorbiaceae,Macaranga vanderystii,De Wild.,Democratic Republic of the Congo
Euphorbiaceae,Macaranga vermoesenii,De Wild.,Democratic Republic of the Congo
Euphorbiaceae,Mallotus oppositifolius,(Geiseler) Müll.Arg.,Democratic Republic of the Congo
Euphorbiaceae,Maprounea africana,Müll.Arg.,Democratic Republic of the Congo
Euphorbiaceae,Maprounea membranacea,Pax & K.Hoffm.,Democratic Republic of the Congo
Euphorbiaceae,Mareya brevipes,Pax,Democratic Republic of the Congo
Euphorbiaceae,Mareya congolensis,(J.Léonard) J.Léonard,Democratic Republic of the Congo
Euphorbiaceae,Mareya micrantha,(Benth.) Müll.Arg.,Democratic Republic of the Congo
Euphorbiaceae,Mareyopsis longifolia,(Pax) Pax & K.Hoffm.,Democratic Republic of the Congo
Euphorbiaceae,Necepsia zairensis,Bouchat & J.Léonard,Democratic Republic of the Congo
Euphorbiaceae,Neoboutonia macrocalyx,Pax,Democratic Republic of the Congo
Euphorbiaceae,Neoboutonia melleri,(Müll.Arg.) Prain,Democratic Republic of the Congo
Euphorbiaceae,Plagiostyles africana,(Müll.Arg.) Prain,Democratic Republic of the Congo
Euphorbiaceae,Plesiatropha paniculata,(Pax) Breteler,Democratic Republic of the Congo
Euphorbiaceae,Pseudagrostistachys ugandensis,(Hutch.) Pax & K.Hoffm.,Democratic Republic of the Congo
Euphorbiaceae,Pycnocoma macrophylla,Benth.,Democratic Republic of the Congo
Euphorbiaceae,Pycnocoma reygaertii,De Wild.,Democratic Republic of the Congo
Euphorbiaceae,Pycnocoma subflava,J.Léonard,Democratic Republic of the Congo
Euphorbiaceae,Pycnocoma thonneri,Pax ex De Wild. & T.Durand,Democratic Republic of the Congo
Euphorbiaceae,Ricinodendron heudelotii,(Baill.) Heckel,Democratic Republic of the Congo
Euphorbiaceae,Schinziophyton rautanenii,(Schinz) Radcl.-Sm.,Democratic Republic of the Congo
Euphorbiaceae,Sclerocroton cornutus,(Pax) Kruijt & Roebers,Democratic Republic of the Congo
Euphorbiaceae,Sclerocroton schmitzii,(J.Léonard) Kruijt & Roebers,Democratic Republic of the Congo
Euphorbiaceae,Shirakiopsis elliptica,(Hochst.) Esser,Democratic Republic of the Congo
Euphorbiaceae,Suregada procera,(Prain) Croizat,Democratic Republic of the Congo
Euphorbiaceae,Tetrorchidium didymostemon,(Baill.) Pax & K.Hoffm.,Democratic Republic of the Congo
Fabaceae,Adenocarpus mannii,(Hook.f.) Hook.f.,Democratic Republic of the Congo
Fabaceae,Adenolobus garipensis,(E.Mey.) Torre & Hillc.,Democratic Republic of the Congo
Fabaceae,Aeschynomene elaphroxylon,(Guill. & Perr.) Taub.,Democratic Republic of the Congo
Fabaceae,Aeschynomene pararubrofarinacea,J.Léonard,Democratic Republic of the Congo
Fabaceae,Afzelia africana,Sm.,Democratic Republic of the Congo
Fabaceae,Afzelia bella,Harms,Democratic Republic of the Congo
Fabaceae,Afzelia bipindensis,Harms,Democratic Republic of the Congo
Fabaceae,Afzelia pachyloba,Harms,Democratic Republic of the Congo
Fabaceae,Afzelia peturei,De Wild.,Democratic Republic of the Congo
Fabaceae,Afzelia quanzensis,Welw.,Democratic Republic of the Congo
Fabaceae,Aganope impressa,(Dunn) Polhill,Democratic Republic of the Congo
Fabaceae,Aganope stuhlmannii,(Taub.) Adema,Democratic Republic of the Congo
Fabaceae,Airyantha schweinfurthii,(Taub.) Brummitt,Democratic Republic of the Congo
Fabaceae,Albizia adianthifolia,(Schumach.) W.Wight,Democratic Republic of the Congo
Fabaceae,Albizia antunesiana,Harms,Democratic Republic of the Congo
Fabaceae,Albizia coriaria,Welw. ex Oliv.,Democratic Republic of the Congo
Fabaceae,Albizia ferruginea,(Guill. & Perr.) Benth.,Democratic Republic of the Congo
Fabaceae,Albizia glaberrima,(Schumach. & Thonn.) Benth.,Democratic Republic of the Congo
Fabaceae,Albizia grandibracteata,Taub.,Democratic Republic of the Congo
Fabaceae,Albizia gummifera,(J.F.Gmel.) C.A.Sm.,Democratic Republic of the Congo
Fabaceae,Albizia harveyi,E.Fourn.,Democratic Republic of the Congo
Fabaceae,Albizia laurentii,De Wild.,Democratic Republic of the Congo
Fabaceae,Albizia schimperiana,Oliv.,Democratic Republic of the Congo
Fabaceae,Albizia versicolor,Welw. ex Oliv.,Democratic Republic of the Congo
Fabaceae,Albizia welwitschii,Oliv.,Democratic Republic of the Congo
Fabaceae,Albizia zygia,(DC.) J.F.Macbr.,Democratic Republic of the Congo
Fabaceae,Amblygonocarpus andongensis,(Welw. ex Oliv.) Exell & Torre,Democratic Republic of the Congo
Fabaceae,Amphimas ferrugineus,Pierre ex Pellegr.,Democratic Republic of the Congo
Fabaceae,Amphimas pterocarpoides,Harms,Democratic Republic of the Congo
Fabaceae,Angylocalyx boutiqueanus,L.Touss.,Democratic Republic of the Congo
Fabaceae,Angylocalyx oligophyllus,(Baker) Baker f.,Democratic Republic of the Congo
Fabaceae,Angylocalyx pynaertii,De Wild.,Democratic Republic of the Congo
Fabaceae,Annea laxiflora,(Benth.) Mackinder & Wieringa,Democratic Republic of the Congo
Fabaceae,Anonychium africanum,(Guill. & Perr.) C.E.Hughes & G.P.Lewis,Democratic Republic of the Congo
Fabaceae,Anthonotha acuminata,(De Wild.) J.Léonard,Democratic Republic of the Congo
Fabaceae,Anthonotha brieyi,(De Wild.) J.Léonard,Democratic Republic of the Congo
Fabaceae,Anthonotha cladantha,(Harms) J.Léonard,Democratic Republic of the Congo
Fabaceae,Anthonotha fragrans,(Baker f.) Exell & Hillc.,Democratic Republic of the Congo
Fabaceae,Anthonotha gilletii,(De Wild.) J.Léonard,Democratic Republic of the Congo
Fabaceae,Anthonotha macrophylla,P.Beauv.,Democratic Republic of the Congo
Fabaceae,Anthonotha noldeae,(Rossbach) Exell & Hillc.,Democratic Republic of the Congo
Fabaceae,Anthonotha pynaertii,(De Wild.) Exell & Hillc.,Democratic Republic of the Congo
Fabaceae,Aphanocalyx cynometroides,Oliv.,Democratic Republic of the Congo
Fabaceae,Aphanocalyx djumaensis,(De Wild.) J.Léonard,Democratic Republic of the Congo
Fabaceae,Aphanocalyx jenseniae,(Gram) Wieringa,Democratic Republic of the Congo
Fabaceae,Aphanocalyx ledermannii,(Harms) Wieringa,Democratic Republic of the Congo
Fabaceae,Aphanocalyx microphyllus,(Harms) Wieringa,Democratic Republic of the Congo
Fabaceae,Aphanocalyx obscurus,Wieringa,Democratic Republic of the Congo
Fabaceae,Aphanocalyx pectinatus,(A.Chev.) Wieringa,Democratic Republic of the Congo
Fabaceae,Aphanocalyx pteridophyllus,(Harms) Wieringa,Democratic Republic of the Congo
Fabaceae,Aphanocalyx richardsiae,(J.Léonard) Wieringa,Democratic Republic of the Congo
Fabaceae,Aubrevillea kerstingii,(Harms) Pellegr.,Democratic Republic of the Congo
Fabaceae,Aubrevillea platicarpa,Pellegr.,Democratic Republic of the Congo
Fabaceae,Baikiaea insignis,Benth.,Democratic Republic of the Congo
Fabaceae,Baikiaea robynsii,Ghesq. ex Laing,Democratic Republic of the Congo
Fabaceae,Baphia angolensis,Welw. ex Baker,Democratic Republic of the Congo
Fabaceae,Baphia bequaertii,De Wild.,Democratic Republic of the Congo
Fabaceae,Baphia bergeri,De Wild.,Democratic Republic of the Congo
Fabaceae,Baphia chrysophylla,Taub.,Democratic Republic of the Congo
Fabaceae,Baphia claessensii,De Wild.,Democratic Republic of the Congo
Fabaceae,Baphia dewevrei,De Wild.,Democratic Republic of the Congo
Fabaceae,Baphia dubia,De Wild.,Democratic Republic of the Congo
Fabaceae,Baphia incerta,De Wild.,Democratic Republic of the Congo
Fabaceae,Baphia laurentii,De Wild.,Democratic Republic of the Congo
Fabaceae,Baphia laurifolia,Baill.,Democratic Republic of the Congo
Fabaceae,Baphia letestui,Pellegr.,Democratic Republic of the Congo
Fabaceae,Baphia longipedicellata,De Wild.,Democratic Republic of the Congo
Fabaceae,Baphia massaiensis,Taub.,Democratic Republic of the Congo
Fabaceae,Baphia maxima,Baker,Democratic Republic of the Congo
Fabaceae,Baphia multiflora,Harms,Democratic Republic of the Congo
Fabaceae,Baphia polyantha,Harms,Democratic Republic of the Congo
Fabaceae,Baphia pubescens,Hook.f.,Democratic Republic of the Congo
Fabaceae,Baphia wollastonii,Baker f.,Democratic Republic of the Congo
Fabaceae,Baphiopsis parviflora,Benth. ex Baker,Democratic Republic of the Congo
Fabaceae,Bauhinia tomentosa,L.,Democratic Republic of the Congo
Fabaceae,Berlinia bracteosa,Benth.,Democratic Republic of the Congo
Fabaceae,Berlinia bruneelii,(De Wild.) Torre & Hillc.,Democratic Republic of the Congo
Fabaceae,Berlinia congolensis,(Baker f.) Keay,Democratic Republic of the Congo
Fabaceae,Berlinia delevoyi,De Wild.,Democratic Republic of the Congo
Fabaceae,Berlinia giorgii,De Wild.,Democratic Republic of the Congo
Fabaceae,Berlinia grandiflora,(Vahl) Hutch. & Dalziel,Democratic Republic of the Congo
Fabaceae,Berlinia phenacoa,Mackinder,Democratic Republic of the Congo
Fabaceae,Berlinia sapinii,De Wild.,Democratic Republic of the Congo
Fabaceae,Berlinia viridicans,Baker f.,Democratic Republic of the Congo
Fabaceae,Bikinia congensis,Wieringa,Democratic Republic of the Congo
Fabaceae,Bikinia evrardii,(Bamps) Wieringa,Democratic Republic of the Congo
Fabaceae,Bobgunnia fistuloides,(Harms) J.H.Kirkbr. & Wiersema,Democratic Republic of the Congo
Fabaceae,Bobgunnia madagascariensis,(Desv.) J.H.Kirkbr. & Wiersema,Democratic Republic of the Congo
Fabaceae,Brachystegia angustistipulata,De Wild.,Democratic Republic of the Congo
Fabaceae,Brachystegia gossweileri,Hutch. & Burtt Davy,Democratic Republic of the Congo
Fabaceae,Brachystegia laurentii,(De Wild.) Louis ex J.Léonard,Democratic Republic of the Congo
Fabaceae,Brachystegia puberula,Hutch. & Burtt Davy,Democratic Republic of the Congo
Fabaceae,Brachystegia spiciformis,Benth.,Democratic Republic of the Congo
Fabaceae,Brachystegia tamarindoides,Welw. ex Benth.,Democratic Republic of the Congo
Fabaceae,Brachystegia taxifolia,Harms,Democratic Republic of the Congo
Fabaceae,Brachystegia wangermeeana,De Wild.,Democratic Republic of the Congo
Fabaceae,Burkea africana,Hook.,Democratic Republic of the Congo
Fabaceae,Bussea gossweileri,Baker f.,Democratic Republic of the Congo
Fabaceae,Calpurnia aurea,(Aiton) Benth.,Democratic Republic of the Congo
Fabaceae,Cassia abbreviata,Oliv.,Democratic Republic of the Congo
Fabaceae,Cassia mannii,Oliv.,Democratic Republic of the Congo
Fabaceae,Cassia sieberiana,DC.,Democratic Republic of the Congo
Fabaceae,Chamaecrista katangensis,(Ghesq.) Lock,Democratic Republic of the Congo
Fabaceae,Copaifera mildbraedii,Harms,Democratic Republic of the Congo
Fabaceae,Copaifera religiosa,J.Léonard,Democratic Republic of the Congo
Fabaceae,Craibia brevicaudata,(Vatke) Dunn,Democratic Republic of the Congo
Fabaceae,Craibia brownii,Dunn,Democratic Republic of the Congo
Fabaceae,Craibia grandiflora,(Micheli) Baker f.,Democratic Republic of the Congo
Fabaceae,Craibia laurentii,(De Wild.) De Wild.,Democratic Republic of the Congo
Fabaceae,Craibia lujae,De Wild.,Democratic Republic of the Congo
Fabaceae,Crudia harmsiana,De Wild.,Democratic Republic of the Congo
Fabaceae,Crudia laurentii,De Wild.,Democratic Republic of the Congo
Fabaceae,Crudia michelsonii,J.Léonard,Democratic Republic of the Congo
Fabaceae,Cryptosepalum congolanum,(De Wild.) J.Léonard,Democratic Republic of the Congo
Fabaceae,Cryptosepalum exfoliatum,De Wild.,Democratic Republic of the Congo
Fabaceae,Cryptosepalum pellegrinianum,(J.Léonard) J.Léonard,Democratic Republic of the Congo
Fabaceae,Cynometra alexandri,C.H.Wright,Democratic Republic of the Congo
Fabaceae,Cynometra congensis,De Wild.,Democratic Republic of the Congo
Fabaceae,Cynometra hankei,Harms,Democratic Republic of the Congo
Fabaceae,Cynometra letestui,(Pellegr.) J.Léonard,Democratic Republic of the Congo
Fabaceae,Cynometra lujae,De Wild.,Democratic Republic of the Congo
Fabaceae,Cynometra mannii,Oliv.,Democratic Republic of the Congo
Fabaceae,Cynometra michelsonii,J.Léonard,Democratic Republic of the Congo
Fabaceae,Cynometra oddonii,De Wild.,Democratic Republic of the Congo
Fabaceae,Cynometra palustris,J.Léonard,Democratic Republic of the Congo
Fabaceae,Cynometra pedicellata,De Wild.,Democratic Republic of the Congo
Fabaceae,Cynometra schlechteri,Harms,Democratic Republic of the Congo
Fabaceae,Cynometra sessiliflora,Harms,Democratic Republic of the Congo
Fabaceae,Dalbergia arbutifolia,Baker,Democratic Republic of the Congo
Fabaceae,Dalbergia bakeri,Welw. ex Baker,Democratic Republic of the Congo
Fabaceae,Dalbergia boehmii,Taub.,Democratic Republic of the Congo
Fabaceae,Dalbergia ecastaphyllum,(L.) Taub.,Democratic Republic of the Congo
Fabaceae,Dalbergia heudelotii,Stapf,Democratic Republic of the Congo
Fabaceae,Dalbergia lactea,Vatke,Democratic Republic of the Congo
Fabaceae,Dalbergia laxiflora,Micheli,Democratic Republic of the Congo
Fabaceae,Dalbergia melanoxylon,Guill. & Perr.,Democratic Republic of the Congo
Fabaceae,Dalbergia ngounyensis,Pellegr.,Democratic Republic of the Congo
Fabaceae,Dalbergia nitidula,Welw. ex Baker,Democratic Republic of the Congo
Fabaceae,Dalbergia xylocarpa,O.Lachenaud,Democratic Republic of the Congo
Fabaceae,Daniellia alsteeniana,P.A.Duvign.,Democratic Republic of the Congo
Fabaceae,Daniellia klainei,Pierre ex A.Chev.,Democratic Republic of the Congo
Fabaceae,Daniellia oliveri,(Rolfe) Hutch. & Dalziel,Democratic Republic of the Congo
Fabaceae,Daniellia pilosa,(J.Léonard) Estrella,Democratic Republic of the Congo
Fabaceae,Daniellia pynaertii,De Wild.,Democratic Republic of the Congo
Fabaceae,Detarium senegalense,J.F.Gmel.,Democratic Republic of the Congo
Fabaceae,Dialium angolense,Welw. ex Oliv.,Democratic Republic of the Congo
Fabaceae,Dialium dinklagei,Harms,Democratic Republic of the Congo
Fabaceae,Dialium englerianum,Henriq.,Democratic Republic of the Congo
Fabaceae,Dialium excelsum,Louis ex Steyaert,Democratic Republic of the Congo
Fabaceae,Dialium graciliflorum,Harms,Democratic Republic of the Congo
Fabaceae,Dialium guineense,Willd.,Democratic Republic of the Congo
Fabaceae,Dialium hexasepalum,Harms,Democratic Republic of the Congo
Fabaceae,Dialium kasaiense,Louis ex Steyaert,Democratic Republic of the Congo
Fabaceae,Dialium pachyphyllum,Harms,Democratic Republic of the Congo
Fabaceae,Dialium pentandrum,Louis ex Steyaert,Democratic Republic of the Congo
Fabaceae,Dialium poggei,Harms,Democratic Republic of the Congo
Fabaceae,Dialium polyanthum,Harms,Democratic Republic of the Congo
Fabaceae,Dialium reygaertii,De Wild.,Democratic Republic of the Congo
Fabaceae,Dialium tessmannii,Harms,Democratic Republic of the Congo
Fabaceae,Dichrostachys cinerea,(L.) Wight & Arn.,Democratic Republic of the Congo
Fabaceae,Didelotia unifoliolata,J.Léonard,Democratic Republic of the Congo
Fabaceae,Duparquetia orchidacea,Baill.,Democratic Republic of the Congo
Fabaceae,Englerodendron graciliflorum,(Harms) Estrella & Ojeda,Democratic Republic of the Congo
Fabaceae,Englerodendron lebrunii,(J.Léonard) Estrella & Ojeda,Democratic Republic of the Congo
Fabaceae,Englerodendron mengei,(De Wild.) Estrella & Ojeda,Democratic Republic of the Congo
Fabaceae,Englerodendron nigericum,(Baker f.) Estrella & Ojeda,Democratic Republic of the Congo
Fabaceae,Englerodendron obanense,(Baker f.) Estrella & Ojeda,Democratic Republic of the Congo
Fabaceae,Englerodendron sargosii,Pellegr.,Democratic Republic of the Congo
Fabaceae,Entada abyssinica,Steud. ex A.Rich.,Democratic Republic of the Congo
Fabaceae,Entada africana,Guill. & Perr.,Democratic Republic of the Congo
Fabaceae,Erythrina droogmansiana,De Wild. & T.Durand,Democratic Republic of the Congo
Fabaceae,Erythrina mildbraedii,Harms,Democratic Republic of the Congo
Fabaceae,Erythrina orophila,Ghesq.,Democratic Republic of the Congo
Fabaceae,Erythrina tholloniana,Hua,Democratic Republic of the Congo
Fabaceae,Erythrophleum africanum,(Benth.) Harms,Democratic Republic of the Congo
Fabaceae,Erythrophleum suaveolens,(Guill. & Perr.) Brenan,Democratic Republic of the Congo
Fabaceae,Faidherbia albida,(Delile) A.Chev.,Democratic Republic of the Congo
Fabaceae,Fillaeopsis discophora,Harms,Democratic Republic of the Congo
Fabaceae,Gelrebia glandulosopedicellata,(R.Wilczek) Gagnon & G.P.Lewis,Democratic Republic of the Congo
Fabaceae,Gilbertiodendron bambolense,Burgt,Democratic Republic of the Congo
Fabaceae,Gilbertiodendron breynei,Bamps,Democratic Republic of the Congo
Fabaceae,Gilbertiodendron dewevrei,(De Wild.) J.Léonard,Democratic Republic of the Congo
Fabaceae,Gilbertiodendron ecoukense,(Pellegr.) Burgt,Democratic Republic of the Congo
Fabaceae,Gilbertiodendron grandiflorum,(De Wild.) J.Léonard,Democratic Republic of the Congo
Fabaceae,Gilbertiodendron grandistipulatum,(De Wild.) J.Léonard,Democratic Republic of the Congo
Fabaceae,Gilbertiodendron mayombense,(Pellegr.) J.Léonard,Democratic Republic of the Congo
Fabaceae,Gilbertiodendron stipulaceum,(Benth.) J.Léonard,Democratic Republic of the Congo
Fabaceae,Gilletiodendron kisantuense,(Vermoesen ex De Wild.) J.Léonard,Democratic Republic of the Congo
Fabaceae,Gilletiodendron mildbraedii,(Harms) Vermoesen,Democratic Republic of the Congo
Fabaceae,Guibourtia arnoldiana,(De Wild. & T.Durand) J.Léonard,Democratic Republic of the Congo
Fabaceae,Guibourtia coleosperma,(Benth.) J.Léonard,Democratic Republic of the Congo
Fabaceae,Guibourtia demeusei,(Harms) J.Léonard,Democratic Republic of the Congo
Fabaceae,Hydrochorea obliquifoliolata,(De Wild.) E.J.M.Koenen,Democratic Republic of the Congo
Fabaceae,Hylodendron gabunense,Taub.,Democratic Republic of the Congo
Fabaceae,Hymenostegia floribunda,(Benth.) Harms,Democratic Republic of the Congo
Fabaceae,Hymenostegia mundungu,(Pellegr.) J.Léonard,Democratic Republic of the Congo
Fabaceae,Isoberlinia angolensis,(Welw. ex Benth.) Hoyle & Brenan,Democratic Republic of the Congo
Fabaceae,Isoberlinia doka,Craib & Stapf,Democratic Republic of the Congo
Fabaceae,Isoberlinia paradoxa,Hauman,Democratic Republic of the Congo
Fabaceae,Isoberlinia tomentosa,(Harms) Craib & Stapf,Democratic Republic of the Congo
Fabaceae,Julbernardia brieyi,(De Wild.) Troupin,Democratic Republic of the Congo
Fabaceae,Julbernardia pellegriniana,Troupin,Democratic Republic of the Congo
Fabaceae,Julbernardia seretii,(De Wild.) Troupin,Democratic Republic of the Congo
Fabaceae,Kotschya carsonii,(Baker) Dewit & P.A.Duvign.,Democratic Republic of the Congo
Fabaceae,Lebruniodendron leptanthum,(Harms) J.Léonard,Democratic Republic of the Congo
Fabaceae,Librevillea klainei,(Pierre ex Harms) Hoyle,Democratic Republic of the Congo
Fabaceae,Lonchocarpus sericeus,(Poir.) Kunth ex DC.,Democratic Republic of the Congo
Fabaceae,Machaerium lunatum,(L.f.) Ducke,Democratic Republic of the Congo
Fabaceae,Michelsonia microphylla,(Troupin) Hauman,Democratic Republic of the Congo
Fabaceae,Mildbraediodendron excelsum,Harms,Democratic Republic of the Congo
Fabaceae,Millettia bequaertii,De Wild.,Democratic Republic of the Congo
Fabaceae,Millettia chrysophylla,Dunn,Democratic Republic of the Congo
Fabaceae,Millettia drastica,Welw. ex Baker,Democratic Republic of the Congo
Fabaceae,Millettia dubia,De Wild.,Democratic Republic of the Congo
Fabaceae,Millettia eetveldeana,(Micheli) Hauman,Democratic Republic of the Congo
Fabaceae,Millettia griffoniana,Baill.,Democratic Republic of the Congo
Fabaceae,Millettia hockii,De Wild.,Democratic Republic of the Congo
Fabaceae,Millettia hylobia,Louis ex Hauman,Democratic Republic of the Congo
Fabaceae,Millettia lacus-alberti,J.B.Gillett,Democratic Republic of the Congo
Fabaceae,Millettia laurentii,De Wild.,Democratic Republic of the Congo
Fabaceae,Millettia limbutuensis,De Wild.,Democratic Republic of the Congo
Fabaceae,Millettia macroura,Harms,Democratic Republic of the Congo
Fabaceae,Millettia psilopetala,Harms,Democratic Republic of the Congo
Fabaceae,Millettia sanagana,Harms,Democratic Republic of the Congo
Fabaceae,Millettia stenopetala,Hauman,Democratic Republic of the Congo
Fabaceae,Millettia thonningii,(Schumach. & Thonn.) Baker,Democratic Republic of the Congo
Fabaceae,Millettia versicolor,Welw. ex Baker,Democratic Republic of the Congo
Fabaceae,Newtonia aubrevillei,(Pellegr.) Keay,Democratic Republic of the Congo
Fabaceae,Newtonia buchananii,(Baker) G.C.C.Gilbert & Boutique,Democratic Republic of the Congo
Fabaceae,Newtonia devredii,G.C.C. Gilbert & Boutique,Democratic Republic of the Congo
Fabaceae,Newtonia glandulifera,(Pellegr.) G.C.C.Gilbert & Boutique,Democratic Republic of the Congo
Fabaceae,Newtonia leucocarpa,(Harms) G.C.C.Gilbert & Boutique,Democratic Republic of the Congo
Fabaceae,Normandiodendron bequaertii,(De Wild.) Leonard,Democratic Republic of the Congo
Fabaceae,Normandiodendron romii,(De Wild.) Lonard,Democratic Republic of the Congo
Fabaceae,Oddoniodendron micranthum,(Harms) Baker f.,Democratic Republic of the Congo
Fabaceae,Oddoniodendron romeroi,Mendes,Democratic Republic of the Congo
Fabaceae,Ormocarpum kirkii,S.Moore,Democratic Republic of the Congo
Fabaceae,Ormocarpum pubescens,(Hochst.) Cufod.,Democratic Republic of the Congo
Fabaceae,Ormocarpum sennoides,(Willd.) DC.,Democratic Republic of the Congo
Fabaceae,Ormocarpum verrucosum,P.Beauv.,Democratic Republic of the Congo
Fabaceae,Osodendron altissimum,(Hook.f.) E.J.M.Koenen,Democratic Republic of the Congo
Fabaceae,Osodendron leptophyllum,(Harms) E.J.M.Koenen,Democratic Republic of the Congo
Fabaceae,Pachyelasma tessmannii,(Harms) Harms,Democratic Republic of the Congo
Fabaceae,Paramacrolobium coeruleum,(Taub.) J.Léonard,Democratic Republic of the Congo
Fabaceae,Parkia bicolor,A.Chev.,Democratic Republic of the Congo
Fabaceae,Parkia filicoidea,Welw. ex Oliv.,Democratic Republic of the Congo
Fabaceae,Peltophorum africanum,Sond.,Democratic Republic of the Congo
Fabaceae,Pentaclethra eetveldeana,De Wild. & T.Durand,Democratic Republic of the Congo
Fabaceae,Pentaclethra macrophylla,Benth.,Democratic Republic of the Congo
Fabaceae,Pericopsis angolensis,(Baker) Meeuwen,Democratic Republic of the Congo
Fabaceae,Pericopsis elata,(Harms) Meeuwen,Democratic Republic of the Congo
Fabaceae,Philenoptera eriocalyx,(Harms) Schrire,Democratic Republic of the Congo
Fabaceae,Philenoptera katangensis,(De Wild.) Schrire,Democratic Republic of the Congo
Fabaceae,Philenoptera violacea,(Klotzsch) Schrire,Democratic Republic of the Congo
Fabaceae,Piliostigma thonningii,(Schumach.) Milne-Redh.,Democratic Republic of the Congo
Fabaceae,Piptadeniastrum africanum,(Hook.f.) Brenan,Democratic Republic of the Congo
Fabaceae,Platysepalum chevalieri,Harms,Democratic Republic of the Congo
Fabaceae,Platysepalum cuspidatum,Taub.,Democratic Republic of the Congo
Fabaceae,Platysepalum ferrugineum,Taub.,Democratic Republic of the Congo
Fabaceae,Platysepalum hypoleucum,Taub.,Democratic Republic of the Congo
Fabaceae,Platysepalum vanderystii,De Wild.,Democratic Republic of the Congo
Fabaceae,Platysepalum violaceum,Welw. ex Baker,Democratic Republic of the Congo
Fabaceae,Prioria balsamifera,(Vermoesen) Breteler,Democratic Republic of the Congo
Fabaceae,Prioria buchholzii,(Harms) Breteler,Democratic Republic of the Congo
Fabaceae,Prioria gilbertii,(J.Léonard) Breteler,Democratic Republic of the Congo
Fabaceae,Prioria oxyphylla,(Harms) Breteler,Democratic Republic of the Congo
Fabaceae,Pseudoprosopis fischeri,Harms,Democratic Republic of the Congo
Fabaceae,Pterocarpus angolensis,DC.,Democratic Republic of the Congo
Fabaceae,Pterocarpus lucens,Lepr. ex Guill. & Perr.,Democratic Republic of the Congo
Fabaceae,Pterocarpus rotundifolius,(Sond.) Druce,Democratic Republic of the Congo
Fabaceae,Pterocarpus soyauxii,Taub.,Democratic Republic of the Congo
Fabaceae,Pterocarpus tessmannii,Harms,Democratic Republic of the Congo
Fabaceae,Pterocarpus tinctorius,Welw.,Democratic Republic of the Congo
Fabaceae,Schefflerodendron adenopetalum,(Taub.) Harms,Democratic Republic of the Congo
Fabaceae,Schefflerodendron gilbertianum,J.Léonard & Latour,Democratic Republic of the Congo
Fabaceae,Schefflerodendron usambarense,Harms,Democratic Republic of the Congo
Fabaceae,Scorodophloeus zenkeri,Harms,Democratic Republic of the Congo
Fabaceae,Senegalia brevispica,(Harms) Seigler & Ebinger,Democratic Republic of the Congo
Fabaceae,Senegalia erubescens,(Welw. ex Oliv.) Kyal. & Boatwr.,Democratic Republic of the Congo
Fabaceae,Senegalia goetzei,(Harms) Kyal. & Boatwr.,Democratic Republic of the Congo
Fabaceae,Senegalia hecatophylla,(Steud. ex A.Rich.) Kyal. & Boatwr.,Democratic Republic of the Congo
Fabaceae,Senegalia laeta,(R.Br. ex Benth.) Seigler & Ebinger,Democratic Republic of the Congo
Fabaceae,Senegalia persiciflora,(Pax) Kyal. & Boatwr.,Democratic Republic of the Congo
Fabaceae,Senegalia polyacantha,(Willd.) Seigler & Ebinger,Democratic Republic of the Congo
Fabaceae,Senegalia senegal,(L.) Britton,Democratic Republic of the Congo
Fabaceae,Senna didymobotrya,(Fresen.) H.S.Irwin & Barneby,Democratic Republic of the Congo
Fabaceae,Senna petersiana,(Bolle) Lock,Democratic Republic of the Congo
Fabaceae,Senna singueana,(Delile) Lock,Democratic Republic of the Congo
Fabaceae,Sesbania dummeri,E.Phillips & Hutch.,Democratic Republic of the Congo
Fabaceae,Sesbania macrantha,Welw. ex E.Phillips & Hutch.,Democratic Republic of the Congo
Fabaceae,Sesbania sesban,(L.) Merr.,Democratic Republic of the Congo
Fabaceae,Stachyothyrsus staudtii,Harms,Democratic Republic of the Congo
Fabaceae,Stemonocoleus micranthus,Harms,Democratic Republic of the Congo
Fabaceae,Tamarindus indica,L.,Democratic Republic of the Congo
Fabaceae,Tephrosia aequilata,Baker,Democratic Republic of the Congo
Fabaceae,Tephrosia vogelii,Hook.f.,Democratic Republic of the Congo
Fabaceae,Tessmannia anomala,(Micheli) Harms,Democratic Republic of the Congo
Fabaceae,Tessmannia burttii,Harms,Democratic Republic of the Congo
Fabaceae,Tessmannia copallifera,J.Léonard,Democratic Republic of the Congo
Fabaceae,Tessmannia dawei,J.Leonard,Democratic Republic of the Congo
Fabaceae,Tessmannia dewildemaniana,Harms,Democratic Republic of the Congo
Fabaceae,Tessmannia grandifoliola,Burgt,Democratic Republic of the Congo
Fabaceae,Tessmannia lescrauwaetii,(De Wild.) Harms,Democratic Republic of the Congo
Fabaceae,Tessmannia macrantha,Breteler & Burgt,Democratic Republic of the Congo
Fabaceae,Tessmannia microphylla,Burgt,Democratic Republic of the Congo
Fabaceae,Tessmannia minutiflora,Burgt,Democratic Republic of the Congo
Fabaceae,Tessmannia neglecta,Breteler & Burgt,Democratic Republic of the Congo
Fabaceae,Tessmannia yangambiensis,Louis ex J.Léonard,Democratic Republic of the Congo
Fabaceae,Tetraberlinia baregarum,Wieringa,Democratic Republic of the Congo
Fabaceae,Tetraberlinia bifoliolata,(Harms) Hauman,Democratic Republic of the Congo
Fabaceae,Tetraberlinia polyphylla,(Harms) J.Léonard,Democratic Republic of the Congo
Fabaceae,Tetrapleura tetraptera,(Schumach. & Thonn.) Taub.,Democratic Republic of the Congo
Fabaceae,Vachellia amythethophylla,(Steud. ex A.Rich.) Kyal. & Boatwr.,Democratic Republic of the Congo
Fabaceae,Vachellia drepanolobium,(Harms ex Y.Sjöstedt) P.J.H.Hurter,Democratic Republic of the Congo
Fabaceae,Vachellia gerrardii,(Benth.) P.J.H.Hurter,Democratic Republic of the Congo
Fabaceae,Vachellia hockii,(De Wild.) Seigler & Ebinger,Democratic Republic of the Congo
Fabaceae,Vachellia kirkii,(Oliv.) Kyal. & Boatwr.,Democratic Republic of the Congo
Fabaceae,Vachellia lasiopetala,(Oliv.) Kyal. & Boatwr.,Democratic Republic of the Congo
Fabaceae,Vachellia pilispina,(Pic.Serm.) Kyal. & Boatwr.,Democratic Republic of the Congo
Fabaceae,Vachellia sieberiana,(DC.) Kyal. & Boatwr.,Democratic Republic of the Congo
Fabaceae,Vachellia xanthophloea,(Benth.) P.J.H. Hurter,Democratic Republic of the Congo
Fabaceae,Xylia ghesquierei,Robyns,Democratic Republic of the Congo
Francoaceae,Bersama abyssinica,Fresen.,Democratic Republic of the Congo
Francoaceae,Bersama palustris,L.Touss.,Democratic Republic of the Congo
Francoaceae,Bersama yangambiensis,L.Touss.,Democratic Republic of the Congo
Gentianaceae,Anthocleista grandiflora,Gilg,Democratic Republic of the Congo
Gentianaceae,Anthocleista inermis,Engl.,Democratic Republic of the Congo
Gentianaceae,Anthocleista liebrechtsiana,De Wild. & T.Durand,Democratic Republic of the Congo
Gentianaceae,Anthocleista obanensis,Wernham,Democratic Republic of the Congo
Gentianaceae,Anthocleista schweinfurthii,Gilg,Democratic Republic of the Congo
Gentianaceae,Anthocleista vogelii,Planch.,Democratic Republic of the Congo
Hamamelidaceae,Trichocladus ellipticus,Eckl. & Zeyh.,Democratic Republic of the Congo
Huaceae,Afrostyrax kamerunensis,G.Perkins & Gilg,Democratic Republic of the Congo
Huaceae,Hua gabonii,Pierre ex De Wild.,Democratic Republic of the Congo
Hypericaceae,Harungana madagascariensis,Lam. ex Poir.,Democratic Republic of the Congo
Hypericaceae,Harungana montana,Spirlet,Democratic Republic of the Congo
Hypericaceae,Hypericum bequaertii,De Wild.,Democratic Republic of the Congo
Hypericaceae,Hypericum quartinianum,A.Rich.,Democratic Republic of the Congo
Hypericaceae,Hypericum revolutum,Vahl,Democratic Republic of the Congo
Hypericaceae,Hypericum roeperianum,Schimp. ex A.Rich.,Democratic Republic of the Congo
Hypericaceae,Psorospermum baumii,Engl.,Democratic Republic of the Congo
Hypericaceae,Psorospermum febrifugum,Spach,Democratic Republic of the Congo
Hypericaceae,Psorospermum staudtii,Engl.,Democratic Republic of the Congo
Hypericaceae,Psorospermum tenuifolium,Hook.f.,Democratic Republic of the Congo
Hypericaceae,Vismia affinis,Oliv.,Democratic Republic of the Congo
Hypericaceae,Vismia guineensis,(L.) Choisy,Democratic Republic of the Congo
Hypericaceae,Vismia laurentii,De Wild.,Democratic Republic of the Congo
Icacinaceae,Alsodeiopsis poggei,Engl.,Democratic Republic of the Congo
Icacinaceae,Alsodeiopsis staudtii,Engl.,Democratic Republic of the Congo
Irvingiaceae,Desbordesia insignis,Pierre,Democratic Republic of the Congo
Irvingiaceae,Irvingia excelsa,Mildbr.,Democratic Republic of the Congo
Irvingiaceae,Irvingia gabonensis,(Aubry-Lecomte ex O'Rorke) Baill.,Democratic Republic of the Congo
Irvingiaceae,Irvingia grandifolia,(Engl.) Engl.,Democratic Republic of the Congo
Irvingiaceae,Irvingia robur,Mildbr.,Democratic Republic of the Congo
Irvingiaceae,Irvingia smithii,Hook.f.,Democratic Republic of the Congo
Irvingiaceae,Irvingia tenuinucleata,Tiegh.,Democratic Republic of the Congo
Irvingiaceae,Klainedoxa gabonensis,Pierre ex Engl.,Democratic Republic of the Congo
Irvingiaceae,Klainedoxa trillesii,Pierre ex Tiegh.,Democratic Republic of the Congo
Iteaceae,Itea rhamnoides,(Harv.) Kubitzki,Democratic Republic of the Congo
Ixonanthaceae,Phyllocosmus africanus,(Hook.f.) Klotzsch,Democratic Republic of the Congo
Ixonanthaceae,Phyllocosmus congolensis,(De Wild. & T.Durand) T.Durand & H.Durand,Democratic Republic of the Congo
Ixonanthaceae,Phyllocosmus lemaireanus,(De Wild. & T.Durand) T.Durand & H.Durand,Democratic Republic of the Congo
Kirkiaceae,Kirkia acuminata,Oliv.,Democratic Republic of the Congo
Lamiaceae,Clerodendrum formicarum,Gürke,Democratic Republic of the Congo
Lamiaceae,Clerodendrum poggei,Gürke,Democratic Republic of the Congo
Lamiaceae,Clerodendrum rotundifolium,Oliv.,Democratic Republic of the Congo
Lamiaceae,Clerodendrum tanganyikense,Baker,Democratic Republic of the Congo
Lamiaceae,Leonotis decadonta,Gürke,Democratic Republic of the Congo
Lamiaceae,Premna angolensis,Gürke,Democratic Republic of the Congo
Lamiaceae,Premna hildebrandtii,Gürke,Democratic Republic of the Congo
Lamiaceae,Premna quadrifolia,Schumach. & Thonn.,Democratic Republic of the Congo
Lamiaceae,Premna senensis,Klotzsch,Democratic Republic of the Congo
Lamiaceae,Rotheca cyanea,(R.Fern.) R.Fern.,Democratic Republic of the Congo
Lamiaceae,Rotheca myricoides,(Hochst.) Steane & Mabb.,Democratic Republic of the Congo
Lamiaceae,Rotheca sansibarensis,(Gürke) Steane & Mabb.,Democratic Republic of the Congo
Lamiaceae,Vitex buchananii,Baker ex Gürke,Democratic Republic of the Congo
Lamiaceae,Vitex chrysocarpa,Planch.,Democratic Republic of the Congo
Lamiaceae,Vitex ciliata,Pierre ex Pellegr.,Democratic Republic of the Congo
Lamiaceae,Vitex congolensis,De Wild. & T.Durand,Democratic Republic of the Congo
Lamiaceae,Vitex cuspidata,Hiern,Democratic Republic of the Congo
Lamiaceae,Vitex djumaensis,De Wild.,Democratic Republic of the Congo
Lamiaceae,Vitex doniana,Sweet,Democratic Republic of the Congo
Lamiaceae,Vitex ferruginea,Schumach. & Thonn.,Democratic Republic of the Congo
Lamiaceae,Vitex fischeri,Gürke,Democratic Republic of the Congo
Lamiaceae,Vitex madiensis,Oliv.,Democratic Republic of the Congo
Lamiaceae,Vitex mombassae,Vatke,Democratic Republic of the Congo
Lamiaceae,Vitex oxycuspis,Baker,Democratic Republic of the Congo
Lamiaceae,Vitex payos,(Lour.) Merr.,Democratic Republic of the Congo
Lamiaceae,Vitex rivularis,Gürke,Democratic Republic of the Congo
Lamiaceae,Vitex rubroaurantiaca,De Wild.,Democratic Republic of the Congo
Lamiaceae,Vitex thyrsiflora,Baker,Democratic Republic of the Congo
Lauraceae,Beilschmiedia alata,Robyns & R.Wilczek,Democratic Republic of the Congo
Lauraceae,Beilschmiedia ambigua,Robyns & R.Wilczek,Democratic Republic of the Congo
Lauraceae,Beilschmiedia auriculata,Robyns & R.Wilczek,Democratic Republic of the Congo
Lauraceae,Beilschmiedia bracteata,Robyns & R.Wilczek,Democratic Republic of the Congo
Lauraceae,Beilschmiedia congolana,Robyns & R.Wilczek,Democratic Republic of the Congo
Lauraceae,Beilschmiedia corbisieri,(Robyns) Robyns & R.Wilczek,Democratic Republic of the Congo
Lauraceae,Beilschmiedia donisii,Robyns & R.Wilczek,Democratic Republic of the Congo
Lauraceae,Beilschmiedia fulva,Robyns & R.Wilczek,Democratic Republic of the Congo
Lauraceae,Beilschmiedia gaboonensis,(Meisn.) Benth. & Hook.f. ex B.D.Jacks.,Democratic Republic of the Congo
Lauraceae,Beilschmiedia gilbertii,Robyns & R.Wilczek,Democratic Republic of the Congo
Lauraceae,Beilschmiedia giorgii,Robyns & R.Wilczek,Democratic Republic of the Congo
Lauraceae,Beilschmiedia hermanii,Robyns & R.Wilczek,Democratic Republic of the Congo
Lauraceae,Beilschmiedia lebrunii,Robyns & R.Wilczek,Democratic Republic of the Congo
Lauraceae,Beilschmiedia louisii,Robyns & R.Wilczek,Democratic Republic of the Congo
Lauraceae,Beilschmiedia mannii,(Meisn.) Benth. & Hook.f. ex B.D.Jacks.,Democratic Republic of the Congo
Lauraceae,Beilschmiedia mannioides,Robyns & R.Wilczek,Democratic Republic of the Congo
Lauraceae,Beilschmiedia mayumbensis,Robyns & R.Wilczek,Democratic Republic of the Congo
Lauraceae,Beilschmiedia michelsonii,Robyns & R.Wilczek,Democratic Republic of the Congo
Lauraceae,Beilschmiedia oblongifolia,Robyns & R.Wilczek,Democratic Republic of the Congo
Lauraceae,Beilschmiedia obscura,(Stapf) Engl. ex A.Chev.,Democratic Republic of the Congo
Lauraceae,Beilschmiedia olivacea,Robyns & R.Wilczek,Democratic Republic of the Congo
Lauraceae,Beilschmiedia schmitzii,Robyns & R.Wilczek,Democratic Republic of the Congo
Lauraceae,Beilschmiedia ugandensis,Rendle,Democratic Republic of the Congo
Lauraceae,Beilschmiedia variabilis,Robyns & R.Wilczek,Democratic Republic of the Congo
Lauraceae,Beilschmiedia vermoesenii,Robyns & R.Wilczek,Democratic Republic of the Congo
Lauraceae,Beilschmiedia versicolor,Kosterm.,Democratic Republic of the Congo
Lauraceae,Beilschmiedia yangambiensis,Robyns & R.Wilczek,Democratic Republic of the Congo
Lauraceae,Beilschmiedia zenkeri,Engl.,Democratic Republic of the Congo
Lauraceae,Ocotea kenyensis,(Chiov.) Robyns & R.Wilczek,Democratic Republic of the Congo
Lauraceae,Ocotea michelsonii,Robyns & R.Wilczek,Democratic Republic of the Congo
Lauraceae,Ocotea usambarensis,Engl.,Democratic Republic of the Congo
Lecythidaceae,Brazzeia congoensis,Baill.,Democratic Republic of the Congo
Lecythidaceae,Brazzeia longipedicellata,Verdc.,Democratic Republic of the Congo
Lecythidaceae,Crateranthus congolensis,Lecomte,Democratic Republic of the Congo
Lecythidaceae,Napoleonaea angolensis,Welw.,Democratic Republic of the Congo
Lecythidaceae,Napoleonaea septentrionalis,Liben,Democratic Republic of the Congo
Lecythidaceae,Oubanguia africana,Baill.,Democratic Republic of the Congo
Lecythidaceae,Petersianthus macrocarpus,(P.Beauv.) Liben,Democratic Republic of the Congo
Lecythidaceae,Rhaptopetalum evrardii,R.Germ.,Democratic Republic of the Congo
Lecythidaceae,Rhaptopetalum roseum,(Gürke) Engl.,Democratic Republic of the Congo
Lecythidaceae,Scytopetalum pierreanum,(De Wild.) Tiegh.,Democratic Republic of the Congo
Lepidobotryaceae,Lepidobotrys staudtii,Engl.,Democratic Republic of the Congo
Linaceae,Hugonia afzelii,R.Br. ex Planch.,Democratic Republic of the Congo
Linaceae,Hugonia planchonii,Hook.f.,Democratic Republic of the Congo
Linaceae,Hugonia platysepala,Welw. ex Oliv.,Democratic Republic of the Congo
Linaceae,Hugonia villosa,Engl.,Democratic Republic of the Congo
Loganiaceae,Strychnos angolensis,Gilg,Democratic Republic of the Congo
Loganiaceae,Strychnos cocculoides,Baker,Democratic Republic of the Congo
Loganiaceae,Strychnos henningsii,Gilg,Democratic Republic of the Congo
Loganiaceae,Strychnos innocua,Delile,Democratic Republic of the Congo
Loganiaceae,Strychnos potatorum,L.f.,Democratic Republic of the Congo
Loganiaceae,Strychnos pungens,Soler.,Democratic Republic of the Congo
Loganiaceae,Strychnos spinosa,Lam.,Democratic Republic of the Congo
Loganiaceae,Strychnos usambarensis,Gilg ex Engl.,Democratic Republic of the Congo
Loganiaceae,Strychnos variabilis,De Wild.,Democratic Republic of the Congo
Loganiaceae,Strychnos zenkeri,Gilg ex Baker,Democratic Republic of the Congo
Malpighiaceae,Acridocarpus katangensis,De Wild.,Democratic Republic of the Congo
Malpighiaceae,Heteropterys leona,(Cav.) Exell,Democratic Republic of the Congo
Malvaceae,Adansonia digitata,L.,Democratic Republic of the Congo
Malvaceae,Ancistrocarpus densispinosus,Oliv.,Democratic Republic of the Congo
Malvaceae,Bombax buonopozense,P.Beauv.,Democratic Republic of the Congo
Malvaceae,Ceiba pentandra,(L.) Gaertn.,Democratic Republic of the Congo
Malvaceae,Christiana africana,DC.,Democratic Republic of the Congo
Malvaceae,Cola acuminata,(P.Beauv.) Schott & Endl.,Democratic Republic of the Congo
Malvaceae,Cola altissima,Engl.,Democratic Republic of the Congo
Malvaceae,Cola ballayi,Cornu ex Heckel,Democratic Republic of the Congo
Malvaceae,Cola brevipes,K.Schum.,Democratic Republic of the Congo
Malvaceae,Cola bruneelii,De Wild.,Democratic Republic of the Congo
Malvaceae,Cola cabindensis,Exell,Democratic Republic of the Congo
Malvaceae,Cola caricifolia,(G.Don) K.Schum.,Democratic Republic of the Congo
Malvaceae,Cola chlamydantha,K.Schum.,Democratic Republic of the Congo
Malvaceae,Cola congolana,De Wild. & T.Durand,Democratic Republic of the Congo
Malvaceae,Cola digitata,Mast.,Democratic Republic of the Congo
Malvaceae,Cola elegans,Pierre ex Breteler,Democratic Republic of the Congo
Malvaceae,Cola gigantea,A.Chev.,Democratic Republic of the Congo
Malvaceae,Cola gilletii,De Wild.,Democratic Republic of the Congo
Malvaceae,Cola griseiflora,De Wild.,Democratic Republic of the Congo
Malvaceae,Cola heterophylla,(P.Beauv.) Schott & Endl.,Democratic Republic of the Congo
Malvaceae,Cola lateritia,K.Schum.,Democratic Republic of the Congo
Malvaceae,Cola louisii,Germ.,Democratic Republic of the Congo
Malvaceae,Cola mahoundensis,Pellegr.,Democratic Republic of the Congo
Malvaceae,Cola marsupium,K.Schum.,Democratic Republic of the Congo
Malvaceae,Cola mayumbensis,Exell,Democratic Republic of the Congo
Malvaceae,Cola mosserayana,Germ.,Democratic Republic of the Congo
Malvaceae,Cola nitida,(Vent.) Schott & Endl.,Democratic Republic of the Congo
Malvaceae,Cola pachycarpa,K.Schum.,Democratic Republic of the Congo
Malvaceae,Cola pierlotii,Germ.,Democratic Republic of the Congo
Malvaceae,Cola ricinifolia,Engl. & K.Krause,Democratic Republic of the Congo
Malvaceae,Cola sciaphila,Louis ex Germ.,Democratic Republic of the Congo
Malvaceae,Cola selengana,Germ.,Democratic Republic of the Congo
Malvaceae,Cola urceolata,K.Schum.,Democratic Republic of the Congo
Malvaceae,Cola vandersmisseniana,Germ.,Democratic Republic of the Congo
Malvaceae,Cola verticillata,(Thonn.) Stapf ex A.Chev.,Democratic Republic of the Congo
Malvaceae,Cola welwitschii,Exell & Mendonça ex R.Germ.,Democratic Republic of the Congo
Malvaceae,Desplatsia chrysochlamys,(Mildbr. & Burret) Mildbr. & Burret,Democratic Republic of the Congo
Malvaceae,Desplatsia dewevrei,(De Wild. & T.Durand) Burret,Democratic Republic of the Congo
Malvaceae,Desplatsia mildbraedii,Burret,Democratic Republic of the Congo
Malvaceae,Desplatsia subericarpa,Bocq.,Democratic Republic of the Congo
Malvaceae,Dombeya buettneri,K.Schum.,Democratic Republic of the Congo
Malvaceae,Dombeya kirkii,Mast.,Democratic Republic of the Congo
Malvaceae,Dombeya quinqueseta,(Delile) Exell,Democratic Republic of the Congo
Malvaceae,Dombeya rotundifolia,(Hochst.) Planch.,Democratic Republic of the Congo
Malvaceae,Dombeya shupangae,K.Schum.,Democratic Republic of the Congo
Malvaceae,Dombeya torrida,(J.F.Gmel.) Bamps,Democratic Republic of the Congo
Malvaceae,Dombeya wittei,De Wild. & Staner,Democratic Republic of the Congo
Malvaceae,Duboscia viridiflora,(K.Schum.) Mildbr.,Democratic Republic of the Congo
Malvaceae,Glyphaea brevis,(Spreng.) Monach.,Democratic Republic of the Congo
Malvaceae,Grewia bicolor,Juss.,Democratic Republic of the Congo
Malvaceae,Grewia flavescens,Juss.,Democratic Republic of the Congo
Malvaceae,Grewia louisii,R.Wilczek,Democratic Republic of the Congo
Malvaceae,Grewia microcarpa,K.Schum.,Democratic Republic of the Congo
Malvaceae,Grewia mollis,Juss.,Democratic Republic of the Congo
Malvaceae,Grewia pubescens,P.Beauv.,Democratic Republic of the Congo
Malvaceae,Grewia rugosifolia,De Wild.,Democratic Republic of the Congo
Malvaceae,Grewia schmitzii,R.Wilczeck,Democratic Republic of the Congo
Malvaceae,Grewia similis,K.Schum.,Democratic Republic of the Congo
Malvaceae,Grewia stolzii,Ulbr.,Democratic Republic of the Congo
Malvaceae,Grewia trichocarpa,Hochst. ex A.Rich.,Democratic Republic of the Congo
Malvaceae,Grewia trinervia,De Wild.,Democratic Republic of the Congo
Malvaceae,Grewia ugandensis,Sprague,Democratic Republic of the Congo
Malvaceae,Hibiscus diversifolius,Jacq.,Democratic Republic of the Congo
Malvaceae,Kosteletzkya grantii,(Mast.) Garcke,Democratic Republic of the Congo
Malvaceae,Leptonychia batangensis,(C.H.Wright) Burret,Democratic Republic of the Congo
Malvaceae,Leptonychia chrysocarpa,K.Schum.,Democratic Republic of the Congo
Malvaceae,Leptonychia mayumbensis,R. Germ.,Democratic Republic of the Congo
Malvaceae,Leptonychia melanocarpa,Germ.,Democratic Republic of the Congo
Malvaceae,Leptonychia mildbraedii,Engl.,Democratic Republic of the Congo
Malvaceae,Leptonychia multiflora,K.Schum.,Democratic Republic of the Congo
Malvaceae,Leptonychia tokana,Germ.,Democratic Republic of the Congo
Malvaceae,Microcos conocarpoides,(Burret) Burret,Democratic Republic of the Congo
Malvaceae,Microcos coriacea,Burret,Democratic Republic of the Congo
Malvaceae,Microcos mildbraedii,(Burret) Burret,Democratic Republic of the Congo
Malvaceae,Microcos oligoneura,(Sprague) Burret,Democratic Republic of the Congo
Malvaceae,Microcos pinnatifida,(Mast.) Burret,Democratic Republic of the Congo
Malvaceae,Microcos seretii,(De Wild.) Burret,Democratic Republic of the Congo
Malvaceae,Nesogordonia kabingaensis,(K.Schum.) Capuron ex R.Germ.,Democratic Republic of the Congo
Malvaceae,Octolobus grandis,Exell,Democratic Republic of the Congo
Malvaceae,Octolobus spectabilis,Welw.,Democratic Republic of the Congo
Malvaceae,Pterygota bequaertii,De Wild.,Democratic Republic of the Congo
Malvaceae,Pterygota mildbraedii,Engl.,Democratic Republic of the Congo
Malvaceae,Rhodognaphalon brevicuspe,(Sprague) Roberty,Democratic Republic of the Congo
Malvaceae,Rhodognaphalon lukayense,(De Wild. & T.Durand) A.Robyns,Democratic Republic of the Congo
Malvaceae,Scaphopetalum dewevrei,De Wild. & T.Durand,Democratic Republic of the Congo
Malvaceae,Sparrmannia ricinocarpa,(Eckl. & Zeyh.) Kuntze,Democratic Republic of the Congo
Malvaceae,Sterculia dawei,Sprague,Democratic Republic of the Congo
Malvaceae,Sterculia quinqueloba,(Garcke) K.Schum.,Democratic Republic of the Congo
Malvaceae,Sterculia setigera,Delile,Democratic Republic of the Congo
Malvaceae,Sterculia subviolacea,K.Schum.,Democratic Republic of the Congo
Malvaceae,Sterculia tragacantha,Lindl.,Democratic Republic of the Congo
Malvaceae,Sterculia tragacanthoides,Engl.,Democratic Republic of the Congo
Malvaceae,Thespesia garckeana,F. Hoffm.,Democratic Republic of the Congo
Malvaceae,Triplochiton scleroxylon,K.Schum.,Democratic Republic of the Congo
Malvaceae,Triumfetta trifida,Sprague & Hutch.,Democratic Republic of the Congo
Melastomataceae,Dichaetanthera africana,Jacq.-Fél.,Democratic Republic of the Congo
Melastomataceae,Dichaetanthera corymbosa,Jacq.-Fél.,Democratic Republic of the Congo
Melastomataceae,Dichaetanthera strigosa,Jacques,Democratic Republic of the Congo
Melastomataceae,Dissotidendron caloneurum,(Gilg ex Engl.) Ver.-Lib. & G.Kadereit,Democratic Republic of the Congo
Melastomataceae,Dissotis romiana,De Wild.,Democratic Republic of the Congo
Melastomataceae,Lijndenia barteri,K. Bremer,Democratic Republic of the Congo
Melastomataceae,Memecylon diluviorum,Exell,Democratic Republic of the Congo
Melastomataceae,Memecylon flavovirens,Baker,Democratic Republic of the Congo
Melastomataceae,Memecylon germainii,A.Fern. & R.Fern.,Democratic Republic of the Congo
Melastomataceae,Memecylon myrianthum,Gilg,Democratic Republic of the Congo
Melastomataceae,Memecylon oubanguianum,Jacq.-Fél.,Democratic Republic of the Congo
Melastomataceae,Warneckea bebaiensis,(Gilg ex Engl.) Jacq.-Fél.,Democratic Republic of the Congo
Melastomataceae,Warneckea bequaertii,(De Wild.) Jacq.-Fél.,Democratic Republic of the Congo
Melastomataceae,Warneckea cinnamomioides,(G. Don) Jacq.-Fél.,Democratic Republic of the Congo
Melastomataceae,Warneckea congolensis,(A.Fern. & R.Fern.) Jacq.-Fél.,Democratic Republic of the Congo
Melastomataceae,Warneckea jasminoides,(Gilg) Jacq.-Fél.,Democratic Republic of the Congo
Melastomataceae,Warneckea pulcherrima,(Gilg) Jacq.-Fél.,Democratic Republic of the Congo
Melastomataceae,Warneckea reygaertii,(De Wild.) Jacq.-Fél.,Democratic Republic of the Congo
Melastomataceae,Warneckea sansibarica,(Taub.) Jacq.-Fél.,Democratic Republic of the Congo
Melastomataceae,Warneckea sapinii,(De Wild.) Jacq.-Fél.,Democratic Republic of the Congo
Melastomataceae,Warneckea superba,(A.Fern. & R.Fern.) Jacq.-Fél.,Democratic Republic of the Congo
Melastomataceae,Warneckea walikalensis,(A.Fern. & R.Fern.) Jacq.-Fél.,Democratic Republic of the Congo
Meliaceae,Carapa grandiflora,Sprague,Democratic Republic of the Congo
Meliaceae,Carapa macrantha,Harms,Democratic Republic of the Congo
Meliaceae,Carapa parviflora,Harms,Democratic Republic of the Congo
Meliaceae,Ekebergia benguelensis,Welw. ex C.DC.,Democratic Republic of the Congo
Meliaceae,Ekebergia capensis,Sparrm.,Democratic Republic of the Congo
Meliaceae,Entandrophragma angolense,(Welw.) Panshin,Democratic Republic of the Congo
Meliaceae,Entandrophragma candollei,Harms,Democratic Republic of the Congo
Meliaceae,Entandrophragma congoense,(Pierre ex De Wild.) A.Chev.,Democratic Republic of the Congo
Meliaceae,Entandrophragma cylindricum,(Sprague) Sprague,Democratic Republic of the Congo
Meliaceae,Entandrophragma delevoyi,De Wild.,Democratic Republic of the Congo
Meliaceae,Entandrophragma excelsum,(Dawe & Sprague) Sprague,Democratic Republic of the Congo
Meliaceae,Entandrophragma palustre,Staner,Democratic Republic of the Congo
Meliaceae,Entandrophragma utile,(Dawe & Sprague) Sprague,Democratic Republic of the Congo
Meliaceae,Heckeldora staudtii,(Harms) Staner,Democratic Republic of the Congo
Meliaceae,Khaya anthotheca,(Welw.) C.DC.,Democratic Republic of the Congo
Meliaceae,Khaya grandifoliola,C.DC.,Democratic Republic of the Congo
Meliaceae,Lepidotrichilia volkensii,(Gürke) J.-F.Leroy,Democratic Republic of the Congo
Meliaceae,Leplaea cedrata,(A.Chev.) E.J.M.Koenen & J.J.de Wilde,Democratic Republic of the Congo
Meliaceae,Leplaea laurentii,(De Wild.) E.J.M.Koenen & J.J.de Wilde,Democratic Republic of the Congo
Meliaceae,Leplaea mayombensis,(Pellegr.) Staner,Democratic Republic of the Congo
Meliaceae,Leplaea thompsonii,(Sprague & Hutch.) E.J.M.Koenen & J.J.de Wilde,Democratic Republic of the Congo
Meliaceae,Lovoa swynnertonii,Baker f.,Democratic Republic of the Congo
Meliaceae,Lovoa trichilioides,Harms,Democratic Republic of the Congo
Meliaceae,Neoguarea glomerulata,(Harms) E.J.M.Koenen & J.J.de Wilde,Democratic Republic of the Congo
Meliaceae,Pseudocedrela kotschyi,(Schweinf.) Harms,Democratic Republic of the Congo
Meliaceae,Trichilia dregeana,Sond.,Democratic Republic of the Congo
Meliaceae,Trichilia emetica,Vahl,Democratic Republic of the Congo
Meliaceae,Trichilia gilgiana,Harms,Democratic Republic of the Congo
Meliaceae,Trichilia gilletii,De Wild.,Democratic Republic of the Congo
Meliaceae,Trichilia martineaui,Aubrév. & Pellegr.,Democratic Republic of the Congo
Meliaceae,Trichilia monadelpha,(Thonn.) J.J.de Wilde,Democratic Republic of the Congo
Meliaceae,Trichilia prieuriana,A.Juss.,Democratic Republic of the Congo
Meliaceae,Trichilia retusa,Oliv.,Democratic Republic of the Congo
Meliaceae,Trichilia rubescens,Oliv.,Democratic Republic of the Congo
Meliaceae,Trichilia tessmannii,Harms,Democratic Republic of the Congo
Meliaceae,Trichilia welwitschii,C.DC.,Democratic Republic of the Congo
Meliaceae,Turraea floribunda,Hochst.,Democratic Republic of the Congo
Meliaceae,Turraea holstii,Gürke,Democratic Republic of the Congo
Meliaceae,Turraea robusta,Gürke,Democratic Republic of the Congo
Meliaceae,Turraeanthus africana,(Welw. ex C.DC.) Pellegr.,Democratic Republic of the Congo
Menispermaceae,Penianthus longifolius,Miers,Democratic Republic of the Congo
Menispermaceae,Penianthus zenkeri,(Engl.) Diels,Democratic Republic of the Congo
Metteniusaceae,Apodytes dimidiata,E.Mey. ex Arn.,Democratic Republic of the Congo
Metteniusaceae,Rhaphiostylis beninensis,(Hook.f. ex Planch.) Planch. ex Benth.,Democratic Republic of the Congo
Moraceae,Afromorus mesozygia,(Stapf) E.M.Gardner,Democratic Republic of the Congo
Moraceae,Antiaris toxicaria,(J.F.Gmel.) Lesch.,Democratic Republic of the Congo
Moraceae,Bosqueiopsis gilletii,De Wild. & T.Durand,Democratic Republic of the Congo
Moraceae,Ficus adolphi-friderici,Mildbr.,Democratic Republic of the Congo
Moraceae,Ficus amadiensis,De Wild.,Democratic Republic of the Congo
Moraceae,Ficus ardisioides,Warb.,Democratic Republic of the Congo
Moraceae,Ficus artocarpoides,Warb.,Democratic Republic of the Congo
Moraceae,Ficus asperifolia,Miq.,Democratic Republic of the Congo
Moraceae,Ficus barteri,Sprague,Democratic Republic of the Congo
Moraceae,Ficus bubu,Warb.,Democratic Republic of the Congo
Moraceae,Ficus burretiana,Mildbr. & Hutch.,Democratic Republic of the Congo
Moraceae,Ficus calyptrata,Vahl,Democratic Republic of the Congo
Moraceae,Ficus chirindensis,C.C.Berg,Democratic Republic of the Congo
Moraceae,Ficus conraui,Warb.,Democratic Republic of the Congo
Moraceae,Ficus crassicosta,Warb.,Democratic Republic of the Congo
Moraceae,Ficus craterostoma,Warb. ex Mildbr. & Burret,Democratic Republic of the Congo
Moraceae,Ficus cyathistipula,Warb.,Democratic Republic of the Congo
Moraceae,Ficus cyathistipuloides,De Wild.,Democratic Republic of the Congo
Moraceae,Ficus densistipulata,De Wild.,Democratic Republic of the Congo
Moraceae,Ficus dicranostyla,Mildbr.,Democratic Republic of the Congo
Moraceae,Ficus dryepondtiana,Gentil,Democratic Republic of the Congo
Moraceae,Ficus elasticoides,De Wild.,Democratic Republic of the Congo
Moraceae,Ficus exasperata,Vahl,Democratic Republic of the Congo
Moraceae,Ficus glumosa,Delile,Democratic Republic of the Congo
Moraceae,Ficus ingens,(Miq.) Miq.,Democratic Republic of the Congo
Moraceae,Ficus kamerunensis,Warb. ex Mildbr. & Burret,Democratic Republic of the Congo
Moraceae,Ficus laurifolia,Lam.,Democratic Republic of the Congo
Moraceae,Ficus lingua,Warb. ex De Wild. & T.Durand,Democratic Republic of the Congo
Moraceae,Ficus louisii,Boutique & J.Léonard,Democratic Republic of the Congo
Moraceae,Ficus lutea,Vahl,Democratic Republic of the Congo
Moraceae,Ficus mucuso,Welw. ex Ficalho,Democratic Republic of the Congo
Moraceae,Ficus natalensis,Hochst.,Democratic Republic of the Congo
Moraceae,Ficus oreodryadum,Mildbr.,Democratic Republic of the Congo
Moraceae,Ficus ottoniifolia,Miq.,Democratic Republic of the Congo
Moraceae,Ficus polita,Vahl,Democratic Republic of the Congo
Moraceae,Ficus preussii,Warb.,Democratic Republic of the Congo
Moraceae,Ficus pseudomangifera,Hutch.,Democratic Republic of the Congo
Moraceae,Ficus recurvata,De Wild.,Democratic Republic of the Congo
Moraceae,Ficus saussureana,DC.,Democratic Republic of the Congo
Moraceae,Ficus scassellatii,Pamp.,Democratic Republic of the Congo
Moraceae,Ficus stuhlmannii,Warb.,Democratic Republic of the Congo
Moraceae,Ficus subcostata,De Wild.,Democratic Republic of the Congo
Moraceae,Ficus sur,Forssk.,Democratic Republic of the Congo
Moraceae,Ficus sycomorus,L.,Democratic Republic of the Congo
Moraceae,Ficus tesselata,Warb.,Democratic Republic of the Congo
Moraceae,Ficus thonningii,Blume,Democratic Republic of the Congo
Moraceae,Ficus trichopoda,Baker,Democratic Republic of the Congo
Moraceae,Ficus umbellata,Vahl,Democratic Republic of the Congo
Moraceae,Ficus vallis-choudae,Delile,Democratic Republic of the Congo
Moraceae,Ficus variifolia,Warb.,Democratic Republic of the Congo
Moraceae,Ficus verruculosa,Warb.,Democratic Republic of the Congo
Moraceae,Ficus vogeliana,(Miq.) Miq.,Democratic Republic of the Congo
Moraceae,Ficus wildemaniana,Warb.,Democratic Republic of the Congo
Moraceae,Milicia excelsa,(Welw.) C.C.Berg,Democratic Republic of the Congo
Moraceae,Sloetiopsis usambarensis,Engl.,Democratic Republic of the Congo
Moraceae,Treculia obovoidea,N.E.Br.,Democratic Republic of the Congo
Moraceae,Trilepisium madagascariense,DC.,Democratic Republic of the Congo
Myricaceae,Morella kandtiana,(Engl.) Verdc. & Polhill,Democratic Republic of the Congo
Myricaceae,Morella salicifolia,(Hochst. ex A.Rich.) Verdc. & Polhill,Democratic Republic of the Congo
Myristicaceae,Coelocaryon botryoides,Vermoesen,Democratic Republic of the Congo
Myristicaceae,Coelocaryon preussii,Warb.,Democratic Republic of the Congo
Myristicaceae,Pycnanthus angolensis,(Welw.) Warb.,Democratic Republic of the Congo
Myristicaceae,Pycnanthus marchalianus,Ghesq.,Democratic Republic of the Congo
Myristicaceae,Staudtia kamerunensis,Warb.,Democratic Republic of the Congo
Myrtaceae,Eugenia bukobensis,Engl.,Democratic Republic of the Congo
Myrtaceae,Eugenia capensis,(Eckl. & Zeyh.) Harv.,Democratic Republic of the Congo
Myrtaceae,Eugenia congolensis,De Wild. & T.Durand,Democratic Republic of the Congo
Myrtaceae,Eugenia dewevrei,De Wild. & T.Durand,Democratic Republic of the Congo
Myrtaceae,Eugenia gabonensis,Amshoff,Democratic Republic of the Congo
Myrtaceae,Eugenia klaineana,(Pierre) Engl.,Democratic Republic of the Congo
Myrtaceae,Syzygium afromontanum,(F.White) Byng,Democratic Republic of the Congo
Myrtaceae,Syzygium barotsense,(F.White) Byng & Christenh.,Democratic Republic of the Congo
Myrtaceae,Syzygium benguellense,(Welw. ex Hiern) Engl.,Democratic Republic of the Congo
Myrtaceae,Syzygium congolense,Vermoesen,Democratic Republic of the Congo
Myrtaceae,Syzygium cordatum,Hochst. ex Krauss,Democratic Republic of the Congo
Myrtaceae,Syzygium germainii,Amshoff,Democratic Republic of the Congo
Myrtaceae,Syzygium gilletii,De Wild.,Democratic Republic of the Congo
Myrtaceae,Syzygium giorgii,De Wild.,Democratic Republic of the Congo
Myrtaceae,Syzygium guineense,(Willd.) DC.,Democratic Republic of the Congo
Myrtaceae,Syzygium littorosum,Byng,Democratic Republic of the Congo
Myrtaceae,Syzygium owariense,(P.Beauv.) Benth.,Democratic Republic of the Congo
Myrtaceae,Syzygium parvifolium,(Engl.) Mildbr.,Democratic Republic of the Congo
Myrtaceae,Syzygium pratense,Byng,Democratic Republic of the Congo
Myrtaceae,Syzygium rowlandii,Sprague,Democratic Republic of the Congo
Myrtaceae,Syzygium staudtii,(Engl.) Mildbr.,Democratic Republic of the Congo
Ochnaceae,Campylospermum andongense,(Hiern) Biss.,Democratic Republic of the Congo
Ochnaceae,Campylospermum bukobense,(Gilg) Farron,Democratic Republic of the Congo
Ochnaceae,Campylospermum claessensii,(De Wild.) Farron,Democratic Republic of the Congo
Ochnaceae,Campylospermum densiflorum,(De Wild. & T.Durand) Farron,Democratic Republic of the Congo
Ochnaceae,Campylospermum dybovskii,Tiegh.,Democratic Republic of the Congo
Ochnaceae,Campylospermum elongatum,(Oliv.) Tiegh.,Democratic Republic of the Congo
Ochnaceae,Campylospermum engama,De Wild.,Democratic Republic of the Congo
Ochnaceae,Campylospermum flavum,(Schumach. & Thonn.) Farron,Democratic Republic of the Congo
Ochnaceae,Campylospermum glaberrimum,(P. Beauv.) Farron,Democratic Republic of the Congo
Ochnaceae,Campylospermum laeve,(De Wild. & T.Durand) Farron,Democratic Republic of the Congo
Ochnaceae,Campylospermum laxiflorum,(De Wild. & T.Durand) Tiegh.,Democratic Republic of the Congo
Ochnaceae,Campylospermum lutambense,(Sleumer) Biss.,Democratic Republic of the Congo
Ochnaceae,Campylospermum reticulatum,(P. Beauv.) Farron,Democratic Republic of the Congo
Ochnaceae,Campylospermum vogelii,(Hook.f.) Farron,Democratic Republic of the Congo
Ochnaceae,Idertia axillaris,(Oliv.) Farron,Democratic Republic of the Congo
Ochnaceae,Lophira alata,Banks ex C.F.Gaertn.,Democratic Republic of the Congo
Ochnaceae,Lophira lanceolata,Tiegh. ex Keay,Democratic Republic of the Congo
Ochnaceae,Ochna afzelii,R.Br. ex Oliv.,Democratic Republic of the Congo
Ochnaceae,Ochna holstii,Engl.,Democratic Republic of the Congo
Ochnaceae,Ochna holtzii,Gilg,Democratic Republic of the Congo
Ochnaceae,Ochna inermis,(Forssk.) Schweinf.,Democratic Republic of the Congo
Ochnaceae,Ochna membranacea,Oliv.,Democratic Republic of the Congo
Ochnaceae,Ochna multiflora,DC.,Democratic Republic of the Congo
Ochnaceae,Ochna puberula,N.Robson,Democratic Republic of the Congo
Ochnaceae,Ochna pulchra,Hook.,Democratic Republic of the Congo
Ochnaceae,Ochna schweinfurthiana,F.Hoffm.,Democratic Republic of the Congo
Ochnaceae,Ochna staudtii,Gilg,Democratic Republic of the Congo
Ochnaceae,Rhabdophyllum arnoldianum,(De Wild. & T.Durand) Tiegh.,Democratic Republic of the Congo
Ochnaceae,Rhabdophyllum calophyllum,(Hook.f.) Tiegh.,Democratic Republic of the Congo
Ochnaceae,Rhabdophyllum welwitschii,Tiegh.,Democratic Republic of the Congo
Olacaceae,Aptandra zenkeri,Engl.,Democratic Republic of the Congo
Olacaceae,Coula edulis,Baill.,Democratic Republic of the Congo
Olacaceae,Diogoa zenkeri,(Engl.) Exell & Mendonça,Democratic Republic of the Congo
Olacaceae,Heisteria parvifolia,Sm.,Democratic Republic of the Congo
Olacaceae,Heisteria trillesiana,Pierre ex Heckel,Democratic Republic of the Congo
Olacaceae,Heisteria zimmereri,Engl.,Democratic Republic of the Congo
Olacaceae,Octoknema aruwimiensis,Mildbr.,Democratic Republic of the Congo
Olacaceae,Octoknema hulstaertiana,Germ.,Democratic Republic of the Congo
Olacaceae,Octoknema kivuensis,Gosline & Malécot,Democratic Republic of the Congo
Olacaceae,Olax obtusifolia,De Wild.,Democratic Republic of the Congo
Olacaceae,Olax subscorpioidea,Oliv.,Democratic Republic of the Congo
Olacaceae,Ongokea gore,(Hua) Pierre,Democratic Republic of the Congo
Olacaceae,Strombosia gossweileri,S.Moore,Democratic Republic of the Congo
Olacaceae,Strombosia grandifolia,Hook.f. ex Benth.,Democratic Republic of the Congo
Olacaceae,Strombosia nigropunctata,Louis & J.Léonard,Democratic Republic of the Congo
Olacaceae,Strombosia pustulata,Oliv.,Democratic Republic of the Congo
Olacaceae,Strombosia scheffleri,Engl.,Democratic Republic of the Congo
Olacaceae,Strombosiopsis tetrandra,Engl.,Democratic Republic of the Congo
Oleaceae,Noronhia africana,(Knobl.) Hong-Wa & Besnard,Democratic Republic of the Congo
Oleaceae,Noronhia mannii,(Soler.) Hong-Wa & Besnard,Democratic Republic of the Congo
Oleaceae,Noronhia mildbraedii,(Gilg & G.Schellenb.),Democratic Republic of the Congo
Oleaceae,Noronhia nilotica,(Oliv.) Hong-Wa & Besnard,Democratic Republic of the Congo
Oleaceae,Olea capensis,L.,Democratic Republic of the Congo
Oleaceae,Olea europaea,L.,Democratic Republic of the Congo
Oleaceae,Olea welwitschii,(Knobl.) Gilg & G.Schellenb.,Democratic Republic of the Congo
Oleaceae,Schrebera alata,(Hochst.) Welw.,Democratic Republic of the Congo
Oleaceae,Schrebera arborea,A.Chev.,Democratic Republic of the Congo
Oleaceae,Schrebera trichoclada,Welw.,Democratic Republic of the Congo
Opiliaceae,Rhopalopilia pallens,Pierre,Democratic Republic of the Congo
Pandaceae,Microdesmis haumaniana,J.Léonard,Democratic Republic of the Congo
Pandaceae,Microdesmis kasaiensis,J.Léonard,Democratic Republic of the Congo
Pandaceae,Microdesmis pierlotiana,J.Léonard,Democratic Republic of the Congo
Pandaceae,Microdesmis puberula,Hook.f. ex Planch.,Democratic Republic of the Congo
Pandaceae,Microdesmis yafungana,J.Léonard,Democratic Republic of the Congo
Pandaceae,Panda oleosa,Pierre,Democratic Republic of the Congo
Pandanaceae,Pandanus livingstonianus,Rendle,Democratic Republic of the Congo
Passifloraceae,Barteria dewevrei,De Wild. & T.Durand,Democratic Republic of the Congo
Passifloraceae,Barteria fistulosa,Mast.,Democratic Republic of the Congo
Passifloraceae,Barteria nigritana,Hook.f.,Democratic Republic of the Congo
Passifloraceae,Barteria solida,Breteler,Democratic Republic of the Congo
Passifloraceae,Paropsia guineensis,Oliv.,Democratic Republic of the Congo
Passifloraceae,Paropsiopsis decandra,(Baill.) Sleumer,Democratic Republic of the Congo
Penaeaceae,Olinia huillensis,Welw. ex A.Fern. & R.Fern.,Democratic Republic of the Congo
Penaeaceae,Olinia ruandensis,Gilg,Democratic Republic of the Congo
Pentaphylacaceae,Balthasaria schliebenii,(Melch.) Verdc.,Democratic Republic of the Congo
Peraceae,Chaetocarpus africanus,Pax,Democratic Republic of the Congo
Peraceae,Clutia abyssinica,Jaub. & Spach,Democratic Republic of the Congo
Phyllanthaceae,Antidesma laciniatum,Müll.Arg.,Democratic Republic of the Congo
Phyllanthaceae,Antidesma membranaceum,Müll.Arg.,Democratic Republic of the Congo
Phyllanthaceae,Antidesma rufescens,Tul.,Democratic Republic of the Congo
Phyllanthaceae,Antidesma venosum,E.Mey. ex Tul.,Democratic Republic of the Congo
Phyllanthaceae,Antidesma vogelianum,Müll.Arg.,Democratic Republic of the Congo
Phyllanthaceae,Bridelia atroviridis,Müll.Arg.,Democratic Republic of the Congo
Phyllanthaceae,Bridelia brideliifolia,(Pax) Fedde,Democratic Republic of the Congo
Phyllanthaceae,Bridelia cathartica,Bertol.,Democratic Republic of the Congo
Phyllanthaceae,Bridelia duvigneaudii,J.Léonard,Democratic Republic of the Congo
Phyllanthaceae,Bridelia ferruginea,Benth.,Democratic Republic of the Congo
Phyllanthaceae,Bridelia grandis,Pierre ex Hutch.,Democratic Republic of the Congo
Phyllanthaceae,Bridelia micrantha,(Hochst.) Baill.,Democratic Republic of the Congo
Phyllanthaceae,Bridelia ndellensis,Beille,Democratic Republic of the Congo
Phyllanthaceae,Bridelia ripicola,J.Léonard,Democratic Republic of the Congo
Phyllanthaceae,Bridelia scleroneura,Müll.Arg.,Democratic Republic of the Congo
Phyllanthaceae,Cleistanthus bipindensis,Pax,Democratic Republic of the Congo
Phyllanthaceae,Cleistanthus caudatus,Pax,Democratic Republic of the Congo
Phyllanthaceae,Cleistanthus duvipermaniorum,J.Léonard,Democratic Republic of the Congo
Phyllanthaceae,Cleistanthus evrardii,J.Léonard,Democratic Republic of the Congo
Phyllanthaceae,Cleistanthus inundatus,J.Léonard,Democratic Republic of the Congo
Phyllanthaceae,Cleistanthus itsoghensis,Pellegr.,Democratic Republic of the Congo
Phyllanthaceae,Cleistanthus kwangensis,J.Léonard,Democratic Republic of the Congo
Phyllanthaceae,Cleistanthus libericus,N.E.Br.,Democratic Republic of the Congo
Phyllanthaceae,Cleistanthus pierlotii,J.Léonard,Democratic Republic of the Congo
Phyllanthaceae,Cleistanthus polystachyus,Hook.f. ex Planch.,Democratic Republic of the Congo
Phyllanthaceae,Cleistanthus ripicola,J.Léonard,Democratic Republic of the Congo
Phyllanthaceae,Cleistanthus zenkeri,Jabl.,Democratic Republic of the Congo
Phyllanthaceae,Flueggea virosa,(Roxb. ex Willd.) Royle,Democratic Republic of the Congo
Phyllanthaceae,Hymenocardia acida,Tul.,Democratic Republic of the Congo
Phyllanthaceae,Hymenocardia ripicola,J.Léonard,Democratic Republic of the Congo
Phyllanthaceae,Hymenocardia ulmoides,Oliv.,Democratic Republic of the Congo
Phyllanthaceae,Maesobotrya bertramiana,Büttner,Democratic Republic of the Congo
Phyllanthaceae,Maesobotrya cordulata,J.Léonard,Democratic Republic of the Congo
Phyllanthaceae,Maesobotrya floribunda,Benth.,Democratic Republic of the Congo
Phyllanthaceae,Maesobotrya griffoniana,(Baill.) Pierre ex Hutch.,Democratic Republic of the Congo
Phyllanthaceae,Maesobotrya klaineana,(Pierre) J.Léonard,Democratic Republic of the Congo
Phyllanthaceae,Maesobotrya longipes,(Pax) Hutch.,Democratic Republic of the Congo
Phyllanthaceae,Maesobotrya pierlotii,J.Léonard,Democratic Republic of the Congo
Phyllanthaceae,Maesobotrya purseglovei,Verdc.,Democratic Republic of the Congo
Phyllanthaceae,Maesobotrya pynaertii,(De Wild.) Pax,Democratic Republic of the Congo
Phyllanthaceae,Maesobotrya staudtii,(Pax) Hutch.,Democratic Republic of the Congo
Phyllanthaceae,Maesobotrya vermeulenii,(De Wild.) J.Léonard,Democratic Republic of the Congo
Phyllanthaceae,Maesobotrya villosa,(J.Léonard) J.Léonard,Democratic Republic of the Congo
Phyllanthaceae,Margaritaria discoidea,(Baill.) G.L.Webster,Democratic Republic of the Congo
Phyllanthaceae,Martretia quadricornis,Beille,Democratic Republic of the Congo
Phyllanthaceae,Pentabrachion reticulatum,Müll.Arg.,Democratic Republic of the Congo
Phyllanthaceae,Phyllanthus ovalifolius,Forssk.,Democratic Republic of the Congo
Phyllanthaceae,Phyllanthus physocarpus,Müll.Arg.,Democratic Republic of the Congo
Phyllanthaceae,Phyllanthus polyanthus,Pax,Democratic Republic of the Congo
Phyllanthaceae,Phyllanthus reticulatus,Poir.,Democratic Republic of the Congo
Phyllanthaceae,Protomegabaria meiocarpa,J.Léonard,Democratic Republic of the Congo
Phyllanthaceae,Protomegabaria stapfiana,(Beille) Hutch.,Democratic Republic of the Congo
Phyllanthaceae,Pseudolachnostylis maprouneifolia,Pax,Democratic Republic of the Congo
Phyllanthaceae,Spondianthus preussii,Engl.,Democratic Republic of the Congo
Phyllanthaceae,Thecacoris leptobotrya,(Müll.Arg.) Brenan,Democratic Republic of the Congo
Phyllanthaceae,Thecacoris lucida,(Pax) Hutch.,Democratic Republic of the Congo
Phyllanthaceae,Thecacoris trichogyne,Müll.Arg.,Democratic Republic of the Congo
Phyllanthaceae,Uapaca acuminata,(Hutch.) Pax & K.Hoffm.,Democratic Republic of the Congo
Phyllanthaceae,Uapaca guineensis,Müll.Arg.,Democratic Republic of the Congo
Phyllanthaceae,Uapaca heudelotii,Baill.,Democratic Republic of the Congo
Phyllanthaceae,Uapaca kirkiana,Müll.Arg.,Democratic Republic of the Congo
Phyllanthaceae,Uapaca lissopyrena,Radcl.-Sm.,Democratic Republic of the Congo
Phyllanthaceae,Uapaca mole,Pax,Democratic Republic of the Congo
Phyllanthaceae,Uapaca nitida,Müll.Arg.,Democratic Republic of the Congo
Phyllanthaceae,Uapaca pilosa,Hutch.,Democratic Republic of the Congo
Phyllanthaceae,Uapaca pynaertii,De Wild.,Democratic Republic of the Congo
Phyllanthaceae,Uapaca robynsii,De Wild.,Democratic Republic of the Congo
Phyllanthaceae,Uapaca rufopilosa,(De Wild.) P.A.Duvign.,Democratic Republic of the Congo
Phyllanthaceae,Uapaca sansibarica,Pax,Democratic Republic of the Congo
Phyllanthaceae,Uapaca teusczii,Pax,Democratic Republic of the Congo
Phyllanthaceae,Uapaca togoensis,Pax,Democratic Republic of the Congo
Phyllanthaceae,Uapaca vanhouttei,De Wild.,Democratic Republic of the Congo
Picrodendraceae,Oldfieldia dactylophylla,(Welw. ex Oliv.) J.Léonard,Democratic Republic of the Congo
Picrodendraceae,Oldfieldia macrocarpa,J.Léonard,Democratic Republic of the Congo
Piperaceae,Piper guineense,Schumach. & Thonn.,Democratic Republic of the Congo
Pittosporaceae,Pittosporum abyssinicum,Delile,Democratic Republic of the Congo
Pittosporaceae,Pittosporum mildbraedii,Engl.,Democratic Republic of the Congo
Pittosporaceae,Pittosporum viridiflorum,Sims,Democratic Republic of the Congo
Podocarpaceae,Afrocarpus dawei,(Stapf) C.N.Page,Democratic Republic of the Congo
Podocarpaceae,Afrocarpus gracilior,(Pilg.) C.N.Page,Democratic Republic of the Congo
Podocarpaceae,Podocarpus milanjianus,Rendle,Democratic Republic of the Congo
Polygalaceae,Carpolobia alba,G.Don,Democratic Republic of the Congo
Polygalaceae,Carpolobia goetzei,Gürke,Democratic Republic of the Congo
Polygalaceae,Carpolobia gossweileri,(Exell) E.M.A.Petit,Democratic Republic of the Congo
Primulaceae,Ardisia kivuensis,Taton,Democratic Republic of the Congo
Primulaceae,Ardisia staudtii,Gilg,Democratic Republic of the Congo
Primulaceae,Embelia upembensis,Taton,Democratic Republic of the Congo
Primulaceae,Maesa lanceolata,Forssk.,Democratic Republic of the Congo
Primulaceae,Maesa welwitschii,Gilg,Democratic Republic of the Congo
Primulaceae,Myrsine melanophloeos,(L.) R.Br. ex Sweet,Democratic Republic of the Congo
Proteaceae,Faurea delevoyi,De Wild.,Democratic Republic of the Congo
Proteaceae,Faurea discolor,Welw.,Democratic Republic of the Congo
Proteaceae,Faurea intermedia,Engl. & Gilg,Democratic Republic of the Congo
Proteaceae,Faurea lucida,De Wild.,Democratic Republic of the Congo
Proteaceae,Faurea rochetiana,(A.Rich.) Chiov. ex Pic.Serm.,Democratic Republic of the Congo
Proteaceae,Faurea saligna,Harv.,Democratic Republic of the Congo
Proteaceae,Faurea wentzeliana,Engl.,Democratic Republic of the Congo
Proteaceae,Protea angolensis,Welw.,Democratic Republic of the Congo
Proteaceae,Protea argyrea,Hauman,Democratic Republic of the Congo
Proteaceae,Protea caffra,Meisn.,Democratic Republic of the Congo
Proteaceae,Protea gaguedi,J.F.Gmel.,Democratic Republic of the Congo
Proteaceae,Protea madiensis,Oliv.,Democratic Republic of the Congo
Proteaceae,Protea petiolaris,(Hiern) Baker & C.H.Wright,Democratic Republic of the Congo
Proteaceae,Protea rupestris,R.E.Fr.,Democratic Republic of the Congo
Proteaceae,Protea welwitschii,Engl.,Democratic Republic of the Congo
Putranjivaceae,Drypetes bipindensis,(Pax) Hutch.,Democratic Republic of the Congo
Putranjivaceae,Drypetes calvescens,Pax & K.Hoffm.,Democratic Republic of the Congo
Putranjivaceae,Drypetes capillipes,(Pax) Pax & K.Hoffm.,Democratic Republic of the Congo
Putranjivaceae,Drypetes chevalieri,Beille ex Hutch. & Dalziel,Democratic Republic of the Congo
Putranjivaceae,Drypetes cinnabarina,Pax & K.Hoffm.,Democratic Republic of the Congo
Putranjivaceae,Drypetes darimontiana,J.Léonard,Democratic Republic of the Congo
Putranjivaceae,Drypetes dinklagei,(Pax) Hutch.,Democratic Republic of the Congo
Putranjivaceae,Drypetes gerrardii,Hutch.,Democratic Republic of the Congo
Putranjivaceae,Drypetes gossweileri,S.Moore,Democratic Republic of the Congo
Putranjivaceae,Drypetes ituriensis,Pax & K.Hoffm.,Democratic Republic of the Congo
Putranjivaceae,Drypetes leonensis,Pax,Democratic Republic of the Congo
Putranjivaceae,Drypetes louisii,J.Leonard,Democratic Republic of the Congo
Putranjivaceae,Drypetes mildbraedii,(Pax) Hutch.,Democratic Republic of the Congo
Putranjivaceae,Drypetes occidentalis,(Müll.Arg.) Hutch.,Democratic Republic of the Congo
Putranjivaceae,Drypetes palustris,"D.J.Harris, Barberá & Quintanar",Democratic Republic of the Congo
Putranjivaceae,Drypetes paxii,Hutch.,Democratic Republic of the Congo
Putranjivaceae,Drypetes polyantha,Pax & K.Hoffm.,Democratic Republic of the Congo
Putranjivaceae,Drypetes spinosodentata,(Pax) Hutch.,Democratic Republic of the Congo
Putranjivaceae,Drypetes ugandensis,(Rendle) Hutch.,Democratic Republic of the Congo
Putranjivaceae,Drypetes urophylla,Pax & K.Hoffm.,Democratic Republic of the Congo
Rhamnaceae,Lasiodiscus fasciculiflorus,Engl.,Democratic Republic of the Congo
Rhamnaceae,Lasiodiscus gillardinii,Staner,Democratic Republic of the Congo
Rhamnaceae,Lasiodiscus lebrunii,Figueiredo,Democratic Republic of the Congo
Rhamnaceae,Lasiodiscus mannii,Hook.f.,Democratic Republic of the Congo
Rhamnaceae,Lasiodiscus marmoratus,C.H.Wright,Democratic Republic of the Congo
Rhamnaceae,Lasiodiscus mildbraedii,Engl.,Democratic Republic of the Congo
Rhamnaceae,Lasiodiscus palustris,Figueiredo,Democratic Republic of the Congo
Rhamnaceae,Maesopsis eminii,Engl.,Democratic Republic of the Congo
Rhamnaceae,Rhamnus prinoides,L'Hér.,Democratic Republic of the Congo
Rhamnaceae,Rhamnus staddo,A.Rich.,Democratic Republic of the Congo
Rhamnaceae,Scutia myrtina,(Burm.f.) Kurz,Democratic Republic of the Congo
Rhamnaceae,Ziziphus abyssinica,Hochst. ex A.Rich.,Democratic Republic of the Congo
Rhamnaceae,Ziziphus mucronata,Willd.,Democratic Republic of the Congo
Rhizophoraceae,Cassipourea congoensis,R.Br. ex DC.,Democratic Republic of the Congo
Rhizophoraceae,Cassipourea evrardii,Floret,Democratic Republic of the Congo
Rhizophoraceae,Cassipourea gummiflua,Tul.,Democratic Republic of the Congo
Rhizophoraceae,Cassipourea leptoneura,Floret,Democratic Republic of the Congo
Rhizophoraceae,Cassipourea malosana,(Baker) Alston,Democratic Republic of the Congo
Rhizophoraceae,Cassipourea ndando,J.Léonard ex Floret,Democratic Republic of the Congo
Rhizophoraceae,Cassipourea ruwensorensis,(Engl.) Alston,Democratic Republic of the Congo
Rhizophoraceae,Comiphyton gabonense,Floret,Democratic Republic of the Congo
Rhizophoraceae,Rhizophora mangle,L.,Democratic Republic of the Congo
Rhizophoraceae,Rhizophora racemosa,G.Mey.,Democratic Republic of the Congo
Rosaceae,Hagenia abyssinica,(Bruce) J.F.Gmel.,Democratic Republic of the Congo
Rosaceae,Prunus africana,(Hook.f.) Kalkman,Democratic Republic of the Congo
Rosaceae,Prunus crassifolia,(Hauman) Kalkman,Democratic Republic of the Congo
Rubiaceae,Adenorandia kalbreyeri,(Hiern) Robbr. & Bridson,Democratic Republic of the Congo
Rubiaceae,Afrocanthium burttii,(Bullock) Lantz,Democratic Republic of the Congo
Rubiaceae,Afrocanthium lactescens,(Hiern) Lantz,Democratic Republic of the Congo
Rubiaceae,Afrocanthium parasiebenlistii,(Bridson) Lantz,Democratic Republic of the Congo
Rubiaceae,Aidia micrantha,(K.Schum.) Bullock ex F.White,Democratic Republic of the Congo
Rubiaceae,Aidia ochroleuca,(K.Schum.) E.M.A.Petit,Democratic Republic of the Congo
Rubiaceae,Aoranthe cladantha,(K.Schum.) Somers,Democratic Republic of the Congo
Rubiaceae,Aoranthe nalaensis,(De Wild.) Somers,Democratic Republic of the Congo
Rubiaceae,Argocoffeopsis eketensis,(Wernham) Robbr.,Democratic Republic of the Congo
Rubiaceae,Aulacocalyx jasminiflora,Hook.f.,Democratic Republic of the Congo
Rubiaceae,Aulacocalyx laxiflora,E.M.A.Petit,Democratic Republic of the Congo
Rubiaceae,Aulacocalyx lujae,De Wild.,Democratic Republic of the Congo
Rubiaceae,Aulacocalyx pallens,(Hiern) Bridson & Figueiredo,Democratic Republic of the Congo
Rubiaceae,Belonophora coffeoides,Hook.f.,Democratic Republic of the Congo
Rubiaceae,Belonophora coriacea,Hoyle,Democratic Republic of the Congo
Rubiaceae,Bertiera congolana,De Wild. & T.Durand,Democratic Republic of the Congo
Rubiaceae,Bertiera naucleoides,(S.Moore) Bridson,Democratic Republic of the Congo
Rubiaceae,Bertiera racemosa,(G.Don) K.Schum.,Democratic Republic of the Congo
Rubiaceae,Bertiera subsessilis,Hiern,Democratic Republic of the Congo
Rubiaceae,Brenania brieyi,(De Wild.) E.M.A.Petit,Democratic Republic of the Congo
Rubiaceae,Brenania rhomboideifolia,E.M.A.Petit,Democratic Republic of the Congo
Rubiaceae,Calycosiphonia macrochlamys,(K.Schum.) Robbr.,Democratic Republic of the Congo
Rubiaceae,Calycosiphonia spathicalyx,(K.Schum.) Robbr.,Democratic Republic of the Congo
Rubiaceae,Canthium oligocarpum,Hiern,Democratic Republic of the Congo
Rubiaceae,Catunaregam taylorii,(S.Moore) Bridson,Democratic Republic of the Congo
Rubiaceae,Chassalia subochreata,(De Wild.) Robyns,Democratic Republic of the Congo
Rubiaceae,Chazaliella abrupta,(Hiern) E.M.A.Petit & Verdc.,Democratic Republic of the Congo
Rubiaceae,Coffea anthonyi,Stoff. & F.Anthony,Democratic Republic of the Congo
Rubiaceae,Coffea brevipes,Hiern,Democratic Republic of the Congo
Rubiaceae,Coffea canephora,Pierre ex A.Froehner,Democratic Republic of the Congo
Rubiaceae,Coffea congensis,A.Froehner,Democratic Republic of the Congo
Rubiaceae,Coffea dactylifera,Robbr. & Stoff.,Democratic Republic of the Congo
Rubiaceae,Coffea eugenioides,S.Moore,Democratic Republic of the Congo
Rubiaceae,Coffea kivuensis,Lebrun,Democratic Republic of the Congo
Rubiaceae,Coffea liberica,W.Bull,Democratic Republic of the Congo
Rubiaceae,Coffea mannii,(Hook.f.) A.P.Davis,Democratic Republic of the Congo
Rubiaceae,Coffea mayombensis,A.Chev.,Democratic Republic of the Congo
Rubiaceae,Coffea sapinii,(De Wild.) A.P.Davis,Democratic Republic of the Congo
Rubiaceae,Colletoecema dewevrei,(De Wild.) E.M.A.Petit,Democratic Republic of the Congo
Rubiaceae,Coptosperma graveolens,(S.Moore) Degreef,Democratic Republic of the Congo
Rubiaceae,Coptosperma neurophyllum,(S.Moore) Degreef,Democratic Republic of the Congo
Rubiaceae,Corynanthe johimbe,K.Schum.,Democratic Republic of the Congo
Rubiaceae,Corynanthe lane-poolei,Hutch.,Democratic Republic of the Congo
Rubiaceae,Corynanthe macroceras,K.Schum.,Democratic Republic of the Congo
Rubiaceae,Corynanthe mayumbensis,(R.D.Good) N.Hallé,Democratic Republic of the Congo
Rubiaceae,Corynanthe pachyceras,K.Schum.,Democratic Republic of the Congo
Rubiaceae,Corynanthe paniculata,Welw.,Democratic Republic of the Congo
Rubiaceae,Craterispermum capitatum,Taedoumg & De Block,Democratic Republic of the Congo
Rubiaceae,Craterispermum cerinanthum,Hiern,Democratic Republic of the Congo
Rubiaceae,Craterispermum schweinfurthii,Hiern,Democratic Republic of the Congo
Rubiaceae,Cremaspora triflora,(Thonn.) K.Schum.,Democratic Republic of the Congo
Rubiaceae,Crossopteryx febrifuga,(Afzel. ex G.Don) Benth.,Democratic Republic of the Congo
Rubiaceae,Cuviera angolensis,Welw. ex K.Schum.,Democratic Republic of the Congo
Rubiaceae,Cuviera calycosa,Wernham,Democratic Republic of the Congo
Rubiaceae,Cuviera letestui,Pellegr.,Democratic Republic of the Congo
Rubiaceae,Cuviera nigrescens,(Elliot ex Oliv.) Wernham,Democratic Republic of the Congo
Rubiaceae,Cuviera subuliflora,Benth.,Democratic Republic of the Congo
Rubiaceae,Empogona aequatoria,(Robbr.) Tosh & Robbr.,Democratic Republic of the Congo
Rubiaceae,Empogona congesta,(Oliv.) J.E.Burrows,Democratic Republic of the Congo
Rubiaceae,Empogona coriacea,(Sond.) Tosh & Robbr.,Democratic Republic of the Congo
Rubiaceae,Empogona crepiniana,(De Wild. & T.Durand) Tosh & Robbr.,Democratic Republic of the Congo
Rubiaceae,Empogona glabra,(K.Schum.) Tosh & Robbr.,Democratic Republic of the Congo
Rubiaceae,Empogona gossweileri,(S.Moore) Tosh & Robbr.,Democratic Republic of the Congo
Rubiaceae,Euclinia longiflora,Salisb.,Democratic Republic of the Congo
Rubiaceae,Eumachia coffeosperma,(K.Schum.) Razafim. & C.M.Taylor,Democratic Republic of the Congo
Rubiaceae,Fadogia tomentosa,De Wild.,Democratic Republic of the Congo
Rubiaceae,Feretia aeruginescens,Stapf,Democratic Republic of the Congo
Rubiaceae,Gaertnera bieleri,(De Wild.) E.M.A.Petit,Democratic Republic of the Congo
Rubiaceae,Gaertnera leucothyrsa,(K.Krause) E.M.A.Petit,Democratic Republic of the Congo
Rubiaceae,Gaertnera longivaginalis,(Schweinf. ex Hiern) E.M.A.Petit,Democratic Republic of the Congo
Rubiaceae,Gaertnera paniculata,Benth.,Democratic Republic of the Congo
Rubiaceae,Galiniera saxifraga,(Hochst.) Bridson,Democratic Republic of the Congo
Rubiaceae,Gardenia imperialis,K.Schum.,Democratic Republic of the Congo
Rubiaceae,Gardenia leopoldiana,De Wild. & T.Durand,Democratic Republic of the Congo
Rubiaceae,Gardenia resiniflua,Hiern,Democratic Republic of the Congo
Rubiaceae,Gardenia ternifolia,Schumach. & Thonn.,Democratic Republic of the Congo
Rubiaceae,Gardenia vogelii,Hook.f.,Democratic Republic of the Congo
Rubiaceae,Globulostylis uncinula,"(N.Hallé) Sonké, O.Lachenaud & Dessein",Democratic Republic of the Congo
Rubiaceae,Heinsenia diervilleoides,K.Schum.,Democratic Republic of the Congo
Rubiaceae,Heinsia crinita,(Afzel.) G.Taylor,Democratic Republic of the Congo
Rubiaceae,Hymenodictyon biafranum,Hiern,Democratic Republic of the Congo
Rubiaceae,Hymenodictyon floribundum,(Hochst. & Steud.) B.L.Rob.,Democratic Republic of the Congo
Rubiaceae,Hymenodictyon parvifolium,Oliv.,Democratic Republic of the Congo
Rubiaceae,Ixora brachypoda,DC.,Democratic Republic of the Congo
Rubiaceae,Ixora burundiensis,Bridson,Democratic Republic of the Congo
Rubiaceae,Ixora hartiana,De Block,Democratic Republic of the Congo
Rubiaceae,Ixora kalehensis,De Block,Democratic Republic of the Congo
Rubiaceae,Ixora laurentii,De Wild.,Democratic Republic of the Congo
Rubiaceae,Ixora mildbraedii,K.Krause,Democratic Republic of the Congo
Rubiaceae,Ixora praetermissa,De Block,Democratic Republic of the Congo
Rubiaceae,Ixora seretii,De Wild.,Democratic Republic of the Congo
Rubiaceae,Keetia gueinzii,(Sond.) Bridson,Democratic Republic of the Congo
Rubiaceae,Keetia multiflora,(Schumach. & Thonn.) Bridson,Democratic Republic of the Congo
Rubiaceae,Keetia purseglovei,Bridson,Democratic Republic of the Congo
Rubiaceae,Keetia venosa,(Oliv.) Bridson,Democratic Republic of the Congo
Rubiaceae,Keetia zanzibarica,(Klotzsch) Bridson,Democratic Republic of the Congo
Rubiaceae,Lasianthus kilimandscharicus,K.Schum.,Democratic Republic of the Congo
Rubiaceae,Leptactina arborescens,(Welw. ex Benth. & Hook.f.) De Block,Democratic Republic of the Congo
Rubiaceae,Leptactina congolana,(Robbr.) De Block,Democratic Republic of the Congo
Rubiaceae,Leptactina involucrata,Hook.f.,Democratic Republic of the Congo
Rubiaceae,Leptactina platyphylla,(Hiern) Wernham,Democratic Republic of the Congo
Rubiaceae,Macrosphyra brachystylis,Hiern,Democratic Republic of the Congo
Rubiaceae,Massularia acuminata,(G.Don) Bullock ex Hoyle,Democratic Republic of the Congo
Rubiaceae,Mitragyna inermis,(Willd.) Kuntze,Democratic Republic of the Congo
Rubiaceae,Mitragyna ledermannii,(K.Krause) Ridsdale,Democratic Republic of the Congo
Rubiaceae,Mitragyna rubrostipulata,(K.Schum.) Havil.,Democratic Republic of the Congo
Rubiaceae,Mitragyna stipulosa,(DC.) Kuntze,Democratic Republic of the Congo
Rubiaceae,Morelia senegalensis,A.Rich. ex DC.,Democratic Republic of the Congo
Rubiaceae,Morinda chrysorhiza,(Thonn.) DC.,Democratic Republic of the Congo
Rubiaceae,Morinda lucida,Benth.,Democratic Republic of the Congo
Rubiaceae,Morinda titanophylla,E.M.A.Petit,Democratic Republic of the Congo
Rubiaceae,Multidentia crassa,(Hiern) Bridson & Verdc.,Democratic Republic of the Congo
Rubiaceae,Multidentia dichrophylla,(Mildbr.) Bridson,Democratic Republic of the Congo
Rubiaceae,Multidentia fanshawei,(Tennant) Bridson,Democratic Republic of the Congo
Rubiaceae,Multidentia saxicola,O.Lachenaud & Séné,Democratic Republic of the Congo
Rubiaceae,Mussaenda elegans,Schumach. & Thonn.,Democratic Republic of the Congo
Rubiaceae,Mussaenda erythrophylla,Schumach. & Thonn.,Democratic Republic of the Congo
Rubiaceae,Nauclea diderrichii,(Laurent) Merr.,Democratic Republic of the Congo
Rubiaceae,Nauclea gilletii,(De Wild.) Merr.,Democratic Republic of the Congo
Rubiaceae,Nauclea latifolia,Sm.,Democratic Republic of the Congo
Rubiaceae,Nauclea pobeguinii,(Hua ex Pobég.) Merr.,Democratic Republic of the Congo
Rubiaceae,Nauclea vanderguchtii,(De Wild.) E.M.A.Petit,Democratic Republic of the Congo
Rubiaceae,Nauclea xanthoxylon,(A.Chev.) Aubrév.,Democratic Republic of the Congo
Rubiaceae,Otomeria volubilis,(K.Schum.) Verdc.,Democratic Republic of the Congo
Rubiaceae,Oxyanthus letouzeyanus,Sonké,Democratic Republic of the Congo
Rubiaceae,Oxyanthus pallidus,Hiern,Democratic Republic of the Congo
Rubiaceae,Oxyanthus speciosus,DC.,Democratic Republic of the Congo
Rubiaceae,Oxyanthus subpunctatus,(Hiern) Keay,Democratic Republic of the Congo
Rubiaceae,Oxyanthus troupinii,Bridson,Democratic Republic of the Congo
Rubiaceae,Oxyanthus unilocularis,Hiern,Democratic Republic of the Congo
Rubiaceae,Pauridiantha bequaertii,(De Wild.) Bremek.,Democratic Republic of the Congo
Rubiaceae,Pauridiantha callicarpoides,(Hiern) Bremek.,Democratic Republic of the Congo
Rubiaceae,Pauridiantha dewevrei,(De Wild. & T.Durand) Bremek.,Democratic Republic of the Congo
Rubiaceae,Pauridiantha kahuziensis,Ntore,Democratic Republic of the Congo
Rubiaceae,Pauridiantha liebrechtsiana,(De Wild. & T.Durand) Ntore & Dessein,Democratic Republic of the Congo
Rubiaceae,Pauridiantha paucinervis,(Hiern) Bremek.,Democratic Republic of the Congo
Rubiaceae,Pauridiantha pyramidata,(K.Krause) Bremek.,Democratic Republic of the Congo
Rubiaceae,Pauridiantha rubens,(Benth.) Bremek.,Democratic Republic of the Congo
Rubiaceae,Pauridiantha viridiflora,(Schweinf. ex Hiern) Hepper,Democratic Republic of the Congo
Rubiaceae,Pavetta ankolensis,Bridson,Democratic Republic of the Congo
Rubiaceae,Pavetta bagshawei,S.Moore,Democratic Republic of the Congo
Rubiaceae,Pavetta calothyrsa,Bremek.,Democratic Republic of the Congo
Rubiaceae,Pavetta cellulosa,Bremek.,Democratic Republic of the Congo
Rubiaceae,Pavetta crassipes,K.Schum.,Democratic Republic of the Congo
Rubiaceae,Pavetta gardeniifolia,Hochst. ex A.Rich.,Democratic Republic of the Congo
Rubiaceae,Pavetta intermedia,Bremek.,Democratic Republic of the Congo
Rubiaceae,Pavetta molundensis,K.Krause,Democratic Republic of the Congo
Rubiaceae,Pavetta nitidula,Welw. ex Hiern,Democratic Republic of the Congo
Rubiaceae,Pavetta oliveriana,Hiern,Democratic Republic of the Congo
Rubiaceae,Pavetta owariensis,P.Beauv.,Democratic Republic of the Congo
Rubiaceae,Pavetta rwandensis,Bridson,Democratic Republic of the Congo
Rubiaceae,Pavetta schumanniana,F.Hoffm. ex K.Schum.,Democratic Republic of the Congo
Rubiaceae,Pavetta subcana,Hiern,Democratic Republic of the Congo
Rubiaceae,Pavetta ternifolia,Hiern,Democratic Republic of the Congo
Rubiaceae,Pavetta urundensis,Bremek.,Democratic Republic of the Congo
Rubiaceae,Pavetta yambatensis,Bremek.,Democratic Republic of the Congo
Rubiaceae,Polysphaeria pedunculata,K.Schum. ex De Wild.,Democratic Republic of the Congo
Rubiaceae,Pouchetia africana,A.Rich. ex DC.,Democratic Republic of the Congo
Rubiaceae,Psychotria bagshawei,E.M.A.Petit,Democratic Republic of the Congo
Rubiaceae,Psychotria brassii,Hiern,Democratic Republic of the Congo
Rubiaceae,Psychotria bugoyensis,K.Krause,Democratic Republic of the Congo
Rubiaceae,Psychotria capensis,(Eckl.) Vatke,Democratic Republic of the Congo
Rubiaceae,Psychotria chalconeura,(K.Schum.) E.M.A.Petit,Democratic Republic of the Congo
Rubiaceae,Psychotria cyanopharynx,K.Schum.,Democratic Republic of the Congo
Rubiaceae,Psychotria dermatophylla,(K.Schum.) E.M.A.Petit,Democratic Republic of the Congo
Rubiaceae,Psychotria djumaensis,De Wild.,Democratic Republic of the Congo
Rubiaceae,Psychotria eminiana,(Kuntze) E.M.A.Petit,Democratic Republic of the Congo
Rubiaceae,Psychotria gilletii,De Wild.,Democratic Republic of the Congo
Rubiaceae,Psychotria lauracea,(K.Schum.) E.M.A.Petit,Democratic Republic of the Congo
Rubiaceae,Psychotria laurentii,De Wild.,Democratic Republic of the Congo
Rubiaceae,Psychotria leonardiana,E.M.A.Petit,Democratic Republic of the Congo
Rubiaceae,Psychotria linearisepala,E.M.A.Petit,Democratic Republic of the Congo
Rubiaceae,Psychotria mahonii,C.H.Wright,Democratic Republic of the Congo
Rubiaceae,Psychotria orophila,E.M.A.Petit,Democratic Republic of the Congo
Rubiaceae,Psychotria palustris,E.M.A.Petit,Democratic Republic of the Congo
Rubiaceae,Psychotria peduncularis,(Salisb.) Steyerm.,Democratic Republic of the Congo
Rubiaceae,Psychotria psychotrioides,(DC.) Roberty,Democratic Republic of the Congo
Rubiaceae,Psychotria punctata,Vatke,Democratic Republic of the Congo
Rubiaceae,Psychotria sublyrata,O.Lachenaud,Democratic Republic of the Congo
Rubiaceae,Psychotria succulenta,(Hiern) E.M.A.Petit,Democratic Republic of the Congo
Rubiaceae,Psychotria venosa,(Hiern) E.M.A.Petit,Democratic Republic of the Congo
Rubiaceae,Psychotria vogeliana,Benth.,Democratic Republic of the Congo
Rubiaceae,Psydrax arnoldianus,(De Wild. & T.Durand) Bridson,Democratic Republic of the Congo
Rubiaceae,Psydrax gilletii,(De Wild.) Bridson,Democratic Republic of the Congo
Rubiaceae,Psydrax livida,(Hiern) Bridson,Democratic Republic of the Congo
Rubiaceae,Psydrax mutimushii,Bridson,Democratic Republic of the Congo
Rubiaceae,Psydrax palma,(K.Schum.) Bridson,Democratic Republic of the Congo
Rubiaceae,Psydrax parviflora,(Afzel.) Bridson,Democratic Republic of the Congo
Rubiaceae,Psydrax schimperianus,(A.Rich.) Bridson,Democratic Republic of the Congo
Rubiaceae,Psydrax splendens,(K.Schum.) Bridson,Democratic Republic of the Congo
Rubiaceae,Psydrax subcordatus,(DC.) Bridson,Democratic Republic of the Congo
Rubiaceae,Pyrostria affinis,(Robyns) Bridson,Democratic Republic of the Congo
Rubiaceae,Pyrostria lobulata,Bridson,Democratic Republic of the Congo
Rubiaceae,Rothmannia engleriana,(K.Schum.) Keay,Democratic Republic of the Congo
Rubiaceae,Rothmannia fischeri,(K.Schum.) Bullock ex Oberm.,Democratic Republic of the Congo
Rubiaceae,Rothmannia hispida,(K.Schum.) Fagerl.,Democratic Republic of the Congo
Rubiaceae,Rothmannia libisa,N.Hallé,Democratic Republic of the Congo
Rubiaceae,Rothmannia longiflora,Salisb.,Democratic Republic of the Congo
Rubiaceae,Rothmannia lujae,(De Wild.) Keay,Democratic Republic of the Congo
Rubiaceae,Rothmannia macrocarpa,(Hiern) Keay,Democratic Republic of the Congo
Rubiaceae,Rothmannia munsae,(Schweinf. ex Hiern) E.M.A.Petit,Democratic Republic of the Congo
Rubiaceae,Rothmannia octomera,(Hook.) Fagerl.,Democratic Republic of the Congo
Rubiaceae,Rothmannia talbotii,(Wernham) Keay,Democratic Republic of the Congo
Rubiaceae,Rothmannia urcelliformis,(Hiern) Bullock ex Robyns,Democratic Republic of the Congo
Rubiaceae,Rothmannia whitfieldii,(Lindl.) Dandy,Democratic Republic of the Congo
Rubiaceae,Rutidea orientalis,Bridson,Democratic Republic of the Congo
Rubiaceae,Rytigynia adenodonta,(K.Schum.) Robyns,Democratic Republic of the Congo
Rubiaceae,Rytigynia bridsoniae,Verdc.,Democratic Republic of the Congo
Rubiaceae,Rytigynia bugoyensis,(K.Krause) Verdc.,Democratic Republic of the Congo
Rubiaceae,Rytigynia dewevrei,(De Wild. & T.Durand) Robyns,Democratic Republic of the Congo
Rubiaceae,Rytigynia dubiosa,(De Wild.) Robyns,Democratic Republic of the Congo
Rubiaceae,Rytigynia kigeziensis,Verdc.,Democratic Republic of the Congo
Rubiaceae,Rytigynia monantha,(K.Schum.) Robyns,Democratic Republic of the Congo
Rubiaceae,Rytigynia neglecta,(Hiern) Robyns,Democratic Republic of the Congo
Rubiaceae,Rytigynia rubiginosa,(K.Schum.) Robyns,Democratic Republic of the Congo
Rubiaceae,Rytigynia ruwenzoriensis,(De Wild.) Robyns,Democratic Republic of the Congo
Rubiaceae,Rytigynia squamata,(De Wild.) Robyns,Democratic Republic of the Congo
Rubiaceae,Rytigynia umbellulata,(Hiern) Robyns,Democratic Republic of the Congo
Rubiaceae,Rytigynia verruculosa,(K.Krause) Robyns,Democratic Republic of the Congo
Rubiaceae,Sabicea dewevrei,De Wild. & T.Durand,Democratic Republic of the Congo
Rubiaceae,Schumanniophyton hirsutum,(Hiern) R.D.Good,Democratic Republic of the Congo
Rubiaceae,Schumanniophyton magnificum,(K.Schum.) Harms,Democratic Republic of the Congo
Rubiaceae,Sericanthe andongensis,(Hiern) Robbr.,Democratic Republic of the Congo
Rubiaceae,Sericanthe halleana,Robbr.,Democratic Republic of the Congo
Rubiaceae,Sericanthe pellegrinii,(N.Hallé) Robbr.,Democratic Republic of the Congo
Rubiaceae,Sericanthe roseoides,(De Wild. & T.Durand) Robbr.,Democratic Republic of the Congo
Rubiaceae,Sericanthe testui,(N.Hallé) Robbr.,Democratic Republic of the Congo
Rubiaceae,Tarenna conferta,(Benth.) Hiern,Democratic Republic of the Congo
Rubiaceae,Tarenna funebris,(Bremek.) N.Hallé,Democratic Republic of the Congo
Rubiaceae,Tarenna grandiflora,(Benth.) Hiern,Democratic Republic of the Congo
Rubiaceae,Tarenna kivuensis,Degreef,Democratic Republic of the Congo
Rubiaceae,Tarenna lasiorhachis,(K.Schum. & K.Krause) Bremek.,Democratic Republic of the Congo
Rubiaceae,Tarenna nilotica,Hiern,Democratic Republic of the Congo
Rubiaceae,Tarenna pallidula,Hiern,Democratic Republic of the Congo
Rubiaceae,Tarenna pavettoides,(Harv.) Sim,Democratic Republic of the Congo
Rubiaceae,Tarenna petitii,N.Hallé,Democratic Republic of the Congo
Rubiaceae,Tarenna precidantenna,N.Hallé,Democratic Republic of the Congo
Rubiaceae,Tarenna rwandensis,Bridson,Democratic Republic of the Congo
Rubiaceae,Tricalysia anomala,E.A.Bruce,Democratic Republic of the Congo
Rubiaceae,Tricalysia bagshawei,S.Moore,Democratic Republic of the Congo
Rubiaceae,Tricalysia biafrana,Hiern,Democratic Republic of the Congo
Rubiaceae,Tricalysia bifida,De Wild.,Democratic Republic of the Congo
Rubiaceae,Tricalysia coriacea,(Benth.) Hiern,Democratic Republic of the Congo
Rubiaceae,Tricalysia elliottii,(K.Schum.) Hutch. & Dalziel,Democratic Republic of the Congo
Rubiaceae,Tricalysia hensii,De Wild.,Democratic Republic of the Congo
Rubiaceae,Tricalysia longituba,De Wild.,Democratic Republic of the Congo
Rubiaceae,Tricalysia niamniamensis,Schweinf. ex Hiern,Democratic Republic of the Congo
Rubiaceae,Tricalysia okelensis,Hiern,Democratic Republic of the Congo
Rubiaceae,Tricalysia oligoneura,K.Schum.,Democratic Republic of the Congo
Rubiaceae,Tricalysia pallens,Hiern,Democratic Republic of the Congo
Rubiaceae,Tricalysia pynaertii,De Wild.,Democratic Republic of the Congo
Rubiaceae,Tricalysia revoluta,Hutch.,Democratic Republic of the Congo
Rubiaceae,Vangueria apiculata,K.Schum.,Democratic Republic of the Congo
Rubiaceae,Vangueria infausta,Burch.,Democratic Republic of the Congo
Rubiaceae,Vangueria madagascariensis,J.F.Gmel.,Democratic Republic of the Congo
Rubiaceae,Vangueria volkensii,K.Schum.,Democratic Republic of the Congo
Rubiaceae,Vangueriella nigerica,(Robyns) Verdc.,Democratic Republic of the Congo
Rubiaceae,Vangueriella nigricans,(Robyns) Verdc.,Democratic Republic of the Congo
Rubiaceae,Vangueriella orthacantha,(Mildbr.) Bridson & Verdc.,Democratic Republic of the Congo
Rubiaceae,Vangueriopsis lanciflora,(Hiern) Robyns,Democratic Republic of the Congo
Rubiaceae,Vangueriopsis rubiginosa,Robyns,Democratic Republic of the Congo
Rutaceae,Aeglopsis eggelingii,M.Taylor,Democratic Republic of the Congo
Rutaceae,Citropsis articulata,(Willd. ex Spreng.) Swingle & M.Kellerm.,Democratic Republic of the Congo
Rutaceae,Citropsis gabunensis,(Engl.) Swingle & M.Kellerm.,Democratic Republic of the Congo
Rutaceae,Citropsis gilletiana,Swingle & M.Kellerm.,Democratic Republic of the Congo
Rutaceae,Clausena anisata,(Willd.) Hook.f. ex Benth.,Democratic Republic of the Congo
Rutaceae,Fagaropsis angolensis,(Engl.) H.M.Gardner,Democratic Republic of the Congo
Rutaceae,Harrisonia abyssinica,Oliv.,Democratic Republic of the Congo
Rutaceae,Teclea engleriana,De Wild.,Democratic Republic of the Congo
Rutaceae,Vepris grandifolia,(Engl.) Mziray,Democratic Republic of the Congo
Rutaceae,Vepris hiernii,Gereau,Democratic Republic of the Congo
Rutaceae,Vepris louisii,G.C.C.Gilbert,Democratic Republic of the Congo
Rutaceae,Vepris mandangoana,Lisowski,Democratic Republic of the Congo
Rutaceae,Vepris nobilis,(Delile) Mziray,Democratic Republic of the Congo
Rutaceae,Vepris renieri,(G.C.C.Gilbert) Mziray,Democratic Republic of the Congo
Rutaceae,Vepris stolzii,I.Verd.,Democratic Republic of the Congo
Rutaceae,Vepris suaveolens,(Engl.) Mziray,Democratic Republic of the Congo
Rutaceae,Vepris trichocarpa,(Engl.) Mziray,Democratic Republic of the Congo
Rutaceae,Zanthoxylum chalybeum,Engl.,Democratic Republic of the Congo
Rutaceae,Zanthoxylum claessensii,(De Wild.) P.G.Waterman,Democratic Republic of the Congo
Rutaceae,Zanthoxylum gilletii,(De Wild.) P.G.Waterman,Democratic Republic of the Congo
Rutaceae,Zanthoxylum heitzii,(Aubrév. & Pellegr.) P.G.Waterman,Democratic Republic of the Congo
Rutaceae,Zanthoxylum laurentii,(De Wild.) P.G.Waterman,Democratic Republic of the Congo
Rutaceae,Zanthoxylum lemairei,(De Wild.) P.G.Waterman,Democratic Republic of the Congo
Rutaceae,Zanthoxylum leprieurii,Guill. & Perr.,Democratic Republic of the Congo
Rutaceae,Zanthoxylum mildbraedii,(Engl.) P.G.Waterman,Democratic Republic of the Congo
Rutaceae,Zanthoxylum renieri,(G.C.C.Gilbert) P.G.Waterman,Democratic Republic of the Congo
Rutaceae,Zanthoxylum rubescens,Planch. ex Hook.,Democratic Republic of the Congo
Salicaceae,Byrsanthus brownii,Guill.,Democratic Republic of the Congo
Salicaceae,Casearia barteri,Mast.,Democratic Republic of the Congo
Salicaceae,Casearia congensis,Gilg,Democratic Republic of the Congo
Salicaceae,Casearia michelsonii,Breteler,Democratic Republic of the Congo
Salicaceae,Casearia runssorica,Gilg,Democratic Republic of the Congo
Salicaceae,Casearia stipitata,Mast.,Democratic Republic of the Congo
Salicaceae,Dissomeria glanduligera,Sleumer,Democratic Republic of the Congo
Salicaceae,Dovyalis macrocalyx,(Oliv.) Warb.,Democratic Republic of the Congo
Salicaceae,Dovyalis macrocarpa,Bamps,Democratic Republic of the Congo
Salicaceae,Dovyalis mollis,(Oliv.) Warb.,Democratic Republic of the Congo
Salicaceae,Dovyalis zenkeri,Gilg,Democratic Republic of the Congo
Salicaceae,Flacourtia indica,(Burm.f.) Merr.,Democratic Republic of the Congo
Salicaceae,Homalium abdessammadii,Asch. & Schweinf.,Democratic Republic of the Congo
Salicaceae,Homalium africanum,(Hook.f.) Benth.,Democratic Republic of the Congo
Salicaceae,Homalium dewevrei,De Wild. & T.Durand,Democratic Republic of the Congo
Salicaceae,Homalium letestui,Pellegr.,Democratic Republic of the Congo
Salicaceae,Homalium longistylum,Mast.,Democratic Republic of the Congo
Salicaceae,Homalium oubanguiense,Tisser.,Democratic Republic of the Congo
Salicaceae,Homalium stipulaceum,Welw. ex Mast.,Democratic Republic of the Congo
Salicaceae,Oncoba brachyanthera,Oliv.,Democratic Republic of the Congo
Salicaceae,Oncoba kivuensis,(Bamps) Hul & Breteler,Democratic Republic of the Congo
Salicaceae,Oncoba routledgei,Sprague,Democratic Republic of the Congo
Salicaceae,Oncoba spinosa,Forssk.,Democratic Republic of the Congo
Salicaceae,Oncoba subtomentosa,(Gilg) Hul & Breteler,Democratic Republic of the Congo
Salicaceae,Ophiobotrys zenkeri,Gilg,Democratic Republic of the Congo
Salicaceae,Salix mucronata,Thunb.,Democratic Republic of the Congo
Salicaceae,Scolopia rhamniphylla,Gilg,Democratic Republic of the Congo
Salicaceae,Scolopia stolzii,Gilg ex Engl.,Democratic Republic of the Congo
Salicaceae,Trimeria grandifolia,(Hochst.) Warb.,Democratic Republic of the Congo
Salvadoraceae,Azima tetracantha,Lam.,Democratic Republic of the Congo
Salvadoraceae,Salvadora persica,L.,Democratic Republic of the Congo
Santalaceae,Okoubaka aubrevillei,Pellegr. & Normand,Democratic Republic of the Congo
Santalaceae,Okoubaka michelsonii,Leonard & Troupin,Democratic Republic of the Congo
Santalaceae,Osyris lanceolata,Hochst. & Steud.,Democratic Republic of the Congo
Sapindaceae,Allophylus abyssinicus,(Hochst.) Radlk.,Democratic Republic of the Congo
Sapindaceae,Allophylus africanus,P.Beauv.,Democratic Republic of the Congo
Sapindaceae,Allophylus agbala,Hauman,Democratic Republic of the Congo
Sapindaceae,Allophylus amplissimus,Hauman,Democratic Republic of the Congo
Sapindaceae,Allophylus chaunostachys,Gilg,Democratic Republic of the Congo
Sapindaceae,Allophylus congolanus,Gilg,Democratic Republic of the Congo
Sapindaceae,Allophylus dummeri,Baker f.,Democratic Republic of the Congo
Sapindaceae,Allophylus ferrugineus,Taub.,Democratic Republic of the Congo
Sapindaceae,Allophylus hamatus,Verm. ex Hauman,Democratic Republic of the Congo
Sapindaceae,Allophylus katangensis,Hauman,Democratic Republic of the Congo
Sapindaceae,Allophylus lastoursvillensis,Pellegr.,Democratic Republic of the Congo
Sapindaceae,Allophylus longicuneatus,Verm. ex Hauman,Democratic Republic of the Congo
Sapindaceae,Allophylus longipetiolatus,Gilg,Democratic Republic of the Congo
Sapindaceae,Allophylus persicifolius,Hauman,Democratic Republic of the Congo
Sapindaceae,Allophylus pseudopaniculatus,Baker f.,Democratic Republic of the Congo
Sapindaceae,Allophylus rubifolius,(Hochst. ex A.Rich.) Engl.,Democratic Republic of the Congo
Sapindaceae,Allophylus sapinii,Verm. ex Hauman,Democratic Republic of the Congo
Sapindaceae,Aporrhiza paniculata,Radlk.,Democratic Republic of the Congo
Sapindaceae,Blighia unijugata,Baker,Democratic Republic of the Congo
Sapindaceae,Blighia welwitschii,(Hiern) Radlk.,Democratic Republic of the Congo
Sapindaceae,Blighiopsis pseudostipularis,Van der Veken,Democratic Republic of the Congo
Sapindaceae,Chytranthus carneus,Radlk.,Democratic Republic of the Congo
Sapindaceae,Chytranthus gilletii,De Wild.,Democratic Republic of the Congo
Sapindaceae,Chytranthus macrobotrys,(Gilg) Exell & Mendonça,Democratic Republic of the Congo
Sapindaceae,Chytranthus mortehanii,(De Wild.) De Voldere ex Hauman,Democratic Republic of the Congo
Sapindaceae,Chytranthus setosus,Radlk.,Democratic Republic of the Congo
Sapindaceae,Chytranthus stenophyllus,Gilg,Democratic Republic of the Congo
Sapindaceae,Deinbollia acuminata,Exell,Democratic Republic of the Congo
Sapindaceae,Deinbollia cauliflora,Hauman,Democratic Republic of the Congo
Sapindaceae,Deinbollia crassipes,Hauman,Democratic Republic of the Congo
Sapindaceae,Deinbollia evrardii,Hauman,Democratic Republic of the Congo
Sapindaceae,Deinbollia fulvotomentella,Baker f.,Democratic Republic of the Congo
Sapindaceae,Deinbollia kilimandscharica,Taub.,Democratic Republic of the Congo
Sapindaceae,Deinbollia laurentii,De Wild.,Democratic Republic of the Congo
Sapindaceae,Deinbollia longiacuminata,Hauman,Democratic Republic of the Congo
Sapindaceae,Deinbollia pynaertii,De Wild.,Democratic Republic of the Congo
Sapindaceae,Dodonaea viscosa,(L.) Jacq.,Democratic Republic of the Congo
Sapindaceae,Eriocoelum kerstingii,Gilg,Democratic Republic of the Congo
Sapindaceae,Eriocoelum lawtonii,Exell,Democratic Republic of the Congo
Sapindaceae,Eriocoelum macrocarpum,Gilg ex Radlk.,Democratic Republic of the Congo
Sapindaceae,Eriocoelum microspermum,Radlk. ex Engl.,Democratic Republic of the Congo
Sapindaceae,Ganophyllum giganteum,(A.Chev.) Hauman,Democratic Republic of the Congo
Sapindaceae,Glenniea africana,(Radlk.) Leenh.,Democratic Republic of the Congo
Sapindaceae,Glenniea unijugata,(Pellegr.) Leenh.,Democratic Republic of the Congo
Sapindaceae,Haplocoelum acuminatum,Radlk. ex Engl.,Democratic Republic of the Congo
Sapindaceae,Haplocoelum intermedium,Hauman,Democratic Republic of the Congo
Sapindaceae,Laccodiscus pseudostipularis,Radlk.,Democratic Republic of the Congo
Sapindaceae,Lecaniodiscus cupanioides,Planch. ex Benth.,Democratic Republic of the Congo
Sapindaceae,Lepisanthes senegalensis,(Poir.) Leenh.,Democratic Republic of the Congo
Sapindaceae,Lychnodiscus cerospermus,Radlk.,Democratic Republic of the Congo
Sapindaceae,Lychnodiscus dananensis,Aubrév. & Pellegr.,Democratic Republic of the Congo
Sapindaceae,Lychnodiscus multinervis,Radlk.,Democratic Republic of the Congo
Sapindaceae,Majidea forsteri,(Sprague) Radlk.,Democratic Republic of the Congo
Sapindaceae,Pancovia floribunda,Pellegr.,Democratic Republic of the Congo
Sapindaceae,Pancovia harmsiana,Gilg,Democratic Republic of the Congo
Sapindaceae,Pancovia laurentii,(De Wild.) Gilg ex De Wild.,Democratic Republic of the Congo
Sapindaceae,Pappea capensis,Eckl. & Zeyh.,Democratic Republic of the Congo
Sapindaceae,Placodiscus angustifolius,Radlk. ex Engl.,Democratic Republic of the Congo
Sapindaceae,Placodiscus paniculatus,Hauman,Democratic Republic of the Congo
Sapindaceae,Placodiscus pynaertii,De Wild.,Democratic Republic of the Congo
Sapindaceae,Radlkofera calodendron,Gilg,Democratic Republic of the Congo
Sapindaceae,Zanha africana,(Radlk.) Exell,Democratic Republic of the Congo
Sapindaceae,Zanha golungensis,Hiern,Democratic Republic of the Congo
Sapotaceae,Aningeria superba,(Vermoesen) A.Chev.,Democratic Republic of the Congo
Sapotaceae,Autranella congolensis,(De Wild.) A.Chev.,Democratic Republic of the Congo
Sapotaceae,Baillonella toxisperma,Pierre,Democratic Republic of the Congo
Sapotaceae,Breviea sericea,Aubrév. & Pellegr.,Democratic Republic of the Congo
Sapotaceae,Donella bangweolensis,(R.E.Fr. & Pellegr.) Mackinder,Democratic Republic of the Congo
Sapotaceae,Donella pruniformis,(Engl.) Pierre ex Engl.,Democratic Republic of the Congo
Sapotaceae,Donella ubangiensis,(De Wild.) Aubrév.,Democratic Republic of the Congo
Sapotaceae,Englerophytum congolense,(De Wild.) Aubrév. & Pellegr.,Democratic Republic of the Congo
Sapotaceae,Englerophytum iturense,(Engl.) L.Gaut.,Democratic Republic of the Congo
Sapotaceae,Englerophytum laurentii,(De Wild.) L.Gaut.,Democratic Republic of the Congo
Sapotaceae,Englerophytum longepedicellatum,(De Wild.) L.Gaut.,Democratic Republic of the Congo
Sapotaceae,Englerophytum oblanceolatum,(S.Moore) T.D.Penn.,Democratic Republic of the Congo
Sapotaceae,Englerophytum oubanguiense,(Aubrév. & Pellegr.) Aubrév. & Pellegr.,Democratic Republic of the Congo
Sapotaceae,Englerophytum paludosum,"L.Gaut., Burgt & O.Lachenaud",Democratic Republic of the Congo
Sapotaceae,Englerophytum vermoesenii,(De Wild.) Aubrév. & Pellegr.,Democratic Republic of the Congo
Sapotaceae,Gambeya africana,(A.DC.) Pierre,Democratic Republic of the Congo
Sapotaceae,Gambeya albida,(G.Don) Aubrév. & Pellegr.,Democratic Republic of the Congo
Sapotaceae,Gambeya beguei,(Aubrév. & Pellegr.) Aubrév. & Pellegr.,Democratic Republic of the Congo
Sapotaceae,Gambeya boukokoensis,Aubrév. & Pellegr.,Democratic Republic of the Congo
Sapotaceae,Gambeya gigantea,(A.Chev.) Aubrév. & Pellegr.,Democratic Republic of the Congo
Sapotaceae,Gambeya lacourtiana,(De Wild.) Aubrév. & Pellegr.,Democratic Republic of the Congo
Sapotaceae,Gambeya lungi,(De Wild.) Aubrév. & Pellegr.,Democratic Republic of the Congo
Sapotaceae,Gambeya muerensis,(Engl.) Liben,Democratic Republic of the Congo
Sapotaceae,Gambeya perpulchra,(Mildbr. ex Hutch. & Dalziel) Aubrév. & Pellegr.,Democratic Republic of the Congo
Sapotaceae,Gambeya subnuda,(Baker) Pierre,Democratic Republic of the Congo
Sapotaceae,Inhambanella guereensis,(Aubrév. & Pellegr.) T.D.Penn.,Democratic Republic of the Congo
Sapotaceae,Letestua durissima,(A.Chev.) Lecomte,Democratic Republic of the Congo
Sapotaceae,Manilkara adolfi-friederici,(Engl. & K.Krause) H.J.Lam,Democratic Republic of the Congo
Sapotaceae,Manilkara bequaertii,(De Wild.) H.J.Lam,Democratic Republic of the Congo
Sapotaceae,Manilkara casteelsii,(De Wild.) H.J.Lam,Democratic Republic of the Congo
Sapotaceae,Manilkara dawei,(Stapf) Chiov.,Democratic Republic of the Congo
Sapotaceae,Manilkara fouilloyana,Aubrév. & Pellegr.,Democratic Republic of the Congo
Sapotaceae,Manilkara longistyla,(De Wild.) C.M.Evrard,Democratic Republic of the Congo
Sapotaceae,Manilkara microphylla,Aubrév. & Pellegr.,Democratic Republic of the Congo
Sapotaceae,Manilkara obovata,(Sabine & G.Don) J.H.Hemsl.,Democratic Republic of the Congo
Sapotaceae,Manilkara seretii,(De Wild.) H.J.Lam,Democratic Republic of the Congo
Sapotaceae,Manilkara zenkeri,Lecomte ex Aubrév. & Pellegr.,Democratic Republic of the Congo
Sapotaceae,Mimusops andongensis,Hiern,Democratic Republic of the Congo
Sapotaceae,Mimusops giorgii,De Wild.,Democratic Republic of the Congo
Sapotaceae,Omphalocarpum agglomeratum,De Wild.,Democratic Republic of the Congo
Sapotaceae,Omphalocarpum bequaertii,De Wild.,Democratic Republic of the Congo
Sapotaceae,Omphalocarpum boyankombo,De Wild.,Democratic Republic of the Congo
Sapotaceae,Omphalocarpum brieyi,De Wild.,Democratic Republic of the Congo
Sapotaceae,Omphalocarpum busange,De Wild.,Democratic Republic of the Congo
Sapotaceae,Omphalocarpum cabrae,De Wild.,Democratic Republic of the Congo
Sapotaceae,Omphalocarpum elatum,Miers,Democratic Republic of the Congo
Sapotaceae,Omphalocarpum ghesquierei,De Wild.,Democratic Republic of the Congo
Sapotaceae,Omphalocarpum lecomteanum,Pierre ex Engl.,Democratic Republic of the Congo
Sapotaceae,Omphalocarpum lescrauwaetii,De Wild.,Democratic Republic of the Congo
Sapotaceae,Omphalocarpum lujae,De Wild.,Democratic Republic of the Congo
Sapotaceae,Omphalocarpum mortehanii,De Wild.,Democratic Republic of the Congo
Sapotaceae,Omphalocarpum pachysteloides,Mildbr. ex Hutch. & Dalziel,Democratic Republic of the Congo
Sapotaceae,Omphalocarpum pedicellatum,De Wild.,Democratic Republic of the Congo
Sapotaceae,Omphalocarpum procerum,P.Beauv.,Democratic Republic of the Congo
Sapotaceae,Omphalocarpum sankuruense,De Wild.,Democratic Republic of the Congo
Sapotaceae,Omphalocarpum sphaerocarpum,De Wild.,Democratic Republic of the Congo
Sapotaceae,Omphalocarpum vermoesenii,De Wild.,Democratic Republic of the Congo
Sapotaceae,Pouteria adolfi-friedericii,(Engl.) A.Meeuse,Democratic Republic of the Congo
Sapotaceae,Pouteria altissima,(A.Chev.) Baehni,Democratic Republic of the Congo
Sapotaceae,Pradosia spinosa,Ewango & Breteler,Democratic Republic of the Congo
Sapotaceae,Synsepalum bequaertii,De Wild.,Democratic Republic of the Congo
Sapotaceae,Synsepalum brevipes,(Baker) T.D.Penn.,Democratic Republic of the Congo
Sapotaceae,Synsepalum dulcificum,(Schumach. & Thonn.) Daniell,Democratic Republic of the Congo
Sapotaceae,Synsepalum laurentii,(De Wild.) D.J.Harris,Democratic Republic of the Congo
Sapotaceae,Synsepalum letouzei,Aubrév.,Democratic Republic of the Congo
Sapotaceae,Synsepalum msolo,(Engl.) T.D.Penn.,Democratic Republic of the Congo
Sapotaceae,Synsepalum passargei,(Engl.) T.D.Penn.,Democratic Republic of the Congo
Sapotaceae,Synsepalum revolutum,(Baker) T.D.Penn.,Democratic Republic of the Congo
Sapotaceae,Synsepalum seretii,(De Wild.) T.D.Penn.,Democratic Republic of the Congo
Sapotaceae,Synsepalum stipulatum,(Radlk.) Engl.,Democratic Republic of the Congo
Sapotaceae,Synsepalum subcordatum,De Wild.,Democratic Republic of the Congo
Sapotaceae,Tridesmostemon omphalocarpoides,Engl.,Democratic Republic of the Congo
Sapotaceae,Vitellaria paradoxa,C.F.Gaertn.,Democratic Republic of the Congo
Simaroubaceae,Brucea antidysenterica,J.F.Mill.,Democratic Republic of the Congo
Simaroubaceae,Odyendea gabunensis,(Pierre) Engl.,Democratic Republic of the Congo
Simaroubaceae,Odyendea klaineana,(Pierre) Engl.,Democratic Republic of the Congo
Simaroubaceae,Pierreodendron africanum,(Hook.f.) Little,Democratic Republic of the Congo
Sladeniaceae,Ficalhoa laurifolia,Hiern,Democratic Republic of the Congo
Solanaceae,Discopodium penninervium,Hochst.,Democratic Republic of the Congo
Solanaceae,Solanum giganteum,Jacq.,Democratic Republic of the Congo
Solanaceae,Solanum mauritianum,Scop.,Democratic Republic of the Congo
Solanaceae,Solanum tettense,Klotzsch,Democratic Republic of the Congo
Stemonuraceae,Lasianthera africana,P.Beauv.,Democratic Republic of the Congo
Stilbaceae,Halleria lucida,L.,Democratic Republic of the Congo
Stilbaceae,Nuxia congesta,R.Br. ex Fresen.,Democratic Republic of the Congo
Stilbaceae,Nuxia floribunda,Benth.,Democratic Republic of the Congo
Stilbaceae,Nuxia oppositifolia,(Hochst.) Benth.,Democratic Republic of the Congo
Thomandersiaceae,Thomandersia congolana,De Wild. & T.Durand,Democratic Republic of the Congo
Thomandersiaceae,Thomandersia hensii,De Wild. & T.Durand,Democratic Republic of the Congo
Thymelaeaceae,Craterosiphon beniensis,Domke,Democratic Republic of the Congo
Thymelaeaceae,Craterosiphon quarrei,Staner,Democratic Republic of the Congo
Thymelaeaceae,Dicranolepis buchholzii,Engl. & Gilg,Democratic Republic of the Congo
Thymelaeaceae,Dicranolepis disticha,Planch.,Democratic Republic of the Congo
Thymelaeaceae,Dicranolepis incisa,A.Robyns,Democratic Republic of the Congo
Thymelaeaceae,Dicranolepis pulcherrima,Gilg,Democratic Republic of the Congo
Thymelaeaceae,Dicranolepis pyramidalis,Gilg,Democratic Republic of the Congo
Thymelaeaceae,Lasiosiphon glaucus,Fresen.,Democratic Republic of the Congo
Thymelaeaceae,Peddiea fischeri,Engl.,Democratic Republic of the Congo
Thymelaeaceae,Peddiea orophila,A.Robyns,Democratic Republic of the Congo
Thymelaeaceae,Peddiea polyantha,Gilg,Democratic Republic of the Congo
Thymelaeaceae,Peddiea rapaneoides,Gilg ex Engl.,Democratic Republic of the Congo
Ulmaceae,Chaetachme aristata,Planch.,Democratic Republic of the Congo
Ulmaceae,Holoptelea grandis,(Hutch.) Mildbr.,Democratic Republic of the Congo
Urticaceae,Musanga cecropioides,R.Br. ex Tedlie,Democratic Republic of the Congo
Urticaceae,Musanga leo-errerae,Hauman & J.Léonard,Democratic Republic of the Congo
Urticaceae,Myrianthus arboreus,P.Beauv.,Democratic Republic of the Congo
Urticaceae,Myrianthus holstii,Engl.,Democratic Republic of the Congo
Urticaceae,Myrianthus preussii,Engl.,Democratic Republic of the Congo
Urticaceae,Myrianthus serratus,(Trécul) Benth.,Democratic Republic of the Congo
Urticaceae,Obetia radula,(Baker) Baker ex B.D.Jacks.,Democratic Republic of the Congo
Velloziaceae,Xerophyta spekei,Baker,Democratic Republic of the Congo
Violaceae,Rinorea angustifolia,(Thouars) Baill.,Democratic Republic of the Congo
Violaceae,Rinorea beniensis,Engl.,Democratic Republic of the Congo
Violaceae,Rinorea brachypetala,(Turcz.) Kuntze,Democratic Republic of the Congo
Violaceae,Rinorea cerasifolia,M.Brandt,Democratic Republic of the Congo
Violaceae,Rinorea claessensii,De Wild.,Democratic Republic of the Congo
Violaceae,Rinorea dentata,(P.Beauv.) Kuntze,Democratic Republic of the Congo
Violaceae,Rinorea ebolowensis,M. Brandt,Democratic Republic of the Congo
Violaceae,Rinorea ilicifolia,(Welw. ex Oliv.) Kuntze,Democratic Republic of the Congo
Violaceae,Rinorea laurentii,De Wild.,Democratic Republic of the Congo
Violaceae,Rinorea mildbraedii,M.Brandt,Democratic Republic of the Congo
Violaceae,Rinorea oblongifolia,(C.H.Wright) C.Marquand ex Chipp,Democratic Republic of the Congo
Violaceae,Rinorea preussii,Engl.,Democratic Republic of the Congo
Violaceae,Rinorea subsessilis,M.Brandt,Democratic Republic of the Congo
Violaceae,Rinorea tshingandaensis,Taton,Democratic Republic of the Congo
Violaceae,Rinorea welwitschii,(Oliv.) Kuntze,Democratic Republic of the Congo
Vitaceae,Rhoicissus revoilii,Planch.,Democratic Republic of the Congo
Vochysiaceae,Erismadelphus exsul,Mildbr.,Democratic Republic of the Congo
Zamiaceae,Encephalartos ituriensis,Bamps & Lisowski,Democratic Republic of the Congo
Zamiaceae,Encephalartos laurentianus,De Wild.,Democratic Republic of the Congo
Zygophyllaceae,Balanites aegyptiaca,(L.) Delile,Democratic Republic of the Congo
Zygophyllaceae,Balanites wilsoniana,Dawe & Sprague,Democratic Republic of the Congo
