family,taxon,author,native to
Acanthaceae,Aphelandra acanthifolia,Hook.,Ecuador
Acanthaceae,Aphelandra acanthus,Nees,Ecuador
Acanthaceae,Aphelandra formosa,(Bonpl.) Nees,Ecuador
Acanthaceae,Aphelandra gunnarii,Wassh.,Ecuador
Acanthaceae,Avicennia germinans,(L.) L.,Ecuador
Acanthaceae,Ruellia chartacea,(T. Anderson) Wassh.,Ecuador
Acanthaceae,Trichanthera gigantea,(Bonpl.) Nees,Ecuador
Achariaceae,Carpotroche amazonica,Mart. ex Eichler,Ecuador
Achariaceae,Carpotroche longifolia,(Poepp.) Benth.,Ecuador
Achariaceae,Carpotroche platyptera,Pittier,Ecuador
Achariaceae,Carpotroche ramosii,(Cuatrec.) Cuatrec.,Ecuador
Achariaceae,Lindackeria paludosa,(Benth.) Gilg,Ecuador
Achariaceae,Mayna odorata,Aubl.,Ecuador
Achariaceae,Mayna yasuniana,"Á.J.Pérez, Liesner & D.Santam.",Ecuador
Achatocarpaceae,Achatocarpus nigricans,Triana,Ecuador
Achatocarpaceae,Achatocarpus pubescens,C.H.Wright,Ecuador
Actinidiaceae,Saurauia adenodonta,Sleumer,Ecuador
Actinidiaceae,Saurauia aequatoriensis,Sprague,Ecuador
Actinidiaceae,Saurauia brachybotrys,Turcz.,Ecuador
Actinidiaceae,Saurauia bullosa,Wawra,Ecuador
Actinidiaceae,Saurauia crassisepala,Soejarto,Ecuador
Actinidiaceae,Saurauia herthae,Sleumer,Ecuador
Actinidiaceae,Saurauia laxiflora,Soejarto,Ecuador
Actinidiaceae,Saurauia lehmannii,Hieron.,Ecuador
Actinidiaceae,Saurauia magnifica,Soejarto,Ecuador
Actinidiaceae,Saurauia mexiae,Killip ex Soejarto,Ecuador
Actinidiaceae,Saurauia prainiana,Buscal.,Ecuador
Actinidiaceae,Saurauia pseudoleucocarpa,Buscal.,Ecuador
Actinidiaceae,Saurauia pseudostrigillosa,Buscal.,Ecuador
Actinidiaceae,Saurauia schultzeorum,Sleumer,Ecuador
Actinidiaceae,Saurauia tomentosa,(Kunth) Spreng.,Ecuador
Alzateaceae,Alzatea verticillata,Ruiz & Pav.,Ecuador
Amaranthaceae,Alternanthera rugulosa,(B.L.Rob.) J.T.Howell,Ecuador
Anacardiaceae,Anacardium excelsum,(Bertero ex Kunth) Skeels,Ecuador
Anacardiaceae,Astronium graveolens,Jacq.,Ecuador
Anacardiaceae,Campnosperma panamense,Standl.,Ecuador
Anacardiaceae,Loxopterygium huasango,Spruce ex Engl.,Ecuador
Anacardiaceae,Mauria heterophylla,Kunth,Ecuador
Anacardiaceae,Mauria membranifolia,Barfod & Holm-Niels.      ,Ecuador
Anacardiaceae,Mauria simplicifolia,Kunth,Ecuador
Anacardiaceae,Mosquitoxylum jamaicense,Krug & Urb.,Ecuador
Anacardiaceae,Spondias globosa,J.D.Mitch. & Daly,Ecuador
Anacardiaceae,Spondias mombin,L.,Ecuador
Anacardiaceae,Spondias radlkoferi,Donn.Sm.,Ecuador
Anacardiaceae,Tapirira guianensis,Aubl.,Ecuador
Anacardiaceae,Tapirira obtusa,(Benth.) J.D.Mitch.,Ecuador
Anacardiaceae,Tapirira rubrinervis,Barfod        ,Ecuador
Anacardiaceae,Toxicodendron striatum,(Ruiz & Pav.) Kuntze,Ecuador
Annonaceae,Anaxagorea brevipes,Benth.,Ecuador
Annonaceae,Anaxagorea crassipetala,Hemsl.,Ecuador
Annonaceae,Anaxagorea dolichocarpa,Sprague & Sandwith,Ecuador
Annonaceae,Anaxagorea phaeocarpa,Mart.,Ecuador
Annonaceae,Annona amazonica,R.E.Fr.,Ecuador
Annonaceae,Annona ambotay,Aubl.,Ecuador
Annonaceae,Annona andicola,(Maas & Westra) H.Rainer,Ecuador
Annonaceae,Annona asplundiana,R.E.Fr.,Ecuador
Annonaceae,Annona centrantha,(R.E.Fr.) H.Rainer,Ecuador
Annonaceae,Annona cherimola,Mill.,Ecuador
Annonaceae,Annona cherimolioides,Triana & Planch.,Ecuador
Annonaceae,Annona conica,Ruiz & Pav.,Ecuador
Annonaceae,Annona cordifolia,(Szyszyl.) Poepp. ex Maas & Westra,Ecuador
Annonaceae,Annona cuspidata,(Mart.) H.Rainer,Ecuador
Annonaceae,Annona deceptrix,(Westra) H.Rainer,Ecuador
Annonaceae,Annona dolichopetala,(R.E.Fr.) H.Rainer,Ecuador
Annonaceae,Annona dolichophylla,R.E.Fr.,Ecuador
Annonaceae,Annona duckei,Diels,Ecuador
Annonaceae,Annona ecuadorensis,R.E.Fr.,Ecuador
Annonaceae,Annona fosteri,(Maas & Westra) H.Rainer,Ecuador
Annonaceae,Annona glabra,L.,Ecuador
Annonaceae,Annona glomerulifera,(Maas & Westra) H.Rainer,Ecuador
Annonaceae,Annona helosioides,(Maas & Westra) H.Rainer,Ecuador
Annonaceae,Annona hispida,(Maas & Westra) H.Rainer,Ecuador
Annonaceae,Annona hypoglauca,Mart.,Ecuador
Annonaceae,Annona jucunda,(Diels) H.Rainer,Ecuador
Annonaceae,Annona manabiensis,Saff. ex R.E.Fr.,Ecuador
Annonaceae,Annona montana,Macfad.,Ecuador
Annonaceae,Annona mucosa,Jacq.,Ecuador
Annonaceae,Annona muricata,L.,Ecuador
Annonaceae,Annona neglecta,R.E.Fr.,Ecuador
Annonaceae,Annona neochrysocarpa,H.Rainer,Ecuador
Annonaceae,Annona neoecuadorensis,H.Rainer,Ecuador
Annonaceae,Annona oleifolia,Westra & H.Rainer,Ecuador
Annonaceae,Annona quinduensis,Kunth,Ecuador
Annonaceae,Annona schunkei,(Maas & Westra) H.Rainer,Ecuador
Annonaceae,Cremastosperma alticola,Pirie & Chatrou,Ecuador
Annonaceae,Cremastosperma awaense,Pirie,Ecuador
Annonaceae,Cremastosperma bullatum,Pirie,Ecuador
Annonaceae,Cremastosperma cauliflorum,R.E.Fr.,Ecuador
Annonaceae,Cremastosperma gracilipes,R.E.Fr.,Ecuador
Annonaceae,Cremastosperma longicuspe,R.E.Fr.,Ecuador
Annonaceae,Cremastosperma longipes,Pirie,Ecuador
Annonaceae,Cremastosperma megalophyllum,R.E.Fr.,Ecuador
Annonaceae,Cremastosperma napoense,Pirie,Ecuador
Annonaceae,Cremastosperma pedunculatum,(Diels) R.E.Fr.,Ecuador
Annonaceae,Cremastosperma stenophyllum,Pirie,Ecuador
Annonaceae,Cymbopetalum aequale,N.A.Murray,Ecuador
Annonaceae,Cymbopetalum coriaceum,N.A.Murray,Ecuador
Annonaceae,Duguetia macrophylla,R.E.Fr.,Ecuador
Annonaceae,Duguetia odorata,(Diels) J.F.Macbr.,Ecuador
Annonaceae,Duguetia peruviana,(R.E.Fr.) J.F.Macbr.,Ecuador
Annonaceae,Duguetia quitarensis,Benth.,Ecuador
Annonaceae,Duguetia spixiana,Mart.,Ecuador
Annonaceae,Duguetia surinamensis,R.E.Fr.,Ecuador
Annonaceae,Fusaea longifolia,(Aubl.) Saff.,Ecuador
Annonaceae,Fusaea peruviana,R.E.Fr.,Ecuador
Annonaceae,Guatteria arenicola,Maas & Erkens,Ecuador
Annonaceae,Guatteria blepharophylla,Mart.,Ecuador
Annonaceae,Guatteria brevipetiolata,Maas & Westra,Ecuador
Annonaceae,Guatteria carchiana,Maas & Westra,Ecuador
Annonaceae,Guatteria chrysophylla,Maas & Setten,Ecuador
Annonaceae,Guatteria citriodora,Ducke,Ecuador
Annonaceae,Guatteria crassipes,R.E.Fr.,Ecuador
Annonaceae,Guatteria cuatrecasasii,D.Sánchez,Ecuador
Annonaceae,Guatteria decurrens,R.E.Fr.,Ecuador
Annonaceae,Guatteria duodecima,Maas & Westra,Ecuador
Annonaceae,Guatteria esmeraldae,Maas & Westra,Ecuador
Annonaceae,Guatteria esperanzae,"Couvreur, J.N.Zapata & Loor",Ecuador
Annonaceae,Guatteria fractiflexa,Maas & Westra,Ecuador
Annonaceae,Guatteria gentryi,Maas & Erkens,Ecuador
Annonaceae,Guatteria goudotiana,Triana & Planch.,Ecuador
Annonaceae,Guatteria griseifolia,Maas & Westra,Ecuador
Annonaceae,Guatteria guianensis,(Aubl.) R.E.Fr.,Ecuador
Annonaceae,Guatteria hirsuta,Ruiz & Pav.,Ecuador
Annonaceae,Guatteria liesneri,D.M.Johnson & N.A.Murray,Ecuador
Annonaceae,Guatteria longicuspis,R.E.Fr.,Ecuador
Annonaceae,Guatteria megalocarpa,Maas & Westra,Ecuador
Annonaceae,Guatteria megalophylla,Diels,Ecuador
Annonaceae,Guatteria microcarpa,Ruiz & Pav. ex G.Don,Ecuador
Annonaceae,Guatteria modesta,Diels,Ecuador
Annonaceae,Guatteria narinensis,Maas & Westra,Ecuador
Annonaceae,Guatteria pastazae,R.E.Fr.,Ecuador
Annonaceae,Guatteria pichinchae,Maas & Westra,Ecuador
Annonaceae,Guatteria pittieri,R.E.Fr.,Ecuador
Annonaceae,Guatteria punctata,(Aubl.) R.A.Howard,Ecuador
Annonaceae,Guatteria ramiflora,(D.R.Simpson) Erkens & Maas,Ecuador
Annonaceae,Guatteria spectabilis,Diels,Ecuador
Annonaceae,Guatteria stipitata,R.E.Fr.,Ecuador
Annonaceae,Guatteria tomentosa,Rusby,Ecuador
Annonaceae,Guatteria ucayalina,Huber,Ecuador
Annonaceae,Guatteria venosa,Erkens & Maas,Ecuador
Annonaceae,Klarobelia lucida,(Diels) Chatrou       ,Ecuador
Annonaceae,Klarobelia megalocarpa,Chatrou        ,Ecuador
Annonaceae,Klarobelia napoensis,Chatrou,Ecuador
Annonaceae,Mosannona pacifica,Chatrou        ,Ecuador
Annonaceae,Mosannona papillosa,Chatrou,Ecuador
Annonaceae,Mosannona xanthochlora,(Diels) Chatrou,Ecuador
Annonaceae,Oxandra euneura,Diels,Ecuador
Annonaceae,Oxandra mediocris,Diels,Ecuador
Annonaceae,Oxandra riedeliana,R.E.Fr.,Ecuador
Annonaceae,Oxandra sphaerocarpa,R.E.Fr.,Ecuador
Annonaceae,Oxandra xylopioides,Diels,Ecuador
Annonaceae,Porcelia mediocris,N.A. Murray,Ecuador
Annonaceae,Porcelia venezuelensis,Pittier,Ecuador
Annonaceae,Pseudomalmea diclina,(R.E. Fr.) Chatrou,Ecuador
Annonaceae,Ruizodendron ovale,(Ruiz & Pav.) R.E. Fr.,Ecuador
Annonaceae,Tetrameranthus globuliferus,Westra,Ecuador
Annonaceae,Trigynaea duckei,(R.E.Fr.) R.E.Fr.,Ecuador
Annonaceae,Trigynaea lagaropoda,D.M. Johnson & N.A. Murray,Ecuador
Annonaceae,Trigynaea triplinervis,D.M. Johnson & N.A. Murray,Ecuador
Annonaceae,Unonopsis esmeraldae,Maas & Westra,Ecuador
Annonaceae,Unonopsis floribunda,Diels,Ecuador
Annonaceae,Unonopsis magnifolia,R.E.Fr.,Ecuador
Annonaceae,Unonopsis monticola,Maas & Westra,Ecuador
Annonaceae,Unonopsis onychopetaloides,Maas & Westra,Ecuador
Annonaceae,Unonopsis pacifica,R.E.Fr.,Ecuador
Annonaceae,Unonopsis peruviana,R.E.Fr.,Ecuador
Annonaceae,Unonopsis spectabilis,Diels,Ecuador
Annonaceae,Unonopsis veneficiorum,(Mart.) R.E.Fr.,Ecuador
Annonaceae,Xylopia barbata,Mart.,Ecuador
Annonaceae,Xylopia columbiana,R.E.Fr.,Ecuador
Annonaceae,Xylopia cuspidata,Diels,Ecuador
Annonaceae,Xylopia excellens,R.E.Fr.,Ecuador
Annonaceae,Xylopia ligustrifolia,Dunal,Ecuador
Annonaceae,Xylopia micans,R.E.Fr.,Ecuador
Annonaceae,Xylopia multiflora,R.E.Fr.,Ecuador
Annonaceae,Xylopia parviflora,Spruce,Ecuador
Annonaceae,Xylopia sericea,A.St.-Hil.,Ecuador
Annonaceae,Xylopia surinamensis,R.E.Fr.,Ecuador
Apocynaceae,Aspidosperma cuspa,(Kunth) S.F.Blake ex Pittier,Ecuador
Apocynaceae,Aspidosperma darienense,Woodson ex Dwyer,Ecuador
Apocynaceae,Aspidosperma decussatum,Woodson,Ecuador
Apocynaceae,Aspidosperma desmanthum,Benth. ex Müll.Arg.,Ecuador
Apocynaceae,Aspidosperma megalocarpon,Müll.Arg.,Ecuador
Apocynaceae,Aspidosperma myristicifolium,(Markgr.) Woodson,Ecuador
Apocynaceae,Aspidosperma rigidum,Rusby,Ecuador
Apocynaceae,Cascabela thevetia,(L.) Lippold,Ecuador
Apocynaceae,Couma macrocarpa,Barb.Rodr.,Ecuador
Apocynaceae,Himatanthus articulatus,(Vahl) Woodson,Ecuador
Apocynaceae,Himatanthus tarapotensis,(K.Schum. ex Markgr.) Plumel,Ecuador
Apocynaceae,Lacmellea edulis,H.Karst.,Ecuador
Apocynaceae,Lacmellea macrantha,J.F.Morales,Ecuador
Apocynaceae,Lacmellea oblongata,Markgr.,Ecuador
Apocynaceae,Lacmellea panamensis,(Woodson) Markgr.,Ecuador
Apocynaceae,Lacmellea speciosa,Woodson,Ecuador
Apocynaceae,Laxoplumeria tessmannii,Markgr.,Ecuador
Apocynaceae,Malouetia flavescens,(Willd. ex Roem. & Schult.) Müll.Arg.,Ecuador
Apocynaceae,Parahancornia peruviana,Monach.,Ecuador
Apocynaceae,Rauvolfia littoralis,Rusby,Ecuador
Apocynaceae,Rauvolfia macrantha,K.Schum. ex Markgr.,Ecuador
Apocynaceae,Rauvolfia purpurascens,Standl.,Ecuador
Apocynaceae,Rauvolfia tetraphylla,L.,Ecuador
Apocynaceae,Tabernaemontana amplifolia,L.Allorge,Ecuador
Apocynaceae,Tabernaemontana amygdalifolia,Jacq.,Ecuador
Apocynaceae,Tabernaemontana columbiensis,(L.Allorge) Leeuwenb.,Ecuador
Apocynaceae,Tabernaemontana cymosa,Jacq.,Ecuador
Apocynaceae,Tabernaemontana glabra,(Benth.) A.O.Simões & M.E.Endress,Ecuador
Apocynaceae,Tabernaemontana grandiflora,Jacq.,Ecuador
Apocynaceae,Tabernaemontana heterophylla,Vahl,Ecuador
Apocynaceae,Tabernaemontana leeuwenbergiana,J.F.Morales,Ecuador
Apocynaceae,Tabernaemontana longipes,Donn.Sm.,Ecuador
Apocynaceae,Tabernaemontana macrocalyx,Müll.Arg.,Ecuador
Apocynaceae,Tabernaemontana markgrafiana,J.F.Macbr.,Ecuador
Apocynaceae,Tabernaemontana panamensis,"(Markgr., Boiteau & L.Allorge) Leeuwenb.",Ecuador
Apocynaceae,Tabernaemontana sananho,Ruiz & Pav.,Ecuador
Apocynaceae,Tabernaemontana siphilitica,(L.f.) Leeuwenb.,Ecuador
Apocynaceae,Tabernaemontana undulata,Vahl,Ecuador
Apocynaceae,Vallesia glabra,(Cav.) Link,Ecuador
Aquifoliaceae,Ilex amboroica,Loes.,Ecuador
Aquifoliaceae,Ilex amplifolia,Rusby,Ecuador
Aquifoliaceae,Ilex andicola,Loes.,Ecuador
Aquifoliaceae,Ilex colombiana,Cuatrec.        ,Ecuador
Aquifoliaceae,Ilex cuzcoana,Loes.,Ecuador
Aquifoliaceae,Ilex gabinetensis,Cuatrec.,Ecuador
Aquifoliaceae,Ilex gabrielleana,Loizeau & Spichiger,Ecuador
Aquifoliaceae,Ilex guayusa,Loes.,Ecuador
Aquifoliaceae,Ilex hippocrateoides,Kunth,Ecuador
Aquifoliaceae,Ilex hualgayoca,Loizeau & Spichiger,Ecuador
Aquifoliaceae,Ilex inundata,Poepp. ex Reissek,Ecuador
Aquifoliaceae,Ilex laureola,Triana,Ecuador
Aquifoliaceae,Ilex laurina,Kunth,Ecuador
Aquifoliaceae,Ilex maasiana,Loizeau & Spichiger,Ecuador
Aquifoliaceae,Ilex macarenensis,Cuatrec.,Ecuador
Aquifoliaceae,Ilex maxima,W.J.Hahn,Ecuador
Aquifoliaceae,Ilex myricoides,Kunth,Ecuador
Aquifoliaceae,Ilex nervosa,Triana,Ecuador
Aquifoliaceae,Ilex ovalis,(Ruiz & Pav.) Loes.,Ecuador
Aquifoliaceae,Ilex paraguariensis,A.St.-Hil.,Ecuador
Aquifoliaceae,Ilex pernervata,Cuatrec.,Ecuador
Aquifoliaceae,Ilex rimbachii,Standl.,Ecuador
Aquifoliaceae,Ilex scopulorum,Kunth,Ecuador
Aquifoliaceae,Ilex suprema,Cuatrec.,Ecuador
Aquifoliaceae,Ilex teratopis,Loes.,Ecuador
Aquifoliaceae,Ilex uniflora,Benth.        ,Ecuador
Aquifoliaceae,Ilex vismiifolia,Reissek,Ecuador
Aquifoliaceae,Ilex yurumanguinis,Cuatrec.,Ecuador
Araliaceae,Dendropanax alaris,(Schltdl.) Decne. & Planch.,Ecuador
Araliaceae,Dendropanax arboreus,(L.) Decne. & Planch.,Ecuador
Araliaceae,Dendropanax caucanus,(Harms) Harms,Ecuador
Araliaceae,Dendropanax macrocarpus,Cuatrec.,Ecuador
Araliaceae,Dendropanax macropodus,(Harms) Harms,Ecuador
Araliaceae,Didymopanax morototoni,(Aubl.) Decne. & Planch.,Ecuador
Araliaceae,Oreopanax andreanus,Marchal,Ecuador
Araliaceae,Oreopanax argentatus,(Kunth) Decne. & Planch.,Ecuador
Araliaceae,Oreopanax avicenniifolius,(Kunth) Decne. & Planch.,Ecuador
Araliaceae,Oreopanax bogotensis,Cuatrec.,Ecuador
Araliaceae,Oreopanax bullosus,Decne. & Planch. ex Harms,Ecuador
Araliaceae,Oreopanax capitatus,(Jacq.) Decne. & Planch.,Ecuador
Araliaceae,Oreopanax confusus,Marchal,Ecuador
Araliaceae,Oreopanax corazonensis,Harms,Ecuador
Araliaceae,Oreopanax divulsus,Marchal,Ecuador
Araliaceae,Oreopanax ecuadorensis,Seem.,Ecuador
Araliaceae,Oreopanax eriocephalus,Harms,Ecuador
Araliaceae,Oreopanax grandifolius,Borchs.,Ecuador
Araliaceae,Oreopanax hedraeostrobilus,Harms,Ecuador
Araliaceae,Oreopanax impolitus,Borchs.,Ecuador
Araliaceae,Oreopanax incisus,(Willd. ex Schult.) Decne. & Planch.,Ecuador
Araliaceae,Oreopanax lehmannii,Harms,Ecuador
Araliaceae,Oreopanax microflorus,Borchs.,Ecuador
Araliaceae,Oreopanax obscurus,Borchs.,Ecuador
Araliaceae,Oreopanax obtusilobus,(Willd. ex Schult.) Decne. & Planch.,Ecuador
Araliaceae,Oreopanax palamophyllus,Harms,Ecuador
Araliaceae,Oreopanax reticulatus,(Willd. ex Schult.) Decne. & Planch.,Ecuador
Araliaceae,Oreopanax robustus,Borchs.,Ecuador
Araliaceae,Oreopanax rosei,Harms,Ecuador
Araliaceae,Oreopanax seemannianus,Marchal,Ecuador
Araliaceae,Oreopanax sessiliflorus,(Benth.) Decne. & Planch.,Ecuador
Araliaceae,Oreopanax trifidus,Borchs.,Ecuador
Araliaceae,Sciodaphyllum angulatum,(Pav.) Poir.,Ecuador
Araliaceae,Sciodaphyllum blepharidophyllum,"(Harms) Lowry, G.M.Plunkett & M.M.Mora",Ecuador
Araliaceae,Sciodaphyllum chococolum,"(Frodin) Lowry, G.M.Plunkett & M.M.Mora",Ecuador
Araliaceae,Sciodaphyllum dielsii,"(Harms) Lowry, G.M.Plunkett & M.M.Mora",Ecuador
Araliaceae,Sciodaphyllum diplodactylum,"(Harms) Lowry, G.M.Plunkett & M.M.Mora",Ecuador
Araliaceae,Sciodaphyllum elachistocephalum,"(Harms) Lowry, G.M.Plunkett & M.M.Mora",Ecuador
Araliaceae,Sciodaphyllum epiphyticum,"(A.C.Sm.) Lowry, G.M.Plunkett & M.M.Mora",Ecuador
Araliaceae,Sciodaphyllum ferrugineum,(Willd. ex Schult.) Decne. & Planch.,Ecuador
Araliaceae,Sciodaphyllum lasiogyne,"(Harms) Lowry, G.M.Plunkett & M.M.Mora",Ecuador
Araliaceae,Sciodaphyllum magnifolium,"(Cuatrec.) Lowry, G.M.Plunkett & M.M.Mora",Ecuador
Araliaceae,Sciodaphyllum merinoi,"D.A.Neill, G.M.Plunkett, Lowry & M.M.Mora",Ecuador
Araliaceae,Sciodaphyllum minutiflorum,"(Harms) Lowry, G.M.Plunkett & M.M.Mora",Ecuador
Araliaceae,Sciodaphyllum patulum,Rusby,Ecuador
Araliaceae,Sciodaphyllum pedicellatum,(Pav.) Poir.,Ecuador
Araliaceae,Sciodaphyllum pentandrum,(Pav.) Poir.,Ecuador
Araliaceae,Sciodaphyllum purocafeanum,"G.M.Plunkett, M.M.Mora, D.A.Neill & Lowry",Ecuador
Araliaceae,Sciodaphyllum recaldeorum,"Lowry, G.M.Plunkett, M.M.Mora & D.A.Neill",Ecuador
Araliaceae,Sciodaphyllum sodiroi,"(Harms) Lowry, G.M.Plunkett & M.M.Mora",Ecuador
Araliaceae,Sciodaphyllum sphaerocomum,Benth.,Ecuador
Araliaceae,Sciodaphyllum sprucei,Seem.,Ecuador
Arecaceae,Aiphanes chiribogensis,Borchs. & Balslev,Ecuador
Arecaceae,Aiphanes eggersii,Burret,Ecuador
Arecaceae,Aiphanes erinacea,(H.Karst.) H.Wendl.,Ecuador
Arecaceae,Aiphanes gelatinosa,H.E.Moore,Ecuador
Arecaceae,Aiphanes grandis,Borchs. & Balslev,Ecuador
Arecaceae,Aiphanes macroloba,Burret,Ecuador
Arecaceae,Aiphanes tricuspidata,"Borchs., M.Ruíz & Bernal",Ecuador
Arecaceae,Aiphanes ulei,(Dammer) Burret,Ecuador
Arecaceae,Aiphanes verrucosa,Borchs. & Balslev,Ecuador
Arecaceae,Aphandra natalia,(Balslev & A.J.Hend.) Barfod,Ecuador
Arecaceae,Astrocaryum chambira,Burret,Ecuador
Arecaceae,Astrocaryum jauari,Mart.,Ecuador
Arecaceae,Astrocaryum standleyanum,L.H.Bailey,Ecuador
Arecaceae,Astrocaryum urostachys,Burret,Ecuador
Arecaceae,Attalea butyracea,(Mutis ex L.f.) Wess.Boer,Ecuador
Arecaceae,Attalea colenda,(O.F.Cook) Balslev & A.J.Hend.,Ecuador
Arecaceae,Attalea insignis,(Mart.) Drude,Ecuador
Arecaceae,Attalea maripa,(Aubl.) Mart.,Ecuador
Arecaceae,Bactris acanthocarpa,Mart.,Ecuador
Arecaceae,Bactris coloniata,L.H.Bailey,Ecuador
Arecaceae,Bactris coloradonis,L.H.Bailey,Ecuador
Arecaceae,Bactris concinna,Mart.,Ecuador
Arecaceae,Bactris corossilla,H.Karst.,Ecuador
Arecaceae,Bactris gasipaes,Kunth,Ecuador
Arecaceae,Bactris major,Jacq.,Ecuador
Arecaceae,Bactris maraja,Mart.,Ecuador
Arecaceae,Bactris martiana,A.J.Hend.,Ecuador
Arecaceae,Bactris pilosa,H.Karst.,Ecuador
Arecaceae,Bactris riparia,Mart.,Ecuador
Arecaceae,Bactris setulosa,H.Karst.,Ecuador
Arecaceae,Ceroxylon alpinum,Bonpl. ex DC.,Ecuador
Arecaceae,Ceroxylon amazonicum,Galeano,Ecuador
Arecaceae,Ceroxylon echinulatum,Galeano,Ecuador
Arecaceae,Ceroxylon parvifrons,(Engel) H.Wendl.,Ecuador
Arecaceae,Ceroxylon parvum,Galeano,Ecuador
Arecaceae,Ceroxylon ventricosum,Burret,Ecuador
Arecaceae,Ceroxylon vogelianum,(Engel) H.Wendl.,Ecuador
Arecaceae,Chamaedorea linearis,(Ruiz & Pav.) Mart.,Ecuador
Arecaceae,Chamaedorea pinnatifrons,(Jacq.) Oerst.,Ecuador
Arecaceae,Chelyocarpus ulei,Dammer,Ecuador
Arecaceae,Desmoncus polyacanthos,Mart.,Ecuador
Arecaceae,Dictyocaryum lamarckianum,(Mart.) H.Wendl.,Ecuador
Arecaceae,Elaeis oleifera,(Kunth) Cortés,Ecuador
Arecaceae,Euterpe oleracea,Mart.,Ecuador
Arecaceae,Euterpe precatoria,Mart.,Ecuador
Arecaceae,Geonoma brongniartii,Mart.,Ecuador
Arecaceae,Geonoma calyptrogynoidea,Burret,Ecuador
Arecaceae,Geonoma camana,Trail,Ecuador
Arecaceae,Geonoma chococola,Wess.Boer,Ecuador
Arecaceae,Geonoma congesta,H.Wendl. ex Spruce,Ecuador
Arecaceae,Geonoma cuneata,H.Wendl. ex Spruce,Ecuador
Arecaceae,Geonoma deversa,(Poit.) Kunth,Ecuador
Arecaceae,Geonoma hollinensis,"A.J.Hend., Borchs. & Balslev",Ecuador
Arecaceae,Geonoma interrupta,(Ruiz & Pav.) Mart.,Ecuador
Arecaceae,Geonoma laxiflora,Mart.,Ecuador
Arecaceae,Geonoma lehmannii,Dammer ex Burret,Ecuador
Arecaceae,Geonoma macrostachys,Mart.,Ecuador
Arecaceae,Geonoma maxima,(Poit.) Kunth,Ecuador
Arecaceae,Geonoma multisecta,(Burret) Burret,Ecuador
Arecaceae,Geonoma orbignyana,Mart.,Ecuador
Arecaceae,Geonoma pinnatifrons,Willd.,Ecuador
Arecaceae,Geonoma poeppigiana,Mart.,Ecuador
Arecaceae,Geonoma stricta,(Poit.) Kunth,Ecuador
Arecaceae,Geonoma tenuissima,H.E.Moore,Ecuador
Arecaceae,Geonoma triandra,(Burret) Wess.Boer,Ecuador
Arecaceae,Geonoma triglochin,Burret,Ecuador
Arecaceae,Geonoma trigona,(Ruiz & Pav.) A.H.Gentry,Ecuador
Arecaceae,Geonoma undata,Klotzsch,Ecuador
Arecaceae,Geonoma venosa,A.J.Hend.,Ecuador
Arecaceae,Hyospathe elegans,Mart.,Ecuador
Arecaceae,Iriartea deltoidea,Ruiz & Pav.,Ecuador
Arecaceae,Lepidocaryum tenue,Mart.,Ecuador
Arecaceae,Manicaria saccifera,Gaertn.,Ecuador
Arecaceae,Mauritia flexuosa,L.f.,Ecuador
Arecaceae,Mauritiella armata,(Mart.) Burret,Ecuador
Arecaceae,Mauritiella macroclada,(Burret) Burret,Ecuador
Arecaceae,Oenocarpus bataua,Mart.,Ecuador
Arecaceae,Oenocarpus mapora,H.Karst.,Ecuador
Arecaceae,Parajubaea cocoides,Burret,Ecuador
Arecaceae,Pholidostachys dactyloides,H.E.Moore,Ecuador
Arecaceae,Pholidostachys synanthera,(Mart.) H.E.Moore,Ecuador
Arecaceae,Phytelephas aequatorialis,Spruce,Ecuador
Arecaceae,Phytelephas tenuicaulis,(Barfod) A.J.Hend.,Ecuador
Arecaceae,Prestoea acuminata,(Willd.) H.E.Moore,Ecuador
Arecaceae,Prestoea carderi,(W.Bull) Hook.f.,Ecuador
Arecaceae,Prestoea decurrens,H.E.Moore,Ecuador
Arecaceae,Prestoea ensiformis,(Ruiz & Pav.) H.E.Moore,Ecuador
Arecaceae,Prestoea schultzeana,(Burret) H.E.Moore,Ecuador
Arecaceae,Socratea exorrhiza,(Mart.) H.Wendl.,Ecuador
Arecaceae,Socratea hecatonandra,(Dugand) R.Bernal,Ecuador
Arecaceae,Socratea rostrata,Burret,Ecuador
Arecaceae,Syagrus sancona,(Kunth) H.Karst.,Ecuador
Arecaceae,Synechanthus warscewiczianus,H.Wendl.,Ecuador
Arecaceae,Welfia regia,H.Wendl.,Ecuador
Arecaceae,Wettinia aequalis,(O.F.Cook & Doyle) R.Bernal,Ecuador
Arecaceae,Wettinia aequatorialis,R.Bernal,Ecuador
Arecaceae,Wettinia anomala,(Burret) R.Bernal,Ecuador
Arecaceae,Wettinia drudei,(O.F.Cook & Doyle) A.J.Hend.,Ecuador
Arecaceae,Wettinia fascicularis,(Burret) H.E.Moore & J.Dransf.,Ecuador
Arecaceae,Wettinia kalbreyeri,(Burret) R.Bernal,Ecuador
Arecaceae,Wettinia maynensis,Spruce,Ecuador
Arecaceae,Wettinia minima,R.Bernal,Ecuador
Arecaceae,Wettinia oxycarpa,Galeano & R.Bernal,Ecuador
Arecaceae,Wettinia quinaria,(O.F.Cook & Doyle) Burret,Ecuador
Arecaceae,Wettinia radiata,(O.F.Cook & Doyle) R.Bernal,Ecuador
Arecaceae,Wettinia verruculosa,H.E.Moore,Ecuador
Asteraceae,Aequatorium asterotrichum,B.Nord.,Ecuador
Asteraceae,Aequatorium jamesonii,(S.F.Blake) C.Jeffrey,Ecuador
Asteraceae,Aequatorium lepidotum,B.Nord.,Ecuador
Asteraceae,Aequatorium repandiforme,B.Nord.,Ecuador
Asteraceae,Aristeguietia arborea,(Kunth) R.M.King & H.Rob.,Ecuador
Asteraceae,Baccharis brachylaenoides,DC.,Ecuador
Asteraceae,Baccharis latifolia,(Ruiz & Pav.) Pers.,Ecuador
Asteraceae,Baccharis nitida,(Ruiz & Pav.) Pers.,Ecuador
Asteraceae,Baccharis salicifolia,(Ruiz & Pav.) Pers.,Ecuador
Asteraceae,Barnadesia parviflora,Spruce ex Benth. & Hook.f.,Ecuador
Asteraceae,Clibadium grandifolium,S.F.Blake,Ecuador
Asteraceae,Clibadium pastazense,Domke,Ecuador
Asteraceae,Clibadium surinamense,L.,Ecuador
Asteraceae,Clibadium sylvestre,(Aubl.) Baill.,Ecuador
Asteraceae,Critonia morifolia,(Mill.) R.M.King & H.Rob.,Ecuador
Asteraceae,Critoniella acuminata,(Kunth) R.M.King & H.Rob.,Ecuador
Asteraceae,Critoniopsis bogotana,(Cuatrec.) H.Rob.,Ecuador
Asteraceae,Critoniopsis cerulosa,Haro-Carr. & H.Rob.,Ecuador
Asteraceae,Critoniopsis cotopaxensis,H.Rob.,Ecuador
Asteraceae,Critoniopsis dorrii,H.Rob.        ,Ecuador
Asteraceae,Critoniopsis elbertiana,(Cuatrec.) H.Rob.,Ecuador
Asteraceae,Critoniopsis floribunda,(Kunth) H.Rob.,Ecuador
Asteraceae,Critoniopsis harlingii,(H.Rob.) H.Rob.,Ecuador
Asteraceae,Critoniopsis occidentalis,(Cuatrec.) H.Rob.,Ecuador
Asteraceae,Critoniopsis palaciosii,H.Rob.,Ecuador
Asteraceae,Critoniopsis persetosa,Haro-Carr. & H.Rob.,Ecuador
Asteraceae,Critoniopsis pycnantha,(Benth.) H.Rob.,Ecuador
Asteraceae,Critoniopsis sodiroi,(Hieron. ex Hieron.) H.Rob.,Ecuador
Asteraceae,Critoniopsis yamboyensis,(Benoist) H.Rob.,Ecuador
Asteraceae,Critoniopsis zamorensis,Haro-Carr. & H.Rob.,Ecuador
Asteraceae,Crossothamnus gentryi,R.M.King & H.Rob.,Ecuador
Asteraceae,Dasyphyllum colombianum,(Cuatrec.) Cabrera,Ecuador
Asteraceae,Dendrophorbium balsapampae,(Cuatrec.) B.Nord.,Ecuador
Asteraceae,Dendrophorbium lloense,(Hieron. ex Sodiro) C.Jeffrey,Ecuador
Asteraceae,Dendrophorbium moscopanum,(Cuatrec.) C.Jeffrey,Ecuador
Asteraceae,Dendrophorbium tipocochense,(Domke) B.Nord.,Ecuador
Asteraceae,Eirmocephala megaphylla,(Hieron.) H.Rob.,Ecuador
Asteraceae,Fulcaldea laurifolia,(Bonpl.) Poir.,Ecuador
Asteraceae,Grosvenoria campii,R.M.King & H.Rob.,Ecuador
Asteraceae,Grosvenoria rimbachii,(B.L.Rob.) R.M.King & H.Rob.,Ecuador
Asteraceae,Gynoxys acostae,Cuatrec.,Ecuador
Asteraceae,Gynoxys azuayensis,Cuatrec.,Ecuador
Asteraceae,Gynoxys baccharoides,(Kunth) Cass.,Ecuador
Asteraceae,Gynoxys calyculisolvens,Hieron.,Ecuador
Asteraceae,Gynoxys chagalensis,Hieron.,Ecuador
Asteraceae,Gynoxys chimborazensis,Hieron.,Ecuador
Asteraceae,Gynoxys cuicochensis,Cuatrec.,Ecuador
Asteraceae,Gynoxys dielsiana,Domke,Ecuador
Asteraceae,Gynoxys laurifolia,(Kunth) Cass.,Ecuador
Asteraceae,Gynoxys perbracteosa,Cuatrec.,Ecuador
Asteraceae,Gynoxys pulchella,(Kunth) Cass.,Ecuador
Asteraceae,Gynoxys rimbachii,Cuatrec.,Ecuador
Asteraceae,Gynoxys sancti-antonii,Cuatrec.,Ecuador
Asteraceae,Gynoxys stuebelii,Hieron.,Ecuador
Asteraceae,Gynoxys tolimensis,Cuatrec.,Ecuador
Asteraceae,Idiopappus saloyensis,(Domke) H.Rob. & Panero     ,Ecuador
Asteraceae,Joseanthus cuatrecasasii,H.Rob.,Ecuador
Asteraceae,Joseanthus sparrei,(H.Rob.) H.Rob.       ,Ecuador
Asteraceae,Joseanthus trichotomus,(Gleason) H.Rob.,Ecuador
Asteraceae,Kaunia longipetiolata,(Sch.Bip. ex Rusby) R.M.King & H.Rob.,Ecuador
Asteraceae,Linochilus cinerascens,(Cuatrec.) Saldivia & O.M.Vargas,Ecuador
Asteraceae,Linochilus rupestris,(Kunth) Saldivia & O.M.Vargas,Ecuador
Asteraceae,Llerasia assuensis,(Kunth) Cuatrec.,Ecuador
Asteraceae,Monactis dubia,Kunth        ,Ecuador
Asteraceae,Monactis holwayae,(S.F.Blake) H.Rob.,Ecuador
Asteraceae,Monactis pallatangensis,(Hieron.) H.Rob.,Ecuador
Asteraceae,Nordenstamia limonensis,(B.Nord.) B.Nord.,Ecuador
Asteraceae,Perymenium jelskii,(Hieron.) S.F.Blake,Ecuador
Asteraceae,Piptocarpha lechleri,(Sch.Bip.) Baker,Ecuador
Asteraceae,Piptocarpha opaca,(Benth.) Baker,Ecuador
Asteraceae,Piptocoma discolor,(Kunth) Pruski,Ecuador
Asteraceae,Scalesia affinis,Hook.f.,Ecuador
Asteraceae,Scalesia aspera,Anderss.,Ecuador
Asteraceae,Scalesia atractyloides,Arn.        ,Ecuador
Asteraceae,Scalesia baurii,B.L.Rob. & Greenm.,Ecuador
Asteraceae,Scalesia cordata,A.Stewart        ,Ecuador
Asteraceae,Scalesia divisa,Andersson,Ecuador
Asteraceae,Scalesia helleri,B.L.Rob.,Ecuador
Asteraceae,Scalesia incisa,Hook.f.,Ecuador
Asteraceae,Scalesia microcephala,B.L.Rob.        ,Ecuador
Asteraceae,Scalesia pedunculata,Hook.f.,Ecuador
Asteraceae,Scalesia retroflexa,Hemsl.,Ecuador
Asteraceae,Scalesia stewartii,L.Riley,Ecuador
Asteraceae,Smallanthus pyramidalis,(Triana) H.Rob.,Ecuador
Asteraceae,Stenopadus andicola,Pruski        ,Ecuador
Asteraceae,Tessaria integrifolia,Ruiz & Pav.,Ecuador
Asteraceae,Verbesina arborea,Kunth,Ecuador
Asteraceae,Verbesina biserrata,H.Rob. & Panero,Ecuador
Asteraceae,Verbesina brachypoda,S.F.Blake,Ecuador
Asteraceae,Verbesina elegans,Kunth,Ecuador
Asteraceae,Verbesina latisquama,S.F.Blake,Ecuador
Asteraceae,Verbesina mameana,André,Ecuador
Asteraceae,Verbesina minuticeps,S.F.Blake,Ecuador
Asteraceae,Vernonanthura patens,(Kunth) H.Rob.,Ecuador
Berberidaceae,Berberis latifolia,Ruiz & Pav.,Ecuador
Berberidaceae,Berberis lehmannii,Hieron.,Ecuador
Berberidaceae,Berberis lobbiana,(C.K.Schneid.) C.K.Schneid.,Ecuador
Berberidaceae,Berberis multiflora,Benth.,Ecuador
Betulaceae,Alnus acuminata,Kunth,Ecuador
Bignoniaceae,Adenocalymma cladotrichum,(Sandwith) L.G.Lohmann,Ecuador
Bignoniaceae,Amphitecna latifolia,(Mill.) A.H.Gentry,Ecuador
Bignoniaceae,Cybistax antisyphilitica,(Mart.) Mart.,Ecuador
Bignoniaceae,Delostoma gracile,A.H.Gentry,Ecuador
Bignoniaceae,Delostoma integrifolium,D.Don,Ecuador
Bignoniaceae,Delostoma lobbii,Seem.,Ecuador
Bignoniaceae,Godmania aesculifolia,(Kunth) Standl.,Ecuador
Bignoniaceae,Handroanthus billbergii,(Bureau & K.Schum.) S.O.Grose,Ecuador
Bignoniaceae,Handroanthus chrysanthus,(Jacq.) S.O.Grose,Ecuador
Bignoniaceae,Handroanthus guayacan,(Seem.) S.O.Grose,Ecuador
Bignoniaceae,Handroanthus incanus,(A.H.Gentry) S.O.Grose,Ecuador
Bignoniaceae,Handroanthus ochraceus,(Cham.) Mattos,Ecuador
Bignoniaceae,Handroanthus serratifolius,(Vahl) S.O.Grose,Ecuador
Bignoniaceae,Jacaranda copaia,(Aubl.) D.Don,Ecuador
Bignoniaceae,Jacaranda glabra,(DC.) Bureau & K.Schum.,Ecuador
Bignoniaceae,Jacaranda obtusifolia,Bonpl.,Ecuador
Bignoniaceae,Jacaranda sparrei,A.H.Gentry,Ecuador
Bignoniaceae,Tabebuia rosea,(Bertol.) Bertero ex A.DC.,Ecuador
Bignoniaceae,Tecoma castanifolia,(D.Don) Melch.,Ecuador
Bignoniaceae,Tecoma stans,(L.) Juss. ex Kunth,Ecuador
Bixaceae,Bixa arborea,Huber,Ecuador
Bixaceae,Bixa orellana,L.,Ecuador
Bixaceae,Bixa platycarpa,Ruiz & Pav. ex G.Don,Ecuador
Bixaceae,Bixa urucurana,Willd.,Ecuador
Bixaceae,Cochlospermum vitifolium,(Willd.) Spreng.,Ecuador
Bonnetiaceae,Bonnetia paniculata,Spruce ex Benth.,Ecuador
Boraginaceae,Cordia alliodora,(Ruiz & Pav.) Oken,Ecuador
Boraginaceae,Cordia anisophylla,J.S.Mill.,Ecuador
Boraginaceae,Cordia colombiana,Killip,Ecuador
Boraginaceae,Cordia dwyeri,Nowicke,Ecuador
Boraginaceae,Cordia eriostigma,Pittier,Ecuador
Boraginaceae,Cordia fallax,I.M.Johnst.,Ecuador
Boraginaceae,Cordia kingstoniana,J.S.Mill.,Ecuador
Boraginaceae,Cordia leucophlyctis,Hook.f.,Ecuador
Boraginaceae,Cordia lutea,Lam.,Ecuador
Boraginaceae,Cordia macrantha,Chodat,Ecuador
Boraginaceae,Cordia megalantha,S.F.Blake,Ecuador
Boraginaceae,Cordia mexiana,I.M.Johnst.,Ecuador
Boraginaceae,Cordia panamensis,L.Riley,Ecuador
Boraginaceae,Cordia rosei,Killip        ,Ecuador
Boraginaceae,Cordia scouleri,Hook.f.,Ecuador
Boraginaceae,Cordia splendida,Diels,Ecuador
Boraginaceae,Cordia tetrandra,Aubl.,Ecuador
Boraginaceae,Cordia toqueve,Aubl.,Ecuador
Boraginaceae,Cordia ucayaliensis,(I.M.Johnst.) I.M.Johnst.,Ecuador
Boraginaceae,Heliotropium rufipilum,(Benth.) I.M.Johnst.,Ecuador
Boraginaceae,Varronia canescens,Andersson,Ecuador
Boraginaceae,Varronia revoluta,(Hook.f.) Andersson,Ecuador
Boraginaceae,Varronia vasqueziana,J.S.Mill.,Ecuador
Brunelliaceae,Brunellia acostae,Cuatrec.,Ecuador
Brunelliaceae,Brunellia cayambensis,Cuatrec.,Ecuador
Brunelliaceae,Brunellia comocladiifolia,Bonpl.,Ecuador
Brunelliaceae,Brunellia ecuadoriensis,Cuatrec.,Ecuador
Brunelliaceae,Brunellia foreroi,C.I.Orozco,Ecuador
Brunelliaceae,Brunellia hygrothermica,Cuatrec.,Ecuador
Brunelliaceae,Brunellia inermis,Ruiz & Pav.,Ecuador
Brunelliaceae,Brunellia littlei,Cuatrec.,Ecuador
Brunelliaceae,Brunellia ovalifolia,Bonpl.,Ecuador
Brunelliaceae,Brunellia pauciflora,Cuatrec. & C.I.Orozco,Ecuador
Brunelliaceae,Brunellia sibundoya,Cuatrec.,Ecuador
Brunelliaceae,Brunellia stenoptera,Diels,Ecuador
Brunelliaceae,Brunellia tomentosa,Bonpl.,Ecuador
Brunelliaceae,Brunellia zamorensis,Steyerm.,Ecuador
Burseraceae,Bursera glabra,(Jacq.) Triana & Planch.,Ecuador
Burseraceae,Bursera graveolens,(Kunth) Triana & Planch.,Ecuador
Burseraceae,Dacryodes amplectans,Daly & M.C.Martínez,Ecuador
Burseraceae,Dacryodes belemensis,Cuatrec.,Ecuador
Burseraceae,Dacryodes cupularis,Cuatrec.,Ecuador
Burseraceae,Dacryodes occidentalis,Cuatrec.,Ecuador
Burseraceae,Dacryodes olivifera,Cuatrec.,Ecuador
Burseraceae,Dacryodes peruviana,(Loes.) H.J.Lam,Ecuador
Burseraceae,Dacryodes roraimensis,Cuatrec.,Ecuador
Burseraceae,Dacryodes uruts-kunchae,"Daly, M.C.Martínez & D.A.Neill",Ecuador
Burseraceae,Protium aidanianum,Daly,Ecuador
Burseraceae,Protium altissimum,(Aubl.) Marchand,Ecuador
Burseraceae,Protium amazonicum,(Cuatrec.) Daly,Ecuador
Burseraceae,Protium amplum,Cuatrec.,Ecuador
Burseraceae,Protium aracouchini,(Aubl.) Marchand,Ecuador
Burseraceae,Protium colombianum,Cuatrec.,Ecuador
Burseraceae,Protium divaricatum,Engl.,Ecuador
Burseraceae,Protium ecuadorense,Benoist,Ecuador
Burseraceae,Protium ferrugineum,(Engl.) Engl.,Ecuador
Burseraceae,Protium glabrescens,Swart,Ecuador
Burseraceae,Protium goudotianum,(Tul.) Byng & Christenh.,Ecuador
Burseraceae,Protium guianense,(Aubl.) Marchand,Ecuador
Burseraceae,Protium macrocarpum,Cuatrec.,Ecuador
Burseraceae,Protium multijugum,(Swart) Byng & Christenh.,Ecuador
Burseraceae,Protium nodulosum,Swart,Ecuador
Burseraceae,Protium opacum,Swart,Ecuador
Burseraceae,Protium pallidum,Cuatrec.,Ecuador
Burseraceae,Protium pittieri,(Rose) Engl.,Ecuador
Burseraceae,Protium polybotryum,(Turcz.) Engl.,Ecuador
Burseraceae,Protium robustum,(Swart) D.M.Porter,Ecuador
Burseraceae,Protium sagotianum,Marchand,Ecuador
Burseraceae,Protium spruceanum,(Benth.) Engl.,Ecuador
Burseraceae,Protium stevensonii,(Standl.) Daly,Ecuador
Burseraceae,Protium subserratum,(Engl.) Engl.,Ecuador
Burseraceae,Protium trifoliolatum,Engl.,Ecuador
Burseraceae,Protium unifoliolatum,Engl.,Ecuador
Burseraceae,Protium varians,(Little) Byng & Christenh.,Ecuador
Burseraceae,Protium veneralense,Cuatrec.,Ecuador
Burseraceae,Protium vestitum,(Cuatrec.) Daly       ,Ecuador
Burseraceae,Trattinnickia aspera,(Standl.) Swart,Ecuador
Burseraceae,Trattinnickia glaziovii,Swart,Ecuador
Burseraceae,Trattinnickia lawrancei,Standl. ex Swart,Ecuador
Burseraceae,Trattinnickia peruviana,Loes.,Ecuador
Burseraceae,Trattinnickia rhoifolia,Willd.,Ecuador
Buxaceae,Styloceras brokawii,A.H.Gentry & R.B.Foster,Ecuador
Buxaceae,Styloceras kunthianum,A. Juss.,Ecuador
Buxaceae,Styloceras laurifolium,(Willd.) Kunth,Ecuador
Cactaceae,Armatocereus cartwrightianus,Backeb.,Ecuador
Cactaceae,Armatocereus godingianus,(Britton & Rose) Backeb.,Ecuador
Cactaceae,Armatocereus laetus,(Kunth) Backeb.,Ecuador
Cactaceae,Browningia microsperma,(Werderm. & Backeb.) W.T.Marshall,Ecuador
Cactaceae,Espostoa lanata,(Kunth) Britton & Rose,Ecuador
Cactaceae,Jasminocereus thouarsii,(F.A.C. Weber) Backeb.,Ecuador
Cactaceae,Opuntia galapageia,Hemsl.,Ecuador
Cactaceae,Opuntia soederstromiana,Britton & Rose,Ecuador
Cactaceae,Pilosocereus lanuginosus,(L.) Byles & G.D.Rowley,Ecuador
Calophyllaceae,Calophyllum brasiliense,Cambess.,Ecuador
Calophyllaceae,Calophyllum pachyphyllum,Planch. & Triana,Ecuador
Calophyllaceae,Calophyllum pubescens,Vela Díaz,Ecuador
Calophyllaceae,Marila alternifolia,Triana & Planch.,Ecuador
Calophyllaceae,Marila cespedesiana,Triana & Planch.,Ecuador
Calophyllaceae,Marila grandiflora,Griseb.,Ecuador
Calophyllaceae,Marila lactogena,Cuatrec.,Ecuador
Calophyllaceae,Marila laxiflora,Rusby,Ecuador
Calophyllaceae,Marila podantha,Cuatrec.,Ecuador
Calophyllaceae,Marila tomentosa,Poepp.,Ecuador
Cannabaceae,Celtis iguanaea,(Jacq.) Sarg.,Ecuador
Cannabaceae,Celtis loxensis,C.C.Berg,Ecuador
Cannabaceae,Celtis pallida,Torr.,Ecuador
Cannabaceae,Lozanella enantiophylla,(Donn.Sm.) Killip & C.V.Morton,Ecuador
Cannabaceae,Lozanella permollis,Killip & C.V.Morton,Ecuador
Cannabaceae,Sparrea schippii,(Standl.) Hunz. & Dottori,Ecuador
Cannabaceae,Trema domingense,Urb.,Ecuador
Cannabaceae,Trema micranthum,(L.) Blume,Ecuador
Capparaceae,Beautempsia avicenniifolia,(Kunth) Gaudich.,Ecuador
Capparaceae,Capparidastrum bonifazianum,(Cornejo & Iltis) Cornejo & Iltis,Ecuador
Capparaceae,Capparidastrum frondosum,(Jacq.) Cornejo & Iltis,Ecuador
Capparaceae,Capparidastrum macrophyllum,(Kunth) Hutch.,Ecuador
Capparaceae,Capparidastrum megalospermum,Cornejo & Iltis,Ecuador
Capparaceae,Capparidastrum osmanthum,(Diels) Cornejo & Iltis,Ecuador
Capparaceae,Capparidastrum petiolare,(Kunth) Hutch.,Ecuador
Capparaceae,Capparidastrum sola,(J.F.Macbr.) Cornejo & Iltis,Ecuador
Capparaceae,Colicodendron scabridum,(Kunth) Seem.,Ecuador
Capparaceae,Crateva tapia,L.,Ecuador
Capparaceae,Cynophalla didymobotrys,(Ruiz & Pav. ex DC.) Cornejo & Iltis,Ecuador
Capparaceae,Cynophalla ecuadorica,(Iltis) Iltis & Cornejo,Ecuador
Capparaceae,Cynophalla flexuosa,(L.) J.Presl,Ecuador
Capparaceae,Cynophalla heterophylla,(Ruiz & Pav. ex DC.) Iltis & Cornejo,Ecuador
Capparaceae,Cynophalla sclerophylla,(Iltis & Cornejo) Cornejo & Iltis,Ecuador
Capparaceae,Morisonia americana,L.,Ecuador
Capparaceae,Neocapparis quina,(J.F.Macbr.) Cornejo,Ecuador
Capparaceae,Preslianthus detonsus,(Triana & Planch.) Iltis & Cornejo,Ecuador
Capparaceae,Steriphoma urbani,Eggers,Ecuador
Cardiopteridaceae,Citronella incarum,(J.F.Macbr.) R.A.Howard,Ecuador
Cardiopteridaceae,Citronella melliodora,(Sleumer) R.A.Howard,Ecuador
Caricaceae,Jacaratia chocoensis,A.H.Gentry & Forero,Ecuador
Caricaceae,Jacaratia digitata,(Poepp. & Endl.) Solms,Ecuador
Caricaceae,Jacaratia spinosa,(Aubl.) A.DC.,Ecuador
Caricaceae,Vasconcellea crassipetala,(V.M.Badillo) V.M.Badillo,Ecuador
Caricaceae,Vasconcellea monoica,Desf.,Ecuador
Caricaceae,Vasconcellea palandensis,"(V.M. Badillo, Van den Eynden & Van Damme) V.M. Badillo",Ecuador
Caricaceae,Vasconcellea parviflora,A. DC.,Ecuador
Caricaceae,Vasconcellea pubescens,A.DC.,Ecuador
Caricaceae,Vasconcellea pulchra,(V.M.Badillo) V.M.Badillo,Ecuador
Caricaceae,Vasconcellea sprucei,(V.M.Badillo) V.M.Badillo,Ecuador
Caricaceae,Vasconcellea stipulata,(V.M.Badillo) V.M.Badillo,Ecuador
Caricaceae,Vasconcellea weberbaueri,(Harms) V.M.Badillo,Ecuador
Caryocaraceae,Anthodiscus amazonicus,Gleason & A.C.Sm.,Ecuador
Caryocaraceae,Anthodiscus fragrans,Sleumer,Ecuador
Caryocaraceae,Anthodiscus klugii,Standl. ex Prance,Ecuador
Caryocaraceae,Anthodiscus peruanus,Baill.,Ecuador
Caryocaraceae,Caryocar amygdaliforme,G.Don,Ecuador
Caryocaraceae,Caryocar glabrum,(Aubl.) Pers.,Ecuador
Celastraceae,Anthodon decussatum,Ruiz & Pav.,Ecuador
Celastraceae,Haydenoxylon gentryi,(Lundell) M.P.Simmons,Ecuador
Celastraceae,Hylenaea comosa,(Sw.) Miers,Ecuador
Celastraceae,Maytenus boarioides,Loes.,Ecuador
Celastraceae,Maytenus jelskii,Szyszył.,Ecuador
Celastraceae,Maytenus prunifolia,C.Presl,Ecuador
Celastraceae,Maytenus verticillata,(Ruiz & Pav.) DC.,Ecuador
Celastraceae,Monteverdia eggersii,(Loes.) Biral,Ecuador
Celastraceae,Monteverdia macrocarpa,(Ruiz & Pav.) Biral,Ecuador
Celastraceae,Monteverdia manabiensis,(Loes.) Biral,Ecuador
Celastraceae,Peritassa peruviana,(Miers) A.C.Sm.,Ecuador
Celastraceae,Pristimera nervosa,(Miers) A.C.Sm.,Ecuador
Celastraceae,Salacia elliptica,(Mart.) G.Don,Ecuador
Celastraceae,Salacia impressifolia,(Miers) A.C.Sm.,Ecuador
Celastraceae,Salacia insignis,A.C.Sm.,Ecuador
Celastraceae,Salacia juruana,Loes.,Ecuador
Celastraceae,Salacia multiflora,(Lam.) DC.,Ecuador
Celastraceae,Tontelea attenuata,Miers,Ecuador
Celastraceae,Tontelea corymbosa,(Huber) A.C.Sm.,Ecuador
Celastraceae,Tontelea emarginata,A.C.Sm.,Ecuador
Celastraceae,Tontelea passiflora,(Vell.) Lombardi,Ecuador
Celastraceae,Zinowiewia australis,Lundell,Ecuador
Celastraceae,Zinowiewia madsenii,C.Ulloa & P. Jørg.,Ecuador
Chloranthaceae,Hedyosmum angustifolium,(Ruiz & Pav.) Solms,Ecuador
Chloranthaceae,Hedyosmum anisodorum,Todzia,Ecuador
Chloranthaceae,Hedyosmum bonplandianum,Kunth,Ecuador
Chloranthaceae,Hedyosmum cuatrecazanum,Occhioni,Ecuador
Chloranthaceae,Hedyosmum cumbalense,H.Karst.,Ecuador
Chloranthaceae,Hedyosmum goudotianum,Solms,Ecuador
Chloranthaceae,Hedyosmum luteynii,Todzia,Ecuador
Chloranthaceae,Hedyosmum narinoense,Todzia,Ecuador
Chloranthaceae,Hedyosmum purpurascens,Todzia,Ecuador
Chloranthaceae,Hedyosmum racemosum,(Ruiz & Pav.) G.Don,Ecuador
Chloranthaceae,Hedyosmum scaberrimum,Standl.,Ecuador
Chloranthaceae,Hedyosmum scabrum,(Ruiz & Pav.) Solms,Ecuador
Chloranthaceae,Hedyosmum spectabile,Todzia,Ecuador
Chloranthaceae,Hedyosmum sprucei,Solms,Ecuador
Chloranthaceae,Hedyosmum strigosum,Todzia,Ecuador
Chloranthaceae,Hedyosmum translucidum,Cuatrec.,Ecuador
Chloranthaceae,Hedyosmum uniflorum,Todzia,Ecuador
Chrysobalanaceae,Chrysobalanus icaco,L.,Ecuador
Chrysobalanaceae,Cordillera platycalyx,(Cuatrec.) Sothers & Prance,Ecuador
Chrysobalanaceae,Couepia chrysocalyx,(Poepp.) Benth. ex Hook.f.,Ecuador
Chrysobalanaceae,Couepia guianensis,Aubl.,Ecuador
Chrysobalanaceae,Couepia macrophylla,Spruce ex Hook.f.,Ecuador
Chrysobalanaceae,Couepia obovata,Ducke,Ecuador
Chrysobalanaceae,Couepia subcordata,Benth. ex Hook.f.,Ecuador
Chrysobalanaceae,Couepia ulei,Pilg.,Ecuador
Chrysobalanaceae,Gaulettia parillo,(DC.) Sothers & Prance,Ecuador
Chrysobalanaceae,Hirtella aequatoriensis,Prance,Ecuador
Chrysobalanaceae,Hirtella americana,L.,Ecuador
Chrysobalanaceae,Hirtella bicornis,Mart. & Zucc.,Ecuador
Chrysobalanaceae,Hirtella carbonaria,Little,Ecuador
Chrysobalanaceae,Hirtella elongata,Mart. & Zucc.,Ecuador
Chrysobalanaceae,Hirtella excelsa,Standl. ex Prance,Ecuador
Chrysobalanaceae,Hirtella gracilipes,(Hook.f.) Prance,Ecuador
Chrysobalanaceae,Hirtella guainiae,Spruce ex Hook.f.,Ecuador
Chrysobalanaceae,Hirtella latifolia,Prance,Ecuador
Chrysobalanaceae,Hirtella macrophylla,Benth. ex Hook.f.,Ecuador
Chrysobalanaceae,Hirtella mutisii,Killip & Cuatrec.,Ecuador
Chrysobalanaceae,Hirtella pauciflora,Little,Ecuador
Chrysobalanaceae,Hirtella pilosissima,Mart. & Zucc.,Ecuador
Chrysobalanaceae,Hirtella racemosa,Lam.,Ecuador
Chrysobalanaceae,Hirtella recurva,(Spruce ex Prance) Sothers & Prance,Ecuador
Chrysobalanaceae,Hirtella triandra,Sw.,Ecuador
Chrysobalanaceae,Hirtella tubiflora,Cuatrec.,Ecuador
Chrysobalanaceae,Hymenopus arachnoideus,(Fanshawe & Maguire) Sothers & Prance,Ecuador
Chrysobalanaceae,Hymenopus caudatus,(Prance) Sothers & Prance,Ecuador
Chrysobalanaceae,Hymenopus heteromorphus,(Benth.) Sothers & Prance,Ecuador
Chrysobalanaceae,Hymenopus krukovii,(Standl.) Sothers & Prance,Ecuador
Chrysobalanaceae,Hymenopus latifolius,(Benth. ex Hook.f.) Sothers & Prance,Ecuador
Chrysobalanaceae,Hymenopus reticulatus,(Prance) Sothers & Prance,Ecuador
Chrysobalanaceae,Leptobalanus apetalus,(E.Mey.) Sothers & Prance,Ecuador
Chrysobalanaceae,Leptobalanus cuatrecasasii,(Prance) Sothers & Prance,Ecuador
Chrysobalanaceae,Leptobalanus granvillei,(Prance) Sothers & Prance,Ecuador
Chrysobalanaceae,Leptobalanus latus,(J.F.Macbr.) Sothers & Prance,Ecuador
Chrysobalanaceae,Leptobalanus longistylus,(Hook.f.) Sothers & Prance,Ecuador
Chrysobalanaceae,Leptobalanus octandrus,(Hoffmanns. ex Schult.) Sothers & Prance,Ecuador
Chrysobalanaceae,Licania condoriensis,Prance,Ecuador
Chrysobalanaceae,Licania cuyabenensis,Prance,Ecuador
Chrysobalanaceae,Licania glauca,Cuatrec.,Ecuador
Chrysobalanaceae,Licania harlingii,Prance,Ecuador
Chrysobalanaceae,Licania hypoleuca,Benth.,Ecuador
Chrysobalanaceae,Licania monteagudensis,Prance,Ecuador
Chrysobalanaceae,Licania pallida,(Hook.f.) Spruce ex Sagot,Ecuador
Chrysobalanaceae,Licania urceolaris,Hook.f.,Ecuador
Chrysobalanaceae,Licania velutina,Prance,Ecuador
Chrysobalanaceae,Microdesmia arborea,(Seem.) Sothers & Prance,Ecuador
Chrysobalanaceae,Moquilea angustata,(Prance) Sothers & Prance,Ecuador
Chrysobalanaceae,Moquilea brittoniana,(Fritsch) Sothers & Prance,Ecuador
Chrysobalanaceae,Moquilea celiae,(Prance) Sothers & Prance,Ecuador
Chrysobalanaceae,Moquilea dodsonii,(Prance) Sothers & Prance,Ecuador
Chrysobalanaceae,Moquilea durifolia,(Cuatrec.) Sothers & Prance,Ecuador
Chrysobalanaceae,Moquilea grandibracteata,(Prance) Sothers & Prance,Ecuador
Chrysobalanaceae,Moquilea guianensis,Aubl.,Ecuador
Chrysobalanaceae,Moquilea hedbergii,(Prance) Sothers & Prance,Ecuador
Chrysobalanaceae,Moquilea klugii,(Prance) Sothers & Prance,Ecuador
Chrysobalanaceae,Moquilea longicuspidata,(Prance) Sothers & Prance,Ecuador
Chrysobalanaceae,Moquilea longipedicellata,(Ducke) Sothers & Prance,Ecuador
Chrysobalanaceae,Moquilea magnifructa,Sothers & Prance,Ecuador
Chrysobalanaceae,Moquilea megalophylla,(Prance) Sothers & Prance,Ecuador
Chrysobalanaceae,Parinari klugii,Prance,Ecuador
Chrysobalanaceae,Parinari parilis,J.F.Macbr.,Ecuador
Chrysobalanaceae,Parinari romeroi,Prance,Ecuador
Clethraceae,Clethra crispa,Gust.,Ecuador
Clethraceae,Clethra fagifolia,Kunth,Ecuador
Clethraceae,Clethra fimbriata,Kunth,Ecuador
Clethraceae,Clethra obovata,(Ruiz & Pav.) G.Don,Ecuador
Clethraceae,Clethra ovalifolia,Turcz.,Ecuador
Clethraceae,Clethra parallelinervia,Gust.,Ecuador
Clethraceae,Clethra pedicellaris,Turcz.,Ecuador
Clethraceae,Clethra peruviana,Szyszył.,Ecuador
Clethraceae,Clethra revoluta,(Ruiz & Pav.) Spreng.,Ecuador
Clethraceae,Clethra rugosa,Steyerm.,Ecuador
Clethraceae,Purdiaea nutans,Planch.,Ecuador
Clusiaceae,Arawakia lanceolata,(Cuatrec.) L.Marinho,Ecuador
Clusiaceae,Arawakia lingulata,(Cuatrec.) L.Marinho,Ecuador
Clusiaceae,Arawakia rileyi,(Cuatrec.) L.Marinho,Ecuador
Clusiaceae,Arawakia sphenophylla,(Diels) L.Marinho,Ecuador
Clusiaceae,Arawakia weddelliana,(Planch. & Triana) L.Marinho,Ecuador
Clusiaceae,Chrysochlamys bracteolata,Cuatrec.,Ecuador
Clusiaceae,Chrysochlamys colombiana,(Cuatrec.) Cuatrec.,Ecuador
Clusiaceae,Chrysochlamys macrophylla,Pax,Ecuador
Clusiaceae,Chrysochlamys micrantha,Engl.,Ecuador
Clusiaceae,Chrysochlamys nicaraguensis,"(Oerst., Planch. & Triana) Hemsl.",Ecuador
Clusiaceae,Chrysochlamys weberbaueri,Engl.,Ecuador
Clusiaceae,Clusia amazonica,Planch. & Triana,Ecuador
Clusiaceae,Clusia bracteosa,Cuatrec.,Ecuador
Clusiaceae,Clusia cardonae,Maguire,Ecuador
Clusiaceae,Clusia caudata,(Planch. & Triana) Pipoly,Ecuador
Clusiaceae,Clusia congestiflora,Cuatrec.,Ecuador
Clusiaceae,Clusia crenata,Cuatrec.,Ecuador
Clusiaceae,Clusia cuneifolia,Cuatrec.,Ecuador
Clusiaceae,Clusia dixonii,Little,Ecuador
Clusiaceae,Clusia ducu,Benth.,Ecuador
Clusiaceae,Clusia elliptica,Kunth,Ecuador
Clusiaceae,Clusia flavida,(Benth.) Pipoly,Ecuador
Clusiaceae,Clusia flaviflora,Engl.,Ecuador
Clusiaceae,Clusia fructiangusta,Cuatrec.,Ecuador
Clusiaceae,Clusia garcibarrigae,Cuatrec.,Ecuador
Clusiaceae,Clusia hammeliana,Pipoly,Ecuador
Clusiaceae,Clusia haughtii,Cuatrec.,Ecuador
Clusiaceae,Clusia hydrogera,Cuatrec.,Ecuador
Clusiaceae,Clusia hylaeae,Pipoly,Ecuador
Clusiaceae,Clusia latipes,Planch. & Triana,Ecuador
Clusiaceae,Clusia laurifolia,Planch. & Triana,Ecuador
Clusiaceae,Clusia laxiflora,(Poepp.) Planch. & Triana,Ecuador
Clusiaceae,Clusia lineata,(Benth.) Planch. & Triana,Ecuador
Clusiaceae,Clusia loranthacea,Planch. & Triana,Ecuador
Clusiaceae,Clusia magnifolia,Cuatrec.,Ecuador
Clusiaceae,Clusia mamillata,Cuatrec.,Ecuador
Clusiaceae,Clusia mocoensis,Cuatrec.,Ecuador
Clusiaceae,Clusia multiflora,Kunth,Ecuador
Clusiaceae,Clusia nigrolineata,P.F.Stevens,Ecuador
Clusiaceae,Clusia nubium,M.H.G.Gust. & Borchs.,Ecuador
Clusiaceae,Clusia octandra,(Poepp.) Pipoly,Ecuador
Clusiaceae,Clusia ovalis,Cuatrec.,Ecuador
Clusiaceae,Clusia pallida,Engl.,Ecuador
Clusiaceae,Clusia palmana,Standl.,Ecuador
Clusiaceae,Clusia palmicida,Rich. ex Planch. & Triana,Ecuador
Clusiaceae,Clusia pavonii,Planch. & Triana,Ecuador
Clusiaceae,Clusia penduliflora,Engl.,Ecuador
Clusiaceae,Clusia pentandra,Cuatrec.,Ecuador
Clusiaceae,Clusia plurivalvis,Little,Ecuador
Clusiaceae,Clusia poeppigiana,Engl.,Ecuador
Clusiaceae,Clusia polyantha,Cuatrec.,Ecuador
Clusiaceae,Clusia pseudomangle,Planch. & Triana,Ecuador
Clusiaceae,Clusia pulcherrima,Engl.,Ecuador
Clusiaceae,Clusia radicans,Pav. ex Planch. & Triana,Ecuador
Clusiaceae,Clusia rosea,Jacq.,Ecuador
Clusiaceae,Clusia salvinii,Donn.Sm.,Ecuador
Clusiaceae,Clusia schultesii,Maguire,Ecuador
Clusiaceae,Clusia sipapoana,(Maguire) Pipoly,Ecuador
Clusiaceae,Clusia skotaster,Gilli,Ecuador
Clusiaceae,Clusia sphaerocarpa,Planch. & Triana,Ecuador
Clusiaceae,Clusia stenophylla,Standl.,Ecuador
Clusiaceae,Clusia tetrandra,Humb. & Bonpl. ex Willd.,Ecuador
Clusiaceae,Clusia thurifera,Planch. & Triana,Ecuador
Clusiaceae,Clusia triflora,Cuatrec.,Ecuador
Clusiaceae,Clusia trochiformis,Vesqne,Ecuador
Clusiaceae,Clusia venusta,Little,Ecuador
Clusiaceae,Clusia weberbaueri,Engl.,Ecuador
Clusiaceae,Dystovomita paniculata,(Donn.Sm.) Hammel,Ecuador
Clusiaceae,Garcinia intermedia,(Pittier) Hammel,Ecuador
Clusiaceae,Garcinia macrophylla,Mart.,Ecuador
Clusiaceae,Garcinia madruno,(Kunth) Hammel,Ecuador
Clusiaceae,Symphonia globulifera,L.f.,Ecuador
Clusiaceae,Tovomita morii,Maguire,Ecuador
Clusiaceae,Tovomita secunda,Poepp. ex Planch. & Triana,Ecuador
Clusiaceae,Tovomita speciosa,Ducke,Ecuador
Clusiaceae,Tovomita tenuiflora,Benth. ex Planch. & Triana,Ecuador
Clusiaceae,Tovomita trojitana,Cuatrec.,Ecuador
Columelliaceae,Columellia oblonga,Ruiz & Pav.,Ecuador
Columelliaceae,Columellia obovata,Ruiz & Pav.,Ecuador
Combretaceae,Combretum laxum,Jacq.,Ecuador
Combretaceae,Combretum paraguariense,(Eichler) Stace,Ecuador
Combretaceae,Combretum pyramidatum,Desv. ex Ham.,Ecuador
Combretaceae,Combretum rotundifolium,Rich.,Ecuador
Combretaceae,Conocarpus erectus,L.,Ecuador
Combretaceae,Laguncularia racemosa,(L.) C.F.Gaertn.,Ecuador
Combretaceae,Terminalia amazonia,(J.F.Gmel.) Exell,Ecuador
Combretaceae,Terminalia congesta,(Ducke) Gere & Boatwr.,Ecuador
Combretaceae,Terminalia dichotoma,G.Mey.,Ecuador
Combretaceae,Terminalia duckei,Gere & Boatwr.,Ecuador
Combretaceae,Terminalia grandis,(Ducke) Gere & Boatwr.,Ecuador
Combretaceae,Terminalia oblonga,(Ruiz & Pav.) Steud.,Ecuador
Combretaceae,Terminalia oxycarpa,Mart.,Ecuador
Combretaceae,Terminalia pallidovirens,(Cuatrec.) Gere & Boatwr.,Ecuador
Combretaceae,Terminalia parvifolia,(Ducke) Gere & Boatwr.,Ecuador
Combretaceae,Terminalia pulcherrima,(Exell & Stace) Gere & Boatwr.,Ecuador
Combretaceae,Terminalia tetraphylla,(Aubl.) Gere & Boatwr.,Ecuador
Combretaceae,Terminalia valverdeae,A.H.Gentry,Ecuador
Combretaceae,Terminalia viridiflora,(Ducke) Gere & Boatwr.,Ecuador
Connaraceae,Connarus ecuadorensis,G.Schellenb.,Ecuador
Connaraceae,Connarus patrisii,(DC.) Planch.,Ecuador
Connaraceae,Rourea amazonica,(Baker) Radlk.,Ecuador
Convolvulaceae,Ipomoea pauciflora,M.Martens & Galeotti,Ecuador
Cornaceae,Cornus peruviana,J.F.Macbr.,Ecuador
Cunoniaceae,Weinmannia auriculata,D.Don,Ecuador
Cunoniaceae,Weinmannia balbisiana,Kunth,Ecuador
Cunoniaceae,Weinmannia cochensis,Hieron.,Ecuador
Cunoniaceae,Weinmannia costulata,Cuatrec.        ,Ecuador
Cunoniaceae,Weinmannia elliptica,Kunth,Ecuador
Cunoniaceae,Weinmannia fagaroides,Kunth,Ecuador
Cunoniaceae,Weinmannia haenkeana,Engl.,Ecuador
Cunoniaceae,Weinmannia heterophylla,Ruiz & Pav.,Ecuador
Cunoniaceae,Weinmannia jelskii,Szyszył.,Ecuador
Cunoniaceae,Weinmannia latifolia,C.Presl,Ecuador
Cunoniaceae,Weinmannia lentiscifolia,C.Presl,Ecuador
Cunoniaceae,Weinmannia loxensis,Harling,Ecuador
Cunoniaceae,Weinmannia macrophylla,Kunth,Ecuador
Cunoniaceae,Weinmannia magnifolia,Cuatrec.,Ecuador
Cunoniaceae,Weinmannia mariquitae,Szyszył.,Ecuador
Cunoniaceae,Weinmannia microphylla,Ruiz & Pav.,Ecuador
Cunoniaceae,Weinmannia multijuga,Killip & A.C.Sm.,Ecuador
Cunoniaceae,Weinmannia ovata,Cav.,Ecuador
Cunoniaceae,Weinmannia pinnata,L.,Ecuador
Cunoniaceae,Weinmannia polyphylla,Moric. ex DC.,Ecuador
Cunoniaceae,Weinmannia pubescens,Kunth,Ecuador
Cunoniaceae,Weinmannia reticulata,Ruiz & Pav.,Ecuador
Cunoniaceae,Weinmannia rollottii,Killip,Ecuador
Cunoniaceae,Weinmannia sorbifolia,Kunth,Ecuador
Cunoniaceae,Weinmannia spruceana,Engl.,Ecuador
Cunoniaceae,Weinmannia stenocarpa,Killip & A.C.Sm.,Ecuador
Cunoniaceae,Weinmannia trianaea,Wedd.,Ecuador
Dichapetalaceae,Dichapetalum asplundeanum,Prance,Ecuador
Dichapetalaceae,Dichapetalum odoratum,Baill.,Ecuador
Dichapetalaceae,Dichapetalum spruceanum,Baill.,Ecuador
Dichapetalaceae,Stephanopodium angulatum,(Little) Prance,Ecuador
Dichapetalaceae,Stephanopodium cuspidatum,Prance,Ecuador
Dichapetalaceae,Stephanopodium longipedicellatum,Prance        ,Ecuador
Dichapetalaceae,Stephanopodium peruvianum,Poepp.,Ecuador
Dichapetalaceae,Tapura amazonica,Poepp.,Ecuador
Dichapetalaceae,Tapura coriacea,J.F.Macbr.,Ecuador
Dichapetalaceae,Tapura juruana,(Ule) Rizzini,Ecuador
Dichapetalaceae,Tapura magnifolia,Prance,Ecuador
Dichapetalaceae,Tapura peruviana,K. Krause,Ecuador
Dilleniaceae,Curatella americana,L.,Ecuador
Dipentodontaceae,Perrottetia distichophylla,Cuatrec.,Ecuador
Dipentodontaceae,Perrottetia multiflora,Lundell,Ecuador
Dipentodontaceae,Perrottetia quinduensis,Kunth,Ecuador
Dipentodontaceae,Perrottetia sessiliflora,Lundell,Ecuador
Ebenaceae,Diospyros artanthifolia,Mart. ex Miq.,Ecuador
Ebenaceae,Diospyros capreifolia,Mart. ex Hiern,Ecuador
Ebenaceae,Diospyros ekodul,B.Walln.,Ecuador
Ebenaceae,Diospyros esmereg,B.Walln.,Ecuador
Ebenaceae,Diospyros inconstans,Jacq.,Ecuador
Ebenaceae,Diospyros juruensis,A.C.Sm.,Ecuador
Ebenaceae,Diospyros myrmecocarpa,Mart. ex Miq.,Ecuador
Ebenaceae,Diospyros nanay,B.Walln.,Ecuador
Ebenaceae,Diospyros poeppigiana,A.DC.,Ecuador
Ebenaceae,Diospyros pseudoxylopia,Mildbr.,Ecuador
Ebenaceae,Diospyros tero,B.Walln.,Ecuador
Ebenaceae,Lissocarpa ronliesneri,B.Walln.,Ecuador
Ebenaceae,Lissocarpa tetramera,(Rusby) P.E.Berry,Ecuador
Elaeocarpaceae,Sloanea aequatorialis,T.D.Penn.,Ecuador
Elaeocarpaceae,Sloanea anoriensis,T.D.Penn.,Ecuador
Elaeocarpaceae,Sloanea brevispina,Earle Sm.,Ecuador
Elaeocarpaceae,Sloanea decussata,T.D.Penn.,Ecuador
Elaeocarpaceae,Sloanea durissima,Spruce ex Benth.,Ecuador
Elaeocarpaceae,Sloanea eichleri,K.Schum.,Ecuador
Elaeocarpaceae,Sloanea floribunda,Spruce ex Benth.,Ecuador
Elaeocarpaceae,Sloanea fragrans,Rusby,Ecuador
Elaeocarpaceae,Sloanea grandezii,Vásquez,Ecuador
Elaeocarpaceae,Sloanea grandiflora,Sm.,Ecuador
Elaeocarpaceae,Sloanea granulosa,Ducke,Ecuador
Elaeocarpaceae,Sloanea guianensis,(Aubl.) Benth.,Ecuador
Elaeocarpaceae,Sloanea illinizae,T.D.Penn.,Ecuador
Elaeocarpaceae,Sloanea jaramilloi,J.E.Guevara & D.Fernández,Ecuador
Elaeocarpaceae,Sloanea laevigata,Dam.A.Sm.,Ecuador
Elaeocarpaceae,Sloanea lasiocoma,K.Schum.,Ecuador
Elaeocarpaceae,Sloanea latifolia,(Rich.) K.Schum.,Ecuador
Elaeocarpaceae,Sloanea macrophylla,Benth. ex Turcz.,Ecuador
Elaeocarpaceae,Sloanea meianthera,Donn.Sm.,Ecuador
Elaeocarpaceae,Sloanea merevariensis,Pittier ex Steyerm.,Ecuador
Elaeocarpaceae,Sloanea multiflora,H.Karst.,Ecuador
Elaeocarpaceae,Sloanea multinervis,"J.E.Guevara, D.Fernández & W.Palacios",Ecuador
Elaeocarpaceae,Sloanea obtusifolia,(Moric.) K.Schum.,Ecuador
Elaeocarpaceae,Sloanea parvifructa,Steyerm.,Ecuador
Elaeocarpaceae,Sloanea petenensis,Standl. & Steyerm.,Ecuador
Elaeocarpaceae,Sloanea picapica,Standl.,Ecuador
Elaeocarpaceae,Sloanea pubescens,Benth.,Ecuador
Elaeocarpaceae,Sloanea robusta,Uittien,Ecuador
Elaeocarpaceae,Sloanea rufa,Planch. ex Benth.,Ecuador
Elaeocarpaceae,Sloanea sinemariensis,Aubl.,Ecuador
Elaeocarpaceae,Sloanea spathulata,Earle Sm.,Ecuador
Elaeocarpaceae,Sloanea synandra,Spruce ex Benth.,Ecuador
Elaeocarpaceae,Sloanea terniflora,(Moc. & Sessé ex DC.) Standl.,Ecuador
Elaeocarpaceae,Sloanea tiwintza,T.D.Penn.,Ecuador
Elaeocarpaceae,Sloanea uncinata,T.D.Penn.,Ecuador
Elaeocarpaceae,Sloanea yasuniana,T.D.Penn.,Ecuador
Elaeocarpaceae,Vallea ecuadorensis,J.Jaram.,Ecuador
Elaeocarpaceae,Vallea stipularis,L.f.,Ecuador
Ericaceae,Anthopterus wardii,Ball,Ecuador
Ericaceae,Bejaria aestuans,Mutis ex L.,Ecuador
Ericaceae,Bejaria mathewsii,Fielding & Gardner,Ecuador
Ericaceae,Bejaria resinosa,Mutis ex L.f.,Ecuador
Ericaceae,Cavendishia bracteata,(Ruiz & Pav. ex J.St.Hil.) Hoerold,Ecuador
Ericaceae,Cavendishia panamensis,Luteyn,Ecuador
Ericaceae,Gaultheria bracteata,(Cav.) G.Don,Ecuador
Ericaceae,Gaultheria erecta,Vent.,Ecuador
Ericaceae,Macleania loeseneriana,Hoerold,Ecuador
Ericaceae,Macleania rupestris,(Kunth) A.C.Sm.,Ecuador
Ericaceae,Thibaudia floribunda,Kunth,Ecuador
Erythroxylaceae,Erythroxylum acuminatum,Ruiz & Pav.,Ecuador
Erythroxylaceae,Erythroxylum citrifolium,A.St.-Hil.,Ecuador
Erythroxylaceae,Erythroxylum fimbriatum,Peyr.,Ecuador
Erythroxylaceae,Erythroxylum glaucum,O.E.Schulz,Ecuador
Erythroxylaceae,Erythroxylum gracilipes,Peyr.,Ecuador
Erythroxylaceae,Erythroxylum havanense,Jacq.,Ecuador
Erythroxylaceae,Erythroxylum macrophyllum,Cav.,Ecuador
Erythroxylaceae,Erythroxylum mucronatum,Benth.,Ecuador
Erythroxylaceae,Erythroxylum novogranatense,(D.Morris) Hieron.,Ecuador
Erythroxylaceae,Erythroxylum ruizii,Peyr.,Ecuador
Erythroxylaceae,Erythroxylum squamatum,Sw.,Ecuador
Erythroxylaceae,Erythroxylum ulei,O.E.Schulz,Ecuador
Escalloniaceae,Escallonia micrantha,Mattf.,Ecuador
Escalloniaceae,Escallonia myrtilloides,L.f.,Ecuador
Escalloniaceae,Escallonia paniculata,(Ruiz & Pav.) Schult.,Ecuador
Escalloniaceae,Escallonia pendula,(Ruiz & Pav.) Pers.,Ecuador
Escalloniaceae,Escallonia resinosa,(Ruiz & Pav.) Pers.,Ecuador
Euphorbiaceae,Acalypha cuneata,Poepp.,Ecuador
Euphorbiaceae,Acalypha diversifolia,Jacq.,Ecuador
Euphorbiaceae,Acalypha macrostachya,Jacq.,Ecuador
Euphorbiaceae,Acalypha padifolia,Kunth,Ecuador
Euphorbiaceae,Acalypha platyphylla,Müll.Arg.,Ecuador
Euphorbiaceae,Acalypha schiedeana,Schltdl.,Ecuador
Euphorbiaceae,Acalypha stachyura,Pax,Ecuador
Euphorbiaceae,Acalypha stellata,Cardiel,Ecuador
Euphorbiaceae,Acalypha stenoloba,Müll.Arg.,Ecuador
Euphorbiaceae,Acalypha villosa,Jacq.,Ecuador
Euphorbiaceae,Actinostemon concolor,(Spreng.) Müll.Arg.,Ecuador
Euphorbiaceae,Adelia triloba,(Müll.Arg.) Hemsl.,Ecuador
Euphorbiaceae,Adenophaedra grandifolia,(Klotzsch) Müll.Arg.,Ecuador
Euphorbiaceae,Adenophaedra megalophylla,(Müll.Arg.) Müll.Arg.,Ecuador
Euphorbiaceae,Alchornea acroneura,Pax & K.Hoffm.,Ecuador
Euphorbiaceae,Alchornea bogotensis,Pax & K.Hoffm.,Ecuador
Euphorbiaceae,Alchornea coelophylla,Pax & K.Hoffm.,Ecuador
Euphorbiaceae,Alchornea costaricensis,Pax & K.Hoffm.,Ecuador
Euphorbiaceae,Alchornea discolor,Poepp.,Ecuador
Euphorbiaceae,Alchornea glandulosa,Poepp.,Ecuador
Euphorbiaceae,Alchornea grandiflora,Müll.Arg.,Ecuador
Euphorbiaceae,Alchornea grandis,Benth.,Ecuador
Euphorbiaceae,Alchornea latifolia,Sw.,Ecuador
Euphorbiaceae,Alchornea lojaensis,Secco,Ecuador
Euphorbiaceae,Alchornea pearcei,Britton,Ecuador
Euphorbiaceae,Alchornea triplinervia,(Spreng.) Müll.Arg.,Ecuador
Euphorbiaceae,Alchornea websteri,Secco,Ecuador
Euphorbiaceae,Alchorneopsis floribunda,(Benth.) Müll.Arg.,Ecuador
Euphorbiaceae,Aparisthmium cordatum,(A.Juss.) Baill.,Ecuador
Euphorbiaceae,Bernardia jacquiniana,Müll.Arg.,Ecuador
Euphorbiaceae,Caryodendron orinocense,H.Karst.,Ecuador
Euphorbiaceae,Cleidion castaneifolium,Müll.Arg.,Ecuador
Euphorbiaceae,Conceveiba guianensis,Aubl.,Ecuador
Euphorbiaceae,Conceveiba martiana,Baill.,Ecuador
Euphorbiaceae,Conceveiba rhytidocarpa,Müll.Arg.,Ecuador
Euphorbiaceae,Croton abutiloides,Kunth,Ecuador
Euphorbiaceae,Croton aequatoris,Croizat,Ecuador
Euphorbiaceae,Croton awaensis, Riina & Suntaxi,Ecuador
Euphorbiaceae,Croton chocoanus,Croizat,Ecuador
Euphorbiaceae,Croton churutensis,Riina & Cornejo,Ecuador
Euphorbiaceae,Croton coriaceus,Kunth,Ecuador
Euphorbiaceae,Croton cuneatus,Klotzsch,Ecuador
Euphorbiaceae,Croton jamesonii,Müll.Arg.,Ecuador
Euphorbiaceae,Croton killipianus,Croizat,Ecuador
Euphorbiaceae,Croton lechleri,Müll.Arg.,Ecuador
Euphorbiaceae,Croton matourensis,Aubl.,Ecuador
Euphorbiaceae,Croton menthodorus,Benth.,Ecuador
Euphorbiaceae,Croton mutisianus,Kunth,Ecuador
Euphorbiaceae,Croton pachypodus,G.L.Webster,Ecuador
Euphorbiaceae,Croton palanostigma,Klotzsch,Ecuador
Euphorbiaceae,Croton pavonis,Müll.Arg.        ,Ecuador
Euphorbiaceae,Croton pilgeri,Ule,Ecuador
Euphorbiaceae,Croton pungens,Jacq.,Ecuador
Euphorbiaceae,Croton purdiei,Müll.Arg.,Ecuador
Euphorbiaceae,Croton quadrisetosus,Lam.,Ecuador
Euphorbiaceae,Croton rimbachii,Croizat,Ecuador
Euphorbiaceae,Croton rivinifolius,Kunth,Ecuador
Euphorbiaceae,Croton ruizianus,Müll.Arg.,Ecuador
Euphorbiaceae,Croton sampatik,Müll.Arg.,Ecuador
Euphorbiaceae,Croton schiedeanus,Schltdl.,Ecuador
Euphorbiaceae,Croton scouleri,Hook.f.,Ecuador
Euphorbiaceae,Croton smithianus,Croizat,Ecuador
Euphorbiaceae,Dendrothrix condorensis,K.Wurdack,Ecuador
Euphorbiaceae,Euphorbia cotinifolia,L.,Ecuador
Euphorbiaceae,Euphorbia laurifolia,Juss. ex Lam.,Ecuador
Euphorbiaceae,Euphorbia sinclairiana,Benth.,Ecuador
Euphorbiaceae,Gitara nicaraguensis,(Hemsl.) Card.-McTeag. & L.J.Gillespie,Ecuador
Euphorbiaceae,Glycydendron amazonicum,Ducke,Ecuador
Euphorbiaceae,Hevea guianensis,Aubl.,Ecuador
Euphorbiaceae,Hippomane mancinella,L.,Ecuador
Euphorbiaceae,Hura crepitans,L.,Ecuador
Euphorbiaceae,Hura polyandra,Baill.,Ecuador
Euphorbiaceae,Incadendron esseri,K.Wurdack & Farfán,Ecuador
Euphorbiaceae,Jatropha curcas,L.,Ecuador
Euphorbiaceae,Jatropha weberbaueri,Pax & K.Hoffm.,Ecuador
Euphorbiaceae,Mabea arenicola,Esser,Ecuador
Euphorbiaceae,Mabea elata,Steyerm.,Ecuador
Euphorbiaceae,Mabea klugii,Steyerm.,Ecuador
Euphorbiaceae,Mabea macbridei,I.M.Johnst.,Ecuador
Euphorbiaceae,Mabea nitida,Spruce ex Benth.,Ecuador
Euphorbiaceae,Mabea occidentalis,Benth.,Ecuador
Euphorbiaceae,Mabea piriri,Aubl.,Ecuador
Euphorbiaceae,Mabea pulcherrima,Müll.Arg.,Ecuador
Euphorbiaceae,Mabea speciosa,Müll.Arg.,Ecuador
Euphorbiaceae,Mabea standleyi,Steyerm.,Ecuador
Euphorbiaceae,Manihot esculenta,Crantz,Ecuador
Euphorbiaceae,Maprounea guianensis,Aubl.,Ecuador
Euphorbiaceae,Micrandra rossiana,R.E.Schult.,Ecuador
Euphorbiaceae,Nealchornea yapurensis,Huber,Ecuador
Euphorbiaceae,Pausandra trianae,(Müll.Arg.) Baill.,Ecuador
Euphorbiaceae,Plukenetia brachybotrya,Müll.Arg.,Ecuador
Euphorbiaceae,Pseudosenefeldera inclinata,(Müll.Arg.) Esser,Ecuador
Euphorbiaceae,Sagotia racemosa,Baill.,Ecuador
Euphorbiaceae,Sapium glandulosum,(L.) Morong,Ecuador
Euphorbiaceae,Sapium laurifolium,(A.Rich.) Griseb.,Ecuador
Euphorbiaceae,Sapium marmieri,Huber,Ecuador
Euphorbiaceae,Sapium stylare,Müll.Arg.,Ecuador
Euphorbiaceae,Tetrorchidium andinum,Müll.Arg.,Ecuador
Euphorbiaceae,Tetrorchidium bulbipilosum,Cuatrec.,Ecuador
Euphorbiaceae,Tetrorchidium euryphyllum,Standl.,Ecuador
Euphorbiaceae,Tetrorchidium hirsutum,J.Murillo & K.Wurdack,Ecuador
Euphorbiaceae,Tetrorchidium macrophyllum,Müll.Arg.,Ecuador
Euphorbiaceae,Tetrorchidium ochroleucum,Cuatrec.,Ecuador
Euphorbiaceae,Tetrorchidium popayanense,Croizat,Ecuador
Euphorbiaceae,Tetrorchidium robledoanum,Cuatrec.,Ecuador
Euphorbiaceae,Tetrorchidium rubrivenium,Poepp.,Ecuador
Fabaceae,Acaciella angustissima,(Mill.) Britton & Rose,Ecuador
Fabaceae,Aeschynomene ciliata,Vogel,Ecuador
Fabaceae,Albizia multiflora,(Kunth) Barneby & J.W.Grimes,Ecuador
Fabaceae,Anadenanthera colubrina,(Vell.) Brenan,Ecuador
Fabaceae,Andira inermis,(W.Wright) DC.,Ecuador
Fabaceae,Andira macrocarpa,R.T.Penn.,Ecuador
Fabaceae,Andira macrothyrsa,Ducke,Ecuador
Fabaceae,Andira multistipula,Ducke,Ecuador
Fabaceae,Andira surinamensis,(Bondt) Splitg. ex Pulle,Ecuador
Fabaceae,Andira taurotesticulata,R.T.Penn.,Ecuador
Fabaceae,Apuleia leiocarpa,(Vogel) J.F.Macbr.,Ecuador
Fabaceae,Bauhinia aculeata,L.,Ecuador
Fabaceae,Bauhinia arborea,Wunderlin,Ecuador
Fabaceae,Bauhinia ayabacensis,Wunderlin,Ecuador
Fabaceae,Bauhinia brachycalyx,Ducke,Ecuador
Fabaceae,Bauhinia flagelliflora,Wunderlin,Ecuador
Fabaceae,Bauhinia haughtii,Wunderlin,Ecuador
Fabaceae,Bauhinia pichinchensis,Wunderlin,Ecuador
Fabaceae,Bauhinia stenantha,Diels,Ecuador
Fabaceae,Bauhinia tarapotensis,Benth.,Ecuador
Fabaceae,Bauhinia weberbaueri,Harms,Ecuador
Fabaceae,Brownea coccinea,Jacq.,Ecuador
Fabaceae,Brownea grandiceps,Jacq.,Ecuador
Fabaceae,Brownea macrophylla,Linden ex Mast.,Ecuador
Fabaceae,Brownea multijuga,Britton & Killip,Ecuador
Fabaceae,Brownea puberula,Little,Ecuador
Fabaceae,Browneopsis disepala,(Little) Klitg.,Ecuador
Fabaceae,Browneopsis macrofoliolata,Klitg.,Ecuador
Fabaceae,Browneopsis ucayalina,Huber,Ecuador
Fabaceae,Caesalpinia cassioides,Willd.,Ecuador
Fabaceae,Calliandra angustifolia,Spruce ex Benth.,Ecuador
Fabaceae,Calliandra guildingii,Benth.,Ecuador
Fabaceae,Calliandra pittieri,Standl.,Ecuador
Fabaceae,Calliandra surinamensis,Benth.,Ecuador
Fabaceae,Calliandra taxifolia,(Kunth) Benth.,Ecuador
Fabaceae,Calliandra trinervia,Benth.,Ecuador
Fabaceae,Cassia cowanii,H.S.Irwin & Barneby,Ecuador
Fabaceae,Cassia grandis,L.f.,Ecuador
Fabaceae,Cassia spruceana,Benth.,Ecuador
Fabaceae,Cassia swartzioides,Ducke,Ecuador
Fabaceae,Cedrelinga cateniformis,(Ducke) Ducke,Ecuador
Fabaceae,Centrolobium ochroxylum,Rose ex Rudd,Ecuador
Fabaceae,Chloroleucon mangense,(Jacq.) Britton & Rose,Ecuador
Fabaceae,Clitoria amazonum,Mart. ex Benth.,Ecuador
Fabaceae,Clitoria andrei,Fantz,Ecuador
Fabaceae,Clitoria arborea,Benth.,Ecuador
Fabaceae,Clitoria brachystegia,Benth.,Ecuador
Fabaceae,Cojoba arborea,(L.) Britton & Rose,Ecuador
Fabaceae,Cojoba rufescens,(Benth.) Britton & Rose,Ecuador
Fabaceae,Crudia glaberrima,(Steud.) J.F.Macbr.,Ecuador
Fabaceae,Ctenodon molliculus,"(Kunth) D.B.O.S.Cardoso, Filardi & H.C.Lima",Ecuador
Fabaceae,Cyathostegia matthewsii,(Benth.) Schery,Ecuador
Fabaceae,Cynometra bauhiniifolia,Benth.,Ecuador
Fabaceae,Cynometra crassifolia,Benth.,Ecuador
Fabaceae,Cynometra tumbesiana,Rados.,Ecuador
Fabaceae,Dahlstedtia hylobia,(Harms) M.J.Silva & A.M.G.Azevedo,Ecuador
Fabaceae,Dalbergia frutescens,(Vell.) Britton,Ecuador
Fabaceae,Dalbergia riedelii,(Benth.) Sandwith,Ecuador
Fabaceae,Dalbergia riparia,(Benth.) Benth.,Ecuador
Fabaceae,Deguelia scandens,Aubl.,Ecuador
Fabaceae,Deguelia utilis,(A.C.Sm.) A.M.G.Azevedo,Ecuador
Fabaceae,Desmodium cajanifolium,(Kunth) DC.,Ecuador
Fabaceae,Dialium guianense,(Aubl.) Sandwith,Ecuador
Fabaceae,Diplotropis peruviana,J.F.Macbr.,Ecuador
Fabaceae,Diplotropis purpurea,(Rich.) Amshoff,Ecuador
Fabaceae,Dipteryx micrantha,Harms,Ecuador
Fabaceae,Dipteryx oleifera,Benth.,Ecuador
Fabaceae,Dussia lehmannii,Harms,Ecuador
Fabaceae,Dussia tessmannii,Harms,Ecuador
Fabaceae,Ecuadendron acosta-solisianum,D.A.Neill,Ecuador
Fabaceae,Enterolobium barnebianum,Mesquita & M.F.Silva,Ecuador
Fabaceae,Erythrina amazonica,Krukoff,Ecuador
Fabaceae,Erythrina berteroana,Urb.,Ecuador
Fabaceae,Erythrina edulis,Triana ex Micheli,Ecuador
Fabaceae,Erythrina fusca,Lour.,Ecuador
Fabaceae,Erythrina peruviana,Krukoff,Ecuador
Fabaceae,Erythrina poeppigiana,(Walp.) O.F.Cook,Ecuador
Fabaceae,Erythrina polychaeta,Harms,Ecuador
Fabaceae,Erythrina rubrinervia,Kunth,Ecuador
Fabaceae,Erythrina schimpffii,Diels,Ecuador
Fabaceae,Erythrina smithiana,Krukoff,Ecuador
Fabaceae,Erythrina ulei,Harms,Ecuador
Fabaceae,Erythrina velutina,Willd.,Ecuador
Fabaceae,Geoffroea spinosa,Jacq.,Ecuador
Fabaceae,Gliricidia brenningii,(Harms) Lavin,Ecuador
Fabaceae,Guilandina bonduc,L.,Ecuador
Fabaceae,Hydrochorea corymbosa,(Rich.) Barneby & J.W.Grimes,Ecuador
Fabaceae,Hydrochorea pedicellaris,"(DC.) M.V.B.Soares, Iganci & M.P.Morim",Ecuador
Fabaceae,Hymenolobium heterocarpum,Ducke,Ecuador
Fabaceae,Inga acicularis,T.D.Penn.,Ecuador
Fabaceae,Inga acreana,Harms,Ecuador
Fabaceae,Inga acrocephala,Steud.,Ecuador
Fabaceae,Inga acuminata,Benth.,Ecuador
Fabaceae,Inga affinis,DC.,Ecuador
Fabaceae,Inga alata,Benoist,Ecuador
Fabaceae,Inga alba,(Sw.) Willd.,Ecuador
Fabaceae,Inga aliena,J.F.Macbr.,Ecuador
Fabaceae,Inga auristellae,Harms,Ecuador
Fabaceae,Inga balsapambensis,T.D.Penn.,Ecuador
Fabaceae,Inga bourgoni,(Aubl.) DC.,Ecuador
Fabaceae,Inga brachyrhachis,Harms,Ecuador
Fabaceae,Inga capitata,Desv.,Ecuador
Fabaceae,Inga carinata,T.D.Penn.,Ecuador
Fabaceae,Inga cayennensis,Sagot ex Benth.,Ecuador
Fabaceae,Inga chartacea,Poepp.,Ecuador
Fabaceae,Inga chocoensis,Killip ex T.S.Elias,Ecuador
Fabaceae,Inga ciliata,C.Presl,Ecuador
Fabaceae,Inga cinnamomea,Spruce ex Benth.,Ecuador
Fabaceae,Inga coleyana,M.J.Endara & J.E.Guevara,Ecuador
Fabaceae,Inga cordatoalata,Ducke,Ecuador
Fabaceae,Inga coruscans,Humb. & Bonpl. ex Willd.,Ecuador
Fabaceae,Inga cylindrica,(Vell.) Mart.,Ecuador
Fabaceae,Inga densiflora,Benth.,Ecuador
Fabaceae,Inga edulis,Mart.,Ecuador
Fabaceae,Inga extra-nodis,T.D.Penn.,Ecuador
Fabaceae,Inga fastuosa,(Jacq.) Willd.,Ecuador
Fabaceae,Inga fendleriana,Benth.,Ecuador
Fabaceae,Inga feuillei,DC.,Ecuador
Fabaceae,Inga glomeriflora,Ducke,Ecuador
Fabaceae,Inga gracilior,Sprague,Ecuador
Fabaceae,Inga hayesii,Benth.,Ecuador
Fabaceae,Inga heterophylla,Willd.,Ecuador
Fabaceae,Inga ilta,T.D.Penn.,Ecuador
Fabaceae,Inga inicuil,G.Don,Ecuador
Fabaceae,Inga insignis,Kunth,Ecuador
Fabaceae,Inga involucrata,R.S.Cowan,Ecuador
Fabaceae,Inga jaunechensis,A.H.Gentry,Ecuador
Fabaceae,Inga kursarii,M.J.Endara & J.E.Guevara,Ecuador
Fabaceae,Inga lallensis,Spruce ex Benth.,Ecuador
Fabaceae,Inga laurina,(Sw.) Willd.,Ecuador
Fabaceae,Inga leiocalycina,Benth.,Ecuador
Fabaceae,Inga lopadadenia,Harms,Ecuador
Fabaceae,Inga macrophylla,Humb. & Bonpl. ex Willd.,Ecuador
Fabaceae,Inga manabiensis,T.D.Penn.,Ecuador
Fabaceae,Inga marginata,Willd.,Ecuador
Fabaceae,Inga multicaulis,Spruce ex Benth.,Ecuador
Fabaceae,Inga multijuga,Benth.,Ecuador
Fabaceae,Inga multinervis,T.D.Penn.,Ecuador
Fabaceae,Inga nobilis,Willd.,Ecuador
Fabaceae,Inga oerstediana,Benth.,Ecuador
Fabaceae,Inga ornata,Kunth,Ecuador
Fabaceae,Inga pellicula,T.D.Penn.,Ecuador
Fabaceae,Inga pezizifera,Benth.,Ecuador
Fabaceae,Inga poeppigiana,Benth.,Ecuador
Fabaceae,Inga pruriens,Poepp.,Ecuador
Fabaceae,Inga psittacorum,L.Uribe,Ecuador
Fabaceae,Inga punctata,Willd.,Ecuador
Fabaceae,Inga ruiziana,G.Don,Ecuador
Fabaceae,Inga rusbyi,Pittier,Ecuador
Fabaceae,Inga sapindoides,Willd.,Ecuador
Fabaceae,Inga sarayacuensis,T.D.Penn.,Ecuador
Fabaceae,Inga sertulifera,DC.,Ecuador
Fabaceae,Inga silanchensis,T.D.Penn.,Ecuador
Fabaceae,Inga spectabilis,(Vahl) Willd.,Ecuador
Fabaceae,Inga splendens,Willd.,Ecuador
Fabaceae,Inga stenocalyx,Benth.,Ecuador
Fabaceae,Inga stenoptera,Benth.,Ecuador
Fabaceae,Inga stipulacea,G.Don,Ecuador
Fabaceae,Inga stipularis,DC.,Ecuador
Fabaceae,Inga striata,Benth.,Ecuador
Fabaceae,Inga striolata,T.D.Penn.,Ecuador
Fabaceae,Inga suaveolens,Ducke,Ecuador
Fabaceae,Inga tenuistipula,Ducke,Ecuador
Fabaceae,Inga tessmannii,Harms,Ecuador
Fabaceae,Inga thibaudiana,DC.,Ecuador
Fabaceae,Inga tocacheana,D.R.Simpson,Ecuador
Fabaceae,Inga umbellifera,(Vahl) Steud. ex DC.,Ecuador
Fabaceae,Inga umbratica,Poepp.,Ecuador
Fabaceae,Inga velutina,Willd.,Ecuador
Fabaceae,Inga venusta,Standl.,Ecuador
Fabaceae,Inga vera,Willd.,Ecuador
Fabaceae,Inga villosissima,Benth.,Ecuador
Fabaceae,Inga vismiifolia,Poepp.,Ecuador
Fabaceae,Inga yacoana,J.F.Macbr.,Ecuador
Fabaceae,Inga yasuniana,T.D.Penn.,Ecuador
Fabaceae,Jupunba barbouriana,"(Standl.) M.V.B.Soares, M.P.Morim & Iganci",Ecuador
Fabaceae,Jupunba floribunda,"(Spruce ex Benth.) M.V.B.Soares, M.P.Morim & Iganci",Ecuador
Fabaceae,Jupunba ganymedea,"(Barneby & J.W.Grimes) M.V.B.Soares, M.P.Morim & Iganci",Ecuador
Fabaceae,Jupunba laeta,"(Benth.) M.V.B.Soares, M.P.Morim & Iganci",Ecuador
Fabaceae,Jupunba macradenia,"(Pittier) M.V.B.Soares, M.P.Morim & Iganci",Ecuador
Fabaceae,Jupunba trapezifolia,"(Benth.) M.V.B.Soares, M.P.Morim & Iganci",Ecuador
Fabaceae,Lachesiodendron viridiflorum,"(Kunth) P.G.Ribeiro, L.P.Queiroz & Luckow",Ecuador
Fabaceae,Lecointea lasiogyne,(Barneby) M.Yu.Gontsch. & Yakovlev,Ecuador
Fabaceae,Leucaena trichodes,(Jacq.) Benth.,Ecuador
Fabaceae,Libidibia glabrata,(Kunth) C.Cast. & G.P.Lewis,Ecuador
Fabaceae,Lonchocarpus seorsus,"(J.F.Macbr.) M.Sousa ex D.A.Neill, Klitg. & G.P.Lewis",Ecuador
Fabaceae,Lonchocarpus spiciflorus,Mart. ex Benth.,Ecuador
Fabaceae,Machaerium aristulatum,(Spruce ex Benth.) Ducke,Ecuador
Fabaceae,Machaerium biovulatum,Micheli,Ecuador
Fabaceae,Machaerium capote,Triana ex Dugand,Ecuador
Fabaceae,Machaerium floribundum,Benth.,Ecuador
Fabaceae,Machaerium kegelii,Meisn.,Ecuador
Fabaceae,Machaerium leiophyllum,(DC.) Benth.,Ecuador
Fabaceae,Machaerium millei,Standl.,Ecuador
Fabaceae,Machaerium mutisii,Killip ex Rudd,Ecuador
Fabaceae,Macrolobium acaciifolium,(Benth.) Benth.,Ecuador
Fabaceae,Macrolobium angustifolium,(Benth.) R.S.Cowan,Ecuador
Fabaceae,Macrolobium archeri,Cowan,Ecuador
Fabaceae,Macrolobium colombianum,(Britton & Killip) Killip,Ecuador
Fabaceae,Macrolobium gracile,Spruce ex Benth.,Ecuador
Fabaceae,Macrolobium inaequale,Little,Ecuador
Fabaceae,Macrolobium ischnocalyx,Harms,Ecuador
Fabaceae,Macrolobium limbatum,Spruce ex Benth.,Ecuador
Fabaceae,Macrolobium microcalyx,Ducke,Ecuador
Fabaceae,Macrolobium multijugum,(DC.) Benth.,Ecuador
Fabaceae,Macrolobium stenocladum,Harms,Ecuador
Fabaceae,Macrolobium stenosiphon,Harms,Ecuador
Fabaceae,Mimosa acantholoba,(Humb. & Bonpl. ex Willd.) Poir.,Ecuador
Fabaceae,Mimosa caduca,Poir.,Ecuador
Fabaceae,Mimosa nothacacia,Barneby,Ecuador
Fabaceae,Mimosa quitensis,Benth.,Ecuador
Fabaceae,Mimosa rufescens,Benth.,Ecuador
Fabaceae,Mimosa townsendii,Barneby        ,Ecuador
Fabaceae,Mora oleifera,(Hemsl.) Ducke,Ecuador
Fabaceae,Muellera amazonica,M.Sousa,Ecuador
Fabaceae,Muellera chocoensis,M.Sousa,Ecuador
Fabaceae,Muellera frutescens,(Aubl.) Standl.,Ecuador
Fabaceae,Myroxylon balsamum,(L.) Harms,Ecuador
Fabaceae,Myroxylon peruiferum,L.f.,Ecuador
Fabaceae,Neltuma juliflora,(Sw.) Raf.,Ecuador
Fabaceae,Neltuma pallida,(Humb. & Bonpl. ex Willd.) C.E.Hughes & G.P.Lewis,Ecuador
Fabaceae,Ormosia amazonica,Ducke,Ecuador
Fabaceae,Ormosia grandiflora,(Tul.) Rudd,Ecuador
Fabaceae,Ormosia macrocalyx,Ducke,Ecuador
Fabaceae,Ormosia macrophylla,Benth.,Ecuador
Fabaceae,Ormosia neillii,J.L.Clark & J.E.Guevara,Ecuador
Fabaceae,Ormosia paraensis,Ducke,Ecuador
Fabaceae,Otholobium brachystachyum,(Spruce ex Diels) J.W.Grimes,Ecuador
Fabaceae,Parkia balslevii,H.C.Hopkins,Ecuador
Fabaceae,Parkia multijuga,Benth.,Ecuador
Fabaceae,Parkia nitida,Miq.,Ecuador
Fabaceae,Parkia panurensis,Benth. ex H.C.Hopkins,Ecuador
Fabaceae,Parkia velutina,Benoist,Ecuador
Fabaceae,Parkinsonia aculeata,L.,Ecuador
Fabaceae,Parkinsonia praecox,(Ruiz & Pav.) Hawkins,Ecuador
Fabaceae,Piptadenia anolidurus,Barneby,Ecuador
Fabaceae,Piptadenia pteroclada,Benth.,Ecuador
Fabaceae,Piscidia carthagenensis,Jacq.,Ecuador
Fabaceae,Pithecellobium excelsum,(Kunth) Mart.,Ecuador
Fabaceae,Platymiscium pinnatum,(Jacq.) Dugand,Ecuador
Fabaceae,Platymiscium stipulare,Benth.,Ecuador
Fabaceae,Pseudalbizzia niopoides,(Spruce ex Benth.) E.J.M.Koenen & Duno,Ecuador
Fabaceae,Pseudalbizzia pistaciifolia,(Willd.) E.J.M.Koenen & Duno,Ecuador
Fabaceae,Pseudalbizzia subdimidiata,(Splitg.) E.J.M.Koenen & Duno,Ecuador
Fabaceae,Pseudopiptadenia psilostachya,(DC.) G.P.Lewis & M.P.Lima,Ecuador
Fabaceae,Pseudopiptadenia suaveolens,(Miq.) J.W.Grimes,Ecuador
Fabaceae,Pseudosamanea guachapele,(Kunth) Harms,Ecuador
Fabaceae,Pterocarpus amazonum,(Mart. ex Benth.) Amshoff,Ecuador
Fabaceae,Pterocarpus officinalis,Jacq.,Ecuador
Fabaceae,Pterocarpus rohrii,Vahl,Ecuador
Fabaceae,Punjuba killipii,Britton & Rose,Ecuador
Fabaceae,Punjuba racemiflora,(Donn.Sm.) Britton & Rose,Ecuador
Fabaceae,Samanea tubulosa,(Benth.) Barneby & J.W.Grimes,Ecuador
Fabaceae,Schizolobium parahyba,(Vell.) S.F.Blake,Ecuador
Fabaceae,Sclerolobium herthae,Harms,Ecuador
Fabaceae,Senegalia loretensis,(J.F.Macbr.) Seigler & Ebinger,Ecuador
Fabaceae,Senegalia riparia,(Kunth) Britton & Rose,Ecuador
Fabaceae,Senegalia tenuifolia,(L.) Britton & Rose,Ecuador
Fabaceae,Senegalia weberbaueri,(Harms) Seigler & Ebinger,Ecuador
Fabaceae,Senna bacillaris,(L.f.) H.S.Irwin & Barneby,Ecuador
Fabaceae,Senna cajamarcae,H.S.Irwin & Barneby,Ecuador
Fabaceae,Senna dariensis,(Britton & Rose) H.S.Irwin & Barneby,Ecuador
Fabaceae,Senna latifolia,(G.Mey.) H.S.Irwin & Barneby,Ecuador
Fabaceae,Senna macranthera,(DC. ex Collad.) H.S.Irwin & Barneby,Ecuador
Fabaceae,Senna macrophylla,(Kunth) H.S.Irwin & Barneby,Ecuador
Fabaceae,Senna mollissima,(Willd.) H.S.Irwin & Barneby,Ecuador
Fabaceae,Senna multiglandulosa,(Jacq.) H.S.Irwin & Barneby,Ecuador
Fabaceae,Senna multijuga,(Rich.) H.S.Irwin & Barneby,Ecuador
Fabaceae,Senna obliqua,(G.Don) H.S.Irwin & Barneby,Ecuador
Fabaceae,Senna oxyphylla,(Kunth) H.S.Irwin & Barneby,Ecuador
Fabaceae,Senna pistaciifolia,(Kunth) H.S.Irwin & Barneby,Ecuador
Fabaceae,Senna quinquangulata,(Rich.) H.S.Irwin & Barneby,Ecuador
Fabaceae,Senna reticulata,(Willd.) H.S.Irwin & Barneby,Ecuador
Fabaceae,Senna robiniifolia,(Benth.) H.S.Irwin & Barneby,Ecuador
Fabaceae,Senna ruiziana,(G.Don) H.S.Irwin & Barneby,Ecuador
Fabaceae,Senna scandens,(Ruiz & Pav. ex G.Don) H.S.Irwin & Barneby,Ecuador
Fabaceae,Senna spectabilis,(DC.) H.S.Irwin & Barneby,Ecuador
Fabaceae,Senna spinescens,(Vogel) H.S.Irwin & Barneby,Ecuador
Fabaceae,Senna trolliiflora,H.S.Irwin & Barneby,Ecuador
Fabaceae,Senna versicolor,(Vogel) H.S.Irwin & Barneby,Ecuador
Fabaceae,Senna viarum,(Little) H.S.Irwin & Barneby,Ecuador
Fabaceae,Stryphnodendron porcatum,D.A.Neill & Occhioni f.,Ecuador
Fabaceae,Swartzia amplifolia,Harms,Ecuador
Fabaceae,Swartzia arborescens,(Aubl.) Pittier,Ecuador
Fabaceae,Swartzia auriculata,Poepp.,Ecuador
Fabaceae,Swartzia benthamiana,Miq.,Ecuador
Fabaceae,Swartzia bombycina,Cowan,Ecuador
Fabaceae,Swartzia calva,Cowan,Ecuador
Fabaceae,Swartzia cardiosperma,Spruce ex Benth.,Ecuador
Fabaceae,Swartzia haughtii,R.S.Cowan,Ecuador
Fabaceae,Swartzia leptopetala,Benth.,Ecuador
Fabaceae,Swartzia littlei,R.S. Cowan,Ecuador
Fabaceae,Swartzia macrosema,Harms,Ecuador
Fabaceae,Swartzia polyphylla,DC.,Ecuador
Fabaceae,Swartzia simplex,(Sw.) Spreng.,Ecuador
Fabaceae,Swartzia trianae,Benth.,Ecuador
Fabaceae,Swartzia yasuniensis,Torke & Á.J.Pérez,Ecuador
Fabaceae,Tachigali chrysaloides,van der Werff,Ecuador
Fabaceae,Tachigali chrysophylla,(Poepp.) Zarucchi & Herend.,Ecuador
Fabaceae,Tachigali formicarum,Harms,Ecuador
Fabaceae,Tachigali guianensis,(Benth.) Zarucchi & Herend.,Ecuador
Fabaceae,Tachigali inconspicua,van der Werff,Ecuador
Fabaceae,Tachigali macbridei,Zarucchi & Herend.,Ecuador
Fabaceae,Tachigali paniculata,Aubl.,Ecuador
Fabaceae,Tachigali paraensis,(Huber) Barneby,Ecuador
Fabaceae,Tara spinosa,(Molina) Britton & Rose,Ecuador
Fabaceae,Vachellia aroma,(Gillies ex Hook. & Arn.) Seigler & Ebinger,Ecuador
Fabaceae,Vachellia farnesiana,(L.) Wight & Arn.,Ecuador
Fabaceae,Vachellia insulae-iacobi,(Riley) Seigler & Ebinger,Ecuador
Fabaceae,Vachellia macracantha,(Humb. & Bonpl. ex Willd.) Seigler & Ebinger,Ecuador
Fabaceae,Vachellia pennatula,(Schltdl. & Cham.) Seigler & Ebinger,Ecuador
Fabaceae,Vachellia rorudiana,(Christoph.) Seigler & Ebinger,Ecuador
Fabaceae,Vachellia tortuosa,(L.) Seigler & Ebinger,Ecuador
Fabaceae,Vatairea erythrocarpa,(Ducke) Ducke,Ecuador
Fabaceae,Zapoteca aculeata,(Spruce ex Benth.) H.M.Hern.     ,Ecuador
Fabaceae,Zapoteca tetragona,(Willd.) H.M.Hern.,Ecuador
Fabaceae,Zygia cataractae,(Kunth) L.Rico,Ecuador
Fabaceae,Zygia coccinea,(G.Don) L.Rico,Ecuador
Fabaceae,Zygia dinizii,"(Ducke) D.A.Neill, G.P.Lewis & Klitg.",Ecuador
Fabaceae,Zygia dissitiflora,Barneby & J.W.Grimes,Ecuador
Fabaceae,Zygia heteroneura,Barneby & J.W.Grimes,Ecuador
Fabaceae,Zygia inaequalis,(Humb. & Bonpl. ex Willd.) Pittier,Ecuador
Fabaceae,Zygia juruana,(Harms) L.Rico,Ecuador
Fabaceae,Zygia lathetica,Barneby & J.W.Grimes,Ecuador
Fabaceae,Zygia latifolia,(L.) Fawc. & Rendle,Ecuador
Fabaceae,Zygia longifolia,(Humb. & Bonpl. ex Willd.) Britton & Rose,Ecuador
Fabaceae,Zygia steyermarkii,(Schery) Barneby & J.W.Grimes,Ecuador
Gentianaceae,Macrocarpaea gattaca,J.R.Grant,Ecuador
Gentianaceae,Macrocarpaea harlingii,J.S. Pringle,Ecuador
Gentianaceae,Macrocarpaea revoluta,(Ruiz & Pav.) Gilg,Ecuador
Gentianaceae,Potalia amara,Aubl.,Ecuador
Gentianaceae,Tachia parviflora,Maguire & Weaver,Ecuador
Gesneriaceae,Besleria laxiflora,Benth.,Ecuador
Gesneriaceae,Besleria solanoides,Kunth,Ecuador
Gesneriaceae,Sanango racemosum,(Ruiz & Pav.) Barringer,Ecuador
Grossulariaceae,Ribes ecuadorense,Jancz.,Ecuador
Heliotropiaceae,Tournefortia angustiflora,Ruiz & Pav.,Ecuador
Heliotropiaceae,Tournefortia bicolor,Sw.,Ecuador
Heliotropiaceae,Tournefortia cuspidata,Kunth,Ecuador
Heliotropiaceae,Tournefortia fuliginosa,Kunth,Ecuador
Heliotropiaceae,Tournefortia gigantifolia,Killip ex J.S. Mill.,Ecuador
Heliotropiaceae,Tournefortia glabra,L.,Ecuador
Heliotropiaceae,Tournefortia lilloi,I.M.Johnst.,Ecuador
Heliotropiaceae,Tournefortia maculata,Jacq.,Ecuador
Heliotropiaceae,Tournefortia obtusiflora,Benth.        ,Ecuador
Heliotropiaceae,Tournefortia polystachya,Ruiz & Pav.,Ecuador
Heliotropiaceae,Tournefortia ramosissima,K. Krause,Ecuador
Heliotropiaceae,Tournefortia scabrida,Kunth,Ecuador
Heliotropiaceae,Tournefortia undulata,Ruiz & Pav.,Ecuador
Hernandiaceae,Hernandia didymantha,Donn.Sm.,Ecuador
Hernandiaceae,Hernandia lychnifera,Grayum & N.Zamora,Ecuador
Humiriaceae,Humiriastrum diguense,(Cuatrec.) Cuatrec.,Ecuador
Humiriaceae,Humiriastrum mapiriense,Cuatrec.,Ecuador
Humiriaceae,Humiriastrum procerum,(Little) Cuatrec.,Ecuador
Humiriaceae,Sacoglottis amazonica,Mart.,Ecuador
Humiriaceae,Vantanea guianensis,Aubl.,Ecuador
Humiriaceae,Vantanea occidentalis,Cuatrec.,Ecuador
Hydrangeaceae,Hydrangea peruviana,Moric. ex Ser.,Ecuador
Hydrangeaceae,Hydrangea preslii,Briq.,Ecuador
Hypericaceae,Hypericum lancifolium,Gleason,Ecuador
Hypericaceae,Hypericum laricifolium,Juss.,Ecuador
Hypericaceae,Vismia baccifera,(L.) Planch. & Triana,Ecuador
Hypericaceae,Vismia cavanillesiana,Cuatrec.,Ecuador
Hypericaceae,Vismia ferruginea,Kunth,Ecuador
Hypericaceae,Vismia floribunda,Sprague,Ecuador
Hypericaceae,Vismia gracilis,Hieron.,Ecuador
Hypericaceae,Vismia lateriflora,Ducke,Ecuador
Hypericaceae,Vismia lauriformis,(Lam.) Choisy,Ecuador
Hypericaceae,Vismia macrophylla,Kunth,Ecuador
Hypericaceae,Vismia mandurr,Hieron.,Ecuador
Hypericaceae,Vismia minutiflora,Ewan,Ecuador
Hypericaceae,Vismia pozuzoensis,Engl.,Ecuador
Hypericaceae,Vismia sandwithii,Ewan,Ecuador
Hypericaceae,Vismia sprucei,Sprague,Ecuador
Hypericaceae,Vismia tomentosa,Ruiz & Pav.,Ecuador
Juglandaceae,Juglans neotropica,Diels,Ecuador
Lacistemataceae,Lacistema aggregatum,(P.J.Bergius) Rusby,Ecuador
Lacistemataceae,Lozania klugii,(Mansf.) Mansf.,Ecuador
Lacistemataceae,Lozania mutisiana,Schult.,Ecuador
Lamiaceae,Aegiphila alba,Moldenke,Ecuador
Lamiaceae,Aegiphila bogotensis,(Spreng.) Moldenke,Ecuador
Lamiaceae,Aegiphila boliviana,Moldenke,Ecuador
Lamiaceae,Aegiphila cordata,Poepp.,Ecuador
Lamiaceae,Aegiphila cuatrecasasii,Moldenke,Ecuador
Lamiaceae,Aegiphila cuneata,Moldenke,Ecuador
Lamiaceae,Aegiphila elata,Sw.,Ecuador
Lamiaceae,Aegiphila elegans,Moldenke,Ecuador
Lamiaceae,Aegiphila ferruginea,Hayek & Spruce,Ecuador
Lamiaceae,Aegiphila glomerata,Benth.,Ecuador
Lamiaceae,Aegiphila grandis,Moldenke,Ecuador
Lamiaceae,Aegiphila hoehnei,Moldenke,Ecuador
Lamiaceae,Aegiphila integrifolia,(Jacq.) B.D.Jacks.,Ecuador
Lamiaceae,Aegiphila laeta,Kunth,Ecuador
Lamiaceae,Aegiphila lehmannii,Moldenke,Ecuador
Lamiaceae,Aegiphila lopez-palacii,Moldenke,Ecuador
Lamiaceae,Aegiphila moldenkeana,López-Pal.,Ecuador
Lamiaceae,Aegiphila mollis,Kunth,Ecuador
Lamiaceae,Aegiphila monticola,Moldenke,Ecuador
Lamiaceae,Aegiphila multiflora,Ruiz & Pav.,Ecuador
Lamiaceae,Aegiphila novogranatensis,Moldenke,Ecuador
Lamiaceae,Aegiphila panamensis,Moldenke,Ecuador
Lamiaceae,Aegiphila peruviana,Turcz.,Ecuador
Lamiaceae,Aegiphila purpurascens,Moldenke,Ecuador
Lamiaceae,Aegiphila rimbachii,Moldenke,Ecuador
Lamiaceae,Aegiphila schimpffii,Moldenke,Ecuador
Lamiaceae,Aegiphila sufflava,Moldenke,Ecuador
Lamiaceae,Aegiphila triflora,Moldenke,Ecuador
Lamiaceae,Aegiphila ulei,(Hayek) B.Walln.,Ecuador
Lamiaceae,Callicarpa acuminata,Kunth,Ecuador
Lamiaceae,Cornutia australis,Moldenke,Ecuador
Lamiaceae,Cornutia odorata,(Poepp.) Schauer,Ecuador
Lamiaceae,Cornutia pyramidata,L.,Ecuador
Lamiaceae,Hyptidendron arboreum,(Benth.) Harley,Ecuador
Lamiaceae,Hyptis odorata,Benth.,Ecuador
Lamiaceae,Lepechinia heteromorpha,(Briq.) Epling,Ecuador
Lamiaceae,Vitex cymosa,Bertero ex Spreng.,Ecuador
Lamiaceae,Vitex flavens,Kunth,Ecuador
Lamiaceae,Vitex gigantea,Kunth,Ecuador
Lamiaceae,Vitex orinocensis,Kunth,Ecuador
Lamiaceae,Vitex schunkei,Moldenke,Ecuador
Lamiaceae,Vitex triflora,Vahl,Ecuador
Lamiaceae,Volkameria mollis,(Kunth) Mabb. & Y.W.Yuan,Ecuador
Lauraceae,Aiouea dubia,(Kunth) Mez,Ecuador
Lauraceae,Aiouea formicaria,(van der Werff & Lorea-Hern.) R.Rohde,Ecuador
Lauraceae,Aiouea grandifolia,van der Werff,Ecuador
Lauraceae,Aiouea lanigera,(van der Werff) R.Rohde,Ecuador
Lauraceae,Aiouea montana,(Sw.) R.Rohde,Ecuador
Lauraceae,Aiouea napoensis,(van der Werff) R.Rohde,Ecuador
Lauraceae,Aiouea palaciosii,(van der Werff) R.Rohde,Ecuador
Lauraceae,Aiouea tomentella,(Mez) Renner,Ecuador
Lauraceae,Andea ceronii,(van der Werff) van der Werff,Ecuador
Lauraceae,Andea infrafoveolata,(van der Werff) van der Werff,Ecuador
Lauraceae,Andea multinervis,(van der Werff) van der Werff,Ecuador
Lauraceae,Andea oreophila,(van der Werff) van der Werff,Ecuador
Lauraceae,Andea sericea,(Kunth) van der Werff,Ecuador
Lauraceae,Andea smithiana,(O.C.Schmidt) van der Werff,Ecuador
Lauraceae,Andea sodiroana,(Mez) van der Werff,Ecuador
Lauraceae,Andea velutina,(Meisn.) van der Werff,Ecuador
Lauraceae,Aniba coto,(Rusby) Kosterm.,Ecuador
Lauraceae,Aniba ecuadorica,Cornejo & Loor,Ecuador
Lauraceae,Aniba guianensis,Aubl.,Ecuador
Lauraceae,Aniba hostmanniana,(Nees) Mez,Ecuador
Lauraceae,Aniba megaphylla,Mez,Ecuador
Lauraceae,Aniba muca,(Ruiz & Pav.) Mez,Ecuador
Lauraceae,Aniba panurensis,(Meisn.) Mez,Ecuador
Lauraceae,Aniba perutilis,Hemsl.,Ecuador
Lauraceae,Aniba pilosa,van der Werff,Ecuador
Lauraceae,Aniba puchury-minor,(Mart.) Mez,Ecuador
Lauraceae,Aniba riparia,(Nees) Mez,Ecuador
Lauraceae,Aniba robusta,(Klotzsch & H.Karst. ex Meisn.) Mez,Ecuador
Lauraceae,Aniba rosodora,Ducke,Ecuador
Lauraceae,Aniba taubertiana,Mez,Ecuador
Lauraceae,Aniba vulcanicola,van der Werff,Ecuador
Lauraceae,Aniba williamsii,O.C.Schmidt,Ecuador
Lauraceae,Beilschmiedia alloiophylla,(Rusby) Kosterm.,Ecuador
Lauraceae,Beilschmiedia costaricensis,(Mez & Pittier) C.K.Allen,Ecuador
Lauraceae,Beilschmiedia latifolia,(Nees) Sachiko Nishida,Ecuador
Lauraceae,Beilschmiedia pendula,(Sw.) Hemsl.,Ecuador
Lauraceae,Beilschmiedia sulcata,(Ruiz & Pav.) Kosterm.,Ecuador
Lauraceae,Beilschmiedia tilaranensis,Sachiko Nishida,Ecuador
Lauraceae,Beilschmiedia tovarensis,(Klotzsch & H.Karst. ex Meisn.) Sachiko Nishida,Ecuador
Lauraceae,Caryodaphnopsis fosteri,van der Werff,Ecuador
Lauraceae,Caryodaphnopsis theobromifolia,(Gentry) van der Werff & H.G.Richt.,Ecuador
Lauraceae,Caryodaphnopsis tomentosa,van der Werff,Ecuador
Lauraceae,Chlorocardium venenosum,"(Kosterm. & Pinkley) Rohwer, H.G.Richt. & van der Werff",Ecuador
Lauraceae,Cryptocarya guianensis,Meisn.,Ecuador
Lauraceae,Cryptocarya yasuniensis,P.L.R.Moraes & van der Werff,Ecuador
Lauraceae,Damburneya martinicensis,(Mez) Trofimov,Ecuador
Lauraceae,Damburneya purpurea,(Ruiz & Pav.) Trofimov,Ecuador
Lauraceae,Damburneya umbrosa,(Kunth) Trofimov,Ecuador
Lauraceae,Endlicheria acuminata,Kosterm.,Ecuador
Lauraceae,Endlicheria anomala,(Nees) Mez,Ecuador
Lauraceae,Endlicheria aurea,Chanderb.,Ecuador
Lauraceae,Endlicheria bracteata,Mez,Ecuador
Lauraceae,Endlicheria browniana,(Meisn.) Mez,Ecuador
Lauraceae,Endlicheria canescens,Chanderbali,Ecuador
Lauraceae,Endlicheria directonervia,C.K.Allen,Ecuador
Lauraceae,Endlicheria duotincta,Chanderb.,Ecuador
Lauraceae,Endlicheria dysodantha,(Ruiz & Pav.) Mez,Ecuador
Lauraceae,Endlicheria ferruginosa,Chanderb.,Ecuador
Lauraceae,Endlicheria formosa,A.C.Sm.,Ecuador
Lauraceae,Endlicheria gracilis,Kosterm.,Ecuador
Lauraceae,Endlicheria griseosericea,Chanderb.,Ecuador
Lauraceae,Endlicheria klugii,O.C.Schmidt,Ecuador
Lauraceae,Endlicheria krukovii,(A.C.Sm.) Kosterm.,Ecuador
Lauraceae,Endlicheria lorastemon,Chanderb.,Ecuador
Lauraceae,Endlicheria metallica,Kosterm.,Ecuador
Lauraceae,Endlicheria mishuyacensis,A.C.Sm.,Ecuador
Lauraceae,Endlicheria oreocola,Chanderb.,Ecuador
Lauraceae,Endlicheria paniculata,(Spreng.) J.F.Macbr.,Ecuador
Lauraceae,Endlicheria pyriformis,(Nees) Mez,Ecuador
Lauraceae,Endlicheria robusta,(A.C.Sm.) Kosterm.,Ecuador
Lauraceae,Endlicheria rubriflora,Mez,Ecuador
Lauraceae,Endlicheria ruforamula,Chanderb.,Ecuador
Lauraceae,Endlicheria sericea,Nees,Ecuador
Lauraceae,Endlicheria sprucei,(Meisn.) Mez,Ecuador
Lauraceae,Endlicheria tessmannii,O.C.Schmidt,Ecuador
Lauraceae,Endlicheria tschudyana,(Lasser) Kosterm.,Ecuador
Lauraceae,Endlicheria verticillata,Mez,Ecuador
Lauraceae,Licaria applanata,van der Werff,Ecuador
Lauraceae,Licaria armeniaca,(Nees) Kosterm.,Ecuador
Lauraceae,Licaria aurea,(Huber) Kosterm.,Ecuador
Lauraceae,Licaria cannella,(Meisn.) Kosterm.,Ecuador
Lauraceae,Licaria exserta,van der Werff      ,Ecuador
Lauraceae,Licaria guianensis,Aubl.,Ecuador
Lauraceae,Licaria pucheri,(Ruiz & Pav.) Kosterm.,Ecuador
Lauraceae,Licaria subsessilis,van der Werff,Ecuador
Lauraceae,Licaria terminalis,van der Werff,Ecuador
Lauraceae,Licaria triandra,(Sw.) Kosterm.,Ecuador
Lauraceae,Mespilodaphne quixos,(Lam.) Rohwer,Ecuador
Lauraceae,Nectandra acutifolia,(Ruiz & Pav.) Mez,Ecuador
Lauraceae,Nectandra canaliculata,Rohwer,Ecuador
Lauraceae,Nectandra cerifolia,Rohwer        ,Ecuador
Lauraceae,Nectandra cissiflora,Nees,Ecuador
Lauraceae,Nectandra coeloclada,Rohwer,Ecuador
Lauraceae,Nectandra crassiloba,Rohwer,Ecuador
Lauraceae,Nectandra cuspidata,Nees & Mart.,Ecuador
Lauraceae,Nectandra discolor,(Kunth) Nees,Ecuador
Lauraceae,Nectandra embirensis,Coe-Teix.,Ecuador
Lauraceae,Nectandra fragrans,Rohwer        ,Ecuador
Lauraceae,Nectandra globosa,(Aubl.) Mez,Ecuador
Lauraceae,Nectandra gracilis,Rohwer,Ecuador
Lauraceae,Nectandra guadaripo,Rohwer,Ecuador
Lauraceae,Nectandra hihua,(Ruiz & Pav.) Rohwer,Ecuador
Lauraceae,Nectandra laurel,Klotzsch ex Nees,Ecuador
Lauraceae,Nectandra lineata,(Kunth) Rohwer,Ecuador
Lauraceae,Nectandra lineatifolia,(Ruiz & Pav.) Mez,Ecuador
Lauraceae,Nectandra matthewsii,Meisn.,Ecuador
Lauraceae,Nectandra maynensis,Mez,Ecuador
Lauraceae,Nectandra membranacea,(Sw.) Griseb.,Ecuador
Lauraceae,Nectandra obtusata,Rohwer,Ecuador
Lauraceae,Nectandra olida,Rohwer,Ecuador
Lauraceae,Nectandra oppositifolia,Nees & Mart.,Ecuador
Lauraceae,Nectandra parviflora,Rohwer,Ecuador
Lauraceae,Nectandra pearcei,Mez,Ecuador
Lauraceae,Nectandra pulverulenta,Nees,Ecuador
Lauraceae,Nectandra reflexa,Rohwer,Ecuador
Lauraceae,Nectandra reticulata,Mez,Ecuador
Lauraceae,Nectandra subbullata,Rohwer,Ecuador
Lauraceae,Nectandra viburnoides,Meisn.,Ecuador
Lauraceae,Ocotea albopunctulata,Mez,Ecuador
Lauraceae,Ocotea alnifolia,(Meisn.) Mez,Ecuador
Lauraceae,Ocotea aquila,van der Werff,Ecuador
Lauraceae,Ocotea architectorum,Mez,Ecuador
Lauraceae,Ocotea argyrophylla,Ducke,Ecuador
Lauraceae,Ocotea arnottiana,(Nees) van der Werff,Ecuador
Lauraceae,Ocotea benthamiana,Mez,Ecuador
Lauraceae,Ocotea bofo,Kunth,Ecuador
Lauraceae,Ocotea brevipetiolata,van der Werff,Ecuador
Lauraceae,Ocotea condorensis,van der Werff,Ecuador
Lauraceae,Ocotea cuneifolia,(Ruiz & Pav.) Mez,Ecuador
Lauraceae,Ocotea depilis,van der Werff,Ecuador
Lauraceae,Ocotea euryphylla,van der Werff,Ecuador
Lauraceae,Ocotea fistulosa,van der Werff,Ecuador
Lauraceae,Ocotea floribunda,(Sw.) Mez,Ecuador
Lauraceae,Ocotea guianensis,Aubl.,Ecuador
Lauraceae,Ocotea hammeliana,van der Werff,Ecuador
Lauraceae,Ocotea heterochroma,Mez & Sodiro,Ecuador
Lauraceae,Ocotea hirtostyla,van der Werff      ,Ecuador
Lauraceae,Ocotea insularis,(Meisn.) Mez,Ecuador
Lauraceae,Ocotea javitensis,(Kunth) Pittier,Ecuador
Lauraceae,Ocotea jelskii,Mez,Ecuador
Lauraceae,Ocotea karsteniana,Mez,Ecuador
Lauraceae,Ocotea keriana,A.C.Sm.,Ecuador
Lauraceae,Ocotea lenitae,van der Werff,Ecuador
Lauraceae,Ocotea leptobotra,(Ruiz & Pav.) Mez,Ecuador
Lauraceae,Ocotea leucoxylon,(Sw.) Laness.,Ecuador
Lauraceae,Ocotea limiticola,van der Werff,Ecuador
Lauraceae,Ocotea longifolia,Kunth,Ecuador
Lauraceae,Ocotea macrophylla,Kunth,Ecuador
Lauraceae,Ocotea macropoda,(Kunth) Mez,Ecuador
Lauraceae,Ocotea magnifrons,van der Werff,Ecuador
Lauraceae,Ocotea mandonii,Mez,Ecuador
Lauraceae,Ocotea mollifolia,Mez & Pittier,Ecuador
Lauraceae,Ocotea morona-santiagoensis,P.L.R.Moraes,Ecuador
Lauraceae,Ocotea oblonga,(Meisn.) Mez,Ecuador
Lauraceae,Ocotea obovata,(Ruiz & Pav.) Mez,Ecuador
Lauraceae,Ocotea obovatifolia,van der Werff,Ecuador
Lauraceae,Ocotea olivacea,A.C.Sm.,Ecuador
Lauraceae,Ocotea ovalifolia,(Ruiz & Pav.) Mez,Ecuador
Lauraceae,Ocotea pachypoda,Mez & Sodiro,Ecuador
Lauraceae,Ocotea pacifica,van der Werff,Ecuador
Lauraceae,Ocotea pastazensis,van der Werff,Ecuador
Lauraceae,Ocotea pauciflora,(Nees) Mez,Ecuador
Lauraceae,Ocotea pentagona,Mez,Ecuador
Lauraceae,Ocotea pichinchensis,van der Werff,Ecuador
Lauraceae,Ocotea rhodophylla,Vicent.,Ecuador
Lauraceae,Ocotea rotundata,van der Werff,Ecuador
Lauraceae,Ocotea rufotomentella,van der Werff,Ecuador
Lauraceae,Ocotea rugosa,van der Werff,Ecuador
Lauraceae,Ocotea scalariformis,van der Werff,Ecuador
Lauraceae,Ocotea stenoneura,Mez & Pittier,Ecuador
Lauraceae,Ocotea stuebelii,Mez,Ecuador
Lauraceae,Ocotea subrutilans,Mez,Ecuador
Lauraceae,Ocotea tenella,A.C.Sm.,Ecuador
Lauraceae,Ocotea tessmannii,O.C. Schmidt,Ecuador
Lauraceae,Ocotea ucayalensis,O.C. Schmidt,Ecuador
Lauraceae,Ocotea veraguensis,(Meisn.) Mez,Ecuador
Lauraceae,Persea areolatocostae,(C.K.Allen) van der Werff,Ecuador
Lauraceae,Persea basiobtusa,Rohwer,Ecuador
Lauraceae,Persea brevipes,Meisn.,Ecuador
Lauraceae,Persea bullata,L.E. Kopp,Ecuador
Lauraceae,Persea caerulea,(Ruiz & Pav.) Mez,Ecuador
Lauraceae,Persea campii,L.E.Kopp        ,Ecuador
Lauraceae,Persea conferta,L.E.Kopp,Ecuador
Lauraceae,Persea cuneata,Meisn.,Ecuador
Lauraceae,Persea dryadum,Rohwer,Ecuador
Lauraceae,Persea hexanthera,L.E.Kopp,Ecuador
Lauraceae,Persea mutisii,Kunth,Ecuador
Lauraceae,Persea nudigemma,van der Werff,Ecuador
Lauraceae,Persea pseudofasciculata,L.E.Kopp,Ecuador
Lauraceae,Persea rigens,C.K.Allen,Ecuador
Lauraceae,Persea sphaerocarpa,(H.J.P.Winkl.) Kosterm.,Ecuador
Lauraceae,Persea subcordata,(Ruiz & Pav.) Nees,Ecuador
Lauraceae,Pleurothyrium bifidum,Nees,Ecuador
Lauraceae,Pleurothyrium cinereum,van der Werff,Ecuador
Lauraceae,Pleurothyrium cuneifolium,Nees,Ecuador
Lauraceae,Pleurothyrium giganthum,van der Werff      ,Ecuador
Lauraceae,Pleurothyrium glabrifolium,van der Werff,Ecuador
Lauraceae,Pleurothyrium glabritepalum,van der Werff,Ecuador
Lauraceae,Pleurothyrium insigne,van der Werff,Ecuador
Lauraceae,Pleurothyrium obovatum,van der Werff      ,Ecuador
Lauraceae,Pleurothyrium parviflorum,Ducke,Ecuador
Lauraceae,Pleurothyrium poeppigii,Nees,Ecuador
Lauraceae,Pleurothyrium synandrum,van der Werff,Ecuador
Lauraceae,Pleurothyrium tomentellum,van der Werff,Ecuador
Lauraceae,Pleurothyrium tomiwahlii,van der Werff,Ecuador
Lauraceae,Pleurothyrium trianae,(Mez) Rohwer,Ecuador
Lauraceae,Pleurothyrium vasquezii,van der Werff,Ecuador
Lauraceae,Pleurothyrium williamsii,O.C. Schmidt,Ecuador
Lauraceae,Rhodostemonodaphne cyclops,Madriñán,Ecuador
Lauraceae,Rhodostemonodaphne grandis,(Mez) Rohwer,Ecuador
Lauraceae,Rhodostemonodaphne juruensis,(A.C.Sm.) Chanderbali,Ecuador
Lauraceae,Rhodostemonodaphne kunthiana,(Nees) Rohwer,Ecuador
Lauraceae,Rhodostemonodaphne licanioides,(A.C.Sm.) Madriñán,Ecuador
Lauraceae,Rhodostemonodaphne longipetiolata,Madriñán,Ecuador
Lauraceae,Rhodostemonodaphne napoensis,Madriñán,Ecuador
Lauraceae,Rhodostemonodaphne praeclara,(Sandwith) Madriñán,Ecuador
Lauraceae,Rhodostemonodaphne saulensis,Madriñán,Ecuador
Lauraceae,Rhodostemonodaphne sordida,Madriñán,Ecuador
Lauraceae,Rhodostemonodaphne synandra,van der Werff,Ecuador
Lauraceae,Yasunia sessiliflora,van der Werff,Ecuador
Lecythidaceae,Allantoma pluriflora,"S.A.Mori, Ya Y.Huang & Prance",Ecuador
Lecythidaceae,Couroupita guianensis,Aubl.,Ecuador
Lecythidaceae,Couroupita nicaraguarensis,DC.,Ecuador
Lecythidaceae,Eschweilera andina,(Rusby) J.F.Macbr.,Ecuador
Lecythidaceae,Eschweilera antioquensis,Dugand & H.Daniel,Ecuador
Lecythidaceae,Eschweilera awaensis,S.A.Mori & Cornejo,Ecuador
Lecythidaceae,Eschweilera caudiculata,R.Knuth,Ecuador
Lecythidaceae,Eschweilera coriacea,(DC.) S.A.Mori,Ecuador
Lecythidaceae,Eschweilera decolorans,Sandwith,Ecuador
Lecythidaceae,Eschweilera gigantea,(R.Knuth) J.F.Macbr.,Ecuador
Lecythidaceae,Eschweilera integrifolia,(Ruiz & Pav. ex Miers) R.Knuth,Ecuador
Lecythidaceae,Eschweilera pachyderma,Cuatrec.,Ecuador
Lecythidaceae,Eschweilera panamensis,Pittier,Ecuador
Lecythidaceae,Eschweilera parvifolia,Mart. ex DC.,Ecuador
Lecythidaceae,Eschweilera pittieri,R.Knuth,Ecuador
Lecythidaceae,Eschweilera rimbachii,Standl.,Ecuador
Lecythidaceae,Eschweilera rufifolia,S.A.Mori,Ecuador
Lecythidaceae,Eschweilera sessilis,A.C.Sm.,Ecuador
Lecythidaceae,Grias angustipetala,Cornejo & S.A.Mori,Ecuador
Lecythidaceae,Grias colombiana,Cuatrec.,Ecuador
Lecythidaceae,Grias cryptica,Cornejo,Ecuador
Lecythidaceae,Grias ecuadorica,Cornejo & S.A.Mori,Ecuador
Lecythidaceae,Grias longirachis,S.A.Mori & J.L.Clark,Ecuador
Lecythidaceae,Grias multinervia,Cuatrec.,Ecuador
Lecythidaceae,Grias neuberthii,J.F.Macbr.,Ecuador
Lecythidaceae,Grias peruviana,Miers,Ecuador
Lecythidaceae,Grias portillae,Cornejo,Ecuador
Lecythidaceae,Grias subbullata,Cornejo & S.A.Mori,Ecuador
Lecythidaceae,Grias theobromicarpa,Cornejo & S.A.Mori,Ecuador
Lecythidaceae,Gustavia angustifolia,Benth.,Ecuador
Lecythidaceae,Gustavia dodsonii,S.A.Mori,Ecuador
Lecythidaceae,Gustavia dubia,(Kunth) O.Berg,Ecuador
Lecythidaceae,Gustavia esmeraldana,Cornejo & S.A.Mori,Ecuador
Lecythidaceae,Gustavia gracieae,Cornejo & S.A.Mori,Ecuador
Lecythidaceae,Gustavia hubbardiorum,S.A.Mori & Cornejo,Ecuador
Lecythidaceae,Gustavia johnclarkii,S.A.Mori & Cornejo,Ecuador
Lecythidaceae,Gustavia longifolia,Poepp. ex O.Berg,Ecuador
Lecythidaceae,Gustavia macarenensis,Philipson,Ecuador
Lecythidaceae,Gustavia petiolata,S.A.Mori,Ecuador
Lecythidaceae,Gustavia pubescens,Ruiz & Pav. ex O.Berg,Ecuador
Lecythidaceae,Gustavia serrata,S.A.Mori,Ecuador
Lecythidaceae,Gustavia speciosa,(Kunth) DC.,Ecuador
Lecythidaceae,Gustavia superba,(Kunth) O.Berg,Ecuador
Lecythidaceae,Lecythis ampla,Miers,Ecuador
Lecythidaceae,Lecythis tuyrana,Pittier,Ecuador
Lecythidaceae,Lecythis zabucajo,Aubl.,Ecuador
Linaceae,Hebepetalum humiriifolia,(Planch.) Benth.,Ecuador
Loganiaceae,Strychnos colombiensis,Krukoff & Barneby,Ecuador
Loganiaceae,Strychnos jobertiana,Baill.,Ecuador
Loganiaceae,Strychnos mattogrossensis,S.Moore,Ecuador
Loganiaceae,Strychnos panurensis,Sprague & Sandwith,Ecuador
Loganiaceae,Strychnos rondeletioides,Spruce ex Benth.,Ecuador
Loganiaceae,Strychnos solimoesana,Krukoff,Ecuador
Loganiaceae,Strychnos tarapotensis,Sprague & Sandwith,Ecuador
Loranthaceae,Gaiadendron punctatum,(Ruiz & Pav.) G.Don,Ecuador
Loranthaceae,Tripodanthus acutifolius,(Ruiz & Pav.) Tiegh.,Ecuador
Lythraceae,Adenaria floribunda,Kunth,Ecuador
Lythraceae,Cuphea melvilla,Lindl.,Ecuador
Lythraceae,Lafoensia acuminata,(Ruiz & Pav.) DC.,Ecuador
Lythraceae,Lafoensia punicifolia,DC.,Ecuador
Lythraceae,Lafoensia vandelliana,Cham. & Schltdl.,Ecuador
Lythraceae,Physocalymma scaberrimum,Pohl,Ecuador
Magnoliaceae,Magnolia amazonica,(Ducke) Govaerts,Ecuador
Magnoliaceae,Magnolia arroyoana,Molinari,Ecuador
Magnoliaceae,Magnolia bankardiorum,M.O.Dillon & Sánchez Vega,Ecuador
Magnoliaceae,Magnolia buenaventurensis,Á.J.Pérez & E.Rea,Ecuador
Magnoliaceae,Magnolia canandeana,F.Arroyo,Ecuador
Magnoliaceae,Magnolia chiguila,"F.Arroyo, Á.J.Pérez & A.Vázquez",Ecuador
Magnoliaceae,Magnolia dixonii,(Little) Govaerts,Ecuador
Magnoliaceae,Magnolia equatorialis,A.Vázquez,Ecuador
Magnoliaceae,Magnolia jaenensis,Marcelo-Peña,Ecuador
Magnoliaceae,Magnolia kichuana,"A.Vázquez, F.Arroyo & Á.J.Pérez",Ecuador
Magnoliaceae,Magnolia llanganatensis,A.Vázquez & D.A.Neill,Ecuador
Magnoliaceae,Magnolia lozanoi,A.Vázquez & Castro-Arce,Ecuador
Magnoliaceae,Magnolia mashpi,"Á.J.Pérez, F.Arroyo & A.Vázquez",Ecuador
Magnoliaceae,Magnolia mercedesiarum,"D.A.Neill, A.Vázquez & F.Arroyo",Ecuador
Magnoliaceae,Magnolia mindoensis,"A.Vázquez, D.A.Neill & A.Dahua",Ecuador
Magnoliaceae,Magnolia napoensis,"F.Arroyo, Á.J.Pérez & A.Vázquez",Ecuador
Magnoliaceae,Magnolia neillii,(Lozano) Govaerts,Ecuador
Magnoliaceae,Magnolia palandana,F.Arroyo,Ecuador
Magnoliaceae,Magnolia pastazaensis,F.Arroyo & Á.J.Pérez,Ecuador
Magnoliaceae,Magnolia rimachii,(Lozano) Govaerts,Ecuador
Magnoliaceae,Magnolia shuariorum,F.Arroyo & A.Vázquez,Ecuador
Magnoliaceae,Magnolia striatifolia,Little,Ecuador
Magnoliaceae,Magnolia tapichalacaensis,Á.J.Pérez & E.Rea,Ecuador
Magnoliaceae,Magnolia vargasiana,A.Vázquez & D.A.Neill,Ecuador
Magnoliaceae,Magnolia yantzazana,F.Arroyo,Ecuador
Magnoliaceae,Magnolia zamorana,F.Arroyo,Ecuador
Malpighiaceae,Bunchosia argentea,(Jacq.) DC.,Ecuador
Malpighiaceae,Bunchosia armeniaca,(Cav.) DC.,Ecuador
Malpighiaceae,Bunchosia cauliflora,W.R.Anderson,Ecuador
Malpighiaceae,Bunchosia deflexa,Triana & Planch.,Ecuador
Malpighiaceae,Bunchosia glandulifera,(Jacq.) Kunth,Ecuador
Malpighiaceae,Bunchosia hookeriana,A.Juss.,Ecuador
Malpighiaceae,Bunchosia nitida,(Jacq.) A.Rich.,Ecuador
Malpighiaceae,Bunchosia plowmanii,W.R.Anderson,Ecuador
Malpighiaceae,Bunchosia pseudonitida,Cuatrec.,Ecuador
Malpighiaceae,Byrsonima arthropoda,A.Juss.,Ecuador
Malpighiaceae,Byrsonima homeieri,W.R.Anderson,Ecuador
Malpighiaceae,Byrsonima japurensis,A.Juss.,Ecuador
Malpighiaceae,Byrsonima krukoffii,W.R.Anderson,Ecuador
Malpighiaceae,Byrsonima putumayensis,Cuatrec.,Ecuador
Malpighiaceae,Hiraea fagifolia,(DC.) A.Juss.,Ecuador
Malpighiaceae,Malpighia glabra,L.,Ecuador
Malpighiaceae,Spachea tricarpa,A.Juss.,Ecuador
Malvaceae,Apeiba glabra,Aubl.,Ecuador
Malvaceae,Apeiba membranacea,Spruce ex Benth.,Ecuador
Malvaceae,Apeiba tibourbou,Aubl.,Ecuador
Malvaceae,Bakeridesia integerrima,(Hook.) D.M.Bates,Ecuador
Malvaceae,Bastardiopsis myrianthus,(Planch. & Linden ex Triana & Planch.) Fuertes & Fryxell,Ecuador
Malvaceae,Byttneria ancistrodonta,Mildbr.,Ecuador
Malvaceae,Byttneria parviflora,Benth.,Ecuador
Malvaceae,Cavanillesia hylogeiton,Ulbr.,Ecuador
Malvaceae,Cavanillesia platanifolia,(Bonpl.) Kunth,Ecuador
Malvaceae,Ceiba insignis,(Kunth) P.E.Gibbs & Semir,Ecuador
Malvaceae,Ceiba lupuna,P.E.Gibbs & Semir,Ecuador
Malvaceae,Ceiba pentandra,(L.) Gaertn.,Ecuador
Malvaceae,Ceiba samauma,(Mart.) K.Schum.,Ecuador
Malvaceae,Ceiba trischistandra,(A.Gray) Bakh.,Ecuador
Malvaceae,Christiana africana,DC.,Ecuador
Malvaceae,Christiana eburnea,(Sprague) Kubitzki,Ecuador
Malvaceae,Eriotheca roseorum,(Cuatrec.) A.Robyns,Ecuador
Malvaceae,Eriotheca ruizii,(K.Schum.) A.Robyns,Ecuador
Malvaceae,Eriotheca squamigera,(Cuatrec.) Fern.Alonso,Ecuador
Malvaceae,Gossypium barbadense,L.,Ecuador
Malvaceae,Gossypium darwinii,G.Watt,Ecuador
Malvaceae,Guazuma ulmifolia,Lam.,Ecuador
Malvaceae,Heliocarpus americanus,L.,Ecuador
Malvaceae,Herrania balaensis,H.Preuss,Ecuador
Malvaceae,Herrania breviligulata,R.E. Schult.,Ecuador
Malvaceae,Herrania cuatrecasasiana,García-Barr.,Ecuador
Malvaceae,Herrania dugandii,García-Barr.,Ecuador
Malvaceae,Herrania kofanorum,R.E. Schultes,Ecuador
Malvaceae,Herrania nycterodendron,R.E. Schult.,Ecuador
Malvaceae,Herrania pulcherrima,Goudot,Ecuador
Malvaceae,Herrania purpurea,(Pittier) R.E.Schult.,Ecuador
Malvaceae,Hibiscus tiliaceus,L.,Ecuador
Malvaceae,Huberodendron patinoi,Cuatrec.,Ecuador
Malvaceae,Huberodendron swietenioides,(Gleason) Ducke,Ecuador
Malvaceae,Luehea cymulosa,Spruce ex Benth.,Ecuador
Malvaceae,Lueheopsis duckeana,Burret,Ecuador
Malvaceae,Lueheopsis hoehnei,Burret,Ecuador
Malvaceae,Matisia alata,Little,Ecuador
Malvaceae,Matisia arteagensis,Cuatrec.,Ecuador
Malvaceae,Matisia bolivarii,Cuatrec.,Ecuador
Malvaceae,Matisia bracteolosa,Ducke,Ecuador
Malvaceae,Matisia calimana,Cuatrec.,Ecuador
Malvaceae,Matisia castano,H.Karst. & Triana,Ecuador
Malvaceae,Matisia coloradorum,Benoist,Ecuador
Malvaceae,Matisia cordata,Bonpl.,Ecuador
Malvaceae,Matisia floccosa,Fern.Alonso,Ecuador
Malvaceae,Matisia giacomettoi,Romero,Ecuador
Malvaceae,Matisia huallagensis,Cuatrec.,Ecuador
Malvaceae,Matisia lasiocalyx,K.Schum.,Ecuador
Malvaceae,Matisia longipes,Little,Ecuador
Malvaceae,Matisia malacocalyx,(A.Robyns & S.Nilsson) W.S.Alverson,Ecuador
Malvaceae,Matisia obliquifolia,Standl.,Ecuador
Malvaceae,Matisia oblongifolia,Poepp. & Endl.,Ecuador
Malvaceae,Matisia ochrocalyx,K.Schum.,Ecuador
Malvaceae,Matisia pacifica,Fern.Alonso,Ecuador
Malvaceae,Matisia palenquiana,(A.Robyns) W.S.Alverson,Ecuador
Malvaceae,Matisia soegengii,Cuatrec.,Ecuador
Malvaceae,Matisia stenopetala,Standl. & Cuatrec.,Ecuador
Malvaceae,Mollia gracilis,Spruce ex Benth.,Ecuador
Malvaceae,Mollia lepidota,Spruce ex Benth.,Ecuador
Malvaceae,Ochroma pyramidale,(Cav. ex Lam.) Urb.,Ecuador
Malvaceae,Pachira aquatica,Aubl.,Ecuador
Malvaceae,Pachira condorensis,Fern.Alonso & J.E.Guevara,Ecuador
Malvaceae,Pachira patinoi,(Dugand & A.Robyns) Fern.Alonso,Ecuador
Malvaceae,Pachira punga-schunkei,Fern. Alonso,Ecuador
Malvaceae,Pachira rupicola,(A.Robyns) W.S.Alverson,Ecuador
Malvaceae,Pachira subandina,(Dugand) Fern.Alonso,Ecuador
Malvaceae,Pachira trinitensis,Urb.,Ecuador
Malvaceae,Patinoa almirajo,Cuatrec.,Ecuador
Malvaceae,Patinoa paraensis,(Huber) Cuatrec.,Ecuador
Malvaceae,Pavonia leucantha,Poepp. ex Garcke,Ecuador
Malvaceae,Pentaplaris huaoranica,Dorr & C. Bayer,Ecuador
Malvaceae,Phragmotheca centinelensis,"J.C.Cerón, A.Fernández & J.E.Guevara",Ecuador
Malvaceae,Phragmotheca ecuadorensis,W.S. Alverson,Ecuador
Malvaceae,Phragmotheca leucoflora,D.R.Simpson,Ecuador
Malvaceae,Phragmotheca mammosa,W.S.Alverson,Ecuador
Malvaceae,Phragmotheca siderosa,Cuatrec.,Ecuador
Malvaceae,Pseudobombax millei,(Standl.) A. Robyns,Ecuador
Malvaceae,Pseudobombax munguba,(Mart. & Zucc.) Dugand,Ecuador
Malvaceae,Pseudobombax septenatum,(Jacq.) Dugand,Ecuador
Malvaceae,Quararibea amazonica,Ulbr.,Ecuador
Malvaceae,Quararibea asterolepis,Pittier,Ecuador
Malvaceae,Quararibea caldasiana,Fern.Alonso,Ecuador
Malvaceae,Quararibea casasecae,Fern. Alonso & Castrov.,Ecuador
Malvaceae,Quararibea cornejoi,Fern.Alonso,Ecuador
Malvaceae,Quararibea grandifolia,(Little) Cuatrec.,Ecuador
Malvaceae,Quararibea guianensis,Aubl.,Ecuador
Malvaceae,Quararibea wittii,K.Schum. & Ulbr.,Ecuador
Malvaceae,Spirotheca awadendron,Fern. Alonso,Ecuador
Malvaceae,Spirotheca rosea,(Seem.) P.E.Gibbs & W.S.Alverson,Ecuador
Malvaceae,Sterculia apeibophylla,Ducke,Ecuador
Malvaceae,Sterculia apetala,(Jacq.) H.Karst.,Ecuador
Malvaceae,Sterculia colombiana,Sprague,Ecuador
Malvaceae,Sterculia corrugata,Little,Ecuador
Malvaceae,Sterculia frondosa,Rich.,Ecuador
Malvaceae,Sterculia guapayensis,Cuatrec.,Ecuador
Malvaceae,Sterculia peruviana,(D.R.Simpson) E.L.Taylor ex Brako & Zarucchi,Ecuador
Malvaceae,Sterculia pruriens,(Aubl.) K.Schum.,Ecuador
Malvaceae,Sterculia rugosa,R.Br.,Ecuador
Malvaceae,Sterculia tessmannii,Mildbr.,Ecuador
Malvaceae,Theobroma bicolor,Bonpl.,Ecuador
Malvaceae,Theobroma cacao,L.,Ecuador
Malvaceae,Theobroma gileri,Cuatrec.,Ecuador
Malvaceae,Theobroma glaucum,H.Karst.,Ecuador
Malvaceae,Theobroma subincanum,Mart.,Ecuador
Malvaceae,Trichospermum galeottii,(Turcz.) Kosterm.,Ecuador
Malvaceae,Trichospermum mexicanum,(DC.) Baill.,Ecuador
Malvaceae,Triumfetta bogotensis,DC.,Ecuador
Malvaceae,Triumfetta grandiflora,Vahl,Ecuador
Malvaceae,Triumfetta lappula,L.,Ecuador
Malvaceae,Triumfetta semitriloba,Jacq.,Ecuador
Malvaceae,Wercklea ferox,(Hook.) Fryxell,Ecuador
Melastomataceae,Andesanthus gleasonianus,(Wurdack) P.J.F.Guim. & Michelang.,Ecuador
Melastomataceae,Andesanthus lepidotus,(Humb. & Bonpl.) P.J.F.Guim. & Michelang.,Ecuador
Melastomataceae,Andesanthus paleaceus,(Triana) P.J.F.Guim. & Michelang.,Ecuador
Melastomataceae,Axinaea affinis,Cogn.,Ecuador
Melastomataceae,Axinaea flava,"E.Cotton, Bussmann & P.Lozano",Ecuador
Melastomataceae,Axinaea floribunda,Triana,Ecuador
Melastomataceae,Axinaea glandulosa,Ruiz & Pav.,Ecuador
Melastomataceae,Axinaea lehmannii,Cogn.,Ecuador
Melastomataceae,Axinaea macrophylla,(Naudin) Triana,Ecuador
Melastomataceae,Axinaea merianiae,(DC.) Triana,Ecuador
Melastomataceae,Axinaea oblongifolia,(Cogn.) Wurdack,Ecuador
Melastomataceae,Axinaea pauciflora,Cogn.,Ecuador
Melastomataceae,Axinaea quitensis,Benoist,Ecuador
Melastomataceae,Axinaea sclerophylla,Triana,Ecuador
Melastomataceae,Axinaea scutigera,Triana,Ecuador
Melastomataceae,Axinaea sessilifolia,Triana,Ecuador
Melastomataceae,Axinaea sodiroi,Wurdack,Ecuador
Melastomataceae,Bellucia grossularioides,(L.) Triana,Ecuador
Melastomataceae,Bellucia klugii,"(S.S.Renner) Penneys, Michelang., Judd & Almeda",Ecuador
Melastomataceae,Bellucia mespiloides,(Miq.) Macbr.,Ecuador
Melastomataceae,Bellucia pentamera,Naudin,Ecuador
Melastomataceae,Bellucia spruceana,(Triana) J.F.Macbr.,Ecuador
Melastomataceae,Bellucia subandina,"(Wurdack) Penneys, Michelang., Judd & Almeda",Ecuador
Melastomataceae,Bellucia umbellata,Gleason,Ecuador
Melastomataceae,Blakea acostae,Wurdack        ,Ecuador
Melastomataceae,Blakea brasiliensis,Cogn.,Ecuador
Melastomataceae,Blakea calycularis,(Naudin) Penneys & Almeda,Ecuador
Melastomataceae,Blakea glabrescens,Benth.,Ecuador
Melastomataceae,Blakea glandulosa,Gleason,Ecuador
Melastomataceae,Blakea harlingii,Wurdack,Ecuador
Melastomataceae,Blakea hirsuta,Berg ex Triana,Ecuador
Melastomataceae,Blakea hirsutissima,(J.F.Macbr.) Wurdack,Ecuador
Melastomataceae,Blakea induta,(Markgr.) Penneys & Judd,Ecuador
Melastomataceae,Blakea involvens,Markgr.        ,Ecuador
Melastomataceae,Blakea jativae,Wurdack        ,Ecuador
Melastomataceae,Blakea macbrydei,(Wurdack) Penneys & Judd,Ecuador
Melastomataceae,Blakea maguirei,(Wurdack) Penneys & Judd,Ecuador
Melastomataceae,Blakea multiflora,D.Don.,Ecuador
Melastomataceae,Blakea nangaritzana,"D. Fernández, C. Ulloa & Penneys",Ecuador
Melastomataceae,Blakea oldemanii,Wurdack,Ecuador
Melastomataceae,Blakea podagrica,Triana,Ecuador
Melastomataceae,Blakea punctulata,(Triana) Wurdack,Ecuador
Melastomataceae,Blakea repens,(Ruiz & Pav.) D. Don,Ecuador
Melastomataceae,Blakea rosea,(Ruiz & Pav.) D. Don,Ecuador
Melastomataceae,Blakea rotundifolia,D. Don,Ecuador
Melastomataceae,Blakea sawadae,J.F.Macbr.,Ecuador
Melastomataceae,Blakea setosa,(Triana) Penneys & Judd,Ecuador
Melastomataceae,Blakea spruceana,Cogn.,Ecuador
Melastomataceae,Blakea subconnata,O. Berg ex Triana,Ecuador
Melastomataceae,Blakea subscabrula,(Triana) Penneys & Judd,Ecuador
Melastomataceae,Blakea subvaginata,Wurdack,Ecuador
Melastomataceae,Blakea verrucosa,(Wurdack) Penneys & Judd,Ecuador
Melastomataceae,Brachyotum gleasonii,Wurdack,Ecuador
Melastomataceae,Centronia laurifolia,D. Don,Ecuador
Melastomataceae,Chaetogastra ciliaris,(Vent.) DC.,Ecuador
Melastomataceae,Chaetogastra mollis,(Bonpl.) DC.,Ecuador
Melastomataceae,Chalybea brevipedunculata,"Penneys, C. Ulloa & D. Fernández",Ecuador
Melastomataceae,Chalybea ecuadorensis,(Wurdack) Penneys & M.E. Morales,Ecuador
Melastomataceae,Clidemia allardii,Wurdack,Ecuador
Melastomataceae,Clidemia capitellata,(Bonpl.) D. Don,Ecuador
Melastomataceae,Clidemia dentata,Pav. ex D. Don,Ecuador
Melastomataceae,Clidemia dimorphica,J.F.Macbr.,Ecuador
Melastomataceae,Clidemia discolor,(Triana) Cogn.,Ecuador
Melastomataceae,Clidemia epiphytica,(Triana) Cogn.,Ecuador
Melastomataceae,Clidemia inobsepta,Wurdack,Ecuador
Melastomataceae,Clidemia longipedunculata,E. Cotton,Ecuador
Melastomataceae,Clidemia ostrina,Gleason,Ecuador
Melastomataceae,Clidemia rubra,(Aubl.) Mart.,Ecuador
Melastomataceae,Clidemia sessiliflora,(Naudin) Cogn.,Ecuador
Melastomataceae,Conostegia attenuata,Triana,Ecuador
Melastomataceae,Conostegia cuatrecasasii,Gleason,Ecuador
Melastomataceae,Conostegia dentata,Triana,Ecuador
Melastomataceae,Conostegia hammelii,(Almeda) Kriebel,Ecuador
Melastomataceae,Conostegia lasiopoda,Benth.,Ecuador
Melastomataceae,Conostegia micrantha,Standl.,Ecuador
Melastomataceae,Conostegia polyandra,Benth.,Ecuador
Melastomataceae,Conostegia rufescens,Naudin,Ecuador
Melastomataceae,Conostegia subcrustulata,(Beurl.) Triana,Ecuador
Melastomataceae,Conostegia tenuifolia,Donn.Sm.,Ecuador
Melastomataceae,Desmoscelis villosa,(Aubl.) Naudin,Ecuador
Melastomataceae,Graffenrieda calyptrelloides,Wurdack        ,Ecuador
Melastomataceae,Graffenrieda colombiana,Gleason,Ecuador
Melastomataceae,Graffenrieda cucullata,(Triana) L.O. Williams,Ecuador
Melastomataceae,Graffenrieda emarginata,(Ruiz & Pav.) Triana,Ecuador
Melastomataceae,Graffenrieda galeottii,(Naudin) L.O. Williams,Ecuador
Melastomataceae,Graffenrieda gracilis,(Triana) L.O. Williams,Ecuador
Melastomataceae,Graffenrieda intermedia,Triana,Ecuador
Melastomataceae,Graffenrieda miconioides,Naudin,Ecuador
Melastomataceae,Graffenrieda phoenicea,Markgr.,Ecuador
Melastomataceae,Graffenrieda scandens,(Gleason) Wurdack,Ecuador
Melastomataceae,Henriettea fascicularis,(Sw.) M.Gómez,Ecuador
Melastomataceae,Henriettea lasiostylis,Pilg.,Ecuador
Melastomataceae,Henriettea lawrancei,"(Gleason) Penneys, F.A. Michelangeli, Judd & Almeda",Ecuador
Melastomataceae,Henriettea loretensis,(Gleason) J.F.Macbr.,Ecuador
Melastomataceae,Henriettea odorata,"(Markgr.) Penneys, F.A. Michelangeli, Judd & Almeda",Ecuador
Melastomataceae,Henriettea stellaris,O. Berg ex Triana,Ecuador
Melastomataceae,Henriettea tuberculosa,(Donn.Sm.) L.O.Williams,Ecuador
Melastomataceae,Henriettea verrucosa,(Triana) Berg ex Macbr.,Ecuador
Melastomataceae,Leandra chaetodon,(DC.) Cogn.,Ecuador
Melastomataceae,Leandra granatensis,Gleason,Ecuador
Melastomataceae,Leandra nervosa,(Naudin) Cogn.,Ecuador
Melastomataceae,Leandra solenifera,Cogn.,Ecuador
Melastomataceae,Leandra subseriata,(Naudin) Cogn.,Ecuador
Melastomataceae,Maieta guianensis,Aubl.,Ecuador
Melastomataceae,Meriania acostae,Wurdack        ,Ecuador
Melastomataceae,Meriania aguaditensis,Humberto Mend. & Fern.Alonso,Ecuador
Melastomataceae,Meriania ampla,Wurdack        ,Ecuador
Melastomataceae,Meriania campii,Wurdack        ,Ecuador
Melastomataceae,Meriania cuneifolia,Gleason,Ecuador
Melastomataceae,Meriania denticulata,(Gleason) Wurdack,Ecuador
Melastomataceae,Meriania drakei,(Cogn.) Wurdack,Ecuador
Melastomataceae,Meriania franciscana,C. Ulloa & Homeier,Ecuador
Melastomataceae,Meriania furvanthera,Wurdack,Ecuador
Melastomataceae,Meriania hernandi,L.Uribe,Ecuador
Melastomataceae,Meriania hexamera,Sprague,Ecuador
Melastomataceae,Meriania kirkbridei,Wurdack,Ecuador
Melastomataceae,Meriania maxima,Markgr.,Ecuador
Melastomataceae,Meriania pastazana,Wurdack,Ecuador
Melastomataceae,Meriania peltata,L.Uribe,Ecuador
Melastomataceae,Meriania phlomoides,(Triana) Almeda,Ecuador
Melastomataceae,Meriania radula,(Benth.) Triana,Ecuador
Melastomataceae,Meriania rigida,(Benth.) Triana,Ecuador
Melastomataceae,Meriania speciosa,(Bonpl.) Naudin,Ecuador
Melastomataceae,Meriania stellata,(Gleason) Wurdack       ,Ecuador
Melastomataceae,Meriania tomentosa,(Cogn.) Wurdack,Ecuador
Melastomataceae,Meriania zunacensis,D.Fernández & Dellinger,Ecuador
Melastomataceae,Miconia abbreviata,Markgr.,Ecuador
Melastomataceae,Miconia aequatorialis,Wurdack,Ecuador
Melastomataceae,Miconia aeruginosa,Naudin,Ecuador
Melastomataceae,Miconia affinis,DC.,Ecuador
Melastomataceae,Miconia albertobrenesii,Gamba & Almeda,Ecuador
Melastomataceae,Miconia albicans,(Sw.) Steud.,Ecuador
Melastomataceae,Miconia amazonica,Triana,Ecuador
Melastomataceae,Miconia amnicola,Wurdack,Ecuador
Melastomataceae,Miconia ampla,Triana,Ecuador
Melastomataceae,Miconia appendiculata,Triana,Ecuador
Melastomataceae,Miconia asperrima,Triana,Ecuador
Melastomataceae,Miconia aspratilis,Wurdack        ,Ecuador
Melastomataceae,Miconia astroplocama,Donn. Sm.,Ecuador
Melastomataceae,Miconia aulocalyx,Mart.,Ecuador
Melastomataceae,Miconia aurantiaca,(Almeda & Kriebel) Gamba & Almeda,Ecuador
Melastomataceae,Miconia aurea,(D. Don) Naudin,Ecuador
Melastomataceae,Miconia aureoides,Cogn.,Ecuador
Melastomataceae,Miconia baillonii,M.Gómez,Ecuador
Melastomataceae,Miconia barbeyana,Cogn.,Ecuador
Melastomataceae,Miconia barbinervis,(Benth.) Triana,Ecuador
Melastomataceae,Miconia barbipilis,Gleason        ,Ecuador
Melastomataceae,Miconia beneolens,Wurdack        ,Ecuador
Melastomataceae,Miconia biglandulosa,Gleason,Ecuador
Melastomataceae,Miconia bipatrialis,Wurdack,Ecuador
Melastomataceae,Miconia boekei,(Wurdack) Gamba & Almeda,Ecuador
Melastomataceae,Miconia brachybotrya,Triana,Ecuador
Melastomataceae,Miconia brachycalyx,Triana,Ecuador
Melastomataceae,Miconia bracteolata,(Bonpl.) DC.,Ecuador
Melastomataceae,Miconia bractiflora,Gamba & Almeda,Ecuador
Melastomataceae,Miconia brevitheca,Gleason,Ecuador
Melastomataceae,Miconia bubalina,Naudin,Ecuador
Melastomataceae,Miconia caelata,(Bonpl.) DC.,Ecuador
Melastomataceae,Miconia caesariata,Wurdack,Ecuador
Melastomataceae,Miconia cajanumana,Wurdack,Ecuador
Melastomataceae,Miconia calvescens,DC.,Ecuador
Melastomataceae,Miconia campii,Wurdack,Ecuador
Melastomataceae,Miconia cannabina,Markgr.,Ecuador
Melastomataceae,Miconia caquetana,(Sprague) Michelang.,Ecuador
Melastomataceae,Miconia castillensis,Wurdack,Ecuador
Melastomataceae,Miconia castrensis,Wurdack        ,Ecuador
Melastomataceae,Miconia caudatifolia,Michelang.,Ecuador
Melastomataceae,Miconia cazaletii,Wurdack,Ecuador
Melastomataceae,Miconia centrodesma,Naudin,Ecuador
Melastomataceae,Miconia centronioides,Gleason,Ecuador
Melastomataceae,Miconia cercophora,Wurdack,Ecuador
Melastomataceae,Miconia chrysophylla,(Rich.) Urb.,Ecuador
Melastomataceae,Miconia ciliata,(Rich.) DC.,Ecuador
Melastomataceae,Miconia cladonia,Gleason,Ecuador
Melastomataceae,Miconia clathrantha,Triana ex Cogn.,Ecuador
Melastomataceae,Miconia conoapiculata,Michelang.,Ecuador
Melastomataceae,Miconia conocentronioides,Michelang.,Ecuador
Melastomataceae,Miconia cooperi,(Cogn.) Michelang.,Ecuador
Melastomataceae,Miconia crebribullata,Wurdack,Ecuador
Melastomataceae,Miconia cuprea,Wurdack        ,Ecuador
Melastomataceae,Miconia decurrens,Cogn.,Ecuador
Melastomataceae,Miconia dielsii,Markgr.,Ecuador
Melastomataceae,Miconia dissimulans,Wurdack,Ecuador
Melastomataceae,Miconia divergens,Triana,Ecuador
Melastomataceae,Miconia dodecandra,Cogn.,Ecuador
Melastomataceae,Miconia dodsonii,Wurdack        ,Ecuador
Melastomataceae,Miconia dolichorrhyncha,Naudin,Ecuador
Melastomataceae,Miconia dorsiloba,Gleason,Ecuador
Melastomataceae,Miconia dudleyi,Wurdack,Ecuador
Melastomataceae,Miconia egensis,Cogn.,Ecuador
Melastomataceae,Miconia elata,(Sw.) DC.,Ecuador
Melastomataceae,Miconia erikasplundii,Gamba & Almeda,Ecuador
Melastomataceae,Miconia erioclada,Triana,Ecuador
Melastomataceae,Miconia extinctoria,(Humb. & Bonpl.) Michelang.,Ecuador
Melastomataceae,Miconia filamentosa,Gleason,Ecuador
Melastomataceae,Miconia floribunda,(Bonpl.) DC.,Ecuador
Melastomataceae,Miconia fosteri,Wurdack,Ecuador
Melastomataceae,Miconia gibba,Markgr.,Ecuador
Melastomataceae,Miconia glandulistyla,Wurdack,Ecuador
Melastomataceae,Miconia glaucescens,Triana,Ecuador
Melastomataceae,Miconia glyptophylla,Wurdack        ,Ecuador
Melastomataceae,Miconia gracilis,Triana,Ecuador
Melastomataceae,Miconia grandifoliata,R.Goldenb. & Michelang.,Ecuador
Melastomataceae,Miconia hadrophylla,Wurdack,Ecuador
Melastomataceae,Miconia harlingii,Wurdack,Ecuador
Melastomataceae,Miconia heterochaeta,Wurdack,Ecuador
Melastomataceae,Miconia hexamera,Wurdack,Ecuador
Melastomataceae,Miconia huigrensis,Wurdack,Ecuador
Melastomataceae,Miconia hylophila,Wurdack,Ecuador
Melastomataceae,Miconia ibaguensis,(Bonpl.) Triana,Ecuador
Melastomataceae,Miconia imitans,Wurdack,Ecuador
Melastomataceae,Miconia impetiolaris,(Sw.) D. Don ex DC.,Ecuador
Melastomataceae,Miconia insularis,Gleason,Ecuador
Melastomataceae,Miconia intricata,Triana,Ecuador
Melastomataceae,Miconia jahnii,Pittier,Ecuador
Melastomataceae,Miconia laevigata,(L.) D. Don,Ecuador
Melastomataceae,Miconia lamprophylla,Triana,Ecuador
Melastomataceae,Miconia lasiocalyx,Cogn.,Ecuador
Melastomataceae,Miconia lateriflora,Cogn.,Ecuador
Melastomataceae,Miconia latifolia,(D. Don) Naudin,Ecuador
Melastomataceae,Miconia laxivenula,(Wurdack) Gamba & Almeda,Ecuador
Melastomataceae,Miconia ligustrina,(Sm.) Triana,Ecuador
Melastomataceae,Miconia littlei,Wurdack        ,Ecuador
Melastomataceae,Miconia livida,Triana,Ecuador
Melastomataceae,Miconia longifolia,(Aubl.) DC.,Ecuador
Melastomataceae,Miconia lugonis,Wurdack,Ecuador
Melastomataceae,Miconia macrotis,(Griseb.) Cogn.,Ecuador
Melastomataceae,Miconia manserichensis,(Wurdack) Michelang.,Ecuador
Melastomataceae,Miconia matthaei,Naudin,Ecuador
Melastomataceae,Miconia mazanana,J.F.Macbr.,Ecuador
Melastomataceae,Miconia media,(D. Don) Naudin,Ecuador
Melastomataceae,Miconia mediocris,Wurdack,Ecuador
Melastomataceae,Miconia micropetala,Cogn.,Ecuador
Melastomataceae,Miconia minutiflora,(Bonpl.) DC.,Ecuador
Melastomataceae,Miconia multiplinervia,Cogn.,Ecuador
Melastomataceae,Miconia multispicata,Naudin,Ecuador
Melastomataceae,Miconia namandensis,Wurdack,Ecuador
Melastomataceae,Miconia napoana,Wurdack,Ecuador
Melastomataceae,Miconia nasella,Wurdack        ,Ecuador
Melastomataceae,Miconia neomicrantha,Judd & Skean,Ecuador
Melastomataceae,Miconia nervosa,(Sm.) Triana,Ecuador
Melastomataceae,Miconia notabilis,Triana,Ecuador
Melastomataceae,Miconia nutans,Donn. Sm.,Ecuador
Melastomataceae,Miconia obscura,(Bonpl.) Naudin,Ecuador
Melastomataceae,Miconia ochracea,Triana,Ecuador
Melastomataceae,Miconia ombrophila,Wurdack        ,Ecuador
Melastomataceae,Miconia oraria,Wurdack,Ecuador
Melastomataceae,Miconia orcheotoma,Naudin,Ecuador
Melastomataceae,Miconia orescia,L.Uribe,Ecuador
Melastomataceae,Miconia ortiziae,(Kriebel) Michelang.,Ecuador
Melastomataceae,Miconia paleacea,Cogn.,Ecuador
Melastomataceae,Miconia pastazana,Wurdack,Ecuador
Melastomataceae,Miconia pausana,Wurdack        ,Ecuador
Melastomataceae,Miconia penningtonii,Wurdack,Ecuador
Melastomataceae,Miconia phaeochaeta,Wurdack,Ecuador
Melastomataceae,Miconia phlebodes,Wurdack,Ecuador
Melastomataceae,Miconia pileata,DC.,Ecuador
Melastomataceae,Miconia pisinniflora,Wurdack,Ecuador
Melastomataceae,Miconia poeppigii,Triana,Ecuador
Melastomataceae,Miconia poortmannii,(Cogn.) Wurdack,Ecuador
Melastomataceae,Miconia prasina,(Sw.) DC.,Ecuador
Melastomataceae,Miconia prominens,Wurdack        ,Ecuador
Melastomataceae,Miconia protuberans,Wurdack,Ecuador
Melastomataceae,Miconia pterocaulon,Triana,Ecuador
Melastomataceae,Miconia punctata,(Desr.) D. Don ex DC.,Ecuador
Melastomataceae,Miconia pustulata,Naudin,Ecuador
Melastomataceae,Miconia quadricaulis,Michelang.,Ecuador
Melastomataceae,Miconia quadridomius,Gamba & Almeda,Ecuador
Melastomataceae,Miconia quadripora,Wurdack,Ecuador
Melastomataceae,Miconia reducens,Triana,Ecuador
Melastomataceae,Miconia renneri,E.Cotton,Ecuador
Melastomataceae,Miconia rimbachii,Wurdack,Ecuador
Melastomataceae,Miconia rivalis,Wurdack,Ecuador
Melastomataceae,Miconia rivetii,Danguy & Cherm.,Ecuador
Melastomataceae,Miconia ruizii,Naudin,Ecuador
Melastomataceae,Miconia rupticalyx,Wurdack,Ecuador
Melastomataceae,Miconia salicifolia,(Bonpl. ex Naudin) Naudin,Ecuador
Melastomataceae,Miconia sciurea,L.Uribe,Ecuador
Melastomataceae,Miconia scutata,Gleason,Ecuador
Melastomataceae,Miconia semisterilis,Gleason,Ecuador
Melastomataceae,Miconia serrulata,(DC.) Naudin,Ecuador
Melastomataceae,Miconia smaragdina,Naudin,Ecuador
Melastomataceae,Miconia sodiroi,Wurdack,Ecuador
Melastomataceae,Miconia sparrei,Wurdack,Ecuador
Melastomataceae,Miconia spennerostachya,Naudin,Ecuador
Melastomataceae,Miconia splendens,(Sw.) Griseb.,Ecuador
Melastomataceae,Miconia stelligera,Cogn.,Ecuador
Melastomataceae,Miconia stenoptera,(Gleason) Michelang.,Ecuador
Melastomataceae,Miconia stephanotricha,(Naudin) Michelang.,Ecuador
Melastomataceae,Miconia stipitata,Gleason,Ecuador
Melastomataceae,Miconia subspicata,Wurdack,Ecuador
Melastomataceae,Miconia ternatifolia,Triana,Ecuador
Melastomataceae,Miconia theaezans,Cogn.,Ecuador
Melastomataceae,Miconia tinifolia,Naudin,Ecuador
Melastomataceae,Miconia tococa,(Desr.) Michelang.,Ecuador
Melastomataceae,Miconia tococapitata,Michelang.,Ecuador
Melastomataceae,Miconia tococoronata,Michelang.,Ecuador
Melastomataceae,Miconia tomentosa,(Rich.) D. Don ex DC.,Ecuador
Melastomataceae,Miconia transversa,Gleason,Ecuador
Melastomataceae,Miconia triangularis,Gleason,Ecuador
Melastomataceae,Miconia trinervia,(Sw.) D. Don ex Loudon,Ecuador
Melastomataceae,Miconia triplinervis,Ruiz & Pav.,Ecuador
Melastomataceae,Miconia variabilis,Gamba & Almeda,Ecuador
Melastomataceae,Miconia venulosa,Wurdack,Ecuador
Melastomataceae,Miconia versicolor,Naudin,Ecuador
Melastomataceae,Miconia villonacensis,Wurdack        ,Ecuador
Melastomataceae,Miconia yeseniae,"W.Palacios, D.Fernández & Michelang.",Ecuador
Melastomataceae,Miconia zubenetana,J.F.Macbr.,Ecuador
Melastomataceae,Mouriri acutiflora,Naudin,Ecuador
Melastomataceae,Mouriri floribunda,Markgr.,Ecuador
Melastomataceae,Mouriri grandiflora,DC.,Ecuador
Melastomataceae,Mouriri huberi,Cogn.,Ecuador
Melastomataceae,Mouriri impressinerva,Morley,Ecuador
Melastomataceae,Mouriri laxiflora,Morley,Ecuador
Melastomataceae,Mouriri myrtifolia,Spruce ex Triana,Ecuador
Melastomataceae,Mouriri myrtilloides,(Sw.) Poir.,Ecuador
Melastomataceae,Mouriri nervosa,Pilg.,Ecuador
Melastomataceae,Mouriri nigra,(DC.) Morley,Ecuador
Melastomataceae,Mouriri tessmannii,Markgr.        ,Ecuador
Melastomataceae,Ossaea cucullata,Gleason,Ecuador
Melastomataceae,Tessmannianthus cenepensis,Wurdack,Ecuador
Melastomataceae,Tessmannianthus heterostemon,Markgr.,Ecuador
Melastomataceae,Tibouchina longifolia,(Vahl) Baill.,Ecuador
Melastomataceae,Tibouchina ochypetala,(Ruiz & Pav.) Baill.,Ecuador
Melastomataceae,Wurdastom dorrii,(Wurdack) B.Walln.,Ecuador
Melastomataceae,Wurdastom ecuadorensis,(Wurdack) B.Walln.,Ecuador
Meliaceae,Carapa alticola,Kenfack & Á.J.Pérez,Ecuador
Meliaceae,Carapa amorphocarpa,W.Palacios,Ecuador
Meliaceae,Carapa guianensis,Aubl.,Ecuador
Meliaceae,Carapa longipetala,Kenfack,Ecuador
Meliaceae,Carapa megistocarpa,A.H.Gentry & Dodson,Ecuador
Meliaceae,Carapa nicaraguensis,C.DC.,Ecuador
Meliaceae,Cedrela angusticarpa,W.Palacios,Ecuador
Meliaceae,Cedrela angustifolia,DC.,Ecuador
Meliaceae,Cedrela domatifolia,W.Palacios,Ecuador
Meliaceae,Cedrela fissilis,Vell.,Ecuador
Meliaceae,Cedrela kuelapensis,T.D.Penn. & Daza,Ecuador
Meliaceae,Cedrela montana,Moritz ex Turcz.,Ecuador
Meliaceae,Cedrela odorata,L.,Ecuador
Meliaceae,Guarea bijuga,C.DC.,Ecuador
Meliaceae,Guarea bullata,Radlk.,Ecuador
Meliaceae,Guarea carapoides,Harms,Ecuador
Meliaceae,Guarea carinata,Ducke,Ecuador
Meliaceae,Guarea cartaguenya,Cuatrec.,Ecuador
Meliaceae,Guarea cristata,T.D.Penn.,Ecuador
Meliaceae,Guarea ecuadoriensis,W.Palacios,Ecuador
Meliaceae,Guarea fissicalyx,Harms,Ecuador
Meliaceae,Guarea fistulosa,W.Palacios,Ecuador
Meliaceae,Guarea glabra,Vahl,Ecuador
Meliaceae,Guarea gomma,Pulle,Ecuador
Meliaceae,Guarea guentheri,Harms,Ecuador
Meliaceae,Guarea guidonia,(L.) Sleumer,Ecuador
Meliaceae,Guarea kunthiana,A.Juss.,Ecuador
Meliaceae,Guarea macrophylla,Vahl,Ecuador
Meliaceae,Guarea persistens,W.Palacios,Ecuador
Meliaceae,Guarea polymera,Little,Ecuador
Meliaceae,Guarea pterorhachis,Harms,Ecuador
Meliaceae,Guarea pubescens,(Rich.) A.Juss.,Ecuador
Meliaceae,Guarea purusana,C.DC.,Ecuador
Meliaceae,Guarea riparia,W.Palacios,Ecuador
Meliaceae,Guarea silvatica,C.DC.,Ecuador
Meliaceae,Guarea subandina,W.Palacios,Ecuador
Meliaceae,Ruagea glabra,Triana & Planch.,Ecuador
Meliaceae,Ruagea hirsuta,(C.DC.) Harms,Ecuador
Meliaceae,Ruagea insignis,(C.DC.) T.D.Penn.,Ecuador
Meliaceae,Ruagea membranacea,W. Palacios,Ecuador
Meliaceae,Ruagea microphylla,W.Palacios        ,Ecuador
Meliaceae,Ruagea parvifructa,T.D.Penn.,Ecuador
Meliaceae,Ruagea pubescens,H.Karst.,Ecuador
Meliaceae,Ruagea trisperma,Cuatrec.,Ecuador
Meliaceae,Schmardaea microphylla,(Hook.) H.Karst. ex Müll.Berol.,Ecuador
Meliaceae,Swietenia macrophylla,King,Ecuador
Meliaceae,Trichilia adolfi,Harms,Ecuador
Meliaceae,Trichilia elegans,A.Juss.,Ecuador
Meliaceae,Trichilia elsae,Harms,Ecuador
Meliaceae,Trichilia hirta,L.,Ecuador
Meliaceae,Trichilia inaequilatera,T.D.Penn.,Ecuador
Meliaceae,Trichilia laxipaniculata,Cuatrec.        ,Ecuador
Meliaceae,Trichilia martiana,C.DC.,Ecuador
Meliaceae,Trichilia mazanensis,J.F.Macbr.,Ecuador
Meliaceae,Trichilia micrantha,Benth.,Ecuador
Meliaceae,Trichilia moschata,Sw.,Ecuador
Meliaceae,Trichilia obovata,W. Palacios,Ecuador
Meliaceae,Trichilia pallida,Sw.,Ecuador
Meliaceae,Trichilia pittieri,C.DC.,Ecuador
Meliaceae,Trichilia pleeana,(A.Juss.) C.DC.,Ecuador
Meliaceae,Trichilia poeppigii,C.DC.,Ecuador
Meliaceae,Trichilia primogenita,W. Palacios,Ecuador
Meliaceae,Trichilia quadrijuga,(Miq.) Kunth,Ecuador
Meliaceae,Trichilia septentrionalis,C.DC.,Ecuador
Meliaceae,Trichilia solitudinis,Harms,Ecuador
Meliaceae,Trichilia tomentosa,Kunth,Ecuador
Meliaceae,Trichilia tuberculata,(Triana & Planch.) C. DC.,Ecuador
Menispermaceae,Abuta grandifolia,(Mart.) Sandwith,Ecuador
Menispermaceae,Abuta imene,(Mart.) Eichler,Ecuador
Menispermaceae,Abuta rufescens,Aubl.,Ecuador
Menispermaceae,Abuta velutina,Gleason,Ecuador
Metteniusaceae,Calatola costaricensis,Standl.,Ecuador
Metteniusaceae,Dendrobangia boliviana,Rusby,Ecuador
Metteniusaceae,Dendrobangia multinervia,Ducke,Ecuador
Metteniusaceae,Metteniusa edulis,H.Karst.,Ecuador
Metteniusaceae,Metteniusa nucifera,(Pittier) Sleumer,Ecuador
Metteniusaceae,Metteniusa tessmanniana,(Sleumer) Sleumer,Ecuador
Metteniusaceae,Poraqueiba sericea,Tul.,Ecuador
Monimiaceae,Mollinedia killipii,J.F.Macbr.,Ecuador
Monimiaceae,Mollinedia lanceolata,Ruiz & Pav.,Ecuador
Monimiaceae,Mollinedia maxima,J.F.Morales & Grayum,Ecuador
Monimiaceae,Mollinedia ovata,Ruiz & Pav.,Ecuador
Monimiaceae,Mollinedia repanda,Ruiz & Pav.,Ecuador
Monimiaceae,Mollinedia tomentosa,(Benth.) Tul.,Ecuador
Moraceae,Batocarpus amazonicus,(Ducke) Fosberg,Ecuador
Moraceae,Batocarpus costaricensis,Standl. & L.O.Williams,Ecuador
Moraceae,Batocarpus orinocensis,H.Karst.,Ecuador
Moraceae,Brosimum alicastrum,Sw.,Ecuador
Moraceae,Brosimum amazonicum,(Poepp. & Endl.) E.M.Gardner & Zerega,Ecuador
Moraceae,Brosimum guianense,(Aubl.) Huber ex Ducke,Ecuador
Moraceae,Brosimum lactescens,(S.Moore) C.C.Berg,Ecuador
Moraceae,Brosimum multinervium,C.C.Berg,Ecuador
Moraceae,Brosimum rubescens,Taub.,Ecuador
Moraceae,Brosimum sprucei,(Baill.) E.M.Gardner & Zerega,Ecuador
Moraceae,Brosimum utile,(Kunth) Oken,Ecuador
Moraceae,Castilla tunu,Hemsl.,Ecuador
Moraceae,Castilla ulei,Warb.,Ecuador
Moraceae,Clarisia biflora,Ruiz & Pav.,Ecuador
Moraceae,Clarisia racemosa,Ruiz & Pav.,Ecuador
Moraceae,Ficus americana,Aubl.,Ecuador
Moraceae,Ficus apollinaris,Dugand,Ecuador
Moraceae,Ficus banosensis,C.C.Berg,Ecuador
Moraceae,Ficus brevibracteata,W.C.Burger,Ecuador
Moraceae,Ficus caldasiana,Dugand,Ecuador
Moraceae,Ficus calimana,Dugand,Ecuador
Moraceae,Ficus carchiana,C.C.Berg,Ecuador
Moraceae,Ficus carvajalii,"Pedern., Pelissari & Romaniuc",Ecuador
Moraceae,Ficus casapiensis,(Miq.) Miq.,Ecuador
Moraceae,Ficus cervantesiana,Standl. & L.O.Williams,Ecuador
Moraceae,Ficus citrifolia,Mill.,Ecuador
Moraceae,Ficus coerulescens,(Rusby) Rossberg,Ecuador
Moraceae,Ficus crassiuscula,Warb. ex Standl.,Ecuador
Moraceae,Ficus crocata,(Miq.) Mart. ex Miq.,Ecuador
Moraceae,Ficus cuatrecasasiana,Dugand,Ecuador
Moraceae,Ficus donnell-smithii,Standl.,Ecuador
Moraceae,Ficus dulciaria,Dugand,Ecuador
Moraceae,Ficus ecuadorensis,C.C.Berg,Ecuador
Moraceae,Ficus gigantosyce,Dugand,Ecuador
Moraceae,Ficus gomelleira,Kunth & C.D.Bouché,Ecuador
Moraceae,Ficus guayaquilensis,Dugand,Ecuador
Moraceae,Ficus hartwegii,Miq.,Ecuador
Moraceae,Ficus herthae,Diels,Ecuador
Moraceae,Ficus insipida,Willd.,Ecuador
Moraceae,Ficus jacobii,Vázq.Avila,Ecuador
Moraceae,Ficus krukovii,Standl.,Ecuador
Moraceae,Ficus longifolia,Schott,Ecuador
Moraceae,Ficus macbridei,Standl.,Ecuador
Moraceae,Ficus macrosyce,Pittier,Ecuador
Moraceae,Ficus mathewsii,(Miq.) Miq.,Ecuador
Moraceae,Ficus matiziana,Dugand,Ecuador
Moraceae,Ficus maxima,Mill.,Ecuador
Moraceae,Ficus maximoides,C.C.Berg,Ecuador
Moraceae,Ficus membranacea,C.Wright,Ecuador
Moraceae,Ficus mutisii,Dugand,Ecuador
Moraceae,Ficus nymphaeifolia,Mill.,Ecuador
Moraceae,Ficus obtusifolia,Kunth,Ecuador
Moraceae,Ficus ocoana,Dugand,Ecuador
Moraceae,Ficus paraensis,(Miq.) Miq.,Ecuador
Moraceae,Ficus pertusa,L.f.,Ecuador
Moraceae,Ficus piresiana,Vázq.Avila & C.C.Berg,Ecuador
Moraceae,Ficus popenoei,Standl.,Ecuador
Moraceae,Ficus rieberiana,C.C.Berg,Ecuador
Moraceae,Ficus romeroi,Dugand,Ecuador
Moraceae,Ficus schippii,Standl.,Ecuador
Moraceae,Ficus sodiroi,Rossberg,Ecuador
Moraceae,Ficus sphenophylla,Standl.,Ecuador
Moraceae,Ficus tonduzii,Standl.,Ecuador
Moraceae,Ficus trapezicola,Dugand,Ecuador
Moraceae,Ficus trianae,Dugand,Ecuador
Moraceae,Ficus trigona,L.f.,Ecuador
Moraceae,Ficus ursina,Standl.,Ecuador
Moraceae,Ficus velutina,Humb. & Bonpl. ex Willd.,Ecuador
Moraceae,Ficus vittata,Vázq.Avila,Ecuador
Moraceae,Ficus yoponensis,Desv.,Ecuador
Moraceae,Ficus ypsilophlebia,Dugand,Ecuador
Moraceae,Helicostylis elegans,(J.F.Macbr.) C.C.Berg,Ecuador
Moraceae,Helicostylis heterotricha,Ducke        ,Ecuador
Moraceae,Helicostylis scabra,(J.F.Macbr.) C.C.Berg,Ecuador
Moraceae,Helicostylis tovarensis,(Klotzsch & H.Karst.) C.C.Berg,Ecuador
Moraceae,Helicostylis turbinata,C.C.Berg,Ecuador
Moraceae,Maclura tinctoria,(L.) D.Don ex Steud.,Ecuador
Moraceae,Maquira calophylla,(Poepp. & Endl.) C.C.Berg,Ecuador
Moraceae,Maquira coriacea,(H.Karst.) C.C.Berg,Ecuador
Moraceae,Maquira guianensis,Aubl.,Ecuador
Moraceae,Naucleopsis capirensis,C.C.Berg,Ecuador
Moraceae,Naucleopsis chiguila,Benoist        ,Ecuador
Moraceae,Naucleopsis concinna,(Standl.) C.C. Berg,Ecuador
Moraceae,Naucleopsis francisci,C.C. Berg & Homeier,Ecuador
Moraceae,Naucleopsis glabra,Spruce ex Pittier,Ecuador
Moraceae,Naucleopsis herrerensis,C.C. Berg,Ecuador
Moraceae,Naucleopsis imitans,(Ducke) C.C.Berg,Ecuador
Moraceae,Naucleopsis krukovii,(Standl.) C.C. Berg,Ecuador
Moraceae,Naucleopsis naga,Pittier,Ecuador
Moraceae,Naucleopsis oblongifolia,(Kuhlm.) Carauta,Ecuador
Moraceae,Naucleopsis ulei,(Warb.) Ducke,Ecuador
Moraceae,Olmedia aspera,Ruiz & Pav.,Ecuador
Moraceae,Paratrophis insignis,(Bureau) E.M.Gardner,Ecuador
Moraceae,Perebea angustifolia,(Poepp. & Endl.) C.C.Berg,Ecuador
Moraceae,Perebea guianensis,Aubl.,Ecuador
Moraceae,Perebea humilis,C.C. Berg,Ecuador
Moraceae,Perebea mollis,(Poepp. & Endl.) Huber,Ecuador
Moraceae,Perebea rubra,(Trécul) C.C. Berg,Ecuador
Moraceae,Perebea tessmannii,Mildbr.,Ecuador
Moraceae,Perebea xanthochyma,H.Karst.,Ecuador
Moraceae,Poulsenia armata,(Miq.) Standl.,Ecuador
Moraceae,Pseudolmedia gentryi,C.C.Berg,Ecuador
Moraceae,Pseudolmedia laevigata,Trécul,Ecuador
Moraceae,Pseudolmedia laevis,(Ruiz & Pav.) J.F.Macbr.,Ecuador
Moraceae,Pseudolmedia macrophylla,Trécul,Ecuador
Moraceae,Pseudolmedia manabiensis,C.C.Berg        ,Ecuador
Moraceae,Pseudolmedia rigida,(Klotzsch & H.Karst.) Cuatrec.,Ecuador
Moraceae,Sorocea jaramilloi,C.C. Berg,Ecuador
Moraceae,Sorocea muriculata,Miq.,Ecuador
Moraceae,Sorocea pubivena,Hemsl.,Ecuador
Moraceae,Sorocea sarcocarpa,Lanj. & Wess.Boer      ,Ecuador
Moraceae,Sorocea sprucei,(Baill.) J.F.Macbr.,Ecuador
Moraceae,Sorocea steinbachii,C.C. Berg,Ecuador
Moraceae,Sorocea trophoides,W.C.Burger,Ecuador
Moraceae,Trophis mexicana,(Liebm.) Bureau,Ecuador
Moraceae,Trophis racemosa,(L.) Urb.,Ecuador
Muntingiaceae,Muntingia calabura,L.,Ecuador
Myricaceae,Morella parvifolia,(Benth.) Parra-Os.,Ecuador
Myricaceae,Morella pubescens,(Humb. & Bonpl. ex Willd.) Wilbur,Ecuador
Myricaceae,Morella singularis,(Parra-O.) Parra-O.,Ecuador
Myristicaceae,Compsoneura capitellata,(Poepp. ex A.DC.) Warb.,Ecuador
Myristicaceae,Compsoneura lapidiflora,T.S.Jaram. & Balslev,Ecuador
Myristicaceae,Compsoneura mutisii,A.C.Sm.,Ecuador
Myristicaceae,Compsoneura sprucei,(A.DC.) Warb.,Ecuador
Myristicaceae,Iryanthera crassifolia,A.C.Sm.,Ecuador
Myristicaceae,Iryanthera elliptica,Ducke,Ecuador
Myristicaceae,Iryanthera grandis,Ducke,Ecuador
Myristicaceae,Iryanthera hostmannii,(Benth.) Warb.,Ecuador
Myristicaceae,Iryanthera juruensis,Warb.,Ecuador
Myristicaceae,Iryanthera laevis,Markgr.,Ecuador
Myristicaceae,Iryanthera lancifolia,Ducke,Ecuador
Myristicaceae,Iryanthera macrophylla,Warb.,Ecuador
Myristicaceae,Iryanthera paraensis,Huber,Ecuador
Myristicaceae,Iryanthera polyneura,Ducke,Ecuador
Myristicaceae,Iryanthera tessmannii,Markgr.,Ecuador
Myristicaceae,Osteophloeum platyspermum,(Spruce ex A.DC.) Warb.,Ecuador
Myristicaceae,Otoba cyclobasis,T.S.Jaram. & Balslev      ,Ecuador
Myristicaceae,Otoba gordoniifolia,(A.DC.) A.H.Gentry,Ecuador
Myristicaceae,Otoba gracilipes,(A.C.Sm.) A.H.Gentry,Ecuador
Myristicaceae,Otoba latialata,(Pittier) A.H.Gentry,Ecuador
Myristicaceae,Otoba lehmannii,(A.C.Sm.) A.H.Gentry,Ecuador
Myristicaceae,Otoba novogranatensis,Moldenke,Ecuador
Myristicaceae,Otoba parvifolia,(Markgr.) A.H.Gentry,Ecuador
Myristicaceae,Virola aequatorialis,Muriel & Balslev,Ecuador
Myristicaceae,Virola albidiflora,Ducke,Ecuador
Myristicaceae,Virola alvaroperezii,D.Santam.,Ecuador
Myristicaceae,Virola bombuscaroensis,D.Santam.,Ecuador
Myristicaceae,Virola calophylla,(Spruce) Warb.,Ecuador
Myristicaceae,Virola decorticans,Ducke,Ecuador
Myristicaceae,Virola dixonii,Little,Ecuador
Myristicaceae,Virola duckei,A.C.Sm.,Ecuador
Myristicaceae,Virola elongata,(Benth.) Warb.,Ecuador
Myristicaceae,Virola flexuosa,A.C.Sm.,Ecuador
Myristicaceae,Virola koschnyi,Warb.,Ecuador
Myristicaceae,Virola mollissima,(Poepp. ex A. DC.) Warb.,Ecuador
Myristicaceae,Virola multicostata,Ducke,Ecuador
Myristicaceae,Virola multinervia,Ducke,Ecuador
Myristicaceae,Virola obovata,Ducke,Ecuador
Myristicaceae,Virola pavonis,(A.DC.) A.C.Sm.,Ecuador
Myristicaceae,Virola peruviana,(A.DC.) Warb.,Ecuador
Myristicaceae,Virola reidii,Little,Ecuador
Myristicaceae,Virola sebifera,Aubl.,Ecuador
Myristicaceae,Virola surinamensis,(Rol. ex Rottb.) Warb.,Ecuador
Myristicaceae,Virola theiodora,(Spruce ex Benth.) Warb.,Ecuador
Myrtaceae,Amomyrtella irregularis,(McVaugh) Landrum & Morocho,Ecuador
Myrtaceae,Blepharocalyx salicifolius,(Kunth) O.Berg,Ecuador
Myrtaceae,Calycolpus aequatorialis,Landrum,Ecuador
Myrtaceae,Calycolpus moritzianus,(O.Berg) Burret,Ecuador
Myrtaceae,Campomanesia lineatifolia,Ruiz & Pav.,Ecuador
Myrtaceae,Campomanesia speciosa,(Diels) McVaugh,Ecuador
Myrtaceae,Eugenia albida,Humb. & Bonpl.,Ecuador
Myrtaceae,Eugenia ampla,M.L.Kawas. & B.Holst,Ecuador
Myrtaceae,Eugenia anastomosans,DC.,Ecuador
Myrtaceae,Eugenia biflora,(L.) DC.,Ecuador
Myrtaceae,Eugenia bullatifolia,M.L.Kawas. & Á.J.Pérez,Ecuador
Myrtaceae,Eugenia churutensis,Cornejo,Ecuador
Myrtaceae,Eugenia cuspidifolia,DC.,Ecuador
Myrtaceae,Eugenia dibrachiata,McVaugh,Ecuador
Myrtaceae,Eugenia dittocrepis,O.Berg,Ecuador
Myrtaceae,Eugenia egensis,DC.,Ecuador
Myrtaceae,Eugenia flavescens,DC.,Ecuador
Myrtaceae,Eugenia florida,DC.,Ecuador
Myrtaceae,Eugenia galalonensis,(C.Wright ex Griseb.) Krug & Urb.,Ecuador
Myrtaceae,Eugenia guayaquilensis,(Kunth) DC.,Ecuador
Myrtaceae,Eugenia heterochroma,Diels,Ecuador
Myrtaceae,Eugenia marowynensis,Miq.,Ecuador
Myrtaceae,Eugenia mimus,McVaugh,Ecuador
Myrtaceae,Eugenia monticola,(Sw.) DC.,Ecuador
Myrtaceae,Eugenia moschata,(Aubl.) Nied. ex T.Durand & B.D.Jacks.,Ecuador
Myrtaceae,Eugenia multirimosa,McVaugh,Ecuador
Myrtaceae,Eugenia oerstediana,O.Berg,Ecuador
Myrtaceae,Eugenia patens,Poir.,Ecuador
Myrtaceae,Eugenia patrisii,Vahl,Ecuador
Myrtaceae,Eugenia pusilliflora,M.L.Kawas. & B.Holst,Ecuador
Myrtaceae,Eugenia pustulescens,McVaugh,Ecuador
Myrtaceae,Eugenia sericifolia,M.L.Kawas. & B.Holst,Ecuador
Myrtaceae,Eugenia stipitata,McVaugh,Ecuador
Myrtaceae,Eugenia subterminalis,DC.,Ecuador
Myrtaceae,Eugenia valvata,McVaugh,Ecuador
Myrtaceae,Eugenia wentii,Amshoff,Ecuador
Myrtaceae,Eugenia yasuniana,B.Holst & M.L.Kawas.,Ecuador
Myrtaceae,Myrcia adenophylla,A.R.Lourenço & E.Lucas,Ecuador
Myrtaceae,Myrcia aequatoriensis,M.L.Kawas. & B.Holst,Ecuador
Myrtaceae,Myrcia aliena,McVaugh,Ecuador
Myrtaceae,Myrcia ampliflora,(M.L.Kawas.) A.R.Lourenço & E.Lucas,Ecuador
Myrtaceae,Myrcia aulomyrcioides,E.Lucas & C.E.Wilson,Ecuador
Myrtaceae,Myrcia bracteata,(Rich.) DC.,Ecuador
Myrtaceae,Myrcia brevispicata,(McVaugh) K.Campbell & E.Lucas,Ecuador
Myrtaceae,Myrcia compactiflora,(M.L.Kawas. & B.Holst) A.R.Lourenço & E.Lucas,Ecuador
Myrtaceae,Myrcia crassimarginata,McVaugh,Ecuador
Myrtaceae,Myrcia cuspidata,(Mart. ex DC.) A.R.Lourenço & E.Lucas,Ecuador
Myrtaceae,Myrcia densiflora,(Poepp. ex O.Berg) A.R.Lourenço & E.Lucas,Ecuador
Myrtaceae,Myrcia fasciata,McVaugh,Ecuador
Myrtaceae,Myrcia fenestrata,DC.,Ecuador
Myrtaceae,Myrcia gigantifolia,M.L.Kawas. & Á.J.Pérez,Ecuador
Myrtaceae,Myrcia glomerata,(Cambess.) G.P.Burton & E.Lucas,Ecuador
Myrtaceae,Myrcia guianensis,(Aubl.) DC.,Ecuador
Myrtaceae,Myrcia hylobates,(Standl. ex Amshoff) E.Lucas & K.Samra,Ecuador
Myrtaceae,Myrcia krugioides,(McVaugh) A.R.Lourenço & E.Lucas,Ecuador
Myrtaceae,Myrcia manuensis,(B.Holst & M.L.Kawas.) A.R.Lourenço & E.Lucas,Ecuador
Myrtaceae,Myrcia maxima,(McVaugh) A.R.Lourenço & Parra-Os.,Ecuador
Myrtaceae,Myrcia megapaniculata,A.R.Lourenço & Parra-Os.,Ecuador
Myrtaceae,Myrcia mollis,(Kunth) DC.,Ecuador
Myrtaceae,Myrcia neesiana,DC.,Ecuador
Myrtaceae,Myrcia neoforsteri,A.R.Lourenço & E.Lucas,Ecuador
Myrtaceae,Myrcia neofusca,A.R.Lourenço & E.Lucas,Ecuador
Myrtaceae,Myrcia neomacrocarpa,A.R.Lourenço & E.Lucas,Ecuador
Myrtaceae,Myrcia neoschomburgkiana,E.Lucas & C.E.Wilson,Ecuador
Myrtaceae,Myrcia neospeciosa,A.R.Lourenço & E.Lucas,Ecuador
Myrtaceae,Myrcia nervata,(M.L.Kawas. & B.Holst) A.R.Lourenço & E.Lucas,Ecuador
Myrtaceae,Myrcia obumbrans,(O.Berg) McVaugh,Ecuador
Myrtaceae,Myrcia pleophlebia,(Diels) G.P.Burton & E.Lucas,Ecuador
Myrtaceae,Myrcia plicata,(McVaugh) A.R.Lourenço & E.Lucas,Ecuador
Myrtaceae,Myrcia pulchella,(DC.) A.R.Lourenço & E.Lucas,Ecuador
Myrtaceae,Myrcia ruiziana,(O.Berg) A.R.Lourenço & Parra-Os.,Ecuador
Myrtaceae,Myrcia simulata,(McVaugh) A.R.Lourenço & Parra-Os.,Ecuador
Myrtaceae,Myrcia sparsiflora,(M.L.Kawas. & B.Holst) A.R.Lourenço & E.Lucas,Ecuador
Myrtaceae,Myrcia splendens,(Sw.) DC.,Ecuador
Myrtaceae,Myrcia subcordifolia,B.Holst & M.L.Kawas.,Ecuador
Myrtaceae,Myrcia tessmannii,(Burret ex McVaugh) A.R.Lourenço & E.Lucas,Ecuador
Myrtaceae,Myrcia tomentosa,(Aubl.) DC.,Ecuador
Myrtaceae,Myrcia umbraticola,(Kunth) E.Lucas & C.E.Wilson,Ecuador
Myrtaceae,Myrcia websteri,(B.Holst & M.L.Kawas.) A.R.Lourenço & E.Lucas,Ecuador
Myrtaceae,Myrcia yasuniana,(M.L.Kawas. & Á.J.Pérez) A.R.Lourenço & E.Lucas,Ecuador
Myrtaceae,Myrcianthes alaternifolia,(Benth.) Grifo ex B.Holst & M.L.Kawas.,Ecuador
Myrtaceae,Myrcianthes discolor,(Kunth) McVaugh,Ecuador
Myrtaceae,Myrcianthes fimbriata,(Kunth) McVaugh,Ecuador
Myrtaceae,Myrcianthes fragrans,(Sw.) McVaugh,Ecuador
Myrtaceae,Myrcianthes hallii,(O.Berg) McVaugh,Ecuador
Myrtaceae,Myrcianthes lindleyana,(Kunth) McVaugh,Ecuador
Myrtaceae,Myrcianthes myrsinoides,(Kunth) Grifo,Ecuador
Myrtaceae,Myrcianthes orthostemon,(O.Berg) Grifo,Ecuador
Myrtaceae,Myrcianthes prodigiosa,McVaugh,Ecuador
Myrtaceae,Myrcianthes rhopaloides,(Kunth) McVaugh,Ecuador
Myrtaceae,Myrciaria dubia,(Kunth) McVaugh,Ecuador
Myrtaceae,Myrciaria floribunda,(H.West ex Willd.) O.Berg,Ecuador
Myrtaceae,Myrciaria racemosa,M.L.Kawas.,Ecuador
Myrtaceae,Myrciaria vexator,McVaugh,Ecuador
Myrtaceae,Myrrhinium atropurpureum,Schott,Ecuador
Myrtaceae,Plinia inflata,McVaugh,Ecuador
Myrtaceae,Plinia valenciana,M.L.Kawas. & Á.J.Pérez,Ecuador
Myrtaceae,Psidium acidum,(Mart. ex DC.) Landrum,Ecuador
Myrtaceae,Psidium acutangulum,DC.,Ecuador
Myrtaceae,Psidium guajava,L.,Ecuador
Myrtaceae,Psidium guineense,Sw.,Ecuador
Myrtaceae,Psidium oligospermum,Mart. ex DC.,Ecuador
Myrtaceae,Psidium pedicellatum,McVaugh,Ecuador
Myrtaceae,Psidium rostratum,McVaugh,Ecuador
Myrtaceae,Siphoneugena dussii,(Krug & Urb.) Proença,Ecuador
Myrtaceae,Ugni myricoides,(Kunth) O.Berg,Ecuador
Nyctaginaceae,Guapira myrtiflora,(Standl.) Little,Ecuador
Nyctaginaceae,Guapira opposita,(Vell.) Reitz,Ecuador
Nyctaginaceae,Neea amplifolia,Donn.Sm.,Ecuador
Nyctaginaceae,Neea divaricata,Poepp. & Endl.,Ecuador
Nyctaginaceae,Neea laxa,Poepp. & Endl.,Ecuador
Nyctaginaceae,Neea macrophylla,Poepp. & Endl.,Ecuador
Nyctaginaceae,Neea ovalifolia,Spruce ex J.A.Schmidt,Ecuador
Nyctaginaceae,Neea parviflora,Poepp. & Endl.,Ecuador
Nyctaginaceae,Neea spruceana,Heimerl,Ecuador
Nyctaginaceae,Neea tristis,Heimerl,Ecuador
Nyctaginaceae,Neea verticillata,Ruiz & Pav.,Ecuador
Nyctaginaceae,Neea virens,Poepp. ex Heimerl,Ecuador
Nyctaginaceae,Pisonia aculeata,L.,Ecuador
Nyctaginaceae,Pisonia floribunda,Hook.f.,Ecuador
Ochnaceae,Cespedesia spathulata,(Ruiz & Pav.) Planch.,Ecuador
Ochnaceae,Godoya obovata,Ruiz & Pav.,Ecuador
Ochnaceae,Lacunaria crenata,(Tul.) A.C.Sm.,Ecuador
Ochnaceae,Lacunaria jenmanii,(Oliv.) Ducke,Ecuador
Ochnaceae,Lacunaria macrostachya,(Tul.) A.C.Sm.,Ecuador
Ochnaceae,Ouratea amplifolia,Sleumer,Ecuador
Ochnaceae,Ouratea aromatica,J.F.Macbr.,Ecuador
Ochnaceae,Ouratea iquitosensis,J.F.Macbr.,Ecuador
Ochnaceae,Ouratea pendula,Poepp. ex Engl.,Ecuador
Ochnaceae,Ouratea superba,Engl.,Ecuador
Ochnaceae,Ouratea weberbaueri,Sleumer,Ecuador
Ochnaceae,Ouratea williamsii,J.F.Macbr.,Ecuador
Ochnaceae,Quiina blackii,Pires,Ecuador
Ochnaceae,Quiina cruegeriana,Griseb.,Ecuador
Ochnaceae,Quiina florida,Tul.,Ecuador
Ochnaceae,Quiina grandifolia,Mildbr.,Ecuador
Ochnaceae,Quiina macrophylla,Tul.,Ecuador
Ochnaceae,Quiina obovata,Tul.,Ecuador
Ochnaceae,Quiina rhytidopus,Tul.,Ecuador
Ochnaceae,Quiina yatuensis,J.V.Schneid. & Zizka,Ecuador
Ochnaceae,Quiina zamorensis,J.V. Schneid. & Zizka,Ecuador
Olacaceae,Aptandra tubicina,(Poepp.) Benth. ex Miers,Ecuador
Olacaceae,Cathedra acuminata,(Benth.) Miers,Ecuador
Olacaceae,Curupira tefeensis,G.A.Black,Ecuador
Olacaceae,Dulacia candida,(Poepp.) Kuntze,Ecuador
Olacaceae,Heisteria acuminata,(Bonpl.) Engl.,Ecuador
Olacaceae,Heisteria asplundii,Sleumer,Ecuador
Olacaceae,Heisteria austroecuadorica,"Cornejo, Homeier & C.Ulloa",Ecuador
Olacaceae,Heisteria concinna,Standl.,Ecuador
Olacaceae,Heisteria cyathiformis,Little,Ecuador
Olacaceae,Heisteria latifolia,Standl.,Ecuador
Olacaceae,Heisteria ovata,Benth.,Ecuador
Olacaceae,Heisteria pacifica,P. Jørg. & C. Ulloa,Ecuador
Olacaceae,Heisteria scandens,Ducke,Ecuador
Olacaceae,Heisteria spruceana,Engl.,Ecuador
Olacaceae,Minquartia guianensis,Aubl.,Ecuador
Olacaceae,Ximenia americana,L.,Ecuador
Oleaceae,Chionanthus colonchensis,Cornejo & Bonifaz,Ecuador
Oleaceae,Chionanthus implicatus,(Rusby) P.S.Green,Ecuador
Oleaceae,Chionanthus pubescens,Kunth,Ecuador
Oleaceae,Forestiera ecuadorensis,Cornejo & Bonifaz,Ecuador
Oleaceae,Priogymnanthus apertus,(B.Ståhl) P.S.Green,Ecuador
Onagraceae,Ludwigia nervosa,(Poir.) H.Hara,Ecuador
Opiliaceae,Agonandra excelsa,Griseb.,Ecuador
Opiliaceae,Agonandra peruviana,Hiepko,Ecuador
Opiliaceae,Agonandra silvatica,Ducke,Ecuador
Papaveraceae,Bocconia integrifolia,Bonpl.,Ecuador
Passifloraceae,Dilkea retusa,Mast.,Ecuador
Passifloraceae,Passiflora macrophylla,Spruce ex Mast.,Ecuador
Passifloraceae,Passiflora putumayensis,Killip,Ecuador
Passifloraceae,Passiflora tina,R. Boender & Ulmer,Ecuador
Passifloraceae,Turnera hindsiana,Benth.        ,Ecuador
Peltantheraceae,Peltanthera floribunda,Benth.,Ecuador
Pentaphylacaceae,Freziera calophylla,Triana & Planch.,Ecuador
Pentaphylacaceae,Freziera canescens,Bonpl.,Ecuador
Pentaphylacaceae,Freziera chrysophylla,Bonpl.,Ecuador
Pentaphylacaceae,Freziera cuatrecasasii,Kobuski,Ecuador
Pentaphylacaceae,Freziera ecuadoriensis,D.Santam. & A.K.Monro,Ecuador
Pentaphylacaceae,Freziera golondrinensis,D.Santam. & A.K.Monro,Ecuador
Pentaphylacaceae,Freziera grandiflora,D.Santam. & D.A.Neill & Lagom.,Ecuador
Pentaphylacaceae,Freziera karsteniana,(Szyszyl.) Kobuski,Ecuador
Pentaphylacaceae,Freziera microphylla,Sandwith,Ecuador
Pentaphylacaceae,Freziera neillii,D.Santam.,Ecuador
Pentaphylacaceae,Freziera nervosa,Bonpl.,Ecuador
Pentaphylacaceae,Freziera reticulata,Bonpl.,Ecuador
Pentaphylacaceae,Freziera retinervia,Kobuski,Ecuador
Pentaphylacaceae,Freziera rufescens,(Kobuski) D.Santam. & A.K.Monro,Ecuador
Pentaphylacaceae,Freziera suberosa,Tul.,Ecuador
Pentaphylacaceae,Freziera tomentosa,(Ruiz & Pav.) Tul.,Ecuador
Pentaphylacaceae,Freziera tundaymensis,D.Santam.,Ecuador
Pentaphylacaceae,Freziera verrucosa,(Hieron.) Kobuski,Ecuador
Pentaphylacaceae,Freziera yanachagensis,D.Santam.,Ecuador
Pentaphylacaceae,Ternstroemia circumscissilis,Kobuski,Ecuador
Pentaphylacaceae,Ternstroemia cleistogama,Kobuski        ,Ecuador
Pentaphylacaceae,Ternstroemia jelskii,(Szyszył.) Melch.,Ecuador
Pentaphylacaceae,Ternstroemia lehmannii,(Hieron.) Urb.,Ecuador
Pentaphylacaceae,Ternstroemia macrocarpa,Triana & Planch.,Ecuador
Pentaphylacaceae,Ternstroemia washikiatii,Cornejo & C.Ulloa,Ecuador
Petiveriaceae,Seguieria americana,L.,Ecuador
Phyllanthaceae,Amanoa anomala,Little,Ecuador
Phyllanthaceae,Amanoa guianensis,Aubl.,Ecuador
Phyllanthaceae,Croizatia panamensis,G.L.Webster,Ecuador
Phyllanthaceae,Hieronyma alchorneoides,Allemão,Ecuador
Phyllanthaceae,Hieronyma asperifolia,Pax & K.Hoffm.,Ecuador
Phyllanthaceae,Hieronyma duquei,Cuatrec.,Ecuador
Phyllanthaceae,Hieronyma macrocarpa,Müll.Arg.,Ecuador
Phyllanthaceae,Hieronyma oblonga,(Tul.) Müll.Arg.,Ecuador
Phyllanthaceae,Hieronyma scabrida,(Tul.) Müll.Arg.,Ecuador
Phyllanthaceae,Jablonskia congesta,(Benth. ex Müll.Arg.) G.L.Webster,Ecuador
Phyllanthaceae,Margaritaria nobilis,L.f.,Ecuador
Phyllanthaceae,Phyllanthus acuminatus,Vahl,Ecuador
Phyllanthaceae,Phyllanthus anisolobus,Müll.Arg.,Ecuador
Phyllanthaceae,Phyllanthus attenuatus,Miq.,Ecuador
Phyllanthaceae,Phyllanthus huallagensis,Standl. ex Croizat,Ecuador
Phyllanthaceae,Phyllanthus juglandifolius,Willd.,Ecuador
Phyllanthaceae,Phyllanthus salviifolius,Kunth,Ecuador
Phyllanthaceae,Richeria dressleri,G.L.Webster,Ecuador
Phyllanthaceae,Richeria grandis,Vahl,Ecuador
Phyllanthaceae,Richeria tomentosa,Huft,Ecuador
Phyllonomaceae,Phyllonoma ruscifolia,Willd. ex Schult.,Ecuador
Phytolaccaceae,Phytolacca dioica,L.,Ecuador
Picramniaceae,Nothotalisia peruviana,(Standl.) W.W.Thomas,Ecuador
Picramniaceae,Picramnia gracilis,Tul.,Ecuador
Picramniaceae,Picramnia juniniana,J.F.Macbr.,Ecuador
Picramniaceae,Picramnia latifolia,Tul.,Ecuador
Picramniaceae,Picramnia magnifolia,J.F.Macbr.,Ecuador
Picramniaceae,Picramnia sellowii,Planch.,Ecuador
Picramniaceae,Picramnia sphaerocarpa,Planch.,Ecuador
Picramniaceae,Picramnia spruceana,Engl.,Ecuador
Picramniaceae,Picramnia teapensis,Tul.,Ecuador
Picramniaceae,Picramnia tumbesina,Cornejo,Ecuador
Piperaceae,Piper acutifolium,Ruiz & Pav.,Ecuador
Piperaceae,Piper aduncum,L.,Ecuador
Piperaceae,Piper aequale,Vahl,Ecuador
Piperaceae,Piper amalago,L.,Ecuador
Piperaceae,Piper andreanum,C. DC.,Ecuador
Piperaceae,Piper arboreum,Aubl.,Ecuador
Piperaceae,Piper augustum,Rudge,Ecuador
Piperaceae,Piper auritum,Kunth,Ecuador
Piperaceae,Piper baezanum,Sodiro ex C. DC.,Ecuador
Piperaceae,Piper begoniicolor,Trel. & Yunck.,Ecuador
Piperaceae,Piper bellidifolium,Yunck.,Ecuador
Piperaceae,Piper bogotense,C.DC.,Ecuador
Piperaceae,Piper cernuum,Vell.,Ecuador
Piperaceae,Piper crassinervium,Kunth,Ecuador
Piperaceae,Piper dilatatum,Rich.,Ecuador
Piperaceae,Piper friedrichsthalii,C.DC.,Ecuador
Piperaceae,Piper grande,Vahl,Ecuador
Piperaceae,Piper hispidum,Sw.,Ecuador
Piperaceae,Piper hostmannianum,(Miq.) C.DC.,Ecuador
Piperaceae,Piper hylophilum,C. DC.,Ecuador
Piperaceae,Piper imperiale,(Miq.) C.DC.,Ecuador
Piperaceae,Piper lacunosum,Kunth,Ecuador
Piperaceae,Piper laguna-cochanum,Trel. & Yunck.,Ecuador
Piperaceae,Piper lineatum,Ruiz & Pav.,Ecuador
Piperaceae,Piper longispicum,C.DC.,Ecuador
Piperaceae,Piper montanum,C. DC.,Ecuador
Piperaceae,Piper nudilimbum,C. DC.,Ecuador
Piperaceae,Piper obtusilimbum,C. DC.,Ecuador
Piperaceae,Piper perareolatum,C.DC.,Ecuador
Piperaceae,Piper perverrucosum,Trel. & Yunck.,Ecuador
Piperaceae,Piper pittieri,C.DC.,Ecuador
Piperaceae,Piper platylobum,Sodiro        ,Ecuador
Piperaceae,Piper puraceanum,Trel. & Yunck.,Ecuador
Piperaceae,Piper regale,C.DC.        ,Ecuador
Piperaceae,Piper reticulatum,L.,Ecuador
Piperaceae,Piper schiedeanum,Steud.,Ecuador
Piperaceae,Piper strigosum,Trel.,Ecuador
Piperaceae,Piper tuberculatum,Jacq.,Ecuador
Piperaceae,Piper umbriense,Trel. & Yunck.,Ecuador
Piperaceae,Piper villiramulum,C.DC.,Ecuador
Podocarpaceae,Podocarpus celatus,de Laub.,Ecuador
Podocarpaceae,Podocarpus glomeratus,D.Don,Ecuador
Podocarpaceae,Podocarpus guatemalensis,Standl.,Ecuador
Podocarpaceae,Podocarpus oleifolius,D.Don,Ecuador
Podocarpaceae,Podocarpus sprucei,Parl.,Ecuador
Podocarpaceae,Podocarpus tepuiensis,J.Buchholz & N.E.Gray,Ecuador
Podocarpaceae,Prumnopitys harmsiana,(Pilg.) de Laub.,Ecuador
Podocarpaceae,Prumnopitys montana,(Humb. & Bonpl. ex Willd.) de Laub.,Ecuador
Podocarpaceae,Retrophyllum rospigliosii,(Pilg.) C.N.Page,Ecuador
Polemoniaceae,Cantua pyrifolia,Juss. ex Lam.,Ecuador
Polygalaceae,Acanthocladus guayaquilensis,B.Eriksen & B.Ståhl,Ecuador
Polygalaceae,Bredemeyera floribunda,Willd.,Ecuador
Polygalaceae,Monnina bonplandiana,B.Eriksen,Ecuador
Polygalaceae,Monnina decurrens,Ferreyra,Ecuador
Polygalaceae,Monnina marginata,C.Presl,Ecuador
Polygalaceae,Monnina pseudosalicifolia,Ferreyra        ,Ecuador
Polygalaceae,Moutabea aculeata,(Ruiz & Pav.) Poepp. & Endl.,Ecuador
Polygalaceae,Securidaca volubilis,L.,Ecuador
Polygonaceae,Coccoloba acuminata,Kunth,Ecuador
Polygonaceae,Coccoloba coronata,Jacq.,Ecuador
Polygonaceae,Coccoloba densifrons,Mart. ex Meisn.,Ecuador
Polygonaceae,Coccoloba fallax,Lindau,Ecuador
Polygonaceae,Coccoloba lehmannii,Lindau,Ecuador
Polygonaceae,Coccoloba mollis,Casar.,Ecuador
Polygonaceae,Coccoloba peruviana,Lindau,Ecuador
Polygonaceae,Coccoloba ruiziana,Lindau,Ecuador
Polygonaceae,Coccoloba striata,Benth.,Ecuador
Polygonaceae,Coccoloba uvifera,(L.) L.,Ecuador
Polygonaceae,Coccoloba williamsii,Standl.,Ecuador
Polygonaceae,Enneatypus ramiflorus,(C.A.Mey.) Roberty & Vautier,Ecuador
Polygonaceae,Ruprechtia jamesonii,Meisn.,Ecuador
Polygonaceae,Symmeria paniculata,Benth.,Ecuador
Polygonaceae,Triplaris americana,L.,Ecuador
Polygonaceae,Triplaris cumingiana,Fisch. & C.A.Mey.,Ecuador
Polygonaceae,Triplaris dugandii,Brandbyge,Ecuador
Polygonaceae,Triplaris weigeltiana,(Rchb.) Kuntze,Ecuador
Primulaceae,Ardisia awarum,Ricketson & Pipoly,Ecuador
Primulaceae,Ardisia colombiana,Lundell,Ecuador
Primulaceae,Ardisia compressa,Kunth,Ecuador
Primulaceae,Ardisia croatii,Lundell,Ecuador
Primulaceae,Ardisia guianensis,(Aubl.) Mez,Ecuador
Primulaceae,Ardisia huallagae,Mez,Ecuador
Primulaceae,Ardisia niambiensis,Pipoly & Cogollo,Ecuador
Primulaceae,Ardisia pellucida,Oerst.,Ecuador
Primulaceae,Ardisia pichinchana,Lundell,Ecuador
Primulaceae,Ardisia premontana,Pipoly,Ecuador
Primulaceae,Ardisia weberbaueri,Mez,Ecuador
Primulaceae,Ardisia websteri,Pipoly,Ecuador
Primulaceae,Bonellia montana,(B.Ståhl) B.Ståhl & Källersjö,Ecuador
Primulaceae,Clavija eggersiana,Mez,Ecuador
Primulaceae,Clavija ornata,D.Don,Ecuador
Primulaceae,Clavija parvula,Mez,Ecuador
Primulaceae,Clavija procera,B.Ståhl,Ecuador
Primulaceae,Clavija repanda,B.Ståhl,Ecuador
Primulaceae,Clavija subandina,B.Ståhl,Ecuador
Primulaceae,Clavija tarapotana,Mez,Ecuador
Primulaceae,Clavija weberbaueri,Mez,Ecuador
Primulaceae,Cybianthus comperuvianus,Pipoly,Ecuador
Primulaceae,Cybianthus cuatrecasasii,Pipoly,Ecuador
Primulaceae,Cybianthus fosteri,Pipoly        ,Ecuador
Primulaceae,Cybianthus incognitus,Pipoly        ,Ecuador
Primulaceae,Cybianthus kayapii,(Lundell) Pipoly,Ecuador
Primulaceae,Cybianthus magnus,(Mez) Pipoly,Ecuador
Primulaceae,Cybianthus marginatus,(Benth.) Pipoly,Ecuador
Primulaceae,Cybianthus occigranatensis,(Cuatrec.) G.Agostini,Ecuador
Primulaceae,Cybianthus pastensis,(Mez) G.Agostini,Ecuador
Primulaceae,Cybianthus poeppigii,Mez,Ecuador
Primulaceae,Cybianthus resinosus,Mez,Ecuador
Primulaceae,Cybianthus schlimii,(Hook.f.) G.Agostini,Ecuador
Primulaceae,Cybianthus simplex,(Hook.f.) G.Agostini,Ecuador
Primulaceae,Cybianthus spichigeri,Pipoly,Ecuador
Primulaceae,Cybianthus sprucei,(Hook.f.) G.Agostini,Ecuador
Primulaceae,Cybianthus venezuelanus,Mez,Ecuador
Primulaceae,Geissanthus ambiguus,(Mart.) G.Agostini,Ecuador
Primulaceae,Geissanthus andinus,Mez,Ecuador
Primulaceae,Geissanthus argutus,(Kunth) Mez,Ecuador
Primulaceae,Geissanthus challuayacus,Pipoly,Ecuador
Primulaceae,Geissanthus ecuadorensis,Mez,Ecuador
Primulaceae,Geissanthus fallenae,Lundell,Ecuador
Primulaceae,Geissanthus longistamineus,(A.C.Sm.) Pipoly,Ecuador
Primulaceae,Geissanthus perpuncticulosus,(Lundell) Pipoly,Ecuador
Primulaceae,Geissanthus pichinchae,Mez,Ecuador
Primulaceae,Geissanthus quindiensis,Mez,Ecuador
Primulaceae,Geissanthus sodiroanus,Mez,Ecuador
Primulaceae,Geissanthus vanderwerffii,Pipoly,Ecuador
Primulaceae,Geissanthus zakii,(Pipoly) Ricketson & Pipoly,Ecuador
Primulaceae,Myrsine andina,(Mez) Pipoly,Ecuador
Primulaceae,Myrsine coriacea,(Sw.) R.Br. ex Roem. & Schult.,Ecuador
Primulaceae,Myrsine dependens,(Ruiz & Pav.) Spreng.,Ecuador
Primulaceae,Myrsine latifolia,(Ruiz & Pav.) Spreng.,Ecuador
Primulaceae,Myrsine manglillo,(Lam.) R.Br.,Ecuador
Primulaceae,Myrsine pearcei,(Mez) Pipoly,Ecuador
Primulaceae,Myrsine pellucida,(Ruiz & Pav.) Spreng.,Ecuador
Primulaceae,Myrsine pseudocrenata,(Mez) Pipoly,Ecuador
Primulaceae,Myrsine sodiroana,(Mez) Pipoly,Ecuador
Primulaceae,Myrsine umbellata,Mart.,Ecuador
Primulaceae,Parathesis adenanthera,(Miq.) Hook.f.,Ecuador
Primulaceae,Parathesis amazonica,Mez,Ecuador
Primulaceae,Parathesis eggersiana,Mez        ,Ecuador
Primulaceae,Parathesis microcalyx,Donn.Sm.,Ecuador
Primulaceae,Parathesis palaciosii,Pipoly,Ecuador
Primulaceae,Stylogyne ardisioides,(Kunth) Mez,Ecuador
Primulaceae,Stylogyne bracteolata,(Lundell) Pipoly,Ecuador
Primulaceae,Stylogyne cauliflora,(Mart. & Miq.) Mez,Ecuador
Primulaceae,Stylogyne laxiflora,Mez,Ecuador
Primulaceae,Stylogyne longifolia,(Mart. ex Miq.) Mez,Ecuador
Primulaceae,Stylogyne micrantha,(Kunth) Mez,Ecuador
Primulaceae,Stylogyne serpentina,Mez,Ecuador
Primulaceae,Stylogyne turbacensis,(Kunth) Mez,Ecuador
Proteaceae,Euplassa occidentalis,I.M.Johnst.,Ecuador
Proteaceae,Lomatia hirsuta,(Lam.) Diels,Ecuador
Proteaceae,Oreocallis grandiflora,(Lam.) R. Br.,Ecuador
Proteaceae,Panopsis antioquensis,L.E.Gut.,Ecuador
Proteaceae,Panopsis ferruginea,(Meisn.) Pittier,Ecuador
Proteaceae,Panopsis lozanoi,L.E.Gut.,Ecuador
Proteaceae,Panopsis megistosperma,Bonifaz & Cornejo,Ecuador
Proteaceae,Panopsis metcalfii,Killip & Cuatrec.,Ecuador
Proteaceae,Panopsis perijensis,Steyerm. ex K.S.Edwards,Ecuador
Proteaceae,Panopsis roldosii,"Bonifaz, Cornejo & C. Ulloa",Ecuador
Proteaceae,Panopsis rubescens,(Pohl) Pittier,Ecuador
Proteaceae,Panopsis sessilifolia,(Rich.) Sandwith,Ecuador
Proteaceae,Panopsis sulcata,K.S. Edwards,Ecuador
Proteaceae,Roupala brachybotrys,I.M.Johnst.        ,Ecuador
Proteaceae,Roupala cordifolia,Kunth,Ecuador
Proteaceae,Roupala monosperma,(Ruiz & Pav.) I.M.Johnst.,Ecuador
Proteaceae,Roupala montana,Aubl.,Ecuador
Proteaceae,Roupala pachypoda,Cuatrec.,Ecuador
Proteaceae,Roupala plinervia,Cornejo & Bonifaz,Ecuador
Putranjivaceae,Drypetes amazonica,Steyerm.,Ecuador
Putranjivaceae,Drypetes fanshawei,Sandwith,Ecuador
Putranjivaceae,Drypetes standleyi,G.L.Webster,Ecuador
Putranjivaceae,Drypetes variabilis,Uittien,Ecuador
Rhamnaceae,Colletia spinosissima,J.F.Gmel.,Ecuador
Rhamnaceae,Colubrina arborescens,(Mill.) Sarg.,Ecuador
Rhamnaceae,Frangula granulosa,(Ruiz & Pav.) Grubov,Ecuador
Rhamnaceae,Rhamnidium elaeocarpum,Reissek,Ecuador
Rhamnaceae,Sarcomphalus cinnamomum,(Triana & Planch.) Hauenschild,Ecuador
Rhamnaceae,Sarcomphalus thyrsiflorus,(Benth.) Hauenschild,Ecuador
Rhizophoraceae,Cassipourea killipii,Cuatrec.,Ecuador
Rhizophoraceae,Cassipourea remacamensis,Cornejo & Prance,Ecuador
Rhizophoraceae,Paradrypetes subintegrifolia,G.M.Levin,Ecuador
Rhizophoraceae,Rhizophora mangle,L.,Ecuador
Rhizophoraceae,Rhizophora racemosa,G.Mey.,Ecuador
Rosaceae,Hesperomeles cuneata,Lindl.,Ecuador
Rosaceae,Hesperomeles ferruginea,(Juss. ex Pers.) Benth.,Ecuador
Rosaceae,Hesperomeles obtusifolia,(Pers.) Lindl.,Ecuador
Rosaceae,Polylepis humboldtii,"T.Boza, Romol. & M.Kessler",Ecuador
Rosaceae,Polylepis incana,Kunth,Ecuador
Rosaceae,Polylepis lanuginosa,Kunth,Ecuador
Rosaceae,Polylepis longipilosa,"T.Boza, Romol. & M.Kessler",Ecuador
Rosaceae,Polylepis loxensis,"T.Boza, Romol. & M.Kessler",Ecuador
Rosaceae,Polylepis microphylla,(Wedd.) Bitter,Ecuador
Rosaceae,Polylepis ochreata,(Wedd.) Bitter,Ecuador
Rosaceae,Polylepis pauta,Hieron.,Ecuador
Rosaceae,Polylepis reticulata,Hieron.,Ecuador
Rosaceae,Polylepis sericea,Wedd.,Ecuador
Rosaceae,Polylepis simpsoniae,T.Boza & M.Kessler,Ecuador
Rosaceae,Polylepis weberbaueri,Pilg.,Ecuador
Rosaceae,Prunus debilis,Koehne,Ecuador
Rosaceae,Prunus guanaiensis,Rusby,Ecuador
Rosaceae,Prunus herthae,Diels,Ecuador
Rosaceae,Prunus huantensis,Pilg.,Ecuador
Rosaceae,Prunus moritziana,Koehne,Ecuador
Rosaceae,Prunus muris,Cuatrec.,Ecuador
Rosaceae,Prunus opaca,(Benth.) Walp.,Ecuador
Rosaceae,Prunus subcorymbosa,Ruiz ex Koehne,Ecuador
Rubiaceae,Adolphoduckea maynensis,(Poepp. & Endl.) Paudyal & Delprete,Ecuador
Rubiaceae,Agouticarpa curviflora,(Dwyer) C.H.Perss.,Ecuador
Rubiaceae,Agouticarpa hirsuta,C.H.Perss.,Ecuador
Rubiaceae,Agouticarpa isernii,(Standl.) C.H.Perss.,Ecuador
Rubiaceae,Agouticarpa velutina,C.H.Perss.,Ecuador
Rubiaceae,Agouticarpa williamsii,(Standl.) C.H.Perss.,Ecuador
Rubiaceae,Alibertia bertierifolia,K.Schum.,Ecuador
Rubiaceae,Alibertia duckeana,Delprete & C. Persson,Ecuador
Rubiaceae,Alibertia edulis,(Rich.) A.Rich. ex DC.,Ecuador
Rubiaceae,Alibertia latifolia,(Benth.) K.Schum.,Ecuador
Rubiaceae,Alibertia patinoi,(Cuatrec.) Delprete & C.H.Perss.,Ecuador
Rubiaceae,Alibertia verticillata,(Ducke) W.Schultze-Motel,Ecuador
Rubiaceae,Alseis eggersii,Standl.,Ecuador
Rubiaceae,Alseis lugonis,L.Andersson,Ecuador
Rubiaceae,Alseis peruviana,Standl.,Ecuador
Rubiaceae,Amaioua glomerulata,(Lam. ex Poir.) Delprete & C.H.Perss.,Ecuador
Rubiaceae,Amaioua guianensis,Aubl.,Ecuador
Rubiaceae,Arachnothryx chimboracensis,(Standl.) Steyerm.,Ecuador
Rubiaceae,Arachnothryx cupreiflora,(K.Schum. & K.Krause) Steyerm.,Ecuador
Rubiaceae,Arachnothryx perezii,(Standl. ex Steyerm.) Steyerm.,Ecuador
Rubiaceae,Arachnothryx peruviana,(Standl.) Steyerm.,Ecuador
Rubiaceae,Arachnothryx reflexa,(Benth.) Planch.,Ecuador
Rubiaceae,Bertiera angustifolia,Benth.,Ecuador
Rubiaceae,Bertiera bracteosa,(Donn.Sm.) B.Ståhl & L.Andersson,Ecuador
Rubiaceae,Bertiera guianensis,Aubl.,Ecuador
Rubiaceae,Bothriospora corymbosa,(Benth.) Hook.f.,Ecuador
Rubiaceae,Calycophyllum megistocaulum,(K.Krause) C.M.Taylor,Ecuador
Rubiaceae,Calycophyllum spruceanum,(Benth.) Hook.f. ex K.Schum.,Ecuador
Rubiaceae,Capirona decorticans,Spruce,Ecuador
Rubiaceae,Chimarrhis gentryana,Delprete,Ecuador
Rubiaceae,Chimarrhis glabriflora,Ducke,Ecuador
Rubiaceae,Chimarrhis hookeri,K.Schum.,Ecuador
Rubiaceae,Chione venosa,(Sw.) Urb.,Ecuador
Rubiaceae,Chomelia ecuadorensis,(K.Schum. & K.Krause) Steyerm.,Ecuador
Rubiaceae,Chomelia malaneoides,Müll.Arg.,Ecuador
Rubiaceae,Chomelia polyantha,S.F.Blake,Ecuador
Rubiaceae,Chomelia spinosa,Jacq.,Ecuador
Rubiaceae,Chomelia tenuiflora,Benth.,Ecuador
Rubiaceae,Ciliosemina pedunculata,(H.Karst.) Antonelli,Ecuador
Rubiaceae,Cinchona barbacoensis,H.Karst.,Ecuador
Rubiaceae,Cinchona capuli,L.Andersson,Ecuador
Rubiaceae,Cinchona lancifolia,Mutis,Ecuador
Rubiaceae,Cinchona lucumifolia,Pav. ex Lindl.,Ecuador
Rubiaceae,Cinchona macrocalyx,Pav. ex DC.,Ecuador
Rubiaceae,Cinchona mutisii,Lamb.,Ecuador
Rubiaceae,Cinchona officinalis,L.,Ecuador
Rubiaceae,Cinchona parabolica,Pav.,Ecuador
Rubiaceae,Cinchona pitayensis,(Wedd.) Wedd.,Ecuador
Rubiaceae,Cinchona pubescens,Vahl,Ecuador
Rubiaceae,Cinchona rugosa,Pav.,Ecuador
Rubiaceae,Cinchona villosa,Pav. ex Lindl.,Ecuador
Rubiaceae,Condaminea corymbosa,(Ruiz & Pav.) DC.,Ecuador
Rubiaceae,Cordiera garapatica,(K.Schum.) Kuntze,Ecuador
Rubiaceae,Cordiera hadrantha,(Standl.) C.H.Perss. & Delprete,Ecuador
Rubiaceae,Cordiera killipii,(Standl.) C.H.Perss. & Delprete,Ecuador
Rubiaceae,Cordiera longicaudata,C.H.Perss. & Delprete,Ecuador
Rubiaceae,Cordiera myrciifolia,(K.Schum.) Perss. & Delprete,Ecuador
Rubiaceae,Cordiera pilosa,(K.Krause) C.H.Perss. & Delprete,Ecuador
Rubiaceae,Cordiera triflora,A.Rich. ex DC.,Ecuador
Rubiaceae,Cosmibuena grandiflora,(Ruiz & Pav.) Rusby,Ecuador
Rubiaceae,Cosmibuena macrocarpa,(Benth.) Klotzsch ex Walp.,Ecuador
Rubiaceae,Coussarea acuminata,(Ruiz & Pav.) Zappi,Ecuador
Rubiaceae,Coussarea amplifolia,C.M.Taylor,Ecuador
Rubiaceae,Coussarea cephaeloides,C.M.Taylor,Ecuador
Rubiaceae,Coussarea dulcifolia,"D.Neill, C.E.Cerón & C.M.Taylor",Ecuador
Rubiaceae,Coussarea ecuadorensis,C.M.Taylor,Ecuador
Rubiaceae,Coussarea hirticalyx,Standl.,Ecuador
Rubiaceae,Coussarea klugii,Steyerm.,Ecuador
Rubiaceae,Coussarea latifolia,Standl.,Ecuador
Rubiaceae,Coussarea liliiflora,Standl.,Ecuador
Rubiaceae,Coussarea longiflora,(Mart.) Müll.Arg.,Ecuador
Rubiaceae,Coussarea macrocalyx,Standl.,Ecuador
Rubiaceae,Coussarea paniculata,(Willd.) Standl.,Ecuador
Rubiaceae,Coussarea pilosiflora,Standl.,Ecuador
Rubiaceae,Coussarea resinosa,C.M.Taylor,Ecuador
Rubiaceae,Coussarea revoluta,Steyerm.,Ecuador
Rubiaceae,Coussarea spiciformis,C.M.Taylor,Ecuador
Rubiaceae,Coussarea tenuiflora,Standl.,Ecuador
Rubiaceae,Coutarea hexandra,(Jacq.) K.Schum.,Ecuador
Rubiaceae,Coutareopsis andrei,(Standl.) Paudyal & Delprete,Ecuador
Rubiaceae,Dolichodelphys chlorocrater,K.Schum. & K.Krause,Ecuador
Rubiaceae,Duroia duckei,Huber,Ecuador
Rubiaceae,Duroia eriopila,L.f.,Ecuador
Rubiaceae,Duroia hirsuta,(Poepp.) K.Schum.,Ecuador
Rubiaceae,Duroia laevis,Devia Perss. & C.M.Taylor,Ecuador
Rubiaceae,Duroia petiolaris,Spruce ex K.Schum.,Ecuador
Rubiaceae,Duroia triflora,Ducke,Ecuador
Rubiaceae,Elaeagia ecuadorensis,Steyerm.,Ecuador
Rubiaceae,Elaeagia homeieri,C.M.Taylor,Ecuador
Rubiaceae,Elaeagia karstenii,Standl.,Ecuador
Rubiaceae,Elaeagia laxiflora,Standl. & Steyerm.,Ecuador
Rubiaceae,Elaeagia mariae,Wedd.,Ecuador
Rubiaceae,Elaeagia myriantha,(Standl.) C.M.Taylor & Hammel,Ecuador
Rubiaceae,Elaeagia pastoensis,L.E.Mora,Ecuador
Rubiaceae,Elaeagia utilis,(Goudot) Wedd.,Ecuador
Rubiaceae,Eumachia astrellantha,(Wernham) Delprete & J.H.Kirkbr.,Ecuador
Rubiaceae,Eumachia boliviana,(Standl.) Delprete & J.H.Kirkbr.,Ecuador
Rubiaceae,Faramea angusta,C.M.Taylor,Ecuador
Rubiaceae,Faramea anisocalyx,Poepp.,Ecuador
Rubiaceae,Faramea axillaris,Standl.,Ecuador
Rubiaceae,Faramea bangii,Rusby,Ecuador
Rubiaceae,Faramea calyptrata,C.M.Taylor,Ecuador
Rubiaceae,Faramea capillipes,Müll.Arg.,Ecuador
Rubiaceae,Faramea coerulescens,K.Schum. & K.Krause,Ecuador
Rubiaceae,Faramea coffeoides,C.M.Taylor,Ecuador
Rubiaceae,Faramea eurycarpa,Donn.Sm.,Ecuador
Rubiaceae,Faramea exemplaris,Standl.,Ecuador
Rubiaceae,Faramea fragrans,Standl.,Ecuador
Rubiaceae,Faramea galerasana,C.M.Taylor,Ecuador
Rubiaceae,Faramea glandulosa,Poepp.,Ecuador
Rubiaceae,Faramea grandifolia,Standl.,Ecuador
Rubiaceae,Faramea grayumiana,C.M.Taylor,Ecuador
Rubiaceae,Faramea insignis,Standl.,Ecuador
Rubiaceae,Faramea jasminoides,(Kunth) DC.,Ecuador
Rubiaceae,Faramea juruana,K.Krause,Ecuador
Rubiaceae,Faramea langlassei,Standl.,Ecuador
Rubiaceae,Faramea lutescens,Standl.,Ecuador
Rubiaceae,Faramea miconioides,Standl.,Ecuador
Rubiaceae,Faramea multiflora,A.Rich.,Ecuador
Rubiaceae,Faramea oblongifolia,Standl.,Ecuador
Rubiaceae,Faramea occidentalis,(L.) A.Rich.,Ecuador
Rubiaceae,Faramea ovalis,Standl.,Ecuador
Rubiaceae,Faramea parvibractea,Steyerm.,Ecuador
Rubiaceae,Faramea quinqueflora,Poepp.,Ecuador
Rubiaceae,Faramea spathacea,Müll.Arg. ex Standl.,Ecuador
Rubiaceae,Faramea stoneana,C.M.Taylor,Ecuador
Rubiaceae,Faramea subsessilis,(Ruiz & Pav.) Standl.,Ecuador
Rubiaceae,Faramea suerrensis,(Donn.Sm.) Donn.Sm.,Ecuador
Rubiaceae,Faramea tamberlikiana,Müll.Arg.,Ecuador
Rubiaceae,Faramea torquata,Müll.Arg.,Ecuador
Rubiaceae,Faramea vasquezii,C.M.Taylor,Ecuador
Rubiaceae,Ferdinandusa chlorantha,(Wedd.) Standl.,Ecuador
Rubiaceae,Ferdinandusa elliptica,(Pohl) Pohl,Ecuador
Rubiaceae,Ferdinandusa loretensis,Standl.,Ecuador
Rubiaceae,Genipa americana,L.,Ecuador
Rubiaceae,Genipa spruceana,Steyerm.,Ecuador
Rubiaceae,Gonzalagunia bifida,B.Ståhl,Ecuador
Rubiaceae,Gonzalagunia bunchosioides,Standl.,Ecuador
Rubiaceae,Gonzalagunia dependens,Ruiz & Pav.,Ecuador
Rubiaceae,Gonzalagunia dicocca,Cham. & Schltdl.,Ecuador
Rubiaceae,Gonzalagunia dodsonii,Dwyer,Ecuador
Rubiaceae,Guettarda comata,Standl.,Ecuador
Rubiaceae,Guettarda sanblasensis,Dwyer,Ecuador
Rubiaceae,Hamelia calycosa,Donn.Sm.,Ecuador
Rubiaceae,Hamelia macrantha,Little,Ecuador
Rubiaceae,Hamelia patens,Jacq.,Ecuador
Rubiaceae,Hillia illustris,(Vell.) K.Schum.,Ecuador
Rubiaceae,Hippotis albiflora,H.Karst.,Ecuador
Rubiaceae,Hippotis brevipes,Spruce ex K.Schum.,Ecuador
Rubiaceae,Hippotis comosa,L.Andersson & Rova,Ecuador
Rubiaceae,Hippotis grandiflora,Steyerm.,Ecuador
Rubiaceae,Hippotis mollis,Standl.,Ecuador
Rubiaceae,Isertia krausei,Standl.,Ecuador
Rubiaceae,Isertia laevis,(Triana) B.M.Boom,Ecuador
Rubiaceae,Isertia pittieri,(Standl.) Standl.,Ecuador
Rubiaceae,Isertia rosea,Spruce ex K.Schum.,Ecuador
Rubiaceae,Ixora killipii,Standl.,Ecuador
Rubiaceae,Ixora panurensis,Müll.Arg.,Ecuador
Rubiaceae,Ixora sparsifolia,K.Krause,Ecuador
Rubiaceae,Ixora yavitensis,Steyerm.,Ecuador
Rubiaceae,Joosia aequatoria,Steyerm.,Ecuador
Rubiaceae,Joosia dielsiana,Standl.,Ecuador
Rubiaceae,Joosia longisepala,L.Andersson,Ecuador
Rubiaceae,Joosia macrocalyx,Standl. ex Steyerm.,Ecuador
Rubiaceae,Joosia pulcherrima,Steere,Ecuador
Rubiaceae,Joosia standleyana,Steyerm.,Ecuador
Rubiaceae,Joosia umbellifera,H.Karst.,Ecuador
Rubiaceae,Kutchubaea montana,Steyerm.,Ecuador
Rubiaceae,Kutchubaea morilloi,Steyerm.,Ecuador
Rubiaceae,Kutchubaea oocarpa,(Standl.) C.H.Perss.,Ecuador
Rubiaceae,Kutchubaea semisericea,Ducke,Ecuador
Rubiaceae,Kutchubaea sericantha,Standl.,Ecuador
Rubiaceae,Ladenbergia discolor,K.Schum.,Ecuador
Rubiaceae,Ladenbergia epiphytica,L.Andersson,Ecuador
Rubiaceae,Ladenbergia heterophylla,(Wedd.) Standl.,Ecuador
Rubiaceae,Ladenbergia klugii,L.Andersson,Ecuador
Rubiaceae,Ladenbergia lehmanniana,L.Andersson,Ecuador
Rubiaceae,Ladenbergia macrocarpa,(Vahl) Klotzsch,Ecuador
Rubiaceae,Ladenbergia muzonensis,(Goudot) Standl.,Ecuador
Rubiaceae,Ladenbergia oblongifolia,(Humb. ex Mutis) L.Andersson,Ecuador
Rubiaceae,Ladenbergia pavonii,(Lamb.) Standl.,Ecuador
Rubiaceae,Ladenbergia riveroana,(Wedd.) Standl.,Ecuador
Rubiaceae,Ladenbergia stenocarpa,(Lamb.) Klotzsch,Ecuador
Rubiaceae,Macbrideina peruviana,Standl.,Ecuador
Rubiaceae,Machaonia acuminata,Bonpl.,Ecuador
Rubiaceae,Macrocnemum humboldtianum,(Schult.) Wedd.,Ecuador
Rubiaceae,Macrocnemum roseum,(Ruiz & Pav.) Wedd.,Ecuador
Rubiaceae,Morinda fasciculata,Benth.,Ecuador
Rubiaceae,Palicourea acuminata,(Benth.) Borhidi,Ecuador
Rubiaceae,Palicourea allenii,(Standl.) Borhidi,Ecuador
Rubiaceae,Palicourea amethystina,(Ruiz & Pav.) DC.,Ecuador
Rubiaceae,Palicourea andaluciana,Standl.,Ecuador
Rubiaceae,Palicourea andina,C.M. Taylor,Ecuador
Rubiaceae,Palicourea andrei,Standl.,Ecuador
Rubiaceae,Palicourea angustifolia,Kunth,Ecuador
Rubiaceae,Palicourea anianguana,C.M.Taylor,Ecuador
Rubiaceae,Palicourea apicata,Kunth,Ecuador
Rubiaceae,Palicourea aschersoniana,(K.Schum. & K.Krause) Borhidi,Ecuador
Rubiaceae,Palicourea asplundii,C.M.Taylor,Ecuador
Rubiaceae,Palicourea attenuata,Rusby,Ecuador
Rubiaceae,Palicourea bertieroides,(Wernham) Borhidi,Ecuador
Rubiaceae,Palicourea brachiata,(Sw.) Borhidi,Ecuador
Rubiaceae,Palicourea caerulea,(Ruiz & Pav.) Schult.,Ecuador
Rubiaceae,Palicourea calophlebia,Standl.,Ecuador
Rubiaceae,Palicourea calophylla,DC.,Ecuador
Rubiaceae,Palicourea calycina,Benth.,Ecuador
Rubiaceae,Palicourea campyloneura,(Müll.Arg.) Delprete & J.H.Kirkbr.,Ecuador
Rubiaceae,Palicourea candida,C.M.Taylor,Ecuador
Rubiaceae,Palicourea ceriantha,(K.Schum.) C.M.Taylor,Ecuador
Rubiaceae,Palicourea chignul,C.M.Taylor,Ecuador
Rubiaceae,Palicourea chimboracensis,Standl.,Ecuador
Rubiaceae,Palicourea condorica,C.M.Taylor,Ecuador
Rubiaceae,Palicourea corniculata,C.M.Taylor,Ecuador
Rubiaceae,Palicourea corymbifera,(Müll.Arg.) Standl.,Ecuador
Rubiaceae,Palicourea crocea,(Sw.) Schult.,Ecuador
Rubiaceae,Palicourea croceoides,Ham.,Ecuador
Rubiaceae,Palicourea cutucuana,C.M.Taylor,Ecuador
Rubiaceae,Palicourea demissa,Standl.,Ecuador
Rubiaceae,Palicourea dives,Standl.,Ecuador
Rubiaceae,Palicourea domingensis,(Jacq.) DC.,Ecuador
Rubiaceae,Palicourea elata,(Sw.) Borhidi,Ecuador
Rubiaceae,Palicourea ernestii,(K.Krause) C.M.Taylor,Ecuador
Rubiaceae,Palicourea flavescens,Kunth,Ecuador
Rubiaceae,Palicourea flaviflora,(K.Krause) C.M.Taylor,Ecuador
Rubiaceae,Palicourea frontinoensis,Cogollo & C.M.Taylor,Ecuador
Rubiaceae,Palicourea fusiformis,(C.M.Taylor) C.M.Taylor,Ecuador
Rubiaceae,Palicourea garciae,Standl.,Ecuador
Rubiaceae,Palicourea glandulifera,C.M.Taylor,Ecuador
Rubiaceae,Palicourea glomerulata,(Donn.Sm.) Borhidi,Ecuador
Rubiaceae,Palicourea gomezii,C.M.Taylor,Ecuador
Rubiaceae,Palicourea gracilenta,(Müll.Arg.) Delprete & J.H.Kirkbr.,Ecuador
Rubiaceae,Palicourea grandiflora,(Kunth) Standl.,Ecuador
Rubiaceae,Palicourea grandistipula,(Standl. ex Steyerm.) C.M.Taylor,Ecuador
Rubiaceae,Palicourea guianensis,Aubl.,Ecuador
Rubiaceae,Palicourea hazenii,(Standl.) Borhidi,Ecuador
Rubiaceae,Palicourea heterochroma,K.Schum. & K.Krause,Ecuador
Rubiaceae,Palicourea hoffmannseggiana,(Willd. ex Schult.) Borhidi,Ecuador
Rubiaceae,Palicourea jelskii,Standl.,Ecuador
Rubiaceae,Palicourea lasiantha,K.Krause,Ecuador
Rubiaceae,Palicourea lasiorrhachis,Oerst.,Ecuador
Rubiaceae,Palicourea latifolia,K.Krause,Ecuador
Rubiaceae,Palicourea leuconeura,Standl.,Ecuador
Rubiaceae,Palicourea levis,Standl.,Ecuador
Rubiaceae,Palicourea lineata,Benth.,Ecuador
Rubiaceae,Palicourea longicuspis,(Müll.Arg.) Delprete & J.H.Kirkbr.,Ecuador
Rubiaceae,Palicourea longirostris,(Rusby) Borhidi,Ecuador
Rubiaceae,Palicourea lugoana,C.M.Taylor,Ecuador
Rubiaceae,Palicourea lyristipula,Wernham,Ecuador
Rubiaceae,Palicourea mansoana,(Müll.Arg.) Standl.,Ecuador
Rubiaceae,Palicourea microbotrys,(Ruiz ex Standl.) Delprete & J.H.Kirkbr.,Ecuador
Rubiaceae,Palicourea nautensis,(Standl.) C.M.Taylor,Ecuador
Rubiaceae,Palicourea nigricans,K.Krause,Ecuador
Rubiaceae,Palicourea obovata,(Ruiz & Pav.) DC.,Ecuador
Rubiaceae,Palicourea ovalis,Standl.,Ecuador
Rubiaceae,Palicourea pachycalyx,Standl.,Ecuador
Rubiaceae,Palicourea pebasensis,(Standl.) C.M.Taylor,Ecuador
Rubiaceae,Palicourea pilosa,(Ruiz & Pav.) Borhidi,Ecuador
Rubiaceae,Palicourea pseudaxillaris,C.M.Taylor,Ecuador
Rubiaceae,Palicourea pyramidalis,Standl.,Ecuador
Rubiaceae,Palicourea quadrifolia,(Rudge) DC.,Ecuador
Rubiaceae,Palicourea racemosa,(Aubl.) G.Nicholson,Ecuador
Rubiaceae,Palicourea remyana,(Baill.) C.M.Taylor,Ecuador
Rubiaceae,Palicourea schunkei,(C.M.Taylor) C.M.Taylor,Ecuador
Rubiaceae,Palicourea seemannii,Standl.,Ecuador
Rubiaceae,Palicourea standleyana,C.M.Taylor,Ecuador
Rubiaceae,Palicourea stipularis,Benth.,Ecuador
Rubiaceae,Palicourea subtomentosa,(Ruiz & Pav.) C.M.Taylor,Ecuador
Rubiaceae,Palicourea subundulata,(Benth.) Delprete & J.H.Kirkbr.,Ecuador
Rubiaceae,Palicourea sulphurea,(Ruiz & Pav.) DC.,Ecuador
Rubiaceae,Palicourea tenerior,(Cham.) Delprete & J.H.Kirkbr.,Ecuador
Rubiaceae,Palicourea tepuiensis,(Steyerm.) C.M.Taylor,Ecuador
Rubiaceae,Palicourea thyrsiflora,(Ruiz & Pav.) DC.,Ecuador
Rubiaceae,Palicourea trianae,(Standl.) C.M.Taylor,Ecuador
Rubiaceae,Palicourea trichocephala,(Poepp.) Borhidi,Ecuador
Rubiaceae,Palicourea triphylla,DC.,Ecuador
Rubiaceae,Palicourea violacea,(Aubl.) A.Rich.,Ecuador
Rubiaceae,Palicourea winkleri,Borhidi,Ecuador
Rubiaceae,Palicourea zevallosii,(C.M.Taylor) C.M.Taylor,Ecuador
Rubiaceae,Pentagonia amazonica,(Ducke) L.Andersson & Rova,Ecuador
Rubiaceae,Pentagonia bonifaziana,Cornejo,Ecuador
Rubiaceae,Pentagonia breviloba,L.Andersson & Rova,Ecuador
Rubiaceae,Pentagonia clementinensis,Cornejo,Ecuador
Rubiaceae,Pentagonia donnell-smithii,(Standl.) Standl.,Ecuador
Rubiaceae,Pentagonia gigantifolia,Ducke,Ecuador
Rubiaceae,Pentagonia grandiflora,Standl.,Ecuador
Rubiaceae,Pentagonia involucrata,C.M.Taylor,Ecuador
Rubiaceae,Pentagonia macrophylla,Benth.,Ecuador
Rubiaceae,Pentagonia parvifolia,Steyerm.,Ecuador
Rubiaceae,Pentagonia spathicalyx,K.Schum.,Ecuador
Rubiaceae,Pentagonia subauriculata,Standl.,Ecuador
Rubiaceae,Pentagonia subsessilis,L.Andersson & Rova,Ecuador
Rubiaceae,Pentagonia williamsii,Standl.,Ecuador
Rubiaceae,Pentagonia wurdackii,Steyerm.,Ecuador
Rubiaceae,Pimentelia glomerata,Wedd.,Ecuador
Rubiaceae,Pittoniotis rotata,C.M.Taylor,Ecuador
Rubiaceae,Posoqueria chocoana,C.M.Taylor,Ecuador
Rubiaceae,Posoqueria coriacea,M.Martens & Galeotti,Ecuador
Rubiaceae,Posoqueria latifolia,(Rudge) Schult.,Ecuador
Rubiaceae,Posoqueria longiflora,Aubl.,Ecuador
Rubiaceae,Psychotria calophylla,Standl.,Ecuador
Rubiaceae,Psychotria carthagenensis,Jacq.,Ecuador
Rubiaceae,Psychotria ceronii,C.M.Taylor,Ecuador
Rubiaceae,Psychotria chimboracensis,Standl.,Ecuador
Rubiaceae,Psychotria cornejoi,C.M.Taylor,Ecuador
Rubiaceae,Psychotria ernestii,K.Krause,Ecuador
Rubiaceae,Psychotria fortuita,Standl.,Ecuador
Rubiaceae,Psychotria gentryi,(Dwyer) C.M.Taylor,Ecuador
Rubiaceae,Psychotria grandis,Sw.,Ecuador
Rubiaceae,Psychotria marginata,Sw.,Ecuador
Rubiaceae,Psychotria micrantha,Kunth,Ecuador
Rubiaceae,Psychotria montivaga,C.M.Taylor,Ecuador
Rubiaceae,Psychotria pedunculosa,Rich.,Ecuador
Rubiaceae,Psychotria pichisensis,Standl.,Ecuador
Rubiaceae,Psychotria psychotriifolia,(Seem.) Standl.,Ecuador
Rubiaceae,Psychotria remota,Benth.,Ecuador
Rubiaceae,Psychotria sarapiquensis,Standl.,Ecuador
Rubiaceae,Psychotria sylvivaga,Standl.,Ecuador
Rubiaceae,Psychotria tenuicaulis,K.Krause,Ecuador
Rubiaceae,Psychotria trichotoma,M.Martens & Galeotti,Ecuador
Rubiaceae,Psychotria trivialis,Rusby,Ecuador
Rubiaceae,Psychotria trujilloi,Steyerm.,Ecuador
Rubiaceae,Psychotria uncumariana,C.M.Taylor,Ecuador
Rubiaceae,Psychotria viridis,Ruiz & Pav.,Ecuador
Rubiaceae,Randia armata,(Sw.) DC.,Ecuador
Rubiaceae,Randia boliviana,Rusby,Ecuador
Rubiaceae,Randia hondensis,H.Karst.,Ecuador
Rubiaceae,Randia longifolia,C.Gust.        ,Ecuador
Rubiaceae,Randia pubistyla,C.Gust.,Ecuador
Rubiaceae,Randia tafallana,Cornejo,Ecuador
Rubiaceae,Raritebe palicoureoides,Wernham,Ecuador
Rubiaceae,Remijia chelomaphylla,G.A.Sullivan,Ecuador
Rubiaceae,Remijia pacimonica,Standl.,Ecuador
Rubiaceae,Remijia ulei,K.Krause,Ecuador
Rubiaceae,Retiniphyllum tepuiense,Steyerm.,Ecuador
Rubiaceae,Ronabea latifolia,Aubl.,Ecuador
Rubiaceae,Rosenbergiodendron formosum,(Jacq.) Fagerl.,Ecuador
Rubiaceae,Rosenbergiodendron longiflorum,(Ruiz & Pav.) Fagerl.,Ecuador
Rubiaceae,Rudgea amazonica,Müll.Arg.,Ecuador
Rubiaceae,Rudgea bracteata,J.H.Kirkbr.,Ecuador
Rubiaceae,Rudgea ciliata,(Ruiz & Pav.) Spreng.,Ecuador
Rubiaceae,Rudgea colombiana,Standl.,Ecuador
Rubiaceae,Rudgea cornifolia,(Kunth) Standl.,Ecuador
Rubiaceae,Rudgea graciliflora,Standl.,Ecuador
Rubiaceae,Rudgea guianensis,(A.Rich.) Sandwith,Ecuador
Rubiaceae,Rudgea obesiflora,Standl.,Ecuador
Rubiaceae,Rudgea panurensis,Müll.Arg.,Ecuador
Rubiaceae,Rudgea skutchii,Standl.,Ecuador
Rubiaceae,Rudgea tambillensis,Zahlbr.,Ecuador
Rubiaceae,Rudgea verticillata,(Ruiz & Pav.) Spreng.,Ecuador
Rubiaceae,Rudgea viburnoides,(Cham.) Benth.,Ecuador
Rubiaceae,Rustia alba,Delprete,Ecuador
Rubiaceae,Rustia bilsana,Delprete,Ecuador
Rubiaceae,Rustia occidentalis,(Benth.) Hemsl.,Ecuador
Rubiaceae,Rustia rubra,Standl. ex D.A.Simpson,Ecuador
Rubiaceae,Rustia schunkeana,Delprete,Ecuador
Rubiaceae,Rustia viridiflora,Delprete,Ecuador
Rubiaceae,Schizocalyx bracteosus,Wedd.,Ecuador
Rubiaceae,Schizocalyx ecuadorensis,C.M.Taylor,Ecuador
Rubiaceae,Schizocalyx obovatus,(K.Schum. ex Standl.) Kainul. & B.Bremer,Ecuador
Rubiaceae,Schizocalyx peruvianus,(K.Krause) Kainul. & B.Bremer,Ecuador
Rubiaceae,Schizocalyx sterculioides,(Standl.) Kainul. & B.Bremer,Ecuador
Rubiaceae,Schradera neeoides,Standl. ex Steyerm.,Ecuador
Rubiaceae,Simira cordifolia,(Hook.f.) Steyerm.,Ecuador
Rubiaceae,Simira ecuadorensis,(Standl.) Steyerm.,Ecuador
Rubiaceae,Simira mollis,(Standl.) Steyerm.,Ecuador
Rubiaceae,Simira rubescens,(Benth.) Bremek. ex Steyerm.,Ecuador
Rubiaceae,Simira standleyi,(Little) Steyerm.,Ecuador
Rubiaceae,Simira wurdackii,Steyerm.,Ecuador
Rubiaceae,Sommera purdiei,Standl.,Ecuador
Rubiaceae,Stenostomum acreanum,(K.Krause) Achille & Delprete,Ecuador
Rubiaceae,Stilpnophyllum grandifolium,L.Andersson        ,Ecuador
Rubiaceae,Stilpnophyllum oellgaardii,L.Andersson,Ecuador
Rubiaceae,Stilpnophyllum revolutum,L.Andersson,Ecuador
Rubiaceae,Tocoyena williamsii,Standl.,Ecuador
Rubiaceae,Tournefortiopsis crispiflora,(Vahl) Borhidi,Ecuador
Rubiaceae,Tournefortiopsis dependens,(Ruiz & Pav.) Borhidi,Ecuador
Rubiaceae,Tournefortiopsis hirsuta,(Ruiz & Pav.) Borhidi,Ecuador
Rubiaceae,Tournefortiopsis reticulata,Rusby,Ecuador
Rubiaceae,Warszewiczia coccinea,(Vahl) Klotzsch,Ecuador
Rubiaceae,Warszewiczia cordata,Spruce ex K.Schum.,Ecuador
Rubiaceae,Warszewiczia peltata,Wedd.,Ecuador
Rubiaceae,Warszewiczia schwackei,K.Schum.,Ecuador
Rubiaceae,Warszewiczia uxpanapensis,(Lorence) C.M.Taylor,Ecuador
Rubiaceae,Wittmackanthus stanleyanus,(M.R.Schomb.) Kuntze,Ecuador
Rutaceae,Amyris balsamifera,L.,Ecuador
Rutaceae,Amyris macrocarpa,Gereau,Ecuador
Rutaceae,Amyris pinnata,Kunth,Ecuador
Rutaceae,Angostura alipes,Kallunki,Ecuador
Rutaceae,Conchocarpus nicaraguensis,(Standl. & L.O.Williams) Kallunki & Pirani,Ecuador
Rutaceae,Erythrochiton giganteus,Kaastra & A.H.Gentry,Ecuador
Rutaceae,Erythrochiton odontoglossus,Kallunki,Ecuador
Rutaceae,Erythrochiton trichanthus,Kallunki,Ecuador
Rutaceae,Esenbeckia pentaphylla,(Macfad.) Griseb.,Ecuador
Rutaceae,Esenbeckia warscewiczii,Engl.,Ecuador
Rutaceae,Hortia brasiliana,Vand. ex DC.,Ecuador
Rutaceae,Raputiarana subsigmoidea,(Ducke) Emmerich,Ecuador
Rutaceae,Ticorea diandra,Kallunki,Ecuador
Rutaceae,Toxosiphon carinatus,(Little) Kallunki,Ecuador
Rutaceae,Toxosiphon macropodus,(K. Krause) Kallunki,Ecuador
Rutaceae,Toxosiphon trifoliatus,(Pilg.) Kallunki,Ecuador
Rutaceae,Zanthoxylum acuminatum,(Sw.) Sw.,Ecuador
Rutaceae,Zanthoxylum brisasanum,(Cuatrec.) P.G.Waterman       ,Ecuador
Rutaceae,Zanthoxylum caribaeum,Lam.,Ecuador
Rutaceae,Zanthoxylum compactum,(Huber ex Albuq.) P.G.Waterman,Ecuador
Rutaceae,Zanthoxylum ekmanii,(Urb.) Alain,Ecuador
Rutaceae,Zanthoxylum fagara,(L.) Sarg.,Ecuador
Rutaceae,Zanthoxylum formiciferum,(Cuatrec.) P.G.Waterman,Ecuador
Rutaceae,Zanthoxylum lepidopteriphilum,Reynel,Ecuador
Rutaceae,Zanthoxylum mantaro,(J.F.Macbr.) J.F.Macbr.,Ecuador
Rutaceae,Zanthoxylum martinicense,(Lam.) DC.,Ecuador
Rutaceae,Zanthoxylum melanostictum,Schltdl. & Cham.,Ecuador
Rutaceae,Zanthoxylum quinduense,Tul.,Ecuador
Rutaceae,Zanthoxylum riedelianum,Engl.,Ecuador
Rutaceae,Zanthoxylum rigidum,Humb. & Bonpl. ex Willd.,Ecuador
Rutaceae,Zanthoxylum schreberi,(J.F.Gmel.) Reynel ex C.Nelson,Ecuador
Rutaceae,Zanthoxylum sprucei,Engl.,Ecuador
Rutaceae,Zanthoxylum verrucosum,(Cuatrec.) P.G.Waterman,Ecuador
Sabiaceae,Meliosma bogotana,Steyerm.,Ecuador
Sabiaceae,Meliosma boliviensis,Cuatrec.,Ecuador
Sabiaceae,Meliosma condorensis,Cornejo,Ecuador
Sabiaceae,Meliosma cornejoi,E.Ramos,Ecuador
Sabiaceae,Meliosma echeverryana,Cuatrec.,Ecuador
Sabiaceae,Meliosma frondosa,Cuatrec. & Idrobo,Ecuador
Sabiaceae,Meliosma glabrata,(Liebm.) Urb.,Ecuador
Sabiaceae,Meliosma gracilis,Cornejo & Bonifaz,Ecuador
Sabiaceae,Meliosma herbertii,Rolfe,Ecuador
Sabiaceae,Meliosma littlei,Cuatrec.        ,Ecuador
Sabiaceae,Meliosma loretoyacuensis,Cuatrec. & Idrobo,Ecuador
Sabiaceae,Meliosma meridensis,Lasser,Ecuador
Sabiaceae,Meliosma novogranatensis,Cuatrec. & Idrobo,Ecuador
Sabiaceae,Meliosma occidentalis,Cuatrec.,Ecuador
Sabiaceae,Meliosma palaciosii,A.H.Gentry ex Cornejo,Ecuador
Sabiaceae,Meliosma peytonii,A.H. Gentry,Ecuador
Sabiaceae,Meliosma pittieriana,Steyerm.,Ecuador
Sabiaceae,Meliosma schlimii,(Turcz.) Triana & Planch.,Ecuador
Sabiaceae,Meliosma stellata,Cornejo & Bonifaz,Ecuador
Sabiaceae,Meliosma vasquezii,A.H.Gentry,Ecuador
Sabiaceae,Meliosma violacea,Cuatrec. & Idrobo,Ecuador
Sabiaceae,Meliosma wurdackii,Cuatrec.,Ecuador
Sabiaceae,Ophiocaryon heterophyllum,(Benth.) Urb.,Ecuador
Sabiaceae,Ophiocaryon klugii,Barneby,Ecuador
Sabiaceae,Ophiocaryon manausense,(W.A.Rodrigues) Barneby,Ecuador
Salicaceae,Abatia parviflora,Ruiz & Pav.,Ecuador
Salicaceae,Banara glauca,(Kunth) Benth.,Ecuador
Salicaceae,Banara guianensis,Aubl.,Ecuador
Salicaceae,Banara nitida,Spruce ex Benth.,Ecuador
Salicaceae,Banara regia,Sandwith,Ecuador
Salicaceae,Banara riparia,Sleumer,Ecuador
Salicaceae,Casearia aculeata,Jacq.,Ecuador
Salicaceae,Casearia americana,(L.) T.Samar. & M.H.Alford,Ecuador
Salicaceae,Casearia arborea,(Rich.) Urb.,Ecuador
Salicaceae,Casearia bicolor,Urb.,Ecuador
Salicaceae,Casearia cajambrensis,Cuatrec.,Ecuador
Salicaceae,Casearia combaymensis,Tul.,Ecuador
Salicaceae,Casearia decandra,Jacq.,Ecuador
Salicaceae,Casearia fasciculata,(Ruiz & Pav.) Sleumer,Ecuador
Salicaceae,Casearia mariquitensis,Kunth,Ecuador
Salicaceae,Casearia mexiae,Sandwith,Ecuador
Salicaceae,Casearia nigricans,Sleumer,Ecuador
Salicaceae,Casearia prunifolia,Kunth,Ecuador
Salicaceae,Casearia quinduensis,Tul.,Ecuador
Salicaceae,Casearia suaveolens,(Poepp.) T.Samar. & M.H.Alford,Ecuador
Salicaceae,Casearia ulmifolia,Vahl ex Vent.,Ecuador
Salicaceae,Casearia zahlbruckneri,Szyszył.,Ecuador
Salicaceae,Hasseltia floribunda,Kunth,Ecuador
Salicaceae,Hasseltia guatemalensis,Warb.        ,Ecuador
Salicaceae,Hasseltia lateriflora,Rusby,Ecuador
Salicaceae,Lunania parviflora,Spruce ex Benth.,Ecuador
Salicaceae,Neosprucea grandiflora,(Spruce ex Benth.) Sleumer,Ecuador
Salicaceae,Neosprucea pedicellata,Little,Ecuador
Salicaceae,Neosprucea sucumbiensis,Cuatrec.,Ecuador
Salicaceae,Piparea dentata,Aubl.,Ecuador
Salicaceae,Piparea multiflora,C.F.Gaertn.,Ecuador
Salicaceae,Pleuranthodendron lindenii,(Turcz.) Sleumer,Ecuador
Salicaceae,Prockia crucis,P.Browne ex L.,Ecuador
Salicaceae,Prockia pentamera,A.H.Gentry,Ecuador
Salicaceae,Ryania speciosa,Vahl,Ecuador
Salicaceae,Salix humboldtiana,Willd.,Ecuador
Salicaceae,Tetrathylacium longirachis,D.Santam. & Liesner,Ecuador
Salicaceae,Tetrathylacium macrophyllum,Poepp.,Ecuador
Salicaceae,Tetrathylacium nutans,Sleumer,Ecuador
Salicaceae,Tetrathylacium sarayakuorum,D.Santam. & Liesner,Ecuador
Salicaceae,Xylosma benthamii,(Tul.) Triana & Planch.,Ecuador
Salicaceae,Xylosma cordata,(Kunth) Gilg,Ecuador
Salicaceae,Xylosma lucida,(Tul.) Sleumer,Ecuador
Salicaceae,Xylosma ruiziana,Sleumer,Ecuador
Salicaceae,Xylosma tessmannii,Sleumer,Ecuador
Salicaceae,Xylosma velutina,(Tul.) Triana & Planch.,Ecuador
Santalaceae,Acanthosyris annonagustata,C.U.Ulloa & M.Jørg.,Ecuador
Santalaceae,Acanthosyris glabrata,(Stapf) Stauffer ex Govaerts,Ecuador
Santalaceae,Cervantesia bicolor,Cav.,Ecuador
Santalaceae,Cervantesia tomentosa,Ruiz & Pav.,Ecuador
Sapindaceae,Allophylus amazonicus,(Mart.) Radlk.,Ecuador
Sapindaceae,Allophylus cominia,(L.) Sw.,Ecuador
Sapindaceae,Allophylus coriaceus,Radlk.,Ecuador
Sapindaceae,Allophylus divaricatus,Radlk.,Ecuador
Sapindaceae,Allophylus dodsonii,Gentry,Ecuador
Sapindaceae,Allophylus excelsus,(Triana & Planch.) Radlk.,Ecuador
Sapindaceae,Allophylus floribundus,(Poepp.) Radlk.,Ecuador
Sapindaceae,Allophylus glabratus,(Kunth) Radlk.,Ecuador
Sapindaceae,Allophylus incanus,Radlk.,Ecuador
Sapindaceae,Allophylus mollis,(Kunth) Radlk.,Ecuador
Sapindaceae,Allophylus myrianthus,Radlk.,Ecuador
Sapindaceae,Allophylus nitidulus,(Triana & Planch.) Radlk.,Ecuador
Sapindaceae,Allophylus paniculatus,(Poepp.) Radlk.,Ecuador
Sapindaceae,Allophylus peruvianus,Radlk.,Ecuador
Sapindaceae,Allophylus pilosus,(J.F.Macbr.) A.H.Gentry,Ecuador
Sapindaceae,Allophylus psilospermus,Radlk.,Ecuador
Sapindaceae,Allophylus punctatus,(Poepp.) Radlk.,Ecuador
Sapindaceae,Allophylus racemosus,Sw.,Ecuador
Sapindaceae,Allophylus robustus,Radlk.,Ecuador
Sapindaceae,Allophylus scrobiculatus,(Poepp.) Radlk.,Ecuador
Sapindaceae,Allophylus stenodictyus,Radlk.,Ecuador
Sapindaceae,Billia rosea,(Planch. & Linden) C.U.Ulloa & M.Jørg.,Ecuador
Sapindaceae,Cupania latifolia,Kunth,Ecuador
Sapindaceae,Cupania livida,(Radlk.) Croat,Ecuador
Sapindaceae,Cupania macrostylis,(Radlk.) Acev.-Rodr.,Ecuador
Sapindaceae,Cupania polyodonta,Radlk.,Ecuador
Sapindaceae,Cupania riopalenquensis,Dodson & A.H.Gentry      ,Ecuador
Sapindaceae,Cupania rufescens,Triana & Planch.,Ecuador
Sapindaceae,Cupania scrobiculata,Rich.,Ecuador
Sapindaceae,Dodonaea viscosa,(L.) Jacq.,Ecuador
Sapindaceae,Llagunoa nitida,Ruiz & Pav.,Ecuador
Sapindaceae,Matayba adenanthera,Radlk.,Ecuador
Sapindaceae,Matayba longipes,Radlk.,Ecuador
Sapindaceae,Melicoccus novogranatensis,Acev.-Rodr.,Ecuador
Sapindaceae,Paullinia cuneata,Radlk.,Ecuador
Sapindaceae,Paullinia gigantea,Poepp.,Ecuador
Sapindaceae,Paullinia pterocarpa,Triana & Planch.,Ecuador
Sapindaceae,Sapindus saponaria,L.,Ecuador
Sapindaceae,Talisia acutifolia,Radlk.,Ecuador
Sapindaceae,Talisia bullata,Radlk.,Ecuador
Sapindaceae,Talisia cerasina,(Benth.) Radlk.,Ecuador
Sapindaceae,Talisia equatoriensis,Acev.-Rodr.,Ecuador
Sapindaceae,Talisia megaphylla,Sagot,Ecuador
Sapindaceae,Talisia pachycarpa,Radlk.,Ecuador
Sapindaceae,Talisia princeps,Oliv.,Ecuador
Sapindaceae,Talisia setigera,Radlk.,Ecuador
Sapindaceae,Toulicia reticulata,Radlk.,Ecuador
Sapotaceae,Chromolucuma congestifolia,(Pilz) Alves-Araújo & M.Alves,Ecuador
Sapotaceae,Chrysophyllum amazonicum,T.D.Penn.,Ecuador
Sapotaceae,Chrysophyllum argenteum,Jacq.,Ecuador
Sapotaceae,Chrysophyllum colombianum,(Aubrév.) T.D.Penn.,Ecuador
Sapotaceae,Chrysophyllum cuneifolium,(Rudge) A.DC.,Ecuador
Sapotaceae,Chrysophyllum hirsutum,Cronquist,Ecuador
Sapotaceae,Chrysophyllum lanatum,T.D.Penn.,Ecuador
Sapotaceae,Chrysophyllum lucentifolium,Cronquist,Ecuador
Sapotaceae,Chrysophyllum manabiense,T.D.Penn.,Ecuador
Sapotaceae,Chrysophyllum manaosense,(Aubrév.) T.D.Penn.,Ecuador
Sapotaceae,Chrysophyllum pomiferum,(Eyma) T.D.Penn.,Ecuador
Sapotaceae,Chrysophyllum sanguinolentum,(Pierre) Baehni,Ecuador
Sapotaceae,Chrysophyllum venezuelanense,(Pierre) T.D.Penn.,Ecuador
Sapotaceae,Diploon cuspidatum,(Hoehne) Cronquist,Ecuador
Sapotaceae,Ecclinusa guianensis,Eyma,Ecuador
Sapotaceae,Ecclinusa lanceolata,(Mart. & Eichler) Pierre,Ecuador
Sapotaceae,Ecclinusa ramiflora,Mart.,Ecuador
Sapotaceae,Manilkara bidentata,(A.DC.) A.Chev.,Ecuador
Sapotaceae,Micropholis brochidodroma,T.D.Penn.,Ecuador
Sapotaceae,Micropholis crotonoides,(Pierre) Pierre,Ecuador
Sapotaceae,Micropholis egensis,(A.DC.) Pierre,Ecuador
Sapotaceae,Micropholis guyanensis,(A.DC.) Pierre,Ecuador
Sapotaceae,Micropholis melinoniana,Pierre,Ecuador
Sapotaceae,Micropholis obscura,T.D.Penn.,Ecuador
Sapotaceae,Micropholis venulosa,(Mart. & Eichler) Pierre,Ecuador
Sapotaceae,Pouteria amygdalicarpa,(Pittier) T.D.Penn.,Ecuador
Sapotaceae,Pouteria aurea,T.D.Penn.,Ecuador
Sapotaceae,Pouteria austin-smithii,(Standl.) Cronquist,Ecuador
Sapotaceae,Pouteria baehniana,Monach.,Ecuador
Sapotaceae,Pouteria bangii,(Rusby) T.D.Penn.,Ecuador
Sapotaceae,Pouteria bilocularis,(H.J.P.Winkl.) Baehni,Ecuador
Sapotaceae,Pouteria bracteata,T.D.Penn.,Ecuador
Sapotaceae,Pouteria brevipetiolata,T.D.Penn.,Ecuador
Sapotaceae,Pouteria buenaventurensis,(Aubrév.) Pilz,Ecuador
Sapotaceae,Pouteria caimito,(Ruiz & Pav.) Radlk.,Ecuador
Sapotaceae,Pouteria calistophylla,(Standl.) Baehni,Ecuador
Sapotaceae,Pouteria capacifolia,Pilz,Ecuador
Sapotaceae,Pouteria collina,(Little) T.D.Penn.,Ecuador
Sapotaceae,Pouteria condorensis,T.D.Penn.,Ecuador
Sapotaceae,Pouteria cordiformis,T.D.Penn.,Ecuador
Sapotaceae,Pouteria coriacea,(Pierre) Pierre,Ecuador
Sapotaceae,Pouteria durlandii,(Standl.) Baehni,Ecuador
Sapotaceae,Pouteria ephedrantha,(A.C.Sm.) T.D.Penn.,Ecuador
Sapotaceae,Pouteria foveolata,T.D.Penn.,Ecuador
Sapotaceae,Pouteria franciscana,Baehni,Ecuador
Sapotaceae,Pouteria gigantea,(Diels) Pilz,Ecuador
Sapotaceae,Pouteria glomerata,(Miq.) Radlk.,Ecuador
Sapotaceae,Pouteria guianensis,Aubl.,Ecuador
Sapotaceae,Pouteria juruana,K.Krause,Ecuador
Sapotaceae,Pouteria krukovii,(A.C.Sm.) Baehni,Ecuador
Sapotaceae,Pouteria leptopedicellata,Pilz,Ecuador
Sapotaceae,Pouteria lucuma,(Ruiz & Pav.) Kuntze,Ecuador
Sapotaceae,Pouteria lucumifolia,(Reissek ex Maxim.) T.D.Penn.,Ecuador
Sapotaceae,Pouteria megaphylla,T.D.Penn.,Ecuador
Sapotaceae,Pouteria multiflora,(A.DC.) Eyma,Ecuador
Sapotaceae,Pouteria nemorosa,Baehni,Ecuador
Sapotaceae,Pouteria nudipetala,T.D.Penn.,Ecuador
Sapotaceae,Pouteria oblanceolata,Pires,Ecuador
Sapotaceae,Pouteria peruviensis,(Aubrév.) Bernardi,Ecuador
Sapotaceae,Pouteria platyphylla,(A.C.Sm.) Baehni,Ecuador
Sapotaceae,Pouteria putamen-ovi,T.D.Penn.,Ecuador
Sapotaceae,Pouteria reticulata,(Engl.) Eyma,Ecuador
Sapotaceae,Pouteria retinervis,T.D.Penn.,Ecuador
Sapotaceae,Pouteria rostrata,(Huber) Baehni,Ecuador
Sapotaceae,Pouteria scabritesta,T.D.Penn.,Ecuador
Sapotaceae,Pouteria sclerocarpa,(Pittier) Cronquist,Ecuador
Sapotaceae,Pouteria silvestris,T.D.Penn.,Ecuador
Sapotaceae,Pouteria simulans,Monach.,Ecuador
Sapotaceae,Pouteria subrotata,Cronquist,Ecuador
Sapotaceae,Pouteria trilocularis,Cronquist,Ecuador
Sapotaceae,Pouteria tuberculata,(Sleumer) Alves-Araújo & Swenson,Ecuador
Sapotaceae,Pouteria validinervis,(Sleumer) Baehni,Ecuador
Sapotaceae,Pouteria vernicosa,T.D.Penn.,Ecuador
Sapotaceae,Pradosia grisebachii,(Pierre) T.D.Penn.,Ecuador
Sapotaceae,Pradosia montana,T.D.Penn.,Ecuador
Sapotaceae,Pradosia mutisii,Cronquist,Ecuador
Sapotaceae,Sarcaulus brasiliensis,(A.DC.) Eyma,Ecuador
Sapotaceae,Sarcaulus oblatus,T.D.Penn.,Ecuador
Sapotaceae,Sideroxylon obtusifolium,(Roem. & Schult.) T.D.Penn.,Ecuador
Schlegeliaceae,Exarata chocoensis,A.H.Gentry,Ecuador
Schlegeliaceae,Schlegelia fuscata,A.H.Gentry,Ecuador
Schlegeliaceae,Schlegelia pandurata,(Moldenke) A.H.Gentry,Ecuador
Schlegeliaceae,Schlegelia parviflora,(Oerst.) Monach.,Ecuador
Schoepfiaceae,Schoepfia flexuosa,(Ruiz & Pav.) Schult.,Ecuador
Schoepfiaceae,Schoepfia lucida,Pulle,Ecuador
Scrophulariaceae,Buddleja americana,L.,Ecuador
Scrophulariaceae,Buddleja bullata,Kunth,Ecuador
Scrophulariaceae,Buddleja coriacea,J.Rémy,Ecuador
Scrophulariaceae,Buddleja incana,Ruiz & Pav.,Ecuador
Scrophulariaceae,Buddleja longifolia,Kunth,Ecuador
Scrophulariaceae,Buddleja pichinchensis,Kunth,Ecuador
Scrophulariaceae,Buddleja rufescens,Willd.,Ecuador
Simaroubaceae,Homalolepis paraensis,(Ducke) Devecchi & Pirani,Ecuador
Simaroubaceae,Picrolemma huberi,Ducke,Ecuador
Simaroubaceae,Picrolemma sprucei,Hook.f.,Ecuador
Simaroubaceae,Simaba guianensis,Aubl.,Ecuador
Simaroubaceae,Simaba orinocensis,Kunth,Ecuador
Simaroubaceae,Simaba polyphylla,(Cavalcante) W.W. Thomas,Ecuador
Simaroubaceae,Simarouba amara,Aubl.,Ecuador
Siparunaceae,Siparuna aspera,(Ruiz & Pav.) A.DC.,Ecuador
Siparunaceae,Siparuna campii,S.S.Renner & Hausner      ,Ecuador
Siparunaceae,Siparuna cascada,S.S. Renner & Hausner,Ecuador
Siparunaceae,Siparuna cervicornis,Perkins,Ecuador
Siparunaceae,Siparuna conica,S.S.Renner & Hausner,Ecuador
Siparunaceae,Siparuna cristata,(Poepp. & Endl.) A.DC.,Ecuador
Siparunaceae,Siparuna croatii,S.S.Renner & Hausner,Ecuador
Siparunaceae,Siparuna cuspidata,(Tul.) A.DC.,Ecuador
Siparunaceae,Siparuna decipiens,(Tul.) A.DC.,Ecuador
Siparunaceae,Siparuna echinata,(Kunth) A.DC.,Ecuador
Siparunaceae,Siparuna eggersii,Hieron.        ,Ecuador
Siparunaceae,Siparuna gentryana,S.S. Renner,Ecuador
Siparunaceae,Siparuna gigantotepala,S.S. Renner & Hausner,Ecuador
Siparunaceae,Siparuna grandiflora,(Kunth) Perkins,Ecuador
Siparunaceae,Siparuna guajalitensis,S.S. Renner & Hausner,Ecuador
Siparunaceae,Siparuna guianensis,Aubl.,Ecuador
Siparunaceae,Siparuna harlingii,S.S. Renner & Hausner,Ecuador
Siparunaceae,Siparuna laurifolia,(Kunth) A.DC.,Ecuador
Siparunaceae,Siparuna lepidota,(Kunth) A.DC.,Ecuador
Siparunaceae,Siparuna macrotepala,Perkins,Ecuador
Siparunaceae,Siparuna multiflora,S.S. Renner & Hausner,Ecuador
Siparunaceae,Siparuna muricata,(Ruiz & Pav.) A. DC.,Ecuador
Siparunaceae,Siparuna pachyantha,A.C.Sm.,Ecuador
Siparunaceae,Siparuna palenquensis,S.S. Renner & Hausner,Ecuador
Siparunaceae,Siparuna pauciflora,(Beurl.) A.DC.,Ecuador
Siparunaceae,Siparuna pilosolepidota,Heilborn,Ecuador
Siparunaceae,Siparuna poeppigii,(Tul.) A. DC.,Ecuador
Siparunaceae,Siparuna reginae,(Tul.) A.DC.,Ecuador
Siparunaceae,Siparuna schimpffii,Diels,Ecuador
Siparunaceae,Siparuna sessiliflora,(Kunth) A.DC.,Ecuador
Siparunaceae,Siparuna stellulata,Perkins,Ecuador
Siparunaceae,Siparuna thecaphora,(Poepp. & Endl.) A.DC.,Ecuador
Siparunaceae,Siparuna tomentosa,(Ruiz & Pav.) A. DC.,Ecuador
Solanaceae,Acnistus arborescens,(L.) Schltdl.,Ecuador
Solanaceae,Brugmansia arborea,(L.) Sweet,Ecuador
Solanaceae,Brugmansia aurea,Harrison,Ecuador
Solanaceae,Brugmansia insignis,(Barb.Rodr.) Lockwood ex R.E.Schult.,Ecuador
Solanaceae,Brugmansia sanguinea,(Ruiz & Pav.) D.Don,Ecuador
Solanaceae,Brugmansia versicolor,Lagerh.,Ecuador
Solanaceae,Brugmansia vulcanicola,(A.S.Barclay) R.E.Schult.,Ecuador
Solanaceae,Brunfelsia grandiflora,D.Don,Ecuador
Solanaceae,Brunfelsia macrocarpa,Plowman,Ecuador
Solanaceae,Cestrum affine,Kunth,Ecuador
Solanaceae,Cestrum humboldtii,Francey,Ecuador
Solanaceae,Cestrum microcalyx,Francey,Ecuador
Solanaceae,Cestrum ochraceum,Francey,Ecuador
Solanaceae,Cestrum petiolare,Kunth,Ecuador
Solanaceae,Cestrum racemosum,Ruiz & Pav.,Ecuador
Solanaceae,Cestrum schlechtendalii,G.Don,Ecuador
Solanaceae,Cestrum strigilatum,Ruiz & Pav.,Ecuador
Solanaceae,Cestrum tipocochense,Werderm.,Ecuador
Solanaceae,Cestrum tomentosum,L.f.,Ecuador
Solanaceae,Cuatresia riparia,(Kunth) Hunz.,Ecuador
Solanaceae,Dunalia trianaei,Dammer,Ecuador
Solanaceae,Iochroma confertiflorum,(Miers) Hunz.,Ecuador
Solanaceae,Iochroma ellipticum,(Hook.f.) Hunz.,Ecuador
Solanaceae,Iochroma gesnerioides,(Kunth) Miers,Ecuador
Solanaceae,Iochroma lehmannii,Bitter        ,Ecuador
Solanaceae,Iochroma longipes,Miers,Ecuador
Solanaceae,Juanulloa ochracea,Cuatrec.,Ecuador
Solanaceae,Lycianthes radiata,(Sendtn.) Bitter,Ecuador
Solanaceae,Lycianthes synanthera,(Sendtn.) Bitter,Ecuador
Solanaceae,Nicotiana tomentosa,Ruiz & Pav.,Ecuador
Solanaceae,Saracha nigribaccata,J.M.H.Shaw,Ecuador
Solanaceae,Saracha punctata,Ruiz & Pav.,Ecuador
Solanaceae,Saracha quitensis,(Hook.) Miers,Ecuador
Solanaceae,Sessea andina,Francey,Ecuador
Solanaceae,Sessea corymbiflora,Goudot ex R.Taylor & R.Phillips,Ecuador
Solanaceae,Sessea crassivenosa,Bitter,Ecuador
Solanaceae,Sessea dependens,Ruiz & Pav.,Ecuador
Solanaceae,Sessea sodiroi,Bitter,Ecuador
Solanaceae,Sessea stipulata,Ruiz & Pav.,Ecuador
Solanaceae,Sessea vestita,Miers,Ecuador
Solanaceae,Solanum abitaguense,S. Knapp,Ecuador
Solanaceae,Solanum acanthodes,Hook.f.,Ecuador
Solanaceae,Solanum altissimum,Benitez,Ecuador
Solanaceae,Solanum anisophyllum,Van Heurck & Müll. Arg.,Ecuador
Solanaceae,Solanum aphyodendron,S. Knapp,Ecuador
Solanaceae,Solanum appressum,K.E. Roe,Ecuador
Solanaceae,Solanum asperolanatum,Ruiz & Pav.,Ecuador
Solanaceae,Solanum aturense,Dunal,Ecuador
Solanaceae,Solanum barbeyanum,Huber,Ecuador
Solanaceae,Solanum barbulatum,Zahlbr.,Ecuador
Solanaceae,Solanum bellum,S.Knapp,Ecuador
Solanaceae,Solanum bicolor,Willd. ex Roem. & Schult.,Ecuador
Solanaceae,Solanum cacosmum,Bohs,Ecuador
Solanaceae,Solanum cajanumense,Kunth,Ecuador
Solanaceae,Solanum chrysasteroides,Werderm.,Ecuador
Solanaceae,Solanum confertiseriatum,Bitter,Ecuador
Solanaceae,Solanum confine,Dunal,Ecuador
Solanaceae,Solanum cornifolium,Dunal,Ecuador
Solanaceae,Solanum cucullatum,S. Knapp,Ecuador
Solanaceae,Solanum cutervanum,Zahlbr.,Ecuador
Solanaceae,Solanum cyathophorum,M. Nee & Farruggia,Ecuador
Solanaceae,Solanum deflexiflorum,Bitter,Ecuador
Solanaceae,Solanum dillonii,S.Knapp,Ecuador
Solanaceae,Solanum endopogon,(Bitter) Bohs,Ecuador
Solanaceae,Solanum erianthum,D. Don,Ecuador
Solanaceae,Solanum fallax,Bohs,Ecuador
Solanaceae,Solanum goniocaulon,S.Knapp,Ecuador
Solanaceae,Solanum grandiflorum,Ruiz & Pav.,Ecuador
Solanaceae,Solanum hayesii,Fernald,Ecuador
Solanaceae,Solanum hazenii,Britton,Ecuador
Solanaceae,Solanum hypaleurotrichum,Bitter,Ecuador
Solanaceae,Solanum hypermegethes,Werderm.,Ecuador
Solanaceae,Solanum kioniotrichum,Bitter ex J.F.Macbr.,Ecuador
Solanaceae,Solanum laevigatum,Dunal,Ecuador
Solanaceae,Solanum lepidotum,Dunal,Ecuador
Solanaceae,Solanum leucocarpon,Dunal,Ecuador
Solanaceae,Solanum malletii,S. Knapp,Ecuador
Solanaceae,Solanum maturecalvans,Bitter,Ecuador
Solanaceae,Solanum nitidum,Ruiz & Pav.,Ecuador
Solanaceae,Solanum nudum,Dunal,Ecuador
Solanaceae,Solanum nutans,Ruiz & Pav.,Ecuador
Solanaceae,Solanum obliquum,Ruiz & Pav.,Ecuador
Solanaceae,Solanum oblongifolium,Dunal,Ecuador
Solanaceae,Solanum occultum,Bohs,Ecuador
Solanaceae,Solanum oppositifolium,Ruiz & Pav.,Ecuador
Solanaceae,Solanum ovalifolium,Dunal,Ecuador
Solanaceae,Solanum oxyphyllum,C.V. Morton,Ecuador
Solanaceae,Solanum paucispinum,Werderm.,Ecuador
Solanaceae,Solanum pendulum,Ruiz & Pav.,Ecuador
Solanaceae,Solanum plowmanii,S.Knapp,Ecuador
Solanaceae,Solanum pseudosycophanta,Farruggia,Ecuador
Solanaceae,Solanum psychotrioides,Dunal,Ecuador
Solanaceae,Solanum riparium,Pers.,Ecuador
Solanaceae,Solanum robustifrons,Bitter,Ecuador
Solanaceae,Solanum rudepannum,Dunal,Ecuador
Solanaceae,Solanum rugosum,Dunal,Ecuador
Solanaceae,Solanum schlechtendalianum,Walp.,Ecuador
Solanaceae,Solanum sessile,Ruiz & Pav.,Ecuador
Solanaceae,Solanum splendens,(Dunal) Bohs,Ecuador
Solanaceae,Solanum stenophyllum,Dunal,Ecuador
Solanaceae,Solanum steyermarkii,Carvalho,Ecuador
Solanaceae,Solanum subinerme,Jacq.,Ecuador
Solanaceae,Solanum sycophanta,Dunal,Ecuador
Solanaceae,Solanum tenuisetosum,(Bitter) Bohs,Ecuador
Solanaceae,Solanum thelopodium,Sendtn.,Ecuador
Solanaceae,Solanum trachycyphum,Bitter,Ecuador
Solanaceae,Solanum umbellatum,Mill.,Ecuador
Solanaceae,Solanum venosum,Dunal,Ecuador
Solanaceae,Solanum verecundum,M.Nee,Ecuador
Solanaceae,Trozelia grandiflora,(Benth.) J.M.H.Shaw,Ecuador
Solanaceae,Witheringia coccoloboides,(Dammer) Hunz.,Ecuador
Solanaceae,Witheringia solanacea,L'Hér.,Ecuador
Staphyleaceae,Turpinia megaphylla,Tul.,Ecuador
Staphyleaceae,Turpinia occidentalis,(Sw.) G.Don,Ecuador
Stemonuraceae,Discophora guianensis,Miers,Ecuador
Strelitziaceae,Phenakospermum guyannense,(A.Rich.) Endl. ex Miq.,Ecuador
Styracaceae,Styrax argenteus,C.Presl,Ecuador
Styracaceae,Styrax glabratus,Schott,Ecuador
Styracaceae,Styrax guyanensis,A.DC.,Ecuador
Styracaceae,Styrax macrophyllus,Schott ex Pohl,Ecuador
Styracaceae,Styrax oblongus,(Ruiz & Pav.) A. DC.,Ecuador
Styracaceae,Styrax pavonii,A.DC.,Ecuador
Styracaceae,Styrax peruvianus,Zahlbr.,Ecuador
Styracaceae,Styrax subargenteus,Sleumer,Ecuador
Styracaceae,Styrax tomentosus,Bonpl.,Ecuador
Styracaceae,Styrax trichocalyx,Perkins,Ecuador
Symplocaceae,Symplocos arechea,L'Hér.,Ecuador
Symplocaceae,Symplocos badia,B.Ståhl,Ecuador
Symplocaceae,Symplocos blancae,B.Ståhl,Ecuador
Symplocaceae,Symplocos bogotensis,Brand,Ecuador
Symplocaceae,Symplocos canescens,B.Ståhl,Ecuador
Symplocaceae,Symplocos carmencitae,B.Ståhl,Ecuador
Symplocaceae,Symplocos clethrifolia,B.Ståhl,Ecuador
Symplocaceae,Symplocos coriacea,A.DC.,Ecuador
Symplocaceae,Symplocos ecuadorensis,Little,Ecuador
Symplocaceae,Symplocos ecuadorica,Doweld,Ecuador
Symplocaceae,Symplocos fimbriata,B. Ståhl,Ecuador
Symplocaceae,Symplocos fuliginosa,B.Ståhl,Ecuador
Symplocaceae,Symplocos limonensis,"Ståhl, C. Ulloa & Minga",Ecuador
Symplocaceae,Symplocos nana,Brand,Ecuador
Symplocaceae,Symplocos nuda,Bonpl.,Ecuador
Symplocaceae,Symplocos peruviana,(Szyszy?.) Brand,Ecuador
Symplocaceae,Symplocos pluribracteata,B.Ståhl,Ecuador
Symplocaceae,Symplocos quitensis,Brand,Ecuador
Symplocaceae,Symplocos reflexa,A.DC.,Ecuador
Symplocaceae,Symplocos rimbachii,B.Ståhl,Ecuador
Symplocaceae,Symplocos subandina,B.Ståhl,Ecuador
Symplocaceae,Symplocos truncata,B.Ståhl,Ecuador
Tapisciaceae,Huertea glandulosa,Ruiz & Pav.,Ecuador
Tetrameristaceae,Pelliciera rhizophorae,Planch. & Triana,Ecuador
Thymelaeaceae,Daphnopsis americana,(Mill.) J.R.Johnst.,Ecuador
Thymelaeaceae,Daphnopsis equatorialis,Nevling,Ecuador
Thymelaeaceae,Daphnopsis espinosae,Monach.,Ecuador
Thymelaeaceae,Daphnopsis grandis,Nevling & Barringer,Ecuador
Thymelaeaceae,Daphnopsis macrophylla,(Kunth) Gilg,Ecuador
Thymelaeaceae,Daphnopsis occulta,Nevling,Ecuador
Thymelaeaceae,Daphnopsis zamorensis,Domke,Ecuador
Thymelaeaceae,Schoenobiblus daphnoides,Mart.,Ecuador
Thymelaeaceae,Schoenobiblus panamensis,Standl. & L.O.Williams      ,Ecuador
Thymelaeaceae,Schoenobiblus peruvianus,Standl.,Ecuador
Ulmaceae,Ampelocera edentula,Kuhlm.,Ecuador
Ulmaceae,Ampelocera longissima,Todzia,Ecuador
Ulmaceae,Ampelocera macphersonii,Todzia,Ecuador
Urticaceae,Boehmeria aspera,Wedd.,Ecuador
Urticaceae,Boehmeria brevirostris,Wedd.,Ecuador
Urticaceae,Boehmeria caudata,Sw.,Ecuador
Urticaceae,Boehmeria celtidifolia,Kunth,Ecuador
Urticaceae,Boehmeria pavonii,Wedd.,Ecuador
Urticaceae,Boehmeria ramiflora,Jacq.,Ecuador
Urticaceae,Boehmeria ulmifolia,Wedd.,Ecuador
Urticaceae,Cecropia andina,Cuatrec.,Ecuador
Urticaceae,Cecropia angustifolia,Trécul,Ecuador
Urticaceae,Cecropia bullata,C.C.Berg & P.Franco,Ecuador
Urticaceae,Cecropia distachya,Huber,Ecuador
Urticaceae,Cecropia engleriana,Snethl.,Ecuador
Urticaceae,Cecropia ficifolia,Warb. ex Snethl.,Ecuador
Urticaceae,Cecropia gabrielis,Cuatrec.,Ecuador
Urticaceae,Cecropia garciae,Standl.,Ecuador
Urticaceae,Cecropia herthae,Diels,Ecuador
Urticaceae,Cecropia hispidissima,Cuatrec.,Ecuador
Urticaceae,Cecropia insignis,Liebm.,Ecuador
Urticaceae,Cecropia latiloba,Miq.,Ecuador
Urticaceae,Cecropia litoralis,Snethl.,Ecuador
Urticaceae,Cecropia marginalis,Cuatrec.,Ecuador
Urticaceae,Cecropia maxima,Snethl.,Ecuador
Urticaceae,Cecropia membranacea,Trécul,Ecuador
Urticaceae,Cecropia montana,Warb. ex Snethl.,Ecuador
Urticaceae,Cecropia obtusifolia,Bertol.,Ecuador
Urticaceae,Cecropia pastasana,Diels,Ecuador
Urticaceae,Cecropia putumayonis,Cuatrec.,Ecuador
Urticaceae,Cecropia reticulata,Cuatrec.,Ecuador
Urticaceae,Cecropia sciadophylla,Mart.,Ecuador
Urticaceae,Cecropia subintegra,Cuatrec.,Ecuador
Urticaceae,Cecropia telenitida,Cuatrec.,Ecuador
Urticaceae,Cecropia utcubambana,Cuatrec.,Ecuador
Urticaceae,Cecropia velutinella,Diels,Ecuador
Urticaceae,Cecropia virgusa,Cuatrec.,Ecuador
Urticaceae,Coussapoa asperifolia,Trécul,Ecuador
Urticaceae,Coussapoa cinnamomifolia,Mildbr.,Ecuador
Urticaceae,Coussapoa contorta,Cuatrec.,Ecuador
Urticaceae,Coussapoa crassivenosa,Mildbr.,Ecuador
Urticaceae,Coussapoa duquei,Standl.,Ecuador
Urticaceae,Coussapoa herthae,Mildbr.,Ecuador
Urticaceae,Coussapoa jatun-sachensis,C.C.Berg,Ecuador
Urticaceae,Coussapoa longipedunculata,Akkermans & C.C.Berg,Ecuador
Urticaceae,Coussapoa orthoneura,Standl.,Ecuador
Urticaceae,Coussapoa ovalifolia,Trécul,Ecuador
Urticaceae,Coussapoa parviceps,Standl.,Ecuador
Urticaceae,Coussapoa parvifolia,Standl.,Ecuador
Urticaceae,Coussapoa trinervia,Spruce ex Mildbr.,Ecuador
Urticaceae,Coussapoa vannifolia,Cuatrec.,Ecuador
Urticaceae,Coussapoa villosa,Poepp. & Endl.,Ecuador
Urticaceae,Myriocarpa laevigata,Killip,Ecuador
Urticaceae,Myriocarpa longipes,Liebm.,Ecuador
Urticaceae,Myriocarpa stipitata,Benth.,Ecuador
Urticaceae,Phenax laevigatus,Wedd.,Ecuador
Urticaceae,Phenax laxiflorus,Wedd.,Ecuador
Urticaceae,Pilea multiflora,(Poir.) Wedd.,Ecuador
Urticaceae,Pourouma bicolor,Mart.,Ecuador
Urticaceae,Pourouma cecropiifolia,Mart.,Ecuador
Urticaceae,Pourouma cuspidata,Mildbr.,Ecuador
Urticaceae,Pourouma ferruginea,Standl.,Ecuador
Urticaceae,Pourouma floccosa,C.C. Berg,Ecuador
Urticaceae,Pourouma guianensis,Aubl.,Ecuador
Urticaceae,Pourouma hirsutipetiolata,Mildbr.,Ecuador
Urticaceae,Pourouma melinonii,Benoist,Ecuador
Urticaceae,Pourouma minor,Benoist,Ecuador
Urticaceae,Pourouma mollis,Trécul,Ecuador
Urticaceae,Pourouma napoensis,C.C. Berg,Ecuador
Urticaceae,Pourouma petiolulata,C.C. Berg,Ecuador
Urticaceae,Pourouma tomentosa,Mart. ex Miq.,Ecuador
Urticaceae,Pouzolzia formicaria,(Poepp. ex Wedd.) Wedd.,Ecuador
Urticaceae,Pouzolzia obliqua,(Wedd.) Wedd.,Ecuador
Urticaceae,Pouzolzia occidentalis,(Liebm.) Wedd.,Ecuador
Urticaceae,Pouzolzia poeppigiana,(Wedd.) Killip,Ecuador
Urticaceae,Urera baccifera,(L.) Gaudich. ex Wedd.,Ecuador
Urticaceae,Urera caracasana,(Jacq.) Gaudich. ex Griseb.,Ecuador
Urticaceae,Urera elata,(Sw.) Griseb.,Ecuador
Urticaceae,Urera laciniata,Wedd.,Ecuador
Urticaceae,Urera simplex,Wedd.,Ecuador
Verbenaceae,Citharexylum montanum,Moldenke,Ecuador
Verbenaceae,Citharexylum poeppigii,Walp.,Ecuador
Verbenaceae,Citharexylum reticulatum,Kunth,Ecuador
Verbenaceae,Citharexylum subflavescens,S.F.Blake,Ecuador
Verbenaceae,Citharexylum ulei,Moldenke,Ecuador
Verbenaceae,Duranta dombeyana,Moldenke,Ecuador
Verbenaceae,Duranta mutisii,L.f.,Ecuador
Verbenaceae,Duranta obtusifolia,Kunth,Ecuador
Verbenaceae,Duranta triacantha,Juss.,Ecuador
Verbenaceae,Lippia americana,L.,Ecuador
Verbenaceae,Lippia hirsuta,L.f.,Ecuador
Verbenaceae,Lippia salicifolia,Andersson,Ecuador
Verbenaceae,Lippia schlimii,Turcz.,Ecuador
Verbenaceae,Petrea pubescens,Turcz.,Ecuador
Viburnaceae,Sambucus peruviana,Kunth,Ecuador
Viburnaceae,Viburnum ayavacense,Kunth,Ecuador
Viburnaceae,Viburnum goudotii,Killip & A.C.Sm.,Ecuador
Viburnaceae,Viburnum hallii,(Oerst.) Killip & A.C.Sm.,Ecuador
Viburnaceae,Viburnum jelskii,Zahlbr.,Ecuador
Viburnaceae,Viburnum mathewsii,(Oerst.) Killip & A.C.Sm.,Ecuador
Viburnaceae,Viburnum pichinchense,Benth.,Ecuador
Viburnaceae,Viburnum tinoides,L.f.,Ecuador
Viburnaceae,Viburnum toronis,Killip & A.C.Sm.,Ecuador
Viburnaceae,Viburnum triphyllum,Benth.,Ecuador
Viburnaceae,Viburnum weberbaueri,Graebn.,Ecuador
Violaceae,Amphirrhox longifolia,(A.St.-Hil.) Spreng.,Ecuador
Violaceae,Bribria apiculata,(Hekking) Wahlert & H.E.Ballard,Ecuador
Violaceae,Fusispermum laxiflorum,Hekking,Ecuador
Violaceae,Fusispermum minutiflorum,Cuatrec.,Ecuador
Violaceae,Gloeospermum dichotomum,(Rusby) Melch.,Ecuador
Violaceae,Gloeospermum equatoriense,Hekking,Ecuador
Violaceae,Gloeospermum falcatum,Hekking,Ecuador
Violaceae,Gloeospermum grandifolium,Hekking,Ecuador
Violaceae,Gloeospermum longifolium,Hekking,Ecuador
Violaceae,Gloeospermum sclerophyllum,Cuatrec.,Ecuador
Violaceae,Gloeospermum sphaerocarpum,Triana & Planch.,Ecuador
Violaceae,Leonia crassa,L.B.Sm. & A.Fernández,Ecuador
Violaceae,Leonia cymosa,Mart.,Ecuador
Violaceae,Leonia glycycarpa,Ruiz & Pav.,Ecuador
Violaceae,Leonia occidentalis,Cuatrec.,Ecuador
Violaceae,Leonia racemosa,Mart.,Ecuador
Violaceae,Leonia triandra,Cuatrec.,Ecuador
Violaceae,Rinorea deflexa,S.F.Blake        ,Ecuador
Violaceae,Rinorea flavescens,(Aubl.) Kuntze,Ecuador
Violaceae,Rinorea lindeniana,(Tul.) Kuntze,Ecuador
Violaceae,Rinorea macrocarpa,(Mart. ex Eichler) Kuntze,Ecuador
Violaceae,Rinorea multivenosa,Hekking,Ecuador
Violaceae,Rinorea pubiflora,(Benth.) Sprague & Sandwith,Ecuador
Violaceae,Rinorea viridifolia,Rusby,Ecuador
Violaceae,Rinorea zygomorpha,H.E.Ballard & Wahlert,Ecuador
Violaceae,Rinoreocarpus ulei,(Melch.) Ducke,Ecuador
Vochysiaceae,Qualea paraensis,Ducke,Ecuador
Vochysiaceae,Vochysia aurantiaca,Stafleu,Ecuador
Vochysiaceae,Vochysia condorensis,Huamantupa & D.A.Neill,Ecuador
Vochysiaceae,Vochysia guianensis,Aubl.,Ecuador
Vochysiaceae,Vochysia leguiana,J.F.Macbr.,Ecuador
Vochysiaceae,Vochysia meridensis,Marc.-Berti,Ecuador
Vochysiaceae,Vochysia moskovitsiana,Huamantupa,Ecuador
Vochysiaceae,Vochysia punctata,Spruce ex Warm.,Ecuador
Vochysiaceae,Vochysia splendens,Spruce ex Warm.,Ecuador
Winteraceae,Drimys granadensis,L.f.,Ecuador
Zamiaceae,Zamia roezlii,Regel ex Linden,Ecuador
