family,taxon,author,native to
Acanthaceae,Avicennia germinans,(L.) L.,French Guiana
Acanthaceae,Avicennia schaueriana,Stapf & Leechm. ex Moldenke,French Guiana
Achariaceae,Carpotroche crispidentata,Ducke,French Guiana
Achariaceae,Carpotroche longifolia,(Poepp.) Benth.,French Guiana
Achariaceae,Carpotroche surinamensis,Uittien,French Guiana
Achariaceae,Mayna odorata,Aubl.,French Guiana
Anacardiaceae,Anacardium amapaense,J.D.Mitch.,French Guiana
Anacardiaceae,Anacardium occidentale,L.,French Guiana
Anacardiaceae,Anacardium spruceanum,Benth. ex Engl.,French Guiana
Anacardiaceae,Astronium ulei,Mattick,French Guiana
Anacardiaceae,Loxopterygium sagotii,Hook.f.,French Guiana
Anacardiaceae,Spondias mombin,L.,French Guiana
Anacardiaceae,Spondias purpurea,L.,French Guiana
Anacardiaceae,Tapirira bethanniana,J.D. Mitch.,French Guiana
Anacardiaceae,Tapirira guianensis,Aubl.,French Guiana
Anacardiaceae,Tapirira obtusa,(Benth.) J.D.Mitch.,French Guiana
Anacardiaceae,Thyrsodium guianense,Sagot ex Marchand,French Guiana
Anacardiaceae,Thyrsodium puberulum,J.D. Mitch. & D.C. Daly,French Guiana
Anacardiaceae,Thyrsodium spruceanum,Benth.,French Guiana
Annonaceae,Anaxagorea acuminata,(Dunal) A.St.-Hil. ex A.DC.,French Guiana
Annonaceae,Anaxagorea brevipedicellata,Timmerman,French Guiana
Annonaceae,Anaxagorea dolichocarpa,Sprague & Sandwith,French Guiana
Annonaceae,Anaxagorea phaeocarpa,Mart.,French Guiana
Annonaceae,Anaxagorea prinoides,(Dunal) A.St.-Hil.,French Guiana
Annonaceae,Annona ambotay,Aubl.,French Guiana
Annonaceae,Annona cuspidata,(Mart.) H.Rainer,French Guiana
Annonaceae,Annona densicoma,Mart.,French Guiana
Annonaceae,Annona echinata,Dunal,French Guiana
Annonaceae,Annona exsucca,DC.,French Guiana
Annonaceae,Annona foetida,Mart.,French Guiana
Annonaceae,Annona glabra,L.,French Guiana
Annonaceae,Annona granvilleana,Maas & H.Rainer,French Guiana
Annonaceae,Annona hypoglauca,Mart.,French Guiana
Annonaceae,Annona montana,Macfad.,French Guiana
Annonaceae,Annona mucosa,Jacq.,French Guiana
Annonaceae,Annona muricata,L.,French Guiana
Annonaceae,Annona neoelliptica,H.Rainer & Maas,French Guiana
Annonaceae,Annona paludosa,Aubl.,French Guiana
Annonaceae,Annona sericea,Dunal,French Guiana
Annonaceae,Annona symphyocarpa,Sandwith,French Guiana
Annonaceae,Annona tenuiflora,Mart.,French Guiana
Annonaceae,Cardiopetalum surinamense,R.E.Fr.,French Guiana
Annonaceae,Cremastosperma brevipes,(DC. ex Dunal) R.E.Fr.,French Guiana
Annonaceae,Cymbopetalum brasiliense,(Vell.) Benth. ex Baill.,French Guiana
Annonaceae,Duguetia cadaverica,Huber,French Guiana
Annonaceae,Duguetia calycina,Benoist,French Guiana
Annonaceae,Duguetia eximia,Diels,French Guiana
Annonaceae,Duguetia granvilleana,Maas,French Guiana
Annonaceae,Duguetia inconspicua,Sagot,French Guiana
Annonaceae,Duguetia oligocarpa,Maas & J.A.C.Dam,French Guiana
Annonaceae,Duguetia paraensis,R.E.Fr.,French Guiana
Annonaceae,Duguetia pycnastera,Sandwith,French Guiana
Annonaceae,Duguetia riparia,Huber,French Guiana
Annonaceae,Duguetia surinamensis,R.E.Fr.,French Guiana
Annonaceae,Duguetia trunciflora,Maas & A.H.Gentry,French Guiana
Annonaceae,Duguetia yeshidan,Sandwith,French Guiana
Annonaceae,Ephedranthus guianensis,R.E.Fr.,French Guiana
Annonaceae,Fusaea longifolia,(Aubl.) Saff.,French Guiana
Annonaceae,Guatteria anteridifera,Scharf & Maas,French Guiana
Annonaceae,Guatteria blepharophylla,Mart.,French Guiana
Annonaceae,Guatteria citriodora,Ducke,French Guiana
Annonaceae,Guatteria conspicua,R.E.Fr.,French Guiana
Annonaceae,Guatteria discolor,R.E.Fr.,French Guiana
Annonaceae,Guatteria elegans,Scharf,French Guiana
Annonaceae,Guatteria foliosa,Benth.,French Guiana
Annonaceae,Guatteria guianensis,(Aubl.) R.E.Fr.,French Guiana
Annonaceae,Guatteria intermedia,Scharf,French Guiana
Annonaceae,Guatteria leucotricha,Scharf & Maas,French Guiana
Annonaceae,Guatteria liesneri,D.M.Johnson & N.A.Murray,French Guiana
Annonaceae,Guatteria oblonga,R.E.Fr.,French Guiana
Annonaceae,Guatteria ouregou,(Aubl.) Dunal,French Guiana
Annonaceae,Guatteria pannosa,Scharf & Maas,French Guiana
Annonaceae,Guatteria procera,R.E.Fr.,French Guiana
Annonaceae,Guatteria punctata,(Aubl.) R.A.Howard,French Guiana
Annonaceae,Guatteria richardii,R.E.Fr.,French Guiana
Annonaceae,Guatteria schomburgkiana,Mart.,French Guiana
Annonaceae,Guatteria wachenheimii,Benoist,French Guiana
Annonaceae,Oxandra asbeckii,(Pulle) R.E.Fr.,French Guiana
Annonaceae,Oxandra xylopioides,Diels,French Guiana
Annonaceae,Pseudoxandra cuspidata,Maas,French Guiana
Annonaceae,Pseudoxandra polyphleba,(Diels) R.E. Fr.,French Guiana
Annonaceae,Tetrameranthus guianensis,Westra & Maas,French Guiana
Annonaceae,Trigynaea caudata,(R.E. Fr.) R.E. Fr.,French Guiana
Annonaceae,Trigynaea duckei,(R.E.Fr.) R.E.Fr.,French Guiana
Annonaceae,Unonopsis glaucopetala,R.E.Fr.,French Guiana
Annonaceae,Unonopsis guatterioides,(A.DC.) R.E.Fr.,French Guiana
Annonaceae,Unonopsis perrottetii,(A.DC.) R.E.Fr.,French Guiana
Annonaceae,Unonopsis rufescens,(Baill.) R.E. Fr.,French Guiana
Annonaceae,Unonopsis stipitata,Diels,French Guiana
Annonaceae,Xylopia aromatica,(Lam.) Mart.,French Guiana
Annonaceae,Xylopia benthamii,R.E.Fr.,French Guiana
Annonaceae,Xylopia cayennensis,Maas,French Guiana
Annonaceae,Xylopia crinita,R.E.Fr.,French Guiana
Annonaceae,Xylopia discreta,(L.f.) Sprague & Hutch.,French Guiana
Annonaceae,Xylopia excellens,R.E.Fr.,French Guiana
Annonaceae,Xylopia frutescens,Aubl.,French Guiana
Annonaceae,Xylopia nervosa,(R.E. Fr.) Maas,French Guiana
Annonaceae,Xylopia parviflora,Spruce,French Guiana
Annonaceae,Xylopia pulcherrima,Sandwith,French Guiana
Annonaceae,Xylopia sericea,A.St.-Hil.,French Guiana
Annonaceae,Xylopia surinamensis,R.E.Fr.,French Guiana
Apocynaceae,Ambelania acida,Aubl.,French Guiana
Apocynaceae,Aspidosperma album,(Vahl) Benoist ex Pichon,French Guiana
Apocynaceae,Aspidosperma darienense,Woodson ex Dwyer,French Guiana
Apocynaceae,Aspidosperma desmanthum,Benth. ex Müll.Arg.,French Guiana
Apocynaceae,Aspidosperma excelsum,Benth.,French Guiana
Apocynaceae,Aspidosperma macrophyllum,Müll.Arg.,French Guiana
Apocynaceae,Aspidosperma oblongum,A.DC.,French Guiana
Apocynaceae,Aspidosperma sandwithianum,Markgr.,French Guiana
Apocynaceae,Aspidosperma spruceanum,Benth. ex Müll.Arg.,French Guiana
Apocynaceae,Cascabela thevetia,(L.) Lippold,French Guiana
Apocynaceae,Couma guianensis,Aubl.,French Guiana
Apocynaceae,Geissospermum argenteum,Woodson,French Guiana
Apocynaceae,Geissospermum laeve,(Vell.) Miers,French Guiana
Apocynaceae,Geissospermum reticulatum,A.H.Gentry,French Guiana
Apocynaceae,Geissospermum sericeum,Miers,French Guiana
Apocynaceae,Himatanthus articulatus,(Vahl) Woodson,French Guiana
Apocynaceae,Lacmellea aculeata,(Ducke) Monach.,French Guiana
Apocynaceae,Lacmellea guyanensis,(Müll.Arg.) Monach.,French Guiana
Apocynaceae,Laxoplumeria baehniana,Monach.,French Guiana
Apocynaceae,Macoubea guianensis,Aubl.,French Guiana
Apocynaceae,Malouetia duckei,Markgr.,French Guiana
Apocynaceae,Malouetia flavescens,(Willd. ex Roem. & Schult.) Müll.Arg.,French Guiana
Apocynaceae,Malouetia tamaquarina,(Aubl.) A.DC.,French Guiana
Apocynaceae,Parahancornia fasciculata,(Poir.) Benoist,French Guiana
Apocynaceae,Rauvolfia paraensis,Ducke,French Guiana
Apocynaceae,Tabernaemontana albiflora,(Miq.) Pulle,French Guiana
Apocynaceae,Tabernaemontana attenuata,(Miers) Urb.,French Guiana
Apocynaceae,Tabernaemontana disticha,A.DC.,French Guiana
Apocynaceae,Tabernaemontana grandiflora,Jacq.,French Guiana
Apocynaceae,Tabernaemontana heterophylla,Vahl,French Guiana
Apocynaceae,Tabernaemontana lagenaria,Leeuwenb.,French Guiana
Apocynaceae,Tabernaemontana linkii,A.DC.,French Guiana
Apocynaceae,Tabernaemontana macrocalyx,Müll.Arg.,French Guiana
Apocynaceae,Tabernaemontana rupicola,Benth.,French Guiana
Apocynaceae,Tabernaemontana sananho,Ruiz & Pav.,French Guiana
Apocynaceae,Tabernaemontana siphilitica,(L.f.) Leeuwenb.,French Guiana
Apocynaceae,Tabernaemontana undulata,Vahl,French Guiana
Aquifoliaceae,Ilex casiquiarensis,Loes.,French Guiana
Aquifoliaceae,Ilex guianensis,(Aubl.) Kuntze,French Guiana
Aquifoliaceae,Ilex inundata,Poepp. ex Reissek,French Guiana
Aquifoliaceae,Ilex martiniana,D.Don,French Guiana
Aquifoliaceae,Ilex ovalifolia,Bonpl. ex Miers,French Guiana
Araliaceae,Didymopanax decaphyllus,(Seem.) Fiaschi & G.M.Plunkett,French Guiana
Araliaceae,Didymopanax morototoni,(Aubl.) Decne. & Planch.,French Guiana
Araliaceae,Oreopanax capitatus,(Jacq.) Decne. & Planch.,French Guiana
Arecaceae,Acrocomia aculeata,(Jacq.) Lodd. ex R.Keith,French Guiana
Arecaceae,Astrocaryum aculeatum,G.Mey.,French Guiana
Arecaceae,Astrocaryum jauari,Mart.,French Guiana
Arecaceae,Astrocaryum minus,Trail,French Guiana
Arecaceae,Astrocaryum murumuru,Mart.,French Guiana
Arecaceae,Astrocaryum rodriguesii,Trail,French Guiana
Arecaceae,Astrocaryum sciophilum,(Miq.) Pulle,French Guiana
Arecaceae,Astrocaryum tucuma,Mart.,French Guiana
Arecaceae,Astrocaryum vulgare,Mart.,French Guiana
Arecaceae,Attalea maripa,(Aubl.) Mart.,French Guiana
Arecaceae,Attalea microcarpa,Mart.,French Guiana
Arecaceae,Bactris acanthocarpa,Mart.,French Guiana
Arecaceae,Bactris acanthocarpoides,Barb.Rodr.,French Guiana
Arecaceae,Bactris brongniartii,Mart.,French Guiana
Arecaceae,Bactris campestris,Poepp.,French Guiana
Arecaceae,Bactris constanciae,Barb.Rodr.,French Guiana
Arecaceae,Bactris elegans,Schaedtler,French Guiana
Arecaceae,Bactris gasipaes,Kunth,French Guiana
Arecaceae,Bactris hirta,Mart.,French Guiana
Arecaceae,Bactris major,Jacq.,French Guiana
Arecaceae,Bactris maraja,Mart.,French Guiana
Arecaceae,Bactris nancibaensis,Granv.,French Guiana
Arecaceae,Bactris tomentosa,Mart.,French Guiana
Arecaceae,Desmoncus polyacanthos,Mart.,French Guiana
Arecaceae,Elaeis oleifera,(Kunth) Cortés,French Guiana
Arecaceae,Euterpe oleracea,Mart.,French Guiana
Arecaceae,Euterpe precatoria,Mart.,French Guiana
Arecaceae,Geonoma baculifera,(Poit.) Kunth,French Guiana
Arecaceae,Geonoma deversa,(Poit.) Kunth,French Guiana
Arecaceae,Geonoma maxima,(Poit.) Kunth,French Guiana
Arecaceae,Geonoma oldemanii,Granv.,French Guiana
Arecaceae,Geonoma stricta,(Poit.) Kunth,French Guiana
Arecaceae,Geonoma undata,Klotzsch,French Guiana
Arecaceae,Hyospathe elegans,Mart.,French Guiana
Arecaceae,Manicaria saccifera,Gaertn.,French Guiana
Arecaceae,Mauritia flexuosa,L.f.,French Guiana
Arecaceae,Oenocarpus bacaba,Mart.,French Guiana
Arecaceae,Oenocarpus bataua,Mart.,French Guiana
Arecaceae,Socratea exorrhiza,(Mart.) H.Wendl.,French Guiana
Arecaceae,Syagrus inajai,(Spruce) Becc.,French Guiana
Arecaceae,Syagrus stratincola,Wess.Boer,French Guiana
Asteraceae,Clibadium surinamense,L.,French Guiana
Asteraceae,Clibadium sylvestre,(Aubl.) Baill.,French Guiana
Asteraceae,Piptocoma milleri,(J.R.Johnst.) Pruski,French Guiana
Asteraceae,Piptocoma schomburgkii,(Sch.Bip.) Pruski,French Guiana
Bignoniaceae,Adenocalymma bracteosum,(DC.) L.G.Lohmann,French Guiana
Bignoniaceae,Handroanthus capitatus,(Bureau & K.Schum.) Mattos,French Guiana
Bignoniaceae,Handroanthus impetiginosus,(Mart. ex DC.) Mattos,French Guiana
Bignoniaceae,Handroanthus serratifolius,(Vahl) S.O.Grose,French Guiana
Bignoniaceae,Jacaranda copaia,(Aubl.) D.Don,French Guiana
Bignoniaceae,Jacaranda obtusifolia,Bonpl.,French Guiana
Bignoniaceae,Tabebuia fluviatilis,(Aubl.) DC.,French Guiana
Bignoniaceae,Tabebuia insignis,(Miq.) Sandwith,French Guiana
Bignoniaceae,Tabebuia rosea,(Bertol.) Bertero ex A.DC.,French Guiana
Bignoniaceae,Tabebuia stenocalyx,Sprague & Stapf,French Guiana
Bixaceae,Bixa orellana,L.,French Guiana
Bixaceae,Cochlospermum orinocense,(Kunth) Steud.,French Guiana
Boraginaceae,Cordia alliodora,(Ruiz & Pav.) Oken,French Guiana
Boraginaceae,Cordia bicolor,A.DC.,French Guiana
Boraginaceae,Cordia dentata,Poir.,French Guiana
Boraginaceae,Cordia exaltata,Lam.,French Guiana
Boraginaceae,Cordia fallax,I.M.Johnst.,French Guiana
Boraginaceae,Cordia fulva,I.M.Johnst.,French Guiana
Boraginaceae,Cordia goeldiana,Huber,French Guiana
Boraginaceae,Cordia laevifrons,I.M.Johnst.,French Guiana
Boraginaceae,Cordia lomatoloba,I.M.Johnst.,French Guiana
Boraginaceae,Cordia nervosa,Lam.,French Guiana
Boraginaceae,Cordia nodosa,Lam.,French Guiana
Boraginaceae,Cordia panicularis,Rudge,French Guiana
Boraginaceae,Cordia sagotii,I.M.Johnst.,French Guiana
Boraginaceae,Cordia sprucei,Mez,French Guiana
Boraginaceae,Cordia tetrandra,Aubl.,French Guiana
Boraginaceae,Cordia toqueve,Aubl.,French Guiana
Burseraceae,Bursera simaruba,(L.) Sarg.,French Guiana
Burseraceae,Dacryodes belemensis,Cuatrec.,French Guiana
Burseraceae,Dacryodes cuspidata,(Cuatrec.) Daly,French Guiana
Burseraceae,Dacryodes peruviana,(Loes.) H.J.Lam,French Guiana
Burseraceae,Dacryodes roraimensis,Cuatrec.,French Guiana
Burseraceae,Protium altissimum,(Aubl.) Marchand,French Guiana
Burseraceae,Protium altsonii,Sandwith,French Guiana
Burseraceae,Protium amazonicum,(Cuatrec.) Daly,French Guiana
Burseraceae,Protium apiculatum,Swart,French Guiana
Burseraceae,Protium aracouchini,(Aubl.) Marchand,French Guiana
Burseraceae,Protium cuneatum,Swart,French Guiana
Burseraceae,Protium decandrum,(Aubl.) Marchand,French Guiana
Burseraceae,Protium demerarense,Swart,French Guiana
Burseraceae,Protium divaricatum,Engl.,French Guiana
Burseraceae,Protium gallicum,D.C. Daly,French Guiana
Burseraceae,Protium giganteum,Engl.,French Guiana
Burseraceae,Protium goudotianum,(Tul.) Byng & Christenh.,French Guiana
Burseraceae,Protium grandifolium,Engl.,French Guiana
Burseraceae,Protium guianense,(Aubl.) Marchand,French Guiana
Burseraceae,Protium heptaphyllum,(Aubl.) Marchand,French Guiana
Burseraceae,Protium inodorum,Daly        ,French Guiana
Burseraceae,Protium melinonis,Engl.,French Guiana
Burseraceae,Protium morii,D.C. Daly,French Guiana
Burseraceae,Protium nodulosum,Swart,French Guiana
Burseraceae,Protium occultum,D.C. Daly,French Guiana
Burseraceae,Protium pallidum,Cuatrec.,French Guiana
Burseraceae,Protium pilosum,(Cuatrec.) Daly,French Guiana
Burseraceae,Protium plagiocarpium,Benoist,French Guiana
Burseraceae,Protium polybotryum,(Turcz.) Engl.,French Guiana
Burseraceae,Protium rhoifolium,(Benth.) Byng & Christenh.,French Guiana
Burseraceae,Protium robustum,(Swart) D.M.Porter,French Guiana
Burseraceae,Protium sagotianum,Marchand,French Guiana
Burseraceae,Protium spruceanum,(Benth.) Engl.,French Guiana
Burseraceae,Protium stevensonii,(Standl.) Daly,French Guiana
Burseraceae,Protium strumosum,D.C. Daly,French Guiana
Burseraceae,Protium subserratum,(Engl.) Engl.,French Guiana
Burseraceae,Protium surinamense,Byng & Christenh.,French Guiana
Burseraceae,Protium trifoliolatum,Engl.,French Guiana
Burseraceae,Trattinnickia burserifolia,Mart.,French Guiana
Burseraceae,Trattinnickia demerarae,Sandwith,French Guiana
Burseraceae,Trattinnickia glaziovii,Swart,French Guiana
Burseraceae,Trattinnickia rhoifolia,Willd.,French Guiana
Cactaceae,Cereus hexagonus,(L.) Mill.,French Guiana
Calophyllaceae,Calophyllum brasiliense,Cambess.,French Guiana
Calophyllaceae,Calophyllum pachyphyllum,Planch. & Triana,French Guiana
Calophyllaceae,Caraipa ampla,Ducke,French Guiana
Calophyllaceae,Caraipa densifolia,Mart.,French Guiana
Calophyllaceae,Caraipa parvifolia,Aubl.,French Guiana
Calophyllaceae,Caraipa punctulata,Ducke,French Guiana
Calophyllaceae,Caraipa racemosa,Cambess.,French Guiana
Calophyllaceae,Caraipa richardiana,Cambess.,French Guiana
Calophyllaceae,Mahurea exstipulata,Benth.,French Guiana
Calophyllaceae,Mahurea palustris,Aubl.,French Guiana
Canellaceae,Cinnamodendron tenuifolium,Uittien,French Guiana
Cannabaceae,Celtis iguanaea,(Jacq.) Sarg.,French Guiana
Cannabaceae,Trema micranthum,(L.) Blume,French Guiana
Capparaceae,Capparidastrum sola,(J.F.Macbr.) Cornejo & Iltis,French Guiana
Capparaceae,Crateva tapia,L.,French Guiana
Capparaceae,Cynophalla polyantha,(Triana & Planch.) Cornejo & Iltis,French Guiana
Capparaceae,Neocalyptrocalyx leprieurii,Briq.,French Guiana
Capparaceae,Neocalyptrocalyx maroniensis,(Benoist) Cornejo & Iltis,French Guiana
Capparaceae,Neocalyptrocalyx morii,Cornejo & Iltis,French Guiana
Caricaceae,Jacaratia spinosa,(Aubl.) A.DC.,French Guiana
Caricaceae,Vasconcellea microcarpa,(Jacq.) A.DC.,French Guiana
Caryocaraceae,Caryocar glabrum,(Aubl.) Pers.,French Guiana
Caryocaraceae,Caryocar microcarpum,Ducke,French Guiana
Caryocaraceae,Caryocar nuciferum,L.,French Guiana
Caryocaraceae,Caryocar villosum,(Aubl.) Pers.,French Guiana
Celastraceae,Anthodon decussatum,Ruiz & Pav.,French Guiana
Celastraceae,Cheiloclinium cognatum,(Miers) A.C.Sm.,French Guiana
Celastraceae,Elachyptera floribunda,(Benth.) A.C.Sm.,French Guiana
Celastraceae,Hylenaea comosa,(Sw.) Miers,French Guiana
Celastraceae,Maytenus guyanensis,Klotzsch ex Reissek,French Guiana
Celastraceae,Monteverdia floribunda,(Reissek) Biral,French Guiana
Celastraceae,Monteverdia myrsinoides,(Reissek) Biral,French Guiana
Celastraceae,Monteverdia oblongata,(Reissek) Biral,French Guiana
Celastraceae,Monteverdia pruinosa,(Reissek) Biral,French Guiana
Celastraceae,Monteverdia sieberiana,(Krug. & Urb.) Biral,French Guiana
Celastraceae,Peritassa laevigata,(Hoffmanns. ex Link) A.C.Sm.,French Guiana
Celastraceae,Peritassa peruviana,(Miers) A.C.Sm.,French Guiana
Celastraceae,Prionostemma aspera,(Lam.) Miers,French Guiana
Celastraceae,Pristimera nervosa,(Miers) A.C.Sm.,French Guiana
Celastraceae,Salacia elliptica,(Mart.) G.Don,French Guiana
Celastraceae,Salacia impressifolia,(Miers) A.C.Sm.,French Guiana
Celastraceae,Salacia insignis,A.C.Sm.,French Guiana
Celastraceae,Salacia juruana,Loes.,French Guiana
Celastraceae,Salacia multiflora,(Lam.) DC.,French Guiana
Celastraceae,Tontelea attenuata,Miers,French Guiana
Celastraceae,Tontelea emarginata,A.C.Sm.,French Guiana
Celastraceae,Tontelea passiflora,(Vell.) Lombardi,French Guiana
Chloranthaceae,Hedyosmum racemosum,(Ruiz & Pav.) G.Don,French Guiana
Chrysobalanaceae,Acioa guianensis,Aubl.,French Guiana
Chrysobalanaceae,Acioa somnolens,Maguire,French Guiana
Chrysobalanaceae,Chrysobalanus icaco,L.,French Guiana
Chrysobalanaceae,Couepia bracteosa,Benth.,French Guiana
Chrysobalanaceae,Couepia caryophylloides,Benoist,French Guiana
Chrysobalanaceae,Couepia excelsa,Ducke,French Guiana
Chrysobalanaceae,Couepia guianensis,Aubl.,French Guiana
Chrysobalanaceae,Couepia habrantha,Standl.,French Guiana
Chrysobalanaceae,Couepia magnoliifolia,Benth. ex Hook.f.,French Guiana
Chrysobalanaceae,Couepia martini,Prance,French Guiana
Chrysobalanaceae,Couepia obovata,Ducke,French Guiana
Chrysobalanaceae,Couepia rankiniae,Prance,French Guiana
Chrysobalanaceae,Exellodendron barbatum,(Ducke) Prance,French Guiana
Chrysobalanaceae,Gaulettia canomensis,(Mart.) Sothers & Prance,French Guiana
Chrysobalanaceae,Gaulettia elata,(Ducke) Sothers & Prance,French Guiana
Chrysobalanaceae,Gaulettia parillo,(DC.) Sothers & Prance,French Guiana
Chrysobalanaceae,Hirtella araguariensis,Prance,French Guiana
Chrysobalanaceae,Hirtella bicornis,Mart. & Zucc.,French Guiana
Chrysobalanaceae,Hirtella ciliata,Mart. & Zucc.,French Guiana
Chrysobalanaceae,Hirtella couepiiflora,Prance,French Guiana
Chrysobalanaceae,Hirtella davisii,Sandwith,French Guiana
Chrysobalanaceae,Hirtella glandulistipula,Ducke,French Guiana
Chrysobalanaceae,Hirtella glandulosa,Spreng.,French Guiana
Chrysobalanaceae,Hirtella macrophylla,Benth. ex Hook.f.,French Guiana
Chrysobalanaceae,Hirtella margae,Prance,French Guiana
Chrysobalanaceae,Hirtella paniculata,Sw.,French Guiana
Chrysobalanaceae,Hirtella physophora,Mart. & Zucc.,French Guiana
Chrysobalanaceae,Hirtella piresii,Prance,French Guiana
Chrysobalanaceae,Hirtella racemosa,Lam.,French Guiana
Chrysobalanaceae,Hirtella silicea,Griseb.,French Guiana
Chrysobalanaceae,Hirtella suffulta,Prance,French Guiana
Chrysobalanaceae,Hirtella tenuifolia,Prance,French Guiana
Chrysobalanaceae,Hirtella triandra,Sw.,French Guiana
Chrysobalanaceae,Hymenopus amapaensis,Sothers & Prance,French Guiana
Chrysobalanaceae,Hymenopus caudatus,(Prance) Sothers & Prance,French Guiana
Chrysobalanaceae,Hymenopus glabriflorus,(Prance) Sothers & Prance,French Guiana
Chrysobalanaceae,Hymenopus heteromorphus,(Benth.) Sothers & Prance,French Guiana
Chrysobalanaceae,Hymenopus hirsutus,(Prance) Sothers & Prance,French Guiana
Chrysobalanaceae,Hymenopus intrapetiolaris,(Spreng. ex Hook.f.) Sothers & Prance,French Guiana
Chrysobalanaceae,Hymenopus laevigatus,(Prance) Sothers & Prance,French Guiana
Chrysobalanaceae,Hymenopus latifolius,(Benth. ex Hook.f.) Sothers & Prance,French Guiana
Chrysobalanaceae,Hymenopus latistipulus,(Prance) Sothers & Prance,French Guiana
Chrysobalanaceae,Hymenopus macrophyllus,(Benth.) Sothers & Prance,French Guiana
Chrysobalanaceae,Hymenopus occultans,(Prance) Sothers & Prance,French Guiana
Chrysobalanaceae,Hymenopus reticulatus,(Prance) Sothers & Prance,French Guiana
Chrysobalanaceae,Leptobalanus albiflorus,(Fanshawe & Maguire) Sothers & Prance,French Guiana
Chrysobalanaceae,Leptobalanus apetalus,(E.Mey.) Sothers & Prance,French Guiana
Chrysobalanaceae,Leptobalanus granvillei,(Prance) Sothers & Prance,French Guiana
Chrysobalanaceae,Leptobalanus latus,(J.F.Macbr.) Sothers & Prance,French Guiana
Chrysobalanaceae,Leptobalanus octandrus,(Hoffmanns. ex Schult.) Sothers & Prance,French Guiana
Chrysobalanaceae,Leptobalanus persaudii,(Fanshawe & Maguire) Sothers & Prance,French Guiana
Chrysobalanaceae,Leptobalanus sprucei,(Hook.f.) Sothers & Prance,French Guiana
Chrysobalanaceae,Licania affinis,Fritsch,French Guiana
Chrysobalanaceae,Licania alba,(Bernoulli) Cuatrec.,French Guiana
Chrysobalanaceae,Licania canescens,Benoist,French Guiana
Chrysobalanaceae,Licania cyathodes,Benoist,French Guiana
Chrysobalanaceae,Licania davillifolia,Benoist,French Guiana
Chrysobalanaceae,Licania densiflora,Kleinh.,French Guiana
Chrysobalanaceae,Licania discolor,Pilg.,French Guiana
Chrysobalanaceae,Licania elliptica,Standl.,French Guiana
Chrysobalanaceae,Licania fanshawei,Prance,French Guiana
Chrysobalanaceae,Licania hypoleuca,Benth.,French Guiana
Chrysobalanaceae,Licania incana,Aubl.,French Guiana
Chrysobalanaceae,Licania irwinii,Prance,French Guiana
Chrysobalanaceae,Licania kunthiana,Hook.f.,French Guiana
Chrysobalanaceae,Licania laxiflora,Fritsch,French Guiana
Chrysobalanaceae,Licania leptostachya,Benth.,French Guiana
Chrysobalanaceae,Licania majuscula,Sagot,French Guiana
Chrysobalanaceae,Licania membranacea,Sagot ex Laness.,French Guiana
Chrysobalanaceae,Licania micrantha,Miq.,French Guiana
Chrysobalanaceae,Licania ovalifolia,Kleinh.,French Guiana
Chrysobalanaceae,Licania pallida,(Hook.f.) Spruce ex Sagot,French Guiana
Chrysobalanaceae,Licania parviflora,Benth.,French Guiana
Chrysobalanaceae,Licania parvifructa,Fanshawe & Maguire,French Guiana
Chrysobalanaceae,Licania piresii,Prance,French Guiana
Chrysobalanaceae,Licania pruinosa,Benoist,French Guiana
Chrysobalanaceae,Licania robusta,Sagot,French Guiana
Chrysobalanaceae,Licania rodriguesii,Prance,French Guiana
Chrysobalanaceae,Licania silvae,Prance,French Guiana
Chrysobalanaceae,Moquilea egleri,(Prance) Sothers & Prance,French Guiana
Chrysobalanaceae,Moquilea guianensis,Aubl.,French Guiana
Chrysobalanaceae,Moquilea minutiflora,Sagot,French Guiana
Chrysobalanaceae,Parinari campestris,Aubl.,French Guiana
Chrysobalanaceae,Parinari excelsa,Sabine,French Guiana
Chrysobalanaceae,Parinari montana,Aubl.,French Guiana
Chrysobalanaceae,Parinari parvifolia,Sandwith,French Guiana
Chrysobalanaceae,Parinari rodolphii,Huber,French Guiana
Chrysobalanaceae,Parinariopsis licaniiflora,(Sagot) Sothers & Prance,French Guiana
Clusiaceae,Clusia brongniartiana,Planch. & Triana,French Guiana
Clusiaceae,Clusia cuneata,Benth.,French Guiana
Clusiaceae,Clusia flavida,(Benth.) Pipoly,French Guiana
Clusiaceae,Clusia fockeana,Miq.,French Guiana
Clusiaceae,Clusia insignis,Mart.,French Guiana
Clusiaceae,Clusia kanukuana,Maguire,French Guiana
Clusiaceae,Clusia leprantha,Mart.,French Guiana
Clusiaceae,Clusia macropoda,Klotzsch ex Engl.,French Guiana
Clusiaceae,Clusia minor,L.,French Guiana
Clusiaceae,Clusia nemorosa,G.Mey.,French Guiana
Clusiaceae,Clusia octandra,(Poepp.) Pipoly,French Guiana
Clusiaceae,Clusia palmicida,Rich. ex Planch. & Triana,French Guiana
Clusiaceae,Clusia panapanari,(Aubl.) Choisy,French Guiana
Clusiaceae,Clusia platystigma,Eyma,French Guiana
Clusiaceae,Clusia rosea,Jacq.,French Guiana
Clusiaceae,Garcinia benthamiana,(Planch. & Triana) Pipoly,French Guiana
Clusiaceae,Garcinia macrophylla,Mart.,French Guiana
Clusiaceae,Garcinia madruno,(Kunth) Hammel,French Guiana
Clusiaceae,Moronobea coccinea,Aubl.,French Guiana
Clusiaceae,Moronobea jenmanii,Engl.,French Guiana
Clusiaceae,Platonia insignis,Mart.,French Guiana
Clusiaceae,Symphonia globulifera,L.f.,French Guiana
Clusiaceae,Tovomita calodictyos,Sandwith,French Guiana
Clusiaceae,Tovomita caloneura,A.C.Sm.,French Guiana
Clusiaceae,Tovomita carinata,Eyma,French Guiana
Clusiaceae,Tovomita choisyana,Planch. & Triana,French Guiana
Clusiaceae,Tovomita fructipendula,Cambess.,French Guiana
Clusiaceae,Tovomita gazelii,Poncy & Offroy,French Guiana
Clusiaceae,Tovomita grata,Sandwith,French Guiana
Clusiaceae,Tovomita guianensis,Aubl.,French Guiana
Clusiaceae,Tovomita longifolia,(Rich.) Hochr.,French Guiana
Clusiaceae,Tovomita mangle,G. Mariz,French Guiana
Clusiaceae,Tovomita secunda,Poepp. ex Planch. & Triana,French Guiana
Clusiaceae,Tovomita speciosa,Ducke,French Guiana
Clusiaceae,Tovomita umbellata,Benth.,French Guiana
Combretaceae,Combretum cacoucia,Exell ex Sandwith,French Guiana
Combretaceae,Combretum laxum,Jacq.,French Guiana
Combretaceae,Combretum paraguariense,(Eichler) Stace,French Guiana
Combretaceae,Combretum pyramidatum,Desv. ex Ham.,French Guiana
Combretaceae,Combretum rotundifolium,Rich.,French Guiana
Combretaceae,Conocarpus erectus,L.,French Guiana
Combretaceae,Laguncularia racemosa,(L.) C.F.Gaertn.,French Guiana
Combretaceae,Terminalia amazonia,(J.F.Gmel.) Exell,French Guiana
Combretaceae,Terminalia aubletii,Gere & Boatwr.,French Guiana
Combretaceae,Terminalia carinata,Sabatier & J.Engel,French Guiana
Combretaceae,Terminalia dichotoma,G.Mey.,French Guiana
Combretaceae,Terminalia grandis,(Ducke) Gere & Boatwr.,French Guiana
Combretaceae,Terminalia guyanensis,Eichler,French Guiana
Combretaceae,Terminalia lucida,Hoffmanns. ex Mart.,French Guiana
Combretaceae,Terminalia megalophylla,(Van Heurck & Müll.Arg.) Gere & Boatwr.,French Guiana
Combretaceae,Terminalia nitidissima,Rich.,French Guiana
Combretaceae,Terminalia tetraphylla,(Aubl.) Gere & Boatwr.,French Guiana
Connaraceae,Connarus fasciculatus,(DC.) Planch.,French Guiana
Connaraceae,Connarus patrisii,(DC.) Planch.,French Guiana
Connaraceae,Connarus perrottetii,(DC.) Planch.,French Guiana
Connaraceae,Rourea surinamensis,Miq.,French Guiana
Cyrillaceae,Cyrilla racemiflora,L.,French Guiana
Dichapetalaceae,Tapura amazonica,Poepp.,French Guiana
Dichapetalaceae,Tapura capitulifera,Baill.,French Guiana
Dichapetalaceae,Tapura guianensis,Aubl.,French Guiana
Dilleniaceae,Curatella americana,L.,French Guiana
Dilleniaceae,Davilla alata,(Vent.) Briq.,French Guiana
Ebenaceae,Diospyros artanthifolia,Mart. ex Miq.,French Guiana
Ebenaceae,Diospyros capreifolia,Mart. ex Hiern,French Guiana
Ebenaceae,Diospyros carbonaria,Benoist,French Guiana
Ebenaceae,Diospyros cavalcantei,Sothers,French Guiana
Ebenaceae,Diospyros cayennensis,A.DC.,French Guiana
Ebenaceae,Diospyros dichroa,Sandwith,French Guiana
Ebenaceae,Diospyros guianensis,(Aubl.) Gürke,French Guiana
Ebenaceae,Diospyros lissocarpoides,Sandwith,French Guiana
Ebenaceae,Diospyros martinii,Benoist,French Guiana
Ebenaceae,Diospyros matheriana,A.C.Sm.,French Guiana
Ebenaceae,Diospyros ropourea,B.Walln.,French Guiana
Ebenaceae,Diospyros tetrandra,Hiern,French Guiana
Ebenaceae,Diospyros vestita,Benoist,French Guiana
Elaeocarpaceae,Sloanea brevipes,Benth.,French Guiana
Elaeocarpaceae,Sloanea conferta,T.D.Penn.,French Guiana
Elaeocarpaceae,Sloanea echinocarpa,Uittien,French Guiana
Elaeocarpaceae,Sloanea eichleri,K.Schum.,French Guiana
Elaeocarpaceae,Sloanea erythrocarpa,T.D.Penn.,French Guiana
Elaeocarpaceae,Sloanea garckeana,K.Schum.,French Guiana
Elaeocarpaceae,Sloanea grandiflora,Sm.,French Guiana
Elaeocarpaceae,Sloanea guianensis,(Aubl.) Benth.,French Guiana
Elaeocarpaceae,Sloanea latifolia,(Rich.) K.Schum.,French Guiana
Elaeocarpaceae,Sloanea laurifolia,(Willd.) Benth.,French Guiana
Elaeocarpaceae,Sloanea morii,T.D.Penn.,French Guiana
Elaeocarpaceae,Sloanea multiflora,H.Karst.,French Guiana
Elaeocarpaceae,Sloanea nitida,G. Don,French Guiana
Elaeocarpaceae,Sloanea pubescens,Benth.,French Guiana
Elaeocarpaceae,Sloanea rufa,Planch. ex Benth.,French Guiana
Elaeocarpaceae,Sloanea schomburgkii,Spruce ex Benth.,French Guiana
Elaeocarpaceae,Sloanea sinemariensis,Aubl.,French Guiana
Elaeocarpaceae,Sloanea synandra,Spruce ex Benth.,French Guiana
Elaeocarpaceae,Sloanea terniflora,(Moc. & Sessé ex DC.) Standl.,French Guiana
Elaeocarpaceae,Sloanea trichosticha,R.O. Williams & Sandwith,French Guiana
Erythroxylaceae,Erythroxylum amazonicum,Peyr.,French Guiana
Erythroxylaceae,Erythroxylum amplum,Benth.,French Guiana
Erythroxylaceae,Erythroxylum citrifolium,A.St.-Hil.,French Guiana
Erythroxylaceae,Erythroxylum fimbriatum,Peyr.,French Guiana
Erythroxylaceae,Erythroxylum gracilipes,Peyr.,French Guiana
Erythroxylaceae,Erythroxylum havanense,Jacq.,French Guiana
Erythroxylaceae,Erythroxylum kapplerianum,Peyr.,French Guiana
Erythroxylaceae,Erythroxylum leptoneurum,O.E.Schulz,French Guiana
Erythroxylaceae,Erythroxylum ligustrinum,DC.,French Guiana
Erythroxylaceae,Erythroxylum lineolatum,DC.,French Guiana
Erythroxylaceae,Erythroxylum macrophyllum,Cav.,French Guiana
Erythroxylaceae,Erythroxylum mucronatum,Benth.,French Guiana
Erythroxylaceae,Erythroxylum roraimae,Klotzsch ex O.E.Schulz,French Guiana
Erythroxylaceae,Erythroxylum rufum,Cav.,French Guiana
Erythroxylaceae,Erythroxylum squamatum,Sw.,French Guiana
Erythroxylaceae,Erythroxylum suberosum,A.St.-Hil.,French Guiana
Euphorbiaceae,Acalypha diversifolia,Jacq.,French Guiana
Euphorbiaceae,Actinostemon schomburgkii,(Klotzsch) Hochr.,French Guiana
Euphorbiaceae,Adenophaedra grandifolia,(Klotzsch) Müll.Arg.,French Guiana
Euphorbiaceae,Alchornea discolor,Poepp.,French Guiana
Euphorbiaceae,Alchornea fluviatilis,Secco,French Guiana
Euphorbiaceae,Alchornea triplinervia,(Spreng.) Müll.Arg.,French Guiana
Euphorbiaceae,Alchorneopsis floribunda,(Benth.) Müll.Arg.,French Guiana
Euphorbiaceae,Aparisthmium cordatum,(A.Juss.) Baill.,French Guiana
Euphorbiaceae,Conceveiba guianensis,Aubl.,French Guiana
Euphorbiaceae,Conceveiba krukoffii,Steyerm.,French Guiana
Euphorbiaceae,Conceveiba martiana,Baill.,French Guiana
Euphorbiaceae,Croton cuneatus,Klotzsch,French Guiana
Euphorbiaceae,Croton draconoides,Müll.Arg.,French Guiana
Euphorbiaceae,Croton guianensis,Aubl.,French Guiana
Euphorbiaceae,Croton hoffmannii,Müll.Arg.,French Guiana
Euphorbiaceae,Croton matourensis,Aubl.,French Guiana
Euphorbiaceae,Croton nuntians,Croizat,French Guiana
Euphorbiaceae,Croton palanostigma,Klotzsch,French Guiana
Euphorbiaceae,Croton pullei,Lanj.,French Guiana
Euphorbiaceae,Croton schiedeanus,Schltdl.,French Guiana
Euphorbiaceae,Croton tricolor,Klotzsch ex Baill.,French Guiana
Euphorbiaceae,Dodecastigma integrifolium,(Lanj.) Lanj. & Sandwith,French Guiana
Euphorbiaceae,Euphorbia cotinifolia,L.,French Guiana
Euphorbiaceae,Glycydendron amazonicum,Ducke,French Guiana
Euphorbiaceae,Gymnanthes hypoleuca,Benth.,French Guiana
Euphorbiaceae,Hevea guianensis,Aubl.,French Guiana
Euphorbiaceae,Hevea pauciflora,(Spruce ex Benth.) Müll.Arg.,French Guiana
Euphorbiaceae,Hura crepitans,L.,French Guiana
Euphorbiaceae,Mabea piriri,Aubl.,French Guiana
Euphorbiaceae,Mabea pulcherrima,Müll.Arg.,French Guiana
Euphorbiaceae,Mabea salicoides,Esser,French Guiana
Euphorbiaceae,Mabea speciosa,Müll.Arg.,French Guiana
Euphorbiaceae,Mabea subsessilis,Pax & K.Hoffm.,French Guiana
Euphorbiaceae,Mabea taquari,Aubl.,French Guiana
Euphorbiaceae,Manihot baccata,Allem,French Guiana
Euphorbiaceae,Maprounea guianensis,Aubl.,French Guiana
Euphorbiaceae,Micrandra elata,(Didr.) Müll.Arg.,French Guiana
Euphorbiaceae,Micrandra siphonioides,Benth.,French Guiana
Euphorbiaceae,Pausandra fordii,Secco,French Guiana
Euphorbiaceae,Pausandra martini,Baill.,French Guiana
Euphorbiaceae,Pausandra trianae,(Müll.Arg.) Baill.,French Guiana
Euphorbiaceae,Sagotia brachysepala,(Müll.Arg.) Secco,French Guiana
Euphorbiaceae,Sagotia racemosa,Baill.,French Guiana
Euphorbiaceae,Sandwithia guyanensis,Lanj.,French Guiana
Euphorbiaceae,Sapium argutum,(Müll.Arg.) Huber,French Guiana
Euphorbiaceae,Sapium ciliatum,Hemsl.,French Guiana
Euphorbiaceae,Sapium glandulosum,(L.) Morong,French Guiana
Euphorbiaceae,Sapium paucinervium,Hemsl.,French Guiana
Euphorbiaceae,Senefelderopsis croizatii,Steyerm.,French Guiana
Fabaceae,Alexa wachenheimii,Benoist,French Guiana
Fabaceae,Amphiodon effusus,Huber,French Guiana
Fabaceae,Andira coriacea,Pulle,French Guiana
Fabaceae,Andira inermis,(W.Wright) DC.,French Guiana
Fabaceae,Andira surinamensis,(Bondt) Splitg. ex Pulle,French Guiana
Fabaceae,Batesia floribunda,Spruce ex Benth.,French Guiana
Fabaceae,Bauhinia cinnamomea,DC.,French Guiana
Fabaceae,Bauhinia eilertsii,Pulle,French Guiana
Fabaceae,Bauhinia richardiana,DC.,French Guiana
Fabaceae,Bocoa prouacensis,Aubl.,French Guiana
Fabaceae,Bocoa viridiflora,(Ducke) R.S.Cowan,French Guiana
Fabaceae,Calliandra hymenaeoides,(Pers.) Benth.,French Guiana
Fabaceae,Calliandra surinamensis,Benth.,French Guiana
Fabaceae,Calliandra trinervia,Benth.,French Guiana
Fabaceae,Candolleodendron brachystachyum,(DC.) R.S.Cowan,French Guiana
Fabaceae,Cassia cowanii,H.S.Irwin & Barneby,French Guiana
Fabaceae,Cassia fastuosa,Willd. ex Vogel,French Guiana
Fabaceae,Cassia grandis,L.f.,French Guiana
Fabaceae,Cassia spruceana,Benth.,French Guiana
Fabaceae,Cedrelinga cateniformis,(Ducke) Ducke,French Guiana
Fabaceae,Centrolobium paraense,Tul.,French Guiana
Fabaceae,Chamaecrista apoucouita,(Aubl.) H.S.Irwin & Barneby,French Guiana
Fabaceae,Chloroleucon acacioides,(Ducke) Barneby & J.W.Grimes,French Guiana
Fabaceae,Clathrotropis brachypetala,(Tul.) Kleinh.,French Guiana
Fabaceae,Copaifera guianensis,Desf.,French Guiana
Fabaceae,Crudia amazonica,Spruce ex Benth.,French Guiana
Fabaceae,Crudia aromatica,(Aubl.) Willd.,French Guiana
Fabaceae,Crudia bracteata,Benth.,French Guiana
Fabaceae,Crudia glaberrima,(Steud.) J.F.Macbr.,French Guiana
Fabaceae,Crudia oblonga,Benth.,French Guiana
Fabaceae,Crudia spicata,(Aubl.) Forsyth f.,French Guiana
Fabaceae,Crudia tomentosa,(Aubl.) J.F.Macbr.,French Guiana
Fabaceae,Cynometra hostmanniana,Tul.,French Guiana
Fabaceae,Cynometra marginata,Benth.,French Guiana
Fabaceae,Cynometra parvifolia,Tul.,French Guiana
Fabaceae,Dalbergia amazonica,(Radlk. ex Köpff) Ducke,French Guiana
Fabaceae,Dalbergia brownei,(Jacq.) Schinz,French Guiana
Fabaceae,Dalbergia ecastaphyllum,(L.) Taub.,French Guiana
Fabaceae,Dalbergia riedelii,(Benth.) Sandwith,French Guiana
Fabaceae,Dalbergia subcymosa,Ducke,French Guiana
Fabaceae,Deguelia amazonica,Killip,French Guiana
Fabaceae,Deguelia scandens,Aubl.,French Guiana
Fabaceae,Deguelia spruceana,(Benth.) A.M.G.Azevedo & R.A.Camargo,French Guiana
Fabaceae,Dialium guianense,(Aubl.) Sandwith,French Guiana
Fabaceae,Dicorynia guianensis,Amshoff,French Guiana
Fabaceae,Dimorphandra polyandra,Benoist,French Guiana
Fabaceae,Dimorphandra pullei,Amshoff,French Guiana
Fabaceae,Diplotropis peruviana,J.F.Macbr.,French Guiana
Fabaceae,Diplotropis purpurea,(Rich.) Amshoff,French Guiana
Fabaceae,Dipteryx odorata,(Aubl.) Willd.,French Guiana
Fabaceae,Dipteryx punctata,(S.F.Blake) Amshoff,French Guiana
Fabaceae,Dussia discolor,(Benth.) Amshoff,French Guiana
Fabaceae,Elizabetha bicolor,Ducke,French Guiana
Fabaceae,Elizabetha princeps,M.R.Schomb. ex Benth.,French Guiana
Fabaceae,Enterolobium cyclocarpum,(Jacq.) Griseb.,French Guiana
Fabaceae,Enterolobium oldemanii,Barneby & J.W.Grimes,French Guiana
Fabaceae,Enterolobium schomburgkii,(Benth.) Benth.,French Guiana
Fabaceae,Eperua bijuga,Mart. ex Benth.,French Guiana
Fabaceae,Eperua falcata,Aubl.,French Guiana
Fabaceae,Eperua grandiflora,(Aubl.) Benth.,French Guiana
Fabaceae,Eperua jenmanii,Oliv.,French Guiana
Fabaceae,Eperua rubiginosa,Miq.,French Guiana
Fabaceae,Eperua schomburgkiana,Benth.,French Guiana
Fabaceae,Eriosema violaceum,(Aubl.) G.Don,French Guiana
Fabaceae,Erythrina amazonica,Krukoff,French Guiana
Fabaceae,Erythrina fusca,Lour.,French Guiana
Fabaceae,Gwilymia moricolor,"(Barneby & J.W.Grimes) A.G.Lima, Paula-Souza & Scalon",French Guiana
Fabaceae,Gwilymia polystachya,"(Miq.) A.G.Lima, Paula-Souza & Scalon",French Guiana
Fabaceae,Heterostemon mimosoides,Desf.,French Guiana
Fabaceae,Hydrochorea corymbosa,(Rich.) Barneby & J.W.Grimes,French Guiana
Fabaceae,Hydrochorea gonggrijpii,(Kleinhoonte) Barneby & J.W.Grimes,French Guiana
Fabaceae,Hydrochorea pedicellaris,"(DC.) M.V.B.Soares, Iganci & M.P.Morim",French Guiana
Fabaceae,Hymenaea courbaril,L.,French Guiana
Fabaceae,Hymenolobium flavum,Kleinhoonte,French Guiana
Fabaceae,Hymenolobium petraeum,Ducke,French Guiana
Fabaceae,Hymenolobium pulcherrimum,Ducke,French Guiana
Fabaceae,Inga acreana,Harms,French Guiana
Fabaceae,Inga acrocephala,Steud.,French Guiana
Fabaceae,Inga affinis,DC.,French Guiana
Fabaceae,Inga alata,Benoist,French Guiana
Fabaceae,Inga alba,(Sw.) Willd.,French Guiana
Fabaceae,Inga auristellae,Harms,French Guiana
Fabaceae,Inga bourgoni,(Aubl.) DC.,French Guiana
Fabaceae,Inga brachystachys,Ducke,French Guiana
Fabaceae,Inga capitata,Desv.,French Guiana
Fabaceae,Inga cayennensis,Sagot ex Benth.,French Guiana
Fabaceae,Inga cinnamomea,Spruce ex Benth.,French Guiana
Fabaceae,Inga cordatoalata,Ducke,French Guiana
Fabaceae,Inga cylindrica,(Vell.) Mart.,French Guiana
Fabaceae,Inga densiflora,Benth.,French Guiana
Fabaceae,Inga disticha,Benth.,French Guiana
Fabaceae,Inga edulis,Mart.,French Guiana
Fabaceae,Inga fanchoniana,Poncy,French Guiana
Fabaceae,Inga fastuosa,(Jacq.) Willd.,French Guiana
Fabaceae,Inga flagelliformis,Mart.,French Guiana
Fabaceae,Inga graciliflora,Benth.,French Guiana
Fabaceae,Inga gracilifolia,Ducke,French Guiana
Fabaceae,Inga heterophylla,Willd.,French Guiana
Fabaceae,Inga huberi,Ducke,French Guiana
Fabaceae,Inga ingoides,(Rich.) Willd.,French Guiana
Fabaceae,Inga lateriflora,Miq.,French Guiana
Fabaceae,Inga laurina,(Sw.) Willd.,French Guiana
Fabaceae,Inga leiocalycina,Benth.,French Guiana
Fabaceae,Inga lomatophylla,(Benth.) Pittier,French Guiana
Fabaceae,Inga loubryana,Poncy,French Guiana
Fabaceae,Inga macrophylla,Humb. & Bonpl. ex Willd.,French Guiana
Fabaceae,Inga marginata,Willd.,French Guiana
Fabaceae,Inga nobilis,Willd.,French Guiana
Fabaceae,Inga nouragensis,Poncy,French Guiana
Fabaceae,Inga nubium,Poncy,French Guiana
Fabaceae,Inga paraensis,Ducke,French Guiana
Fabaceae,Inga pezizifera,Benth.,French Guiana
Fabaceae,Inga pilosula,(Rich.) J.F.Macbr.,French Guiana
Fabaceae,Inga poeppigiana,Benth.,French Guiana
Fabaceae,Inga punctata,Willd.,French Guiana
Fabaceae,Inga retinocarpa,Poncy,French Guiana
Fabaceae,Inga rhynchocalyx,Sandwith,French Guiana
Fabaceae,Inga rubiginosa,(Rich.) DC.,French Guiana
Fabaceae,Inga sertulifera,DC.,French Guiana
Fabaceae,Inga splendens,Willd.,French Guiana
Fabaceae,Inga stenocalyx,Benth.,French Guiana
Fabaceae,Inga stipularis,DC.,French Guiana
Fabaceae,Inga striata,Benth.,French Guiana
Fabaceae,Inga suaveolens,Ducke,French Guiana
Fabaceae,Inga thibaudiana,DC.,French Guiana
Fabaceae,Inga umbellifera,(Vahl) Steud. ex DC.,French Guiana
Fabaceae,Inga umbratica,Poepp.,French Guiana
Fabaceae,Inga vera,Willd.,French Guiana
Fabaceae,Inga virgultosa,Desv.,French Guiana
Fabaceae,Jupunba barbouriana,"(Standl.) M.V.B.Soares, M.P.Morim & Iganci",French Guiana
Fabaceae,Jupunba curvicarpa,"(H.S.Irwin) M.V.B.Soares, M.P.Morim & Iganci",French Guiana
Fabaceae,Jupunba gallorum,"(Barneby & J.W.Grimes) M.V.B.Soares, M.P.Morim & Iganci",French Guiana
Fabaceae,Jupunba laeta,"(Benth.) M.V.B.Soares, M.P.Morim & Iganci",French Guiana
Fabaceae,Jupunba mataybifolia,"(Sandwith) M.V.B.Soares, M.P.Morim & Iganci",French Guiana
Fabaceae,Jupunba trapezifolia,"(Benth.) M.V.B.Soares, M.P.Morim & Iganci",French Guiana
Fabaceae,Lecointea amazonica,Ducke,French Guiana
Fabaceae,Leptolobium nitens,Vogel,French Guiana
Fabaceae,Limadendron hostmannii,(Benth.) Meireles & A. M. G. Azevedo,French Guiana
Fabaceae,Lonchocarpus hedyosmus,Miq.,French Guiana
Fabaceae,Lonchocarpus heptaphyllus,(Poir.) DC.,French Guiana
Fabaceae,Machaerium altiscandens,Ducke,French Guiana
Fabaceae,Machaerium floribundum,Benth.,French Guiana
Fabaceae,Machaerium inundatum,(Mart. ex Benth.) Ducke,French Guiana
Fabaceae,Machaerium kegelii,Meisn.,French Guiana
Fabaceae,Machaerium leiophyllum,(DC.) Benth.,French Guiana
Fabaceae,Machaerium lunatum,(L.f.) Ducke,French Guiana
Fabaceae,Machaerium macrophyllum,Benth.,French Guiana
Fabaceae,Machaerium myrianthum,Spruce ex Benth.,French Guiana
Fabaceae,Machaerium paraense,Ducke,French Guiana
Fabaceae,Machaerium quinata,(Aubl.) Sandwith,French Guiana
Fabaceae,Macrolobium acaciifolium,(Benth.) Benth.,French Guiana
Fabaceae,Macrolobium angustifolium,(Benth.) R.S.Cowan,French Guiana
Fabaceae,Macrolobium bifolium,(Aubl.) Pers.,French Guiana
Fabaceae,Macrolobium guianense,(Aubl.) Pulle,French Guiana
Fabaceae,Macrolobium huberianum,Ducke,French Guiana
Fabaceae,Macrolobium multijugum,(DC.) Benth.,French Guiana
Fabaceae,Macrolobium pendulum,Willd. ex Vogel,French Guiana
Fabaceae,Martiodendron parviflorum,(Amshoff) R.C.Koeppen,French Guiana
Fabaceae,Mimosa ouyrarema,Aubl.,French Guiana
Fabaceae,Mimosa schomburgkii,Benth.,French Guiana
Fabaceae,Monopteryx inpae,W.A.Rodrigues,French Guiana
Fabaceae,Muellera frutescens,(Aubl.) Standl.,French Guiana
Fabaceae,Ormosia coarctata,Jacks.,French Guiana
Fabaceae,Ormosia coccinea,(Aubl.) Jacks.,French Guiana
Fabaceae,Ormosia costulata,(Miq.) Kleinhoonte,French Guiana
Fabaceae,Ormosia coutinhoi,Ducke,French Guiana
Fabaceae,Ormosia flava,(Ducke) Rudd,French Guiana
Fabaceae,Ormosia lignivalvis,Rudd,French Guiana
Fabaceae,Ormosia melanocarpa,Kleinhoonte,French Guiana
Fabaceae,Ormosia nobilis,Tul.,French Guiana
Fabaceae,Ormosia paraensis,Ducke,French Guiana
Fabaceae,Ormosia stipularis,Ducke,French Guiana
Fabaceae,Paloue brasiliensis,Ducke,French Guiana
Fabaceae,Paloue guianensis,Aubl.,French Guiana
Fabaceae,Paloue riparia,Pulle,French Guiana
Fabaceae,Paramachaerium ormosioides,(Ducke) Ducke,French Guiana
Fabaceae,Paramachaerium schomburgkii,(Benth.) Ducke,French Guiana
Fabaceae,Parkia decussata,Ducke,French Guiana
Fabaceae,Parkia nitida,Miq.,French Guiana
Fabaceae,Parkia pendula,(Willd.) Benth. ex Walp.,French Guiana
Fabaceae,Parkia reticulata,Ducke,French Guiana
Fabaceae,Parkia ulei,(Harms) Kuhlm.,French Guiana
Fabaceae,Parkia velutina,Benoist,French Guiana
Fabaceae,Peltogyne paniculata,Benth.,French Guiana
Fabaceae,Peltogyne venosa,(Vahl) Benth.,French Guiana
Fabaceae,Pentaclethra macroloba,(Willd.) Kuntze,French Guiana
Fabaceae,Pithecellobium dulce,(Roxb.) Benth.,French Guiana
Fabaceae,Pithecellobium lanceolatum,(Humb. & Bonpl. ex Willd.) Benth.,French Guiana
Fabaceae,Pithecellobium roseum,(Vahl) Barneby & J.W.Grimes,French Guiana
Fabaceae,Pithecellobium unguis-cati,(L.) Mart.,French Guiana
Fabaceae,Platymiscium pinnatum,(Jacq.) Dugand,French Guiana
Fabaceae,Platymiscium trinitatis,Benth.,French Guiana
Fabaceae,Poecilanthe hostmannii,(Benth.) Amshoff,French Guiana
Fabaceae,Pseudalbizzia subdimidiata,(Splitg.) E.J.M.Koenen & Duno,French Guiana
Fabaceae,Pseudopiptadenia psilostachya,(DC.) G.P.Lewis & M.P.Lima,French Guiana
Fabaceae,Pseudopiptadenia suaveolens,(Miq.) J.W.Grimes,French Guiana
Fabaceae,Pterocarpus officinalis,Jacq.,French Guiana
Fabaceae,Pterocarpus rohrii,Vahl,French Guiana
Fabaceae,Pterocarpus santalinoides,L'Hér. ex DC.,French Guiana
Fabaceae,Recordoxylon speciosum,(Benoist) Gazel ex Barneby,French Guiana
Fabaceae,Senegalia tenuifolia,(L.) Britton & Rose,French Guiana
Fabaceae,Senna bacillaris,(L.f.) H.S.Irwin & Barneby,French Guiana
Fabaceae,Senna georgica,H.S.Irwin & Barneby,French Guiana
Fabaceae,Senna latifolia,(G.Mey.) H.S.Irwin & Barneby,French Guiana
Fabaceae,Senna multijuga,(Rich.) H.S.Irwin & Barneby,French Guiana
Fabaceae,Senna quinquangulata,(Rich.) H.S.Irwin & Barneby,French Guiana
Fabaceae,Senna reticulata,(Willd.) H.S.Irwin & Barneby,French Guiana
Fabaceae,Senna silvestris,(Vell.) H.S.Irwin & Barneby,French Guiana
Fabaceae,Spirotropis longifolia,(DC.) Baill.,French Guiana
Fabaceae,Stryphnodendron guianense,(Aubl.) Benth.,French Guiana
Fabaceae,Stryphnodendron microstachyum,Poepp.,French Guiana
Fabaceae,Stryphnodendron pulcherrimum,(Willd.) Hochr.,French Guiana
Fabaceae,Swartzia amshoffiana,Cowan,French Guiana
Fabaceae,Swartzia aptera,DC.,French Guiana
Fabaceae,Swartzia arborescens,(Aubl.) Pittier,French Guiana
Fabaceae,Swartzia bannia,Sandwith,French Guiana
Fabaceae,Swartzia benthamiana,Miq.,French Guiana
Fabaceae,Swartzia canescens,Torke,French Guiana
Fabaceae,Swartzia grandifolia,Bong. ex Benth.,French Guiana
Fabaceae,Swartzia guianensis,(Aubl.) Urb.,French Guiana
Fabaceae,Swartzia hostmannii,Benth.,French Guiana
Fabaceae,Swartzia laevicarpa,Amshoff,French Guiana
Fabaceae,Swartzia longicarpa,Amshoff,French Guiana
Fabaceae,Swartzia myrtifolia,Sm.,French Guiana
Fabaceae,Swartzia oblanceolata,Sandwith,French Guiana
Fabaceae,Swartzia oblonga,Benth.,French Guiana
Fabaceae,Swartzia panacoco,(Aubl.) R.S.Cowan,French Guiana
Fabaceae,Swartzia polyphylla,DC.,French Guiana
Fabaceae,Swartzia remigera,Amshoff,French Guiana
Fabaceae,Swartzia sericea,Vogel,French Guiana
Fabaceae,Swartzia steyermarkii,R.S.Cowan,French Guiana
Fabaceae,Tachigali amplifolia,(Ducke) Barneby,French Guiana
Fabaceae,Tachigali cavipes,(Spruce ex Benth.) J.F.Macbr.,French Guiana
Fabaceae,Tachigali glauca,Tul.,French Guiana
Fabaceae,Tachigali guianensis,(Benth.) Zarucchi & Herend.,French Guiana
Fabaceae,Tachigali melinonii,(Harms) Zarucchi & Herend.,French Guiana
Fabaceae,Tachigali paniculata,Aubl.,French Guiana
Fabaceae,Tachigali paraensis,(Huber) Barneby,French Guiana
Fabaceae,Tachigali richardiana,Tul.,French Guiana
Fabaceae,Taralea cordata,Ducke,French Guiana
Fabaceae,Taralea crassifolia,(Benth.) Ducke,French Guiana
Fabaceae,Taralea oppositifolia,Aubl.,French Guiana
Fabaceae,Vachellia farnesiana,(L.) Wight & Arn.,French Guiana
Fabaceae,Vachellia macracantha,(Humb. & Bonpl. ex Willd.) Seigler & Ebinger,French Guiana
Fabaceae,Vatairea erythrocarpa,(Ducke) Ducke,French Guiana
Fabaceae,Vatairea guianensis,Aubl.,French Guiana
Fabaceae,Vatairea paraensis,Ducke,French Guiana
Fabaceae,Vatairea sericea,Ducke,French Guiana
Fabaceae,Vataireopsis speciosa,Ducke,French Guiana
Fabaceae,Vataireopsis surinamensis,H.C.Lima,French Guiana
Fabaceae,Vouacapoua americana,Aubl.,French Guiana
Fabaceae,Zygia cataractae,(Kunth) L.Rico,French Guiana
Fabaceae,Zygia claviflora,(Spruce ex Benth.) Barneby & J.W.Grimes,French Guiana
Fabaceae,Zygia inaequalis,(Humb. & Bonpl. ex Willd.) Pittier,French Guiana
Fabaceae,Zygia inundata,(Ducke) H.C.Lima ex Barneby & J.W.Grimes,French Guiana
Fabaceae,Zygia latifolia,(L.) Fawc. & Rendle,French Guiana
Fabaceae,Zygia racemosa,(Ducke) Barneby & J.W.Grimes,French Guiana
Fabaceae,Zygia sabatieri,Barneby & J.W.Grimes,French Guiana
Fabaceae,Zygia tetragona,Barneby & J.W.Grimes,French Guiana
Gentianaceae,Potalia amara,Aubl.,French Guiana
Goupiaceae,Goupia glabra,Aubl.,French Guiana
Heliotropiaceae,Tournefortia bicolor,Sw.,French Guiana
Heliotropiaceae,Tournefortia cuspidata,Kunth,French Guiana
Heliotropiaceae,Tournefortia maculata,Jacq.,French Guiana
Hernandiaceae,Hernandia guianensis,Aubl.,French Guiana
Humiriaceae,Endopleura uchi,(Huber) Cuatrec.,French Guiana
Humiriaceae,Humiria balsamifera,Aubl.,French Guiana
Humiriaceae,Humiriastrum excelsum,(Ducke) Cuatrec.,French Guiana
Humiriaceae,Humiriastrum subcrenatum,(Benth.) Cuatrec.,French Guiana
Humiriaceae,Sacoglottis cydonioides,Cuatrec.,French Guiana
Humiriaceae,Sacoglottis guianensis,Benth.,French Guiana
Humiriaceae,Schistostemon dichotomum,(Urb.) Cuatrec.,French Guiana
Humiriaceae,Schistostemon sylvaticus,D.Sabatier,French Guiana
Humiriaceae,Vantanea guianensis,Aubl.,French Guiana
Humiriaceae,Vantanea maculicarpa,Sabatier & J.Engel,French Guiana
Humiriaceae,Vantanea ovicarpa,Sabatier,French Guiana
Humiriaceae,Vantanea parviflora,Lam.,French Guiana
Hypericaceae,Vismia baccifera,(L.) Planch. & Triana,French Guiana
Hypericaceae,Vismia cayennensis,(Jacq.) Pers.,French Guiana
Hypericaceae,Vismia gracilis,Hieron.,French Guiana
Hypericaceae,Vismia guianensis,(Aubl.) Pers.,French Guiana
Hypericaceae,Vismia latifolia,(Aubl.) Choisy,French Guiana
Hypericaceae,Vismia lauriformis,(Lam.) Choisy,French Guiana
Hypericaceae,Vismia macrophylla,Kunth,French Guiana
Hypericaceae,Vismia sandwithii,Ewan,French Guiana
Hypericaceae,Vismia sessilifolia,(Aubl.) Choisy,French Guiana
Ixonanthaceae,Cyrillopsis paraensis,Kuhlm.,French Guiana
Lacistemataceae,Lacistema aggregatum,(P.J.Bergius) Rusby,French Guiana
Lacistemataceae,Lacistema grandifolium,Schnizl.,French Guiana
Lacistemataceae,Lacistema polystachyum,Schnizl.,French Guiana
Lamiaceae,Aegiphila deppeana,Steud.,French Guiana
Lamiaceae,Aegiphila elata,Sw.,French Guiana
Lamiaceae,Aegiphila integrifolia,(Jacq.) B.D.Jacks.,French Guiana
Lamiaceae,Aegiphila membranacea,Turcz.,French Guiana
Lamiaceae,Aegiphila villosa,(Aubl.) J.F.Gmel.,French Guiana
Lamiaceae,Vitex compressa,Turcz.,French Guiana
Lamiaceae,Vitex guianensis,Moldenke,French Guiana
Lamiaceae,Vitex orinocensis,Kunth,French Guiana
Lamiaceae,Vitex stahelii,Moldenke,French Guiana
Lamiaceae,Vitex triflora,Vahl,French Guiana
Lauraceae,Aiouea guianensis,Aubl.,French Guiana
Lauraceae,Aiouea impressa,(Meisn.) Kosterm.,French Guiana
Lauraceae,Aiouea longipetiolata,van der Werff,French Guiana
Lauraceae,Aiouea montana,(Sw.) R.Rohde,French Guiana
Lauraceae,Aiouea opaca,van der Werff,French Guiana
Lauraceae,Aniba affinis,(Meisn.) Mez,French Guiana
Lauraceae,Aniba citrifolia,(Nees) Mez,French Guiana
Lauraceae,Aniba guianensis,Aubl.,French Guiana
Lauraceae,Aniba hostmanniana,(Nees) Mez,French Guiana
Lauraceae,Aniba jenmanii,Mez,French Guiana
Lauraceae,Aniba kappleri,Mez,French Guiana
Lauraceae,Aniba megaphylla,Mez,French Guiana
Lauraceae,Aniba panurensis,(Meisn.) Mez,French Guiana
Lauraceae,Aniba rosodora,Ducke,French Guiana
Lauraceae,Aniba sulcata,Benoist,French Guiana
Lauraceae,Aniba taubertiana,Mez,French Guiana
Lauraceae,Aniba terminalis,Ducke,French Guiana
Lauraceae,Aniba williamsii,O.C.Schmidt,French Guiana
Lauraceae,Beilschmiedia hexanthera,van der Werff,French Guiana
Lauraceae,Cinnamomum guyanense,Lukman.,French Guiana
Lauraceae,Cryptocarya guianensis,Meisn.,French Guiana
Lauraceae,Endlicheria bracteolata,(Meisn.) C.K.Allen,French Guiana
Lauraceae,Endlicheria chalisea,Chanderbali,French Guiana
Lauraceae,Endlicheria gracilis,Kosterm.,French Guiana
Lauraceae,Endlicheria melinonii,Benoist,French Guiana
Lauraceae,Endlicheria punctulata,(Mez) C.K.Allen,French Guiana
Lauraceae,Endlicheria pyriformis,(Nees) Mez,French Guiana
Lauraceae,Endlicheria sericea,Nees,French Guiana
Lauraceae,Kubitzkia macrantha,(Kosterm.) van der Werff,French Guiana
Lauraceae,Licaria cannella,(Meisn.) Kosterm.,French Guiana
Lauraceae,Licaria chrysophylla,(Meisn.) Kosterm.,French Guiana
Lauraceae,Licaria debilis,(Mez) Kosterm.,French Guiana
Lauraceae,Licaria guianensis,Aubl.,French Guiana
Lauraceae,Licaria martiniana,(Mez) Kosterm.,French Guiana
Lauraceae,Licaria pachycarpa,(Meisn.) Kosterm.,French Guiana
Lauraceae,Licaria polyphylla,(Nees) Kosterm.,French Guiana
Lauraceae,Licaria rufotomentosa,van der Werff,French Guiana
Lauraceae,Licaria subbullata,Kosterm.,French Guiana
Lauraceae,Licaria vernicosa,(Mez) Kosterm.,French Guiana
Lauraceae,Mespilodaphne cymbarum,(Kunth) Trofimov,French Guiana
Lauraceae,Mezilaurus ita-uba,(Meisn.) Taub. ex Mez,French Guiana
Lauraceae,Nectandra cissiflora,Nees,French Guiana
Lauraceae,Nectandra globosa,(Aubl.) Mez,French Guiana
Lauraceae,Nectandra hihua,(Ruiz & Pav.) Rohwer,French Guiana
Lauraceae,Nectandra pulverulenta,Nees,French Guiana
Lauraceae,Nectandra reticulata,Mez,French Guiana
Lauraceae,Nectandra viburnoides,Meisn.,French Guiana
Lauraceae,Ocotea aciphylla,(Nees & Mart.) Mez,French Guiana
Lauraceae,Ocotea amazonica,(Meisn.) Mez,French Guiana
Lauraceae,Ocotea argyrophylla,Ducke,French Guiana
Lauraceae,Ocotea canaliculata,(Rich.) Mez,French Guiana
Lauraceae,Ocotea ceanothifolia,(Nees) Mez,French Guiana
Lauraceae,Ocotea cinerea,van der Werff,French Guiana
Lauraceae,Ocotea cujumary,Mart.,French Guiana
Lauraceae,Ocotea diffusa,van der Werff,French Guiana
Lauraceae,Ocotea discrepens,C.K.Allen,French Guiana
Lauraceae,Ocotea fasciculata,(Nees) Mez,French Guiana
Lauraceae,Ocotea fendleri,(Meisn.) Rohwer,French Guiana
Lauraceae,Ocotea floribunda,(Sw.) Mez,French Guiana
Lauraceae,Ocotea glomerata,(Nees) Mez,French Guiana
Lauraceae,Ocotea guianensis,Aubl.,French Guiana
Lauraceae,Ocotea indirectinervia,C.K. Allen,French Guiana
Lauraceae,Ocotea leptobotra,(Ruiz & Pav.) Mez,French Guiana
Lauraceae,Ocotea leucoxylon,(Sw.) Laness.,French Guiana
Lauraceae,Ocotea neesiana,(Miq.) Kosterm.,French Guiana
Lauraceae,Ocotea nigra,Benoist,French Guiana
Lauraceae,Ocotea oblonga,(Meisn.) Mez,French Guiana
Lauraceae,Ocotea olivacea,A.C.Sm.,French Guiana
Lauraceae,Ocotea percurrens,Vicent.,French Guiana
Lauraceae,Ocotea petalanthera,(Meisn.) Mez,French Guiana
Lauraceae,Ocotea puberula,(Rich.) Nees,French Guiana
Lauraceae,Ocotea rubrinervis,Mez,French Guiana
Lauraceae,Ocotea rufovestita,Ducke,French Guiana
Lauraceae,Ocotea scabrella,van der Werff,French Guiana
Lauraceae,Ocotea scandens,Kosterm.,French Guiana
Lauraceae,Ocotea schomburgkiana,(Nees) Mez,French Guiana
Lauraceae,Ocotea splendens,(Meisn.) Baill.,French Guiana
Lauraceae,Ocotea subterminalis,van der Werff,French Guiana
Lauraceae,Ocotea tomentella,Sandwith,French Guiana
Lauraceae,Persea nivea,Mez,French Guiana
Lauraceae,Rhodostemonodaphne crenaticupula,Madriñán,French Guiana
Lauraceae,Rhodostemonodaphne elephantopus,Madriñán,French Guiana
Lauraceae,Rhodostemonodaphne grandis,(Mez) Rohwer,French Guiana
Lauraceae,Rhodostemonodaphne kunthiana,(Nees) Rohwer,French Guiana
Lauraceae,Rhodostemonodaphne leptoclada,Madriñán,French Guiana
Lauraceae,Rhodostemonodaphne morii,Madriñán,French Guiana
Lauraceae,Rhodostemonodaphne praeclara,(Sandwith) Madriñán,French Guiana
Lauraceae,Rhodostemonodaphne revolutifolia,Madriñán,French Guiana
Lauraceae,Rhodostemonodaphne rufovirgata,Madriñán,French Guiana
Lauraceae,Rhodostemonodaphne saulensis,Madriñán,French Guiana
Lauraceae,Rhodostemonodaphne scandens,Madriñán,French Guiana
Lauraceae,Rhodostemonodaphne tumucumaquensis,Madriñán,French Guiana
Lauraceae,Sextonia rubra,(Mez) van der Werff,French Guiana
Lauraceae,Systemonodaphne geminiflora,(Meisn.) Mez,French Guiana
Lecythidaceae,Bertholletia excelsa,Bonpl.,French Guiana
Lecythidaceae,Corythophora amapaensis,Pires ex S.A.Mori & Prance,French Guiana
Lecythidaceae,Corythophora rimosa,W.A.Rodrigues,French Guiana
Lecythidaceae,Couratari calycina,Sandwith,French Guiana
Lecythidaceae,Couratari gloriosa,Sandwith,French Guiana
Lecythidaceae,Couratari guianensis,Aubl.,French Guiana
Lecythidaceae,Couratari multiflora,(Sm.) Eyma,French Guiana
Lecythidaceae,Couratari oblongifolia,Ducke & R.Knuth,French Guiana
Lecythidaceae,Couratari stellata,A.C.Sm.,French Guiana
Lecythidaceae,Couroupita guianensis,Aubl.,French Guiana
Lecythidaceae,Eschweilera apiculata,(Miers) A.C.Sm.,French Guiana
Lecythidaceae,Eschweilera collina,Eyma,French Guiana
Lecythidaceae,Eschweilera congestiflora,(Benoist) Eyma,French Guiana
Lecythidaceae,Eschweilera coriacea,(DC.) S.A.Mori,French Guiana
Lecythidaceae,Eschweilera decolorans,Sandwith,French Guiana
Lecythidaceae,Eschweilera laevicarpa,S.A.Mori,French Guiana
Lecythidaceae,Eschweilera micrantha,(O.Berg) Miers,French Guiana
Lecythidaceae,Eschweilera parviflora,(Aubl.) Miers,French Guiana
Lecythidaceae,Eschweilera pedicellata,(Rich.) S.A.Mori,French Guiana
Lecythidaceae,Eschweilera piresii,S.A.Mori,French Guiana
Lecythidaceae,Eschweilera sagotiana,Miers,French Guiana
Lecythidaceae,Eschweilera simiorum,(Benoist) Eyma,French Guiana
Lecythidaceae,Eschweilera squamata,S.A.Mori,French Guiana
Lecythidaceae,Eschweilera subglandulosa,(Steud. ex O.Berg) Miers,French Guiana
Lecythidaceae,Eschweilera wachenheimii,(Benoist) Sandwith,French Guiana
Lecythidaceae,Gustavia augusta,L.,French Guiana
Lecythidaceae,Gustavia hexapetala,(Aubl.) Sm.,French Guiana
Lecythidaceae,Lecythis chartacea,O.Berg,French Guiana
Lecythidaceae,Lecythis confertiflora,(A.C.Sm.) S.A.Mori,French Guiana
Lecythidaceae,Lecythis corrugata,Poit.,French Guiana
Lecythidaceae,Lecythis holcogyne,(Sandwith) S.A.Mori,French Guiana
Lecythidaceae,Lecythis persistens,Sagot,French Guiana
Lecythidaceae,Lecythis pneumatophora,S.A.Mori,French Guiana
Lecythidaceae,Lecythis poiteaui,O.Berg,French Guiana
Lecythidaceae,Lecythis zabucajo,Aubl.,French Guiana
Linaceae,Hebepetalum humiriifolia,(Planch.) Benth.,French Guiana
Linaceae,Roucheria laxiflora,H.J.P.Winkl.,French Guiana
Loganiaceae,Antonia ovata,Pohl,French Guiana
Loganiaceae,Strychnos glabra,Sagot ex Progel,French Guiana
Loganiaceae,Strychnos jobertiana,Baill.,French Guiana
Loganiaceae,Strychnos panurensis,Sprague & Sandwith,French Guiana
Loganiaceae,Strychnos rondeletioides,Spruce ex Benth.,French Guiana
Lythraceae,Cuphea melvilla,Lindl.,French Guiana
Lythraceae,Lafoensia vandelliana,Cham. & Schltdl.,French Guiana
Malpighiaceae,Bunchosia argentea,(Jacq.) DC.,French Guiana
Malpighiaceae,Bunchosia decussiflora,W.R.Anderson,French Guiana
Malpighiaceae,Bunchosia polystachia,(Andrews) DC.,French Guiana
Malpighiaceae,Bunchosia tuberculata,(Jacq.) DC.,French Guiana
Malpighiaceae,Byrsonima aerugo,Sagot,French Guiana
Malpighiaceae,Byrsonima altissima,DC.,French Guiana
Malpighiaceae,Byrsonima crassifolia,(L.) Kunth,French Guiana
Malpighiaceae,Byrsonima densa,(Poir.) DC.,French Guiana
Malpighiaceae,Byrsonima eriopoda,DC.,French Guiana
Malpighiaceae,Byrsonima eugeniifolia,Sandwith,French Guiana
Malpighiaceae,Byrsonima laevigata,(Poir.) DC.,French Guiana
Malpighiaceae,Byrsonima spicata,(Cav.) Rich. ex Kunth,French Guiana
Malpighiaceae,Byrsonima stipulacea,A.Juss.,French Guiana
Malpighiaceae,Byrsonima verbascifolia,(L.) DC.,French Guiana
Malpighiaceae,Heteropterys nervosa,A.Juss.,French Guiana
Malpighiaceae,Hiraea fagifolia,(DC.) A.Juss.,French Guiana
Malpighiaceae,Lophopterys splendens,A. Juss.,French Guiana
Malpighiaceae,Spachea elegans,(G.Mey.) A.Juss.,French Guiana
Malpighiaceae,Tetrapterys styloptera,A.Juss.,French Guiana
Malvaceae,Apeiba albiflora,Ducke,French Guiana
Malvaceae,Apeiba glabra,Aubl.,French Guiana
Malvaceae,Apeiba petoumo,Aubl.,French Guiana
Malvaceae,Apeiba tibourbou,Aubl.,French Guiana
Malvaceae,Byttneria aurantiaca,Mildbr.,French Guiana
Malvaceae,Byttneria morii,L.C.Barnett & Dorr,French Guiana
Malvaceae,Catostemma fragrans,Benth.,French Guiana
Malvaceae,Ceiba pentandra,(L.) Gaertn.,French Guiana
Malvaceae,Christiana africana,DC.,French Guiana
Malvaceae,Eriotheca crassa,(Uittien) A.Robyns,French Guiana
Malvaceae,Eriotheca globosa,(Aubl.) A.Robyns,French Guiana
Malvaceae,Eriotheca longitubulosa,A.Robyns,French Guiana
Malvaceae,Eriotheca surinamensis,(Uittien) A.Robyns,French Guiana
Malvaceae,Guazuma ulmifolia,Lam.,French Guiana
Malvaceae,Helicteres pentandra,L.,French Guiana
Malvaceae,Herrania kanukuensis,R.E.Schult.,French Guiana
Malvaceae,Herrania lemniscata,(M.R.Schomb.) R.E.Schult.,French Guiana
Malvaceae,Huberodendron swietenioides,(Gleason) Ducke,French Guiana
Malvaceae,Lueheopsis duckeana,Burret,French Guiana
Malvaceae,Lueheopsis rosea,(Ducke) Burret,French Guiana
Malvaceae,Lueheopsis rugosa,(Pulle) Burret,French Guiana
Malvaceae,Matisia ochrocalyx,K.Schum.,French Guiana
Malvaceae,Melochia ulmifolia,Benth.,French Guiana
Malvaceae,Ochroma pyramidale,(Cav. ex Lam.) Urb.,French Guiana
Malvaceae,Pachira aquatica,Aubl.,French Guiana
Malvaceae,Pachira dolichocalyx,A. Robyns,French Guiana
Malvaceae,Pachira flaviflora,(Pulle) Fern.Alonso,French Guiana
Malvaceae,Pachira insignis,(Sw.) Savigny,French Guiana
Malvaceae,Pachira macrocalyx,(Ducke) Fern.Alonso,French Guiana
Malvaceae,Pachira nervosa,(Uittien) Fern.Alonso,French Guiana
Malvaceae,Quararibea amazonica,Ulbr.,French Guiana
Malvaceae,Quararibea duckei,Huber,French Guiana
Malvaceae,Quararibea guianensis,Aubl.,French Guiana
Malvaceae,Quararibea martini,Baill.,French Guiana
Malvaceae,Sterculia frondosa,Rich.,French Guiana
Malvaceae,Sterculia multiovula,E.L. Taylor ex Mondragón,French Guiana
Malvaceae,Sterculia pruriens,(Aubl.) K.Schum.,French Guiana
Malvaceae,Sterculia villifera,Steud.,French Guiana
Malvaceae,Theobroma subincanum,Mart.,French Guiana
Malvaceae,Theobroma velutinum,Benoist,French Guiana
Malvaceae,Triumfetta lappula,L.,French Guiana
Melastomataceae,Bellucia arborescens,Baill.,French Guiana
Melastomataceae,Bellucia grossularioides,(L.) Triana,French Guiana
Melastomataceae,Bellucia mespiloides,(Miq.) Macbr.,French Guiana
Melastomataceae,Bellucia subrotundifolia,Wurdack,French Guiana
Melastomataceae,Blakea parasitica,(Aubl.) D. Don,French Guiana
Melastomataceae,Clidemia capitellata,(Bonpl.) D. Don,French Guiana
Melastomataceae,Clidemia dentata,Pav. ex D. Don,French Guiana
Melastomataceae,Clidemia epiphytica,(Triana) Cogn.,French Guiana
Melastomataceae,Clidemia rubra,(Aubl.) Mart.,French Guiana
Melastomataceae,Clidemia septuplinervia,Cogn.,French Guiana
Melastomataceae,Desmoscelis villosa,(Aubl.) Naudin,French Guiana
Melastomataceae,Henriettea caudata,"(Gleason) Penneys, F.A. Michelangeli, Judd & Almeda",French Guiana
Melastomataceae,Henriettea duckeana,"(Hoehne) Penneys, F.A. Michelangeli, Judd & Almeda",French Guiana
Melastomataceae,Henriettea flavescens,(Aubl.) Baill.,French Guiana
Melastomataceae,Henriettea maroniensis,Sagot,French Guiana
Melastomataceae,Henriettea multiflora,Naudin,French Guiana
Melastomataceae,Henriettea patrisiana,DC.,French Guiana
Melastomataceae,Henriettea ramiflora,(Sw.) DC.,French Guiana
Melastomataceae,Henriettea stellaris,O. Berg ex Triana,French Guiana
Melastomataceae,Henriettea succosa,(Aubl.) DC.,French Guiana
Melastomataceae,Leandra micropetala,(Naudin) Cogn.,French Guiana
Melastomataceae,Leandra solenifera,Cogn.,French Guiana
Melastomataceae,Maieta guianensis,Aubl.,French Guiana
Melastomataceae,Miconia acuminata,(Steud.) Naudin,French Guiana
Melastomataceae,Miconia affinis,DC.,French Guiana
Melastomataceae,Miconia albicans,(Sw.) Steud.,French Guiana
Melastomataceae,Miconia aliquantula,Wurdack,French Guiana
Melastomataceae,Miconia alternans,Naudin,French Guiana
Melastomataceae,Miconia amacurensis,Wurdack,French Guiana
Melastomataceae,Miconia ampla,Triana,French Guiana
Melastomataceae,Miconia aplostachya,(Bonpl.) DC.,French Guiana
Melastomataceae,Miconia argyrophylla,DC.,French Guiana
Melastomataceae,Miconia cacatin,(Aubl.) S.S. Renner,French Guiana
Melastomataceae,Miconia centrodesma,Naudin,French Guiana
Melastomataceae,Miconia ceramicarpa,(DC.) Cogn.,French Guiana
Melastomataceae,Miconia chrysophylla,(Rich.) Urb.,French Guiana
Melastomataceae,Miconia ciliata,(Rich.) DC.,French Guiana
Melastomataceae,Miconia dispar,Benth.,French Guiana
Melastomataceae,Miconia egensis,Cogn.,French Guiana
Melastomataceae,Miconia elata,(Sw.) DC.,French Guiana
Melastomataceae,Miconia eriodonta,DC.,French Guiana
Melastomataceae,Miconia fragilis,Naudin,French Guiana
Melastomataceae,Miconia gratissima,Benth. ex Triana,French Guiana
Melastomataceae,Miconia holosericea,(L.) DC.,French Guiana
Melastomataceae,Miconia hypoleuca,(Benth.) Triana,French Guiana
Melastomataceae,Miconia kapplerii,Naudin,French Guiana
Melastomataceae,Miconia lateriflora,Cogn.,French Guiana
Melastomataceae,Miconia lepidota,Schrank & Mart. ex DC.,French Guiana
Melastomataceae,Miconia longifolia,(Aubl.) DC.,French Guiana
Melastomataceae,Miconia longispicata,Triana,French Guiana
Melastomataceae,Miconia matthaei,Naudin,French Guiana
Melastomataceae,Miconia minutiflora,(Bonpl.) DC.,French Guiana
Melastomataceae,Miconia mirabilis,(Aubl.) L.O. Williams,French Guiana
Melastomataceae,Miconia myriantha,Benth.,French Guiana
Melastomataceae,Miconia nervosa,(Sm.) Triana,French Guiana
Melastomataceae,Miconia phaeophylla,Triana,French Guiana
Melastomataceae,Miconia pileata,DC.,French Guiana
Melastomataceae,Miconia plukenetii,Naudin,French Guiana
Melastomataceae,Miconia poeppigii,Triana,French Guiana
Melastomataceae,Miconia prasina,(Sw.) DC.,French Guiana
Melastomataceae,Miconia pubipetala,Miq.,French Guiana
Melastomataceae,Miconia punctata,(Desr.) D. Don ex DC.,French Guiana
Melastomataceae,Miconia pyrifolia,Naudin,French Guiana
Melastomataceae,Miconia racemosa,(Aubl.) DC.,French Guiana
Melastomataceae,Miconia rufescens,(Aubl.) DC.,French Guiana
Melastomataceae,Miconia ruficalyx,Gleason,French Guiana
Melastomataceae,Miconia sagotiana,Cogn.,French Guiana
Melastomataceae,Miconia serialis,DC.,French Guiana
Melastomataceae,Miconia serrulata,(DC.) Naudin,French Guiana
Melastomataceae,Miconia splendens,(Sw.) Griseb.,French Guiana
Melastomataceae,Miconia tetraspermoides,Wurdack,French Guiana
Melastomataceae,Miconia tillettii,Wurdack,French Guiana
Melastomataceae,Miconia tococa,(Desr.) Michelang.,French Guiana
Melastomataceae,Miconia tomentosa,(Rich.) D. Don ex DC.,French Guiana
Melastomataceae,Miconia traillii,Cogn.,French Guiana
Melastomataceae,Miconia trinervia,(Sw.) D. Don ex Loudon,French Guiana
Melastomataceae,Miconia tschudyoides,Cogn.,French Guiana
Melastomataceae,Mouriri acutiflora,Naudin,French Guiana
Melastomataceae,Mouriri angulicosta,Morley,French Guiana
Melastomataceae,Mouriri collocarpa,Ducke,French Guiana
Melastomataceae,Mouriri crassifolia,Sagot,French Guiana
Melastomataceae,Mouriri duckeana,Morley,French Guiana
Melastomataceae,Mouriri dumetosa,Cogn.,French Guiana
Melastomataceae,Mouriri francavillana,Cogn.,French Guiana
Melastomataceae,Mouriri grandiflora,DC.,French Guiana
Melastomataceae,Mouriri huberi,Cogn.,French Guiana
Melastomataceae,Mouriri nervosa,Pilg.,French Guiana
Melastomataceae,Mouriri nigra,(DC.) Morley,French Guiana
Melastomataceae,Mouriri oligantha,Pilg.,French Guiana
Melastomataceae,Mouriri pauciflora,Spruce ex Cogn.,French Guiana
Melastomataceae,Mouriri sideroxylon,Sagot ex Triana,French Guiana
Melastomataceae,Mouriri subumbellata,Triana,French Guiana
Melastomataceae,Mouriri vernicosa,Naudin,French Guiana
Melastomataceae,Tibouchina aspera,Aubl.,French Guiana
Melastomataceae,Votomita guianensis,Aubl.,French Guiana
Meliaceae,Carapa guianensis,Aubl.,French Guiana
Meliaceae,Carapa surinamensis,Miq.,French Guiana
Meliaceae,Cedrela odorata,L.,French Guiana
Meliaceae,Guarea carinata,Ducke,French Guiana
Meliaceae,Guarea cinnamomea,Harms,French Guiana
Meliaceae,Guarea costata,A.Juss.,French Guiana
Meliaceae,Guarea glabra,Vahl,French Guiana
Meliaceae,Guarea gomma,Pulle,French Guiana
Meliaceae,Guarea guidonia,(L.) Sleumer,French Guiana
Meliaceae,Guarea kunthiana,A.Juss.,French Guiana
Meliaceae,Guarea macrophylla,Vahl,French Guiana
Meliaceae,Guarea michel-moddei,T.D.Penn. & S.A.Mori,French Guiana
Meliaceae,Guarea pubescens,(Rich.) A.Juss.,French Guiana
Meliaceae,Guarea scabra,A.Juss.,French Guiana
Meliaceae,Guarea silvatica,C.DC.,French Guiana
Meliaceae,Guarea trunciflora,C.DC.,French Guiana
Meliaceae,Swietenia macrophylla,King,French Guiana
Meliaceae,Trichilia euneura,C.DC.,French Guiana
Meliaceae,Trichilia lepidota,Mart.,French Guiana
Meliaceae,Trichilia martiana,C.DC.,French Guiana
Meliaceae,Trichilia micrantha,Benth.,French Guiana
Meliaceae,Trichilia pallida,Sw.,French Guiana
Meliaceae,Trichilia quadrijuga,(Miq.) Kunth,French Guiana
Meliaceae,Trichilia schomburgkii,C.DC.,French Guiana
Meliaceae,Trichilia septentrionalis,C.DC.,French Guiana
Meliaceae,Trichilia surinamensis,(Miq.) C.DC.,French Guiana
Menispermaceae,Abuta grandifolia,(Mart.) Sandwith,French Guiana
Menispermaceae,Abuta grisebachii,Triana & Planch.,French Guiana
Menispermaceae,Abuta imene,(Mart.) Eichler,French Guiana
Menispermaceae,Abuta rufescens,Aubl.,French Guiana
Menispermaceae,Abuta sandwithiana,Krukoff & Barneby,French Guiana
Metteniusaceae,Emmotum fagifolium,Desv. ex Ham.,French Guiana
Metteniusaceae,Poraqueiba guianensis,Aubl.,French Guiana
Monimiaceae,Mollinedia ovata,Ruiz & Pav.,French Guiana
Moraceae,Bagassa guianensis,Aubl.,French Guiana
Moraceae,Batocarpus amazonicus,(Ducke) Fosberg,French Guiana
Moraceae,Brosimum acutifolium,Huber,French Guiana
Moraceae,Brosimum amazonicum,(Poepp. & Endl.) E.M.Gardner & Zerega,French Guiana
Moraceae,Brosimum guianense,(Aubl.) Huber ex Ducke,French Guiana
Moraceae,Brosimum lactescens,(S.Moore) C.C.Berg,French Guiana
Moraceae,Brosimum oligandrum,(Benoist) E.M.Gardner & Zerega,French Guiana
Moraceae,Brosimum parinarioides,Ducke,French Guiana
Moraceae,Brosimum rubescens,Taub.,French Guiana
Moraceae,Brosimum utile,(Kunth) Oken,French Guiana
Moraceae,Clarisia ilicifolia,(Spreng.) Lanj. & Rossbach,French Guiana
Moraceae,Clarisia racemosa,Ruiz & Pav.,French Guiana
Moraceae,Ficus catappifolia,Kunth & C.D.Bouché,French Guiana
Moraceae,Ficus crocata,(Miq.) Mart. ex Miq.,French Guiana
Moraceae,Ficus donnell-smithii,Standl.,French Guiana
Moraceae,Ficus duckeana,C.C.Berg & J.E.L.Ribeiro,French Guiana
Moraceae,Ficus gomelleira,Kunth & C.D.Bouché,French Guiana
Moraceae,Ficus insipida,Willd.,French Guiana
Moraceae,Ficus krukovii,Standl.,French Guiana
Moraceae,Ficus longifolia,Schott,French Guiana
Moraceae,Ficus maroniensis,Benoist,French Guiana
Moraceae,Ficus mathewsii,(Miq.) Miq.,French Guiana
Moraceae,Ficus maxima,Mill.,French Guiana
Moraceae,Ficus nymphaeifolia,Mill.,French Guiana
Moraceae,Ficus pakkensis,Standl.,French Guiana
Moraceae,Ficus paludica,Standl.,French Guiana
Moraceae,Ficus paraensis,(Miq.) Miq.,French Guiana
Moraceae,Ficus pertusa,L.f.,French Guiana
Moraceae,Ficus piresiana,Vázq.Avila & C.C.Berg,French Guiana
Moraceae,Ficus popenoei,Standl.,French Guiana
Moraceae,Ficus trigona,L.f.,French Guiana
Moraceae,Helicostylis pedunculata,Benoist,French Guiana
Moraceae,Helicostylis tomentosa,(Poepp. & Endl.) J.F.Macbr.,French Guiana
Moraceae,Maclura tinctoria,(L.) D.Don ex Steud.,French Guiana
Moraceae,Maquira calophylla,(Poepp. & Endl.) C.C.Berg,French Guiana
Moraceae,Maquira guianensis,Aubl.,French Guiana
Moraceae,Maquira sclerophylla,(Ducke) C.C.Berg,French Guiana
Moraceae,Naucleopsis guianensis,(Mildbr.) C.C. Berg,French Guiana
Moraceae,Perebea guianensis,Aubl.,French Guiana
Moraceae,Perebea mollis,(Poepp. & Endl.) Huber,French Guiana
Moraceae,Perebea rubra,(Trécul) C.C. Berg,French Guiana
Moraceae,Pseudolmedia laevigata,Trécul,French Guiana
Moraceae,Pseudolmedia laevis,(Ruiz & Pav.) J.F.Macbr.,French Guiana
Moraceae,Sorocea muriculata,Miq.,French Guiana
Myristicaceae,Iryanthera hostmannii,(Benth.) Warb.,French Guiana
Myristicaceae,Iryanthera juruensis,Warb.,French Guiana
Myristicaceae,Iryanthera paraensis,Huber,French Guiana
Myristicaceae,Iryanthera sagotiana,(Benth.) Warb.,French Guiana
Myristicaceae,Osteophloeum platyspermum,(Spruce ex A.DC.) Warb.,French Guiana
Myristicaceae,Virola elongata,(Benth.) Warb.,French Guiana
Myristicaceae,Virola kwatae,Sabatier,French Guiana
Myristicaceae,Virola michelii,Heckel,French Guiana
Myristicaceae,Virola multicostata,Ducke,French Guiana
Myristicaceae,Virola sebifera,Aubl.,French Guiana
Myristicaceae,Virola surinamensis,(Rol. ex Rottb.) Warb.,French Guiana
Myrtaceae,Calycolpus goetheanus,(Mart. ex DC.) O.Berg,French Guiana
Myrtaceae,Calycolpus revolutus,(Schauer) O.Berg,French Guiana
Myrtaceae,Campomanesia aromatica,(Aubl.) Griseb.,French Guiana
Myrtaceae,Campomanesia grandiflora,(Aubl.) Sagot,French Guiana
Myrtaceae,Eugenia albicans,(O.Berg) Urb.,French Guiana
Myrtaceae,Eugenia anastomosans,DC.,French Guiana
Myrtaceae,Eugenia argyrophylla,B.Holst & M.L.Kawas.,French Guiana
Myrtaceae,Eugenia armeniaca,Sagot,French Guiana
Myrtaceae,Eugenia biflora,(L.) DC.,French Guiana
Myrtaceae,Eugenia brownsbergii,Amshoff,French Guiana
Myrtaceae,Eugenia chrysophyllum,Poir.,French Guiana
Myrtaceae,Eugenia citrifolia,Poir.,French Guiana
Myrtaceae,Eugenia coffeifolia,DC.,French Guiana
Myrtaceae,Eugenia cowanii,McVaugh,French Guiana
Myrtaceae,Eugenia cucullata,Amshoff,French Guiana
Myrtaceae,Eugenia cupulata,Amshoff,French Guiana
Myrtaceae,Eugenia densiracemosa,Mazine & Faria,French Guiana
Myrtaceae,Eugenia egensis,DC.,French Guiana
Myrtaceae,Eugenia exaltata,A.Rich. ex O.Berg,French Guiana
Myrtaceae,Eugenia excelsa,O.Berg,French Guiana
Myrtaceae,Eugenia ferreiraeana,O.Berg,French Guiana
Myrtaceae,Eugenia flavescens,DC.,French Guiana
Myrtaceae,Eugenia florida,DC.,French Guiana
Myrtaceae,Eugenia galbaoensis,Mattos,French Guiana
Myrtaceae,Eugenia gomesiana,O.Berg,French Guiana
Myrtaceae,Eugenia gongylocarpa,M.L.Kawas. & B.Holst,French Guiana
Myrtaceae,Eugenia lambertiana,DC.,French Guiana
Myrtaceae,Eugenia latifolia,Aubl.,French Guiana
Myrtaceae,Eugenia marowynensis,Miq.,French Guiana
Myrtaceae,Eugenia mimus,McVaugh,French Guiana
Myrtaceae,Eugenia monticola,(Sw.) DC.,French Guiana
Myrtaceae,Eugenia morii,B.Holst & M.L.Kawas.,French Guiana
Myrtaceae,Eugenia moschata,(Aubl.) Nied. ex T.Durand & B.D.Jacks.,French Guiana
Myrtaceae,Eugenia neograndifolia,Mattos,French Guiana
Myrtaceae,Eugenia omissa,McVaugh,French Guiana
Myrtaceae,Eugenia patens,Poir.,French Guiana
Myrtaceae,Eugenia patrisii,Vahl,French Guiana
Myrtaceae,Eugenia poiteaui,O.Berg,French Guiana
Myrtaceae,Eugenia polystachya,Rich.,French Guiana
Myrtaceae,Eugenia producta,DC.,French Guiana
Myrtaceae,Eugenia pseudopsidium,Jacq.,French Guiana
Myrtaceae,Eugenia punicifolia,(Kunth) DC.,French Guiana
Myrtaceae,Eugenia ramiflora,Desv. ex Ham.,French Guiana
Myrtaceae,Eugenia spruceana,O.Berg,French Guiana
Myrtaceae,Eugenia stictopetala,DC.,French Guiana
Myrtaceae,Eugenia tetramera,(McVaugh) M.L.Kawas. & B.Holst,French Guiana
Myrtaceae,Eugenia trinervia,Vahl,French Guiana
Myrtaceae,Eugenia undulata,Aubl.,French Guiana
Myrtaceae,Eugenia wentii,Amshoff,French Guiana
Myrtaceae,Eugenia wullschlaegeliana,Amshoff,French Guiana
Myrtaceae,Myrcia amazonica,DC.,French Guiana
Myrtaceae,Myrcia amshoffae,(McVaugh) A.R.Lourenço & E.Lucas,French Guiana
Myrtaceae,Myrcia attenuata,M.F.Santos,French Guiana
Myrtaceae,Myrcia bracteata,(Rich.) DC.,French Guiana
Myrtaceae,Myrcia brevispicata,(McVaugh) K.Campbell & E.Lucas,French Guiana
Myrtaceae,Myrcia calycampa,Amshoff,French Guiana
Myrtaceae,Myrcia citrifolia,(Aubl.) Urb.,French Guiana
Myrtaceae,Myrcia coumete,(Aubl.) DC.,French Guiana
Myrtaceae,Myrcia cuprea,(O.Berg) Kiaersk.,French Guiana
Myrtaceae,Myrcia decorticans,DC.,French Guiana
Myrtaceae,Myrcia deflexa,(Poir.) DC.,French Guiana
Myrtaceae,Myrcia dichasialis,McVaugh,French Guiana
Myrtaceae,Myrcia fasciculata,(O.Berg) K.Campbell & K.Samra,French Guiana
Myrtaceae,Myrcia fenestrata,DC.,French Guiana
Myrtaceae,Myrcia ferruginea,(Poir.) DC.,French Guiana
Myrtaceae,Myrcia gigas,McVaugh,French Guiana
Myrtaceae,Myrcia graciliflora,Sagot,French Guiana
Myrtaceae,Myrcia guianensis,(Aubl.) DC.,French Guiana
Myrtaceae,Myrcia inaequiloba,(DC.) Lemée,French Guiana
Myrtaceae,Myrcia intonsa,(McVaugh) B.Holst,French Guiana
Myrtaceae,Myrcia lepida,(McVaugh) A.R.Lourenço & E.Lucas,French Guiana
Myrtaceae,Myrcia megapaniculata,A.R.Lourenço & Parra-Os.,French Guiana
Myrtaceae,Myrcia minutiflora,Sagot,French Guiana
Myrtaceae,Myrcia multiflora,(Lam.) DC.,French Guiana
Myrtaceae,Myrcia multiglomerata,(Amshoff) E.Lucas & C.E.Wilson,French Guiana
Myrtaceae,Myrcia neobracteata,A.R.Lourenço & E.Lucas,French Guiana
Myrtaceae,Myrcia neocuprea,E.Lucas & C.E.Wilson,French Guiana
Myrtaceae,Myrcia neolucida,A.R.Lourenço & E.Lucas,French Guiana
Myrtaceae,Myrcia neomontana,E.Lucas & C.E.Wilson,French Guiana
Myrtaceae,Myrcia neoschomburgkiana,E.Lucas & C.E.Wilson,French Guiana
Myrtaceae,Myrcia neospeciosa,A.R.Lourenço & E.Lucas,French Guiana
Myrtaceae,Myrcia platyclada,DC.,French Guiana
Myrtaceae,Myrcia pyrifolia,(Desv.) Nied.,French Guiana
Myrtaceae,Myrcia rufipila,McVaugh,French Guiana
Myrtaceae,Myrcia rupta,M.L.Kawas. & B.Holst,French Guiana
Myrtaceae,Myrcia saxatilis,(Amshoff) McVaugh,French Guiana
Myrtaceae,Myrcia servata,McVaugh,French Guiana
Myrtaceae,Myrcia splendens,(Sw.) DC.,French Guiana
Myrtaceae,Myrcia subobliqua,(O.Berg) Nied.,French Guiana
Myrtaceae,Myrcia subsessilis,O.Berg,French Guiana
Myrtaceae,Myrcia sylvatica,(G.Mey.) DC.,French Guiana
Myrtaceae,Myrcia tomentosa,(Aubl.) DC.,French Guiana
Myrtaceae,Myrcia umbraticola,(Kunth) E.Lucas & C.E.Wilson,French Guiana
Myrtaceae,Myrciaria floribunda,(H.West ex Willd.) O.Berg,French Guiana
Myrtaceae,Myrciaria tenella,(DC.) O.Berg,French Guiana
Myrtaceae,Myrciaria vismiifolia,(Benth.) O.Berg,French Guiana
Myrtaceae,Psidium acutangulum,DC.,French Guiana
Myrtaceae,Psidium guineense,Sw.,French Guiana
Myrtaceae,Psidium guyanense,Pers.,French Guiana
Myrtaceae,Psidium oligospermum,Mart. ex DC.,French Guiana
Nyctaginaceae,Guapira eggersiana,(Heimerl) Lundell,French Guiana
Nyctaginaceae,Guapira guianensis,Aubl.,French Guiana
Nyctaginaceae,Guapira salicifolia,(Heimerl) Lundell,French Guiana
Nyctaginaceae,Neea bracteosa,Steyerm.,French Guiana
Nyctaginaceae,Neea floribunda,Poepp. & Endl.,French Guiana
Nyctaginaceae,Neea mollis,Spruce ex J.A. Schmidt,French Guiana
Nyctaginaceae,Neea ovalifolia,Spruce ex J.A.Schmidt,French Guiana
Nyctaginaceae,Neea spruceana,Heimerl,French Guiana
Ochnaceae,Blastemanthus gemmiflorus,(Mart.) Planch.,French Guiana
Ochnaceae,Elvasia elvasioides,(Planch.) Gilg,French Guiana
Ochnaceae,Elvasia macrostipularis,Sastre & Lescure,French Guiana
Ochnaceae,Lacunaria crenata,(Tul.) A.C.Sm.,French Guiana
Ochnaceae,Lacunaria jenmanii,(Oliv.) Ducke,French Guiana
Ochnaceae,Lacunaria umbonata,Pires,French Guiana
Ochnaceae,Ouratea candollei,(Planch.) Tiegh.,French Guiana
Ochnaceae,Ouratea cardiosperma,(DC.) Engl.,French Guiana
Ochnaceae,Ouratea castaneifolia,(DC.) Engl.,French Guiana
Ochnaceae,Ouratea decagyna,Maguire,French Guiana
Ochnaceae,Ouratea ferruginea,Engl.,French Guiana
Ochnaceae,Ouratea guianensis,Aubl.,French Guiana
Ochnaceae,Ouratea leblondii,(Tiegh.) Lemée,French Guiana
Ochnaceae,Ouratea leprieuri,Tiegh.,French Guiana
Ochnaceae,Ouratea macrocarpa,Sastre,French Guiana
Ochnaceae,Ouratea melinonii,(Tiegh.) Lemée,French Guiana
Ochnaceae,Ouratea pendula,Poepp. ex Engl.,French Guiana
Ochnaceae,Ouratea riparia,Sleumer,French Guiana
Ochnaceae,Ouratea scottii,Sastre,French Guiana
Ochnaceae,Quiina cruegeriana,Griseb.,French Guiana
Ochnaceae,Quiina guianensis,Aubl.,French Guiana
Ochnaceae,Quiina integrifolia,Pulle,French Guiana
Ochnaceae,Quiina leptoclada,Tul.,French Guiana
Ochnaceae,Quiina macrophylla,Tul.,French Guiana
Ochnaceae,Quiina obovata,Tul.,French Guiana
Ochnaceae,Quiina oiapocensis,Pires,French Guiana
Ochnaceae,Quiina pteridophylla,(Radlk.) Pires,French Guiana
Ochnaceae,Quiina sessilis,"Choisy, Planch. & Triana",French Guiana
Ochnaceae,Touroulia guianensis,Aubl.,French Guiana
Olacaceae,Chaunochiton kappleri,(Sagot ex Engl.) Ducke,French Guiana
Olacaceae,Dulacia guianensis,(Engl.) Kuntze,French Guiana
Olacaceae,Heisteria cauliflora,Sm.,French Guiana
Olacaceae,Heisteria concinna,Standl.,French Guiana
Olacaceae,Heisteria densifrons,Engl.,French Guiana
Olacaceae,Heisteria ovata,Benth.,French Guiana
Olacaceae,Heisteria scandens,Ducke,French Guiana
Olacaceae,Minquartia guianensis,Aubl.,French Guiana
Olacaceae,Ptychopetalum olacoides,Benth.,French Guiana
Olacaceae,Ximenia americana,L.,French Guiana
Oleaceae,Chionanthus guianensis,(Aubl.) Pers.,French Guiana
Opiliaceae,Agonandra silvatica,Ducke,French Guiana
Passifloraceae,Dilkea exilis,Feuillet,French Guiana
Passifloraceae,Dilkea retusa,Mast.,French Guiana
Passifloraceae,Turnera odorata,Rich.,French Guiana
Pentaphylacaceae,Ternstroemia delicatula,Choisy,French Guiana
Pentaphylacaceae,Ternstroemia punctata,(Aubl.) Sw.,French Guiana
Peraceae,Chaetocarpus schomburgkianus,(Kuntze) Pax & K.Hoffm.,French Guiana
Peraceae,Pera bicolor,(Klotzsch) Müll.Arg.,French Guiana
Peraceae,Pera decipiens,(Müll.Arg.) Müll.Arg.,French Guiana
Peraceae,Pera glabrata,(Schott) Poepp. ex Baill.,French Guiana
Peraceae,Pogonophora schomburgkiana,Miers ex Benth.,French Guiana
Petiveriaceae,Seguieria americana,L.,French Guiana
Phyllanthaceae,Amanoa congesta,W.J.Hayden,French Guiana
Phyllanthaceae,Amanoa guianensis,Aubl.,French Guiana
Phyllanthaceae,Amanoa neglecta,W.J.Hayden,French Guiana
Phyllanthaceae,Discocarpus essequeboensis,Klotzsch,French Guiana
Phyllanthaceae,Hieronyma alchorneoides,Allemão,French Guiana
Phyllanthaceae,Hieronyma oblonga,(Tul.) Müll.Arg.,French Guiana
Phyllanthaceae,Jablonskia congesta,(Benth. ex Müll.Arg.) G.L.Webster,French Guiana
Phyllanthaceae,Margaritaria nobilis,L.f.,French Guiana
Phyllanthaceae,Phyllanthus attenuatus,Miq.,French Guiana
Phyllanthaceae,Phyllanthus juglandifolius,Willd.,French Guiana
Phyllanthaceae,Richeria grandis,Vahl,French Guiana
Picramniaceae,Picramnia guianensis,(Aubl.) Jans.-Jac.,French Guiana
Picramniaceae,Picramnia latifolia,Tul.,French Guiana
Picramniaceae,Picramnia sellowii,Planch.,French Guiana
Picramniaceae,Picramnia spruceana,Engl.,French Guiana
Piperaceae,Piper aduncum,L.,French Guiana
Piperaceae,Piper aequale,Vahl,French Guiana
Piperaceae,Piper amalago,L.,French Guiana
Piperaceae,Piper arboreum,Aubl.,French Guiana
Piperaceae,Piper augustum,Rudge,French Guiana
Piperaceae,Piper auritum,Kunth,French Guiana
Piperaceae,Piper cernuum,Vell.,French Guiana
Piperaceae,Piper dilatatum,Rich.,French Guiana
Piperaceae,Piper hispidum,Sw.,French Guiana
Piperaceae,Piper hostmannianum,(Miq.) C.DC.,French Guiana
Piperaceae,Piper inaequale,C.DC.,French Guiana
Piperaceae,Piper reticulatum,L.,French Guiana
Piperaceae,Piper tuberculatum,Jacq.,French Guiana
Polygalaceae,Moutabea aculeata,(Ruiz & Pav.) Poepp. & Endl.,French Guiana
Polygalaceae,Moutabea guianensis,Aubl.,French Guiana
Polygalaceae,Securidaca volubilis,L.,French Guiana
Polygonaceae,Coccoloba ascendens,Duss ex Lindau,French Guiana
Polygonaceae,Coccoloba excelsa,Benth.,French Guiana
Polygonaceae,Coccoloba latifolia,Poir.,French Guiana
Polygonaceae,Coccoloba mollis,Casar.,French Guiana
Polygonaceae,Coccoloba ovata,Benth.,French Guiana
Polygonaceae,Coccoloba uvifera,(L.) L.,French Guiana
Polygonaceae,Ruprechtia brachysepala,Meisn.,French Guiana
Polygonaceae,Triplaris americana,L.,French Guiana
Polygonaceae,Triplaris weigeltiana,(Rchb.) Kuntze,French Guiana
Primulaceae,Ardisia guianensis,(Aubl.) Mez,French Guiana
Primulaceae,Clavija lancifolia,Desf.,French Guiana
Primulaceae,Cybianthus amplus,(Mez) G.Agostini,French Guiana
Primulaceae,Cybianthus gardneri,(A.DC.) G.Agostini,French Guiana
Primulaceae,Cybianthus grandifolius,(Mez) G.Agostini,French Guiana
Primulaceae,Cybianthus guyanensis,(A.DC.) Miq.,French Guiana
Primulaceae,Cybianthus leprieurii,G.Agostini,French Guiana
Primulaceae,Cybianthus microbotrys,A.DC.,French Guiana
Primulaceae,Cybianthus potiaei,(Mez) G.Agostini,French Guiana
Primulaceae,Cybianthus prieurii,A.DC.,French Guiana
Primulaceae,Cybianthus venezuelanus,Mez,French Guiana
Primulaceae,Myrsine guianensis,(Aubl.) Kuntze,French Guiana
Primulaceae,Stylogyne incognita,Pipoly,French Guiana
Primulaceae,Stylogyne longifolia,(Mart. ex Miq.) Mez,French Guiana
Primulaceae,Stylogyne micrantha,(Kunth) Mez,French Guiana
Primulaceae,Stylogyne orinocensis,(Kunth) Mez,French Guiana
Proteaceae,Euplassa pinnata,(Lam.) I.M.Johnst.,French Guiana
Proteaceae,Panopsis rubescens,(Pohl) Pittier,French Guiana
Proteaceae,Panopsis sessilifolia,(Rich.) Sandwith,French Guiana
Proteaceae,Roupala montana,Aubl.,French Guiana
Proteaceae,Roupala nitida,Rudge,French Guiana
Proteaceae,Roupala obtusata,Klotzsch,French Guiana
Putranjivaceae,Drypetes variabilis,Uittien,French Guiana
Rhabdodendraceae,Rhabdodendron amazonicum,(Spruce ex Benth.) Huber,French Guiana
Rhamnaceae,Ampelozizyphus amazonicus,Ducke,French Guiana
Rhamnaceae,Sarcomphalus cinnamomum,(Triana & Planch.) Hauenschild,French Guiana
Rhizophoraceae,Cassipourea elliptica,(Sw.) Poir.,French Guiana
Rhizophoraceae,Cassipourea guianensis,Aubl.,French Guiana
Rhizophoraceae,Rhizophora mangle,L.,French Guiana
Rhizophoraceae,Rhizophora racemosa,G.Mey.,French Guiana
Rosaceae,Prunus accumulans,(Koehne) C.L.Li & Aymard,French Guiana
Rosaceae,Prunus myrtifolia,(L.) Urb.,French Guiana
Rubiaceae,Alibertia edulis,(Rich.) A.Rich. ex DC.,French Guiana
Rubiaceae,Alseis longifolia,Ducke,French Guiana
Rubiaceae,Amaioua glomerulata,(Lam. ex Poir.) Delprete & C.H.Perss.,French Guiana
Rubiaceae,Amaioua guianensis,Aubl.,French Guiana
Rubiaceae,Appunia morindoides,"(A.Rich. ex DC.) Delprete, C.M.Taylor & T.McDowell",French Guiana
Rubiaceae,Bertiera guianensis,Aubl.,French Guiana
Rubiaceae,Capirona decorticans,Spruce,French Guiana
Rubiaceae,Chimarrhis microcarpa,Standl.,French Guiana
Rubiaceae,Chimarrhis turbinata,DC.,French Guiana
Rubiaceae,Chomelia malaneoides,Müll.Arg.,French Guiana
Rubiaceae,Chomelia tenuiflora,Benth.,French Guiana
Rubiaceae,Cordiera myrciifolia,(K.Schum.) Perss. & Delprete,French Guiana
Rubiaceae,Cordiera triflora,A.Rich. ex DC.,French Guiana
Rubiaceae,Coussarea granvillei,Delprete & B.M.Boom,French Guiana
Rubiaceae,Coussarea hallei,Steyerm.,French Guiana
Rubiaceae,Coussarea machadoana,Standl.,French Guiana
Rubiaceae,Coussarea mapourioides,Bremek.,French Guiana
Rubiaceae,Coussarea paniculata,(Willd.) Standl.,French Guiana
Rubiaceae,Coussarea spicata,Delprete,French Guiana
Rubiaceae,Coussarea surinamensis,Bremek.,French Guiana
Rubiaceae,Coussarea violacea,Aubl.,French Guiana
Rubiaceae,Coutarea hexandra,(Jacq.) K.Schum.,French Guiana
Rubiaceae,Duroia amapana,Steyerm.,French Guiana
Rubiaceae,Duroia aquatica,(Aubl.) Bremek.,French Guiana
Rubiaceae,Duroia eriopila,L.f.,French Guiana
Rubiaceae,Duroia genipoides,Spruce ex K.Schum.,French Guiana
Rubiaceae,Duroia longiflora,Ducke,French Guiana
Rubiaceae,Duroia martiniana,(Miers) Bremek.,French Guiana
Rubiaceae,Duroia plicata,Benoist,French Guiana
Rubiaceae,Eumachia astrellantha,(Wernham) Delprete & J.H.Kirkbr.,French Guiana
Rubiaceae,Eumachia boliviana,(Standl.) Delprete & J.H.Kirkbr.,French Guiana
Rubiaceae,Eumachia guianensis,(Bremek.) Delprete & J.H.Kirkbr.,French Guiana
Rubiaceae,Eumachia kappleri,(Miq.) Delprete & J.H.Kirkbr.,French Guiana
Rubiaceae,Faramea corymbosa,Aubl.,French Guiana
Rubiaceae,Faramea fanshawei,Steyerm.,French Guiana
Rubiaceae,Faramea multiflora,A.Rich.,French Guiana
Rubiaceae,Faramea occidentalis,(L.) A.Rich.,French Guiana
Rubiaceae,Faramea paniculata,(Aubl.) Benth.,French Guiana
Rubiaceae,Faramea pedunculata,(Bremek.) Delprete,French Guiana
Rubiaceae,Ferdinandusa paraensis,Ducke,French Guiana
Rubiaceae,Genipa americana,L.,French Guiana
Rubiaceae,Genipa spruceana,Steyerm.,French Guiana
Rubiaceae,Gonzalagunia dicocca,Cham. & Schltdl.,French Guiana
Rubiaceae,Gonzalagunia surinamensis,Bremek.,French Guiana
Rubiaceae,Guettarda argentea,Lam.,French Guiana
Rubiaceae,Guettarda roupalifolia,Rusby,French Guiana
Rubiaceae,Guettarda spruceana,Müll.Arg.,French Guiana
Rubiaceae,Hamelia patens,Jacq.,French Guiana
Rubiaceae,Hillia illustris,(Vell.) K.Schum.,French Guiana
Rubiaceae,Isertia coccinea,(Aubl.) J.F.Gmel.,French Guiana
Rubiaceae,Isertia hypoleuca,Benth.,French Guiana
Rubiaceae,Isertia parviflora,Vahl,French Guiana
Rubiaceae,Isertia spiciformis,DC.,French Guiana
Rubiaceae,Ixora sparsifolia,K.Krause,French Guiana
Rubiaceae,Kutchubaea insignis,Fisch. ex DC.,French Guiana
Rubiaceae,Pagamea guianensis,Aubl.,French Guiana
Rubiaceae,Palicourea acuminata,(Benth.) Borhidi,French Guiana
Rubiaceae,Palicourea amapaensis,Steyerm.,French Guiana
Rubiaceae,Palicourea calophylla,DC.,French Guiana
Rubiaceae,Palicourea campyloneura,(Müll.Arg.) Delprete & J.H.Kirkbr.,French Guiana
Rubiaceae,Palicourea cardonae,Steyerm.,French Guiana
Rubiaceae,Palicourea corymbifera,(Müll.Arg.) Standl.,French Guiana
Rubiaceae,Palicourea crocea,(Sw.) Schult.,French Guiana
Rubiaceae,Palicourea croceoides,Ham.,French Guiana
Rubiaceae,Palicourea gracilenta,(Müll.Arg.) Delprete & J.H.Kirkbr.,French Guiana
Rubiaceae,Palicourea guianensis,Aubl.,French Guiana
Rubiaceae,Palicourea hoffmannseggiana,(Willd. ex Schult.) Borhidi,French Guiana
Rubiaceae,Palicourea iodotricha,(Müll.Arg.) Delprete & J.H.Kirkbr.,French Guiana
Rubiaceae,Palicourea irwinii,Steyerm.,French Guiana
Rubiaceae,Palicourea jenmanii,(Wernham) C.M.Taylor,French Guiana
Rubiaceae,Palicourea longicuspis,(Müll.Arg.) Delprete & J.H.Kirkbr.,French Guiana
Rubiaceae,Palicourea longistipulata,Standl.,French Guiana
Rubiaceae,Palicourea microbotrys,(Ruiz ex Standl.) Delprete & J.H.Kirkbr.,French Guiana
Rubiaceae,Palicourea muscosa,(Jacq.) Delprete & J.H.Kirkbr.,French Guiana
Rubiaceae,Palicourea octocuspis,(Müll.Arg.) C.M.Taylor,French Guiana
Rubiaceae,Palicourea paniculata,(L.f.) P.L.R.Moraes & C.M.Taylor,French Guiana
Rubiaceae,Palicourea quadrifolia,(Rudge) DC.,French Guiana
Rubiaceae,Palicourea racemosa,(Aubl.) G.Nicholson,French Guiana
Rubiaceae,Palicourea subundulata,(Benth.) Delprete & J.H.Kirkbr.,French Guiana
Rubiaceae,Palicourea tenerior,(Cham.) Delprete & J.H.Kirkbr.,French Guiana
Rubiaceae,Palicourea trichocephala,(Poepp.) Borhidi,French Guiana
Rubiaceae,Palicourea triphylla,DC.,French Guiana
Rubiaceae,Palicourea violacea,(Aubl.) A.Rich.,French Guiana
Rubiaceae,Posoqueria latifolia,(Rudge) Schult.,French Guiana
Rubiaceae,Posoqueria longiflora,Aubl.,French Guiana
Rubiaceae,Posoqueria trinitatis,DC.,French Guiana
Rubiaceae,Psychotria borjensis,Kunth,French Guiana
Rubiaceae,Psychotria carthagenensis,Jacq.,French Guiana
Rubiaceae,Psychotria cupularis,(Müll.Arg.) Standl.,French Guiana
Rubiaceae,Psychotria ernestii,K.Krause,French Guiana
Rubiaceae,Psychotria irwinii,Steyerm.,French Guiana
Rubiaceae,Psychotria pedunculosa,Rich.,French Guiana
Rubiaceae,Psychotria remota,Benth.,French Guiana
Rubiaceae,Randia armata,(Sw.) DC.,French Guiana
Rubiaceae,Ronabea latifolia,Aubl.,French Guiana
Rubiaceae,Rosenbergiodendron longiflorum,(Ruiz & Pav.) Fagerl.,French Guiana
Rubiaceae,Rudgea cornifolia,(Kunth) Standl.,French Guiana
Rubiaceae,Rudgea crassiloba,(Benth.) B.L.Rob.,French Guiana
Rubiaceae,Rudgea graciliflora,Standl.,French Guiana
Rubiaceae,Rudgea guianensis,(A.Rich.) Sandwith,French Guiana
Rubiaceae,Rudgea hostmanniana,Benth.,French Guiana
Rubiaceae,Rudgea lanceifolia,Salisb.,French Guiana
Rubiaceae,Rudgea stipulacea,(DC.) Steyerm.,French Guiana
Rubiaceae,Simira tinctoria,Aubl.,French Guiana
Rubiaceae,Stachyarrhena acuminata,Standl.,French Guiana
Rubiaceae,Stenostomum acreanum,(K.Krause) Achille & Delprete,French Guiana
Rubiaceae,Tocoyena longiflora,Aubl.,French Guiana
Rubiaceae,Warszewiczia coccinea,(Vahl) Klotzsch,French Guiana
Rutaceae,Conchocarpus acuminatus,(Pilg.) Kallunki & Pirani,French Guiana
Rutaceae,Conchocarpus guyanensis,(Pulle) Kallunki & Pirani,French Guiana
Rutaceae,Conchocarpus longifolius,(A.St.-Hil.) Kallunki & Pirani,French Guiana
Rutaceae,Conchocarpus toxicarius,(Spruce ex Engl.) Kallunki & Pirani,French Guiana
Rutaceae,Conchocarpus ucayalinus,(Huber) Kallunki & Pirani,French Guiana
Rutaceae,Erythrochiton brasiliensis,Nees & Mart.,French Guiana
Rutaceae,Esenbeckia cowanii,Kaastra,French Guiana
Rutaceae,Esenbeckia grandiflora,Mart.,French Guiana
Rutaceae,Galipea davisii,Sandwith,French Guiana
Rutaceae,Galipea trifoliata,Aubl.,French Guiana
Rutaceae,Neoraputia paraensis,(Ducke) Emmerich,French Guiana
Rutaceae,Pilocarpus racemosus,Vahl,French Guiana
Rutaceae,Raputia aromatica,Aubl.,French Guiana
Rutaceae,Ticorea foetida,Aubl.,French Guiana
Rutaceae,Ticorea longiflora,DC.,French Guiana
Rutaceae,Zanthoxylum apiculatum,(Sandwith) P.G.Waterman,French Guiana
Rutaceae,Zanthoxylum ekmanii,(Urb.) Alain,French Guiana
Rutaceae,Zanthoxylum fagara,(L.) Sarg.,French Guiana
Rutaceae,Zanthoxylum pentandrum,(Aubl.) R.A.Howard,French Guiana
Rutaceae,Zanthoxylum rhoifolium,Lam.,French Guiana
Salicaceae,Casearia aculeata,Jacq.,French Guiana
Salicaceae,Casearia acuminata,DC.,French Guiana
Salicaceae,Casearia arborea,(Rich.) Urb.,French Guiana
Salicaceae,Casearia bicolor,Urb.,French Guiana
Salicaceae,Casearia combaymensis,Tul.,French Guiana
Salicaceae,Casearia decandra,Jacq.,French Guiana
Salicaceae,Casearia grandiflora,Cambess.,French Guiana
Salicaceae,Casearia guianensis,(Aubl.) Urb.,French Guiana
Salicaceae,Casearia hirsuta,Sw.,French Guiana
Salicaceae,Casearia mariquitensis,Kunth,French Guiana
Salicaceae,Casearia negrensis,Eichler,French Guiana
Salicaceae,Casearia pitumba,Sleumer,French Guiana
Salicaceae,Casearia resinifera,Spruce ex Eichler,French Guiana
Salicaceae,Casearia rusbyana,Briq.,French Guiana
Salicaceae,Casearia sylvestris,Sw.,French Guiana
Salicaceae,Casearia ulmifolia,Vahl ex Vent.,French Guiana
Salicaceae,Casearia zizyphoides,Kunth,French Guiana
Salicaceae,Homalium guianense,(Aubl.) Oken,French Guiana
Salicaceae,Homalium racemosum,Jacq.,French Guiana
Salicaceae,Neoptychocarpus apodanthus,(Kuhlm.) Buchheim,French Guiana
Salicaceae,Piparea dentata,Aubl.,French Guiana
Salicaceae,Piparea multiflora,C.F.Gaertn.,French Guiana
Salicaceae,Ryania pyrifera,(Rich.) Uittien & Sleumer,French Guiana
Salicaceae,Ryania speciosa,Vahl,French Guiana
Salicaceae,Xylosma benthamii,(Tul.) Triana & Planch.,French Guiana
Salicaceae,Xylosma tessmannii,Sleumer,French Guiana
Sapindaceae,Allophylus acutatus,Radlk.,French Guiana
Sapindaceae,Allophylus latifolius,Huber,French Guiana
Sapindaceae,Allophylus robustus,Radlk.,French Guiana
Sapindaceae,Cupania americana,L.,French Guiana
Sapindaceae,Cupania diphylla,Vahl,French Guiana
Sapindaceae,Cupania hirsuta,Radlk.,French Guiana
Sapindaceae,Cupania macrostylis,(Radlk.) Acev.-Rodr.,French Guiana
Sapindaceae,Cupania rufescens,Triana & Planch.,French Guiana
Sapindaceae,Cupania scrobiculata,Rich.,French Guiana
Sapindaceae,Dodonaea viscosa,(L.) Jacq.,French Guiana
Sapindaceae,Matayba arborescens,(Aubl.) Radlk.,French Guiana
Sapindaceae,Matayba guianensis,Aubl.,French Guiana
Sapindaceae,Matayba inelegans,Radlk.,French Guiana
Sapindaceae,Matayba opaca,Radlk.,French Guiana
Sapindaceae,Matayba peruviana,Radlk.,French Guiana
Sapindaceae,Matayba purgans,Radlk.,French Guiana
Sapindaceae,Melicoccus bijugatus,Jacq.,French Guiana
Sapindaceae,Melicoccus oliviformis,Kunth,French Guiana
Sapindaceae,Melicoccus pedicellaris,(Radlk.) Acev.-Rodr.,French Guiana
Sapindaceae,Pentascyphus thyrsiflorus,Radlk.,French Guiana
Sapindaceae,Porocystis toulicioides,Radlk.,French Guiana
Sapindaceae,Sapindus saponaria,L.,French Guiana
Sapindaceae,Scyphonychium multiflorum,(Mart.) Radlk.,French Guiana
Sapindaceae,Talisia carinata,Radlk.,French Guiana
Sapindaceae,Talisia cupularis,Radlk.,French Guiana
Sapindaceae,Talisia furfuracea,Sandwith,French Guiana
Sapindaceae,Talisia guianensis,Aubl.,French Guiana
Sapindaceae,Talisia hemidasya,Radlk.,French Guiana
Sapindaceae,Talisia hexaphylla,Vahl,French Guiana
Sapindaceae,Talisia longifolia,(Benth.) Radlk.,French Guiana
Sapindaceae,Talisia macrophylla,(Mart.) Radlk.,French Guiana
Sapindaceae,Talisia megaphylla,Sagot,French Guiana
Sapindaceae,Talisia microphylla,Uittien,French Guiana
Sapindaceae,Talisia mollis,Kunth ex Cambess.,French Guiana
Sapindaceae,Talisia pachycarpa,Radlk.,French Guiana
Sapindaceae,Talisia praealta,Radlk.,French Guiana
Sapindaceae,Talisia retusa,R.S.Cowan,French Guiana
Sapindaceae,Talisia simaboides,K.U.Kramer,French Guiana
Sapindaceae,Talisia squarrosa,Radlk.,French Guiana
Sapindaceae,Talisia sylvatica,(Aubl.) Radlk.,French Guiana
Sapindaceae,Toulicia guianensis,Aubl.,French Guiana
Sapindaceae,Toulicia pulvinata,Radlk.,French Guiana
Sapindaceae,Vouarana guianensis,Aubl.,French Guiana
Sapotaceae,Chromolucuma congestifolia,(Pilz) Alves-Araújo & M.Alves,French Guiana
Sapotaceae,Chrysophyllum argenteum,Jacq.,French Guiana
Sapotaceae,Chrysophyllum cuneifolium,(Rudge) A.DC.,French Guiana
Sapotaceae,Chrysophyllum pomiferum,(Eyma) T.D.Penn.,French Guiana
Sapotaceae,Chrysophyllum prieurii,A.DC.,French Guiana
Sapotaceae,Chrysophyllum sanguinolentum,(Pierre) Baehni,French Guiana
Sapotaceae,Chrysophyllum venezuelanense,(Pierre) T.D.Penn.,French Guiana
Sapotaceae,Ecclinusa guianensis,Eyma,French Guiana
Sapotaceae,Ecclinusa lanceolata,(Mart. & Eichler) Pierre,French Guiana
Sapotaceae,Ecclinusa ramiflora,Mart.,French Guiana
Sapotaceae,Manilkara bidentata,(A.DC.) A.Chev.,French Guiana
Sapotaceae,Micropholis acutangula,(Ducke) Eyma,French Guiana
Sapotaceae,Micropholis cayennensis,T.D.Penn.,French Guiana
Sapotaceae,Micropholis egensis,(A.DC.) Pierre,French Guiana
Sapotaceae,Micropholis guyanensis,(A.DC.) Pierre,French Guiana
Sapotaceae,Micropholis longipedicellata,Aubrév.,French Guiana
Sapotaceae,Micropholis melinoniana,Pierre,French Guiana
Sapotaceae,Micropholis mensalis,(Baehni) Aubrév.,French Guiana
Sapotaceae,Micropholis obscura,T.D.Penn.,French Guiana
Sapotaceae,Micropholis porphyrocarpa,(Baehni) Monach.,French Guiana
Sapotaceae,Micropholis sanctae-rosae,(Baehni) T.D.Penn.,French Guiana
Sapotaceae,Micropholis venulosa,(Mart. & Eichler) Pierre,French Guiana
Sapotaceae,Pouteria ambelaniifolia,(Sandwith) T.D.Penn.,French Guiana
Sapotaceae,Pouteria aubrevillei,Bernardi,French Guiana
Sapotaceae,Pouteria bangii,(Rusby) T.D.Penn.,French Guiana
Sapotaceae,Pouteria benai,(Aubrév. & Pellegr.) T.D.Penn.,French Guiana
Sapotaceae,Pouteria bilocularis,(H.J.P.Winkl.) Baehni,French Guiana
Sapotaceae,Pouteria brachyandra,(Aubrév. & Pellegr.) T.D.Penn.,French Guiana
Sapotaceae,Pouteria caimito,(Ruiz & Pav.) Radlk.,French Guiana
Sapotaceae,Pouteria cayennensis,(A.DC.) Eyma,French Guiana
Sapotaceae,Pouteria cicatricata,T.D.Penn.,French Guiana
Sapotaceae,Pouteria cladantha,Sandwith,French Guiana
Sapotaceae,Pouteria coriacea,(Pierre) Pierre,French Guiana
Sapotaceae,Pouteria cuspidata,(A.DC.) Baehni,French Guiana
Sapotaceae,Pouteria decorticans,T.D.Penn.,French Guiana
Sapotaceae,Pouteria deliciosa,T.D.Penn.,French Guiana
Sapotaceae,Pouteria egregia,Sandwith,French Guiana
Sapotaceae,Pouteria engleri,Eyma,French Guiana
Sapotaceae,Pouteria eugeniifolia,(Pierre) Baehni,French Guiana
Sapotaceae,Pouteria filipes,Eyma,French Guiana
Sapotaceae,Pouteria fimbriata,Baehni,French Guiana
Sapotaceae,Pouteria franciscana,Baehni,French Guiana
Sapotaceae,Pouteria glomerata,(Miq.) Radlk.,French Guiana
Sapotaceae,Pouteria gongrijpii,Eyma,French Guiana
Sapotaceae,Pouteria grandis,Eyma,French Guiana
Sapotaceae,Pouteria guianensis,Aubl.,French Guiana
Sapotaceae,Pouteria jariensis,Pires & T.D.Penn.,French Guiana
Sapotaceae,Pouteria laevigata,(Mart.) Radlk.,French Guiana
Sapotaceae,Pouteria macrocarpa,(Mart.) D.Dietr.,French Guiana
Sapotaceae,Pouteria macrophylla,(Lam.) Eyma,French Guiana
Sapotaceae,Pouteria melanopoda,Eyma,French Guiana
Sapotaceae,Pouteria oblanceolata,Pires,French Guiana
Sapotaceae,Pouteria putamen-ovi,T.D.Penn.,French Guiana
Sapotaceae,Pouteria reticulata,(Engl.) Eyma,French Guiana
Sapotaceae,Pouteria retinervis,T.D.Penn.,French Guiana
Sapotaceae,Pouteria rodriguesiana,Pires & T.D.Penn.,French Guiana
Sapotaceae,Pouteria sagotiana,(Baill.) Eyma,French Guiana
Sapotaceae,Pouteria singularis,T.D.Penn.,French Guiana
Sapotaceae,Pouteria speciosa,(Ducke) Baehni,French Guiana
Sapotaceae,Pouteria tenuisepala,Pires & T.D.Penn.,French Guiana
Sapotaceae,Pouteria tuberculata,(Sleumer) Alves-Araújo & Swenson,French Guiana
Sapotaceae,Pouteria venosa,(Mart.) Baehni,French Guiana
Sapotaceae,Pouteria virescens,Baehni,French Guiana
Sapotaceae,Pouteria williamii,(Aubrév. & Pellegr.) T.D.Penn.,French Guiana
Sapotaceae,Pradosia cochlearia,(Lecomte) T.D.Penn.,French Guiana
Sapotaceae,Pradosia huberi,(Ducke) Ducke,French Guiana
Sapotaceae,Pradosia ptychandra,(Eyma) T.D.Penn.,French Guiana
Sapotaceae,Pradosia surinamensis,(Eyma) T.D.Penn.,French Guiana
Sapotaceae,Pradosia verticillata,Ducke,French Guiana
Sapotaceae,Sarcaulus brasiliensis,(A.DC.) Eyma,French Guiana
Schlegeliaceae,Schlegelia fuscata,A.H.Gentry,French Guiana
Schlegeliaceae,Schlegelia parviflora,(Oerst.) Monach.,French Guiana
Simaroubaceae,Homalolepis cedron,(Planch.) Devecchi & Pirani,French Guiana
Simaroubaceae,Homalolepis morettii,(Feuillet) Devecchi & Pirani,French Guiana
Simaroubaceae,Picrolemma sprucei,Hook.f.,French Guiana
Simaroubaceae,Quassia amara,L.,French Guiana
Simaroubaceae,Simaba guianensis,Aubl.,French Guiana
Simaroubaceae,Simaba orinocensis,Kunth,French Guiana
Simaroubaceae,Simaba polyphylla,(Cavalcante) W.W. Thomas,French Guiana
Simaroubaceae,Simarouba amara,Aubl.,French Guiana
Siparunaceae,Siparuna cristata,(Poepp. & Endl.) A.DC.,French Guiana
Siparunaceae,Siparuna cuspidata,(Tul.) A.DC.,French Guiana
Siparunaceae,Siparuna decipiens,(Tul.) A.DC.,French Guiana
Siparunaceae,Siparuna guianensis,Aubl.,French Guiana
Siparunaceae,Siparuna pachyantha,A.C.Sm.,French Guiana
Siparunaceae,Siparuna poeppigii,(Tul.) A. DC.,French Guiana
Solanaceae,Cestrum acuminatissimum,Dunal,French Guiana
Solanaceae,Cestrum latifolium,Lam.,French Guiana
Solanaceae,Solandra longiflora,Tussac,French Guiana
Solanaceae,Solanum crinitum,Lam.,French Guiana
Solanaceae,Solanum leucocarpon,Dunal,French Guiana
Solanaceae,Solanum oppositifolium,Ruiz & Pav.,French Guiana
Solanaceae,Solanum rugosum,Dunal,French Guiana
Solanaceae,Solanum schlechtendalianum,Walp.,French Guiana
Solanaceae,Solanum splendens,(Dunal) Bohs,French Guiana
Solanaceae,Solanum subinerme,Jacq.,French Guiana
Solanaceae,Solanum tegore,Aubl.,French Guiana
Solanaceae,Solanum tricuspidatum,Dunal,French Guiana
Solanaceae,Witheringia solanacea,L'Hér.,French Guiana
Stemonuraceae,Discophora guianensis,Miers,French Guiana
Strelitziaceae,Phenakospermum guyannense,(A.Rich.) Endl. ex Miq.,French Guiana
Styracaceae,Styrax glabratus,Schott,French Guiana
Styracaceae,Styrax guyanensis,A.DC.,French Guiana
Styracaceae,Styrax pallidus,A.DC.,French Guiana
Styracaceae,Styrax sieberi,Perkins,French Guiana
Surianaceae,Suriana maritima,L.,French Guiana
Symplocaceae,Symplocos guianensis,(Aubl.) Gürke,French Guiana
Symplocaceae,Symplocos martinicensis,Jacq.,French Guiana
Symplocaceae,Symplocos tenuifolia,Brand,French Guiana
Theaceae,Laplacea fruticosa,(Schrad.) Kobuski,French Guiana
Thymelaeaceae,Daphnopsis granitica,Pruski & Barringer,French Guiana
Thymelaeaceae,Daphnopsis granvillei,Barringer,French Guiana
Thymelaeaceae,Schoenobiblus daphnoides,Mart.,French Guiana
Thymelaeaceae,Schoenobiblus panamensis,Standl. & L.O.Williams      ,French Guiana
Ulmaceae,Ampelocera edentula,Kuhlm.,French Guiana
Urticaceae,Boehmeria ramiflora,Jacq.,French Guiana
Urticaceae,Cecropia distachya,Huber,French Guiana
Urticaceae,Cecropia granvilleana,C.C.Berg,French Guiana
Urticaceae,Cecropia latiloba,Miq.,French Guiana
Urticaceae,Cecropia obtusa,Trécul,French Guiana
Urticaceae,Cecropia palmata,Willd.,French Guiana
Urticaceae,Cecropia sciadophylla,Mart.,French Guiana
Urticaceae,Cecropia silvae,C.C.Berg,French Guiana
Urticaceae,Coussapoa angustifolia,Aubl.,French Guiana
Urticaceae,Coussapoa asperifolia,Trécul,French Guiana
Urticaceae,Coussapoa ferruginea,Trécul,French Guiana
Urticaceae,Coussapoa latifolia,Aubl.,French Guiana
Urticaceae,Coussapoa leprieurii,Benoist,French Guiana
Urticaceae,Coussapoa microcephala,Trécul,French Guiana
Urticaceae,Pourouma bicolor,Mart.,French Guiana
Urticaceae,Pourouma guianensis,Aubl.,French Guiana
Urticaceae,Pourouma melinonii,Benoist,French Guiana
Urticaceae,Pourouma minor,Benoist,French Guiana
Urticaceae,Pourouma mollis,Trécul,French Guiana
Urticaceae,Pourouma saulensis,C.C. Berg & Kooy,French Guiana
Urticaceae,Pourouma tomentosa,Mart. ex Miq.,French Guiana
Urticaceae,Pourouma velutina,Mart. ex Miq.,French Guiana
Urticaceae,Pourouma villosa,Trécul,French Guiana
Urticaceae,Urera baccifera,(L.) Gaudich. ex Wedd.,French Guiana
Urticaceae,Urera caracasana,(Jacq.) Gaudich. ex Griseb.,French Guiana
Urticaceae,Urera laciniata,Wedd.,French Guiana
Verbenaceae,Citharexylum spinosum,L.,French Guiana
Verbenaceae,Citharexylum ulei,Moldenke,French Guiana
Verbenaceae,Duranta erecta,L.,French Guiana
Violaceae,Amphirrhox longifolia,(A.St.-Hil.) Spreng.,French Guiana
Violaceae,Gloeospermum sphaerocarpum,Triana & Planch.,French Guiana
Violaceae,Leonia glycycarpa,Ruiz & Pav.,French Guiana
Violaceae,Paypayrola confertiflora,Tul.,French Guiana
Violaceae,Paypayrola grandiflora,Tul.,French Guiana
Violaceae,Paypayrola guianensis,Aubl.,French Guiana
Violaceae,Paypayrola hulkiana,Pulle,French Guiana
Violaceae,Paypayrola longifolia,Tul.,French Guiana
Violaceae,Rinorea amapensis,Hekking,French Guiana
Violaceae,Rinorea brevipes,(Benth.) S.F. Blake,French Guiana
Violaceae,Rinorea falcata,(Mart. ex Eichler) Kuntze,French Guiana
Violaceae,Rinorea flavescens,(Aubl.) Kuntze,French Guiana
Violaceae,Rinorea guianensis,Aubl.,French Guiana
Violaceae,Rinorea macrocarpa,(Mart. ex Eichler) Kuntze,French Guiana
Violaceae,Rinorea neglecta,Sandwith,French Guiana
Violaceae,Rinorea paniculata,(Mart.) Kuntze,French Guiana
Violaceae,Rinorea pectino-squamata,Hekking,French Guiana
Violaceae,Rinorea pubiflora,(Benth.) Sprague & Sandwith,French Guiana
Violaceae,Rinorea riana,Kuntze,French Guiana
Violaceae,Rinoreocarpus ulei,(Melch.) Ducke,French Guiana
Vochysiaceae,Erisma floribundum,Rudge,French Guiana
Vochysiaceae,Erisma nitidum,DC.,French Guiana
Vochysiaceae,Erisma uncinatum,Warm.,French Guiana
Vochysiaceae,Qualea acuminata,Spruce ex Warm.,French Guiana
Vochysiaceae,Qualea amapaensis,Balslev & S.A.Mori,French Guiana
Vochysiaceae,Qualea caerulea,Aubl.,French Guiana
Vochysiaceae,Qualea dinizii,Ducke,French Guiana
Vochysiaceae,Qualea mori-boomii,Marc.-Berti,French Guiana
Vochysiaceae,Qualea rosea,Aubl.,French Guiana
Vochysiaceae,Qualea tricolor,Benoist,French Guiana
Vochysiaceae,Ruizterania albiflora,(Warm.) Marc.-Berti,French Guiana
Vochysiaceae,Vochysia cayennensis,Warm.,French Guiana
Vochysiaceae,Vochysia densiflora,Spruce,French Guiana
Vochysiaceae,Vochysia guianensis,Aubl.,French Guiana
Vochysiaceae,Vochysia neyratii,Normand,French Guiana
Vochysiaceae,Vochysia speciosa,Warm.,French Guiana
Vochysiaceae,Vochysia surinamensis,Stafleu,French Guiana
Vochysiaceae,Vochysia tetraphylla,(G.Mey.) DC.,French Guiana
Vochysiaceae,Vochysia tomentosa,(G.Mey.) DC.,French Guiana
