family,taxon,author,native to
Acanthaceae,Aphelandra pulcherrima,(Jacq.) Kunth,Guyana
Acanthaceae,Avicennia germinans,(L.) L.,Guyana
Acanthaceae,Avicennia schaueriana,Stapf & Leechm. ex Moldenke,Guyana
Acanthaceae,Trichanthera gigantea,(Bonpl.) Nees,Guyana
Achariaceae,Carpotroche longifolia,(Poepp.) Benth.,Guyana
Achariaceae,Carpotroche surinamensis,Uittien,Guyana
Achariaceae,Lindackeria paludosa,(Benth.) Gilg,Guyana
Achariaceae,Mayna odorata,Aubl.,Guyana
Anacardiaceae,Anacardium fruticosum,J.Mitch. & S.A.Mori,Guyana
Anacardiaceae,Anacardium giganteum,Hancock ex Engl.,Guyana
Anacardiaceae,Anacardium occidentale,L.,Guyana
Anacardiaceae,Anacardium spruceanum,Benth. ex Engl.,Guyana
Anacardiaceae,Astronium fraxinifolium,Schott,Guyana
Anacardiaceae,Astronium ulei,Mattick,Guyana
Anacardiaceae,Cyrtocarpa velutinifolia,(R.S.Cowan) J.D.Mitch. & Daly,Guyana
Anacardiaceae,Loxopterygium sagotii,Hook.f.,Guyana
Anacardiaceae,Spondias mombin,L.,Guyana
Anacardiaceae,Spondias purpurea,L.,Guyana
Anacardiaceae,Tapirira guianensis,Aubl.,Guyana
Anacardiaceae,Tapirira obtusa,(Benth.) J.D.Mitch.,Guyana
Anacardiaceae,Thyrsodium spruceanum,Benth.,Guyana
Anisophylleaceae,Anisophyllea guianensis,Sandwith,Guyana
Annonaceae,Anaxagorea acuminata,(Dunal) A.St.-Hil. ex A.DC.,Guyana
Annonaceae,Anaxagorea brevipes,Benth.,Guyana
Annonaceae,Anaxagorea dolichocarpa,Sprague & Sandwith,Guyana
Annonaceae,Anaxagorea petiolata,R.E.Fr.,Guyana
Annonaceae,Anaxagorea prinoides,(Dunal) A.St.-Hil.,Guyana
Annonaceae,Annona ambotay,Aubl.,Guyana
Annonaceae,Annona atabapensis,Kunth,Guyana
Annonaceae,Annona cuspidata,(Mart.) H.Rainer,Guyana
Annonaceae,Annona densicoma,Mart.,Guyana
Annonaceae,Annona echinata,Dunal,Guyana
Annonaceae,Annona exsucca,DC.,Guyana
Annonaceae,Annona glabra,L.,Guyana
Annonaceae,Annona hypoglauca,Mart.,Guyana
Annonaceae,Annona montana,Macfad.,Guyana
Annonaceae,Annona mucosa,Jacq.,Guyana
Annonaceae,Annona muricata,L.,Guyana
Annonaceae,Annona paludosa,Aubl.,Guyana
Annonaceae,Annona sericea,Dunal,Guyana
Annonaceae,Annona symphyocarpa,Sandwith,Guyana
Annonaceae,Bocageopsis multiflora,(Mart.) R.E.Fr.,Guyana
Annonaceae,Cardiopetalum surinamense,R.E.Fr.,Guyana
Annonaceae,Cymbopetalum brasiliense,(Vell.) Benth. ex Baill.,Guyana
Annonaceae,Duguetia cadaverica,Huber,Guyana
Annonaceae,Duguetia calycina,Benoist,Guyana
Annonaceae,Duguetia cauliflora,R.E.Fr.,Guyana
Annonaceae,Duguetia chrysea,Maas,Guyana
Annonaceae,Duguetia decurrens,R.E.Fr.,Guyana
Annonaceae,Duguetia granvilleana,Maas,Guyana
Annonaceae,Duguetia guianensis,R.E.Fr.,Guyana
Annonaceae,Duguetia inconspicua,Sagot,Guyana
Annonaceae,Duguetia lucida,Urb.,Guyana
Annonaceae,Duguetia macrocalyx,R.E.Fr.,Guyana
Annonaceae,Duguetia megalophylla,R.E.Fr.,Guyana
Annonaceae,Duguetia neglecta,Sandwith,Guyana
Annonaceae,Duguetia paraensis,R.E.Fr.,Guyana
Annonaceae,Duguetia pauciflora,Rusby,Guyana
Annonaceae,Duguetia pycnastera,Sandwith,Guyana
Annonaceae,Duguetia quitarensis,Benth.,Guyana
Annonaceae,Duguetia rigida,R.E.Fr.,Guyana
Annonaceae,Duguetia stelechantha,(Diels) R.E.Fr.,Guyana
Annonaceae,Duguetia surinamensis,R.E.Fr.,Guyana
Annonaceae,Duguetia tenuis,R.E.Fr.,Guyana
Annonaceae,Duguetia yeshidan,Sandwith,Guyana
Annonaceae,Ephedranthus guianensis,R.E.Fr.,Guyana
Annonaceae,Fusaea longifolia,(Aubl.) Saff.,Guyana
Annonaceae,Guatteria alticola,Scharf & Maas,Guyana
Annonaceae,Guatteria ayangannae,Scharf & Maas,Guyana
Annonaceae,Guatteria blepharophylla,Mart.,Guyana
Annonaceae,Guatteria citriodora,Ducke,Guyana
Annonaceae,Guatteria clusiifolia,D.M.Johnson & N.A.Murray,Guyana
Annonaceae,Guatteria conspicua,R.E.Fr.,Guyana
Annonaceae,Guatteria flexilis,R.E.Fr.,Guyana
Annonaceae,Guatteria kamakusensis,Maas & Westra,Guyana
Annonaceae,Guatteria liesneri,D.M.Johnson & N.A.Murray,Guyana
Annonaceae,Guatteria maypurensis,Kunth,Guyana
Annonaceae,Guatteria megalophylla,Diels,Guyana
Annonaceae,Guatteria meliodora,R.E.Fr.,Guyana
Annonaceae,Guatteria minutiflora,Scharf & Maas,Guyana
Annonaceae,Guatteria monticola,R.E.Fr.,Guyana
Annonaceae,Guatteria pakaraimae,Scharf & Maas,Guyana
Annonaceae,Guatteria paludosa,R.E.Fr.,Guyana
Annonaceae,Guatteria partangensis,Scharf & Maas,Guyana
Annonaceae,Guatteria procera,R.E.Fr.,Guyana
Annonaceae,Guatteria punctata,(Aubl.) R.A.Howard,Guyana
Annonaceae,Guatteria rubrinervis,R.E.Fr.,Guyana
Annonaceae,Guatteria schomburgkiana,Mart.,Guyana
Annonaceae,Guatteria scytophylla,Diels,Guyana
Annonaceae,Guatteria subsessilis,Mart.,Guyana
Annonaceae,Guatteria ucayalina,Huber,Guyana
Annonaceae,Guatteria wachenheimii,Benoist,Guyana
Annonaceae,Guatteria wokomungensis,Scharf & Maas,Guyana
Annonaceae,Malmea guianensis,R.E.Fr.,Guyana
Annonaceae,Mosannona discolor,(R.E. Fr.) Chatrou,Guyana
Annonaceae,Oxandra asbeckii,(Pulle) R.E.Fr.,Guyana
Annonaceae,Oxandra guianensis,R.E.Fr.,Guyana
Annonaceae,Oxandra xylopioides,Diels,Guyana
Annonaceae,Pseudephedranthus enigmaticus,Maas & Westra,Guyana
Annonaceae,Pseudoxandra cuspidata,Maas,Guyana
Annonaceae,Pseudoxandra lucida,R.E.Fr.,Guyana
Annonaceae,Pseudoxandra polyphleba,(Diels) R.E. Fr.,Guyana
Annonaceae,Trigynaea caudata,(R.E. Fr.) R.E. Fr.,Guyana
Annonaceae,Trigynaea duckei,(R.E.Fr.) R.E.Fr.,Guyana
Annonaceae,Unonopsis glaucopetala,R.E.Fr.,Guyana
Annonaceae,Unonopsis guatterioides,(A.DC.) R.E.Fr.,Guyana
Annonaceae,Unonopsis perrottetii,(A.DC.) R.E.Fr.,Guyana
Annonaceae,Unonopsis rufescens,(Baill.) R.E. Fr.,Guyana
Annonaceae,Unonopsis stipitata,Diels,Guyana
Annonaceae,Xylopia aromatica,(Lam.) Mart.,Guyana
Annonaceae,Xylopia benthamii,R.E.Fr.,Guyana
Annonaceae,Xylopia cayennensis,Maas,Guyana
Annonaceae,Xylopia crinita,R.E.Fr.,Guyana
Annonaceae,Xylopia discreta,(L.f.) Sprague & Hutch.,Guyana
Annonaceae,Xylopia frutescens,Aubl.,Guyana
Annonaceae,Xylopia parviflora,Spruce,Guyana
Annonaceae,Xylopia pulcherrima,Sandwith,Guyana
Annonaceae,Xylopia sericea,A.St.-Hil.,Guyana
Annonaceae,Xylopia surinamensis,R.E.Fr.,Guyana
Apocynaceae,Ambelania acida,Aubl.,Guyana
Apocynaceae,Aspidosperma album,(Vahl) Benoist ex Pichon,Guyana
Apocynaceae,Aspidosperma capitatum,L.O.Williams,Guyana
Apocynaceae,Aspidosperma decussatum,Woodson,Guyana
Apocynaceae,Aspidosperma desmanthum,Benth. ex Müll.Arg.,Guyana
Apocynaceae,Aspidosperma excelsum,Benth.,Guyana
Apocynaceae,Aspidosperma fendleri,Woodson,Guyana
Apocynaceae,Aspidosperma macrophyllum,Müll.Arg.,Guyana
Apocynaceae,Aspidosperma oblongum,A.DC.,Guyana
Apocynaceae,Aspidosperma sandwithianum,Markgr.,Guyana
Apocynaceae,Aspidosperma spruceanum,Benth. ex Müll.Arg.,Guyana
Apocynaceae,Aspidosperma ulei,Markgr.,Guyana
Apocynaceae,Cascabela thevetia,(L.) Lippold,Guyana
Apocynaceae,Couma catingae,Ducke,Guyana
Apocynaceae,Couma guianensis,Aubl.,Guyana
Apocynaceae,Couma macrocarpa,Barb.Rodr.,Guyana
Apocynaceae,Geissospermum argenteum,Woodson,Guyana
Apocynaceae,Geissospermum laeve,(Vell.) Miers,Guyana
Apocynaceae,Geissospermum sericeum,Miers,Guyana
Apocynaceae,Himatanthus articulatus,(Vahl) Woodson,Guyana
Apocynaceae,Himatanthus obovatus,(Müll.Arg.) Woodson,Guyana
Apocynaceae,Himatanthus revolutus,(Huber) Spina & Kin.-Gouv.,Guyana
Apocynaceae,Lacmellea aculeata,(Ducke) Monach.,Guyana
Apocynaceae,Lacmellea arborescens,(Müll.Arg.) Markgr.,Guyana
Apocynaceae,Lacmellea utilis,(Arn.) Markgr.,Guyana
Apocynaceae,Macoubea guianensis,Aubl.,Guyana
Apocynaceae,Malouetia flavescens,(Willd. ex Roem. & Schult.) Müll.Arg.,Guyana
Apocynaceae,Malouetia pubescens,Markgr.,Guyana
Apocynaceae,Malouetia tamaquarina,(Aubl.) A.DC.,Guyana
Apocynaceae,Mandevilla subcarnosa,(Benth.) Woodson,Guyana
Apocynaceae,Parahancornia fasciculata,(Poir.) Benoist,Guyana
Apocynaceae,Plumeria inodora,Jacq.,Guyana
Apocynaceae,Rauvolfia ligustrina,Roem. & Schult.,Guyana
Apocynaceae,Tabernaemontana attenuata,(Miers) Urb.,Guyana
Apocynaceae,Tabernaemontana cerea,(Woodson) Leeuwenb.,Guyana
Apocynaceae,Tabernaemontana cymosa,Jacq.,Guyana
Apocynaceae,Tabernaemontana disticha,A.DC.,Guyana
Apocynaceae,Tabernaemontana grandiflora,Jacq.,Guyana
Apocynaceae,Tabernaemontana heterophylla,Vahl,Guyana
Apocynaceae,Tabernaemontana lorifera,(Miers) Leeuwenb.,Guyana
Apocynaceae,Tabernaemontana macrocalyx,Müll.Arg.,Guyana
Apocynaceae,Tabernaemontana rupicola,Benth.,Guyana
Apocynaceae,Tabernaemontana sananho,Ruiz & Pav.,Guyana
Apocynaceae,Tabernaemontana siphilitica,(L.f.) Leeuwenb.,Guyana
Apocynaceae,Tabernaemontana undulata,Vahl,Guyana
Aquifoliaceae,Ilex amazonensis,Edwin,Guyana
Aquifoliaceae,Ilex daphnogenea,Reissek,Guyana
Aquifoliaceae,Ilex fanshawei,Edwin,Guyana
Aquifoliaceae,Ilex guianensis,(Aubl.) Kuntze,Guyana
Aquifoliaceae,Ilex inundata,Poepp. ex Reissek,Guyana
Aquifoliaceae,Ilex jenmanii,Loes.,Guyana
Aquifoliaceae,Ilex karuaiana,Steyerm.,Guyana
Aquifoliaceae,Ilex laureola,Triana,Guyana
Aquifoliaceae,Ilex marginata,Edwin,Guyana
Aquifoliaceae,Ilex martiniana,D.Don,Guyana
Aquifoliaceae,Ilex oliveriana,Loes.,Guyana
Aquifoliaceae,Ilex ovalifolia,Bonpl. ex Miers,Guyana
Aquifoliaceae,Ilex retusa,Klotzsch ex Reissek,Guyana
Aquifoliaceae,Ilex soderstromii,Edwin,Guyana
Aquifoliaceae,Ilex tepuiana,Steyerm. ex Edwin,Guyana
Aquifoliaceae,Ilex umbellata,Klotzsch ex Reissek,Guyana
Aquifoliaceae,Ilex vismiifolia,Reissek,Guyana
Araliaceae,Crepinella chimantensis,"(Steyerm. & Maguire) Lowry, G.M.Plunkett & D.A.Neill",Guyana
Araliaceae,Crepinella coriacea,"(Marchal) Lowry, G.M.Plunkett & D.A.Neill",Guyana
Araliaceae,Crepinella dissidens,"(Frodin) Lowry, G.M.Plunkett & D.A.Neill",Guyana
Araliaceae,Crepinella gracilis,Marchal,Guyana
Araliaceae,Crepinella umbellata,"(N.E.Br.) G.M.Plunkett, Lowry & D.A.Neill",Guyana
Araliaceae,Dendropanax alaris,(Schltdl.) Decne. & Planch.,Guyana
Araliaceae,Dendropanax arboreus,(L.) Decne. & Planch.,Guyana
Araliaceae,Didymopanax decaphyllus,(Seem.) Fiaschi & G.M.Plunkett,Guyana
Araliaceae,Didymopanax morototoni,(Aubl.) Decne. & Planch.,Guyana
Araliaceae,Didymopanax quinquecarinatus,(Steyerm.) Fiaschi & G.M.Plunkett,Guyana
Araliaceae,Oreopanax capitatus,(Jacq.) Decne. & Planch.,Guyana
Araliaceae,Sciodaphyllum duidae,"(Steyerm.) Lowry, G.M.Plunkett & M.M.Mora",Guyana
Araliaceae,Sciodaphyllum quinquestylorum,"(Steyerm.) Lowry, G.M.Plunkett & M.M.Mora",Guyana
Araliaceae,Sciodaphyllum reticulatum,"(Gleason) Lowry, G.M.Plunkett & M.M.Mora",Guyana
Arecaceae,Acrocomia aculeata,(Jacq.) Lodd. ex R.Keith,Guyana
Arecaceae,Astrocaryum aculeatum,G.Mey.,Guyana
Arecaceae,Astrocaryum jauari,Mart.,Guyana
Arecaceae,Astrocaryum murumuru,Mart.,Guyana
Arecaceae,Astrocaryum sciophilum,(Miq.) Pulle,Guyana
Arecaceae,Astrocaryum tucuma,Mart.,Guyana
Arecaceae,Astrocaryum vulgare,Mart.,Guyana
Arecaceae,Attalea maripa,(Aubl.) Mart.,Guyana
Arecaceae,Attalea microcarpa,Mart.,Guyana
Arecaceae,Attalea speciosa,Mart.,Guyana
Arecaceae,Bactris acanthocarpa,Mart.,Guyana
Arecaceae,Bactris acanthocarpoides,Barb.Rodr.,Guyana
Arecaceae,Bactris brongniartii,Mart.,Guyana
Arecaceae,Bactris campestris,Poepp.,Guyana
Arecaceae,Bactris constanciae,Barb.Rodr.,Guyana
Arecaceae,Bactris elegans,Schaedtler,Guyana
Arecaceae,Bactris hirta,Mart.,Guyana
Arecaceae,Bactris major,Jacq.,Guyana
Arecaceae,Bactris maraja,Mart.,Guyana
Arecaceae,Bactris oligoclada,Burret,Guyana
Arecaceae,Bactris ptariana,Steyerm.,Guyana
Arecaceae,Desmoncus polyacanthos,Mart.,Guyana
Arecaceae,Dictyocaryum ptarianum,(Steyerm.) H.E.Moore & Steyerm.,Guyana
Arecaceae,Euterpe catinga,Wallace,Guyana
Arecaceae,Euterpe longibracteata,Barb.Rodr.,Guyana
Arecaceae,Euterpe oleracea,Mart.,Guyana
Arecaceae,Euterpe precatoria,Mart.,Guyana
Arecaceae,Geonoma baculifera,(Poit.) Kunth,Guyana
Arecaceae,Geonoma deversa,(Poit.) Kunth,Guyana
Arecaceae,Geonoma maxima,(Poit.) Kunth,Guyana
Arecaceae,Geonoma stricta,(Poit.) Kunth,Guyana
Arecaceae,Geonoma undata,Klotzsch,Guyana
Arecaceae,Hyospathe elegans,Mart.,Guyana
Arecaceae,Iriartella setigera,(Mart.) H.Wendl.,Guyana
Arecaceae,Lepidocaryum tenue,Mart.,Guyana
Arecaceae,Manicaria saccifera,Gaertn.,Guyana
Arecaceae,Mauritia flexuosa,L.f.,Guyana
Arecaceae,Mauritiella armata,(Mart.) Burret,Guyana
Arecaceae,Oenocarpus bacaba,Mart.,Guyana
Arecaceae,Oenocarpus bataua,Mart.,Guyana
Arecaceae,Prestoea tenuiramosa,(Dammer) H.E.Moore,Guyana
Arecaceae,Socratea exorrhiza,(Mart.) H.Wendl.,Guyana
Arecaceae,Syagrus cocoides,Mart.,Guyana
Arecaceae,Syagrus inajai,(Spruce) Becc.,Guyana
Arecaceae,Syagrus stratincola,Wess.Boer,Guyana
Asteraceae,Baccharis brachylaenoides,DC.,Guyana
Asteraceae,Baccharis nitida,(Ruiz & Pav.) Pers.,Guyana
Asteraceae,Clibadium surinamense,L.,Guyana
Asteraceae,Clibadium sylvestre,(Aubl.) Baill.,Guyana
Asteraceae,Gongylolepis benthamiana,R.H.Schomb.,Guyana
Asteraceae,Piptocarpha opaca,(Benth.) Baker,Guyana
Asteraceae,Piptocarpha poeppigiana,(DC.) Baker,Guyana
Asteraceae,Piptocarpha polycephala,Baker,Guyana
Asteraceae,Piptocoma schomburgkii,(Sch.Bip.) Pruski,Guyana
Asteraceae,Stenopadus connellii,(N.E.Br.) S.F.Blake,Guyana
Asteraceae,Stenopadus sericeus,Maguire & Aristeg.,Guyana
Asteraceae,Stenopadus talaumifolius,S.F.Blake,Guyana
Bignoniaceae,Adenocalymma bracteosum,(DC.) L.G.Lohmann,Guyana
Bignoniaceae,Digomphia laurifolia,Benth.,Guyana
Bignoniaceae,Godmania aesculifolia,(Kunth) Standl.,Guyana
Bignoniaceae,Handroanthus capitatus,(Bureau & K.Schum.) Mattos,Guyana
Bignoniaceae,Handroanthus chrysanthus,(Jacq.) S.O.Grose,Guyana
Bignoniaceae,Handroanthus obscurus,(Bureau & K.Schum.) Mattos,Guyana
Bignoniaceae,Handroanthus ochraceus,(Cham.) Mattos,Guyana
Bignoniaceae,Handroanthus serratifolius,(Vahl) S.O.Grose,Guyana
Bignoniaceae,Handroanthus subtilis,(Sprague & Sandwith) S.O.Grose,Guyana
Bignoniaceae,Handroanthus uleanus,(Kraenzl.) S.O.Grose,Guyana
Bignoniaceae,Jacaranda copaia,(Aubl.) D.Don,Guyana
Bignoniaceae,Jacaranda densicoma,Mart. ex DC.,Guyana
Bignoniaceae,Jacaranda obtusifolia,Bonpl.,Guyana
Bignoniaceae,Tabebuia fluviatilis,(Aubl.) DC.,Guyana
Bignoniaceae,Tabebuia insignis,(Miq.) Sandwith,Guyana
Bignoniaceae,Tabebuia rosea,(Bertol.) Bertero ex A.DC.,Guyana
Bignoniaceae,Tabebuia stenocalyx,Sprague & Stapf,Guyana
Bixaceae,Bixa orellana,L.,Guyana
Bixaceae,Bixa urucurana,Willd.,Guyana
Bixaceae,Cochlospermum orinocense,(Kunth) Steud.,Guyana
Bixaceae,Cochlospermum vitifolium,(Willd.) Spreng.,Guyana
Bonnetiaceae,Archytaea triflora,Mart.,Guyana
Bonnetiaceae,Bonnetia multinervia,(Maguire) Steyerm.,Guyana
Bonnetiaceae,Bonnetia paniculata,Spruce ex Benth.,Guyana
Bonnetiaceae,Bonnetia roraimae,Oliveri,Guyana
Bonnetiaceae,Bonnetia rubicunda,(Sastre) A.L.Weitzman & P.F.Stevens,Guyana
Bonnetiaceae,Bonnetia sessilis,Benth.,Guyana
Bonnetiaceae,Bonnetia tepuiensis,Kobuski & Steyerm.,Guyana
Boraginaceae,Cordia alliodora,(Ruiz & Pav.) Oken,Guyana
Boraginaceae,Cordia bicolor,A.DC.,Guyana
Boraginaceae,Cordia exaltata,Lam.,Guyana
Boraginaceae,Cordia fallax,I.M.Johnst.,Guyana
Boraginaceae,Cordia goeldiana,Huber,Guyana
Boraginaceae,Cordia laevifrons,I.M.Johnst.,Guyana
Boraginaceae,Cordia lomatoloba,I.M.Johnst.,Guyana
Boraginaceae,Cordia nervosa,Lam.,Guyana
Boraginaceae,Cordia nodosa,Lam.,Guyana
Boraginaceae,Cordia panicularis,Rudge,Guyana
Boraginaceae,Cordia sagotii,I.M.Johnst.,Guyana
Boraginaceae,Cordia scabrifolia,A.DC.,Guyana
Boraginaceae,Cordia sericicalyx,A.DC.,Guyana
Boraginaceae,Cordia tetrandra,Aubl.,Guyana
Boraginaceae,Cordia toqueve,Aubl.,Guyana
Boraginaceae,Cordia umbellifera,Killip ex G.Agostini,Guyana
Boraginaceae,Lepidocordia punctata,Ducke,Guyana
Burseraceae,Bursera simaruba,(L.) Sarg.,Guyana
Burseraceae,Dacryodes peruviana,(Loes.) H.J.Lam,Guyana
Burseraceae,Dacryodes roraimensis,Cuatrec.,Guyana
Burseraceae,Dacryodes steyermarkii,Sandwith,Guyana
Burseraceae,Protium altissimum,(Aubl.) Marchand,Guyana
Burseraceae,Protium altsonii,Sandwith,Guyana
Burseraceae,Protium aracouchini,(Aubl.) Marchand,Guyana
Burseraceae,Protium boomii,Daly,Guyana
Burseraceae,Protium crassipetalum,Cuatrec.,Guyana
Burseraceae,Protium crenatum,Sandwith,Guyana
Burseraceae,Protium cuneatum,Swart,Guyana
Burseraceae,Protium decandrum,(Aubl.) Marchand,Guyana
Burseraceae,Protium demerarense,Swart,Guyana
Burseraceae,Protium giganteum,Engl.,Guyana
Burseraceae,Protium goudotianum,(Tul.) Byng & Christenh.,Guyana
Burseraceae,Protium guianense,(Aubl.) Marchand,Guyana
Burseraceae,Protium heptaphyllum,(Aubl.) Marchand,Guyana
Burseraceae,Protium llanorum,Cuatrec.,Guyana
Burseraceae,Protium opacum,Swart,Guyana
Burseraceae,Protium polybotryum,(Turcz.) Engl.,Guyana
Burseraceae,Protium rhoifolium,(Benth.) Byng & Christenh.,Guyana
Burseraceae,Protium robustum,(Swart) D.M.Porter,Guyana
Burseraceae,Protium sagotianum,Marchand,Guyana
Burseraceae,Protium stevensonii,(Standl.) Daly,Guyana
Burseraceae,Protium strumosum,D.C. Daly,Guyana
Burseraceae,Protium subserratum,(Engl.) Engl.,Guyana
Burseraceae,Protium surinamense,Byng & Christenh.,Guyana
Burseraceae,Protium trifoliolatum,Engl.,Guyana
Burseraceae,Protium unifoliolatum,Engl.,Guyana
Burseraceae,Trattinnickia burserifolia,Mart.,Guyana
Burseraceae,Trattinnickia demerarae,Sandwith,Guyana
Burseraceae,Trattinnickia rhoifolia,Willd.,Guyana
Cactaceae,Cereus hexagonus,(L.) Mill.,Guyana
Calophyllaceae,Calophyllum brasiliense,Cambess.,Guyana
Calophyllaceae,Calophyllum pachyphyllum,Planch. & Triana,Guyana
Calophyllaceae,Caraipa densifolia,Mart.,Guyana
Calophyllaceae,Caraipa llanorum,Cuatrec.,Guyana
Calophyllaceae,Caraipa longipedicellata,Steyerm.,Guyana
Calophyllaceae,Caraipa punctulata,Ducke,Guyana
Calophyllaceae,Caraipa racemosa,Cambess.,Guyana
Calophyllaceae,Caraipa richardiana,Cambess.,Guyana
Calophyllaceae,Caraipa savannarum,Kubitzki,Guyana
Calophyllaceae,Caraipa tereticaulis,Tul.,Guyana
Calophyllaceae,Haploclathra leiantha,(Benth.) Benth.,Guyana
Calophyllaceae,Mahurea exstipulata,Benth.,Guyana
Cannabaceae,Celtis iguanaea,(Jacq.) Sarg.,Guyana
Cannabaceae,Trema micranthum,(L.) Blume,Guyana
Capparaceae,Capparidastrum sola,(J.F.Macbr.) Cornejo & Iltis,Guyana
Capparaceae,Crateva tapia,L.,Guyana
Capparaceae,Cynophalla polyantha,(Triana & Planch.) Cornejo & Iltis,Guyana
Capparaceae,Morisonia americana,L.,Guyana
Capparaceae,Neocalyptrocalyx leprieurii,Briq.,Guyana
Capparaceae,Neocalyptrocalyx maroniensis,(Benoist) Cornejo & Iltis,Guyana
Caricaceae,Jacaratia spinosa,(Aubl.) A.DC.,Guyana
Caryocaraceae,Anthodiscus mazarunensis,Gilly,Guyana
Caryocaraceae,Anthodiscus trifoliatus,G.Mey.,Guyana
Caryocaraceae,Caryocar glabrum,(Aubl.) Pers.,Guyana
Caryocaraceae,Caryocar microcarpum,Ducke,Guyana
Caryocaraceae,Caryocar montanum,Prance,Guyana
Caryocaraceae,Caryocar nuciferum,L.,Guyana
Celastraceae,Cheiloclinium cognatum,(Miers) A.C.Sm.,Guyana
Celastraceae,Cheiloclinium obtusum,A.C.Sm.,Guyana
Celastraceae,Elachyptera floribunda,(Benth.) A.C.Sm.,Guyana
Celastraceae,Hylenaea comosa,(Sw.) Miers,Guyana
Celastraceae,Maytenus guyanensis,Klotzsch ex Reissek,Guyana
Celastraceae,Monteverdia ficiformis,(Reissek) Biral,Guyana
Celastraceae,Monteverdia floribunda,(Reissek) Biral,Guyana
Celastraceae,Monteverdia kanukuensis,(A.C.Sm.) Biral,Guyana
Celastraceae,Monteverdia myrsinoides,(Reissek) Biral,Guyana
Celastraceae,Monteverdia oblongata,(Reissek) Biral,Guyana
Celastraceae,Monteverdia planifolia,(A.C.Sm.) Biral,Guyana
Celastraceae,Monteverdia pruinosa,(Reissek) Biral,Guyana
Celastraceae,Monteverdia sieberiana,(Krug. & Urb.) Biral,Guyana
Celastraceae,Peritassa laevigata,(Hoffmanns. ex Link) A.C.Sm.,Guyana
Celastraceae,Prionostemma aspera,(Lam.) Miers,Guyana
Celastraceae,Pristimera nervosa,(Miers) A.C.Sm.,Guyana
Celastraceae,Salacia cordata,(Miers) Mennega,Guyana
Celastraceae,Salacia elliptica,(Mart.) G.Don,Guyana
Celastraceae,Salacia impressifolia,(Miers) A.C.Sm.,Guyana
Celastraceae,Salacia juruana,Loes.,Guyana
Celastraceae,Salacia maburensis,Mennega,Guyana
Celastraceae,Salacia multiflora,(Lam.) DC.,Guyana
Celastraceae,Tontelea attenuata,Miers,Guyana
Celastraceae,Tontelea emarginata,A.C.Sm.,Guyana
Celastraceae,Tontelea mauritioides,(A.C.Sm.) A.C.Sm.,Guyana
Celastraceae,Tontelea passiflora,(Vell.) Lombardi,Guyana
Chloranthaceae,Hedyosmum racemosum,(Ruiz & Pav.) G.Don,Guyana
Chloranthaceae,Hedyosmum tepuiense,Todzia,Guyana
Chrysobalanaceae,Chrysobalanus icaco,L.,Guyana
Chrysobalanaceae,Couepia bracteosa,Benth.,Guyana
Chrysobalanaceae,Couepia comosa,Benth.,Guyana
Chrysobalanaceae,Couepia exflexa,Fanshawe & Maguire,Guyana
Chrysobalanaceae,Couepia guianensis,Aubl.,Guyana
Chrysobalanaceae,Couepia habrantha,Standl.,Guyana
Chrysobalanaceae,Couepia multiflora,Benth.,Guyana
Chrysobalanaceae,Couepia obovata,Ducke,Guyana
Chrysobalanaceae,Couepia paraensis,(Mart. & Zucc.) Benth.,Guyana
Chrysobalanaceae,Couepia sandwithii,Prance,Guyana
Chrysobalanaceae,Exellodendron barbatum,(Ducke) Prance,Guyana
Chrysobalanaceae,Exellodendron coriaceum,(Benth.) Prance,Guyana
Chrysobalanaceae,Gaulettia canescens,(Gleason) Sothers & Prance,Guyana
Chrysobalanaceae,Gaulettia canomensis,(Mart.) Sothers & Prance,Guyana
Chrysobalanaceae,Gaulettia cognata,(Steud.) Sothers & Prance,Guyana
Chrysobalanaceae,Gaulettia elata,(Ducke) Sothers & Prance,Guyana
Chrysobalanaceae,Gaulettia parillo,(DC.) Sothers & Prance,Guyana
Chrysobalanaceae,Hirtella angustissima,Sandwith,Guyana
Chrysobalanaceae,Hirtella bicornis,Mart. & Zucc.,Guyana
Chrysobalanaceae,Hirtella bullata,Benth.,Guyana
Chrysobalanaceae,Hirtella caduca,Fanshawe & Maguire,Guyana
Chrysobalanaceae,Hirtella ciliata,Mart. & Zucc.,Guyana
Chrysobalanaceae,Hirtella davisii,Sandwith,Guyana
Chrysobalanaceae,Hirtella duckei,Huber,Guyana
Chrysobalanaceae,Hirtella glandulistipula,Ducke,Guyana
Chrysobalanaceae,Hirtella glandulosa,Spreng.,Guyana
Chrysobalanaceae,Hirtella guyanensis,(Fritsch) Sandwith,Guyana
Chrysobalanaceae,Hirtella macrosepala,Sandwith,Guyana
Chrysobalanaceae,Hirtella mucronata,Prance,Guyana
Chrysobalanaceae,Hirtella obidensis,Ducke,Guyana
Chrysobalanaceae,Hirtella paniculata,Sw.,Guyana
Chrysobalanaceae,Hirtella physophora,Mart. & Zucc.,Guyana
Chrysobalanaceae,Hirtella punctillata,Ducke,Guyana
Chrysobalanaceae,Hirtella racemosa,Lam.,Guyana
Chrysobalanaceae,Hirtella silicea,Griseb.,Guyana
Chrysobalanaceae,Hirtella tentaculata,Poepp.,Guyana
Chrysobalanaceae,Hirtella triandra,Sw.,Guyana
Chrysobalanaceae,Hymenopus arachnoideus,(Fanshawe & Maguire) Sothers & Prance,Guyana
Chrysobalanaceae,Hymenopus caudatus,(Prance) Sothers & Prance,Guyana
Chrysobalanaceae,Hymenopus divaricatus,(Benth.) Sothers & Prance,Guyana
Chrysobalanaceae,Hymenopus heteromorphus,(Benth.) Sothers & Prance,Guyana
Chrysobalanaceae,Hymenopus intrapetiolaris,(Spreng. ex Hook.f.) Sothers & Prance,Guyana
Chrysobalanaceae,Hymenopus laevigatus,(Prance) Sothers & Prance,Guyana
Chrysobalanaceae,Hymenopus lasseri,(Maguire) Sothers & Prance,Guyana
Chrysobalanaceae,Hymenopus latifolius,(Benth. ex Hook.f.) Sothers & Prance,Guyana
Chrysobalanaceae,Leptobalanus apetalus,(E.Mey.) Sothers & Prance,Guyana
Chrysobalanaceae,Leptobalanus foveolatus,(Prance) Sothers & Prance,Guyana
Chrysobalanaceae,Leptobalanus granvillei,(Prance) Sothers & Prance,Guyana
Chrysobalanaceae,Leptobalanus longistylus,(Hook.f.) Sothers & Prance,Guyana
Chrysobalanaceae,Leptobalanus octandrus,(Hoffmanns. ex Schult.) Sothers & Prance,Guyana
Chrysobalanaceae,Leptobalanus parvifolius,(Huber) Sothers & Prance,Guyana
Chrysobalanaceae,Leptobalanus persaudii,(Fanshawe & Maguire) Sothers & Prance,Guyana
Chrysobalanaceae,Leptobalanus sprucei,(Hook.f.) Sothers & Prance,Guyana
Chrysobalanaceae,Licania affinis,Fritsch,Guyana
Chrysobalanaceae,Licania alba,(Bernoulli) Cuatrec.,Guyana
Chrysobalanaceae,Licania boyanii,Tutin,Guyana
Chrysobalanaceae,Licania buxifolia,Sandwith,Guyana
Chrysobalanaceae,Licania canescens,Benoist,Guyana
Chrysobalanaceae,Licania compacta,Fritsch,Guyana
Chrysobalanaceae,Licania coriacea,Benth.,Guyana
Chrysobalanaceae,Licania couepiifolia,Prance,Guyana
Chrysobalanaceae,Licania cuprea,Sandwith,Guyana
Chrysobalanaceae,Licania densiflora,Kleinh.,Guyana
Chrysobalanaceae,Licania discolor,Pilg.,Guyana
Chrysobalanaceae,Licania fanshawei,Prance,Guyana
Chrysobalanaceae,Licania hypoleuca,Benth.,Guyana
Chrysobalanaceae,Licania incana,Aubl.,Guyana
Chrysobalanaceae,Licania irwinii,Prance,Guyana
Chrysobalanaceae,Licania jimenezii,Prance,Guyana
Chrysobalanaceae,Licania kunthiana,Hook.f.,Guyana
Chrysobalanaceae,Licania laxiflora,Fritsch,Guyana
Chrysobalanaceae,Licania leptostachya,Benth.,Guyana
Chrysobalanaceae,Licania majuscula,Sagot,Guyana
Chrysobalanaceae,Licania membranacea,Sagot ex Laness.,Guyana
Chrysobalanaceae,Licania micrantha,Miq.,Guyana
Chrysobalanaceae,Licania microphylla,Fanshawe & Maguire,Guyana
Chrysobalanaceae,Licania ovalifolia,Kleinh.,Guyana
Chrysobalanaceae,Licania pallida,(Hook.f.) Spruce ex Sagot,Guyana
Chrysobalanaceae,Licania parviflora,Benth.,Guyana
Chrysobalanaceae,Licania parvifructa,Fanshawe & Maguire,Guyana
Chrysobalanaceae,Licania piresii,Prance,Guyana
Chrysobalanaceae,Licania polita,Spruce ex Hook.f.,Guyana
Chrysobalanaceae,Licania roraimensis,Standl.,Guyana
Chrysobalanaceae,Licania rufescens,Klotzsch ex Fritsch,Guyana
Chrysobalanaceae,Licania sandwithii,Prance,Guyana
Chrysobalanaceae,Licania silvae,Prance,Guyana
Chrysobalanaceae,Moquilea guianensis,Aubl.,Guyana
Chrysobalanaceae,Moquilea minutiflora,Sagot,Guyana
Chrysobalanaceae,Parinari campestris,Aubl.,Guyana
Chrysobalanaceae,Parinari excelsa,Sabine,Guyana
Chrysobalanaceae,Parinari maguirei,Prance,Guyana
Chrysobalanaceae,Parinari parvifolia,Sandwith,Guyana
Chrysobalanaceae,Parinari rodolphii,Huber,Guyana
Chrysobalanaceae,Parinariopsis licaniiflora,(Sagot) Sothers & Prance,Guyana
Cistaceae,Pakaraimaea dipterocarpacea,Maguire & P.S.Ashton,Guyana
Clethraceae,Clethra guyanensis,Klotzsch ex Meisn.,Guyana
Clusiaceae,Arawakia glossophylla,(Cuatrec.) L.Marinho,Guyana
Clusiaceae,Arawakia lanceolata,(Cuatrec.) L.Marinho,Guyana
Clusiaceae,Arawakia weddelliana,(Planch. & Triana) L.Marinho,Guyana
Clusiaceae,Chrysochlamys nicaraguensis,"(Oerst., Planch. & Triana) Hemsl.",Guyana
Clusiaceae,Clusia amazonica,Planch. & Triana,Guyana
Clusiaceae,Clusia brachycarpa,Cuatrec.,Guyana
Clusiaceae,Clusia brachystyla,Maguire,Guyana
Clusiaceae,Clusia cardonae,Maguire,Guyana
Clusiaceae,Clusia cerroana,Steyerm.,Guyana
Clusiaceae,Clusia chiribiquetensis,Maguire,Guyana
Clusiaceae,Clusia columnaris,Engl.,Guyana
Clusiaceae,Clusia crassifolia,Planch. & Triana,Guyana
Clusiaceae,Clusia cuneata,Benth.,Guyana
Clusiaceae,Clusia flavida,(Benth.) Pipoly,Guyana
Clusiaceae,Clusia fockeana,Miq.,Guyana
Clusiaceae,Clusia gaudichaudii,Choisy ex Cambess.,Guyana
Clusiaceae,Clusia grandiflora,Splitg.,Guyana
Clusiaceae,Clusia guayanae,Pipoly,Guyana
Clusiaceae,Clusia hammeliana,Pipoly,Guyana
Clusiaceae,Clusia huberi,Pipoly,Guyana
Clusiaceae,Clusia insignis,Mart.,Guyana
Clusiaceae,Clusia kanukuana,Maguire,Guyana
Clusiaceae,Clusia leprantha,Mart.,Guyana
Clusiaceae,Clusia macropoda,Klotzsch ex Engl.,Guyana
Clusiaceae,Clusia maguireana,Pipoly,Guyana
Clusiaceae,Clusia microstemon,Planch. & Triana,Guyana
Clusiaceae,Clusia minor,L.,Guyana
Clusiaceae,Clusia modesta,Maguire,Guyana
Clusiaceae,Clusia mutica,Maguire,Guyana
Clusiaceae,Clusia myriandra,(Benth.) Planch. & Triana,Guyana
Clusiaceae,Clusia nemorosa,G.Mey.,Guyana
Clusiaceae,Clusia octandra,(Poepp.) Pipoly,Guyana
Clusiaceae,Clusia palmicida,Rich. ex Planch. & Triana,Guyana
Clusiaceae,Clusia panapanari,(Aubl.) Choisy,Guyana
Clusiaceae,Clusia parvifolia,Maguire,Guyana
Clusiaceae,Clusia platystigma,Eyma,Guyana
Clusiaceae,Clusia pusilla,Steyerm.,Guyana
Clusiaceae,Clusia renggerioides,Planch. & Triana,Guyana
Clusiaceae,Clusia rosea,Jacq.,Guyana
Clusiaceae,Clusia savannarum,Maguire,Guyana
Clusiaceae,Clusia schomburgkiana,(Planch. & Triana) Benth. ex Engl.,Guyana
Clusiaceae,Clusia schomburgkii,Vesque,Guyana
Clusiaceae,Clusia sipapoana,(Maguire) Pipoly,Guyana
Clusiaceae,Clusia tabulamontana,Maguire,Guyana
Clusiaceae,Garcinia benthamiana,(Planch. & Triana) Pipoly,Guyana
Clusiaceae,Garcinia macrophylla,Mart.,Guyana
Clusiaceae,Garcinia madruno,(Kunth) Hammel,Guyana
Clusiaceae,Garcinia martinii,(Maguire) Govaerts,Guyana
Clusiaceae,Lorostemon bombaciflorus,Ducke,Guyana
Clusiaceae,Moronobea coccinea,Aubl.,Guyana
Clusiaceae,Moronobea intermedia,Engl. ex Oliv.,Guyana
Clusiaceae,Moronobea jenmanii,Engl.,Guyana
Clusiaceae,Moronobea ptaritepuiana,Steyerm.,Guyana
Clusiaceae,Moronobea riparia,Planch. & Triana,Guyana
Clusiaceae,Platonia insignis,Mart.,Guyana
Clusiaceae,Symphonia globulifera,L.f.,Guyana
Clusiaceae,Thysanostemon fanshawei,Maguire,Guyana
Clusiaceae,Tovomita albiflora,A.C.Sm.,Guyana
Clusiaceae,Tovomita amazonica,Poepp. & Endl. ex Walp.,Guyana
Clusiaceae,Tovomita calodictyos,Sandwith,Guyana
Clusiaceae,Tovomita caloneura,A.C.Sm.,Guyana
Clusiaceae,Tovomita carinata,Eyma,Guyana
Clusiaceae,Tovomita divaricata,Maguire,Guyana
Clusiaceae,Tovomita fanshawei,Maguire,Guyana
Clusiaceae,Tovomita fructipendula,Cambess.,Guyana
Clusiaceae,Tovomita gazelii,Poncy & Offroy,Guyana
Clusiaceae,Tovomita grata,Sandwith,Guyana
Clusiaceae,Tovomita guianensis,Aubl.,Guyana
Clusiaceae,Tovomita longifolia,(Rich.) Hochr.,Guyana
Clusiaceae,Tovomita schomburgkii,Planch. & Triana,Guyana
Clusiaceae,Tovomita speciosa,Ducke,Guyana
Clusiaceae,Tovomita spruceana,Planch. & Triana,Guyana
Clusiaceae,Tovomita umbellata,Benth.,Guyana
Combretaceae,Combretum cacoucia,Exell ex Sandwith,Guyana
Combretaceae,Combretum laxum,Jacq.,Guyana
Combretaceae,Combretum pyramidatum,Desv. ex Ham.,Guyana
Combretaceae,Combretum rotundifolium,Rich.,Guyana
Combretaceae,Conocarpus erectus,L.,Guyana
Combretaceae,Laguncularia racemosa,(L.) C.F.Gaertn.,Guyana
Combretaceae,Terminalia amazonia,(J.F.Gmel.) Exell,Guyana
Combretaceae,Terminalia dichotoma,G.Mey.,Guyana
Combretaceae,Terminalia fanshawei,(Exell & Maguire) Gere & Boatwr.,Guyana
Combretaceae,Terminalia grandis,(Ducke) Gere & Boatwr.,Guyana
Combretaceae,Terminalia guyanensis,Eichler,Guyana
Combretaceae,Terminalia lucida,Hoffmanns. ex Mart.,Guyana
Combretaceae,Terminalia megalophylla,(Van Heurck & Müll.Arg.) Gere & Boatwr.,Guyana
Combretaceae,Terminalia oblonga,(Ruiz & Pav.) Steud.,Guyana
Combretaceae,Terminalia pulcherrima,(Exell & Stace) Gere & Boatwr.,Guyana
Combretaceae,Terminalia quintalata,Maguire,Guyana
Connaraceae,Connarus megacarpus,S.F.Blake,Guyana
Connaraceae,Connarus patrisii,(DC.) Planch.,Guyana
Connaraceae,Connarus perrottetii,(DC.) Planch.,Guyana
Connaraceae,Rourea surinamensis,Miq.,Guyana
Cunoniaceae,Weinmannia balbisiana,Kunth,Guyana
Cunoniaceae,Weinmannia fagaroides,Kunth,Guyana
Cunoniaceae,Weinmannia guyanensis,Klotzsch ex Engl.,Guyana
Cunoniaceae,Weinmannia laxiramea,Killip & A.C.Sm.,Guyana
Cunoniaceae,Weinmannia velutina,O.C.Schmidt,Guyana
Cyrillaceae,Cyrilla racemiflora,L.,Guyana
Dichapetalaceae,Tapura amazonica,Poepp.,Guyana
Dichapetalaceae,Tapura capitulifera,Baill.,Guyana
Dichapetalaceae,Tapura guianensis,Aubl.,Guyana
Dilleniaceae,Curatella americana,L.,Guyana
Dilleniaceae,Davilla alata,(Vent.) Briq.,Guyana
Ebenaceae,Diospyros artanthifolia,Mart. ex Miq.,Guyana
Ebenaceae,Diospyros capreifolia,Mart. ex Hiern,Guyana
Ebenaceae,Diospyros cayennensis,A.DC.,Guyana
Ebenaceae,Diospyros dichroa,Sandwith,Guyana
Ebenaceae,Diospyros guianensis,(Aubl.) Gürke,Guyana
Ebenaceae,Diospyros lissocarpoides,Sandwith,Guyana
Ebenaceae,Diospyros matheriana,A.C.Sm.,Guyana
Ebenaceae,Lissocarpa guianensis,Gleason,Guyana
Elaeocarpaceae,Sloanea crassifolia,Earle Sm.,Guyana
Elaeocarpaceae,Sloanea eichleri,K.Schum.,Guyana
Elaeocarpaceae,Sloanea garckeana,K.Schum.,Guyana
Elaeocarpaceae,Sloanea grandiflora,Sm.,Guyana
Elaeocarpaceae,Sloanea guianensis,(Aubl.) Benth.,Guyana
Elaeocarpaceae,Sloanea lanceolata,Earle Sm.,Guyana
Elaeocarpaceae,Sloanea latifolia,(Rich.) K.Schum.,Guyana
Elaeocarpaceae,Sloanea laurifolia,(Willd.) Benth.,Guyana
Elaeocarpaceae,Sloanea macrophylla,Benth. ex Turcz.,Guyana
Elaeocarpaceae,Sloanea nitida,G. Don,Guyana
Elaeocarpaceae,Sloanea parviflora,Planch. ex Benth.,Guyana
Elaeocarpaceae,Sloanea revoluta,T.D.Penn.,Guyana
Elaeocarpaceae,Sloanea robusta,Uittien,Guyana
Elaeocarpaceae,Sloanea rubiginosa,T.D.Penn.,Guyana
Elaeocarpaceae,Sloanea rufa,Planch. ex Benth.,Guyana
Elaeocarpaceae,Sloanea schomburgkii,Spruce ex Benth.,Guyana
Elaeocarpaceae,Sloanea sinemariensis,Aubl.,Guyana
Elaeocarpaceae,Sloanea synandra,Spruce ex Benth.,Guyana
Elaeocarpaceae,Sloanea terniflora,(Moc. & Sessé ex DC.) Standl.,Guyana
Elaeocarpaceae,Sloanea trichosticha,R.O. Williams & Sandwith,Guyana
Elaeocarpaceae,Sloanea trinitensis,Sandwith,Guyana
Ericaceae,Bejaria sprucei,Meisn.,Guyana
Ericaceae,Gaultheria erecta,Vent.,Guyana
Ericaceae,Vaccinium puberulum,Klotzsch ex Meisn.,Guyana
Erythroxylaceae,Erythroxylum amazonicum,Peyr.,Guyana
Erythroxylaceae,Erythroxylum amplum,Benth.,Guyana
Erythroxylaceae,Erythroxylum areolatum,L.,Guyana
Erythroxylaceae,Erythroxylum citrifolium,A.St.-Hil.,Guyana
Erythroxylaceae,Erythroxylum divaricatum,Peyr.,Guyana
Erythroxylaceae,Erythroxylum gracilipes,Peyr.,Guyana
Erythroxylaceae,Erythroxylum havanense,Jacq.,Guyana
Erythroxylaceae,Erythroxylum impressum,O.E.Schulz,Guyana
Erythroxylaceae,Erythroxylum kapplerianum,Peyr.,Guyana
Erythroxylaceae,Erythroxylum lineolatum,DC.,Guyana
Erythroxylaceae,Erythroxylum macrophyllum,Cav.,Guyana
Erythroxylaceae,Erythroxylum mucronatum,Benth.,Guyana
Erythroxylaceae,Erythroxylum oreophilum,(O.E.Schulz ex Pilg.) Steyerm. & Maguire,Guyana
Erythroxylaceae,Erythroxylum roraimae,Klotzsch ex O.E.Schulz,Guyana
Erythroxylaceae,Erythroxylum rufum,Cav.,Guyana
Erythroxylaceae,Erythroxylum schomburgkii,Peyr.,Guyana
Erythroxylaceae,Erythroxylum squamatum,Sw.,Guyana
Erythroxylaceae,Erythroxylum suberosum,A.St.-Hil.,Guyana
Erythroxylaceae,Erythroxylum vernicosum,O.E.Schulz,Guyana
Euphorbiaceae,Acalypha diversifolia,Jacq.,Guyana
Euphorbiaceae,Acalypha macrostachya,Jacq.,Guyana
Euphorbiaceae,Acalypha villosa,Jacq.,Guyana
Euphorbiaceae,Actinostemon schomburgkii,(Klotzsch) Hochr.,Guyana
Euphorbiaceae,Adenophaedra grandifolia,(Klotzsch) Müll.Arg.,Guyana
Euphorbiaceae,Alchornea discolor,Poepp.,Guyana
Euphorbiaceae,Alchornea fluviatilis,Secco,Guyana
Euphorbiaceae,Alchornea triplinervia,(Spreng.) Müll.Arg.,Guyana
Euphorbiaceae,Alchorneopsis floribunda,(Benth.) Müll.Arg.,Guyana
Euphorbiaceae,Aparisthmium cordatum,(A.Juss.) Baill.,Guyana
Euphorbiaceae,Conceveiba guianensis,Aubl.,Guyana
Euphorbiaceae,Conceveiba hostmanii,Benth.,Guyana
Euphorbiaceae,Conceveiba ptariana,(Steyerm.) Jabl.,Guyana
Euphorbiaceae,Conceveiba terminalis,(Baill.) Müll.Arg.,Guyana
Euphorbiaceae,Croton argyrophyllus,Kunth,Guyana
Euphorbiaceae,Croton cuneatus,Klotzsch,Guyana
Euphorbiaceae,Croton gossypiifolius,Vahl,Guyana
Euphorbiaceae,Croton guianensis,Aubl.,Guyana
Euphorbiaceae,Croton hircinus,Vent.,Guyana
Euphorbiaceae,Croton matourensis,Aubl.,Guyana
Euphorbiaceae,Croton niveus,Jacq.,Guyana
Euphorbiaceae,Croton nuntians,Croizat,Guyana
Euphorbiaceae,Croton orinocensis,Müll.Arg.,Guyana
Euphorbiaceae,Croton pullei,Lanj.,Guyana
Euphorbiaceae,Croton roraimensis,Croizat,Guyana
Euphorbiaceae,Croton schiedeanus,Schltdl.,Guyana
Euphorbiaceae,Dodecastigma amazonicum,Ducke,Guyana
Euphorbiaceae,Dodecastigma integrifolium,(Lanj.) Lanj. & Sandwith,Guyana
Euphorbiaceae,Euphorbia cotinifolia,L.,Guyana
Euphorbiaceae,Gitara nicaraguensis,(Hemsl.) Card.-McTeag. & L.J.Gillespie,Guyana
Euphorbiaceae,Glycydendron amazonicum,Ducke,Guyana
Euphorbiaceae,Gymnanthes hypoleuca,Benth.,Guyana
Euphorbiaceae,Hevea guianensis,Aubl.,Guyana
Euphorbiaceae,Hevea pauciflora,(Spruce ex Benth.) Müll.Arg.,Guyana
Euphorbiaceae,Hura crepitans,L.,Guyana
Euphorbiaceae,Jatropha curcas,L.,Guyana
Euphorbiaceae,Mabea angularis,Hollander,Guyana
Euphorbiaceae,Mabea caudata,Pax & K.Hoffm.,Guyana
Euphorbiaceae,Mabea montana,Müll.Arg.,Guyana
Euphorbiaceae,Mabea occidentalis,Benth.,Guyana
Euphorbiaceae,Mabea piriri,Aubl.,Guyana
Euphorbiaceae,Mabea pulcherrima,Müll.Arg.,Guyana
Euphorbiaceae,Mabea rubicunda,Jabl.,Guyana
Euphorbiaceae,Mabea speciosa,Müll.Arg.,Guyana
Euphorbiaceae,Mabea subsessilis,Pax & K.Hoffm.,Guyana
Euphorbiaceae,Mabea taquari,Aubl.,Guyana
Euphorbiaceae,Maprounea guianensis,Aubl.,Guyana
Euphorbiaceae,Micrandra gleasoniana,(Croizat) R.E.Schult.,Guyana
Euphorbiaceae,Micrandra spruceana,(Baill.) R.E.Schult.,Guyana
Euphorbiaceae,Micrandra sprucei,(Müll.Arg.) R.E.Schult.,Guyana
Euphorbiaceae,Pausandra martini,Baill.,Guyana
Euphorbiaceae,Rhodothyrsus macrophyllus,(Ducke) Esser,Guyana
Euphorbiaceae,Sagotia brachysepala,(Müll.Arg.) Secco,Guyana
Euphorbiaceae,Sagotia racemosa,Baill.,Guyana
Euphorbiaceae,Sandwithia guyanensis,Lanj.,Guyana
Euphorbiaceae,Sapium glandulosum,(L.) Morong,Guyana
Euphorbiaceae,Sapium jenmannii,Hemsl.,Guyana
Euphorbiaceae,Sapium paucinervium,Hemsl.,Guyana
Euphorbiaceae,Senefelderopsis croizatii,Steyerm.,Guyana
Euphroniaceae,Euphronia guianensis,(R.H.Schomb.) Hallier f.,Guyana
Fabaceae,Aldina insignis,(Benth.) Endl. ex Walp.,Guyana
Fabaceae,Aldina latifolia,Benth.,Guyana
Fabaceae,Alexa canaracunensis,Pittier,Guyana
Fabaceae,Alexa cowanii,Yakovlev,Guyana
Fabaceae,Alexa imperatricis,(R.H.Schomb.) Baill.,Guyana
Fabaceae,Alexa leiopetala,Sandwith,Guyana
Fabaceae,Alexa surinamensis,Yakovlev,Guyana
Fabaceae,Alexa wachenheimii,Benoist,Guyana
Fabaceae,Andira coriacea,Pulle,Guyana
Fabaceae,Andira grandistipula,Amshoff,Guyana
Fabaceae,Andira inermis,(W.Wright) DC.,Guyana
Fabaceae,Andira surinamensis,(Bondt) Splitg. ex Pulle,Guyana
Fabaceae,Barnebydendron riedelii,(Tul.) J.H.Kirkbr.,Guyana
Fabaceae,Bauhinia aculeata,L.,Guyana
Fabaceae,Bauhinia cinnamomea,DC.,Guyana
Fabaceae,Bauhinia eilertsii,Pulle,Guyana
Fabaceae,Bauhinia ungulata,L.,Guyana
Fabaceae,Bocoa viridiflora,(Ducke) R.S.Cowan,Guyana
Fabaceae,Bowdichia virgilioides,Kunth,Guyana
Fabaceae,Calliandra coriacea,(Humb. & Bonpl. ex Willd.) Benth.,Guyana
Fabaceae,Calliandra cruegeri,Griseb.,Guyana
Fabaceae,Calliandra glomerulata,H.Karst.,Guyana
Fabaceae,Calliandra hymenaeoides,(Pers.) Benth.,Guyana
Fabaceae,Calliandra purpurea,(L.) Benth.,Guyana
Fabaceae,Calliandra riparia,Pittier,Guyana
Fabaceae,Calliandra surinamensis,Benth.,Guyana
Fabaceae,Calliandra trinervia,Benth.,Guyana
Fabaceae,Campsiandra comosa,Benth.,Guyana
Fabaceae,Campsiandra laurifolia,Benth.,Guyana
Fabaceae,Cassia grandis,L.f.,Guyana
Fabaceae,Cassia moschata,Kunth,Guyana
Fabaceae,Centrolobium paraense,Tul.,Guyana
Fabaceae,Chamaecrista apoucouita,(Aubl.) H.S.Irwin & Barneby,Guyana
Fabaceae,Chamaecrista polystachya,(Benth.) H.S.Irwin & Barneby,Guyana
Fabaceae,Clathrotropis brachypetala,(Tul.) Kleinh.,Guyana
Fabaceae,Clathrotropis macrocarpa,Ducke,Guyana
Fabaceae,Clathrotropis paradoxa,Sandwith,Guyana
Fabaceae,Clitoria arborescens,R.Br.,Guyana
Fabaceae,Clitoria brachycalyx,Harms,Guyana
Fabaceae,Clitoria dendrina,Pittier,Guyana
Fabaceae,Copaifera langsdorffii,Desf.,Guyana
Fabaceae,Copaifera pubiflora,Benth.,Guyana
Fabaceae,Coursetia ferruginea,(Kunth) Lavin,Guyana
Fabaceae,Crudia aromatica,(Aubl.) Willd.,Guyana
Fabaceae,Crudia glaberrima,(Steud.) J.F.Macbr.,Guyana
Fabaceae,Crudia oblonga,Benth.,Guyana
Fabaceae,Crudia tomentosa,(Aubl.) J.F.Macbr.,Guyana
Fabaceae,Cynometra bauhiniifolia,Benth.,Guyana
Fabaceae,Cynometra hostmanniana,Tul.,Guyana
Fabaceae,Cynometra marginata,Benth.,Guyana
Fabaceae,Cynometra spruceana,Baill.,Guyana
Fabaceae,Cynometra trinitensis,Oliv.,Guyana
Fabaceae,Dalbergia amazonica,(Radlk. ex Köpff) Ducke,Guyana
Fabaceae,Dalbergia brownei,(Jacq.) Schinz,Guyana
Fabaceae,Dalbergia ecastaphyllum,(L.) Taub.,Guyana
Fabaceae,Dalbergia frutescens,(Vell.) Britton,Guyana
Fabaceae,Dalbergia inundata,Benth.,Guyana
Fabaceae,Dalbergia revoluta,Ducke,Guyana
Fabaceae,Dalbergia riedelii,(Benth.) Sandwith,Guyana
Fabaceae,Deguelia amazonica,Killip,Guyana
Fabaceae,Deguelia utilis,(A.C.Sm.) A.M.G.Azevedo,Guyana
Fabaceae,Desmodium cajanifolium,(Kunth) DC.,Guyana
Fabaceae,Dialium guianense,(Aubl.) Sandwith,Guyana
Fabaceae,Dicorynia guianensis,Amshoff,Guyana
Fabaceae,Dicymbe altsonii,Sandwith,Guyana
Fabaceae,Dicymbe bernardii,R.S.Cowan,Guyana
Fabaceae,Dicymbe corymbosa,Spruce ex Benth.,Guyana
Fabaceae,Dicymbe fraterna,R.S.Cowan,Guyana
Fabaceae,Dicymbe jenmanii,Sandwith,Guyana
Fabaceae,Dicymbe pharangophila,R.S.Cowan,Guyana
Fabaceae,Dicymbe uaiparuensis,R.S.Cowan,Guyana
Fabaceae,Dimorphandra conjugata,(Splitg.) Sandwith,Guyana
Fabaceae,Dimorphandra cuprea,Sprague & Sandwith,Guyana
Fabaceae,Dimorphandra davisii,Sprague & Sandwith,Guyana
Fabaceae,Dimorphandra macrostachya,Benth.,Guyana
Fabaceae,Dimorphandra polyandra,Benoist,Guyana
Fabaceae,Dimorphandra williamii,M.F.Silva,Guyana
Fabaceae,Dinizia excelsa,Ducke,Guyana
Fabaceae,Diplotropis peruviana,J.F.Macbr.,Guyana
Fabaceae,Diplotropis purpurea,(Rich.) Amshoff,Guyana
Fabaceae,Diplotropis rigidocarpa,H.C.Lima,Guyana
Fabaceae,Dipteryx odorata,(Aubl.) Willd.,Guyana
Fabaceae,Dipteryx punctata,(S.F.Blake) Amshoff,Guyana
Fabaceae,Dussia discolor,(Benth.) Amshoff,Guyana
Fabaceae,Dussia sanguinea,Urb. & Ekman,Guyana
Fabaceae,Elizabetha coccinea,M.R.Schomb. ex Benth.,Guyana
Fabaceae,Elizabetha fanshawei,R.S.Cowan,Guyana
Fabaceae,Elizabetha macrostachya,Benth.,Guyana
Fabaceae,Elizabetha princeps,M.R.Schomb. ex Benth.,Guyana
Fabaceae,Enterolobium barnebianum,Mesquita & M.F.Silva,Guyana
Fabaceae,Enterolobium cyclocarpum,(Jacq.) Griseb.,Guyana
Fabaceae,Enterolobium schomburgkii,(Benth.) Benth.,Guyana
Fabaceae,Eperua falcata,Aubl.,Guyana
Fabaceae,Eperua glabra,R.S.Cowan,Guyana
Fabaceae,Eperua grandiflora,(Aubl.) Benth.,Guyana
Fabaceae,Eperua jenmanii,Oliv.,Guyana
Fabaceae,Eperua rubiginosa,Miq.,Guyana
Fabaceae,Eperua schomburgkiana,Benth.,Guyana
Fabaceae,Eriosema violaceum,(Aubl.) G.Don,Guyana
Fabaceae,Erythrina amazonica,Krukoff,Guyana
Fabaceae,Erythrina fusca,Lour.,Guyana
Fabaceae,Fissicalyx fendleri,Benth.,Guyana
Fabaceae,Guianodendron praeclarum,(Sandwith) Sch.Rodr. & A.M.G.Azevedo,Guyana
Fabaceae,Guilandina bonduc,L.,Guyana
Fabaceae,Gwilymia moricolor,"(Barneby & J.W.Grimes) A.G.Lima, Paula-Souza & Scalon",Guyana
Fabaceae,Gwilymia polystachya,"(Miq.) A.G.Lima, Paula-Souza & Scalon",Guyana
Fabaceae,Heterostemon ellipticus,Mart. ex Benth.,Guyana
Fabaceae,Heterostemon ingifolius,Sandwith,Guyana
Fabaceae,Heterostemon mazarunensis,Sandwith,Guyana
Fabaceae,Heterostemon mimosoides,Desf.,Guyana
Fabaceae,Heterostemon otophorus,Sandwith,Guyana
Fabaceae,Hydrochorea corymbosa,(Rich.) Barneby & J.W.Grimes,Guyana
Fabaceae,Hydrochorea elegans,"(Ducke) M.V.B.Soares, Iganci & M.P.Morim",Guyana
Fabaceae,Hydrochorea gonggrijpii,(Kleinhoonte) Barneby & J.W.Grimes,Guyana
Fabaceae,Hydrochorea pedicellaris,"(DC.) M.V.B.Soares, Iganci & M.P.Morim",Guyana
Fabaceae,Hymenaea courbaril,L.,Guyana
Fabaceae,Hymenaea oblongifolia,Huber,Guyana
Fabaceae,Hymenolobium flavum,Kleinhoonte,Guyana
Fabaceae,Hymenolobium nitidum,Benth.,Guyana
Fabaceae,Hymenolobium petraeum,Ducke,Guyana
Fabaceae,Inga acrocephala,Steud.,Guyana
Fabaceae,Inga affinis,DC.,Guyana
Fabaceae,Inga alata,Benoist,Guyana
Fabaceae,Inga alba,(Sw.) Willd.,Guyana
Fabaceae,Inga auristellae,Harms,Guyana
Fabaceae,Inga bourgoni,(Aubl.) DC.,Guyana
Fabaceae,Inga brachystachys,Ducke,Guyana
Fabaceae,Inga brevipes,Benth.,Guyana
Fabaceae,Inga capitata,Desv.,Guyana
Fabaceae,Inga cayennensis,Sagot ex Benth.,Guyana
Fabaceae,Inga cylindrica,(Vell.) Mart.,Guyana
Fabaceae,Inga densiflora,Benth.,Guyana
Fabaceae,Inga disticha,Benth.,Guyana
Fabaceae,Inga edulis,Mart.,Guyana
Fabaceae,Inga fastuosa,(Jacq.) Willd.,Guyana
Fabaceae,Inga graciliflora,Benth.,Guyana
Fabaceae,Inga gracilifolia,Ducke,Guyana
Fabaceae,Inga heterophylla,Willd.,Guyana
Fabaceae,Inga huberi,Ducke,Guyana
Fabaceae,Inga ingoides,(Rich.) Willd.,Guyana
Fabaceae,Inga lateriflora,Miq.,Guyana
Fabaceae,Inga laurina,(Sw.) Willd.,Guyana
Fabaceae,Inga leiocalycina,Benth.,Guyana
Fabaceae,Inga loubryana,Poncy,Guyana
Fabaceae,Inga macrophylla,Humb. & Bonpl. ex Willd.,Guyana
Fabaceae,Inga marginata,Willd.,Guyana
Fabaceae,Inga nobilis,Willd.,Guyana
Fabaceae,Inga paraensis,Ducke,Guyana
Fabaceae,Inga pezizifera,Benth.,Guyana
Fabaceae,Inga pilosula,(Rich.) J.F.Macbr.,Guyana
Fabaceae,Inga punctata,Willd.,Guyana
Fabaceae,Inga rhynchocalyx,Sandwith,Guyana
Fabaceae,Inga rubiginosa,(Rich.) DC.,Guyana
Fabaceae,Inga sertulifera,DC.,Guyana
Fabaceae,Inga splendens,Willd.,Guyana
Fabaceae,Inga stenocalyx,Benth.,Guyana
Fabaceae,Inga stenoptera,Benth.,Guyana
Fabaceae,Inga stipularis,DC.,Guyana
Fabaceae,Inga striata,Benth.,Guyana
Fabaceae,Inga thibaudiana,DC.,Guyana
Fabaceae,Inga umbellifera,(Vahl) Steud. ex DC.,Guyana
Fabaceae,Inga vera,Willd.,Guyana
Fabaceae,Jupunba barbouriana,"(Standl.) M.V.B.Soares, M.P.Morim & Iganci",Guyana
Fabaceae,Jupunba commutata,"(Barneby & J.W.Grimes) M.V.B.Soares, M.P.Morim & Iganci",Guyana
Fabaceae,Jupunba curvicarpa,"(H.S.Irwin) M.V.B.Soares, M.P.Morim & Iganci",Guyana
Fabaceae,Jupunba ferruginea,"(Benth.) M.V.B.Soares, M.P.Morim & Iganci",Guyana
Fabaceae,Jupunba floribunda,"(Spruce ex Benth.) M.V.B.Soares, M.P.Morim & Iganci",Guyana
Fabaceae,Jupunba gallorum,"(Barneby & J.W.Grimes) M.V.B.Soares, M.P.Morim & Iganci",Guyana
Fabaceae,Jupunba mataybifolia,"(Sandwith) M.V.B.Soares, M.P.Morim & Iganci",Guyana
Fabaceae,Jupunba trapezifolia,"(Benth.) M.V.B.Soares, M.P.Morim & Iganci",Guyana
Fabaceae,Lecointea amazonica,Ducke,Guyana
Fabaceae,Leptolobium nitens,Vogel,Guyana
Fabaceae,Leptolobium stirtonii,(Aymard & V.González) Sch.Rodr. & A.M.G.Azevedo,Guyana
Fabaceae,Limadendron hostmannii,(Benth.) Meireles & A. M. G. Azevedo,Guyana
Fabaceae,Lonchocarpus hedyosmus,Miq.,Guyana
Fabaceae,Lonchocarpus heptaphyllus,(Poir.) DC.,Guyana
Fabaceae,Luetzelburgia guianensis,"D.B.O.S.Cardoso, L.P.Queiroz & H.C.Lima",Guyana
Fabaceae,Machaerium altiscandens,Ducke,Guyana
Fabaceae,Machaerium ferox,(Mart. ex Benth.) Ducke,Guyana
Fabaceae,Machaerium floribundum,Benth.,Guyana
Fabaceae,Machaerium hirtum,(Vell.) Stellfeld,Guyana
Fabaceae,Machaerium inundatum,(Mart. ex Benth.) Ducke,Guyana
Fabaceae,Machaerium kegelii,Meisn.,Guyana
Fabaceae,Machaerium leiophyllum,(DC.) Benth.,Guyana
Fabaceae,Machaerium lunatum,(L.f.) Ducke,Guyana
Fabaceae,Machaerium macrophyllum,Benth.,Guyana
Fabaceae,Machaerium madeirense,Pittier,Guyana
Fabaceae,Machaerium myrianthum,Spruce ex Benth.,Guyana
Fabaceae,Machaerium quinata,(Aubl.) Sandwith,Guyana
Fabaceae,Macrolobium acaciifolium,(Benth.) Benth.,Guyana
Fabaceae,Macrolobium angustifolium,(Benth.) R.S.Cowan,Guyana
Fabaceae,Macrolobium bifolium,(Aubl.) Pers.,Guyana
Fabaceae,Macrolobium huberianum,Ducke,Guyana
Fabaceae,Macrolobium jenmanii,(Gleason) Sandwith,Guyana
Fabaceae,Macrolobium limbatum,Spruce ex Benth.,Guyana
Fabaceae,Macrolobium longeracemosum,Amshoff,Guyana
Fabaceae,Macrolobium longipes,R.S.Cowan,Guyana
Fabaceae,Macrolobium montanum,Ducke,Guyana
Fabaceae,Macrolobium multijugum,(DC.) Benth.,Guyana
Fabaceae,Macrolobium pendulum,Willd. ex Vogel,Guyana
Fabaceae,Macrolobium suaveolens,Spruce ex Benth.,Guyana
Fabaceae,Martiodendron excelsum,(Benth.) Gleason,Guyana
Fabaceae,Mimosa rufescens,Benth.,Guyana
Fabaceae,Mimosa schomburgkii,Benth.,Guyana
Fabaceae,Mora excelsa,Benth.,Guyana
Fabaceae,Mora gonggrijpii,(Kleinhoonte) Sandwith,Guyana
Fabaceae,Muellera frutescens,(Aubl.) Standl.,Guyana
Fabaceae,Myroxylon balsamum,(L.) Harms,Guyana
Fabaceae,Myroxylon peruiferum,L.f.,Guyana
Fabaceae,Ormosia bolivarensis,(Rudd) C.H.Stirt.,Guyana
Fabaceae,Ormosia coarctata,Jacks.,Guyana
Fabaceae,Ormosia coccinea,(Aubl.) Jacks.,Guyana
Fabaceae,Ormosia costulata,(Miq.) Kleinhoonte,Guyana
Fabaceae,Ormosia coutinhoi,Ducke,Guyana
Fabaceae,Ormosia elata,Rudd.,Guyana
Fabaceae,Ormosia lignivalvis,Rudd,Guyana
Fabaceae,Ormosia nobilis,Tul.,Guyana
Fabaceae,Ormosia paraensis,Ducke,Guyana
Fabaceae,Ormosia smithii,Rudd,Guyana
Fabaceae,Ormosia stipularis,Ducke,Guyana
Fabaceae,Paloue emarginata,(R.S.Cowan) Redden,Guyana
Fabaceae,Paloue guianensis,Aubl.,Guyana
Fabaceae,Paloue riparia,Pulle,Guyana
Fabaceae,Paramachaerium schomburgkii,(Benth.) Ducke,Guyana
Fabaceae,Parkia gigantocarpa,Ducke,Guyana
Fabaceae,Parkia nitida,Miq.,Guyana
Fabaceae,Parkia pendula,(Willd.) Benth. ex Walp.,Guyana
Fabaceae,Parkia ulei,(Harms) Kuhlm.,Guyana
Fabaceae,Peltogyne floribunda,(Kunth) Pittier,Guyana
Fabaceae,Peltogyne paniculata,Benth.,Guyana
Fabaceae,Peltogyne venosa,(Vahl) Benth.,Guyana
Fabaceae,Peltophorum dubium,(Spreng.) Taub.,Guyana
Fabaceae,Pentaclethra macroloba,(Willd.) Kuntze,Guyana
Fabaceae,Pithecellobium dulce,(Roxb.) Benth.,Guyana
Fabaceae,Pithecellobium roseum,(Vahl) Barneby & J.W.Grimes,Guyana
Fabaceae,Pithecellobium unguis-cati,(L.) Mart.,Guyana
Fabaceae,Pityrocarpa leucoxylon,(Barneby & J.W.Grimes) Luckow & R.W.Jobson,Guyana
Fabaceae,Platymiscium pinnatum,(Jacq.) Dugand,Guyana
Fabaceae,Platymiscium trinitatis,Benth.,Guyana
Fabaceae,Poecilanthe hostmannii,(Benth.) Amshoff,Guyana
Fabaceae,Pseudalbizzia barinensis,(L.Cárdenas) E.J.M.Koenen & Duno,Guyana
Fabaceae,Pseudalbizzia glabripetala,(H.S.Irwin) E.J.M.Koenen & Duno,Guyana
Fabaceae,Pseudalbizzia niopoides,(Spruce ex Benth.) E.J.M.Koenen & Duno,Guyana
Fabaceae,Pseudalbizzia subdimidiata,(Splitg.) E.J.M.Koenen & Duno,Guyana
Fabaceae,Pseudopiptadenia psilostachya,(DC.) G.P.Lewis & M.P.Lima,Guyana
Fabaceae,Pseudopiptadenia suaveolens,(Miq.) J.W.Grimes,Guyana
Fabaceae,Pterocarpus amazonum,(Mart. ex Benth.) Amshoff,Guyana
Fabaceae,Pterocarpus dubius,(Kunth) Spreng.,Guyana
Fabaceae,Pterocarpus officinalis,Jacq.,Guyana
Fabaceae,Pterocarpus rohrii,Vahl,Guyana
Fabaceae,Pterocarpus santalinoides,L'Hér. ex DC.,Guyana
Fabaceae,Recordoxylon speciosum,(Benoist) Gazel ex Barneby,Guyana
Fabaceae,Samanea inopinata,(Harms) Barneby & J.W.Grimes,Guyana
Fabaceae,Samanea saman,(Jacq.) Merr.,Guyana
Fabaceae,Senegalia polyphylla,(DC.) Britton & Rose,Guyana
Fabaceae,Senegalia tenuifolia,(L.) Britton & Rose,Guyana
Fabaceae,Senna bacillaris,(L.f.) H.S.Irwin & Barneby,Guyana
Fabaceae,Senna latifolia,(G.Mey.) H.S.Irwin & Barneby,Guyana
Fabaceae,Senna multijuga,(Rich.) H.S.Irwin & Barneby,Guyana
Fabaceae,Senna quinquangulata,(Rich.) H.S.Irwin & Barneby,Guyana
Fabaceae,Senna reticulata,(Willd.) H.S.Irwin & Barneby,Guyana
Fabaceae,Senna sandwithiana,H.S.Irwin & Barneby,Guyana
Fabaceae,Senna silvestris,(Vell.) H.S.Irwin & Barneby,Guyana
Fabaceae,Senna undulata,(Benth.) H.S.Irwin & Barneby,Guyana
Fabaceae,Spirotropis longifolia,(DC.) Baill.,Guyana
Fabaceae,Staminodianthus racemosus,(Hoehne) D.B.O.S.Cardoso & H.C.Lima,Guyana
Fabaceae,Stryphnodendron guianense,(Aubl.) Benth.,Guyana
Fabaceae,Stryphnodendron microstachyum,Poepp.,Guyana
Fabaceae,Stryphnodendron pulcherrimum,(Willd.) Hochr.,Guyana
Fabaceae,Swartzia anomala,Cowan        ,Guyana
Fabaceae,Swartzia apiculata,Cowan,Guyana
Fabaceae,Swartzia arborescens,(Aubl.) Pittier,Guyana
Fabaceae,Swartzia bannia,Sandwith,Guyana
Fabaceae,Swartzia benthamiana,Miq.,Guyana
Fabaceae,Swartzia brachyrachis,Harms,Guyana
Fabaceae,Swartzia conferta,Spruce ex Benth.,Guyana
Fabaceae,Swartzia davisii,Sandwith,Guyana
Fabaceae,Swartzia eriocarpa,Benth.,Guyana
Fabaceae,Swartzia fanshawei,Cowan,Guyana
Fabaceae,Swartzia grandifolia,Bong. ex Benth.,Guyana
Fabaceae,Swartzia guianensis,(Aubl.) Urb.,Guyana
Fabaceae,Swartzia jenmanii,Sandwith,Guyana
Fabaceae,Swartzia kaieteurensis,(R.S. Cowan) Torke,Guyana
Fabaceae,Swartzia katawa,Cowan,Guyana
Fabaceae,Swartzia laevicarpa,Amshoff,Guyana
Fabaceae,Swartzia latifolia,Benth.,Guyana
Fabaceae,Swartzia leiocalycina,Benth.,Guyana
Fabaceae,Swartzia longipedicellata,Sandwith,Guyana
Fabaceae,Swartzia oblanceolata,Sandwith,Guyana
Fabaceae,Swartzia panacoco,(Aubl.) R.S.Cowan,Guyana
Fabaceae,Swartzia parvifolia,Schery,Guyana
Fabaceae,Swartzia polyphylla,DC.,Guyana
Fabaceae,Swartzia remigera,Amshoff,Guyana
Fabaceae,Swartzia reticulata,Ducke,Guyana
Fabaceae,Swartzia roraimae,Sandwith,Guyana
Fabaceae,Swartzia schomburgkii,Benth.,Guyana
Fabaceae,Swartzia sericea,Vogel,Guyana
Fabaceae,Swartzia sprucei,Benth.,Guyana
Fabaceae,Swartzia steyermarkii,R.S.Cowan,Guyana
Fabaceae,Swartzia tessmannii,Harms,Guyana
Fabaceae,Swartzia tillettii,Cowan,Guyana
Fabaceae,Swartzia xanthopetala,Sandwith        ,Guyana
Fabaceae,Tachigali alba,Ducke,Guyana
Fabaceae,Tachigali glauca,Tul.,Guyana
Fabaceae,Tachigali guianensis,(Benth.) Zarucchi & Herend.,Guyana
Fabaceae,Tachigali micropetala,(Ducke) Zarucchi & Pipoly,Guyana
Fabaceae,Tachigali paniculata,Aubl.,Guyana
Fabaceae,Tachigali pubiflora,Benth.,Guyana
Fabaceae,Taralea cordata,Ducke,Guyana
Fabaceae,Taralea crassifolia,(Benth.) Ducke,Guyana
Fabaceae,Taralea oppositifolia,Aubl.,Guyana
Fabaceae,Taralea reticulata,(Benth.) Ducke,Guyana
Fabaceae,Vachellia farnesiana,(L.) Wight & Arn.,Guyana
Fabaceae,Vachellia macracantha,(Humb. & Bonpl. ex Willd.) Seigler & Ebinger,Guyana
Fabaceae,Vatairea guianensis,Aubl.,Guyana
Fabaceae,Vataireopsis speciosa,Ducke,Guyana
Fabaceae,Vataireopsis surinamensis,H.C.Lima,Guyana
Fabaceae,Vouacapoua americana,Aubl.,Guyana
Fabaceae,Vouacapoua macropetala,Sandwith,Guyana
Fabaceae,Zollernia kanukuensis,Cowan,Guyana
Fabaceae,Zygia ampla,(Spruce ex Benth.) Pittier,Guyana
Fabaceae,Zygia cataractae,(Kunth) L.Rico,Guyana
Fabaceae,Zygia claviflora,(Spruce ex Benth.) Barneby & J.W.Grimes,Guyana
Fabaceae,Zygia collina,(Sandwith) Barneby & J.W.Grimes,Guyana
Fabaceae,Zygia inaequalis,(Humb. & Bonpl. ex Willd.) Pittier,Guyana
Fabaceae,Zygia juruana,(Harms) L.Rico,Guyana
Fabaceae,Zygia latifolia,(L.) Fawc. & Rendle,Guyana
Fabaceae,Zygia palustris,Barneby & J.W.Grimes,Guyana
Fabaceae,Zygia potaroensis,Barneby & J.W.Grimes,Guyana
Fabaceae,Zygia racemosa,(Ducke) Barneby & J.W.Grimes,Guyana
Gentianaceae,Chorisepalum psychotrioides,Ewan,Guyana
Gentianaceae,Macrocarpaea rugosa,Steyerm.,Guyana
Gentianaceae,Potalia amara,Aubl.,Guyana
Gentianaceae,Potalia resinifera,Mart.,Guyana
Gentianaceae,Rogersonanthus quelchii,(N.E.Br.) Maguire & B.M.Boom,Guyana
Gentianaceae,Tachia grandiflora,Maguire & Weaver,Guyana
Gesneriaceae,Besleria laxiflora,Benth.,Guyana
Goupiaceae,Goupia glabra,Aubl.,Guyana
Heliotropiaceae,Tournefortia bicolor,Sw.,Guyana
Heliotropiaceae,Tournefortia cuspidata,Kunth,Guyana
Heliotropiaceae,Tournefortia maculata,Jacq.,Guyana
Hernandiaceae,Hernandia guianensis,Aubl.,Guyana
Humiriaceae,Endopleura uchi,(Huber) Cuatrec.,Guyana
Humiriaceae,Humiria balsamifera,Aubl.,Guyana
Humiriaceae,Humiria crassifolia,Mart.,Guyana
Humiriaceae,Humiriastrum cuspidatum,(Benth.) Cuatrec.,Guyana
Humiriaceae,Humiriastrum obovatum,(Benth.) Cuatrec.,Guyana
Humiriaceae,Sacoglottis amazonica,Mart.,Guyana
Humiriaceae,Sacoglottis cydonioides,Cuatrec.,Guyana
Humiriaceae,Sacoglottis guianensis,Benth.,Guyana
Humiriaceae,Sacoglottis mattogrossensis,Malme,Guyana
Humiriaceae,Sacoglottis perryi,K.Wurdack & Zartman,Guyana
Humiriaceae,Schistostemon densiflorus,(Benth.) Cuatrec.,Guyana
Humiriaceae,Schistostemon dichotomum,(Urb.) Cuatrec.,Guyana
Humiriaceae,Vantanea guianensis,Aubl.,Guyana
Humiriaceae,Vantanea minor,Benth.,Guyana
Humiriaceae,Vantanea parviflora,Lam.,Guyana
Hypericaceae,Vismia cayennensis,(Jacq.) Pers.,Guyana
Hypericaceae,Vismia gracilis,Hieron.,Guyana
Hypericaceae,Vismia guianensis,(Aubl.) Pers.,Guyana
Hypericaceae,Vismia japurensis,Rchb.f.,Guyana
Hypericaceae,Vismia latifolia,(Aubl.) Choisy,Guyana
Hypericaceae,Vismia lauriformis,(Lam.) Choisy,Guyana
Hypericaceae,Vismia laxiflora,Rchb.f.,Guyana
Hypericaceae,Vismia macrophylla,Kunth,Guyana
Hypericaceae,Vismia sandwithii,Ewan,Guyana
Hypericaceae,Vismia sessilifolia,(Aubl.) Choisy,Guyana
Ixonanthaceae,Cyrillopsis paraensis,Kuhlm.,Guyana
Ixonanthaceae,Ochthocosmus roraimae,Benth.,Guyana
Lacistemataceae,Lacistema aggregatum,(P.J.Bergius) Rusby,Guyana
Lacistemataceae,Lacistema polystachyum,Schnizl.,Guyana
Lamiaceae,Aegiphila elata,Sw.,Guyana
Lamiaceae,Aegiphila integrifolia,(Jacq.) B.D.Jacks.,Guyana
Lamiaceae,Aegiphila laxiflora,Benth.,Guyana
Lamiaceae,Aegiphila membranacea,Turcz.,Guyana
Lamiaceae,Aegiphila roraimensis,Moldenke,Guyana
Lamiaceae,Aegiphila venezuelensis,Moldenke,Guyana
Lamiaceae,Aegiphila villosa,(Aubl.) J.F.Gmel.,Guyana
Lamiaceae,Hyptidendron arboreum,(Benth.) Harley,Guyana
Lamiaceae,Vitex capitata,Vahl,Guyana
Lamiaceae,Vitex compressa,Turcz.,Guyana
Lamiaceae,Vitex guianensis,Moldenke,Guyana
Lamiaceae,Vitex orinocensis,Kunth,Guyana
Lamiaceae,Vitex schomburgkiana,Schauer,Guyana
Lamiaceae,Vitex stahelii,Moldenke,Guyana
Lamiaceae,Vitex triflora,Vahl,Guyana
Lauraceae,Aiouea guianensis,Aubl.,Guyana
Lauraceae,Aiouea laevis,(Nees ex Mart.) Kosterm.,Guyana
Lauraceae,Aiouea longipetiolata,van der Werff,Guyana
Lauraceae,Aniba affinis,(Meisn.) Mez,Guyana
Lauraceae,Aniba canelilla,(Kunth) Mez,Guyana
Lauraceae,Aniba citrifolia,(Nees) Mez,Guyana
Lauraceae,Aniba excelsa,Kosterm.,Guyana
Lauraceae,Aniba guianensis,Aubl.,Guyana
Lauraceae,Aniba hostmanniana,(Nees) Mez,Guyana
Lauraceae,Aniba hypoglauca,Sandwith,Guyana
Lauraceae,Aniba jenmanii,Mez,Guyana
Lauraceae,Aniba kappleri,Mez,Guyana
Lauraceae,Aniba megaphylla,Mez,Guyana
Lauraceae,Aniba panurensis,(Meisn.) Mez,Guyana
Lauraceae,Aniba permollis,(Nees) Mez,Guyana
Lauraceae,Aniba riparia,(Nees) Mez,Guyana
Lauraceae,Aniba rosodora,Ducke,Guyana
Lauraceae,Aniba terminalis,Ducke,Guyana
Lauraceae,Aniba williamsii,O.C.Schmidt,Guyana
Lauraceae,Beilschmiedia curviramea,(Meisn.) Kosterm.,Guyana
Lauraceae,Chlorocardium rodiei,"(Schomb.) Rohwer, H.G.Richt. & van der Werff",Guyana
Lauraceae,Cryptocarya guianensis,Meisn.,Guyana
Lauraceae,Endlicheria bracteolata,(Meisn.) C.K.Allen,Guyana
Lauraceae,Endlicheria canescens,Chanderbali,Guyana
Lauraceae,Endlicheria chalisea,Chanderbali,Guyana
Lauraceae,Endlicheria gracilis,Kosterm.,Guyana
Lauraceae,Endlicheria multiflora,(Miq.) Mez,Guyana
Lauraceae,Endlicheria punctulata,(Mez) C.K.Allen,Guyana
Lauraceae,Endlicheria pyriformis,(Nees) Mez,Guyana
Lauraceae,Endlicheria reflectens,(Nees) Mez,Guyana
Lauraceae,Endlicheria szyszylowiczii,Mez,Guyana
Lauraceae,Kubitzkia macrantha,(Kosterm.) van der Werff,Guyana
Lauraceae,Licaria armeniaca,(Nees) Kosterm.,Guyana
Lauraceae,Licaria aurea,(Huber) Kosterm.,Guyana
Lauraceae,Licaria aureosericea,van der Werff,Guyana
Lauraceae,Licaria camara,(R.H. Schomb.) Kosterm.,Guyana
Lauraceae,Licaria cannella,(Meisn.) Kosterm.,Guyana
Lauraceae,Licaria chrysophylla,(Meisn.) Kosterm.,Guyana
Lauraceae,Licaria debilis,(Mez) Kosterm.,Guyana
Lauraceae,Licaria guianensis,Aubl.,Guyana
Lauraceae,Licaria martiniana,(Mez) Kosterm.,Guyana
Lauraceae,Licaria multiflora,(Kosterm.) Kosterm.,Guyana
Lauraceae,Licaria oppositifolia,(Nees) Kosterm.,Guyana
Lauraceae,Licaria pachycarpa,(Meisn.) Kosterm.,Guyana
Lauraceae,Licaria polyphylla,(Nees) Kosterm.,Guyana
Lauraceae,Licaria subbullata,Kosterm.,Guyana
Lauraceae,Licaria vernicosa,(Mez) Kosterm.,Guyana
Lauraceae,Mespilodaphne cymbarum,(Kunth) Trofimov,Guyana
Lauraceae,Mezilaurus ita-uba,(Meisn.) Taub. ex Mez,Guyana
Lauraceae,Mezilaurus lindaviana,Schwacke & Mez,Guyana
Lauraceae,Mezilaurus thoroflora,van der Werff,Guyana
Lauraceae,Nectandra amazonum,Nees,Guyana
Lauraceae,Nectandra cissiflora,Nees,Guyana
Lauraceae,Nectandra cuspidata,Nees & Mart.,Guyana
Lauraceae,Nectandra globosa,(Aubl.) Mez,Guyana
Lauraceae,Nectandra hihua,(Ruiz & Pav.) Rohwer,Guyana
Lauraceae,Nectandra paucinervia,Coe-Teix.,Guyana
Lauraceae,Nectandra pearcei,Mez,Guyana
Lauraceae,Nectandra reticulata,Mez,Guyana
Lauraceae,Nectandra sanguinea,Rol.,Guyana
Lauraceae,Ocotea acutangula,(Miq.) Mez,Guyana
Lauraceae,Ocotea canaliculata,(Rich.) Mez,Guyana
Lauraceae,Ocotea caracasana,(Nees) Mez,Guyana
Lauraceae,Ocotea ceanothifolia,(Nees) Mez,Guyana
Lauraceae,Ocotea crassifolia,(Nees) Mez,Guyana
Lauraceae,Ocotea cujumary,Mart.,Guyana
Lauraceae,Ocotea discrepens,C.K.Allen,Guyana
Lauraceae,Ocotea fasciculata,(Nees) Mez,Guyana
Lauraceae,Ocotea floribunda,(Sw.) Mez,Guyana
Lauraceae,Ocotea glomerata,(Nees) Mez,Guyana
Lauraceae,Ocotea gracilis,(Meisn.) Mez,Guyana
Lauraceae,Ocotea guianensis,Aubl.,Guyana
Lauraceae,Ocotea leptobotra,(Ruiz & Pav.) Mez,Guyana
Lauraceae,Ocotea leucoxylon,(Sw.) Laness.,Guyana
Lauraceae,Ocotea matogrossensis,Vatt.,Guyana
Lauraceae,Ocotea neesiana,(Miq.) Kosterm.,Guyana
Lauraceae,Ocotea nigra,Benoist,Guyana
Lauraceae,Ocotea oblonga,(Meisn.) Mez,Guyana
Lauraceae,Ocotea olivacea,A.C.Sm.,Guyana
Lauraceae,Ocotea pauciflora,(Nees) Mez,Guyana
Lauraceae,Ocotea puberula,(Rich.) Nees,Guyana
Lauraceae,Ocotea sandwithii,Kosterm.,Guyana
Lauraceae,Ocotea schomburgkiana,(Nees) Mez,Guyana
Lauraceae,Ocotea splendens,(Meisn.) Baill.,Guyana
Lauraceae,Ocotea tillettsiana,C.K.Allen,Guyana
Lauraceae,Ocotea tomentella,Sandwith,Guyana
Lauraceae,Persea jenmanii,Mez,Guyana
Lauraceae,Persea nivea,Mez,Guyana
Lauraceae,Rhodostemonodaphne grandis,(Mez) Rohwer,Guyana
Lauraceae,Rhodostemonodaphne kunthiana,(Nees) Rohwer,Guyana
Lauraceae,Rhodostemonodaphne mirecolorata,(C.K. Allen) Rohwer,Guyana
Lauraceae,Rhodostemonodaphne morii,Madriñán,Guyana
Lauraceae,Rhodostemonodaphne praeclara,(Sandwith) Madriñán,Guyana
Lauraceae,Rhodostemonodaphne rufovirgata,Madriñán,Guyana
Lauraceae,Rhodostemonodaphne scandens,Madriñán,Guyana
Lauraceae,Sextonia rubra,(Mez) van der Werff,Guyana
Lecythidaceae,Allantoma pluriflora,"S.A.Mori, Ya Y.Huang & Prance",Guyana
Lecythidaceae,Bertholletia excelsa,Bonpl.,Guyana
Lecythidaceae,Couratari calycina,Sandwith,Guyana
Lecythidaceae,Couratari gloriosa,Sandwith,Guyana
Lecythidaceae,Couratari guianensis,Aubl.,Guyana
Lecythidaceae,Couratari multiflora,(Sm.) Eyma,Guyana
Lecythidaceae,Couratari oblongifolia,Ducke & R.Knuth,Guyana
Lecythidaceae,Couratari oligantha,A.C.Sm.,Guyana
Lecythidaceae,Couratari riparia,Sandwith,Guyana
Lecythidaceae,Couratari stellata,A.C.Sm.,Guyana
Lecythidaceae,Couratari tenuicarpa,A.C.Sm.,Guyana
Lecythidaceae,Couroupita guianensis,Aubl.,Guyana
Lecythidaceae,Eschweilera alata,A.C.Sm.,Guyana
Lecythidaceae,Eschweilera boltenii,S.A.Mori,Guyana
Lecythidaceae,Eschweilera collina,Eyma,Guyana
Lecythidaceae,Eschweilera congestiflora,(Benoist) Eyma,Guyana
Lecythidaceae,Eschweilera coriacea,(DC.) S.A.Mori,Guyana
Lecythidaceae,Eschweilera decolorans,Sandwith,Guyana
Lecythidaceae,Eschweilera eperuetorum,Sandwith,Guyana
Lecythidaceae,Eschweilera fanshawei,Sandwith,Guyana
Lecythidaceae,Eschweilera micrantha,(O.Berg) Miers,Guyana
Lecythidaceae,Eschweilera parviflora,(Aubl.) Miers,Guyana
Lecythidaceae,Eschweilera parvifolia,Mart. ex DC.,Guyana
Lecythidaceae,Eschweilera pedicellata,(Rich.) S.A.Mori,Guyana
Lecythidaceae,Eschweilera potaroensis,Sandwith,Guyana
Lecythidaceae,Eschweilera sagotiana,Miers,Guyana
Lecythidaceae,Eschweilera simiorum,(Benoist) Eyma,Guyana
Lecythidaceae,Eschweilera subglandulosa,(Steud. ex O.Berg) Miers,Guyana
Lecythidaceae,Eschweilera wachenheimii,(Benoist) Sandwith,Guyana
Lecythidaceae,Gustavia augusta,L.,Guyana
Lecythidaceae,Gustavia gigantophylla,Sandwith,Guyana
Lecythidaceae,Gustavia hexapetala,(Aubl.) Sm.,Guyana
Lecythidaceae,Gustavia poeppigiana,O.Berg,Guyana
Lecythidaceae,Lecythis alutacea,(A.C.Sm.) S.A.Mori,Guyana
Lecythidaceae,Lecythis brancoensis,(R.Knuth) S.A.Mori,Guyana
Lecythidaceae,Lecythis chartacea,O.Berg,Guyana
Lecythidaceae,Lecythis confertiflora,(A.C.Sm.) S.A.Mori,Guyana
Lecythidaceae,Lecythis corrugata,Poit.,Guyana
Lecythidaceae,Lecythis holcogyne,(Sandwith) S.A.Mori,Guyana
Lecythidaceae,Lecythis persistens,Sagot,Guyana
Lecythidaceae,Lecythis schomburgkii,O.Berg,Guyana
Lecythidaceae,Lecythis zabucajo,Aubl.,Guyana
Linaceae,Hebepetalum humiriifolia,(Planch.) Benth.,Guyana
Linaceae,Roucheria calophylla,Planch.,Guyana
Linaceae,Roucheria columbiana,Hallier f.,Guyana
Linaceae,Roucheria schomburgkii,Planch.,Guyana
Loganiaceae,Antonia ovata,Pohl,Guyana
Loganiaceae,Bonyunia minor,N.E.Br.,Guyana
Loganiaceae,Bonyunia superba,R.H.Schomb. ex Progel,Guyana
Loganiaceae,Strychnos glabra,Sagot ex Progel,Guyana
Loranthaceae,Gaiadendron punctatum,(Ruiz & Pav.) G.Don,Guyana
Lythraceae,Cuphea melvilla,Lindl.,Guyana
Magnoliaceae,Magnolia ptaritepuiana,Steyerm.,Guyana
Malpighiaceae,Blepharandra hypoleuca,(Benth.) Griseb.,Guyana
Malpighiaceae,Bunchosia argentea,(Jacq.) DC.,Guyana
Malpighiaceae,Bunchosia decussiflora,W.R.Anderson,Guyana
Malpighiaceae,Bunchosia glandulifera,(Jacq.) Kunth,Guyana
Malpighiaceae,Bunchosia mollis,Benth.,Guyana
Malpighiaceae,Burdachia sphaerocarpa,A.Juss.,Guyana
Malpighiaceae,Byrsonima aerugo,Sagot,Guyana
Malpighiaceae,Byrsonima altissima,DC.,Guyana
Malpighiaceae,Byrsonima arthropoda,A.Juss.,Guyana
Malpighiaceae,Byrsonima carraoana,Steyerm.,Guyana
Malpighiaceae,Byrsonima chalcophylla,Nied.,Guyana
Malpighiaceae,Byrsonima christianeae,W.R.Anderson,Guyana
Malpighiaceae,Byrsonima coccolobifolia,Kunth,Guyana
Malpighiaceae,Byrsonima concinna,Benth.,Guyana
Malpighiaceae,Byrsonima crassifolia,(L.) Kunth,Guyana
Malpighiaceae,Byrsonima eugeniifolia,Sandwith,Guyana
Malpighiaceae,Byrsonima fanshawei,W.R.Anderson,Guyana
Malpighiaceae,Byrsonima formosa,W.R.Anderson,Guyana
Malpighiaceae,Byrsonima gymnocalycina,A.Juss.,Guyana
Malpighiaceae,Byrsonima incarnata,Sandwith,Guyana
Malpighiaceae,Byrsonima pachypoda,W.R.Anderson,Guyana
Malpighiaceae,Byrsonima poeppigiana,A.Juss.,Guyana
Malpighiaceae,Byrsonima rubrobracteata,W.R.Anderson,Guyana
Malpighiaceae,Byrsonima schomburgkiana,Benth.,Guyana
Malpighiaceae,Byrsonima sericea,DC.,Guyana
Malpighiaceae,Byrsonima spicata,(Cav.) Rich. ex Kunth,Guyana
Malpighiaceae,Byrsonima stipulacea,A.Juss.,Guyana
Malpighiaceae,Byrsonima tillettii,W.R.Anderson,Guyana
Malpighiaceae,Byrsonima verbascifolia,(L.) DC.,Guyana
Malpighiaceae,Byrsonima wurdackii,W.R.Anderson,Guyana
Malpighiaceae,Heteropterys nervosa,A.Juss.,Guyana
Malpighiaceae,Hiraea fagifolia,(DC.) A.Juss.,Guyana
Malpighiaceae,Pterandra guianensis,W.R. Anderson,Guyana
Malpighiaceae,Pterandra sericea,W.R.Anderson,Guyana
Malpighiaceae,Spachea elegans,(G.Mey.) A.Juss.,Guyana
Malpighiaceae,Tetrapterys styloptera,A.Juss.,Guyana
Malvaceae,Apeiba albiflora,Ducke,Guyana
Malvaceae,Apeiba membranacea,Spruce ex Benth.,Guyana
Malvaceae,Apeiba petoumo,Aubl.,Guyana
Malvaceae,Apeiba schomburgkii,Szyszył.,Guyana
Malvaceae,Apeiba tibourbou,Aubl.,Guyana
Malvaceae,Ayenia praeclara,Sandwith,Guyana
Malvaceae,Byttneria divaricata,Benth.,Guyana
Malvaceae,Byttneria morii,L.C.Barnett & Dorr,Guyana
Malvaceae,Catostemma altsonii,Sandwith,Guyana
Malvaceae,Catostemma commune,Sandwith,Guyana
Malvaceae,Catostemma durifolius,W.S.Alverson,Guyana
Malvaceae,Catostemma fragrans,Benth.,Guyana
Malvaceae,Ceiba pentandra,(L.) Gaertn.,Guyana
Malvaceae,Christiana africana,DC.,Guyana
Malvaceae,Eriotheca globosa,(Aubl.) A.Robyns,Guyana
Malvaceae,Eriotheca surinamensis,(Uittien) A.Robyns,Guyana
Malvaceae,Guazuma ulmifolia,Lam.,Guyana
Malvaceae,Helicteres baruensis,Jacq.,Guyana
Malvaceae,Helicteres brevispira,A.Juss.,Guyana
Malvaceae,Herrania kanukuensis,R.E.Schult.,Guyana
Malvaceae,Herrania lemniscata,(M.R.Schomb.) R.E.Schult.,Guyana
Malvaceae,Hibiscus tiliaceus,L.,Guyana
Malvaceae,Lueheopsis rosea,(Ducke) Burret,Guyana
Malvaceae,Lueheopsis rugosa,(Pulle) Burret,Guyana
Malvaceae,Matisia ochrocalyx,K.Schum.,Guyana
Malvaceae,Melochia ulmifolia,Benth.,Guyana
Malvaceae,Mollia glabrescens,Benth.,Guyana
Malvaceae,Mollia globularis,Meijer,Guyana
Malvaceae,Mollia lepidota,Spruce ex Benth.,Guyana
Malvaceae,Mollia speciosa,Mart.,Guyana
Malvaceae,Mollia ulei,Burret,Guyana
Malvaceae,Ochroma pyramidale,(Cav. ex Lam.) Urb.,Guyana
Malvaceae,Pachira aquatica,Aubl.,Guyana
Malvaceae,Pachira dolichocalyx,A. Robyns,Guyana
Malvaceae,Pachira flaviflora,(Pulle) Fern.Alonso,Guyana
Malvaceae,Pachira insignis,(Sw.) Savigny,Guyana
Malvaceae,Pachira minor,(Sims) Hemsl.,Guyana
Malvaceae,Pochota fendleri,(Seem.) W.S. Alverson & M.C. Duarte,Guyana
Malvaceae,Quararibea guianensis,Aubl.,Guyana
Malvaceae,Sterculia guianensis,Sandwith,Guyana
Malvaceae,Sterculia kayae,P.E.Berry,Guyana
Malvaceae,Sterculia multiovula,E.L. Taylor ex Mondragón,Guyana
Malvaceae,Sterculia pruriens,(Aubl.) K.Schum.,Guyana
Malvaceae,Sterculia rugosa,R.Br.,Guyana
Malvaceae,Sterculia villifera,Steud.,Guyana
Malvaceae,Theobroma obovatum,Klotzsch ex Bernoulli,Guyana
Malvaceae,Theobroma subincanum,Mart.,Guyana
Malvaceae,Triumfetta semitriloba,Jacq.,Guyana
Malvaceae,Vasivaea alchorneoides,Baill.,Guyana
Melastomataceae,Bellucia arborescens,Baill.,Guyana
Melastomataceae,Bellucia grossularioides,(L.) Triana,Guyana
Melastomataceae,Bellucia mespiloides,(Miq.) Macbr.,Guyana
Melastomataceae,Bellucia pentamera,Naudin,Guyana
Melastomataceae,Clidemia capitellata,(Bonpl.) D. Don,Guyana
Melastomataceae,Clidemia dentata,Pav. ex D. Don,Guyana
Melastomataceae,Clidemia rubra,(Aubl.) Mart.,Guyana
Melastomataceae,Clidemia septuplinervia,Cogn.,Guyana
Melastomataceae,Desmoscelis villosa,(Aubl.) Naudin,Guyana
Melastomataceae,Graffenrieda caryophyllea,Triana,Guyana
Melastomataceae,Graffenrieda caudata,Wurdack,Guyana
Melastomataceae,Graffenrieda intermedia,Triana,Guyana
Melastomataceae,Graffenrieda sessilifolia,Triana,Guyana
Melastomataceae,Graffenrieda weddellii,Naudin,Guyana
Melastomataceae,Henriettea caudata,"(Gleason) Penneys, F.A. Michelangeli, Judd & Almeda",Guyana
Melastomataceae,Henriettea duckeana,"(Hoehne) Penneys, F.A. Michelangeli, Judd & Almeda",Guyana
Melastomataceae,Henriettea granulata,O. Berg & Triana,Guyana
Melastomataceae,Henriettea maroniensis,Sagot,Guyana
Melastomataceae,Henriettea multiflora,Naudin,Guyana
Melastomataceae,Henriettea ovata,"(Cogn.) Penneys, F.A.Michelangeli, Judd & Almeda",Guyana
Melastomataceae,Henriettea patrisiana,DC.,Guyana
Melastomataceae,Henriettea ramiflora,(Sw.) DC.,Guyana
Melastomataceae,Henriettea stellaris,O. Berg ex Triana,Guyana
Melastomataceae,Henriettea succosa,(Aubl.) DC.,Guyana
Melastomataceae,Leandra chaetodon,(DC.) Cogn.,Guyana
Melastomataceae,Leandra cuneata,(Mart.) Cogn.,Guyana
Melastomataceae,Leandra micropetala,(Naudin) Cogn.,Guyana
Melastomataceae,Leandra solenifera,Cogn.,Guyana
Melastomataceae,Macairea pachyphylla,Benth.,Guyana
Melastomataceae,Macairea thyrsiflora,DC.,Guyana
Melastomataceae,Maieta guianensis,Aubl.,Guyana
Melastomataceae,Meriania crassiramis,(Naudin) Wurdack,Guyana
Melastomataceae,Meriania urceolata,Triana,Guyana
Melastomataceae,Miconia abbreviata,Markgr.,Guyana
Melastomataceae,Miconia acutifolia,Ule,Guyana
Melastomataceae,Miconia aeruginosa,Naudin,Guyana
Melastomataceae,Miconia affinis,DC.,Guyana
Melastomataceae,Miconia albicans,(Sw.) Steud.,Guyana
Melastomataceae,Miconia alborufescens,Naudin,Guyana
Melastomataceae,Miconia alternans,Naudin,Guyana
Melastomataceae,Miconia amacurensis,Wurdack,Guyana
Melastomataceae,Miconia ampla,Triana,Guyana
Melastomataceae,Miconia aplostachya,(Bonpl.) DC.,Guyana
Melastomataceae,Miconia argyrophylla,DC.,Guyana
Melastomataceae,Miconia brachybotrya,Triana,Guyana
Melastomataceae,Miconia brevipes,Benth.,Guyana
Melastomataceae,Miconia bubalina,Naudin,Guyana
Melastomataceae,Miconia centrodesma,Naudin,Guyana
Melastomataceae,Miconia chrysophylla,(Rich.) Urb.,Guyana
Melastomataceae,Miconia ciliata,(Rich.) DC.,Guyana
Melastomataceae,Miconia crassinervia,Cogn.,Guyana
Melastomataceae,Miconia dodecandra,Cogn.,Guyana
Melastomataceae,Miconia dolichorrhyncha,Naudin,Guyana
Melastomataceae,Miconia egensis,Cogn.,Guyana
Melastomataceae,Miconia erythrophylla,Ule,Guyana
Melastomataceae,Miconia fragilis,Naudin,Guyana
Melastomataceae,Miconia fragrans,Cogn.,Guyana
Melastomataceae,Miconia gratissima,Benth. ex Triana,Guyana
Melastomataceae,Miconia holosericea,(L.) DC.,Guyana
Melastomataceae,Miconia hypoleuca,(Benth.) Triana,Guyana
Melastomataceae,Miconia ibaguensis,(Bonpl.) Triana,Guyana
Melastomataceae,Miconia impetiolaris,(Sw.) D. Don ex DC.,Guyana
Melastomataceae,Miconia lateriflora,Cogn.,Guyana
Melastomataceae,Miconia lepidota,Schrank & Mart. ex DC.,Guyana
Melastomataceae,Miconia longifolia,(Aubl.) DC.,Guyana
Melastomataceae,Miconia macrosperma,(Mart.) Michelang.,Guyana
Melastomataceae,Miconia matthaei,Naudin,Guyana
Melastomataceae,Miconia minutiflora,(Bonpl.) DC.,Guyana
Melastomataceae,Miconia mirabilis,(Aubl.) L.O. Williams,Guyana
Melastomataceae,Miconia myriantha,Benth.,Guyana
Melastomataceae,Miconia nervosa,(Sm.) Triana,Guyana
Melastomataceae,Miconia phaeophylla,Triana,Guyana
Melastomataceae,Miconia plukenetii,Naudin,Guyana
Melastomataceae,Miconia poeppigii,Triana,Guyana
Melastomataceae,Miconia prasina,(Sw.) DC.,Guyana
Melastomataceae,Miconia pubipetala,Miq.,Guyana
Melastomataceae,Miconia punctata,(Desr.) D. Don ex DC.,Guyana
Melastomataceae,Miconia pyrifolia,Naudin,Guyana
Melastomataceae,Miconia racemosa,(Aubl.) DC.,Guyana
Melastomataceae,Miconia regelii,Cogn.,Guyana
Melastomataceae,Miconia roraimensis,Ule,Guyana
Melastomataceae,Miconia rubiginosa,(Bonpl.) DC.,Guyana
Melastomataceae,Miconia rufescens,(Aubl.) DC.,Guyana
Melastomataceae,Miconia ruficalyx,Gleason,Guyana
Melastomataceae,Miconia rugosa,Triana,Guyana
Melastomataceae,Miconia rupticalyx,Wurdack,Guyana
Melastomataceae,Miconia sagotiana,Cogn.,Guyana
Melastomataceae,Miconia secunfrancavillana,Ocampo & Almeda,Guyana
Melastomataceae,Miconia serialis,DC.,Guyana
Melastomataceae,Miconia serrulata,(DC.) Naudin,Guyana
Melastomataceae,Miconia silicicola,Gleason,Guyana
Melastomataceae,Miconia splendens,(Sw.) Griseb.,Guyana
Melastomataceae,Miconia stenostachya,DC.,Guyana
Melastomataceae,Miconia stephananthera,Ule,Guyana
Melastomataceae,Miconia superba,Ule,Guyana
Melastomataceae,Miconia tetraspermoides,Wurdack,Guyana
Melastomataceae,Miconia theaezans,Cogn.,Guyana
Melastomataceae,Miconia tillettii,Wurdack,Guyana
Melastomataceae,Miconia tinifolia,Naudin,Guyana
Melastomataceae,Miconia tocoaristata,Michelang.,Guyana
Melastomataceae,Miconia tococa,(Desr.) Michelang.,Guyana
Melastomataceae,Miconia tococoronata,Michelang.,Guyana
Melastomataceae,Miconia tomentosa,(Rich.) D. Don ex DC.,Guyana
Melastomataceae,Miconia traillii,Cogn.,Guyana
Melastomataceae,Mouriri acutiflora,Naudin,Guyana
Melastomataceae,Mouriri brevipes,Hook.,Guyana
Melastomataceae,Mouriri collocarpa,Ducke,Guyana
Melastomataceae,Mouriri duckeana,Morley,Guyana
Melastomataceae,Mouriri grandiflora,DC.,Guyana
Melastomataceae,Mouriri guianensis,Aubl.,Guyana
Melastomataceae,Mouriri huberi,Cogn.,Guyana
Melastomataceae,Mouriri nigra,(DC.) Morley,Guyana
Melastomataceae,Mouriri sideroxylon,Sagot ex Triana,Guyana
Melastomataceae,Mouriri vernicosa,Naudin,Guyana
Melastomataceae,Pachyloma coriaceum,DC.,Guyana
Melastomataceae,Tibouchina aspera,Aubl.,Guyana
Melastomataceae,Tibouchina longifolia,(Vahl) Baill.,Guyana
Melastomataceae,Votomita guianensis,Aubl.,Guyana
Meliaceae,Cabralea canjerana,(Vell.) Mart.,Guyana
Meliaceae,Carapa akuri,"Poncy, Forget & Kenfack",Guyana
Meliaceae,Carapa guianensis,Aubl.,Guyana
Meliaceae,Carapa surinamensis,Miq.,Guyana
Meliaceae,Cedrela odorata,L.,Guyana
Meliaceae,Guarea glabra,Vahl,Guyana
Meliaceae,Guarea gomma,Pulle,Guyana
Meliaceae,Guarea guidonia,(L.) Sleumer,Guyana
Meliaceae,Guarea juglandiformis,T.D.Penn.,Guyana
Meliaceae,Guarea kunthiana,A.Juss.,Guyana
Meliaceae,Guarea macrophylla,Vahl,Guyana
Meliaceae,Guarea pubescens,(Rich.) A.Juss.,Guyana
Meliaceae,Guarea scabra,A.Juss.,Guyana
Meliaceae,Guarea silvatica,C.DC.,Guyana
Meliaceae,Guarea trunciflora,C.DC.,Guyana
Meliaceae,Guarea velutina,A.Juss.,Guyana
Meliaceae,Swietenia macrophylla,King,Guyana
Meliaceae,Trichilia elegans,A.Juss.,Guyana
Meliaceae,Trichilia lecointei,Ducke,Guyana
Meliaceae,Trichilia lepidota,Mart.,Guyana
Meliaceae,Trichilia martiana,C.DC.,Guyana
Meliaceae,Trichilia micrantha,Benth.,Guyana
Meliaceae,Trichilia pallida,Sw.,Guyana
Meliaceae,Trichilia pleeana,(A.Juss.) C.DC.,Guyana
Meliaceae,Trichilia quadrijuga,(Miq.) Kunth,Guyana
Meliaceae,Trichilia rubra,C.DC.,Guyana
Meliaceae,Trichilia schomburgkii,C.DC.,Guyana
Meliaceae,Trichilia septentrionalis,C.DC.,Guyana
Meliaceae,Trichilia surinamensis,(Miq.) C.DC.,Guyana
Meliaceae,Trichilia surumuensis,C.DC.,Guyana
Meliaceae,Trichilia watorikensis,T.D.Penn.,Guyana
Menispermaceae,Abuta grandifolia,(Mart.) Sandwith,Guyana
Menispermaceae,Abuta imene,(Mart.) Eichler,Guyana
Menispermaceae,Abuta rufescens,Aubl.,Guyana
Menispermaceae,Abuta sandwithiana,Krukoff & Barneby,Guyana
Menispermaceae,Abuta velutina,Gleason,Guyana
Metteniusaceae,Emmotum acuminatum,(Benth.) Miers,Guyana
Metteniusaceae,Emmotum conjunctum,R.A.Howard,Guyana
Metteniusaceae,Emmotum fagifolium,Desv. ex Ham.,Guyana
Metteniusaceae,Emmotum fulvum,R.A.Howard,Guyana
Metteniusaceae,Emmotum glabrum,Benth. ex Miers,Guyana
Metteniusaceae,Emmotum orbiculatum,(Benth.) Miers,Guyana
Metteniusaceae,Poraqueiba guianensis,Aubl.,Guyana
Monimiaceae,Mollinedia ovata,Ruiz & Pav.,Guyana
Monimiaceae,Mollinedia repanda,Ruiz & Pav.,Guyana
Moraceae,Bagassa guianensis,Aubl.,Guyana
Moraceae,Brosimum alicastrum,Sw.,Guyana
Moraceae,Brosimum amazonicum,(Poepp. & Endl.) E.M.Gardner & Zerega,Guyana
Moraceae,Brosimum guianense,(Aubl.) Huber ex Ducke,Guyana
Moraceae,Brosimum lactescens,(S.Moore) C.C.Berg,Guyana
Moraceae,Brosimum melanopotamicum,C.C.Berg,Guyana
Moraceae,Brosimum oligandrum,(Benoist) E.M.Gardner & Zerega,Guyana
Moraceae,Brosimum parinarioides,Ducke,Guyana
Moraceae,Brosimum rubescens,Taub.,Guyana
Moraceae,Brosimum utile,(Kunth) Oken,Guyana
Moraceae,Clarisia ilicifolia,(Spreng.) Lanj. & Rossbach,Guyana
Moraceae,Clarisia racemosa,Ruiz & Pav.,Guyana
Moraceae,Ficus albert-smithii,Standl.,Guyana
Moraceae,Ficus amazonica,(Miq.) André,Guyana
Moraceae,Ficus americana,Aubl.,Guyana
Moraceae,Ficus blepharophylla,Vázq.Avila,Guyana
Moraceae,Ficus catappifolia,Kunth & C.D.Bouché,Guyana
Moraceae,Ficus crocata,(Miq.) Mart. ex Miq.,Guyana
Moraceae,Ficus donnell-smithii,Standl.,Guyana
Moraceae,Ficus gomelleira,Kunth & C.D.Bouché,Guyana
Moraceae,Ficus hebetifolia,Dugand,Guyana
Moraceae,Ficus insipida,Willd.,Guyana
Moraceae,Ficus longifolia,Schott,Guyana
Moraceae,Ficus maroniensis,Benoist,Guyana
Moraceae,Ficus mathewsii,(Miq.) Miq.,Guyana
Moraceae,Ficus matiziana,Dugand,Guyana
Moraceae,Ficus maxima,Mill.,Guyana
Moraceae,Ficus nymphaeifolia,Mill.,Guyana
Moraceae,Ficus pakkensis,Standl.,Guyana
Moraceae,Ficus paludica,Standl.,Guyana
Moraceae,Ficus panurensis,Standl.,Guyana
Moraceae,Ficus paraensis,(Miq.) Miq.,Guyana
Moraceae,Ficus pertusa,L.f.,Guyana
Moraceae,Ficus roraimensis,C.C.Berg,Guyana
Moraceae,Ficus schumacheri,(Liebm.) Griseb.,Guyana
Moraceae,Ficus trigona,L.f.,Guyana
Moraceae,Helicostylis tomentosa,(Poepp. & Endl.) J.F.Macbr.,Guyana
Moraceae,Maclura tinctoria,(L.) D.Don ex Steud.,Guyana
Moraceae,Maquira guianensis,Aubl.,Guyana
Moraceae,Maquira sclerophylla,(Ducke) C.C.Berg,Guyana
Moraceae,Naucleopsis glabra,Spruce ex Pittier,Guyana
Moraceae,Naucleopsis guianensis,(Mildbr.) C.C. Berg,Guyana
Moraceae,Perebea guianensis,Aubl.,Guyana
Moraceae,Perebea mollis,(Poepp. & Endl.) Huber,Guyana
Moraceae,Pseudolmedia laevigata,Trécul,Guyana
Moraceae,Pseudolmedia laevis,(Ruiz & Pav.) J.F.Macbr.,Guyana
Moraceae,Sorocea muriculata,Miq.,Guyana
Moraceae,Sorocea pubivena,Hemsl.,Guyana
Moraceae,Sorocea sprucei,(Baill.) J.F.Macbr.,Guyana
Myristicaceae,Iryanthera hostmannii,(Benth.) Warb.,Guyana
Myristicaceae,Iryanthera juruensis,Warb.,Guyana
Myristicaceae,Iryanthera lancifolia,Ducke,Guyana
Myristicaceae,Iryanthera macrophylla,Warb.,Guyana
Myristicaceae,Iryanthera paraensis,Huber,Guyana
Myristicaceae,Iryanthera sagotiana,(Benth.) Warb.,Guyana
Myristicaceae,Osteophloeum platyspermum,(Spruce ex A.DC.) Warb.,Guyana
Myristicaceae,Virola calophylla,(Spruce) Warb.,Guyana
Myristicaceae,Virola elongata,(Benth.) Warb.,Guyana
Myristicaceae,Virola michelii,Heckel,Guyana
Myristicaceae,Virola sebifera,Aubl.,Guyana
Myristicaceae,Virola surinamensis,(Rol. ex Rottb.) Warb.,Guyana
Myrtaceae,Blepharocalyx eggersii,(Kiaersk.) Landrum,Guyana
Myrtaceae,Calycolpus calophyllus,(Kunth) O.Berg,Guyana
Myrtaceae,Calycolpus cochleatus,McVaugh,Guyana
Myrtaceae,Calycolpus goetheanus,(Mart. ex DC.) O.Berg,Guyana
Myrtaceae,Calycolpus revolutus,(Schauer) O.Berg,Guyana
Myrtaceae,Calycolpus roraimensis,Steyerm.,Guyana
Myrtaceae,Calycolpus surinamensis,McVaugh,Guyana
Myrtaceae,Campomanesia aromatica,(Aubl.) Griseb.,Guyana
Myrtaceae,Campomanesia grandiflora,(Aubl.) Sagot,Guyana
Myrtaceae,Eugenia albicans,(O.Berg) Urb.,Guyana
Myrtaceae,Eugenia amshoffiae,McVaugh,Guyana
Myrtaceae,Eugenia anastomosans,DC.,Guyana
Myrtaceae,Eugenia arawakorum,Sandwith,Guyana
Myrtaceae,Eugenia armeniaca,Sagot,Guyana
Myrtaceae,Eugenia biflora,(L.) DC.,Guyana
Myrtaceae,Eugenia coffeifolia,DC.,Guyana
Myrtaceae,Eugenia conjuncta,Amshoff,Guyana
Myrtaceae,Eugenia cowanii,McVaugh,Guyana
Myrtaceae,Eugenia cucullata,Amshoff,Guyana
Myrtaceae,Eugenia egensis,DC.,Guyana
Myrtaceae,Eugenia essequiboensis,Sandwith,Guyana
Myrtaceae,Eugenia eurycheila,O.Berg,Guyana
Myrtaceae,Eugenia excelsa,O.Berg,Guyana
Myrtaceae,Eugenia ferreiraeana,O.Berg,Guyana
Myrtaceae,Eugenia flavescens,DC.,Guyana
Myrtaceae,Eugenia florida,DC.,Guyana
Myrtaceae,Eugenia galbaoensis,Mattos,Guyana
Myrtaceae,Eugenia gomesiana,O.Berg,Guyana
Myrtaceae,Eugenia incanescens,Benth.,Guyana
Myrtaceae,Eugenia kaieteurensis,Amshoff,Guyana
Myrtaceae,Eugenia lambertiana,DC.,Guyana
Myrtaceae,Eugenia latifolia,Aubl.,Guyana
Myrtaceae,Eugenia ligustrina,(Sw.) Willd.,Guyana
Myrtaceae,Eugenia limbosa,O.Berg,Guyana
Myrtaceae,Eugenia luciae,Amshoff,Guyana
Myrtaceae,Eugenia magna,B.Holst,Guyana
Myrtaceae,Eugenia mimus,McVaugh,Guyana
Myrtaceae,Eugenia monticola,(Sw.) DC.,Guyana
Myrtaceae,Eugenia moschata,(Aubl.) Nied. ex T.Durand & B.D.Jacks.,Guyana
Myrtaceae,Eugenia omissa,McVaugh,Guyana
Myrtaceae,Eugenia patens,Poir.,Guyana
Myrtaceae,Eugenia patrisii,Vahl,Guyana
Myrtaceae,Eugenia polystachya,Rich.,Guyana
Myrtaceae,Eugenia protenta,McVaugh,Guyana
Myrtaceae,Eugenia pseudopsidium,Jacq.,Guyana
Myrtaceae,Eugenia punicifolia,(Kunth) DC.,Guyana
Myrtaceae,Eugenia quadriovulata,Amshoff,Guyana
Myrtaceae,Eugenia roseiflora,McVaugh,Guyana
Myrtaceae,Eugenia sigillata,McVaugh,Guyana
Myrtaceae,Eugenia stictopetala,DC.,Guyana
Myrtaceae,Eugenia tafelbergica,Amshoff,Guyana
Myrtaceae,Eugenia tetramera,(McVaugh) M.L.Kawas. & B.Holst,Guyana
Myrtaceae,Eugenia trinervia,Vahl,Guyana
Myrtaceae,Eugenia wentii,Amshoff,Guyana
Myrtaceae,Myrcia albidotomentosa,(Amshoff) McVaugh,Guyana
Myrtaceae,Myrcia amazonica,DC.,Guyana
Myrtaceae,Myrcia bipennis,(O.Berg) McVaugh,Guyana
Myrtaceae,Myrcia bolivarensis,(Steyerm.) McVaugh,Guyana
Myrtaceae,Myrcia bracteata,(Rich.) DC.,Guyana
Myrtaceae,Myrcia calycampa,Amshoff,Guyana
Myrtaceae,Myrcia citrifolia,(Aubl.) Urb.,Guyana
Myrtaceae,Myrcia clausa,McVaugh,Guyana
Myrtaceae,Myrcia decorticans,DC.,Guyana
Myrtaceae,Myrcia ehrenbergiana,(O.Berg) McVaugh,Guyana
Myrtaceae,Myrcia exploratoris,McVaugh,Guyana
Myrtaceae,Myrcia extranea,McVaugh,Guyana
Myrtaceae,Myrcia fasciculata,(O.Berg) K.Campbell & K.Samra,Guyana
Myrtaceae,Myrcia fenzliana,O.Berg,Guyana
Myrtaceae,Myrcia ferruginea,(Poir.) DC.,Guyana
Myrtaceae,Myrcia graciliflora,Sagot,Guyana
Myrtaceae,Myrcia grandis,McVaugh,Guyana
Myrtaceae,Myrcia guianensis,(Aubl.) DC.,Guyana
Myrtaceae,Myrcia guildingiana,(Griseb.) E.Lucas & C.E.Wilson,Guyana
Myrtaceae,Myrcia imperfecta,McVaugh,Guyana
Myrtaceae,Myrcia inaequiloba,(DC.) Lemée,Guyana
Myrtaceae,Myrcia karuaiensis,(Steyerm.) E.Lucas & C.E.Wilson,Guyana
Myrtaceae,Myrcia ligustrina,(McVaugh) E.Lucas & C.E.Wilson,Guyana
Myrtaceae,Myrcia lituatinervia,(O.Berg) E.Lucas & C.E.Wilson,Guyana
Myrtaceae,Myrcia minutiflora,Sagot,Guyana
Myrtaceae,Myrcia multiflora,(Lam.) DC.,Guyana
Myrtaceae,Myrcia myriantha,McVaugh,Guyana
Myrtaceae,Myrcia neobuxifolia,E.Lucas & C.E.Wilson,Guyana
Myrtaceae,Myrcia neocuprea,E.Lucas & C.E.Wilson,Guyana
Myrtaceae,Myrcia neomacrophylla,E.Lucas & C.E.Wilson,Guyana
Myrtaceae,Myrcia neomontana,E.Lucas & C.E.Wilson,Guyana
Myrtaceae,Myrcia neoschomburgkiana,E.Lucas & C.E.Wilson,Guyana
Myrtaceae,Myrcia neosmithii,K.Campbell & K.Samra,Guyana
Myrtaceae,Myrcia nubicola,McVaugh,Guyana
Myrtaceae,Myrcia ovoidea,(McVaugh) K.Campbell & K.Samra,Guyana
Myrtaceae,Myrcia paivae,O.Berg,Guyana
Myrtaceae,Myrcia platyclada,DC.,Guyana
Myrtaceae,Myrcia porphyrea,McVaugh,Guyana
Myrtaceae,Myrcia pulchella,(DC.) A.R.Lourenço & E.Lucas,Guyana
Myrtaceae,Myrcia pullei,(Burret ex Amshoff) A.R.Lourenço & E.Lucas,Guyana
Myrtaceae,Myrcia pyrifolia,(Desv.) Nied.,Guyana
Myrtaceae,Myrcia quitarensis,(Benth.) Sagot,Guyana
Myrtaceae,Myrcia rotundata,(Amshoff) McVaugh,Guyana
Myrtaceae,Myrcia rufipila,McVaugh,Guyana
Myrtaceae,Myrcia salicifolia,DC.,Guyana
Myrtaceae,Myrcia servata,McVaugh,Guyana
Myrtaceae,Myrcia speciosa,(Amshoff) McVaugh,Guyana
Myrtaceae,Myrcia spicata,(Amshoff) A.R.Lourenço & E.Lucas,Guyana
Myrtaceae,Myrcia splendens,(Sw.) DC.,Guyana
Myrtaceae,Myrcia subobliqua,(O.Berg) Nied.,Guyana
Myrtaceae,Myrcia summa,(McVaugh) M.F.Santos,Guyana
Myrtaceae,Myrcia sylvatica,(G.Mey.) DC.,Guyana
Myrtaceae,Myrcia tafelbergica,Amshoff,Guyana
Myrtaceae,Myrcia tomentosa,(Aubl.) DC.,Guyana
Myrtaceae,Myrcia vexata,(McVaugh) K.Campbell & K.Samra,Guyana
Myrtaceae,Myrcianthes prodigiosa,McVaugh,Guyana
Myrtaceae,Myrciaria dubia,(Kunth) McVaugh,Guyana
Myrtaceae,Myrciaria floribunda,(H.West ex Willd.) O.Berg,Guyana
Myrtaceae,Myrciaria vexator,McVaugh,Guyana
Myrtaceae,Myrciaria vismiifolia,(Benth.) O.Berg,Guyana
Myrtaceae,Plinia costata,Amshoff,Guyana
Myrtaceae,Pseudanamomis umbellulifera,(Kunth) Kausel,Guyana
Myrtaceae,Psidium acutangulum,DC.,Guyana
Myrtaceae,Psidium australe,Cambess.,Guyana
Myrtaceae,Psidium densicomum,Mart. ex DC.,Guyana
Myrtaceae,Psidium guineense,Sw.,Guyana
Myrtaceae,Psidium oligospermum,Mart. ex DC.,Guyana
Myrtaceae,Psidium striatulum,DC.,Guyana
Myrtaceae,Siphoneugena dussii,(Krug & Urb.) Proença,Guyana
Myrtaceae,Ugni myricoides,(Kunth) O.Berg,Guyana
Nyctaginaceae,Guapira cuspidata,(Heimerl) Lundell,Guyana
Nyctaginaceae,Guapira eggersiana,(Heimerl) Lundell,Guyana
Nyctaginaceae,Guapira kanukuensis,(Standl.) Lundell,Guyana
Nyctaginaceae,Guapira salicifolia,(Heimerl) Lundell,Guyana
Nyctaginaceae,Neea floribunda,Poepp. & Endl.,Guyana
Nyctaginaceae,Neea mollis,Spruce ex J.A. Schmidt,Guyana
Nyctaginaceae,Neea ovalifolia,Spruce ex J.A.Schmidt,Guyana
Nyctaginaceae,Neea spruceana,Heimerl,Guyana
Nyctaginaceae,Neea subglabrata,Steyerm.,Guyana
Nyctaginaceae,Pisonia macranthocarpa,(Donn.Sm.) Donn.Sm.,Guyana
Ochnaceae,Blastemanthus gemmiflorus,(Mart.) Planch.,Guyana
Ochnaceae,Cespedesia spathulata,(Ruiz & Pav.) Planch.,Guyana
Ochnaceae,Elvasia brevipedicellata,Ule,Guyana
Ochnaceae,Elvasia calophyllea,DC.,Guyana
Ochnaceae,Elvasia elvasioides,(Planch.) Gilg,Guyana
Ochnaceae,Elvasia essequibensis,Engl.,Guyana
Ochnaceae,Elvasia quinqueloba,Spruce ex Engl.,Guyana
Ochnaceae,Elvasia sphaerocarpa,R.S.Cowan,Guyana
Ochnaceae,Lacunaria crenata,(Tul.) A.C.Sm.,Guyana
Ochnaceae,Lacunaria jenmanii,(Oliv.) Ducke,Guyana
Ochnaceae,Ouratea attenuata,Tiegh.,Guyana
Ochnaceae,Ouratea candollei,(Planch.) Tiegh.,Guyana
Ochnaceae,Ouratea caracasana,(Planch.) Engl.,Guyana
Ochnaceae,Ouratea cardiosperma,(DC.) Engl.,Guyana
Ochnaceae,Ouratea castaneifolia,(DC.) Engl.,Guyana
Ochnaceae,Ouratea ferruginea,Engl.,Guyana
Ochnaceae,Ouratea guianensis,Aubl.,Guyana
Ochnaceae,Ouratea guildingii,(Planch.) Urb.,Guyana
Ochnaceae,Ouratea jansen-jacobsiae,Sastre,Guyana
Ochnaceae,Ouratea kanukuensis,Sastre,Guyana
Ochnaceae,Ouratea leblondii,(Tiegh.) Lemée,Guyana
Ochnaceae,Ouratea macrocarpa,Sastre,Guyana
Ochnaceae,Ouratea pisiformis,Engl.,Guyana
Ochnaceae,Ouratea rigida,Engl.,Guyana
Ochnaceae,Ouratea roraimae,Engl.,Guyana
Ochnaceae,Ouratea rorida,Sastre,Guyana
Ochnaceae,Ouratea rupununiensis,Klotzsch ex Engl.,Guyana
Ochnaceae,Ouratea schomburgkii,(Planch.) Engl.,Guyana
Ochnaceae,Ouratea scottii,Sastre,Guyana
Ochnaceae,Ouratea soderstromii,Sastre,Guyana
Ochnaceae,Ouratea spruceana,Engl.,Guyana
Ochnaceae,Ouratea superba,Engl.,Guyana
Ochnaceae,Ouratea tatei,Gleason,Guyana
Ochnaceae,Perissocarpa steyermarkii,(Maguire) Steyerm. & Maguire,Guyana
Ochnaceae,Poecilandra retusa,Tul.,Guyana
Ochnaceae,Quiina cruegeriana,Griseb.,Guyana
Ochnaceae,Quiina guianensis,Aubl.,Guyana
Ochnaceae,Quiina indigofera,Sandwith,Guyana
Ochnaceae,Quiina obovata,Tul.,Guyana
Ochnaceae,Quiina oiapocensis,Pires,Guyana
Ochnaceae,Quiina pteridophylla,(Radlk.) Pires,Guyana
Ochnaceae,Quiina rhytidopus,Tul.,Guyana
Ochnaceae,Quiina yatuensis,J.V.Schneid. & Zizka,Guyana
Ochnaceae,Touroulia guianensis,Aubl.,Guyana
Ochnaceae,Tyleria phelpsiana,Maguire & Steyerm.,Guyana
Olacaceae,Aptandra liriosmoides,Spruce ex Miers,Guyana
Olacaceae,Cathedra acuminata,(Benth.) Miers,Guyana
Olacaceae,Chaunochiton kappleri,(Sagot ex Engl.) Ducke,Guyana
Olacaceae,Dulacia crassa,(Monach.) Sleumer,Guyana
Olacaceae,Dulacia guianensis,(Engl.) Kuntze,Guyana
Olacaceae,Dulacia redmondii,Steyerm.,Guyana
Olacaceae,Heisteria cauliflora,Sm.,Guyana
Olacaceae,Heisteria densifrons,Engl.,Guyana
Olacaceae,Heisteria maguirei,Sleumer,Guyana
Olacaceae,Heisteria ovata,Benth.,Guyana
Olacaceae,Heisteria scandens,Ducke,Guyana
Olacaceae,Maburea trinervis,Maas,Guyana
Olacaceae,Minquartia guianensis,Aubl.,Guyana
Olacaceae,Ptychopetalum olacoides,Benth.,Guyana
Olacaceae,Ximenia americana,L.,Guyana
Opiliaceae,Agonandra brasiliensis,Miers ex Benth.,Guyana
Opiliaceae,Agonandra silvatica,Ducke,Guyana
Passifloraceae,Turnera odorata,Rich.,Guyana
Pentaphylacaceae,Freziera roraimensis,Tul.,Guyana
Pentaphylacaceae,Ternstroemia browniana,Kobuski,Guyana
Pentaphylacaceae,Ternstroemia candolleana,Wawra,Guyana
Pentaphylacaceae,Ternstroemia delicatula,Choisy,Guyana
Pentaphylacaceae,Ternstroemia gleasoniana,Kobuski,Guyana
Pentaphylacaceae,Ternstroemia grandiosa,Kobuski,Guyana
Pentaphylacaceae,Ternstroemia laevigata,Wawra,Guyana
Pentaphylacaceae,Ternstroemia punctata,(Aubl.) Sw.,Guyana
Pentaphylacaceae,Ternstroemia schomburgkiana,Benth.,Guyana
Pentaphylacaceae,Ternstroemia verticillata,Klotzsch ex Wawra,Guyana
Peraceae,Chaetocarpus schomburgkianus,(Kuntze) Pax & K.Hoffm.,Guyana
Peraceae,Pera bicolor,(Klotzsch) Müll.Arg.,Guyana
Peraceae,Pera decipiens,(Müll.Arg.) Müll.Arg.,Guyana
Peraceae,Pera glabrata,(Schott) Poepp. ex Baill.,Guyana
Peraceae,Pogonophora schomburgkiana,Miers ex Benth.,Guyana
Petiveriaceae,Seguieria americana,L.,Guyana
Phyllanthaceae,Amanoa guianensis,Aubl.,Guyana
Phyllanthaceae,Discocarpus essequeboensis,Klotzsch,Guyana
Phyllanthaceae,Hieronyma alchorneoides,Allemão,Guyana
Phyllanthaceae,Hieronyma oblonga,(Tul.) Müll.Arg.,Guyana
Phyllanthaceae,Jablonskia congesta,(Benth. ex Müll.Arg.) G.L.Webster,Guyana
Phyllanthaceae,Margaritaria nobilis,L.f.,Guyana
Phyllanthaceae,Phyllanthus acuminatus,Vahl,Guyana
Phyllanthaceae,Phyllanthus attenuatus,Miq.,Guyana
Phyllanthaceae,Phyllanthus elsiae,Urb.,Guyana
Phyllanthaceae,Phyllanthus juglandifolius,Willd.,Guyana
Phyllanthaceae,Phyllanthus myrsinites,Kunth,Guyana
Phyllanthaceae,Richeria grandis,Vahl,Guyana
Picramniaceae,Picramnia guianensis,(Aubl.) Jans.-Jac.,Guyana
Picramniaceae,Picramnia juniniana,J.F.Macbr.,Guyana
Picramniaceae,Picramnia latifolia,Tul.,Guyana
Picramniaceae,Picramnia magnifolia,J.F.Macbr.,Guyana
Picramniaceae,Picramnia nuriensis,Steyerm.,Guyana
Picramniaceae,Picramnia sellowii,Planch.,Guyana
Picramniaceae,Picramnia spruceana,Engl.,Guyana
Picrodendraceae,Piranhea trifoliata,Baill.,Guyana
Piperaceae,Piper aduncum,L.,Guyana
Piperaceae,Piper aequale,Vahl,Guyana
Piperaceae,Piper amalago,L.,Guyana
Piperaceae,Piper arboreum,Aubl.,Guyana
Piperaceae,Piper augustum,Rudge,Guyana
Piperaceae,Piper cernuum,Vell.,Guyana
Piperaceae,Piper dilatatum,Rich.,Guyana
Piperaceae,Piper glabrescens,(Miq.) C.DC.,Guyana
Piperaceae,Piper hispidum,Sw.,Guyana
Piperaceae,Piper hostmannianum,(Miq.) C.DC.,Guyana
Piperaceae,Piper inaequale,C.DC.,Guyana
Piperaceae,Piper reticulatum,L.,Guyana
Piperaceae,Piper tuberculatum,Jacq.,Guyana
Podocarpaceae,Podocarpus steyermarkii,J.Buchholz & N.E.Gray,Guyana
Podocarpaceae,Podocarpus tepuiensis,J.Buchholz & N.E.Gray,Guyana
Polygalaceae,Bredemeyera altissima,(Poepp.) A.W.Benn.,Guyana
Polygalaceae,Bredemeyera floribunda,Willd.,Guyana
Polygalaceae,Moutabea aculeata,(Ruiz & Pav.) Poepp. & Endl.,Guyana
Polygalaceae,Moutabea guianensis,Aubl.,Guyana
Polygalaceae,Securidaca volubilis,L.,Guyana
Polygonaceae,Coccoloba acuminata,Kunth,Guyana
Polygonaceae,Coccoloba ascendens,Duss ex Lindau,Guyana
Polygonaceae,Coccoloba brasiliensis,Nees & Mart.,Guyana
Polygonaceae,Coccoloba charitostachya,Standl.,Guyana
Polygonaceae,Coccoloba cruegeri,Lindau,Guyana
Polygonaceae,Coccoloba densifrons,Mart. ex Meisn.,Guyana
Polygonaceae,Coccoloba excelsa,Benth.,Guyana
Polygonaceae,Coccoloba latifolia,Poir.,Guyana
Polygonaceae,Coccoloba ovata,Benth.,Guyana
Polygonaceae,Coccoloba savannarum,Standl.,Guyana
Polygonaceae,Coccoloba striata,Benth.,Guyana
Polygonaceae,Coccoloba uvifera,(L.) L.,Guyana
Polygonaceae,Enneatypus ramiflorus,(C.A.Mey.) Roberty & Vautier,Guyana
Polygonaceae,Enneatypus tenuiflorus,(Benth.) Roberty & Vautier,Guyana
Polygonaceae,Ruprechtia brachysepala,Meisn.,Guyana
Polygonaceae,Ruprechtia brachystachya,Benth.,Guyana
Polygonaceae,Symmeria paniculata,Benth.,Guyana
Polygonaceae,Triplaris americana,L.,Guyana
Polygonaceae,Triplaris weigeltiana,(Rchb.) Kuntze,Guyana
Primulaceae,Ardisia guianensis,(Aubl.) Mez,Guyana
Primulaceae,Cybianthus amplus,(Mez) G.Agostini,Guyana
Primulaceae,Cybianthus apiculatus,(Steyerm.) G.Agostini,Guyana
Primulaceae,Cybianthus duidae,(Gleason & Moldenke) G.Agostini,Guyana
Primulaceae,Cybianthus fulvopulverulentus,(Mez) G.Agostini,Guyana
Primulaceae,Cybianthus grandifolius,(Mez) G.Agostini,Guyana
Primulaceae,Cybianthus guyanensis,(A.DC.) Miq.,Guyana
Primulaceae,Cybianthus lepidotus,(Gleason) G.Agostini,Guyana
Primulaceae,Cybianthus potiaei,(Mez) G.Agostini,Guyana
Primulaceae,Cybianthus prieurii,A.DC.,Guyana
Primulaceae,Cybianthus punctatus,(Mez) G.Agostini,Guyana
Primulaceae,Cybianthus quelchii,(N.E.Br.) G.Agostini,Guyana
Primulaceae,Cybianthus roraimae,(Steyerm.) G.Agostini,Guyana
Primulaceae,Cybianthus spicatus,(Kunth) G.Agostini,Guyana
Primulaceae,Cybianthus surinamensis,(A.Spreng.) G.Agostini,Guyana
Primulaceae,Cybianthus venezuelanus,Mez,Guyana
Primulaceae,Myrsine coriacea,(Sw.) R.Br. ex Roem. & Schult.,Guyana
Primulaceae,Myrsine guianensis,(Aubl.) Kuntze,Guyana
Primulaceae,Myrsine minima,(Steyerm.) Pipoly,Guyana
Primulaceae,Myrsine nitida,(Mez) Pipoly,Guyana
Primulaceae,Stylogyne lasseri,(Lundell) Pipoly,Guyana
Primulaceae,Stylogyne longifolia,(Mart. ex Miq.) Mez,Guyana
Primulaceae,Stylogyne micrantha,(Kunth) Mez,Guyana
Primulaceae,Stylogyne orinocensis,(Kunth) Mez,Guyana
Proteaceae,Panopsis rubescens,(Pohl) Pittier,Guyana
Proteaceae,Panopsis sessilifolia,(Rich.) Sandwith,Guyana
Proteaceae,Roupala montana,Aubl.,Guyana
Proteaceae,Roupala obtusata,Klotzsch,Guyana
Proteaceae,Roupala suaveolens,Klotzsch,Guyana
Putranjivaceae,Drypetes fanshawei,Sandwith,Guyana
Putranjivaceae,Drypetes variabilis,Uittien,Guyana
Rhabdodendraceae,Rhabdodendron amazonicum,(Spruce ex Benth.) Huber,Guyana
Rhamnaceae,Ampelozizyphus amazonicus,Ducke,Guyana
Rhamnaceae,Colubrina glandulosa,G.Perkins,Guyana
Rhamnaceae,Sarcomphalus cinnamomum,(Triana & Planch.) Hauenschild,Guyana
Rhizophoraceae,Cassipourea guianensis,Aubl.,Guyana
Rhizophoraceae,Cassipourea lasiocalyx,Alston,Guyana
Rhizophoraceae,Cassipourea peruviana,Alston,Guyana
Rhizophoraceae,Rhizophora mangle,L.,Guyana
Rhizophoraceae,Rhizophora racemosa,G.Mey.,Guyana
Rhizophoraceae,Sterigmapetalum resinosum,Steyerm. & Liesner,Guyana
Rosaceae,Prunus accumulans,(Koehne) C.L.Li & Aymard,Guyana
Rosaceae,Prunus myrtifolia,(L.) Urb.,Guyana
Rubiaceae,Alibertia bertierifolia,K.Schum.,Guyana
Rubiaceae,Alibertia edulis,(Rich.) A.Rich. ex DC.,Guyana
Rubiaceae,Alibertia latifolia,(Benth.) K.Schum.,Guyana
Rubiaceae,Alseis longifolia,Ducke,Guyana
Rubiaceae,Alseis smithii,Standl.,Guyana
Rubiaceae,Amaioua brevidentata,Steyerm.,Guyana
Rubiaceae,Amaioua glomerulata,(Lam. ex Poir.) Delprete & C.H.Perss.,Guyana
Rubiaceae,Amaioua guianensis,Aubl.,Guyana
Rubiaceae,Appunia debilis,Sandwith,Guyana
Rubiaceae,Appunia morindoides,"(A.Rich. ex DC.) Delprete, C.M.Taylor & T.McDowell",Guyana
Rubiaceae,Bertiera guianensis,Aubl.,Guyana
Rubiaceae,Bothriospora corymbosa,(Benth.) Hook.f.,Guyana
Rubiaceae,Calycophyllum intonsum,Steyerm.,Guyana
Rubiaceae,Calycophyllum merumense,Steyerm.,Guyana
Rubiaceae,Calycophyllum obovatum,(Ducke) Ducke,Guyana
Rubiaceae,Calycophyllum spectabile,Steyerm.,Guyana
Rubiaceae,Calycophyllum venezuelense,Steyerm.,Guyana
Rubiaceae,Capirona decorticans,Spruce,Guyana
Rubiaceae,Carapichea tillettii,(Steyerm.) C.M.Taylor,Guyana
Rubiaceae,Chimarrhis microcarpa,Standl.,Guyana
Rubiaceae,Chimarrhis turbinata,DC.,Guyana
Rubiaceae,Chomelia malaneoides,Müll.Arg.,Guyana
Rubiaceae,Chomelia obtusa,Cham. & Schltdl.,Guyana
Rubiaceae,Chomelia polyantha,S.F.Blake,Guyana
Rubiaceae,Chomelia tenuiflora,Benth.,Guyana
Rubiaceae,Cordiera myrciifolia,(K.Schum.) Perss. & Delprete,Guyana
Rubiaceae,Cordiera triflora,A.Rich. ex DC.,Guyana
Rubiaceae,Cosmibuena grandiflora,(Ruiz & Pav.) Rusby,Guyana
Rubiaceae,Coussarea fanshawei,Steyerm.,Guyana
Rubiaceae,Coussarea grandis,Müll.Arg.,Guyana
Rubiaceae,Coussarea leptophragma,Müll.Arg.,Guyana
Rubiaceae,Coussarea longiflora,(Mart.) Müll.Arg.,Guyana
Rubiaceae,Coussarea longilaciniata,Delprete,Guyana
Rubiaceae,Coussarea machadoana,Standl.,Guyana
Rubiaceae,Coussarea mapourioides,Bremek.,Guyana
Rubiaceae,Coussarea paniculata,(Willd.) Standl.,Guyana
Rubiaceae,Coussarea violacea,Aubl.,Guyana
Rubiaceae,Coutarea hexandra,(Jacq.) K.Schum.,Guyana
Rubiaceae,Duidania montana,Standl.,Guyana
Rubiaceae,Duroia aquatica,(Aubl.) Bremek.,Guyana
Rubiaceae,Duroia eriopila,L.f.,Guyana
Rubiaceae,Duroia fusifera,Spruce ex K.Schum.,Guyana
Rubiaceae,Duroia genipoides,Spruce ex K.Schum.,Guyana
Rubiaceae,Duroia hirsuta,(Poepp.) K.Schum.,Guyana
Rubiaceae,Duroia longiflora,Ducke,Guyana
Rubiaceae,Duroia merumensis,Steyerm.,Guyana
Rubiaceae,Duroia micrantha,(Ladbr.) Zarucchi & J.H.Kirkbr.,Guyana
Rubiaceae,Duroia nitida,Steyerm.,Guyana
Rubiaceae,Elaeagia maguirei,Standl.,Guyana
Rubiaceae,Erithalis fruticosa,L.,Guyana
Rubiaceae,Eumachia astrellantha,(Wernham) Delprete & J.H.Kirkbr.,Guyana
Rubiaceae,Eumachia boliviana,(Standl.) Delprete & J.H.Kirkbr.,Guyana
Rubiaceae,Eumachia deinocalyx,(Sandwith) Delprete & J.H.Kirkbr.,Guyana
Rubiaceae,Eumachia guianensis,(Bremek.) Delprete & J.H.Kirkbr.,Guyana
Rubiaceae,Eumachia kappleri,(Miq.) Delprete & J.H.Kirkbr.,Guyana
Rubiaceae,Eumachia podocephala,(Müll.Arg.) Delprete & J.H.Kirkbr.,Guyana
Rubiaceae,Faramea anisocalyx,Poepp.,Guyana
Rubiaceae,Faramea capillipes,Müll.Arg.,Guyana
Rubiaceae,Faramea cardonae,Standl. & Steyerm.,Guyana
Rubiaceae,Faramea corymbosa,Aubl.,Guyana
Rubiaceae,Faramea crassifolia,Benth.,Guyana
Rubiaceae,Faramea egregia,Sandwith,Guyana
Rubiaceae,Faramea maguirei,Steyerm.,Guyana
Rubiaceae,Faramea multiflora,A.Rich.,Guyana
Rubiaceae,Faramea occidentalis,(L.) A.Rich.,Guyana
Rubiaceae,Faramea paniculata,(Aubl.) Benth.,Guyana
Rubiaceae,Faramea polytriadophora,Bremek.,Guyana
Rubiaceae,Faramea sessilifolia,(Kunth) DC.,Guyana
Rubiaceae,Faramea spathacea,Müll.Arg. ex Standl.,Guyana
Rubiaceae,Faramea torquata,Müll.Arg.,Guyana
Rubiaceae,Ferdinandusa goudotiana,K.Schum.,Guyana
Rubiaceae,Ferdinandusa paraensis,Ducke,Guyana
Rubiaceae,Ferdinandusa rudgeoides,(Benth.) Wedd.,Guyana
Rubiaceae,Ferdinandusa uaupensis,Spruce ex K.Schum.,Guyana
Rubiaceae,Genipa americana,L.,Guyana
Rubiaceae,Genipa spruceana,Steyerm.,Guyana
Rubiaceae,Gonzalagunia dicocca,Cham. & Schltdl.,Guyana
Rubiaceae,Gonzalagunia panamensis,(Cav.) K.Schum.,Guyana
Rubiaceae,Gonzalagunia surinamensis,Bremek.,Guyana
Rubiaceae,Guettarda divaricata,(Humb. & Bonpl. ex Schult.) Standl.,Guyana
Rubiaceae,Guettarda spruceana,Müll.Arg.,Guyana
Rubiaceae,Hamelia patens,Jacq.,Guyana
Rubiaceae,Henriquezia jenmanii,K.Schum.,Guyana
Rubiaceae,Hillia illustris,(Vell.) K.Schum.,Guyana
Rubiaceae,Isertia haenkeana,DC.,Guyana
Rubiaceae,Isertia hypoleuca,Benth.,Guyana
Rubiaceae,Isertia parviflora,Vahl,Guyana
Rubiaceae,Ixora panurensis,Müll.Arg.,Guyana
Rubiaceae,Ixora sparsifolia,K.Krause,Guyana
Rubiaceae,Kutchubaea neblinensis,Steyerm.,Guyana
Rubiaceae,Ladenbergia lambertiana,(A.Br. ex Mart.) Klotzsch,Guyana
Rubiaceae,Machaonia brasiliensis,(Hoffmanns. ex Humb.) Cham. & Schltdl.,Guyana
Rubiaceae,Pagamea coriacea,Spruce ex Benth.,Guyana
Rubiaceae,Pagamea guianensis,Aubl.,Guyana
Rubiaceae,Pagamea thyrsiflora,Spruce ex Benth.,Guyana
Rubiaceae,Palicourea acuminata,(Benth.) Borhidi,Guyana
Rubiaceae,Palicourea amapaensis,Steyerm.,Guyana
Rubiaceae,Palicourea boyanii,(Steyerm.) C.M.Taylor,Guyana
Rubiaceae,Palicourea calophylla,DC.,Guyana
Rubiaceae,Palicourea campyloneura,(Müll.Arg.) Delprete & J.H.Kirkbr.,Guyana
Rubiaceae,Palicourea cardonae,Steyerm.,Guyana
Rubiaceae,Palicourea ceratantha,(Standl.) C.M.Taylor,Guyana
Rubiaceae,Palicourea corymbifera,(Müll.Arg.) Standl.,Guyana
Rubiaceae,Palicourea coussareoides,(Standl.) Delprete & J.H.Kirkbr.,Guyana
Rubiaceae,Palicourea crocea,(Sw.) Schult.,Guyana
Rubiaceae,Palicourea croceoides,Ham.,Guyana
Rubiaceae,Palicourea ernestii,(K.Krause) C.M.Taylor,Guyana
Rubiaceae,Palicourea fanshawei,(Standl.) Delprete & J.H.Kirkbr.,Guyana
Rubiaceae,Palicourea glandulicalyx,(Steyerm.) Delprete & J.H.Kirkbr.,Guyana
Rubiaceae,Palicourea gracilenta,(Müll.Arg.) Delprete & J.H.Kirkbr.,Guyana
Rubiaceae,Palicourea guianensis,Aubl.,Guyana
Rubiaceae,Palicourea hoffmannseggiana,(Willd. ex Schult.) Borhidi,Guyana
Rubiaceae,Palicourea iodotricha,(Müll.Arg.) Delprete & J.H.Kirkbr.,Guyana
Rubiaceae,Palicourea jenmanii,(Wernham) C.M.Taylor,Guyana
Rubiaceae,Palicourea longicuspis,(Müll.Arg.) Delprete & J.H.Kirkbr.,Guyana
Rubiaceae,Palicourea longistipulata,Standl.,Guyana
Rubiaceae,Palicourea muscosa,(Jacq.) Delprete & J.H.Kirkbr.,Guyana
Rubiaceae,Palicourea pakaraimensis,(Steyerm.) Delprete & J.H.Kirkbr.,Guyana
Rubiaceae,Palicourea paniculata,(L.f.) P.L.R.Moraes & C.M.Taylor,Guyana
Rubiaceae,Palicourea parvibractea,(Steyerm.) Borhidi,Guyana
Rubiaceae,Palicourea perquadrangularis,Wernham,Guyana
Rubiaceae,Palicourea potaroensis,(Sandwith) Delprete & J.H.Kirkbr.,Guyana
Rubiaceae,Palicourea quadrifolia,(Rudge) DC.,Guyana
Rubiaceae,Palicourea racemosa,(Aubl.) G.Nicholson,Guyana
Rubiaceae,Palicourea sandwithii,Delprete & J.H.Kirkbr.,Guyana
Rubiaceae,Palicourea schomburgkii,(Benth.) Delprete & J.H.Kirkbr.,Guyana
Rubiaceae,Palicourea sessilis,(Vell.) C.M.Taylor,Guyana
Rubiaceae,Palicourea subundulata,(Benth.) Delprete & J.H.Kirkbr.,Guyana
Rubiaceae,Palicourea tenerior,(Cham.) Delprete & J.H.Kirkbr.,Guyana
Rubiaceae,Palicourea tepuiensis,(Steyerm.) C.M.Taylor,Guyana
Rubiaceae,Palicourea triphylla,DC.,Guyana
Rubiaceae,Palicourea venulosa,(Müll.Arg.) Delprete & J.H.Kirkbr.,Guyana
Rubiaceae,Palicourea violacea,(Aubl.) A.Rich.,Guyana
Rubiaceae,Platycarpum eglandulosum,Steyerm.,Guyana
Rubiaceae,Posoqueria latifolia,(Rudge) Schult.,Guyana
Rubiaceae,Posoqueria longiflora,Aubl.,Guyana
Rubiaceae,Posoqueria trinitatis,DC.,Guyana
Rubiaceae,Psychotria borjensis,Kunth,Guyana
Rubiaceae,Psychotria carthagenensis,Jacq.,Guyana
Rubiaceae,Psychotria cupularis,(Müll.Arg.) Standl.,Guyana
Rubiaceae,Psychotria ernestii,K.Krause,Guyana
Rubiaceae,Psychotria irwinii,Steyerm.,Guyana
Rubiaceae,Psychotria pedunculosa,Rich.,Guyana
Rubiaceae,Psychotria remota,Benth.,Guyana
Rubiaceae,Randia aculeata,L.,Guyana
Rubiaceae,Randia armata,(Sw.) DC.,Guyana
Rubiaceae,Randia brevipes,Steyerm.,Guyana
Rubiaceae,Randia hebecarpa,Benth.,Guyana
Rubiaceae,Remijia densiflora,Benth.,Guyana
Rubiaceae,Remijia pilosinervula,Steyerm.,Guyana
Rubiaceae,Remijia roraimae,(Benth.) K.Schum.,Guyana
Rubiaceae,Retiniphyllum chloranthum,Ducke,Guyana
Rubiaceae,Retiniphyllum concolor,(Spruce ex Benth.) Müll.Arg.,Guyana
Rubiaceae,Ronabea latifolia,Aubl.,Guyana
Rubiaceae,Rosenbergiodendron longiflorum,(Ruiz & Pav.) Fagerl.,Guyana
Rubiaceae,Rudgea ayangannensis,Steyerm.,Guyana
Rubiaceae,Rudgea cornifolia,(Kunth) Standl.,Guyana
Rubiaceae,Rudgea crassiloba,(Benth.) B.L.Rob.,Guyana
Rubiaceae,Rudgea graciliflora,Standl.,Guyana
Rubiaceae,Rudgea hostmanniana,Benth.,Guyana
Rubiaceae,Rudgea lanceifolia,Salisb.,Guyana
Rubiaceae,Rudgea stipulacea,(DC.) Steyerm.,Guyana
Rubiaceae,Stachyarrhena spicata,Hook.f.,Guyana
Rubiaceae,Stenostomum acreanum,(K.Krause) Achille & Delprete,Guyana
Rubiaceae,Stenostomum guianensis,(Bremek.) Delprete & Achille,Guyana
Rubiaceae,Tournefortiopsis crispiflora,(Vahl) Borhidi,Guyana
Rubiaceae,Warszewiczia coccinea,(Vahl) Klotzsch,Guyana
Rubiaceae,Wittmackanthus stanleyanus,(M.R.Schomb.) Kuntze,Guyana
Rutaceae,Conchocarpus fanshawei,(Sandwith) Kallunki & Pirani,Guyana
Rutaceae,Conchocarpus toxicarius,(Spruce ex Engl.) Kallunki & Pirani,Guyana
Rutaceae,Conchocarpus ucayalinus,(Huber) Kallunki & Pirani,Guyana
Rutaceae,Erythrochiton brasiliensis,Nees & Mart.,Guyana
Rutaceae,Esenbeckia pilocarpoides,Kunth,Guyana
Rutaceae,Galipea davisii,Sandwith,Guyana
Rutaceae,Hortia regia,Sandwith,Guyana
Rutaceae,Pilocarpus demerarae,Sandwith,Guyana
Rutaceae,Rauia resinosa,Nees & C. Mart.,Guyana
Rutaceae,Rauia subtruncata,Steyerm.,Guyana
Rutaceae,Sohnreyia ulei,(Engl. ex Harms) Appelhans & Kessler,Guyana
Rutaceae,Spiranthera guianensis,Sandwith,Guyana
Rutaceae,Spiranthera parviflora,Sandwith,Guyana
Rutaceae,Ticorea foetida,Aubl.,Guyana
Rutaceae,Zanthoxylum apiculatum,(Sandwith) P.G.Waterman,Guyana
Rutaceae,Zanthoxylum caribaeum,Lam.,Guyana
Rutaceae,Zanthoxylum compactum,(Huber ex Albuq.) P.G.Waterman,Guyana
Rutaceae,Zanthoxylum paulae,(Albuq.) P.G.Waterman,Guyana
Rutaceae,Zanthoxylum pentandrum,(Aubl.) R.A.Howard,Guyana
Rutaceae,Zanthoxylum rhoifolium,Lam.,Guyana
Sabiaceae,Ophiocaryon paradoxum,R.H. Schomb.,Guyana
Salicaceae,Casearia aculeata,Jacq.,Guyana
Salicaceae,Casearia arborea,(Rich.) Urb.,Guyana
Salicaceae,Casearia bicolor,Urb.,Guyana
Salicaceae,Casearia combaymensis,Tul.,Guyana
Salicaceae,Casearia completa,(Jacq.) T.Samar. & M.H.Alford,Guyana
Salicaceae,Casearia decandra,Jacq.,Guyana
Salicaceae,Casearia duckeana,Sleumer,Guyana
Salicaceae,Casearia grandiflora,Cambess.,Guyana
Salicaceae,Casearia guianensis,(Aubl.) Urb.,Guyana
Salicaceae,Casearia mariquitensis,Kunth,Guyana
Salicaceae,Casearia pitumba,Sleumer,Guyana
Salicaceae,Casearia rusbyana,Briq.,Guyana
Salicaceae,Casearia spinescens,(Sw.) Griseb.,Guyana
Salicaceae,Casearia suaveolens,(Poepp.) T.Samar. & M.H.Alford,Guyana
Salicaceae,Casearia sylvestris,Sw.,Guyana
Salicaceae,Casearia ulmifolia,Vahl ex Vent.,Guyana
Salicaceae,Casearia zizyphoides,Kunth,Guyana
Salicaceae,Euceraea nitida,Mart.,Guyana
Salicaceae,Homalium guianense,(Aubl.) Oken,Guyana
Salicaceae,Homalium racemosum,Jacq.,Guyana
Salicaceae,Irenodendron cupulatum,(Spruce ex Benth.) M.H.Alford & Dement,Guyana
Salicaceae,Neosprucea paterna,M.H. Alford,Guyana
Salicaceae,Piparea dentata,Aubl.,Guyana
Salicaceae,Piparea multiflora,C.F.Gaertn.,Guyana
Salicaceae,Ryania pyrifera,(Rich.) Uittien & Sleumer,Guyana
Salicaceae,Ryania speciosa,Vahl,Guyana
Salicaceae,Xylosma benthamii,(Tul.) Triana & Planch.,Guyana
Salicaceae,Xylosma ciliatifolia,(Clos) Eichler,Guyana
Salicaceae,Xylosma tessmannii,Sleumer,Guyana
Sapindaceae,Allophylastrum frutescens,Acev.-Rodr.,Guyana
Sapindaceae,Allophylus edulis,"(A.St.-Hil., A.Juss. & Cambess.) Radlk.",Guyana
Sapindaceae,Allophylus racemosus,Sw.,Guyana
Sapindaceae,Allophylus robustus,Radlk.,Guyana
Sapindaceae,Cupania hirsuta,Radlk.,Guyana
Sapindaceae,Cupania kukenanica,Steyerm.,Guyana
Sapindaceae,Cupania latifolia,Kunth,Guyana
Sapindaceae,Cupania macrostylis,(Radlk.) Acev.-Rodr.,Guyana
Sapindaceae,Cupania rubiginosa,(Poir.) Radlk.,Guyana
Sapindaceae,Cupania scrobiculata,Rich.,Guyana
Sapindaceae,Dodonaea viscosa,(L.) Jacq.,Guyana
Sapindaceae,Matayba arborescens,(Aubl.) Radlk.,Guyana
Sapindaceae,Matayba camptoneura,Radlk.,Guyana
Sapindaceae,Matayba elegans,Radlk.,Guyana
Sapindaceae,Matayba guianensis,Aubl.,Guyana
Sapindaceae,Matayba inelegans,Radlk.,Guyana
Sapindaceae,Matayba opaca,Radlk.,Guyana
Sapindaceae,Matayba peruviana,Radlk.,Guyana
Sapindaceae,Matayba ptariana,Steyerm.,Guyana
Sapindaceae,Matayba purgans,Radlk.,Guyana
Sapindaceae,Melicoccus bijugatus,Jacq.,Guyana
Sapindaceae,Melicoccus oliviformis,Kunth,Guyana
Sapindaceae,Porocystis toulicioides,Radlk.,Guyana
Sapindaceae,Sapindus saponaria,L.,Guyana
Sapindaceae,Talisia carinata,Radlk.,Guyana
Sapindaceae,Talisia furfuracea,Sandwith,Guyana
Sapindaceae,Talisia guianensis,Aubl.,Guyana
Sapindaceae,Talisia hemidasya,Radlk.,Guyana
Sapindaceae,Talisia hexaphylla,Vahl,Guyana
Sapindaceae,Talisia longifolia,(Benth.) Radlk.,Guyana
Sapindaceae,Talisia macrophylla,(Mart.) Radlk.,Guyana
Sapindaceae,Talisia megaphylla,Sagot,Guyana
Sapindaceae,Talisia microphylla,Uittien,Guyana
Sapindaceae,Talisia mollis,Kunth ex Cambess.,Guyana
Sapindaceae,Talisia pachycarpa,Radlk.,Guyana
Sapindaceae,Talisia retusa,R.S.Cowan,Guyana
Sapindaceae,Talisia simaboides,K.U.Kramer,Guyana
Sapindaceae,Talisia squarrosa,Radlk.,Guyana
Sapindaceae,Talisia sylvatica,(Aubl.) Radlk.,Guyana
Sapindaceae,Toulicia guianensis,Aubl.,Guyana
Sapindaceae,Toulicia patentinervis,Radlk.,Guyana
Sapindaceae,Toulicia pulvinata,Radlk.,Guyana
Sapindaceae,Vouarana guianensis,Aubl.,Guyana
Sapotaceae,Chromolucuma baehniana,Monach.,Guyana
Sapotaceae,Chrysophyllum argenteum,Jacq.,Guyana
Sapotaceae,Chrysophyllum pomiferum,(Eyma) T.D.Penn.,Guyana
Sapotaceae,Chrysophyllum prieurii,A.DC.,Guyana
Sapotaceae,Chrysophyllum sanguinolentum,(Pierre) Baehni,Guyana
Sapotaceae,Chrysophyllum sparsiflorum,Klotzsch ex Miq.,Guyana
Sapotaceae,Diploon cuspidatum,(Hoehne) Cronquist,Guyana
Sapotaceae,Ecclinusa guianensis,Eyma,Guyana
Sapotaceae,Ecclinusa lanceolata,(Mart. & Eichler) Pierre,Guyana
Sapotaceae,Ecclinusa psilophylla,Sandwith,Guyana
Sapotaceae,Ecclinusa ulei,(K.Krause) Gilly ex Cronquist,Guyana
Sapotaceae,Elaeoluma glabrescens,(Mart. & Eichler) Aubrév.,Guyana
Sapotaceae,Elaeoluma schomburgkiana,(Miq.) Baill.,Guyana
Sapotaceae,Manilkara bidentata,(A.DC.) A.Chev.,Guyana
Sapotaceae,Manilkara pubicarpa,Monach.,Guyana
Sapotaceae,Micropholis egensis,(A.DC.) Pierre,Guyana
Sapotaceae,Micropholis guyanensis,(A.DC.) Pierre,Guyana
Sapotaceae,Micropholis longipedicellata,Aubrév.,Guyana
Sapotaceae,Micropholis mensalis,(Baehni) Aubrév.,Guyana
Sapotaceae,Micropholis obscura,T.D.Penn.,Guyana
Sapotaceae,Micropholis porphyrocarpa,(Baehni) Monach.,Guyana
Sapotaceae,Micropholis venulosa,(Mart. & Eichler) Pierre,Guyana
Sapotaceae,Pouteria ambelaniifolia,(Sandwith) T.D.Penn.,Guyana
Sapotaceae,Pouteria bangii,(Rusby) T.D.Penn.,Guyana
Sapotaceae,Pouteria bilocularis,(H.J.P.Winkl.) Baehni,Guyana
Sapotaceae,Pouteria brachyandra,(Aubrév. & Pellegr.) T.D.Penn.,Guyana
Sapotaceae,Pouteria caimito,(Ruiz & Pav.) Radlk.,Guyana
Sapotaceae,Pouteria cayennensis,(A.DC.) Eyma,Guyana
Sapotaceae,Pouteria cladantha,Sandwith,Guyana
Sapotaceae,Pouteria coriacea,(Pierre) Pierre,Guyana
Sapotaceae,Pouteria cuspidata,(A.DC.) Baehni,Guyana
Sapotaceae,Pouteria durlandii,(Standl.) Baehni,Guyana
Sapotaceae,Pouteria egregia,Sandwith,Guyana
Sapotaceae,Pouteria elegans,(A.DC.) Baehni,Guyana
Sapotaceae,Pouteria engleri,Eyma,Guyana
Sapotaceae,Pouteria eugeniifolia,(Pierre) Baehni,Guyana
Sapotaceae,Pouteria filipes,Eyma,Guyana
Sapotaceae,Pouteria fimbriata,Baehni,Guyana
Sapotaceae,Pouteria glomerata,(Miq.) Radlk.,Guyana
Sapotaceae,Pouteria grandis,Eyma,Guyana
Sapotaceae,Pouteria guianensis,Aubl.,Guyana
Sapotaceae,Pouteria kaieteurensis,T.D.Penn.,Guyana
Sapotaceae,Pouteria penicillata,Baehni,Guyana
Sapotaceae,Pouteria reticulata,(Engl.) Eyma,Guyana
Sapotaceae,Pouteria rigida,(Mart. & Eichler) Radlk.,Guyana
Sapotaceae,Pouteria rigidopsis,Monach. ex T.D.Penn.,Guyana
Sapotaceae,Pouteria sagotiana,(Baill.) Eyma,Guyana
Sapotaceae,Pouteria scrobiculata,Monach. ex T.D.Penn.,Guyana
Sapotaceae,Pouteria speciosa,(Ducke) Baehni,Guyana
Sapotaceae,Pouteria surumuensis,Baehni,Guyana
Sapotaceae,Pouteria trigonosperma,Eyma,Guyana
Sapotaceae,Pouteria venosa,(Mart.) Baehni,Guyana
Sapotaceae,Pouteria virescens,Baehni,Guyana
Sapotaceae,Pradosia beardii,(Monach.) T.D.Penn.,Guyana
Sapotaceae,Pradosia grisebachii,(Pierre) T.D.Penn.,Guyana
Sapotaceae,Pradosia schomburgkiana,(A.DC.) Cronquist,Guyana
Sapotaceae,Pradosia surinamensis,(Eyma) T.D.Penn.,Guyana
Sapotaceae,Sarcaulus brasiliensis,(A.DC.) Eyma,Guyana
Scrophulariaceae,Bontia daphnoides,L.,Guyana
Simaroubaceae,Homalolepis cedron,(Planch.) Devecchi & Pirani,Guyana
Simaroubaceae,Homalolepis paraensis,(Ducke) Devecchi & Pirani,Guyana
Simaroubaceae,Picrolemma sprucei,Hook.f.,Guyana
Simaroubaceae,Quassia amara,L.,Guyana
Simaroubaceae,Simaba guianensis,Aubl.,Guyana
Simaroubaceae,Simaba orinocensis,Kunth,Guyana
Simaroubaceae,Simarouba amara,Aubl.,Guyana
Siparunaceae,Siparuna cristata,(Poepp. & Endl.) A.DC.,Guyana
Siparunaceae,Siparuna cuspidata,(Tul.) A.DC.,Guyana
Siparunaceae,Siparuna decipiens,(Tul.) A.DC.,Guyana
Siparunaceae,Siparuna guianensis,Aubl.,Guyana
Siparunaceae,Siparuna pachyantha,A.C.Sm.,Guyana
Siparunaceae,Siparuna poeppigii,(Tul.) A. DC.,Guyana
Siparunaceae,Siparuna reginae,(Tul.) A.DC.,Guyana
Solanaceae,Brunfelsia uniflora,(Pohl) D.Don,Guyana
Solanaceae,Cestrum glabrescens,(Morton) Steyerm. & Maguire,Guyana
Solanaceae,Cestrum latifolium,Lam.,Guyana
Solanaceae,Cestrum schlechtendalii,G.Don,Guyana
Solanaceae,Solandra longiflora,Tussac,Guyana
Solanaceae,Solanum bicolor,Willd. ex Roem. & Schult.,Guyana
Solanaceae,Solanum cordovense,Sessé & Moc.,Guyana
Solanaceae,Solanum crinitum,Lam.,Guyana
Solanaceae,Solanum lepidotum,Dunal,Guyana
Solanaceae,Solanum leucocarpon,Dunal,Guyana
Solanaceae,Solanum oppositifolium,Ruiz & Pav.,Guyana
Solanaceae,Solanum proteanthum,Bohs,Guyana
Solanaceae,Solanum rugosum,Dunal,Guyana
Solanaceae,Solanum schlechtendalianum,Walp.,Guyana
Solanaceae,Solanum splendens,(Dunal) Bohs,Guyana
Solanaceae,Solanum subinerme,Jacq.,Guyana
Solanaceae,Solanum tobagense,(Sandwith) Bohs,Guyana
Stemonuraceae,Discophora guianensis,Miers,Guyana
Strelitziaceae,Phenakospermum guyannense,(A.Rich.) Endl. ex Miq.,Guyana
Styracaceae,Styrax glaber,Sw.,Guyana
Styracaceae,Styrax guyanensis,A.DC.,Guyana
Styracaceae,Styrax oblongus,(Ruiz & Pav.) A. DC.,Guyana
Symplocaceae,Symplocos guianensis,(Aubl.) Gürke,Guyana
Symplocaceae,Symplocos martinicensis,Jacq.,Guyana
Symplocaceae,Symplocos ulei,Brand,Guyana
Theaceae,Laplacea fruticosa,(Schrad.) Kobuski,Guyana
Thymelaeaceae,Daphnopsis granvillei,Barringer,Guyana
Thymelaeaceae,Daphnopsis longipedunculata,Gilg ex Domke,Guyana
Thymelaeaceae,Daphnopsis steyermarkii,Nevling,Guyana
Ulmaceae,Ampelocera edentula,Kuhlm.,Guyana
Urticaceae,Cecropia angulata,I.W.Bailey,Guyana
Urticaceae,Cecropia latiloba,Miq.,Guyana
Urticaceae,Cecropia metensis,Cuatrec.,Guyana
Urticaceae,Cecropia obtusa,Trécul,Guyana
Urticaceae,Cecropia peltata,L.,Guyana
Urticaceae,Cecropia sciadophylla,Mart.,Guyana
Urticaceae,Coussapoa asperifolia,Trécul,Guyana
Urticaceae,Coussapoa microcephala,Trécul,Guyana
Urticaceae,Coussapoa parvifolia,Standl.,Guyana
Urticaceae,Coussapoa trinervia,Spruce ex Mildbr.,Guyana
Urticaceae,Coussapoa viridifolia,Cuatrec.,Guyana
Urticaceae,Pourouma bicolor,Mart.,Guyana
Urticaceae,Pourouma guianensis,Aubl.,Guyana
Urticaceae,Pourouma melinonii,Benoist,Guyana
Urticaceae,Pourouma minor,Benoist,Guyana
Urticaceae,Pourouma mollis,Trécul,Guyana
Urticaceae,Pourouma stipulacea,C.C. Berg,Guyana
Urticaceae,Pourouma tomentosa,Mart. ex Miq.,Guyana
Urticaceae,Pourouma villosa,Trécul,Guyana
Urticaceae,Urera baccifera,(L.) Gaudich. ex Wedd.,Guyana
Urticaceae,Urera caracasana,(Jacq.) Gaudich. ex Griseb.,Guyana
Verbenaceae,Citharexylum spinosum,L.,Guyana
Verbenaceae,Citharexylum ulei,Moldenke,Guyana
Verbenaceae,Duranta erecta,L.,Guyana
Viburnaceae,Viburnum tinoides,L.f.,Guyana
Violaceae,Amphirrhox longifolia,(A.St.-Hil.) Spreng.,Guyana
Violaceae,Leonia glycycarpa,Ruiz & Pav.,Guyana
Violaceae,Paypayrola confertiflora,Tul.,Guyana
Violaceae,Paypayrola grandiflora,Tul.,Guyana
Violaceae,Paypayrola guianensis,Aubl.,Guyana
Violaceae,Paypayrola hulkiana,Pulle,Guyana
Violaceae,Paypayrola longifolia,Tul.,Guyana
Violaceae,Rinorea brevipes,(Benth.) S.F. Blake,Guyana
Violaceae,Rinorea endotricha,Sandwith,Guyana
Violaceae,Rinorea flavescens,(Aubl.) Kuntze,Guyana
Violaceae,Rinorea guianensis,Aubl.,Guyana
Violaceae,Rinorea lindeniana,(Tul.) Kuntze,Guyana
Violaceae,Rinorea macrocarpa,(Mart. ex Eichler) Kuntze,Guyana
Violaceae,Rinorea melanodonta,S.F.Blake,Guyana
Violaceae,Rinorea neglecta,Sandwith,Guyana
Violaceae,Rinorea pectino-squamata,Hekking,Guyana
Violaceae,Rinorea pubiflora,(Benth.) Sprague & Sandwith,Guyana
Violaceae,Rinorea riana,Kuntze,Guyana
Vochysiaceae,Erisma calcaratum,(Link) Warm.,Guyana
Vochysiaceae,Erisma nitidum,DC.,Guyana
Vochysiaceae,Erisma uncinatum,Warm.,Guyana
Vochysiaceae,Qualea acuminata,Spruce ex Warm.,Guyana
Vochysiaceae,Qualea dinizii,Ducke,Guyana
Vochysiaceae,Qualea marioniae,Marc.-Berti,Guyana
Vochysiaceae,Qualea paraensis,Ducke,Guyana
Vochysiaceae,Qualea polychroma,Stafleu,Guyana
Vochysiaceae,Qualea schomburgkiana,Warm.,Guyana
Vochysiaceae,Ruizterania albiflora,(Warm.) Marc.-Berti,Guyana
Vochysiaceae,Ruizterania ferruginea,(Steyerm.) Marc.-Berti,Guyana
Vochysiaceae,Ruizterania rigida,(Stafleu) Marc.-Berti,Guyana
Vochysiaceae,Vochysia apopetala,Ule,Guyana
Vochysiaceae,Vochysia costata,Warm.,Guyana
Vochysiaceae,Vochysia crassifolia,Warm.,Guyana
Vochysiaceae,Vochysia densiflora,Spruce,Guyana
Vochysiaceae,Vochysia ferruginea,Mart.,Guyana
Vochysiaceae,Vochysia glaberrima,Warm.,Guyana
Vochysiaceae,Vochysia guianensis,Aubl.,Guyana
Vochysiaceae,Vochysia maguirei,Marc.-Berti,Guyana
Vochysiaceae,Vochysia schomburgkii,Warm.,Guyana
Vochysiaceae,Vochysia surinamensis,Stafleu,Guyana
Vochysiaceae,Vochysia tetraphylla,(G.Mey.) DC.,Guyana
Vochysiaceae,Vochysia tomentosa,(G.Mey.) DC.,Guyana
Winteraceae,Drimys roraimensis,"(A.C.Sm.) Ehrend., Silberb.-Gottsb. & Gottsb.",Guyana
Zygophyllaceae,Guaiacum officinale,L.,Guyana
