family,taxon,author,native to
Acanthaceae,Avicennia alba,Blume,India
Acanthaceae,Avicennia marina,(Forssk.) Vierh.,India
Acanthaceae,Avicennia officinalis,L.,India
Achariaceae,Gynocardia odorata,R.Br.,India
Achariaceae,Hydnocarpus alpinus,Wight,India
Achariaceae,Hydnocarpus castaneus,Hook.f. & Thomson,India
Achariaceae,Hydnocarpus kurzii,(King) Warb.,India
Achariaceae,Hydnocarpus macrocarpus,(Bedd.) Warb.,India
Achariaceae,Hydnocarpus pendulus,"Manilal, T.Sabu & Sivar.",India
Achariaceae,Hydnocarpus pentandrus,(Buch.-Ham.) Oken,India
Achariaceae,Pangium edule,Reinw.,India
Achariaceae,Ryparosa javanica,Koord. & Valeton,India
Actinidiaceae,Saurauia armata,Kurz,India
Actinidiaceae,Saurauia cerea,Griff. ex Dyer,India
Actinidiaceae,Saurauia griffithii,Dyer,India
Actinidiaceae,Saurauia macrotricha,Kurz,India
Actinidiaceae,Saurauia napaulensis,DC.,India
Actinidiaceae,Saurauia roxburghii,Wall.,India
Actinidiaceae,Saurauia subspinosa,J.Anthony,India
Actinidiaceae,Saurauia tristyla,DC.,India
Altingiaceae,Liquidambar excelsa,(Noronha) Oken,India
Anacardiaceae,Bouea macrophylla,Griff.,India
Anacardiaceae,Bouea oppositifolia,(Roxb.) Meisn.,India
Anacardiaceae,Buchanania arborescens,(Blume) Blume,India
Anacardiaceae,Buchanania axillaris,(Desr.) Ramamoorthy,India
Anacardiaceae,Buchanania barberi,Gamble,India
Anacardiaceae,Buchanania ferruginea,Engl.,India
Anacardiaceae,Buchanania glabra,Wall. ex Engl.,India
Anacardiaceae,Buchanania lanceolata,Wight,India
Anacardiaceae,Buchanania lancifolia,Roxb.,India
Anacardiaceae,Buchanania lanzan,Spreng.,India
Anacardiaceae,Buchanania sessifolia,Blume,India
Anacardiaceae,Buchanania splendens,Miq.,India
Anacardiaceae,Choerospondias axillaris,(Roxb.) B.L.Burtt & A.W.Hill,India
Anacardiaceae,Cotinus coggygria,Scop.,India
Anacardiaceae,Cotinus kanaka,(R.N.De) D.Chandra,India
Anacardiaceae,Dracontomelon dao,(Blanco) Merr. & Rolfe,India
Anacardiaceae,Drimycarpus racemosus,(Roxb.) Hook.f. ex Marchand.,India
Anacardiaceae,Gluta longipetiolata,Kurz,India
Anacardiaceae,Gluta tavoyana,Hook.f.,India
Anacardiaceae,Gluta travancorica,Bedd.,India
Anacardiaceae,Gluta usitata,(Wall.) Ding Hou,India
Anacardiaceae,Holigarna arnottiana,Hook.f.,India
Anacardiaceae,Holigarna beddomei,Hook.f.,India
Anacardiaceae,Holigarna caustica,(Dennst.) Oken,India
Anacardiaceae,Holigarna ferruginea,Marchand,India
Anacardiaceae,Holigarna grahamii,(Wight) Kurz,India
Anacardiaceae,Holigarna kurzii,King,India
Anacardiaceae,Holigarna nigra,Bourd.,India
Anacardiaceae,Lannea coromandelica,(Houtt.) Merr.,India
Anacardiaceae,Mangifera acutigemma,Kosterm.,India
Anacardiaceae,Mangifera andamanica,King,India
Anacardiaceae,Mangifera applanata,Kosterm,India
Anacardiaceae,Mangifera austroindica,Kosterm.,India
Anacardiaceae,Mangifera camptosperma,Pierre,India
Anacardiaceae,Mangifera indica,L.,India
Anacardiaceae,Mangifera nicobarica,Kosterm.,India
Anacardiaceae,Mangifera sylvatica,Roxb.,India
Anacardiaceae,Nothopegia aureofulva,Bedd. ex Hook.f.,India
Anacardiaceae,Nothopegia beddomei,Gamble,India
Anacardiaceae,Nothopegia castaneifolia,(Roth) Ding Hou,India
Anacardiaceae,Nothopegia colebrookeana,(Wight) Blume,India
Anacardiaceae,Nothopegia heyneana,Gamble,India
Anacardiaceae,Nothopegia monadelpha,(Roxb.) Forman,India
Anacardiaceae,Nothopegia sivagiriana,Murugan & Manickam,India
Anacardiaceae,Nothopegia travancorica,Bedd. ex Hook.f.,India
Anacardiaceae,Nothopegia vajravelui,K.Ravik. & V.Lakshm.,India
Anacardiaceae,Parishia insignis,Hook.f.,India
Anacardiaceae,Pistacia khinjuk,Stocks,India
Anacardiaceae,Rhus chinensis,Mill.,India
Anacardiaceae,Rhus punjabensis,J.L.Stewart ex Brandis,India
Anacardiaceae,Searsia parviflora,(Roxb.) F.A.Barkley,India
Anacardiaceae,Semecarpus anacardium,L.f.,India
Anacardiaceae,Semecarpus auriculatus,Bedd.,India
Anacardiaceae,Semecarpus heterophyllus,Blume,India
Anacardiaceae,Semecarpus kathalekanensis,Dasappa & Swam.,India
Anacardiaceae,Semecarpus kurzii,Engl.,India
Anacardiaceae,Semecarpus prainii,King,India
Anacardiaceae,Semecarpus subpanduriformis,Wall.,India
Anacardiaceae,Semecarpus travancoricus,Bedd.,India
Anacardiaceae,Solenocarpus indicus,Wight & Arn.,India
Anacardiaceae,Swintonia floribunda,Griff.,India
Anacardiaceae,Toxicodendron acuminatum,(DC.) C.Y.Wu & T.L.Ming,India
Anacardiaceae,Toxicodendron griffithii,(Hook.f.) Kuntze,India
Anacardiaceae,Toxicodendron hookeri,(K.C. Sahni & Bahadur) C.Y. Wu & T.L. Ming,India
Anacardiaceae,Toxicodendron succedaneum,(L.) Kuntze,India
Anacardiaceae,Toxicodendron vernicifluum,(Stokes) F.A.Barkley,India
Anacardiaceae,Toxicodendron wallichii,(Hook.f.) Kuntze,India
Annonaceae,Alphonsea lutea,(Roxb.) Hook.f. & Thomson,India
Annonaceae,Alphonsea ventricosa,(Roxb.) Hook.f. & Thomson,India
Annonaceae,Alphonsea zeylanica,Hook.f. & Thomson,India
Annonaceae,Anaxagorea luzonensis,A.Gray,India
Annonaceae,Cananga odorata,(Lam.) Hook.f. & Thomson,India
Annonaceae,Dasymaschalon dasymaschalum,(Blume) I.M.Turner,India
Annonaceae,Dasymaschalon longiflorum,(Roxb.) Finet & Gagnep.,India
Annonaceae,Goniothalamus cardiopetalus,(Dalzell) Hook.f. & Thomson,India
Annonaceae,Goniothalamus macranthus,(Kurz) Boerl.,India
Annonaceae,Goniothalamus malayanus,Hook.f. & Thomson,India
Annonaceae,Goniothalamus rhynchantherus,Dunn,India
Annonaceae,Goniothalamus shraddhae,S.R.Dutta & S.M.Almeida,India
Annonaceae,Goniothalamus simonsii,Hook.f. & Thomson,India
Annonaceae,Goniothalamus wightii,Hook.f. & Thomson,India
Annonaceae,Goniothalamus wynaadensis,(Bedd.) Bedd.,India
Annonaceae,Huberantha cerasoides,(Roxb.) Chaowasku,India
Annonaceae,Huberantha jenkinsii,(Hook.f. & Thomson) Chaowasku,India
Annonaceae,Huberantha senjiana,"(R.Mural., Naras. & N.Balach.) R.Mural., Naras. & N.Balach.",India
Annonaceae,Maasia glauca,"(Hassk.) Mols, Kessler & Rogstad",India
Annonaceae,Meiogyne arunachalensis,N.V.Page,India
Annonaceae,Meiogyne pannosa,(Dalzell) J. Sinclair,India
Annonaceae,Mezzettia parviflora,Becc.,India
Annonaceae,Miliusa andamanica,Finet & Gagnep.,India
Annonaceae,Miliusa dioeca,(Roxb.) Chaowasku & Kessler,India
Annonaceae,Miliusa gokhalaei,"Ratheesh, Sujanapal, Anil Kumar & Sivad.",India
Annonaceae,Miliusa horsfieldii,(Bennett) Baill. ex Pierre,India
Annonaceae,Miliusa indica,Lesch. ex A.DC.,India
Annonaceae,Miliusa macrocarpa,Hook.f. & Thomson,India
Annonaceae,Miliusa malnadensis,N.V.Page & Nerlekar,India
Annonaceae,Miliusa nilagirica,Bedd.,India
Annonaceae,Miliusa parviflora,Ridl.,India
Annonaceae,Miliusa sclerocarpa,(A.DC.) Kurz,India
Annonaceae,Miliusa tirunelvelica,"Murugan, Manickam, Sundaresan & Jothi",India
Annonaceae,Miliusa tomentosa,(Roxb.) Finet & Gagnep.,India
Annonaceae,Miliusa velutina,(Dunal) Hook.f. & Thomson,India
Annonaceae,Miliusa wayanadica,"Sujanapal, Ratheesh & Sasidh.",India
Annonaceae,Miliusa wightiana,Hook.f. & Thomson,India
Annonaceae,Mitrephora grandiflora,Bedd.,India
Annonaceae,Mitrephora harae,H.Ohashi,India
Annonaceae,Mitrephora heyneana,(Hook.f. & Thomson) Thwaites,India
Annonaceae,Mitrephora tomentosa,Hook.f. & Thomson,India
Annonaceae,Monoon coffeoides,(Thwaites ex Hook.f. & Thomson) B.Xue & R.M.K.Saunders,India
Annonaceae,Monoon fragrans,(Dalzell) B.Xue & R.M.K.Saunders,India
Annonaceae,Monoon longifolium,(Sonn.) B.Xue & R.M.K.Saunders,India
Annonaceae,Monoon shendurunii,"(Basha & Sasidh.) B.Xue & R.M.K.Saunders
Saunders",India
Annonaceae,Monoon simiarum,(Buch.-Ham. ex Hook.f. & Thomson) B.Xue & R.M.K.Saunders,India
Annonaceae,Monoon tirunelveliense,(M.B.Viswan. & Manik.) B.Xue & R.M.K.Saunders,India
Annonaceae,Monoon viride,(Craib ) B.Xue & R.M.K.Saunders,India
Annonaceae,Orophea erythrocarpa,Bedd.,India
Annonaceae,Orophea hexandra,Blume,India
Annonaceae,Orophea hirsuta,King,India
Annonaceae,Orophea katschallica,Kurz,India
Annonaceae,Orophea thomsonii,Bedd.,India
Annonaceae,Orophea uniflora,Hook.f. & Thomson,India
Annonaceae,Orophea zeylanica,Hook.f. & Thomson,India
Annonaceae,Polyalthia malabarica,(Bedd.) I.M.Turner,India
Annonaceae,Polyalthia rufescens,Hook.f. & Thomson,India
Annonaceae,Polyalthia suberosa,(Roxb.) Thwaites,India
Annonaceae,Popowia beddomeana,Hook.f. & Thomson,India
Annonaceae,Popowia helferi,Hook.f. & Thomson,India
Annonaceae,Pseuduvaria prainii,(King) Merr.,India
Annonaceae,Pseuduvaria reticulata,(Blume) Miq.,India
Annonaceae,Sageraea elliptica,(A.DC.) Hook.f. & Thomson,India
Annonaceae,Sageraea laurina,Dalzell,India
Annonaceae,Sageraea listeri,King,India
Annonaceae,Sageraea thwaitesii,Hook.f. & Thomson,India
Annonaceae,Trivalvaria costata,(Hook.f. & Thomson) I.M.Turner,India
Annonaceae,Trivalvaria kanjilalii,D.Das,India
Annonaceae,Wuodendron praecox,"(Hook.f. & Thomson) B.Xue, Y.H.Tan & X.L.Hou",India
Apocynaceae,Alstonia rostrata,C.E.C.Fisch.,India
Apocynaceae,Alstonia scholaris,(L.) R.Br.,India
Apocynaceae,Calotropis procera,(Aiton) W.T.Aiton,India
Apocynaceae,Carissa carandas,L.,India
Apocynaceae,Carissa spinarum,L.,India
Apocynaceae,Cerbera manghas,L.,India
Apocynaceae,Cerbera odollam,Gaertn.,India
Apocynaceae,Holarrhena pubescens,Wall. ex G.Don,India
Apocynaceae,Hunteria zeylanica,(Retz.) Gardner ex Thwaites,India
Apocynaceae,Kopsia fruticosa,(Roxb.) A.DC.,India
Apocynaceae,Ochrosia oppositifolia,(Lam.) K.Schum.,India
Apocynaceae,Periploca aphylla,Decne.,India
Apocynaceae,Rauvolfia sumatrana,Jack,India
Apocynaceae,Rauvolfia verticillata,(Lour.) Baill.,India
Apocynaceae,Tabernaemontana alternifolia,L.,India
Apocynaceae,Tabernaemontana divaricata,(L.) R.Br. ex Roem. & Schult.,India
Apocynaceae,Tabernaemontana gamblei,Subr. & A.N.Henry,India
Apocynaceae,Wrightia arborea,(Dennst.) Mabb.,India
Apocynaceae,Wrightia coccinea,(Roxb. ex Hornem.) Sims,India
Apocynaceae,Wrightia dolichocarpa,Bahadur & Bennet,India
Apocynaceae,Wrightia indica,Ngan,India
Apocynaceae,Wrightia sikkimensis,Gamble,India
Apocynaceae,Wrightia tinctoria,(Roxb.) R.Br.,India
Aquifoliaceae,Ilex denticulata,Wall. ex Wight,India
Aquifoliaceae,Ilex dipyrena,Wall.,India
Aquifoliaceae,Ilex embelioides,Hook.f.,India
Aquifoliaceae,Ilex excelsa,(Wall.) Voigt,India
Aquifoliaceae,Ilex fragilis,Hook.f.,India
Aquifoliaceae,Ilex gardneriana,Wight,India
Aquifoliaceae,Ilex georgei,H.F.Comber,India
Aquifoliaceae,Ilex godajam,Colebr. ex Hook.f.,India
Aquifoliaceae,Ilex hookeri,King,India
Aquifoliaceae,Ilex khasiana,Purkay.,India
Aquifoliaceae,Ilex kingiana,Cockerell,India
Aquifoliaceae,Ilex longecaudata,H.F.Comber,India
Aquifoliaceae,Ilex malabarica,Bedd.,India
Aquifoliaceae,Ilex nothofagifolia,Kingdon-Ward,India
Aquifoliaceae,Ilex odorata,Buch.-Ham. ex D.Don,India
Aquifoliaceae,Ilex pseudo-odorata,Loes.,India
Aquifoliaceae,Ilex sikkimensis,Kurz,India
Aquifoliaceae,Ilex tadiandamolensis,"Kesh.Murthy, Yogan. & Vasud.Nair",India
Aquifoliaceae,Ilex triflora,Blume,India
Aquifoliaceae,Ilex umbellulata,(Wall.) Loes.,India
Aquifoliaceae,Ilex venulosa,Hook.f.,India
Aquifoliaceae,Ilex walkeri,Wight & Gardner ex Thwaites,India
Aquifoliaceae,Ilex wattii,Loes.,India
Aquifoliaceae,Ilex wightiana,Wall. ex Wight,India
Araliaceae,Aralia armata,(Wall. ex G.Don) Seem.,India
Araliaceae,Aralia foliolosa,Seem. ex C.B.Clarke,India
Araliaceae,Aralia gigantea,J.Wen,India
Araliaceae,Aralia leschenaultii,(DC.) J.Wen,India
Araliaceae,Aralia malabarica,Bedd.,India
Araliaceae,Aralia subcordata,(Wall. ex G.Don) J.Wen,India
Araliaceae,Aralia thomsonii,Seem. ex C.B.Clarke,India
Araliaceae,Brassaiopsis aculeata,(Buch.-Ham. ex D.Don) Seem.,India
Araliaceae,Brassaiopsis glomerulata,(Blume) Regel,India
Araliaceae,Brassaiopsis griffithii,C.B.Clarke,India
Araliaceae,Brassaiopsis hainla,(Buch.-Ham.) Seem.,India
Araliaceae,Brassaiopsis hispida,Seem.,India
Araliaceae,Brassaiopsis magnifica,Dunn,India
Araliaceae,Brassaiopsis mitis,C.B.Clarke,India
Araliaceae,Brassaiopsis simplicifolia,C.B.Clarke,India
Araliaceae,Dendropanax chevalieri,(R.Vig.) Merr.,India
Araliaceae,Dendropanax trifidus,(Thunb.) Makino ex H.Hara,India
Araliaceae,Gamblea ciliata,C.B.Clarke,India
Araliaceae,Heptapleurum agasthiyamalayanum,"(Manickam, Murugan, Sundaresan & Jothi) Lowry & G.M.Plunkett",India
Araliaceae,Heptapleurum bourdillonii,(Gamble) Lowry & G.M.Plunkett,India
Araliaceae,Heptapleurum calyptratum,(Hook.f. & Thomson) Y.F.Deng,India
Araliaceae,Heptapleurum capitatum,(Wight & Arn.) Seem.,India
Araliaceae,Heptapleurum chandrasekharanii,(Ramam. & Rajan) Lowry & G.M.Plunkett,India
Araliaceae,Heptapleurum clarkei,Lowry & G.M.Plunkett,India
Araliaceae,Heptapleurum digitatum,(G.Don ex Loudon) Lowry & G.M.Plunkett,India
Araliaceae,Heptapleurum ellipticum,(Blume) Seem.,India
Araliaceae,Heptapleurum heptaphyllum,(L.) Y.F.Deng,India
Araliaceae,Heptapleurum hypoleucum,Kurz,India
Araliaceae,Heptapleurum khasianum,C.B.Clarke,India
Araliaceae,Heptapleurum maduraiense,(K.Ravik. & V.Lakshm.) G.M.Plunkett & Lowry,India
Araliaceae,Heptapleurum obovatum,(Wight) Bedd.,India
Araliaceae,Heptapleurum pauciflorum,(R.Vig.) Y.F.Deng,India
Araliaceae,Heptapleurum pushpangadanii,(Chakrab.) G.M.Plunkett & Lowry,India
Araliaceae,Heptapleurum racemosum,(Wight) Bedd.,India
Araliaceae,Heptapleurum rhododendrifolium,(Griff.) G.M.Plunkett & Lowry,India
Araliaceae,Heptapleurum rostratum,(Wight) Bedd.,India
Araliaceae,Heptapleurum stellatum,Gaertn.,India
Araliaceae,Heptapleurum venulosum,(Wight & Arn.) Seem.,India
Araliaceae,Heptapleurum wallichianum,(Wight & Arn.) Seem.,India
Araliaceae,Heteropanax dhruvii,R.C.Srivast.,India
Araliaceae,Heteropanax fragrans,(Roxb.) Seem.,India
Araliaceae,Macropanax dispermus,(Blume) Kuntze,India
Araliaceae,Macropanax meghalayensis,Harid. & R.R.Rao,India
Araliaceae,Macropanax undulatus,(Wall. ex G.Don) Seem.,India
Araliaceae,Merrilliopanax alpinus,(C.B.Clarke) C.B.Shang,India
Araliaceae,Merrilliopanax listeri,(King) H.L.Li,India
Araliaceae,Merrilliopanax membranifolius,(W.W.Sm.) C.B.Shang,India
Araliaceae,Polyscias acuminata,(Wight) Seem.,India
Araliaceae,Polyscias jackiana,(G.Don) Lowry & G.M.Plunkett,India
Araliaceae,Trevesia palmata,(Roxb. ex Lindl.) Vis.,India
Arecaceae,Areca triandra,Roxb. ex Buch.-Ham.,India
Arecaceae,Arenga pinnata,(Wurmb) Merr.,India
Arecaceae,Arenga wightii,Griff.,India
Arecaceae,Bentinckia condapanna,Berry ex Roxb.,India
Arecaceae,Bentinckia nicobarica,(Kurz) Becc.,India
Arecaceae,Borassus flabellifer,L.,India
Arecaceae,Caryota maxima,Blume,India
Arecaceae,Caryota mitis,Lour.,India
Arecaceae,Caryota obtusa,Griff.,India
Arecaceae,Caryota urens,L.,India
Arecaceae,Corypha taliera,Roxb.,India
Arecaceae,Corypha umbraculifera,L.,India
Arecaceae,Corypha utan,Lam.,India
Arecaceae,Hyphaene dichotoma,(J.White Dubl. ex Nimmo) Furtado,India
Arecaceae,Licuala paludosa,Griff.,India
Arecaceae,Licuala peltata,Roxb. ex Buch.-Ham.,India
Arecaceae,Licuala spinosa,Wurmb,India
Arecaceae,Livistona jenkinsiana,Griff.,India
Arecaceae,Nypa fruticans,Wurmb,India
Arecaceae,Phoenix loureiroi,Kunth,India
Arecaceae,Phoenix paludosa,Roxb.,India
Arecaceae,Phoenix pusilla,Gaertn.,India
Arecaceae,Phoenix rupicola,T.Anderson,India
Arecaceae,Phoenix sylvestris,(L.) Roxb.,India
Arecaceae,Pinanga dicksonii,(Roxb.) Blume,India
Arecaceae,Pinanga gracilis,Blume,India
Arecaceae,Pinanga manii,Becc.,India
Arecaceae,Pinanga sylvestris,(Lour.) Hodel,India
Arecaceae,Rhopaloblaste augusta,(Kurz) H.E.Moore,India
Arecaceae,Trachycarpus latisectus,"Spanner, Noltie & Gibbons",India
Arecaceae,Trachycarpus martianus,(Wall. ex Mart.) H.Wendl.,India
Arecaceae,Trachycarpus takil,Becc.,India
Arecaceae,Trachycarpus ukhrulensis,M.Lorek & K.C.Pradhan,India
Arecaceae,Wallichia disticha,T.Anderson,India
Arecaceae,Wallichia triandra,(J.Joseph) S.K.Basu,India
Asparagaceae,Dracaena elliptica,Thunb. & Dalm.,India
Asparagaceae,Dracaena griffithii,Regel,India
Asteraceae,Blumea balsamifera,DC.,India
Asteraceae,Gymnanthemum extensum,(Wall. ex DC.) Steetz,India
Asteraceae,Monosis travancorica,(Hook.f.) H.Rob. & Skvarla,India
Asteraceae,Monosis volkameriifolia,(DC.) H.Rob. & Skvarla,India
Asteraceae,Senecio scandens,Buch.-Ham. ex D.Don,India
Asteraceae,Strobocalyx arborea,(Buch.-Ham.) Sch.Bip.,India
Asteraceae,Strobocalyx solanifolia,(Benth.) Sch.Bip,India
Berberidaceae,Berberis aristata,DC.,India
Berberidaceae,Berberis nilghiriensis,Ahrendt,India
Berberidaceae,Berberis petiolaris,Wall. ex G.Don,India
Berberidaceae,Berberis wallichiana,DC.,India
Berberidaceae,Mahonia duclouxiana,Gagnep.,India
Berberidaceae,Mahonia napaulensis,DC.,India
Betulaceae,Alnus nepalensis,D.Don,India
Betulaceae,Alnus nitida,(Spach) Endl.,India
Betulaceae,Betula alnoides,Buch.-Ham. ex D.Don,India
Betulaceae,Betula ashburneri,McAll. & Rushforth,India
Betulaceae,Betula cylindrostachya,Wall.,India
Betulaceae,Betula utilis,D.Don,India
Betulaceae,Carpinus faginea,Lindl.,India
Betulaceae,Carpinus viminea,Wall. ex Lindl.,India
Betulaceae,Corylus ferox,Wall.,India
Betulaceae,Corylus jacquemontii,Decne.,India
Bignoniaceae,Dolichandrone arcuata,(Wight) C.B.Clarke,India
Bignoniaceae,Dolichandrone atrovirens,(Roth) K.Schum.,India
Bignoniaceae,Dolichandrone falcata,(Wall. ex DC.) Seem.,India
Bignoniaceae,Dolichandrone spathacea,(L.f.) Seem.,India
Bignoniaceae,Fernandoa adenophylla,(Wall. ex G.Don) Steenis,India
Bignoniaceae,Heterophragma quadriloculare,(Roxb.) K.Schum.,India
Bignoniaceae,Oroxylum indicum,(L.) Kurz,India
Bignoniaceae,Pajanelia longifolia,(Willd.) K.Schum.,India
Bignoniaceae,Pauldopia ghorta,(Buch.-Ham. ex G.Don) Steenis,India
Bignoniaceae,Radermachera gigantea,(Blume) Miq.,India
Bignoniaceae,Radermachera glandulosa,(Blume) Miq.,India
Bignoniaceae,Radermachera quadripinnata,(Blanco) Seem.,India
Bignoniaceae,Radermachera sinica,(Hance) Hemsl.,India
Bignoniaceae,Radermachera xylocarpa,(Roxb.) Roxb. ex K.Schum.,India
Bignoniaceae,Stereospermum angustifolium,Haines,India
Bignoniaceae,Stereospermum chelonoides,(L.f.) DC.,India
Bignoniaceae,Stereospermum colais,(Buch.-Ham. ex Dillwyn) Mabb.,India
Bignoniaceae,Stereospermum neuranthum,Kurz,India
Bignoniaceae,Tecomella undulata,(Sm.) Seem.,India
Bixaceae,Cochlospermum religiosum,(L.) Alston,India
Boraginaceae,Cordia clarkei,Brace ex Prain,India
Boraginaceae,Cordia crenata,Delile,India
Boraginaceae,Cordia dichotoma,G.Forst.,India
Boraginaceae,Cordia fragrantissima,Kurz,India
Boraginaceae,Cordia furcans,I.M.Johnst.,India
Boraginaceae,Cordia grandis,Roxb.,India
Boraginaceae,Cordia macleodii,(Griff.) Hook.f. & Thomson,India
Boraginaceae,Cordia monoica,Roxb.,India
Boraginaceae,Cordia myxa,L.,India
Boraginaceae,Cordia perrottetii,A.DC.,India
Boraginaceae,Cordia ramanujamii,N.Balach. & Rajendiran,India
Boraginaceae,Cordia sinensis,Lam.,India
Boraginaceae,Cordia subcordata,Lam.,India
Boraginaceae,Cordia vestita,(A.DC.) Hook.f. & Thomson,India
Boraginaceae,Ehretia acuminata,R.Br.,India
Boraginaceae,Ehretia aspera,Willd.,India
Boraginaceae,Ehretia dichotoma,Blume,India
Boraginaceae,Ehretia macrophylla,Wall.,India
Boraginaceae,Ehretia obtusifolia,Hochst. ex A.DC.,India
Boraginaceae,Ehretia silvana,R.R.Mill,India
Boraginaceae,Ehretia wallichiana,Hook.f. & Thomson ex C.B.Clarke,India
Boraginaceae,Ehretia wightiana,Wall. ex G.Don,India
Boraginaceae,Heliotropium arboreum,(Blanco) Mabb.,India
Boraginaceae,Heliotropium sarmentosum,(Lam.) Craven,India
Burseraceae,Boswellia ovalifoliolata,N.P.Balakr. & A.N.Henry,India
Burseraceae,Boswellia serrata,Roxb.,India
Burseraceae,Canarium bengalense,Roxb.,India
Burseraceae,Canarium denticulatum,Blume,India
Burseraceae,Canarium euphyllum,Kurz,India
Burseraceae,Canarium resiniferum,Bruce ex King,India
Burseraceae,Canarium sikkimense,King,India
Burseraceae,Canarium strictum,Roxb.,India
Burseraceae,Commiphora berryi,(Arn.) Engl.,India
Burseraceae,Commiphora caudata,(Wight & Arn.) Engl,India
Burseraceae,Commiphora wightii,(Arn.) Bhandari,India
Burseraceae,Garuga floribunda,Decne.,India
Burseraceae,Garuga pinnata,Roxb.,India
Burseraceae,Protium serratum,(Wall. ex Colebr.) Engl.,India
Burseraceae,Santiria apiculata,A.W.Benn.,India
Calophyllaceae,Calophyllum apetalum,Willd.,India
Calophyllaceae,Calophyllum austroindicum,Kosterm. ex P.F.Stevens,India
Calophyllaceae,Calophyllum calaba,L.,India
Calophyllaceae,Calophyllum inophyllum,L.,India
Calophyllaceae,Calophyllum macrocarpum,Hook.f.,India
Calophyllaceae,Calophyllum pascalianum,"B.R.Ramesh, Ayyappan & De Franceschi",India
Calophyllaceae,Calophyllum polyanthum,Wall. ex Planch. & Triana,India
Calophyllaceae,Calophyllum rigidum,Miq.,India
Calophyllaceae,Calophyllum soulattri,Burm.f.,India
Calophyllaceae,Calophyllum tetrapterum,Miq.,India
Calophyllaceae,Kayea assamica,Prain,India
Calophyllaceae,Kayea ferruginea,Pierre,India
Calophyllaceae,Kayea floribunda,Wall.,India
Calophyllaceae,Kayea manii,King,India
Calophyllaceae,Mammea suriga,(Buch.-Ham. ex Roxb.) Kosterm.,India
Calophyllaceae,Mesua ferrea,L.,India
Calophyllaceae,Mesua pulchella,Planch. & Triana,India
Calophyllaceae,Mesua thwaitesii,Planch. & Triana,India
Calophyllaceae,Poeciloneuron indicum,Bedd. ,India
Calophyllaceae,Poeciloneuron pauciflorum,Bedd.,India
Cannabaceae,Aphananthe cuspidata,(Blume) Planch.,India
Cannabaceae,Celtis australis,L.,India
Cannabaceae,Celtis philippensis,Blanco,India
Cannabaceae,Celtis tetrandra,Roxb.,India
Cannabaceae,Celtis timorensis,Span.,India
Cannabaceae,Trema angustifolium,(Planch.) Blume,India
Cannabaceae,Trema cannabinum,Lour.,India
Cannabaceae,Trema orientale,(L.) Blume,India
Cannabaceae,Trema politoria,(Planch.) Blume,India
Cannabaceae,Trema tomentosum,(Roxb.) H.Hara,India
Capparaceae,Cadaba farinosa,Forssk.,India
Capparaceae,Cadaba linearifolia,(J.Graham) M.R.Almeida,India
Capparaceae,Capparis brevispina,DC.,India
Capparaceae,Capparis cartilaginea,Decne.,India
Capparaceae,Capparis decidua,(Forssk.) Edgew.,India
Capparaceae,Capparis divaricata,Lam.,India
Capparaceae,Capparis flavicans,Kurz,India
Capparaceae,Capparis grandis,L.f.,India
Capparaceae,Capparis micracantha,DC.,India
Capparaceae,Capparis multiflora,Hook.f. & Thomson,India
Capparaceae,Capparis olacifolia,Hook.f. & Thomson,India
Capparaceae,Capparis pachyphylla,M.Jacobs,India
Capparaceae,Capparis rheedei,DC.,India
Capparaceae,Capparis rotundifolia,Rottler,India
Capparaceae,Capparis tenera,Dalzell,India
Capparaceae,Crateva magna,(Lour.) DC.,India
Capparaceae,Crateva religiosa,G.Forst.,India
Capparaceae,Crateva unilocularis,Buch.-Ham.,India
Capparaceae,Maerua apetala,(Roth) M.Jacobs,India
Casuarinaceae,Casuarina equisetifolia,L.,India
Celastraceae,Cassine albens,(Retz.) Kosterm.,India
Celastraceae,Cassine balae,Kosterm.,India
Celastraceae,Cassine kedarnathii,Sasidh. & Swarupan.,India
Celastraceae,Elaeodendron paniculatum,Wight & Arn.,India
Celastraceae,Elaeodendron viburnifolium,(Juss.) Merr.,India
Celastraceae,Euonymus acutangulus,Wight,India
Celastraceae,Euonymus attenuatus,Wall. ex M.A.Lawson,India
Celastraceae,Euonymus barberi,Murugan & Manickam,India
Celastraceae,Euonymus bockii,Loes. ex Diels,India
Celastraceae,Euonymus bullatus,Wall. ex G.Lodd,India
Celastraceae,Euonymus crenulatus,Wall. ex Wight & Arn.,India
Celastraceae,Euonymus dichotomus,B.Heyne ex Wall.,India
Celastraceae,Euonymus echinatus,Wall.,India
Celastraceae,Euonymus frigidus,Wall.,India
Celastraceae,Euonymus glaber,Roxb.,India
Celastraceae,Euonymus hamiltonianus,Wall.,India
Celastraceae,Euonymus indicus,B.Heyne ex Wall.,India
Celastraceae,Euonymus laxiflorus,Champ. ex Benth.,India
Celastraceae,Euonymus lucidus,D.Don,India
Celastraceae,Euonymus pushpagiriensis,N.V.Page & Thackeray,India
Celastraceae,Euonymus tibeticus,W.W.Sm.,India
Celastraceae,Euonymus tingens,Wall.,India
Celastraceae,Euonymus vagans,Wall.,India
Celastraceae,Euonymus viburnoides,Prain,India
Celastraceae,Glyptopetalum calocarpum,(Kurz) Prain,India
Celastraceae,Glyptopetalum lawsonii,Gamble,India
Celastraceae,Glyptopetalum zeylanicum,Thwaites,India
Celastraceae,Gymnosporia bailadillana,V.Naray. & Mooney,India
Celastraceae,Gymnosporia falconeri,M.A.Lawson,India
Celastraceae,Gymnosporia heyneana,(Roth) M.A.Lawson,India
Celastraceae,Gymnosporia montana,(Roth) Benth.,India
Celastraceae,Gymnosporia ovata,(Wall. ex Wight & Arn.) M.A.Lawson,India
Celastraceae,Gymnosporia rothiana,(Walp.) M.A.Lawson,India
Celastraceae,Gymnosporia rufa,(Wall.) Hook.f.,India
Celastraceae,Gymnosporia senegalensis,(Lam.) Loes.,India
Celastraceae,Gymnosporia sikkimensis,Prain,India
Celastraceae,Kokoona zeylanica,Thwaites,India
Celastraceae,Lophopetalum floribundum,Wight,India
Celastraceae,Lophopetalum wallichii,Kurz,India
Celastraceae,Lophopetalum wightianum,Arn.,India
Celastraceae,Maytenus kurzii,Bennet & K.C.Sahni,India
Celastraceae,Microtropis bivalvis,Wall.,India
Celastraceae,Microtropis discolor,(Wall.) Wall. ex Meisn.,India
Celastraceae,Microtropis latifolia,Wight ex M.A.Lawson,India
Celastraceae,Microtropis microcarpa,Wight,India
Celastraceae,Microtropis ramiflora,Wight,India
Celastraceae,Microtropis stocksii,Gamble,India
Celastraceae,Pleurostylia opposita,(Wall.) Alston,India
Celastraceae,Salacia chinensis,L.,India
Celastraceae,Salacia verrucosa,Wight,India
Celastraceae,Siphonodon celastrineus,Griff.,India
Centroplacaceae,Bhesa indica,(Bedd.) Ding Hou,India
Centroplacaceae,Bhesa paniculata,Arn.,India
Centroplacaceae,Bhesa robusta,(Roxb.) Ding Hou,India
Chrysobalanaceae,Atuna indica,(Bedd.) Kosterm.,India
Chrysobalanaceae,Atuna travancorica,(Bedd.) Kosterm.,India
Chrysobalanaceae,Parastemon urophyllus,(Wall. ex A.DC.) A.DC.,India
Clethraceae,Clethra delavayi,Franch.,India
Clusiaceae,Garcinia acuminata,Planch. & Triana,India
Clusiaceae,Garcinia andamanica,King,India
Clusiaceae,Garcinia anomala,Planch. & Triana,India
Clusiaceae,Garcinia assamica,"J.Sarma, Shameer & N.Mohanan",India
Clusiaceae,Garcinia atroviridis,Griff. ex T.Anderson,India
Clusiaceae,Garcinia cadelliana,King,India
Clusiaceae,Garcinia calycina,Kurz,India
Clusiaceae,Garcinia celebica,L.,India
Clusiaceae,Garcinia conicarpa,Wight,India
Clusiaceae,Garcinia cowa,Roxb. ex DC.,India
Clusiaceae,Garcinia dulcis,(Roxb.) Kurz,India
Clusiaceae,Garcinia gamblei,"Shameer, T.Sabu & N.Mohanan",India
Clusiaceae,Garcinia gummi-gutta,(L.) Roxb.,India
Clusiaceae,Garcinia imbertii,Bourd.,India
Clusiaceae,Garcinia indica,(Thouars) Choisy,India
Clusiaceae,Garcinia jelinckii,Kurz,India
Clusiaceae,Garcinia keenania,Pierre,India
Clusiaceae,Garcinia kydia,Roxb.,India
Clusiaceae,Garcinia lanceifolia,Roxb.,India
Clusiaceae,Garcinia merguensis,Wight,India
Clusiaceae,Garcinia microstigma,Kurz,India
Clusiaceae,Garcinia morella,(Gaertn.) Desr.,India
Clusiaceae,Garcinia nervosa,Miq.,India
Clusiaceae,Garcinia pedunculata,Roxb. ex Buch.-Ham.,India
Clusiaceae,Garcinia pushpangadaniana,"T.Sabu, N.Mohanan, Krishnaraj & Shareef",India
Clusiaceae,Garcinia rubroechinata,Kosterm.,India
Clusiaceae,Garcinia sibeswarii,"Shameer, J.Sarma, N.Mohanan & A.Begum",India
Clusiaceae,Garcinia sopsopia,(Buch.-Ham.) Mabb.,India
Clusiaceae,Garcinia spicata,(Wight & Arn.) Hook.f.,India
Clusiaceae,Garcinia stipulata,T.Anderson,India
Clusiaceae,Garcinia succifolia,Kurz,India
Clusiaceae,Garcinia talbotii,Raizada ex Santapau,India
Clusiaceae,Garcinia travancorica,Bedd.,India
Clusiaceae,Garcinia wightii,T.Anderson,India
Clusiaceae,Garcinia xanthochymus,Hook.f. ex T.Anderson,India
Combretaceae,Lumnitzera littorea,(Jack) Voigt,India
Combretaceae,Lumnitzera racemosa,Willd.,India
Combretaceae,Terminalia anogeissiana,Gere & Boatwr.,India
Combretaceae,Terminalia arjuna,(Roxb. ex DC.) Wight & Arn.,India
Combretaceae,Terminalia bellirica,(Gaertn.) Roxb.,India
Combretaceae,Terminalia bialata,(Roxb.) Steud.,India
Combretaceae,Terminalia calamansanai,(Blanco) Rolfe,India
Combretaceae,Terminalia catappa,L.,India
Combretaceae,Terminalia chebula,Retz.,India
Combretaceae,Terminalia citrina,(Gaertn.) Roxb.,India
Combretaceae,Terminalia coronata,(Stapf) Gere & Boatwr.,India
Combretaceae,Terminalia elliptica,Willd.,India
Combretaceae,Terminalia myriocarpa,Van Heurck & Müll.Arg.,India
Combretaceae,Terminalia pallida,Brandis,India
Combretaceae,Terminalia paniculata,Roth,India
Combretaceae,Terminalia pendula,(Edgew.) Gere & Boatwr.,India
Combretaceae,Terminalia phillyreifolia,(Van Heurck & Müll.Arg.) Gere & Boatwr.,India
Combretaceae,Terminalia procera,Roxb.,India
Combretaceae,Terminalia subspathulata,King,India
Combretaceae,Terminalia travancorensis,Wight & Arn.,India
Combretaceae,Terminalia vermae,M.Gangop. & Chakrab.,India
Connaraceae,Connarus paniculatus,Roxb,India
Connaraceae,Connarus semidecandrus,Jack,India
Connaraceae,Ellipanthus calophyllus,Kurz,India
Connaraceae,Ellipanthus tomentosus,Kurz,India
Cornaceae,Alangium alpinum,(C.B.Clarke) W.W.Sm. & Cave,India
Cornaceae,Alangium barbatum,(R.Br. ex C.B.Clarke) Baill. ex Kuntze,India
Cornaceae,Alangium chinense,(Lour.) Harms,India
Cornaceae,Alangium oblongum,Craib,India
Cornaceae,Alangium salviifolium,(L.f.) Wangerin,India
Cornaceae,Cornus capitata,Wall.,India
Cornaceae,Cornus kousa,F.Buerger ex Hance,India
Cornaceae,Cornus macrophylla,Wall.,India
Cornaceae,Cornus oblonga,Wall.,India
Cornaceae,Cornus oligophlebia,Merr.,India
Crypteroniaceae,Crypteronia paniculata,Blume,India
Cupressaceae,Cupressus cashmeriana,Royle ex Carrière,India
Cupressaceae,Cupressus torulosa,D.Don ex Lamb.,India
Cupressaceae,Juniperus communis,L.,India
Cupressaceae,Juniperus excelsa,M.Bieb.,India
Cupressaceae,Juniperus indica,Bertol.,India
Cupressaceae,Juniperus recurva,Buch.-Ham. ex D.Don,India
Cupressaceae,Juniperus semiglobosa,Regel,India
Cupressaceae,Juniperus seravschanica,Kom.,India
Cycadaceae,Cycas annaikalensis,Rita Singh & P.Radha,India
Cycadaceae,Cycas circinalis,L.,India
Cycadaceae,Cycas indica,A.Lindstr. & K.D.Hill,India
Cycadaceae,Cycas nathorstii,J.Schust.,India
Cycadaceae,Cycas pectinata,Buch.-Ham.,India
Cycadaceae,Cycas sphaerica,Roxb.,India
Cycadaceae,Cycas zeylanica,(J.Schust.) A.Lindstr. & K.D.Hill,India
Daphniphyllaceae,Daphniphyllum chartaceum,K.Rosenthal,India
Daphniphyllaceae,Daphniphyllum himalense,(Benth.) Müll.Arg.,India
Daphniphyllaceae,Daphniphyllum majus,Müll.Arg.,India
Daphniphyllaceae,Daphniphyllum neilgherrense,(Wight) K.Rosenthal,India
Dichapetalaceae,Dichapetalum gelonioides,(Roxb.) Engl.,India
Dichapetalaceae,Dichapetalum timoriense,(DC.) Boerl.,India
Dilleniaceae,Dillenia andamanica,C.E.Parkinson,India
Dilleniaceae,Dillenia aurea,Sm.,India
Dilleniaceae,Dillenia bracteata,Wight,India
Dilleniaceae,Dillenia indica,L.,India
Dilleniaceae,Dillenia mansonii,(Gage) Hoogland,India
Dilleniaceae,Dillenia pentagyna,Roxb.,India
Dilleniaceae,Dillenia scabrella,(D.Don) Roxb. ex Wall.,India
Dipentodontaceae,Dipentodon sinicus,Dunn,India
Dipterocarpaceae,Dipterocarpus alatus,Roxb. ex G.Don,India
Dipterocarpaceae,Dipterocarpus bourdillonii,Brandis,India
Dipterocarpaceae,Dipterocarpus costatus,C.F.Gaertn.,India
Dipterocarpaceae,Dipterocarpus gracilis,Blume,India
Dipterocarpaceae,Dipterocarpus grandiflorus,(Blanco) Blanco,India
Dipterocarpaceae,Dipterocarpus hasseltii,Blume,India
Dipterocarpaceae,Dipterocarpus indicus,Bedd.,India
Dipterocarpaceae,Dipterocarpus kerrii,King,India
Dipterocarpaceae,Dipterocarpus retusus,Blume,India
Dipterocarpaceae,Dipterocarpus tuberculatus,Roxb.,India
Dipterocarpaceae,Dipterocarpus turbinatus,C.F.Gaertn,India
Dipterocarpaceae,Hopea canarensis,Hole,India
Dipterocarpaceae,Hopea erosa,(Bedd.) Slooten,India
Dipterocarpaceae,Hopea glabra,Wight & Arn.,India
Dipterocarpaceae,Hopea helferi,(Dyer) Brandis,India
Dipterocarpaceae,Hopea jacobi,C.E.C.Fisch.,India
Dipterocarpaceae,Hopea modesta,(A.DC.) Kosterm.,India
Dipterocarpaceae,Hopea odorata,Roxb.,India
Dipterocarpaceae,Hopea parviflora,Bedd.        ,India
Dipterocarpaceae,Hopea ponga,(Dennst.) Mabb.,India
Dipterocarpaceae,Hopea racophloea,Dyer,India
Dipterocarpaceae,Hopea shingkeng,(Dunn) Bor,India
Dipterocarpaceae,Hopea utilis,(Bedd.) Bole,India
Dipterocarpaceae,Shorea assamica,Dyer,India
Dipterocarpaceae,Shorea robusta,C.F.Gaertn.,India
Dipterocarpaceae,Shorea roxburghii,G.Don,India
Dipterocarpaceae,Shorea tumbuggaia,Roxb.,India
Dipterocarpaceae,Vateria indica,L.,India
Dipterocarpaceae,Vateria macrocarpa,B.L.Gupta        ,India
Dipterocarpaceae,Vatica chinensis,L.,India
Dipterocarpaceae,Vatica lanceifolia,(Roxburgh) Blume,India
Ebenaceae,Diospyros affinis,Thwaites,India
Ebenaceae,Diospyros andamanica,(Kurz) Bakh.,India
Ebenaceae,Diospyros atrata,(Thwaites) Alston,India
Ebenaceae,Diospyros barberi,Ramaswami,India
Ebenaceae,Diospyros benghalensis,Bakh.,India
Ebenaceae,Diospyros bourdillonii,Brandis,India
Ebenaceae,Diospyros buxifolia,(Blume) Hiern,India
Ebenaceae,Diospyros cacharensis,(Das & P.C.Kanjilal) H.B.Naithani,India
Ebenaceae,Diospyros candolleana,Wight,India
Ebenaceae,Diospyros cauliflora,Blume,India
Ebenaceae,Diospyros chloroxylon,Roxb.,India
Ebenaceae,Diospyros crumenata,Thwaites,India
Ebenaceae,Diospyros dasyphylla,Kurz,India
Ebenaceae,Diospyros decandra,Lour.,India
Ebenaceae,Diospyros ebenum,J.Koenig ex Retz.,India
Ebenaceae,Diospyros ehretioides,Wall. ex G.Don,India
Ebenaceae,Diospyros elegans,C.B.Clarke,India
Ebenaceae,Diospyros exculpta,Buch.-Ham.,India
Ebenaceae,Diospyros ferrea,(Willd.) Bakh.,India
Ebenaceae,Diospyros foliolosa,Wall. ex A.DC.,India
Ebenaceae,Diospyros ghatensis,B.R.Ramesh & D.De Franceschi,India
Ebenaceae,Diospyros glandulosa,Lace,India
Ebenaceae,Diospyros holeana,B.L.Gupta & P.C.Kanjilal,India
Ebenaceae,Diospyros insignis,Thwaites,India
Ebenaceae,Diospyros kika,Debb. & Biswas,India
Ebenaceae,Diospyros kurzii,Hiern,India
Ebenaceae,Diospyros lanceifolia,Roxb.,India
Ebenaceae,Diospyros latisepala,Ridl.,India
Ebenaceae,Diospyros lotus,L.,India
Ebenaceae,Diospyros malabarica,(Desr.) Kostel.,India
Ebenaceae,Diospyros marmorata,R.Parker,India
Ebenaceae,Diospyros martabanica,C.B.Clarke,India
Ebenaceae,Diospyros melanoxylon,Roxb.,India
Ebenaceae,Diospyros montana,Roxb.,India
Ebenaceae,Diospyros neilgerrensis,(Wight) Kosterm.,India
Ebenaceae,Diospyros nilagirica,Bedd.,India
Ebenaceae,Diospyros oblonga,Wall. ex G.Don,India
Ebenaceae,Diospyros oocarpa,Thwaites,India
Ebenaceae,Diospyros ovalifolia,Wight,India
Ebenaceae,Diospyros paniculata,Dalzell,India
Ebenaceae,Diospyros pilosiuscula,G.Don,India
Ebenaceae,Diospyros pruriens,Dalzell,India
Ebenaceae,Diospyros pyrrhocarpa,Miq.,India
Ebenaceae,Diospyros ramiflora,Roxb.,India
Ebenaceae,Diospyros sahayadryensis,P.Daniel & Vajr.,India
Ebenaceae,Diospyros saldanhae,Kosterm.,India
Ebenaceae,Diospyros sulcata,Bourd.,India
Ebenaceae,Diospyros sumatrana,Miq.,India
Ebenaceae,Diospyros sylvatica,Roxb.,India
Ebenaceae,Diospyros toposia,Buch.-Ham.,India
Ebenaceae,Diospyros trichophylla,Alston,India
Ebenaceae,Diospyros undulata,Wall. ex G.Don,India
Ebenaceae,Diospyros variegata,Kurz,India
Ebenaceae,Diospyros wallichii,King & Gamble,India
Elaeagnaceae,Elaeagnus angustifolia,L.,India
Elaeagnaceae,Elaeagnus caudata,Schltdl. ex Momiy.,India
Elaeagnaceae,Elaeagnus conferta,Roxb.,India
Elaeagnaceae,Elaeagnus fasciculata,Griff.,India
Elaeagnaceae,Elaeagnus infundibularis,Momiy.,India
Elaeagnaceae,Elaeagnus kanaii,Momiy.,India
Elaeagnaceae,Elaeagnus latifolia,L.,India
Elaeagnaceae,Elaeagnus pyriformis,Hook.f.,India
Elaeagnaceae,Hippophae rhamnoides,L.,India
Elaeagnaceae,Hippophae salicifolia,D.Don,India
Elaeocarpaceae,Elaeocarpus acuminatus,Wall. ex Mast.,India
Elaeocarpaceae,Elaeocarpus amoenus,Thwaites,India
Elaeocarpaceae,Elaeocarpus aristatus,Roxb.,India
Elaeocarpaceae,Elaeocarpus balansae,DC.,India
Elaeocarpaceae,Elaeocarpus blascoi,Weibel,India
Elaeocarpaceae,Elaeocarpus braceanus,Watt ex C.B.Clarke,India
Elaeocarpaceae,Elaeocarpus bracteatus,Kurz,India
Elaeocarpaceae,Elaeocarpus floribundus,Blume,India
Elaeocarpaceae,Elaeocarpus gadgilii,"A.M.Maya, V.Suresh & K.M.P.Kumar",India
Elaeocarpaceae,Elaeocarpus gaussenii,Weibel,India
Elaeocarpaceae,Elaeocarpus hygrophilus,Kurz,India
Elaeocarpaceae,Elaeocarpus lacunosus,Wall. ex Kurz,India
Elaeocarpaceae,Elaeocarpus lanceifolius,Roxb.,India
Elaeocarpaceae,Elaeocarpus macrocerus,(Turcz.) Merr.,India
Elaeocarpaceae,Elaeocarpus munroi,Mast.,India
Elaeocarpaceae,Elaeocarpus petiolatus,(Jack) Wall.,India
Elaeocarpaceae,Elaeocarpus prunifolius,Wall. ex Müll.Berol.,India
Elaeocarpaceae,Elaeocarpus pulneyensis,"Gole, N.V.Page & Sardesai",India
Elaeocarpaceae,Elaeocarpus recurvatus,Corner,India
Elaeocarpaceae,Elaeocarpus serratus,L.,India
Elaeocarpaceae,Elaeocarpus sikkimensis,Mast.,India
Elaeocarpaceae,Elaeocarpus stapfianus,Gagnep.,India
Elaeocarpaceae,Elaeocarpus stipularis,Blume,India
Elaeocarpaceae,Elaeocarpus tectorius,(Lour.) Poir.,India
Elaeocarpaceae,Elaeocarpus tuberculatus,Roxb.,India
Elaeocarpaceae,Elaeocarpus variabilis,Zmarzty,India
Elaeocarpaceae,Elaeocarpus varunua,Buch.-Ham. ex Mast.,India
Elaeocarpaceae,Elaeocarpus venustus,Bedd.,India
Elaeocarpaceae,Elaeocarpus weibelii,"(Zmarzty) Shareef, S.P.Mathew & Shaju",India
Elaeocarpaceae,Sloanea dasycarpa,(Benth.) Hemsl.,India
Elaeocarpaceae,Sloanea sigun,(Blume) K.Schum.,India
Elaeocarpaceae,Sloanea sterculiacea,(Benth.) Rehder & E.H.Wilson,India
Elaeocarpaceae,Sloanea tomentosa,(Benth.) Rehder & E.H.Wilson,India
Ericaceae,Craibiodendron henryi,W.W.Sm.,India
Ericaceae,Enkianthus deflexus,(Griff.) C.K.Schneid.,India
Ericaceae,Gaultheria fragrantissima,Wall.,India
Ericaceae,Gaultheria griffithiana,Wight,India
Ericaceae,Leucothoe griffithiana,C.B.Clarke,India
Ericaceae,Lyonia ovalifolia,(Wall.) Drude,India
Ericaceae,Lyonia villosa,(Hook.f. ex C.B.Clarke) Hand.-Mazz.,India
Ericaceae,Pieris formosa,(Wall.) D.Don,India
Ericaceae,Rhododendron arboreum,Sm.,India
Ericaceae,Rhododendron argipeplum,Balf.f. & R.E.Cooper,India
Ericaceae,Rhododendron barbatum,Wall. ex G.Don,India
Ericaceae,Rhododendron campanulatum,D.Don,India
Ericaceae,Rhododendron campylocarpum,Hook.f.,India
Ericaceae,Rhododendron ciliicalyx,Franch.,India
Ericaceae,Rhododendron delavayi,Franch.,India
Ericaceae,Rhododendron exasperatum,Tagg,India
Ericaceae,Rhododendron falconeri,Hook.f.,India
Ericaceae,Rhododendron faucium,D.F.Chamb.,India
Ericaceae,Rhododendron glischrum,Balf. f. & W.W. Sm.,India
Ericaceae,Rhododendron grande,Wight,India
Ericaceae,Rhododendron griffithianum,Wight,India
Ericaceae,Rhododendron hodgsonii,Hook.f.,India
Ericaceae,Rhododendron hookeri,Nutt.,India
Ericaceae,Rhododendron kendrickii,Nutt.,India
Ericaceae,Rhododendron kesangiae,D.G.Long & Rushforth,India
Ericaceae,Rhododendron lanigerum,Tagg,India
Ericaceae,Rhododendron macabeanum,Watt ex Balf.f.,India
Ericaceae,Rhododendron maddenii,Hook.f.,India
Ericaceae,Rhododendron mechukae,A.A.Mao & A.Paul,India
Ericaceae,Rhododendron moulmainense,Hook.,India
Ericaceae,Rhododendron niveum,Hook.f.,India
Ericaceae,Rhododendron nuttallii,T.J.Booth ex Nutt.,India
Ericaceae,Rhododendron papillatum,Balf.f. & R.E.Cooper,India
Ericaceae,Rhododendron parryae,Hutch.,India
Ericaceae,Rhododendron rawatii,I.D.Rai & B.S.Adhikari,India
Ericaceae,Rhododendron rex,H.Lév.,India
Ericaceae,Rhododendron subansiriense,D.F.Chamb. & Cox,India
Ericaceae,Rhododendron succothii,Davidian,India
Ericaceae,Rhododendron tanastylum,Balf.f. & Kingdon-Ward,India
Ericaceae,Rhododendron thomsonii,Hook.f.,India
Ericaceae,Rhododendron titapuriense,"A.A.Mao , K.N.E.Cox & D.F.Chamb.",India
Ericaceae,Rhododendron triflorum,Hook.f.,India
Ericaceae,Rhododendron wattii,Cowan,India
Ericaceae,Vaccinium dunalianum,Wight,India
Ericaceae,Vaccinium myodianum,S.Panda & Sanjappa,India
Ericaceae,Vaccinium neilgherrense,Wight,India
Ericaceae,Vaccinium piliferum,(Hook.f. ex C.B.Clarke) Sleumer,India
Ericaceae,Vaccinium sprengelii,(G.Don) Sleumer ex Rehder,India
Ericaceae,Vaccinium symplocifolium,(G.Don) Alston,India
Erythroxylaceae,Erythroxylum lanceolatum,(Wight) Walp.,India
Erythroxylaceae,Erythroxylum monogynum,Roxb.,India
Erythroxylaceae,Erythroxylum sinense,Y.C.Wu,India
Escalloniaceae,Polyosma integrifolia,Blume,India
Euphorbiaceae,Acalypha fruticosa,Forssk.,India
Euphorbiaceae,Agrostistachys borneensis,Becc.,India
Euphorbiaceae,Agrostistachys indica,Dalzell,India
Euphorbiaceae,Alchornea mollis,(Benth.) Müll.Arg.,India
Euphorbiaceae,Alchornea rugosa,(Lour.) Müll.Arg.,India
Euphorbiaceae,Alchornea tiliifolia,(Benth.) Müll.Arg.,India
Euphorbiaceae,Aleurites moluccanus,(L.) Willd.,India
Euphorbiaceae,Balakata baccata,(Roxb.) Esser,India
Euphorbiaceae,Baliospermum calycinum,Müll.Arg.,India
Euphorbiaceae,Baliospermum solanifolium,(Burm.) Suresh,India
Euphorbiaceae,Blachia andamanica,(Kurz) Hook.f.,India
Euphorbiaceae,Blachia calycina,Benth.,India
Euphorbiaceae,Blachia umbellata,(Willd.) Baill.,India
Euphorbiaceae,Blumeodendron kurzii,(Hook.f.) J.J.Sm. ex Koord. & Valeton,India
Euphorbiaceae,Blumeodendron tokbrai,(Blume) Kurz,India
Euphorbiaceae,Claoxylon indicum,(Reinw. ex Blume) Hassk.,India
Euphorbiaceae,Claoxylon khasianum,Hook.f.,India
Euphorbiaceae,Claoxylon longifolium,(Blume) Endl. ex Hassk.,India
Euphorbiaceae,Claoxylon longipetiolatum,Kurz,India
Euphorbiaceae,Claoxylon rostratum,Airy Shaw,India
Euphorbiaceae,Cleidion javanicum,Blume,India
Euphorbiaceae,Cleidion nitidum,(Müll.Arg.) Thwaites ex Kurz,India
Euphorbiaceae,Croton argyratus,Blume,India
Euphorbiaceae,Croton aromaticus,L.,India
Euphorbiaceae,Croton caudatus,Geiseler,India
Euphorbiaceae,Croton chakrabartyi,Dhabak & Nandikar,India
Euphorbiaceae,Croton gibsonianus,Nimmo,India
Euphorbiaceae,Croton joufra,Roxb.,India
Euphorbiaceae,Croton klotzschianus,(Wight) Thwaites,India
Euphorbiaceae,Croton lawianus,Nimmo,India
Euphorbiaceae,Croton lissophyllus,Radcl.-Sm. & Govaerts ex Esser,India
Euphorbiaceae,Croton malabaricus,Bedd.,India
Euphorbiaceae,Croton persimilis,Müll.Arg.,India
Euphorbiaceae,Croton scabiosus,Bedd.,India
Euphorbiaceae,Croton tiglium,L.,India
Euphorbiaceae,Croton zeylanicus,Müll.Arg.,India
Euphorbiaceae,Endospermum chinense,Benth.,India
Euphorbiaceae,Endospermum diadenum,(Miq.) Airy Shaw,India
Euphorbiaceae,Endospermum peltatum,Merr.,India
Euphorbiaceae,Epiprinus mallotiformis,(Müll.Arg.) Croizat,India
Euphorbiaceae,Epiprinus siletianus,(Baill.) Croizat,India
Euphorbiaceae,Euphorbia antiquorum,L.,India
Euphorbiaceae,Euphorbia epiphylloides,Kurz,India
Euphorbiaceae,Euphorbia neriifolia,L.,India
Euphorbiaceae,Euphorbia nivulia,Buch.-Ham.,India
Euphorbiaceae,Euphorbia royleana,Boiss.,India
Euphorbiaceae,Euphorbia santapaui,A.N.Henry,India
Euphorbiaceae,Euphorbia susan-holmesiae,Binojk. & Gopalan,India
Euphorbiaceae,Euphorbia tortilis,Rottler ex Ainslie,India
Euphorbiaceae,Euphorbia vajravelui,Binojk. & N.P.Balakr.,India
Euphorbiaceae,Excoecaria acerifolia,Didr.,India
Euphorbiaceae,Excoecaria agallocha,L.,India
Euphorbiaceae,Excoecaria oppositifolia,Griff.,India
Euphorbiaceae,Falconeria insignis,Royle,India
Euphorbiaceae,Givotia moluccana,(L.) Sreem.,India
Euphorbiaceae,Homonoia intermedia,Haines,India
Euphorbiaceae,Homonoia riparia,Lour.,India
Euphorbiaceae,Koilodepas calycinum,Bedd.,India
Euphorbiaceae,Lasiococca comberi,Haines,India
Euphorbiaceae,Lasiococca symphyllifolia,(Kurz) Hook.f.,India
Euphorbiaceae,Macaranga andamanica,Kurz,India
Euphorbiaceae,Macaranga conifera,(Rchb.f. & Zoll.) Müll.Arg.,India
Euphorbiaceae,Macaranga denticulata,(Blume) Müll.Arg.,India
Euphorbiaceae,Macaranga gigantea,(Rchb.f. & Zoll.) Müll.Arg.,India
Euphorbiaceae,Macaranga indica,Wight,India
Euphorbiaceae,Macaranga nicobarica,N.P.Balakr. & Chakr.,India
Euphorbiaceae,Macaranga peltata,(Roxb.) Müll.Arg.,India
Euphorbiaceae,Macaranga setosa,Gage,India
Euphorbiaceae,Macaranga tanarius,(L.) Müll.Arg.,India
Euphorbiaceae,Macaranga trichocarpa,(Zoll.) Müll.Arg.,India
Euphorbiaceae,Macaranga triloba,(Thunb.) Müll.Arg.,India
Euphorbiaceae,Mallotus atrovirens,Müll.Arg.,India
Euphorbiaceae,Mallotus barbatus,Müll.Arg.,India
Euphorbiaceae,Mallotus distans,Müll.Arg.,India
Euphorbiaceae,Mallotus intercedens,Pax & K.Hoffm.,India
Euphorbiaceae,Mallotus khasianus,Hook.f.,India
Euphorbiaceae,Mallotus lancifolius,Hook.f.,India
Euphorbiaceae,Mallotus leucocarpus,(Kurz) Airy Shaw,India
Euphorbiaceae,Mallotus nepalensis,Müll.Arg.,India
Euphorbiaceae,Mallotus nudiflorus,(L.) Kulju & Welzen,India
Euphorbiaceae,Mallotus oreophilus,Müll.Arg.,India
Euphorbiaceae,Mallotus paniculatus,(Lam.) Müll.Arg.,India
Euphorbiaceae,Mallotus peltatus,(Geiseler) Müll.Arg.,India
Euphorbiaceae,Mallotus philippensis,(Lam.) Müll.Arg.,India
Euphorbiaceae,Mallotus polycarpus,(Benth.) Kulju & Welzen,India
Euphorbiaceae,Mallotus repandus,(Rottler) Müll.Arg.,India
Euphorbiaceae,Mallotus resinosus,(Blanco) Merr.,India
Euphorbiaceae,Mallotus rhamnifolius,(Willd.) Müll.Arg.,India
Euphorbiaceae,Mallotus tetracoccus,(Roxb.) Kurz,India
Euphorbiaceae,Neoscortechinia nicobarica,(Hook.f.) Pax & K.Hoffm.,India
Euphorbiaceae,Ostodes paniculata,Blume,India
Euphorbiaceae,Paracroton integrifolius,(Airy Shaw) N.P.Balakr. & Chakr.,India
Euphorbiaceae,Paracroton pendulus,(Hassk.) Miq.,India
Euphorbiaceae,Shirakiopsis indica,(Willd.) Esser,India
Euphorbiaceae,Sphyranthera airyshawii,Chakrab. & Vasudeva Rao,India
Euphorbiaceae,Sphyranthera lutescens,(Kurz) Pax & K.Hoffm.,India
Euphorbiaceae,Sumbaviopsis albicans,(Blume) J.J.Sm.,India
Euphorbiaceae,Suregada lanceolata,(Willd.) Kuntze,India
Euphorbiaceae,Triadica cochinchinensis,Lour.,India
Euphorbiaceae,Trigonostemon aurantiacus,(Kurz ex Teijsm. & Binn.) Boerl.,India
Euphorbiaceae,Trigonostemon laevigatus,Müll.Arg.,India
Euphorbiaceae,Trigonostemon longifolius,Baill. ex Müll.Arg.,India
Euphorbiaceae,Trigonostemon nemoralis,Thwaites,India
Euphorbiaceae,Trigonostemon villosus,Hook.f.,India
Euphorbiaceae,Trigonostemon viridissimus,(Kurz) Airy Shaw,India
Euphorbiaceae,Tritaxis balakrishnanii,(Chakrab. & Premanath) R.Y.Yu & Welzen,India
Euphorbiaceae,Tritaxis beddomei,Benth.,India
Euphorbiaceae,Tritaxis glabella,(Thwaites) R.Y.Yu & Welzen,India
Euphorbiaceae,Tritaxis kurnoolensis,(R.R.V.Raju & Pull.) R.Y.Yu & Welzen,India
Eupteleaceae,Euptelea pleiosperma,Hook.f. & Thomson,India
Fabaceae,Acacia eriantha,Desv.,India
Fabaceae,Acrocarpus fraxinifolius,Wight & Arn.,India
Fabaceae,Adenanthera pavonina,L.,India
Fabaceae,Albizia amara,(Roxb.) Boivin,India
Fabaceae,Albizia chinensis,(Osbeck) Merr.,India
Fabaceae,Albizia garrettii,I.C.Nielsen,India
Fabaceae,Albizia julibrissin,Durazz.,India
Fabaceae,Albizia kalkora,(Roxb.) Prain,India
Fabaceae,Albizia lathamii,Hole,India
Fabaceae,Albizia lebbeck,(L.) Benth.,India
Fabaceae,Albizia lucida,(Jacques) Benth.,India
Fabaceae,Albizia myriophylla,Benth.,India
Fabaceae,Albizia odoratissima,(L.f.) Benth.,India
Fabaceae,Albizia procera,(Roxb.) Benth.,India
Fabaceae,Albizia retusa,Benth.,India
Fabaceae,Albizia sherriffii,Baker f.,India
Fabaceae,Albizia thompsonii,Brandis,India
Fabaceae,Albizia umbrosa,(Wall.) Benth.,India
Fabaceae,Archidendron arunachalense,S.S.Dash & Sanjappa,India
Fabaceae,Archidendron bigeminum,(L.) I.C.Nielsen,India
Fabaceae,Archidendron clypearia,(Jack) I.C.Nielsen,India
Fabaceae,Archidendron ellipticum,(Blume) I.C.Nielsen,India
Fabaceae,Archidendron globosum,(Blume) I.C.Nielsen,India
Fabaceae,Archidendron glomeriflorum,(Kurz) I.C.Nielsen,India
Fabaceae,Archidendron nielsenianum,S.S.Dash & Sanjappa,India
Fabaceae,Archidendron pellitum,(Gagnep.) I.C.Nielsen,India
Fabaceae,Bauhinia purpurea,L.,India
Fabaceae,Bauhinia racemosa,Lam.,India
Fabaceae,Bauhinia roxburghiana,Voigt,India
Fabaceae,Biancaea sappan,(L.) Tod.,India
Fabaceae,Brachypterum robustum,(Roxb. ex DC.) Dalzell & A.Gibson,India
Fabaceae,Butea monosperma,(Lam.) Kuntze,India
Fabaceae,Cassia fistula,L.,India
Fabaceae,Cassia javanica,L.,India
Fabaceae,Cassia roxburghii,DC.,India
Fabaceae,Cathormion umbellatum,(Vahl) Kosterm.,India
Fabaceae,Crudia balachandrae,Sanjappa,India
Fabaceae,Cynometra beddomei,Prain,India
Fabaceae,Cynometra bourdillonii,Gamble,India
Fabaceae,Cynometra iripa,Kostel.,India
Fabaceae,Cynometra malaccensis,Meeuwen,India
Fabaceae,Cynometra polyandra,Roxb.,India
Fabaceae,Cynometra ramiflora,L.,India
Fabaceae,Cynometra travancorica,Bedd.,India
Fabaceae,Dalbergia assamica,Benth.,India
Fabaceae,Dalbergia clarkei,Thoth.,India
Fabaceae,Dalbergia duarensis,Thoth.,India
Fabaceae,Dalbergia lanceolaria,L.f.,India
Fabaceae,Dalbergia latifolia,Roxb.,India
Fabaceae,Dalbergia mimosoides,Franch.,India
Fabaceae,Dalbergia pinnata,(Lour.) Prain,India
Fabaceae,Dalbergia reniformis,Roxb.,India
Fabaceae,Dalbergia sericea,G.Don,India
Fabaceae,Dalbergia sissoides,Wight & Arn.,India
Fabaceae,Dalbergia sissoo,Roxb. ex DC.,India
Fabaceae,Dalbergia stipulacea,Roxb.,India
Fabaceae,Dalbergia tinnevelliensis,Thoth.,India
Fabaceae,Dalbergia wattii,C.B.Clarke,India
Fabaceae,Dendrolobium umbellatum,(L.) Benth.,India
Fabaceae,Dialium travancoricum,Bourd.,India
Fabaceae,Dichrostachys cinerea,(L.) Wight & Arn.,India
Fabaceae,Erythrina arborescens,Roxb.,India
Fabaceae,Erythrina fusca,Lour.,India
Fabaceae,Erythrina stricta,Roxb.,India
Fabaceae,Erythrina suberosa,Roxb.,India
Fabaceae,Erythrina subumbrans,(Hassk.) Merr.,India
Fabaceae,Erythrina variegata,L.,India
Fabaceae,Gleditsia assamica,Bor,India
Fabaceae,Guilandina bonduc,L.,India
Fabaceae,Gymnocladus assamicus,Kanjilal ex P.C.Kanjilal,India
Fabaceae,Gymnocladus burmanicus,C.E.Parkinson,India
Fabaceae,Hardwickia binata,Roxb.,India
Fabaceae,Huchimingia piscidia,(Roxb.) Z.Q.Song,India
Fabaceae,Hultholia mimosoides,(Lam.) Gagnon & G.P.Lewis,India
Fabaceae,Humboldtia bourdillonii,Prain,India
Fabaceae,Humboldtia brunonis,Wall.,India
Fabaceae,Humboldtia decurrens,Bedd. ex Oliv.,India
Fabaceae,Humboldtia laurifolia,Vahl,India
Fabaceae,Humboldtia sanjappae,Sasidh. & Sujanapal,India
Fabaceae,Humboldtia unijuga,Bedd.,India
Fabaceae,Humboldtia vahliana,Wight,India
Fabaceae,Indigofera atropurpurea,Buch.-Ham. ex Hornem.,India
Fabaceae,Indigofera galegoides,DC.,India
Fabaceae,Indigofera himalayensis,Ali,India
Fabaceae,Indopiptadenia oudhensis,(Brandis) Brenan,India
Fabaceae,Intsia bijuga,(Colebr.) Kuntze,India
Fabaceae,Intsia palembanica,Miq.,India
Fabaceae,Kanjilalia umbrosa,(Wall.) Sanjappa & Pusalkar,India
Fabaceae,Millettia glaucescens,Kurz,India
Fabaceae,Millettia pachycarpa,Benth.,India
Fabaceae,Millettia pulchra,Kurz,India
Fabaceae,Moullava tortuosa,(Roxb.) Gagnon & G.P.Lewis,India
Fabaceae,Mucuna sempervirens,Hemsl.,India
Fabaceae,Mundulea sericea,(Willd.) A.Chev.,India
Fabaceae,Ormocarpum sennoides,(Willd.) DC.,India
Fabaceae,Ormosia assamica,Yakovlev,India
Fabaceae,Ormosia glauca,Wall.,India
Fabaceae,Ormosia robusta,(Wight) Voigt,India
Fabaceae,Ormosia travancorica,Bedd.,India
Fabaceae,Ougeinia oojeinensis,(Roxb.) Hochr.,India
Fabaceae,Parkia timoriana,(DC.) Merr.,India
Fabaceae,Piliostigma foveolatum,(Dalzell) Thoth.,India
Fabaceae,Piliostigma malabaricum,(Roxb.) Benth.,India
Fabaceae,Pongamia pinnata,(L.) Pierre,India
Fabaceae,Prioria pinnata,(Roxb. ex DC.) Breteler,India
Fabaceae,Prosopis cineraria,(L.) Druce,India
Fabaceae,Prosopis farcta,(Sol.) J.F.Macbr.,India
Fabaceae,Pterocarpus dalbergioides,Roxb. ex DC.,India
Fabaceae,Pterocarpus indicus,Willd.,India
Fabaceae,Pterocarpus marsupium,Roxb.,India
Fabaceae,Pterocarpus santalinus,L.f.,India
Fabaceae,Sanjappa cynometroides,(Bedd.) E.R.Souza & Krishnaraj,India
Fabaceae,Saraca asoca,(Roxb.) J.J.de Wilde,India
Fabaceae,Senegalia catechu,(L.f.) P.J.H.Hurter & Mabb.,India
Fabaceae,Senegalia chundra,(Roxb. ex Rottler) Maslin,India
Fabaceae,Senegalia donaldi,"(Haines) Ragup., Seigler, Ebinger & Maslin ",India
Fabaceae,Senegalia lenticularis,"(Buch.-Ham. ex Benth.) Ragup., Seigler, Ebinger & Maslin",India
Fabaceae,Senegalia modesta,(Wall.) P.J.H.Hurter,India
Fabaceae,Senegalia pennata,(L.) Maslin,India
Fabaceae,Senegalia polyacantha,(Willd.) Seigler & Ebinger,India
Fabaceae,Senegalia pruinescens,"(Kurz) Maslin, Seigler & Ebinger",India
Fabaceae,Senegalia rugata,(Lam.) Britton & Rose,India
Fabaceae,Senegalia senegal,(L.) Britton,India
Fabaceae,Senegalia tanjorensis,"(Ragup., Thoth. & A.Mahad.) A.Deshp. & Maslin",India
Fabaceae,Senna alexandrina,Mill.,India
Fabaceae,Senna auriculata,(L.) Roxb.,India
Fabaceae,Senna sulfurea,(DC. ex Collad.) H.S.Irwin & Barneby,India
Fabaceae,Senna surattensis,(Burm.f.) H.S.Irwin & Barneby,India
Fabaceae,Senna timoriensis,(DC.) H.S.Irwin & Barneby,India
Fabaceae,Sophora tomentosa,L.,India
Fabaceae,Sophora wightii,Baker,India
Fabaceae,Spatholobus parviflorus,(Roxb. ex G.Don) Kuntze,India
Fabaceae,Vachellia bolei,"(R.P.Subhedar) Ragup., Seigler, Ebinger & Maslin",India
Fabaceae,Vachellia campbellii,(Arn.) A.Deshp. & Maslin,India
Fabaceae,Vachellia eburnea,(L. f.) P.J.H. Hurter & Mabb.,India
Fabaceae,Vachellia horrida,(L.) Kyal. & Boatwr.,India
Fabaceae,Vachellia jacquemontii,(Benth.) Ali,India
Fabaceae,Vachellia leucophloea,"(Roxb.) Maslin, Seigler & Ebinger",India
Fabaceae,Vachellia nilotica,(L.) P.J.H.Hurter & Mabb.,India
Fabaceae,Vachellia planifrons,"(Wight & Arn.) Ragup., Seigler, Ebinger & Maslin",India
Fabaceae,Vachellia tomentosa,"(Rottler) Maslin, Seigler & Ebinger",India
Fabaceae,Xylia xylocarpa,(Roxb.) W.Theob.,India
Fagaceae,Castanea mollissima,Blume,India
Fagaceae,Castanopsis argentea,(Blume) A.DC.,India
Fagaceae,Castanopsis argyrophylla,King ex Hook.f.,India
Fagaceae,Castanopsis armata,(Roxb.) Spach,India
Fagaceae,Castanopsis castanicarpa,(Roxb.) Spach,India
Fagaceae,Castanopsis clarkei,King ex Hook.f.,India
Fagaceae,Castanopsis echinocarpa,Miq.,India
Fagaceae,Castanopsis ferox,(Roxb.) Spach,India
Fagaceae,Castanopsis indica,(Roxb. ex Lindl.) A.DC.,India
Fagaceae,Castanopsis lanceifolia,(Oerst.) Hickel & A.Camus,India
Fagaceae,Castanopsis longispina,(King ex Hook.f.) C.C.Huang & Y.T.Zhang,India
Fagaceae,Castanopsis pathakii,"Shankh.Mitra, Ranjan & D.Maity",India
Fagaceae,Castanopsis purpurella,(Miq.) N.P.Balakr.,India
Fagaceae,Castanopsis tribuloides,(Sm.) A.DC.,India
Fagaceae,Castanopsis wattii,(King ex Hook.f.) A.Camus,India
Fagaceae,Lithocarpus cottonii,A.Camus,India
Fagaceae,Lithocarpus dealbatus,(Hook.f. & Thomson ex Miq.) Rehder,India
Fagaceae,Lithocarpus elegans,(Blume) Hatus. ex Soepadmo,India
Fagaceae,Lithocarpus fenestratus,(Roxb.) Rehder,India
Fagaceae,Lithocarpus himalaicus,C.C.Huang & Y.T.Chang,India
Fagaceae,Lithocarpus jenkinsii,(Benth.) C.C.Huang & Y.T.Chang,India
Fagaceae,Lithocarpus kamengii,K.C.Sahni & H.B.Naithani,India
Fagaceae,Lithocarpus lappaceus,(Roxb.) Rehder,India
Fagaceae,Lithocarpus listeri,(King) Grierson & D.G.Long,India
Fagaceae,Lithocarpus lithocarpaeus,(Oerst.) Hjelmq.,India
Fagaceae,Lithocarpus magnificus,(Brandis) A.Camus,India
Fagaceae,Lithocarpus milroyi,(Purkayastha) Barnett,India
Fagaceae,Lithocarpus obscurus,C.C.Huang & Y.T.Chang,India
Fagaceae,Lithocarpus ollus,(Kurz) A.Camus,India
Fagaceae,Lithocarpus pachyphyllus,(Kurz) Rehder,India
Fagaceae,Lithocarpus polystachyus,(Wall. ex A.DC.) Rehder,India
Fagaceae,Lithocarpus silvicolarum,(Hance) Chun,India
Fagaceae,Lithocarpus thomsonii,(Miq.) Rehder,India
Fagaceae,Lithocarpus truncatus,(King ex Hook.f.) Rehder,India
Fagaceae,Lithocarpus xylocarpus,(Kurz) Markgr.,India
Fagaceae,Quercus acutissima,Carruth.,India
Fagaceae,Quercus annulata,Sm.,India
Fagaceae,Quercus blakei,Skan,India
Fagaceae,Quercus floribunda,Lindl. ex A.Camus,India
Fagaceae,Quercus gambleana,A.Camus,India
Fagaceae,Quercus glauca,Thunb.,India
Fagaceae,Quercus griffithii,Hook.f. & Thomson ex Miq.,India
Fagaceae,Quercus helferiana,A.DC.,India
Fagaceae,Quercus lamellosa,Sm.,India
Fagaceae,Quercus lanata,Sm.,India
Fagaceae,Quercus lineata,Blume,India
Fagaceae,Quercus lobbii,Ettingsh.,India
Fagaceae,Quercus lodicosa,O.E.Warb. & E.F.Warb.,India
Fagaceae,Quercus mespilifolia,Wall. ex A.DC.,India
Fagaceae,Quercus oblongata,D.Don,India
Fagaceae,Quercus oxyodon,Miq.,India
Fagaceae,Quercus rex,Hemsl.,India
Fagaceae,Quercus semecarpifolia,Sm.,India
Fagaceae,Quercus semiserrata,Roxb.,India
Fagaceae,Quercus thomsoniana,A.DC.,India
Fagaceae,Quercus tungmaiensis,Y.T.Chang,India
Fagaceae,Quercus vestita,Griff.,India
Garryaceae,Aucuba himalaica,Hook.f. & Thomson,India
Gentianaceae,Cyrtophyllum fragrans,(Roxb.) DC.,India
Gentianaceae,Fagraea auriculata,Jack,India
Gentianaceae,Fagraea ceilanica,Thunb.,India
Gentianaceae,Utania volubilis,(Wall.) Sugumaran,India
Gnetaceae,Gnetum gnemon,L.,India
Hamamelidaceae,Corylopsis himalayana,Griff.,India
Hamamelidaceae,Distylium indicum,Benth. ex C.B.Clarke,India
Hamamelidaceae,Exbucklandia populnea,(R.Br. ex Griff.) R.W.Br.,India
Hamamelidaceae,Loropetalum chinense,(R.Br.) Oliv.,India
Hamamelidaceae,Parrotiopsis jacquemontiana,(Decne.) Rehder,India
Helwingiaceae,Helwingia himalaica,Hook.f. & Thomson ex C.B.Clarke,India
Hernandiaceae,Gyrocarpus americanus,Jacq.,India
Hernandiaceae,Hernandia nymphaeifolia,(C.Presl) Kubitzki,India
Hernandiaceae,Hernandia ovigera,L.,India
Hydrangeaceae,Hydrangea aspera,D. Don,India
Hydrangeaceae,Hydrangea heteromalla,D. Don,India
Hydrangeaceae,Hydrangea robusta,Hook.f. & Thomson,India
Hypericaceae,Cratoxylum sumatranum,(Jack) Blume,India
Icacinaceae,Mappia nimmoniana,(J.Graham) Byng & Stull,India
Iteaceae,Itea chinensis,Hook. & Arn.,India
Iteaceae,Itea macrophylla,Wall.,India
Ixonanthaceae,Ixonanthes reticulata,Jack,India
Juglandaceae,Alfaropsis roxburghiana,(Lindl. ex Wall.) Iljinsk.,India
Juglandaceae,Carya tonkinensis,Lecomte,India
Juglandaceae,Engelhardia spicata,Lechen ex Blume,India
Juglandaceae,Juglans regia,L.,India
Lamiaceae,Callicarpa arborea,Roxb.,India
Lamiaceae,Callicarpa macrophylla,Vahl,India
Lamiaceae,Callicarpa nudiflora,Hook. & Arn.,India
Lamiaceae,Callicarpa psilocalyx,C.B.Clarke,India
Lamiaceae,Callicarpa tomentosa,(L.) L.,India
Lamiaceae,Callicarpa vestita,Wall. ex C.B.Clarke,India
Lamiaceae,Clerodendrum bracteatum,Wall. ex Walp.,India
Lamiaceae,Clerodendrum griffithianum,C.B.Clarke,India
Lamiaceae,Clerodendrum indicum,(L.) Kuntze,India
Lamiaceae,Clerodendrum japonicum,(Thunb.) Sweet,India
Lamiaceae,Clerodendrum laevifolium,Blume,India
Lamiaceae,Clerodendrum phlomidis,L.f.,India
Lamiaceae,Clerodendrum trichotomum,Thunb.,India
Lamiaceae,Gmelina arborea,Roxb. ex Sm.,India
Lamiaceae,Gmelina elliptica,Sm.,India
Lamiaceae,Leucosceptrum canum,Sm.,India
Lamiaceae,Premna barbata,Wall. ex Schauer,India
Lamiaceae,Premna bengalensis,C.B.Clarke,India
Lamiaceae,Premna bracteata,Wall. ex C.B.Clarke,India
Lamiaceae,Premna debiana,A.Rajendran & P.Daniel,India
Lamiaceae,Premna interrupta,Wall. ex Schauer,India
Lamiaceae,Premna khasiana,C.B.Clarke,India
Lamiaceae,Premna milleflora,C.B.Clarke,India
Lamiaceae,Premna mollissima,Roth,India
Lamiaceae,Premna resinosa,(Hochst.) Schauer,India
Lamiaceae,Premna serratifolia,L.,India
Lamiaceae,Premna tomentosa,Willd.,India
Lamiaceae,Premna wightiana,Schauer,India
Lamiaceae,Rotheca farinosa,(Roxb.) Govaerts,India
Lamiaceae,Tectona grandis,L.f.,India
Lamiaceae,Teijsmanniodendron pteropodum,(Miq.) Bakh.,India
Lamiaceae,Vitex altissima,L.f.,India
Lamiaceae,Vitex canescens,Kurz,India
Lamiaceae,Vitex diversifolia,Kurz ex C.B.Clarke,India
Lamiaceae,Vitex glabrata,R.Br.,India
Lamiaceae,Vitex leucoxylon,L.f.,India
Lamiaceae,Vitex limonifolia,ex C.B.Clarke,India
Lamiaceae,Vitex negundo,L.,India
Lamiaceae,Vitex peduncularis,Wall. ex Schauer,India
Lamiaceae,Vitex pinnata,L.,India
Lamiaceae,Vitex quinata,(Lour.) F.N.Williams,India
Lamiaceae,Vitex trifolia,L.,India
Lamiaceae,Vitex wimberleyi,Kurz,India
Lauraceae,Actinodaphne andamanica,M.Gangop.,India
Lauraceae,Actinodaphne angustifolia,(Blume) Nees,India
Lauraceae,Actinodaphne bourdillonii,Gamble,India
Lauraceae,Actinodaphne bourneae,Gamble,India
Lauraceae,Actinodaphne campanulata,Hook.f.,India
Lauraceae,Actinodaphne glomerata,(Blume) Nees,India
Lauraceae,Actinodaphne hookeri,Meisn.,India
Lauraceae,Actinodaphne lanata,Meisn.,India
Lauraceae,Actinodaphne lanceolata,Dalzell & A.Gibson,India
Lauraceae,Actinodaphne lawsonii,Gamble,India
Lauraceae,Actinodaphne longipes,Kosterm.,India
Lauraceae,Actinodaphne macroptera,Miq.,India
Lauraceae,Actinodaphne madraspatana,Bedd. ex Hook.f.,India
Lauraceae,Actinodaphne obovata,(Nees) Blume,India
Lauraceae,Actinodaphne procera,Nees,India
Lauraceae,Actinodaphne reticulata,Meisn.,India
Lauraceae,Actinodaphne salicina,Meisn.,India
Lauraceae,Actinodaphne sesquipedalis,Hook.f. & Thomson ex Meisn.,India
Lauraceae,Actinodaphne shendurunii,Robi & Udayan,India
Lauraceae,Actinodaphne sikkimensis,Meisn.,India
Lauraceae,Actinodaphne tadulingamii,Gamble,India
Lauraceae,Actinodaphne wightiana,(Kuntze) Noltie,India
Lauraceae,Alseodaphne habrotricha,Kosterm.,India
Lauraceae,Alseodaphne himalayana,Kosterm.,India
Lauraceae,Alseodaphne khasyana,(Meisn.) Kosterm.,India
Lauraceae,Alseodaphne owdenii,R.Parker,India
Lauraceae,Alseodaphne semecarpifolia,Nees,India
Lauraceae,Alseodaphnopsis andersonii,(King ex Hook.f.) H.W.Li & J.Li,India
Lauraceae,Alseodaphnopsis petiolaris,(Meisn.) H.W.Li & J.Li,India
Lauraceae,Apollonias arnottii,Nees,India
Lauraceae,Beilschmiedia aborensis,Kosterm.,India
Lauraceae,Beilschmiedia andamanensis,M.Gangop.,India
Lauraceae,Beilschmiedia assamica,Meisn.,India
Lauraceae,Beilschmiedia brandisii,Hook.f.,India
Lauraceae,Beilschmiedia clarkei,Hook.f.,India
Lauraceae,Beilschmiedia dalzellii,(Meisn.) Kosterm.,India
Lauraceae,Beilschmiedia lucidula,(Miq.) Kosterm.,India
Lauraceae,Beilschmiedia roxburghiana,Nees,India
Lauraceae,Beilschmiedia sikkimensis,King ex Hook.f.,India
Lauraceae,Beilschmiedia tirunelvelica,"Manickam, Murugan, Jothi & Sundaresan",India
Lauraceae,Beilschmiedia wightii,(Nees) Hook.f.,India
Lauraceae,Cinnadenia paniculata,(Hook.f.) Kosterm.,India
Lauraceae,Cinnamomum agasthyamalayanum,"Robi, Sujanapal & Udayan",India
Lauraceae,Cinnamomum andersonii,Lukman.,India
Lauraceae,Cinnamomum angustifolium,Lukman.,India
Lauraceae,Cinnamomum asomicum,S.C.Nath & Baruah,India
Lauraceae,Cinnamomum assamicum,Lukman.,India
Lauraceae,Cinnamomum bejolghota,(Buch.-Ham.) Sweet,India
Lauraceae,Cinnamomum bhaskarii,M.Gangop.,India
Lauraceae,Cinnamomum bishnupadae,M.Gangop.,India
Lauraceae,Cinnamomum blandfordii,M.Gangop.,India
Lauraceae,Cinnamomum blumei,Lukman.,India
Lauraceae,Cinnamomum carrierei,Lukman.,India
Lauraceae,Cinnamomum champokianum,Baruah & S.C.Nath,India
Lauraceae,Cinnamomum chemungianum,M.Mohanan & A.N.Henry,India
Lauraceae,Cinnamomum decaisnei,Lukman.,India
Lauraceae,Cinnamomum dubium,Nees,India
Lauraceae,Cinnamomum filipedicellatum,Kosterm.,India
Lauraceae,Cinnamomum gamblei,"Geethakum., Deepu & Pandur.",India
Lauraceae,Cinnamomum glanduliferum,(Wall.) Meisn.,India
Lauraceae,Cinnamomum glaucescens,(Nees) Hand.-Mazz.,India
Lauraceae,Cinnamomum goaense,Kosterm.,India
Lauraceae,Cinnamomum heyneanum,Nees,India
Lauraceae,Cinnamomum hookeri,Lukman.,India
Lauraceae,Cinnamomum impressinervium,Meisn.,India
Lauraceae,Cinnamomum iners,Reinw. ex Blume,India
Lauraceae,Cinnamomum keralaense,Kosterm.,India
Lauraceae,Cinnamomum kingdon-wardii,Kosterm.,India
Lauraceae,Cinnamomum litseifolium,Thwaites,India
Lauraceae,Cinnamomum lohitensis,M.Gangop.,India
Lauraceae,Cinnamomum macrocarpum,Hook.f.,India
Lauraceae,Cinnamomum malabatrum,(Burm.f.) J.Presl,India
Lauraceae,Cinnamomum neesii,Lukman.,India
Lauraceae,Cinnamomum perrottetii,Meisn.,India
Lauraceae,Cinnamomum riparium,Gamble,India
Lauraceae,Cinnamomum sanjappae,M.Gangop.,India
Lauraceae,Cinnamomum subavenium,Miq.,India
Lauraceae,Cinnamomum sulphuratum,Nees,India
Lauraceae,Cinnamomum suvrae,M.Gangop.,India
Lauraceae,Cinnamomum tamala,(Buch.-Ham.) T.Nees & C.H.Eberm.,India
Lauraceae,Cinnamomum tazia,(Buch.-Ham.) Kosterm. ex M.Gangop.,India
Lauraceae,Cinnamomum travancoricum,Gamble,India
Lauraceae,Cinnamomum walaiwarense,Kosterm.,India
Lauraceae,Cinnamomum wightii,Meisn.,India
Lauraceae,Cryptocarya amygdalina,Nees,India
Lauraceae,Cryptocarya anamalayana,Gamble,India
Lauraceae,Cryptocarya andamanica,Hook.f.,India
Lauraceae,Cryptocarya balakrishnanii,M.Gangop. & Chakrab.,India
Lauraceae,Cryptocarya beddomei,Gamble,India
Lauraceae,Cryptocarya burkillii,M.Gangop.,India
Lauraceae,Cryptocarya caesia,Blume,India
Lauraceae,Cryptocarya cavei,M.Gangop. & Chakrab.,India
Lauraceae,Cryptocarya dekae,M.Gangop.,India
Lauraceae,Cryptocarya diversifolia,Blume,India
Lauraceae,Cryptocarya ferrarsi,King ex Hook.f.,India
Lauraceae,Cryptocarya insularis,Vasudeva Rao & Chakrab.,India
Lauraceae,Cryptocarya lawsonii,Gamble,India
Lauraceae,Cryptocarya muthuvariana,"R.Jagad., P.Suresh Kumar, Gangapr. & S.P.Mathew",India
Lauraceae,Cryptocarya praetervisa,"M.G.Gangop., Chakrab. & A.S.Chauhan",India
Lauraceae,Cryptocarya procera,Talbot,India
Lauraceae,Cryptocarya sheikelmudiyana,A.K.H.Bachan & P.K.Fasila,India
Lauraceae,Cryptocarya simonsii,M.Gangop.,India
Lauraceae,Cryptocarya stocksii,Meisn.,India
Lauraceae,Dehaasia arunachalensis,M.Gangop.,India
Lauraceae,Dehaasia assamica,Kosterm.,India
Lauraceae,Dehaasia candolleana,(Meisn.) Kosterm.,India
Lauraceae,Dehaasia cuneata,(Blume) Blume,India
Lauraceae,Dehaasia firma,Blume,India
Lauraceae,Dehaasia kurzii,King ex Hook.f.,India
Lauraceae,Dodecadenia grandiflora,Nees,India
Lauraceae,Endiandra firma,Nees,India
Lauraceae,Iteadaphne caudata,(Nees) H.W. Li              ,India
Lauraceae,Lindera andamanica,"Chakrab., Lakra & Diwakar",India
Lauraceae,Lindera assamica,(Meisn.) Kurz,India
Lauraceae,Lindera bootanica,Meisn.,India
Lauraceae,Lindera communis,Hemsl.,India
Lauraceae,Lindera latifolia,Hook.f.,India
Lauraceae,Lindera meissneri,Hook.f.,India
Lauraceae,Lindera melastomacea,Fern.-Vill.,India
Lauraceae,Lindera nacusua,(D. Don) Merr.,India
Lauraceae,Lindera neesiana,(Wall. ex Nees) Kurz                    ,India
Lauraceae,Lindera obtusiloba,Blume,India
Lauraceae,Lindera pulcherrima,(Nees) Hook.f.,India
Lauraceae,Lindera reticulata,(Blume) Benth. & Hook.f. ex Fern.-Vill.,India
Lauraceae,Lindera sanjappae,"Bhaumik, M.K.Pathak & Chakrab.",India
Lauraceae,Lindera thomsonii,C.K. Allen,India
Lauraceae,Lindera varmae,"M.K.Pathak, Bhaumik & Chakrab.",India
Lauraceae,Litsea albescens,(Hook.f.) D.G.Long,India
Lauraceae,Litsea anamalayana,Robi & Udayan,India
Lauraceae,Litsea assamica,Hook.f.,India
Lauraceae,Litsea beddomei,Hook.f.,India
Lauraceae,Litsea bourdillonii,Gamble,India
Lauraceae,Litsea calophylla,(Miq.) Mansf.,India
Lauraceae,Litsea chartacea,(Wall. ex Nees) Hook.f.,India
Lauraceae,Litsea coriacea,Hook.f.,India
Lauraceae,Litsea cubeba,(Lour.) Pers.,India
Lauraceae,Litsea elongata,(Nees) Hook.f.,India
Lauraceae,Litsea floribunda,(Blume) Gamble,India
Lauraceae,Litsea ghatica,Saldanha,India
Lauraceae,Litsea glabrata,Hook.f.,India
Lauraceae,Litsea glutinosa,(Lour.) C.B.Rob.,India
Lauraceae,Litsea helferi,Hook.f.,India
Lauraceae,Litsea himalayensis,R.Kr.Singh,India
Lauraceae,Litsea hookeri,(Meisn.) D.G.Long,India
Lauraceae,Litsea idukkiana,Robi & Revathy V.,India
Lauraceae,Litsea indoverticillata,Robi & Udayan,India
Lauraceae,Litsea insignis,(Blume) Boerl.,India
Lauraceae,Litsea kakkachensis,R. Ganesan,India
Lauraceae,Litsea keralana,Kosterm.,India
Lauraceae,Litsea khasyana,Meisn.,India
Lauraceae,Litsea kingii,Hook.f.,India
Lauraceae,Litsea kurzii,King ex Hook.f.,India
Lauraceae,Litsea laeta,(Nees) Trimen,India
Lauraceae,Litsea laevigata,(Nees) Gamble,India
Lauraceae,Litsea lancifolia,(Roxb. ex Nees) Fern.-Vill.,India
Lauraceae,Litsea leiantha,(Kurz) Hook.f.,India
Lauraceae,Litsea ligustrina,(Nees) Fern.-Vill.,India
Lauraceae,Litsea manilaliana,Robi & Udayan,India
Lauraceae,Litsea meesapulimalaiana,"Revathy V. & Robi
Robi",India
Lauraceae,Litsea megamalayana,"Karupp., V.Ravich. & Bharath",India
Lauraceae,Litsea membranifolia,Hook.f.,India
Lauraceae,Litsea mishmiensis,Hook.f.,India
Lauraceae,Litsea monopetala,(Roxb.) Pers.,India
Lauraceae,Litsea mysorensis,Gamble,India
Lauraceae,Litsea nigrescens,Gamble,India
Lauraceae,Litsea nitida,(Roxb.) Hook.f.,India
Lauraceae,Litsea oleoides,Hook.f.,India
Lauraceae,Litsea panamanja,(Buch.-Ham. ex Nees) Hook.f.,India
Lauraceae,Litsea polyneura,(Meisn.) Boerl.,India
Lauraceae,Litsea salicifolia,(Roxb. ex Nees) Hook.f.,India
Lauraceae,Litsea saligna,(Nees) N.P.Balakr.,India
Lauraceae,Litsea semecarpifolia,(Wall. ex Nees) Hook.f.,India
Lauraceae,Litsea sericea,(Wall. ex Nees) Hook.f.,India
Lauraceae,Litsea stocksii,Hook.f.,India
Lauraceae,Litsea travancorica,Gamble,India
Lauraceae,Litsea udayanii,Robi,India
Lauraceae,Litsea wightiana,(Nees) Hook.f.,India
Lauraceae,Machilus arunachalensis,(M.Gangop.) Anand Kumar,India
Lauraceae,Machilus clarkeanus,King ex Hook.f.,India
Lauraceae,Machilus declinatus,(Blume) de Kok,India
Lauraceae,Machilus dubius,Das & P.C.Kanjilal,India
Lauraceae,Machilus duthiei,King ex Hook.f.,India
Lauraceae,Machilus edulis,King ex Hook.f.,India
Lauraceae,Machilus glaucescens,(Nees) Wight,India
Lauraceae,Machilus hedgei,"(M.Gangop. & A.Sarmah) Chakrab., Ghoshal, Anand Kumar & V.K.Rawat",India
Lauraceae,Machilus kingii,Hook.f.,India
Lauraceae,Machilus kurzii,King ex Hook.f.,India
Lauraceae,Machilus listeri,King ex Hook.f.,India
Lauraceae,Machilus lohitensis,(M.Gangop.) M.Gangop.,India
Lauraceae,Machilus odoratissimus,Nees,India
Lauraceae,Machilus sharmae,(M.Gangop.) M.Gangop.,India
Lauraceae,Machilus sikkimensis,(M.Gangop.) M.Gangop.,India
Lauraceae,Neocinnamomum caudatum,(Nees) Merr.,India
Lauraceae,Neolitsea brevipes,H.W.Li,India
Lauraceae,Neolitsea cuipala,(D. Don) Kosterm,India
Lauraceae,Neolitsea fischeri,Gamble,India
Lauraceae,Neolitsea foliosa,(Nees) Gamble,India
Lauraceae,Neolitsea gamblei,Chakrab. & Diwakar,India
Lauraceae,Neolitsea mannii,(King ex Hook.f.) Chakrab.,India
Lauraceae,Neolitsea pallens,(D.Don) Momiy. & H.Hara,India
Lauraceae,Neolitsea umbrosa,(Nees) Gamble,India
Lauraceae,Parasassafras confertiflora,(Meisn.) D.G. Long                  ,India
Lauraceae,Persea gamblei,(King ex Hook.f.) Kosterm.,India
Lauraceae,Phoebe angustifolia,Meisn.,India
Lauraceae,Phoebe attenuata,(Nees) Nees,India
Lauraceae,Phoebe bootanica,(Meisn.) M.Gangop.,India
Lauraceae,Phoebe cathia,(D. Don) Kosterm.,India
Lauraceae,Phoebe lanceolata,(Nees) Nees,India
Lauraceae,Phoebe nicobarica,"Rasingam, L.J.Singh & Karthig.",India
Lauraceae,Phoebe paniculata,(Nees) Nees,India
Lauraceae,Phoebe wightii,Meisn.,India
Lecythidaceae,Barringtonia acutangula,(L.) Gaertn.,India
Lecythidaceae,Barringtonia asiatica,(L.) Kurz,India
Lecythidaceae,Barringtonia pendula,(Griff.) Kurz,India
Lecythidaceae,Barringtonia racemosa,(L.) Spreng.,India
Lecythidaceae,Barringtonia reticulata,(Blume) Miq.,India
Lecythidaceae,Careya arborea,Roxb.,India
Lecythidaceae,Chydenanthus excelsus,(Blume) Miers,India
Lecythidaceae,Planchonia valida,(Blume) Blume,India
Loganiaceae,Strychnos nux-blanda,A.W.Hill,India
Loganiaceae,Strychnos nux-vomica,L.,India
Loganiaceae,Strychnos potatorum,L.f.,India
Loganiaceae,Strychnos wallichiana,Steud. ex A. DC.,India
Lythraceae,Duabanga grandiflora,(Roxb. ex DC.) Walp.,India
Lythraceae,Lagerstroemia hypoleuca,Kurz,India
Lythraceae,Lagerstroemia indica,L.,India
Lythraceae,Lagerstroemia microcarpa,Wight,India
Lythraceae,Lagerstroemia minuticarpa,Debb. ex P.C.Kanjilal,India
Lythraceae,Lagerstroemia parviflora,Roxb.,India
Lythraceae,Lagerstroemia speciosa,(L.) Pers.,India
Lythraceae,Lawsonia inermis,L.,India
Lythraceae,Pemphis acidula,J.R.Forst. & G.Forst.,India
Lythraceae,Sonneratia alba,Sm.,India
Lythraceae,Sonneratia apetala,Buch.-Ham.,India
Lythraceae,Sonneratia caseolaris,(L.) Engl.,India
Lythraceae,Sonneratia griffithii,Kurz        ,India
Lythraceae,Woodfordia fruticosa,(L.) Kurz,India
Magnoliaceae,Magnolia baillonii,Pierre,India
Magnoliaceae,Magnolia betongensis,(Craib) H.Keng,India
Magnoliaceae,Magnolia campbellii,Hook.f. & Thomson,India
Magnoliaceae,Magnolia cathcartii,(Hook.f. & Thomson) Noot.,India
Magnoliaceae,Magnolia caveana,(Hook.f. & Thomson) D.C.S.Raju & M.P.Nayar,India
Magnoliaceae,Magnolia champaca,(L.) Baill. ex Pierre,India
Magnoliaceae,Magnolia doltsopa,(Buch.-Ham. ex DC.) Figlar,India
Magnoliaceae,Magnolia globosa,Hook.f. & Thomson,India
Magnoliaceae,Magnolia griffithii,Hook.f. & Thomson,India
Magnoliaceae,Magnolia gustavii,King,India
Magnoliaceae,Magnolia hodgsonii,(Hook.f. & Thomson) H.Keng,India
Magnoliaceae,Magnolia hookeri,(Cubitt & W.W.Sm.) D.C.S.Raju & M.P.Nayar,India
Magnoliaceae,Magnolia insignis,Wall.,India
Magnoliaceae,Magnolia kingii,(Dandy) Figlar,India
Magnoliaceae,Magnolia kisopa,(Buch.-Ham. ex DC.) Figlar,India
Magnoliaceae,Magnolia lanuginosa,(Wall.) Figlar & Noot.,India
Magnoliaceae,Magnolia liliifera,(L.) Baill.,India
Magnoliaceae,Magnolia mannii,(King) Figlar,India
Magnoliaceae,Magnolia nilagirica,(Zenker) Figlar,India
Magnoliaceae,Magnolia oblonga,(Wall. ex Hook.f. & Thomson) Figlar,India
Magnoliaceae,Magnolia pealiana,King,India
Magnoliaceae,Magnolia pleiocarpa,(Dandy) Figlar & Noot.,India
Magnoliaceae,Magnolia pterocarpa,Roxb.,India
Magnoliaceae,Magnolia punduana,(Hook.f. & Thomson) Figlar,India
Magnoliaceae,Magnolia rabaniana,(Hook.f. & Thomson) D.C.S.Raju & M.P.Nayar,India
Malpighiaceae,Hiptage candicans,Hook.f.,India
Malvaceae,Azanza lampas,(Cav.) Alef.,India
Malvaceae,Berrya cordifolia,(Willd.) Burret,India
Malvaceae,Bombax ceiba,L.,India
Malvaceae,Bombax insigne,Wall.,India
Malvaceae,Brownlowia tersa,(L.) Kosterm.,India
Malvaceae,Colona flagrocarpa,(C.B.Clarke) Craib,India
Malvaceae,Colona floribunda,(Kurz) Craib,India
Malvaceae,Commersonia bartramia,(L.) Merr.,India
Malvaceae,Cullenia exarillata,A.Robyns,India
Malvaceae,Erinocarpus nimmonii,J.Graham,India
Malvaceae,Eriolaena candollei,Wall.,India
Malvaceae,Eriolaena hookeriana,Wight & Arn.,India
Malvaceae,Eriolaena lushingtonii,Dunn,India
Malvaceae,Eriolaena quinquelocularis,(Wight & Arn.) Drury,India
Malvaceae,Eriolaena spectabilis,(DC.) Planch. ex Mast.,India
Malvaceae,Eriolaena wallichii,DC.,India
Malvaceae,Firmiana colorata,(Roxb.) R.Br.,India
Malvaceae,Firmiana fulgens,(Wall. ex Mast.) K.Schum.,India
Malvaceae,Firmiana subglabra,(V.Abraham & Dutt) Kosterm.,India
Malvaceae,Gossypium arboreum,L.,India
Malvaceae,Grewia abutilifolia,Vent. ex Juss.,India
Malvaceae,Grewia arborea,(Forssk.) Lam.,India
Malvaceae,Grewia asiatica,L.,India
Malvaceae,Grewia bicolor,Juss.,India
Malvaceae,Grewia bracteata,Roth,India
Malvaceae,Grewia eriocarpa,Juss.,India
Malvaceae,Grewia flavescens,Juss.,India
Malvaceae,Grewia hirsuta,Vahl,India
Malvaceae,Grewia laevigata,Vahl,India
Malvaceae,Grewia lanceifolia,Roxb.,India
Malvaceae,Grewia multiflora,Juss.,India
Malvaceae,Grewia nagensium,Prain,India
Malvaceae,Grewia optiva,J.R.Drumm. ex Burret,India
Malvaceae,Grewia orbiculata,Rottler,India
Malvaceae,Grewia orientalis,L.,India
Malvaceae,Grewia pandaica,J.R.Drumm.,India
Malvaceae,Grewia polygama,Roxb.,India
Malvaceae,Grewia rothii,DC.,India
Malvaceae,Grewia tenax,(Forssk.) Fiori,India
Malvaceae,Grewia tiliifolia,Vahl,India
Malvaceae,Grewia villosa,Willd.,India
Malvaceae,Helicteres isora,L.,India
Malvaceae,Heritiera burmensis,Kosterm.,India
Malvaceae,Heritiera fomes,Banks,India
Malvaceae,Heritiera littoralis,Aiton,India
Malvaceae,Heritiera papilio,Bedd.,India
Malvaceae,Hibiscus fragrans,Roxb.,India
Malvaceae,Hibiscus macrophyllus,Roxb. ex Hornem.,India
Malvaceae,Hibiscus platanifolius,(Willd.) Sweet,India
Malvaceae,Hibiscus similis,Blume,India
Malvaceae,Hibiscus tiliaceus,L.,India
Malvaceae,Hildegardia populifolia,(DC.) Schott & Endl.,India
Malvaceae,Julostylis ampumalensis,Pradeep & Sivar.,India
Malvaceae,Julostylis angustifolia,Thwaites,India
Malvaceae,Julostylis polyandra,Ravi & Anil Kumar,India
Malvaceae,Kleinhovia hospita,L.,India
Malvaceae,Kydia calycina,Roxb.,India
Malvaceae,Kydia glabrescens,Mast.,India
Malvaceae,Melochia umbellata,(Houtt.) Stapf,India
Malvaceae,Microcos calophylla,Burret,India
Malvaceae,Microcos paniculata,L.,India
Malvaceae,Nayariophyton zizyphifolium,(Griff.) D.G.Long & A.G.Mill.,India
Malvaceae,Pterocymbium tinctorium,(Blanco) Merr.,India
Malvaceae,Pterospermum acerifolium,(L.) Willd.,India
Malvaceae,Pterospermum aceroides,Wall. ex Kurz,India
Malvaceae,Pterospermum diversifolium,Blume,India
Malvaceae,Pterospermum javanicum,Jungh.,India
Malvaceae,Pterospermum lanceifolium,Roxb. ex DC.,India
Malvaceae,Pterospermum obtusifolium,Wight ex Mast.,India
Malvaceae,Pterospermum reticulatum,Wight & Arn.,India
Malvaceae,Pterospermum rubiginosum,B.Heyne ex G.Don,India
Malvaceae,Pterospermum semisagittatum,Buch.-Ham. ex Roxb.,India
Malvaceae,Pterospermum suberifolium,(L.) Willd. ,India
Malvaceae,Pterospermum xylocarpum,(Gaertn.) Oken,India
Malvaceae,Pterygota alata,(Roxb.) R.Br.,India
Malvaceae,Reevesia pubescens,Mast.,India
Malvaceae,Reevesia wallichii,R.Br.,India
Malvaceae,Sterculia balanghas,L.,India
Malvaceae,Sterculia foetida,L.,India
Malvaceae,Sterculia guttata,Roxb. ex G.Don,India
Malvaceae,Sterculia hyposticta,Miq.,India
Malvaceae,Sterculia khasiana,Debb. ex Biswas,India
Malvaceae,Sterculia lanceifolia,Roxb.,India
Malvaceae,Sterculia macrophylla,Vent.,India
Malvaceae,Sterculia monosperma,Vent.,India
Malvaceae,Sterculia parviflora,Roxb. ex G.Don,India
Malvaceae,Sterculia rubiginosa,Vent.,India
Malvaceae,Sterculia urens,Roxb.,India
Malvaceae,Sterculia versicolor,Wall.,India
Malvaceae,Sterculia villosa,Roxb. ex Sm.,India
Malvaceae,Thespesia populnea,(L.) Sol. ex Corrêa,India
Melastomataceae,Astronia macrophylla,Blume,India
Melastomataceae,Melastoma imbricatum,Wall. ex Triana,India
Melastomataceae,Melastoma sanguineum,Sims,India
Melastomataceae,Memecylon agastyamalaianum,"E.S.S.Kumar, Antony & A.E.S.Khan",India
Melastomataceae,Memecylon angustifolium,Wight,India
Melastomataceae,Memecylon coeruleum,Jack,India
Melastomataceae,Memecylon edule,Roxb.,India
Melastomataceae,Memecylon elegans,Kurz,India
Melastomataceae,Memecylon excelsum,Blume,India
Melastomataceae,Memecylon flavescens,Gamble,India
Melastomataceae,Memecylon gracile,Bedd.,India
Melastomataceae,Memecylon heyneanum,Benth.,India
Melastomataceae,Memecylon intermedium,Blume,India
Melastomataceae,Memecylon lawsonii,Gamble,India
Melastomataceae,Memecylon lushingtonii,Gamble,India
Melastomataceae,Memecylon manickamii,"Murugan, Sundaresan & Jothi",India
Melastomataceae,Memecylon pauciflorum,Blume,India
Melastomataceae,Memecylon sessile,Benth. ex Wight & Arn.,India
Melastomataceae,Memecylon sisparense,Gamble,India
Melastomataceae,Memecylon sivadasanii,"N.Mohanan, Ravi, Kiran Raj & Shaju",India
Melastomataceae,Memecylon subramanii,A.N.Henry,India
Melastomataceae,Memecylon talbotianum,Brandis,India
Melastomataceae,Memecylon umbellatum,Burm. f.,India
Melastomataceae,Memecylon wightii,Thwaites,India
Melastomataceae,Pseudodissochaeta assamica,(C.B.Clarke) Nayar,India
Melastomataceae,Pternandra coerulescens,Jack,India
Meliaceae,Aglaia apiocarpa,(Thwaites) Hiern,India
Meliaceae,Aglaia argentea,Blume,India
Meliaceae,Aglaia bourdillonii,Gamble,India
Meliaceae,Aglaia chittagonga,Miq.,India
Meliaceae,Aglaia crassinervia,Kurz ex Hiern,India
Meliaceae,Aglaia cucullata,(Roxb.) Pellegr.,India
Meliaceae,Aglaia edulis,(Roxb.) Wall.,India
Meliaceae,Aglaia elaeagnoidea,(A.Juss.) Benth.,India
Meliaceae,Aglaia korthalsii,Miq.,India
Meliaceae,Aglaia lawii,(Wight) C.J.Saldanha,India
Meliaceae,Aglaia malabarica,Sasidh.,India
Meliaceae,Aglaia odoratissima,Blume,India
Meliaceae,Aglaia oligophylla,Miq.,India
Meliaceae,Aglaia perviridis,Hiern,India
Meliaceae,Aglaia silvestris,(M.Roem.) Merr.,India
Meliaceae,Aglaia simplicifolia,(Bedd.) Harms,India
Meliaceae,Aglaia spectabilis,(Miq.) S.S.Jain & S.Bennet,India
Meliaceae,Aglaia tomentosa,Teijsm. & Binn.,India
Meliaceae,Aphanamixis polystachya,(Wall.) R.Parker,India
Meliaceae,Azadirachta indica,A.Juss.,India
Meliaceae,Chisocheton macrophyllus,King,India
Meliaceae,Chukrasia tabularis,A.Juss.,India
Meliaceae,Cipadessa baccifera,(Roth) Miq.,India
Meliaceae,Dysoxylum alliaceum,(Blume) Blume,India
Meliaceae,Dysoxylum arborescens,(Blume) Miq.,India
Meliaceae,Dysoxylum beddomei,Hiern,India
Meliaceae,Dysoxylum cyrtobotryum,Miq.,India
Meliaceae,Dysoxylum excelsum,Blume,India
Meliaceae,Dysoxylum gotadhora,(Buch.-Ham.) Mabb.,India
Meliaceae,Dysoxylum grande,Hiern,India
Meliaceae,Dysoxylum malabaricum,Bedd. ex C.DC.,India
Meliaceae,Dysoxylum mollissimum,Blume,India
Meliaceae,Dysoxylum pallens,Hiern,India
Meliaceae,Dysoxylum purpureum,Bourd.,India
Meliaceae,Dysoxylum swaminathanianum,Anil Kumar & Sivad.,India
Meliaceae,Heynea trijuga,Roxb. ex Sims,India
Meliaceae,Melia azedarach,L.,India
Meliaceae,Munronia pinnata,(Wall.) W.Theob.,India
Meliaceae,Reinwardtiodendron anamalaiense,(Bedd.) Mabb.,India
Meliaceae,Soymida febrifuga,(Roxb.) A.Juss.,India
Meliaceae,Sphaerosacme decandra,Wall.,India
Meliaceae,Toona ciliata,M.Roem.,India
Meliaceae,Toona fargesii,A. Chev.,India
Meliaceae,Toona sinensis,(Juss.) M.Roem.,India
Meliaceae,Toona sureni,(Blume) Merr.,India
Meliaceae,Turraea pubescens,Hell.,India
Meliaceae,Walsura oxycarpa,Kurz,India
Meliaceae,Walsura robusta,Roxb.,India
Meliaceae,Walsura trifoliolata,(A.Juss.) Harms,India
Meliaceae,Xylocarpus granatum,J.Koenig,India
Meliaceae,Xylocarpus moluccensis,(Lam.) M.Roem.,India
Meliaceae,Xylocarpus rumphii,(Kostel.) Mabb.,India
Menispermaceae,Pachygone laurifolia,(DC.) L.Lian & Wei Wang,India
Metteniusaceae,Apodytes dimidiata,E.Mey. ex Arn.,India
Metteniusaceae,Platea latifolia,Blume,India
Monimiaceae,Kibara coriacea,(Blume) Hook.f. & A.Thomps.,India
Moraceae,Antiaris toxicaria,(J.F.Gmel.) Lesch.,India
Moraceae,Artocarpus chama,Buch.-Ham.,India
Moraceae,Artocarpus gomezianus,Wall. ex Trécul,India
Moraceae,Artocarpus heterophyllus,Lam.,India
Moraceae,Artocarpus hirsutus,Lam.,India
Moraceae,Artocarpus lacucha,Roxb. ex Buch.-Ham.,India
Moraceae,Artocarpus teysmannii,Miq.,India
Moraceae,Artocarpus zeylanicus,(F.M.Jarrett) E.M.Gardner & Zerega,India
Moraceae,Broussonetia papyrifera,(L.) L'Hér. ex Vent.,India
Moraceae,Ficus abelii,Miq.,India
Moraceae,Ficus albipila,(Miq.) King,India
Moraceae,Ficus alongensis,Gagnep.,India
Moraceae,Ficus altissima,Blume,India
Moraceae,Ficus ampelas,Burm.f.,India
Moraceae,Ficus amplissima,Sm.,India
Moraceae,Ficus amplocarpa,Govind. & Masil.,India
Moraceae,Ficus andamanica,Corner,India
Moraceae,Ficus arnottiana,(Miq.) Miq.,India
Moraceae,Ficus auriculata,Lour.,India
Moraceae,Ficus beddomei,King,India
Moraceae,Ficus benghalensis,L.,India
Moraceae,Ficus benjamina,L.,India
Moraceae,Ficus callosa,Willd.,India
Moraceae,Ficus capillipes,Gagnep.,India
Moraceae,Ficus caulocarpa,(Miq.) Miq.,India
Moraceae,Ficus concinna,(Miq.) Miq.,India
Moraceae,Ficus conglobata,King,India
Moraceae,Ficus costata,Aiton,India
Moraceae,Ficus cupulata,Haines,India
Moraceae,Ficus curtipes,Corner,India
Moraceae,Ficus cyrtophylla,(Miq.) Miq.,India
Moraceae,Ficus dalhousiae,(Miq.) Miq.,India
Moraceae,Ficus drupacea,Thunb.,India
Moraceae,Ficus elastica,Roxb. ex Hornem.,India
Moraceae,Ficus exasperata,Vahl,India
Moraceae,Ficus filicauda,Hand.-Mazz.,India
Moraceae,Ficus fistulosa,Reinw. ex Blume,India
Moraceae,Ficus fulva,Reinw. ex Blume,India
Moraceae,Ficus gasparriniana,Miq.,India
Moraceae,Ficus geniculata,Kurz,India
Moraceae,Ficus geocarpa,Teijsm. ex Miq.,India
Moraceae,Ficus glaberrima,Blume,India
Moraceae,Ficus guttata,(Wight) Wight ex King,India
Moraceae,Ficus heteropleura,Blume,India
Moraceae,Ficus hispida,L.f.,India
Moraceae,Ficus hookeriana,Corner,India
Moraceae,Ficus ischnopoda,Miq.,India
Moraceae,Ficus krishnae,C.DC.,India
Moraceae,Ficus lacor,Buch.-Ham.,India
Moraceae,Ficus lamponga,Miq.,India
Moraceae,Ficus langkokensis,Drake,India
Moraceae,Ficus maclellandii,King,India
Moraceae,Ficus magnoliifolia,Blume,India
Moraceae,Ficus microcarpa,L.f.,India
Moraceae,Ficus mollis,Vahl,India
Moraceae,Ficus montana,Burm.f.,India
Moraceae,Ficus neriifolia,Sm.,India
Moraceae,Ficus nervosa,B.Heyne ex Roth,India
Moraceae,Ficus praetermissa,Corner,India
Moraceae,Ficus prostrata,(Wall. ex Miq.) Buch.-Ham. ex Miq.,India
Moraceae,Ficus pubigera,(Wall. ex Miq.) Brandis,India
Moraceae,Ficus racemosa,L.,India
Moraceae,Ficus religiosa,L.,India
Moraceae,Ficus rheedei,J.Graham,India
Moraceae,Ficus ribes,Reinw. ex Blume,India
Moraceae,Ficus rumphii,Blume,India
Moraceae,Ficus sagittata,Vahl,India
Moraceae,Ficus scaberrima,Blume,India
Moraceae,Ficus semicordata,Buch.-Ham. ex Sm.,India
Moraceae,Ficus simplicissima,Lour.,India
Moraceae,Ficus sinuata,Thunb.,India
Moraceae,Ficus squamosa,Roxb.,India
Moraceae,Ficus stricta,(Miq.) Miq.,India
Moraceae,Ficus subincisa,Buch.-Ham. ex Sm.,India
Moraceae,Ficus subulata,Blume,India
Moraceae,Ficus sundaica,Blume,India
Moraceae,Ficus superba,(Miq.) Miq.,India
Moraceae,Ficus talbotii,King,India
Moraceae,Ficus tikoua,Bureau,India
Moraceae,Ficus travancorica,King,India
Moraceae,Ficus triloba,Buch.-Ham. ex Voigt,India
Moraceae,Ficus trimenii,King ex Trimen,India
Moraceae,Ficus tsjakela,Burm.f.,India
Moraceae,Ficus variegata,Blume,India
Moraceae,Ficus virens,Aiton,India
Moraceae,Morus indica,L.,India
Moraceae,Morus macroura,Miq.,India
Moraceae,Morus serrata,Roxb.,India
Moraceae,Pseudostreblus indicus,Bureau,India
Moraceae,Streblus asper,Lour.,India
Moraceae,Taxotrophis ilicifolia,(Kurz) S.Vidal,India
Moraceae,Taxotrophis taxoides,(B.Heyne ex Roth) Chew ex E.M.Gardner,India
Moraceae,Taxotrophis zeylanica,(Thwaites) Thwaites,India
Moringaceae,Moringa concanensis,Nimmo,India
Moringaceae,Moringa oleifera,Lam.,India
Myricaceae,Morella esculenta,(Buch.-Ham. ex D.Don) I.M.Turner,India
Myricaceae,Myrica integrifolia,Roxb.,India
Myristicaceae,Gymnacranthera canarica,(King) Warb.,India
Myristicaceae,Horsfieldia amygdalina,(Wall.) Warb.,India
Myristicaceae,Horsfieldia kingii,(Hook.f.) Warb.,India
Myristicaceae,Knema andamanica,(Warb.) W.J.de Wilde,India
Myristicaceae,Knema angustifolia,(Roxb.) Warb.,India
Myristicaceae,Knema attenuata,Warb.,India
Myristicaceae,Knema erratica,(Hook.f. & Thomson) J.Sinclair,India
Myristicaceae,Knema flavostamina,M.G.Govind & Dan,India
Myristicaceae,Knema globularia,(Lam.) Warb.,India
Myristicaceae,Knema lenta,Warb.,India
Myristicaceae,Knema linifolia,(Roxb.) Warb.,India
Myristicaceae,Knema tenuinervia,W.J. de Wilde,India
Myristicaceae,Myristica andamanica,Hook.f.,India
Myristicaceae,Myristica beddomei,King,India
Myristicaceae,Myristica dactyloides,Gaertn.,India
Myristicaceae,Myristica magnifica,Bedd.,India
Myristicaceae,Myristica malabarica,Lam.,India
Myristicaceae,Myristica trobogarii,M.G.Govind & Dan,India
Myrtaceae,Decaspermum parviflorum,(Lam.) A.J.Scott,India
Myrtaceae,Eugenia agasthiyamalayana,Gopalan & Murugan,India
Myrtaceae,Eugenia aloysii,C.J.Saldanha,India
Myrtaceae,Eugenia anamalaiensis,"E.S.S.Kumar, Veldkamp & Shareef",India
Myrtaceae,Eugenia argentea,Bedd.,India
Myrtaceae,Eugenia calcadensis,Bedd.,India
Myrtaceae,Eugenia codyensis,Munro ex Wight,India
Myrtaceae,Eugenia discifera,Gamble,India
Myrtaceae,Eugenia floccosa,Bedd.,India
Myrtaceae,Eugenia indica,(Wight) Chithra,India
Myrtaceae,Eugenia mabaeoides,Wight,India
Myrtaceae,Eugenia macrosepala,Duthie,India
Myrtaceae,Eugenia manickamiana,Murugan,India
Myrtaceae,Eugenia memecylifolia,Talbot,India
Myrtaceae,Eugenia mooniana,Wight,India
Myrtaceae,Eugenia pachakumachiana,Arum. & Murugan,India
Myrtaceae,Eugenia pokkudanii,"A.M.Maya, K.M.P.Kumar & V.Suresh",India
Myrtaceae,Eugenia rottleriana,Wight & Arn.,India
Myrtaceae,Eugenia roxburghii,DC.,India
Myrtaceae,Eugenia seithurensis,Gopalan & S.R.Sriniv.,India
Myrtaceae,Eugenia shettyana,Murugan & Gopalan,India
Myrtaceae,Eugenia singampattiana,Bedd.,India
Myrtaceae,Eugenia wynadensis,Bedd.,India
Myrtaceae,Myrtus communis,L.,India
Myrtaceae,Rhodomyrtus tomentosa,(Aiton) Hassk.,India
Myrtaceae,Syzygium aborense,(Dunn) Rathakr. & N.C.Nair,India
Myrtaceae,Syzygium acuminatissimum,(Blume) DC.,India
Myrtaceae,Syzygium agastyamalayanum,M.B.Viswan. & Manik.,India
Myrtaceae,Syzygium alternifolium,(Wight) Walp.,India
Myrtaceae,Syzygium andamanicum,(King) N.P.Balakr.,India
Myrtaceae,Syzygium anisopetalum,(R.Parker) N.P.Balakr.,India
Myrtaceae,Syzygium antisepticum,(Blume) Merr. & L.M.Perry,India
Myrtaceae,Syzygium assamicum,(Biswas & Purkay.) Raizada,India
Myrtaceae,Syzygium assimile,Thwaites,India
Myrtaceae,Syzygium avene,Miq.,India
Myrtaceae,Syzygium balsameum,(Wight) Wall. ex Walp.,India
Myrtaceae,Syzygium beddomei,(Duthie) Chithra,India
Myrtaceae,Syzygium benthamianum,(Duthie) Gamble,India
Myrtaceae,Syzygium bourdillonii,(Gamble) Rathakr. & N.C.Nair,India
Myrtaceae,Syzygium calophyllifolium,(Wight) Walp.,India
Myrtaceae,Syzygium caryophyllatum,(L.) Alston,India
Myrtaceae,Syzygium chavaran,(Bourd.) Gamble,India
Myrtaceae,Syzygium claviflorum,(Roxb.) Wall. ex A.M.Cowan & Cowan,India
Myrtaceae,Syzygium coarctatum,"(Blume) Byng, N.Snow & Peter G.Wilson",India
Myrtaceae,Syzygium courtallense,(Gamble) Alston,India
Myrtaceae,Syzygium cumini,(L.) Skeels,India
Myrtaceae,Syzygium cyanophyllum,(P.C.Kanjilal & D.Das) Raizada,India
Myrtaceae,Syzygium densiflorum,Wall. ex Wight & Arn.,India
Myrtaceae,Syzygium diospyrifolium,(Wall. ex Duthie) S.N.Mitra,India
Myrtaceae,Syzygium fergusonii,(Trimen) Gamble,India
Myrtaceae,Syzygium flosculiferum,(M.R.Hend.) Sreek.,India
Myrtaceae,Syzygium gardneri,Thwaites,India
Myrtaceae,Syzygium glaucissimum,(Haines) Rathakr. & N.C.Nair,India
Myrtaceae,Syzygium grande,(Wight) Walp.,India
Myrtaceae,Syzygium hemisphericum,(Wight) Alston,India
Myrtaceae,Syzygium jainii,Harid. & R.R.Rao,India
Myrtaceae,Syzygium jambos,(L.) Alston,India
Myrtaceae,Syzygium khasianum,(Duthie) N.P.Balakr.,India
Myrtaceae,Syzygium kurzii,(Duthie) N.P.Balakr.,India
Myrtaceae,Syzygium laetum,(Buch.-Ham.) Gandhi,India
Myrtaceae,Syzygium lanceolatum,(Lam.) Wight & Arn.,India
Myrtaceae,Syzygium laurifolium,(DC.) N.P.Balakr.,India
Myrtaceae,Syzygium makul,Gaertn.,India
Myrtaceae,Syzygium malabaricum,(Bedd.) Gamble,India
Myrtaceae,Syzygium manii,(King) N.P.Balakr.,India
Myrtaceae,Syzygium microphyllum,Gamble,India
Myrtaceae,Syzygium mishmiense,Chatterjee,India
Myrtaceae,Syzygium montanum,Gamble,India
Myrtaceae,Syzygium mundagam,(Bourd.) Chithra,India
Myrtaceae,Syzygium munroi,(Wight) Chandrab.,India
Myrtaceae,Syzygium myhendrae,(Bedd. ex Brandis) Gamble,India
Myrtaceae,Syzygium myrtifolium,Walp.,India
Myrtaceae,Syzygium nervosum,A.Cunn. ex DC.,India
Myrtaceae,Syzygium nicobaricum,(King) Rathakr. & N.C.Nair,India
Myrtaceae,Syzygium oblatum,(Roxb.) Wall. ex A.M.Cowan & Cowan,India
Myrtaceae,Syzygium occidentale,(Bourd.) Gandhi,India
Myrtaceae,Syzygium occlusum,Miq.,India
Myrtaceae,Syzygium palghatense,Gamble,India
Myrtaceae,Syzygium palodense,"Shareef, E.S.S.Kumar & Shaju",India
Myrtaceae,Syzygium parameswaranii,M.Mohanan & A.N.Henry,India
Myrtaceae,Syzygium periyarense,Augustine & Sasidh.,India
Myrtaceae,Syzygium polyanthum,(Wight) Walp.,India
Myrtaceae,Syzygium polypetalum,(Wall.) Merr. & L.M.Perry,India
Myrtaceae,Syzygium ponmudianum,"A.K.Sreekala, Ramas., D.S.Pillai & Surendr.",India
Myrtaceae,Syzygium praecox,(Roxb.) Rathakr. & N.C.Nair,India
Myrtaceae,Syzygium praetermissum,(Gage) N.P.Balakr.,India
Myrtaceae,Syzygium rama-varmae,(Bourd.) Chithra,India
Myrtaceae,Syzygium ramosissimum,(Blume) N.P.Balakr.,India
Myrtaceae,Syzygium reticulatum,(Wight) Walp.,India
Myrtaceae,Syzygium revolutum,(Wight) Walp.,India
Myrtaceae,Syzygium rubicundum,Wight & Arn.,India
Myrtaceae,Syzygium sahyadricum,"Sujanapal, Robi & Sasidh.",India
Myrtaceae,Syzygium salicifolium,J.Graham,India
Myrtaceae,Syzygium samarangense,(Blume) Merr. & L.M.Perry,India
Myrtaceae,Syzygium sanjappanum,M.V.Ramana,India
Myrtaceae,Syzygium sasidharanii,Sujanapal,India
Myrtaceae,Syzygium schmidii,Rathakr. & N.C.Nair,India
Myrtaceae,Syzygium sriganesanii,K.Ravik. & V.Lakshm.,India
Myrtaceae,Syzygium stocksii,(Duthie) Gamble,India
Myrtaceae,Syzygium syzygioides,(Miq.) Merr. & L.M.Perry,India
Myrtaceae,Syzygium tetragonum,(Wight) Wall. ex Walp.,India
Myrtaceae,Syzygium toddalioides,(Wight) Walp.,India
Myrtaceae,Syzygium utilis,(Talbot) Rathakr. & N.C.Nair,India
Myrtaceae,Syzygium venosum,DC.,India
Myrtaceae,Syzygium zeylanicum,(L.) DC.,India
Nyctaginaceae,Pisonia aculeata,L.,India
Nyctaginaceae,Pisonia grandis,R.Br.,India
Nyssaceae,Mastixia arborea,(Wight) C.B.Clarke,India
Nyssaceae,Mastixia euonymoides,Prain,India
Nyssaceae,Mastixia pentandra,Blume,India
Nyssaceae,Nyssa javanica,(Blume) Wangerin,India
Ochnaceae,Brackenridgea elegantissima,(Wall.) Kanis,India
Ochnaceae,Campylospermum barberi,(Manickam & Murugan) Karthik. & V.S.Kumar,India
Ochnaceae,Campylospermum serratum,(Gaertn.) Bittrich & M.C.E.Amaral,India
Ochnaceae,Ochna gamblei,King ex Brandis,India
Ochnaceae,Ochna integerrima,(Lour.) Merr.,India
Ochnaceae,Ochna lanceolata,Spreng.,India
Ochnaceae,Ochna obtusata,DC.,India
Olacaceae,Anacolosa densiflora,Bedd.,India
Olacaceae,Anacolosa frutescens,(Blume) Blume,India
Olacaceae,Anacolosa ilicoides,Mast.,India
Olacaceae,Erythropalum scandens,Blume,India
Olacaceae,Olax imbricata,Roxb.,India
Olacaceae,Strombosia ceylanica,Gardner,India
Olacaceae,Ximenia americana,L.,India
Oleaceae,Chengiodendron matsumuranum,"(Hayata) C.B.Shang, X.R.Wang, Yi F.Duan & Yong F.Li",India
Oleaceae,Chionanthus courtallensis,Bedd.,India
Oleaceae,Chionanthus mala-elengi,(Dennst.) P.S.Green,India
Oleaceae,Chionanthus montanus,Blume,India
Oleaceae,Chionanthus parkinsonii,(Hutch.) Bennet & Raizada,India
Oleaceae,Chionanthus ramiflorus,Roxb.,India
Oleaceae,Chionanthus sumatranus,Blume,India
Oleaceae,Chionanthus zeylanicus,L.,India
Oleaceae,Chrysojasminum humile,(L.) Banfi,India
Oleaceae,Chrysojasminum subhumile,(W.W.Sm.) Banfi & Galasso,India
Oleaceae,Fraxinus floribunda,Wall.,India
Oleaceae,Fraxinus griffithii,C.B.Clarke,India
Oleaceae,Fraxinus micrantha,Lingelsh.,India
Oleaceae,Fraxinus xanthoxyloides,(G.Don) Wall. ex A.DC.,India
Oleaceae,Jasminum brevipetiolatum,Duthie,India
Oleaceae,Ligustrum compactum,(Wall. ex G.Don) Hook.f. & Thomson ex Brandis,India
Oleaceae,Ligustrum confusum,Decne.,India
Oleaceae,Ligustrum glomeratum,Blume,India
Oleaceae,Ligustrum nepalense,Wall.,India
Oleaceae,Ligustrum robustum,(Roxb.) Blume,India
Oleaceae,Nyctanthes arbor-tristis,L.,India
Oleaceae,Olea paniculata,R.Br.,India
Oleaceae,Osmanthus suavis,King ex C.B.Clarke,India
Oleaceae,Schrebera swietenioides,Roxb.,India
Oleaceae,Syringa emodi,Wall. ex Royle,India
Oleaceae,Tetrapilus dioicus,(Roxb.) L.A.S.Johnson,India
Oleaceae,Tetrapilus gamblei,(C.B.Clarke) de Juana,India
Oleaceae,Tetrapilus polygamus,(Wight) L.A.S.Johnson,India
Oleaceae,Tetrapilus salicifolius,(Wall. ex G.Don) de Juana,India
Oleaceae,Tetrapilus wightianus,(Wall. ex G.Don) de Juana,India
Opiliaceae,Champereia manillana,(Blume) Merr.,India
Opiliaceae,Lepionurus sylvestris,Blume,India
Pandanaceae,Benstonea foetida,(Roxb.) Callm. & Buerki,India
Pandanaceae,Pandanus diversus,H.St.John,India
Pandanaceae,Pandanus dubius,Spreng.,India
Pandanaceae,Pandanus emarginatus,H.St.John,India
Pandanaceae,Pandanus furcatus,Roxb.,India
Pandanaceae,Pandanus katatonos,H.St.John,India
Pandanaceae,Pandanus leram,Jones ex R.Millar,India
Pandanaceae,Pandanus mangalorensis,Nadaf & Zanan,India
Pandanaceae,Pandanus martinianus,Nadaf & Zanan,India
Pandanaceae,Pandanus odorifer,(Forssk.) Kuntze,India
Pandanaceae,Pandanus palakkadensis,"Nadaf, Zanan & Wakte",India
Pandanaceae,Pandanus unguifer,Hook.f.,India
Pandanaceae,Pandanus unipapillatus,Dennst.,India
Pandanaceae,Pandanus urophyllus,Hance,India
Paulowniaceae,Wightia speciosissima,(D. Don) Merr.,India
Pentaphylacaceae,Adinandra griffithii,Dyer,India
Pentaphylacaceae,Adinandra kamalae,"M.K.Pathak , Bhaumik & G.Krishna",India
Pentaphylacaceae,Cleyera japonica,Thunb.,India
Pentaphylacaceae,Eurya acuminata,DC.,India
Pentaphylacaceae,Eurya arunachalensis,A.S.Chauhan,India
Pentaphylacaceae,Eurya castaneifolia,Vesque,India
Pentaphylacaceae,Eurya cavinervis,Vesque,India
Pentaphylacaceae,Eurya cerasifolia,(D.Don) Kobuski,India
Pentaphylacaceae,Eurya handel-mazzettii,Hung T.Chang,India
Pentaphylacaceae,Eurya nitida,Korth.,India
Pentaphylacaceae,Eurya trichocarpa,Korth.,India
Pentaphylacaceae,Ternstroemia gymnanthera,(Wight & Arn.) Bedd.,India
Peraceae,Chaetocarpus castanocarpus,(Roxb.) Thwaites,India
Phyllanthaceae,Actephila excelsa,(Dalzell) Müll.Arg.,India
Phyllanthaceae,Antidesma acidum,Retz.,India
Phyllanthaceae,Antidesma alexiteria,L.,India
Phyllanthaceae,Antidesma bunius,(L.) Spreng.,India
Phyllanthaceae,Antidesma coriaceum,Tul.,India
Phyllanthaceae,Antidesma ghaesembilla,Gaertn.,India
Phyllanthaceae,Antidesma keralense,Chakrab. & M.Gangop.,India
Phyllanthaceae,Antidesma khasianum,Hook.f.,India
Phyllanthaceae,Antidesma montanum,Blume,India
Phyllanthaceae,Antidesma puncticulatum,Miq.,India
Phyllanthaceae,Antidesma tetrandrum,Blume,India
Phyllanthaceae,Antidesma tomentosum,Blume,India
Phyllanthaceae,Antidesma velutinosum,Blume,India
Phyllanthaceae,Antidesma velutinum,Tul.,India
Phyllanthaceae,Aporosa acuminata,Thwaites,India
Phyllanthaceae,Aporosa bourdillonii,Stapf,India
Phyllanthaceae,Aporosa cardiosperma,(Gaertn.) Merr.,India
Phyllanthaceae,Aporosa octandra,(Buch.-Ham. ex D.Don) Vickery,India
Phyllanthaceae,Aporosa planchoniana,Baill. ex Müll.Arg.,India
Phyllanthaceae,Aporosa villosa,(Lindl.) Baill.,India
Phyllanthaceae,Aporosa wallichii,Hook.f.,India
Phyllanthaceae,Aporosa yunnanensis,(Pax & K.Hoffm.) F.P.Metcalf,India
Phyllanthaceae,Baccaurea courtallensis,(Wight) Müll.Arg.,India
Phyllanthaceae,Baccaurea javanica,(Blume) Müll.Arg.,India
Phyllanthaceae,Baccaurea ramiflora,Lour.,India
Phyllanthaceae,Bischofia javanica,Blume,India
Phyllanthaceae,Breynia macrantha,(Hassk.) Chakrab. & N.P.Balakr.,India
Phyllanthaceae,Breynia racemosa,(Blume) Müll.Arg.,India
Phyllanthaceae,Breynia retusa,(Dennst.) Alston,India
Phyllanthaceae,Breynia vitis-idaea,(Burm.f.) C.E.C.Fisch.,India
Phyllanthaceae,Bridelia assamica,Hook.f.,India
Phyllanthaceae,Bridelia cinnamomea,Hook.f.,India
Phyllanthaceae,Bridelia curtisii,Hook.f.,India
Phyllanthaceae,Bridelia glauca,Blume,India
Phyllanthaceae,Bridelia insulana,Hance,India
Phyllanthaceae,Bridelia montana,(Roxb.) Willd.,India
Phyllanthaceae,Bridelia ovata,Decne.,India
Phyllanthaceae,Bridelia retusa,(L.) A.Juss.,India
Phyllanthaceae,Bridelia sikkimensis,Gehrm.,India
Phyllanthaceae,Bridelia stipularis,(L.) Blume,India
Phyllanthaceae,Bridelia tomentosa,Blume,India
Phyllanthaceae,Bridelia verrucosa,Haines,India
Phyllanthaceae,Cleistanthus malabaricus,(Müll.Arg.) Müll.Arg.,India
Phyllanthaceae,Cleistanthus oblongifolius,(Roxb.) Müll.Arg.,India
Phyllanthaceae,Cleistanthus patulus,(Roxb.) Müll.Arg.,India
Phyllanthaceae,Cleistanthus travancorensis,Jabl.,India
Phyllanthaceae,Flueggea virosa,(Roxb. ex Willd.) Royle,India
Phyllanthaceae,Glochidion andamanicum,Kurz,India
Phyllanthaceae,Glochidion calocarpum,Kurz,India
Phyllanthaceae,Glochidion coccineum,(Banks) Müll.Arg.,India
Phyllanthaceae,Glochidion ellipticum,Wight,India
Phyllanthaceae,Glochidion heyneanum,(Wight & Arn.) Wight,India
Phyllanthaceae,Glochidion hohenackeri,(Müll.Arg.) Bedd.,India
Phyllanthaceae,Glochidion karnaticum,Chakrab. & M.Gangop.,India
Phyllanthaceae,Glochidion khasicum,(Müll.Arg.) Hook.f.,India
Phyllanthaceae,Glochidion oblatum,Hook.f.,India
Phyllanthaceae,Glochidion rubrum,Blume,India
Phyllanthaceae,Glochidion subsessile,N.P.Balakr. & Chakr.,India
Phyllanthaceae,Glochidion thomsonii,(Müll.Arg.) Hook.f.,India
Phyllanthaceae,Glochidion triandrum,(Blanco) C.B.Rob.,India
Phyllanthaceae,Glochidion zeylanicum,(Gaertn.) A.Juss.,India
Phyllanthaceae,Hymenocardia punctata,Wall. ex Lindl.,India
Phyllanthaceae,Margaritaria indica,(Dalzell) Airy Shaw,India
Phyllanthaceae,Phyllanthus anamalayanus,(Gamble ) G.L.Webster,India
Phyllanthaceae,Phyllanthus bourdillonii,(Gamble) Chakrab. & N.P.Balakr.,India
Phyllanthaceae,Phyllanthus candolleanus,(Wight & Arn.) Chakrab. & N.P.Balakr.,India
Phyllanthaceae,Phyllanthus columnaris,Müll.Arg.,India
Phyllanthaceae,Phyllanthus daltonii,Müll.Arg.,India
Phyllanthaceae,Phyllanthus emblica,L.,India
Phyllanthaceae,Phyllanthus glomerulatus,(Miq.) Müll.Arg.,India
Phyllanthaceae,Phyllanthus indofischeri,Bennet,India
Phyllanthaceae,Phyllanthus lanceolarius,(Roxb.) Müll.Arg.,India
Phyllanthaceae,Phyllanthus lawii,J.Graham,India
Phyllanthaceae,Phyllanthus littoralis,(Blume) Müll.Arg.,India
Phyllanthaceae,Phyllanthus lutescens,(Blume) Müll.Arg.,India
Phyllanthaceae,Phyllanthus meghalayensis,Chakrab. & N.P.Balakr.,India
Phyllanthaceae,Phyllanthus multilocularis,(Roxb. ex Willd.) Müll.Arg.,India
Phyllanthaceae,Phyllanthus nubigenus,(Hook.f.) Chakrab. & N.P.Balakr.,India
Phyllanthaceae,Phyllanthus pinnatus,(Wight) G.L.Webster,India
Phyllanthaceae,Phyllanthus racemosus,L.f.,India
Phyllanthaceae,Phyllanthus sikkimensis,Müll.Arg.,India
Phyllanthaceae,Phyllanthus sphaerogynus,Müll.Arg.,India
Phyllanthaceae,Phyllanthus subscandens,(Zoll. & Moritzi) Müll.Arg.,India
Picrodendraceae,Mischodon zeylanicus,Thwaites,India
Pinaceae,Abies chensiensis,Tiegh.,India
Pinaceae,Abies delavayi,Franch.,India
Pinaceae,Abies densa,Griff.,India
Pinaceae,Abies pindrow,(Royle ex D.Don) Royle,India
Pinaceae,Abies spectabilis,(D.Don) Mirb.,India
Pinaceae,Cedrus deodara,(Roxb. ex D.Don) G.Don,India
Pinaceae,Larix griffithii,Hook.f.,India
Pinaceae,Picea brachytyla,(Franch.) E.Pritz.,India
Pinaceae,Picea smithiana,(Wall.) Boiss.,India
Pinaceae,Picea spinulosa,(Griff.) A.Henry,India
Pinaceae,Pinus bhutanica,"Grierson, D.G.Long & C.N.Page",India
Pinaceae,Pinus gerardiana,Wall. ex D.Don,India
Pinaceae,Pinus kesiya,Royle ex Gordon,India
Pinaceae,Pinus roxburghii,Sarg.,India
Pinaceae,Pinus wallichiana,A.B.Jacks.,India
Pinaceae,Tsuga dumosa,(D.Don) Eichler,India
Pittosporaceae,Pittosporum dasycaulon,Miq.,India
Pittosporaceae,Pittosporum densiflorum,Putt.,India
Pittosporaceae,Pittosporum eriocarpum,Royle,India
Pittosporaceae,Pittosporum ferrugineum,W.T.Aiton,India
Pittosporaceae,Pittosporum napaulense,(DC.) Rehder & E.H.Wilson,India
Pittosporaceae,Pittosporum neelgherrense,Wight & Arn.,India
Pittosporaceae,Pittosporum tetraspermum,Wight & Arn.,India
Pittosporaceae,Pittosporum viridulum,"M.P.Nayar, G.S.Giri & V.Chandras",India
Platanaceae,Platanus orientalis,L.,India
Podocarpaceae,Nageia wallichiana,(C.Presl) Kuntze,India
Podocarpaceae,Podocarpus neriifolius,D.Don,India
Polygalaceae,Polygala arillata,Buch.-Ham. ex D. Don,India
Polygalaceae,Xanthophyllum andamanicum,King,India
Polygalaceae,Xanthophyllum burkillii,J.R.Drumm. & Dunn,India
Primulaceae,Ardisia amplexicaulis,Bedd.,India
Primulaceae,Ardisia attenuata,Wall. ex A.DC.,India
Primulaceae,Ardisia blatteri,Gamble,India
Primulaceae,Ardisia elliptica,Thunb.,India
Primulaceae,Ardisia neriifolia,Wall. ex A.DC.,India
Primulaceae,Ardisia oxyphylla,Wall. ex A.DC.,India
Primulaceae,Ardisia pauciflora,B.Heyne ex Roxb.,India
Primulaceae,Ardisia polysticta,Miq.,India
Primulaceae,Ardisia quinquegona,Blume,India
Primulaceae,Ardisia rhomboidea,Wight,India
Primulaceae,Ardisia rothii,A.DC.,India
Primulaceae,Ardisia solanacea,Roxb.,India
Primulaceae,Ardisia sonchifolia,Mez,India
Primulaceae,Ardisia thyrsiflora,D.Don,India
Primulaceae,Maesa argentea,(Wall.) A. DC.,India
Primulaceae,Maesa indica,(Roxb.) A. DC.,India
Primulaceae,Maesa montana,A. DC.,India
Primulaceae,Maesa paniculata,A.DC.,India
Primulaceae,Maesa ramentacea,(Roxb.) A. DC.,India
Primulaceae,Maesa velutina,Mez,India
Primulaceae,Myrsine capitellata,Wall.,India
Primulaceae,Myrsine semiserrata,Wall.,India
Primulaceae,Myrsine striata,(Mez) Ricketson & Pipoly,India
Primulaceae,Myrsine wightiana,Wall. ex A.DC.,India
Proteaceae,Helicia excelsa,(Roxb.) Blume,India
Proteaceae,Helicia nilagirica,Bedd.,India
Proteaceae,Helicia robusta,(Roxb.) R.Br. ex Blume,India
Proteaceae,Helicia serrata,Blume,India
Proteaceae,Heliciopsis terminalis,(Kurz) Sleumer,India
Putranjivaceae,Drypetes andamanica,(Kurz) Pax & K.Hoffm.,India
Putranjivaceae,Drypetes assamica,(Hook.f.) Pax & K.Hoffm.,India
Putranjivaceae,Drypetes confertiflora,(Hook.f.) Pax & K.Hoffm.,India
Putranjivaceae,Drypetes eglandulosa,(Roxb.) Pax & K.Hoffm.,India
Putranjivaceae,Drypetes elliptica,(Hook.f.) Pax & K.Hoffm. ,India
Putranjivaceae,Drypetes gardneri,(Thwaites) Pax & K.Hoffm.,India
Putranjivaceae,Drypetes indica,(Müll.Arg.) Pax & K.Hoffm.,India
Putranjivaceae,Drypetes jaintensis,(C.B.Clarke) Pax & K.Hoffm.,India
Putranjivaceae,Drypetes leiocarpa,(Kurz) Pax & K.Hoffm.,India
Putranjivaceae,Drypetes longifolia,(Blume) Pax & K.Hoffm.,India
Putranjivaceae,Drypetes malabarica,(Bedd.) Airy Shaw,India
Putranjivaceae,Drypetes microphylla,(Merr.) Pax & K.Hoffm.,India
Putranjivaceae,Drypetes oblongifolia,(Bedd.) Airy Shaw,India
Putranjivaceae,Drypetes porteri,(Gamble) Pax & K.Hoffm.,India
Putranjivaceae,Drypetes sepiaria,(Wight & Arn.) Pax & K.Hoffm.,India
Putranjivaceae,Drypetes subsessilis,(Kurz) Pax & K.Hoffm.,India
Putranjivaceae,Drypetes sumatrana,(Miq.) Pax & K.Hoffm.,India
Putranjivaceae,Drypetes venusta,(Wight) Pax & K.Hoffm.,India
Putranjivaceae,Drypetes wightii,(Hook.f.) Pax & K.Hoffm.,India
Putranjivaceae,Putranjiva roxburghii,Wall.,India
Rhamnaceae,Berchemia floribunda,(Wall.) Brongn.,India
Rhamnaceae,Colubrina travancorica,Bedd.,India
Rhamnaceae,Hovenia acerba,Lindl.,India
Rhamnaceae,Rhamnus napalensis,(Wall.) M.A.Lawson,India
Rhamnaceae,Rhamnus triquetra,(Wall.) Brandis,India
Rhamnaceae,Rhamnus virgata,Roxb.,India
Rhamnaceae,Scutia myrtina,(Burm.f.) Kurz,India
Rhamnaceae,Ziziphus glabrata,B.Heyne ex Roth,India
Rhamnaceae,Ziziphus horrida,Roth,India
Rhamnaceae,Ziziphus incurva,Roxb.,India
Rhamnaceae,Ziziphus jujuba,Mill.,India
Rhamnaceae,Ziziphus mauritiana,Lam.,India
Rhamnaceae,Ziziphus nummularia,(Burm.f.) Wight & Arn.,India
Rhamnaceae,Ziziphus oenopolia,(L.) Mill.,India
Rhamnaceae,Ziziphus oxyphylla,Edgew.,India
Rhamnaceae,Ziziphus rugosa,Lam.,India
Rhamnaceae,Ziziphus truncata,Blatt. & Hallb.,India
Rhamnaceae,Ziziphus williamii,Bhandari & Bhansali,India
Rhamnaceae,Ziziphus xylopyrus,(Retz.) Willd.,India
Rhizophoraceae,Blepharistemma membranifolium,(Miq.) Ding Hou,India
Rhizophoraceae,Bruguiera cylindrica,(L.) Blume,India
Rhizophoraceae,Bruguiera gymnorhiza,(L.) Lam.,India
Rhizophoraceae,Bruguiera parviflora,(Roxb.) Wight & Arn. ex Griff.,India
Rhizophoraceae,Bruguiera sexangula,(Lour.) Poir.,India
Rhizophoraceae,Carallia brachiata,(Lour.) Merr.,India
Rhizophoraceae,Cassipourea ceylanica,(Gardner) Alston,India
Rhizophoraceae,Ceriops decandra,(Griff.) W.Theob.,India
Rhizophoraceae,Ceriops tagal,(Perr.) C.B.Rob.,India
Rhizophoraceae,Gynotroches axillaris,Blume,India
Rhizophoraceae,Kandelia candel,(L.) Druce,India
Rhizophoraceae,Rhizophora apiculata,Blume,India
Rhizophoraceae,Rhizophora mucronata,Poir.,India
Rhizophoraceae,Rhizophora stylosa,Griff.,India
Rosaceae,Cotoneaster frigidus,Wall. ex Lindl.,India
Rosaceae,Crataegus songarica,K. Koch,India
Rosaceae,Crataegus turkestanica,Pojark.,India
Rosaceae,Eriobotrya bengalensis,(Roxb.) Kurz,India
Rosaceae,Eriobotrya dubia,(Lindl.) Decne.,India
Rosaceae,Eriobotrya petiolata,Hook.f.,India
Rosaceae,Eriobotrya salwinensis,Hand.-Mazz.,India
Rosaceae,Lauro-cerasus undulata,(Buch.-Ham. ex D.Don) M.Roem.,India
Rosaceae,Malus baccata,(L.) Borkh.,India
Rosaceae,Malus indica,(Colebr. ex Wall.) B.B.Liu,India
Rosaceae,Malus sikkimensis,(Wenz.) Koehne ex C.K.Schneid.,India
Rosaceae,Micromeles cuspidata,(Bertol.) C.K.Schneid.,India
Rosaceae,Neillia thyrsiflora,D.Don,India
Rosaceae,Photinia arguta,Lindl.,India
Rosaceae,Photinia integrifolia,Lindl.,India
Rosaceae,Photinia lindleyana,Wight & Arn.,India
Rosaceae,Photinia nussia,(Buch.-Ham. ex D.Don) Kalkman,India
Rosaceae,Prunus bokhariensis,Royle ex C.K.Schneid.,India
Rosaceae,Prunus bracteopadus,Koehne,India
Rosaceae,Prunus buergeriana,Miq.,India
Rosaceae,Prunus cerasoides,Buch.-Ham. ex D.Don,India
Rosaceae,Prunus ceylanica,(Wight) Miq.        ,India
Rosaceae,Prunus cornuta,(Wall. ex Royle) Steud.,India
Rosaceae,Prunus himalayana,J.Wen,India
Rosaceae,Prunus javanica,(Teijsm. & Binn.) Miq.,India
Rosaceae,Prunus jenkinsii,Hook.f. & Thomson,India
Rosaceae,Prunus napaulensis,(Ser.) Steud.,India
Rosaceae,Prunus phaeosticta,(Hance) Maxim.,India
Rosaceae,Prunus pygeoides,Koehne,India
Rosaceae,Prunus undulata,Buch.-Ham. ex D.Don,India
Rosaceae,Pyracantha crenulata,(Roxb. ex D.Don) M.Roem.,India
Rosaceae,Pyrus pashia,Buch.-Ham. ex D.Don,India
Rosaceae,Sorbus corymbifera,(Miq.) T.H.Nguyên & Yakovlev,India
Rosaceae,Sorbus ferruginea,(Wenz.) Rehder,India
Rosaceae,Sorbus foliolosa,(Wall.) Spach,India
Rosaceae,Sorbus griffithii,(Decne.) Rehder,India
Rosaceae,Sorbus hedlundii,C.K.Schneid.,India
Rosaceae,Sorbus heseltinei,Rushforth,India
Rosaceae,Sorbus insignis,(Hook.f.) Hedl.,India
Rosaceae,Sorbus karchungii,Rushforth,India
Rosaceae,Sorbus lanata,(D.Don) S.Schauer,India
Rosaceae,Sorbus megacarpa,(L.H.Zhou & C.Y.Wu) Xin Chen & Y.F.Deng,India
Rosaceae,Sorbus microphylla,(Wall. ex Hook.f.) Wenz.,India
Rosaceae,Sorbus rhamnoides,(Decne.) Rehder,India
Rosaceae,Sorbus rufopilosa,C.K.Schneid.,India
Rosaceae,Sorbus thomsonii,(King ex Hook.f.) Rehder,India
Rosaceae,Sorbus vestita,(Wall. ex G.Don) Lodd.,India
Rosaceae,Sorbus wallichii,(Hook.f.) T.T.Yu,India
Rosaceae,Spiraea canescens,D.Don,India
Rubiaceae,Adina cordifolia,(Roxb.) Brandis,India
Rubiaceae,Adina trichotoma,(Zoll. & Moritzi) Benth. & Hook.f. ex B.D.Jacks.,India
Rubiaceae,Aidia chantonea,Tirveng.,India
Rubiaceae,Aidia densiflora,(Wall.) Masam.,India
Rubiaceae,Aidia pseudospicata,Ridsdale,India
Rubiaceae,Aidia racemosa,(Cav.) Tirveng.,India
Rubiaceae,Benkara fasciculata,(Roxb.) Ridsdale,India
Rubiaceae,Benkara griffithii,(Hook.f.) Ridsdale,India
Rubiaceae,Benkara malabarica,(Lam.) Tirveng.,India
Rubiaceae,Brachytome wallichii,Hook.f.,India
Rubiaceae,Byrsophyllum tetrandrum,(Bedd.) Hook.f.,India
Rubiaceae,Canthium rheedei,DC.,India
Rubiaceae,Canthium travancoricum,Bedd.,India
Rubiaceae,Canthiumera neilgherrensis,(Wight) K.M.Wong,India
Rubiaceae,Catunaregam longispina,(Link) Tirveng.,India
Rubiaceae,Catunaregam nutans,(Roxb.) Tirveng.,India
Rubiaceae,Catunaregam spinosa,(Thunb.) Tirveng.,India
Rubiaceae,Catunaregam torulosa,(Dennst.) Deb & M.Gangop.,India
Rubiaceae,Cephalanthus tetrandra,(Roxb.) Ridsdale & Bakh.f.,India
Rubiaceae,Ceriscoides campanulata,(Roxb.) Tirveng.,India
Rubiaceae,Ceriscoides turgida,(Roxb.) Tirveng.,India
Rubiaceae,Chassalia curviflora,(Wall.) Thwaites,India
Rubiaceae,Chassalia lushaiensis,(C.E.C.Fisch.) Fisch.,India
Rubiaceae,Coelospermum truncatum,(Wall.) Baill. ex K.Schum.,India
Rubiaceae,Deccania pubescens,(Roth) Tirveng.,India
Rubiaceae,Dioecrescis erythroclada,(Kurz) Tirveng.,India
Rubiaceae,Discospermum abnorme,(Korth.) S.J.Ali & Robbr.,India
Rubiaceae,Discospermum apiocarpum,Dalzell ex Hook.f.,India
Rubiaceae,Discospermum sphaerocarpum,Dalzell ex Hook.f.,India
Rubiaceae,Eumachia montana,(Blume) I.M.Turner,India
Rubiaceae,Gardenia coronaria,Banks,India
Rubiaceae,Gardenia elata,Ridl.,India
Rubiaceae,Gardenia gummifera,L.f.,India
Rubiaceae,Gardenia latifolia,Aiton,India
Rubiaceae,Gardenia resinifera,Roth,India
Rubiaceae,Gardenia tubifera,Wall. ex Roxb.,India
Rubiaceae,Guettarda andamanica,Goel & Mehrotra,India
Rubiaceae,Guettarda speciosa,L.,India
Rubiaceae,Gynochthodes umbellata,(L.) Razafim. & B.Bremer,India
Rubiaceae,Hedyotis articularis,R.Br. ex G.Don,India
Rubiaceae,Hedyotis fruticosa,L.,India
Rubiaceae,Hedyotis trimenii,Deb & Ratna Dutta,India
Rubiaceae,Hymenodictyon flaccidum,Wall.,India
Rubiaceae,Hymenodictyon obovatum,Wall.,India
Rubiaceae,Hymenodictyon orixense,(Roxb.) Mabb.,India
Rubiaceae,Hypobathrum longifolium,(DC.) K.M.Wong,India
Rubiaceae,Hypobathrum microcarpum,(Blume) Bakh.f.,India
Rubiaceae,Hypobathrum racemosum,(Roxb.) Kurz,India
Rubiaceae,Hyptianthera stricta,(Roxb. ex Schult.) Wight & Arn.,India
Rubiaceae,Ixora agasthyamalayana,Sivad. & N.Mohanan,India
Rubiaceae,Ixora brachiata,Roxb.,India
Rubiaceae,Ixora brunnescens,Kurz,India
Rubiaceae,Ixora cuneifolia,Roxb.,India
Rubiaceae,Ixora diversifolia,R.Br. ex Kurz,India
Rubiaceae,Ixora elongata,B.Heyne ex G.Don,India
Rubiaceae,Ixora finlaysoniana,Wall. ex G.Don,India
Rubiaceae,Ixora grandifolia,Zoll. & Moritzi,India
Rubiaceae,Ixora johnsonii,Hook.f.,India
Rubiaceae,Ixora kingstoni,Hook.f.,India
Rubiaceae,Ixora lawsonii,Gamble,India
Rubiaceae,Ixora malabarica,(Dennst.) Mabb.,India
Rubiaceae,Ixora nigricans,R.Br. ex Wight & Arn.,India
Rubiaceae,Ixora notoniana,Wall. ex G.Don,India
Rubiaceae,Ixora pavetta,Andrews,India
Rubiaceae,Ixora polyantha,Wight,India
Rubiaceae,Ixora subsessilis,Wall. ex G.Don,India
Rubiaceae,Ixora thwaitesii,Hook.f.,India
Rubiaceae,Khasiaclunea oligocephala,(Havil.) Ridsdale,India
Rubiaceae,Lasianthus ciliatus,Wight,India
Rubiaceae,Lasianthus cinereus,Gamble,India
Rubiaceae,Lasianthus hookeri,C.B.Clarke ex Hook.f.,India
Rubiaceae,Lasianthus parvifolius,Wight,India
Rubiaceae,Lasianthus rostratus,Wight,India
Rubiaceae,Lasianthus venulosus,(Wight & Arn.) Wight,India
Rubiaceae,Luculia gratissima,(Wall.) Sweet,India
Rubiaceae,Luculia pinceana,Hook.,India
Rubiaceae,Meyna spinosa,Roxb. ex Link,India
Rubiaceae,Mitragyna parvifolia,(Roxb.) Korth.,India
Rubiaceae,Mitragyna rotundifolia,(Roxb.) Kuntze,India
Rubiaceae,Mitragyna tubulosa,(Arn.) Kuntze,India
Rubiaceae,Morinda angustifolia,Roxb.,India
Rubiaceae,Morinda citrifolia,L.,India
Rubiaceae,Morinda coreia,Buch.-Ham.,India
Rubiaceae,Morinda persicifolia,Buch.-Ham.,India
Rubiaceae,Mussaenda roxburghii,Hook.f.,India
Rubiaceae,Nauclea subdita,(Korth.) Steud.,India
Rubiaceae,Neolamarckia cadamba,(Roxb.) Bosser,India
Rubiaceae,Neonauclea calycina,(Bartl. ex DC.) Merr.,India
Rubiaceae,Neonauclea excelsa,(Blume) Merr.,India
Rubiaceae,Neonauclea gageana,(King) Merr.,India
Rubiaceae,Neonauclea griffithii,(Hook.f.) Merr.,India
Rubiaceae,Neonauclea pallida,(Reinw. ex Havil.) Bakh.f.,India
Rubiaceae,Neonauclea purpurea,(Roxb.) Merr.,India
Rubiaceae,Neonauclea sessilifolia,(Roxb.) Merr.,India
Rubiaceae,Nostolachma crassifolia,(Gamble) Deb & Lahiri,India
Rubiaceae,Ochreinauclea missionis,(Wall. ex G.Don) Ridsdale,India
Rubiaceae,Octotropis travancorica,Bedd.,India
Rubiaceae,Pavetta breviflora,DC.,India
Rubiaceae,Pavetta crassicaulis,Bremek.,India
Rubiaceae,Pavetta graciliflora,Wall. ex Ridl.,India
Rubiaceae,Pavetta hispidula,Wight & Arn.,India
Rubiaceae,Pavetta indica,L.,India
Rubiaceae,Pavetta naucleiflora,R.Br. ex G.Don,India
Rubiaceae,Pavetta siphonantha,Dalzell,India
Rubiaceae,Pavetta tomentosa,Roxb. ex Sm.,India
Rubiaceae,Pavetta travancorica,Bremek.,India
Rubiaceae,Pitardella sikkimensis,(Hook.f.) Tirveng.,India
Rubiaceae,Prismatomeris fragrans,Geddes,India
Rubiaceae,Prismatomeris tetrandra,(Roxb.) K.Schum.,India
Rubiaceae,Psychotria adenophylla,Wall.,India
Rubiaceae,Psychotria anamallayana,Bedd.,India
Rubiaceae,Psychotria asiatica,L.,India
Rubiaceae,Psychotria beddomei,Deb & M.G.Gangop.,India
Rubiaceae,Psychotria burkillii,Deb & M.G.Gangop.,India
Rubiaceae,Psychotria connata,Wall.,India
Rubiaceae,Psychotria dalzellii,Hook.f.,India
Rubiaceae,Psychotria globicephala,Gamble,India
Rubiaceae,Psychotria kurzii,Deb & M.G.Gangop.,India
Rubiaceae,Psychotria macrocarpa,Hook.f.,India
Rubiaceae,Psychotria malayana,Jack,India
Rubiaceae,Psychotria nigra,(Gaertn.) Alston,India
Rubiaceae,Psychotria nilgiriensis,Deb & M.G.Gangop.,India
Rubiaceae,Psychotria nudiflora,Wight & Arn.,India
Rubiaceae,Psychotria octosulcata,Talbot,India
Rubiaceae,Psychotria platyneura,Kurz,India
Rubiaceae,Psychotria sohmeri,Kiehn,India
Rubiaceae,Psychotria symplocifolia,Kurz,India
Rubiaceae,Psychotria truncata,Wall.,India
Rubiaceae,Psychotria viridiflora,Reinw. ex Blume,India
Rubiaceae,Psydrax dicoccos,Gaertn.,India
Rubiaceae,Psydrax ficiformis,(Hook.f.) Bridson,India
Rubiaceae,Psydrax kingii,(Hook.f.) Bridson & Springate,India
Rubiaceae,Psydrax pergracilis,(Bourd.) Ridsdale,India
Rubiaceae,Psydrax umbellatus,(Wight) Bridson,India
Rubiaceae,Pubistylus andamanensis,Thoth.,India
Rubiaceae,Rennellia speciosa,(Wall. ex Kurz) Hook.f.,India
Rubiaceae,Ridsdalea pulcherrima,(Kurz) J.T.Pereira,India
Rubiaceae,Ridsdalea schoemannii,(Teijsm. & Binn.) J.T.Pereira,India
Rubiaceae,Saprosma corymbosa,(Bedd.) Bedd.,India
Rubiaceae,Saprosma fragrans,(Bedd.) Bedd.,India
Rubiaceae,Scyphiphora hydrophylacea,C.F.Gaertn.,India
Rubiaceae,Tamilnadia uliginosa,(Retz.) Tirveng. & Sastre,India
Rubiaceae,Tarenna agumbensis,Sundararagh.        ,India
Rubiaceae,Tarenna asiatica,(L.) Kuntze ex K.Schum.,India
Rubiaceae,Tarenna attenuata,(Hook.f.) Hutch.,India
Rubiaceae,Tarenna campaniflora,(Hook.f.) N.P.Balakr.,India
Rubiaceae,Tarenna disperma,(Hook.f.) Pit.,India
Rubiaceae,Tarenna flava,Alston,India
Rubiaceae,Tarenna monosperma,(Wight & Arn.) D.C.S.Raju,India
Rubiaceae,Tarenna nilagirica,(Bedd.) Bremek.,India
Rubiaceae,Tarenna weberifolia,(Kurz) N.P.Balakr.,India
Rubiaceae,Tarennoidea wallichii,(Hook.f.) Tirveng. & Sastre,India
Rubiaceae,Timonius flavescens,(Jacq.) Baker,India
Rubiaceae,Urophyllum arboreum,(Reinw. ex Blume) Korth.,India
Rubiaceae,Wendlandia andamanica,Cowan,India
Rubiaceae,Wendlandia angustifolia,Wight ex Hook.f.,India
Rubiaceae,Wendlandia bicuspidata,Wight & Arn.,India
Rubiaceae,Wendlandia budleioides,Wall. ex Wight & Arn.,India
Rubiaceae,Wendlandia coriacea,(Wall.) DC.,India
Rubiaceae,Wendlandia gamblei,Cowan,India
Rubiaceae,Wendlandia heyneana,Wall. ex Wight & Arn.,India
Rubiaceae,Wendlandia heynei,(Schult.) Santapau & Merchant,India
Rubiaceae,Wendlandia puberula,DC.,India
Rubiaceae,Wendlandia scabra,Kurz,India
Rubiaceae,Wendlandia sikkimensis,Cowan,India
Rubiaceae,Wendlandia speciosa,Cowan,India
Rubiaceae,Wendlandia thyrsoidea,(Roth) Steud.,India
Rubiaceae,Wendlandia tinctoria,(Roxb.) DC.,India
Rubiaceae,Wendlandia wallichii,Wight & Arn.,India
Rutaceae,Acronychia pedunculata,(L.) Miq.,India
Rutaceae,Atalantia macrophylla,(Oliv.) Kurz,India
Rutaceae,Atalantia monophylla,DC.,India
Rutaceae,Atalantia racemosa,Wight ex Hook.,India
Rutaceae,Atalantia simplicifolia,(Roxb.) Engl.,India
Rutaceae,Atalantia wightii,Yu.Tanaka,India
Rutaceae,Bergera koenigii,L.,India
Rutaceae,Chloroxylon swietenia,DC.,India
Rutaceae,Citrus assamensis,R.M.Dutta & Bhattacharya,India
Rutaceae,Citrus hystrix,DC.,India
Rutaceae,Citrus latipes,(Swingle) Yu.Tanaka,India
Rutaceae,Citrus maxima,(Burm.) Merr.,India
Rutaceae,Citrus medica,L.,India
Rutaceae,Clausena austroindica,B.C.Stone & K.K.N.Nair,India
Rutaceae,Clausena excavata,Burm.f.,India
Rutaceae,Clausena heptaphylla,(Roxb.) Wight & Arn.,India
Rutaceae,Clausena indica,(Dalzell) Oliv.,India
Rutaceae,Glycosmis macrocarpa,Wight,India
Rutaceae,Glycosmis mauritiana,(Lam.) Tanaka,India
Rutaceae,Glycosmis pentaphylla,(Retz.) DC.,India
Rutaceae,Glycosmis tirunelveliensis,Murugan & Manickam,India
Rutaceae,Harrisonia perforata,(Blanco) Merr.,India
Rutaceae,Limonia acidissima,L.,India
Rutaceae,Melicope accedens,(Blume) T.G.Hartley,India
Rutaceae,Melicope indica,Wight        ,India
Rutaceae,Melicope lunu-ankenda,T.G.Hartley,India
Rutaceae,Micromelum integerrimum,(Roxb. ex DC.) Wight & Arn. ex M.Roem.,India
Rutaceae,Micromelum minutum,(G.Forst.) Wight & Arn.,India
Rutaceae,Murraya paniculata,(L.) Jack,India
Rutaceae,Naringi crenulata,(Roxb.) Nicolson,India
Rutaceae,Pamburus missionis,(Wight) Swingle,India
Rutaceae,Pleiospermium alatum,(Wight & Arn.) Swingle,India
Rutaceae,Skimmia arborescens,T. Anderson ex Gamble,India
Rutaceae,Skimmia multinervia,C.C. Huang,India
Rutaceae,Tetradium fraxinifolium,(Hook.f.) T.G.Hartley,India
Rutaceae,Tetradium glabrifolium,(Champ. ex Benth.) T.G.Hartley,India
Rutaceae,Tetradium ruticarpum,(A.Juss.) T.G.Hartley,India
Rutaceae,Vepris bilocularis,Engl.,India
Rutaceae,Zanthoxylum acanthopodium,DC.,India
Rutaceae,Zanthoxylum armatum,DC.,India
Rutaceae,Zanthoxylum avicennae,(Lam.) DC.,India
Rutaceae,Zanthoxylum khasianum,Hook.f.,India
Rutaceae,Zanthoxylum myriacanthum,Wall. ex Hook.f.,India
Rutaceae,Zanthoxylum nitidum,(Roxb.) DC.,India
Rutaceae,Zanthoxylum ovalifolium,Tutcher,India
Rutaceae,Zanthoxylum oxyphyllum,Edgew.,India
Rutaceae,Zanthoxylum rhetsa,(Roxb.) DC.,India
Sabiaceae,Meliosma arnottiana,(Wight) Walp.,India
Sabiaceae,Meliosma dilleniifolia,(Wall. ex Wight & Arn.) Walp.,India
Sabiaceae,Meliosma lanceolata,Blume,India
Sabiaceae,Meliosma pinnata,(Roxb.) Maxim.,India
Sabiaceae,Meliosma simplicifolia,(Roxb.) Walp.,India
Sabiaceae,Meliosma sumatrana,Walp.,India
Sabiaceae,Meliosma thomsonii,King ex Brandis,India
Sabiaceae,Meliosma yunnanensis,Franch.,India
Salicaceae,Bennettiodendron leprosipes,(Clos) Merr.,India
Salicaceae,Casearia andamanica,King,India
Salicaceae,Casearia glomerata,Roxb.,India
Salicaceae,Casearia graveolens,Dalzell,India
Salicaceae,Casearia kurzii,C.B.Clarke,India
Salicaceae,Casearia rubescens,Dalzell,India
Salicaceae,Casearia thwaitesii,Briq.,India
Salicaceae,Casearia tomentosa,Roxb.,India
Salicaceae,Casearia vareca,Roxb.,India
Salicaceae,Casearia wynadensis,Bedd.,India
Salicaceae,Casearia zeylanica,(Gaertn.) Thwaites,India
Salicaceae,Flacourtia helferi,Gamble ex Ridl.,India
Salicaceae,Flacourtia indica,(Burm.f.) Merr.,India
Salicaceae,Flacourtia latifolia,(Hook.f. & Thomson) T.Cooke,India
Salicaceae,Flacourtia montana,J.Graham,India
Salicaceae,Flacourtia occidentalis,Blatt.,India
Salicaceae,Flacourtia rukam,Zoll. & Moritzi,India
Salicaceae,Homalium ceylanicum,(Gardner) Benth.,India
Salicaceae,Homalium jainii,A.N.Henry & Swamin.,India
Salicaceae,Homalium schlichii,Kurz,India
Salicaceae,Homalium tomentosum,(Vent.) Benth.,India
Salicaceae,Homalium travancoricum,Bedd.,India
Salicaceae,Populus ciliata,Wall. ex Royle,India
Salicaceae,Populus euphratica,Olivier,India
Salicaceae,Populus glauca,Haines,India
Salicaceae,Salix acmophylla,Boiss.,India
Salicaceae,Salix daltoniana,Andersson,India
Salicaceae,Salix denticulata,Andersson,India
Salicaceae,Salix excelsa,S.G.Gmel.,India
Salicaceae,Salix psilostigma,Andersson,India
Salicaceae,Salix pycnostachya,Andersson,India
Salicaceae,Salix sericocarpa,Andersson,India
Salicaceae,Salix tetrasperma,Roxb.,India
Salicaceae,Salix turanica,Nasarow,India
Salicaceae,Salix viminalis,L.,India
Salicaceae,Salix wilhelmsiana,M.Bieb.,India
Salicaceae,Scolopia acuminata,Clos,India
Salicaceae,Scolopia crenata,Clos,India
Salicaceae,Scolopia kermodei,C.E.C.Fisch.,India
Salicaceae,Scolopia parkinsonii,"N.Balach., Gastmans & Chakrab.",India
Salicaceae,Scolopia pusilla,Willd.,India
Salicaceae,Scolopia spinosa,(Roxb.) Warb.,India
Salicaceae,Xylosma congesta,(Lour.) Merr.,India
Salicaceae,Xylosma controversa,Clos,India
Salicaceae,Xylosma longifolia,Clos,India
Salvadoraceae,Azima tetracantha,Lam.,India
Salvadoraceae,Dobera glabra,(Forssk.) Juss. ex Poir.,India
Salvadoraceae,Salvadora alii,Rajput & Syeda,India
Salvadoraceae,Salvadora oleoides,Decne.,India
Santalaceae,Osyris lanceolata,Hochst. & Steud.,India
Santalaceae,Pyrularia edulis,(Wall.) A. DC.,India
Santalaceae,Santalum album,L.,India
Santalaceae,Scleropyrum pentandrum,(Dennst.) Mabb.,India
Sapindaceae,Acer acuminatum,Wall. ex D.Don,India
Sapindaceae,Acer caesium,Wall. ex Brandis,India
Sapindaceae,Acer campbellii,Hook.f. & Thomson ex Hiern,India
Sapindaceae,Acer cappadocicum,Gled.,India
Sapindaceae,Acer caudatum,Wall.,India
Sapindaceae,Acer chienii,Hu & W.C.Cheng,India
Sapindaceae,Acer hookeri,Miq.,India
Sapindaceae,Acer laevigatum,Wall.,India
Sapindaceae,Acer laurinum,Hassk.,India
Sapindaceae,Acer oblongum,Wall. ex DC.,India
Sapindaceae,Acer osmastonii,Gamble,India
Sapindaceae,Acer pectinatum,Wall. ex G.Nicholson,India
Sapindaceae,Acer pentapomicum,J.L.Stewart,India
Sapindaceae,Acer pinnatinervium,Merr.,India
Sapindaceae,Acer sikkimense,Miq.,India
Sapindaceae,Acer stachyophyllum,Hiern,India
Sapindaceae,Acer sterculiaceum,Wall.,India
Sapindaceae,Acer thomsonii,Miq.,India
Sapindaceae,Acer tibetense,W.P.Fang,India
Sapindaceae,Acer wardii,W.W.Sm.,India
Sapindaceae,Aesculus assamica,Griff.,India
Sapindaceae,Aesculus indica,(Wall. ex Cambess.) Hook.,India
Sapindaceae,Allophylus chartaceus,(Kurz) Radlk.,India
Sapindaceae,Allophylus cobbe,(L.) Raeusch.,India
Sapindaceae,Allophylus rheedei,(Wight) Radlk.,India
Sapindaceae,Allophylus serratus,(Hiern) Kurz ,India
Sapindaceae,Allophylus subfalcatus,Radlk.,India
Sapindaceae,Allophylus villosus,(Roxb.) Blume,India
Sapindaceae,Arytera litoralis,Blume,India
Sapindaceae,Dimocarpus longan,Lour.,India
Sapindaceae,Dodonaea viscosa,(L.) Jacq.,India
Sapindaceae,Filicium decipiens,(Wight & Arn.) Thwaites,India
Sapindaceae,Ganophyllum falcatum,Blume,India
Sapindaceae,Harpullia arborea,(Blanco) Radlk.,India
Sapindaceae,Harpullia cupanioides,Roxb.,India
Sapindaceae,Lepisanthes andamanica,King,India
Sapindaceae,Lepisanthes erecta,(Thwaites) Leenh.,India
Sapindaceae,Lepisanthes rubiginosa,(Roxb.) Leenh.,India
Sapindaceae,Lepisanthes tetraphylla,(Vahl) Radlk.,India
Sapindaceae,Mischocarpus pentapetalus,(Roxb.) Radlk.,India
Sapindaceae,Mischocarpus sundaicus,Blume,India
Sapindaceae,Nephelium ramboutan-ake,(Labill.) Leenh.,India
Sapindaceae,Otonephelium stipulaceum,(Bedd.) Radlk.,India
Sapindaceae,Pometia pinnata,J.R.Forst. & G.Forst.,India
Sapindaceae,Sapindus mukorossi,Gaertn.,India
Sapindaceae,Sapindus rarak,DC.,India
Sapindaceae,Sapindus trifoliatus,L.,India
Sapindaceae,Schleichera oleosa,(Lour.) Oken,India
Sapotaceae,Chrysophyllum asraoi,R.Kumari & Thothathri,India
Sapotaceae,Diploknema butyracea,(Roxb.) H.J.Lam,India
Sapotaceae,Diploknema butyraceoides,(M.B.Scott) H.J.Lam,India
Sapotaceae,Donella lanceolata,(Blume) Aubrév.,India
Sapotaceae,Isonandra lanceolata,Wight,India
Sapotaceae,Isonandra perrottetiana,A.DC.,India
Sapotaceae,Isonandra stocksii,C.B.Clarke,India
Sapotaceae,Isonandra villosa,Wight,India
Sapotaceae,Madhuca balakrishnanii,"E.S.S.Kumar, Shailaj. & Shareef",India
Sapotaceae,Madhuca bourdillonii,(Gamble) H.J.Lam,India
Sapotaceae,Madhuca diplostemon,(C.B.Clarke) P.Royen,India
Sapotaceae,Madhuca insignis,(Radlk.) H.J.Lam,India
Sapotaceae,Madhuca longifolia,(J.Koenig ex L.) J.F.Macbr.,India
Sapotaceae,Manilkara hexandra,(Roxb.) Dubard,India
Sapotaceae,Manilkara littoralis,(Kurz) Dubard,India
Sapotaceae,Manilkara roxburghiana,(Wight) Dubard,India
Sapotaceae,Mimusops andamanensis,King & Gamble,India
Sapotaceae,Mimusops elengi,L.,India
Sapotaceae,Palaquium bourdillonii,Brandis,India
Sapotaceae,Palaquium ellipticum,(Dalzell) Baill.,India
Sapotaceae,Palaquium obovatum,(Griff.) Engl.,India
Sapotaceae,Palaquium polyanthum,(Wall. ex G.Don) Baill.,India
Sapotaceae,Palaquium ravii,Sasidh. & Vink,India
Sapotaceae,Palaquium semaram,H.J.Lam,India
Sapotaceae,Palaquium sukoei,C.E.C.Fisch.,India
Sapotaceae,Payena lucida,A.DC.,India
Sapotaceae,Planchonella grandifolia,(Wall.) Pierre,India
Sapotaceae,Planchonella longipetiolata,(King & Prain) H.J.Lam,India
Sapotaceae,Planchonella obovata,(R.Br.) Pierre,India
Sapotaceae,Pleioluma firma,(Miq.) Swenson,India
Sapotaceae,Sarcosperma arboreum,Hook.f.,India
Sapotaceae,Sarcosperma griffithii,Hook.f. ex C.B.Clarke,India
Sapotaceae,Xantolis assamica,(C.B.Clarke) P.Royen,India
Sapotaceae,Xantolis hookeri,(C.B.Clarke) P.Royen,India
Sapotaceae,Xantolis tomentosa,(Roxb.) Raf.,India
Schisandraceae,Illicium griffithii,Hook.f. & Thomson,India
Schisandraceae,Illicium simonsii,Maxim.,India
Schoepfiaceae,Schoepfia fragrans,Wall.,India
Schoepfiaceae,Schoepfia griffithii,Tiegh. ex Steenis,India
Scrophulariaceae,Buddleja asiatica,Lour.,India
Scrophulariaceae,Buddleja colvilei,Hook.f.,India
Scrophulariaceae,Buddleja macrostachya,Benth.,India
Scrophulariaceae,Buddleja paniculata,Wall.,India
Simaroubaceae,Ailanthus excelsa,Roxb.,India
Simaroubaceae,Ailanthus integrifolia,Lam.,India
Simaroubaceae,Ailanthus triphysa,(Dennst.) Alston,India
Simaroubaceae,Brucea javanica,(L.) Merr.,India
Simaroubaceae,Brucea mollis,Wall. ex Kurz,India
Simaroubaceae,Picrasma javanica,Blume,India
Simaroubaceae,Quassia indica,(Gaertn.) Noot.,India
Stachyuraceae,Stachyurus himalaicus,Hook.f. & Thomson ex Benth.,India
Staphyleaceae,Dalrympelea pomifera,Roxb.,India
Staphyleaceae,Turpinia cochinchinensis,(Lour.) Merr.,India
Staphyleaceae,Turpinia malabarica,Gamble,India
Staphyleaceae,Turpinia montana,(Blume) Kurz,India
Staphyleaceae,Turpinia robusta,W. G. Craib,India
Stemonuraceae,Codiocarpus andamanicus,(Kurz) R.A.Howard,India
Stemonuraceae,Gomphandra comosa,King,India
Stemonuraceae,Gomphandra coriacea,Wight,India
Stemonuraceae,Gomphandra tetrandra,(Wall.) Sleumer,India
Styracaceae,Alniphyllum fortunei,(Hemsl.) Makino,India
Styracaceae,Bruinsmia polysperma,(C.B.Clarke) Steenis,India
Styracaceae,Styrax rugosus,Kurz,India
Styracaceae,Styrax serrulatus,Roxb.,India
Surianaceae,Suriana maritima,L.,India
Symplocaceae,Symplocos acuminata,(Blume) Miq.,India
Symplocaceae,Symplocos anamallayana,Bedd.,India
Symplocaceae,Symplocos cochinchinensis,(Lour.) S.Moore,India
Symplocaceae,Symplocos dryophila,C.B. Clarke,India
Symplocaceae,Symplocos foliosa,Wight,India
Symplocaceae,Symplocos glauca,(Thunb.) Koidz.,India
Symplocaceae,Symplocos glomerata,King ex Gamble,India
Symplocaceae,Symplocos hookeri,C.B. Clarke,India
Symplocaceae,Symplocos huegeliana,Brand,India
Symplocaceae,Symplocos johniana,Stapf,India
Symplocaceae,Symplocos khasiana,Brand,India
Symplocaceae,Symplocos kothayarensis,"Sundaresan, Jothi, S.Rajkumar & Manickam",India
Symplocaceae,Symplocos kurgensis,C.B.Clarke,India
Symplocaceae,Symplocos lancifolia,Siebold & Zucc.,India
Symplocaceae,Symplocos leiostachya,Kurz,India
Symplocaceae,Symplocos lucida,(Thunb.) Siebold & Zucc.,India
Symplocaceae,Symplocos macrocarpa,Wight ex C.B.Clarke,India
Symplocaceae,Symplocos macrophylla,Wall.,India
Symplocaceae,Symplocos microphylla,Wight,India
Symplocaceae,Symplocos monantha,Wight,India
Symplocaceae,Symplocos nairii,"A.N.Henry, Gopalan & Swamin.",India
Symplocaceae,Symplocos namboodiriana,"(Sivad. & N.Mohanan) J.Stephan, P.W.Fritsch & N.Mohanan",India
Symplocaceae,Symplocos nicolsonii,"R.Jagad., Gangapr., S.P.Mathew, E.S.S.Kumar & J.Stephan",India
Symplocaceae,Symplocos obtusa,Wall.,India
Symplocaceae,Symplocos oligandra,Bedd.,India
Symplocaceae,Symplocos oxyphylla,Wall.,India
Symplocaceae,Symplocos paniculata,(Thunb.) Miq.,India
Symplocaceae,Symplocos pealii,King ex Das,India
Symplocaceae,Symplocos pendula,Wight,India
Symplocaceae,Symplocos pulchra,Wight,India
Symplocaceae,Symplocos pyrifolia,Wall. ex G. Don,India
Symplocaceae,Symplocos racemosa,Roxb.,India
Symplocaceae,Symplocos ramosissima,Wall. ex G. Don,India
Symplocaceae,Symplocos sisparensis,"B.Karthik, Murug., Anusuba, Premk. & Tharani",India
Symplocaceae,Symplocos sumuntia,Buch.-Ham. ex D.Don,India
Symplocaceae,Symplocos viridissima,Brand,India
Symplocaceae,Symplocos wynadense,(Kuntze) Noot.,India
Tamaricaceae,Myrtama elegans,(Royle) Ovcz. & Kinzik.,India
Tamaricaceae,Tamarix aphylla,(L.) H.Karst.,India
Tamaricaceae,Tamarix dioica,Roxb. ex Roth,India
Tamaricaceae,Tamarix indica,Willd.,India
Taxaceae,Amentotaxus assamica,D.K.Ferguson,India
Taxaceae,Cephalotaxus mannii,Hook.f.,India
Taxaceae,Taxus contorta,Griff.,India
Taxaceae,Taxus wallichiana,Zucc.,India
Tetramelaceae,Tetrameles nudiflora,R.Br.,India
Theaceae,Camellia caudata,Wall.,India
Theaceae,Camellia confusa,W. G. Craib,India
Theaceae,Camellia fluviatilis,Hand.-Mazz.,India
Theaceae,Camellia kissii,Wall.,India
Theaceae,Camellia siangensis,T.K.Paul & M.P.Nayar,India
Theaceae,Polyspora dipterosperma,"(Kurz) Orel, Peter G.Wilson, Curry & Luu",India
Theaceae,Polyspora obtusa,(Wall. ex Wight & Arn.) Niissalo & L.M.Choo,India
Theaceae,Pyrenaria barringtoniifolia,Seem.,India
Theaceae,Pyrenaria cherrapunjeana,MIR,India
Theaceae,Pyrenaria diospyricarpa,Kurz,India
Theaceae,Pyrenaria khasiana,R.N.Paul,India
Theaceae,Schima khasiana,Dyer,India
Theaceae,Schima wallichii,(DC.) Korth.,India
Thymelaeaceae,Aquilaria khasiana,Hallier f.,India
Thymelaeaceae,Aquilaria malaccensis,Lam.,India
Thymelaeaceae,Edgeworthia gardneri,(Wall.) Meisn.,India
Thymelaeaceae,Eriosolena composita,(L.f.) Merr.,India
Thymelaeaceae,Gonystylus macrophyllus,(Miq.) Airy Shaw,India
Thymelaeaceae,Gyrinops walla,Gaertn.,India
Thymelaeaceae,Lasiosiphon glaucus,Fresen.,India
Torricelliaceae,Torricellia tiliifolia,DC.,India
Trochodendraceae,Tetracentron sinense,Oliv.,India
Ulmaceae,Holoptelea integrifolia,(Roxb.) Planch.,India
Ulmaceae,Ulmus lanceifolia,Roxb. ex Wall.,India
Ulmaceae,Ulmus parvifolia,Jacq.,India
Ulmaceae,Ulmus villosa,Brandis ex Gamble,India
Ulmaceae,Ulmus wallichiana,Planch.,India
Urticaceae,Boehmeria depauperata,Wedd.,India
Urticaceae,Boehmeria listeri,Friis & Wilmot-Dear,India
Urticaceae,Boehmeria zollingeriana,Wedd.,India
Urticaceae,Cypholophus macrocephalus,(Blume) Wedd.,India
Urticaceae,Debregeasia longifolia,(Burm.f.) Wedd.,India
Urticaceae,Debregeasia saeneb,(Forssk.) Hepper & J.R.I.Wood,India
Urticaceae,Debregeasia squamata,King ex Hook.f.,India
Urticaceae,Debregeasia wallichiana,(Wedd.) Wedd.,India
Urticaceae,Dendrocnide sinuata,(Blume) Chew,India
Urticaceae,Oreocnide frutescens,(Thunb.) Miq.,India
Urticaceae,Oreocnide integrifolia,(Gaudich.) Miq.,India
Urticaceae,Oreocnide rubescens,(Blume) Miq.,India
Urticaceae,Pilea melastomoides,(Poir.) Wedd.,India
Urticaceae,Pipturus argenteus,(G.Forst.) Wedd.,India
Urticaceae,Pouzolzia rugulosa,(Wedd.) Acharya & Kravtsova,India
Urticaceae,Sarcochlamys pulcherrima,(Roxb.) Gaudich.,India
Viburnaceae,Sambucus javanica,Blume,India
Viburnaceae,Viburnum coriaceum,Blume,India
Viburnaceae,Viburnum cylindricum,Buch.-Ham. ex D.Don,India
Viburnaceae,Viburnum erubescens,Wall. ex DC.,India
Viburnaceae,Viburnum grandiflorum,Wall. ex DC.,India
Viburnaceae,Viburnum hebanthum,Wight & Arn.,India
Viburnaceae,Viburnum lutescens,Blume,India
Viburnaceae,Viburnum mullaha,Buch.-Ham. ex D.Don,India
Viburnaceae,Viburnum nervosum,D.Don,India
Viburnaceae,Viburnum odoratissimum,Ker Gawl.,India
Viburnaceae,Viburnum punctatum,Buch.-Ham. ex D. Don,India
Violaceae,Rinorea bengalensis,(Wall.) Kuntze,India
Vitaceae,Leea aequata,L.,India
Vitaceae,Leea angulata,Korth. ex Miq.,India
Vitaceae,Leea asiatica,(L.) Ridsdale,India
Vitaceae,Leea indica,(Burm.f.) Merr.,India
Vitaceae,Leea macrophylla,Roxb. ex Hornem.,India
Vitaceae,Leea setuligera,C.B. Clarke,India
Zygophyllaceae,Balanites roxburghii,Planch.,India
