family,taxon,author,native to
Acanthaceae,Avicennia alba,Blume,Indonesia
Acanthaceae,Avicennia marina,(Forssk.) Vierh.,Indonesia
Acanthaceae,Avicennia officinalis,L.,Indonesia
Achariaceae,Eleutherandra pes-cervi,Slooten,Indonesia
Achariaceae,Erythrospermum candidum,(Becc.) Becc.,Indonesia
Achariaceae,Hydnocarpus anomalus,(Merr.) Sleumer,Indonesia
Achariaceae,Hydnocarpus borneensis,Sleumer,Indonesia
Achariaceae,Hydnocarpus castaneus,Hook.f. & Thomson,Indonesia
Achariaceae,Hydnocarpus glaucescens,Blume,Indonesia
Achariaceae,Hydnocarpus gracilis,(Slooten) Sleumer,Indonesia
Achariaceae,Hydnocarpus heterophyllus,Blume,Indonesia
Achariaceae,Hydnocarpus ilicifolius,King,Indonesia
Achariaceae,Hydnocarpus kunstleri,(King) Warb.,Indonesia
Achariaceae,Hydnocarpus polypetalus,(Slooten) Sleumer,Indonesia
Achariaceae,Hydnocarpus subfalcata,Merr.,Indonesia
Achariaceae,Hydnocarpus sumatranus,(Miq.) Koord.,Indonesia
Achariaceae,Hydnocarpus woodii,Merr.,Indonesia
Achariaceae,Pangium edule,Reinw.,Indonesia
Achariaceae,Ryparosa hirsuta,J.J.Sm.,Indonesia
Achariaceae,Ryparosa hullettii,King,Indonesia
Achariaceae,Ryparosa javanica,Koord. & Valeton,Indonesia
Achariaceae,Ryparosa kostermansii,Sleumer,Indonesia
Achariaceae,Ryparosa kunstleri,King,Indonesia
Achariaceae,Ryparosa wallichii,Ridl.,Indonesia
Achariaceae,Scaphocalyx spathacea,Ridl.,Indonesia
Achariaceae,Trichadenia philippinensis,Merr.,Indonesia
Actinidiaceae,Saurauia aculeata,Lauterb.,Indonesia
Actinidiaceae,Saurauia amoena,Stapf,Indonesia
Actinidiaceae,Saurauia bogoriensis,Hoogland,Indonesia
Actinidiaceae,Saurauia bracteosa,DC.,Indonesia
Actinidiaceae,Saurauia cauliflora,DC.,Indonesia
Actinidiaceae,Saurauia conferta,Warb.,Indonesia
Actinidiaceae,Saurauia glabra,Merr.,Indonesia
Actinidiaceae,Saurauia lanceolata,DC.,Indonesia
Actinidiaceae,Saurauia leprosa,Korth.,Indonesia
Actinidiaceae,Saurauia microphylla,de Vriese,Indonesia
Actinidiaceae,Saurauia nudiflora,DC.,Indonesia
Actinidiaceae,Saurauia pendula,Blume,Indonesia
Actinidiaceae,Saurauia reinwardtiana,Blume,Indonesia
Actinidiaceae,Saurauia ridleyi,Merr.,Indonesia
Actinidiaceae,Saurauia rufa,Burkill,Indonesia
Actinidiaceae,Saurauia schmutzii,Hoogland,Indonesia
Actinidiaceae,Saurauia spinosa,M.Briggs,Indonesia
Actinidiaceae,Saurauia subcordata,Korth.,Indonesia
Actinidiaceae,Saurauia tewensis,Korth.,Indonesia
Actinidiaceae,Saurauia verheijenii,Hoogland,Indonesia
Actinidiaceae,Saurauia vulcani,Korth.,Indonesia
Altingiaceae,Liquidambar excelsa,(Noronha) Oken,Indonesia
Anacardiaceae,Androtium astylum,Stapf,Indonesia
Anacardiaceae,Bouea macrophylla,Griff.,Indonesia
Anacardiaceae,Bouea oppositifolia,(Roxb.) Meisn.,Indonesia
Anacardiaceae,Buchanania amboinensis,Miq.,Indonesia
Anacardiaceae,Buchanania arborescens,(Blume) Blume,Indonesia
Anacardiaceae,Buchanania insignis,Blume,Indonesia
Anacardiaceae,Buchanania macrocarpa,Lauterb.,Indonesia
Anacardiaceae,Buchanania nitida,Engl.,Indonesia
Anacardiaceae,Buchanania sessifolia,Blume,Indonesia
Anacardiaceae,Buchanania splendens,Miq.,Indonesia
Anacardiaceae,Campnosperma auriculatum,(Blume) Hook.f.,Indonesia
Anacardiaceae,Campnosperma brevipetiolatum,Volkens,Indonesia
Anacardiaceae,Campnosperma coriaceum,(Jack) Hallier f.,Indonesia
Anacardiaceae,Campnosperma montanum,Lauterb.,Indonesia
Anacardiaceae,Campnosperma squamatum,Ridl.,Indonesia
Anacardiaceae,Dracontomelon costatum,Blume,Indonesia
Anacardiaceae,Dracontomelon dao,(Blanco) Merr. & Rolfe,Indonesia
Anacardiaceae,Drimycarpus luridus,(Hook.f.) Ding Hou,Indonesia
Anacardiaceae,Euroschinus papuanus,Merr. & L.M.Perry,Indonesia
Anacardiaceae,Gluta aptera,(King) Ding Hou,Indonesia
Anacardiaceae,Gluta beccarii,(Engl.) Ding Hou,Indonesia
Anacardiaceae,Gluta celebica,Kosterm.,Indonesia
Anacardiaceae,Gluta macrocarpa,(Engl.) Ding Hou,Indonesia
Anacardiaceae,Gluta malayana,(Corner) Ding Hou,Indonesia
Anacardiaceae,Gluta oba,(Merr.) Ding Hou,Indonesia
Anacardiaceae,Gluta pubescens,(Ridl.) Ding Hou,Indonesia
Anacardiaceae,Gluta renghas,L.,Indonesia
Anacardiaceae,Gluta rostrata,Ding Hou,Indonesia
Anacardiaceae,Gluta rugulosa,Ding Hou,Indonesia
Anacardiaceae,Gluta sabahana,Ding Hou,Indonesia
Anacardiaceae,Gluta speciosa,(Ridl.) Ding Hou,Indonesia
Anacardiaceae,Gluta tavoyana,Hook.f.,Indonesia
Anacardiaceae,Gluta torquata,(King) Tardieu,Indonesia
Anacardiaceae,Gluta velutina,Blume,Indonesia
Anacardiaceae,Gluta wallichii,(Hook.f.) Ding Hou,Indonesia
Anacardiaceae,Koordersiodendron pinnatum,Merr.,Indonesia
Anacardiaceae,Mangifera altissima,Blanco,Indonesia
Anacardiaceae,Mangifera blommesteinii,Kosterm.,Indonesia
Anacardiaceae,Mangifera bullata,Kosterm.,Indonesia
Anacardiaceae,Mangifera caesia,Jack,Indonesia
Anacardiaceae,Mangifera campnospermoides,Kosterm.,Indonesia
Anacardiaceae,Mangifera casturi,Kosterm.,Indonesia
Anacardiaceae,Mangifera decandra,Ding Hou,Indonesia
Anacardiaceae,Mangifera dewildei,Kosterm.,Indonesia
Anacardiaceae,Mangifera foetida,Lour.,Indonesia
Anacardiaceae,Mangifera gedebi,Miq.,Indonesia
Anacardiaceae,Mangifera gracilipes,Hook.f.,Indonesia
Anacardiaceae,Mangifera griffithii,Hook.f.,Indonesia
Anacardiaceae,Mangifera lagenifera,Griff.,Indonesia
Anacardiaceae,Mangifera lalijiwa,Kosterm.,Indonesia
Anacardiaceae,Mangifera laurina,Blume,Indonesia
Anacardiaceae,Mangifera macrocarpa,Blume,Indonesia
Anacardiaceae,Mangifera magnifica,Kochummen,Indonesia
Anacardiaceae,Mangifera minor,Blume,Indonesia
Anacardiaceae,Mangifera orophila,Kosterm.,Indonesia
Anacardiaceae,Mangifera pajang,Kosterm.,Indonesia
Anacardiaceae,Mangifera paludosa,Kosterm. ex S.K.Ganesan,Indonesia
Anacardiaceae,Mangifera parvifolia,Boerl. & Koord.,Indonesia
Anacardiaceae,Mangifera pedicellata,Kosterm.,Indonesia
Anacardiaceae,Mangifera quadrifida,Jack,Indonesia
Anacardiaceae,Mangifera rigida,Blume,Indonesia
Anacardiaceae,Mangifera rubropetala,Kosterm.,Indonesia
Anacardiaceae,Mangifera rufocostata,Kosterm.,Indonesia
Anacardiaceae,Mangifera similis,Blume,Indonesia
Anacardiaceae,Mangifera subsessilifolia,Kosterm.,Indonesia
Anacardiaceae,Mangifera sulavesiana,Kosterm.,Indonesia
Anacardiaceae,Mangifera sumbawaensis,Kosterm.,Indonesia
Anacardiaceae,Mangifera swintonioides,Kosterm.,Indonesia
Anacardiaceae,Mangifera timorensis,Blume,Indonesia
Anacardiaceae,Mangifera transversalis,Kosterm.,Indonesia
Anacardiaceae,Melanochyla angustifolia,Hook.f.,Indonesia
Anacardiaceae,Melanochyla auriculata,Hook.f.,Indonesia
Anacardiaceae,Melanochyla beccariana,Oliv.,Indonesia
Anacardiaceae,Melanochyla bracteata,King,Indonesia
Anacardiaceae,Melanochyla bullata,Ding Hou,Indonesia
Anacardiaceae,Melanochyla caesia,(Blume) Ding Hou,Indonesia
Anacardiaceae,Melanochyla castaneifolia,Ding Hou,Indonesia
Anacardiaceae,Melanochyla densiflora,King,Indonesia
Anacardiaceae,Melanochyla elmeri,Merr.,Indonesia
Anacardiaceae,Melanochyla fulvinervis,(Blume) Ding Hou,Indonesia
Anacardiaceae,Melanochyla minutiflora,Ding Hou,Indonesia
Anacardiaceae,Melanochyla tomentosa,Hook.f.,Indonesia
Anacardiaceae,Parishia insignis,Hook.f.,Indonesia
Anacardiaceae,Parishia maingayi,Hook.f.,Indonesia
Anacardiaceae,Parishia paucijuga,Engl.,Indonesia
Anacardiaceae,Parishia sericea,Ridl.,Indonesia
Anacardiaceae,Pentaspadon motleyi,Hook.f.,Indonesia
Anacardiaceae,Pentaspadon velutinus,Hook.f.,Indonesia
Anacardiaceae,Rhus chinensis,Mill.,Indonesia
Anacardiaceae,Rhus taitensis,Guill.,Indonesia
Anacardiaceae,Semecarpus australiensis,Engl.,Indonesia
Anacardiaceae,Semecarpus brachystachys,Merr. & L.M.Perry,Indonesia
Anacardiaceae,Semecarpus bunburyanus,Gibbs,Indonesia
Anacardiaceae,Semecarpus cassuvium,Roxb.,Indonesia
Anacardiaceae,Semecarpus cuneiformis,Blanco,Indonesia
Anacardiaceae,Semecarpus forstenii,Blume,Indonesia
Anacardiaceae,Semecarpus heterophyllus,Blume,Indonesia
Anacardiaceae,Semecarpus longifolius,Blume,Indonesia
Anacardiaceae,Semecarpus magnificus,K.Schum.,Indonesia
Anacardiaceae,Semecarpus rufovelutinus,Ridl.,Indonesia
Anacardiaceae,Semecarpus velutinus,King,Indonesia
Anacardiaceae,Solenocarpus philippinensis,(Elmer) Kosterm.,Indonesia
Anacardiaceae,Spondias dulcis,Parkinson,Indonesia
Anacardiaceae,Spondias pinnata,(L. f.) Kurz,Indonesia
Anacardiaceae,Swintonia acuta,Engl.,Indonesia
Anacardiaceae,Swintonia floribunda,Griff.,Indonesia
Anacardiaceae,Swintonia foxworthyi,Elmer,Indonesia
Anacardiaceae,Swintonia glauca,Engl.,Indonesia
Anacardiaceae,Swintonia minutalata,Ding Hou,Indonesia
Anacardiaceae,Swintonia schwenckii,Teijsm. & Binn. ex Hook.f.,Indonesia
Anacardiaceae,Swintonia spicifera,Hook.f.,Indonesia
Anacardiaceae,Toxicodendron nodosum,(Blume) Kuntze,Indonesia
Anisophylleaceae,Anisophyllea beccariana,Baill.,Indonesia
Anisophylleaceae,Anisophyllea borneensis,"Li Bing Zhang, Xin Chen & H.He",Indonesia
Anisophylleaceae,Anisophyllea corneri,Ding Hou,Indonesia
Anisophylleaceae,Anisophyllea dinghoui,"Li Bing Zhang, Xin Chen & H.He",Indonesia
Anisophylleaceae,Anisophyllea disticha,(Jack) Baill.,Indonesia
Anisophylleaceae,Anisophyllea ferruginea,Ding Hou,Indonesia
Anisophylleaceae,Anisophyllea glandibeccariana,"Li Bing Zhang, Xin Chen & H.He",Indonesia
Anisophylleaceae,Anisophyllea glandulipetiolata,"Li Bing Zhang, Xin Chen & H.He",Indonesia
Anisophylleaceae,Anisophyllea grandis,Benth.,Indonesia
Anisophylleaceae,Anisophyllea ismailii,J.A.McDonald,Indonesia
Anisophylleaceae,Anisophyllea rhomboidea,Baill.,Indonesia
Anisophylleaceae,Anisophyllea sarawakensis,"Li Bing Zhang, Xin Chen & H.He",Indonesia
Anisophylleaceae,Anisophyllea scortechinii,King,Indonesia
Anisophylleaceae,Anisophyllea sumatrana,"Li Bing Zhang, Xin Chen & H.He",Indonesia
Anisophylleaceae,Combretocarpus rotundatus,(Miq.) Danser,Indonesia
Annonaceae,Alphonsea borneensis,I.M.Turner,Indonesia
Annonaceae,Alphonsea elliptica,Hook.f. & Thomson,Indonesia
Annonaceae,Alphonsea javanica,Scheff.,Indonesia
Annonaceae,Alphonsea johorensis,J.Sinclair,Indonesia
Annonaceae,Alphonsea kinabaluensis,J.Sinclair,Indonesia
Annonaceae,Anaxagorea borneensis,(Becc.) J.Sinclair,Indonesia
Annonaceae,Anaxagorea javanica,Blume,Indonesia
Annonaceae,Anaxagorea luzonensis,A.Gray,Indonesia
Annonaceae,Cananga odorata,(Lam.) Hook.f. & Thomson,Indonesia
Annonaceae,Cyathocalyx magnifructus,R.J.Wang & R.M.K.Saunders,Indonesia
Annonaceae,Dasymaschalon borneense,Nurmawati,Indonesia
Annonaceae,Dasymaschalon dasymaschalum,(Blume) I.M.Turner,Indonesia
Annonaceae,Disepalum acuminatissimum,Boerl. & Koord.-Schum.,Indonesia
Annonaceae,Disepalum coronatum,Becc.,Indonesia
Annonaceae,Disepalum longipes,King,Indonesia
Annonaceae,Disepalum platypetalum,Merr.,Indonesia
Annonaceae,Disepalum rawagambut,"Randi, D.C.Thomas & Wijedasa",Indonesia
Annonaceae,Drepananthus acuminatus,(C.B.Rob.) Survesw. & R.M.K.Saunders,Indonesia
Annonaceae,Drepananthus biovulatus,(Boerl.) Survesw. & R.M.K.Saunders,Indonesia
Annonaceae,Drepananthus carinatus,Ridl.,Indonesia
Annonaceae,Drepananthus deltoideus,(Airy Shaw) Survesw. & R.M.K.Saunders,Indonesia
Annonaceae,Drepananthus havilandii,(Boerl.) Survesw. & R.M.K.Saunders,Indonesia
Annonaceae,Drepananthus hexagynus,(Miq.) Survesw. & R.M.K.Saunders,Indonesia
Annonaceae,Drepananthus kingii,(Boerl. ex Koord.) Survesw. & R.M.K.Saunders,Indonesia
Annonaceae,Drepananthus magnificus,(Diels) Survesw. & R.M.K.Saunders,Indonesia
Annonaceae,Drepananthus minahassae,(Koord.) Survesw. & R.M.K.Saunders,Indonesia
Annonaceae,Drepananthus obtusifolius,(Becc. & Scheff.) Survesw. & R.M.K.Saunders,Indonesia
Annonaceae,Drepananthus pahangensis,M.R.Hend.,Indonesia
Annonaceae,Drepananthus petiolatus,(Diels) Survesw. & R.M.K.Saunders,Indonesia
Annonaceae,Drepananthus prunifer,Maingay ex Hook.f. & Thomson,Indonesia
Annonaceae,Drepananthus pubescens,(Scheff.) Survesw. & R.M.K.Saunders,Indonesia
Annonaceae,Drepananthus ramuliflorus,Maingay ex Hook.f. & Thomson,Indonesia
Annonaceae,Goniothalamus acehensis,R.M.K.Saunders,Indonesia
Annonaceae,Goniothalamus alatus,R.M.K.Saunders,Indonesia
Annonaceae,Goniothalamus aruensis,Scheff.,Indonesia
Annonaceae,Goniothalamus borneensis,Mat-Salleh,Indonesia
Annonaceae,Goniothalamus brevicuspis,Miq.,Indonesia
Annonaceae,Goniothalamus caloneurus,Miq.,Indonesia
Annonaceae,Goniothalamus cleistogamus,Burck,Indonesia
Annonaceae,Goniothalamus coriaceus,Burck,Indonesia
Annonaceae,Goniothalamus costulatus,Miq.,Indonesia
Annonaceae,Goniothalamus dewildei,R.M.K.Saunders,Indonesia
Annonaceae,Goniothalamus dolichopetalus,Merr.,Indonesia
Annonaceae,Goniothalamus euneurus,Miq.,Indonesia
Annonaceae,Goniothalamus giganteus,Hook.f. & Thomson,Indonesia
Annonaceae,Goniothalamus grandiflorus,(Warb.) Boerl.,Indonesia
Annonaceae,Goniothalamus kostermansii,Mat-Salleh,Indonesia
Annonaceae,Goniothalamus loerzingii,R.M.K.Saunders,Indonesia
Annonaceae,Goniothalamus longistaminus,R.M.K.Saunders,Indonesia
Annonaceae,Goniothalamus macrophyllus,(Blume) Zoll.,Indonesia
Annonaceae,Goniothalamus majestatis,P.Kessler,Indonesia
Annonaceae,Goniothalamus malayanus,Hook.f. & Thomson,Indonesia
Annonaceae,Goniothalamus megalocalyx,I.M.Turner & R.M.K.Saunders,Indonesia
Annonaceae,Goniothalamus miquelianus,R.M.K.Saunders,Indonesia
Annonaceae,Goniothalamus parallelovenius,Ridl.,Indonesia
Annonaceae,Goniothalamus phaeotrichus,I.M.Turner & R.M.K.Saunders,Indonesia
Annonaceae,Goniothalamus ridleyi,King,Indonesia
Annonaceae,Goniothalamus rufus,Miq.,Indonesia
Annonaceae,Goniothalamus suaveolens,Becc.,Indonesia
Annonaceae,Goniothalamus tapis,Miq.,Indonesia
Annonaceae,Goniothalamus tapisoides,Mat-Salleh,Indonesia
Annonaceae,Goniothalamus viridiflorus,K.Schum. & Lauterb.,Indonesia
Annonaceae,Goniothalamus woodii,Merr. ex Mat-Salleh,Indonesia
Annonaceae,Goniothalamus wrayi,King,Indonesia
Annonaceae,Huberantha ceramensis,(Boerl.) Chaowasku,Indonesia
Annonaceae,Huberantha hirta,(Miq.) Chaowasku,Indonesia
Annonaceae,Huberantha jenkinsii,(Hook.f. & Thomson) Chaowasku,Indonesia
Annonaceae,Huberantha rumphii,(Blume ex Hensch.) Chaowasku,Indonesia
Annonaceae,Maasia glauca,"(Hassk.) Mols, Kessler & Rogstad",Indonesia
Annonaceae,Maasia hypoleuca,"(Hook.f. & Thomson) Mols, Kessler & Rogstad",Indonesia
Annonaceae,Maasia ovalifolia,"(Rogstad) Mols, Kessler & Rogstad",Indonesia
Annonaceae,Maasia sumatrana,"(Miq.) Mols, Kessler & Rogstad",Indonesia
Annonaceae,Marsypopetalum littorale,(Blume) B.Xue & R.M.K.Saunders,Indonesia
Annonaceae,Marsypopetalum pallidum,(Blume) Backer,Indonesia
Annonaceae,Meiogyne beccarii,I.M.Turner,Indonesia
Annonaceae,Meiogyne cylindrocarpa,(Burck) Heusden,Indonesia
Annonaceae,Meiogyne virgata,(Blume) Miq.,Indonesia
Annonaceae,Mezzettia havilandii,(Boerl.) Ridl.,Indonesia
Annonaceae,Mezzettia macrocarpa,Heyden & Kessler,Indonesia
Annonaceae,Mezzettia parviflora,Becc.,Indonesia
Annonaceae,Mezzettia umbellata,Becc.,Indonesia
Annonaceae,Miliusa eupoda,(Miq.) I.M.Turner,Indonesia
Annonaceae,Miliusa horsfieldii,(Bennett) Baill. ex Pierre,Indonesia
Annonaceae,Miliusa macropoda,Miq.,Indonesia
Annonaceae,Mitrephora amdjahii,Weeras. & R.M.K.Saunders,Indonesia
Annonaceae,Mitrephora diversifolia,Miq.,Indonesia
Annonaceae,Mitrephora endertii,Weeras. & R.M.K.Saunders,Indonesia
Annonaceae,Mitrephora ferruginea,Boerl. ex Koord.,Indonesia
Annonaceae,Mitrephora fragrans,Merr.,Indonesia
Annonaceae,Mitrephora glabra,Scheff.,Indonesia
Annonaceae,Mitrephora korthalsiana,Miq.,Indonesia
Annonaceae,Mitrephora kostermansii,Weeras. & R.M.K.Saunders,Indonesia
Annonaceae,Mitrephora longipetala,Miq.,Indonesia
Annonaceae,Mitrephora macrocarpa,(Miq.) Weeras. & R.M.K.Saunders,Indonesia
Annonaceae,Mitrephora maingayi,Hook.f. & Thomson,Indonesia
Annonaceae,Mitrephora obtusa,Hook.f. & Thomson,Indonesia
Annonaceae,Mitrephora polypyrena,Miq.,Indonesia
Annonaceae,Mitrephora rufescens,Ridl.,Indonesia
Annonaceae,Mitrephora simeuluensis,Weeras. & R.M.K.Saunders,Indonesia
Annonaceae,Mitrephora sundaica,Weeras. & R.M.K.Saunders,Indonesia
Annonaceae,Monocarpia borneensis,Mols & Kessler,Indonesia
Annonaceae,Monocarpia euneura,Miq.,Indonesia
Annonaceae,Monocarpia kalimantanensis,P.J.A.Kessler,Indonesia
Annonaceae,Monocarpia maingayi,(Hook.f. & Thomson) I.M.Turner,Indonesia
Annonaceae,Monoon amischocarpum,(I.M.Turner) B.Xue & R.M.K.Saunders,Indonesia
Annonaceae,Monoon anomalum,(Becc.) B.Xue & R.M.K.Saunders,Indonesia
Annonaceae,Monoon bemban,Miq.,Indonesia
Annonaceae,Monoon congestum,(Ridl.) B.Xue & R.M.K.Saunders,Indonesia
Annonaceae,Monoon congregatum,(King) B.Xue & R.M.K.Saunders,Indonesia
Annonaceae,Monoon costigerum,Miq.,Indonesia
Annonaceae,Monoon erianthoides,(Airy Shaw) B.Xue & R.M.K.Saunders,Indonesia
Annonaceae,Monoon fuscum,(King) B.Xue & R.M.K.Saunders,Indonesia
Annonaceae,Monoon hookerianum,(King) B.Xue & R.M.K.Saunders,Indonesia
Annonaceae,Monoon hypogaeum,(King) B.Xue & R.M.K.Saunders,Indonesia
Annonaceae,Monoon lateriflorum,(Blume) Miq,Indonesia
Annonaceae,Monoon longipes,Miq.,Indonesia
Annonaceae,Monoon longipetalum,Nurmawati,Indonesia
Annonaceae,Monoon oligocarpum,Miq.,Indonesia
Annonaceae,Monoon pachypetalum,I.M.Turner & Utteridge,Indonesia
Annonaceae,Monoon paradoxum,(Becc.) B.Xue & R.M.K.Saunders,Indonesia
Annonaceae,Monoon polycarpum,(Burck) B.Xue & R.M.K.Saunders,Indonesia
Annonaceae,Monoon sublanceolatum,Miq.,Indonesia
Annonaceae,Monoon xanthopetalum,(Merr.) B.Xue & R.M.K.Saunders,Indonesia
Annonaceae,Neo-uvaria acuminatissima,(Miq.) Airy Shaw,Indonesia
Annonaceae,Neo-uvaria parallelivenia,(Boerl.) H.Okada & K.Ueda,Indonesia
Annonaceae,Orophea celebica,(Blume) Miq.,Indonesia
Annonaceae,Orophea corymbosa,(Blume) Zoll.,Indonesia
Annonaceae,Orophea creaghii,(Ridl.) Leonardía & Kessler,Indonesia
Annonaceae,Orophea dodecandra,Miq.,Indonesia
Annonaceae,Orophea enneandra,Blume,Indonesia
Annonaceae,Orophea flagellaris,P.J.A.Kessler,Indonesia
Annonaceae,Orophea hexandra,Blume,Indonesia
Annonaceae,Orophea kostermansiana,P.J.A.Kessler,Indonesia
Annonaceae,Orophea merrillii,P.J.A.Kessler,Indonesia
Annonaceae,Orophea myriantha,Merr.,Indonesia
Annonaceae,Orophea rubra,P.J.A.Kessler,Indonesia
Annonaceae,Orophea trigyna,Miq.,Indonesia
Annonaceae,Phaeanthus intermedius,(P.Parm.) I.M.Turner & Veldkamp,Indonesia
Annonaceae,Phaeanthus ophthalmicus,(Roxb. ex G.Don) J.Sinclair,Indonesia
Annonaceae,Phaeanthus splendens,Miq.,Indonesia
Annonaceae,Phaeanthus sumatrana,Miq.,Indonesia
Annonaceae,Platymitra macrocarpa,Boerl.,Indonesia
Annonaceae,Polyalthia borneensis,Merr.,Indonesia
Annonaceae,Polyalthia bromantha,I.M.Turner,Indonesia
Annonaceae,Polyalthia bullata,King,Indonesia
Annonaceae,Polyalthia cauliflora,Hook.f. & Thomson,Indonesia
Annonaceae,Polyalthia chrysotricha,Ridl.,Indonesia
Annonaceae,Polyalthia dictyoneura,Diels,Indonesia
Annonaceae,Polyalthia elliptica,(Blume) Blume,Indonesia
Annonaceae,Polyalthia endertii,D.M.Johnson,Indonesia
Annonaceae,Polyalthia flagellaris,(Becc.) Airy Shaw,Indonesia
Annonaceae,Polyalthia ichthyosma,I.M.Turner,Indonesia
Annonaceae,Polyalthia igniflora,D.M.Johnson,Indonesia
Annonaceae,Polyalthia insignis,(Hook.f.) Airy Shaw,Indonesia
Annonaceae,Polyalthia longirostris,(Scheff.) B.Xue & R.M.K.Saunders,Indonesia
Annonaceae,Polyalthia microsepala,Diels,Indonesia
Annonaceae,Polyalthia microtus,Miq.,Indonesia
Annonaceae,Polyalthia monocarpioides,I.M.Turner,Indonesia
Annonaceae,Polyalthia motleyana,(Hook.f.) Airy Shaw,Indonesia
Annonaceae,Polyalthia myristica,I.M.Turner,Indonesia
Annonaceae,Polyalthia saprosma,I.M.Turner,Indonesia
Annonaceae,Polyalthia spathulata,(Teijsm. & Binn.) Boerl.,Indonesia
Annonaceae,Polyalthia stenopetala,(Hook.f. & Thomson) Finet & Gagnep.,Indonesia
Annonaceae,Polyalthia stenophylla,I.M.Turner,Indonesia
Annonaceae,Polyalthia subcordata,(Blume) Blume,Indonesia
Annonaceae,Polyalthia tipuliflora,D.M.Johnson,Indonesia
Annonaceae,Polyalthia trochilia,I.M.Turner,Indonesia
Annonaceae,Popowia alata,S.K.Ganesan,Indonesia
Annonaceae,Popowia hirta,Miq.,Indonesia
Annonaceae,Popowia odoardi,Diels,Indonesia
Annonaceae,Popowia papuana,Scheff.,Indonesia
Annonaceae,Popowia pisocarpa,(Blume) Endl. ex Walp.,Indonesia
Annonaceae,Popowia tomentosa,Maingay ex Hook.f. & Thomson,Indonesia
Annonaceae,Popowia velutina,King,Indonesia
Annonaceae,Pseuduvaria borneensis,Y.C.F.Su & R.M.K.Saunders,Indonesia
Annonaceae,Pseuduvaria hyadena,I.M.Turner,Indonesia
Annonaceae,Pseuduvaria macrophylla,(Oliv.) Merr.,Indonesia
Annonaceae,Pseuduvaria obliqua,Y.C.F.Su & R.M.K.Saunders,Indonesia
Annonaceae,Pseuduvaria pamattonis,(Miq.) Y.C.F.Su & R.M.K.Saunders,Indonesia
Annonaceae,Pseuduvaria parvipetala,Y.C.F.Su & R.M.K.Saunders,Indonesia
Annonaceae,Pseuduvaria reticulata,(Blume) Miq.,Indonesia
Annonaceae,Pseuduvaria rugosa,(Blume) Merr.,Indonesia
Annonaceae,Sageraea lanceolata,Miq.,Indonesia
Annonaceae,Stelechocarpus burahol,(Blume) Hook.f. & Thomson,Indonesia
Annonaceae,Stelechocarpus cauliflorus,(Scheff.) R.E.Fr.,Indonesia
Annonaceae,Trivalvaria macrophylla,(Blume) Miq.,Indonesia
Annonaceae,Xylopia caudata,Hook.f. & Thomson,Indonesia
Annonaceae,Xylopia coriifolia,Ridl.,Indonesia
Annonaceae,Xylopia dehiscens,(Blanco) Merr.,Indonesia
Annonaceae,Xylopia densifolia,Elmer,Indonesia
Annonaceae,Xylopia elliptica,Maingay ex Hook.f. & Thomson,Indonesia
Annonaceae,Xylopia ferruginea,(Hook.f. & Thomson) Baill.,Indonesia
Annonaceae,Xylopia fusca,Maingay ex Hook.f. & Thomson,Indonesia
Annonaceae,Xylopia heterotricha,D.M.Johnson & N.A.Murray,Indonesia
Annonaceae,Xylopia malayana,Hook.f. & Thomson,Indonesia
Annonaceae,Xylopia mucronata,Boerl.,Indonesia
Annonaceae,Xylopia ngii,D.M.Johnson & N.A.Murray,Indonesia
Annonaceae,Xylopia pulchella,Ridl.,Indonesia
Annonaceae,Xylopia sumatrana,(Miq.) D.M.Johnson & N.A.Murray,Indonesia
Apiaceae,Mackinlaya celebica,(Harms) Philipson,Indonesia
Apocynaceae,Alstonia angustifolia,Wall. ex A.DC.,Indonesia
Apocynaceae,Alstonia angustiloba,Miq.,Indonesia
Apocynaceae,Alstonia beatricis,Sidiyasa,Indonesia
Apocynaceae,Alstonia iwahigensis,Elmer,Indonesia
Apocynaceae,Alstonia macrophylla,Wall. ex G.Don,Indonesia
Apocynaceae,Alstonia pneumatophora,Backer ex Den Berger,Indonesia
Apocynaceae,Alstonia rostrata,C.E.C.Fisch.,Indonesia
Apocynaceae,Alstonia scholaris,(L.) R.Br.,Indonesia
Apocynaceae,Alstonia spatulata,Blume,Indonesia
Apocynaceae,Alstonia spectabilis,R.Br.,Indonesia
Apocynaceae,Carissa spinarum,L.,Indonesia
Apocynaceae,Cerbera floribunda,K.Schum.,Indonesia
Apocynaceae,Cerbera manghas,L.,Indonesia
Apocynaceae,Cerbera odollam,Gaertn.,Indonesia
Apocynaceae,Dyera costulata,(Miq.) Hook.f.,Indonesia
Apocynaceae,Dyera polyphylla,(Miq.) Steenis,Indonesia
Apocynaceae,Hunteria zeylanica,(Retz.) Gardner ex Thwaites,Indonesia
Apocynaceae,Kibatalia arborea,(Blume) G.Don,Indonesia
Apocynaceae,Kibatalia maingayi,(Hook.f.) Woodson,Indonesia
Apocynaceae,Kibatalia villosa,Rudjiman,Indonesia
Apocynaceae,Kibatalia wigmanii,(Koord.) Merr.,Indonesia
Apocynaceae,Kopsia arborea,Blume,Indonesia
Apocynaceae,Kopsia flavida,Blume,Indonesia
Apocynaceae,Kopsia grandifolia,D.J.Middleton,Indonesia
Apocynaceae,Kopsia lapidilecta,Sleesen,Indonesia
Apocynaceae,Kopsia pauciflora,Hook.f.,Indonesia
Apocynaceae,Kopsia sumatrana,D.J.Middleton,Indonesia
Apocynaceae,Lepinia solomonensis,Hemsl.,Indonesia
Apocynaceae,Lepiniopsis ternatensis,Valeton,Indonesia
Apocynaceae,Ochrosia ackeringae,(Teijsm. & Binn.) Miq.,Indonesia
Apocynaceae,Ochrosia acuminata,Trimen ex Valeton,Indonesia
Apocynaceae,Ochrosia basistamina,Hendrian,Indonesia
Apocynaceae,Ochrosia citrodora,K.Schum. & Lauterb.,Indonesia
Apocynaceae,Ochrosia coccinea,(Teijsm. & Binn.) Miq.,Indonesia
Apocynaceae,Ochrosia ficifolia,(S.Moore) Markgr.,Indonesia
Apocynaceae,Ochrosia glomerata,(Blume) F.Muell.,Indonesia
Apocynaceae,Ochrosia oppositifolia,(Lam.) K.Schum.,Indonesia
Apocynaceae,Ochrosia syncarpa,Markgr.,Indonesia
Apocynaceae,Rauvolfia amsoniifolia,A.DC.,Indonesia
Apocynaceae,Rauvolfia javanica,Koord. & Valeton,Indonesia
Apocynaceae,Rauvolfia moluccana,Markgr.,Indonesia
Apocynaceae,Rauvolfia rostrata,Markgr.,Indonesia
Apocynaceae,Rauvolfia sumatrana,Jack,Indonesia
Apocynaceae,Rauvolfia verticillata,(Lour.) Baill.,Indonesia
Apocynaceae,Tabernaemontana aurantiaca,Gaudich.,Indonesia
Apocynaceae,Tabernaemontana corymbosa,Roxb. ex Wall.,Indonesia
Apocynaceae,Tabernaemontana macrocarpa,Jack,Indonesia
Apocynaceae,Tabernaemontana pandacaqui,Poir.,Indonesia
Apocynaceae,Tabernaemontana pauciflora,Blume,Indonesia
Apocynaceae,Tabernaemontana remota,Leeuwenb.,Indonesia
Apocynaceae,Tabernaemontana sphaerocarpa,Blume,Indonesia
Apocynaceae,Voacanga foetida,(Blume) Rolfe,Indonesia
Apocynaceae,Voacanga gracilipes,(Miq.) Markgr.,Indonesia
Apocynaceae,Voacanga grandifolia,(Miq.) Rolfe,Indonesia
Apocynaceae,Voacanga havilandii,Ridl.,Indonesia
Apocynaceae,Wrightia laevis,Hook.f.,Indonesia
Apocynaceae,Wrightia pubescens,R.Br.,Indonesia
Apocynaceae,Wrightia tinctoria,(Roxb.) R.Br.,Indonesia
Aquifoliaceae,Ilex archboldiana,Merr. & L.M.Perry,Indonesia
Aquifoliaceae,Ilex bogorensis,Loes.,Indonesia
Aquifoliaceae,Ilex borneensis,Loes.,Indonesia
Aquifoliaceae,Ilex celebensis,Capit.,Indonesia
Aquifoliaceae,Ilex cissoidea,Loes.,Indonesia
Aquifoliaceae,Ilex cymosa,Blume,Indonesia
Aquifoliaceae,Ilex emmae,D.M.Hicks,Indonesia
Aquifoliaceae,Ilex hypoglauca,Loes.,Indonesia
Aquifoliaceae,Ilex kelabitana,S.Andrews,Indonesia
Aquifoliaceae,Ilex ledermannii,Loes.,Indonesia
Aquifoliaceae,Ilex malaccensis,Loes.,Indonesia
Aquifoliaceae,Ilex nervulosa,(Loes.) S.Andrews,Indonesia
Aquifoliaceae,Ilex odorata,Buch.-Ham. ex D.Don,Indonesia
Aquifoliaceae,Ilex scabridula,Merr. & L.M.Perry,Indonesia
Aquifoliaceae,Ilex spicata,Blume,Indonesia
Aquifoliaceae,Ilex triflora,Blume,Indonesia
Aquifoliaceae,Ilex wallichii,Hook.f.,Indonesia
Araliaceae,Anakasia simplicifolia,Philipson,Indonesia
Araliaceae,Aralia bipinnata,Blanco,Indonesia
Araliaceae,Aralia dasyphylla,Miq.,Indonesia
Araliaceae,Aralia ferox,Miq.,Indonesia
Araliaceae,Aralia frodiniana,J.Wen,Indonesia
Araliaceae,Aralia montana,Blume,Indonesia
Araliaceae,Brassaiopsis glomerulata,(Blume) Regel,Indonesia
Araliaceae,Brassaiopsis resecta,(Miq.) Esser & Jebb,Indonesia
Araliaceae,Brassaiopsis sumatrana,(Miq.) Ridl.,Indonesia
Araliaceae,Dendropanax borneensis,(Philipson) Merr.,Indonesia
Araliaceae,Dendropanax lancifolius,(Ridl.) Ridl.,Indonesia
Araliaceae,Gamblea malayana,"(M.R.Hend.) C.B.Shang, Lowry & Frodin",Indonesia
Araliaceae,Harmsiopanax aculeatus,(Blume) Warb. ex Boerl.,Indonesia
Araliaceae,Harmsiopanax ingens,Philipson,Indonesia
Araliaceae,Heptapleurum acutissimum,(Miq.) Seem.,Indonesia
Araliaceae,Heptapleurum altigenum,(Frodin) Lowry & G.M.Plunkett,Indonesia
Araliaceae,Heptapleurum angiense,(Gibbs) Lowry & G.M.Plunkett,Indonesia
Araliaceae,Heptapleurum apiculatum,(Miq.) Seem.,Indonesia
Araliaceae,Heptapleurum aromaticum,(Blume) Boerl.,Indonesia
Araliaceae,Heptapleurum bipalmatifolium,(Merr.) Lowry & G.M.Plunkett,Indonesia
Araliaceae,Heptapleurum capituliferum,(Merr.) Lowry & G.M.Plunkett,Indonesia
Araliaceae,Heptapleurum cephalotes,C.B.Clarke,Indonesia
Araliaceae,Heptapleurum divaricatum,(Blume) Seem.,Indonesia
Araliaceae,Heptapleurum farinosum,(Blume) Lowry & G.M.Plunkett,Indonesia
Araliaceae,Heptapleurum fastigiatum,(Miq.) Seem.,Indonesia
Araliaceae,Heptapleurum forbesii,(Ridl.) Lowry & G.M.Plunkett,Indonesia
Araliaceae,Heptapleurum gjellerupii,(Harms) Lowry & G.M.Plunkett,Indonesia
Araliaceae,Heptapleurum gracile,(Miq.) Blume ex Seem.,Indonesia
Araliaceae,Heptapleurum havilandii,(Merr.) Lowry & G.M.Plunkett,Indonesia
Araliaceae,Heptapleurum hellwigianum,(Harms) Lowry & G.M.Plunkett,Indonesia
Araliaceae,Heptapleurum hullettii,King,Indonesia
Araliaceae,Heptapleurum leiophyllum,(Harms) Lowry & G.M.Plunkett,Indonesia
Araliaceae,Heptapleurum littoreum,(Seem.) Lowry & G.M.Plunkett,Indonesia
Araliaceae,Heptapleurum longifolium,(Blume) Seem.,Indonesia
Araliaceae,Heptapleurum lorentzii,(Harms) Lowry & G.M.Plunkett,Indonesia
Araliaceae,Heptapleurum lucescens,(Blume) Lowry & G.M.Plunkett,Indonesia
Araliaceae,Heptapleurum macrostachyum,(Benth.) Scheff.,Indonesia
Araliaceae,Heptapleurum microgyne,(Harms) G.M.Plunkett & Lowry,Indonesia
Araliaceae,Heptapleurum mjoebergii,(Merr.) G.M.Plunkett & Lowry,Indonesia
Araliaceae,Heptapleurum monticola,(Ridl.) G.M.Plunkett & Lowry,Indonesia
Araliaceae,Heptapleurum multifoliolatum,(Merr.) G.M.Plunkett & Lowry,Indonesia
Araliaceae,Heptapleurum oxyphyllum,(Miq.) Seem.,Indonesia
Araliaceae,Heptapleurum pagiophyllum,(Harms) G.M.Plunkett & Lowry,Indonesia
Araliaceae,Heptapleurum parasiticum,(Blume) Seem.,Indonesia
Araliaceae,Heptapleurum petiolosum,(Miq.) Seem.,Indonesia
Araliaceae,Heptapleurum phanerophlebium,(Merr.) G.M.Plunkett & Lowry,Indonesia
Araliaceae,Heptapleurum polyastrum,(Harms) G.M.Plunkett & Lowry,Indonesia
Araliaceae,Heptapleurum polybotryum,(Miq.) Seem.,Indonesia
Araliaceae,Heptapleurum polychaetum,(Harms) G.M.Plunkett & Lowry,Indonesia
Araliaceae,Heptapleurum rigidum,(Blume) Hassk.,Indonesia
Araliaceae,Heptapleurum rugosum,(Blume) Boerl.,Indonesia
Araliaceae,Heptapleurum schultzei,(Harms) G.M.Plunkett & Lowry,Indonesia
Araliaceae,Heptapleurum scytinophyllum,(Harms) G.M.Plunkett & Lowry,Indonesia
Araliaceae,Heptapleurum secundum,(Philipson) G.M.Plunkett & Lowry,Indonesia
Araliaceae,Heptapleurum serratum,(Miq.) Seem.,Indonesia
Araliaceae,Heptapleurum subavene,(Blume) Hassk.,Indonesia
Araliaceae,Heptapleurum tetrandrum,(Merr.) G.M.Plunkett & Lowry,Indonesia
Araliaceae,Heptapleurum versteegii,(Harms) G.M.Plunkett & Lowry,Indonesia
Araliaceae,Heptapleurum winkleri,(Harms) G.M.Plunkett & Lowry,Indonesia
Araliaceae,Heptapleurum yatesii,(Merr.) G.M.Plunkett & Lowry,Indonesia
Araliaceae,Heteropanax fragrans,(Roxb.) Seem.,Indonesia
Araliaceae,Macropanax concinnus,Miq.,Indonesia
Araliaceae,Macropanax maingayi,(C.B.Clarke) Philipson,Indonesia
Araliaceae,Osmoxylon articulatum,Philipson,Indonesia
Araliaceae,Osmoxylon barbatum,Becc.,Indonesia
Araliaceae,Osmoxylon boerlagei,(Warb.) Philipson,Indonesia
Araliaceae,Osmoxylon celebicum,Philipson,Indonesia
Araliaceae,Osmoxylon globulare,Philipson,Indonesia
Araliaceae,Osmoxylon insidiator,Becc.,Indonesia
Araliaceae,Osmoxylon insigne,(Miq.) Becc.,Indonesia
Araliaceae,Osmoxylon kostermansii,Philipson,Indonesia
Araliaceae,Osmoxylon luzoniense,(Merr.) Philipson,Indonesia
Araliaceae,Osmoxylon masarangense,Philipson,Indonesia
Araliaceae,Osmoxylon micranthum,(Harms) Philipson,Indonesia
Araliaceae,Osmoxylon miquelii,Boerl.,Indonesia
Araliaceae,Osmoxylon novoguineense,(Scheff.) Becc.,Indonesia
Araliaceae,Osmoxylon palmatum,(Lam.) Philipson,Indonesia
Araliaceae,Osmoxylon sessiliflorum,(Lauterb. ex Harms) Philipson,Indonesia
Araliaceae,Osmoxylon soelaense,Philipson,Indonesia
Araliaceae,Osmoxylon talaudense,Philipson,Indonesia
Araliaceae,Osmoxylon teysmannii,(Boerl.) Philipson,Indonesia
Araliaceae,Osmoxylon umbelliferum,(Lam.) Merr.,Indonesia
Araliaceae,Polyscias aherniana,(Merr.) Lowry & G.M.Plunkett,Indonesia
Araliaceae,Polyscias belensis,Philipson,Indonesia
Araliaceae,Polyscias bipinnata,(Gibbs) Philipson,Indonesia
Araliaceae,Polyscias cumingiana,(C.Presl) Fern.-Vill.,Indonesia
Araliaceae,Polyscias diversifolia,(Blume) Lowry & G.M.Plunkett,Indonesia
Araliaceae,Polyscias elegans,(C.Moore & F.Muell.) Harms,Indonesia
Araliaceae,Polyscias elliptica,(Blume) Lowry & G.M.Plunkett,Indonesia
Araliaceae,Polyscias engganoense,(Philipson) Lowry & G.M.Plunkett,Indonesia
Araliaceae,Polyscias guilfoylei,(W.Bull) L.H.Bailey,Indonesia
Araliaceae,Polyscias jackiana,(G.Don) Lowry & G.M.Plunkett,Indonesia
Araliaceae,Polyscias javanica,Koord. & Valeton,Indonesia
Araliaceae,Polyscias kjellbergii,(Philipson) Lowry & G.M.Plunkett,Indonesia
Araliaceae,Polyscias ledermannii,Harms,Indonesia
Araliaceae,Polyscias macrantha,(Philipson) Lowry & G.M.Plunkett,Indonesia
Araliaceae,Polyscias nodosa,(Blume) Seem.,Indonesia
Araliaceae,Polyscias pacifica,(Philipson) Lowry & G.M.Plunkett,Indonesia
Araliaceae,Polyscias revoluta,Lowry & G.M.Plunkett,Indonesia
Araliaceae,Polyscias roemeriana,Harms,Indonesia
Araliaceae,Polyscias schultzei,Harms,Indonesia
Araliaceae,Polyscias scutellaria,(Burm.f.) Fosberg,Indonesia
Araliaceae,Polyscias serratifolia,(Miq.) Lowry & G.M.Plunkett,Indonesia
Araliaceae,Polyscias sorongensis,Gibbs,Indonesia
Araliaceae,Trevesia arborea,Merr.,Indonesia
Araliaceae,Trevesia burckii,Boerl.,Indonesia
Araliaceae,Trevesia sundaica,Miq.,Indonesia
Araucariaceae,Agathis borneensis,Warb.,Indonesia
Araucariaceae,Agathis dammara,(Lamb.) Rich.,Indonesia
Araucariaceae,Agathis labillardierei,Warb.,Indonesia
Araucariaceae,Agathis lenticula,de Laub.,Indonesia
Araucariaceae,Agathis orbicula,de Laub.,Indonesia
Araucariaceae,Araucaria cunninghamii,Mudie,Indonesia
Arecaceae,Areca andersonii,J.Dransf.,Indonesia
Arecaceae,Areca chaiana,J.Dransf.,Indonesia
Arecaceae,Areca jokowi,Heatubun,Indonesia
Arecaceae,Areca macrocalyx,Zipp. ex Blume,Indonesia
Arecaceae,Areca mandacanii,Heatubun,Indonesia
Arecaceae,Areca oxycarpa,Miq.,Indonesia
Arecaceae,Areca triandra,Roxb. ex Buch.-Ham.,Indonesia
Arecaceae,Areca tunku,J.Dransf. & C.K.Lim,Indonesia
Arecaceae,Areca unipa,Heatubun,Indonesia
Arecaceae,Areca vestiaria,Giseke,Indonesia
Arecaceae,Arenga australasica,(H.Wendl. & Drude) S.T.Blake ex H.E.Moore,Indonesia
Arecaceae,Arenga brevipes,Becc.,Indonesia
Arecaceae,Arenga obtusifolia,Mart.,Indonesia
Arecaceae,Arenga pinnata,(Wurmb) Merr.,Indonesia
Arecaceae,Borassodendron borneense,J.Dransf.,Indonesia
Arecaceae,Borassus flabellifer,L.,Indonesia
Arecaceae,Borassus heineanus,Becc.,Indonesia
Arecaceae,Calamus ciliaris,Blume,Indonesia
Arecaceae,Calyptrocalyx caudiculatus,(Becc.) Dowe & M.D.Ferrero,Indonesia
Arecaceae,Calyptrocalyx doxanthus,Dowe & M.D.Ferrero,Indonesia
Arecaceae,Calyptrocalyx elegans,Becc.,Indonesia
Arecaceae,Calyptrocalyx geonomiformis,(Becc.) Dowe & M.D.Ferrero,Indonesia
Arecaceae,Calyptrocalyx micholitzii,(Ridl.) Dowe & M.D.Ferrero,Indonesia
Arecaceae,Calyptrocalyx spicatus,(Lam.) Blume,Indonesia
Arecaceae,Caryota angustifolia,Zumaidar & Jeanson,Indonesia
Arecaceae,Caryota maxima,Blume,Indonesia
Arecaceae,Caryota mitis,Lour.,Indonesia
Arecaceae,Caryota no,Becc.,Indonesia
Arecaceae,Caryota rumphiana,Mart.,Indonesia
Arecaceae,Caryota zebrina,"Hambali, Maturb., Heatubun & J.Dransf.",Indonesia
Arecaceae,Cocos nucifera,L.,Indonesia
Arecaceae,Corypha utan,Lam.,Indonesia
Arecaceae,Cyrtostachys barbata,Heatubun,Indonesia
Arecaceae,Cyrtostachys elegans,Burret,Indonesia
Arecaceae,Cyrtostachys excelsa,Heatubun,Indonesia
Arecaceae,Cyrtostachys loriae,Becc.,Indonesia
Arecaceae,Cyrtostachys renda,Blume,Indonesia
Arecaceae,Dransfieldia micrantha,(Becc.) W.J.Baker & Zona,Indonesia
Arecaceae,Drymophloeus litigiosus,(Becc.) H.E.Moore,Indonesia
Arecaceae,Drymophloeus oliviformis,(Giseke) Mart.,Indonesia
Arecaceae,Eugeissona utilis,Becc.,Indonesia
Arecaceae,Heterospathe annectens,H.E.Moore,Indonesia
Arecaceae,Heterospathe arfakiana,(Becc.) H.E.Moore,Indonesia
Arecaceae,Heterospathe elata,Scheff.,Indonesia
Arecaceae,Heterospathe elegans,(Becc.) Becc.,Indonesia
Arecaceae,Heterospathe glauca,(Scheff.) H.E.Moore,Indonesia
Arecaceae,Heterospathe porcata,W.J.Baker & Heatubun,Indonesia
Arecaceae,Hydriastele apetiolata,Petoe & W.J.Baker,Indonesia
Arecaceae,Hydriastele beguinii,(Burret) W.J.Baker & Loo,Indonesia
Arecaceae,Hydriastele biakensis,W.J.Baker & Heatubun,Indonesia
Arecaceae,Hydriastele costata,F.M.Bailey,Indonesia
Arecaceae,Hydriastele divaricata,"Heatubun, Petoe & W.J.Baker",Indonesia
Arecaceae,Hydriastele dransfieldii,"(Hambali, Maturb., Wanggai & W.J.Baker) W.J.Baker & Loo",Indonesia
Arecaceae,Hydriastele flabellata,(Becc.) W.J.Baker & Loo,Indonesia
Arecaceae,Hydriastele gibbsiana,(Becc.) W.J.Baker & Loo,Indonesia
Arecaceae,Hydriastele kjellbergii,(Burret) W.J.Baker & Loo,Indonesia
Arecaceae,Hydriastele lurida,(Becc.) W.J.Baker & Loo,Indonesia
Arecaceae,Hydriastele microcarpa,(Scheff.) W.J.Baker & Loo,Indonesia
Arecaceae,Hydriastele moluccana,(Becc.) W.J.Baker & Loo,Indonesia
Arecaceae,Hydriastele nannostachys,W.J.Baker & Loo,Indonesia
Arecaceae,Hydriastele oxypetala,(Burret) W.J.Baker & Loo,Indonesia
Arecaceae,Hydriastele procera,(Blume) W.J.Baker & Loo,Indonesia
Arecaceae,Hydriastele rheophytica,Dowe & M.D.Ferrero,Indonesia
Arecaceae,Hydriastele sarasinorum,(Burret) W.J.Baker & Loo,Indonesia
Arecaceae,Hydriastele selebica,(Becc.) W.J.Baker & Loo,Indonesia
Arecaceae,Hydriastele simbiakii,"Heatubun, Petoe & W.J.Baker",Indonesia
Arecaceae,Hydriastele splendida,"Heatubun, Petoe & W.J.Baker",Indonesia
Arecaceae,Hydriastele variabilis,(Becc.) Burret,Indonesia
Arecaceae,Hydriastele wendlandiana,(F.Muell.) H.Wendl. & Drude,Indonesia
Arecaceae,Hydriastele wosimiensis,W.J.Baker & Petoe,Indonesia
Arecaceae,Jailoloa halmaherensis,(Heatubun) Heatubun & W.J.Baker,Indonesia
Arecaceae,Licuala adscendens,Barfod & Heatubun,Indonesia
Arecaceae,Licuala bacularia,Becc.,Indonesia
Arecaceae,Licuala bakeri,Barfod & Heatubun,Indonesia
Arecaceae,Licuala brevicalyx,Becc.,Indonesia
Arecaceae,Licuala coccinisedes,Barfod & Heatubun,Indonesia
Arecaceae,Licuala flexuosa,Burret,Indonesia
Arecaceae,Licuala heatubunii,Barfod & W.J.Baker,Indonesia
Arecaceae,Licuala insignis,Becc.,Indonesia
Arecaceae,Licuala lauterbachii,Dammer & K.Schum.,Indonesia
Arecaceae,Licuala montana,Dammer & K.Schum.,Indonesia
Arecaceae,Licuala paludosa,Griff.,Indonesia
Arecaceae,Licuala parviflora,Dammer ex Becc.,Indonesia
Arecaceae,Licuala penduliflora,(Blume) Zipp. ex Blume,Indonesia
Arecaceae,Licuala simplex,(K.Schum. & Lauterb.) Becc.,Indonesia
Arecaceae,Licuala spinosa,Wurmb,Indonesia
Arecaceae,Licuala telifera,Becc.,Indonesia
Arecaceae,Licuala urciflora,Barfod & Heatubun,Indonesia
Arecaceae,Linospadix albertisianus,(Becc.) Burret,Indonesia
Arecaceae,Livistona benthamii,F.M.Bailey,Indonesia
Arecaceae,Livistona muelleri,F.M.Bailey,Indonesia
Arecaceae,Livistona saribus,(Lour.) Merr. ex A.Chev.,Indonesia
Arecaceae,Manjekia maturbongsii,(W.J.Baker & Heatubun) W.J.Baker & Heatubun,Indonesia
Arecaceae,Metroxylon sagu,Rottb.,Indonesia
Arecaceae,Nenga gajah,J.Dransf.,Indonesia
Arecaceae,Nenga pumila,(Blume) H.Wendl.,Indonesia
Arecaceae,Nypa fruticans,Wurmb,Indonesia
Arecaceae,Oncosperma horridum,(Griff.) Scheff.,Indonesia
Arecaceae,Oncosperma tigillarium,(Jack) Ridl.,Indonesia
Arecaceae,Orania archboldiana,Burret,Indonesia
Arecaceae,Orania dafonsoroensis,A.P.Keim & J.Dransf.,Indonesia
Arecaceae,Orania disticha,Burret,Indonesia
Arecaceae,Orania ferruginea,A.P.Keim & J.Dransf.,Indonesia
Arecaceae,Orania lauterbachiana,Becc.,Indonesia
Arecaceae,Orania macropetala,K.Schum. & Lauterb.,Indonesia
Arecaceae,Orania palindan,(Blanco) Merr.,Indonesia
Arecaceae,Orania parva,Essig,Indonesia
Arecaceae,Orania regalis,Zipp.,Indonesia
Arecaceae,Orania sylvicola,(Griff.) H.E.Moore,Indonesia
Arecaceae,Orania tabubilensis,A.P.Keim & J.Dransf.,Indonesia
Arecaceae,Orania timikae,A.P.Keim & J.Dransf.,Indonesia
Arecaceae,Orania zonae,A.P.Keim & J.Dransf.,Indonesia
Arecaceae,Phoenix paludosa,Roxb.,Indonesia
Arecaceae,Pholidocarpus ihur,(Giseke) Blume,Indonesia
Arecaceae,Pholidocarpus majadum,Becc.,Indonesia
Arecaceae,Pholidocarpus mucronatus,Becc.,Indonesia
Arecaceae,Pholidocarpus sumatranus,Becc.,Indonesia
Arecaceae,Pigafetta elata,(Mart.) H.Wendl.,Indonesia
Arecaceae,Pigafetta filaris,(Giseke) Becc.,Indonesia
Arecaceae,Pinanga arinasae,Witono,Indonesia
Arecaceae,Pinanga auriculata,Becc.,Indonesia
Arecaceae,Pinanga forbesii,Ridl.,Indonesia
Arecaceae,Pinanga insignis,Becc.,Indonesia
Arecaceae,Pinanga javana,Blume,Indonesia
Arecaceae,Pinanga malaiana,(Mart.) Scheff.,Indonesia
Arecaceae,Pinanga patula,Blume,Indonesia
Arecaceae,Pinanga riparia,Ridl.,Indonesia
Arecaceae,Pinanga rumphiana,(Mart.) J.Dransf. & Govaerts,Indonesia
Arecaceae,Ptychococcus paradoxus,(Scheff.) Becc.,Indonesia
Arecaceae,Ptychosperma ambiguum,(Becc.) Becc. ex Martelli,Indonesia
Arecaceae,Ptychosperma cuneatum,(Burret) Burret,Indonesia
Arecaceae,Ptychosperma furcatum,(Becc.) Becc. ex Martelli,Indonesia
Arecaceae,Ptychosperma lauterbachii,Becc.,Indonesia
Arecaceae,Ptychosperma nicolai,(Sander ex André) Burret,Indonesia
Arecaceae,Ptychosperma propinquum,(Becc.) Becc. ex Martelli,Indonesia
Arecaceae,Ptychosperma sanderianum,Ridl.,Indonesia
Arecaceae,Ptychosperma schefferi,Becc. ex Martelli,Indonesia
Arecaceae,Rhopaloblaste ceramica,(Miq.) Burret,Indonesia
Arecaceae,Rhopaloblaste ledermanniana,Becc.,Indonesia
Arecaceae,Salacca wallichiana,Mart.,Indonesia
Arecaceae,Salacca zalacca,(Gaertn.) Voss,Indonesia
Arecaceae,Saribus brevifolius,(Dowe & Mogea) Bacon & W.J.Baker,Indonesia
Arecaceae,Saribus papuanus,(Becc.) Kuntze,Indonesia
Arecaceae,Saribus rotundifolius,(Lam.) Blume,Indonesia
Arecaceae,Sommieria leucophylla,Becc.,Indonesia
Arecaceae,Wallaceodoxa raja-ampat,Heatubun & W.J.Baker,Indonesia
Asparagaceae,Cordyline fruticosa,(L.) A.Chev.,Indonesia
Asparagaceae,Dracaena elliptica,Thunb. & Dalm.,Indonesia
Asparagaceae,Dracaena multiflora,Warb. ex P.Sarasin & Sarasin,Indonesia
Asteraceae,Blumea balsamifera,DC.,Indonesia
Asteraceae,Strobocalyx arborea,(Buch.-Ham.) Sch.Bip.,Indonesia
Asteraceae,Vernonia zollingerianoides,Sch.Bip.,Indonesia
Atherospermataceae,Dryadodaphne crassa,Schodde ex Philipson,Indonesia
Atherospermataceae,Dryadodaphne novoguineensis,(Perkins) A.C.Sm.,Indonesia
Bignoniaceae,Deplanchea bancana,(Scheff.) Steenis,Indonesia
Bignoniaceae,Deplanchea glabra,(Steenis) Steenis,Indonesia
Bignoniaceae,Dolichandrone spathacea,(L.f.) Seem.,Indonesia
Bignoniaceae,Fernandoa macroloba,(Miq.) Steenis,Indonesia
Bignoniaceae,Oroxylum indicum,(L.) Kurz,Indonesia
Bignoniaceae,Pajanelia longifolia,(Willd.) K.Schum.,Indonesia
Bignoniaceae,Radermachera gigantea,(Blume) Miq.,Indonesia
Bignoniaceae,Radermachera glandulosa,(Blume) Miq.,Indonesia
Bignoniaceae,Radermachera quadripinnata,(Blanco) Seem.,Indonesia
Bignoniaceae,Stereospermum colais,(Buch.-Ham. ex Dillwyn) Mabb.,Indonesia
Bonnetiaceae,Ploiarium alternifolium,(Vahl) Melch.,Indonesia
Boraginaceae,Cordia aspera,G.Forst.,Indonesia
Boraginaceae,Cordia dichotoma,G.Forst.,Indonesia
Boraginaceae,Cordia subcordata,Lam.,Indonesia
Boraginaceae,Ehretia acuminata,R.Br.,Indonesia
Boraginaceae,Ehretia dichotoma,Blume,Indonesia
Boraginaceae,Ehretia javanica,Blume,Indonesia
Boraginaceae,Ehretia keyensis,Warb.,Indonesia
Boraginaceae,Ehretia moluccana,Riedl,Indonesia
Boraginaceae,Ehretia timorensis,Decne.,Indonesia
Boraginaceae,Heliotropium arboreum,(Blanco) Mabb.,Indonesia
Boraginaceae,Heliotropium sarmentosum,(Lam.) Craven,Indonesia
Burseraceae,Canarium acutifolium,(DC.) Merr.,Indonesia
Burseraceae,Canarium apertum,H.J.Lam,Indonesia
Burseraceae,Canarium asperum,Benth.,Indonesia
Burseraceae,Canarium balsamiferum,Willd.,Indonesia
Burseraceae,Canarium batjanense,Leenh.,Indonesia
Burseraceae,Canarium caudatum,King,Indonesia
Burseraceae,Canarium decumanum,Gaertn.,Indonesia
Burseraceae,Canarium denticulatum,Blume,Indonesia
Burseraceae,Canarium dichotomum,(Blume) Miq.,Indonesia
Burseraceae,Canarium hirsutum,Willd.,Indonesia
Burseraceae,Canarium indicum,L.,Indonesia
Burseraceae,Canarium intermedium,H.J.Lam,Indonesia
Burseraceae,Canarium karoense,H.J.Lam,Indonesia
Burseraceae,Canarium kinabaluense,Leenh.,Indonesia
Burseraceae,Canarium kipella,(Blume) Miq.,Indonesia
Burseraceae,Canarium kostermansii,Leenh.,Indonesia
Burseraceae,Canarium lamii,Leenh.,Indonesia
Burseraceae,Canarium littorale,Blume,Indonesia
Burseraceae,Canarium maluense,Lauterb.,Indonesia
Burseraceae,Canarium megacarpum,Leenh.,Indonesia
Burseraceae,Canarium megalanthum,Merr.,Indonesia
Burseraceae,Canarium merrillii,H.J.Lam,Indonesia
Burseraceae,Canarium odontophyllum,Miq.,Indonesia
Burseraceae,Canarium oleosum,(Lam.) Engl.,Indonesia
Burseraceae,Canarium patentinervium,Miq.,Indonesia
Burseraceae,Canarium pilososylvestre,Leenh.,Indonesia
Burseraceae,Canarium pilosum,A.W.Benn.,Indonesia
Burseraceae,Canarium polyphyllum,K.Schum.,Indonesia
Burseraceae,Canarium pseudodecumanum,Hochr.,Indonesia
Burseraceae,Canarium pseudopatentinervium,H.J.Lam,Indonesia
Burseraceae,Canarium sumatranum,Boerl. & Koord.,Indonesia
Burseraceae,Canarium sylvestre,Gaertn.,Indonesia
Burseraceae,Canarium trigonum,H.J.Lam,Indonesia
Burseraceae,Canarium vrieseanum,Engl.,Indonesia
Burseraceae,Canarium vulgare,Leenh.,Indonesia
Burseraceae,Dacryodes costata,(A.W.Benn.) H.J.Lam,Indonesia
Burseraceae,Dacryodes crassipes,Kalkman,Indonesia
Burseraceae,Dacryodes incurvata,(Engl.) H.J.Lam,Indonesia
Burseraceae,Dacryodes kostermansii,Kalkman,Indonesia
Burseraceae,Dacryodes laxa,(A.W.Benn.) H.J.Lam,Indonesia
Burseraceae,Dacryodes longifolia,(King) H.J.Lam,Indonesia
Burseraceae,Dacryodes macrocarpa,(King) H.J.Lam,Indonesia
Burseraceae,Dacryodes nervosa,(H.J.Lam) Leenh.,Indonesia
Burseraceae,Dacryodes rostrata,(Blume) H.J.Lam,Indonesia
Burseraceae,Dacryodes rubiginosa,(A.W.Benn.) H.J.Lam,Indonesia
Burseraceae,Dacryodes rugosa,(Blume) H.J.Lam,Indonesia
Burseraceae,Garuga floribunda,Decne.,Indonesia
Burseraceae,Haplolobus floribundus,(K.Schum.) H.J.Lam,Indonesia
Burseraceae,Haplolobus moluccanus,H.J.Lam,Indonesia
Burseraceae,Protium javanicum,Burm.f.,Indonesia
Burseraceae,Santiria apiculata,A.W.Benn.,Indonesia
Burseraceae,Santiria conferta,A.W.Benn.,Indonesia
Burseraceae,Santiria griffithii,(Hook.f.) Engl.,Indonesia
Burseraceae,Santiria laevigata,Blume,Indonesia
Burseraceae,Santiria mollis,Engl.,Indonesia
Burseraceae,Santiria oblongifolia,Blume,Indonesia
Burseraceae,Santiria rubiginosa,Blume,Indonesia
Burseraceae,Santiria tomentosa,Blume,Indonesia
Burseraceae,Scutinanthe brunnea,Thwaites,Indonesia
Burseraceae,Triomma malaccensis,Hook.f.,Indonesia
Calophyllaceae,Calophyllum aerarium,P.F.Stevens,Indonesia
Calophyllaceae,Calophyllum archipelagi,P.F.Stevens,Indonesia
Calophyllaceae,Calophyllum ardens,P.F.Stevens,Indonesia
Calophyllaceae,Calophyllum articulatum,P.F.Stevens,Indonesia
Calophyllaceae,Calophyllum bicolor,P.F.Stevens,Indonesia
Calophyllaceae,Calophyllum biflorum,M.R.Hend. & Wyatt-Sm.,Indonesia
Calophyllaceae,Calophyllum bifurcatum,P.F.Stevens,Indonesia
Calophyllaceae,Calophyllum blancoi,Planch. & Triana,Indonesia
Calophyllaceae,Calophyllum brassii,A.C.Sm.,Indonesia
Calophyllaceae,Calophyllum calaba,L.,Indonesia
Calophyllaceae,Calophyllum calcicola,P.F.Stevens,Indonesia
Calophyllaceae,Calophyllum canum,Hook.f. ex T.Anderson,Indonesia
Calophyllaceae,Calophyllum carrii,P.F.Stevens,Indonesia
Calophyllaceae,Calophyllum castaneum,P.F.Stevens,Indonesia
Calophyllaceae,Calophyllum caudatum,Kaneh. & Hatus.,Indonesia
Calophyllaceae,Calophyllum celebicum,P.F.Stevens,Indonesia
Calophyllaceae,Calophyllum collinum,P.F.Stevens,Indonesia
Calophyllaceae,Calophyllum dasypodium,Miq.,Indonesia
Calophyllaceae,Calophyllum depressinervosum,M.R.Hend. & Wyatt-Sm.,Indonesia
Calophyllaceae,Calophyllum dioscurii,P.F.Stevens,Indonesia
Calophyllaceae,Calophyllum dispar,P.F.Stevens,Indonesia
Calophyllaceae,Calophyllum echinatum,P.F.Stevens,Indonesia
Calophyllaceae,Calophyllum enervosum,M.R.Hend. & Wyatt-Sm.,Indonesia
Calophyllaceae,Calophyllum euryphyllum,Lauterb.,Indonesia
Calophyllaceae,Calophyllum exiticostatum,P.F.Stevens,Indonesia
Calophyllaceae,Calophyllum ferrugineum,Ridl.,Indonesia
Calophyllaceae,Calophyllum flavoramulum,M.R.Hend. & Wyatt-Sm.,Indonesia
Calophyllaceae,Calophyllum goniocarpum,P.F.Stevens,Indonesia
Calophyllaceae,Calophyllum gracilipes,Merr.,Indonesia
Calophyllaceae,Calophyllum grandiflorum,J.J.Sm.,Indonesia
Calophyllaceae,Calophyllum griseum,P.F.Stevens,Indonesia
Calophyllaceae,Calophyllum havilandii,P.F.Stevens,Indonesia
Calophyllaceae,Calophyllum heterophyllum,P.F.Stevens,Indonesia
Calophyllaceae,Calophyllum hirasimum,P.F.Stevens,Indonesia
Calophyllaceae,Calophyllum hosei,Ridl.,Indonesia
Calophyllaceae,Calophyllum incumbens,P.F.Stevens,Indonesia
Calophyllaceae,Calophyllum inophyllum,L.,Indonesia
Calophyllaceae,Calophyllum insularum,P.F.Stevens,Indonesia
Calophyllaceae,Calophyllum lanigerum,Miq.,Indonesia
Calophyllaceae,Calophyllum leleanii,P.F.Stevens,Indonesia
Calophyllaceae,Calophyllum lowei,Planch. & Triana,Indonesia
Calophyllaceae,Calophyllum macrocarpum,Hook.f.,Indonesia
Calophyllaceae,Calophyllum macrophyllum,Scheff.,Indonesia
Calophyllaceae,Calophyllum molle,King,Indonesia
Calophyllaceae,Calophyllum mukunense,P.F.Stevens,Indonesia
Calophyllaceae,Calophyllum neoebudicum,Guillaumin,Indonesia
Calophyllaceae,Calophyllum nodosum,Vesque,Indonesia
Calophyllaceae,Calophyllum novoguineense,Kaneh. & Hatus.,Indonesia
Calophyllaceae,Calophyllum papuanum,Lauterb.,Indonesia
Calophyllaceae,Calophyllum parvifolium,Choisy,Indonesia
Calophyllaceae,Calophyllum pauciflorum,A.C.Sm.,Indonesia
Calophyllaceae,Calophyllum peekelii,Lauterb.,Indonesia
Calophyllaceae,Calophyllum persimile,P.F.Stevens,Indonesia
Calophyllaceae,Calophyllum pisiferum,Planch. & Triana,Indonesia
Calophyllaceae,Calophyllum praetermissum,P.F.Stevens,Indonesia
Calophyllaceae,Calophyllum pulcherrimum,Wall. ex Choisy,Indonesia
Calophyllaceae,Calophyllum pyriforme,P.F.Stevens,Indonesia
Calophyllaceae,Calophyllum recurvatum,P.F.Stevens,Indonesia
Calophyllaceae,Calophyllum rigidum,Miq.,Indonesia
Calophyllaceae,Calophyllum rubiginosum,M.R.Hend. & Wyatt-Sm.,Indonesia
Calophyllaceae,Calophyllum rufigemmatum,Hend. & Wyatt-Sm. ex P.F.Stevens,Indonesia
Calophyllaceae,Calophyllum rufinerve,Kaneh. & Hatus.,Indonesia
Calophyllaceae,Calophyllum rupicola,Ridl.,Indonesia
Calophyllaceae,Calophyllum savannarum,A.C.Sm.,Indonesia
Calophyllaceae,Calophyllum sclerophyllum,Vesque,Indonesia
Calophyllaceae,Calophyllum scriblitifolium,M.R.Hend. & Wyatt-Sm.,Indonesia
Calophyllaceae,Calophyllum sil,Lauterb.,Indonesia
Calophyllaceae,Calophyllum soulattri,Burm.f.,Indonesia
Calophyllaceae,Calophyllum suberosum,P.F.Stevens,Indonesia
Calophyllaceae,Calophyllum sundaicum,P.F.Stevens,Indonesia
Calophyllaceae,Calophyllum tetrapterum,Miq.,Indonesia
Calophyllaceae,Calophyllum teysmannii,Miq.,Indonesia
Calophyllaceae,Calophyllum trachycaule,Lauterb.,Indonesia
Calophyllaceae,Calophyllum undulatum,P.F.Stevens,Indonesia
Calophyllaceae,Calophyllum venulosum,Zoll.,Indonesia
Calophyllaceae,Calophyllum vexans,P.F.Stevens,Indonesia
Calophyllaceae,Calophyllum woodii,P.F.Stevens,Indonesia
Calophyllaceae,Kayea assamica,Prain,Indonesia
Calophyllaceae,Kayea beccariana,Baill.,Indonesia
Calophyllaceae,Kayea borneensis,P.F.Stevens,Indonesia
Calophyllaceae,Kayea lepidota,(T.Anderson) Pierre,Indonesia
Calophyllaceae,Kayea macrantha,Baill.,Indonesia
Calophyllaceae,Kayea macrophylla,Kaneh. & Hatus.,Indonesia
Calophyllaceae,Kayea racemosa,Planch. & Triana,Indonesia
Calophyllaceae,Mammea acuminata,(Kosterm.) Kosterm.,Indonesia
Calophyllaceae,Mammea brevipetiolata,Kosterm.,Indonesia
Calophyllaceae,Mammea novoguineensis,(Kan. & Hat.) Kosterm.,Indonesia
Calophyllaceae,Mammea odorata,(Raf.) Kosterm.,Indonesia
Calophyllaceae,Mammea timorensis,Kosterm.,Indonesia
Calophyllaceae,Mesua ferrea,L.,Indonesia
Cannabaceae,Aphananthe cuspidata,(Blume) Planch.,Indonesia
Cannabaceae,Celtis hildebrandii,Soepadmo,Indonesia
Cannabaceae,Celtis latifolia,(Blume) Planch.,Indonesia
Cannabaceae,Celtis paniculata,(Endl.) Planch.,Indonesia
Cannabaceae,Celtis philippensis,Blanco,Indonesia
Cannabaceae,Celtis rigescens,(Miq.) Planch.,Indonesia
Cannabaceae,Celtis rubrovenia,Elmer,Indonesia
Cannabaceae,Celtis tetrandra,Roxb.,Indonesia
Cannabaceae,Celtis timorensis,Span.,Indonesia
Cannabaceae,Gironniera celtidifolia,Gaudich.,Indonesia
Cannabaceae,Gironniera hirta,Ridl.,Indonesia
Cannabaceae,Gironniera nervosa,Planch.,Indonesia
Cannabaceae,Gironniera parvifolia,Planch.,Indonesia
Cannabaceae,Gironniera rhamnifolia,Blume,Indonesia
Cannabaceae,Parasponia rigida,Merr. & L.M.Perry,Indonesia
Cannabaceae,Trema angustifolium,(Planch.) Blume,Indonesia
Cannabaceae,Trema cannabinum,Lour.,Indonesia
Cannabaceae,Trema orientale,(L.) Blume,Indonesia
Cannabaceae,Trema tomentosum,(Roxb.) H.Hara,Indonesia
Capparaceae,Capparis erycibe,Hallier f.,Indonesia
Capparaceae,Capparis lucida,(Banks ex DC.) Benth.,Indonesia
Capparaceae,Capparis micracantha,DC.,Indonesia
Capparaceae,Capparis pubiflora,DC.,Indonesia
Capparaceae,Crateva magna,(Lour.) DC.,Indonesia
Capparaceae,Crateva religiosa,G.Forst.,Indonesia
Cardiopteridaceae,Citronella suaveolens,(Blume) R.A.Howard,Indonesia
Cardiopteridaceae,Gonocaryum calleryanum,(Baill.) Becc.,Indonesia
Cardiopteridaceae,Gonocaryum gracile,Miq.,Indonesia
Cardiopteridaceae,Gonocaryum impressinervium,Sleumer,Indonesia
Cardiopteridaceae,Gonocaryum litorale,(Blume) Sleumer,Indonesia
Cardiopteridaceae,Gonocaryum lobbianum,(Miers) Kurz,Indonesia
Cardiopteridaceae,Gonocaryum macrophyllum,(Blume) Sleumer,Indonesia
Cardiopteridaceae,Gonocaryum minus,Sleumer,Indonesia
Cardiopteridaceae,Pseudobotrys cauliflora,(Pulle) Sleumer,Indonesia
Casuarinaceae,Casuarina equisetifolia,L.,Indonesia
Casuarinaceae,Casuarina junghuhniana,Miq.,Indonesia
Casuarinaceae,Casuarina oligodon,L.A.S.Johnson,Indonesia
Casuarinaceae,Casuarina orophila,L.A.S.Johnson,Indonesia
Casuarinaceae,Ceuthostoma terminale,L.A.S.Johnson,Indonesia
Casuarinaceae,Gymnostoma nobile,(Whitmore) L.A.S.Johnson,Indonesia
Casuarinaceae,Gymnostoma papuanum,(S.Moore) L.A.S.Johnson,Indonesia
Casuarinaceae,Gymnostoma rumphianum,(Miq.) L.A.S.Johnson,Indonesia
Casuarinaceae,Gymnostoma sumatranum,(Jungh. ex de Vriese) L.A.S.Johnson,Indonesia
Celastraceae,Cassine koordersii,Kosterm.,Indonesia
Celastraceae,Cassine obiensis,Kosterm.,Indonesia
Celastraceae,Elaeodendron viburnifolium,(Juss.) Merr.,Indonesia
Celastraceae,Euonymus acuminifolius,Blakelock,Indonesia
Celastraceae,Euonymus castaneifolius,Ridl.,Indonesia
Celastraceae,Euonymus cochinchinensis,Pierre,Indonesia
Celastraceae,Euonymus impressus,Blakelock,Indonesia
Celastraceae,Euonymus indicus,B.Heyne ex Wall.,Indonesia
Celastraceae,Euonymus moluccensis,Blakelock ex Ding Hou,Indonesia
Celastraceae,Euonymus wrayi,King,Indonesia
Celastraceae,Glyptopetalum euonymoides,Merr.,Indonesia
Celastraceae,Glyptopetalum loheri,Merr.,Indonesia
Celastraceae,Glyptopetalum quadrangulare,Prain ex King,Indonesia
Celastraceae,Gymnosporia littoralis,(Backer) Jordaan,Indonesia
Celastraceae,Kokoona coriacea,King,Indonesia
Celastraceae,Kokoona littoralis,M.A.Lawson,Indonesia
Celastraceae,Kokoona ochracea,Merr.,Indonesia
Celastraceae,Kokoona reflexa,(M.A.Lawson) Ding Hou,Indonesia
Celastraceae,Lophopetalum glabrum,Ding Hou,Indonesia
Celastraceae,Lophopetalum javanicum,(Zoll.) Turcz.,Indonesia
Celastraceae,Lophopetalum multinervium,Ridl.,Indonesia
Celastraceae,Lophopetalum pachyphyllum,King,Indonesia
Celastraceae,Lophopetalum pallidum,M.A.Lawson,Indonesia
Celastraceae,Lophopetalum sessilifolium,Ridl.,Indonesia
Celastraceae,Lophopetalum subobovatum,King,Indonesia
Celastraceae,Lophopetalum torricellense,Loes.,Indonesia
Celastraceae,Lophopetalum wallichii,Kurz,Indonesia
Celastraceae,Lophopetalum wightianum,Arn.,Indonesia
Celastraceae,Microtropis bivalvis,Wall.,Indonesia
Celastraceae,Microtropis elliptica,King,Indonesia
Celastraceae,Microtropis kinabaluensis,Merr. & F.L.Freeman,Indonesia
Celastraceae,Microtropis platyphylla,Merr.,Indonesia
Celastraceae,Microtropis sumatrana,Merr.,Indonesia
Celastraceae,Microtropis valida,Ridl.,Indonesia
Celastraceae,Microtropis wallichiana,Wight ex Thwaites,Indonesia
Celastraceae,Pleurostylia opposita,(Wall.) Alston,Indonesia
Celastraceae,Salacia chinensis,L.,Indonesia
Celastraceae,Salacia verrucosa,Wight,Indonesia
Celastraceae,Siphonodon celastrineus,Griff.,Indonesia
Centroplacaceae,Bhesa paniculata,Arn.,Indonesia
Centroplacaceae,Bhesa robusta,(Roxb.) Ding Hou,Indonesia
Chloranthaceae,Ascarina philippinensis,C.B.Rob.,Indonesia
Chrysobalanaceae,Angelesia fusicarpa,(Kosterm.) Sothers & Prance,Indonesia
Chrysobalanaceae,Angelesia splendens,Korth.,Indonesia
Chrysobalanaceae,Atuna excelsa,(Jack) Kosterm.,Indonesia
Chrysobalanaceae,Kostermanthus heteropetalus,(Scort. ex King) Prance,Indonesia
Chrysobalanaceae,Maranthes corymbosa,Blume,Indonesia
Chrysobalanaceae,Parastemon urophyllus,(Wall. ex A.DC.) A.DC.,Indonesia
Chrysobalanaceae,Parastemon versteeghii,Merr. & L.M.Perry,Indonesia
Chrysobalanaceae,Parinari canarioides,Kosterm.,Indonesia
Chrysobalanaceae,Parinari costata,(Korth.) Blume,Indonesia
Chrysobalanaceae,Parinari elmeri,Merr.,Indonesia
Chrysobalanaceae,Parinari gigantea,Kosterm.,Indonesia
Chrysobalanaceae,Parinari metallica,Kosterm.,Indonesia
Chrysobalanaceae,Parinari oblongifolia,Hook.f.,Indonesia
Chrysobalanaceae,Parinari parva,Kosterm.,Indonesia
Chrysobalanaceae,Parinari rigida,Kosterm.,Indonesia
Chrysobalanaceae,Parinari sumatrana,(Jack) Benth.,Indonesia
Clethraceae,Clethra arfakana,Sleumer,Indonesia
Clethraceae,Clethra canescens,Reinw. ex Blume,Indonesia
Clethraceae,Clethra javanica,Turcz.,Indonesia
Clethraceae,Clethra kebarensis,Sleumer,Indonesia
Clethraceae,Clethra longispicata,J.J.Sm.,Indonesia
Clethraceae,Clethra sumatrana,J.J.Sm.,Indonesia
Clethraceae,Clethra sumbawaensis,Sleumer,Indonesia
Clusiaceae,Garcinia amboinensis,Spreng.,Indonesia
Clusiaceae,Garcinia angustifolia,A.C.Sm.,Indonesia
Clusiaceae,Garcinia balica,Miq.,Indonesia
Clusiaceae,Garcinia balimensis,A.C.Sm.,Indonesia
Clusiaceae,Garcinia bancana,Miq.,Indonesia
Clusiaceae,Garcinia beccarii,Pierre,Indonesia
Clusiaceae,Garcinia borneensis,Pierre,Indonesia
Clusiaceae,Garcinia branderhorstii,Lauterb.,Indonesia
Clusiaceae,Garcinia brevirostris,Scheff.,Indonesia
Clusiaceae,Garcinia caudiculata,Ridl.,Indonesia
Clusiaceae,Garcinia celebica,L.,Indonesia
Clusiaceae,Garcinia diospyrifolia,Pierre,Indonesia
Clusiaceae,Garcinia dryobalanoides,Pierre,Indonesia
Clusiaceae,Garcinia dulcis,(Roxb.) Kurz,Indonesia
Clusiaceae,Garcinia forbesii,King,Indonesia
Clusiaceae,Garcinia gaudichaudii,Planch. & Triana,Indonesia
Clusiaceae,Garcinia havilandii,Stapf,Indonesia
Clusiaceae,Garcinia hollrungii,Lauterb.,Indonesia
Clusiaceae,Garcinia hunsteinii,Lauterb.,Indonesia
Clusiaceae,Garcinia klabang,Miq.,Indonesia
Clusiaceae,Garcinia klossii,Ridl.,Indonesia
Clusiaceae,Garcinia latissima,Miq.,Indonesia
Clusiaceae,Garcinia longifolia,Blume,Indonesia
Clusiaceae,Garcinia maluensis,Lauterb.,Indonesia
Clusiaceae,Garcinia mangostana,L.,Indonesia
Clusiaceae,Garcinia microcarpa,Pierre,Indonesia
Clusiaceae,Garcinia minahassensis,Pierre,Indonesia
Clusiaceae,Garcinia mottleyana,Pierre,Indonesia
Clusiaceae,Garcinia nervosa,Miq.,Indonesia
Clusiaceae,Garcinia nitida,Pierre,Indonesia
Clusiaceae,Garcinia pachycarpa,(A.C.Sm.) Kosterm.,Indonesia
Clusiaceae,Garcinia parvifolia,(Miq.) Miq.,Indonesia
Clusiaceae,Garcinia penangiana,Pierre,Indonesia
Clusiaceae,Garcinia petiolaris,Pierre,Indonesia
Clusiaceae,Garcinia picrorhiza,Miq.,Indonesia
Clusiaceae,Garcinia rheedei,Pierre,Indonesia
Clusiaceae,Garcinia rigida,Miq.,Indonesia
Clusiaceae,Garcinia rostrata,(Hassk.) Miq.,Indonesia
Clusiaceae,Garcinia rubriflora,Boerl.,Indonesia
Clusiaceae,Garcinia salakensis,Pierre,Indonesia
Clusiaceae,Garcinia sampitana,Diels,Indonesia
Clusiaceae,Garcinia sizygiifolia,Pierre,Indonesia
Clusiaceae,Garcinia tetrandra,Pierre,Indonesia
Clusiaceae,Garcinia treubii,Pierre,Indonesia
Clusiaceae,Garcinia urophylla,Scort. ex King,Indonesia
Clusiaceae,Garcinia viridiflora,Ridl.,Indonesia
Clusiaceae,Garcinia vriesiana,Pierre,Indonesia
Clusiaceae,Garcinia wollastonii,Ridl.,Indonesia
Clusiaceae,Garcinia xanthochymus,Hook.f. ex T.Anderson,Indonesia
Clusiaceae,Garcinia xylosperma,Pierre,Indonesia
Combretaceae,Lumnitzera littorea,(Jack) Voigt,Indonesia
Combretaceae,Lumnitzera racemosa,Willd.,Indonesia
Combretaceae,Terminalia avicapitis,Coode,Indonesia
Combretaceae,Terminalia bellirica,(Gaertn.) Roxb.,Indonesia
Combretaceae,Terminalia calogemma,Coode,Indonesia
Combretaceae,Terminalia canaliculata,Exell,Indonesia
Combretaceae,Terminalia capitulata,Coode,Indonesia
Combretaceae,Terminalia catappa,L.,Indonesia
Combretaceae,Terminalia celebica,Exell,Indonesia
Combretaceae,Terminalia citrina,(Gaertn.) Roxb.,Indonesia
Combretaceae,Terminalia copelandii,Elmer,Indonesia
Combretaceae,Terminalia foetidissima,Griff.,Indonesia
Combretaceae,Terminalia impediens,Coode,Indonesia
Combretaceae,Terminalia kaernbachii,Warb.,Indonesia
Combretaceae,Terminalia kangeanensis,Slooten,Indonesia
Combretaceae,Terminalia longespicata,Slooten,Indonesia
Combretaceae,Terminalia microcarpa,Decne.,Indonesia
Combretaceae,Terminalia molii,Exell,Indonesia
Combretaceae,Terminalia morobensis,Coode,Indonesia
Combretaceae,Terminalia myriocarpa,Van Heurck & Müll.Arg.,Indonesia
Combretaceae,Terminalia pellucida,C.Presl,Indonesia
Combretaceae,Terminalia phellocarpa,King,Indonesia
Combretaceae,Terminalia procera,Roxb.,Indonesia
Combretaceae,Terminalia rubiginosa,K.Schum.,Indonesia
Combretaceae,Terminalia samoensis,Rech.,Indonesia
Combretaceae,Terminalia sepicana,Diels,Indonesia
Combretaceae,Terminalia soembawana,Slooten,Indonesia
Combretaceae,Terminalia solomonensis,Exell,Indonesia
Combretaceae,Terminalia subspathulata,King,Indonesia
Combretaceae,Terminalia zollingeri,Exell,Indonesia
Connaraceae,Agelaea borneensis,(Hook.f.) Merr.,Indonesia
Connaraceae,Agelaea macrophylla,(Zoll.) Leenh.,Indonesia
Connaraceae,Agelaea trinervis,(Llanos) Merr.,Indonesia
Connaraceae,Cnestis palala,(Lour.) Merr.,Indonesia
Connaraceae,Connarus grandis,Jack,Indonesia
Connaraceae,Connarus semidecandrus,Jack,Indonesia
Connaraceae,Ellipanthus beccarii,Pierre,Indonesia
Connaraceae,Ellipanthus tomentosus,Kurz,Indonesia
Convolvulaceae,Erycibe albida,Prain,Indonesia
Cornaceae,Alangium borneense,Merr.,Indonesia
Cornaceae,Alangium chinense,(Lour.) Harms,Indonesia
Cornaceae,Alangium denudatum,(Bloemb.) W.J.de Wilde & Duyfjes,Indonesia
Cornaceae,Alangium ebenaceum,(C.B.Clarke) Harms,Indonesia
Cornaceae,Alangium ferrugineum,C.T.White,Indonesia
Cornaceae,Alangium hollrungii,(K.Schum.) Melch. & Mansf.,Indonesia
Cornaceae,Alangium javanicum,(Blume) Wangerin,Indonesia
Cornaceae,Alangium kurzii,Craib,Indonesia
Cornaceae,Alangium longiflorum,Merr.,Indonesia
Cornaceae,Alangium maliliense,Bloemb.,Indonesia
Cornaceae,Alangium meyeri,Merr.,Indonesia
Cornaceae,Alangium mezianum,Wangerin,Indonesia
Cornaceae,Alangium minahassicum,(Bloemb.) W.J.de Wilde & Duyfjes,Indonesia
Cornaceae,Alangium nobile,(C.B.Clarke) Harms,Indonesia
Cornaceae,Alangium oblongum,Craib,Indonesia
Cornaceae,Alangium pallens,W.J.de Wilde & Duyfjes,Indonesia
Cornaceae,Alangium pilosum,Merr.,Indonesia
Cornaceae,Alangium ridleyi,King,Indonesia
Cornaceae,Alangium rotundifolium,(Hassk.) Bloemb.,Indonesia
Cornaceae,Alangium salviifolium,(L.f.) Wangerin,Indonesia
Cornaceae,Alangium uniloculare,(Griff.) King,Indonesia
Cornaceae,Alangium villosum,(Blume) Wangerin,Indonesia
Crypteroniaceae,Axinandra coriacea,Baill.,Indonesia
Crypteroniaceae,Crypteronia cumingii,(Planch.) Endl.,Indonesia
Crypteroniaceae,Crypteronia griffithii,C.B.Clarke,Indonesia
Crypteroniaceae,Crypteronia macrophylla,Beus.-Osinga,Indonesia
Crypteroniaceae,Crypteronia paniculata,Blume,Indonesia
Crypteroniaceae,Dactylocladus stenostachys,Oliv.,Indonesia
Ctenolophonaceae,Ctenolophon parvifolius,Oliv.,Indonesia
Cunoniaceae,Ackama celebica,(Blume) Pillon & H.C.Hopkins,Indonesia
Cunoniaceae,Ackama fulva,(Schltr.) Pillon & H.C.Hopkins,Indonesia
Cunoniaceae,Ackama papuana,Pulle,Indonesia
Cunoniaceae,Ackama rufa,(Schltr.) Pillon & H.C.Hopkins,Indonesia
Cunoniaceae,Ceratopetalum succirubrum,C.T.White,Indonesia
Cunoniaceae,Opocunonia nymanii,Schltr.,Indonesia
Cunoniaceae,Pullea glabra,Schltr.,Indonesia
Cunoniaceae,Schizomeria gorumensis,Schltr.,Indonesia
Cunoniaceae,Schizomeria ilicina,(Ridl.) Schltr.,Indonesia
Cunoniaceae,Schizomeria novoguineensis,L.M.Perry,Indonesia
Cunoniaceae,Schizomeria orthophlebia,L.M.Perry,Indonesia
Cunoniaceae,Schizomeria serrata,(Hochr.) Hochr.,Indonesia
Cunoniaceae,Spiraeanthemum integrifolium,Pulle,Indonesia
Cunoniaceae,Spiraeanthemum parvifolium,Schltr.,Indonesia
Cunoniaceae,Spiraeanthemum pulleanum,Schltr.,Indonesia
Cunoniaceae,Spiraeanthemum reticulatum,Schltr.,Indonesia
Cunoniaceae,Weinmannia aphanoneura,Airy Shaw,Indonesia
Cunoniaceae,Weinmannia fraxinea,(D. Don) Miq.,Indonesia
Cunoniaceae,Weinmannia furfuracea,H.C.Hopkins,Indonesia
Cunoniaceae,Weinmannia urdanetensis,Elmer,Indonesia
Cupressaceae,Papuacedrus papuana,(F.Muell.) H.L.Li,Indonesia
Cycadaceae,Cycas apoa,K.D.Hill,Indonesia
Cycadaceae,Cycas edentata,de Laub.,Indonesia
Cycadaceae,Cycas falcata,K.D.Hill,Indonesia
Cycadaceae,Cycas glauca,Hort. ex Miq.,Indonesia
Cycadaceae,Cycas javana,(Miq.) de Laub.,Indonesia
Cycadaceae,Cycas rumphii,Miq.,Indonesia
Cycadaceae,Cycas scratchleyana,F.Muell.,Indonesia
Daphniphyllaceae,Daphniphyllum borneense,Stapf,Indonesia
Daphniphyllaceae,Daphniphyllum celebense,K.Rosenthal,Indonesia
Daphniphyllaceae,Daphniphyllum ceramense,(T.C.Huang) T.C.Huang,Indonesia
Daphniphyllaceae,Daphniphyllum glaucescens,Blume,Indonesia
Daphniphyllaceae,Daphniphyllum gracile,Gage,Indonesia
Daphniphyllaceae,Daphniphyllum papuanum,Hallier f.,Indonesia
Daphniphyllaceae,Daphniphyllum sumatraense,(T.C.Huang) T.C.Huang,Indonesia
Daphniphyllaceae,Daphniphyllum timorianum,(T.C.Huang) T.C.Huang,Indonesia
Daphniphyllaceae,Daphniphyllum woodsonianum,T.C.Huang,Indonesia
Dichapetalaceae,Dichapetalum gelonioides,(Roxb.) Engl.,Indonesia
Dichapetalaceae,Dichapetalum sordidum,(Hook.f.) Leenh.,Indonesia
Dichapetalaceae,Dichapetalum tenerum,Leenh.,Indonesia
Dichapetalaceae,Dichapetalum timoriense,(DC.) Boerl.,Indonesia
Dilleniaceae,Dillenia alata,(R.Br. ex DC.) Banks ex Martelli,Indonesia
Dilleniaceae,Dillenia beccariana,Martelli,Indonesia
Dilleniaceae,Dillenia borneensis,Hoogland,Indonesia
Dilleniaceae,Dillenia celebica,Hoogland,Indonesia
Dilleniaceae,Dillenia cyclopensis,Hoogland,Indonesia
Dilleniaceae,Dillenia excelsa,(Jack) Martelli ex Gilg.,Indonesia
Dilleniaceae,Dillenia grandifolia,Wall. ex Hook.f. & Thomson,Indonesia
Dilleniaceae,Dillenia indica,L.,Indonesia
Dilleniaceae,Dillenia obovata,(Blume) Hoogland,Indonesia
Dilleniaceae,Dillenia ochreata,(Miq.) Teijsm. & Binn. ex Martelli,Indonesia
Dilleniaceae,Dillenia ovalifolia,Hoogland,Indonesia
Dilleniaceae,Dillenia ovata,Wall. ex Hook.f. & Thomson,Indonesia
Dilleniaceae,Dillenia papuana,Martelli,Indonesia
Dilleniaceae,Dillenia pentagyna,Roxb.,Indonesia
Dilleniaceae,Dillenia pteropoda,(Miq.) Hoogland,Indonesia
Dilleniaceae,Dillenia pulchella,(Jack) Gilg,Indonesia
Dilleniaceae,Dillenia reticulata,King,Indonesia
Dilleniaceae,Dillenia serrata,Thunb.,Indonesia
Dilleniaceae,Dillenia sumatrana,Miq.,Indonesia
Dilleniaceae,Dillenia talaudensis,Hoogland,Indonesia
Dipentodontaceae,Perrottetia alpestris,(Blume) Loes.,Indonesia
Dipterocarpaceae,Anisoptera aurea,Foxw.,Indonesia
Dipterocarpaceae,Anisoptera costata,Korth.,Indonesia
Dipterocarpaceae,Anisoptera curtisii,Dyer ex King,Indonesia
Dipterocarpaceae,Anisoptera grossivenia,V.Sloot.,Indonesia
Dipterocarpaceae,Anisoptera laevis,Ridl.,Indonesia
Dipterocarpaceae,Anisoptera marginata,Korth.,Indonesia
Dipterocarpaceae,Anisoptera megistocarpa,Slooten,Indonesia
Dipterocarpaceae,Anisoptera thurifera,(Blanco) Blume,Indonesia
Dipterocarpaceae,Cotylelobium burckii,(F.Heim) F.Heim,Indonesia
Dipterocarpaceae,Cotylelobium lanceolatum,Craib,Indonesia
Dipterocarpaceae,Cotylelobium melanoxylon,(Hook.f.) Pierre,Indonesia
Dipterocarpaceae,Dipterocarpus acutangulus,Vesque,Indonesia
Dipterocarpaceae,Dipterocarpus alatus,Roxb. ex G.Don,Indonesia
Dipterocarpaceae,Dipterocarpus applanatus,Slooten,Indonesia
Dipterocarpaceae,Dipterocarpus baudii,Korth.,Indonesia
Dipterocarpaceae,Dipterocarpus borneensis,Slooten,Indonesia
Dipterocarpaceae,Dipterocarpus caudiferus,Merr.,Indonesia
Dipterocarpaceae,Dipterocarpus cinereus,Slooten,Indonesia
Dipterocarpaceae,Dipterocarpus concavus,Foxw.,Indonesia
Dipterocarpaceae,Dipterocarpus condorensis,Pierre,Indonesia
Dipterocarpaceae,Dipterocarpus confertus,Slooten,Indonesia
Dipterocarpaceae,Dipterocarpus conformis,Slooten,Indonesia
Dipterocarpaceae,Dipterocarpus coriaceus,Slooten,Indonesia
Dipterocarpaceae,Dipterocarpus cornutus,Dyer,Indonesia
Dipterocarpaceae,Dipterocarpus costulatus,Slooten,Indonesia
Dipterocarpaceae,Dipterocarpus crinitus,Dyer,Indonesia
Dipterocarpaceae,Dipterocarpus elongatus,Korth.,Indonesia
Dipterocarpaceae,Dipterocarpus eurhynchus,Miq.,Indonesia
Dipterocarpaceae,Dipterocarpus fagineus,Vesque,Indonesia
Dipterocarpaceae,Dipterocarpus fusiformis,P.S.Ashton,Indonesia
Dipterocarpaceae,Dipterocarpus geniculatus,Vesque,Indonesia
Dipterocarpaceae,Dipterocarpus globosus,Vesque,Indonesia
Dipterocarpaceae,Dipterocarpus gracilis,Blume,Indonesia
Dipterocarpaceae,Dipterocarpus grandiflorus,(Blanco) Blanco,Indonesia
Dipterocarpaceae,Dipterocarpus hasseltii,Blume,Indonesia
Dipterocarpaceae,Dipterocarpus humeratus,Slooten,Indonesia
Dipterocarpaceae,Dipterocarpus kerrii,King,Indonesia
Dipterocarpaceae,Dipterocarpus kunstleri,King,Indonesia
Dipterocarpaceae,Dipterocarpus littoralis,Blume,Indonesia
Dipterocarpaceae,Dipterocarpus lowii,Hook.f.,Indonesia
Dipterocarpaceae,Dipterocarpus mundus,Slooten,Indonesia
Dipterocarpaceae,Dipterocarpus oblongifolius,Blume,Indonesia
Dipterocarpaceae,Dipterocarpus orbicularis,Foxw.,Indonesia
Dipterocarpaceae,Dipterocarpus pachyphyllus,Meijer,Indonesia
Dipterocarpaceae,Dipterocarpus palembanicus,Slooten,Indonesia
Dipterocarpaceae,Dipterocarpus retusus,Blume,Indonesia
Dipterocarpaceae,Dipterocarpus rigidus,Ridl.,Indonesia
Dipterocarpaceae,Dipterocarpus sarawakensis,Slooten,Indonesia
Dipterocarpaceae,Dipterocarpus semivestitus,Slooten,Indonesia
Dipterocarpaceae,Dipterocarpus stellatus,Vesque,Indonesia
Dipterocarpaceae,Dipterocarpus sublamellatus,Foxw.,Indonesia
Dipterocarpaceae,Dipterocarpus tempehes,Slooten,Indonesia
Dipterocarpaceae,Dipterocarpus validus,Blume,Indonesia
Dipterocarpaceae,Dipterocarpus verrucosus,Foxw. ex Slooten,Indonesia
Dipterocarpaceae,Dryobalanops aromatica,C.F.Gaertn.,Indonesia
Dipterocarpaceae,Dryobalanops beccarii,Dyer,Indonesia
Dipterocarpaceae,Dryobalanops fusca,Slooten,Indonesia
Dipterocarpaceae,Dryobalanops keithii,Symington,Indonesia
Dipterocarpaceae,Dryobalanops lanceolata,Burck,Indonesia
Dipterocarpaceae,Dryobalanops oblongifolia,Dyer,Indonesia
Dipterocarpaceae,Hopea aequalis,P.S.Ashton,Indonesia
Dipterocarpaceae,Hopea andersonii,P.S.Ashton,Indonesia
Dipterocarpaceae,Hopea aptera,P.S.Ashton,Indonesia
Dipterocarpaceae,Hopea bancana,(Boerl.) Slooten,Indonesia
Dipterocarpaceae,Hopea beccariana,Burck,Indonesia
Dipterocarpaceae,Hopea bilitonensis,P.S.Ashton,Indonesia
Dipterocarpaceae,Hopea bullatifolia,P.S.Ashton,Indonesia
Dipterocarpaceae,Hopea celebica,Burck,Indonesia
Dipterocarpaceae,Hopea celtidifolia,Kosterm.,Indonesia
Dipterocarpaceae,Hopea centipeda,P.S.Ashton,Indonesia
Dipterocarpaceae,Hopea cernua,Teijsm. & Binn.,Indonesia
Dipterocarpaceae,Hopea coriacea,Burck,Indonesia
Dipterocarpaceae,Hopea dasyrrhachis,Slooten,Indonesia
Dipterocarpaceae,Hopea dryobalanoides,Miq.,Indonesia
Dipterocarpaceae,Hopea dyeri,F.Heim,Indonesia
Dipterocarpaceae,Hopea ferruginea,Parijs,Indonesia
Dipterocarpaceae,Hopea fluvialis,P.S.Ashton,Indonesia
Dipterocarpaceae,Hopea forbesii,(Brandis) Slooten,Indonesia
Dipterocarpaceae,Hopea gregaria,Slooten,Indonesia
Dipterocarpaceae,Hopea griffithii,Kurz,Indonesia
Dipterocarpaceae,Hopea inexpectata,P.S.Ashton,Indonesia
Dipterocarpaceae,Hopea iriana,Slooten,Indonesia
Dipterocarpaceae,Hopea kerangasensis,P.S.Ashton,Indonesia
Dipterocarpaceae,Hopea latifolia,Symington,Indonesia
Dipterocarpaceae,Hopea megacarpa,P.S.Ashton,Indonesia
Dipterocarpaceae,Hopea mengarawan,Miq.,Indonesia
Dipterocarpaceae,Hopea micrantha,Hook.f.,Indonesia
Dipterocarpaceae,Hopea montana,Symington,Indonesia
Dipterocarpaceae,Hopea myrtifolia,Miq.,Indonesia
Dipterocarpaceae,Hopea nervosa,King,Indonesia
Dipterocarpaceae,Hopea nigra,Burck,Indonesia
Dipterocarpaceae,Hopea nodosa,Slooten,Indonesia
Dipterocarpaceae,Hopea novoguineensis,Slooten,Indonesia
Dipterocarpaceae,Hopea nutans,Ridl.,Indonesia
Dipterocarpaceae,Hopea odorata,Roxb.,Indonesia
Dipterocarpaceae,Hopea ovoidea,P.S.Ashton,Indonesia
Dipterocarpaceae,Hopea pachycarpa,(F.Heim) Symington,Indonesia
Dipterocarpaceae,Hopea papuana,Diels,Indonesia
Dipterocarpaceae,Hopea paucinervis,Parijs,Indonesia
Dipterocarpaceae,Hopea pedicellata,(Brandis) Symington,Indonesia
Dipterocarpaceae,Hopea plagata,(Blanco) S.Vidal,Indonesia
Dipterocarpaceae,Hopea pterygota,P.S.Ashton,Indonesia
Dipterocarpaceae,Hopea rudiformis,P.S.Ashton,Indonesia
Dipterocarpaceae,Hopea sangal,Korth.,Indonesia
Dipterocarpaceae,Hopea semicuneata,Symington,Indonesia
Dipterocarpaceae,Hopea similis,Slooten,Indonesia
Dipterocarpaceae,Hopea vacciniifolia,Ridl. ex P.S.Ashton,Indonesia
Dipterocarpaceae,Hopea vesquei,F.Heim,Indonesia
Dipterocarpaceae,Parashorea aptera,Slooten,Indonesia
Dipterocarpaceae,Parashorea globosa,Symington,Indonesia
Dipterocarpaceae,Parashorea lucida,(Miq.) Kurz,Indonesia
Dipterocarpaceae,Parashorea parvifolia,Wyatt-Sm. ex P.S.Ashton,Indonesia
Dipterocarpaceae,Parashorea smythiesii,Wyatt-Sm. ex P.S.Ashton,Indonesia
Dipterocarpaceae,Parashorea tomentella,(Symington) Meijer,Indonesia
Dipterocarpaceae,Shorea acuminata,Dyer,Indonesia
Dipterocarpaceae,Shorea acuminatissima,Symington,Indonesia
Dipterocarpaceae,Shorea agami,P.S.Ashton,Indonesia
Dipterocarpaceae,Shorea albida,Symington ex A.V.Thomas      ,Indonesia
Dipterocarpaceae,Shorea almon,Foxw.,Indonesia
Dipterocarpaceae,Shorea amplexicaulis,P.S.Ashton,Indonesia
Dipterocarpaceae,Shorea andulensis,P.S.Ashton,Indonesia
Dipterocarpaceae,Shorea angustifolia,P.S.Ashton,Indonesia
Dipterocarpaceae,Shorea argentifolia,Symington,Indonesia
Dipterocarpaceae,Shorea assamica,Dyer,Indonesia
Dipterocarpaceae,Shorea atrinervosa,Symington,Indonesia
Dipterocarpaceae,Shorea balangeran,Burck,Indonesia
Dipterocarpaceae,Shorea balanocarpoides,Symington,Indonesia
Dipterocarpaceae,Shorea beccariana,Burck,Indonesia
Dipterocarpaceae,Shorea blumutensis,Foxw.,Indonesia
Dipterocarpaceae,Shorea bracteolata,Dyer,Indonesia
Dipterocarpaceae,Shorea brunnescens,P.S.Ashton,Indonesia
Dipterocarpaceae,Shorea bullata,P.S.Ashton,Indonesia
Dipterocarpaceae,Shorea carapae,P.S.Ashton,Indonesia
Dipterocarpaceae,Shorea collaris,Slooten,Indonesia
Dipterocarpaceae,Shorea confusa,P.S.Ashton,Indonesia
Dipterocarpaceae,Shorea conica,Slooten,Indonesia
Dipterocarpaceae,Shorea cordata,P.S.Ashton,Indonesia
Dipterocarpaceae,Shorea coriacea,Burck,Indonesia
Dipterocarpaceae,Shorea crassa,P.S.Ashton,Indonesia
Dipterocarpaceae,Shorea curtisii,Dyer ex King,Indonesia
Dipterocarpaceae,Shorea cuspidata,P.S.Ashton,Indonesia
Dipterocarpaceae,Shorea dasyphylla,Foxw.,Indonesia
Dipterocarpaceae,Shorea dealbata,Foxw.,Indonesia
Dipterocarpaceae,Shorea domatiosa,P.S.Ashton,Indonesia
Dipterocarpaceae,Shorea elliptica,Burck,Indonesia
Dipterocarpaceae,Shorea exelliptica,Meijer,Indonesia
Dipterocarpaceae,Shorea faguetiana,F.Heim,Indonesia
Dipterocarpaceae,Shorea faguetioides,P.S.Ashton,Indonesia
Dipterocarpaceae,Shorea falcifera,Dyer ex Brandis      ,Indonesia
Dipterocarpaceae,Shorea falciferoides,Foxw.,Indonesia
Dipterocarpaceae,Shorea fallax,Meijer,Indonesia
Dipterocarpaceae,Shorea foxworthyi,Symington,Indonesia
Dipterocarpaceae,Shorea furfuracea,Miq.,Indonesia
Dipterocarpaceae,Shorea geniculata,Symington ex P.S.Ashton,Indonesia
Dipterocarpaceae,Shorea gibbosa,Brandis,Indonesia
Dipterocarpaceae,Shorea glauca,King,Indonesia
Dipterocarpaceae,Shorea gratissima,(Wall. ex Kurz) Dyer,Indonesia
Dipterocarpaceae,Shorea guiso,(Blanco) Blume,Indonesia
Dipterocarpaceae,Shorea hemsleyana,King ex Foxw.,Indonesia
Dipterocarpaceae,Shorea hopeifolia,(F.Heim) Symington,Indonesia
Dipterocarpaceae,Shorea hypochra,Hance,Indonesia
Dipterocarpaceae,Shorea hypoleuca,Meijer,Indonesia
Dipterocarpaceae,Shorea iliasii,P.S.Ashton,Indonesia
Dipterocarpaceae,Shorea inaequilateralis,Symington,Indonesia
Dipterocarpaceae,Shorea inappendiculata,Burck,Indonesia
Dipterocarpaceae,Shorea induplicata,Slooten,Indonesia
Dipterocarpaceae,Shorea javanica,Koord. & Valeton,Indonesia
Dipterocarpaceae,Shorea johorensis,Foxw.,Indonesia
Dipterocarpaceae,Shorea kunstleri,King,Indonesia
Dipterocarpaceae,Shorea laevis,Ridl.,Indonesia
Dipterocarpaceae,Shorea lamellata,Foxw.,Indonesia
Dipterocarpaceae,Shorea lepidota,(Korth.) Blume       ,Indonesia
Dipterocarpaceae,Shorea leprosula,Miq.,Indonesia
Dipterocarpaceae,Shorea longiflora,(Brandis) Symington,Indonesia
Dipterocarpaceae,Shorea longisperma,Roxb.,Indonesia
Dipterocarpaceae,Shorea lunduensis,P.S.Ashton,Indonesia
Dipterocarpaceae,Shorea macrantha,Brandis,Indonesia
Dipterocarpaceae,Shorea macrobalanos,P.S.Ashton,Indonesia
Dipterocarpaceae,Shorea macrophylla,(de Vriese) P.S.Ashton,Indonesia
Dipterocarpaceae,Shorea macroptera,Dyer,Indonesia
Dipterocarpaceae,Shorea materialis,Ridl.,Indonesia
Dipterocarpaceae,Shorea maxwelliana,King,Indonesia
Dipterocarpaceae,Shorea mecistopteryx,Ridl.,Indonesia
Dipterocarpaceae,Shorea monticola,P.S.Ashton,Indonesia
Dipterocarpaceae,Shorea montigena,Slooten,Indonesia
Dipterocarpaceae,Shorea mujongensis,P.S.Ashton,Indonesia
Dipterocarpaceae,Shorea multiflora,(Burck) Symington,Indonesia
Dipterocarpaceae,Shorea myrionerva,Symington ex P.S.Ashton,Indonesia
Dipterocarpaceae,Shorea obovoidea,Slooten,Indonesia
Dipterocarpaceae,Shorea obscura,Meijer,Indonesia
Dipterocarpaceae,Shorea ochracea,Symington,Indonesia
Dipterocarpaceae,Shorea ochrophloia,Symington,Indonesia
Dipterocarpaceae,Shorea ovalis,Blume,Indonesia
Dipterocarpaceae,Shorea ovata,Dyer ex Brandis,Indonesia
Dipterocarpaceae,Shorea pachyphylla,Ridl. ex Symington,Indonesia
Dipterocarpaceae,Shorea palembanica,Miq.,Indonesia
Dipterocarpaceae,Shorea pallidifolia,P.S.Ashton,Indonesia
Dipterocarpaceae,Shorea parvifolia,Dyer,Indonesia
Dipterocarpaceae,Shorea parvistipulata,F.Heim.,Indonesia
Dipterocarpaceae,Shorea patoiensis,P.S.Ashton,Indonesia
Dipterocarpaceae,Shorea pauciflora,King,Indonesia
Dipterocarpaceae,Shorea peltata,Symington,Indonesia
Dipterocarpaceae,Shorea pinanga,Scheff.,Indonesia
Dipterocarpaceae,Shorea platycarpa,F.Heim,Indonesia
Dipterocarpaceae,Shorea platyclados,Slooten ex Endert,Indonesia
Dipterocarpaceae,Shorea polyandra,P.S.Ashton,Indonesia
Dipterocarpaceae,Shorea pubistyla,P.S.Ashton,Indonesia
Dipterocarpaceae,Shorea quadrinervis,Slooten,Indonesia
Dipterocarpaceae,Shorea resinosa,Foxw.,Indonesia
Dipterocarpaceae,Shorea retinodes,Slooten,Indonesia
Dipterocarpaceae,Shorea retusa,Meijer,Indonesia
Dipterocarpaceae,Shorea revoluta,P.S.Ashton,Indonesia
Dipterocarpaceae,Shorea roxburghii,G.Don,Indonesia
Dipterocarpaceae,Shorea rubra,P.S.Ashton,Indonesia
Dipterocarpaceae,Shorea rugosa,F.Heim,Indonesia
Dipterocarpaceae,Shorea scaberrima,Burck,Indonesia
Dipterocarpaceae,Shorea scabrida,Symington,Indonesia
Dipterocarpaceae,Shorea scrobiculata,Burck,Indonesia
Dipterocarpaceae,Shorea selanica,(Valmont) Blume,Indonesia
Dipterocarpaceae,Shorea seminis,Slooten,Indonesia
Dipterocarpaceae,Shorea singkawang,(Miq.) Burck,Indonesia
Dipterocarpaceae,Shorea slootenii,P.S.Ashton,Indonesia
Dipterocarpaceae,Shorea smithiana,Symington,Indonesia
Dipterocarpaceae,Shorea splendida,(de Vriese) P.S.Ashton,Indonesia
Dipterocarpaceae,Shorea stenoptera,Burck        ,Indonesia
Dipterocarpaceae,Shorea subcylindrica,Slooten,Indonesia
Dipterocarpaceae,Shorea sumatrana,(Slooten) Desch,Indonesia
Dipterocarpaceae,Shorea superba,Symington,Indonesia
Dipterocarpaceae,Shorea teysmanniana,Dyer ex Brandis,Indonesia
Dipterocarpaceae,Shorea uliginosa,Foxw.,Indonesia
Dipterocarpaceae,Shorea venulosa,G.H.S.Wood ex Meijer,Indonesia
Dipterocarpaceae,Upuna borneensis,Symington,Indonesia
Dipterocarpaceae,Vatica badiifolia,P.S.Ashton,Indonesia
Dipterocarpaceae,Vatica bantamensis,Benth. & Hook.f.,Indonesia
Dipterocarpaceae,Vatica brevipes,P.S.Ashton,Indonesia
Dipterocarpaceae,Vatica brunigii,P.S.Ashton,Indonesia
Dipterocarpaceae,Vatica cauliflora,P.S.Ashton,Indonesia
Dipterocarpaceae,Vatica chartacea,P.S.Ashton,Indonesia
Dipterocarpaceae,Vatica congesta,P.S.Ashton,Indonesia
Dipterocarpaceae,Vatica coriacea,P.S.Ashton,Indonesia
Dipterocarpaceae,Vatica dulitensis,Symington,Indonesia
Dipterocarpaceae,Vatica endertii,Slooten,Indonesia
Dipterocarpaceae,Vatica flavovirens,Slooten,Indonesia
Dipterocarpaceae,Vatica globosa,P.S.Ashton,Indonesia
Dipterocarpaceae,Vatica granulata,Slooten,Indonesia
Dipterocarpaceae,Vatica havilandii,Brandis,Indonesia
Dipterocarpaceae,Vatica javanica,Slooten,Indonesia
Dipterocarpaceae,Vatica lowii,King,Indonesia
Dipterocarpaceae,Vatica maingayi,Dyer,Indonesia
Dipterocarpaceae,Vatica micrantha,Slooten,Indonesia
Dipterocarpaceae,Vatica nitens,King,Indonesia
Dipterocarpaceae,Vatica oblongifolia,Hook.f.,Indonesia
Dipterocarpaceae,Vatica obovata,Slooten,Indonesia
Dipterocarpaceae,Vatica odorata,(Griff.) Symington,Indonesia
Dipterocarpaceae,Vatica palungensis,P.S.Ashton,Indonesia
Dipterocarpaceae,Vatica parvifolia,P.S.Ashton,Indonesia
Dipterocarpaceae,Vatica pauciflora,Blume,Indonesia
Dipterocarpaceae,Vatica pentandra,P.S.Ashton,Indonesia
Dipterocarpaceae,Vatica perakensis,King,Indonesia
Dipterocarpaceae,Vatica rassak,(Korth.) Blume,Indonesia
Dipterocarpaceae,Vatica ridleyana,Brandis,Indonesia
Dipterocarpaceae,Vatica rotata,P.S.Ashton,Indonesia
Dipterocarpaceae,Vatica rynchocarpa,P.S.Ashton,Indonesia
Dipterocarpaceae,Vatica sarawakensis,F.Heim,Indonesia
Dipterocarpaceae,Vatica soepadmoi,P.S.Ashton,Indonesia
Dipterocarpaceae,Vatica stapfiana,(King) Slooten,Indonesia
Dipterocarpaceae,Vatica teysmanniana,Burck,Indonesia
Dipterocarpaceae,Vatica umbonata,(Hook.f.) Burck,Indonesia
Dipterocarpaceae,Vatica venulosa,Blume,Indonesia
Dipterocarpaceae,Vatica vinosa,P.S.Ashton,Indonesia
Ebenaceae,Diospyros adiensis,Kosterm.,Indonesia
Ebenaceae,Diospyros aifatensis,Kosterm.,Indonesia
Ebenaceae,Diospyros amboinensis,Bakh.,Indonesia
Ebenaceae,Diospyros andamanica,(Kurz) Bakh.,Indonesia
Ebenaceae,Diospyros areolata,King & Gamble,Indonesia
Ebenaceae,Diospyros aurea,Teijsm. & Binn.,Indonesia
Ebenaceae,Diospyros baloen-idjoek,Bakh.,Indonesia
Ebenaceae,Diospyros bangkana,Bakh.,Indonesia
Ebenaceae,Diospyros beccarioides,Ng,Indonesia
Ebenaceae,Diospyros blancoi,A.DC.,Indonesia
Ebenaceae,Diospyros borneensis,Hiern,Indonesia
Ebenaceae,Diospyros brevicalyx,Boerl. & Koord.-Schum.,Indonesia
Ebenaceae,Diospyros buxifolia,(Blume) Hiern,Indonesia
Ebenaceae,Diospyros caudisepala,Bakh.,Indonesia
Ebenaceae,Diospyros cauliflora,Blume,Indonesia
Ebenaceae,Diospyros celebica,Bakh.,Indonesia
Ebenaceae,Diospyros clementium,Bakh.,Indonesia
Ebenaceae,Diospyros consanguinea,Merr.,Indonesia
Ebenaceae,Diospyros cordata,(Hiern) Bakh.,Indonesia
Ebenaceae,Diospyros coriacea,Hiern,Indonesia
Ebenaceae,Diospyros curranii,Merr.,Indonesia
Ebenaceae,Diospyros daemona,Bakh.,Indonesia
Ebenaceae,Diospyros dichrophylla,(Gand.) De Winter,Indonesia
Ebenaceae,Diospyros dictyoneura,Hiern,Indonesia
Ebenaceae,Diospyros diepenhorstii,Miq.,Indonesia
Ebenaceae,Diospyros discocalyx,Merr.,Indonesia
Ebenaceae,Diospyros eburnea,Bakh.,Indonesia
Ebenaceae,Diospyros elliptifolia,Merr.,Indonesia
Ebenaceae,Diospyros eriantha,Champ. ex Benth.,Indonesia
Ebenaceae,Diospyros eucalyptifolia,Bakh.,Indonesia
Ebenaceae,Diospyros euphlehia,Merr.,Indonesia
Ebenaceae,Diospyros evena,Bakh.,Indonesia
Ebenaceae,Diospyros everettii,Merr.,Indonesia
Ebenaceae,Diospyros fasciculosa,(F.Muell.) F.Muell.,Indonesia
Ebenaceae,Diospyros ferrea,(Willd.) Bakh.,Indonesia
Ebenaceae,Diospyros ferruginescens,Bakh.,Indonesia
Ebenaceae,Diospyros foliosa,(Rich. ex A.Gray) Bakh.,Indonesia
Ebenaceae,Diospyros frutescens,Blume,Indonesia
Ebenaceae,Diospyros fusicarpa,Bakh.,Indonesia
Ebenaceae,Diospyros gigantocarpa,Kosterm.,Indonesia
Ebenaceae,Diospyros glaucophylla,Bakh.,Indonesia
Ebenaceae,Diospyros greshoffiana,Koord. ex Bakh.,Indonesia
Ebenaceae,Diospyros hackenbergii,Diels,Indonesia
Ebenaceae,Diospyros hallieri,Bakh.,Indonesia
Ebenaceae,Diospyros hasseltii,Zoll.,Indonesia
Ebenaceae,Diospyros hebecarpa,A.Cunn. ex Benth.,Indonesia
Ebenaceae,Diospyros humilis,(R.Br.) F.Muell.,Indonesia
Ebenaceae,Diospyros insidiosa,Bakh.,Indonesia
Ebenaceae,Diospyros janowskyi,Bakh.,Indonesia
Ebenaceae,Diospyros javanica,Bakh.,Indonesia
Ebenaceae,Diospyros koeboeensis,Bakh.,Indonesia
Ebenaceae,Diospyros korthalsiana,Hiern,Indonesia
Ebenaceae,Diospyros lanceifolia,Roxb.,Indonesia
Ebenaceae,Diospyros lateralis,Hiern,Indonesia
Ebenaceae,Diospyros littorea,(R.Br.) Kosterm.,Indonesia
Ebenaceae,Diospyros lolin,Bakh.,Indonesia
Ebenaceae,Diospyros macrophylla,Blume,Indonesia
Ebenaceae,Diospyros maingayi,(Hiern) Bakh.,Indonesia
Ebenaceae,Diospyros malabarica,(Desr.) Kostel.,Indonesia
Ebenaceae,Diospyros malacothrix,Kosterm.,Indonesia
Ebenaceae,Diospyros maritima,Blume,Indonesia
Ebenaceae,Diospyros minahassae,Bakh.,Indonesia
Ebenaceae,Diospyros mindanaensis,Merr.,Indonesia
Ebenaceae,Diospyros minutiflora,Bakh.,Indonesia
Ebenaceae,Diospyros mollis,Griff.,Indonesia
Ebenaceae,Diospyros mollissima,Kosterm.,Indonesia
Ebenaceae,Diospyros montana,Roxb.,Indonesia
Ebenaceae,Diospyros multimaculata,C.Puglisi,Indonesia
Ebenaceae,Diospyros muricata,Bakh.,Indonesia
Ebenaceae,Diospyros nemorosa,Bakh.,Indonesia
Ebenaceae,Diospyros ngii,I.M.Turner,Indonesia
Ebenaceae,Diospyros novoguineensis,Bakh.,Indonesia
Ebenaceae,Diospyros oblonga,Wall. ex G.Don,Indonesia
Ebenaceae,Diospyros orthioneura,Diels,Indonesia
Ebenaceae,Diospyros papuana,Valeton ex Bakh.,Indonesia
Ebenaceae,Diospyros pauciflora,King & Gamble,Indonesia
Ebenaceae,Diospyros pendula,Hasselt ex Hassk.,Indonesia
Ebenaceae,Diospyros perfida,Bakh.,Indonesia
Ebenaceae,Diospyros philippinensis,A.DC.,Indonesia
Ebenaceae,Diospyros piscicapa,Ridl.,Indonesia
Ebenaceae,Diospyros polita,Bakh.,Indonesia
Ebenaceae,Diospyros pulchra,Bakh.,Indonesia
Ebenaceae,Diospyros puncticulosa,Bakh.,Indonesia
Ebenaceae,Diospyros pyrrhocarpa,Miq.,Indonesia
Ebenaceae,Diospyros rigida,Hiern,Indonesia
Ebenaceae,Diospyros rostrata,(Merr.) Bakh.,Indonesia
Ebenaceae,Diospyros rugosula,R.Br.,Indonesia
Ebenaceae,Diospyros rumphii,Bakh.,Indonesia
Ebenaceae,Diospyros scabiosa,Bakh.,Indonesia
Ebenaceae,Diospyros schmutzii,Kosterm.,Indonesia
Ebenaceae,Diospyros siamang,Bakh.,Indonesia
Ebenaceae,Diospyros simaloerensis,Bakh.,Indonesia
Ebenaceae,Diospyros sleumeri,Kosterm.,Indonesia
Ebenaceae,Diospyros soporifera,Bakh.,Indonesia
Ebenaceae,Diospyros styraciformis,King & Gamble,Indonesia
Ebenaceae,Diospyros subrhomboidea,King & Gamble,Indonesia
Ebenaceae,Diospyros subtruncata,Hochr.,Indonesia
Ebenaceae,Diospyros sumatrana,Miq.,Indonesia
Ebenaceae,Diospyros sundaica,Bakh.,Indonesia
Ebenaceae,Diospyros terminalis,Kosterm.,Indonesia
Ebenaceae,Diospyros toposia,Buch.-Ham.,Indonesia
Ebenaceae,Diospyros truncata,Zoll. & Moritzi,Indonesia
Ebenaceae,Diospyros tuberculata,Bakh.,Indonesia
Ebenaceae,Diospyros turfosa,Kosterm.,Indonesia
Ebenaceae,Diospyros ulo,Merr.,Indonesia
Ebenaceae,Diospyros venenosa,Bakh.,Indonesia
Ebenaceae,Diospyros venosa,Wall. ex A.DC.,Indonesia
Ebenaceae,Diospyros wallichii,King & Gamble,Indonesia
Elaeagnaceae,Elaeagnus conferta,Roxb.,Indonesia
Elaeocarpaceae,Aceratium archboldianum,A.C.Sm.,Indonesia
Elaeocarpaceae,Aceratium brassii,A.C.Sm.,Indonesia
Elaeocarpaceae,Aceratium ledermannii,Schltr.,Indonesia
Elaeocarpaceae,Aceratium muellerianum,Schltr.,Indonesia
Elaeocarpaceae,Aceratium oppositifolium,DC.,Indonesia
Elaeocarpaceae,Aceratium pachypetalum,Schltr.,Indonesia
Elaeocarpaceae,Aceratium parvifolium,Schltr.,Indonesia
Elaeocarpaceae,Aceratium pittosporoides,Schltr.,Indonesia
Elaeocarpaceae,Aceratium sericeum,A.C.Sm.,Indonesia
Elaeocarpaceae,Aceratium sphaerocarpum,Kaneh. & Hatus.,Indonesia
Elaeocarpaceae,Dubouzetia dentata,A.C.Sm.,Indonesia
Elaeocarpaceae,Dubouzetia elegans,Brongn. & Gris,Indonesia
Elaeocarpaceae,Elaeocarpus acmocarpus,Stapf ex Weibel,Indonesia
Elaeocarpaceae,Elaeocarpus acmosepalus,Stapf ex Ridl.,Indonesia
Elaeocarpaceae,Elaeocarpus acronodia,Mast.,Indonesia
Elaeocarpaceae,Elaeocarpus adenopus,Miq.,Indonesia
Elaeocarpaceae,Elaeocarpus albiflorus,Knuth,Indonesia
Elaeocarpaceae,Elaeocarpus altigenus,Schltr.,Indonesia
Elaeocarpaceae,Elaeocarpus altisectus,Schltr.,Indonesia
Elaeocarpaceae,Elaeocarpus amboinensis,Merr.,Indonesia
Elaeocarpaceae,Elaeocarpus amplifolius,Schltr.,Indonesia
Elaeocarpaceae,Elaeocarpus angustifolius,Blume,Indonesia
Elaeocarpaceae,Elaeocarpus angustipes,Knuth,Indonesia
Elaeocarpaceae,Elaeocarpus arfakensis,Schltr.,Indonesia
Elaeocarpaceae,Elaeocarpus avium,Coode,Indonesia
Elaeocarpaceae,Elaeocarpus azaleifolius,Knuth,Indonesia
Elaeocarpaceae,Elaeocarpus bakaianus,Coode,Indonesia
Elaeocarpaceae,Elaeocarpus balgooyi,Coode,Indonesia
Elaeocarpaceae,Elaeocarpus barbulatus,Knuth,Indonesia
Elaeocarpaceae,Elaeocarpus batjanicus,Warb. ex Knuth,Indonesia
Elaeocarpaceae,Elaeocarpus batudulangii,Weibel,Indonesia
Elaeocarpaceae,Elaeocarpus batui,Coode,Indonesia
Elaeocarpaceae,Elaeocarpus beccarii,DC.,Indonesia
Elaeocarpaceae,Elaeocarpus bilobatus,Schltr.,Indonesia
Elaeocarpaceae,Elaeocarpus branderhorstii,Pulle,Indonesia
Elaeocarpaceae,Elaeocarpus brigittae,Coode,Indonesia
Elaeocarpaceae,Elaeocarpus brunneotomentosus,Weibel,Indonesia
Elaeocarpaceae,Elaeocarpus burkii,Coode,Indonesia
Elaeocarpaceae,Elaeocarpus celebicus,Koord.,Indonesia
Elaeocarpaceae,Elaeocarpus chrysophyllus,Merr.,Indonesia
Elaeocarpaceae,Elaeocarpus clementis,Merr.,Indonesia
Elaeocarpaceae,Elaeocarpus coloides,Schltr.,Indonesia
Elaeocarpaceae,Elaeocarpus cordifolius,Coode,Indonesia
Elaeocarpaceae,Elaeocarpus corsonianus,G.Don,Indonesia
Elaeocarpaceae,Elaeocarpus crassus,Coode,Indonesia
Elaeocarpaceae,Elaeocarpus cristatus,Coode,Indonesia
Elaeocarpaceae,Elaeocarpus culminicola,Warb.,Indonesia
Elaeocarpaceae,Elaeocarpus cumingii,Turcz.,Indonesia
Elaeocarpaceae,Elaeocarpus cupreus,Merr.,Indonesia
Elaeocarpaceae,Elaeocarpus dallmannensis,Kaneh. & Hatus.,Indonesia
Elaeocarpaceae,Elaeocarpus davisii,Coode,Indonesia
Elaeocarpaceae,Elaeocarpus debruynii,O.C.Schmidt,Indonesia
Elaeocarpaceae,Elaeocarpus densiflorus,Knuth,Indonesia
Elaeocarpaceae,Elaeocarpus dewildei,Weibel,Indonesia
Elaeocarpaceae,Elaeocarpus dolichodactylus,Schltr.,Indonesia
Elaeocarpaceae,Elaeocarpus dolichostylus,Schltr.,Indonesia
Elaeocarpaceae,Elaeocarpus erdinii,Coode,Indonesia
Elaeocarpaceae,Elaeocarpus euneurus,Stapf ex Ridl.,Indonesia
Elaeocarpaceae,Elaeocarpus eymae,Coode,Indonesia
Elaeocarpaceae,Elaeocarpus fairchildii,Merr.,Indonesia
Elaeocarpaceae,Elaeocarpus ferrugineus,(Jack) Steud.,Indonesia
Elaeocarpaceae,Elaeocarpus firdausii,"Brambach, Coode, Biagioni & Culmsee",Indonesia
Elaeocarpaceae,Elaeocarpus floresii,Weibel,Indonesia
Elaeocarpaceae,Elaeocarpus floribundus,Blume,Indonesia
Elaeocarpaceae,Elaeocarpus fruticosus,Roxb.,Indonesia
Elaeocarpaceae,Elaeocarpus fulgens,A.C.Sm.,Indonesia
Elaeocarpaceae,Elaeocarpus fuscoides,Knuth,Indonesia
Elaeocarpaceae,Elaeocarpus gambutanus,Coode,Indonesia
Elaeocarpaceae,Elaeocarpus glaber,Blume,Indonesia
Elaeocarpaceae,Elaeocarpus grandiflorus,Sm.,Indonesia
Elaeocarpaceae,Elaeocarpus griffithii,(Wight) A.Gray,Indonesia
Elaeocarpaceae,Elaeocarpus habbemensis,A.C.Sm.,Indonesia
Elaeocarpaceae,Elaeocarpus hallieri,Weibel,Indonesia
Elaeocarpaceae,Elaeocarpus harunii,Coode,Indonesia
Elaeocarpaceae,Elaeocarpus heptadactyloides,Weibel,Indonesia
Elaeocarpaceae,Elaeocarpus hochreutineri,Weibel,Indonesia
Elaeocarpaceae,Elaeocarpus homalioides,Schltr.,Indonesia
Elaeocarpaceae,Elaeocarpus hypadenus,Miq.,Indonesia
Elaeocarpaceae,Elaeocarpus inopportunus,Coode,Indonesia
Elaeocarpaceae,Elaeocarpus insignis,Ridl.,Indonesia
Elaeocarpaceae,Elaeocarpus integripetalus,Miq.,Indonesia
Elaeocarpaceae,Elaeocarpus jugahanus,Coode,Indonesia
Elaeocarpaceae,Elaeocarpus kaniensis,Schltr.,Indonesia
Elaeocarpaceae,Elaeocarpus kjellbergii,Coode,Indonesia
Elaeocarpaceae,Elaeocarpus kostermansii,Weibel,Indonesia
Elaeocarpaceae,Elaeocarpus kraengensis,Knuth,Indonesia
Elaeocarpaceae,Elaeocarpus lacunosus,Wall. ex Kurz,Indonesia
Elaeocarpaceae,Elaeocarpus lancistipulatus,Coode,Indonesia
Elaeocarpaceae,Elaeocarpus lanipae,Weibel,Indonesia
Elaeocarpaceae,Elaeocarpus ledermannii,Schltr.,Indonesia
Elaeocarpaceae,Elaeocarpus leucanthus,A.C.Sm.,Indonesia
Elaeocarpaceae,Elaeocarpus lingualis,Knuth,Indonesia
Elaeocarpaceae,Elaeocarpus linnaei,Coode,Indonesia
Elaeocarpaceae,Elaeocarpus longifolius,Blume,Indonesia
Elaeocarpaceae,Elaeocarpus luteolignum,Coode,Indonesia
Elaeocarpaceae,Elaeocarpus luteolus,A.C.Sm.,Indonesia
Elaeocarpaceae,Elaeocarpus macrocarpus,Miq.,Indonesia
Elaeocarpaceae,Elaeocarpus macrocerus,(Turcz.) Merr.,Indonesia
Elaeocarpaceae,Elaeocarpus macrophyllus,Blume,Indonesia
Elaeocarpaceae,Elaeocarpus macropus,Warb. ex Knuth,Indonesia
Elaeocarpaceae,Elaeocarpus mamasii,Weibel,Indonesia
Elaeocarpaceae,Elaeocarpus marginatus,Stapf ex Weibel,Indonesia
Elaeocarpaceae,Elaeocarpus mastersii,King,Indonesia
Elaeocarpaceae,Elaeocarpus micranthus,Teijsm. & Binn.,Indonesia
Elaeocarpaceae,Elaeocarpus miegei,Weibel,Indonesia
Elaeocarpaceae,Elaeocarpus monocera,Cav.,Indonesia
Elaeocarpaceae,Elaeocarpus multiflorus,(Turcz.) Fern.-Vill.,Indonesia
Elaeocarpaceae,Elaeocarpus multinervosus,Knuth,Indonesia
Elaeocarpaceae,Elaeocarpus multisectus,Schltr.,Indonesia
Elaeocarpaceae,Elaeocarpus murudensis,Merr.,Indonesia
Elaeocarpaceae,Elaeocarpus musseri,Coode,Indonesia
Elaeocarpaceae,Elaeocarpus myrmecophilus,A.C.Sm.,Indonesia
Elaeocarpaceae,Elaeocarpus nanus,Corner,Indonesia
Elaeocarpaceae,Elaeocarpus nitidus,Jack,Indonesia
Elaeocarpaceae,Elaeocarpus nooteboomii,Coode,Indonesia
Elaeocarpaceae,Elaeocarpus nouhuysii,Koord.,Indonesia
Elaeocarpaceae,Elaeocarpus obtusus,Blume,Indonesia
Elaeocarpaceae,Elaeocarpus octantherus,DC.,Indonesia
Elaeocarpaceae,Elaeocarpus octopetalus,Merr.,Indonesia
Elaeocarpaceae,Elaeocarpus ornatus,Coode,Indonesia
Elaeocarpaceae,Elaeocarpus orohensis,Schltr.,Indonesia
Elaeocarpaceae,Elaeocarpus ovalis,Miq.,Indonesia
Elaeocarpaceae,Elaeocarpus pachyanthus,Schltr.,Indonesia
Elaeocarpaceae,Elaeocarpus pachyophrys,Warb.,Indonesia
Elaeocarpaceae,Elaeocarpus palembanicus,(Miq.) Corner,Indonesia
Elaeocarpaceae,Elaeocarpus pedunculatus,Wall. ex Mast.,Indonesia
Elaeocarpaceae,Elaeocarpus petiolatus,(Jack) Wall.,Indonesia
Elaeocarpaceae,Elaeocarpus pierrei,Koord. & Valeton,Indonesia
Elaeocarpaceae,Elaeocarpus poculifer,A.C.Sm.,Indonesia
Elaeocarpaceae,Elaeocarpus polydactylus,Schltr.,Indonesia
Elaeocarpaceae,Elaeocarpus prafiensis,Weibel,Indonesia
Elaeocarpaceae,Elaeocarpus pseudopaniculatus,Corner,Indonesia
Elaeocarpaceae,Elaeocarpus ptilanthus,Schltr.,Indonesia
Elaeocarpaceae,Elaeocarpus purus,Coode,Indonesia
Elaeocarpaceae,Elaeocarpus pycnanthus,A.C.Sm.,Indonesia
Elaeocarpaceae,Elaeocarpus renae,Coode,Indonesia
Elaeocarpaceae,Elaeocarpus roslii,Coode,Indonesia
Elaeocarpaceae,Elaeocarpus royenii,Weibel,Indonesia
Elaeocarpaceae,Elaeocarpus rumphii,Merr.,Indonesia
Elaeocarpaceae,Elaeocarpus rutengii,Weibel,Indonesia
Elaeocarpaceae,Elaeocarpus salicifolius,King,Indonesia
Elaeocarpaceae,Elaeocarpus sarcanthus,Schltr.,Indonesia
Elaeocarpaceae,Elaeocarpus schlechterianus,A.C.Sm.,Indonesia
Elaeocarpaceae,Elaeocarpus schmutzii,Weibel,Indonesia
Elaeocarpaceae,Elaeocarpus sebastianii,Weibel,Indonesia
Elaeocarpaceae,Elaeocarpus sepikanus,Schltr.,Indonesia
Elaeocarpaceae,Elaeocarpus seramicus,Coode,Indonesia
Elaeocarpaceae,Elaeocarpus sericoloides,A.C.Sm.,Indonesia
Elaeocarpaceae,Elaeocarpus simaluensis,Weibel,Indonesia
Elaeocarpaceae,Elaeocarpus steupii,Coode,Indonesia
Elaeocarpaceae,Elaeocarpus stipularis,Blume,Indonesia
Elaeocarpaceae,Elaeocarpus sublucidus,Knuth,Indonesia
Elaeocarpaceae,Elaeocarpus submonoceras,Miq.,Indonesia
Elaeocarpaceae,Elaeocarpus subpuberus,Miq.,Indonesia
Elaeocarpaceae,Elaeocarpus takolensis,Coode,Indonesia
Elaeocarpaceae,Elaeocarpus tectorius,(Lour.) Poir.,Indonesia
Elaeocarpaceae,Elaeocarpus teysmannii,Koord. & Valeton,Indonesia
Elaeocarpaceae,Elaeocarpus timikensis,Coode,Indonesia
Elaeocarpaceae,Elaeocarpus timorensis,Knuth,Indonesia
Elaeocarpaceae,Elaeocarpus tjerengii,Weibel,Indonesia
Elaeocarpaceae,Elaeocarpus treubii,Hochr.,Indonesia
Elaeocarpaceae,Elaeocarpus trichophyllus,A.C.Sm.,Indonesia
Elaeocarpaceae,Elaeocarpus tuberculatus,Roxb.,Indonesia
Elaeocarpaceae,Elaeocarpus undulatus,Warb.,Indonesia
Elaeocarpaceae,Elaeocarpus valetonii,Hochr.,Indonesia
Elaeocarpaceae,Elaeocarpus verheijenii,Weibel,Indonesia
Elaeocarpaceae,Elaeocarpus versicolor,Elmer,Indonesia
Elaeocarpaceae,Elaeocarpus womersleyi,Weibel,Indonesia
Elaeocarpaceae,Elaeocarpus wrayi,King,Indonesia
Elaeocarpaceae,Sericolea micans,Schltr.,Indonesia
Elaeocarpaceae,Sloanea aberrans,(Brandis) A.C.Sm.,Indonesia
Elaeocarpaceae,Sloanea forbesii,F.Muell.,Indonesia
Elaeocarpaceae,Sloanea javanica,(Miq.) Koord. & Valeton,Indonesia
Elaeocarpaceae,Sloanea sigun,(Blume) K.Schum.,Indonesia
Elaeocarpaceae,Sloanea sogerensis,Baker f.,Indonesia
Elaeocarpaceae,Sloanea tieghemii,(F.Muell.) A.C.Sm.,Indonesia
Ericaceae,Dimorphanthera kalkmanii,Sleumer,Indonesia
Ericaceae,Dimorphanthera pulchra,J.J.Sm.,Indonesia
Ericaceae,Gaultheria apiculifera,(J.J.Sm.) Kron & P.W.Fritsch,Indonesia
Ericaceae,Gaultheria heterophylla,(Blume) Zoll. & Moritzi,Indonesia
Ericaceae,Gaultheria pilosa,(Blume) Zoll. & Moritzi,Indonesia
Ericaceae,Leucopogon malayanus,Jack,Indonesia
Ericaceae,Rhododendron aequabile,J.J.Sm.,Indonesia
Ericaceae,Rhododendron agathodaemonis,J.J.Sm.,Indonesia
Ericaceae,Rhododendron aurigeranum,Sleumer,Indonesia
Ericaceae,Rhododendron beyerinckianum,Koord.,Indonesia
Ericaceae,Rhododendron bloembergenii,Sleumer,Indonesia
Ericaceae,Rhododendron brassii,Sleumer,Indonesia
Ericaceae,Rhododendron bullifolium,Sleumer,Indonesia
Ericaceae,Rhododendron culminicola,F.Muell.,Indonesia
Ericaceae,Rhododendron durionifolium,Becc.,Indonesia
Ericaceae,Rhododendron edanoi,Merr. & Quisumb.,Indonesia
Ericaceae,Rhododendron flavoviride,J.J.Sm.,Indonesia
Ericaceae,Rhododendron impositum,J.J.Sm.,Indonesia
Ericaceae,Rhododendron inconspicuum,J.J.Sm.,Indonesia
Ericaceae,Rhododendron javanicum,(Blume) Benn.,Indonesia
Ericaceae,Rhododendron kemulense,J.J.Sm.,Indonesia
Ericaceae,Rhododendron konori,Becc.,Indonesia
Ericaceae,Rhododendron leptobrachion,Sleumer,Indonesia
Ericaceae,Rhododendron macgregoriae,F.Muell.,Indonesia
Ericaceae,Rhododendron malayanum,Jack,Indonesia
Ericaceae,Rhododendron mogeanum,Argent,Indonesia
Ericaceae,Rhododendron monodii,(H.J.Lam) Argent,Indonesia
Ericaceae,Rhododendron moulmainense,Hook.,Indonesia
Ericaceae,Rhododendron orbiculatum,Ridl.,Indonesia
Ericaceae,Rhododendron pudorinum,Sleumer,Indonesia
Ericaceae,Rhododendron retusum,(Blume) Benn.,Indonesia
Ericaceae,Rhododendron scabridibracteum,Sleumer,Indonesia
Ericaceae,Rhododendron vanvuurenii,J.J.Sm.,Indonesia
Ericaceae,Rhododendron zoelleri,Warb.,Indonesia
Ericaceae,Rhododendron zollingeri,J.J.Sm.,Indonesia
Ericaceae,Styphelia abnormis,(Sond.) F.Muell.,Indonesia
Ericaceae,Trochocarpa celebica,(J.J.Sm.) Steenis,Indonesia
Ericaceae,Vaccinium ambivalens,Sleumer,Indonesia
Ericaceae,Vaccinium angiense,Kaneh. & Hatus.,Indonesia
Ericaceae,Vaccinium bancanum,Miq.,Indonesia
Ericaceae,Vaccinium bracteatum,Thunb.,Indonesia
Ericaceae,Vaccinium cuneifolium,Miq.,Indonesia
Ericaceae,Vaccinium dictyoneuron,Sleumer,Indonesia
Ericaceae,Vaccinium dubiosum,J.J.Sm.,Indonesia
Ericaceae,Vaccinium gjellerupii,J.J.Sm.,Indonesia
Ericaceae,Vaccinium laurifolium,Miq.,Indonesia
Ericaceae,Vaccinium littoreum,Miq.,Indonesia
Ericaceae,Vaccinium molle,J.J.Sm.,Indonesia
Ericaceae,Vaccinium muriculatum,J.J.Sm.,Indonesia
Ericaceae,Vaccinium palawanense,Merr.,Indonesia
Ericaceae,Vaccinium varingiifolium,Miq.,Indonesia
Ericaceae,Vaccinium xerampelinum,Sleumer,Indonesia
Erythroxylaceae,Erythroxylum cuneatum,(Miq.) Kurz,Indonesia
Erythroxylaceae,Erythroxylum ecarinatum,Hochr.,Indonesia
Escalloniaceae,Polyosma borneensis,Schltr.,Indonesia
Escalloniaceae,Polyosma fragrans,Benn.,Indonesia
Escalloniaceae,Polyosma ilicifolia,Blume,Indonesia
Escalloniaceae,Polyosma integrifolia,Blume,Indonesia
Escalloniaceae,Polyosma latifolia,Schltr.,Indonesia
Escalloniaceae,Polyosma longepedicellata,King,Indonesia
Escalloniaceae,Polyosma ridleyi,King,Indonesia
Escalloniaceae,Polyosma trimeniifolia,Kaneh. & Hatus.,Indonesia
Euphorbiaceae,Acalypha caturus,Blume,Indonesia
Euphorbiaceae,Acalypha floresensis,Sagun & G.A.Levin,Indonesia
Euphorbiaceae,Acalypha hellwigii,Warb.,Indonesia
Euphorbiaceae,Acalypha longispica,Warb.,Indonesia
Euphorbiaceae,Agrostistachys borneensis,Becc.,Indonesia
Euphorbiaceae,Agrostistachys indica,Dalzell,Indonesia
Euphorbiaceae,Alchornea parviflora,(Benth.) Müll.Arg.,Indonesia
Euphorbiaceae,Alchornea rugosa,(Lour.) Müll.Arg.,Indonesia
Euphorbiaceae,Aleurites moluccanus,(L.) Willd.,Indonesia
Euphorbiaceae,Alphandia verniciflua,Airy Shaw,Indonesia
Euphorbiaceae,Annesijoa novoguineensis,Pax & K.Hoffm.,Indonesia
Euphorbiaceae,Balakata baccata,(Roxb.) Esser,Indonesia
Euphorbiaceae,Balakata luzonica,(Vidal) Esser,Indonesia
Euphorbiaceae,Baliospermum solanifolium,(Burm.) Suresh,Indonesia
Euphorbiaceae,Blumeodendron borneense,Pax & K.Hoffm.,Indonesia
Euphorbiaceae,Blumeodendron endocarpum,Ottens & Welzen,Indonesia
Euphorbiaceae,Blumeodendron gesinus,Ottens,Indonesia
Euphorbiaceae,Blumeodendron kurzii,(Hook.f.) J.J.Sm. ex Koord. & Valeton,Indonesia
Euphorbiaceae,Blumeodendron subrotundifolium,(Elmer) Merr.,Indonesia
Euphorbiaceae,Blumeodendron tokbrai,(Blume) Kurz,Indonesia
Euphorbiaceae,Botryophora geniculata,(Miq.) Beumée ex Airy Shaw,Indonesia
Euphorbiaceae,Cephalomappa lepidotula,Airy Shaw,Indonesia
Euphorbiaceae,Cephalomappa malloticarpa,J.J.Sm.,Indonesia
Euphorbiaceae,Cheilosa montana,Blume,Indonesia
Euphorbiaceae,Chondrostylis bancana,Boerl.,Indonesia
Euphorbiaceae,Cladogynos orientalis,Zipp. ex Span.,Indonesia
Euphorbiaceae,Claoxylon affine,Zoll. & Moritzi,Indonesia
Euphorbiaceae,Claoxylon brachyandrum,Pax & K.Hoffm.,Indonesia
Euphorbiaceae,Claoxylon capillipes,Airy Shaw,Indonesia
Euphorbiaceae,Claoxylon carinatum,Airy Shaw,Indonesia
Euphorbiaceae,Claoxylon cuneatum,J.J.Sm.,Indonesia
Euphorbiaceae,Claoxylon hillii,Benth.,Indonesia
Euphorbiaceae,Claoxylon indicum,(Reinw. ex Blume) Hassk.,Indonesia
Euphorbiaceae,Claoxylon longifolium,(Blume) Endl. ex Hassk.,Indonesia
Euphorbiaceae,Claoxylon physocarpum,Airy Shaw,Indonesia
Euphorbiaceae,Claoxylon pseudoinsulanum,Pax & K.Hoffm.,Indonesia
Euphorbiaceae,Claoxylon scabratum,(Pax & K.Hoffm.) Airy Shaw,Indonesia
Euphorbiaceae,Claoxylon tenuiflorum,Airy Shaw,Indonesia
Euphorbiaceae,Claoxylon tetracoccum,Airy Shaw,Indonesia
Euphorbiaceae,Cleidion javanicum,Blume,Indonesia
Euphorbiaceae,Cleidion minahassae,Pax & K.Hoffm.,Indonesia
Euphorbiaceae,Cleidion papuanum,Lauterb.,Indonesia
Euphorbiaceae,Clonostylis forbesii,S.Moore,Indonesia
Euphorbiaceae,Codiaeum variegatum,(L.) Rumph. ex A.Juss.,Indonesia
Euphorbiaceae,Croton antae,Airy Shaw,Indonesia
Euphorbiaceae,Croton argyratus,Blume,Indonesia
Euphorbiaceae,Croton borneensis,J.J.Sm.,Indonesia
Euphorbiaceae,Croton brassii,Croizat,Indonesia
Euphorbiaceae,Croton cascarilloides,Raeusch.,Indonesia
Euphorbiaceae,Croton caudatus,Geiseler,Indonesia
Euphorbiaceae,Croton choristadenius,K.Schum.,Indonesia
Euphorbiaceae,Croton coccymelophyllus,Radcl.-Sm. & Govaerts,Indonesia
Euphorbiaceae,Croton elbertii,Airy Shaw,Indonesia
Euphorbiaceae,Croton erythrostachys,Hook.f.,Indonesia
Euphorbiaceae,Croton griffithii,Hook.f.,Indonesia
Euphorbiaceae,Croton heterocarpus,Müll.Arg.,Indonesia
Euphorbiaceae,Croton lissophyllus,Radcl.-Sm. & Govaerts ex Esser,Indonesia
Euphorbiaceae,Croton luciae,Croizat,Indonesia
Euphorbiaceae,Croton mallotophyllus,Croizat,Indonesia
Euphorbiaceae,Croton morotaeus,Airy Shaw,Indonesia
Euphorbiaceae,Croton oblongus,Burm.f.,Indonesia
Euphorbiaceae,Croton singularis,Airy Shaw,Indonesia
Euphorbiaceae,Croton tiglium,L.,Indonesia
Euphorbiaceae,Croton tomentellus,F.Muell.,Indonesia
Euphorbiaceae,Croton verreauxii,Baill.,Indonesia
Euphorbiaceae,Doryxylon spinosum,Zoll.,Indonesia
Euphorbiaceae,Elateriospermum tapos,Blume,Indonesia
Euphorbiaceae,Endospermum diadenum,(Miq.) Airy Shaw,Indonesia
Euphorbiaceae,Endospermum medullosum,L.S.Sm.,Indonesia
Euphorbiaceae,Endospermum moluccanum,(Teijsm. & Binn.) Kurz,Indonesia
Euphorbiaceae,Endospermum peltatum,Merr.,Indonesia
Euphorbiaceae,Endospermum quadriloculare,Pax & K.Hoffm.,Indonesia
Euphorbiaceae,Epiprinus malayanus,Griff.,Indonesia
Euphorbiaceae,Erismanthus obliquus,Wall. ex Müll.Arg.,Indonesia
Euphorbiaceae,Euphorbia antiquorum,L.,Indonesia
Euphorbiaceae,Euphorbia buxoides,Radcl.-Sm.,Indonesia
Euphorbiaceae,Euphorbia euonymoclada,Croizat,Indonesia
Euphorbiaceae,Euphorbia lacei,Craib,Indonesia
Euphorbiaceae,Euphorbia lactea,Haw.,Indonesia
Euphorbiaceae,Euphorbia plumerioides,Teijsm. ex Hassk.,Indonesia
Euphorbiaceae,Excoecaria agallocha,L.,Indonesia
Euphorbiaceae,Excoecaria bantamensis,Müll.Arg.,Indonesia
Euphorbiaceae,Excoecaria myrioneura,Airy Shaw,Indonesia
Euphorbiaceae,Excoecaria philippinensis,Merr.,Indonesia
Euphorbiaceae,Gymnanthes borneensis,(Pax & K.Hoffm.) Esser,Indonesia
Euphorbiaceae,Gymnanthes remota,(Steenis) Esser,Indonesia
Euphorbiaceae,Hancea eucausta,"(Airy Shaw) S.E.C.Sierra, Kulju & Welzen",Indonesia
Euphorbiaceae,Hancea grandistipularis,"(Slik) S.E.C.Sierra, Kulju & Welzen",Indonesia
Euphorbiaceae,Hancea griffithiana,"(Müll.Arg.) S.E.C.Sierra, Kulju & Welzen",Indonesia
Euphorbiaceae,Hancea papuana,"(J.J.Sm.) S.E.C.Sierra, Kulju & Welzen",Indonesia
Euphorbiaceae,Hancea penangensis,"(Müll.Arg.) S.E.C.Sierra, Kulju & Welzen",Indonesia
Euphorbiaceae,Hancea stipularis,"(Airy Shaw) S.E.C.Sierra, Kulju & Welzen",Indonesia
Euphorbiaceae,Hancea subpeltata,"(Blume) M.Aparicio ex S.E.C.Sierra, Kulju & Welzen",Indonesia
Euphorbiaceae,Homalanthus arfakiensis,Hutch.,Indonesia
Euphorbiaceae,Homalanthus giganteus,Zoll. & Moritzi,Indonesia
Euphorbiaceae,Homalanthus grandifolius,Ridl.,Indonesia
Euphorbiaceae,Homalanthus nervosus,J.J.Sm.,Indonesia
Euphorbiaceae,Homalanthus novoguineensis,(Warb.) K.Schum.,Indonesia
Euphorbiaceae,Homalanthus populneus,(Geiseler) Pax,Indonesia
Euphorbiaceae,Homalanthus remotus,Esser,Indonesia
Euphorbiaceae,Homonoia riparia,Lour.,Indonesia
Euphorbiaceae,Koilodepas bantamense,Hassk.,Indonesia
Euphorbiaceae,Koilodepas brevipes,Merr.,Indonesia
Euphorbiaceae,Koilodepas hainanense,(Merr.) Croizat,Indonesia
Euphorbiaceae,Koilodepas longifolium,Hook.f.,Indonesia
Euphorbiaceae,Koilodepas pectinatum,Airy Shaw,Indonesia
Euphorbiaceae,Lasiococca brevipes,(Merr.) Welzen & S.E.C.Sierra,Indonesia
Euphorbiaceae,Macaranga aenigmatica,Whitmore,Indonesia
Euphorbiaceae,Macaranga aetheadenia,Airy Shaw,Indonesia
Euphorbiaceae,Macaranga albescens,L.M.Perry,Indonesia
Euphorbiaceae,Macaranga aleuritoides,F.Muell.,Indonesia
Euphorbiaceae,Macaranga allorobinsonii,Whitmore,Indonesia
Euphorbiaceae,Macaranga amissa,Airy Shaw,Indonesia
Euphorbiaceae,Macaranga anceps,Airy Shaw,Indonesia
Euphorbiaceae,Macaranga baccaureifolia,Airy Shaw,Indonesia
Euphorbiaceae,Macaranga bancana,(Miq.) Müll.Arg.,Indonesia
Euphorbiaceae,Macaranga barkeriana,Whitmore,Indonesia
Euphorbiaceae,Macaranga beccariana,Merr.,Indonesia
Euphorbiaceae,Macaranga belensis,L.M.Perry,Indonesia
Euphorbiaceae,Macaranga bifoveata,J.J.Sm.,Indonesia
Euphorbiaceae,Macaranga brachythyrsa,Pax & K.Hoffm.,Indonesia
Euphorbiaceae,Macaranga brevipetiolata,Airy Shaw,Indonesia
Euphorbiaceae,Macaranga brunneofloccosa,Pax & K.Hoffm.,Indonesia
Euphorbiaceae,Macaranga caladiifolia,Becc.,Indonesia
Euphorbiaceae,Macaranga carolinensis,Volkens,Indonesia
Euphorbiaceae,Macaranga carrii,L.M.Perry,Indonesia
Euphorbiaceae,Macaranga caudata,Pax & K.Hoffm.,Indonesia
Euphorbiaceae,Macaranga clavata,Warb.,Indonesia
Euphorbiaceae,Macaranga conifera,(Rchb.f. & Zoll.) Müll.Arg.,Indonesia
Euphorbiaceae,Macaranga costulata,Pax & K.Hoffm.,Indonesia
Euphorbiaceae,Macaranga cucullata,J.J.Sm.,Indonesia
Euphorbiaceae,Macaranga cumingii,(Baill.) Müll.Arg.,Indonesia
Euphorbiaceae,Macaranga decipiens,L.M.Perry,Indonesia
Euphorbiaceae,Macaranga densiflora,Warb.,Indonesia
Euphorbiaceae,Macaranga denticulata,(Blume) Müll.Arg.,Indonesia
Euphorbiaceae,Macaranga depressa,(Müll.Arg.) Müll.Arg.,Indonesia
Euphorbiaceae,Macaranga diepenhorstii,(Miq.) Müll.Arg.,Indonesia
Euphorbiaceae,Macaranga eloba,Pax & K.Hoffm.,Indonesia
Euphorbiaceae,Macaranga endertii,Whitmore,Indonesia
Euphorbiaceae,Macaranga eymae,L.M.Perry,Indonesia
Euphorbiaceae,Macaranga fragrans,L.M.Perry,Indonesia
Euphorbiaceae,Macaranga fulva,Airy Shaw,Indonesia
Euphorbiaceae,Macaranga gigantea,(Rchb.f. & Zoll.) Müll.Arg.,Indonesia
Euphorbiaceae,Macaranga gigantifolia,Merr.,Indonesia
Euphorbiaceae,Macaranga glaberrima,(Hassk.) Airy Shaw,Indonesia
Euphorbiaceae,Macaranga glandibracteolata,S.J.Davies,Indonesia
Euphorbiaceae,Macaranga glandulifera,L.M.Perry,Indonesia
Euphorbiaceae,Macaranga gracilis,Pax & K.Hoffm.,Indonesia
Euphorbiaceae,Macaranga grandifolia,(Blanco) Merr.,Indonesia
Euphorbiaceae,Macaranga griffithiana,Müll.Arg.,Indonesia
Euphorbiaceae,Macaranga hengkyana,Whitmore,Indonesia
Euphorbiaceae,Macaranga heynei,I.M.Johnst.,Indonesia
Euphorbiaceae,Macaranga hispida,(Blume) Müll.Arg.,Indonesia
Euphorbiaceae,Macaranga hosei,King ex Hook.f.,Indonesia
Euphorbiaceae,Macaranga hullettii,King ex Hook.f.,Indonesia
Euphorbiaceae,Macaranga hypoleuca,(Rchb.f. & Zoll.) Müll.Arg.,Indonesia
Euphorbiaceae,Macaranga hystrichogyne,Airy Shaw,Indonesia
Euphorbiaceae,Macaranga indica,Wight,Indonesia
Euphorbiaceae,Macaranga indistincta,Whitmore,Indonesia
Euphorbiaceae,Macaranga inermis,Pax & K.Hoffm.,Indonesia
Euphorbiaceae,Macaranga involucrata,Baill.,Indonesia
Euphorbiaceae,Macaranga javanica,(Blume) Müll.Arg.,Indonesia
Euphorbiaceae,Macaranga kinabaluensis,Airy Shaw,Indonesia
Euphorbiaceae,Macaranga kingii,Hook.f.,Indonesia
Euphorbiaceae,Macaranga kostermansii,L.M.Perry,Indonesia
Euphorbiaceae,Macaranga lamellata,Whitmore,Indonesia
Euphorbiaceae,Macaranga lanceolata,Pax & K.Hoffm.,Indonesia
Euphorbiaceae,Macaranga lowii,King ex Hook.f.,Indonesia
Euphorbiaceae,Macaranga magnifolia,L.M.Perry,Indonesia
Euphorbiaceae,Macaranga mappa,(L.) Müll.Arg.,Indonesia
Euphorbiaceae,Macaranga minahassae,Whitmore,Indonesia
Euphorbiaceae,Macaranga misimae,Airy Shaw,Indonesia
Euphorbiaceae,Macaranga motleyana,(Müll.Arg.) Müll.Arg.,Indonesia
Euphorbiaceae,Macaranga novoguineensis,J.J.Sm.,Indonesia
Euphorbiaceae,Macaranga nusatenggarensis,Whitmore,Indonesia
Euphorbiaceae,Macaranga pachyphylla,Müll.Arg.,Indonesia
Euphorbiaceae,Macaranga parabicolor,Whitmore,Indonesia
Euphorbiaceae,Macaranga pearsonii,Merr.,Indonesia
Euphorbiaceae,Macaranga platyclada,Pax & K.Hoffm.,Indonesia
Euphorbiaceae,Macaranga pleiostemon,Pax & K.Hoffm.,Indonesia
Euphorbiaceae,Macaranga pleytei,L.M.Perry,Indonesia
Euphorbiaceae,Macaranga polyadenia,Pax & K.Hoffm.,Indonesia
Euphorbiaceae,Macaranga pruinosa,(Miq.) Müll.Arg.,Indonesia
Euphorbiaceae,Macaranga punctata,K.Schum.,Indonesia
Euphorbiaceae,Macaranga puncticulata,Gage,Indonesia
Euphorbiaceae,Macaranga quadriglandulosa,Warb.,Indonesia
Euphorbiaceae,Macaranga racemohispida,Whitmore,Indonesia
Euphorbiaceae,Macaranga rarispina,Whitmore,Indonesia
Euphorbiaceae,Macaranga recurvata,Gage,Indonesia
Euphorbiaceae,Macaranga reiteriana,Pax & K.Hoffm.,Indonesia
Euphorbiaceae,Macaranga repandodentata,Airy Shaw,Indonesia
Euphorbiaceae,Macaranga rhizinoides,(Blume) Müll.Arg.,Indonesia
Euphorbiaceae,Macaranga rorokae,Whitmore,Indonesia
Euphorbiaceae,Macaranga salicifolia,Airy Shaw,Indonesia
Euphorbiaceae,Macaranga sandsii,Whitmore,Indonesia
Euphorbiaceae,Macaranga serratifolia,Whitmore,Indonesia
Euphorbiaceae,Macaranga similis,Pax & K.Hoffm.,Indonesia
Euphorbiaceae,Macaranga sinensis,(Baill.) Müll.Arg.,Indonesia
Euphorbiaceae,Macaranga sumatrana,Müll.Arg.,Indonesia
Euphorbiaceae,Macaranga suwo,Whitmore,Indonesia
Euphorbiaceae,Macaranga tanarius,(L.) Müll.Arg.,Indonesia
Euphorbiaceae,Macaranga tessellata,Gage,Indonesia
Euphorbiaceae,Macaranga thomasii,Whitmore,Indonesia
Euphorbiaceae,Macaranga trichanthera,L.M.Perry,Indonesia
Euphorbiaceae,Macaranga trichocarpa,(Zoll.) Müll.Arg.,Indonesia
Euphorbiaceae,Macaranga triloba,(Thunb.) Müll.Arg.,Indonesia
Euphorbiaceae,Macaranga tsonane,Whitmore,Indonesia
Euphorbiaceae,Macaranga versteeghii,L.M.Perry,Indonesia
Euphorbiaceae,Macaranga villosula,Pax & K.Hoffm.,Indonesia
Euphorbiaceae,Macaranga waturandangii,Whitmore,Indonesia
Euphorbiaceae,Macaranga winkleri,Pax & K.Hoffm.,Indonesia
Euphorbiaceae,Mallotus blumeanus,Müll.Arg.,Indonesia
Euphorbiaceae,Mallotus caudatus,Merr.,Indonesia
Euphorbiaceae,Mallotus chromocarpus,Airy Shaw,Indonesia
Euphorbiaceae,Mallotus connatus,M.Aparicio,Indonesia
Euphorbiaceae,Mallotus cumingii,Müll.Arg.,Indonesia
Euphorbiaceae,Mallotus didymochryseus,Airy Shaw,Indonesia
Euphorbiaceae,Mallotus dispar,(Blume) Müll.Arg.,Indonesia
Euphorbiaceae,Mallotus floribundus,(Blume) Müll.Arg.,Indonesia
Euphorbiaceae,Mallotus insularum,(Airy Shaw) Slik,Indonesia
Euphorbiaceae,Mallotus korthalsii,Müll.Arg.,Indonesia
Euphorbiaceae,Mallotus lackeyi,Elmer,Indonesia
Euphorbiaceae,Mallotus lancifolius,Hook.f.,Indonesia
Euphorbiaceae,Mallotus leucocalyx,Müll.Arg.,Indonesia
Euphorbiaceae,Mallotus leucodermis,Hook.f.,Indonesia
Euphorbiaceae,Mallotus macrostachyus,(Miq.) Müll.Arg.,Indonesia
Euphorbiaceae,Mallotus minimifructus,S.E.C.Sierra,Indonesia
Euphorbiaceae,Mallotus miquelianus,(Scheff.) Boerl.,Indonesia
Euphorbiaceae,Mallotus mollissimus,(Geiseler) Airy Shaw,Indonesia
Euphorbiaceae,Mallotus muticus,(Müll.Arg.) Airy Shaw,Indonesia
Euphorbiaceae,Mallotus nudiflorus,(L.) Kulju & Welzen,Indonesia
Euphorbiaceae,Mallotus paniculatus,(Lam.) Müll.Arg.,Indonesia
Euphorbiaceae,Mallotus peltatus,(Geiseler) Müll.Arg.,Indonesia
Euphorbiaceae,Mallotus philippensis,(Lam.) Müll.Arg.,Indonesia
Euphorbiaceae,Mallotus pleiogynus,Pax & K.Hoffm.,Indonesia
Euphorbiaceae,Mallotus polyadenos,F.Muell.,Indonesia
Euphorbiaceae,Mallotus repandus,(Rottler) Müll.Arg.,Indonesia
Euphorbiaceae,Mallotus resinosus,(Blanco) Merr.,Indonesia
Euphorbiaceae,Mallotus rufidulus,(Miq.) Müll.Arg.,Indonesia
Euphorbiaceae,Mallotus sphaerocarpus,(Miq.) Müll.Arg.,Indonesia
Euphorbiaceae,Mallotus spinifructus,Welzen & S.E.C.Sierra,Indonesia
Euphorbiaceae,Mallotus sumatranus,(Miq.) Airy Shaw,Indonesia
Euphorbiaceae,Mallotus tiliifolius,(Blume) Müll.Arg.,Indonesia
Euphorbiaceae,Mallotus trinervius,(K.Schum. & Lauterb.) Pax & K.Hoffm.,Indonesia
Euphorbiaceae,Mallotus wrayi,King ex Hook.f.,Indonesia
Euphorbiaceae,Melanolepis multiglandulosa,(Reinw. ex Blume) Rchb. & Zoll.,Indonesia
Euphorbiaceae,Moultonianthus leembruggianus,(Boerl. & Koord.) Steenis,Indonesia
Euphorbiaceae,Neoscortechinia angustifolia,(Airy Shaw) Welzen,Indonesia
Euphorbiaceae,Neoscortechinia forbesii,(Hook.f.) S.Moore,Indonesia
Euphorbiaceae,Neoscortechinia kingii,(Hook.f.) Pax & K.Hoffm.,Indonesia
Euphorbiaceae,Neoscortechinia nicobarica,(Hook.f.) Pax & K.Hoffm.,Indonesia
Euphorbiaceae,Neoscortechinia philippinensis,(Merr.) Welzen,Indonesia
Euphorbiaceae,Neoscortechinia sumatrensis,S.Moore,Indonesia
Euphorbiaceae,Ostodes paniculata,Blume,Indonesia
Euphorbiaceae,Paracroton pendulus,(Hassk.) Miq.,Indonesia
Euphorbiaceae,Paracroton sterrhopodus,(Airy Shaw) Radcl.-Sm. & Govaerts,Indonesia
Euphorbiaceae,Pimelodendron amboinicum,Hassk.,Indonesia
Euphorbiaceae,Pimelodendron griffithianum,(Müll.Arg.) Benth. ex Hook.f.,Indonesia
Euphorbiaceae,Pimelodendron macrocarpum,J.J.Sm.,Indonesia
Euphorbiaceae,Pimelodendron zoanthogyne,J.J.Sm.,Indonesia
Euphorbiaceae,Ptychopyxis arborea,(Merr.) Airy Shaw,Indonesia
Euphorbiaceae,Ptychopyxis bacciformis,Croizat,Indonesia
Euphorbiaceae,Ptychopyxis chrysantha,(K.Schum.) Airy Shaw,Indonesia
Euphorbiaceae,Ptychopyxis costata,Miq.,Indonesia
Euphorbiaceae,Ptychopyxis glochidiifolia,Airy Shaw,Indonesia
Euphorbiaceae,Ptychopyxis grandis,Airy Shaw,Indonesia
Euphorbiaceae,Ptychopyxis javanica,(J.J.Sm.) Croizat,Indonesia
Euphorbiaceae,Ptychopyxis kingii,Ridl.,Indonesia
Euphorbiaceae,Shirakiopsis indica,(Willd.) Esser,Indonesia
Euphorbiaceae,Shirakiopsis sanchezii,(Merr.) Esser,Indonesia
Euphorbiaceae,Shirakiopsis virgata,(Zoll. & Moritzi ex Miq.) Esser,Indonesia
Euphorbiaceae,Spathiostemon javensis,Blume,Indonesia
Euphorbiaceae,Stillingia lineata,(Lam.) Müll.Arg.,Indonesia
Euphorbiaceae,Strophioblachia fimbricalyx,Boerl.,Indonesia
Euphorbiaceae,Sumbaviopsis albicans,(Blume) J.J.Sm.,Indonesia
Euphorbiaceae,Suregada glomerulata,(Blume) Baill.,Indonesia
Euphorbiaceae,Syndyophyllum excelsum,K.Schum. & Lauterb.,Indonesia
Euphorbiaceae,Syndyophyllum occidentale,(Airy Shaw) Welzen,Indonesia
Euphorbiaceae,Triadica cochinchinensis,Lour.,Indonesia
Euphorbiaceae,Trigonostemon apetalogyne,Airy Shaw,Indonesia
Euphorbiaceae,Trigonostemon aurantiacus,(Kurz ex Teijsm. & Binn.) Boerl.,Indonesia
Euphorbiaceae,Trigonostemon dipteranthus,Airy Shaw,Indonesia
Euphorbiaceae,Trigonostemon heteranthus,Wight,Indonesia
Euphorbiaceae,Trigonostemon laevigatus,Müll.Arg.,Indonesia
Euphorbiaceae,Trigonostemon longifolius,Baill. ex Müll.Arg.,Indonesia
Euphorbiaceae,Trigonostemon magnificus,R.I.Milne,Indonesia
Euphorbiaceae,Trigonostemon malaccanus,Müll.Arg.,Indonesia
Euphorbiaceae,Trigonostemon philippinensis,Stapf,Indonesia
Euphorbiaceae,Trigonostemon sandakanensis,Jabl.,Indonesia
Euphorbiaceae,Trigonostemon serratus,Blume,Indonesia
Euphorbiaceae,Trigonostemon verticillatus,(Jack) Pax,Indonesia
Euphorbiaceae,Trigonostemon villosus,Hook.f.,Indonesia
Euphorbiaceae,Trigonostemon viridissimus,(Kurz) Airy Shaw,Indonesia
Euphorbiaceae,Trigonostemon wildeorum,R.Y.Yu & Welzen,Indonesia
Euphorbiaceae,Tritaxis australiensis,S.Moore,Indonesia
Euphorbiaceae,Tritaxis denticulata,(Merr.) R.Y.Yu & Welzen,Indonesia
Euphorbiaceae,Tritaxis malayana,(Hook.f.) R.Y.Yu & Welzen,Indonesia
Euphorbiaceae,Tritaxis moluccensis,(Welzen & Oostrum) R.Y.Yu & Welzen,Indonesia
Euphorbiaceae,Tritaxis muricata,(Hook.f.) R.Y.Yu & Welzen,Indonesia
Euphorbiaceae,Wetria insignis,(Steud.) Airy Shaw,Indonesia
Fabaceae,Acacia aulacocarpa,A.Cunn. ex Benth.,Indonesia
Fabaceae,Acacia auriculiformis,A.Cunn. ex Benth.,Indonesia
Fabaceae,Acacia confusa,Merr.,Indonesia
Fabaceae,Acacia mangium,Willd.,Indonesia
Fabaceae,Acacia oraria,F.Muell.,Indonesia
Fabaceae,Acacia wetarensis,Pedley,Indonesia
Fabaceae,Acrocarpus fraxinifolius,Wight & Arn.,Indonesia
Fabaceae,Adenanthera borneensis,Brace ex Prain,Indonesia
Fabaceae,Adenanthera forbesii,Gagnep.,Indonesia
Fabaceae,Adenanthera kostermansii,I.C.Nielsen,Indonesia
Fabaceae,Adenanthera malayana,Kosterm.,Indonesia
Fabaceae,Adenanthera microsperma,Teijsm. & Binn.,Indonesia
Fabaceae,Adenanthera novoguineensis,Baker f.,Indonesia
Fabaceae,Adenanthera pavonina,L.,Indonesia
Fabaceae,Adinobotrys atropurpureus,(Wall.) Dunn,Indonesia
Fabaceae,Adinobotrys vastus,(Kosterm.) J.Compton & Schrire,Indonesia
Fabaceae,Afzelia javanica,(Miq.) J.Léonard,Indonesia
Fabaceae,Afzelia rhomboidea,(Blanco) Fern.-Vill.,Indonesia
Fabaceae,Albizia acle,(Blanco) Merr.,Indonesia
Fabaceae,Albizia chinensis,(Osbeck) Merr.,Indonesia
Fabaceae,Albizia corniculata,(Lour.) Druce,Indonesia
Fabaceae,Albizia kostermansii,I.C.Nielsen,Indonesia
Fabaceae,Albizia lebbekoides,(DC.) Benth.,Indonesia
Fabaceae,Albizia pedicellata,Baker ex Benth.,Indonesia
Fabaceae,Albizia procera,(Roxb.) Benth.,Indonesia
Fabaceae,Albizia retusa,Benth.,Indonesia
Fabaceae,Albizia rosulata,(Kosterm.) I.C.Nielsen,Indonesia
Fabaceae,Albizia saponaria,(Lour.) Blume ex Miq.,Indonesia
Fabaceae,Albizia splendens,Miq.,Indonesia
Fabaceae,Albizia tomentella,Miq.,Indonesia
Fabaceae,Albizia westerhuisii,I.C.Nielsen,Indonesia
Fabaceae,Archidendron alatum,Pulle ex de Wit,Indonesia
Fabaceae,Archidendron aruense,(Warb.) de Wit,Indonesia
Fabaceae,Archidendron beguinii,de Wit,Indonesia
Fabaceae,Archidendron borneense,(Benth.) I.C.Nielsen,Indonesia
Fabaceae,Archidendron brevipes,(K.Schum.) de Wit,Indonesia
Fabaceae,Archidendron bubalinum,(Jack) I.C.Nielsen,Indonesia
Fabaceae,Archidendron calliandrum,de Wit,Indonesia
Fabaceae,Archidendron clypearia,(Jack) I.C.Nielsen,Indonesia
Fabaceae,Archidendron cockburnii,I.C.Nielsen,Indonesia
Fabaceae,Archidendron contortum,(Mart.) I.C.Nielsen,Indonesia
Fabaceae,Archidendron crateradenum,(Kosterm.) I.C.Nielsen,Indonesia
Fabaceae,Archidendron ellipticum,(Blume) I.C.Nielsen,Indonesia
Fabaceae,Archidendron fagifolium,(Blume ex Miq.) I.C.Nielsen,Indonesia
Fabaceae,Archidendron globosum,(Blume) I.C.Nielsen,Indonesia
Fabaceae,Archidendron grandiflorum,(Benth.) I.C.Nielsen,Indonesia
Fabaceae,Archidendron harmsii,Malm,Indonesia
Fabaceae,Archidendron havilandii,(Ridl.) I.C.Nielsen,Indonesia
Fabaceae,Archidendron jiringa,(Jack) I.C.Nielsen,Indonesia
Fabaceae,Archidendron kalkmanii,(Kosterm.) I.C.Nielsen,Indonesia
Fabaceae,Archidendron kunstleri,(Prain) I.C.Nielsen,Indonesia
Fabaceae,Archidendron lucyi,F.Muell.,Indonesia
Fabaceae,Archidendron megaphyllum,Merr. & L.M.Perry,Indonesia
Fabaceae,Archidendron microcarpum,(Benth.) I.C.Nielsen,Indonesia
Fabaceae,Archidendron minahassae,(Teijsm. & Binn. ex Koord.) I.C.Nielsen,Indonesia
Fabaceae,Archidendron molle,(K.Schum.) de Wit,Indonesia
Fabaceae,Archidendron monopterum,(Kosterm.) I.C.Nielsen,Indonesia
Fabaceae,Archidendron nervosum,de Wit,Indonesia
Fabaceae,Archidendron oppositum,(Miq.) I.C.Nielsen,Indonesia
Fabaceae,Archidendron palauense,(Kaneh.) I.C.Nielsen,Indonesia
Fabaceae,Archidendron parviflorum,Pulle,Indonesia
Fabaceae,Archidendron pauciflorum,(Benth.) I.C.Nielsen,Indonesia
Fabaceae,Archidendron royenii,Kosterm.,Indonesia
Fabaceae,Archidendron sessile,(Scheff.) de Wit,Indonesia
Fabaceae,Archidendron tenuiracemosum,Kaneh. & Hatus.,Indonesia
Fabaceae,Archidendron tjendana,(Kosterm.) I.C.Nielsen,Indonesia
Fabaceae,Archidendron trichophyllum,(Kosterm.) I.C.Nielsen,Indonesia
Fabaceae,Archidendron triplinervium,(Kosterm.) I.C.Nielsen,Indonesia
Fabaceae,Bauhinia acuminata,L.,Indonesia
Fabaceae,Brachypterum microphyllum,Miq.,Indonesia
Fabaceae,Brachypterum robustum,(Roxb. ex DC.) Dalzell & A.Gibson,Indonesia
Fabaceae,Butea monosperma,(Lam.) Kuntze,Indonesia
Fabaceae,Cassia fistula,L.,Indonesia
Fabaceae,Cassia javanica,L.,Indonesia
Fabaceae,Crudia bantamensis,(Hassk.) Benth.,Indonesia
Fabaceae,Crudia blancoi,Rolfe,Indonesia
Fabaceae,Crudia caudata,Prain,Indonesia
Fabaceae,Crudia dewitii,Kosterm.,Indonesia
Fabaceae,Crudia gracilis,Prain,Indonesia
Fabaceae,Crudia ornata,de Wit,Indonesia
Fabaceae,Crudia papuana,Kosterm.,Indonesia
Fabaceae,Crudia penduliflora,Ridl.,Indonesia
Fabaceae,Crudia splendens,de Wit,Indonesia
Fabaceae,Crudia tenuipes,Merr.,Indonesia
Fabaceae,Crudia teysmannii,de Wit,Indonesia
Fabaceae,Crudia wrayi,Prain,Indonesia
Fabaceae,Cynometra basifoliola,(Verdc.) Rados.,Indonesia
Fabaceae,Cynometra browneoides,(Harms) Rados.,Indonesia
Fabaceae,Cynometra cauliflora,L.,Indonesia
Fabaceae,Cynometra cynometroides,(Merr. & L.M.Perry) Rados.,Indonesia
Fabaceae,Cynometra elmeri,Merr.,Indonesia
Fabaceae,Cynometra iripa,Kostel.,Indonesia
Fabaceae,Cynometra megalocephala,(Harms) Rados.,Indonesia
Fabaceae,Cynometra novoguineensis,Merr. & L.M.Perry,Indonesia
Fabaceae,Cynometra plurijuga,(Merr. & L.M.Perry) Rados.,Indonesia
Fabaceae,Cynometra psilogyne,(Harms) Rados.,Indonesia
Fabaceae,Cynometra ramiflora,L.,Indonesia
Fabaceae,Cynometra rosea,(K.Schum.) Rados.,Indonesia
Fabaceae,Cynometra schefferi,(K.Schum.) Rados.,Indonesia
Fabaceae,Cynometra steenisii,(van Meeuwen) Rados.,Indonesia
Fabaceae,Dalbergia ferruginea,Roxb.,Indonesia
Fabaceae,Dalbergia havilandii,Prain,Indonesia
Fabaceae,Dalbergia junghuhnii,Benth.,Indonesia
Fabaceae,Dalbergia kunstleri,Prain,Indonesia
Fabaceae,Dalbergia latifolia,Roxb.,Indonesia
Fabaceae,Dalbergia mimosella,(Blanco) Prain,Indonesia
Fabaceae,Dalbergia pinnata,(Lour.) Prain,Indonesia
Fabaceae,Dalbergia sissoides,Wight & Arn.,Indonesia
Fabaceae,Dendrolobium umbellatum,(L.) Benth.,Indonesia
Fabaceae,Dialium hydnocarpoides,de Wit,Indonesia
Fabaceae,Dialium indum,L.,Indonesia
Fabaceae,Dialium kunstleri,Prain,Indonesia
Fabaceae,Dialium platysepalum,Baker,Indonesia
Fabaceae,Dialium procerum,(Steenis) Steyaert,Indonesia
Fabaceae,Dichrostachys cinerea,(L.) Wight & Arn.,Indonesia
Fabaceae,Endertia spectabilis,Steenis & de Wit,Indonesia
Fabaceae,Erythrina euodiphylla,Hassk.,Indonesia
Fabaceae,Erythrina fusca,Lour.,Indonesia
Fabaceae,Erythrina microcarpa,Koord. & Valeton,Indonesia
Fabaceae,Erythrina subumbrans,(Hassk.) Merr.,Indonesia
Fabaceae,Erythrina variegata,L.,Indonesia
Fabaceae,Falcataria falcata,(L.) Greuter & R.Rankin,Indonesia
Fabaceae,Fordia brachybotrys,Merr.,Indonesia
Fabaceae,Fordia nivea,(Dunn) Dasuki & Schot,Indonesia
Fabaceae,Fordia rheophytica,(Buijsen) Dasuki & Schot,Indonesia
Fabaceae,Fordia splendidissima,(Blume ex Miq.) Buijsen,Indonesia
Fabaceae,Fordia stipularis,(Prain) Dunn,Indonesia
Fabaceae,Gigasiphon amplum,(Span.) de Wit,Indonesia
Fabaceae,Gigasiphon schlechteri,(Harms) de Wit,Indonesia
Fabaceae,Indigofera galegoides,DC.,Indonesia
Fabaceae,Indigofera zollingeriana,Miq.,Indonesia
Fabaceae,Inocarpus fagifer,(Parkinson ex F.A.Zorn) Fosberg,Indonesia
Fabaceae,Inocarpus papuanus,Kosterm.,Indonesia
Fabaceae,Intsia bijuga,(Colebr.) Kuntze,Indonesia
Fabaceae,Intsia palembanica,Miq.,Indonesia
Fabaceae,Kalappia celebica,Kosterm.,Indonesia
Fabaceae,Koompassia excelsa,Taub.,Indonesia
Fabaceae,Koompassia grandiflora,Kosterm.,Indonesia
Fabaceae,Koompassia malaccensis,Maingay,Indonesia
Fabaceae,Leucostegane grandis,Prain,Indonesia
Fabaceae,Mezoneuron pubescens,Desf.,Indonesia
Fabaceae,Millettia borneensis,Adema,Indonesia
Fabaceae,Millettia glabra,Adema,Indonesia
Fabaceae,Millettia xylocarpa,Miq.,Indonesia
Fabaceae,Moullava tortuosa,(Roxb.) Gagnon & G.P.Lewis,Indonesia
Fabaceae,Ormosia bancana,(Miq.) Merr.,Indonesia
Fabaceae,Ormosia calavensis,Azaola,Indonesia
Fabaceae,Ormosia macrodisca,Baker,Indonesia
Fabaceae,Ormosia paniculata,Merr.,Indonesia
Fabaceae,Ormosia penangensis,Ridl.,Indonesia
Fabaceae,Ormosia stipulacea,Meeuwen,Indonesia
Fabaceae,Ormosia sumatrana,Prain,Indonesia
Fabaceae,Ormosia venosa,Baker,Indonesia
Fabaceae,Pararchidendron pruinosum,(A.Cunn. ex Benth.) I.C.Nielsen,Indonesia
Fabaceae,Parkia paya,H.C.Hopkins,Indonesia
Fabaceae,Parkia singularis,Miq.,Indonesia
Fabaceae,Parkia speciosa,Hassk.,Indonesia
Fabaceae,Parkia sumatrana,Miq.,Indonesia
Fabaceae,Parkia timoriana,(DC.) Merr.,Indonesia
Fabaceae,Parkia versteeghii,Merr. & L.M.Perry,Indonesia
Fabaceae,Peltophorum dasyrachis,(Miq.) Kurz,Indonesia
Fabaceae,Peltophorum dasyrhachis,(Miq.) Kurz,Indonesia
Fabaceae,Peltophorum pterocarpum,(DC.) Backer ex K.Heyne,Indonesia
Fabaceae,Peltophorum racemosum,Merr.,Indonesia
Fabaceae,Pericopsis mooniana,Thwaites,Indonesia
Fabaceae,Piliostigma malabaricum,(Roxb.) Benth.,Indonesia
Fabaceae,Pongamia pinnata,(L.) Pierre,Indonesia
Fabaceae,Pseudosindora palustris,Symington,Indonesia
Fabaceae,Pterocarpus indicus,Willd.,Indonesia
Fabaceae,Saraca celebica,J.J.de Wilde,Indonesia
Fabaceae,Saraca declinata,(Jack) Miq.,Indonesia
Fabaceae,Saraca hullettii,Prain,Indonesia
Fabaceae,Saraca indica,L.,Indonesia
Fabaceae,Saraca monadelpha,W.J.de Wilde,Indonesia
Fabaceae,Saraca thaipingensis,Cantley ex Prain,Indonesia
Fabaceae,Schleinitzia novoguineensis,(Warb.) Verdc.,Indonesia
Fabaceae,Senegalia kostermansii,"(I.C.Nielsen) Maslin, Seigler & Ebinger",Indonesia
Fabaceae,Senegalia rugata,(Lam.) Britton & Rose,Indonesia
Fabaceae,Senna divaricata,(Nees & Blume) Lock,Indonesia
Fabaceae,Senna surattensis,(Burm.f.) H.S.Irwin & Barneby,Indonesia
Fabaceae,Senna timoriensis,(DC.) H.S.Irwin & Barneby,Indonesia
Fabaceae,Serianthes grandiflora,Benth.,Indonesia
Fabaceae,Serianthes minahassae,(Koord.) Merr. & L.M.Perry,Indonesia
Fabaceae,Serianthes robinsonii,Fosberg,Indonesia
Fabaceae,Sesbania grandiflora,(L.) Poir.,Indonesia
Fabaceae,Sindora affinis,de Wit,Indonesia
Fabaceae,Sindora beccariana,Backer ex de Wit,Indonesia
Fabaceae,Sindora bruggemanii,de Wit,Indonesia
Fabaceae,Sindora coriacea,(Baker) Prain,Indonesia
Fabaceae,Sindora echinocalyx,Prain,Indonesia
Fabaceae,Sindora galedupa,Prain,Indonesia
Fabaceae,Sindora inermis,Merr.,Indonesia
Fabaceae,Sindora irpicina,de Wit,Indonesia
Fabaceae,Sindora javanica,(Koord. & Valeton) Backer,Indonesia
Fabaceae,Sindora leiocarpa,Backer ex K.Heyne & de Wit,Indonesia
Fabaceae,Sindora sumatrana,Miq.,Indonesia
Fabaceae,Sindora velutina,Baker,Indonesia
Fabaceae,Sindora wallichii,Benth.,Indonesia
Fabaceae,Sophora tomentosa,L.,Indonesia
Fabaceae,Sympetalandra schmutzii,Steenis,Indonesia
Fabaceae,Sympetalandra unijuga,(Shaw) Steenis,Indonesia
Fabaceae,Uittienia modesta,Steenis,Indonesia
Fabaceae,Vachellia leucophloea,"(Roxb.) Maslin, Seigler & Ebinger",Indonesia
Fabaceae,Vachellia tomentosa,"(Rottler) Maslin, Seigler & Ebinger",Indonesia
Fabaceae,Wallaceodendron celebicum,Koord.,Indonesia
Fagaceae,Castanopsis acuminatissima,(Blume) A.DC.,Indonesia
Fagaceae,Castanopsis argentea,(Blume) A.DC.,Indonesia
Fagaceae,Castanopsis buruana,Miq.,Indonesia
Fagaceae,Castanopsis costata,(Blume) A.DC.,Indonesia
Fagaceae,Castanopsis densinervia,Soepadmo,Indonesia
Fagaceae,Castanopsis endertii,Hatus. ex Soepadmo,Indonesia
Fagaceae,Castanopsis evansii,Elmer,Indonesia
Fagaceae,Castanopsis foxworthyi,Schottky,Indonesia
Fagaceae,Castanopsis fulva,Gamble,Indonesia
Fagaceae,Castanopsis hypophoenicea,(Seemen) Soepadmo,Indonesia
Fagaceae,Castanopsis inermis,(Lindl.) Benth. & Hook.f.,Indonesia
Fagaceae,Castanopsis javanica,(Blume) A.DC.,Indonesia
Fagaceae,Castanopsis johorensis,Soepadmo,Indonesia
Fagaceae,Castanopsis lucida,(Nees) Soepadmo,Indonesia
Fagaceae,Castanopsis malaccensis,Gamble,Indonesia
Fagaceae,Castanopsis megacarpa,Gamble,Indonesia
Fagaceae,Castanopsis microphylla,Soepadmo,Indonesia
Fagaceae,Castanopsis motleyana,King,Indonesia
Fagaceae,Castanopsis oviformis,Soepadmo,Indonesia
Fagaceae,Castanopsis pedunculata,Soepadmo,Indonesia
Fagaceae,Castanopsis psilophylla,Soepadmo,Indonesia
Fagaceae,Castanopsis rhamnifolia,(Miq.) A.DC.,Indonesia
Fagaceae,Castanopsis schefferiana,Hance,Indonesia
Fagaceae,Castanopsis tungurrut,(Blume) A.DC.,Indonesia
Fagaceae,Lithocarpus andersonii,Soepadmo,Indonesia
Fagaceae,Lithocarpus aspericupulus,(Markgr.) Rehder,Indonesia
Fagaceae,Lithocarpus atjehensis,Hatus. ex Soepadmo,Indonesia
Fagaceae,Lithocarpus bancanus,(Scheff.) Rehder,Indonesia
Fagaceae,Lithocarpus beccarianus,(Benth.) A.Camus,Indonesia
Fagaceae,Lithocarpus bennettii,(Miq.) Rehder,Indonesia
Fagaceae,Lithocarpus blumeanus,(Korth.) Rehder,Indonesia
Fagaceae,Lithocarpus bullatus,Hatus. ex Soepadmo,Indonesia
Fagaceae,Lithocarpus cantleyanus,(King ex Hook.f.) Rehder,Indonesia
Fagaceae,Lithocarpus caudatifolius,(Merr.) Rehder,Indonesia
Fagaceae,Lithocarpus celebicus,(Miq.) Rehder,Indonesia
Fagaceae,Lithocarpus clathratus,(Seemen) Rehder,Indonesia
Fagaceae,Lithocarpus clementianus,(King ex Hook.f.) A.Camus,Indonesia
Fagaceae,Lithocarpus confertus,Soepadmo,Indonesia
Fagaceae,Lithocarpus confragosus,(King ex Hook.f.) A.Camus,Indonesia
Fagaceae,Lithocarpus conocarpus,(Oudem.) Rehder,Indonesia
Fagaceae,Lithocarpus coopertus,(Blanco) Rehder,Indonesia
Fagaceae,Lithocarpus crassinervius,(Blume) Rehder,Indonesia
Fagaceae,Lithocarpus cyclophorus,(Endl.) A.Camus,Indonesia
Fagaceae,Lithocarpus daphnoideus,(Blume) A.Camus,Indonesia
Fagaceae,Lithocarpus dasystachyus,(Miq.) Rehder,Indonesia
Fagaceae,Lithocarpus echinifer,(Merr.) A.Camus,Indonesia
Fagaceae,Lithocarpus echinulatus,Soepadmo,Indonesia
Fagaceae,Lithocarpus eichleri,(Wenz.) A.Camus,Indonesia
Fagaceae,Lithocarpus elegans,(Blume) Hatus. ex Soepadmo,Indonesia
Fagaceae,Lithocarpus encleisacarpus,(Korth.) A.Camus,Indonesia
Fagaceae,Lithocarpus ewyckii,(Korth.) Rehder,Indonesia
Fagaceae,Lithocarpus ferrugineus,Soepadmo,Indonesia
Fagaceae,Lithocarpus glutinosus,(Blume) Soepadmo,Indonesia
Fagaceae,Lithocarpus gracilis,(Korth.) Soepadmo,Indonesia
Fagaceae,Lithocarpus hallieri,(Seemen) A.Camus,Indonesia
Fagaceae,Lithocarpus hatusimae,Soepadmo,Indonesia
Fagaceae,Lithocarpus havilandii,(Stapf) Barnett,Indonesia
Fagaceae,Lithocarpus hystrix,(Korth.) Rehder,Indonesia
Fagaceae,Lithocarpus imperialis,(Seemen) Markgr.,Indonesia
Fagaceae,Lithocarpus indutus,(Blume) Rehder,Indonesia
Fagaceae,Lithocarpus jacobsii,Soepadmo,Indonesia
Fagaceae,Lithocarpus javensis,Blume,Indonesia
Fagaceae,Lithocarpus korthalsii,(Endl.) Soepadmo,Indonesia
Fagaceae,Lithocarpus kostermansii,Soepadmo,Indonesia
Fagaceae,Lithocarpus lampadarius,(Gamble) A.Camus,Indonesia
Fagaceae,Lithocarpus lauterbachii,(Seemen) Markgr.,Indonesia
Fagaceae,Lithocarpus leptogyne,(Korth.) Soepadmo,Indonesia
Fagaceae,Lithocarpus lucidus,(Roxb.) Rehder,Indonesia
Fagaceae,Lithocarpus luteus,Soepadmo,Indonesia
Fagaceae,Lithocarpus macphailii,(M.R.Hend.) Barnett,Indonesia
Fagaceae,Lithocarpus maingayi,(Benth.) Rehder,Indonesia
Fagaceae,Lithocarpus mariae,Soepadmo,Indonesia
Fagaceae,Lithocarpus megacarpus,Soepadmo,Indonesia
Fagaceae,Lithocarpus meijeri,Soepadmo,Indonesia
Fagaceae,Lithocarpus menadoensis,(Koord.) Soepadmo,Indonesia
Fagaceae,Lithocarpus moluccus,(L.) Soepadmo,Indonesia
Fagaceae,Lithocarpus monticola,(Koidz.) Rehder,Indonesia
Fagaceae,Lithocarpus nieuwenhuisii,(Seemen) A.Camus,Indonesia
Fagaceae,Lithocarpus nodosus,Soepadmo,Indonesia
Fagaceae,Lithocarpus oogyne,(Miq.) A.Camus,Indonesia
Fagaceae,Lithocarpus pallidus,(Blume) Rehder,Indonesia
Fagaceae,Lithocarpus palungensis,C.H.Cannon & Manos,Indonesia
Fagaceae,Lithocarpus papillifer,Hatus. ex Soepadmo,Indonesia
Fagaceae,Lithocarpus platycarpus,(Blume) Rehder,Indonesia
Fagaceae,Lithocarpus pseudokunstleri,A.Camus,Indonesia
Fagaceae,Lithocarpus pseudomoluccus,(Blume) Rehder,Indonesia
Fagaceae,Lithocarpus pulcher,(King) Markgr.,Indonesia
Fagaceae,Lithocarpus pusillus,Soepadmo,Indonesia
Fagaceae,Lithocarpus rassa,(Miq.) Rehder,Indonesia
Fagaceae,Lithocarpus reinwardtii,(Korth.) A.Camus,Indonesia
Fagaceae,Lithocarpus revolutus,Hatus. ex Soepadmo,Indonesia
Fagaceae,Lithocarpus rigidus,Soepadmo,Indonesia
Fagaceae,Lithocarpus rotundatus,(Blume) A.Camus,Indonesia
Fagaceae,Lithocarpus rufovillosus,(Markgr.) Rehder,Indonesia
Fagaceae,Lithocarpus rufus,(Koidz.) A.Camus,Indonesia
Fagaceae,Lithocarpus ruminatus,Soepadmo,Indonesia
Fagaceae,Lithocarpus scyphiger,(Hance) A.Camus,Indonesia
Fagaceae,Lithocarpus sericobalanos,E.F.Warb.,Indonesia
Fagaceae,Lithocarpus suffruticosus,(Ridl.) Soepadmo,Indonesia
Fagaceae,Lithocarpus sundaicus,(Blume) Rehder,Indonesia
Fagaceae,Lithocarpus tapanuliensis,"Harapan, W.H.Tan, Nurainas & Strijk",Indonesia
Fagaceae,Lithocarpus turbinatus,(Stapf) Forman,Indonesia
Fagaceae,Lithocarpus urceolaris,(Jack) Merr.,Indonesia
Fagaceae,Lithocarpus vinkii,Soepadmo,Indonesia
Fagaceae,Lithocarpus wallichianus,(Lindl. ex Hance) Rehder,Indonesia
Fagaceae,Lithocarpus wrayi,(King) A.Camus,Indonesia
Fagaceae,Quercus argentata,Korth.,Indonesia
Fagaceae,Quercus elmeri,Merr.,Indonesia
Fagaceae,Quercus gaharuensis,Soepadmo,Indonesia
Fagaceae,Quercus gemelliflora,Blume,Indonesia
Fagaceae,Quercus kerangasensis,Soepadmo,Indonesia
Fagaceae,Quercus lineata,Blume,Indonesia
Fagaceae,Quercus lowii,King,Indonesia
Fagaceae,Quercus merrillii,Seemen,Indonesia
Fagaceae,Quercus oidocarpa,Korth.,Indonesia
Fagaceae,Quercus semiserrata,Roxb.,Indonesia
Fagaceae,Quercus steenisii,Soepadmo,Indonesia
Fagaceae,Quercus subsericea,A.Camus,Indonesia
Fagaceae,Quercus sumatrana,Soepadmo,Indonesia
Fagaceae,Quercus treubiana,Seemen,Indonesia
Fagaceae,Quercus valdinervosa,Soepadmo,Indonesia
Fagaceae,Trigonobalanus verticillata,Forman,Indonesia
Gelsemiaceae,Pteleocarpa lamponga,(Miq.) Bakh. ex K.Heyne,Indonesia
Gentianaceae,Cyrtophyllum fragrans,(Roxb.) DC.,Indonesia
Gentianaceae,Cyrtophyllum giganteum,(Ridl.) Ridl.,Indonesia
Gentianaceae,Fagraea annulata,Hiern,Indonesia
Gentianaceae,Fagraea auriculata,Jack,Indonesia
Gentianaceae,Fagraea berteroana,A.Gray ex Benth.,Indonesia
Gentianaceae,Fagraea blumei,G.Don,Indonesia
Gentianaceae,Fagraea bodenii,Wernham,Indonesia
Gentianaceae,Fagraea borneensis,Scheff.,Indonesia
Gentianaceae,Fagraea carstensensis,Wernham,Indonesia
Gentianaceae,Fagraea ceilanica,Thunb.,Indonesia
Gentianaceae,Fagraea euneura,Scheff.,Indonesia
Gentianaceae,Fagraea gitingensis,Elmer,Indonesia
Gentianaceae,Fagraea involucrata,Merr.,Indonesia
Gentianaceae,Fagraea litoralis,Blume,Indonesia
Gentianaceae,Fagraea macroscypha,Baker,Indonesia
Gentianaceae,Fagraea resinosa,Leenh.,Indonesia
Gentianaceae,Fagraea tacapala,Leenh.,Indonesia
Gentianaceae,Fagraea umbelliflora,Gilg & Gilg-Ben.,Indonesia
Gentianaceae,Fagraea woodiana,F.Muell.,Indonesia
Gentianaceae,Limahlania crenulata,(Maingay ex C.B.Clarke) K.M.Wong & Sugumaran,Indonesia
Gentianaceae,Picrophloeus belukar,(K.M.Wong & Sugau) K.M.Wong,Indonesia
Gentianaceae,Picrophloeus javanensis,Blume,Indonesia
Gentianaceae,Utania cuspidata,"(Blume) K.M.Wong, Sugumaran & Sugau",Indonesia
Gentianaceae,Utania maingayi,(C.B.Clarke) Sugumaran,Indonesia
Gentianaceae,Utania montana,"(K.M.Wong & Sugau) K.M.Wong, Sugumaran & Sugau",Indonesia
Gentianaceae,Utania philippinensis,"(K.M.Wong & Sugau) K.M.Wong, Sugumaran & Sugau",Indonesia
Gentianaceae,Utania racemosa,(Jack) Sugumaran,Indonesia
Gentianaceae,Utania spicata,"(Baker) K.M.Wong, Sugumaran & Sugau",Indonesia
Gentianaceae,Utania stenophylla,"(Becc. ex Merr.) K.M.Wong, Sugumaran & Sugau",Indonesia
Gentianaceae,Utania volubilis,(Wall.) Sugumaran,Indonesia
Gesneriaceae,Cyrtandra balgooyi,H.J.Atkins & Karton.,Indonesia
Gesneriaceae,Cyrtandra celebica,Blume,Indonesia
Gesneriaceae,Cyrtandra elbertii,Bakh.f.,Indonesia
Gesneriaceae,Cyrtandra engleri,Koord.,Indonesia
Gesneriaceae,Cyrtandra floccosa,R.Bone & H.J.Atkins,Indonesia
Gesneriaceae,Cyrtandra kinhoi,Karton. & H.J.Atkins,Indonesia
Gesneriaceae,Cyrtandra kinhoii,Karton. & H.J.Atkins,Indonesia
Gesneriaceae,Cyrtandra longistamina,H.J.Atkins & Karton.,Indonesia
Gesneriaceae,Cyrtandra rubribracteata,Karton. & H.J.Atkins,Indonesia
Gesneriaceae,Cyrtandra spicata,de Vriese,Indonesia
Gnetaceae,Gnetum costatum,K.Schum.,Indonesia
Gnetaceae,Gnetum gnemon,L.,Indonesia
Haloragaceae,Gonocarpus sanguineus,(Merr. & L.M.Perry) Orchard,Indonesia
Hamamelidaceae,Distylium stellare,Kuntze,Indonesia
Hamamelidaceae,Exbucklandia populnea,(R.Br. ex Griff.) R.W.Br.,Indonesia
Hamamelidaceae,Rhodoleia championii,Hook.f.,Indonesia
Hernandiaceae,Gyrocarpus americanus,Jacq.,Indonesia
Hernandiaceae,Hernandia nymphaeifolia,(C.Presl) Kubitzki,Indonesia
Hernandiaceae,Hernandia ovigera,L.,Indonesia
Himantandraceae,Galbulimima belgraveana,(F.Muell.) Sprague,Indonesia
Hypericaceae,Cratoxylum arborescens,(Vahl) Blume,Indonesia
Hypericaceae,Cratoxylum cochinchinense,(Lour.) Blume,Indonesia
Hypericaceae,Cratoxylum formosum,(Jack) Benth. & Hook.f. ex Dyer,Indonesia
Hypericaceae,Cratoxylum glaucum,Korth.,Indonesia
Hypericaceae,Cratoxylum maingayi,Dyer,Indonesia
Hypericaceae,Cratoxylum sumatranum,(Jack) Blume,Indonesia
Icacinaceae,Mappia montana,(Blume) Miers,Indonesia
Icacinaceae,Mappia nimmoniana,(J.Graham) Byng & Stull,Indonesia
Icacinaceae,Merrilliodendron megacarpum,(Hemsl.) Sleumer,Indonesia
Icacinaceae,Ryticaryum longifolium,K.Schum. & Lauterb.,Indonesia
Icacinaceae,Ryticaryum oleraceum,Becc.,Indonesia
Irvingiaceae,Allantospermum borneense,Forman,Indonesia
Irvingiaceae,Irvingia malayana,Oliv. ex A.W.Benn.,Indonesia
Iteaceae,Itea macrophylla,Wall.,Indonesia
Ixonanthaceae,Ixonanthes icosandra,Jack,Indonesia
Ixonanthaceae,Ixonanthes petiolaris,Blume,Indonesia
Ixonanthaceae,Ixonanthes reticulata,Jack,Indonesia
Juglandaceae,Alfaropsis roxburghiana,(Lindl. ex Wall.) Iljinsk.,Indonesia
Juglandaceae,Engelhardia apoensis,Elmer ex Nagel,Indonesia
Juglandaceae,Engelhardia rigida,Blume,Indonesia
Juglandaceae,Engelhardia serrata,Blume,Indonesia
Juglandaceae,Engelhardia spicata,Lechen ex Blume,Indonesia
Lamiaceae,Callicarpa arborea,Roxb.,Indonesia
Lamiaceae,Callicarpa argentii,Bramley,Indonesia
Lamiaceae,Callicarpa barbata,Ridl.,Indonesia
Lamiaceae,Callicarpa caudata,Maxim.,Indonesia
Lamiaceae,Callicarpa cinnamomea,(Hallier f.) Govaerts,Indonesia
Lamiaceae,Callicarpa endertii,(Moldenke) Bramley,Indonesia
Lamiaceae,Callicarpa erioclona,Schauer,Indonesia
Lamiaceae,Callicarpa furfuracea,Ridl,Indonesia
Lamiaceae,Callicarpa glabrifolia,S.Atkins,Indonesia
Lamiaceae,Callicarpa havilandii,(King & Gamble) H.J.Lam,Indonesia
Lamiaceae,Callicarpa involucrata,Merr.,Indonesia
Lamiaceae,Callicarpa pseudoverticillata,Bramley,Indonesia
Lamiaceae,Callicarpa saccata,Steenis,Indonesia
Lamiaceae,Callicarpa scandens,(Moldenke) Govaerts,Indonesia
Lamiaceae,Callicarpa subaequalis,Bramley,Indonesia
Lamiaceae,Callicarpa superposita,Merr.,Indonesia
Lamiaceae,Callicarpa teneriflora,Bramley,Indonesia
Lamiaceae,Clerodendrum adenophysum,Hallier f.,Indonesia
Lamiaceae,Clerodendrum disparifolium,Blume,Indonesia
Lamiaceae,Clerodendrum floribundum,R.Br.,Indonesia
Lamiaceae,Clerodendrum japonicum,(Thunb.) Sweet,Indonesia
Lamiaceae,Clerodendrum laevifolium,Blume,Indonesia
Lamiaceae,Clerodendrum lanuginosum,Blume,Indonesia
Lamiaceae,Clerodendrum macrostegium,Schauer,Indonesia
Lamiaceae,Clerodendrum minahassae,Teijsm. & Binn.,Indonesia
Lamiaceae,Clerodendrum phlomidis,L.f.,Indonesia
Lamiaceae,Clerodendrum quadriloculare,(Blanco) Merr.,Indonesia
Lamiaceae,Clerodendrum tracyanum,(F.Muell.) Benth.,Indonesia
Lamiaceae,Clerodendrum villosum,Blume,Indonesia
Lamiaceae,Garrettia siamensis,H.R.Fletcher,Indonesia
Lamiaceae,Gmelina arborea,Roxb. ex Sm.,Indonesia
Lamiaceae,Gmelina basifilum,de Kok,Indonesia
Lamiaceae,Gmelina dalrympleana,(F.Muell.) H.J.Lam,Indonesia
Lamiaceae,Gmelina elliptica,Sm.,Indonesia
Lamiaceae,Gmelina hollrungii,de Kok,Indonesia
Lamiaceae,Gmelina lepidota,Scheff.,Indonesia
Lamiaceae,Gmelina moluccana,(Blume) Backer ex K.Heyne,Indonesia
Lamiaceae,Gmelina palawensis,H.J.Lam,Indonesia
Lamiaceae,Gmelina uniflora,Stapf,Indonesia
Lamiaceae,Peronema canescens,Jack,Indonesia
Lamiaceae,Premna oblongata,Miq.,Indonesia
Lamiaceae,Premna pallescens,Ridl.,Indonesia
Lamiaceae,Premna parasitica,Blume,Indonesia
Lamiaceae,Premna pubescens,Blume,Indonesia
Lamiaceae,Premna regularis,H.J.Lam,Indonesia
Lamiaceae,Premna serratifolia,L.,Indonesia
Lamiaceae,Premna tomentosa,Willd.,Indonesia
Lamiaceae,Premna trichostoma,Miq.,Indonesia
Lamiaceae,Teijsmanniodendron ahernianum,(Merr.) Bakh.,Indonesia
Lamiaceae,Teijsmanniodendron bogoriense,Koord.,Indonesia
Lamiaceae,Teijsmanniodendron coriaceum,(C.B.Clarke) Kosterm.,Indonesia
Lamiaceae,Teijsmanniodendron glabrum,Merr.,Indonesia
Lamiaceae,Teijsmanniodendron hollrungii,(Warb.) Kosterm.,Indonesia
Lamiaceae,Teijsmanniodendron holophyllum,(Baker) Kosterm.,Indonesia
Lamiaceae,Teijsmanniodendron latiffii,Rusea,Indonesia
Lamiaceae,Teijsmanniodendron pteropodum,(Miq.) Bakh.,Indonesia
Lamiaceae,Teijsmanniodendron sarawakanum,(H.Pearson) Kosterm.,Indonesia
Lamiaceae,Teijsmanniodendron scaberrimum,Kosterm. ex Rusea,Indonesia
Lamiaceae,Teijsmanniodendron simplicifolium,Merr.,Indonesia
Lamiaceae,Teijsmanniodendron simplicioides,Kosterm.,Indonesia
Lamiaceae,Teijsmanniodendron sinclairii,Kosterm.,Indonesia
Lamiaceae,Teijsmanniodendron smilacifolium,(H.Pearson) Kosterm.,Indonesia
Lamiaceae,Teijsmanniodendron subspicatum,(Hallier f.) Kosterm.,Indonesia
Lamiaceae,Teijsmanniodendron unifoliolatum,(Merr.) Moldenke,Indonesia
Lamiaceae,Vitex cofassus,Reinw. ex Blume,Indonesia
Lamiaceae,Vitex gamosepala,Griff.,Indonesia
Lamiaceae,Vitex glabrata,R.Br.,Indonesia
Lamiaceae,Vitex negundo,L.,Indonesia
Lamiaceae,Vitex parviflora,A.Juss.,Indonesia
Lamiaceae,Vitex pinnata,L.,Indonesia
Lamiaceae,Vitex quinata,(Lour.) F.N.Williams,Indonesia
Lamiaceae,Vitex scandens,Moldenke,Indonesia
Lamiaceae,Vitex trifolia,L.,Indonesia
Lamiaceae,Vitex turczaninowii,Merr.,Indonesia
Lamiaceae,Vitex vansteenisii,Moldenke,Indonesia
Lamiaceae,Vitex vestita,Wall. ex Walp.,Indonesia
Lauraceae,Actinodaphne angustifolia,(Blume) Nees,Indonesia
Lauraceae,Actinodaphne areolata,Blume,Indonesia
Lauraceae,Actinodaphne borneensis,Meisn.,Indonesia
Lauraceae,Actinodaphne celebica,Miq.,Indonesia
Lauraceae,Actinodaphne corymbosa,Blume,Indonesia
Lauraceae,Actinodaphne diversifolia,Merr.,Indonesia
Lauraceae,Actinodaphne furfuracea,Blume,Indonesia
Lauraceae,Actinodaphne glabra,Blume,Indonesia
Lauraceae,Actinodaphne glomerata,(Blume) Nees,Indonesia
Lauraceae,Actinodaphne gracilis,Miq.,Indonesia
Lauraceae,Actinodaphne hirsuta,Blume,Indonesia
Lauraceae,Actinodaphne javanica,Miq.,Indonesia
Lauraceae,Actinodaphne macrophylla,(Blume) Nees,Indonesia
Lauraceae,Actinodaphne macroptera,Miq.,Indonesia
Lauraceae,Actinodaphne mollis,Blume,Indonesia
Lauraceae,Actinodaphne moluccana,Blume,Indonesia
Lauraceae,Actinodaphne myriantha,Merr.,Indonesia
Lauraceae,Actinodaphne pauciflora,Blume,Indonesia
Lauraceae,Actinodaphne procera,Nees,Indonesia
Lauraceae,Actinodaphne quercina,Blume,Indonesia
Lauraceae,Actinodaphne robusta,S.Julia,Indonesia
Lauraceae,Actinodaphne rufescens,Blume,Indonesia
Lauraceae,Actinodaphne rumphii,Blume,Indonesia
Lauraceae,Actinodaphne scleroptera,Miq.,Indonesia
Lauraceae,Actinodaphne sesquipedalis,Hook.f. & Thomson ex Meisn.,Indonesia
Lauraceae,Actinodaphne sphaerocarpa,(Blume) Nees,Indonesia
Lauraceae,Alseodaphne albifrons,Kosterm.,Indonesia
Lauraceae,Alseodaphne archboldiana,(C.K.Allen) Kosterm.,Indonesia
Lauraceae,Alseodaphne bancana,Miq.,Indonesia
Lauraceae,Alseodaphne borneensis,Gamble,Indonesia
Lauraceae,Alseodaphne elmeri,Merr.,Indonesia
Lauraceae,Alseodaphne elongata,(Blume) Kosterm.,Indonesia
Lauraceae,Alseodaphne glauciflora,Kosterm.,Indonesia
Lauraceae,Alseodaphne insignis,Gamble,Indonesia
Lauraceae,Alseodaphne intermedia,Kosterm.,Indonesia
Lauraceae,Alseodaphne nigrescens,(Gamble) Kosterm.,Indonesia
Lauraceae,Alseodaphne oblanceolata,(Merr.) Kosterm.,Indonesia
Lauraceae,Alseodaphne obovata,Kosterm.,Indonesia
Lauraceae,Alseodaphne paludosa,Gamble,Indonesia
Lauraceae,Alseodaphne peduncularis,(Wall. ex Nees) Meisn.,Indonesia
Lauraceae,Alseodaphne perakensis,(Gamble) Kosterm.,Indonesia
Lauraceae,Alseodaphne rubrolignea,Kosterm.,Indonesia
Lauraceae,Beilschmiedia acutifolia,Teschner,Indonesia
Lauraceae,Beilschmiedia bangkae,Kosterm.,Indonesia
Lauraceae,Beilschmiedia brachystachys,Kosterm.,Indonesia
Lauraceae,Beilschmiedia dictyoneura,Kosterm.,Indonesia
Lauraceae,Beilschmiedia dilmyana,Kosterm.,Indonesia
Lauraceae,Beilschmiedia gemmiflora,(Blume) Kosterm.,Indonesia
Lauraceae,Beilschmiedia gigantocarpa,Kosterm.,Indonesia
Lauraceae,Beilschmiedia glabra,Kosterm.,Indonesia
Lauraceae,Beilschmiedia hartonoana,Sach.Nishida,Indonesia
Lauraceae,Beilschmiedia javanica,Miq.,Indonesia
Lauraceae,Beilschmiedia kunstleri,Gamble,Indonesia
Lauraceae,Beilschmiedia lancifolia,Miq.,Indonesia
Lauraceae,Beilschmiedia lucidula,(Miq.) Kosterm.,Indonesia
Lauraceae,Beilschmiedia madang,Blume,Indonesia
Lauraceae,Beilschmiedia maingayi,Hook.f.,Indonesia
Lauraceae,Beilschmiedia micrantha,Merr.,Indonesia
Lauraceae,Beilschmiedia microcarpa,Sach.Nishida,Indonesia
Lauraceae,Beilschmiedia morobensis,Kosterm.,Indonesia
Lauraceae,Beilschmiedia myrmecophila,Kosterm.,Indonesia
Lauraceae,Beilschmiedia oblonga,Kosterm.,Indonesia
Lauraceae,Beilschmiedia oligantha,Sach.Nishida,Indonesia
Lauraceae,Beilschmiedia palembanica,(Miq.) Kosterm.,Indonesia
Lauraceae,Beilschmiedia phoebeopsis,Kosterm.,Indonesia
Lauraceae,Beilschmiedia pilosa,Kosterm.,Indonesia
Lauraceae,Beilschmiedia podagrica,Kosterm.,Indonesia
Lauraceae,Beilschmiedia rivularis,Kosterm.,Indonesia
Lauraceae,Beilschmiedia rufolanata,Kosterm.,Indonesia
Lauraceae,Beilschmiedia rufoperulata,Kosterm.,Indonesia
Lauraceae,Beilschmiedia tawaensis,Merr.,Indonesia
Lauraceae,Beilschmiedia wieringae,Kosterm.,Indonesia
Lauraceae,Caryodaphnopsis tonkinensis,(Lecomte) Airy Shaw,Indonesia
Lauraceae,Cinnamomum altissimum,Kosterm.,Indonesia
Lauraceae,Cinnamomum angustitepalum,Kosterm.,Indonesia
Lauraceae,Cinnamomum archboldianum,C.K.Allen,Indonesia
Lauraceae,Cinnamomum arfakense,Kosterm.,Indonesia
Lauraceae,Cinnamomum burmanni,(Nees & T.Nees) Blume,Indonesia
Lauraceae,Cinnamomum celebicum,Miq.,Indonesia
Lauraceae,Cinnamomum chantinii,Lukman.,Indonesia
Lauraceae,Cinnamomum crassinervium,Miq.,Indonesia
Lauraceae,Cinnamomum culilaban,(L.) J.Presl,Indonesia
Lauraceae,Cinnamomum cuspidatum,Miq.,Indonesia
Lauraceae,Cinnamomum decourtilzii,Lukman.,Indonesia
Lauraceae,Cinnamomum eugenoliferum,Kosterm.,Indonesia
Lauraceae,Cinnamomum gracillimum,Kosterm.,Indonesia
Lauraceae,Cinnamomum grandiflorum,Kosterm.,Indonesia
Lauraceae,Cinnamomum iners,Reinw. ex Blume,Indonesia
Lauraceae,Cinnamomum javanicum,Blume,Indonesia
Lauraceae,Cinnamomum kalbaricum,Doweld,Indonesia
Lauraceae,Cinnamomum kami,Kosterm.,Indonesia
Lauraceae,Cinnamomum kerangas,Kosterm.,Indonesia
Lauraceae,Cinnamomum lawang,Kosterm.,Indonesia
Lauraceae,Cinnamomum ligneum,Lukman.,Indonesia
Lauraceae,Cinnamomum lineatum,Kosterm.,Indonesia
Lauraceae,Cinnamomum macrophyllum,Miq.,Indonesia
Lauraceae,Cinnamomum obscurum,Meisn.,Indonesia
Lauraceae,Cinnamomum paraneuron,Miq.,Indonesia
Lauraceae,Cinnamomum parthenoxylon,(Jack) Meisn.,Indonesia
Lauraceae,Cinnamomum pendulum,Cammerl.,Indonesia
Lauraceae,Cinnamomum petiolatum,Kosterm.,Indonesia
Lauraceae,Cinnamomum pilosum,Cammerl.,Indonesia
Lauraceae,Cinnamomum polderi,Kosterm.,Indonesia
Lauraceae,Cinnamomum politum,Miq.,Indonesia
Lauraceae,Cinnamomum porphyrospermum,Kosterm.,Indonesia
Lauraceae,Cinnamomum racemosum,Kosterm.,Indonesia
Lauraceae,Cinnamomum rhynchophyllum,Miq.,Indonesia
Lauraceae,Cinnamomum rumphii,Lukman.,Indonesia
Lauraceae,Cinnamomum sintoc,Blume,Indonesia
Lauraceae,Cinnamomum splendens,Kosterm.,Indonesia
Lauraceae,Cinnamomum spurium,Blume ex Lukman.,Indonesia
Lauraceae,Cinnamomum subaveniopsis,Kosterm.,Indonesia
Lauraceae,Cinnamomum subavenium,Miq.,Indonesia
Lauraceae,Cinnamomum subtetrapterum,Miq.,Indonesia
Lauraceae,Cinnamomum sulavesianum,Kosterm.,Indonesia
Lauraceae,Cinnamomum sumatranum,Meisn.,Indonesia
Lauraceae,Cinnamomum tahijanum,Kosterm.,Indonesia
Lauraceae,Cinnamomum trichophyllum,Quisumb. & Merr.,Indonesia
Lauraceae,Cinnamomum vacciniifolium,Kosterm.,Indonesia
Lauraceae,Cinnamomum woulfei,Kosterm.,Indonesia
Lauraceae,Cryptocarya alleniana,C.T.White,Indonesia
Lauraceae,Cryptocarya ampla,Merr.,Indonesia
Lauraceae,Cryptocarya amygdalina,Nees,Indonesia
Lauraceae,Cryptocarya archboldiana,C.K.Allen,Indonesia
Lauraceae,Cryptocarya aureobrunnea,C.K.Allen,Indonesia
Lauraceae,Cryptocarya aureosericea,Kosterm.,Indonesia
Lauraceae,Cryptocarya bernhardiensis,C.K.Allen,Indonesia
Lauraceae,Cryptocarya bullata,Kosterm.,Indonesia
Lauraceae,Cryptocarya burckeana,Warb.,Indonesia
Lauraceae,Cryptocarya caesia,Blume,Indonesia
Lauraceae,Cryptocarya cagayanensis,Merr.,Indonesia
Lauraceae,Cryptocarya calandoi,Kosterm.,Indonesia
Lauraceae,Cryptocarya celebica,(Koord.) Kosterm.,Indonesia
Lauraceae,Cryptocarya ceramica,Kosterm.,Indonesia
Lauraceae,Cryptocarya costata,Blume,Indonesia
Lauraceae,Cryptocarya crassinerviopsis,Kosterm.,Indonesia
Lauraceae,Cryptocarya densiflora,Blume,Indonesia
Lauraceae,Cryptocarya depressa,Warb.,Indonesia
Lauraceae,Cryptocarya diversifolia,Blume,Indonesia
Lauraceae,Cryptocarya elongata,Kosterm.,Indonesia
Lauraceae,Cryptocarya enervis,Hook.f.,Indonesia
Lauraceae,Cryptocarya ferrea,Blume,Indonesia
Lauraceae,Cryptocarya filicifolia,(Kosterm.) Kosterm.,Indonesia
Lauraceae,Cryptocarya forbesii,Gamble,Indonesia
Lauraceae,Cryptocarya gigantocarpa,Kosterm.,Indonesia
Lauraceae,Cryptocarya glauca,Merr.,Indonesia
Lauraceae,Cryptocarya hypospodia,F.Muell.,Indonesia
Lauraceae,Cryptocarya idenburgensis,C.K.Allen,Indonesia
Lauraceae,Cryptocarya impressa,Miq.,Indonesia
Lauraceae,Cryptocarya invasiorum,Kosterm.,Indonesia
Lauraceae,Cryptocarya kamahar,Teschner,Indonesia
Lauraceae,Cryptocarya kurzii,Hook.f.,Indonesia
Lauraceae,Cryptocarya laevigata,Blume,Indonesia
Lauraceae,Cryptocarya lucida,Blume,Indonesia
Lauraceae,Cryptocarya mackinnoniana,F.Muell.,Indonesia
Lauraceae,Cryptocarya malayana,de Kok,Indonesia
Lauraceae,Cryptocarya massoy,(Oken) Kosterm.,Indonesia
Lauraceae,Cryptocarya microcos,Kosterm.,Indonesia
Lauraceae,Cryptocarya nana,Kosterm.,Indonesia
Lauraceae,Cryptocarya nigra,Kosterm.,Indonesia
Lauraceae,Cryptocarya nitens,(Blume) Koord. & Valeton,Indonesia
Lauraceae,Cryptocarya obliqua,Blume,Indonesia
Lauraceae,Cryptocarya ovatocaudata,Kosterm.,Indonesia
Lauraceae,Cryptocarya pachyphylla,Kosterm.,Indonesia
Lauraceae,Cryptocarya palawanensis,Merr.,Indonesia
Lauraceae,Cryptocarya pergracilis,Kosterm.,Indonesia
Lauraceae,Cryptocarya pulchrinervia,Kosterm.,Indonesia
Lauraceae,Cryptocarya resinosa,Kosterm.,Indonesia
Lauraceae,Cryptocarya reticulata,Blume,Indonesia
Lauraceae,Cryptocarya roemeri,Lauterb.,Indonesia
Lauraceae,Cryptocarya rubra,Blume,Indonesia
Lauraceae,Cryptocarya rugulosa,Hook.f.,Indonesia
Lauraceae,Cryptocarya schoddei,Kosterm.,Indonesia
Lauraceae,Cryptocarya sericeotriplinervia,Kosterm.,Indonesia
Lauraceae,Cryptocarya sleumeri,Kosterm.,Indonesia
Lauraceae,Cryptocarya strictifolia,Kosterm.,Indonesia
Lauraceae,Cryptocarya subvelutina,Elmer,Indonesia
Lauraceae,Cryptocarya sulavesiana,Kosterm.,Indonesia
Lauraceae,Cryptocarya sumatrana,Kosterm.,Indonesia
Lauraceae,Cryptocarya sumbawaensis,Kosterm.,Indonesia
Lauraceae,Cryptocarya tawaensis,Merr.,Indonesia
Lauraceae,Cryptocarya tebaensis,Teschner,Indonesia
Lauraceae,Cryptocarya teysmanniana,Miq.,Indonesia
Lauraceae,Cryptocarya viridiflora,Kosterm.,Indonesia
Lauraceae,Cryptocarya weinlandii,K.Schum.,Indonesia
Lauraceae,Cryptocarya zollingeriana,Miq.,Indonesia
Lauraceae,Dehaasia acuminata,Koord. & Valeton,Indonesia
Lauraceae,Dehaasia bandaharensis,Fijrid.,Indonesia
Lauraceae,Dehaasia brachybotrys,(Merr.) Kosterm.,Indonesia
Lauraceae,Dehaasia caesia,Blume,Indonesia
Lauraceae,Dehaasia cairocan,(Vidal) C.K.Allen,Indonesia
Lauraceae,Dehaasia celebica,Kosterm.,Indonesia
Lauraceae,Dehaasia corynantha,Kosterm.,Indonesia
Lauraceae,Dehaasia cuneata,(Blume) Blume,Indonesia
Lauraceae,Dehaasia firma,Blume,Indonesia
Lauraceae,Dehaasia gigantocarpa,Kosterm.,Indonesia
Lauraceae,Dehaasia incrassata,(Jack) Nees,Indonesia
Lauraceae,Dehaasia palembanica,Kosterm.,Indonesia
Lauraceae,Dehaasia paradoxa,Blume,Indonesia
Lauraceae,Dehaasia pauciflora,Blume,Indonesia
Lauraceae,Dehaasia pilosa,Fijrid.,Indonesia
Lauraceae,Dehaasia polyneura,(Miq.) Kosterm.,Indonesia
Lauraceae,Dehaasia pugerensis,Koord. & Valeton,Indonesia
Lauraceae,Dehaasia spectabilis,Miq.,Indonesia
Lauraceae,Dehaasia subcaesia,Miq.,Indonesia
Lauraceae,Dehaasia sumatrana,Kosterm.,Indonesia
Lauraceae,Dehaasia sumbaensis,Kosterm.,Indonesia
Lauraceae,Dehaasia teijsmannii,Kosterm.,Indonesia
Lauraceae,Dehaasia tomentosa,(Blume) Kosterm.,Indonesia
Lauraceae,Dehaasia turfosa,Kosterm.,Indonesia
Lauraceae,Dehaasia velutinosa,Kosterm.,Indonesia
Lauraceae,Endiandra aggregata,Kosterm.,Indonesia
Lauraceae,Endiandra albiramea,Kosterm.,Indonesia
Lauraceae,Endiandra arfakensis,Kosterm.,Indonesia
Lauraceae,Endiandra beccariana,Kosterm.,Indonesia
Lauraceae,Endiandra brassii,C.K.Allen,Indonesia
Lauraceae,Endiandra bullata,(C.K.Allen) Kosterm.,Indonesia
Lauraceae,Endiandra chartacea,Kosterm.,Indonesia
Lauraceae,Endiandra clemensii,C.K.Allen,Indonesia
Lauraceae,Endiandra cuneata,Miq.,Indonesia
Lauraceae,Endiandra dielsiana,Teschner,Indonesia
Lauraceae,Endiandra elongata,Arifiani,Indonesia
Lauraceae,Endiandra engleriana,Teschner,Indonesia
Lauraceae,Endiandra euadenia,Kosterm.,Indonesia
Lauraceae,Endiandra firma,Nees,Indonesia
Lauraceae,Endiandra forbesii,Gamble,Indonesia
Lauraceae,Endiandra formicaria,Kosterm.,Indonesia
Lauraceae,Endiandra fulva,Teschner,Indonesia
Lauraceae,Endiandra gem,Kosterm.,Indonesia
Lauraceae,Endiandra gemopsis,Kosterm.,Indonesia
Lauraceae,Endiandra grandifolia,Teschner,Indonesia
Lauraceae,Endiandra immersa,Arifiani,Indonesia
Lauraceae,Endiandra impressicosta,C.K.Allen,Indonesia
Lauraceae,Endiandra kingiana,Gamble,Indonesia
Lauraceae,Endiandra latifolia,Kosterm.,Indonesia
Lauraceae,Endiandra laxiflora,Merr.,Indonesia
Lauraceae,Endiandra ledermannii,Teschner,Indonesia
Lauraceae,Endiandra macrophylla,(Blume) Boerl.,Indonesia
Lauraceae,Endiandra microphylla,Teschner,Indonesia
Lauraceae,Endiandra montana,C.T.White,Indonesia
Lauraceae,Endiandra multiflora,Teschner,Indonesia
Lauraceae,Endiandra oblonga,Teschner,Indonesia
Lauraceae,Endiandra ochracea,Kosterm.,Indonesia
Lauraceae,Endiandra papuana,Lauterb.,Indonesia
Lauraceae,Endiandra rubescens,(Blume) Miq.,Indonesia
Lauraceae,Endiandra sleumeri,Kosterm.,Indonesia
Lauraceae,Endiandra spathulata,Kosterm.,Indonesia
Lauraceae,Endiandra sulavesiana,Kosterm.,Indonesia
Lauraceae,Endiandra versteeghii,Kosterm.,Indonesia
Lauraceae,Eusideroxylon zwageri,Teijsm. & Binn.,Indonesia
Lauraceae,Lindera apoensis,Elmer,Indonesia
Lauraceae,Lindera bibracteata,Boerl.,Indonesia
Lauraceae,Lindera caesia,Reinw. ex F.Villar,Indonesia
Lauraceae,Lindera cuspidata,(Blume) Boerl.,Indonesia
Lauraceae,Lindera delicata,Kosterm.,Indonesia
Lauraceae,Lindera insignis,(Blume) Boerl.,Indonesia
Lauraceae,Lindera lucida,Boerl.,Indonesia
Lauraceae,Lindera macrophylla,(Blume) Boerl.,Indonesia
Lauraceae,Lindera pentantha,Koord. & Valeton,Indonesia
Lauraceae,Lindera pilosa,Kosterm.,Indonesia
Lauraceae,Lindera polyantha,Boerl.,Indonesia
Lauraceae,Lindera racemiflora,Kosterm.,Indonesia
Lauraceae,Lindera salicifolia,(Blume) Boerl.,Indonesia
Lauraceae,Lindera turfosa,Kosterm.,Indonesia
Lauraceae,Litsea accedens,(Blume) Boerl.,Indonesia
Lauraceae,Litsea accedentoides,Koord. & Valeton,Indonesia
Lauraceae,Litsea albayana,S.Vidal,Indonesia
Lauraceae,Litsea albida,(Kosterm.) Kosterm.,Indonesia
Lauraceae,Litsea alveolata,C.K.Allen,Indonesia
Lauraceae,Litsea amicorum,Kosterm.,Indonesia
Lauraceae,Litsea anamo,Kosterm.,Indonesia
Lauraceae,Litsea andreana,Ng,Indonesia
Lauraceae,Litsea angulata,Blume,Indonesia
Lauraceae,Litsea artocarpifolia,Gamble,Indonesia
Lauraceae,Litsea aurea,Kosterm.,Indonesia
Lauraceae,Litsea barringtonioides,Kosterm.,Indonesia
Lauraceae,Litsea bernhardensis,C.K.Allen,Indonesia
Lauraceae,Litsea boerlagei,Kosterm.,Indonesia
Lauraceae,Litsea brachystachya,Boerl.,Indonesia
Lauraceae,Litsea calophylla,(Miq.) Mansf.,Indonesia
Lauraceae,Litsea calophyllantha,K.Schum.,Indonesia
Lauraceae,Litsea castanea,Hook.f.,Indonesia
Lauraceae,Litsea ceramensis,Kosterm.,Indonesia
Lauraceae,Litsea chrysophoena,(Blume) Boerl.,Indonesia
Lauraceae,Litsea chrysopleura,(Blume) Boerl.,Indonesia
Lauraceae,Litsea confusa,Koord. & Valeton,Indonesia
Lauraceae,Litsea cordata,(Jack) Hook.f.,Indonesia
Lauraceae,Litsea costalis,(Nees) Kosterm.,Indonesia
Lauraceae,Litsea crassifolia,(Blume) Boerl.,Indonesia
Lauraceae,Litsea crebriflora,S.Moore,Indonesia
Lauraceae,Litsea cubeba,(Lour.) Pers.,Indonesia
Lauraceae,Litsea cuspidata,(Blume) Boerl.,Indonesia
Lauraceae,Litsea discocalyx,Kosterm.,Indonesia
Lauraceae,Litsea diversifolia,Blume,Indonesia
Lauraceae,Litsea elliptica,Blume,Indonesia
Lauraceae,Litsea ellipticibacca,Merr.,Indonesia
Lauraceae,Litsea engleriana,Teschner,Indonesia
Lauraceae,Litsea erectinervia,Kosterm.,Indonesia
Lauraceae,Litsea fenestrata,Gamble,Indonesia
Lauraceae,Litsea ferruginea,Blume,Indonesia
Lauraceae,Litsea filipedunculata,Kosterm.,Indonesia
Lauraceae,Litsea flexuosa,(Blume) Boerl.,Indonesia
Lauraceae,Litsea formanii,Kosterm.,Indonesia
Lauraceae,Litsea forstenii,Boerl.,Indonesia
Lauraceae,Litsea fulva,(Blume) Villar,Indonesia
Lauraceae,Litsea fulvosericea,C.K.Allen,Indonesia
Lauraceae,Litsea garciae,Vidal,Indonesia
Lauraceae,Litsea gemelliflora,(Miq.) Boerl.,Indonesia
Lauraceae,Litsea gigaphylla,Kosterm.,Indonesia
Lauraceae,Litsea globosa,Kosterm.,Indonesia
Lauraceae,Litsea globularia,Ng,Indonesia
Lauraceae,Litsea glutinosa,(Lour.) C.B.Rob.,Indonesia
Lauraceae,Litsea gracilipes,Hook.f.,Indonesia
Lauraceae,Litsea grandis,(Nees) Hook.f.,Indonesia
Lauraceae,Litsea grisea,(Blume) Boerl.,Indonesia
Lauraceae,Litsea habbemensis,C.K.Allen,Indonesia
Lauraceae,Litsea hirta,(Blume) Boerl.,Indonesia
Lauraceae,Litsea impressa,(Blume) Boerl.,Indonesia
Lauraceae,Litsea insignis,(Blume) Boerl.,Indonesia
Lauraceae,Litsea lanceolata,(Blume) Kosterm.,Indonesia
Lauraceae,Litsea lancifolia,(Roxb. ex Nees) Fern.-Vill.,Indonesia
Lauraceae,Litsea ledermannii,Teschner,Indonesia
Lauraceae,Litsea machilifolia,Gamble,Indonesia
Lauraceae,Litsea maingayi,Hook.f.,Indonesia
Lauraceae,Litsea mappacea,Boerl.,Indonesia
Lauraceae,Litsea meyeri,Kosterm.,Indonesia
Lauraceae,Litsea micrantha,Merr.,Indonesia
Lauraceae,Litsea monopetala,(Roxb.) Pers.,Indonesia
Lauraceae,Litsea morotaiensis,Kosterm.,Indonesia
Lauraceae,Litsea noronhae,Blume,Indonesia
Lauraceae,Litsea orocola,Kosterm.,Indonesia
Lauraceae,Litsea pallida,(Blume) Boerl.,Indonesia
Lauraceae,Litsea perrottetii,(Blume) Fern.-Vill,Indonesia
Lauraceae,Litsea polyneura,(Meisn.) Boerl.,Indonesia
Lauraceae,Litsea prolixa,S.Moore,Indonesia
Lauraceae,Litsea punctata,(Blume) Boerl.,Indonesia
Lauraceae,Litsea resinosa,Blume,Indonesia
Lauraceae,Litsea rigidifrons,Kosterm.,Indonesia
Lauraceae,Litsea riparia,(Blume) Boerl.,Indonesia
Lauraceae,Litsea robusta,Blume,Indonesia
Lauraceae,Litsea rotundata,(Blume) Kosterm.,Indonesia
Lauraceae,Litsea rubicunda,Kosterm.,Indonesia
Lauraceae,Litsea rubiginosa,(Blume) Boerl.,Indonesia
Lauraceae,Litsea rubra,Blume,Indonesia
Lauraceae,Litsea schlechteri,Teschner,Indonesia
Lauraceae,Litsea sessilis,Boerl.,Indonesia
Lauraceae,Litsea spathulata,Kosterm.,Indonesia
Lauraceae,Litsea steenisii,Kosterm.,Indonesia
Lauraceae,Litsea stickmanii,Merr.,Indonesia
Lauraceae,Litsea subauriculata,Kosterm.,Indonesia
Lauraceae,Litsea subovata,(Miq.) Kosterm.,Indonesia
Lauraceae,Litsea subumbelliflora,(Blume) Ng,Indonesia
Lauraceae,Litsea sulavesiana,Kosterm.,Indonesia
Lauraceae,Litsea sumatrana,(Miq.) Boerl.,Indonesia
Lauraceae,Litsea talaumifolia,Kosterm.,Indonesia
Lauraceae,Litsea tenuipes,Ridl.,Indonesia
Lauraceae,Litsea tetranthera,Mirb.,Indonesia
Lauraceae,Litsea timoriana,Span.,Indonesia
Lauraceae,Litsea tomentosa,Blume,Indonesia
Lauraceae,Litsea trichophylla,Kosterm.,Indonesia
Lauraceae,Litsea tuberculata,(Blume) Boerl.,Indonesia
Lauraceae,Litsea umbellata,(Lour.) Merr.,Indonesia
Lauraceae,Litsea unita,(Blume) Boerl.,Indonesia
Lauraceae,Litsea varians,(Blume) Boerl.,Indonesia
Lauraceae,Litsea versteeghii,C.K.Allen,Indonesia
Lauraceae,Litsea xanthophylla,(Blume) Boerl.,Indonesia
Lauraceae,Machilus declinatus,(Blume) de Kok,Indonesia
Lauraceae,Machilus rimosus,(Blume) Blume,Indonesia
Lauraceae,Machilus sumatranus,(Kosterm.) F.N.Wei & S.C.Tang,Indonesia
Lauraceae,Neocinnamomum atjehense,Kosterm.,Indonesia
Lauraceae,Neolitsea archboldiana,C.K.Allen,Indonesia
Lauraceae,Neolitsea arfakensis,Kaneh. & Hatus.,Indonesia
Lauraceae,Neolitsea cassiifolia,Merr.,Indonesia
Lauraceae,Neolitsea javanica,(Blume) Backer,Indonesia
Lauraceae,Neolitsea latifolia,(Blume) S. Moore,Indonesia
Lauraceae,Neolitsea triplinervia,(Blume) Merr.,Indonesia
Lauraceae,Neolitsea villosa,(Blume) Merr.,Indonesia
Lauraceae,Neolitsea zeylanica,(Nees & T.Nees) Merr.,Indonesia
Lauraceae,Nothaphoebe canescens,Blume,Indonesia
Lauraceae,Nothaphoebe crassifolia,(Ridl.) Kosterm.,Indonesia
Lauraceae,Nothaphoebe elata,(Kosterm.) Kosterm.,Indonesia
Lauraceae,Nothaphoebe falcata,Blume,Indonesia
Lauraceae,Nothaphoebe foetida,(Kosterm.) Kosterm.,Indonesia
Lauraceae,Nothaphoebe gigaphylla,(Kosterm.) Kosterm.,Indonesia
Lauraceae,Nothaphoebe helophila,(Kosterm.) Kosterm.,Indonesia
Lauraceae,Nothaphoebe kingiana,Gamble,Indonesia
Lauraceae,Nothaphoebe macrocarpa,(Blume) Meisn.,Indonesia
Lauraceae,Nothaphoebe magnifica,(Kosterm.) Kosterm.,Indonesia
Lauraceae,Nothaphoebe panduriformis,Gamble,Indonesia
Lauraceae,Nothaphoebe umbelliflora,(Blume) Blume,Indonesia
Lauraceae,Phoebe chartacea,(Blume) Miq.,Indonesia
Lauraceae,Phoebe cuspidata,Blume,Indonesia
Lauraceae,Phoebe excelsa,(Blume) Nees,Indonesia
Lauraceae,Phoebe gamblei,Kamik.,Indonesia
Lauraceae,Phoebe grandis,(Nees) Merr.,Indonesia
Lauraceae,Phoebe holosericea,Blume,Indonesia
Lauraceae,Phoebe incerta,Blume,Indonesia
Lauraceae,Phoebe javanica,Meisn.,Indonesia
Lauraceae,Phoebe kjellbergii,Kosterm.,Indonesia
Lauraceae,Phoebe laevis,Kosterm.,Indonesia
Lauraceae,Phoebe lanceolata,(Nees) Nees,Indonesia
Lauraceae,Phoebe leiophylla,Miq.,Indonesia
Lauraceae,Phoebe longepetiolata,Kosterm.,Indonesia
Lauraceae,Phoebe lucida,Blume,Indonesia
Lauraceae,Phoebe obtusa,Blume ex Meisn.,Indonesia
Lauraceae,Phoebe sterculioides,(Elmer) Merr.,Indonesia
Lauraceae,Phoebe tavoyana,(Meisn.) Hook.f.,Indonesia
Lauraceae,Phoebe tenuifolia,Kosterm.,Indonesia
Lauraceae,Potoxylon melagangai,(Symington) Kosterm.,Indonesia
Lecythidaceae,Barringtonia acutangula,(L.) Gaertn.,Indonesia
Lecythidaceae,Barringtonia apiculata,Lauterb.,Indonesia
Lecythidaceae,Barringtonia ashtonii,Payens,Indonesia
Lecythidaceae,Barringtonia asiatica,(L.) Kurz,Indonesia
Lecythidaceae,Barringtonia calyptrata,(Miers) R.Br. ex F.M.Bailey,Indonesia
Lecythidaceae,Barringtonia calyptrocalyx,K.Schum.,Indonesia
Lecythidaceae,Barringtonia chantaranoi,Prance,Indonesia
Lecythidaceae,Barringtonia conoidea,Griff.,Indonesia
Lecythidaceae,Barringtonia curranii,Merr.,Indonesia
Lecythidaceae,Barringtonia filirachis,Payens,Indonesia
Lecythidaceae,Barringtonia fusiformis,King,Indonesia
Lecythidaceae,Barringtonia gigantostachya,Koord. & Valeton,Indonesia
Lecythidaceae,Barringtonia hallieri,R.Knuth,Indonesia
Lecythidaceae,Barringtonia havilandii,Ridl.,Indonesia
Lecythidaceae,Barringtonia lanceolata,(Ridl.) Payens,Indonesia
Lecythidaceae,Barringtonia longisepala,Payens,Indonesia
Lecythidaceae,Barringtonia lumina,Jebb & Prance,Indonesia
Lecythidaceae,Barringtonia macrocarpa,Hassk.,Indonesia
Lecythidaceae,Barringtonia macrostachya,(Jack) Kurz,Indonesia
Lecythidaceae,Barringtonia magnifolia,Prance,Indonesia
Lecythidaceae,Barringtonia niedenzuana,(K.Schum.) R.Knuth,Indonesia
Lecythidaceae,Barringtonia papeh,Lauterb.,Indonesia
Lecythidaceae,Barringtonia papuana,Lauterb.,Indonesia
Lecythidaceae,Barringtonia pendula,(Griff.) Kurz,Indonesia
Lecythidaceae,Barringtonia racemosa,(L.) Spreng.,Indonesia
Lecythidaceae,Barringtonia reticulata,(Blume) Miq.,Indonesia
Lecythidaceae,Barringtonia revoluta,Merr.,Indonesia
Lecythidaceae,Barringtonia samoensis,A.Gray,Indonesia
Lecythidaceae,Barringtonia sarcostachys,(Blume) Miq.,Indonesia
Lecythidaceae,Barringtonia scortechinii,King,Indonesia
Lecythidaceae,Chydenanthus excelsus,(Blume) Miers,Indonesia
Lecythidaceae,Planchonia brevistipitata,Kuswata,Indonesia
Lecythidaceae,Planchonia grandis,Ridl.,Indonesia
Lecythidaceae,Planchonia papuana,R.Knuth,Indonesia
Lecythidaceae,Planchonia timorensis,Blume,Indonesia
Lecythidaceae,Planchonia valida,(Blume) Blume,Indonesia
Loganiaceae,Geniostoma antherotrichum,Gilg & Gilg-Ben.,Indonesia
Loganiaceae,Geniostoma rupestre,J.R.Forst. & G.Forst.,Indonesia
Loganiaceae,Geniostoma weinlandii,K.Schum.,Indonesia
Loganiaceae,Neuburgia celebica,(Koord.) Leenh.,Indonesia
Loganiaceae,Neuburgia corynocarpa,(A.Gray) Leenh.,Indonesia
Loganiaceae,Neuburgia tubiflora,Blume,Indonesia
Loganiaceae,Norrisia major,Soler.,Indonesia
Loganiaceae,Norrisia malaccensis,Gardner,Indonesia
Loganiaceae,Strychnos lucida,R. Br.,Indonesia
Loganiaceae,Strychnos nux-vomica,L.,Indonesia
Loganiaceae,Strychnos wallichiana,Steud. ex A. DC.,Indonesia
Lythraceae,Duabanga moluccana,Blume,Indonesia
Lythraceae,Lagerstroemia celebica,Blume,Indonesia
Lythraceae,Lagerstroemia engleriana,Koehne,Indonesia
Lythraceae,Lagerstroemia indica,L.,Indonesia
Lythraceae,Lagerstroemia ovalifolia,Teijsm. & Binn.,Indonesia
Lythraceae,Lagerstroemia speciosa,(L.) Pers.,Indonesia
Lythraceae,Lagerstroemia vanosii,W.J.de Wilde & Duyfjes,Indonesia
Lythraceae,Pemphis acidula,J.R.Forst. & G.Forst.,Indonesia
Lythraceae,Sonneratia alba,Sm.,Indonesia
Lythraceae,Sonneratia caseolaris,(L.) Engl.,Indonesia
Lythraceae,Sonneratia griffithii,Kurz        ,Indonesia
Lythraceae,Sonneratia lanceolata,Blume,Indonesia
Lythraceae,Sonneratia ovata,Backer,Indonesia
Magnoliaceae,Magnolia angatensis,Blanco,Indonesia
Magnoliaceae,Magnolia ashtonii,Dandy ex Noot.,Indonesia
Magnoliaceae,Magnolia banghamii,(Noot.) Figlar & Noot.,Indonesia
Magnoliaceae,Magnolia beccarii,(Govaerts) D.L.Fu,Indonesia
Magnoliaceae,Magnolia betongensis,(Craib) H.Keng,Indonesia
Magnoliaceae,Magnolia bintuluensis,(A.Agostini) Noot.,Indonesia
Magnoliaceae,Magnolia borneensis,Noot.,Indonesia
Magnoliaceae,Magnolia calophylloides,Figlar & Noot.,Indonesia
Magnoliaceae,Magnolia carsonii,Dandy ex Noot.,Indonesia
Magnoliaceae,Magnolia champaca,(L.) Baill. ex Pierre,Indonesia
Magnoliaceae,Magnolia elegans,(Blume) H.Keng,Indonesia
Magnoliaceae,Magnolia gigantifolia,(Miq.) Noot.,Indonesia
Magnoliaceae,Magnolia koordersiana,(Noot.) Figlar,Indonesia
Magnoliaceae,Magnolia lanuginosoides,Figlar & Noot.,Indonesia
Magnoliaceae,Magnolia lasia,Noot.,Indonesia
Magnoliaceae,Magnolia liliifera,(L.) Baill.,Indonesia
Magnoliaceae,Magnolia macklottii,(Korth.) Dandy,Indonesia
Magnoliaceae,Magnolia montana,(Blume) Figlar,Indonesia
Magnoliaceae,Magnolia praecalva,(Dandy) Figlar & Noot.,Indonesia
Magnoliaceae,Magnolia sarawakensis,(A.Agostini) Noot.,Indonesia
Magnoliaceae,Magnolia scortechinii,(King) Figlar & Noot.,Indonesia
Magnoliaceae,Magnolia singapurensis,(Ridl.) H.Keng,Indonesia
Magnoliaceae,Magnolia sulawesiana,"Brambach, Noot. & Culmsee",Indonesia
Magnoliaceae,Magnolia sumatrae,(Dandy) Figlar & Noot.,Indonesia
Magnoliaceae,Magnolia sumatrana,(Miq.) Figlar & Noot.,Indonesia
Magnoliaceae,Magnolia tsiampacca,(L.) Figlar & Noot.,Indonesia
Magnoliaceae,Magnolia villosa,(Miq.) H.Keng,Indonesia
Magnoliaceae,Magnolia vrieseana,(Miq.) Baill. ex Pierre,Indonesia
Malpighiaceae,Brachylophon curtisii,Oliv.,Indonesia
Malvaceae,Azanza lampas,(Cav.) Alef.,Indonesia
Malvaceae,Berrya javanica,(Turcz.) Burret,Indonesia
Malvaceae,Bombax anceps,Pierre,Indonesia
Malvaceae,Bombax ceiba,L.,Indonesia
Malvaceae,Bombycidendron grewiifolium,(Hassk.) Zoll. & Moritzi,Indonesia
Malvaceae,Boschia excelsa,Korth.,Indonesia
Malvaceae,Boschia grandiflora,Mast.,Indonesia
Malvaceae,Boschia griffithii,Mast.,Indonesia
Malvaceae,Brownlowia arachnoidea,Kosterm.,Indonesia
Malvaceae,Brownlowia argentata,Kurz,Indonesia
Malvaceae,Brownlowia calciphila,Kosterm.,Indonesia
Malvaceae,Brownlowia ferruginea,Kosterm.,Indonesia
Malvaceae,Brownlowia fluminensis,Kosterm.,Indonesia
Malvaceae,Brownlowia havilandii,Stapf,Indonesia
Malvaceae,Brownlowia ovalis,Kosterm.,Indonesia
Malvaceae,Brownlowia palustris,Kosterm.,Indonesia
Malvaceae,Brownlowia peltata,Benth.,Indonesia
Malvaceae,Brownlowia rubra,Kosterm.,Indonesia
Malvaceae,Brownlowia sarwonoi,Kosterm.,Indonesia
Malvaceae,Brownlowia tersa,(L.) Kosterm.,Indonesia
Malvaceae,Camptostemon philippinensis,(S.Vidal) Becc.,Indonesia
Malvaceae,Camptostemon schultzii,Mast.,Indonesia
Malvaceae,Coelostegia borneensis,Becc.,Indonesia
Malvaceae,Coelostegia chartacea,Soegeng,Indonesia
Malvaceae,Coelostegia griffithii,Benth.,Indonesia
Malvaceae,Coelostegia kostermansii,Soegeng,Indonesia
Malvaceae,Coelostegia montana,Sidiy.,Indonesia
Malvaceae,Coelostegia neesiocarpa,Soegeng,Indonesia
Malvaceae,Colona auriculata,(Desf.) Craib,Indonesia
Malvaceae,Colona javanica,(Blume) Burret,Indonesia
Malvaceae,Colona serratifolia,Cav.,Indonesia
Malvaceae,Commersonia bartramia,(L.) Merr.,Indonesia
Malvaceae,Diplodiscus aureus,Kosterm.,Indonesia
Malvaceae,Diplodiscus decumbens,Kosterm.,Indonesia
Malvaceae,Diplodiscus longifolius,(Merr.) Burret,Indonesia
Malvaceae,Diplodiscus longipetiolatus,Kosterm.,Indonesia
Malvaceae,Durio affinis,Becc.,Indonesia
Malvaceae,Durio beccarianus,Kosterm. & Soegeng,Indonesia
Malvaceae,Durio bukitrayaensis,Kosterm.,Indonesia
Malvaceae,Durio carinatus,Mast.,Indonesia
Malvaceae,Durio connatus,Priyanti,Indonesia
Malvaceae,Durio dulcis,Becc.,Indonesia
Malvaceae,Durio graveolens,Becc.,Indonesia
Malvaceae,Durio kutejensis,(Hassk.) Becc.,Indonesia
Malvaceae,Durio lanceolatus,Mast.,Indonesia
Malvaceae,Durio lissocarpus,Mast.,Indonesia
Malvaceae,Durio lowianus,Scort. ex King,Indonesia
Malvaceae,Durio macrantha,Kosterm.,Indonesia
Malvaceae,Durio malaccensis,Planch. ex Mast.,Indonesia
Malvaceae,Durio oxleyanus,Griff.,Indonesia
Malvaceae,Durio purpureus,Kosterm. & Soegeng,Indonesia
Malvaceae,Durio testudinarius,Becc.,Indonesia
Malvaceae,Durio wyatt-smithii,Kosterm.,Indonesia
Malvaceae,Durio zibethinus,L.,Indonesia
Malvaceae,Eleutherostylis renistipulata,Burret,Indonesia
Malvaceae,Firmiana colorata,(Roxb.) R.Br.,Indonesia
Malvaceae,Firmiana malayana,Kosterm.,Indonesia
Malvaceae,Firmiana minahassae,(Koord.) Kosterm.,Indonesia
Malvaceae,Firmiana papuana,Mildbr.,Indonesia
Malvaceae,Firmiana sumbawaensis,Kosterm.,Indonesia
Malvaceae,Grewia abutilifolia,Vent. ex Juss.,Indonesia
Malvaceae,Grewia eriocarpa,Juss.,Indonesia
Malvaceae,Grewia laevigata,Vahl,Indonesia
Malvaceae,Grewia multiflora,Juss.,Indonesia
Malvaceae,Grewia retusifolia,Kurz,Indonesia
Malvaceae,Grewia salutaris,Span.,Indonesia
Malvaceae,Grewia tomentosa,Juss.,Indonesia
Malvaceae,Helicteres isora,L.,Indonesia
Malvaceae,Heritiera albiflora,(Ridl.) Kosterm.,Indonesia
Malvaceae,Heritiera aurea,Kosterm.,Indonesia
Malvaceae,Heritiera borneensis,(Merr.) Kosterm.,Indonesia
Malvaceae,Heritiera elata,Ridl.,Indonesia
Malvaceae,Heritiera globosa,Kosterm.,Indonesia
Malvaceae,Heritiera impressinervia,Kosterm.,Indonesia
Malvaceae,Heritiera javanica,(Blume) Kosterm.,Indonesia
Malvaceae,Heritiera littoralis,Aiton,Indonesia
Malvaceae,Heritiera percoriacea,Kosterm.,Indonesia
Malvaceae,Heritiera pterospermoides,Kosterm.,Indonesia
Malvaceae,Heritiera simplicifolia,(Mast.) Kosterm.,Indonesia
Malvaceae,Heritiera sumatrana,(Miq.) Kosterm.,Indonesia
Malvaceae,Heritiera trifoliolata,(F.Muell.) Kosterm.,Indonesia
Malvaceae,Hibiscus archboldianus,Borss.Waalk.,Indonesia
Malvaceae,Hibiscus borneensis,Airy Shaw,Indonesia
Malvaceae,Hibiscus macrophyllus,Roxb. ex Hornem.,Indonesia
Malvaceae,Hibiscus pleijtei,Borss.Waalk.,Indonesia
Malvaceae,Hibiscus similis,Blume,Indonesia
Malvaceae,Hibiscus tiliaceus,L.,Indonesia
Malvaceae,Hildegardia sundaica,Kosterm.,Indonesia
Malvaceae,Jarandersonia clemensiae,(Burret) Kosterm.,Indonesia
Malvaceae,Jarandersonia parvifolia,Kosterm.,Indonesia
Malvaceae,Jarandersonia pentaceoides,R. C. K. Chung & H. S. Tan,Indonesia
Malvaceae,Jarandersonia rinoreoides,Kosterm.,Indonesia
Malvaceae,Kleinhovia hospita,L.,Indonesia
Malvaceae,Leptonychia caudata,Burret,Indonesia
Malvaceae,Melochia umbellata,(Houtt.) Stapf,Indonesia
Malvaceae,Microcos antidesmifolia,(King) Burret,Indonesia
Malvaceae,Microcos fibrocarpa,(Mast.) Burret,Indonesia
Malvaceae,Microcos florida,(Miq.) Burret,Indonesia
Malvaceae,Microcos gracilis,Stapf ex Ridl.,Indonesia
Malvaceae,Microcos henrici,(Baker f.) Burret,Indonesia
Malvaceae,Microcos hirsuta,(Korth.) Burret,Indonesia
Malvaceae,Microcos lanceolata,(Miq.) Burret,Indonesia
Malvaceae,Microcos latifolia,Burret,Indonesia
Malvaceae,Microcos latistipulata,(Ridl.) Burret,Indonesia
Malvaceae,Microcos laurifolia,(Hook.f. ex Mast.) Burret,Indonesia
Malvaceae,Microcos opaca,Burret,Indonesia
Malvaceae,Microcos ossea,Burret,Indonesia
Malvaceae,Microcos paniculata,L.,Indonesia
Malvaceae,Microcos pearsonii,(Merr.) Burret,Indonesia
Malvaceae,Microcos riparia,(Boerl. & Koord.-Schum.) Burret,Indonesia
Malvaceae,Microcos stauntoniana,G.Don,Indonesia
Malvaceae,Microcos stylocarpa,Burret,Indonesia
Malvaceae,Microcos sumatrana,Burret,Indonesia
Malvaceae,Microcos tomentosa,Sm.,Indonesia
Malvaceae,Microcos triflora,(Blanco) R.C.K.Chung,Indonesia
Malvaceae,Neesia altissima,(Blume) Blume,Indonesia
Malvaceae,Neesia malayana,Bakh.,Indonesia
Malvaceae,Neesia piluliflora,Becc.,Indonesia
Malvaceae,Neesia strigosa,Mast.,Indonesia
Malvaceae,Neesia synandra,Mast.,Indonesia
Malvaceae,Pentace adenophora,Kosterm.,Indonesia
Malvaceae,Pentace borneensis,Pierre,Indonesia
Malvaceae,Pentace chartacea,Kosterm.,Indonesia
Malvaceae,Pentace laxiflora,Merr.,Indonesia
Malvaceae,Pentace macrophylla,King,Indonesia
Malvaceae,Pentace polyantha,Hassk.,Indonesia
Malvaceae,Pentace triptera,Mast.,Indonesia
Malvaceae,Pterocymbium beccarii,K.Schum.,Indonesia
Malvaceae,Pterocymbium tinctorium,(Blanco) Merr.,Indonesia
Malvaceae,Pterocymbium tubulatum,Pierre,Indonesia
Malvaceae,Pterospermum blumeanum,Korth.,Indonesia
Malvaceae,Pterospermum borneense,S.K.Ganesan,Indonesia
Malvaceae,Pterospermum celebicum,Miq.,Indonesia
Malvaceae,Pterospermum diversifolium,Blume,Indonesia
Malvaceae,Pterospermum elongatum,Korth.,Indonesia
Malvaceae,Pterospermum fuscum,Korth.,Indonesia
Malvaceae,Pterospermum glabrum,S.K.Ganesan,Indonesia
Malvaceae,Pterospermum javanicum,Jungh.,Indonesia
Malvaceae,Pterospermum merrillianum,S.K.Ganesan,Indonesia
Malvaceae,Pterospermum parvifolium,Miq.,Indonesia
Malvaceae,Pterospermum sumatranum,Miq.,Indonesia
Malvaceae,Pterospermum zollingerianum,S.K.Ganesan,Indonesia
Malvaceae,Pterygota horsfieldii,(R.Br.) Kosterm.,Indonesia
Malvaceae,Scaphium affine,(Mast.) Pierre,Indonesia
Malvaceae,Scaphium linearicarpum,(Mast.) Pierre,Indonesia
Malvaceae,Scaphium longiflorum,Ridl.,Indonesia
Malvaceae,Scaphium longipetiolatum,(Kosterm.) Kosterm.,Indonesia
Malvaceae,Scaphium macropodum,(Miq.) Beumée ex K.Heyne,Indonesia
Malvaceae,Schoutenia glomerata,King,Indonesia
Malvaceae,Schoutenia ovata,Korth.,Indonesia
Malvaceae,Sterculia ampla,Baker f.,Indonesia
Malvaceae,Sterculia balanghas,L.,Indonesia
Malvaceae,Sterculia ceramica,R.Br.,Indonesia
Malvaceae,Sterculia coccinea,Jack,Indonesia
Malvaceae,Sterculia comosa,Wall.,Indonesia
Malvaceae,Sterculia cordata,Blume,Indonesia
Malvaceae,Sterculia cuspidata,R.Br.,Indonesia
Malvaceae,Sterculia foetida,L.,Indonesia
Malvaceae,Sterculia gilva,Miq.,Indonesia
Malvaceae,Sterculia lancaviensis,Ridl.,Indonesia
Malvaceae,Sterculia longifolia,Vent.,Indonesia
Malvaceae,Sterculia macrophylla,Vent.,Indonesia
Malvaceae,Sterculia megistophylla,Ridl.,Indonesia
Malvaceae,Sterculia membranacea,Merr.,Indonesia
Malvaceae,Sterculia monosperma,Vent.,Indonesia
Malvaceae,Sterculia oblongata,R.Br.,Indonesia
Malvaceae,Sterculia parviflora,Roxb. ex G.Don,Indonesia
Malvaceae,Sterculia rhoidifolia,Stapf ex Ridl.,Indonesia
Malvaceae,Sterculia rhynchophylla,K.Schum.,Indonesia
Malvaceae,Sterculia rubiginosa,Vent.,Indonesia
Malvaceae,Sterculia scortechinii,King,Indonesia
Malvaceae,Sterculia shillinglawii,F.Muell.,Indonesia
Malvaceae,Sterculia stipulata,Korth.,Indonesia
Malvaceae,Sterculia translucens,Stapf,Indonesia
Malvaceae,Sterculia urceolata,Sm.,Indonesia
Malvaceae,Thespesia fissicalyx,Borss.Waalk.,Indonesia
Malvaceae,Thespesia populnea,(L.) Sol. ex Corrêa,Indonesia
Malvaceae,Trichospermum grewioides,Kosterm.,Indonesia
Malvaceae,Trichospermum javanicum,Blume,Indonesia
Malvaceae,Trichospermum pleiostigma,(F.Muell.) Kosterm.,Indonesia
Melastomataceae,Astronia angustifolia,Mansf.,Indonesia
Melastomataceae,Astronia atroviridis,Mansf.,Indonesia
Melastomataceae,Astronia beccariana,Cogn.,Indonesia
Melastomataceae,Astronia brunnea,J.F.Maxwell,Indonesia
Melastomataceae,Astronia chartacea,J.F.Maxwell,Indonesia
Melastomataceae,Astronia coriacea,J.F.Maxwell,Indonesia
Melastomataceae,Astronia corymbosa,J.F.Maxwell,Indonesia
Melastomataceae,Astronia elaterinervis,J.F.Maxwell,Indonesia
Melastomataceae,Astronia glomerata,Mansf.,Indonesia
Melastomataceae,Astronia gracilis,Bakh.f.,Indonesia
Melastomataceae,Astronia hollrungii,Cogn.,Indonesia
Melastomataceae,Astronia klabatensis,J.F.Maxwell,Indonesia
Melastomataceae,Astronia ledermannii,Mansf.,Indonesia
Melastomataceae,Astronia macrophylla,Blume,Indonesia
Melastomataceae,Astronia papetaria,Blume,Indonesia
Melastomataceae,Astronia papuana,Cogn.,Indonesia
Melastomataceae,Astronia smilacifolia,Triana,Indonesia
Melastomataceae,Astronia sorongensis,J.F.Maxwell,Indonesia
Melastomataceae,Astronia stapfii,Koord.,Indonesia
Melastomataceae,Astronia triangularis,J.F.Maxwell,Indonesia
Melastomataceae,Astronidium biakense,J.F.Maxwell,Indonesia
Melastomataceae,Astronidium infundibulare,J.F.Maxwell,Indonesia
Melastomataceae,Astronidium subvaginatum,Ohwi,Indonesia
Melastomataceae,Beccarianthus robustus,Nayar,Indonesia
Melastomataceae,Lijndenia laurina,Zoll. & Moritzi,Indonesia
Melastomataceae,Melastoma sanguineum,Sims,Indonesia
Melastomataceae,Memecylon acuminatissimum,Blume,Indonesia
Melastomataceae,Memecylon amplexicaule,Roxb.,Indonesia
Melastomataceae,Memecylon calyptratum,K.Bremer,Indonesia
Melastomataceae,Memecylon campanulatum,C.B.Clarke,Indonesia
Melastomataceae,Memecylon cantleyi,Ridl.,Indonesia
Melastomataceae,Memecylon coeruleum,Jack,Indonesia
Melastomataceae,Memecylon confertiflorum,Cogn.,Indonesia
Melastomataceae,Memecylon corticosum,Ridl.,Indonesia
Melastomataceae,Memecylon crassifolium,Bakh.f.,Indonesia
Melastomataceae,Memecylon dichotomum,C. B. Clarke ex King,Indonesia
Melastomataceae,Memecylon durum,Cogn.,Indonesia
Melastomataceae,Memecylon edule,Roxb.,Indonesia
Melastomataceae,Memecylon excelsum,Blume,Indonesia
Melastomataceae,Memecylon fruticosum,King,Indonesia
Melastomataceae,Memecylon garcinioides,Blume,Indonesia
Melastomataceae,Memecylon intermedium,Blume,Indonesia
Melastomataceae,Memecylon lanceolatum,Blanco,Indonesia
Melastomataceae,Memecylon lilacinum,Zoll. & Moritzi,Indonesia
Melastomataceae,Memecylon minutiflorum,Miq.,Indonesia
Melastomataceae,Memecylon oleifolium,Blume,Indonesia
Melastomataceae,Memecylon ovatum,Sm,Indonesia
Melastomataceae,Memecylon paniculatum,Jack,Indonesia
Melastomataceae,Memecylon pubescens,King,Indonesia
Melastomataceae,Memecylon ruptile,K.Bremer,Indonesia
Melastomataceae,Memecylon scolopacinum,Ridl.,Indonesia
Melastomataceae,Memecylon sumatrense,Bakh.f.,Indonesia
Melastomataceae,Oxyspora stellulata,King,Indonesia
Melastomataceae,Pachycentria constricta,Blume,Indonesia
Melastomataceae,Pachycentria varingaefolia,Blume,Indonesia
Melastomataceae,Poikilogyne mucronato-serrulata,Ohwi,Indonesia
Melastomataceae,Pternandra azurea,(DC.) Burkill,Indonesia
Melastomataceae,Pternandra coerulescens,Jack,Indonesia
Melastomataceae,Pternandra cogniauxii,M.P.Nayar,Indonesia
Melastomataceae,Pternandra coriacea,M.P.Nayar,Indonesia
Melastomataceae,Pternandra crassicalyx,J.F.Maxwell,Indonesia
Melastomataceae,Pternandra galeata,Ridl.,Indonesia
Melastomataceae,Pternandra hirtella,M.P.Nayar,Indonesia
Melastomataceae,Pternandra multiflora,Cogn.,Indonesia
Melastomataceae,Pternandra rostrata,M.P.Nayar,Indonesia
Melastomataceae,Pternandra tuberculata,M.P.Nayar,Indonesia
Meliaceae,Aglaia agglomerata,Merr. & L.M.Perry,Indonesia
Meliaceae,Aglaia angustifolia,(Miq.) Miq.,Indonesia
Meliaceae,Aglaia argentea,Blume,Indonesia
Meliaceae,Aglaia barbanthera,C.DC.,Indonesia
Meliaceae,Aglaia beccarii,C.DC.,Indonesia
Meliaceae,Aglaia brassii,Merr. & L.M.Perry,Indonesia
Meliaceae,Aglaia brownii,Pannell,Indonesia
Meliaceae,Aglaia ceramica,(Miq.) Pannell,Indonesia
Meliaceae,Aglaia coriacea,Korth. ex Miq.,Indonesia
Meliaceae,Aglaia crassinervia,Kurz ex Hiern,Indonesia
Meliaceae,Aglaia cucullata,(Roxb.) Pellegr.,Indonesia
Meliaceae,Aglaia edulis,(Roxb.) Wall.,Indonesia
Meliaceae,Aglaia elaeagnoidea,(A.Juss.) Benth.,Indonesia
Meliaceae,Aglaia elliptica,(C.DC.) Blume,Indonesia
Meliaceae,Aglaia erythrosperma,Pannell,Indonesia
Meliaceae,Aglaia euryanthera,Harms,Indonesia
Meliaceae,Aglaia eximia,Miq.,Indonesia
Meliaceae,Aglaia flavescens,C.DC.,Indonesia
Meliaceae,Aglaia flavida,Merr. & L.M.Perry,Indonesia
Meliaceae,Aglaia forbesii,King,Indonesia
Meliaceae,Aglaia foveolata,Pannell,Indonesia
Meliaceae,Aglaia glabrata,Teijsm. & Binn.,Indonesia
Meliaceae,Aglaia grandis,Korth. ex Miq.,Indonesia
Meliaceae,Aglaia hiernii,King,Indonesia
Meliaceae,Aglaia ijzermannii,Boerl. & Koord.,Indonesia
Meliaceae,Aglaia korthalsii,Miq.,Indonesia
Meliaceae,Aglaia lancilimba,Merr.,Indonesia
Meliaceae,Aglaia lawii,(Wight) C.J.Saldanha,Indonesia
Meliaceae,Aglaia laxiflora,Miq.,Indonesia
Meliaceae,Aglaia lepidopetala,Harms,Indonesia
Meliaceae,Aglaia lepiorrhachis,Harms,Indonesia
Meliaceae,Aglaia leptantha,Miq.,Indonesia
Meliaceae,Aglaia leucophylla,King,Indonesia
Meliaceae,Aglaia luzoniensis,(Vidal) Merr. & Rolfe,Indonesia
Meliaceae,Aglaia macrocarpa,(Miq.) Pannell,Indonesia
Meliaceae,Aglaia malaccensis,(Ridl.) Pannell,Indonesia
Meliaceae,Aglaia membranifolia,King,Indonesia
Meliaceae,Aglaia monozyga,Harms,Indonesia
Meliaceae,Aglaia multinervis,Pannell,Indonesia
Meliaceae,Aglaia odoratissima,Blume,Indonesia
Meliaceae,Aglaia oligophylla,Miq.,Indonesia
Meliaceae,Aglaia pachyphylla,Miq.,Indonesia
Meliaceae,Aglaia palembanica,Miq.,Indonesia
Meliaceae,Aglaia parviflora,C.DC.,Indonesia
Meliaceae,Aglaia polyneura,C.DC.,Indonesia
Meliaceae,Aglaia puberulanthera,C.DC.,Indonesia
Meliaceae,Aglaia ramotricha,Pannell,Indonesia
Meliaceae,Aglaia rimosa,(Blanco) Merr.,Indonesia
Meliaceae,Aglaia rivularis,Merr.,Indonesia
Meliaceae,Aglaia rubiginosa,(Hiern) Pannell,Indonesia
Meliaceae,Aglaia rufibarbis,Ridl.,Indonesia
Meliaceae,Aglaia rufinervis,(Blume) Bentv.,Indonesia
Meliaceae,Aglaia rugulosa,Pannell,Indonesia
Meliaceae,Aglaia samoensis,A.Gray,Indonesia
Meliaceae,Aglaia sapindina,(F.Muell.) Harms,Indonesia
Meliaceae,Aglaia scortechinii,King,Indonesia
Meliaceae,Aglaia sexipetala,Griff.,Indonesia
Meliaceae,Aglaia silvestris,(M.Roem.) Merr.,Indonesia
Meliaceae,Aglaia simplicifolia,(Bedd.) Harms,Indonesia
Meliaceae,Aglaia smithii,Koord.,Indonesia
Meliaceae,Aglaia soepadmoi,Pannell,Indonesia
Meliaceae,Aglaia speciosa,Blume,Indonesia
Meliaceae,Aglaia spectabilis,(Miq.) S.S.Jain & S.Bennet,Indonesia
Meliaceae,Aglaia squamulosa,King,Indonesia
Meliaceae,Aglaia stellatopilosa,Pannell,Indonesia
Meliaceae,Aglaia subcuprea,Merr. & L.M.Perry,Indonesia
Meliaceae,Aglaia subsessilis,Pannell,Indonesia
Meliaceae,Aglaia tenuicaulis,Hiern,Indonesia
Meliaceae,Aglaia teysmanniana,(Miq.) Miq.,Indonesia
Meliaceae,Aglaia tomentosa,Teijsm. & Binn.,Indonesia
Meliaceae,Aglaia variisquama,Pannell,Indonesia
Meliaceae,Anthocarapa nitidula,(Benth.) T.D.Penn. ex Mabb.,Indonesia
Meliaceae,Aphanamixis borneensis,(Miq.) Merr.,Indonesia
Meliaceae,Aphanamixis polystachya,(Wall.) R.Parker,Indonesia
Meliaceae,Aphanamixis sumatrana,(Miq.) Harms,Indonesia
Meliaceae,Azadirachta excelsa,(Jack) Jacobs,Indonesia
Meliaceae,Chisocheton aenigmaticus,Mabb.,Indonesia
Meliaceae,Chisocheton amabilis,Miq.,Indonesia
Meliaceae,Chisocheton ceramicus,Miq.,Indonesia
Meliaceae,Chisocheton cumingianus,(C.DC.) Harms,Indonesia
Meliaceae,Chisocheton diversifolius,Miq.,Indonesia
Meliaceae,Chisocheton erythrocarpus,Hiern,Indonesia
Meliaceae,Chisocheton granatum,Mabb.,Indonesia
Meliaceae,Chisocheton koordersii,Mabb.,Indonesia
Meliaceae,Chisocheton lansiifolius,Mabb.,Indonesia
Meliaceae,Chisocheton laosensis,Pellegr.,Indonesia
Meliaceae,Chisocheton lasiocarpus,(Miq.) Valeton,Indonesia
Meliaceae,Chisocheton lasiogynus,Boerl. & Koord.,Indonesia
Meliaceae,Chisocheton longistipitatus,(F.M.Bailey) L.S.Sm.,Indonesia
Meliaceae,Chisocheton macranthus,(Merr.) Airy Shaw,Indonesia
Meliaceae,Chisocheton macrophyllus,King,Indonesia
Meliaceae,Chisocheton maxilla-pisticis,Mabb.,Indonesia
Meliaceae,Chisocheton medusae,Airy Shaw,Indonesia
Meliaceae,Chisocheton patens,Blume,Indonesia
Meliaceae,Chisocheton pentandrus,(Blanco) Merr.,Indonesia
Meliaceae,Chisocheton pilosus,C.DC.,Indonesia
Meliaceae,Chisocheton polyandrus,Merr.,Indonesia
Meliaceae,Chisocheton sarasinorum,Harms,Indonesia
Meliaceae,Chisocheton sarawakanus,(C.DC.) Harms,Indonesia
Meliaceae,Chisocheton sayeri,(C.DC.) P.F.Stevens,Indonesia
Meliaceae,Chisocheton setosus,Ridl.,Indonesia
Meliaceae,Chisocheton stellatus,P.F.Stevens,Indonesia
Meliaceae,Chisocheton tomentosus,(Roxb.) Mabb.,Indonesia
Meliaceae,Chisocheton velutinus,Mabb.,Indonesia
Meliaceae,Chisocheton vindictae,Mabb.,Indonesia
Meliaceae,Chisocheton warburgii,Harms,Indonesia
Meliaceae,Cipadessa baccifera,(Roth) Miq.,Indonesia
Meliaceae,Dysoxylum acutangulum,Miq.,Indonesia
Meliaceae,Dysoxylum alliaceum,(Blume) Blume,Indonesia
Meliaceae,Dysoxylum annae,Mabb.,Indonesia
Meliaceae,Dysoxylum arborescens,(Blume) Miq.,Indonesia
Meliaceae,Dysoxylum carolinae,Mabb.,Indonesia
Meliaceae,Dysoxylum cauliflorum,Hiern,Indonesia
Meliaceae,Dysoxylum cumingianum,C.DC.,Indonesia
Meliaceae,Dysoxylum cyrtobotryum,Miq.,Indonesia
Meliaceae,Dysoxylum densiflorum,(Blume) Miq.,Indonesia
Meliaceae,Dysoxylum dumosum,King,Indonesia
Meliaceae,Dysoxylum excelsum,Blume,Indonesia
Meliaceae,Dysoxylum flavescens,Hiern,Indonesia
Meliaceae,Dysoxylum gaudichaudianum,(A.Juss.) Miq.,Indonesia
Meliaceae,Dysoxylum grande,Hiern,Indonesia
Meliaceae,Dysoxylum inopinatum,(Harms) Mabb.,Indonesia
Meliaceae,Dysoxylum kaniense,Harms,Indonesia
Meliaceae,Dysoxylum latifolium,Benth.,Indonesia
Meliaceae,Dysoxylum macrocarpum,Blume,Indonesia
Meliaceae,Dysoxylum magnificum,Mabb.,Indonesia
Meliaceae,Dysoxylum mollissimum,Blume,Indonesia
Meliaceae,Dysoxylum nutans,(Blume) Miq.,Indonesia
Meliaceae,Dysoxylum oppositifolium,F.Muell.,Indonesia
Meliaceae,Dysoxylum pachyrhache,Merr.,Indonesia
Meliaceae,Dysoxylum papuanum,(Merr. & L.M.Perry) Mabb.,Indonesia
Meliaceae,Dysoxylum parasiticum,(Osbeck) Kosterm.,Indonesia
Meliaceae,Dysoxylum pettigrewianum,F.M.Bailey,Indonesia
Meliaceae,Dysoxylum quadrangulatum,Culmsee,Indonesia
Meliaceae,Dysoxylum randianum,Merr. & L.M.Perry,Indonesia
Meliaceae,Dysoxylum rigidum,(Ridl.) Mabb.,Indonesia
Meliaceae,Dysoxylum rugulosum,King,Indonesia
Meliaceae,Dysoxylum sessile,Miq.,Indonesia
Meliaceae,Dysoxylum setosum,(Span.) Miq.,Indonesia
Meliaceae,Dysoxylum stellatopuberulum,C.DC.,Indonesia
Meliaceae,Dysoxylum variabile,Harms,Indonesia
Meliaceae,Heynea trijuga,Roxb. ex Sims,Indonesia
Meliaceae,Lansium breviracemosum,Kosterm.,Indonesia
Meliaceae,Melia azedarach,L.,Indonesia
Meliaceae,Munronia pinnata,(Wall.) W.Theob.,Indonesia
Meliaceae,Pseudoclausena chrysogyne,(Miq.) T.Clark,Indonesia
Meliaceae,Reinwardtiodendron cinereum,(Hiern) Mabb.,Indonesia
Meliaceae,Reinwardtiodendron humile,(Hassk.) Mabb.,Indonesia
Meliaceae,Reinwardtiodendron kinabaluense,(Kosterm.) Mabb.,Indonesia
Meliaceae,Sandoricum beccarianum,Baill.,Indonesia
Meliaceae,Sandoricum borneense,Miq.,Indonesia
Meliaceae,Sandoricum dasyneuron,Baill.,Indonesia
Meliaceae,Sandoricum koetjape,(Burm.f.) Merr.,Indonesia
Meliaceae,Toona calantas,Merr. & Rolfe,Indonesia
Meliaceae,Toona ciliata,M.Roem.,Indonesia
Meliaceae,Toona sinensis,(Juss.) M.Roem.,Indonesia
Meliaceae,Toona sureni,(Blume) Merr.,Indonesia
Meliaceae,Turraea pubescens,Hell.,Indonesia
Meliaceae,Vavaea amicorum,Benth.,Indonesia
Meliaceae,Walsura dehiscens,T.Clark,Indonesia
Meliaceae,Walsura pachycaulon,Mabb. ex T.Clark,Indonesia
Meliaceae,Walsura pinnata,Hassk.,Indonesia
Meliaceae,Xylocarpus granatum,J.Koenig,Indonesia
Meliaceae,Xylocarpus moluccensis,(Lam.) M.Roem.,Indonesia
Meliaceae,Xylocarpus rumphii,(Kostel.) Mabb.,Indonesia
Menispermaceae,Pachygone laurifolia,(DC.) L.Lian & Wei Wang,Indonesia
Metteniusaceae,Apodytes dimidiata,E.Mey. ex Arn.,Indonesia
Metteniusaceae,Platea excelsa,Blume,Indonesia
Metteniusaceae,Platea latifolia,Blume,Indonesia
Monimiaceae,Kibara coriacea,(Blume) Hook.f. & A.Thomps.,Indonesia
Monimiaceae,Kibara obtusa,Blume,Indonesia
Monimiaceae,Kibara oligocarpella,(Kaneh. & Hatus.) Philipson,Indonesia
Monimiaceae,Kibara sleumeri,Philipson,Indonesia
Monimiaceae,Levieria montana,Becc.,Indonesia
Monimiaceae,Levieria squarrosa,Perkins,Indonesia
Monimiaceae,Matthaea sancta,Blume,Indonesia
Monimiaceae,Steganthera hirsuta,Perkins,Indonesia
Moraceae,Allaeanthus luzonicus,(Blanco) Fern.-Vill.,Indonesia
Moraceae,Antiaris toxicaria,(J.F.Gmel.) Lesch.,Indonesia
Moraceae,Artocarpus altilis,(Parkinson ex F.A.Zorn) Fosberg,Indonesia
Moraceae,Artocarpus altissimus,(Miq.) J.J.Sm.,Indonesia
Moraceae,Artocarpus anisophyllus,Miq.,Indonesia
Moraceae,Artocarpus bergii,"E.M.Gardner, Arifiani & Zerega",Indonesia
Moraceae,Artocarpus brevipedunculatus,(F.M.Jarrett) C.C.Berg,Indonesia
Moraceae,Artocarpus camansi,Blanco,Indonesia
Moraceae,Artocarpus dadah,Miq.,Indonesia
Moraceae,Artocarpus elasticus,Reinw. ex Blume,Indonesia
Moraceae,Artocarpus fretessii,Teijsm. & Binn. ex Hassk.,Indonesia
Moraceae,Artocarpus fulvicortex,F.M.Jarrett,Indonesia
Moraceae,Artocarpus glaucus,Blume,Indonesia
Moraceae,Artocarpus gomezianus,Wall. ex Trécul,Indonesia
Moraceae,Artocarpus griffithii,(King) Merr.,Indonesia
Moraceae,Artocarpus horridus,F.M.Jarrett,Indonesia
Moraceae,Artocarpus integer,(Thunb.) Merr.,Indonesia
Moraceae,Artocarpus kemando,Miq.,Indonesia
Moraceae,Artocarpus lanceifolius,Roxb.,Indonesia
Moraceae,Artocarpus longifolius,Becc.,Indonesia
Moraceae,Artocarpus lowii,King,Indonesia
Moraceae,Artocarpus maingayi,King,Indonesia
Moraceae,Artocarpus mutabilis,Becc.,Indonesia
Moraceae,Artocarpus odoratissimus,Blanco,Indonesia
Moraceae,Artocarpus reticulatus,Miq.,Indonesia
Moraceae,Artocarpus rigidus,Blume,Indonesia
Moraceae,Artocarpus scortechinii,King,Indonesia
Moraceae,Artocarpus sepicanus,Diels,Indonesia
Moraceae,Artocarpus sericicarpus,F.M.Jarrett,Indonesia
Moraceae,Artocarpus tamaran,Becc.,Indonesia
Moraceae,Artocarpus teysmannii,Miq.,Indonesia
Moraceae,Artocarpus vrieseanus,Miq.,Indonesia
Moraceae,Artocarpus xanthocarpus,Merr.,Indonesia
Moraceae,Bleekrodea insignis,Blume,Indonesia
Moraceae,Broussonetia papyrifera,(L.) L'Hér. ex Vent.,Indonesia
Moraceae,Ficus adenosperma,Miq.,Indonesia
Moraceae,Ficus albipila,(Miq.) King,Indonesia
Moraceae,Ficus albomaculata,C.C.Berg,Indonesia
Moraceae,Ficus altissima,Blume,Indonesia
Moraceae,Ficus ampelas,Burm.f.,Indonesia
Moraceae,Ficus ampelos,Burm.f.,Indonesia
Moraceae,Ficus anastomosans,Wall. ex Kurz,Indonesia
Moraceae,Ficus androchaete,Corner,Indonesia
Moraceae,Ficus annulata,Blume,Indonesia
Moraceae,Ficus arfakensis,King,Indonesia
Moraceae,Ficus armitii,King,Indonesia
Moraceae,Ficus aurata,(Miq.) Miq.,Indonesia
Moraceae,Ficus aurita,Blume,Indonesia
Moraceae,Ficus austrina,Corner,Indonesia
Moraceae,Ficus balica,Miq.,Indonesia
Moraceae,Ficus beccarii,King,Indonesia
Moraceae,Ficus benjamina,L.,Indonesia
Moraceae,Ficus bernaysii,King,Indonesia
Moraceae,Ficus binnendijkii,Miq.,Indonesia
Moraceae,Ficus botryocarpa,Miq.,Indonesia
Moraceae,Ficus bracteata,(Miq.) Wall. ex Miq.,Indonesia
Moraceae,Ficus brunneoaurata,Corner,Indonesia
Moraceae,Ficus bukitrayaensis,C.C.Berg,Indonesia
Moraceae,Ficus calcarata,Corner,Indonesia
Moraceae,Ficus callophylla,Blume,Indonesia
Moraceae,Ficus callosa,Willd.,Indonesia
Moraceae,Ficus calopilina,Diels,Indonesia
Moraceae,Ficus capillipes,Gagnep.,Indonesia
Moraceae,Ficus carinata,C.C.Berg,Indonesia
Moraceae,Ficus casearioides,King,Indonesia
Moraceae,Ficus caulocarpa,(Miq.) Miq.,Indonesia
Moraceae,Ficus cauta,Corner,Indonesia
Moraceae,Ficus celebensis,Corner,Indonesia
Moraceae,Ficus cereicarpa,Corner,Indonesia
Moraceae,Ficus chartacea,(Wall. ex Kurz) Wall. ex King,Indonesia
Moraceae,Ficus chrysolepis,Miq.,Indonesia
Moraceae,Ficus congesta,Roxb.,Indonesia
Moraceae,Ficus consociata,Blume,Indonesia
Moraceae,Ficus copiosa,Steud.,Indonesia
Moraceae,Ficus cordatula,Merr.,Indonesia
Moraceae,Ficus crassiramea,(Miq.) Miq.,Indonesia
Moraceae,Ficus cucurbitina,King,Indonesia
Moraceae,Ficus cumingii,Miq.,Indonesia
Moraceae,Ficus curtipes,Corner,Indonesia
Moraceae,Ficus cuspidata,Reinw. ex Blume,Indonesia
Moraceae,Ficus decipiens,Reinw. ex Blume,Indonesia
Moraceae,Ficus delosyce,Corner,Indonesia
Moraceae,Ficus deltoidea,Jack,Indonesia
Moraceae,Ficus depressa,Blume,Indonesia
Moraceae,Ficus dimorpha,King,Indonesia
Moraceae,Ficus drupacea,Thunb.,Indonesia
Moraceae,Ficus elastica,Roxb. ex Hornem.,Indonesia
Moraceae,Ficus elmeri,Merr.,Indonesia
Moraceae,Ficus erythrosperma,Miq.,Indonesia
Moraceae,Ficus eumorpha,Corner,Indonesia
Moraceae,Ficus fistulosa,Reinw. ex Blume,Indonesia
Moraceae,Ficus floresana,C.C.Berg,Indonesia
Moraceae,Ficus forstenii,Miq.,Indonesia
Moraceae,Ficus francisci,H.J.P.Winkl.,Indonesia
Moraceae,Ficus fulva,Reinw. ex Blume,Indonesia
Moraceae,Ficus funiculosa,Corner,Indonesia
Moraceae,Ficus geocarpa,Teijsm. ex Miq.,Indonesia
Moraceae,Ficus gibbsiae,Ridl.,Indonesia
Moraceae,Ficus gilapong,Miq.,Indonesia
Moraceae,Ficus glaberrima,Blume,Indonesia
Moraceae,Ficus glabristipulata,C.C.Berg,Indonesia
Moraceae,Ficus glandifera,Summerh.,Indonesia
Moraceae,Ficus glandulifera,(Wall. ex Miq.) King,Indonesia
Moraceae,Ficus goniophylla,Corner,Indonesia
Moraceae,Ficus gracillima,Diels,Indonesia
Moraceae,Ficus gratiosa,Corner,Indonesia
Moraceae,Ficus grewiifolia,Blume,Indonesia
Moraceae,Ficus grossularioides,Burm.f.,Indonesia
Moraceae,Ficus gul,K.Schum. & Lauterb.,Indonesia
Moraceae,Ficus hadroneura,Diels,Indonesia
Moraceae,Ficus halmaherae,Corner,Indonesia
Moraceae,Ficus hemsleyana,King,Indonesia
Moraceae,Ficus hesperidiiformis,King,Indonesia
Moraceae,Ficus heteropleura,Blume,Indonesia
Moraceae,Ficus heteropoda,Miq.,Indonesia
Moraceae,Ficus hispida,L.f.,Indonesia
Moraceae,Ficus hombroniana,Corner,Indonesia
Moraceae,Ficus hypogaea,King,Indonesia
Moraceae,Ficus inaequipetiolata,Merr.,Indonesia
Moraceae,Ficus involucrata,Blume,Indonesia
Moraceae,Ficus itoana,Diels,Indonesia
Moraceae,Ficus ixoroides,Corner,Indonesia
Moraceae,Ficus jaheriana,Corner,Indonesia
Moraceae,Ficus juglandiformis,King,Indonesia
Moraceae,Ficus kerkhovenii,Koord. & Valeton,Indonesia
Moraceae,Ficus kjellbergii,Corner,Indonesia
Moraceae,Ficus kochummeniana,C.C.Berg,Indonesia
Moraceae,Ficus kofmaniae,C.C.Berg,Indonesia
Moraceae,Ficus kuchinensis,C.C.Berg,Indonesia
Moraceae,Ficus kurzii,King,Indonesia
Moraceae,Ficus lamponga,Miq.,Indonesia
Moraceae,Ficus latimarginata,Corner,Indonesia
Moraceae,Ficus lawesii,King,Indonesia
Moraceae,Ficus lepicarpa,Blume,Indonesia
Moraceae,Ficus leptocalama,Corner,Indonesia
Moraceae,Ficus lindsayana,Beentje,Indonesia
Moraceae,Ficus litseifolia,Corner,Indonesia
Moraceae,Ficus macilenta,King,Indonesia
Moraceae,Ficus macrorrhyncha,Lauterb. & K.Schum.,Indonesia
Moraceae,Ficus magnoliifolia,Blume,Indonesia
Moraceae,Ficus malayana,C.C.Berg & Chantaras.,Indonesia
Moraceae,Ficus manuselensis,C.C.Berg,Indonesia
Moraceae,Ficus matanoensis,C.C.Berg,Indonesia
Moraceae,Ficus megaleia,Corner,Indonesia
Moraceae,Ficus melinocarpa,Blume,Indonesia
Moraceae,Ficus microcarpa,L.f.,Indonesia
Moraceae,Ficus microsyce,Ridl.,Indonesia
Moraceae,Ficus minahassae,(Teijsm. & Vriese) Miq.,Indonesia
Moraceae,Ficus miqueliana,C.C.Berg,Indonesia
Moraceae,Ficus mollior,F.Muell. ex Benth.,Indonesia
Moraceae,Ficus montana,Burm.f.,Indonesia
Moraceae,Ficus nervosa,B.Heyne ex Roth,Indonesia
Moraceae,Ficus obliqua,G.Forst.,Indonesia
Moraceae,Ficus obscura,Blume,Indonesia
Moraceae,Ficus oleifolia,King,Indonesia
Moraceae,Ficus opposita,Miq.,Indonesia
Moraceae,Ficus padana,Burm.f.,Indonesia
Moraceae,Ficus pallescens,(Weiblen) C.C.Berg,Indonesia
Moraceae,Ficus paracamptophylla,Corner,Indonesia
Moraceae,Ficus parietalis,Blume,Indonesia
Moraceae,Ficus parvibracteata,Corner,Indonesia
Moraceae,Ficus patellata,Corner,Indonesia
Moraceae,Ficus pedunculosa,Miq.,Indonesia
Moraceae,Ficus pisocarpa,Blume,Indonesia
Moraceae,Ficus pleyteana,Corner,Indonesia
Moraceae,Ficus polyantha,Warb.,Indonesia
Moraceae,Ficus porrecta,(Corner) C.C.Berg,Indonesia
Moraceae,Ficus prasinicarpa,Elmer ex C.C.Berg,Indonesia
Moraceae,Ficus primaria,Corner,Indonesia
Moraceae,Ficus pungens,Reinw. ex Blume,Indonesia
Moraceae,Ficus racemosa,L.,Indonesia
Moraceae,Ficus retusa,L.,Indonesia
Moraceae,Ficus ribes,Reinw. ex Blume,Indonesia
Moraceae,Ficus riedelii,Teijsm. ex Miq.,Indonesia
Moraceae,Ficus rosulata,C.C.Berg,Indonesia
Moraceae,Ficus rubrocuspidata,Corner,Indonesia
Moraceae,Ficus rubrosyce,C.C.Berg,Indonesia
Moraceae,Ficus rumphii,Blume,Indonesia
Moraceae,Ficus sagittata,Vahl,Indonesia
Moraceae,Ficus saxophila,Blume,Indonesia
Moraceae,Ficus scaberrima,Blume,Indonesia
Moraceae,Ficus schefferiana,King,Indonesia
Moraceae,Ficus schwarzii,Koord.,Indonesia
Moraceae,Ficus septica,Burm.f.,Indonesia
Moraceae,Ficus serraria,Miq.,Indonesia
Moraceae,Ficus setiflora,Stapf,Indonesia
Moraceae,Ficus simplicissima,Lour.,Indonesia
Moraceae,Ficus sinuata,Thunb.,Indonesia
Moraceae,Ficus sorongensis,C.C.Berg,Indonesia
Moraceae,Ficus spathulifolia,Corner,Indonesia
Moraceae,Ficus stolonifera,King,Indonesia
Moraceae,Ficus stricta,(Miq.) Miq.,Indonesia
Moraceae,Ficus subcaudata,C.C.Berg,Indonesia
Moraceae,Ficus subcordata,Blume,Indonesia
Moraceae,Ficus subcuneata,Miq.,Indonesia
Moraceae,Ficus subfulva,Corner,Indonesia
Moraceae,Ficus subgelderi,Corner,Indonesia
Moraceae,Ficus subglabritepala,C.C.Berg,Indonesia
Moraceae,Ficus sublimbata,Corner,Indonesia
Moraceae,Ficus subtrinervia,K.Schum. & Lauterb.,Indonesia
Moraceae,Ficus subulata,Blume,Indonesia
Moraceae,Ficus sumatrana,Miq.,Indonesia
Moraceae,Ficus sundaica,Blume,Indonesia
Moraceae,Ficus superba,(Miq.) Miq.,Indonesia
Moraceae,Ficus temburongensis,C.C.Berg,Indonesia
Moraceae,Ficus tenuicuspidata,Corner,Indonesia
Moraceae,Ficus ternatana,(Miq.) Miq.,Indonesia
Moraceae,Ficus tinctoria,G.Forst.,Indonesia
Moraceae,Ficus tonsa,Miq.,Indonesia
Moraceae,Ficus trachypison,K.Schum. & Lauterb.,Indonesia
Moraceae,Ficus treubii,King,Indonesia
Moraceae,Ficus trichocarpa,Blume,Indonesia
Moraceae,Ficus tricolor,Miq.,Indonesia
Moraceae,Ficus triloba,Buch.-Ham. ex Voigt,Indonesia
Moraceae,Ficus tristaniifolia,Corner,Indonesia
Moraceae,Ficus tunicata,Corner,Indonesia
Moraceae,Ficus umbonata,Reinw. ex Blume,Indonesia
Moraceae,Ficus uncinata,(King) Becc.,Indonesia
Moraceae,Ficus uniglandulosa,Wall.,Indonesia
Moraceae,Ficus variegata,Blume,Indonesia
Moraceae,Ficus virens,Aiton,Indonesia
Moraceae,Ficus virescens,Corner,Indonesia
Moraceae,Ficus virgata,Reinw. ex Blume,Indonesia
Moraceae,Ficus vrieseana,Miq.,Indonesia
Moraceae,Ficus wassa,Roxb.,Indonesia
Moraceae,Ficus xylophylla,(Miq.) Wall. ex Miq.,Indonesia
Moraceae,Hullettia dumosa,King,Indonesia
Moraceae,Morus macroura,Miq.,Indonesia
Moraceae,Parartocarpus bracteatus,(King) Becc.,Indonesia
Moraceae,Parartocarpus venenosa,(Zoll. & Moritzi) Becc.,Indonesia
Moraceae,Paratrophis glabra,(Merr.) Steenis,Indonesia
Moraceae,Paratrophis philippinensis,(Bureau) Fern.-Vill.,Indonesia
Moraceae,Prainea limpato,(Miq.) Beumée ex K.Heyne,Indonesia
Moraceae,Prainea scandens,King ,Indonesia
Moraceae,Sloetia elongata,(Miq.) Koord.,Indonesia
Moraceae,Streblus asper,Lour.,Indonesia
Moraceae,Taxotrophis ilicifolia,(Kurz) S.Vidal,Indonesia
Moraceae,Taxotrophis macrophylla,(Blume) Boerl.,Indonesia
Moraceae,Taxotrophis taxoides,(B.Heyne ex Roth) Chew ex E.M.Gardner,Indonesia
Myodocarpaceae,Delarbrea paradoxa,Vieill.,Indonesia
Myricaceae,Morella esculenta,(Buch.-Ham. ex D.Don) I.M.Turner,Indonesia
Myricaceae,Morella javanica,(Blume) I.M.Turner,Indonesia
Myristicaceae,Endocomia canarioides,(King) W.J.de Wilde,Indonesia
Myristicaceae,Endocomia macrocoma,(Miq.) W.J.de Wilde,Indonesia
Myristicaceae,Endocomia rufirachis,(Sinclair) W.J.de Wilde,Indonesia
Myristicaceae,Gymnacranthera bancana,(Miq.) J.Sinclair,Indonesia
Myristicaceae,Gymnacranthera contracta,Warb.,Indonesia
Myristicaceae,Gymnacranthera farquhariana,(Hook.f. & Thomson) Warb.,Indonesia
Myristicaceae,Gymnacranthera forbesii,(King) Warb.,Indonesia
Myristicaceae,Gymnacranthera maliliensis,R.T.A.Schouten,Indonesia
Myristicaceae,Gymnacranthera ocellata,R.T.A.Schouten,Indonesia
Myristicaceae,Horsfieldia angularis,W.J.de Wilde,Indonesia
Myristicaceae,Horsfieldia aruana,(Blume) W.J.de Wilde,Indonesia
Myristicaceae,Horsfieldia atjehensis,W.J.de Wilde,Indonesia
Myristicaceae,Horsfieldia borneensis,W.J.de Wilde,Indonesia
Myristicaceae,Horsfieldia brachiata,(King) Warb.,Indonesia
Myristicaceae,Horsfieldia carnosa,Warb.,Indonesia
Myristicaceae,Horsfieldia coriacea,W.J.de Wilde,Indonesia
Myristicaceae,Horsfieldia costulata,Warb.,Indonesia
Myristicaceae,Horsfieldia crassifolia,(Hook.f. & Thomson) Warb.,Indonesia
Myristicaceae,Horsfieldia decalvata,W.J.de Wilde,Indonesia
Myristicaceae,Horsfieldia discolor,W.J.de Wilde,Indonesia
Myristicaceae,Horsfieldia endertii,W.J.de Wilde,Indonesia
Myristicaceae,Horsfieldia fragillima,Airy Shaw,Indonesia
Myristicaceae,Horsfieldia fulva,(King) Warb.,Indonesia
Myristicaceae,Horsfieldia glabra,(Reinw. ex Blume) Warb.,Indonesia
Myristicaceae,Horsfieldia grandis,(Hook.f.) Warb.,Indonesia
Myristicaceae,Horsfieldia hirtiflora,W.J.de Wilde,Indonesia
Myristicaceae,Horsfieldia inflexa,W.J.de Wilde,Indonesia
Myristicaceae,Horsfieldia iriana,W.J.de Wilde,Indonesia
Myristicaceae,Horsfieldia irya,(Gaertn.) Warb.,Indonesia
Myristicaceae,Horsfieldia laevigata,Warb.,Indonesia
Myristicaceae,Horsfieldia lancifolia,W.J.de Wilde,Indonesia
Myristicaceae,Horsfieldia laticostata,(J.Sinclair) W.J.de Wilde,Indonesia
Myristicaceae,Horsfieldia leptantha,W.J.de Wilde,Indonesia
Myristicaceae,Horsfieldia macilenta,W.J.de Wilde,Indonesia
Myristicaceae,Horsfieldia macrothyrsa,Warb.,Indonesia
Myristicaceae,Horsfieldia majuscula,Warb.,Indonesia
Myristicaceae,Horsfieldia moluccana,W.J.de Wilde,Indonesia
Myristicaceae,Horsfieldia motleyi,Warb.,Indonesia
Myristicaceae,Horsfieldia obscura,W.J.de Wilde,Indonesia
Myristicaceae,Horsfieldia olens,W.J.de Wilde,Indonesia
Myristicaceae,Horsfieldia pachycarpa,A.C.Sm.,Indonesia
Myristicaceae,Horsfieldia pachyrachis,W.J.de Wilde,Indonesia
Myristicaceae,Horsfieldia pallidicaula,W.J.de Wilde,Indonesia
Myristicaceae,Horsfieldia parviflora,(Roxb.) J.Sinclair,Indonesia
Myristicaceae,Horsfieldia penangiana,J.Sinclair,Indonesia
Myristicaceae,Horsfieldia pilifera,Markgr.,Indonesia
Myristicaceae,Horsfieldia platantha,W.J.de Wilde,Indonesia
Myristicaceae,Horsfieldia polyspherula,(Hook.f. ex King) J.Sinclair,Indonesia
Myristicaceae,Horsfieldia pulcherrima,W.J.de Wilde,Indonesia
Myristicaceae,Horsfieldia punctatifolia,J.Sinclair,Indonesia
Myristicaceae,Horsfieldia reticulata,Warb.,Indonesia
Myristicaceae,Horsfieldia schlechteri,Warb.,Indonesia
Myristicaceae,Horsfieldia sparsa,W.J.de Wilde,Indonesia
Myristicaceae,Horsfieldia spicata,(Roxb.) J.Sinclair,Indonesia
Myristicaceae,Horsfieldia splendida,W.J.de Wilde,Indonesia
Myristicaceae,Horsfieldia subtilis,Warb.,Indonesia
Myristicaceae,Horsfieldia sucosa,Warb.,Indonesia
Myristicaceae,Horsfieldia superba,Warb.,Indonesia
Myristicaceae,Horsfieldia sylvestris,Warb.,Indonesia
Myristicaceae,Horsfieldia talaudensis,W.J.de Wilde,Indonesia
Myristicaceae,Horsfieldia tomentosa,Warb.,Indonesia
Myristicaceae,Horsfieldia triandra,W.J.de Wilde,Indonesia
Myristicaceae,Horsfieldia tristis,W.J.de Wilde,Indonesia
Myristicaceae,Horsfieldia valida,Warb.,Indonesia
Myristicaceae,Horsfieldia wallichii,Warb.,Indonesia
Myristicaceae,Knema andamanica,(Warb.) W.J.de Wilde,Indonesia
Myristicaceae,Knema ashtonii,J.Sinclair,Indonesia
Myristicaceae,Knema celebica,W.J.de Wilde,Indonesia
Myristicaceae,Knema cinerea,Warb.,Indonesia
Myristicaceae,Knema conferta,(King) Warb.,Indonesia
Myristicaceae,Knema curtisii,Warb.,Indonesia
Myristicaceae,Knema elmeri,Merr.,Indonesia
Myristicaceae,Knema emmae,W.J.de Wilde,Indonesia
Myristicaceae,Knema galeata,J.Sinclair,Indonesia
Myristicaceae,Knema glauca,(Blume) Warb.,Indonesia
Myristicaceae,Knema glaucescens,Jack,Indonesia
Myristicaceae,Knema globularia,(Lam.) Warb.,Indonesia
Myristicaceae,Knema hirtella,W.J.de Wilde,Indonesia
Myristicaceae,Knema hookeriana,Warb.,Indonesia
Myristicaceae,Knema intermedia,Warb.,Indonesia
Myristicaceae,Knema kostermansiana,W.J.de Wilde,Indonesia
Myristicaceae,Knema krusemaniana,W.J.de Wilde,Indonesia
Myristicaceae,Knema kunstleri,(King) Warb.,Indonesia
Myristicaceae,Knema lampongensis,W.J.de Wilde,Indonesia
Myristicaceae,Knema latericia,Elmer,Indonesia
Myristicaceae,Knema latifolia,Warb.,Indonesia
Myristicaceae,Knema laurina,Warb.,Indonesia
Myristicaceae,Knema linguiformis,(J.Sinclair) W.J.de Wilde,Indonesia
Myristicaceae,Knema longepilosa,(W.J.de Wilde) W.J.de Wilde,Indonesia
Myristicaceae,Knema losirensis,W.J.de Wilde,Indonesia
Myristicaceae,Knema luteola,W.J.de Wilde,Indonesia
Myristicaceae,Knema mamillata,W.J.de Wilde,Indonesia
Myristicaceae,Knema mandaharan,(Miq.) Warb.,Indonesia
Myristicaceae,Knema matanensis,W.J.de Wilde,Indonesia
Myristicaceae,Knema membranifolia,H.J.P.Winkl.,Indonesia
Myristicaceae,Knema mogeana,W.J.de Wilde,Indonesia
Myristicaceae,Knema oblongata,Merr.,Indonesia
Myristicaceae,Knema pallens,W.J.de Wilde,Indonesia
Myristicaceae,Knema patentinervia,(J.Sinclair) W.J.de Wilde,Indonesia
Myristicaceae,Knema percoriacea,J.Sinclair,Indonesia
Myristicaceae,Knema pseudolaurina,W.J.de Wilde,Indonesia
Myristicaceae,Knema psilantha,W.J.de Wilde,Indonesia
Myristicaceae,Knema pubiflora,W.J.de Wilde,Indonesia
Myristicaceae,Knema pulchra,Warb.,Indonesia
Myristicaceae,Knema riangensis,W.J.de Wilde,Indonesia
Myristicaceae,Knema rubens,(J.Sinclair) W.J.de Wilde,Indonesia
Myristicaceae,Knema scortechinii,(King) J.Sinclair,Indonesia
Myristicaceae,Knema sericea,W.J.de Wilde,Indonesia
Myristicaceae,Knema steenisii,W.J.de Wilde,Indonesia
Myristicaceae,Knema stellata,Merr.,Indonesia
Myristicaceae,Knema sumatrana,(Blume) W.J.de Wilde,Indonesia
Myristicaceae,Knema tomentella,Warb.,Indonesia
Myristicaceae,Knema uliginosa,J.Sinclair,Indonesia
Myristicaceae,Knema woodii,J.Sinclair,Indonesia
Myristicaceae,Myristica alba,W.J.de Wilde,Indonesia
Myristicaceae,Myristica arfakensis,W.J.de Wilde,Indonesia
Myristicaceae,Myristica argentea,Warb.,Indonesia
Myristicaceae,Myristica atrescens,W.J.de Wilde,Indonesia
Myristicaceae,Myristica atrocorticata,W.J.de Wilde,Indonesia
Myristicaceae,Myristica beccarii,Warb.,Indonesia
Myristicaceae,Myristica bifurcata,(J.Sinclair) W.J.de Wilde,Indonesia
Myristicaceae,Myristica brassii,A.C.Sm.,Indonesia
Myristicaceae,Myristica buchneriana,Warb.,Indonesia
Myristicaceae,Myristica conspersa,W.J.de Wilde,Indonesia
Myristicaceae,Myristica cornutiflora,J.Sinclair,Indonesia
Myristicaceae,Myristica crassa,King,Indonesia
Myristicaceae,Myristica cucullata,Markgr.,Indonesia
Myristicaceae,Myristica depressa,W.J.de Wilde,Indonesia
Myristicaceae,Myristica devogelii,W.J.de Wilde,Indonesia
Myristicaceae,Myristica duplopunctata,W.J.de Wilde,Indonesia
Myristicaceae,Myristica elliptica,Wall. ex Hook.f. & Thomson,Indonesia
Myristicaceae,Myristica extensa,W.J.de Wilde,Indonesia
Myristicaceae,Myristica fallax,Warb.,Indonesia
Myristicaceae,Myristica fatua,Houtt.,Indonesia
Myristicaceae,Myristica fissiflora,W.J.de Wilde,Indonesia
Myristicaceae,Myristica fissurata,W.J.de Wilde,Indonesia
Myristicaceae,Myristica flavovirens,W.J.de Wilde,Indonesia
Myristicaceae,Myristica fragrans,Houtt.,Indonesia
Myristicaceae,Myristica fusca,Markgr.,Indonesia
Myristicaceae,Myristica fusiformis,W.J.de Wilde,Indonesia
Myristicaceae,Myristica garciniifolia,Warb.,Indonesia
Myristicaceae,Myristica gigantea,King,Indonesia
Myristicaceae,Myristica globosa,Warb.,Indonesia
Myristicaceae,Myristica gracilipes,J.Sinclair,Indonesia
Myristicaceae,Myristica guatteriifolia,A.DC.,Indonesia
Myristicaceae,Myristica hooglandii,J.Sinclair,Indonesia
Myristicaceae,Myristica impressa,Warb.,Indonesia
Myristicaceae,Myristica inaequalis,W.J.de Wilde,Indonesia
Myristicaceae,Myristica iners,Blume,Indonesia
Myristicaceae,Myristica ingrata,W.J.de Wilde,Indonesia
Myristicaceae,Myristica insipida,R.Br.,Indonesia
Myristicaceae,Myristica inutilis,Rich. ex A.Gray,Indonesia
Myristicaceae,Myristica johnsii,W.J.de Wilde,Indonesia
Myristicaceae,Myristica kalkmanii,W.J.de Wilde,Indonesia
Myristicaceae,Myristica kjellbergii,W.J.de Wilde,Indonesia
Myristicaceae,Myristica lancifolia,Poir.,Indonesia
Myristicaceae,Myristica lepidota,Blume,Indonesia
Myristicaceae,Myristica longipes,Warb.,Indonesia
Myristicaceae,Myristica lowiana,King,Indonesia
Myristicaceae,Myristica malaccensis,Hook.f.,Indonesia
Myristicaceae,Myristica markgraviana,A.C.Sm.,Indonesia
Myristicaceae,Myristica maxima,Warb.,Indonesia
Myristicaceae,Myristica mediovibex,W.J.de Wilde,Indonesia
Myristicaceae,Myristica mediterranea,W.J.de Wilde,Indonesia
Myristicaceae,Myristica millepunctata,W.J.de Wilde,Indonesia
Myristicaceae,Myristica neglecta,Warb.,Indonesia
Myristicaceae,Myristica papillatifolia,W.J.de Wilde,Indonesia
Myristicaceae,Myristica papyracea,J.Sinclair,Indonesia
Myristicaceae,Myristica perlaevis,W.J.de Wilde,Indonesia
Myristicaceae,Myristica pubicarpa,W.J.de Wilde,Indonesia
Myristicaceae,Myristica robusta,W.J.de Wilde,Indonesia
Myristicaceae,Myristica rumphii,(Blume) Kosterm.,Indonesia
Myristicaceae,Myristica sangowoensis,(J.Sinclair) W.J.de Wilde,Indonesia
Myristicaceae,Myristica sarcantha,W.J.de Wilde,Indonesia
Myristicaceae,Myristica scripta,W.J.de Wilde,Indonesia
Myristicaceae,Myristica simiarum,A. DC.,Indonesia
Myristicaceae,Myristica sphaerosperma,A.C.Sm.,Indonesia
Myristicaceae,Myristica subalulata,Miq.,Indonesia
Myristicaceae,Myristica subcordata,Blume,Indonesia
Myristicaceae,Myristica succedanea,Blume,Indonesia
Myristicaceae,Myristica sulcata,Warb.,Indonesia
Myristicaceae,Myristica tamrauensis,W.J.de Wilde,Indonesia
Myristicaceae,Myristica teysmannii,Miq.,Indonesia
Myristicaceae,Myristica trianthera,W.J.de Wilde,Indonesia
Myristicaceae,Myristica tristis,Warb.,Indonesia
Myristicaceae,Myristica tubiflora,Blume,Indonesia
Myristicaceae,Myristica ultrabasica,W.J.de Wilde,Indonesia
Myristicaceae,Myristica undulatifolia,J.Sinclair,Indonesia
Myristicaceae,Myristica verruculosa,W.J.de Wilde,Indonesia
Myristicaceae,Myristica villosa,Warb.,Indonesia
Myristicaceae,Myristica vinkeana,W.J.de Wilde,Indonesia
Myristicaceae,Myristica warburgii,K.Schum.,Indonesia
Myristicaceae,Myristica wyatt-smithii,Airy Shaw,Indonesia
Myrtaceae,Asteromyrtus symphyocarpa,(F.Muell.) Craven,Indonesia
Myrtaceae,Asteromyrtus tranganensis,Craven,Indonesia
Myrtaceae,Baeckea frutescens,L.,Indonesia
Myrtaceae,Decaspermum alpinum,P.Royen,Indonesia
Myrtaceae,Decaspermum arfakense,Diels,Indonesia
Myrtaceae,Decaspermum belense,Merr. & L.M.Perry,Indonesia
Myrtaceae,Decaspermum bracteatum,(Roxb.) A.J.Scott,Indonesia
Myrtaceae,Decaspermum fruticosum,J.R.Forst. & G.Forst.,Indonesia
Myrtaceae,Decaspermum nitentifolium,Merr. & L.M.Perry,Indonesia
Myrtaceae,Decaspermum nivale,(Ridl.) Merr. & L.M.Perry,Indonesia
Myrtaceae,Decaspermum parviflorum,(Lam.) A.J.Scott,Indonesia
Myrtaceae,Decaspermum parvifolium,(Ridl.) A.J.Scott,Indonesia
Myrtaceae,Decaspermum triflorum,A.J.Scott,Indonesia
Myrtaceae,Decaspermum vitis-idaea,Stapf,Indonesia
Myrtaceae,Eucalyptopsis papuana,C.T.White,Indonesia
Myrtaceae,Eucalyptus alba,Reinw. ex Blume,Indonesia
Myrtaceae,Eucalyptus deglupta,Blume,Indonesia
Myrtaceae,Eucalyptus obliqua,L'Hér.,Indonesia
Myrtaceae,Eucalyptus urophylla,S.T.Blake,Indonesia
Myrtaceae,Eucalyptus wetarensis,L.D.Pryor,Indonesia
Myrtaceae,Eugenia aherniana,C.B.Rob.,Indonesia
Myrtaceae,Eugenia reinwardtiana,(Blume) DC.,Indonesia
Myrtaceae,Gossia eugenioides,(A.J.Scott) N.Snow,Indonesia
Myrtaceae,Kania eugenioides,Schltr.,Indonesia
Myrtaceae,Kania hirsutula,(F.Muell.) A.J.Scott,Indonesia
Myrtaceae,Kania nettotensis,A.J.Scott,Indonesia
Myrtaceae,Kania platyphylla,A.J.Scott,Indonesia
Myrtaceae,Kjellbergiodendron celebicum,(Koord.) Merr.,Indonesia
Myrtaceae,Leptospermum javanicum,Blume,Indonesia
Myrtaceae,Leptospermum parviflorum,Valeton,Indonesia
Myrtaceae,Leptospermum recurvum,Hook.f.,Indonesia
Myrtaceae,Lindsayomyrtus racemoides,(Greves) Craven,Indonesia
Myrtaceae,Melaleuca cajuputi,Maton & Sm. ex R.Powell,Indonesia
Myrtaceae,Melaleuca dealbata,S.T.Blake,Indonesia
Myrtaceae,Melaleuca leucadendra,(L.) L.,Indonesia
Myrtaceae,Metrosideros arfakensis,Gibbs,Indonesia
Myrtaceae,Metrosideros parallelinervis,C.T.White,Indonesia
Myrtaceae,Metrosideros ramiflora,Lauterb.,Indonesia
Myrtaceae,Myrtella beccarii,F.Muell.,Indonesia
Myrtaceae,Myrtella bennigseniana,(Volkens) Diels,Indonesia
Myrtaceae,Octamyrtus arfakensis,Kaneh. & Hatus. ex C.T.White,Indonesia
Myrtaceae,Octamyrtus glomerata,Kaneh. & Hatus. ex C.T.White,Indonesia
Myrtaceae,Octamyrtus halmaherensis,Craven & Sunarti,Indonesia
Myrtaceae,Octamyrtus pleiopetala,Diels,Indonesia
Myrtaceae,Osbornia octodonta,F.Muell.,Indonesia
Myrtaceae,Rhodamnia cinerea,Jack,Indonesia
Myrtaceae,Rhodamnia latifolia,(Benth.) Miq.,Indonesia
Myrtaceae,Rhodamnia moluccana,Burret,Indonesia
Myrtaceae,Rhodamnia mulleri,(Korth.) Blume,Indonesia
Myrtaceae,Rhodamnia novoguineensis,A.J.Scott,Indonesia
Myrtaceae,Rhodamnia pachyloba,A.J.Scott,Indonesia
Myrtaceae,Rhodamnia reticulata,A.J.Scott,Indonesia
Myrtaceae,Rhodamnia sepicana,Diels,Indonesia
Myrtaceae,Rhodamnia tessellata,Steenis ex A.J.Scott,Indonesia
Myrtaceae,Rhodamnia waigeoensis,N.Snow,Indonesia
Myrtaceae,Rhodomyrtus elegans,(Blume) A.J.Scott,Indonesia
Myrtaceae,Rhodomyrtus macrocarpa,Benth.,Indonesia
Myrtaceae,Rhodomyrtus montana,Guymer,Indonesia
Myrtaceae,Rhodomyrtus tomentosa,(Aiton) Hassk.,Indonesia
Myrtaceae,Rhodomyrtus trineura,(F.Muell.) Benth.,Indonesia
Myrtaceae,Syzygium abatakum,Widodo,Indonesia
Myrtaceae,Syzygium acuminatissimum,(Blume) DC.,Indonesia
Myrtaceae,Syzygium acuminatum,(Sweet) Miq.,Indonesia
Myrtaceae,Syzygium acutatum,(Miq.) Amshoff,Indonesia
Myrtaceae,Syzygium adenophyllum,Merr. & L.M.Perry,Indonesia
Myrtaceae,Syzygium aegiceroides,(Korth. ex Miq.) Korth.,Indonesia
Myrtaceae,Syzygium aemulum,(Blume) Amshoff,Indonesia
Myrtaceae,Syzygium altecastaneum,(P.S.Ashton) Byng & Christenh.,Indonesia
Myrtaceae,Syzygium ampliflorum,(Koord. & Valeton) Amshoff,Indonesia
Myrtaceae,Syzygium angustovatum,Widodo & Chikmaw.,Indonesia
Myrtaceae,Syzygium antisepticum,(Blume) Merr. & L.M.Perry,Indonesia
Myrtaceae,Syzygium apodum,Miq.,Indonesia
Myrtaceae,Syzygium aqueum,(Burm.f.) Alston,Indonesia
Myrtaceae,Syzygium argyrocalyx,(Warb.) Merr. & L.M.Perry,Indonesia
Myrtaceae,Syzygium aromaticum,(L.) Merr. & L.M.Perry,Indonesia
Myrtaceae,Syzygium attenuatum,(Miq.) Merr. & L.M.Perry,Indonesia
Myrtaceae,Syzygium avene,Miq.,Indonesia
Myrtaceae,Syzygium badium,Merr. & L.M.Perry,Indonesia
Myrtaceae,Syzygium balgooyi,"Brambach, Byng & Culmsee",Indonesia
Myrtaceae,Syzygium bankense,(Hassk.) Merr. & L.M.Perry,Indonesia
Myrtaceae,Syzygium baramense,(Merr.) Merr. & L.M.Perry,Indonesia
Myrtaceae,Syzygium barringtonioides,(Ridl.) Masam.,Indonesia
Myrtaceae,Syzygium beccarii,(Ridl.) Merr. & L.M.Perry,Indonesia
Myrtaceae,Syzygium bengkulense,Widodo,Indonesia
Myrtaceae,Syzygium benjaminum,Diels,Indonesia
Myrtaceae,Syzygium biniflorum,(Ridl.) P.S.Ashton,Indonesia
Myrtaceae,Syzygium bisulcum,(Miq.) Widodo,Indonesia
Myrtaceae,Syzygium blumei,(Steud.) Merr. & L.M.Perry,Indonesia
Myrtaceae,Syzygium borneense,(Miq.) Miq.,Indonesia
Myrtaceae,Syzygium brachybotryum,Miq.,Indonesia
Myrtaceae,Syzygium brachypodum,Merr. & L.M.Perry,Indonesia
Myrtaceae,Syzygium brachyrachis,Merr. & L.M.Perry,Indonesia
Myrtaceae,Syzygium branderhorstii,Lauterb.,Indonesia
Myrtaceae,Syzygium calubcob,(C.B.Rob.) Merr.,Indonesia
Myrtaceae,Syzygium calyptrocalyx,P.S.Ashton,Indonesia
Myrtaceae,Syzygium carrii,T.G.Hartley & L.M.Perry,Indonesia
Myrtaceae,Syzygium castaneum,(Merr.) Merr. & L.M.Perry,Indonesia
Myrtaceae,Syzygium caudatilimbum,(Merr.) Merr. & L.M.Perry,Indonesia
Myrtaceae,Syzygium caudatum,(Merr.) Airy Shaw,Indonesia
Myrtaceae,Syzygium celebicum,(Blume) Widodo,Indonesia
Myrtaceae,Syzygium chloranthum,(Duthie) Merr. & L.M.Perry,Indonesia
Myrtaceae,Syzygium chloroleucum,(King) Masam.,Indonesia
Myrtaceae,Syzygium christmannii,Merr. & L.M.Perry,Indonesia
Myrtaceae,Syzygium claviflorum,(Roxb.) Wall. ex A.M.Cowan & Cowan,Indonesia
Myrtaceae,Syzygium cleistocalyx,(Merr.) P.S.Ashton,Indonesia
Myrtaceae,Syzygium confertum,(Korth.) Merr. & L.M.Perry,Indonesia
Myrtaceae,Syzygium confusum,(Blume) Bakh.f.,Indonesia
Myrtaceae,Syzygium conglomeratum,(Duthie) I.M.Turner,Indonesia
Myrtaceae,Syzygium conicum,Korth.,Indonesia
Myrtaceae,Syzygium contiguum,"Brambach, Byng & Culmsee",Indonesia
Myrtaceae,Syzygium cornifolium,(Blume) Merr. & L.M.Perry,Indonesia
Myrtaceae,Syzygium corymbosum,(Blume) DC.,Indonesia
Myrtaceae,Syzygium cumini,(L.) Skeels,Indonesia
Myrtaceae,Syzygium cuneatum,(Blume) Masam.,Indonesia
Myrtaceae,Syzygium cuneiforme,Merr. & L.M.Perry,Indonesia
Myrtaceae,Syzygium curtisii,(King) Merr. & L.M.Perry,Indonesia
Myrtaceae,Syzygium daphne,(Ridl.) Merr. & L.M.Perry,Indonesia
Myrtaceae,Syzygium decipiens,(Koord. & Valeton) Merr. & L.M.Perry,Indonesia
Myrtaceae,Syzygium dempoense,(Greves) Govaerts,Indonesia
Myrtaceae,Syzygium devogelii,"Brambach, Byng & Culmsee",Indonesia
Myrtaceae,Syzygium discophorum,(Koord. & Valeton) Amshoff,Indonesia
Myrtaceae,Syzygium dispansum,(Ridl.) Craven & Biffin,Indonesia
Myrtaceae,Syzygium durifolium,Merr. & L.M.Perry,Indonesia
Myrtaceae,Syzygium effusum,(A.Gray) Müll.Berol.,Indonesia
Myrtaceae,Syzygium elliptilimbum,(Merr.) Merr. & L.M.Perry,Indonesia
Myrtaceae,Syzygium elopurae,(Ridl.) Merr. & L.M.Perry,Indonesia
Myrtaceae,Syzygium evenulosum,Merr. & L.M.Perry,Indonesia
Myrtaceae,Syzygium eximiiflorum,(Diels) Merr. & L.M.Perry,Indonesia
Myrtaceae,Syzygium eymae,"Brambach, Byng & Culmsee",Indonesia
Myrtaceae,Syzygium fastigiatum,(Blume) Merr. & L.M.Perry,Indonesia
Myrtaceae,Syzygium fibrosum,(F.M.Bailey) T.G.Hartley & L.M.Perry,Indonesia
Myrtaceae,Syzygium filiforme,Chantar. & J.Parn.,Indonesia
Myrtaceae,Syzygium formosum,(Wall.) Mason,Indonesia
Myrtaceae,Syzygium fraternum,Miq.,Indonesia
Myrtaceae,Syzygium fusticuliferum,(Ridl.) Merr. & L.M.Perry,Indonesia
Myrtaceae,Syzygium galanthum,"Brambach, Byng & Culmsee",Indonesia
Myrtaceae,Syzygium ganophyllum,Diels,Indonesia
Myrtaceae,Syzygium garciniifolium,(King) Merr. & L.M.Perry,Indonesia
Myrtaceae,Syzygium garcinioides,(Ridl.) Merr. & L.M.Perry,Indonesia
Myrtaceae,Syzygium gigantifolium,(Merr.) Merr.,Indonesia
Myrtaceae,Syzygium glabratum,(DC.) Veldkamp,Indonesia
Myrtaceae,Syzygium gladiatum,(Ridl.) Merr. & L.M.Perry,Indonesia
Myrtaceae,Syzygium glanduligerum,(Ridl.) Merr. & L.M.Perry,Indonesia
Myrtaceae,Syzygium glomeruliferum,Amshoff,Indonesia
Myrtaceae,Syzygium goodenovii,(King) Masam.,Indonesia
Myrtaceae,Syzygium gracilipaniculum,P.S.Ashton,Indonesia
Myrtaceae,Syzygium grande,(Wight) Walp.,Indonesia
Myrtaceae,Syzygium griffithii,(Duthie) Merr. & L.M.Perry,Indonesia
Myrtaceae,Syzygium havilandii,(Merr.) Merr. & L.M.Perry,Indonesia
Myrtaceae,Syzygium hirtum,(Korth.) Merr. & L.M.Perry,Indonesia
Myrtaceae,Syzygium horsfieldii,(Miq.) Widodo,Indonesia
Myrtaceae,Syzygium hoseanum,(King) Merr. & L.M.Perry,Indonesia
Myrtaceae,Syzygium hullettianum,(King) Chantar. & J.Parn.,Indonesia
Myrtaceae,Syzygium idrisii,P.S.Ashton,Indonesia
Myrtaceae,Syzygium incarnatum,(Elmer) Merr. & L.M.Perry,Indonesia
Myrtaceae,Syzygium inophyllum,DC.,Indonesia
Myrtaceae,Syzygium inopinatum,Amshoff,Indonesia
Myrtaceae,Syzygium jaherii,Merr. & L.M.Perry,Indonesia
Myrtaceae,Syzygium jambos,(L.) Alston,Indonesia
Myrtaceae,Syzygium jiewhoei,"Hambali, Sunarti & Y.W.Low",Indonesia
Myrtaceae,Syzygium kabaense,(Greves) Govaerts,Indonesia
Myrtaceae,Syzygium kalahiense,Korth.,Indonesia
Myrtaceae,Syzygium karimatense,Merr. & L.M.Perry,Indonesia
Myrtaceae,Syzygium ketambense,Widodo,Indonesia
Myrtaceae,Syzygium keysseri,(Schltr. ex Diels) Merr. & L.M.Perry,Indonesia
Myrtaceae,Syzygium klampok,(Miq.) Amshoff,Indonesia
Myrtaceae,Syzygium koordersianum,(King) I.M.Turner,Indonesia
Myrtaceae,Syzygium korthalsianum,(Miq.) Miq.,Indonesia
Myrtaceae,Syzygium korthalsii,Widodo,Indonesia
Myrtaceae,Syzygium kunstleri,(King) Bahadur & R.C.Gaur,Indonesia
Myrtaceae,Syzygium lambirense,P.S.Ashton,Indonesia
Myrtaceae,Syzygium lamii,Merr. & L.M.Perry,Indonesia
Myrtaceae,Syzygium lamprophyllum,Diels,Indonesia
Myrtaceae,Syzygium laqueatum,Merr. & L.M.Perry,Indonesia
Myrtaceae,Syzygium laxiflorum,(Blume) DC.,Indonesia
Myrtaceae,Syzygium leptophlebioides,Merr. & L.M.Perry,Indonesia
Myrtaceae,Syzygium leptostemon,(Korth.) Merr. & L.M.Perry,Indonesia
Myrtaceae,Syzygium leucoxylon,Korth.,Indonesia
Myrtaceae,Syzygium lineatum,(DC.) Merr. & L.M.Perry,Indonesia
Myrtaceae,Syzygium littorale,(Blume) Amshoff,Indonesia
Myrtaceae,Syzygium longipetiolatum,Widodo,Indonesia
Myrtaceae,Syzygium lunduense,(Merr.) Merr. & L.M.Perry,Indonesia
Myrtaceae,Syzygium macromyrtus,(Koord. & Valeton) Merr. & L.M.Perry,Indonesia
Myrtaceae,Syzygium magnoliifolium,(Blume) DC.,Indonesia
Myrtaceae,Syzygium marginatum,Korth.,Indonesia
Myrtaceae,Syzygium medium,(Korth.) Merr. & L.M.Perry,Indonesia
Myrtaceae,Syzygium megistophyllum,Merr. & L.M.Perry,Indonesia
Myrtaceae,Syzygium melanostictum,(Miq.) Craven & Biffin,Indonesia
Myrtaceae,Syzygium micrandrum,(Ridl.) Merr. & L.M.Perry,Indonesia
Myrtaceae,Syzygium microcymum,(Koord. & Valeton) Amshoff,Indonesia
Myrtaceae,Syzygium minutiflorum,Miq.,Indonesia
Myrtaceae,Syzygium monetarium,(Ridl.) Merr. & L.M.Perry,Indonesia
Myrtaceae,Syzygium muelleri,(Miq.) Miq.,Indonesia
Myrtaceae,Syzygium multibracteolatum,(Merr.) Merr. & L.M.Perry,Indonesia
Myrtaceae,Syzygium multiglandulosum,Merr. & L.M.Perry,Indonesia
Myrtaceae,Syzygium myrtifolium,Walp.,Indonesia
Myrtaceae,Syzygium namosialangense,Widodo & E.Lucas,Indonesia
Myrtaceae,Syzygium napiforme,(Koord. & Valeton) Merr. & L.M.Perry,Indonesia
Myrtaceae,Syzygium nervosum,A.Cunn. ex DC.,Indonesia
Myrtaceae,Syzygium neurophyllum,N.Snow,Indonesia
Myrtaceae,Syzygium nigricans,(King) Merr. & L.M.Perry,Indonesia
Myrtaceae,Syzygium nigropunctatum,Merr. & L.M.Perry,Indonesia
Myrtaceae,Syzygium nummularium,Airy Shaw,Indonesia
Myrtaceae,Syzygium oblanceolatum,(C.B.Rob.) Merr.,Indonesia
Myrtaceae,Syzygium oblatum,(Roxb.) Wall. ex A.M.Cowan & Cowan,Indonesia
Myrtaceae,Syzygium occlusum,Miq.,Indonesia
Myrtaceae,Syzygium odoardoi,Merr. & L.M.Perry,Indonesia
Myrtaceae,Syzygium oligomyrum,Diels,Indonesia
Myrtaceae,Syzygium ovale,Korth.,Indonesia
Myrtaceae,Syzygium oxyphyllum,Diels,Indonesia
Myrtaceae,Syzygium pachyphyllum,(Kurz) Merr. & L.M.Perry,Indonesia
Myrtaceae,Syzygium pachyrrachis,Amshoff,Indonesia
Myrtaceae,Syzygium pachysepalum,Merr. & L.M.Perry,Indonesia
Myrtaceae,Syzygium padangense,Widodo & E.Lucas,Indonesia
Myrtaceae,Syzygium palawanense,(C.B.Rob.) Merr. & L.M.Perry,Indonesia
Myrtaceae,Syzygium pallidilimbum,Merr. & L.M.Perry,Indonesia
Myrtaceae,Syzygium panzeri,Merr. & L.M.Perry,Indonesia
Myrtaceae,Syzygium papillosum,(Duthie) Merr. & L.M.Perry,Indonesia
Myrtaceae,Syzygium paradoxum,(Merr.) Masam.,Indonesia
Myrtaceae,Syzygium patens,Korth.,Indonesia
Myrtaceae,Syzygium paucipunctatum,(Koord. & Valeton) Merr. & L.M.Perry,Indonesia
Myrtaceae,Syzygium pendens,(Duthie) I.M.Turner,Indonesia
Myrtaceae,Syzygium peregrinum,(Blume) Merr. & L.M.Perry,Indonesia
Myrtaceae,Syzygium perforatum,(Miq.) Widodo,Indonesia
Myrtaceae,Syzygium pergamaceum,(Greves) Merr. & L.M.Perry,Indonesia
Myrtaceae,Syzygium pergamentaceum,(King) Chantar. & J.Parn.,Indonesia
Myrtaceae,Syzygium perryae,I.M.Turner,Indonesia
Myrtaceae,Syzygium perspicuinervium,(Merr.) Masam.,Indonesia
Myrtaceae,Syzygium petakense,Merr. & L.M.Perry,Indonesia
Myrtaceae,Syzygium phaeostictum,Merr. & L.M.Perry,Indonesia
Myrtaceae,Syzygium phryganodes,Merr. & L.M.Perry,Indonesia
Myrtaceae,Syzygium platypodum,Diels,Indonesia
Myrtaceae,Syzygium polyanthum,(Wight) Walp.,Indonesia
Myrtaceae,Syzygium polycephaloides,(C.B.Rob.) Merr.,Indonesia
Myrtaceae,Syzygium polycephalum,(Miq.) Merr. & L.M.Perry,Indonesia
Myrtaceae,Syzygium pontianakense,Merr. & L.M.Perry,Indonesia
Myrtaceae,Syzygium prasiniflorum,(Ridl.) Merr. & L.M.Perry,Indonesia
Myrtaceae,Syzygium pseudomolle,(M.R.Hend.) I.M.Turner,Indonesia
Myrtaceae,Syzygium pullei,Diels,Indonesia
Myrtaceae,Syzygium punctilimbum,(Merr.) Merr. & L.M.Perry,Indonesia
Myrtaceae,Syzygium pustulatum,(Duthie) Merr.,Indonesia
Myrtaceae,Syzygium pycnanthum,Merr. & L.M.Perry,Indonesia
Myrtaceae,Syzygium pyrifolium,(Blume) DC.,Indonesia
Myrtaceae,Syzygium quadrialatum,Teijsm. & Binn.,Indonesia
Myrtaceae,Syzygium quadricostatum,P.S.Ashton,Indonesia
Myrtaceae,Syzygium racemosum,(Blume) DC.,Indonesia
Myrtaceae,Syzygium rechingeri,Merr. & L.M.Perry,Indonesia
Myrtaceae,Syzygium rejangense,Merr. & L.M.Perry,Indonesia
Myrtaceae,Syzygium remotifolium,(Ridl.) Merr. & L.M.Perry,Indonesia
Myrtaceae,Syzygium rhizophorum,(Boerl. & Koord.-Schum.) Govaerts,Indonesia
Myrtaceae,Syzygium robustum,Miq.,Indonesia
Myrtaceae,Syzygium rosenbluthii,(C.B.Rob.) Merr.,Indonesia
Myrtaceae,Syzygium roseomarginatum,(C.B.Rob.) Merr. & L.M.Perry,Indonesia
Myrtaceae,Syzygium rostratum,(Blume) DC.,Indonesia
Myrtaceae,Syzygium rosulentum,(Ridl.) Merr. & L.M.Perry,Indonesia
Myrtaceae,Syzygium rugosum,Korth.,Indonesia
Myrtaceae,Syzygium rumphii,(Merr.) Govaerts,Indonesia
Myrtaceae,Syzygium salignum,(Miq.) Rathakr. & N.C.Nair,Indonesia
Myrtaceae,Syzygium samarangense,(Blume) Merr. & L.M.Perry,Indonesia
Myrtaceae,Syzygium schwenckii,Teijsm. & Binn.,Indonesia
Myrtaceae,Syzygium scortechinii,(King) Chantar. & J.Parn.,Indonesia
Myrtaceae,Syzygium setosum,(King) I.M.Turner,Indonesia
Myrtaceae,Syzygium sexangulatum,(Miq.) Amshoff,Indonesia
Myrtaceae,Syzygium siamense,(Craib) Chantar. & J.Parn.,Indonesia
Myrtaceae,Syzygium skiophilum,(Duthie) Airy Shaw,Indonesia
Myrtaceae,Syzygium slootenii,Merr. & L.M.Perry,Indonesia
Myrtaceae,Syzygium sorongense,(T.G.Hartley & Craven) Craven & Biffin,Indonesia
Myrtaceae,Syzygium spectabile,Merr. & L.M.Perry,Indonesia
Myrtaceae,Syzygium splendens,(Blume) Merr. & L.M.Perry,Indonesia
Myrtaceae,Syzygium squamatum,Merr. & L.M.Perry,Indonesia
Myrtaceae,Syzygium stapfianum,(King) I.M.Turner,Indonesia
Myrtaceae,Syzygium steenisii,Merr. & L.M.Perry,Indonesia
Myrtaceae,Syzygium stipulare,(Blume) Craven & T.G.Hartley,Indonesia
Myrtaceae,Syzygium subcapitulatum,Miq.,Indonesia
Myrtaceae,Syzygium subcrenatum,Merr. & L.M.Perry,Indonesia
Myrtaceae,Syzygium subglobosum,Merr. & L.M.Perry,Indonesia
Myrtaceae,Syzygium subhorizontale,(King) Chantar. & J.Parn.,Indonesia
Myrtaceae,Syzygium subnodosum,Miq.,Indonesia
Myrtaceae,Syzygium subscandens,Widodo,Indonesia
Myrtaceae,Syzygium subtile,Miq.,Indonesia
Myrtaceae,Syzygium sulphuratum,(Ridl.) Govaerts,Indonesia
Myrtaceae,Syzygium sumatranum,(Miq.) Widodo,Indonesia
Myrtaceae,Syzygium suringarianum,(Koord. & Valeton) Amshoff,Indonesia
Myrtaceae,Syzygium synaptoneurum,(K.Schum. & Lauterb.) Merr. & L.M.Perry,Indonesia
Myrtaceae,Syzygium syzygioides,(Miq.) Merr. & L.M.Perry,Indonesia
Myrtaceae,Syzygium taeniatum,Diels,Indonesia
Myrtaceae,Syzygium tawahense,(Korth.) Merr. & L.M.Perry,Indonesia
Myrtaceae,Syzygium taytayense,(Merr.) Merr.,Indonesia
Myrtaceae,Syzygium tenuirame,(Miq.) Merr.,Indonesia
Myrtaceae,Syzygium teretiflorum,(Koord. & Valeton) Amshoff,Indonesia
Myrtaceae,Syzygium tesselatum,Korth.,Indonesia
Myrtaceae,Syzygium tetrapterum,(Miq.) Chantar. & J.Parn.,Indonesia
Myrtaceae,Syzygium thomsenii,(Diels) Merr. & L.M.Perry,Indonesia
Myrtaceae,Syzygium tierneyanum,(F.Muell.) T.G.Hartley & L.M.Perry,Indonesia
Myrtaceae,Syzygium timorianum,Decne.,Indonesia
Myrtaceae,Syzygium torricellianum,Diels,Indonesia
Myrtaceae,Syzygium trachyanthum,(Diels) Merr. & L.M.Perry,Indonesia
Myrtaceae,Syzygium treubii,Merr. & L.M.Perry,Indonesia
Myrtaceae,Syzygium tympananthum,(Diels) Merr. & L.M.Perry,Indonesia
Myrtaceae,Syzygium umbellatum,Korth.,Indonesia
Myrtaceae,Syzygium umbilicatum,(Koord. & Valeton) Amshoff,Indonesia
Myrtaceae,Syzygium urceolatum,(Korth.) Merr. & L.M.Perry,Indonesia
Myrtaceae,Syzygium valdecoriaceum,P.S.Ashton,Indonesia
Myrtaceae,Syzygium valdevenosum,(Duthie) Merr. & L.M.Perry,Indonesia
Myrtaceae,Syzygium validum,Korth.,Indonesia
Myrtaceae,Syzygium vanderwateri,(Ridl.) Merr. & L.M.Perry,Indonesia
Myrtaceae,Syzygium variifolium,Miq.,Indonesia
Myrtaceae,Syzygium versteegii,(Lauterb.) Merr. & L.M.Perry,Indonesia
Myrtaceae,Syzygium villiferum,(Ridl.) Masam.,Indonesia
Myrtaceae,Syzygium virescens,Merr. & L.M.Perry,Indonesia
Myrtaceae,Syzygium vismioides,(DC.) Govaerts,Indonesia
Myrtaceae,Syzygium vrieseanum,(Miq.) Amshoff,Indonesia
Myrtaceae,Syzygium warburgii,Merr. & L.M.Perry,Indonesia
Myrtaceae,Syzygium winckelii,Amshoff,Indonesia
Myrtaceae,Syzygium wollastonii,(Ridl.) Merr. & L.M.Perry,Indonesia
Myrtaceae,Syzygium zollingerianum,(Miq.) Amshoff,Indonesia
Myrtaceae,Thaleropia iteophylla,(Diels) Peter G.Wilson,Indonesia
Myrtaceae,Tristaniopsis anomala,(Merr.) Peter G.Wilson & J.T.Waterh.,Indonesia
Myrtaceae,Tristaniopsis bilocularis,(Stapf) Peter G.Wilson & J.T.Waterh.,Indonesia
Myrtaceae,Tristaniopsis ferruginea,(C.T.White) Peter G.Wilson & J.T.Waterh.,Indonesia
Myrtaceae,Tristaniopsis macrosperma,(F.Muell.) Peter G.Wilson & J.T.Waterh.,Indonesia
Myrtaceae,Tristaniopsis merguensis,(Griff.) Peter G.Wilson & J.T.Waterh.,Indonesia
Myrtaceae,Tristaniopsis microcarpa,P.S.Ashton,Indonesia
Myrtaceae,Tristaniopsis obovata,(Benn.) Peter G.Wilson & J.T.Waterh.,Indonesia
Myrtaceae,Tristaniopsis oreophila,(Diels) Peter G.Wilson & J.T.Waterh.,Indonesia
Myrtaceae,Tristaniopsis parvifolia,A.J.Scott,Indonesia
Myrtaceae,Tristaniopsis pentandra,(Merr.) Peter G.Wilson & J.T.Waterh.,Indonesia
Myrtaceae,Tristaniopsis rubiginosa,Teo ex P.S.Ashton,Indonesia
Myrtaceae,Tristaniopsis whiteana,(Griff.) Peter G.Wilson & J.T.Waterh.,Indonesia
Myrtaceae,Uromyrtus archboldiana,(Merr. & L.M.Perry) A.J.Scott,Indonesia
Myrtaceae,Whiteodendron moultonianum,(W.W.Sm.) Steenis,Indonesia
Myrtaceae,Xanthomyrtus angustifolia,A.J.Scott,Indonesia
Myrtaceae,Xanthomyrtus arfakensis,(Gibbs) Diels,Indonesia
Myrtaceae,Xanthomyrtus compacta,(Ridl.) Diels,Indonesia
Myrtaceae,Xanthomyrtus diplycosiifolia,(C.B.Rob.) Merr.,Indonesia
Myrtaceae,Xanthomyrtus flavida,(Stapf) Diels,Indonesia
Myrtaceae,Xanthomyrtus humilis,Merr. & L.M.Perry,Indonesia
Myrtaceae,Xanthomyrtus koebrensis,(Gibbs) Diels,Indonesia
Myrtaceae,Xanthomyrtus lanceolata,Merr. & L.M.Perry,Indonesia
Myrtaceae,Xanthomyrtus leeuwenii,Diels ex A.J.Scott,Indonesia
Myrtaceae,Xanthomyrtus papuana,Merr. & L.M.Perry,Indonesia
Myrtaceae,Xanthomyrtus polyclada,Diels,Indonesia
Myrtaceae,Xanthomyrtus schlechteri,Diels,Indonesia
Myrtaceae,Xanthomyrtus scolopacina,(Ridl.) Diels,Indonesia
Myrtaceae,Xanthostemon brassii,Merr.,Indonesia
Myrtaceae,Xanthostemon confertiflorus,Merr.,Indonesia
Myrtaceae,Xanthostemon novaguineensis,Valeton,Indonesia
Myrtaceae,Xanthostemon petiolatus,(Valeton) Peter G.Wilson,Indonesia
Myrtaceae,Xanthostemon verus,(Roxb.) Peter G.Wilson,Indonesia
Nothofagaceae,Nothofagus brassii,Steenis,Indonesia
Nothofagaceae,Nothofagus carrii,Steenis,Indonesia
Nothofagaceae,Nothofagus crenata,Steenis,Indonesia
Nothofagaceae,Nothofagus flaviramea,Steenis,Indonesia
Nothofagaceae,Nothofagus grandis,Steenis,Indonesia
Nothofagaceae,Nothofagus pullei,Steenis,Indonesia
Nothofagaceae,Nothofagus resinosa,Steenis,Indonesia
Nothofagaceae,Nothofagus rubra,Steenis,Indonesia
Nothofagaceae,Nothofagus starkenborghiorum,Steenis,Indonesia
Nothofagaceae,Nothofagus stylosa,Steenis,Indonesia
Nothofagaceae,Nothofagus womersleyi,Steenis,Indonesia
Nyctaginaceae,Ceodes cauliflora,(Scheff.) E.F.S.Rossetto & Caraballo,Indonesia
Nyctaginaceae,Ceodes longirostris,(Teijsm. & Binn.) Merr. & L.M.Perry,Indonesia
Nyctaginaceae,Ceodes muelleriana,(Warb.) E.F.S.Rossetto & Caraballo,Indonesia
Nyctaginaceae,Ceodes umbellifera,J.R.Forst. & G.Forst.,Indonesia
Nyctaginaceae,Pisonia aculeata,L.,Indonesia
Nyctaginaceae,Pisonia grandis,R.Br.,Indonesia
Nyssaceae,Mastixia cuspidata,Blume,Indonesia
Nyssaceae,Mastixia kaniensis,Melch.,Indonesia
Nyssaceae,Mastixia octandra,K.M.Matthew,Indonesia
Nyssaceae,Mastixia rostrata,Blume,Indonesia
Nyssaceae,Mastixia trichotoma,Blume,Indonesia
Nyssaceae,Nyssa javanica,(Blume) Wangerin,Indonesia
Ochnaceae,Brackenridgea forbesii,Tiegh.,Indonesia
Ochnaceae,Brackenridgea palustris,Bartell.,Indonesia
Ochnaceae,Campylospermum serratum,(Gaertn.) Bittrich & M.C.E.Amaral,Indonesia
Ochnaceae,Euthemis leucocarpa,Jack,Indonesia
Ochnaceae,Euthemis minor,Jack,Indonesia
Ochnaceae,Schuurmansia elegans,Blume,Indonesia
Ochnaceae,Schuurmansia henningsii,K.Schum.,Indonesia
Olacaceae,Anacolosa cauliflora,Sleumer,Indonesia
Olacaceae,Anacolosa frutescens,(Blume) Blume,Indonesia
Olacaceae,Anacolosa papuana,Schellenb.,Indonesia
Olacaceae,Erythropalum scandens,Blume,Indonesia
Olacaceae,Harmandia mekongensis,Baill.,Indonesia
Olacaceae,Ochanostachys amentacea,Mast.,Indonesia
Olacaceae,Olax imbricata,Roxb.,Indonesia
Olacaceae,Scorodocarpus borneensis,(Baill.) Becc.,Indonesia
Olacaceae,Strombosia ceylanica,Gardner,Indonesia
Olacaceae,Strombosia javanica,Blume,Indonesia
Olacaceae,Strombosia philippinensis,(Baill.) Rolfe,Indonesia
Olacaceae,Ximenia americana,L.,Indonesia
Oleaceae,Cartrema scortechinii,(King & Gamble) de Juana,Indonesia
Oleaceae,Chionanthus beccarii,(Stapf) Kiew,Indonesia
Oleaceae,Chionanthus callophyllus,Blume,Indonesia
Oleaceae,Chionanthus celebicus,Koord.,Indonesia
Oleaceae,Chionanthus cordulatus,Koord.,Indonesia
Oleaceae,Chionanthus curvicarpus,Kiew,Indonesia
Oleaceae,Chionanthus cuspidatus,Blume,Indonesia
Oleaceae,Chionanthus densiflorus,Zoll. & Moritzi,Indonesia
Oleaceae,Chionanthus diversifolius,Miq.,Indonesia
Oleaceae,Chionanthus gigantifolius,Koord.,Indonesia
Oleaceae,Chionanthus glomeratus,Blume,Indonesia
Oleaceae,Chionanthus littoreus,Miq.,Indonesia
Oleaceae,Chionanthus lucens,Kiew,Indonesia
Oleaceae,Chionanthus macrocarpus,Blume,Indonesia
Oleaceae,Chionanthus montanus,Blume,Indonesia
Oleaceae,Chionanthus nitens,Koord. & Valeton,Indonesia
Oleaceae,Chionanthus oblongifolius,Koord. & Valeton,Indonesia
Oleaceae,Chionanthus plurifloroides,Kiew,Indonesia
Oleaceae,Chionanthus pluriflorus,(Knobl.) Kiew,Indonesia
Oleaceae,Chionanthus polygamus,(Roxb.) Kiew,Indonesia
Oleaceae,Chionanthus ramiflorus,Roxb.,Indonesia
Oleaceae,Chionanthus rugosus,Kiew,Indonesia
Oleaceae,Chionanthus rupicola,(Lingelsh.) Kiew,Indonesia
Oleaceae,Chionanthus salicifolius,(Lingelsh.) Kiew,Indonesia
Oleaceae,Chionanthus spicatus,Blume,Indonesia
Oleaceae,Chionanthus stenurus,(Merr.) Kiew,Indonesia
Oleaceae,Chionanthus sumatranus,Blume,Indonesia
Oleaceae,Chionanthus timorensis,Blume,Indonesia
Oleaceae,Chionanthus zollingerianus,Koord. & Valeton,Indonesia
Oleaceae,Fraxinus griffithii,C.B.Clarke,Indonesia
Oleaceae,Ligustrum glomeratum,Blume,Indonesia
Oleaceae,Nyctanthes arbor-tristis,L.,Indonesia
Oleaceae,Olea paniculata,R.Br.,Indonesia
Oleaceae,Schrebera kusnotoi,Kosterm.,Indonesia
Oleaceae,Tetrapilus javanicus,(Blume) de Juana,Indonesia
Oleaceae,Tetrapilus moluccensis,(Kiew) de Juana,Indonesia
Opiliaceae,Champereia manillana,(Blume) Merr.,Indonesia
Opiliaceae,Gjellerupia papuana,Lauterb.,Indonesia
Opiliaceae,Lepionurus sylvestris,Blume,Indonesia
Opiliaceae,Urobotrya floresensis,Hiepko,Indonesia
Oxalidaceae,Averrhoa bilimbi,L.,Indonesia
Oxalidaceae,Averrhoa carambola,L.,Indonesia
Oxalidaceae,Averrhoa dolichocarpa,Rugayah & Sunarti,Indonesia
Oxalidaceae,Averrhoa leucopetala,Rugayah & Sunarti,Indonesia
Oxalidaceae,Sarcotheca diversifolia,(Miq.) Hallier f.,Indonesia
Oxalidaceae,Sarcotheca ferruginea,Merr.,Indonesia
Oxalidaceae,Sarcotheca griffithii,Hallier f.,Indonesia
Oxalidaceae,Sarcotheca macrophylla,Blume,Indonesia
Oxalidaceae,Sarcotheca rubrinervis,Hallier f.,Indonesia
Pandaceae,Galearia aristifera,Miq.,Indonesia
Pandaceae,Galearia celebica,Koord.,Indonesia
Pandaceae,Galearia filiformis,(Blume) Boerl.,Indonesia
Pandaceae,Galearia fulva,(Tul.) Miq.,Indonesia
Pandaceae,Galearia maingayi,Hook.f.,Indonesia
Pandaceae,Microdesmis caseariifolia,Planch. ex Hook.,Indonesia
Pandanaceae,Benstonea adinobotrys,(Merr. & L.M.Perry) Callm. & Buerki,Indonesia
Pandanaceae,Benstonea affinis,(Kurz) Callm. & Buerki,Indonesia
Pandanaceae,Benstonea atrocarpa,(Griff.) Callm. & Buerki,Indonesia
Pandanaceae,Benstonea brevistylis,(H.St.John ex B.C.Stone) Callm. & Buerki,Indonesia
Pandanaceae,Benstonea celebica,(Warb.) Callm. & Buerki,Indonesia
Pandanaceae,Benstonea ellipsoidea,(Warb.) Callm. & Buerki,Indonesia
Pandanaceae,Benstonea eumekes,(H.St.John ex B.C.Stone) Callm. & Buerki,Indonesia
Pandanaceae,Benstonea gibbsiana,(Martelli) Callm. & Buerki,Indonesia
Pandanaceae,Benstonea korthalsii,(Solms) Callm. & Buerki,Indonesia
Pandanaceae,Benstonea lauterbachii,(K.Schum. & Warb.) Callm. & Buerki,Indonesia
Pandanaceae,Benstonea ornata,(Solms) Callm. & Buerki,Indonesia
Pandanaceae,Benstonea ornithocephala,(H.St.John ex B.C.Stone) Callm. & Buerki,Indonesia
Pandanaceae,Benstonea pectinata,(Martelli) Callm. & Buerki,Indonesia
Pandanaceae,Benstonea pseudosyncarpa,(Kaneh.) Callm. & Buerki,Indonesia
Pandanaceae,Benstonea rostellata,(Merr. & L.M.Perry) Callm. & Buerki,Indonesia
Pandanaceae,Benstonea setistyla,(Warb.) Callm. & Buerki,Indonesia
Pandanaceae,Benstonea stenocarpa,(Solms) Callm. & Buerki,Indonesia
Pandanaceae,Benstonea verruculosa,"(Backer ex B.C.Stone) Callm., Buerki & A.P.Keim",Indonesia
Pandanaceae,Benstonea vriensii,(Martelli) Callm. & Buerki,Indonesia
Pandanaceae,Freycinetia leuserensis,Pasaribu,Indonesia
Pandanaceae,Pandanus alkemadei,Martelli,Indonesia
Pandanaceae,Pandanus antaresensis,H.St.John,Indonesia
Pandanaceae,Pandanus atropurpureus,Merr. & L.M.Perry,Indonesia
Pandanaceae,Pandanus balenii,Martelli,Indonesia
Pandanaceae,Pandanus bantamensis,Koord.,Indonesia
Pandanaceae,Pandanus beccarii,Solms,Indonesia
Pandanaceae,Pandanus beguinii,Callm. & A.P.Keim,Indonesia
Pandanaceae,Pandanus benstoneoides,"Callm., Buerki & Phillipson",Indonesia
Pandanaceae,Pandanus borneensis,Warb.,Indonesia
Pandanaceae,Pandanus brachyphyllus,Merr. & L.M.Perry,Indonesia
Pandanaceae,Pandanus brachyspathus,Martelli,Indonesia
Pandanaceae,Pandanus bracteosus,H.St.John,Indonesia
Pandanaceae,Pandanus brosimos,Merr. & L.M.Perry,Indonesia
Pandanaceae,Pandanus concavus,H.St.John,Indonesia
Pandanaceae,Pandanus concinnus,Merr. & L.M.Perry,Indonesia
Pandanaceae,Pandanus conoideus,Lam.,Indonesia
Pandanaceae,Pandanus dolichopodus,Merr. & L.M.Perry,Indonesia
Pandanaceae,Pandanus dubius,Spreng.,Indonesia
Pandanaceae,Pandanus faviger,Backer,Indonesia
Pandanaceae,Pandanus forbesii,Warb.,Indonesia
Pandanaceae,Pandanus foveolatus,Kaneh.,Indonesia
Pandanaceae,Pandanus fusinus,Martelli,Indonesia
Pandanaceae,Pandanus galorei,B.C.Stone,Indonesia
Pandanaceae,Pandanus gladiifolius,Martelli,Indonesia
Pandanaceae,Pandanus halmaherensis,Callm. & A.P.Keim,Indonesia
Pandanaceae,Pandanus helicopus,Kurz ex Miq.,Indonesia
Pandanaceae,Pandanus heterostigma,(Martelli) Martelli,Indonesia
Pandanaceae,Pandanus huynhii,B.C.Stone,Indonesia
Pandanaceae,Pandanus hystrix,Martelli,Indonesia
Pandanaceae,Pandanus ijzermannii,Boerl. & Koord.,Indonesia
Pandanaceae,Pandanus irregularis,Ridl.,Indonesia
Pandanaceae,Pandanus julianettii,Martelli,Indonesia
Pandanaceae,Pandanus kabaenaensis,A.P.Keim,Indonesia
Pandanaceae,Pandanus kaernbachii,Warb.,Indonesia
Pandanaceae,Pandanus krauelianus,K.Schum.,Indonesia
Pandanaceae,Pandanus labyrinthicus,Kurz ex Miq.,Indonesia
Pandanaceae,Pandanus lais,Kurz,Indonesia
Pandanaceae,Pandanus leiophyllus,Martelli,Indonesia
Pandanaceae,Pandanus leptocarpus,Martelli,Indonesia
Pandanaceae,Pandanus leptocaulis,Merr. & L.M.Perry,Indonesia
Pandanaceae,Pandanus leram,Jones ex R.Millar,Indonesia
Pandanaceae,Pandanus longipedunculatus,Fagerl.,Indonesia
Pandanaceae,Pandanus multifurcatus,Fagerl.,Indonesia
Pandanaceae,Pandanus nervosus,B.C.Stone,Indonesia
Pandanaceae,Pandanus nitidus,(Miq.) Kurz,Indonesia
Pandanaceae,Pandanus odorifer,(Forssk.) Kuntze,Indonesia
Pandanaceae,Pandanus oviger,Martelli ex Koord.,Indonesia
Pandanaceae,Pandanus papuanus,Solms,Indonesia
Pandanaceae,Pandanus penicillus,Martelli,Indonesia
Pandanaceae,Pandanus pleiocephalus,Martelli ex Fagerl.,Indonesia
Pandanaceae,Pandanus polycephalus,Lam.,Indonesia
Pandanaceae,Pandanus pungens,Kaneh.,Indonesia
Pandanaceae,Pandanus regalis,B.C.Stone,Indonesia
Pandanaceae,Pandanus sarasinorum,Warb.,Indonesia
Pandanaceae,Pandanus spinistigmaticus,Fagerl.,Indonesia
Pandanaceae,Pandanus sulawesicus,B.C.Stone,Indonesia
Pandanaceae,Pandanus sumatranus,Martelli,Indonesia
Pandanaceae,Pandanus tectorius,Parkinson ex Du Roi,Indonesia
Pandanaceae,Pandanus yvanii,Solms,Indonesia
Paracryphiaceae,Quintinia altigena,Schltr.,Indonesia
Paracryphiaceae,Quintinia apoensis,(Elmer) Schltr.,Indonesia
Paracryphiaceae,Quintinia brassii,Reeder,Indonesia
Paracryphiaceae,Quintinia ledermannii,Schltr.,Indonesia
Paracryphiaceae,Quintinia schlechteriana,O.C.Schmidt,Indonesia
Paracryphiaceae,Sphenostemon papuanum,(Lauterb.) Steenis & Erdtman,Indonesia
Paulowniaceae,Wightia borneensis,Hook.f.,Indonesia
Pentaphylacaceae,Adinandra acuminata,Korth.,Indonesia
Pentaphylacaceae,Adinandra anisobasis,Kobuski,Indonesia
Pentaphylacaceae,Adinandra borneensis,Kobuski,Indonesia
Pentaphylacaceae,Adinandra brefeldii,Koord.,Indonesia
Pentaphylacaceae,Adinandra celebica,Koord.,Indonesia
Pentaphylacaceae,Adinandra clemensiae,Kobuski,Indonesia
Pentaphylacaceae,Adinandra collina,Kobuski,Indonesia
Pentaphylacaceae,Adinandra cordifolia,Ridl.,Indonesia
Pentaphylacaceae,Adinandra dasyantha,Korth.,Indonesia
Pentaphylacaceae,Adinandra dubia,Kobuski,Indonesia
Pentaphylacaceae,Adinandra dumosa,Jack,Indonesia
Pentaphylacaceae,Adinandra endertii,Kobuski,Indonesia
Pentaphylacaceae,Adinandra excelsa,Korth.,Indonesia
Pentaphylacaceae,Adinandra eymae,Kobuski,Indonesia
Pentaphylacaceae,Adinandra forbesii,Baker f.,Indonesia
Pentaphylacaceae,Adinandra kjellbergii,Kobuski,Indonesia
Pentaphylacaceae,Adinandra kostermansii,Sugau,Indonesia
Pentaphylacaceae,Adinandra laronensis,Kobuski,Indonesia
Pentaphylacaceae,Adinandra loerzingiana,Kobuski,Indonesia
Pentaphylacaceae,Adinandra magniflora,Kobuski,Indonesia
Pentaphylacaceae,Adinandra masambensis,Kobuski,Indonesia
Pentaphylacaceae,Adinandra meratusensis,Sugau,Indonesia
Pentaphylacaceae,Adinandra myrioneura,Kobuski,Indonesia
Pentaphylacaceae,Adinandra polyneura,Kobuski,Indonesia
Pentaphylacaceae,Adinandra rantepaoensis,Kobuski,Indonesia
Pentaphylacaceae,Adinandra rubiginosa,Kobuski,Indonesia
Pentaphylacaceae,Adinandra sarosanthera,Miq.,Indonesia
Pentaphylacaceae,Adinandra steenisii,Kobuski,Indonesia
Pentaphylacaceae,Adinandra subauriculata,Kobuski,Indonesia
Pentaphylacaceae,Adinandra subunguiculata,Kobuski,Indonesia
Pentaphylacaceae,Anneslea steenisii,Kobuski,Indonesia
Pentaphylacaceae,Eurya acuminata,DC.,Indonesia
Pentaphylacaceae,Eurya celebica,Reinw. ex de Vriese,Indonesia
Pentaphylacaceae,Eurya decurrens,de Wit,Indonesia
Pentaphylacaceae,Eurya dielsiana,Kobuski,Indonesia
Pentaphylacaceae,Eurya eymae,de Wit,Indonesia
Pentaphylacaceae,Eurya glabra,(Blume) Korth.,Indonesia
Pentaphylacaceae,Eurya gracilipes,Kobuski,Indonesia
Pentaphylacaceae,Eurya idenburgiensis,Kobuski,Indonesia
Pentaphylacaceae,Eurya longisepala,Kobuski,Indonesia
Pentaphylacaceae,Eurya meizophylla,(Diels) Kobuski,Indonesia
Pentaphylacaceae,Eurya nitida,Korth.,Indonesia
Pentaphylacaceae,Eurya obovata,(Blume) Korth.,Indonesia
Pentaphylacaceae,Eurya oxysepala,Diels,Indonesia
Pentaphylacaceae,Eurya pentastyla,Kobuski,Indonesia
Pentaphylacaceae,Eurya perryana,Kobuski,Indonesia
Pentaphylacaceae,Eurya platyptera,W.R.Barker,Indonesia
Pentaphylacaceae,Eurya pluriflora,Kobuski,Indonesia
Pentaphylacaceae,Eurya steenisii,de Wit,Indonesia
Pentaphylacaceae,Eurya ternatana,Miq.,Indonesia
Pentaphylacaceae,Eurya tigang,K.Schum. & Lauterb.,Indonesia
Pentaphylacaceae,Eurya trichocarpa,Korth.,Indonesia
Pentaphylacaceae,Eurya vestita,de Wit,Indonesia
Pentaphylacaceae,Pentaphylax euryoides,Gardner & Champ.,Indonesia
Pentaphylacaceae,Ternstroemia acuminata,Jack,Indonesia
Pentaphylacaceae,Ternstroemia britteniana,F.Muell.,Indonesia
Pentaphylacaceae,Ternstroemia elongata,Koord.,Indonesia
Pentaphylacaceae,Ternstroemia lowii,Stapf,Indonesia
Pentaphylacaceae,Ternstroemia palembangensis,Kobuski,Indonesia
Pentaphylacaceae,Ternstroemia penangiana,Choisy,Indonesia
Pentaphylacaceae,Ternstroemia robinsonii,Merr.,Indonesia
Pentaphylacaceae,Ternstroemia toquian,Fern.-Vill.,Indonesia
Peraceae,Chaetocarpus castanocarpus,(Roxb.) Thwaites,Indonesia
Peraceae,Trigonopleura malayana,Hook.f.,Indonesia
Phyllanthaceae,Actephila excelsa,(Dalzell) Müll.Arg.,Indonesia
Phyllanthaceae,Antidesma acidum,Retz.,Indonesia
Phyllanthaceae,Antidesma baccatum,Airy Shaw,Indonesia
Phyllanthaceae,Antidesma brachybotrys,Airy Shaw,Indonesia
Phyllanthaceae,Antidesma brevipes,Petra Hoffm.,Indonesia
Phyllanthaceae,Antidesma bunius,(L.) Spreng.,Indonesia
Phyllanthaceae,Antidesma celebicum,Miq.,Indonesia
Phyllanthaceae,Antidesma contractum,J.J.Sm.,Indonesia
Phyllanthaceae,Antidesma coriaceum,Tul.,Indonesia
Phyllanthaceae,Antidesma cuspidatum,Müll.Arg.,Indonesia
Phyllanthaceae,Antidesma elbertii,Petra Hoffm.,Indonesia
Phyllanthaceae,Antidesma excavatum,Miq.,Indonesia
Phyllanthaceae,Antidesma ferrugineum,Airy Shaw,Indonesia
Phyllanthaceae,Antidesma forbesii,Pax & K.Hoffm.,Indonesia
Phyllanthaceae,Antidesma helferi,Hook.f.,Indonesia
Phyllanthaceae,Antidesma heterophyllum,Blume,Indonesia
Phyllanthaceae,Antidesma leucocladon,Hook.f.,Indonesia
Phyllanthaceae,Antidesma leucopodum,Miq.,Indonesia
Phyllanthaceae,Antidesma minus,Blume,Indonesia
Phyllanthaceae,Antidesma montanum,Blume,Indonesia
Phyllanthaceae,Antidesma neurocarpum,Miq.,Indonesia
Phyllanthaceae,Antidesma pendulum,Hook.f.,Indonesia
Phyllanthaceae,Antidesma petiolatum,Airy Shaw,Indonesia
Phyllanthaceae,Antidesma polystylum,Airy Shaw,Indonesia
Phyllanthaceae,Antidesma puncticulatum,Miq.,Indonesia
Phyllanthaceae,Antidesma rhynchophyllum,K.Schum.,Indonesia
Phyllanthaceae,Antidesma riparium,Airy Shaw,Indonesia
Phyllanthaceae,Antidesma spatulifolium,Airy Shaw,Indonesia
Phyllanthaceae,Antidesma stipulare,Blume,Indonesia
Phyllanthaceae,Antidesma subcordatum,Merr.,Indonesia
Phyllanthaceae,Antidesma tetrandrum,Blume,Indonesia
Phyllanthaceae,Antidesma tomentosum,Blume,Indonesia
Phyllanthaceae,Antidesma velutinosum,Blume,Indonesia
Phyllanthaceae,Antidesma venenosum,J.J.Sm.,Indonesia
Phyllanthaceae,Aporosa alia,Schot,Indonesia
Phyllanthaceae,Aporosa annulata,Schot,Indonesia
Phyllanthaceae,Aporosa antennifera,(Airy Shaw) Airy Shaw,Indonesia
Phyllanthaceae,Aporosa arborea,(Blume) Müll.Arg.,Indonesia
Phyllanthaceae,Aporosa aurea,Hook.f.,Indonesia
Phyllanthaceae,Aporosa basilanensis,Merr.,Indonesia
Phyllanthaceae,Aporosa benthamiana,Hook.f.,Indonesia
Phyllanthaceae,Aporosa brevicaudata,Pax & K.Hoffm.,Indonesia
Phyllanthaceae,Aporosa bullatissima,Airy Shaw,Indonesia
Phyllanthaceae,Aporosa caloneura,Airy Shaw,Indonesia
Phyllanthaceae,Aporosa chondroneura,(Airy Shaw) Schot,Indonesia
Phyllanthaceae,Aporosa confusa,Gage,Indonesia
Phyllanthaceae,Aporosa dendroidea,Schot,Indonesia
Phyllanthaceae,Aporosa egregia,Airy Shaw,Indonesia
Phyllanthaceae,Aporosa elmeri,Merr.,Indonesia
Phyllanthaceae,Aporosa falcifera,Hook.f.,Indonesia
Phyllanthaceae,Aporosa frutescens,Blume,Indonesia
Phyllanthaceae,Aporosa globifera,Hook.f.,Indonesia
Phyllanthaceae,Aporosa grandistipula,Merr.,Indonesia
Phyllanthaceae,Aporosa granularis,Airy Shaw,Indonesia
Phyllanthaceae,Aporosa illustris,Airy Shaw,Indonesia
Phyllanthaceae,Aporosa lagenocarpa,Airy Shaw,Indonesia
Phyllanthaceae,Aporosa lamellata,Airy Shaw,Indonesia
Phyllanthaceae,Aporosa leytensis,Merr.,Indonesia
Phyllanthaceae,Aporosa longicaudata,Kaneh. & Hatus. ex Schot,Indonesia
Phyllanthaceae,Aporosa lucida,(Miq.) Airy Shaw,Indonesia
Phyllanthaceae,Aporosa lunata,(Miq.) Kurz,Indonesia
Phyllanthaceae,Aporosa nervosa,Hook.f.,Indonesia
Phyllanthaceae,Aporosa nigricans,Hook.f.,Indonesia
Phyllanthaceae,Aporosa nitida,Merr.,Indonesia
Phyllanthaceae,Aporosa octandra,(Buch.-Ham. ex D.Don) Vickery,Indonesia
Phyllanthaceae,Aporosa parvula,Schot,Indonesia
Phyllanthaceae,Aporosa praegrandifolia,(S.Moore) Schot,Indonesia
Phyllanthaceae,Aporosa prainiana,King ex Gage,Indonesia
Phyllanthaceae,Aporosa quadrilocularis,(Miq.) Müll.Arg.,Indonesia
Phyllanthaceae,Aporosa sarawakensis,Schot,Indonesia
Phyllanthaceae,Aporosa sphaeridiophora,Merr.,Indonesia
Phyllanthaceae,Aporosa stellifera,Hook.f.,Indonesia
Phyllanthaceae,Aporosa subcaudata,Merr.,Indonesia
Phyllanthaceae,Aporosa symplocoides,(Hook.f.) Gage,Indonesia
Phyllanthaceae,Aporosa whitmorei,Airy Shaw,Indonesia
Phyllanthaceae,Ashtonia excelsa,Airy Shaw,Indonesia
Phyllanthaceae,Baccaurea angulata,Merr.,Indonesia
Phyllanthaceae,Baccaurea bracteata,Müll.Arg.,Indonesia
Phyllanthaceae,Baccaurea brevipes,Hook.f.,Indonesia
Phyllanthaceae,Baccaurea celebica,Pax & K.Hoffm.,Indonesia
Phyllanthaceae,Baccaurea costulata,(Miq.) Müll.Arg.,Indonesia
Phyllanthaceae,Baccaurea dasystachya,(Miq.) Müll.Arg.,Indonesia
Phyllanthaceae,Baccaurea deflexa,Müll.Arg.,Indonesia
Phyllanthaceae,Baccaurea dolichobotrys,Merr.,Indonesia
Phyllanthaceae,Baccaurea dulcis,(Jack) Müll.Arg.,Indonesia
Phyllanthaceae,Baccaurea edulis,Merr.,Indonesia
Phyllanthaceae,Baccaurea javanica,(Blume) Müll.Arg.,Indonesia
Phyllanthaceae,Baccaurea lanceolata,(Miq.) Müll.Arg.,Indonesia
Phyllanthaceae,Baccaurea macrocarpa,(Miq.) Müll.Arg.,Indonesia
Phyllanthaceae,Baccaurea macrophylla,(Müll.Arg.) Müll.Arg.,Indonesia
Phyllanthaceae,Baccaurea maingayi,Hook.f.,Indonesia
Phyllanthaceae,Baccaurea malayana,(Jack) King ex Hook.f.,Indonesia
Phyllanthaceae,Baccaurea minor,Hook.f.,Indonesia
Phyllanthaceae,Baccaurea mollis,Haegens,Indonesia
Phyllanthaceae,Baccaurea motleyana,(Müll.Arg.) Müll.Arg.,Indonesia
Phyllanthaceae,Baccaurea multiflora,Burck ex J.J.Sm.,Indonesia
Phyllanthaceae,Baccaurea nanihua,Merr.,Indonesia
Phyllanthaceae,Baccaurea odoratissima,Elmer,Indonesia
Phyllanthaceae,Baccaurea papuana,F.M.Bailey,Indonesia
Phyllanthaceae,Baccaurea parviflora,(Müll.Arg.) Müll.Arg.,Indonesia
Phyllanthaceae,Baccaurea philippinensis,(Merr.) Merr.,Indonesia
Phyllanthaceae,Baccaurea polyneura,Hook.f.,Indonesia
Phyllanthaceae,Baccaurea pubera,(Miq.) Müll.Arg.,Indonesia
Phyllanthaceae,Baccaurea pyriformis,Gage,Indonesia
Phyllanthaceae,Baccaurea racemosa,(Reinw. ex Blume) Müll.Arg.,Indonesia
Phyllanthaceae,Baccaurea reticulata,Hook.f.,Indonesia
Phyllanthaceae,Baccaurea sarawakensis,Pax & K.Hoffm.,Indonesia
Phyllanthaceae,Baccaurea simaloerensis,Haegens,Indonesia
Phyllanthaceae,Baccaurea sumatrana,(Miq.) Müll.Arg.,Indonesia
Phyllanthaceae,Baccaurea tetrandra,(Baill.) Müll.Arg.,Indonesia
Phyllanthaceae,Baccaurea trigonocarpa,Merr.,Indonesia
Phyllanthaceae,Bischofia javanica,Blume,Indonesia
Phyllanthaceae,Breynia cernua,(Poir.) Müll.Arg.,Indonesia
Phyllanthaceae,Breynia coronata,Hook.f.,Indonesia
Phyllanthaceae,Breynia discigera,Müll.Arg.,Indonesia
Phyllanthaceae,Breynia macrantha,(Hassk.) Chakrab. & N.P.Balakr.,Indonesia
Phyllanthaceae,Breynia microphylla,(Kurz ex Teijsm. & Binn.) Müll.Arg.,Indonesia
Phyllanthaceae,Breynia oblongifolia,(Müll.Arg.) Müll.Arg.,Indonesia
Phyllanthaceae,Breynia podocarpa,Airy Shaw,Indonesia
Phyllanthaceae,Breynia racemosa,(Blume) Müll.Arg.,Indonesia
Phyllanthaceae,Breynia vestita,Warb.,Indonesia
Phyllanthaceae,Breynia vitis-idaea,(Burm.f.) C.E.C.Fisch.,Indonesia
Phyllanthaceae,Bridelia cinnamomea,Hook.f.,Indonesia
Phyllanthaceae,Bridelia curtisii,Hook.f.,Indonesia
Phyllanthaceae,Bridelia glauca,Blume,Indonesia
Phyllanthaceae,Bridelia insulana,Hance,Indonesia
Phyllanthaceae,Bridelia macrocarpa,Airy Shaw,Indonesia
Phyllanthaceae,Bridelia ovata,Decne.,Indonesia
Phyllanthaceae,Bridelia pustulata,Hook.f.,Indonesia
Phyllanthaceae,Bridelia retusa,(L.) A.Juss.,Indonesia
Phyllanthaceae,Bridelia stipularis,(L.) Blume,Indonesia
Phyllanthaceae,Bridelia tomentosa,Blume,Indonesia
Phyllanthaceae,Cleistanthus baramicus,Jabl.,Indonesia
Phyllanthaceae,Cleistanthus brideliifolius,C.B.Rob.,Indonesia
Phyllanthaceae,Cleistanthus celebicus,Jabl.,Indonesia
Phyllanthaceae,Cleistanthus decurrens,Hook.f.,Indonesia
Phyllanthaceae,Cleistanthus erycibifolius,Airy Shaw,Indonesia
Phyllanthaceae,Cleistanthus floricola,Airy Shaw,Indonesia
Phyllanthaceae,Cleistanthus gracilis,Hook.f.,Indonesia
Phyllanthaceae,Cleistanthus hirsutulus,Hook.f.,Indonesia
Phyllanthaceae,Cleistanthus inglorius,Airy Shaw,Indonesia
Phyllanthaceae,Cleistanthus isabellinus,Elmer,Indonesia
Phyllanthaceae,Cleistanthus macrophyllus,Hook.f.,Indonesia
Phyllanthaceae,Cleistanthus maingayi,Hook.f.,Indonesia
Phyllanthaceae,Cleistanthus megacarpus,C.B.Rob.,Indonesia
Phyllanthaceae,Cleistanthus oblongifolius,(Roxb.) Müll.Arg.,Indonesia
Phyllanthaceae,Cleistanthus pedicellatus,Hook.f.,Indonesia
Phyllanthaceae,Cleistanthus podopyxis,Airy Shaw,Indonesia
Phyllanthaceae,Cleistanthus pseudopodocarpus,Jabl.,Indonesia
Phyllanthaceae,Cleistanthus rufescens,Jabl.,Indonesia
Phyllanthaceae,Cleistanthus rufus,(Hook.f.) Gehrm.,Indonesia
Phyllanthaceae,Cleistanthus sumatranus,(Miq.) Müll.Arg.,Indonesia
Phyllanthaceae,Cleistanthus venosus,C.B.Rob.,Indonesia
Phyllanthaceae,Cleistanthus vestitus,Jabl.,Indonesia
Phyllanthaceae,Dicoelia beccariana,Benth.,Indonesia
Phyllanthaceae,Dicoelia sumatrana,Welzen,Indonesia
Phyllanthaceae,Distichirhops minor,Haegens,Indonesia
Phyllanthaceae,Distichirhops mitsemosik,Haegens,Indonesia
Phyllanthaceae,Flueggea flexuosa,Müll.Arg.,Indonesia
Phyllanthaceae,Flueggea gracilis,(Merr.) Petra Hoffm.,Indonesia
Phyllanthaceae,Flueggea virosa,(Roxb. ex Willd.) Royle,Indonesia
Phyllanthaceae,Glochidion album,(Blanco) Boerl.,Indonesia
Phyllanthaceae,Glochidion angulatum,C.B.Rob.,Indonesia
Phyllanthaceae,Glochidion azaleon,Airy Shaw,Indonesia
Phyllanthaceae,Glochidion beccarii,Airy Shaw,Indonesia
Phyllanthaceae,Glochidion beguinii,Airy Shaw,Indonesia
Phyllanthaceae,Glochidion benthamianum,Domin,Indonesia
Phyllanthaceae,Glochidion borneense,(Müll.Arg.) Boerl.,Indonesia
Phyllanthaceae,Glochidion brideliifolium,Airy Shaw,Indonesia
Phyllanthaceae,Glochidion brooksii,Ridl.,Indonesia
Phyllanthaceae,Glochidion butonicum,Airy Shaw,Indonesia
Phyllanthaceae,Glochidion caloneurum,Airy Shaw,Indonesia
Phyllanthaceae,Glochidion calospermum,Airy Shaw,Indonesia
Phyllanthaceae,Glochidion canescens,Elmer,Indonesia
Phyllanthaceae,Glochidion castaneum,Airy Shaw,Indonesia
Phyllanthaceae,Glochidion celastroides,(Müll.Arg.) Pax,Indonesia
Phyllanthaceae,Glochidion cupreum,Airy Shaw,Indonesia
Phyllanthaceae,Glochidion daviesii,W.N.Takeuchi,Indonesia
Phyllanthaceae,Glochidion decorum,J.J.Sm.,Indonesia
Phyllanthaceae,Glochidion dodecapterum,Airy Shaw,Indonesia
Phyllanthaceae,Glochidion dumicola,Airy Shaw,Indonesia
Phyllanthaceae,Glochidion elaphrocarpum,Airy Shaw,Indonesia
Phyllanthaceae,Glochidion elmeri,Merr.,Indonesia
Phyllanthaceae,Glochidion formanii,Airy Shaw,Indonesia
Phyllanthaceae,Glochidion gaudichaudii,(Müll.Arg.) Boerl.,Indonesia
Phyllanthaceae,Glochidion glaucops,Airy Shaw,Indonesia
Phyllanthaceae,Glochidion gracile,Airy Shaw,Indonesia
Phyllanthaceae,Glochidion grossum,Airy Shaw,Indonesia
Phyllanthaceae,Glochidion heterocalyx,Airy Shaw,Indonesia
Phyllanthaceae,Glochidion insectum,Airy Shaw,Indonesia
Phyllanthaceae,Glochidion insigne,(Müll.Arg.) J.J.Sm.,Indonesia
Phyllanthaceae,Glochidion intercastellanum,Airy Shaw,Indonesia
Phyllanthaceae,Glochidion korthalsii,(Müll.Arg.) Boerl.,Indonesia
Phyllanthaceae,Glochidion kostermansii,Airy Shaw,Indonesia
Phyllanthaceae,Glochidion kunstlerianum,Gage,Indonesia
Phyllanthaceae,Glochidion leptostylum,Airy Shaw,Indonesia
Phyllanthaceae,Glochidion loerzingii,Airy Shaw,Indonesia
Phyllanthaceae,Glochidion macrocarpum,Blume,Indonesia
Phyllanthaceae,Glochidion macrostigma,Hook.f.,Indonesia
Phyllanthaceae,Glochidion mehipitense,Pax & K.Hoffm.,Indonesia
Phyllanthaceae,Glochidion mindorense,C.B.Rob.,Indonesia
Phyllanthaceae,Glochidion moluccanum,Blume,Indonesia
Phyllanthaceae,Glochidion mop,Airy Shaw,Indonesia
Phyllanthaceae,Glochidion muscisilvae,Airy Shaw,Indonesia
Phyllanthaceae,Glochidion novoguineense,K.Schum.,Indonesia
Phyllanthaceae,Glochidion oxygonum,Airy Shaw,Indonesia
Phyllanthaceae,Glochidion phellocarpum,Airy Shaw,Indonesia
Phyllanthaceae,Glochidion philippicum,(Cav.) C.B.Rob.,Indonesia
Phyllanthaceae,Glochidion phyllochlamys,Airy Shaw,Indonesia
Phyllanthaceae,Glochidion plagiophyllum,Airy Shaw,Indonesia
Phyllanthaceae,Glochidion pleiosepalum,Airy Shaw,Indonesia
Phyllanthaceae,Glochidion pomiferum,Airy Shaw,Indonesia
Phyllanthaceae,Glochidion pubicapsa,Airy Shaw,Indonesia
Phyllanthaceae,Glochidion punctatum,Pax & K.Hoffm.,Indonesia
Phyllanthaceae,Glochidion rubrum,Blume,Indonesia
Phyllanthaceae,Glochidion rugulosum,Airy Shaw,Indonesia
Phyllanthaceae,Glochidion singaporense,Gage,Indonesia
Phyllanthaceae,Glochidion striatum,J.J.Sm.,Indonesia
Phyllanthaceae,Glochidion styliferum,J.J.Sm.,Indonesia
Phyllanthaceae,Glochidion stylosum,Ridl.,Indonesia
Phyllanthaceae,Glochidion superbum,Baill.,Indonesia
Phyllanthaceae,Glochidion varians,Miq.,Indonesia
Phyllanthaceae,Glochidion wallichianum,Müll.Arg.,Indonesia
Phyllanthaceae,Glochidion williamsii,C.B.Rob.,Indonesia
Phyllanthaceae,Glochidion wisselense,Airy Shaw,Indonesia
Phyllanthaceae,Glochidion wonenggau,Airy Shaw,Indonesia
Phyllanthaceae,Glochidion xestophyllum,Airy Shaw,Indonesia
Phyllanthaceae,Glochidion zeylanicum,(Gaertn.) A.Juss.,Indonesia
Phyllanthaceae,Hymenocardia punctata,Wall. ex Lindl.,Indonesia
Phyllanthaceae,Margaritaria indica,(Dalzell) Airy Shaw,Indonesia
Phyllanthaceae,Phyllanthus actephilifolius,J.J.Sm.,Indonesia
Phyllanthaceae,Phyllanthus acustylus,(Airy Shaw) Govaerts,Indonesia
Phyllanthaceae,Phyllanthus albidiscus,(Ridl.) Airy Shaw,Indonesia
Phyllanthaceae,Phyllanthus alstonii,(Airy Shaw) Govaerts,Indonesia
Phyllanthaceae,Phyllanthus ambiguus,(Airy Shaw) Govaerts,Indonesia
Phyllanthaceae,Phyllanthus aphanostylus,Airy Shaw & G.L.Webster,Indonesia
Phyllanthaceae,Phyllanthus archboldianus,Airy Shaw & G.L.Webster,Indonesia
Phyllanthaceae,Phyllanthus ardisianthus,Airy Shaw & G.L.Webster,Indonesia
Phyllanthaceae,Phyllanthus buxifolius,(Blume) Müll.Arg.,Indonesia
Phyllanthaceae,Phyllanthus caesius,Airy Shaw & G.L.Webster,Indonesia
Phyllanthaceae,Phyllanthus ciccoides,Müll.Arg.,Indonesia
Phyllanthaceae,Phyllanthus clamboides,(F.Muell.) Diels,Indonesia
Phyllanthaceae,Phyllanthus collinsiae,Craib,Indonesia
Phyllanthaceae,Phyllanthus emblica,L.,Indonesia
Phyllanthaceae,Phyllanthus eriocarpus,(Champ. ex Benth.) Müll.Arg.,Indonesia
Phyllanthaceae,Phyllanthus fulvirameus,(Miq.) Müll.Arg.,Indonesia
Phyllanthaceae,Phyllanthus glomerulatus,(Miq.) Müll.Arg.,Indonesia
Phyllanthaceae,Phyllanthus kostermansii,Airy Shaw,Indonesia
Phyllanthaceae,Phyllanthus lalongatanus,Govaerts,Indonesia
Phyllanthaceae,Phyllanthus lanceilimbus,(Merr.) Merr.,Indonesia
Phyllanthaceae,Phyllanthus littoralis,(Blume) Müll.Arg.,Indonesia
Phyllanthaceae,Phyllanthus lucidus,(Blume) Müll.Arg.,Indonesia
Phyllanthaceae,Phyllanthus lutescens,(Blume) Müll.Arg.,Indonesia
Phyllanthaceae,Phyllanthus microcarpus,(Benth.) Müll.Arg.,Indonesia
Phyllanthaceae,Phyllanthus mollis,(Blume) Müll.Arg.,Indonesia
Phyllanthaceae,Phyllanthus obscurus,Roxb. ex Willd.,Indonesia
Phyllanthaceae,Phyllanthus oxyphyllus,Miq.,Indonesia
Phyllanthaceae,Phyllanthus poliborealis,Airy Shaw,Indonesia
Phyllanthaceae,Phyllanthus praelongipes,Airy Shaw & G.L.Webster,Indonesia
Phyllanthaceae,Phyllanthus pullenii,Airy Shaw & G.L.Webster,Indonesia
Phyllanthaceae,Phyllanthus rubriflorus,J.J.Sm.,Indonesia
Phyllanthaceae,Phyllanthus sericeus,(Blume) Müll.Arg.,Indonesia
Phyllanthaceae,Phyllanthus submollis,K.Schum. & Lauterb.,Indonesia
Phyllanthaceae,Phyllanthus subscandens,(Zoll. & Moritzi) Müll.Arg.,Indonesia
Phyllanthaceae,Phyllanthus utricularis,Airy Shaw & G.L.Webster,Indonesia
Phyllanthaceae,Phyllanthus verrucicaulis,Airy Shaw,Indonesia
Phyllanthaceae,Phyllanthus xerocarpus,O.Schwarz,Indonesia
Picrodendraceae,Austrobuxus celebicus,Welzen & P.I.Forst.,Indonesia
Picrodendraceae,Austrobuxus dentatus,Welzen & P.I.Forst.,Indonesia
Picrodendraceae,Austrobuxus nitidus,Miq.,Indonesia
Picrodendraceae,Choriceras tricorne,(Benth.) Airy Shaw,Indonesia
Pinaceae,Pinus merkusii,Jungh. & de Vriese,Indonesia
Pittosporaceae,Pittosporum ferrugineum,W.T.Aiton,Indonesia
Pittosporaceae,Pittosporum moluccanum,Miq.,Indonesia
Pittosporaceae,Pittosporum pentandrum,(Blanco) Merr.,Indonesia
Pittosporaceae,Pittosporum pullifolium,Burkill,Indonesia
Pittosporaceae,Pittosporum sinuatum,Blume,Indonesia
Pittosporaceae,Pittosporum spinescens,"(F.Muell.) L.W.Cayzer, Crisp & I.Telford",Indonesia
Podocarpaceae,Dacrycarpus cinctus,(Pilg.) de Laub.,Indonesia
Podocarpaceae,Dacrycarpus compactus,(Wasscher) de Laub.,Indonesia
Podocarpaceae,Dacrycarpus cumingii,(Parl.) de Laub.,Indonesia
Podocarpaceae,Dacrycarpus expansus,de Laub.,Indonesia
Podocarpaceae,Dacrycarpus imbricatus,(Blume) de Laub.,Indonesia
Podocarpaceae,Dacrycarpus steupii,(Wasscher) de Laub.,Indonesia
Podocarpaceae,Dacrydium beccarii,Parl.,Indonesia
Podocarpaceae,Dacrydium cornwallianum,de Laub.,Indonesia
Podocarpaceae,Dacrydium elatum,(Roxb.) Wall. ex Hook.,Indonesia
Podocarpaceae,Dacrydium leptophyllum,(Wasscher) de Laub.,Indonesia
Podocarpaceae,Dacrydium magnum,de Laub.,Indonesia
Podocarpaceae,Dacrydium medium,de Laub.,Indonesia
Podocarpaceae,Dacrydium nidulum,de Laub.,Indonesia
Podocarpaceae,Dacrydium novoguineense,Gibbs,Indonesia
Podocarpaceae,Dacrydium pectinatum,de Laub.,Indonesia
Podocarpaceae,Dacrydium spathoides,de Laub.,Indonesia
Podocarpaceae,Dacrydium xanthandrum,Pilg.,Indonesia
Podocarpaceae,Falcatifolium falciforme,(Parl.) de Laub.,Indonesia
Podocarpaceae,Falcatifolium gruezoi,de Laub.,Indonesia
Podocarpaceae,Nageia motleyi,(Parl.) de Laub.,Indonesia
Podocarpaceae,Nageia wallichiana,(C.Presl) Kuntze,Indonesia
Podocarpaceae,Phyllocladus hypophyllus,Hook.f.,Indonesia
Podocarpaceae,Podocarpus archboldii,N.E.Gray,Indonesia
Podocarpaceae,Podocarpus atjehensis,(Wasscher) de Laub.,Indonesia
Podocarpaceae,Podocarpus borneensis,de Laub.,Indonesia
Podocarpaceae,Podocarpus bracteatus,Blume,Indonesia
Podocarpaceae,Podocarpus brassii,Pilg.,Indonesia
Podocarpaceae,Podocarpus crassigemmis,de Laub.,Indonesia
Podocarpaceae,Podocarpus deflexus,Ridl.,Indonesia
Podocarpaceae,Podocarpus glaucus,Foxw.,Indonesia
Podocarpaceae,Podocarpus laubenfelsii,Tiong,Indonesia
Podocarpaceae,Podocarpus ledermannii,Pilg.,Indonesia
Podocarpaceae,Podocarpus levis,de Laub.,Indonesia
Podocarpaceae,Podocarpus micropedunculatus,de Laub.,Indonesia
Podocarpaceae,Podocarpus neriifolius,D.Don,Indonesia
Podocarpaceae,Podocarpus pilgeri,Foxw.,Indonesia
Podocarpaceae,Podocarpus polystachyus,R.Br. ex Endl.,Indonesia
Podocarpaceae,Podocarpus pseudobracteatus,de Laub.,Indonesia
Podocarpaceae,Podocarpus ramosii,R.R.Mill,Indonesia
Podocarpaceae,Podocarpus rubens,de Laub.,Indonesia
Podocarpaceae,Podocarpus rumphii,Blume,Indonesia
Podocarpaceae,Podocarpus teysmannii,Miq.,Indonesia
Podocarpaceae,Retrophyllum filicifolium,(N.E.Gray) R.R.Mill,Indonesia
Podocarpaceae,Retrophyllum vitiense,(Seem.) C.N.Page,Indonesia
Podocarpaceae,Sundacarpus amarus,(Blume) C.N.Page,Indonesia
Polygalaceae,Eriandra fragrans,P.Royen & Steenis,Indonesia
Polygalaceae,Trigoniastrum hypoleucum,Miq.,Indonesia
Polygalaceae,Xanthophyllum adenotus,Miq.,Indonesia
Polygalaceae,Xanthophyllum ancolanum,Miq.,Indonesia
Polygalaceae,Xanthophyllum beccarianum,Chodat,Indonesia
Polygalaceae,Xanthophyllum borneense,Miq.,Indonesia
Polygalaceae,Xanthophyllum celebicum,Meijden,Indonesia
Polygalaceae,Xanthophyllum chartaceum,Meijden,Indonesia
Polygalaceae,Xanthophyllum clovis,(Steenis ex Meijden) Meijden,Indonesia
Polygalaceae,Xanthophyllum discolor,Chodat,Indonesia
Polygalaceae,Xanthophyllum ecarinatum,Chodat,Indonesia
Polygalaceae,Xanthophyllum ellipticum,Korth. ex Miq.,Indonesia
Polygalaceae,Xanthophyllum eurhynchum,Miq.,Indonesia
Polygalaceae,Xanthophyllum ferrugineum,Meijden,Indonesia
Polygalaceae,Xanthophyllum griffithii,Hook.f. ex A.W.Benn.,Indonesia
Polygalaceae,Xanthophyllum heterophyllum,Meijden,Indonesia
Polygalaceae,Xanthophyllum impressum,Meijden,Indonesia
Polygalaceae,Xanthophyllum incertum,(Blume) Meijden,Indonesia
Polygalaceae,Xanthophyllum inflatum,W.J.de Wilde & Duyfjes,Indonesia
Polygalaceae,Xanthophyllum ionanthum,W.J.de Wilde & Duyfjes,Indonesia
Polygalaceae,Xanthophyllum korthalsianum,Miq.,Indonesia
Polygalaceae,Xanthophyllum laeve,Meijden,Indonesia
Polygalaceae,Xanthophyllum lanceatum,J.J.Sm.,Indonesia
Polygalaceae,Xanthophyllum lateriflorum,Miq.,Indonesia
Polygalaceae,Xanthophyllum macrophyllum,Baker,Indonesia
Polygalaceae,Xanthophyllum montanum,Meijden,Indonesia
Polygalaceae,Xanthophyllum neglectum,Meijden,Indonesia
Polygalaceae,Xanthophyllum ngii,Meijden,Indonesia
Polygalaceae,Xanthophyllum nitidum,W.J.de Wilde & Duyfjes,Indonesia
Polygalaceae,Xanthophyllum novoguinense,Meijden,Indonesia
Polygalaceae,Xanthophyllum obscurum,A.W.Benn.,Indonesia
Polygalaceae,Xanthophyllum ovatifolium,Chodat,Indonesia
Polygalaceae,Xanthophyllum pachycarpon,W.J.de Wilde & Duyfjes,Indonesia
Polygalaceae,Xanthophyllum papuanum,Whitmore ex Meijden,Indonesia
Polygalaceae,Xanthophyllum penibukanense,Heine,Indonesia
Polygalaceae,Xanthophyllum pseudoadenotus,Meijden,Indonesia
Polygalaceae,Xanthophyllum pulchrum,King,Indonesia
Polygalaceae,Xanthophyllum purpureum,Ridl.,Indonesia
Polygalaceae,Xanthophyllum ramiflorum,Meijden,Indonesia
Polygalaceae,Xanthophyllum resupinatum,Meijden,Indonesia
Polygalaceae,Xanthophyllum rheophilum,W.J.de Wilde & Duyfjes,Indonesia
Polygalaceae,Xanthophyllum rufum,A.W.Benn.,Indonesia
Polygalaceae,Xanthophyllum schizocarpon,Chodat,Indonesia
Polygalaceae,Xanthophyllum stipitatum,A.W.Benn.,Indonesia
Polygalaceae,Xanthophyllum subcoriaceum,(Chodat) Meijden,Indonesia
Polygalaceae,Xanthophyllum suberosum,C.T.White,Indonesia
Polygalaceae,Xanthophyllum tenue,Chodat,Indonesia
Polygalaceae,Xanthophyllum tenuipetalum,Meijden,Indonesia
Polygalaceae,Xanthophyllum trichocladum,Chodat,Indonesia
Polygalaceae,Xanthophyllum velutinum,Chodat,Indonesia
Polygalaceae,Xanthophyllum vitellinum,(Blume) D.Dietr.,Indonesia
Polygalaceae,Xanthophyllum wrayi,King,Indonesia
Primulaceae,Aegiceras floridum,Roem. & Schult.,Indonesia
Primulaceae,Ardisia caudifera,Mez,Indonesia
Primulaceae,Ardisia congestiflora,C.M.Hu,Indonesia
Primulaceae,Ardisia copelandii,Mez,Indonesia
Primulaceae,Ardisia creaghii,Ridl.,Indonesia
Primulaceae,Ardisia denigrata,C.M.Hu,Indonesia
Primulaceae,Ardisia doeringiana,Malm,Indonesia
Primulaceae,Ardisia elliptica,Thunb.,Indonesia
Primulaceae,Ardisia eximia,Miq.,Indonesia
Primulaceae,Ardisia forbesii,S.Moore,Indonesia
Primulaceae,Ardisia junghuhniana,Miq.,Indonesia
Primulaceae,Ardisia kajumarina,C.M.Hu,Indonesia
Primulaceae,Ardisia korthalsiana,Scheff.,Indonesia
Primulaceae,Ardisia lancifolia,Merr.,Indonesia
Primulaceae,Ardisia lucida,Merr.,Indonesia
Primulaceae,Ardisia lurida,Blume,Indonesia
Primulaceae,Ardisia macrocalyx,Scheff.,Indonesia
Primulaceae,Ardisia macrophylla,Reinw. ex Blume,Indonesia
Primulaceae,Ardisia megistosepala,Merr.,Indonesia
Primulaceae,Ardisia obovatifolia,Merr.,Indonesia
Primulaceae,Ardisia obscurinervia,Merr.,Indonesia
Primulaceae,Ardisia oocarpa,Stapf,Indonesia
Primulaceae,Ardisia oxyphylla,Wall. ex A.DC.,Indonesia
Primulaceae,Ardisia polyactis,Mez,Indonesia
Primulaceae,Ardisia polysticta,Miq.,Indonesia
Primulaceae,Ardisia pterocaulis,Miq.,Indonesia
Primulaceae,Ardisia pubicalyx,Miq.,Indonesia
Primulaceae,Ardisia purpurea,Reinw. ex Blume,Indonesia
Primulaceae,Ardisia quinquegona,Blume,Indonesia
Primulaceae,Ardisia ridleyi,King & Gamble,Indonesia
Primulaceae,Ardisia rosea,King & Gamble,Indonesia
Primulaceae,Ardisia serrata,(Cav.) Pers.,Indonesia
Primulaceae,Ardisia sessilis,Scheff.,Indonesia
Primulaceae,Ardisia sumatrana,Miq.,Indonesia
Primulaceae,Ardisia teysmanniana,Scheff.,Indonesia
Primulaceae,Ardisia tomentosa,C.Presl,Indonesia
Primulaceae,Ardisia tuberculata,Wall. ex A.DC.,Indonesia
Primulaceae,Conandrium polyanthum,(Lauterb. & K.Schum.) Mez,Indonesia
Primulaceae,Discocalyx latepetiolata,(Mez) Sleumer,Indonesia
Primulaceae,Discocalyx silvestris,Holthuis,Indonesia
Primulaceae,Fittingia tuberculata,Sleumer,Indonesia
Primulaceae,Fittingia tubiflora,Mez,Indonesia
Primulaceae,Fittingia urceolata,Mez,Indonesia
Primulaceae,Maesa ramentacea,(Roxb.) A. DC.,Indonesia
Primulaceae,Maesa tetrandra,A.DC.,Indonesia
Primulaceae,Myrsine affinis,A.DC.,Indonesia
Primulaceae,Myrsine avenis,(Blume) A. DC.,Indonesia
Primulaceae,Myrsine brassii,(P.Royen) B.J.Conn,Indonesia
Primulaceae,Myrsine cacuminum,(Mez) Pipoly,Indonesia
Primulaceae,Myrsine forbesii,(Mez) Pipoly,Indonesia
Primulaceae,Myrsine hasseltii,Blume ex Scheff.,Indonesia
Primulaceae,Myrsine minutifolia,"(Knoester, Wijn & Sleumer) Pipoly",Indonesia
Primulaceae,Myrsine rawacensis,A.DC.,Indonesia
Primulaceae,Systellantha brookeae,B.C.Stone,Indonesia
Proteaceae,Alloxylon brachycarpum,(Sleumer) P.H.Weston & Crisp,Indonesia
Proteaceae,Banksia dentata,L.f.,Indonesia
Proteaceae,Bleasdalea papuana,(Diels) Domin,Indonesia
Proteaceae,Finschia chloroxantha,Diels,Indonesia
Proteaceae,Grevillea glauca,Banks & Sol. ex Knight,Indonesia
Proteaceae,Helicia attenuata,(Jack) Blume,Indonesia
Proteaceae,Helicia celata,Foreman,Indonesia
Proteaceae,Helicia excelsa,(Roxb.) Blume,Indonesia
Proteaceae,Helicia finisterrae,Lauterb.,Indonesia
Proteaceae,Helicia fragilis,Foreman,Indonesia
Proteaceae,Helicia fuscotomentosa,Suess.,Indonesia
Proteaceae,Helicia lanceolata,Koord. & Valeton,Indonesia
Proteaceae,Helicia petiolaris,Benn.,Indonesia
Proteaceae,Helicia robusta,(Roxb.) R.Br. ex Blume,Indonesia
Proteaceae,Helicia rufescens,Prain,Indonesia
Proteaceae,Helicia serrata,Blume,Indonesia
Proteaceae,Helicia vanroyenii,Foreman,Indonesia
Proteaceae,Helicia versteeghii,Foreman,Indonesia
Proteaceae,Heliciopsis artocarpoides,(Elmer) Sleumer,Indonesia
Proteaceae,Heliciopsis incisa,(Koord. & Valeton) Sleumer,Indonesia
Proteaceae,Heliciopsis lanceolata,(Koord. & Valeton) Sleumer,Indonesia
Proteaceae,Heliciopsis litseifolia,R.C.K.Chung,Indonesia
Proteaceae,Heliciopsis velutina,(Prain) Sleumer,Indonesia
Proteaceae,Macadamia hildebrandii,Steenis,Indonesia
Proteaceae,Stenocarpus moorei,F.Muell.,Indonesia
Putranjivaceae,Drypetes caesia,Airy Shaw,Indonesia
Putranjivaceae,Drypetes calyptosepala,Airy Shaw,Indonesia
Putranjivaceae,Drypetes castilloi,(Merr.) Merr.,Indonesia
Putranjivaceae,Drypetes celebica,(Boerl. & Koord.) Pax & K.Hoffm.,Indonesia
Putranjivaceae,Drypetes crassipes,Pax & K.Hoffm.,Indonesia
Putranjivaceae,Drypetes curtisii,(Hook.f.) Pax & K.Hoffm.,Indonesia
Putranjivaceae,Drypetes dasyneura,Airy Shaw,Indonesia
Putranjivaceae,Drypetes dewildei,Airy Shaw,Indonesia
Putranjivaceae,Drypetes forbesii,Pax & K.Hoffm.,Indonesia
Putranjivaceae,Drypetes fusiformis,Airy Shaw,Indonesia
Putranjivaceae,Drypetes grandifolia,(C.B.Rob.) Pax & K.Hoffm.,Indonesia
Putranjivaceae,Drypetes kikir,Airy Shaw,Indonesia
Putranjivaceae,Drypetes laevis,(Miq.) Pax & K.Hoffm.,Indonesia
Putranjivaceae,Drypetes lasiogynoides,Pax & K.Hoffm.,Indonesia
Putranjivaceae,Drypetes littoralis,(C.B.Rob.) Merr.,Indonesia
Putranjivaceae,Drypetes longifolia,(Blume) Pax & K.Hoffm.,Indonesia
Putranjivaceae,Drypetes macrostigma,J.J.Sm.,Indonesia
Putranjivaceae,Drypetes maquilingensis,(Merr.) Pax & K.Hoffm.,Indonesia
Putranjivaceae,Drypetes microphylla,(Merr.) Pax & K.Hoffm.,Indonesia
Putranjivaceae,Drypetes microphylloides,S.Moore,Indonesia
Putranjivaceae,Drypetes minahassae,(Boerl. & Koord.) Pax & K.Hoffm.,Indonesia
Putranjivaceae,Drypetes neglecta,(Koord.) Pax & K.Hoffm.,Indonesia
Putranjivaceae,Drypetes ochrodasya,Airy Shaw,Indonesia
Putranjivaceae,Drypetes ovalis,(J.J.Sm. ex Koord. & Valeton) Pax & K.Hoffm.,Indonesia
Putranjivaceae,Drypetes pendula,Ridl.,Indonesia
Putranjivaceae,Drypetes polyalthioides,Airy Shaw,Indonesia
Putranjivaceae,Drypetes polyneura,Airy Shaw,Indonesia
Putranjivaceae,Drypetes prunifera,Airy Shaw,Indonesia
Putranjivaceae,Drypetes rhakodiskos,(Hassk.) Bakh.f.,Indonesia
Putranjivaceae,Drypetes sibuyanensis,(Elmer) Pax & K.Hoffm.,Indonesia
Putranjivaceae,Drypetes simalurensis,J.J.Sm.,Indonesia
Putranjivaceae,Drypetes stylosa,Airy Shaw,Indonesia
Putranjivaceae,Drypetes subcubica,(J.J.Sm.) Pax & K.Hoffm.,Indonesia
Putranjivaceae,Drypetes subsymmetrica,J.J.Sm.,Indonesia
Putranjivaceae,Drypetes sumatrana,(Miq.) Pax & K.Hoffm.,Indonesia
Putranjivaceae,Drypetes talamauensis,J.J.Sm.,Indonesia
Putranjivaceae,Drypetes teysmannii,(Hassk.) Bakh.f. & Steenis,Indonesia
Putranjivaceae,Putranjiva roxburghii,Wall.,Indonesia
Rhamnaceae,Alphitonia excelsa,(Fenzl) Reissek ex Benth.,Indonesia
Rhamnaceae,Alphitonia incana,(Roxb.) Teijsm. & Binn. ex Kurz,Indonesia
Rhamnaceae,Alphitonia macrocarpa,Mansf.,Indonesia
Rhamnaceae,Alphitonia philippinensis,Braid,Indonesia
Rhamnaceae,Berchemia cinerascens,(Blume) Miq.,Indonesia
Rhamnaceae,Colubrina beccariana,Warb.,Indonesia
Rhamnaceae,Oreorhamnus serrulata,Ridl.,Indonesia
Rhamnaceae,Ziziphus angustifolia,(Miq.) Hatus. ex Steenis,Indonesia
Rhamnaceae,Ziziphus inermis,Merr.,Indonesia
Rhamnaceae,Ziziphus mauritiana,Lam.,Indonesia
Rhamnaceae,Ziziphus oenopolia,(L.) Mill.,Indonesia
Rhizophoraceae,Bruguiera cylindrica,(L.) Blume,Indonesia
Rhizophoraceae,Bruguiera exaristata,Ding Hou,Indonesia
Rhizophoraceae,Bruguiera gymnorhiza,(L.) Lam.,Indonesia
Rhizophoraceae,Bruguiera parviflora,(Roxb.) Wight & Arn. ex Griff.,Indonesia
Rhizophoraceae,Bruguiera sexangula,(Lour.) Poir.,Indonesia
Rhizophoraceae,Carallia borneensis,Oliv.,Indonesia
Rhizophoraceae,Carallia brachiata,(Lour.) Merr.,Indonesia
Rhizophoraceae,Carallia calophylloidea,Ding Hou,Indonesia
Rhizophoraceae,Carallia coriifolia,Ridl.,Indonesia
Rhizophoraceae,Carallia eugenioidea,King,Indonesia
Rhizophoraceae,Carallia hulstijnii,Valeton,Indonesia
Rhizophoraceae,Carallia longipes,Ding Hou,Indonesia
Rhizophoraceae,Carallia papuana,Ding Hou,Indonesia
Rhizophoraceae,Ceriops australis,"(C.T.White) Ballment, T.J.Sm. & J.A.Stoddart",Indonesia
Rhizophoraceae,Ceriops pseudodecandra,"Sheue, H.G.Liu, C.C.Tsai & Yuen P.Yang",Indonesia
Rhizophoraceae,Ceriops tagal,(Perr.) C.B.Rob.,Indonesia
Rhizophoraceae,Ceriops zippeliana,Blume,Indonesia
Rhizophoraceae,Gynotroches axillaris,Blume,Indonesia
Rhizophoraceae,Kandelia candel,(L.) Druce,Indonesia
Rhizophoraceae,Kandelia obovata,"Sheue, H.Y. Liu & J. Yong",Indonesia
Rhizophoraceae,Pellacalyx axillaris,Korth.,Indonesia
Rhizophoraceae,Pellacalyx lobbii,Schimp.,Indonesia
Rhizophoraceae,Pellacalyx symphiodiscus,Stapf,Indonesia
Rhizophoraceae,Rhizophora apiculata,Blume,Indonesia
Rhizophoraceae,Rhizophora mucronata,Poir.,Indonesia
Rhizophoraceae,Rhizophora stylosa,Griff.,Indonesia
Rosaceae,Eriobotrya bengalensis,(Roxb.) Kurz,Indonesia
Rosaceae,Lauro-cerasus undulata,(Buch.-Ham. ex D.Don) M.Roem.,Indonesia
Rosaceae,Neillia thyrsiflora,D.Don,Indonesia
Rosaceae,Photinia integrifolia,Lindl.,Indonesia
Rosaceae,Photinia prunifolia,(Hook. & Arn.) Lindl.,Indonesia
Rosaceae,Prunus arborea,(Blume) Kalkman,Indonesia
Rosaceae,Prunus beccarii,(Ridl.) Kalkman,Indonesia
Rosaceae,Prunus clementis,(Merr.) Kalkman,Indonesia
Rosaceae,Prunus costata,(Hemsl.) Kalkman,Indonesia
Rosaceae,Prunus dolichobotrys,(Lauterb. & K.Schum.) Kalkman,Indonesia
Rosaceae,Prunus gazelle-peninsulae,(Kaneh. & Hatus.) Kalkman,Indonesia
Rosaceae,Prunus glabrifolia,Kalkman,Indonesia
Rosaceae,Prunus grisea,(Blume ex Müll.Berol.) Kalkman,Indonesia
Rosaceae,Prunus javanica,(Teijsm. & Binn.) Miq.,Indonesia
Rosaceae,Prunus lamponga,(Miq.) Kalkman,Indonesia
Rosaceae,Prunus laxinervis,Kalkman,Indonesia
Rosaceae,Prunus oligantha,Kalkman,Indonesia
Rosaceae,Prunus polystachya,(Hook.f.) Kalkman,Indonesia
Rosaceae,Prunus schlechteri,(Koehne) Kalkman,Indonesia
Rosaceae,Prunus turfosa,Kalkman,Indonesia
Rosaceae,Prunus undulata,Buch.-Ham. ex D.Don,Indonesia
Rosaceae,Prunus wallaceana,Kalkman,Indonesia
Rosaceae,Sorbus corymbifera,(Miq.) T.H.Nguyên & Yakovlev,Indonesia
Rousseaceae,Carpodetus archboldianus,Reeder,Indonesia
Rousseaceae,Carpodetus denticulatus,(Ridl.) Reeder,Indonesia
Rousseaceae,Carpodetus fuscus,Reeder,Indonesia
Rousseaceae,Carpodetus grandiflorus,Schltr.,Indonesia
Rubiaceae,Achilleanthus megacarpus,(Merr. & L.M.Perry) J.G.Chavez,Indonesia
Rubiaceae,Achilleanthus schmutzii,(M.E.Jansen) J.G.Chavez,Indonesia
Rubiaceae,Adina eurhyncha,(Miq.) Å.Krüger & Löfstrand,Indonesia
Rubiaceae,Adina fagifolia,(Teijsm. & Binn. ex Havil.) Valeton ex Merr.,Indonesia
Rubiaceae,Adina multifolia,Havil.,Indonesia
Rubiaceae,Adina trichotoma,(Zoll. & Moritzi) Benth. & Hook.f. ex B.D.Jacks.,Indonesia
Rubiaceae,Aidia borneensis,Ridsdale,Indonesia
Rubiaceae,Aidia densiflora,(Wall.) Masam.,Indonesia
Rubiaceae,Aidia racemosa,(Cav.) Tirveng.,Indonesia
Rubiaceae,Aleisanthiopsis distantiflora,(Merr.) Tange,Indonesia
Rubiaceae,Aleisanthiopsis multiflora,Tange,Indonesia
Rubiaceae,Amaracarpus attenuatus,Merr. & L.M.Perry,Indonesia
Rubiaceae,Amaracarpus belensis,Merr. & L.M.Perry,Indonesia
Rubiaceae,Amaracarpus brassii,Merr. & L.M.Perry,Indonesia
Rubiaceae,Amaracarpus compactus,Merr. & L.M.Perry,Indonesia
Rubiaceae,Amaracarpus grandifolius,Valeton,Indonesia
Rubiaceae,Amaracarpus nematopodus,(F.Muell.) P.I.Forst.,Indonesia
Rubiaceae,Amaracarpus xanthocarpus,Merr. & L.M.Perry,Indonesia
Rubiaceae,Atractocarpus macarthurii,(F.Muell.) Puttock,Indonesia
Rubiaceae,Atractocarpus sessilis,(F.Muell.) Puttock,Indonesia
Rubiaceae,Atractocarpus versteegii,(Valeton) Puttock,Indonesia
Rubiaceae,Badusa corymbifera,(G.Forst.) A.Gray,Indonesia
Rubiaceae,Bungarimba ridsdalei,K.M.Wong,Indonesia
Rubiaceae,Bungarimba sessiliflora,(Ridl.) K.M.Wong,Indonesia
Rubiaceae,Canthium umbelligerum,Miq.,Indonesia
Rubiaceae,Canthiumera glabra,(Blume) K.M.Wong & Mahyuni,Indonesia
Rubiaceae,Catunaregam oocarpa,(Ridl.) Tirveng.,Indonesia
Rubiaceae,Catunaregam spinosa,(Thunb.) Tirveng.,Indonesia
Rubiaceae,Ceriscoides campanulata,(Roxb.) Tirveng.,Indonesia
Rubiaceae,Ceriscoides perakensis,(King & Gamble) K.M.Wong,Indonesia
Rubiaceae,Chaetostachydium filiforme,Ridsdale,Indonesia
Rubiaceae,Chassalia curviflora,(Wall.) Thwaites,Indonesia
Rubiaceae,Coelospermum truncatum,(Wall.) Baill. ex K.Schum.,Indonesia
Rubiaceae,Coffea horsfieldiana,Miq.,Indonesia
Rubiaceae,Coffea madurensis,Teijsm. & Binn. ex Koord.,Indonesia
Rubiaceae,Cowiea borneensis,Wernham,Indonesia
Rubiaceae,Dibridsonia conferta,(Korth.) K.M.Wong,Indonesia
Rubiaceae,Dichilanthe borneensis,Baill.,Indonesia
Rubiaceae,Diplospora minahassae,Koord.,Indonesia
Rubiaceae,Diplospora tinagoensis,(Elmer) S.J.Ali & Robbr.,Indonesia
Rubiaceae,Discospermum abnorme,(Korth.) S.J.Ali & Robbr.,Indonesia
Rubiaceae,Discospermum beccarianum,(King & Gamble) S.J.Ali & Robbr.,Indonesia
Rubiaceae,Discospermum malaccense,(Hook.f.) Kuntze,Indonesia
Rubiaceae,Dolicholobium leptocarpum,Merr. & L.M.Perry,Indonesia
Rubiaceae,Dolicholobium moluccense,M.E.Jansen,Indonesia
Rubiaceae,Dolicholobium seruiense,M.E.Jansen,Indonesia
Rubiaceae,Eumachia leptothyrsa,"(Miq.) Barrabé, C.M.Taylor & Razafim.",Indonesia
Rubiaceae,Eumachia membranifolia,"(Bartl. ex DC.) Barrabé, C.M.Taylor & Razafim.",Indonesia
Rubiaceae,Eumachia montana,(Blume) I.M.Turner,Indonesia
Rubiaceae,Gaertnera grisea,Hook.f. ex C.B.Clarke,Indonesia
Rubiaceae,Gaertnera junghuhniana,Miq.,Indonesia
Rubiaceae,Gardenia beamanii,Y.W.Low,Indonesia
Rubiaceae,Gardenia chanii,Y.W.Low,Indonesia
Rubiaceae,Gardenia elata,Ridl.,Indonesia
Rubiaceae,Gardenia griffithii,Hook.f.,Indonesia
Rubiaceae,Gardenia kabaenensis,Y.W.Low,Indonesia
Rubiaceae,Gardenia longistipula,Y.W.Low,Indonesia
Rubiaceae,Gardenia mutabilis,Reinw. ex Blume,Indonesia
Rubiaceae,Gardenia pterocalyx,Valeton,Indonesia
Rubiaceae,Gardenia subcarinata,(Corner) Y.W.Low,Indonesia
Rubiaceae,Gardenia tubifera,Wall. ex Roxb.,Indonesia
Rubiaceae,Gardeniopsis longifolia,Miq.,Indonesia
Rubiaceae,Greenea commersonii,(Korth.) Tange ex Ruhsam,Indonesia
Rubiaceae,Greenea montana,Tange,Indonesia
Rubiaceae,Guettarda speciosa,L.,Indonesia
Rubiaceae,Guettardella affinis,(Zoll.) J.G.Chavez,Indonesia
Rubiaceae,Guettardella hexasperma,(Roxb.) M.E.Jansen,Indonesia
Rubiaceae,Guettardella inaequalis,(Chaw) J.G.Chavez,Indonesia
Rubiaceae,Guettardella tenuiflora,(F.Muell. ex Benth.) M.E.Jansen,Indonesia
Rubiaceae,Gynochthodes umbellata,(L.) Razafim. & B.Bremer,Indonesia
Rubiaceae,Hymenodictyon horsfieldii,Miq.,Indonesia
Rubiaceae,Hypobathrum glabrum,Mulyan. & Ridsdale,Indonesia
Rubiaceae,Hypobathrum hirtum,(Ridl.) Mulyan. & Ridsdale,Indonesia
Rubiaceae,Hypobathrum longifolium,(DC.) K.M.Wong,Indonesia
Rubiaceae,Hypobathrum microcarpum,(Blume) Bakh.f.,Indonesia
Rubiaceae,Hypobathrum parviflorum,Miq.,Indonesia
Rubiaceae,Hypobathrum racemosum,(Roxb.) Kurz,Indonesia
Rubiaceae,Hypobathrum venulosum,(Hook.f.) K.M.Wong,Indonesia
Rubiaceae,Ixora accedens,Valeton,Indonesia
Rubiaceae,Ixora balinensis,Bremek.,Indonesia
Rubiaceae,Ixora blumei,Zoll. & Moritzi,Indonesia
Rubiaceae,Ixora borneensis,(Miq.) Boerl.,Indonesia
Rubiaceae,Ixora brachyanthera,Bremek.,Indonesia
Rubiaceae,Ixora brachycotyla,Bremek.,Indonesia
Rubiaceae,Ixora brachypogon,Bremek.,Indonesia
Rubiaceae,Ixora capillaris,Bremek.,Indonesia
Rubiaceae,Ixora celebica,Ridl. ex Bremek.,Indonesia
Rubiaceae,Ixora ceramensis,Bremek.,Indonesia
Rubiaceae,Ixora chinensis,Lam.,Indonesia
Rubiaceae,Ixora concinna,R.Br. ex Hook.f.,Indonesia
Rubiaceae,Ixora deciduiflora,Bremek.,Indonesia
Rubiaceae,Ixora endertii,Bremek.,Indonesia
Rubiaceae,Ixora fallax,Bremek.,Indonesia
Rubiaceae,Ixora farinosa,Bremek.,Indonesia
Rubiaceae,Ixora filiflora,Bremek.,Indonesia
Rubiaceae,Ixora filipendula,Bremek.,Indonesia
Rubiaceae,Ixora fucosa,Bremek.,Indonesia
Rubiaceae,Ixora fuscescens,Valeton ex Merr.,Indonesia
Rubiaceae,Ixora grandifolia,Zoll. & Moritzi,Indonesia
Rubiaceae,Ixora gyropogon,Bremek.,Indonesia
Rubiaceae,Ixora hallieri,Bremek.,Indonesia
Rubiaceae,Ixora havilandii,Ridl.,Indonesia
Rubiaceae,Ixora insularum,Bremek.,Indonesia
Rubiaceae,Ixora intermedia,Elmer,Indonesia
Rubiaceae,Ixora javanica,(Blume) DC.,Indonesia
Rubiaceae,Ixora kerstingii,K.Schum. & Lauterb.,Indonesia
Rubiaceae,Ixora keyensis,Warb.,Indonesia
Rubiaceae,Ixora lobbii,Loudon,Indonesia
Rubiaceae,Ixora macrantha,(Steud.) Bremek.,Indonesia
Rubiaceae,Ixora macrocotyla,Bremek.,Indonesia
Rubiaceae,Ixora makassarica,Bremek.,Indonesia
Rubiaceae,Ixora membranifolia,Valeton ex Merr.,Indonesia
Rubiaceae,Ixora moluccana,Bremek.,Indonesia
Rubiaceae,Ixora nigricans,R.Br. ex Wight & Arn.,Indonesia
Rubiaceae,Ixora nonantha,Bremek.,Indonesia
Rubiaceae,Ixora odoratiflora,Valeton,Indonesia
Rubiaceae,Ixora patula,Bremek.,Indonesia
Rubiaceae,Ixora pauciflora,DC.,Indonesia
Rubiaceae,Ixora pyrantha,Bremek.,Indonesia
Rubiaceae,Ixora roemeri,Bremek.,Indonesia
Rubiaceae,Ixora simalurensis,Bremek.,Indonesia
Rubiaceae,Ixora stenophylla,(Korth.) Kuntze,Indonesia
Rubiaceae,Ixora stenura,Bremek.,Indonesia
Rubiaceae,Ixora sumbawensis,Bremek.,Indonesia
Rubiaceae,Ixora timorensis,Decne.,Indonesia
Rubiaceae,Ixora trichandra,Bremek.,Indonesia
Rubiaceae,Ixora umbellata,Valeton,Indonesia
Rubiaceae,Jackiopsis ornata,(Wall.) Ridsdale,Indonesia
Rubiaceae,Lasianthus chrysophyllus,Miq.,Indonesia
Rubiaceae,Lasianthus euneurus,Stapf,Indonesia
Rubiaceae,Lasianthus griffithii,Wight,Indonesia
Rubiaceae,Lasianthus laevigatus,Blume,Indonesia
Rubiaceae,Lasianthus laxiflorus,Merr.,Indonesia
Rubiaceae,Lasianthus longifolius,Wight,Indonesia
Rubiaceae,Lasianthus mucronulatus,(Korth.) Miq.,Indonesia
Rubiaceae,Lasianthus perakensis,King & Gamble,Indonesia
Rubiaceae,Lasianthus purpureus,Blume,Indonesia
Rubiaceae,Lasianthus scalariformis,King & Gamble,Indonesia
Rubiaceae,Lasianthus stercorarius,Blume,Indonesia
Rubiaceae,Lasianthus tomentosus,Blume,Indonesia
Rubiaceae,Lasianthus venosus,Blume,Indonesia
Rubiaceae,Lasianthus vulcanicus,Ridl.,Indonesia
Rubiaceae,Maschalodesme arborea,K.Schum. & Lauterb.,Indonesia
Rubiaceae,Mastixiodendron pachyclados,(K.Schum.) Melch.,Indonesia
Rubiaceae,Mastixiodendron plectocarpum,S.P.Darwin,Indonesia
Rubiaceae,Mastixiodendron smithii,Merr. & L.M.Perry,Indonesia
Rubiaceae,Meyna grisea,(King & Gamble) Robyns,Indonesia
Rubiaceae,Mitragyna diversifolia,(Wall. ex G.Don) Havil.,Indonesia
Rubiaceae,Mitragyna speciosa,(Korth.) Havil.,Indonesia
Rubiaceae,Morinda citrifolia,L.,Indonesia
Rubiaceae,Morinda coreia,Buch.-Ham.,Indonesia
Rubiaceae,Morinda persicifolia,Buch.-Ham.,Indonesia
Rubiaceae,Mussaenda cylindrocarpa,Burck,Indonesia
Rubiaceae,Mussaendopsis beccariana,Baill.,Indonesia
Rubiaceae,Mussaendopsis celebica,Bremek.,Indonesia
Rubiaceae,Nauclea officinalis,(Pierre ex Pit.) Merr. & Chun,Indonesia
Rubiaceae,Nauclea orientalis,(L.) L.,Indonesia
Rubiaceae,Nauclea subdita,(Korth.) Steud.,Indonesia
Rubiaceae,Neolamarckia cadamba,(Roxb.) Bosser,Indonesia
Rubiaceae,Neolamarckia macrophylla,(Roxb.) Bosser,Indonesia
Rubiaceae,Neonauclea angustifolia,(Havil.) Merr.,Indonesia
Rubiaceae,Neonauclea anthraciticus,Ridsdale,Indonesia
Rubiaceae,Neonauclea artocarpoides,Ridsdale,Indonesia
Rubiaceae,Neonauclea bomberaiensis,Ridsdale,Indonesia
Rubiaceae,Neonauclea borneensis,Ridsdale,Indonesia
Rubiaceae,Neonauclea brassii,S.Moore,Indonesia
Rubiaceae,Neonauclea butonensis,Ridsdale,Indonesia
Rubiaceae,Neonauclea calycina,(Bartl. ex DC.) Merr.,Indonesia
Rubiaceae,Neonauclea celebica,(Havil.) Merr.,Indonesia
Rubiaceae,Neonauclea ceramensis,Ridsdale,Indonesia
Rubiaceae,Neonauclea colla,Ridsdale,Indonesia
Rubiaceae,Neonauclea coronata,Ridsdale,Indonesia
Rubiaceae,Neonauclea cyclophylla,(Miq.) Merr.,Indonesia
Rubiaceae,Neonauclea cyrtopoda,(Miq.) Merr.,Indonesia
Rubiaceae,Neonauclea endertii,Ridsdale,Indonesia
Rubiaceae,Neonauclea excelsa,(Blume) Merr.,Indonesia
Rubiaceae,Neonauclea excelsioides,Ridsdale,Indonesia
Rubiaceae,Neonauclea gigantea,(Valeton) Merr.,Indonesia
Rubiaceae,Neonauclea glabra,(Roxb.) Bakh.f. & Ridsdale,Indonesia
Rubiaceae,Neonauclea glandulifera,Ridsdale,Indonesia
Rubiaceae,Neonauclea hagenii,(Lauterb. & K.Schum.) Merr.,Indonesia
Rubiaceae,Neonauclea havilandii,Koord. ex Ridsdale,Indonesia
Rubiaceae,Neonauclea intercontinentalis,Bakh.f. & Ridsdale,Indonesia
Rubiaceae,Neonauclea kraboensis,Ridsdale,Indonesia
Rubiaceae,Neonauclea lanceolata,(Blume) Merr.,Indonesia
Rubiaceae,Neonauclea longipedunculata,Merr.,Indonesia
Rubiaceae,Neonauclea maluensis,(Valeton) S.Moore,Indonesia
Rubiaceae,Neonauclea morotaiensis,Ridsdale,Indonesia
Rubiaceae,Neonauclea obversifolia,(Valeton) Merr. & L.M.Perry,Indonesia
Rubiaceae,Neonauclea pallida,(Reinw. ex Havil.) Bakh.f.,Indonesia
Rubiaceae,Neonauclea parviflora,(Koord. & Valeton) Ridsdale,Indonesia
Rubiaceae,Neonauclea perspicuinervia,Merr. & L.M.Perry,Indonesia
Rubiaceae,Neonauclea pseudoborneensis,Ridsdale,Indonesia
Rubiaceae,Neonauclea pseudocalycina,Ridsdale,Indonesia
Rubiaceae,Neonauclea pseudopeduncularis,Ridsdale,Indonesia
Rubiaceae,Neonauclea rupestris,Bakh.f. & Ridsdale,Indonesia
Rubiaceae,Neonauclea sericea,Ridsdale,Indonesia
Rubiaceae,Neonauclea superba,(S.Moore) S.Moore,Indonesia
Rubiaceae,Neonauclea tricephala,Ridsdale,Indonesia
Rubiaceae,Neonauclea unicapitulifera,Ridsdale,Indonesia
Rubiaceae,Neonauclea ventricosa,Ridsdale,Indonesia
Rubiaceae,Neonauclea versteeghii,Merr. & L.M.Perry,Indonesia
Rubiaceae,Neonauclea vinkiorum,Ridsdale,Indonesia
Rubiaceae,Nostolachma densiflora,(Blume) Bakh.f.,Indonesia
Rubiaceae,Ochreinauclea maingayi,(Hook.f.) Ridsdale,Indonesia
Rubiaceae,Pachystylus henningsianus,Warb.,Indonesia
Rubiaceae,Pavetta kedahica,Bremek.,Indonesia
Rubiaceae,Pavetta montana,Reinw. ex Blume,Indonesia
Rubiaceae,Pavetta platyclada,K.Schum. & Lauterb.,Indonesia
Rubiaceae,Pavetta ruttenii,Bremek.,Indonesia
Rubiaceae,Pavetta subvelutina,Miq.,Indonesia
Rubiaceae,Pavetta sumbawensis,Bremek.,Indonesia
Rubiaceae,Pavetta sylvatica,Blume,Indonesia
Rubiaceae,Porterandia anisophylla,(Jack ex Roxb.) Ridl.,Indonesia
Rubiaceae,Porterandia catappifolia,Ridl.,Indonesia
Rubiaceae,Porterandia celebica,Zahid,Indonesia
Rubiaceae,Porterandia congestiflora,Zahid,Indonesia
Rubiaceae,Porterandia glabrifolia,Ridl.,Indonesia
Rubiaceae,Porterandia grandifolia,Ridl.,Indonesia
Rubiaceae,Porterandia kalimantanensis,Zahid,Indonesia
Rubiaceae,Porterandia macroptera,(Miq.) Tirveng.,Indonesia
Rubiaceae,Porterandia subsessilis,(Valeton) Ridl.,Indonesia
Rubiaceae,Praravinia cauliflora,Bremek.,Indonesia
Rubiaceae,Praravinia celebica,Bremek.,Indonesia
Rubiaceae,Praravinia densiflora,Korth.,Indonesia
Rubiaceae,Praravinia hallieri,Bremek.,Indonesia
Rubiaceae,Praravinia hexamera,Bremek.,Indonesia
Rubiaceae,Praravinia loconensis,Bremek.,Indonesia
Rubiaceae,Praravinia megistocalyx,Bremek.,Indonesia
Rubiaceae,Praravinia minahassae,Koord.,Indonesia
Rubiaceae,Praravinia montana,Bremek.,Indonesia
Rubiaceae,Praravinia parviflora,Bremek.,Indonesia
Rubiaceae,Praravinia polymera,Bremek.,Indonesia
Rubiaceae,Praravinia robusta,Bremek.,Indonesia
Rubiaceae,Praravinia sericotricha,Bremek.,Indonesia
Rubiaceae,Praravinia suberosa,(Merr.) Bremek.,Indonesia
Rubiaceae,Praravinia subtomentosa,Bremek.,Indonesia
Rubiaceae,Praravinia teysmannii,Koord.,Indonesia
Rubiaceae,Praravinia urophylloides,Valeton,Indonesia
Rubiaceae,Praravinia verruculosa,Bremek.,Indonesia
Rubiaceae,Prismatomeris beccariana,(Baill. ex K.Schum.) J.T.Johanss.,Indonesia
Rubiaceae,Prismatomeris glabra,(Korth.) Valeton,Indonesia
Rubiaceae,Prismatomeris robusta,J.T.Johanss.,Indonesia
Rubiaceae,Psychotria adenophylla,Wall.,Indonesia
Rubiaceae,Psychotria angulata,Korth.,Indonesia
Rubiaceae,Psychotria celebica,Miq.,Indonesia
Rubiaceae,Psychotria chrysocarpa,Merr. & L.M.Perry,Indonesia
Rubiaceae,Psychotria conglobata,Valeton,Indonesia
Rubiaceae,Psychotria crassifolia,Miq.,Indonesia
Rubiaceae,Psychotria defretesiana,(W.N.Takeuchi) W.N.Takeuchi,Indonesia
Rubiaceae,Psychotria hentyi,Sohmer,Indonesia
Rubiaceae,Psychotria katikii,Sohmer,Indonesia
Rubiaceae,Psychotria malayana,Jack,Indonesia
Rubiaceae,Psychotria micrococca,(Lauterb. & K.Schum.) Valeton,Indonesia
Rubiaceae,Psychotria misolensis,Valeton ex Sohmer,Indonesia
Rubiaceae,Psychotria petiolosa,Valeton,Indonesia
Rubiaceae,Psychotria praecox,Valeton ex Sohmer,Indonesia
Rubiaceae,Psychotria ramulosa,Merr. & L.M.Perry,Indonesia
Rubiaceae,Psychotria rhinocerotis,Reinw. ex Blume,Indonesia
Rubiaceae,Psychotria robusta,Blume,Indonesia
Rubiaceae,Psychotria rostrata,Blume,Indonesia
Rubiaceae,Psychotria sarmiensis,Sohmer,Indonesia
Rubiaceae,Psychotria sentanensis,Valeton,Indonesia
Rubiaceae,Psychotria tripedunculata,Sohmer,Indonesia
Rubiaceae,Psychotria utakwensis,Wernham,Indonesia
Rubiaceae,Psychotria versteegii,Deb & M.G.Gangop.,Indonesia
Rubiaceae,Psychotria viridiflora,Reinw. ex Blume,Indonesia
Rubiaceae,Psychotria wichmannii,Valeton,Indonesia
Rubiaceae,Psydrax dicoccos,Gaertn.,Indonesia
Rubiaceae,Psydrax maingayi,(Hook.f.) Bridson,Indonesia
Rubiaceae,Randia schumanniana,Merr. & L.M.Perry,Indonesia
Rubiaceae,Rennellia elliptica,Korth.,Indonesia
Rubiaceae,Rennellia morindiformis,(Korth.) Ridl.,Indonesia
Rubiaceae,Ridsdalea forsteniana,(Miq.) J.T.Pereira,Indonesia
Rubiaceae,Ridsdalea grandis,(Korth.) J.T.Pereira,Indonesia
Rubiaceae,Ridsdalea puffiana,J.T.Pereira,Indonesia
Rubiaceae,Ridsdalea schoemannii,(Teijsm. & Binn.) J.T.Pereira,Indonesia
Rubiaceae,Ridsdalea sundaensis,J.T.Pereira,Indonesia
Rubiaceae,Saprosma arborea,Blume,Indonesia
Rubiaceae,Schradera ramiflora,"(Valeton) Puff, R.Buchner & Greimler",Indonesia
Rubiaceae,Scyphiphora hydrophylacea,C.F.Gaertn.,Indonesia
Rubiaceae,Singaporandia macrophylla,(Hook.f.) K.M.Wong,Indonesia
Rubiaceae,Tarenna ciliolata,(Korth.) Bremek.,Indonesia
Rubiaceae,Tarenna confusa,(Blume) Valeton,Indonesia
Rubiaceae,Tarenna costata,(Miq.) Merr.,Indonesia
Rubiaceae,Tarenna cumingiana,(S.Vidal) Elmer,Indonesia
Rubiaceae,Tarenna fragrans,(Blume) Koord. & Valeton,Indonesia
Rubiaceae,Tarenna macroptera,(Miq.) Bremek.,Indonesia
Rubiaceae,Tarenna mollis,(Wall. ex Hook.f.) B.L.Rob.,Indonesia
Rubiaceae,Tarenna pulchra,(Ridl.) Ridl.,Indonesia
Rubiaceae,Tarenna sambucina,(G.Forst.) T.Durand ex Drake,Indonesia
Rubiaceae,Tarenna sumatrensis,(Roth) Bremek.,Indonesia
Rubiaceae,Tarenna winkleri,Valeton,Indonesia
Rubiaceae,Tarennoidea wallichii,(Hook.f.) Tirveng. & Sastre,Indonesia
Rubiaceae,Timonius amboinicus,(Miq.) Boerl.,Indonesia
Rubiaceae,Timonius anodon,(Miq.) Boerl.,Indonesia
Rubiaceae,Timonius avenis,Valeton,Indonesia
Rubiaceae,Timonius belensis,Merr. & L.M.Perry,Indonesia
Rubiaceae,Timonius billitonensis,Valeton,Indonesia
Rubiaceae,Timonius bogoriensis,Valeton,Indonesia
Rubiaceae,Timonius borneensis,Valeton,Indonesia
Rubiaceae,Timonius bracteatus,Merr. & L.M.Perry,Indonesia
Rubiaceae,Timonius bracteoides,S.P.Darwin,Indonesia
Rubiaceae,Timonius branderhorstii,Valeton,Indonesia
Rubiaceae,Timonius carstensensis,Wernham,Indonesia
Rubiaceae,Timonius celebicus,Koord.,Indonesia
Rubiaceae,Timonius dolichophyllus,(Merr. & L.M.Perry) S.P.Darwin,Indonesia
Rubiaceae,Timonius esherianus,W.W.Sm.,Indonesia
Rubiaceae,Timonius flavescens,(Jacq.) Baker,Indonesia
Rubiaceae,Timonius grandifolius,Valeton,Indonesia
Rubiaceae,Timonius hentyi,S.P.Darwin,Indonesia
Rubiaceae,Timonius heptamerus,Wernham,Indonesia
Rubiaceae,Timonius hydrangeifolius,(Miq.) Boerl.,Indonesia
Rubiaceae,Timonius imitans,Merr. & L.M.Perry,Indonesia
Rubiaceae,Timonius klossii,Wernham,Indonesia
Rubiaceae,Timonius koordersii,Valeton,Indonesia
Rubiaceae,Timonius kostermansii,S.P.Darwin,Indonesia
Rubiaceae,Timonius lagenifer,S.P.Darwin,Indonesia
Rubiaceae,Timonius lamii,S.P.Darwin,Indonesia
Rubiaceae,Timonius lasianthoides,Valeton,Indonesia
Rubiaceae,Timonius minahassae,Koord.,Indonesia
Rubiaceae,Timonius modestus,Merr. & L.M.Perry,Indonesia
Rubiaceae,Timonius moluccanus,S.P.Darwin,Indonesia
Rubiaceae,Timonius nitens,Merr. & L.M.Perry,Indonesia
Rubiaceae,Timonius oblongus,Valeton,Indonesia
Rubiaceae,Timonius ovalis,(Korth.) Boerl.,Indonesia
Rubiaceae,Timonius palawanensis,Elmer,Indonesia
Rubiaceae,Timonius polyneurus,Valeton,Indonesia
Rubiaceae,Timonius pseudocapitatus,(Scheff.) F.Muell.,Indonesia
Rubiaceae,Timonius reflexus,S.P.Darwin,Indonesia
Rubiaceae,Timonius rufescens,(Miq.) Boerl.,Indonesia
Rubiaceae,Timonius scaber,Valeton,Indonesia
Rubiaceae,Timonius schefferi,Valeton,Indonesia
Rubiaceae,Timonius schumannii,Koord. ex Valeton,Indonesia
Rubiaceae,Timonius secundiflorus,S.P.Darwin,Indonesia
Rubiaceae,Timonius sessilis,(Scheff.) Valeton,Indonesia
Rubiaceae,Timonius splendens,(Miq.) Boerl.,Indonesia
Rubiaceae,Timonius subsessilis,Valeton,Indonesia
Rubiaceae,Timonius teysmannii,Valeton,Indonesia
Rubiaceae,Timonius timon,(Spreng.) Merr.,Indonesia
Rubiaceae,Timonius tomentosus,(Valeton) S.P.Darwin,Indonesia
Rubiaceae,Timonius trichanthus,Merr. & L.M.Perry,Indonesia
Rubiaceae,Timonius trichocladus,Merr. & L.M.Perry,Indonesia
Rubiaceae,Timonius versteegii,Valeton,Indonesia
Rubiaceae,Timonius wallichianus,(Korth.) Valeton,Indonesia
Rubiaceae,Timonius wollastonii,Wernham,Indonesia
Rubiaceae,Timonius xanthocarpus,Merr. & L.M.Perry,Indonesia
Rubiaceae,Uncaria sterrophylla,Merr. & L.M.Perry,Indonesia
Rubiaceae,Urophyllum arboreum,(Reinw. ex Blume) Korth.,Indonesia
Rubiaceae,Urophyllum assahanicum,(Bremek.) Smedmark & B.Bremer,Indonesia
Rubiaceae,Urophyllum borneense,Miq.,Indonesia
Rubiaceae,Urophyllum chlamydanthum,(Bremek.) Smedmark & B.Bremer,Indonesia
Rubiaceae,Urophyllum coffeoides,(Bremek.) Smedmark & B.Bremer,Indonesia
Rubiaceae,Urophyllum corniculatum,(Bremek.) Smedmark & B.Bremer,Indonesia
Rubiaceae,Urophyllum corymbosum,(Blume) Korth.,Indonesia
Rubiaceae,Urophyllum deliense,(Bremek.) Smedmark & B.Bremer,Indonesia
Rubiaceae,Urophyllum grandifolium,Ridl.,Indonesia
Rubiaceae,Urophyllum griffithianum,(Wight) Hook.f.,Indonesia
Rubiaceae,Urophyllum hirsutum,(Wight) Hook.f.,Indonesia
Rubiaceae,Urophyllum lineatum,Stapf,Indonesia
Rubiaceae,Urophyllum macrophyllum,(Blume) Korth.,Indonesia
Rubiaceae,Urophyllum magnifolium,(Bremek.) Smedmark & B.Bremer,Indonesia
Rubiaceae,Urophyllum nigricans,Wernham,Indonesia
Rubiaceae,Urophyllum paniculatum,Ridl.,Indonesia
Rubiaceae,Urophyllum peltistigma,Miq.,Indonesia
Rubiaceae,Urophyllum polyneurum,Miq.,Indonesia
Rubiaceae,Urophyllum rufescens,(Bremek.) Smedmark & B.Bremer,Indonesia
Rubiaceae,Urophyllum sintangense,(Bremek.) Smedmark & B.Bremer,Indonesia
Rubiaceae,Urophyllum streptopodium,Wall. ex Hook.f.,Indonesia
Rubiaceae,Urophyllum trifurcum,H.Pearson ex King,Indonesia
Rubiaceae,Urophyllum umbellulatum,Miq.,Indonesia
Rubiaceae,Urophyllum yatesii,Ridl.,Indonesia
Rubiaceae,Wendlandia buddleacea,F.Muell.,Indonesia
Rubiaceae,Wendlandia burkillii,Cowan,Indonesia
Rubiaceae,Wendlandia dasythyrsa,Miq.,Indonesia
Rubiaceae,Wendlandia densiflora,(Blume) DC.,Indonesia
Rubiaceae,Wendlandia glabrata,DC.,Indonesia
Rubiaceae,Wendlandia junghuhniana,Miq.,Indonesia
Rubiaceae,Wendlandia paniculata,(Roxb.) DC.,Indonesia
Rubiaceae,Xanthophytum grandifolium,Valeton ex Bakh.f.,Indonesia
Rubiaceae,Zuccarinia macrophylla,Blume,Indonesia
Rutaceae,Acronychia dimorphocalyx,T.G.Hartley,Indonesia
Rutaceae,Acronychia emarginata,Lauterb.,Indonesia
Rutaceae,Acronychia goniocarpa,Merr. & L.M.Perry,Indonesia
Rutaceae,Acronychia murina,Ridl.,Indonesia
Rutaceae,Acronychia papuana,Gibbs,Indonesia
Rutaceae,Acronychia pedunculata,(L.) Miq.,Indonesia
Rutaceae,Acronychia pullei,Lauterb.,Indonesia
Rutaceae,Acronychia reticulata,Lauterb.,Indonesia
Rutaceae,Acronychia rugosa,T.G.Hartley,Indonesia
Rutaceae,Acronychia trifoliolata,Zoll. & Moritzi,Indonesia
Rutaceae,Atalantia macrophylla,(Oliv.) Kurz,Indonesia
Rutaceae,Atalantia paniculata,Warb.,Indonesia
Rutaceae,Burkillanthus malaccensis,(Ridl.) Swingle,Indonesia
Rutaceae,Citrus garrawayi,F.M.Bailey,Indonesia
Rutaceae,Citrus halimii,B.C.Stone,Indonesia
Rutaceae,Citrus hystrix,DC.,Indonesia
Rutaceae,Citrus lucida,(Scheff.) Mabb.,Indonesia
Rutaceae,Citrus maxima,(Burm.) Merr.,Indonesia
Rutaceae,Clausena brevistyla,Oliv.,Indonesia
Rutaceae,Clausena engleri,Yu.Tanaka,Indonesia
Rutaceae,Clausena excavata,Burm.f.,Indonesia
Rutaceae,Clausena harmandiana,(Pierre) Guillaumin,Indonesia
Rutaceae,Clausena heptaphylla,(Roxb.) Wight & Arn.,Indonesia
Rutaceae,Clymenia platypoda,B.C.Stone,Indonesia
Rutaceae,Euodia hortensis,J.R.Forst. & G.Forst.,Indonesia
Rutaceae,Flindersia amboinensis,Poir.,Indonesia
Rutaceae,Flindersia laevicarpa,C.T.White,Indonesia
Rutaceae,Flindersia pimenteliana,F.Muell.,Indonesia
Rutaceae,Flindersia schottiana,F.Muell.,Indonesia
Rutaceae,Glycosmis chlorosperma,(Blume) Spreng.,Indonesia
Rutaceae,Glycosmis crassifolia,Ridl.,Indonesia
Rutaceae,Glycosmis cyanocarpa,(Blume) Spreng.,Indonesia
Rutaceae,Glycosmis lanceolata,(Blume) D.Dietr.,Indonesia
Rutaceae,Glycosmis macrantha,Merr.,Indonesia
Rutaceae,Glycosmis pentaphylla,(Retz.) DC.,Indonesia
Rutaceae,Glycosmis tomentella,Ridl.,Indonesia
Rutaceae,Glycosmis trifoliata,(Blume) Spreng.,Indonesia
Rutaceae,Halfordia kendack,Guillaumin,Indonesia
Rutaceae,Harrisonia brownii,A.Juss.,Indonesia
Rutaceae,Harrisonia perforata,(Blanco) Merr.,Indonesia
Rutaceae,Lunasia amara,Blanco,Indonesia
Rutaceae,Maclurodendron porteri,(Hook.f.) T.G.Hartley,Indonesia
Rutaceae,Melicope accedens,(Blume) T.G.Hartley,Indonesia
Rutaceae,Melicope bonwickii,(F.Muell) T.G.Hartley,Indonesia
Rutaceae,Melicope confusa,(Merr.) P.S. Liu,Indonesia
Rutaceae,Melicope denhamii,(Seem.) T.G.Hartley,Indonesia
Rutaceae,Melicope elleryana,(F.Muell.) T.G.Hartley,Indonesia
Rutaceae,Melicope exuta,T.G.Hartley,Indonesia
Rutaceae,Melicope glabra,(Blume) T.G.Hartley,Indonesia
Rutaceae,Melicope hookeri,T.G.Hartley,Indonesia
Rutaceae,Melicope incana,T.G.Hartley,Indonesia
Rutaceae,Melicope latifolia,(DC.) T.G.Hartley,Indonesia
Rutaceae,Melicope lunu-ankenda,T.G.Hartley,Indonesia
Rutaceae,Melicope macrocarpa,(King) T.G.Hartley,Indonesia
Rutaceae,Melicope triphylla,(Lam.) Merr.,Indonesia
Rutaceae,Melicope vitiflora,(F.Muell.) T.G.Hartley,Indonesia
Rutaceae,Merope angulata,Swingle,Indonesia
Rutaceae,Merrillia caloxylon,(Ridl.) Swingle,Indonesia
Rutaceae,Micromelum minutum,(G.Forst.) Wight & Arn.,Indonesia
Rutaceae,Murraya lucida,(G.Forst.) Mabb.,Indonesia
Rutaceae,Murraya paniculata,(L.) Jack,Indonesia
Rutaceae,Pleiospermium littorale,(Miq.) Tanaka,Indonesia
Rutaceae,Severinia lauterbachii,Swingle,Indonesia
Rutaceae,Tetractomia kostermansii,T.G.Hartley,Indonesia
Rutaceae,Tetractomia tetrandra,(Roxb.) Merr.,Indonesia
Rutaceae,Tetradium glabrifolium,(Champ. ex Benth.) T.G.Hartley,Indonesia
Rutaceae,Tetradium sambucinum,(Blume) T.G.Hartley,Indonesia
Rutaceae,Zanthoxylum acanthopodium,DC.,Indonesia
Rutaceae,Zanthoxylum armatum,DC.,Indonesia
Rutaceae,Zanthoxylum avicennae,(Lam.) DC.,Indonesia
Rutaceae,Zanthoxylum myriacanthum,Wall. ex Hook.f.,Indonesia
Rutaceae,Zanthoxylum nitidum,(Roxb.) DC.,Indonesia
Rutaceae,Zanthoxylum ovalifolium,Tutcher,Indonesia
Rutaceae,Zanthoxylum rhetsa,(Roxb.) DC.,Indonesia
Rutaceae,Zanthoxylum vinkii,T.G.Hartley,Indonesia
Sabiaceae,Meliosma arnottiana,(Wight) Walp.,Indonesia
Sabiaceae,Meliosma lanceolata,Blume,Indonesia
Sabiaceae,Meliosma lepidota,Blume,Indonesia
Sabiaceae,Meliosma sumatrana,Walp.,Indonesia
Salicaceae,Bennettiodendron leprosipes,(Clos) Merr.,Indonesia
Salicaceae,Casearia archboldiana,Sleumer,Indonesia
Salicaceae,Casearia auriculata,Sleumer,Indonesia
Salicaceae,Casearia calva,Craib,Indonesia
Salicaceae,Casearia capitellata,Blume,Indonesia
Salicaceae,Casearia clutiifolia,Blume,Indonesia
Salicaceae,Casearia cuspidata,Blume,Indonesia
Salicaceae,Casearia elliptifolia,Merr.,Indonesia
Salicaceae,Casearia flavovirens,Blume,Indonesia
Salicaceae,Casearia gigantifolia,Slooten,Indonesia
Salicaceae,Casearia glabra,Roxb.,Indonesia
Salicaceae,Casearia grewiifolia,Vent.,Indonesia
Salicaceae,Casearia halmaherensis,Slooten,Indonesia
Salicaceae,Casearia hosei,Merr.,Indonesia
Salicaceae,Casearia kostermansii,Sleumer,Indonesia
Salicaceae,Casearia lobbiana,Turcz.,Indonesia
Salicaceae,Casearia novoguineensis,Valeton,Indonesia
Salicaceae,Casearia ripicola,Sleumer,Indonesia
Salicaceae,Casearia rugulosa,Blume,Indonesia
Salicaceae,Casearia tuberculata,Blume,Indonesia
Salicaceae,Casearia velutina,Blume,Indonesia
Salicaceae,Flacourtia indica,(Burm.f.) Merr.,Indonesia
Salicaceae,Flacourtia inermis,Roxb.,Indonesia
Salicaceae,Flacourtia rukam,Zoll. & Moritzi,Indonesia
Salicaceae,Flacourtia tomentella,Miq.,Indonesia
Salicaceae,Flacourtia zippelii,Slooten,Indonesia
Salicaceae,Hemiscolopia trimera,Slooten,Indonesia
Salicaceae,Homalium caput-avis,Craven,Indonesia
Salicaceae,Homalium caryophyllaceum,(Zoll. & Moritzi) Benth.,Indonesia
Salicaceae,Homalium celebicum,Koord.,Indonesia
Salicaceae,Homalium foetidum,(Roxb.) Benth.,Indonesia
Salicaceae,Homalium grandiflorum,Benth.,Indonesia
Salicaceae,Homalium minahassae,Koord.,Indonesia
Salicaceae,Homalium tomentosum,(Vent.) Benth.,Indonesia
Salicaceae,Itoa stapfii,(Koord.) Sleumer,Indonesia
Salicaceae,Osmelia grandistipulata,Slooten,Indonesia
Salicaceae,Osmelia maingayi,King,Indonesia
Salicaceae,Osmelia philippina,(Turcz.) Fern.-Vill.,Indonesia
Salicaceae,Salix tetrasperma,Roxb.,Indonesia
Salicaceae,Scolopia macrophylla,(Wight & Arn.) Clos,Indonesia
Salicaceae,Scolopia spinosa,(Roxb.) Warb.,Indonesia
Salicaceae,Scyphostegia borneensis,Stapf,Indonesia
Salicaceae,Xylosma sumatrana,Slooten,Indonesia
Santalaceae,Exocarpos latifolius,R.Br.,Indonesia
Santalaceae,Santalum album,L.,Indonesia
Santalaceae,Scleropyrum maingayi,Hook.f.,Indonesia
Sapindaceae,Acer laurinum,Hassk.,Indonesia
Sapindaceae,Alectryon cardiocarpus,Leenh.,Indonesia
Sapindaceae,Alectryon ferrugineus,(Blume) Radlk.,Indonesia
Sapindaceae,Alectryon glaber,(Blume) Radlk.,Indonesia
Sapindaceae,Alectryon kangeanensis,Leenh.,Indonesia
Sapindaceae,Alectryon myrmecophilus,Leenh.,Indonesia
Sapindaceae,Allophylus bartlettii,Merr.,Indonesia
Sapindaceae,Allophylus javensis,Blume,Indonesia
Sapindaceae,Allophylus leptococcus,Radlk.,Indonesia
Sapindaceae,Amesiodendron chinense,(Merr.) Hu,Indonesia
Sapindaceae,Arytera litoralis,Blume,Indonesia
Sapindaceae,Atalaya salicifolia,(DC.) Blume,Indonesia
Sapindaceae,Cubilia cubili,(Blanco) Adelb.,Indonesia
Sapindaceae,Cupaniopsis anacardioides,(A.Rich.) Radlk.,Indonesia
Sapindaceae,Cupaniopsis celebica,Adema,Indonesia
Sapindaceae,Cupaniopsis platycarpa,Radlk.,Indonesia
Sapindaceae,Cupaniopsis stenopetala,Radlk.,Indonesia
Sapindaceae,Cupaniopsis strigosa,Adema,Indonesia
Sapindaceae,Dictyoneura acuminata,Blume,Indonesia
Sapindaceae,Dictyoneura obtusa,Blume,Indonesia
Sapindaceae,Dimocarpus dentatus,Meijer ex Leenh.,Indonesia
Sapindaceae,Dimocarpus fumatus,(Blume) Leenh.,Indonesia
Sapindaceae,Dimocarpus longan,Lour.,Indonesia
Sapindaceae,Dodonaea viscosa,(L.) Jacq.,Indonesia
Sapindaceae,Elattostachys erythrocarpa,Adema,Indonesia
Sapindaceae,Elattostachys obliquinervis,Radlk.,Indonesia
Sapindaceae,Elattostachys verrucosa,(Blume) Radlk.,Indonesia
Sapindaceae,Elattostachys zippeliana,(Blume) Radlk.,Indonesia
Sapindaceae,Euphorianthus euneurus,(Miq.) Leenh.,Indonesia
Sapindaceae,Ganophyllum falcatum,Blume,Indonesia
Sapindaceae,Glenniea thorelii,(Pierre) Leenh.,Indonesia
Sapindaceae,Guioa acutifolia,Radlk.,Indonesia
Sapindaceae,Guioa amabilis,Kaneh. & Hatus.,Indonesia
Sapindaceae,Guioa asquamosa,Welzen,Indonesia
Sapindaceae,Guioa bijuga,(Hiern) Radlk.,Indonesia
Sapindaceae,Guioa diplopetala,(Hassk.) Radlk.,Indonesia
Sapindaceae,Guioa hirsuta,Welzen,Indonesia
Sapindaceae,Guioa malukuensis,Welzen,Indonesia
Sapindaceae,Guioa melanopoda,Merr. & L.M.Perry,Indonesia
Sapindaceae,Guioa membranifolia,Radlk.,Indonesia
Sapindaceae,Guioa multijuga,Welzen,Indonesia
Sapindaceae,Guioa oligotricha,Merr. & L.M.Perry,Indonesia
Sapindaceae,Guioa patentinervis,Radlk.,Indonesia
Sapindaceae,Guioa pauciflora,Radlk.,Indonesia
Sapindaceae,Guioa pleuropteris,(Blume) Radlk.,Indonesia
Sapindaceae,Guioa pteropoda,Radlk.,Indonesia
Sapindaceae,Guioa pterorhachis,Welzen,Indonesia
Sapindaceae,Guioa pubescens,(Zoll. & Moritzi) Radlk.,Indonesia
Sapindaceae,Guioa venusta,Radlk.,Indonesia
Sapindaceae,Guioa waigeoensis,Welzen,Indonesia
Sapindaceae,Harpullia arborea,(Blanco) Radlk.,Indonesia
Sapindaceae,Harpullia cauliflora,K.Schum. & Lauterb.,Indonesia
Sapindaceae,Harpullia cupanioides,Roxb.,Indonesia
Sapindaceae,Harpullia hirsuta,Radlk.,Indonesia
Sapindaceae,Harpullia oococca,Radlk.,Indonesia
Sapindaceae,Harpullia petiolaris,Radlk.,Indonesia
Sapindaceae,Harpullia ramiflora,Radlk.,Indonesia
Sapindaceae,Jagera javanica,(Blume) Kalkman,Indonesia
Sapindaceae,Lepiderema papuana,Radlk.,Indonesia
Sapindaceae,Lepidopetalum subdichotomum,Radlk.,Indonesia
Sapindaceae,Lepisanthes amoena,(Hassk.) Leenh.,Indonesia
Sapindaceae,Lepisanthes divaricata,(Radlk.) Leenh.,Indonesia
Sapindaceae,Lepisanthes falcata,(Radlk.) Leenh.,Indonesia
Sapindaceae,Lepisanthes ferruginea,(Radlk.) Leenh.,Indonesia
Sapindaceae,Lepisanthes fruticosa,(Roxb.) Leenh.,Indonesia
Sapindaceae,Lepisanthes rubiginosa,(Roxb.) Leenh.,Indonesia
Sapindaceae,Lepisanthes tetraphylla,(Vahl) Radlk.,Indonesia
Sapindaceae,Mischarytera macrobotrys,(Merr. & L.M. Perry) H. Turner,Indonesia
Sapindaceae,Mischocarpus pentapetalus,(Roxb.) Radlk.,Indonesia
Sapindaceae,Mischocarpus sundaicus,Blume,Indonesia
Sapindaceae,Nephelium cuspidatum,Blume,Indonesia
Sapindaceae,Nephelium daedaleum,Radlk.,Indonesia
Sapindaceae,Nephelium havilandii,Leenh.,Indonesia
Sapindaceae,Nephelium juglandifolium,Blume,Indonesia
Sapindaceae,Nephelium lappaceum,L.,Indonesia
Sapindaceae,Nephelium laurinum,Blume,Indonesia
Sapindaceae,Nephelium macrophyllum,Radlk.,Indonesia
Sapindaceae,Nephelium maingayi,Hiern,Indonesia
Sapindaceae,Nephelium meduseum,Leenh.,Indonesia
Sapindaceae,Nephelium ramboutan-ake,(Labill.) Leenh.,Indonesia
Sapindaceae,Nephelium reticulatum,Radlk.,Indonesia
Sapindaceae,Nephelium subfalcatum,Radlk.,Indonesia
Sapindaceae,Nephelium uncinatum,Radlk. ex Leenh.,Indonesia
Sapindaceae,Paranephelium joannis,Davids,Indonesia
Sapindaceae,Paranephelium xestophyllum,Miq.,Indonesia
Sapindaceae,Pometia pinnata,J.R.Forst. & G.Forst.,Indonesia
Sapindaceae,Pometia ridleyi,King,Indonesia
Sapindaceae,Rhysotoechia koordersii,Radlk.,Indonesia
Sapindaceae,Rhysotoechia ramiflora,Radlk.,Indonesia
Sapindaceae,Sapindus rarak,DC.,Indonesia
Sapindaceae,Schleichera oleosa,(Lour.) Oken,Indonesia
Sapindaceae,Synima cordieri,(F.Muell.) Radlk.,Indonesia
Sapindaceae,Trigonachras acuta,Radlk.,Indonesia
Sapindaceae,Tristiropsis acutangula,Radlk.,Indonesia
Sapindaceae,Tristiropsis ferruginea,Leenh.,Indonesia
Sapindaceae,Xerospermum laevigatum,Radlk.,Indonesia
Sapindaceae,Xerospermum noronhianum,(Blume) Blume,Indonesia
Sapotaceae,Aulandra longifolia,H.J.Lam,Indonesia
Sapotaceae,Burckella macropoda,(K.Krause) H.J.Lam,Indonesia
Sapotaceae,Burckella magusum,P.Royen,Indonesia
Sapotaceae,Burckella obovata,(G.Forst.) Pierre,Indonesia
Sapotaceae,Burckella polymera,P.Royen,Indonesia
Sapotaceae,Burckella poolei,H.J.Lam,Indonesia
Sapotaceae,Chrysophyllum novoguineense,Vink,Indonesia
Sapotaceae,Diploknema oligomera,H.J.Lam,Indonesia
Sapotaceae,Diploknema sebifera,Pierre,Indonesia
Sapotaceae,Donella lanceolata,(Blume) Aubrév.,Indonesia
Sapotaceae,Isonandra borneensis,H.J.Lam,Indonesia
Sapotaceae,Madhuca aspera,H.J.Lam,Indonesia
Sapotaceae,Madhuca betis,(Blanco) J.F.Macbr.,Indonesia
Sapotaceae,Madhuca boerlageana,(Burck) Baehni,Indonesia
Sapotaceae,Madhuca borneensis,P.Royen,Indonesia
Sapotaceae,Madhuca brochidodroma,T.D.Penn.,Indonesia
Sapotaceae,Madhuca burckiana,(Koord.) H.J.Lam,Indonesia
Sapotaceae,Madhuca cheongiana,Yii & P.Chai,Indonesia
Sapotaceae,Madhuca costulata,(Pierre ex Dubard) H.J.Lam,Indonesia
Sapotaceae,Madhuca crassipes,(Pierre ex Becc.) H.J.Lam,Indonesia
Sapotaceae,Madhuca cuneata,(Blume) J.F.Macbr.,Indonesia
Sapotaceae,Madhuca curtisii,(King & Gamble) Ridl.,Indonesia
Sapotaceae,Madhuca daemonica,(Assem) Yii & P.Chai,Indonesia
Sapotaceae,Madhuca dubardii,H.J.Lam,Indonesia
Sapotaceae,Madhuca endertii,H.J.Lam,Indonesia
Sapotaceae,Madhuca erythrophylla,(King & Gamble) H.J.Lam,Indonesia
Sapotaceae,Madhuca glabrescens,H.J.Lam,Indonesia
Sapotaceae,Madhuca heynei,H.J.Lam,Indonesia
Sapotaceae,Madhuca hirtiflora,(Ridl.) H.J.Lam,Indonesia
Sapotaceae,Madhuca kingiana,(Brace ex King & Gamble) H.J.Lam,Indonesia
Sapotaceae,Madhuca korthalsii,(Pierre ex Burck) H.J.Lam,Indonesia
Sapotaceae,Madhuca kunstleri,(Brace ex King & Gamble) H.J.Lam,Indonesia
Sapotaceae,Madhuca lanuginosa,Ridl.,Indonesia
Sapotaceae,Madhuca laurifolia,(King & Gamble) H.J.Lam,Indonesia
Sapotaceae,Madhuca leucodermis,(K.Krause) H.J.Lam,Indonesia
Sapotaceae,Madhuca ligulata,(H.J.Lam) H.J.Lam,Indonesia
Sapotaceae,Madhuca macrophylla,(Hassk.) H.J.Lam,Indonesia
Sapotaceae,Madhuca magnifolia,(King ex S.Moore) S.Moore,Indonesia
Sapotaceae,Madhuca malaccensis,(C.B.Clarke) H.J.Lam,Indonesia
Sapotaceae,Madhuca mindanaensis,(Merr.) Merr.,Indonesia
Sapotaceae,Madhuca motleyana,(de Vriese) J.F.Macbr.,Indonesia
Sapotaceae,Madhuca ovata,H.J.Lam,Indonesia
Sapotaceae,Madhuca palembanica,(Miq.) Forman,Indonesia
Sapotaceae,Madhuca pallida,(Burck) Baehni,Indonesia
Sapotaceae,Madhuca sandakanensis,P.Royen,Indonesia
Sapotaceae,Madhuca sericea,(Miq.) S.Moore,Indonesia
Sapotaceae,Madhuca sessilis,(King & Gamble) Baehni,Indonesia
Sapotaceae,Madhuca spectabilis,P.Royen,Indonesia
Sapotaceae,Madhuca stylosa,H.J.Lam,Indonesia
Sapotaceae,Madhuca utilis,(Ridl.) H.J.Lam,Indonesia
Sapotaceae,Madhuca vulcanica,(Ridl.) P.Royen,Indonesia
Sapotaceae,Manilkara celebica,H.J.Lam,Indonesia
Sapotaceae,Manilkara fasciculata,(Warb.) H.J.Lam & Maas Geest.,Indonesia
Sapotaceae,Manilkara kanosiensis,H.J.Lam & B.Meeuse,Indonesia
Sapotaceae,Manilkara kauki,(L.) Dubard,Indonesia
Sapotaceae,Mimusops elengi,L.,Indonesia
Sapotaceae,Palaquium amboinense,Burck,Indonesia
Sapotaceae,Palaquium bataanense,Merr.,Indonesia
Sapotaceae,Palaquium beccarianum,(Pierre) P.Royen,Indonesia
Sapotaceae,Palaquium burckii,H.J.Lam,Indonesia
Sapotaceae,Palaquium calophyllum,(Teijsm. & Binn.) Pierre ex Burck,Indonesia
Sapotaceae,Palaquium clarkeanum,King & Gamble,Indonesia
Sapotaceae,Palaquium cochleariifolium,P.Royen,Indonesia
Sapotaceae,Palaquium confertum,H.J.Lam,Indonesia
Sapotaceae,Palaquium cryptocariifolium,P.Royen,Indonesia
Sapotaceae,Palaquium dasyphyllum,Pierre ex Dubard,Indonesia
Sapotaceae,Palaquium decurrens,H.J.Lam,Indonesia
Sapotaceae,Palaquium eriocalyx,H.J.Lam,Indonesia
Sapotaceae,Palaquium gutta,(Hook.) Baill.,Indonesia
Sapotaceae,Palaquium hexandrum,(Griff.) Baill.,Indonesia
Sapotaceae,Palaquium hispidum,H.J.Lam,Indonesia
Sapotaceae,Palaquium leiocarpum,Boerl.,Indonesia
Sapotaceae,Palaquium lobbianum,Burck,Indonesia
Sapotaceae,Palaquium luzoniense,(Fern.-Vill.) Vidal,Indonesia
Sapotaceae,Palaquium macrocarpum,Burck,Indonesia
Sapotaceae,Palaquium majas,H.J.Lam,Indonesia
Sapotaceae,Palaquium maliliense,P.Royen,Indonesia
Sapotaceae,Palaquium microphyllum,King & Gamble,Indonesia
Sapotaceae,Palaquium njatoh,Burck,Indonesia
Sapotaceae,Palaquium obovatum,(Griff.) Engl.,Indonesia
Sapotaceae,Palaquium obtusifolium,Burck,Indonesia
Sapotaceae,Palaquium oleosum,Burck,Indonesia
Sapotaceae,Palaquium ottolanderi,Koord. & Valeton,Indonesia
Sapotaceae,Palaquium pierrei,Burck,Indonesia
Sapotaceae,Palaquium pseudocalophyllum,H.J.Lam,Indonesia
Sapotaceae,Palaquium pseudocuneatum,H.J.Lam,Indonesia
Sapotaceae,Palaquium pseudorostratum,H.J.Lam,Indonesia
Sapotaceae,Palaquium quercifolium,(de Vriese) Burck,Indonesia
Sapotaceae,Palaquium ridleyi,King & Gamble,Indonesia
Sapotaceae,Palaquium rigidum,Pierre ex Dubard,Indonesia
Sapotaceae,Palaquium rioense,H.J.Lam,Indonesia
Sapotaceae,Palaquium rivulare,H.J.Lam,Indonesia
Sapotaceae,Palaquium rostratum,(Miq.) Burck,Indonesia
Sapotaceae,Palaquium semaram,H.J.Lam,Indonesia
Sapotaceae,Palaquium sericeum,H.J.Lam,Indonesia
Sapotaceae,Palaquium stellatum,King & Gamble,Indonesia
Sapotaceae,Palaquium sumatranum,Burck,Indonesia
Sapotaceae,Palaquium supfianum,Schltr.,Indonesia
Sapotaceae,Palaquium tjipetirense,H.J.Lam,Indonesia
Sapotaceae,Palaquium vexillatum,P.Royen,Indonesia
Sapotaceae,Palaquium walsurifolium,Pierre ex Dubard,Indonesia
Sapotaceae,Palaquium warburgianum,Schltr. ex K.Krause,Indonesia
Sapotaceae,Palaquium xanthochymum,(de Vriese) Pierre ex Burck,Indonesia
Sapotaceae,Payena acuminata,(Blume) Pierre,Indonesia
Sapotaceae,Payena asiatica,Chantar.,Indonesia
Sapotaceae,Payena dantung,H.J.Lam,Indonesia
Sapotaceae,Payena dasyphylla,(Miq.) Pierre,Indonesia
Sapotaceae,Payena endertii,H.J.Lam,Indonesia
Sapotaceae,Payena ferruginea,J.T.Pereira,Indonesia
Sapotaceae,Payena leerii,(Teijsm. & Binn.) Kurz,Indonesia
Sapotaceae,Payena lucida,A.DC.,Indonesia
Sapotaceae,Payena microphylla,(de Vriese) Burck,Indonesia
Sapotaceae,Payena obscura,Burck,Indonesia
Sapotaceae,Payena pseudoterminalis,H.J.Lam,Indonesia
Sapotaceae,Pichonia lauterbachiana,(H.J.Lam) T.D.Penn.,Indonesia
Sapotaceae,Pichonia occidentalis,(H.J.Lam) Aubrév.,Indonesia
Sapotaceae,Pichonia rhopalocarpa,(P.Royen) Swenson,Indonesia
Sapotaceae,Planchonella chartacea,(F.Muell. ex Benth.) H.J.Lam,Indonesia
Sapotaceae,Planchonella cyclopensis,P.Royen,Indonesia
Sapotaceae,Planchonella duclitan,(Blanco) Bakh.f.,Indonesia
Sapotaceae,Planchonella forbesii,(S.Moore) H.J.Lam,Indonesia
Sapotaceae,Planchonella garcinioides,(K.Krause) Swenson,Indonesia
Sapotaceae,Planchonella keyensis,H.J.Lam,Indonesia
Sapotaceae,Planchonella lamii,P.Royen,Indonesia
Sapotaceae,Planchonella maclayana,(F.Muell.) Swenson,Indonesia
Sapotaceae,Planchonella macrantha,(Merr.) Swenson,Indonesia
Sapotaceae,Planchonella maingayi,(C.B.Clarke) P.Royen,Indonesia
Sapotaceae,Planchonella malaccensis,(C.B.Clarke) Swenson,Indonesia
Sapotaceae,Planchonella menait,(Vink) Swenson,Indonesia
Sapotaceae,Planchonella mindanaensis,H.J.Lam,Indonesia
Sapotaceae,Planchonella myrsinodendron,"(F.Muell.) Swenson, Bartish & Munzinger",Indonesia
Sapotaceae,Planchonella obovata,(R.Br.) Pierre,Indonesia
Sapotaceae,Planchonella paucinervia,(Erlee) Swenson,Indonesia
Sapotaceae,Planchonella petaloides,H.J.Lam,Indonesia
Sapotaceae,Planchonella pomifera,(Pierre ex Baill.) Dubard,Indonesia
Sapotaceae,Planchonella spectabilis,(Miq.) Dubard,Indonesia
Sapotaceae,Planchonella sussu,(Engl.) H.J.Lam,Indonesia
Sapotaceae,Planchonella thyrsoidea,C.T.White,Indonesia
Sapotaceae,Planchonella torricellensis,(K.Schum.) H.J.Lam,Indonesia
Sapotaceae,Planchonella vrieseana,(Pierre ex Burck) Dubard,Indonesia
Sapotaceae,Pleioluma densinervia,(K.Krause) Swenson,Indonesia
Sapotaceae,Pleioluma dies-reginae,(P.Royen) Swenson,Indonesia
Sapotaceae,Pleioluma firma,(Miq.) Swenson,Indonesia
Sapotaceae,Pleioluma lanatifolia,(P.Royen) Swenson,Indonesia
Sapotaceae,Pleioluma ledermannii,(K.Krause) Swenson,Indonesia
Sapotaceae,Pleioluma macropoda,(H.J.Lam) Swenson,Indonesia
Sapotaceae,Pleioluma moluccana,(Burck) Swenson,Indonesia
Sapotaceae,Pleioluma monticola,(K.Krause) Swenson,Indonesia
Sapotaceae,Pleioluma wandae,(Vink) Swenson,Indonesia
Sapotaceae,Pouteria celebica,Erlee,Indonesia
Sapotaceae,Pouteria lucida,(H.J.Lam) Baehni,Indonesia
Sapotaceae,Pouteria oxyedra,(Miq.) Baehni,Indonesia
Sapotaceae,Sarcosperma paniculatum,(King) Stapf & King,Indonesia
Sapotaceae,Sarcosperma uittienii,H.J.Lam,Indonesia
Sapotaceae,Sersalisia luzoniensis,(Merr.) Swenson,Indonesia
Schisandraceae,Illicium stapfii,Merr.,Indonesia
Schisandraceae,Illicium sumatranum,A.C.Sm.,Indonesia
Schoepfiaceae,Schoepfia fragrans,Wall.,Indonesia
Scrophulariaceae,Buddleja asiatica,Lour.,Indonesia
Scrophulariaceae,Myoporum montanum,R.Br.,Indonesia
Simaroubaceae,Ailanthus integrifolia,Lam.,Indonesia
Simaroubaceae,Brucea javanica,(L.) Merr.,Indonesia
Simaroubaceae,Eurycoma apiculata,A.W.Benn.,Indonesia
Simaroubaceae,Eurycoma longifolia,Jack,Indonesia
Simaroubaceae,Picrasma javanica,Blume,Indonesia
Simaroubaceae,Quassia indica,(Gaertn.) Noot.,Indonesia
Simaroubaceae,Simaba borneensis,(Noot.) Feuillet,Indonesia
Staphyleaceae,Dalrympelea borneensis,(Merr. & L.M.Perry) Nor-Ezzaw.,Indonesia
Staphyleaceae,Dalrympelea grandis,(B.L.Linden) Nor-Ezzaw.,Indonesia
Staphyleaceae,Dalrympelea sphaerocarpa,(Hassk.) Nor-Ezzaw.,Indonesia
Staphyleaceae,Turpinia montana,(Blume) Kurz,Indonesia
Staphyleaceae,Turpinia pentandra,(Schltr.) B.L.Linden,Indonesia
Staphyleaceae,Turpinia simplicifolia,Merr.,Indonesia
Stemonuraceae,Cantleya corniculata,(Becc.) R.A.Howard,Indonesia
Stemonuraceae,Gomphandra australiana,F.Muell.,Indonesia
Stemonuraceae,Gomphandra capitulata,(Jungh. & de Vriese) Becc.,Indonesia
Stemonuraceae,Gomphandra cumingiana,(Miers) Fern.-Vill.,Indonesia
Stemonuraceae,Gomphandra dolichocarpa,Merr.,Indonesia
Stemonuraceae,Gomphandra javanica,(Blume) Valeton,Indonesia
Stemonuraceae,Gomphandra mappioides,Valeton,Indonesia
Stemonuraceae,Gomphandra papuana,(Becc.) Sleumer,Indonesia
Stemonuraceae,Gomphandra parviflora,(Blume) Valeton,Indonesia
Stemonuraceae,Gomphandra pseudojavanica,Sleumer,Indonesia
Stemonuraceae,Gomphandra quadrifida,(Blume) Sleumer,Indonesia
Stemonuraceae,Gomphandra sawiensis,(Birnie) Sleumer,Indonesia
Stemonuraceae,Gomphandra simularensis,Sleumer,Indonesia
Stemonuraceae,Gomphandra subrostrata,Merr.,Indonesia
Stemonuraceae,Gomphandra velutina,Sleumer,Indonesia
Stemonuraceae,Hartleya inopinata,Sleumer,Indonesia
Stemonuraceae,Medusanthera gracilis,(King) Sleumer,Indonesia
Stemonuraceae,Medusanthera inaequalis,Utteridge,Indonesia
Stemonuraceae,Medusanthera laxiflora,(Miers) R.A.Howard,Indonesia
Stemonuraceae,Medusanthera megistocarpa,Utteridge,Indonesia
Stemonuraceae,Stemonurus celebicus,Valeton,Indonesia
Stemonuraceae,Stemonurus scorpioides,Becc.,Indonesia
Stemonuraceae,Stemonurus secundiflorus,Blume,Indonesia
Stemonuraceae,Stemonurus umbellatus,Becc.,Indonesia
Styracaceae,Bruinsmia styracoides,Boerl. & Koord.,Indonesia
Styracaceae,Styrax agrestis,(Lour.) G.Don,Indonesia
Styracaceae,Styrax paralleloneurus,Perkins,Indonesia
Styracaceae,Styrax ridleyanus,Perkins,Indonesia
Symplocaceae,Symplocos acuminata,(Blume) Miq.,Indonesia
Symplocaceae,Symplocos adenophylla,Wall. ex G. Don,Indonesia
Symplocaceae,Symplocos anomala,Brand,Indonesia
Symplocaceae,Symplocos borneensis,Brand,Indonesia
Symplocaceae,Symplocos celastrifolia,Griff. ex C.B.Clarke,Indonesia
Symplocaceae,Symplocos cerasifolia,Wall.,Indonesia
Symplocaceae,Symplocos cochinchinensis,(Lour.) S.Moore,Indonesia
Symplocaceae,Symplocos costata,Choisy ex Zoll.,Indonesia
Symplocaceae,Symplocos crassipes,C.B.Clarke,Indonesia
Symplocaceae,Symplocos fasciculata,Zoll.,Indonesia
Symplocaceae,Symplocos goodeniacea,Noot.,Indonesia
Symplocaceae,Symplocos henschelii,(Moritzi) Benth. ex C.B.Clarke,Indonesia
Symplocaceae,Symplocos iliaspaiensis,Noot.,Indonesia
Symplocaceae,Symplocos junghuhnii,Koord.,Indonesia
Symplocaceae,Symplocos laeteviridis,Stapf,Indonesia
Symplocaceae,Symplocos lucida,(Thunb.) Siebold & Zucc.,Indonesia
Symplocaceae,Symplocos odoratissima,Choisy ex Zoll.,Indonesia
Symplocaceae,Symplocos ophirensis,C.B.Clarke,Indonesia
Symplocaceae,Symplocos pendula,Wight,Indonesia
Symplocaceae,Symplocos polyandra,Brand,Indonesia
Symplocaceae,Symplocos rubiginosa,Wall.,Indonesia
Symplocaceae,Symplocos sumatrana,Brand,Indonesia
Symplocaceae,Symplocos tricoccata,Noot.,Indonesia
Taxaceae,Taxus wallichiana,Zucc.,Indonesia
Tetramelaceae,Octomeles sumatrana,Miq.,Indonesia
Tetramelaceae,Tetrameles nudiflora,R.Br.,Indonesia
Tetrameristaceae,Tetramerista glabra,Miq.,Indonesia
Theaceae,Camellia lanceolata,(Blume) Seem.,Indonesia
Theaceae,Polyspora amboinensis,"(Miq.) Orel, Peter G.Wilson, Curry & Luu",Indonesia
Theaceae,Polyspora borneensis,"(H.Keng) Orel, Peter G.Wilson, Curry & Luu",Indonesia
Theaceae,Polyspora excelsa,"(Blume) Orel, Peter G.Wilson, Curry & Luu",Indonesia
Theaceae,Polyspora havilandii,"(Burkill) Orel, Peter G.Wilson, Curry & Luu",Indonesia
Theaceae,Polyspora integerrima,"(Miq.) Orel, Peter G.Wilson, Curry & Luu",Indonesia
Theaceae,Polyspora marginata,"(Korth.) Orel, Peter G.Wilson, Curry & Luu",Indonesia
Theaceae,Polyspora oblongifolia,"(Miq.) Orel, Peter G.Wilson, Curry & Luu",Indonesia
Theaceae,Polyspora ovalis,(Korth.) Niissalo & L.M.Choo,Indonesia
Theaceae,Polyspora papuana,"(Kobuski) Orel, Peter G.Wilson, Curry & Luu",Indonesia
Theaceae,Polyspora vulcanica,"(Korth.) Orel, Peter G.Wilson, Curry & Luu",Indonesia
Theaceae,Pyrenaria acuminata,Planch. ex Choisy,Indonesia
Theaceae,Pyrenaria serrata,Blume,Indonesia
Theaceae,Pyrenaria tawauensis,H.Keng,Indonesia
Theaceae,Pyrenaria villosula,Miq.,Indonesia
Theaceae,Schima crenata,Korth.,Indonesia
Theaceae,Schima noronhae,Reinw. ex Blume,Indonesia
Theaceae,Schima wallichii,(DC.) Korth.,Indonesia
Thymelaeaceae,Aetoxylon sympetalum,(Steenis & Domke) Airy Shaw,Indonesia
Thymelaeaceae,Amyxa pluricornis,(Radlk.) Domke,Indonesia
Thymelaeaceae,Aquilaria beccariana,Tiegh.,Indonesia
Thymelaeaceae,Aquilaria cumingiana,(Decne.) Ridl.,Indonesia
Thymelaeaceae,Aquilaria filaria,(Oken) Merr.,Indonesia
Thymelaeaceae,Aquilaria hirta,Ridl.,Indonesia
Thymelaeaceae,Aquilaria malaccensis,Lam.,Indonesia
Thymelaeaceae,Aquilaria microcarpa,Baill.,Indonesia
Thymelaeaceae,Eriosolena composita,(L.f.) Merr.,Indonesia
Thymelaeaceae,Gonystylus acuminatus,Airy Shaw,Indonesia
Thymelaeaceae,Gonystylus affinis,Radlk.,Indonesia
Thymelaeaceae,Gonystylus areolatus,Domke ex Airy Shaw,Indonesia
Thymelaeaceae,Gonystylus bancanus,(Miq.) Kurz,Indonesia
Thymelaeaceae,Gonystylus borneensis,(Tiegh.) Gilg,Indonesia
Thymelaeaceae,Gonystylus brunnescens,Airy Shaw,Indonesia
Thymelaeaceae,Gonystylus confusus,Airy Shaw,Indonesia
Thymelaeaceae,Gonystylus consanguineus,Airy Shaw,Indonesia
Thymelaeaceae,Gonystylus costalis,Airy Shaw,Indonesia
Thymelaeaceae,Gonystylus forbesii,Gilg,Indonesia
Thymelaeaceae,Gonystylus glaucescens,Airy Shaw,Indonesia
Thymelaeaceae,Gonystylus keithii,Airy Shaw,Indonesia
Thymelaeaceae,Gonystylus macrophyllus,(Miq.) Airy Shaw,Indonesia
Thymelaeaceae,Gonystylus maingayi,Hook.f.,Indonesia
Thymelaeaceae,Gonystylus micranthus,Airy Shaw,Indonesia
Thymelaeaceae,Gonystylus reticulatus,(Elmer) Merr.,Indonesia
Thymelaeaceae,Gonystylus spectabilis,Airy Shaw,Indonesia
Thymelaeaceae,Gonystylus velutinus,Airy Shaw,Indonesia
Thymelaeaceae,Gonystylus xylocarpus,Airy Shaw,Indonesia
Thymelaeaceae,Gyrinops caudata,(Gilg) Domke,Indonesia
Thymelaeaceae,Gyrinops decipiens,Ding Hou,Indonesia
Thymelaeaceae,Gyrinops ledermannii,Domke,Indonesia
Thymelaeaceae,Gyrinops moluccana,(Miq.) Baill.,Indonesia
Thymelaeaceae,Gyrinops podocarpa,(Gilg) Domke,Indonesia
Thymelaeaceae,Gyrinops salicifolia,Ridl.,Indonesia
Thymelaeaceae,Gyrinops versteegii,(Gilg) Domke,Indonesia
Thymelaeaceae,Phaleria capitata,Jack,Indonesia
Thymelaeaceae,Phaleria macrocarpa,(Scheff.) Boerl.,Indonesia
Thymelaeaceae,Phaleria octandra,(L.) Baill.,Indonesia
Thymelaeaceae,Phaleria perrottetiana,(Decne.) Fern.-Vill.,Indonesia
Thymelaeaceae,Phaleria sogerensis,S. Moore,Indonesia
Thymelaeaceae,Wikstroemia androsaemifolia,Decne.,Indonesia
Thymelaeaceae,Wikstroemia tenuiramis,Miq.,Indonesia
Torricelliaceae,Aralidium pinnatifidum,(Jungh. & de Vriese) Miq.,Indonesia
Trimeniaceae,Trimenia papuana,Ridl.,Indonesia
Urticaceae,Astrothalamus reticulatus,(Wedd.) C.B.Rob.,Indonesia
Urticaceae,Boehmeria depauperata,Wedd.,Indonesia
Urticaceae,Boehmeria multiflora,C.B.Rob.,Indonesia
Urticaceae,Boehmeria pilosiuscula,(Blume) Hassk.,Indonesia
Urticaceae,Boehmeria virgata,(G.Forst.) Guill.,Indonesia
Urticaceae,Boehmeria zollingeriana,Wedd.,Indonesia
Urticaceae,Cypholophus decipiens,H.J.P.Winkl.,Indonesia
Urticaceae,Cypholophus lutescens,(Blume) Wedd.,Indonesia
Urticaceae,Cypholophus macrocephalus,(Blume) Wedd.,Indonesia
Urticaceae,Debregeasia longifolia,(Burm.f.) Wedd.,Indonesia
Urticaceae,Dendrocnide amplissima,(Blume) Chew,Indonesia
Urticaceae,Dendrocnide carriana,Chew,Indonesia
Urticaceae,Dendrocnide celebica,Chew,Indonesia
Urticaceae,Dendrocnide cordata,(Warb. ex H.Winkl.) Chew,Indonesia
Urticaceae,Dendrocnide crassifolia,(C.B.Rob.) Chew,Indonesia
Urticaceae,Dendrocnide elliptica,(Merr.) Chew,Indonesia
Urticaceae,Dendrocnide kjellbergii,Chew,Indonesia
Urticaceae,Dendrocnide longifolia,(Hemsl.) Chew,Indonesia
Urticaceae,Dendrocnide microstigma,(Gaudich. ex Wedd.) Chew,Indonesia
Urticaceae,Dendrocnide oblanceolata,(Merr.) Chew,Indonesia
Urticaceae,Dendrocnide peltata,(Blume) Miq.,Indonesia
Urticaceae,Dendrocnide rechingeri,(H.J.P.Winkl.) Chew,Indonesia
Urticaceae,Dendrocnide schlechteri,(H.J.P.Winkl.) Chew,Indonesia
Urticaceae,Dendrocnide stimulans,(L.f.) Chew,Indonesia
Urticaceae,Dendrocnide ternatensis,(Miq.) Chew,Indonesia
Urticaceae,Leucosyke capitellata,(Poir.) Wedd.,Indonesia
Urticaceae,Leucosyke javanica,Zoll. & Moritzi,Indonesia
Urticaceae,Oreocnide integrifolia,(Gaudich.) Miq.,Indonesia
Urticaceae,Oreocnide rubescens,(Blume) Miq.,Indonesia
Urticaceae,Oreocnide trinervis,(Wedd.) Miq.,Indonesia
Urticaceae,Pilea melastomoides,(Poir.) Wedd.,Indonesia
Urticaceae,Pipturus argenteus,(G.Forst.) Wedd.,Indonesia
Urticaceae,Sarcochlamys pulcherrima,(Roxb.) Gaudich.,Indonesia
Viburnaceae,Sambucus javanica,Blume,Indonesia
Viburnaceae,Viburnum amplificatum,J.Kern,Indonesia
Viburnaceae,Viburnum beccarii,Gamble,Indonesia
Viburnaceae,Viburnum clemensiae,J.Kern,Indonesia
Viburnaceae,Viburnum coriaceum,Blume,Indonesia
Viburnaceae,Viburnum cylindricum,Buch.-Ham. ex D.Don,Indonesia
Viburnaceae,Viburnum hispidulum,J.Kern,Indonesia
Viburnaceae,Viburnum lutescens,Blume,Indonesia
Viburnaceae,Viburnum luzonicum,Rolfe,Indonesia
Viburnaceae,Viburnum punctatum,Buch.-Ham. ex D. Don,Indonesia
Viburnaceae,Viburnum sambucinum,Reinw. ex Blume,Indonesia
Viburnaceae,Viburnum vernicosum,Gibbs,Indonesia
Violaceae,Rinorea anguifera,(Lour.) Kuntze,Indonesia
Violaceae,Rinorea horneri,(Korth.) Kuntze,Indonesia
Violaceae,Rinorea javanica,Kuntze,Indonesia
Violaceae,Rinorea lanceolata,Kuntze,Indonesia
Violaceae,Rinorea longiracemosa,(Kurz) W. G. Craib,Indonesia
Violaceae,Rinorea sclerocarpa,(Burgersd.) M.Jacobs,Indonesia
Vitaceae,Leea aculeata,Blume ex Spreng.,Indonesia
Vitaceae,Leea angulata,Korth. ex Miq.,Indonesia
Vitaceae,Leea indica,(Burm.f.) Merr.,Indonesia
Winteraceae,Tasmannia piperita,(Hook.f.) Miers,Indonesia
Winteraceae,Zygogynum calothyrsum,(Diels) Vink,Indonesia
Winteraceae,Zygogynum cyclopensis,Vink,Indonesia
Winteraceae,Zygogynum schramii,Vink,Indonesia
