family,taxon,author,native to
Acanthaceae,Avicennia marina,(Forssk.) Vierh.,Madagascar
Achariaceae,Prockiopsis grandis,G.E. Schatz & Lowry ,Madagascar
Achariaceae,Prockiopsis hildebrandtii,Baill.,Madagascar
Achariaceae,Prockiopsis orientalis,Capuron ex G.E. Schatz & Lowry ,Madagascar
Achariaceae,Prockiopsis razakamalalae,"G.E. Schatz, Lowry & Rakotovao",Madagascar
Amaranthaceae,Henonia scoparia,Moq.    ,Madagascar
Anacardiaceae,Abrahamia antongilensis,Randrian. & Lowry,Madagascar
Anacardiaceae,Abrahamia betamponensis,Randrian. & Lowry,Madagascar
Anacardiaceae,Abrahamia capuronii,Randrian. & Lowry,Madagascar
Anacardiaceae,Abrahamia darainensis,Randrian. & Lowry,Madagascar
Anacardiaceae,Abrahamia deflexa,(H.Perrier) Randrian. & Lowry,Madagascar
Anacardiaceae,Abrahamia delphinensis,Randrian. & Lowry,Madagascar
Anacardiaceae,Abrahamia ditimena,(H.Perrier) Randrian. & Lowry,Madagascar
Anacardiaceae,Abrahamia ellipticarpa,Randrian. & Lowry,Madagascar
Anacardiaceae,Abrahamia elongata,Randrian. & Lowry,Madagascar
Anacardiaceae,Abrahamia grandidieri,(Engl.) Randrian. & Lowry,Madagascar
Anacardiaceae,Abrahamia humbertii,(H. Perrier) Randrian. & Lowry,Madagascar
Anacardiaceae,Abrahamia itremoensis,Randrian. & Lowry,Madagascar
Anacardiaceae,Abrahamia latifolia,(Engl.) Randrian. & Lowry,Madagascar
Anacardiaceae,Abrahamia lecomtei,(H.Perrier) Randrian. & Lowry,Madagascar
Anacardiaceae,Abrahamia lenticellata,Randrian. & Lowry ,Madagascar
Anacardiaceae,Abrahamia littoralis,Randrian. & Lowry ,Madagascar
Anacardiaceae,Abrahamia lokobensis,Randrian. & Lowry,Madagascar
Anacardiaceae,Abrahamia longipetiolata,Randrian. & Lowry,Madagascar
Anacardiaceae,Abrahamia louvelii,(H.Perrier) Randrian. & Lowry,Madagascar
Anacardiaceae,Abrahamia minutifolia,Randrian. & Lowry,Madagascar
Anacardiaceae,Abrahamia nitida,(Engl.) Randrian. & Lowry,Madagascar
Anacardiaceae,Abrahamia oblongifolia,(Engl.) Randrian. & Lowry,Madagascar
Anacardiaceae,Abrahamia patrickii,Randrian. & Lowry,Madagascar
Anacardiaceae,Abrahamia pauciflora,(Engl. ex H.Perrier) Randrian. & Lowry,Madagascar
Anacardiaceae,Abrahamia phillipsonii,Randrian. & Lowry,Madagascar
Anacardiaceae,Abrahamia revoluta,Randrian. & Lowry,Madagascar
Anacardiaceae,Abrahamia sambiranensis,Randrian. & Lowry,Madagascar
Anacardiaceae,Abrahamia sericea,(Engl.) Randrian. & Lowry,Madagascar
Anacardiaceae,Abrahamia suarezensis,Randrian. & Lowry,Madagascar
Anacardiaceae,Abrahamia thouvenotii,(Lecomte) Randrian. & Lowry,Madagascar
Anacardiaceae,Abrahamia turkii,Randrian. & Lowry,Madagascar
Anacardiaceae,Abrahamia viguieri,(H. Perrier) Randrian. & Lowry,Madagascar
Anacardiaceae,Baronia taratana,Baker,Madagascar
Anacardiaceae,Campnosperma lepidotum,Capuron ex Randrianasolo & J.S.Mill.,Madagascar
Anacardiaceae,Campnosperma micranteium,Marchand,Madagascar
Anacardiaceae,Campnosperma parvifolium,Capuron ex J.S.Mill. & Randrianasolo,Madagascar
Anacardiaceae,Campnosperma schatzii,Randrianasolo & J.S.Mill.,Madagascar
Anacardiaceae,Campnosperma zacharyi,Randrian. & Lowry,Madagascar
Anacardiaceae,Faguetia falcata,Marchand,Madagascar
Anacardiaceae,Gluta tourtour,Marchand,Madagascar
Anacardiaceae,Micronychia acuminata,Randrian.,Madagascar
Anacardiaceae,Micronychia bemangidiensis,Randrian. & Lowry,Madagascar
Anacardiaceae,Micronychia danguyana,H.Perrier,Madagascar
Anacardiaceae,Micronychia kotozafii,Randrian. & Lowry        ,Madagascar
Anacardiaceae,Micronychia macrophylla,H.Perrier,Madagascar
Anacardiaceae,Micronychia madagascariensis,Oliv.    ,Madagascar
Anacardiaceae,Micronychia minutiflora,(H. Perrier) Randrian. & Lowry,Madagascar
Anacardiaceae,Micronychia striata,Randrian. & Lowry        ,Madagascar
Anacardiaceae,Micronychia tsiramiramy,H.Perrier,Madagascar
Anacardiaceae,Operculicarya borealis,Eggli,Madagascar
Anacardiaceae,Operculicarya calcicola,Randrian. & Lowry        ,Madagascar
Anacardiaceae,Operculicarya capuronii,Randrian. & Lowry,Madagascar
Anacardiaceae,Operculicarya decaryi,H.Perrier,Madagascar
Anacardiaceae,Operculicarya gummifera,(Sprague) Capuron,Madagascar
Anacardiaceae,Operculicarya hirsutissima,Eggli,Madagascar
Anacardiaceae,Operculicarya hyphaenoides,H.Perrier,Madagascar
Anacardiaceae,Operculicarya multijuga,Randrian. & Lowry,Madagascar
Anacardiaceae,Poupartia chapelieri,(Guillaumin) H. Perrier,Madagascar
Anacardiaceae,Poupartia minor,(Bojer) Marchand          ,Madagascar
Anacardiaceae,Poupartia orientalis,Capuron ex Randrianasolo & J.S. Mill.,Madagascar
Anacardiaceae,Poupartia silvatica,H.Perrier,Madagascar
Anacardiaceae,Poupartiopsis spondiocarpus,Capuron ex J.D. Mitch. & Daly ,Madagascar
Anacardiaceae,Rhus perrieri,(Courchet) H. Perrier         ,Madagascar
Anacardiaceae,Rhus thouarsii,(Engl.) H. Perrier         ,Madagascar
Anacardiaceae,Sclerocarya birrea,(A.Rich.) Hochst.,Madagascar
Anacardiaceae,Sorindeia madagascariensis,Thouars ex DC.,Madagascar
Anacardiaceae,Spondias tefyi,"J.D. Mitch., Daly & Randrian.      ",Madagascar
Anisophylleaceae,Anisophyllea fallax,Scott Elliot,Madagascar
Anisophylleaceae,Anisophyllea madagascarensis,"Li Bing Zhang, Xin Chen & H.He",Madagascar
Anisophylleaceae,Anisophyllea masoalensis,"Li Bing Zhang, Xin Chen & H.He",Madagascar
Anisophylleaceae,Anisophyllea parafallax,"Li Bing Zhang, Xin Chen & H.He",Madagascar
Anisophylleaceae,Anisophyllea schatzii,"Li Bing Zhang, Xin Chen & H.He",Madagascar
Annonaceae,Ambavia capuronii,(Cavaco & Keraudren) Le Thomas,Madagascar
Annonaceae,Ambavia gerrardii,(Baill.) Le Thomas,Madagascar
Annonaceae,Annona senegalensis,Pers.,Madagascar
Annonaceae,Fenerivia angustielliptica,(G.E. Schatz & Le Thomas) R.M.K. Saunders     ,Madagascar
Annonaceae,Fenerivia capuronii,(Cavaco & Keraudren) R.M.K. Saunders                 ,Madagascar
Annonaceae,Fenerivia chapelieri,(Baill.) R.M.K. Saunders         ,Madagascar
Annonaceae,Fenerivia ghesquiereana,(Cavaco & Keraudren) R.M.K. Saunders                 ,Madagascar
Annonaceae,Fenerivia heteropetala,Diels,Madagascar
Annonaceae,Fenerivia humbertii,(Cavaco & Keraudren) R.M.K. Saunders                 ,Madagascar
Annonaceae,Fenerivia madagascariensis,(Cavaco & Keraudren) R.M.K. Saunders                 ,Madagascar
Annonaceae,Fenerivia oligosperma,(Danguy) R.M.K.Saunders,Madagascar
Annonaceae,Fenerivia richardiana,(Baill.) R.M.K. Saunders         ,Madagascar
Annonaceae,Huberantha decora,(Diels) Chaowasku          ,Madagascar
Annonaceae,Huberantha henrici,(Diels) Chaowasku          ,Madagascar
Annonaceae,Huberantha keraudreniae,(Le Thomas & G.E. Schatz) Chaowasku      ,Madagascar
Annonaceae,Huberantha multistamina,(G.E. Schatz & Le Thomas) Chaowasku      ,Madagascar
Annonaceae,Huberantha pendula,(Capuron ex G.E.Schatz & Le Thomas) Chaowasku,Madagascar
Annonaceae,Huberantha perrieri,(Cavaco & Keraudren) Chaowasku,Madagascar
Annonaceae,Huberantha sambiranensis,(Capuron ex Le Thomas & G.E. Schatz) Chaowasku    ,Madagascar
Annonaceae,Isolona capuronii,Cavaco & Keraudren        ,Madagascar
Annonaceae,Isolona ghesquierei,Cavaco & Keraudren        ,Madagascar
Annonaceae,Isolona humbertiana,Ghesq. ex Cavaco & Keraudren,Madagascar
Annonaceae,Isolona madagascariensis,(Baill.) Engl.          ,Madagascar
Annonaceae,Isolona perrieri,Diels,Madagascar
Annonaceae,Uvaria ambongoensis,(Baill.) Diels,Madagascar
Annonaceae,Uvaria amplexicaulis,Diels,Madagascar
Annonaceae,Uvaria antsiranensis,Le Thomas,Madagascar
Annonaceae,Uvaria bathiei,Ghesq. ex Cavaco & Keraudren,Madagascar
Annonaceae,Uvaria combretifolia,Diels,Madagascar
Annonaceae,Uvaria diplocampta,Diels,Madagascar
Annonaceae,Uvaria leandrii,Ghesq. ex Cavaco & Keraudren,Madagascar
Annonaceae,Uvaria manjensis,Cavaco & Keraudren,Madagascar
Annonaceae,Xylopia ambanjensis,Cavaco & Keraudren        ,Madagascar
Annonaceae,Xylopia beananensis,Cavaco & Keraudren        ,Madagascar
Annonaceae,Xylopia bemarivensis,Diels,Madagascar
Annonaceae,Xylopia buxifolia,Baill.,Madagascar
Annonaceae,Xylopia capuronii,Cavaco & Keraudren        ,Madagascar
Annonaceae,Xylopia danguyella,Ghesq. ex Cavaco & Keraudren,Madagascar
Annonaceae,Xylopia dielsii,Cavaco & Keraudren        ,Madagascar
Annonaceae,Xylopia fananehanensis,Cavaco & Keraudren        ,Madagascar
Annonaceae,Xylopia flexuosa,Diels,Madagascar
Annonaceae,Xylopia ghesquiereana,Cavaco & Keraudren        ,Madagascar
Annonaceae,Xylopia humbertii,Ghesq. ex Cavaco & Keraudren,Madagascar
Annonaceae,Xylopia humblotiana,Baill.,Madagascar
Annonaceae,Xylopia lamii,Cavaco & Keraudren        ,Madagascar
Annonaceae,Xylopia lastelliana,Baill.,Madagascar
Annonaceae,Xylopia lemurica,Diels,Madagascar
Annonaceae,Xylopia madagascariensis,Cavaco & Keraudren        ,Madagascar
Annonaceae,Xylopia perrieri,Diels,Madagascar
Annonaceae,Xylopia sahafariensis,Cavaco & Keraudren        ,Madagascar
Annonaceae,Xylopia sericolampra,Diels,Madagascar
Aphloiaceae,Aphloia theiformis,(Vahl) Benn.,Madagascar
Apocynaceae,Carissa boiviniana,(Baill.) Leeuwenb.,Madagascar
Apocynaceae,Carissa spinarum,L.,Madagascar
Apocynaceae,Cerbera manghas,L.,Madagascar
Apocynaceae,Craspidospermum verticillatum,Bojer ex Decne.,Madagascar
Apocynaceae,Gonioma malagasy,Markgr. & Boiteau,Madagascar
Apocynaceae,Mascarenhasia havetii,A.DC.,Madagascar
Apocynaceae,Mascarenhasia lanceolata,A.DC.,Madagascar
Apocynaceae,Mascarenhasia lisianthiflora,A.DC.,Madagascar
Apocynaceae,Mascarenhasia macrosiphon,Baker,Madagascar
Apocynaceae,Mascarenhasia rubra,Jum. & H.Perrier,Madagascar
Apocynaceae,Mascarenhasia speciosa,Scott Elliot,Madagascar
Apocynaceae,Mascarenhasia tampinensis,Pichon,Madagascar
Apocynaceae,Pachypodium geayi,Costantin & Bois,Madagascar
Apocynaceae,Pachypodium lamerei,Drake,Madagascar
Apocynaceae,Pachypodium meridionale,(H.Perrier) Pichon,Madagascar
Apocynaceae,Pachypodium mikea,Lüthy,Madagascar
Apocynaceae,Pachypodium rutenbergianum,Vatke,Madagascar
Apocynaceae,Pachypodium sofiense,(Poiss.) H.Perrier,Madagascar
Apocynaceae,Petchia cryptophlebia,(Baker) Leeuwenb.,Madagascar
Apocynaceae,Petchia erythrocarpa,(Vatke) Leeuwenb.,Madagascar
Apocynaceae,Petchia madagascariensis,(A.DC.) Leeuwenb.,Madagascar
Apocynaceae,Petchia montana,(Pichon) Leeuwenb.,Madagascar
Apocynaceae,Petchia plectaneiifolia,(Pichon) Leeuwenb.,Madagascar
Apocynaceae,Rauvolfia capuronii,Markgr.,Madagascar
Apocynaceae,Rauvolfia media,Pichon,Madagascar
Apocynaceae,Rauvolfia obtusiflora,A.DC.,Madagascar
Apocynaceae,Secamone nervosa,Klack.,Madagascar
Apocynaceae,Stephanostegia capuronii,Markgr.,Madagascar
Apocynaceae,Stephanostegia hildebrandtii,Baill.,Madagascar
Apocynaceae,Strophanthus boivinii,Baill.,Madagascar
Apocynaceae,Tabernaemontana calcarea,Pichon,Madagascar
Apocynaceae,Tabernaemontana capuronii,Leeuwenb.,Madagascar
Apocynaceae,Tabernaemontana ciliata,Pichon,Madagascar
Apocynaceae,Tabernaemontana coffeoides,Bojer ex A.DC.,Madagascar
Apocynaceae,Tabernaemontana crassifolia,Pichon,Madagascar
Apocynaceae,Tabernaemontana debrayi,(Markgr.) Leeuwenb.,Madagascar
Apocynaceae,Tabernaemontana eusepala,Aug.DC.,Madagascar
Apocynaceae,Tabernaemontana eusepaloides,(Markgr.) Leeuwenb.,Madagascar
Apocynaceae,Tabernaemontana humblotii,(Baill.) Pichon,Madagascar
Apocynaceae,Tabernaemontana mocquerysii,Aug.DC.,Madagascar
Apocynaceae,Tabernaemontana phymata,Leeuwenb.,Madagascar
Apocynaceae,Tabernaemontana retusa,(Lam.) Pichon,Madagascar
Apocynaceae,Tabernaemontana sambiranensis,Pichon,Madagascar
Apocynaceae,Tabernaemontana sessilifolia,Baker,Madagascar
Apocynaceae,Tabernaemontana stellata,Pichon,Madagascar
Apocynaceae,Voacanga thouarsii,Roem. & Schult.,Madagascar
Aquifoliaceae,Ilex mitis,(L.) Radlk.,Madagascar
Araliaceae,Astropanax monophyllus,"(Baker) Lowry, G.M.Plunkett, Gostel & Frodin",Madagascar
Araliaceae,Astropanax myrianthus,"(Baker) Lowry, G.M.Plunkett, Gostel & Frodin",Madagascar
Araliaceae,Neocussonia bojeri,(Seem.) Hutch.,Madagascar
Araliaceae,Neocussonia bracteolifera,"(Frodin) Lowry, G.M.Plunkett, Gostel & Frodin",Madagascar
Araliaceae,Neocussonia capuroniana,"(Bernardi) Lowry, G.M.Plunkett, Gostel & Frodin",Madagascar
Araliaceae,Neocussonia favargeri,"(Bernardi) Lowry, G.M.Plunkett, Gostel & Frodin",Madagascar
Araliaceae,Neocussonia fosbergiana,"(Bernardi) Lowry, G.M.Plunkett, Gostel & Frodin",Madagascar
Araliaceae,Neocussonia frodiniana,"(Bernardi) Lowry, G.M.Plunkett, Gostel & Frodin",Madagascar
Araliaceae,Neocussonia halleana,"(Bernardi) Lowry, G.M.Plunkett, Gostel & Frodin",Madagascar
Araliaceae,Neocussonia litoralis,"(Baker) Lowry, G.M.Plunkett, Gostel & Frodin",Madagascar
Araliaceae,Neocussonia longipedicellata,"(Lecomte) Lowry, G.M.Plunkett, Gostel & Frodin",Madagascar
Araliaceae,Neocussonia moratii,"(Bernardi) Lowry, G.M.Plunkett, Gostel & Frodin",Madagascar
Araliaceae,Neocussonia rainaliana,"(Bernardi) Lowry, G.M.Plunkett, Gostel & Frodin",Madagascar
Araliaceae,Neocussonia staufferiana,"(Bernardi) Lowry, G.M.Plunkett, Gostel & Frodin",Madagascar
Araliaceae,Neocussonia vantsilana,"(Baker) Lowry, G.M.Plunkett, Gostel & Frodin",Madagascar
Araliaceae,Neocussonia weibeliana,"(Bernardi) Lowry, G.M.Plunkett, Gostel & Frodin",Madagascar
Araliaceae,Polyscias aculeata,(Decne. & Planch.) Harms,Madagascar
Araliaceae,Polyscias amplifolia,(Baker) Harms,Madagascar
Araliaceae,Polyscias anacardium,Bernardi,Madagascar
Araliaceae,Polyscias andraerum,Bernardi,Madagascar
Araliaceae,Polyscias ariadnes,Bernardi,Madagascar
Araliaceae,Polyscias baehniana,(Bernardi) Bernardi          ,Madagascar
Araliaceae,Polyscias boivinii,(Seem.) Bernardi,Madagascar
Araliaceae,Polyscias briquetiana,(Bernardi) Lowry & G.M.Plunkett,Madagascar
Araliaceae,Polyscias carolorum,Bernardi,Madagascar
Araliaceae,Polyscias chapelieri,(Drake) Harms ex R.Vig.,Madagascar
Araliaceae,Polyscias cissiflora,(Baker) Harms,Madagascar
Araliaceae,Polyscias compacta,Lowry & G.M.Plunkett,Madagascar
Araliaceae,Polyscias confertifolia,(Baker) Harms,Madagascar
Araliaceae,Polyscias cussonioides,(Drake) Bernardi,Madagascar
Araliaceae,Polyscias duplicata,(Thouars ex Baill.) Lowry & G.M.Plunkett,Madagascar
Araliaceae,Polyscias floccosa,(Drake) Bernardi,Madagascar
Araliaceae,Polyscias fraxinifolia,(Baker) R.Vig.,Madagascar
Araliaceae,Polyscias heineana,Bernardi,Madagascar
Araliaceae,Polyscias humbertiana,(Bernardi) Lowry & G.M.Plunkett,Madagascar
Araliaceae,Polyscias kalabenonensis,Lowry & Callm.        ,Madagascar
Araliaceae,Polyscias leandriana,(Bernardi) Lowry & G.M.Plunkett,Madagascar
Araliaceae,Polyscias madagascariensis,(Seem.) Harms,Madagascar
Araliaceae,Polyscias maralia,(Roem. & Schult.) Bernardi               ,Madagascar
Araliaceae,Polyscias multibracteata,(Baker) Harms,Madagascar
Araliaceae,Polyscias myrsine,Bernardi,Madagascar
Araliaceae,Polyscias nossibensis,(Drake) Harms,Madagascar
Araliaceae,Polyscias ornifolia,(Baker) Harms,Madagascar
Araliaceae,Polyscias pachypedicellata,Lowry & Callm.        ,Madagascar
Araliaceae,Polyscias rainaliorum,Bernardi,Madagascar
Araliaceae,Polyscias repanda,(DC.) Baker,Madagascar
Araliaceae,Polyscias tafondroensis,(Drake) R.Vig.,Madagascar
Araliaceae,Polyscias wohlhauseri,Lowry & Callm.        ,Madagascar
Araliaceae,Polyscias zanthoxyloides,(Baker) Harms,Madagascar
Arecaceae,Beccariophoenix alfredii,"Rakotoarin., Ranariv. & J.Dransf.",Madagascar
Arecaceae,Beccariophoenix fenestralis,J.Dransf. & Rakotoarin.,Madagascar
Arecaceae,Beccariophoenix madagascariensis,Jum. & H.Perrier,Madagascar
Arecaceae,Bismarckia nobilis,Hildebr. & H.Wendl.,Madagascar
Arecaceae,Borassus aethiopum,Mart.,Madagascar
Arecaceae,Borassus madagascariensis,(Jum. & H.Perrier) Bojer ex Jum. & H.Perrier,Madagascar
Arecaceae,Chrysalidocarpus hankona,J.Dransf.,Madagascar
Arecaceae,Chrysalidocarpus titan,"J.Dransf., Marcus & W.J.Baker",Madagascar
Arecaceae,Dypsis acuminum,(Jum.) Beentje & J.Dransf.,Madagascar
Arecaceae,Dypsis albofarinosa,Hodel & Marcus,Madagascar
Arecaceae,Dypsis ambanjae,Beentje,Madagascar
Arecaceae,Dypsis ambositrae,Beentje,Madagascar
Arecaceae,Dypsis ampasindavae,Beentje,Madagascar
Arecaceae,Dypsis ankaizinensis,(Jum.) Beentje & J.Dransf.,Madagascar
Arecaceae,Dypsis antanambensis,Beentje,Madagascar
Arecaceae,Dypsis arenarum,(Jum.) Beentje & J.Dransf.,Madagascar
Arecaceae,Dypsis baronii,(Becc.) Beentje & J.Dransf.,Madagascar
Arecaceae,Dypsis basilonga,(Jum. & H.Perrier) Beentje & J.Dransf.,Madagascar
Arecaceae,Dypsis bejofo,Beentje,Madagascar
Arecaceae,Dypsis betsimisarakae,Rakotoarin. & J. Dransf.,Madagascar
Arecaceae,Dypsis boiviniana,Baill.,Madagascar
Arecaceae,Dypsis canaliculata,(Jum.) Beentje & J.Dransf.,Madagascar
Arecaceae,Dypsis canescens,(Jum. & H.Perrier) Beentje & J.Dransf.,Madagascar
Arecaceae,Dypsis carlsmithii,J.Dransf. & Marcus,Madagascar
Arecaceae,Dypsis ceracea,(Jum.) Beentje & J.Dransf.,Madagascar
Arecaceae,Dypsis coursii,Beentje,Madagascar
Arecaceae,Dypsis crinita,(Jum. & H.Perrier) Beentje & J.Dransf.,Madagascar
Arecaceae,Dypsis decaryi,(Jum.) Beentje & J.Dransf.,Madagascar
Arecaceae,Dypsis decipiens,(Becc.) Beentje & J.Dransf.,Madagascar
Arecaceae,Dypsis dransfieldii,Beentje,Madagascar
Arecaceae,Dypsis faneva,Beentje,Madagascar
Arecaceae,Dypsis fasciculata,Jum.,Madagascar
Arecaceae,Dypsis fibrosa,(C.H.Wright) Beentje & J.Dransf.,Madagascar
Arecaceae,Dypsis forficifolia,Noronha ex Mart.,Madagascar
Arecaceae,Dypsis gautieri,Rakotoarin. & J. Dransf.       ,Madagascar
Arecaceae,Dypsis henrici,"J.Dransf., Beentje & Govaerts",Madagascar
Arecaceae,Dypsis heteromorpha,(Jum.) Beentje & J.Dransf.,Madagascar
Arecaceae,Dypsis hovomantsina,Beentje,Madagascar
Arecaceae,Dypsis humilis,"M.S.Trudgen, Rakotoarin. & W.J.Baker",Madagascar
Arecaceae,Dypsis ifanadianae,Beentje,Madagascar
Arecaceae,Dypsis lastelliana,(Baill.) Beentje & J.Dransf.,Madagascar
Arecaceae,Dypsis leptocheilos,(Hodel) Beentje & J.Dransf.,Madagascar
Arecaceae,Dypsis ligulata,(Jum.) Beentje & J.Dransf.,Madagascar
Arecaceae,Dypsis lutescens,(H.Wendl.) Beentje & J.Dransf.,Madagascar
Arecaceae,Dypsis madagascariensis,(Becc.) Beentje & J.Dransf.,Madagascar
Arecaceae,Dypsis makirae,Rakotoarin. & Britt,Madagascar
Arecaceae,Dypsis malcomberi,Beentje,Madagascar
Arecaceae,Dypsis mananjarensis,(Jum. & H.Perrier) Beentje & J.Dransf.,Madagascar
Arecaceae,Dypsis marojejyi,Beentje,Madagascar
Arecaceae,Dypsis moorei,Beentje,Madagascar
Arecaceae,Dypsis nauseosa,(Jum. & H.Perrier) Beentje & J.Dransf.,Madagascar
Arecaceae,Dypsis nodifera,Mart.,Madagascar
Arecaceae,Dypsis nossibensis,(Becc.) Beentje & J.Dransf.,Madagascar
Arecaceae,Dypsis onilahensis,(Jum. & H.Perrier) Beentje & J.Dransf.,Madagascar
Arecaceae,Dypsis oreophila,Beentje,Madagascar
Arecaceae,Dypsis oropedionis,Beentje,Madagascar
Arecaceae,Dypsis ovobontsira,Beentje,Madagascar
Arecaceae,Dypsis paludosa,J.Dransf.,Madagascar
Arecaceae,Dypsis perrieri,(Jum.) Beentje & J.Dransf.,Madagascar
Arecaceae,Dypsis pilulifera,(Becc.) Beentje & J.Dransf.,Madagascar
Arecaceae,Dypsis pinnatifrons,Mart.,Madagascar
Arecaceae,Dypsis plumosa,"Hodel,  J. Marcus & J. Dransf.",Madagascar
Arecaceae,Dypsis prestoniana,Beentje,Madagascar
Arecaceae,Dypsis pustulata,J.Dransf. & Rakotoarin.,Madagascar
Arecaceae,Dypsis rakotonasoloi,Rakotoarin.,Madagascar
Arecaceae,Dypsis rivularis,(Jum. & H.Perrier) Beentje & J.Dransf.,Madagascar
Arecaceae,Dypsis robusta,"Hodel, Marcus & J.Dransf.",Madagascar
Arecaceae,Dypsis sahanofensis,(Jum. & H.Perrier) Beentje & J.Dransf.,Madagascar
Arecaceae,Dypsis saintelucei,Beentje,Madagascar
Arecaceae,Dypsis sancta,Rakotoarin. & J.Dransf.,Madagascar
Arecaceae,Dypsis serpentina,Beentje,Madagascar
Arecaceae,Dypsis tanalensis,(Jum. & H.Perrier) Beentje & J.Dransf.,Madagascar
Arecaceae,Dypsis thouarsiana,Baill.,Madagascar
Arecaceae,Dypsis tokoravina,Beentje,Madagascar
Arecaceae,Dypsis tsaratananensis,(Jum.) Beentje & J.Dransf.,Madagascar
Arecaceae,Dypsis tsaravoasira,Beentje,Madagascar
Arecaceae,Dypsis utilis,(Jum.) Beentje & J.Dransf.,Madagascar
Arecaceae,Dypsis vonitrandambo,Rakotoarin. & J.Dransf.,Madagascar
Arecaceae,Hyphaene coriacea,Gaertn.,Madagascar
Arecaceae,Lemurophoenix halleuxii,J.Dransf.,Madagascar
Arecaceae,Marojejya darianii,J.Dransf. & N.W.Uhl,Madagascar
Arecaceae,Marojejya insignis,Humbert,Madagascar
Arecaceae,Masoala kona,Beentje,Madagascar
Arecaceae,Masoala madagascariensis,Jum.,Madagascar
Arecaceae,Orania longisquama,(Jum.) J.Dransf. & N.W.Uhl,Madagascar
Arecaceae,Orania ravaka,Beentje,Madagascar
Arecaceae,Orania trispatha,(J.Dransf. & N.W.Uhl) Beentje & J.Dransf.,Madagascar
Arecaceae,Phoenix reclinata,Jacq.,Madagascar
Arecaceae,Ravenea albicans,(Jum.) Beentje,Madagascar
Arecaceae,Ravenea beentjei,Rakotoarin. & J.Dransf.,Madagascar
Arecaceae,Ravenea dransfieldii,Beentje,Madagascar
Arecaceae,Ravenea glauca,Jum. & H.Perrier,Madagascar
Arecaceae,Ravenea hypoleuca,Rakotoarin. & J.Dransf.,Madagascar
Arecaceae,Ravenea julietiae,Beentje,Madagascar
Arecaceae,Ravenea krociana,Beentje,Madagascar
Arecaceae,Ravenea lakatra,(Jum.) Beentje,Madagascar
Arecaceae,Ravenea latisecta,Jum.,Madagascar
Arecaceae,Ravenea louvelii,Beentje,Madagascar
Arecaceae,Ravenea madagascariensis,Becc.,Madagascar
Arecaceae,Ravenea musicalis,Beentje,Madagascar
Arecaceae,Ravenea rivularis,Jum. & H.Perrier,Madagascar
Arecaceae,Ravenea robustior,Jum. & H.Perrier,Madagascar
Arecaceae,Ravenea sambiranensis,Jum. & H.Perrier,Madagascar
Arecaceae,Ravenea xerophila,Jum.,Madagascar
Arecaceae,Satranala decussilvae,Beentje & J.Dransf.,Madagascar
Arecaceae,Tahina spectabilis,J.Dransf. & Rakotoarin.,Madagascar
Arecaceae,Voanioala gerardii,J.Dransf.,Madagascar
Asparagaceae,Dracaena cincta,Baker,Madagascar
Asparagaceae,Dracaena fontanesiana,Schult. & Schult.f.,Madagascar
Asparagaceae,Dracaena reflexa,Lam.,Madagascar
Asparagaceae,Dracaena umbraculifera,Jacq.,Madagascar
Asparagaceae,Dracaena xiphophylla,Baker,Madagascar
Asphodelaceae,Aloe antonii,J.-B.Castillon,Madagascar
Asphodelaceae,Aloe helenae,Danguy,Madagascar
Asphodelaceae,Aloe peyrierasii,Cremers,Madagascar
Asphodelaceae,Aloe suzannae,Decary,Madagascar
Asphodelaceae,Aloe vaombe,Decorse & Poiss.,Madagascar
Asphodelaceae,Aloe vaotsanda,Decary,Madagascar
Asteraceae,Apodocephala angustifolia,Humbert,Madagascar
Asteraceae,Apodocephala begueana,Humbert,Madagascar
Asteraceae,Apodocephala multiflora,Humbert,Madagascar
Asteraceae,Apodocephala oliganthoides,Humbert,Madagascar
Asteraceae,Apodocephala pauciflora,Baker,Madagascar
Asteraceae,Apodocephala urschiana,Humbert,Madagascar
Asteraceae,Brachylaena merana,(Baker) O.Hoffm.,Madagascar
Asteraceae,Brachylaena microphylla,Humbert,Madagascar
Asteraceae,Brachylaena perrieri,(Drake) Humbert          ,Madagascar
Asteraceae,Brachylaena ramiflora,(DC.) Humbert,Madagascar
Asteraceae,Brachylaena stellulifera,Humbert,Madagascar
Asteraceae,Cloiselia carbonaria,S.Moore,Madagascar
Asteraceae,Cloiselia madagascariensis,S. Ortiz,Madagascar
Asteraceae,Dicoma incana,(Baker) O. Hoffm.         ,Madagascar
Asteraceae,Distephanus garnierianus,(Klatt) H. Rob. & B. Kahn      ,Madagascar
Asteraceae,Distephanus trinervis,Bojer ex DC. ,Madagascar
Asteraceae,Gymnanthemum coloratum,(Willd.) H.Rob. & B.Kahn,Madagascar
Asteraceae,Hubertia hypargyrea,(DC.) C.Jeffrey,Madagascar
Asteraceae,Hubertia myricifolia,(Bojer ex DC.) C. Jeffrey       ,Madagascar
Asteraceae,Oliganthes lecomtei,(Humbert) Humbert          ,Madagascar
Asteraceae,Oliganthes meranoides,Humbert,Madagascar
Asteraceae,Oliganthes pseudocentauropsis,(Humbert) Humbert          ,Madagascar
Asteraceae,Oliganthes tsaratananensis,Humbert,Madagascar
Asteraceae,Psiadia altissima,(DC.) Drake          ,Madagascar
Asteraceae,Psiadia quartziticola,Humbert,Madagascar
Asteraceae,Vernonia ampandrandavensis,Humbert,Madagascar
Asteraceae,Vernonia latisquamata,(Humbert) Humbert          ,Madagascar
Asteraceae,Vernonia leandrii,Humbert,Madagascar
Asteraceae,Vernonia mecistophylla,Baker,Madagascar
Asteraceae,Vernonia pachyclada,Baker,Madagascar
Asteraceae,Vernonia tanalensis,Baker,Madagascar
Asteraceae,Vernoniopsis caudata,(Drake) Humbert          ,Madagascar
Asteropeiaceae,Asteropeia amblyocarpa,Tul.,Madagascar
Asteropeiaceae,Asteropeia densiflora,Baker,Madagascar
Asteropeiaceae,Asteropeia labatii,"G.E.Schatz, Lowry & A.-E.Wolf",Madagascar
Asteropeiaceae,Asteropeia matrambody,"(Capuron) G.E.Schatz, Lowry & A.-E.Wolf",Madagascar
Asteropeiaceae,Asteropeia mcphersonii,"G.E.Schatz, Lowry & A.-E.Wolf",Madagascar
Asteropeiaceae,Asteropeia micraster,Hallier f.,Madagascar
Asteropeiaceae,Asteropeia multiflora,Thouars,Madagascar
Asteropeiaceae,Asteropeia rhopaloides,(Baker) Baill.,Madagascar
Bignoniaceae,Colea alata,H.Perrier,Madagascar
Bignoniaceae,Colea ambrensis,"(Callm. & Phillipson) Callm., Phillipson & Buerki",Madagascar
Bignoniaceae,Colea asperrima,H.Perrier,Madagascar
Bignoniaceae,Colea barbatula,H.Perrier,Madagascar
Bignoniaceae,Colea bernieri,Baill. ex H.Perrier,Madagascar
Bignoniaceae,Colea campenonii,H.Perrier,Madagascar
Bignoniaceae,Colea concinna,Baker,Madagascar
Bignoniaceae,Colea darainensis,"(Callm., Phillipson & Nusb.) Callm., Phillipson & Buerki",Madagascar
Bignoniaceae,Colea delphinensis,"(H. Perrier) Callm., Phillipson & Buerki",Madagascar
Bignoniaceae,Colea floribunda,Bojer ex Lindl.,Madagascar
Bignoniaceae,Colea fusca,H.Perrier,Madagascar
Bignoniaceae,Colea hirsuta,Aug.DC.,Madagascar
Bignoniaceae,Colea lantziana,Baill.,Madagascar
Bignoniaceae,Colea lutescens,H.Perrier,Madagascar
Bignoniaceae,Colea membranacea,Aug.DC.,Madagascar
Bignoniaceae,Colea muricata,H.Perrier,Madagascar
Bignoniaceae,Colea myriaptera,H.Perrier,Madagascar
Bignoniaceae,Colea nana,H.Perrier,Madagascar
Bignoniaceae,Colea obtusifolia,DC.,Madagascar
Bignoniaceae,Colea pauciflora,"(Callm., Phillipson & Razan.) Callm., Phillipson & Buerki",Madagascar
Bignoniaceae,Colea purpurascens,Seem.,Madagascar
Bignoniaceae,Colea ramiflora,Zjhra,Madagascar
Bignoniaceae,Colea ratovosonii,"(Callm. & Phillipson) Callm., Phillipson & Buerki",Madagascar
Bignoniaceae,Colea rubra,H.Perrier,Madagascar
Bignoniaceae,Colea sytsmae,Zjhra,Madagascar
Bignoniaceae,Colea tetragona,DC.,Madagascar
Bignoniaceae,Fernandoa coccinea,(Scott Elliot) A.H.Gentry,Madagascar
Bignoniaceae,Fernandoa macrantha,(Baker) A.H.Gentry,Madagascar
Bignoniaceae,Fernandoa madagascariensis,(Baker) A.H.Gentry,Madagascar
Bignoniaceae,Phyllarthron antongiliense,Capuron,Madagascar
Bignoniaceae,Phyllarthron articulatum,(Desf.) K.Schum.,Madagascar
Bignoniaceae,Phyllarthron bilabiatum,A.H.Gentry,Madagascar
Bignoniaceae,Phyllarthron bojeranum,DC.,Madagascar
Bignoniaceae,Phyllarthron cauliflorum,Capuron,Madagascar
Bignoniaceae,Phyllarthron ilicifolium,(Pers.) H.Perrier,Madagascar
Bignoniaceae,Phyllarthron laxinervium,H.Perrier,Madagascar
Bignoniaceae,Phyllarthron megaphyllum,Capuron,Madagascar
Bignoniaceae,Phyllarthron multiflorum,H.Perrier,Madagascar
Bignoniaceae,Phyllarthron nocturnum,Zjhra,Madagascar
Bignoniaceae,Phyllarthron sahamalazensis,Zjhra,Madagascar
Bignoniaceae,Phyllarthron suarezense,H.Perrier,Madagascar
Bignoniaceae,Phyllarthron vokoaninensis,Zjhra,Madagascar
Bignoniaceae,Rhigozum madagascariense,Drake,Madagascar
Bignoniaceae,Rhodocolea boivinii,(Baill.) H.Perrier,Madagascar
Bignoniaceae,Rhodocolea humbertii,Callm. & Phillipson        ,Madagascar
Bignoniaceae,Rhodocolea involucrata,(Bojer ex DC.) H.Perrier,Madagascar
Bignoniaceae,Rhodocolea lemuriphila,Zjhra,Madagascar
Bignoniaceae,Rhodocolea magnifica,Callm. & Phillipson        ,Madagascar
Bignoniaceae,Rhodocolea multiflora,Zjhra,Madagascar
Bignoniaceae,Rhodocolea perrieri,Capuron,Madagascar
Bignoniaceae,Rhodocolea racemosa,(Lam.) H.Perrier,Madagascar
Bignoniaceae,Rhodocolea ranirisonii,"Callm.,  Phillipson & L. Gaut.",Madagascar
Bignoniaceae,Rhodocolea telfairiae,(Bojer ex Hook.) H.Perrier,Madagascar
Bignoniaceae,Stereospermum arcuatum,H.Perrier,Madagascar
Bignoniaceae,Stereospermum boivini,(Baill.) H.Perrier,Madagascar
Bignoniaceae,Stereospermum euphorioides,DC.,Madagascar
Bignoniaceae,Stereospermum gentryi,"Callm., Phillipson & G.E.Schatz",Madagascar
Bignoniaceae,Stereospermum hildebrandtii,(Baill.) H.Perrier,Madagascar
Bignoniaceae,Stereospermum longiflorum,Capuron,Madagascar
Bignoniaceae,Stereospermum nematocarpum,(Bojer) DC.,Madagascar
Bignoniaceae,Stereospermum randrianaivoi,"Callm., Phillipson & G.E.Schatz",Madagascar
Bignoniaceae,Stereospermum rhoifolium,(Baill.) H.Perrier,Madagascar
Bignoniaceae,Stereospermum tomentosum,H.Perrier,Madagascar
Bignoniaceae,Stereospermum undatum,H.Perrier,Madagascar
Bignoniaceae,Stereospermum variabile,H.Perrier,Madagascar
Bixaceae,Diegodendron humbertii,Capuron,Madagascar
Boraginaceae,Bourreria angustifolia,(J.S.Mill.) J.S.Mill. & Gottschling,Madagascar
Boraginaceae,Bourreria apetala,(J.S.Mill.) J.S.Mill. & Gottschling,Madagascar
Boraginaceae,Bourreria bosseri,(J.S.Mill.) J.S.Mill. & Gottschling,Madagascar
Boraginaceae,Bourreria capuronii,(J.S.Mill.) J.S.Mill. & Gottschling,Madagascar
Boraginaceae,Bourreria croatii,(J.S.Mill.) J.S.Mill. & Gottschling,Madagascar
Boraginaceae,Bourreria darcyana,(J.S.Mill.) J.S.Mill. & Gottschling,Madagascar
Boraginaceae,Bourreria labatii,(J.S.Mill.) J.S.Mill. & Gottschling,Madagascar
Boraginaceae,Bourreria leslieae,(J.S.Mill.) J.S.Mill. & Gottschling,Madagascar
Boraginaceae,Bourreria lowryana,(J.S.Mill.) J.S.Mill. & Gottschling,Madagascar
Boraginaceae,Bourreria moratiana,(J.S.Mill.) J.S.Mill. & Gottschling,Madagascar
Boraginaceae,Bourreria randrianasoloana,(J.S.Mill.) J.S.Mill. & Gottschling,Madagascar
Boraginaceae,Bourreria scabra,Thulin & Razafim.,Madagascar
Boraginaceae,Bourreria schatziana,(J.S.Mill.) J.S.Mill. & Gottschling,Madagascar
Boraginaceae,Cordia lowryana,J.S.Mill.,Madagascar
Boraginaceae,Cordia mairei,Humbert,Madagascar
Boraginaceae,Cordia schatziana,J.S.Mill.,Madagascar
Boraginaceae,Cordia sinensis,Lam.,Madagascar
Boraginaceae,Cordia subcordata,Lam.,Madagascar
Boraginaceae,Ehretia cymosa,Thonn.,Madagascar
Boraginaceae,Ehretia decaryi,J.S.Mill.,Madagascar
Boraginaceae,Ehretia meyersii,J.S.Mill.,Madagascar
Boraginaceae,Ehretia obtusifolia,Hochst. ex A.DC.,Madagascar
Boraginaceae,Ehretia phillipsonii,J.S.Mill.,Madagascar
Boraginaceae,Ehretia seyrigii,J.S.Mill.,Madagascar
Boraginaceae,Heliotropium arboreum,(Blanco) Mabb.,Madagascar
Burseraceae,Ambilobea madagascariensis,"(Capuron) Thulin, Beier & Razafim.",Madagascar
Burseraceae,Canarium ampasindavae,"Daly, Raharim. & Federman",Madagascar
Burseraceae,Canarium arcuatum,"Daly, Raharim. & Federman",Madagascar
Burseraceae,Canarium betamponae,"Daly, Raharim. & Federman",Madagascar
Burseraceae,Canarium bullatum,"(Leenh.) Daly, Raharim. & Federman",Madagascar
Burseraceae,Canarium compressum,"Daly, Raharim. & Federman",Madagascar
Burseraceae,Canarium egregium,"Daly, Raharim. & Federman",Madagascar
Burseraceae,Canarium elegans,"Daly, Raharim. & Federman",Madagascar
Burseraceae,Canarium ferrugineum,"Daly, Raharim. & Federman",Madagascar
Burseraceae,Canarium findens,"Daly, Raharim. & Federman",Madagascar
Burseraceae,Canarium fugax,"Daly, Raharim. & Federman",Madagascar
Burseraceae,Canarium galokense,"Daly, Raharim. & Federman",Madagascar
Burseraceae,Canarium globosum,"Daly, Raharim. & Federman",Madagascar
Burseraceae,Canarium indistinctum,"Daly, Raharim. & Federman",Madagascar
Burseraceae,Canarium lamianum,"Daly, Raharim. & Federman",Madagascar
Burseraceae,Canarium lobocarpum,"Daly, Raharim. & Federman",Madagascar
Burseraceae,Canarium longistipulatum,"Daly, Raharim. & Federman",Madagascar
Burseraceae,Canarium madagascariense,Engl.,Madagascar
Burseraceae,Canarium manongarivum,"Daly, Raharim. & Federman",Madagascar
Burseraceae,Canarium moramangae,"Daly, Raharim. & Federman",Madagascar
Burseraceae,Canarium multiflorum,Engl.,Madagascar
Burseraceae,Canarium multinerve,"Daly, Raharim. & Federman",Madagascar
Burseraceae,Canarium nitidifolium,"Daly, Raharim. & Federman",Madagascar
Burseraceae,Canarium obovatum,"Daly, Raharim. & Federman",Madagascar
Burseraceae,Canarium pallidum,"Daly, Raharim. & Federman",Madagascar
Burseraceae,Canarium pilicarpum,"Daly, Raharim. & Federman",Madagascar
Burseraceae,Canarium planifolium,"Daly, Raharim. & Federman",Madagascar
Burseraceae,Canarium pulchrebracteatum,Guillaumin,Madagascar
Burseraceae,Canarium scholasticum,"Daly, Raharim. & Federman",Madagascar
Burseraceae,Canarium subsidarium,"Daly, Raharim. & Federman",Madagascar
Burseraceae,Canarium subtilis,"Daly, Raharim. & Federman",Madagascar
Burseraceae,Canarium velutinifolium,"Daly, Raharim. & Federman",Madagascar
Burseraceae,Commiphora andranovoryensis,"Phillipson, Raharim., A. Weeks & Gostel",Madagascar
Burseraceae,Commiphora ankaranensis,(J.-F. Leroy) Cheek & Rakot.       ,Madagascar
Burseraceae,Commiphora aprevalii,(Baill.) Guillaumin,Madagascar
Burseraceae,Commiphora arafy,H.Perrier,Madagascar
Burseraceae,Commiphora brevicalyx,H.Perrier,Madagascar
Burseraceae,Commiphora capuronii,Bard.-Vauc.,Madagascar
Burseraceae,Commiphora cuneifolia,Baker,Madagascar
Burseraceae,Commiphora elliptica,"Phillipson, Raharim., A. Weeks & Gostel",Madagascar
Burseraceae,Commiphora falcata,Capuron,Madagascar
Burseraceae,Commiphora fraxinifolia,Baker,Madagascar
Burseraceae,Commiphora grandifolia,Engl.,Madagascar
Burseraceae,Commiphora guillauminii,H.Perrier,Madagascar
Burseraceae,Commiphora lamii,H.Perrier,Madagascar
Burseraceae,Commiphora lasiodisca,H.Perrier,Madagascar
Burseraceae,Commiphora laxecymigera,H.Perrier,Madagascar
Burseraceae,Commiphora mafaidoha,H.Perrier,Madagascar
Burseraceae,Commiphora morondavensis,"Phillipson, Raharim., A. Weeks & Gostel",Madagascar
Burseraceae,Commiphora pervilleana,Engl.,Madagascar
Burseraceae,Commiphora pterocarpa,H.Perrier,Madagascar
Burseraceae,Commiphora razakamalalae,"Phillipson, Raharim., A. Weeks & Gostel",Madagascar
Burseraceae,Commiphora stellulata,H.Perrier,Madagascar
Burseraceae,Commiphora tetramera,Engl.,Madagascar
Burseraceae,Protium beandou,L.Marchand ex Engl.,Madagascar
Burseraceae,Protium madagascariense,Engl.,Madagascar
Buxaceae,Buxus calcarea,G.E.Schatz & Lowry,Madagascar
Buxaceae,Buxus capuronii,G.E.Schatz & Lowry,Madagascar
Buxaceae,Buxus humbertii,G.E.Schatz & Lowry,Madagascar
Buxaceae,Buxus macrocarpa,Capuron,Madagascar
Buxaceae,Buxus madagascarica,Baill.,Madagascar
Buxaceae,Buxus monticola,G.E.Schatz & Lowry,Madagascar
Buxaceae,Buxus moratii,G.E.Schatz & Lowry,Madagascar
Buxaceae,Buxus rabenantoandroi,G.E.Schatz & Lowry,Madagascar
Buxaceae,Didymeles integrifolia,J.St.-Hil.,Madagascar
Buxaceae,Didymeles perrieri,Leandri,Madagascar
Calophyllaceae,Calophyllum chapelieri,Drake,Madagascar
Calophyllaceae,Calophyllum drouhardii,H.Perrier,Madagascar
Calophyllaceae,Calophyllum fibrosum,P.F.Stevens,Madagascar
Calophyllaceae,Calophyllum humbertii,P.F.Stevens,Madagascar
Calophyllaceae,Calophyllum inophyllum,L.,Madagascar
Calophyllaceae,Calophyllum laxiflorum,Drake,Madagascar
Calophyllaceae,Calophyllum lingulatum,P.F.Stevens,Madagascar
Calophyllaceae,Calophyllum milvum,P.F.Stevens,Madagascar
Calophyllaceae,Calophyllum paniculatum,P.F.Stevens,Madagascar
Calophyllaceae,Calophyllum recedens,Jum. & H.Perrier,Madagascar
Calophyllaceae,Calophyllum vernicosum,P.F.Stevens,Madagascar
Calophyllaceae,Calophyllum verticillatum,P.F.Stevens,Madagascar
Calophyllaceae,Mammea angustifolia,Planch. & Triana,Madagascar
Calophyllaceae,Mammea bongo,(R.Vig. & Humbert) Kosterm.,Madagascar
Calophyllaceae,Mammea cauliflora,(Baker) P.F.Stevens,Madagascar
Calophyllaceae,Mammea eugenioides,Planch. & Triana,Madagascar
Calophyllaceae,Mammea glaucifolia,(H.Perrier) Kosterm.,Madagascar
Calophyllaceae,Mammea pseudoprotorhus,(H.Perrier) P.F.Stevens,Madagascar
Calophyllaceae,Mammea sanguinea,(Jum. & H.Perrier) Kosterm.,Madagascar
Calophyllaceae,Mammea sessiliflora,(Poir.) Planch. & Triana     ,Madagascar
Canellaceae,Cinnamosma fragrans,Baill.,Madagascar
Canellaceae,Cinnamosma macrocarpa,H.Perrier,Madagascar
Canellaceae,Cinnamosma madagascariensis,Danguy,Madagascar
Cannabaceae,Aphananthe sakalava,J.-F.Leroy,Madagascar
Cannabaceae,Celtis bifida,Leroy,Madagascar
Cannabaceae,Celtis madagascariensis,Sattarian,Madagascar
Cannabaceae,Celtis mildbraedii,Engl.,Madagascar
Cannabaceae,Celtis philippensis,Blanco,Madagascar
Cannabaceae,Sparrea gomphophylla,(Baker) X.G.Fu & T.S.Yi,Madagascar
Cannabaceae,Trema orientale,(L.) Blume,Madagascar
Capparaceae,Boscia longifolia,Hadj-Moust.,Madagascar
Capparaceae,Boscia madagascariensis,(DC.) Hadj-Moust.,Madagascar
Capparaceae,Capparis cartilaginea,Decne.,Madagascar
Capparaceae,Capparis grandidieri,Baill.,Madagascar
Capparaceae,Crateva excelsa,Bojer,Madagascar
Capparaceae,Crateva greveana,Baill.,Madagascar
Capparaceae,Crateva obovata,Vahl,Madagascar
Capparaceae,Maerua filiformis,Drake,Madagascar
Capparaceae,Maerua triphylla,A.Rich.,Madagascar
Capparaceae,Thilachium humbertii,Hadj-Moust.,Madagascar
Capparaceae,Thilachium laurifolium,Baker,Madagascar
Capparaceae,Thilachium monophyllum,Hadj-Moust.,Madagascar
Capparaceae,Thilachium pouponii,Aubrév. & Pellegr.        ,Madagascar
Capparaceae,Thilachium seyrigii,Hadj-Moust.,Madagascar
Cardiopteridaceae,Leptaulus citrioides,Baill.,Madagascar
Cardiopteridaceae,Leptaulus madagascariensis,Villiers,Madagascar
Celastraceae,Brexia alaticarpa,G.E. Schatz & Lowry ,Madagascar
Celastraceae,Brexia apoda,H.Perrier,Madagascar
Celastraceae,Brexia arborea,H.Perrier,Madagascar
Celastraceae,Brexia australis,G.E. Schatz & Lowry ,Madagascar
Celastraceae,Brexia cauliflora,Tul.,Madagascar
Celastraceae,Brexia coursiana,H.Perrier,Madagascar
Celastraceae,Brexia decurrens,H.Perrier,Madagascar
Celastraceae,Brexia humbertii,H.Perrier,Madagascar
Celastraceae,Brexia madagascariensis,(Lam.) Thouars ex Ker Gawl.,Madagascar
Celastraceae,Brexia marioniae,G.E. Schatz & Lowry ,Madagascar
Celastraceae,Brexia montana,H.Perrier,Madagascar
Celastraceae,Brexiella cymosa,H.Perrier,Madagascar
Celastraceae,Brexiella ilicifolia,H.Perrier,Madagascar
Celastraceae,Cassine aethiopica,Thunb.,Madagascar
Celastraceae,Euonymus elaeodendroides,Loes.,Madagascar
Celastraceae,Euonymus pleurostylioides,(Loes.) H.Perrier,Madagascar
Celastraceae,Evonymopsis humbertii,H.Perrier,Madagascar
Celastraceae,Gymnosporia drummondii,(N.Robson & Sebsebe) Jordaan,Madagascar
Celastraceae,Gymnosporia senegalensis,(Lam.) Loes.,Madagascar
Celastraceae,Hartogiopsis trilobocarpa,(Baker) H.Perrier,Madagascar
Celastraceae,Maytenus undata,(Thunb.) Blakelock,Madagascar
Celastraceae,Polycardia aquifolium,Tul.,Madagascar
Celastraceae,Polycardia libera,O. Hoffm.   ,Madagascar
Celastraceae,Polycardia phyllanthoides,(Lam.) DC.          ,Madagascar
Celastraceae,Salvadoropsis arenicola,H.Perrier,Madagascar
Chrysobalanaceae,Grangeria porosa,Boivin ex Baill.,Madagascar
Chrysobalanaceae,Hirtella thouarsiana,Baill. ex Laness.,Madagascar
Chrysobalanaceae,Magnistipula cerebriformis,(Capuron) F.White,Madagascar
Chrysobalanaceae,Magnistipula tamenaka,(Capuron) F.White,Madagascar
Chrysobalanaceae,Parinari curatellifolia,Planch. ex Benth.,Madagascar
Clusiaceae,Garcinia ambrensis,(H.Perrier) P.W.Sweeney & Z.S.Rogers,Madagascar
Clusiaceae,Garcinia aphanophlebia,Baker,Madagascar
Clusiaceae,Garcinia arenicola,(Jum. & H.Perrier) P.W.Sweeney & Z.S.Rogers,Madagascar
Clusiaceae,Garcinia asterandra,Jum. & H.Perrier,Madagascar
Clusiaceae,Garcinia calcicola,(Jum. & H.Perrier) P.W.Sweeney & Z.S.Rogers,Madagascar
Clusiaceae,Garcinia cerasifer,(H.Perrier) P.F.Stevens,Madagascar
Clusiaceae,Garcinia chapelieri,(Planch. & Triana) H.Perrier,Madagascar
Clusiaceae,Garcinia crassiflora,Jum. & H.Perrier,Madagascar
Clusiaceae,Garcinia dalleizettei,(H.Perrier) P.W.Sweeney & Z.S.Rogers,Madagascar
Clusiaceae,Garcinia dauphinensis,P.W.Sweeney & Z.S.Rogers,Madagascar
Clusiaceae,Garcinia decipiens,(Baill.) Vesque          ,Madagascar
Clusiaceae,Garcinia evonymoides,(Planch. & Triana) P.W.Sweeney & Z.S.Rogers,Madagascar
Clusiaceae,Garcinia goudotiana,(Planch. & Triana) P.W.Sweeney & Z.S.Rogers,Madagascar
Clusiaceae,Garcinia lowryi,Z.S. Rogers & P. Sweeney,Madagascar
Clusiaceae,Garcinia madagascariensis,(Planch. & Triana) Baill. ex Pierre,Madagascar
Clusiaceae,Garcinia mangorensis,(R.Vig. & Humbert) P.W.Sweeney & Z.S.Rogers,Madagascar
Clusiaceae,Garcinia megistophylla,P.W.Sweeney & Z.S.Rogers,Madagascar
Clusiaceae,Garcinia multifida,(H.Perrier) P.W.Sweeney & Z.S.Rogers,Madagascar
Clusiaceae,Garcinia orthoclada,Baker,Madagascar
Clusiaceae,Garcinia parvula,(H.Perrier) P.W.Sweeney & Z.S.Rogers,Madagascar
Clusiaceae,Garcinia pauciflora,Baker,Madagascar
Clusiaceae,Garcinia pervillei,(Planch. & Triana) Vesque,Madagascar
Clusiaceae,Garcinia thouvenotii,(H.Perrier) P.W.Sweeney & Z.S.Rogers,Madagascar
Clusiaceae,Garcinia tsaratananae,(H.Perrier) P.W.Sweeney & Z.S.Rogers,Madagascar
Clusiaceae,Garcinia tsimatimia,P.W.Sweeney & Z.S.Rogers,Madagascar
Clusiaceae,Garcinia urschii,(H.Perrier) P.W.Sweeney & Z.S.Rogers,Madagascar
Clusiaceae,Garcinia verrucosa,Jum. & H.Perrier,Madagascar
Clusiaceae,Symphonia eugenioides,Baker,Madagascar
Clusiaceae,Symphonia fasciculata,(Noronha ex Thouars) Vesque,Madagascar
Clusiaceae,Symphonia globulifera,L.f.,Madagascar
Clusiaceae,Symphonia gymnoclada,(Planch. & Triana) Benth. & Hook.f. ex Vesque,Madagascar
Clusiaceae,Symphonia lepidocarpa,Baker,Madagascar
Clusiaceae,Symphonia linearis,H.Perrier,Madagascar
Clusiaceae,Symphonia louvelii,Jum. & H. Perrier,Madagascar
Clusiaceae,Symphonia microphylla,(Hils. & Bojer ex Cambess.) Benth. & Hook.f. ex Vesque,Madagascar
Clusiaceae,Symphonia nectarifera,Jum. & H. Perrier       ,Madagascar
Clusiaceae,Symphonia oligantha,Baker,Madagascar
Clusiaceae,Symphonia pauciflora,Baker,Madagascar
Clusiaceae,Symphonia sessiliflora,H.Perrier,Madagascar
Clusiaceae,Symphonia tanalensis,Jum. & H. Perrier,Madagascar
Clusiaceae,Symphonia urophylla,(Decne. ex Planch. & Triana) Benth. & Hook.f. ex Vesque,Madagascar
Clusiaceae,Symphonia verrucosa,(Hils. & Bojer ex Planch. & Triana) Benth. & Hook.f.,Madagascar
Combretaceae,Lumnitzera racemosa,Willd.,Madagascar
Combretaceae,Terminalia ankaranensis,Capuron,Madagascar
Combretaceae,Terminalia belini,Capuron,Madagascar
Combretaceae,Terminalia boivinii,Tul.,Madagascar
Combretaceae,Terminalia calcicola,H.Perrier,Madagascar
Combretaceae,Terminalia calophylla,Tul.,Madagascar
Combretaceae,Terminalia catappa,L.,Madagascar
Combretaceae,Terminalia cephalota,McPherson,Madagascar
Combretaceae,Terminalia crenata,Tul.,Madagascar
Combretaceae,Terminalia cyanocarpa,Capuron,Madagascar
Combretaceae,Terminalia disjuncta,H.Perrier,Madagascar
Combretaceae,Terminalia diversipilosa,H.Perrier,Madagascar
Combretaceae,Terminalia exelliana,Capuron,Madagascar
Combretaceae,Terminalia exsculpta,Tul.,Madagascar
Combretaceae,Terminalia fatraea,(Poir.) DC.       ,Madagascar
Combretaceae,Terminalia gracilipes,Capuron,Madagascar
Combretaceae,Terminalia leandriana,H.Perrier,Madagascar
Combretaceae,Terminalia mantaliopsis,Capuron,Madagascar
Combretaceae,Terminalia mantaly,H.Perrier,Madagascar
Combretaceae,Terminalia monoceros,H.Perrier,Madagascar
Combretaceae,Terminalia namorokensis,H.Perrier,Madagascar
Combretaceae,Terminalia neotaliala,Capuron,Madagascar
Combretaceae,Terminalia ombrophila,H.Perrier,Madagascar
Combretaceae,Terminalia pauciflora,Tul.,Madagascar
Combretaceae,Terminalia perrieri,Capuron,Madagascar
Combretaceae,Terminalia rhopalophora,Capuron,Madagascar
Combretaceae,Terminalia rufovestita,Capuron,Madagascar
Combretaceae,Terminalia septentrionalis,Capuron,Madagascar
Combretaceae,Terminalia seyrigii,(H. Perrier) Capuron         ,Madagascar
Combretaceae,Terminalia subserrata,H.Perrier,Madagascar
Combretaceae,Terminalia sulcata,Tul.,Madagascar
Combretaceae,Terminalia tetrandra,(Danguy) Capuron,Madagascar
Combretaceae,Terminalia tricristata,Capuron,Madagascar
Combretaceae,Terminalia tropophylla,H.Perrier,Madagascar
Combretaceae,Terminalia ulexoides,H.Perrier,Madagascar
Combretaceae,Terminalia urschii,H.Perrier,Madagascar
Connaraceae,Burttia prunoides,Baker f. & Exell,Madagascar
Connaraceae,Cnestis lurida,Baill.,Madagascar
Connaraceae,Ellipanthus madagascariensis,(Schellenb.) Capuron ex Keraudren,Madagascar
Connaraceae,Ellipanthus razanatsimae,Randrian. & Lowry,Madagascar
Connaraceae,Rourea orientalis,Baill.,Madagascar
Convolvulaceae,Humbertia madagascariensis,Lam.,Madagascar
Cornaceae,Alangium grisolleoides,Capuron,Madagascar
Cornaceae,Alangium salviifolium,(L.f.) Wangerin,Madagascar
Cunoniaceae,Pterophylla aggregata,(Z.S.Rogers & J.Bradford) J.Bradford & Z.S.Rogers,Madagascar
Cunoniaceae,Pterophylla arguta,(Bernardi) J.Bradford & Z.S.Rogers,Madagascar
Cunoniaceae,Pterophylla baehniana,(Bernardi) J.Bradford & Z.S.Rogers,Madagascar
Cunoniaceae,Pterophylla bernardii,J.Bradford & Z.S.Rogers,Madagascar
Cunoniaceae,Pterophylla bojeriana,(Tul.) J.Bradford & Z.S.Rogers,Madagascar
Cunoniaceae,Pterophylla commersonii,(Bernardi) J.Bradford & Z.S.Rogers,Madagascar
Cunoniaceae,Pterophylla decora,(Tul.) J.Bradford & Z.S.Rogers,Madagascar
Cunoniaceae,Pterophylla eriocarpa,(Tul.) J.Bradford & Z.S.Rogers,Madagascar
Cunoniaceae,Pterophylla henricorum,(Bernardi) J.Bradford & Z.S.Rogers,Madagascar
Cunoniaceae,Pterophylla hildebrandtii,(Baill.) J.Bradford & Z.S.Rogers,Madagascar
Cunoniaceae,Pterophylla humblotii,(Bernardi) J.Bradford & Z.S.Rogers,Madagascar
Cunoniaceae,Pterophylla icacifolia,(Bernardi) J.Bradford & Z.S.Rogers,Madagascar
Cunoniaceae,Pterophylla louveliana,(Bernardi) J.Bradford & Z.S.Rogers,Madagascar
Cunoniaceae,Pterophylla lowryana,(J.Bradford) J.Bradford & Z.S.Rogers,Madagascar
Cunoniaceae,Pterophylla lucens,(Baker) J.Bradford & Z.S.Rogers,Madagascar
Cunoniaceae,Pterophylla magnifica,(J.Bradford & Z.S.Rogers) J.Bradford & Z.S.Rogers,Madagascar
Cunoniaceae,Pterophylla mammea,(Bernardi) J.Bradford & Z.S.Rogers,Madagascar
Cunoniaceae,Pterophylla marojejyensis,(J.S.Mill. & J.Bradford) J.Bradford & Z.S.Rogers,Madagascar
Cunoniaceae,Pterophylla minutiflora,(Baker) J.Bradford & Z.S.Rogers,Madagascar
Cunoniaceae,Pterophylla rakotomalazana,(J.Bradford) J.Bradford & Z.S.Rogers,Madagascar
Cunoniaceae,Pterophylla rutenbergii,(Engl.) J.Bradford & Z.S.Rogers,Madagascar
Cunoniaceae,Pterophylla sanguisugarum,(Bernardi) J.Bradford & Z.S.Rogers,Madagascar
Cunoniaceae,Pterophylla stenostachya,(Baker) J.Bradford & Z.S.Rogers,Madagascar
Cunoniaceae,Pterophylla venusta,(Bernardi) J.Bradford & Z.S.Rogers,Madagascar
Cunoniaceae,Weinmannia integrifolia,J.Bradford,Madagascar
Cycadaceae,Cycas thouarsii,R.Br. ex Gaudich.,Madagascar
Dichapetalaceae,Dichapetalum humbertii,Desc.,Madagascar
Dichapetalaceae,Dichapetalum madagascariense,Poir.,Madagascar
Dichapetalaceae,Dichapetalum virchowii,(O.Hoffm. & Hildebr.) Engl.,Madagascar
Didiereaceae,Alluaudia ascendens,(Drake) Drake,Madagascar
Didiereaceae,Alluaudia comosa,(Drake) Drake,Madagascar
Didiereaceae,Alluaudia dumosa,(Drake) Drake,Madagascar
Didiereaceae,Alluaudia montagnacii,Rauh,Madagascar
Didiereaceae,Alluaudia procera,(Drake) Drake,Madagascar
Didiereaceae,Alluaudiopsis fiherenensis,Humbert & Choux,Madagascar
Didiereaceae,Decarya madagascariensis,Choux,Madagascar
Didiereaceae,Didierea madagascariensis,Baill.,Madagascar
Didiereaceae,Didierea trollii,Capuron & Rauh,Madagascar
Dilleniaceae,Dillenia triquetra,(Rottb.) Gilg,Madagascar
Dipterocarpaceae,Monotes madagascariensis,Humbert,Madagascar
Ebenaceae,Diospyros aculeata,H.Perrier,Madagascar
Ebenaceae,Diospyros ambanjensis,G.E.Schatz & Lowry,Madagascar
Ebenaceae,Diospyros amborelloides,G.E.Schatz & Lowry,Madagascar
Ebenaceae,Diospyros analamerensis,H.Perrier,Madagascar
Ebenaceae,Diospyros andohahelensis,G.E.Schatz & Lowry,Madagascar
Ebenaceae,Diospyros anosivolensis,H.Perrier,Madagascar
Ebenaceae,Diospyros antakaranae,Capuron ex G.E.Schatz & Lowry,Madagascar
Ebenaceae,Diospyros antongilensis,G.E.Schatz & Lowry,Madagascar
Ebenaceae,Diospyros antsirananae,G.E.Schatz & Lowry,Madagascar
Ebenaceae,Diospyros arenicola,"A.G.Linan, G.E.Schatz & Lowry",Madagascar
Ebenaceae,Diospyros bardotiae,"H.N.Rakouth, G.E.Schatz & Lowry",Madagascar
Ebenaceae,Diospyros baroniana,H.Perrier,Madagascar
Ebenaceae,Diospyros beankensis,"A.G.Linan, G.E.Schatz & Lowry",Madagascar
Ebenaceae,Diospyros beberonnii,G.E.Schatz & Lowry,Madagascar
Ebenaceae,Diospyros bemarivensis,H.Perrier,Madagascar
Ebenaceae,Diospyros bernieriana,(Baill.) H.Perrier,Madagascar
Ebenaceae,Diospyros betamponensis,G.E.Schatz & Lowry,Madagascar
Ebenaceae,Diospyros bezofensis,H.Perrier,Madagascar
Ebenaceae,Diospyros boinensis,(H.Perrier) G.E.Schatz & Lowry,Madagascar
Ebenaceae,Diospyros boivinii,Hiern,Madagascar
Ebenaceae,Diospyros callmanderi,G.E.Schatz & Lowry,Madagascar
Ebenaceae,Diospyros calophylla,Hiern,Madagascar
Ebenaceae,Diospyros chitoniophora,"Capuron ex Linan, G.E.Schatz & Lowry",Madagascar
Ebenaceae,Diospyros cinnamomoides,H.Perrier,Madagascar
Ebenaceae,Diospyros clusiifolia,(Hiern) G.E. Schatz & Lowry       ,Madagascar
Ebenaceae,Diospyros comorensis,Hiern,Madagascar
Ebenaceae,Diospyros courrierensis,"A.G.Linan, G.E.Schatz & Lowry",Madagascar
Ebenaceae,Diospyros coursiana,H.Perrier,Madagascar
Ebenaceae,Diospyros crassifolia,"A.G.Linan, G.E.Schatz & Lowry",Madagascar
Ebenaceae,Diospyros crassipedicellata,G.E.Schatz & Lowry,Madagascar
Ebenaceae,Diospyros cupulifera,H.Perrier,Madagascar
Ebenaceae,Diospyros danguyana,H.Perrier,Madagascar
Ebenaceae,Diospyros darainensis,G.E.Schatz & Lowry,Madagascar
Ebenaceae,Diospyros decaryana,H.Perrier,Madagascar
Ebenaceae,Diospyros decaryoides,G.E.Schatz & Lowry,Madagascar
Ebenaceae,Diospyros dicorypheoides,H.Perrier,Madagascar
Ebenaceae,Diospyros ebenifera,(H. Perrier) G.E. Schatz & Lowry      ,Madagascar
Ebenaceae,Diospyros erinacea,(H.Perrier) G.E.Schatz & Lowry,Madagascar
Ebenaceae,Diospyros erythrosperma,H.Perrier,Madagascar
Ebenaceae,Diospyros falyi,G.E.Schatz & Lowry,Madagascar
Ebenaceae,Diospyros fasimainty,G.E.Schatz & Lowry,Madagascar
Ebenaceae,Diospyros ferrea,(Willd.) Bakh.,Madagascar
Ebenaceae,Diospyros filipes,H.Perrier,Madagascar
Ebenaceae,Diospyros fuscovelutina,Baker,Madagascar
Ebenaceae,Diospyros geayana,(H.Perrier) G.E.Schatz & Lowry,Madagascar
Ebenaceae,Diospyros gracilipes,Hiern,Madagascar
Ebenaceae,Diospyros grandiflora,G.E.Schatz & Lowry,Madagascar
Ebenaceae,Diospyros greveana,H.Perrier,Madagascar
Ebenaceae,Diospyros haplostylis,Boivin ex Hiern,Madagascar
Ebenaceae,Diospyros hazomainty,H.Perrier,Madagascar
Ebenaceae,Diospyros heterosepala,H.Perrier,Madagascar
Ebenaceae,Diospyros hongwae,"G.E.Schatz, Lowry & Phillipson",Madagascar
Ebenaceae,Diospyros humbertiana,H.Perrier,Madagascar
Ebenaceae,Diospyros implexicalyx,H.Perrier,Madagascar
Ebenaceae,Diospyros kely,G.E.Schatz & Lowry,Madagascar
Ebenaceae,Diospyros ketsensis,H.Perrier,Madagascar
Ebenaceae,Diospyros laevis,Bojer ex A.DC.,Madagascar
Ebenaceae,Diospyros lanceolata,Poir.,Madagascar
Ebenaceae,Diospyros latispathulata,H.Perrier,Madagascar
Ebenaceae,Diospyros leucocalyx,Hiern,Madagascar
Ebenaceae,Diospyros littoralis,Capuron ex G.E.Schatz & Lowry,Madagascar
Ebenaceae,Diospyros lokohensis,(H.Perrier) G.E.Schatz & Lowry,Madagascar
Ebenaceae,Diospyros louvelii,H.Perrier,Madagascar
Ebenaceae,Diospyros lowryi,G.E.Schatz,Madagascar
Ebenaceae,Diospyros maculata,G.E.Schatz & Lowry,Madagascar
Ebenaceae,Diospyros madecassa,H.Perrier,Madagascar
Ebenaceae,Diospyros malandy,"H.N.Rakouth, Randrianaivo, G.E.Schatz & Lowry",Madagascar
Ebenaceae,Diospyros manampetsae,H.Perrier,Madagascar
Ebenaceae,Diospyros mandenensis,"H.N.Rakouth, G.E.Schatz & Lowry",Madagascar
Ebenaceae,Diospyros mangabensis,Aug.DC.,Madagascar
Ebenaceae,Diospyros mangorensis,H.Perrier,Madagascar
Ebenaceae,Diospyros manongarivensis,"A.G.Linan, G.E.Schatz & Lowry",Madagascar
Ebenaceae,Diospyros mapingo,H.Perrier,Madagascar
Ebenaceae,Diospyros masoalensis,H.Perrier,Madagascar
Ebenaceae,Diospyros mcphersonii,G.E.Schatz & Lowry,Madagascar
Ebenaceae,Diospyros meeusiana,(H.Perrier) G.E.Schatz & Lowry,Madagascar
Ebenaceae,Diospyros melanocarpa,G.E.Schatz & Lowry.,Madagascar
Ebenaceae,Diospyros microrhombus,Hiern,Madagascar
Ebenaceae,Diospyros mimusops,G.E.Schatz & Lowry,Madagascar
Ebenaceae,Diospyros montisgallicarum,"A.G.Linan, G.E.Schatz & Lowry",Madagascar
Ebenaceae,Diospyros myriophylla,(H.Perrier) G.E.Schatz & Lowry,Madagascar
Ebenaceae,Diospyros myrtifolia,H.Perrier,Madagascar
Ebenaceae,Diospyros nidiformis,G.E.Schatz & Lowry,Madagascar
Ebenaceae,Diospyros nitidifolia,"A.G.Linan, G.E.Schatz & Lowry",Madagascar
Ebenaceae,Diospyros obducta,(H.Perrier) G.E.Schatz & Lowry,Madagascar
Ebenaceae,Diospyros obscurinerva,"A.G.Linan, G.E.Schatz & Lowry",Madagascar
Ebenaceae,Diospyros occlusa,H.Perrier,Madagascar
Ebenaceae,Diospyros olacinoides,(H.Perrier) G.E.Schatz & Lowry,Madagascar
Ebenaceae,Diospyros olivieri,"A.G.Linan, G.E.Schatz & Lowry",Madagascar
Ebenaceae,Diospyros orbicularis,G.E.Schatz & Lowry,Madagascar
Ebenaceae,Diospyros orientalis,"A.G.Linan, G.E.Schatz & Lowry",Madagascar
Ebenaceae,Diospyros parifolia,H.Perrier,Madagascar
Ebenaceae,Diospyros parvifolia,Hiern,Madagascar
Ebenaceae,Diospyros perglauca,H.Perrier,Madagascar
Ebenaceae,Diospyros perreticulata,H.Perrier,Madagascar
Ebenaceae,Diospyros perrieri,Jum.,Madagascar
Ebenaceae,Diospyros pervilleana,(Baill.) G.E.Schatz & Lowry,Madagascar
Ebenaceae,Diospyros pervillei,Hiern,Madagascar
Ebenaceae,Diospyros phillipsonii,G.E.Schatz & Lowry,Madagascar
Ebenaceae,Diospyros platycalyx,Hiern,Madagascar
Ebenaceae,Diospyros plicaticalyx,"Linan, G.E.Schatz & Lowry",Madagascar
Ebenaceae,Diospyros pruinosa,Hiern,Madagascar
Ebenaceae,Diospyros pseudolanceolata,G.E.Schatz & Lowry,Madagascar
Ebenaceae,Diospyros pubiramulis,"Linan, G.E.Schatz & Lowry",Madagascar
Ebenaceae,Diospyros quadrangularis,G.E.Schatz & Lowry,Madagascar
Ebenaceae,Diospyros quercina,(Baill.) G.E.Schatz & Lowry,Madagascar
Ebenaceae,Diospyros rabehevitrae,G.E.Schatz & Lowry,Madagascar
Ebenaceae,Diospyros rakotovaoi,G.E.Schatz & Lowry,Madagascar
Ebenaceae,Diospyros ramisonii,G.E.Schatz & Lowry,Madagascar
Ebenaceae,Diospyros ranirisonii,"G.E.Schatz, Lowry & Phillipson",Madagascar
Ebenaceae,Diospyros ratovosonii,"H.N.Rakouth, G.E.Schatz & Lowry",Madagascar
Ebenaceae,Diospyros retusa,"H.N.Rakouth, G.E.Schatz & Lowry",Madagascar
Ebenaceae,Diospyros rubripetiolata,G.E.Schatz & Lowry,Madagascar
Ebenaceae,Diospyros sakalavarum,H.Perrier,Madagascar
Ebenaceae,Diospyros sclerophylla,H.Perrier,Madagascar
Ebenaceae,Diospyros sennenii,G.E.Schatz & Lowry,Madagascar
Ebenaceae,Diospyros silicea,"G.E.Schatz, Lowry & Phillipson",Madagascar
Ebenaceae,Diospyros sphaerosepala,Baker,Madagascar
Ebenaceae,Diospyros squamosa,Bojer ex A.DC.,Madagascar
Ebenaceae,Diospyros stenocarpa,(H.Perrier) G.E.Schatz & Lowry,Madagascar
Ebenaceae,Diospyros suarezensis,"G.E.Schatz, Lowry & Phillipson",Madagascar
Ebenaceae,Diospyros subacuta,Hiern,Madagascar
Ebenaceae,Diospyros subbullata,G.E.Schatz & Lowry,Madagascar
Ebenaceae,Diospyros subenervis,(H.Perrier) G.E.Schatz & Lowry,Madagascar
Ebenaceae,Diospyros subfalciformis,H.Perrier,Madagascar
Ebenaceae,Diospyros subsessilifolia,H.Perrier,Madagascar
Ebenaceae,Diospyros subtrinervis,H.Perrier,Madagascar
Ebenaceae,Diospyros taikintana,G.E.Schatz & Lowry,Madagascar
Ebenaceae,Diospyros tampinensis,H.Perrier,Madagascar
Ebenaceae,Diospyros tampolensis,"H.N.Rakouth, G.E.Schatz & Lowry",Madagascar
Ebenaceae,Diospyros tetraceros,H.Perrier,Madagascar
Ebenaceae,Diospyros tetrapoda,H.Perrier,Madagascar
Ebenaceae,Diospyros thouarsii,Hiern,Madagascar
Ebenaceae,Diospyros torquata,H.Perrier,Madagascar
Ebenaceae,Diospyros toxicaria,Hiern,Madagascar
Ebenaceae,Diospyros tropophylla,(H.Perrier) G.E.Schatz & Lowry,Madagascar
Ebenaceae,Diospyros ultima,G.E.Schatz & Lowry,Madagascar
Ebenaceae,Diospyros urschii,H.Perrier,Madagascar
Ebenaceae,Diospyros velutipes,(H.Perrier) G.E.Schatz & Lowry,Madagascar
Ebenaceae,Diospyros vescoi,Hiern,Madagascar
Elaeocarpaceae,Elaeocarpus alnifolius,Baker,Madagascar
Elaeocarpaceae,Elaeocarpus capuronii,Tirel,Madagascar
Elaeocarpaceae,Elaeocarpus corallococcus,Tirel,Madagascar
Elaeocarpaceae,Elaeocarpus hildebrandtii,Baill.,Madagascar
Elaeocarpaceae,Elaeocarpus occidentalis,Tirel,Madagascar
Elaeocarpaceae,Elaeocarpus perrieri,Tirel,Madagascar
Elaeocarpaceae,Elaeocarpus rufovestitus,Baker,Madagascar
Elaeocarpaceae,Elaeocarpus subserratus,Baker,Madagascar
Elaeocarpaceae,Sloanea bathiei,Tirel,Madagascar
Elaeocarpaceae,Sloanea longisepala,Tirel,Madagascar
Elaeocarpaceae,Sloanea rhodantha,(Baker) Capuron          ,Madagascar
Ericaceae,Agarista salicifolia,(Lam.) G.Don,Madagascar
Erythroxylaceae,Erythroxylum amplifolium,Baill.,Madagascar
Erythroxylaceae,Erythroxylum capitatum,Baker,Madagascar
Erythroxylaceae,Erythroxylum ferrugineum,Cav.,Madagascar
Erythroxylaceae,Erythroxylum firmum,Baker,Madagascar
Erythroxylaceae,Erythroxylum platyclados,Bojer,Madagascar
Erythroxylaceae,Erythroxylum sphaeranthum,H.Perrier,Madagascar
Erythroxylaceae,Nectaropetalum eligulatum,(H. Perrier) Bardot-Vaucoulon,Madagascar
Euphorbiaceae,Acalypha emirnensis,Baill.,Madagascar
Euphorbiaceae,Acalypha fasciculata,Müll.Arg.,Madagascar
Euphorbiaceae,Acalypha neptunica,Müll.Arg.,Madagascar
Euphorbiaceae,Acalypha radula,Baker,Madagascar
Euphorbiaceae,Alchornea alnifolia,(Bojer ex Baill.) Pax & K.Hoffm.,Madagascar
Euphorbiaceae,Alchornea humbertii,Leandri,Madagascar
Euphorbiaceae,Alchornea perrieri,Leandri,Madagascar
Euphorbiaceae,Amyrea grandifolia,Radcl.-Sm.,Madagascar
Euphorbiaceae,Amyrea humbertii,Leandri,Madagascar
Euphorbiaceae,Amyrea lancifolia,Radcl.-Sm.,Madagascar
Euphorbiaceae,Amyrea remotiflora,Radcl.-Sm.,Madagascar
Euphorbiaceae,Amyrea sambiranensis,Leandri,Madagascar
Euphorbiaceae,Anomostachys lastellei,(Müll.Arg.) Kruijt,Madagascar
Euphorbiaceae,Anthostema madagascariense,Baill.,Madagascar
Euphorbiaceae,Argomuellera bilocularis,McPherson,Madagascar
Euphorbiaceae,Argomuellera gillespieae,McPherson,Madagascar
Euphorbiaceae,Argomuellera integra,McPherson,Madagascar
Euphorbiaceae,Argomuellera oblanceolata,McPherson,Madagascar
Euphorbiaceae,Argomuellera perrieri,(Leandri) J. Léonard,Madagascar
Euphorbiaceae,Argomuellera pumila,McPherson,Madagascar
Euphorbiaceae,Argomuellera stenophylla,McPherson,Madagascar
Euphorbiaceae,Benoistia orientalis,Radcl.-Sm.,Madagascar
Euphorbiaceae,Benoistia perrieri,H.Perrier & Leandri,Madagascar
Euphorbiaceae,Benoistia sambiranensis,H.Perrier & Leandri,Madagascar
Euphorbiaceae,Claoxylon decaryanum,Leandri,Madagascar
Euphorbiaceae,Claoxylopsis andapensis,Radcl.-Sm.,Madagascar
Euphorbiaceae,Claoxylopsis purpurascens,Radcl.-Sm.,Madagascar
Euphorbiaceae,Cleidion capuronii,Leandri,Madagascar
Euphorbiaceae,Croton adenophorus,Baill.,Madagascar
Euphorbiaceae,Croton aleuritoides,P.E.Berry,Madagascar
Euphorbiaceae,Croton ankeranae,Kainul.,Madagascar
Euphorbiaceae,Croton argyrodaphne,Baill.,Madagascar
Euphorbiaceae,Croton barorum,Leandri,Madagascar
Euphorbiaceae,Croton bergassae,Leandri,Madagascar
Euphorbiaceae,Croton bernieri,Baill.,Madagascar
Euphorbiaceae,Croton bracteatus,Lam.,Madagascar
Euphorbiaceae,Croton campenonii,Baill.,Madagascar
Euphorbiaceae,Croton catatii,Baill.,Madagascar
Euphorbiaceae,Croton chapelieri,Baill.,Madagascar
Euphorbiaceae,Croton chlaenacicomes,Leandri,Madagascar
Euphorbiaceae,Croton chrysodaphne,Baill.,Madagascar
Euphorbiaceae,Croton chypreae,Leandri,Madagascar
Euphorbiaceae,Croton crossolepis,P.E.Berry & Kainul.,Madagascar
Euphorbiaceae,Croton cupreolepis,"P.E.Berry, B.W.van Ee & Kainul.",Madagascar
Euphorbiaceae,Croton enigmaticus,P.E.Berry & B.W.van Ee,Madagascar
Euphorbiaceae,Croton fianarantsoae,Leandri,Madagascar
Euphorbiaceae,Croton goudotii,Baill.,Madagascar
Euphorbiaceae,Croton greveanus,Baill.,Madagascar
Euphorbiaceae,Croton heteranthus,Aug.DC.,Madagascar
Euphorbiaceae,Croton isomonensis,Leandri,Madagascar
Euphorbiaceae,Croton loucoubensis,Baill.,Madagascar
Euphorbiaceae,Croton macrostachyus,Hochst. ex Delile,Madagascar
Euphorbiaceae,Croton maevaranensis,Leandri,Madagascar
Euphorbiaceae,Croton mocquerysii,Aug.DC.,Madagascar
Euphorbiaceae,Croton mongue,Baill.,Madagascar
Euphorbiaceae,Croton multicostatus,Müll.Arg.,Madagascar
Euphorbiaceae,Croton myriaster,Baker,Madagascar
Euphorbiaceae,Croton nitidulus,Baker,Madagascar
Euphorbiaceae,Croton nobilis,Baill.,Madagascar
Euphorbiaceae,Croton plurispicatus,"P.E.Berry, Kainul. & B.W.van Ee",Madagascar
Euphorbiaceae,Croton regeneratrix,Leandri,Madagascar
Euphorbiaceae,Croton scoriarum,Leandri,Madagascar
Euphorbiaceae,Croton stanneus,Baill.,Madagascar
Euphorbiaceae,Croton submetallicus,Baill.,Madagascar
Euphorbiaceae,Croton vatomandrensis,Leandri,Madagascar
Euphorbiaceae,Droceloncia rigidifolia,(Baill.) J.Léonard,Madagascar
Euphorbiaceae,Euphorbia adenopoda,Baill.,Madagascar
Euphorbiaceae,Euphorbia alluaudii,Drake,Madagascar
Euphorbiaceae,Euphorbia analalavensis,Leandri,Madagascar
Euphorbiaceae,Euphorbia analamerae,Leandri,Madagascar
Euphorbiaceae,Euphorbia ankaranae,Leandri,Madagascar
Euphorbiaceae,Euphorbia antso,Denis,Madagascar
Euphorbiaceae,Euphorbia arahaka,Poiss.,Madagascar
Euphorbiaceae,Euphorbia boinensis,Denis ex Humbert & Leandri,Madagascar
Euphorbiaceae,Euphorbia boivinii,Boiss.,Madagascar
Euphorbiaceae,Euphorbia bongolavensis,Rauh,Madagascar
Euphorbiaceae,Euphorbia cedrorum,Rauh & Hebding,Madagascar
Euphorbiaceae,Euphorbia decorsei,Drake,Madagascar
Euphorbiaceae,Euphorbia elastica,Jum.,Madagascar
Euphorbiaceae,Euphorbia enterophora,Drake,Madagascar
Euphorbiaceae,Euphorbia erythroxyloides,Baker,Madagascar
Euphorbiaceae,Euphorbia famatamboay,F.Friedmann & Cremers,Madagascar
Euphorbiaceae,Euphorbia fiherenensis,Poiss.,Madagascar
Euphorbiaceae,Euphorbia haevermansii,X.Aubriot & Lowry,Madagascar
Euphorbiaceae,Euphorbia intisy,Drake,Madagascar
Euphorbiaceae,Euphorbia kamponii,Rauh & Petignat,Madagascar
Euphorbiaceae,Euphorbia mainty,(Poiss.) Denis ex Leandri,Madagascar
Euphorbiaceae,Euphorbia mananarensis,Leandri,Madagascar
Euphorbiaceae,Euphorbia mandravioky,Leandri,Madagascar
Euphorbiaceae,Euphorbia mangorensis,Leandri,Madagascar
Euphorbiaceae,Euphorbia nusbaumeri,X.Aubriot & Lowry,Madagascar
Euphorbiaceae,Euphorbia pachysantha,Baill.,Madagascar
Euphorbiaceae,Euphorbia pervilleana,Baill.,Madagascar
Euphorbiaceae,Euphorbia physoclada,Boiss.,Madagascar
Euphorbiaceae,Euphorbia plagiantha,Drake,Madagascar
Euphorbiaceae,Euphorbia ramofraga,Denis & Humbert ex Leandri,Madagascar
Euphorbiaceae,Euphorbia stenoclada,Baill.,Madagascar
Euphorbiaceae,Euphorbia tetraptera,Baker,Madagascar
Euphorbiaceae,Euphorbia tirucalli,L.,Madagascar
Euphorbiaceae,Euphorbia zakamenae,Leandri,Madagascar
Euphorbiaceae,Excoecaria goudotiana,(Baill.) Müll.Arg.,Madagascar
Euphorbiaceae,Excoecaria madagascariensis,(Baill.) Müll.Arg.,Madagascar
Euphorbiaceae,Givotia madagascariensis,Baill.,Madagascar
Euphorbiaceae,Givotia stipularis,Radcl.-Sm.,Madagascar
Euphorbiaceae,Grossera perrieri,Leandri,Madagascar
Euphorbiaceae,Hancea acuminata,"(Baill.) S.E.C.Sierra, Kulju & Welzen",Madagascar
Euphorbiaceae,Hancea capuronii,"(Leandri) S.E.C.Sierra, Kulju & Welzen",Madagascar
Euphorbiaceae,Hancea inhospita,McPherson,Madagascar
Euphorbiaceae,Hancea spinulosa,"(McPherson) S.E.C.Sierra, Kulju & Welzen",Madagascar
Euphorbiaceae,Jatropha mahafalensis,Jum. & H.Perrier,Madagascar
Euphorbiaceae,Lobanilia bakeriana,(Baill.) Radcl.-Sm.,Madagascar
Euphorbiaceae,Lobanilia crotonoides,Radcl.-Sm.,Madagascar
Euphorbiaceae,Lobanilia hirtella,(Baill.) Radcl.-Sm.,Madagascar
Euphorbiaceae,Macaranga alnifolia,Baker,Madagascar
Euphorbiaceae,Macaranga boutonioides,Baill.,Madagascar
Euphorbiaceae,Macaranga cupularis,Müll.Arg.,Madagascar
Euphorbiaceae,Macaranga cuspidata,Boivin ex Baill.,Madagascar
Euphorbiaceae,Macaranga echinocarpa,Baker,Madagascar
Euphorbiaceae,Macaranga ferruginea,Baker,Madagascar
Euphorbiaceae,Macaranga grallata,McPherson,Madagascar
Euphorbiaceae,Macaranga macropoda,Baker,Madagascar
Euphorbiaceae,Macaranga myriolepida,Baker,Madagascar
Euphorbiaceae,Macaranga oblongifolia,Baill.,Madagascar
Euphorbiaceae,Macaranga obovata,Boivin ex Baill.,Madagascar
Euphorbiaceae,Macaranga perrieri,Leandri,Madagascar
Euphorbiaceae,Macaranga racemosa,Baker,Madagascar
Euphorbiaceae,Macaranga ribesioides,Baker,Madagascar
Euphorbiaceae,Macaranga sphaerophylla,Baker,Madagascar
Euphorbiaceae,Mallotus oppositifolius,(Geiseler) Müll.Arg.,Madagascar
Euphorbiaceae,Necepsia castaneifolia,(Baill.) Bouchat & J.Léonard,Madagascar
Euphorbiaceae,Omphalea ankaranensis,L.J.Gillespie,Madagascar
Euphorbiaceae,Omphalea occidentalis,Leandri,Madagascar
Euphorbiaceae,Omphalea oppositifolia,(Willd.) L.J.Gillespie,Madagascar
Euphorbiaceae,Omphalea palmata,Leandri,Madagascar
Euphorbiaceae,Orfilea coriacea,Baill.,Madagascar
Euphorbiaceae,Orfilea multispicata,(Baill.) G.L. Webster         ,Madagascar
Euphorbiaceae,Pantadenia chauvetiae,(Leandri & Capuron) G.L.Webster,Madagascar
Euphorbiaceae,Pantadenia gervaisii,R.Rabev. & McPherson,Madagascar
Euphorbiaceae,Paranecepsia andrafiabensis,Barberá & O.Lachenaud,Madagascar
Euphorbiaceae,Sclerocroton melanostictus,(Baill.) Kruijt & Roebers,Madagascar
Euphorbiaceae,Suregada adenophora,Baill.,Madagascar
Euphorbiaceae,Suregada boiviniana,Baill.,Madagascar
Euphorbiaceae,Suregada bracteata,Radcl.-Sm.,Madagascar
Euphorbiaceae,Suregada capuronii,Leandri,Madagascar
Euphorbiaceae,Suregada celastroides,Radcl.-Sm. & Petra Hoffm.,Madagascar
Euphorbiaceae,Suregada decidua,Radcl.-Sm.,Madagascar
Euphorbiaceae,Suregada eucleoides,Radcl.-Sm.,Madagascar
Euphorbiaceae,Suregada gaultheriifolia,Radcl.-Sm.,Madagascar
Euphorbiaceae,Suregada grandiflora,Radcl.-Sm.,Madagascar
Euphorbiaceae,Suregada humbertii,(Leandri) Radcl.-Sm.          ,Madagascar
Euphorbiaceae,Suregada laurina,Baill.,Madagascar
Euphorbiaceae,Suregada nigricaulis,Radcl.-Sm.,Madagascar
Euphorbiaceae,Suregada perrieri,(Leandri) Radcl.-Sm.          ,Madagascar
Euphorbiaceae,Tannodia cordifolia,(Baill.) Baill.,Madagascar
Euphorbiaceae,Tannodia grandiflora,Radcl.-Sm.,Madagascar
Euphorbiaceae,Tannodia obovata,Radcl.-Sm.,Madagascar
Euphorbiaceae,Tannodia pennivenia,Radcl.-Sm.,Madagascar
Euphorbiaceae,Tannodia perrieri,(Leandri) Radcl.-Sm.,Madagascar
Fabaceae,Adenanthera mantaroa,Villiers,Madagascar
Fabaceae,Albizia adianthifolia,(Schumach.) W.Wight,Madagascar
Fabaceae,Albizia androyensis,Capuron,Madagascar
Fabaceae,Albizia arenicola,R.Vig.,Madagascar
Fabaceae,Albizia aurisparsa,(Drake) R.Vig. ex Capuron,Madagascar
Fabaceae,Albizia balabaka,Capuron,Madagascar
Fabaceae,Albizia bernieri,E.Fourn. ex Villiers,Madagascar
Fabaceae,Albizia boinensis,R.Vig.,Madagascar
Fabaceae,Albizia boivinii,E.Fourn.,Madagascar
Fabaceae,Albizia glaberrima,(Schumach. & Thonn.) Benth.,Madagascar
Fabaceae,Albizia greveana,(Baill.) R.Baron,Madagascar
Fabaceae,Albizia gummifera,(J.F.Gmel.) C.A.Sm.,Madagascar
Fabaceae,Albizia jaubertiana,E.Fourn.,Madagascar
Fabaceae,Albizia mahalao,Capuron,Madagascar
Fabaceae,Albizia mainaea,Villiers,Madagascar
Fabaceae,Albizia morombensis,Capuron,Madagascar
Fabaceae,Albizia numidarum,Capuron,Madagascar
Fabaceae,Albizia odorata,R.Vig.,Madagascar
Fabaceae,Albizia perrieri,(Drake) R.Vig. ex Capuron,Madagascar
Fabaceae,Albizia polyphylla,E.Fourn.,Madagascar
Fabaceae,Albizia sahafariensis,Capuron,Madagascar
Fabaceae,Albizia tulearensis,R.Vig.,Madagascar
Fabaceae,Albizia verrucosa,Capuron,Madagascar
Fabaceae,Albizia viridis,E.Fourn.,Madagascar
Fabaceae,Baudouinia capuronii,Du Puy & R.Rabev.,Madagascar
Fabaceae,Baudouinia fluggeiformis,Baill.,Madagascar
Fabaceae,Baudouinia louvelii,R.Vig.,Madagascar
Fabaceae,Baudouinia orientalis,R.Vig.,Madagascar
Fabaceae,Baudouinia rouxevillei,H.Perrier,Madagascar
Fabaceae,Baudouinia sollyaeformis,Baill.,Madagascar
Fabaceae,Bauhinia aurantiaca,Bojer,Madagascar
Fabaceae,Bauhinia brevicalyx,Du Puy & R.Rabev.,Madagascar
Fabaceae,Bauhinia decandra,Du Puy & R.Rabev.,Madagascar
Fabaceae,Bauhinia grevei,Drake,Madagascar
Fabaceae,Bauhinia hildebrandtii,Vatke,Madagascar
Fabaceae,Bauhinia madagascariensis,Desv.,Madagascar
Fabaceae,Bauhinia monandra,Kurz,Madagascar
Fabaceae,Bauhinia morondavensis,Du Puy & R.Rabev.,Madagascar
Fabaceae,Bauhinia ombrophila,Du Puy & R.Rabev.,Madagascar
Fabaceae,Bauhinia podopetala,Baker,Madagascar
Fabaceae,Brandzeia filicifolia,Baill.,Madagascar
Fabaceae,Brenierea insignis,Humbert,Madagascar
Fabaceae,Bussea perrieri,R.Vig.,Madagascar
Fabaceae,Bussea sakalava,Du Puy & R.Rabev.,Madagascar
Fabaceae,Cadia ellisiana,Baker,Madagascar
Fabaceae,Cadia pedicellata,Baker,Madagascar
Fabaceae,Cassia afrofistula,Brenan,Madagascar
Fabaceae,Cassia hippophallus,Capuron,Madagascar
Fabaceae,Chadsia flammea,Bojer,Madagascar
Fabaceae,Chadsia magnifica,R.Vig.,Madagascar
Fabaceae,Chadsia salicina,Baill.,Madagascar
Fabaceae,Colvillea racemosa,Bojer ex Hook.,Madagascar
Fabaceae,Cordyla haraka,Capuron,Madagascar
Fabaceae,Cordyla madagascariensis,R.Vig.,Madagascar
Fabaceae,Cynometra abrahamii,Du Puy & R.Rabev.,Madagascar
Fabaceae,Cynometra ankaranensis,Du Puy & R.Rabev.,Madagascar
Fabaceae,Cynometra aurita,R.Vig.,Madagascar
Fabaceae,Cynometra capuronii,Du Puy & R.Rabev.,Madagascar
Fabaceae,Cynometra commersoniana,Baill.,Madagascar
Fabaceae,Cynometra dauphinensis,Du Puy & R.Rabev.,Madagascar
Fabaceae,Cynometra lyallii,Baker,Madagascar
Fabaceae,Cynometra madagascariensis,Baill.,Madagascar
Fabaceae,Cynometra pervilleana,Baill.,Madagascar
Fabaceae,Cynometra sakalava,Du Puy & R.Rabev.,Madagascar
Fabaceae,Dalbergia abrahamii,Bosser & R.Rabev.,Madagascar
Fabaceae,Dalbergia andapensis,Bosser & R.Rabev,Madagascar
Fabaceae,Dalbergia antsirananae,"Phillipson, Crameri & N.Wilding",Madagascar
Fabaceae,Dalbergia aurea,Bosser & R.Rabev,Madagascar
Fabaceae,Dalbergia baronii,Baker,Madagascar
Fabaceae,Dalbergia bathiei,R.Vig.,Madagascar
Fabaceae,Dalbergia bracteolata,Baker,Madagascar
Fabaceae,Dalbergia capuronii,Bosser & R.Rabev,Madagascar
Fabaceae,Dalbergia chapelieri,Baill.,Madagascar
Fabaceae,Dalbergia chermezonii,R.Vig.,Madagascar
Fabaceae,Dalbergia chlorocarpa,R.Vig.,Madagascar
Fabaceae,Dalbergia davidii,Bosser & R.Rabev,Madagascar
Fabaceae,Dalbergia delphinensis,Bosser & R.Rabev,Madagascar
Fabaceae,Dalbergia emirnensis,Benth.,Madagascar
Fabaceae,Dalbergia erubescens,Bosser & R.Rabev,Madagascar
Fabaceae,Dalbergia gautieri,Bosser & R. Rabev.       ,Madagascar
Fabaceae,Dalbergia glaberrima,Bosser & R.Rabev,Madagascar
Fabaceae,Dalbergia glaucocarpa,Bosser & R.Rabev,Madagascar
Fabaceae,Dalbergia greveana,Baill.,Madagascar
Fabaceae,Dalbergia hildebrandtii,Vatke,Madagascar
Fabaceae,Dalbergia hirticalyx,Bosser & R.Rabev,Madagascar
Fabaceae,Dalbergia humbertii,R.Vig.,Madagascar
Fabaceae,Dalbergia lemurica,Bosser & R.Rabev,Madagascar
Fabaceae,Dalbergia louvelii,R.Vig.,Madagascar
Fabaceae,Dalbergia madagascariensis,Vatke,Madagascar
Fabaceae,Dalbergia maritima,R.Vig.,Madagascar
Fabaceae,Dalbergia mollis,Bosser & R.Rabev,Madagascar
Fabaceae,Dalbergia monticola,Bosser & R.Rabev,Madagascar
Fabaceae,Dalbergia neoperrieri,Bosser & R.Rabev,Madagascar
Fabaceae,Dalbergia normandii,Bosser & R.Rabev,Madagascar
Fabaceae,Dalbergia occulta,Bosser & R. Rabev.       ,Madagascar
Fabaceae,Dalbergia orientalis,Bosser & R.Rabev,Madagascar
Fabaceae,Dalbergia peltieri,Bosser & R.Rabev,Madagascar
Fabaceae,Dalbergia pervillei,Vatke,Madagascar
Fabaceae,Dalbergia pseudobaronii,R.Vig.,Madagascar
Fabaceae,Dalbergia purpurascens,Baill.,Madagascar
Fabaceae,Dalbergia suaresensis,Baill.,Madagascar
Fabaceae,Dalbergia trichocarpa,Baker,Madagascar
Fabaceae,Dalbergia tricolor,Drake,Madagascar
Fabaceae,Dalbergia tsaratananensis,Bosser & R.Rabev,Madagascar
Fabaceae,Dalbergia tsiandalana,R.Vig.,Madagascar
Fabaceae,Dalbergia urschii,Bosser & R.Rabev,Madagascar
Fabaceae,Dalbergia viguieri,Bosser & R.Rabev,Madagascar
Fabaceae,Dalbergia xerophila,Bosser & R.Rabev,Madagascar
Fabaceae,Delonix boiviniana,(Baill.) Capuron,Madagascar
Fabaceae,Delonix brachycarpa,(R.Vig.) Capuron,Madagascar
Fabaceae,Delonix decaryi,(R.Vig.) Capuron,Madagascar
Fabaceae,Delonix floribunda,(Baill.) Capuron,Madagascar
Fabaceae,Delonix leucantha,"(R.Vig.) Du Puy, Phillipson & R.Rabev.",Madagascar
Fabaceae,Delonix pumila,"Du Puy, Phillipson & R.Rabev.",Madagascar
Fabaceae,Delonix regia,(Bojer ex Hook.) Raf.,Madagascar
Fabaceae,Delonix tomentosa,(R.Vig.) Capuron,Madagascar
Fabaceae,Delonix velutina,Capuron,Madagascar
Fabaceae,Dendrolobium umbellatum,(L.) Benth.,Madagascar
Fabaceae,Denisophytum madagascariense,R.Vig.,Madagascar
Fabaceae,Dialium madagascariense,Baill. ex Drake,Madagascar
Fabaceae,Dialium occidentale,(Capuron) Du Puy & R.Rabev.,Madagascar
Fabaceae,Dialium unifoliolatum,Capuron,Madagascar
Fabaceae,Dichrostachys arborescens,(Bojer ex Benth.) Villiers,Madagascar
Fabaceae,Dichrostachys myriophylla,Baker,Madagascar
Fabaceae,Dichrostachys unijuga,Baker,Madagascar
Fabaceae,Dicraeopetalum capuronianum,(M.Peltier) Yakovlev,Madagascar
Fabaceae,Dicraeopetalum mahafaliense,(M.Peltier) Yakovlev,Madagascar
Fabaceae,Eligmocarpus cynometroides,Capuron,Madagascar
Fabaceae,Entada chrysostachys,(Benth.) Drake,Madagascar
Fabaceae,Entada leptostachya,Harms,Madagascar
Fabaceae,Entada louvelii,(R.Vig.) Brenan,Madagascar
Fabaceae,Entada pervillei,(Vatke) R.Vig.,Madagascar
Fabaceae,Erythrina ankaranensis,D.J.Du Puy & Labat,Madagascar
Fabaceae,Erythrina fusca,Lour.,Madagascar
Fabaceae,Erythrina hazomboay,D.J.Du Puy & Labat,Madagascar
Fabaceae,Erythrina madagascariensis,D.J.Du Puy & Labat,Madagascar
Fabaceae,Erythrina perrieri,R.Vig.,Madagascar
Fabaceae,Erythrina variegata,L.,Madagascar
Fabaceae,Erythrophleum couminga,Baill.,Madagascar
Fabaceae,Gagnebina bakoliae,Luckow & Du Puy       ,Madagascar
Fabaceae,Gagnebina commersoniana,(Baill.) R.Vig.,Madagascar
Fabaceae,Gagnebina pterocarpa,(Lam.) Baill.,Madagascar
Fabaceae,Gigasiphon humblotianus,(Baill.) Drake,Madagascar
Fabaceae,Guilandina bonduc,L.,Madagascar
Fabaceae,Hymenaea verrucosa,Gaertn.,Madagascar
Fabaceae,Indigofera cloiselii,Drake,Madagascar
Fabaceae,Indigofera depauperata,Drake,Madagascar
Fabaceae,Indigofera dionaeifolia,(S.Moore) Schrire,Madagascar
Fabaceae,Indigofera lyallii,Baker,Madagascar
Fabaceae,Indigofera mahafalensis,"(Du Puy, Labat & Schrire) Schrire           ",Madagascar
Fabaceae,Indigofera mangokyensis,R.Vig.,Madagascar
Fabaceae,Indigofera perrieri,R.Vig.,Madagascar
Fabaceae,Intsia bijuga,(Colebr.) Kuntze,Madagascar
Fabaceae,Lemurodendron capuronii,Villiers & P.Guinet,Madagascar
Fabaceae,Mendoravia dumaziana,Capuron,Madagascar
Fabaceae,Millettia aurea,(R.Vig.) Du Puy & Labat,Madagascar
Fabaceae,Millettia capuronii,Du Puy & Labat,Madagascar
Fabaceae,Millettia hitsika,Du Puy & Labat,Madagascar
Fabaceae,Millettia lenneoides,Vatke,Madagascar
Fabaceae,Millettia nathaliae,Du Puy & Labat,Madagascar
Fabaceae,Millettia orientalis,Du Puy & Labat,Madagascar
Fabaceae,Millettia richardiana,(Baill.) Du Puy & Labat,Madagascar
Fabaceae,Millettia taolanaroensis,Du Puy & Labat,Madagascar
Fabaceae,Mimosa dupuyana,M.Morales & Fortunato,Madagascar
Fabaceae,Mimosa haavoa,Villiers,Madagascar
Fabaceae,Mimosa lingvatouana,(Baill.) Villiers,Madagascar
Fabaceae,Mundulea antanossarum,Baill.,Madagascar
Fabaceae,Mundulea barclayi,(Telfair ex Hook.) R.Vig. ex Du Puy & Labat,Madagascar
Fabaceae,Mundulea chapelieri,(Baill.) R.Vig. ex Du Puy & Labat,Madagascar
Fabaceae,Mundulea laxiflora,Baker,Madagascar
Fabaceae,Mundulea menabeensis,R.Vig.,Madagascar
Fabaceae,Mundulea micrantha,R.Vig.,Madagascar
Fabaceae,Mundulea obovata,Du Puy & Labat,Madagascar
Fabaceae,Mundulea viridis,R.Vig.,Madagascar
Fabaceae,Neoapaloxylon madagascariense,(Drake) Rauschert,Madagascar
Fabaceae,Neoapaloxylon tuberosum,(R.Vig.) Rauschert,Madagascar
Fabaceae,Neoharmsia baronii,(Drake) R.Vig.,Madagascar
Fabaceae,Neoharmsia madagascariensis,R.Vig.,Madagascar
Fabaceae,Ormocarpopsis aspera,R.Vig.,Madagascar
Fabaceae,Ormocarpopsis calcicola,R.Vig.,Madagascar
Fabaceae,Ormocarpopsis itremoensis,Du Puy & Labat,Madagascar
Fabaceae,Ormocarpopsis mandrarensis,Dumaz-le-Grand,Madagascar
Fabaceae,Ormocarpopsis tulearensis,Du Puy & Labat,Madagascar
Fabaceae,Parkia madagascariensis,R.Vig.,Madagascar
Fabaceae,Phylloxylon arenicola,"Du Puy, Labat & Schrire",Madagascar
Fabaceae,Phylloxylon decipiens,Baill.,Madagascar
Fabaceae,Phylloxylon perrieri,Drake,Madagascar
Fabaceae,Phylloxylon phillipsonii,"Du Puy, Labat & Schrire",Madagascar
Fabaceae,Phylloxylon spinosum,"Du Puy, Labat & Schrire",Madagascar
Fabaceae,Phylloxylon xiphoclada,"(Baker) Du Puy, Labat & Schrire",Madagascar
Fabaceae,Phylloxylon xylophylloides,"(Baker) Du Puy, Labat & Schrire",Madagascar
Fabaceae,Pongamiopsis amygdalina,(Baill.) R.Vig.,Madagascar
Fabaceae,Pongamiopsis pervilleana,(Baill.) R.Vig.,Madagascar
Fabaceae,Pongamiopsis viguieri,Du Puy & Labat,Madagascar
Fabaceae,Pyranthus alasoa,Du Puy & Labat,Madagascar
Fabaceae,Pyranthus tullearensis,(Baill.) Du Puy & Labat,Madagascar
Fabaceae,Sakoanala madagascariensis,R.Vig.,Madagascar
Fabaceae,Sakoanala villosa,R.Vig.,Madagascar
Fabaceae,Senegalia menabeensis,(Villiers & Du Puy) Boatwr.,Madagascar
Fabaceae,Senegalia rovumae,(Oliv.) Kyal. & Boatwr.,Madagascar
Fabaceae,Senna ankaranensis,Du Puy & R.Rabev.,Madagascar
Fabaceae,Senna anthoxantha,(Capuron) Du Puy,Madagascar
Fabaceae,Senna bosseri,Du Puy & R.Rabev.,Madagascar
Fabaceae,Senna lactea,(Vatke) Du Puy,Madagascar
Fabaceae,Senna leandrii,(Ghesq.) Du Puy,Madagascar
Fabaceae,Senna meridionalis,(R.Vig.) Du Puy,Madagascar
Fabaceae,Senna perrieri,(R.Vig.) Du Puy,Madagascar
Fabaceae,Senna petersiana,(Bolle) Lock,Madagascar
Fabaceae,Senna suarezensis,(Capuron) Du Puy,Madagascar
Fabaceae,Senna viguierella,(Ghesq.) Du Puy,Madagascar
Fabaceae,Sophora inhambanensis,Klotzsch,Madagascar
Fabaceae,Sophora tomentosa,L.,Madagascar
Fabaceae,Stuhlmannia moavi,Taub.,Madagascar
Fabaceae,Sylvichadsia grandidieri,(Baill.) Du Puy & Labat,Madagascar
Fabaceae,Sylvichadsia grandifolia,(R.Vig.) Du Puy & Labat,Madagascar
Fabaceae,Tamarindus indica,L.,Madagascar
Fabaceae,Tephrosia phylloxylon,(R.Vig.) Du Puy & Labat,Madagascar
Fabaceae,Tephrosia pungens,(R.Vig.) Du Puy & Labat,Madagascar
Fabaceae,Tetrapterocarpon geayi,Humbert,Madagascar
Fabaceae,Tetrapterocarpon septentrionalis,Du Puy & R. Rabev.,Madagascar
Fabaceae,Vachellia bellula,(Drake) Boatwr.,Madagascar
Fabaceae,Vachellia myrmecophila,(R.Vig.) Boatwr.,Madagascar
Fabaceae,Vachellia viguieri,(Villiers & Du Puy) Boatwr.,Madagascar
Fabaceae,Viguieranthus brevipennatus,Villiers,Madagascar
Fabaceae,Viguieranthus cylindricostachys,Villiers,Madagascar
Fabaceae,Viguieranthus densinervus,Villiers,Madagascar
Fabaceae,Viguieranthus glandulosus,Villiers,Madagascar
Fabaceae,Viguieranthus kony,(R.Vig.) Villiers,Madagascar
Fabaceae,Viguieranthus longiracemosus,Villiers,Madagascar
Fabaceae,Viguieranthus pervillei,(Drake) Villiers,Madagascar
Fabaceae,Viguieranthus umbilicus,Villiers,Madagascar
Fabaceae,Viguieranthus unifoliolatus,Villiers,Madagascar
Fabaceae,Xanthocercis madagascariensis,Baill.,Madagascar
Fabaceae,Xylia fraterna,Drake,Madagascar
Fabaceae,Xylia hoffmannii,Drake,Madagascar
Gentianaceae,Anthocleista amplexicaulis,Baker,Madagascar
Gentianaceae,Anthocleista longifolia,(Lam.) Boiteau,Madagascar
Gentianaceae,Anthocleista madagascariensis,Baker,Madagascar
Hamamelidaceae,Dicoryphe buddleoides,Baker,Madagascar
Hamamelidaceae,Dicoryphe lanceolata,Tul.,Madagascar
Hamamelidaceae,Dicoryphe macrophylla,Baill.,Madagascar
Hamamelidaceae,Dicoryphe stipulacea,J.St.-Hil.,Madagascar
Hamamelidaceae,Schizolaena noronhae,(Tul.) G.E. Schatz & Lowry,Madagascar
Heliotropiaceae,Tournefortia puberula,Baker,Madagascar
Hernandiaceae,Gyrocarpus americanus,Jacq.,Madagascar
Hernandiaceae,Hazomalania voyronii,(Jum.) Capuron,Madagascar
Hernandiaceae,Hernandia nymphaeifolia,(C.Presl) Kubitzki,Madagascar
Hypericaceae,Eliea articulata,(Lam.) Cambess.,Madagascar
Hypericaceae,Harungana madagascariensis,Lam. ex Poir.,Madagascar
Hypericaceae,Psorospermum atrorufum,H.Perrier,Madagascar
Hypericaceae,Psorospermum brachypodum,Baker,Madagascar
Hypericaceae,Psorospermum bullatum,H.Perrier,Madagascar
Hypericaceae,Psorospermum cerasifolium,Baker,Madagascar
Hypericaceae,Psorospermum cornifolium,Spach,Madagascar
Hypericaceae,Psorospermum sexlineatum,H.Perrier,Madagascar
Icacinaceae,Cassinopsis chapelieri,(Baill.) H. Perrier         ,Madagascar
Icacinaceae,Cassinopsis ciliata,Baker,Madagascar
Icacinaceae,Cassinopsis madagascariensis,Baill.,Madagascar
Icacinaceae,Cassinopsis tomentosa,H.Perrier,Madagascar
Irvingiaceae,Allantospermum multicaule,(Capuron) Noot.,Madagascar
Kirkiaceae,Kirkia leandrii,(Capuron) Stannard          ,Madagascar
Lamiaceae,Capitanopsis angustifolia,(Moldenke) Capuron,Madagascar
Lamiaceae,Capitanopsis cloiselii,S.Moore,Madagascar
Lamiaceae,Clerodendrum alboviolaceum,Moldenke    ,Madagascar
Lamiaceae,Clerodendrum aucubifolium,Hemsl.,Madagascar
Lamiaceae,Clerodendrum bosseri,Capuron,Madagascar
Lamiaceae,Clerodendrum cauliflorum,Vatke,Madagascar
Lamiaceae,Clerodendrum comans,Moldenke    ,Madagascar
Lamiaceae,Clerodendrum decaryi,Moldenke    ,Madagascar
Lamiaceae,Clerodendrum eucalycinum,Oliv.    ,Madagascar
Lamiaceae,Clerodendrum giganteum,(Moldenke) Phillipson & Callm.,Madagascar
Lamiaceae,Clerodendrum hircinum,Schauer,Madagascar
Lamiaceae,Clerodendrum hiulcum,Moldenke    ,Madagascar
Lamiaceae,Clerodendrum involucratum,Vatke,Madagascar
Lamiaceae,Clerodendrum kamhyoae,Phillipson & L.Allorge,Madagascar
Lamiaceae,Clerodendrum kauderni,Moldenke    ,Madagascar
Lamiaceae,Clerodendrum laxiflorum,Baker,Madagascar
Lamiaceae,Clerodendrum madagascariense,Moldenke    ,Madagascar
Lamiaceae,Clerodendrum magnoliifolium,Baker,Madagascar
Lamiaceae,Clerodendrum petunioides,Baker,Madagascar
Lamiaceae,Clerodendrum roseiflorum,Moldenke    ,Madagascar
Lamiaceae,Clerodendrum rubellum,Baker,Madagascar
Lamiaceae,Clerodendrum thouarsii,Phillipson & Callm.,Madagascar
Lamiaceae,Clerodendrum trichanthum,Bosser,Madagascar
Lamiaceae,Karomia humbertii,(Moldenke) R. Fern.      ,Madagascar
Lamiaceae,Karomia macrocalyx,(Baker) R. Fern.         ,Madagascar
Lamiaceae,Karomia madagascariensis,(Moldenke) R. Fern.      ,Madagascar
Lamiaceae,Karomia microphylla,(Moldenke) R. Fern.      ,Madagascar
Lamiaceae,Karomia mira,(Moldenke) R. Fern.      ,Madagascar
Lamiaceae,Madlabium magenteum,Hedge,Madagascar
Lamiaceae,Orthosiphon adenocaulis,A.J.Paton & Hedge,Madagascar
Lamiaceae,Premna aureolepidota,Moldenke    ,Madagascar
Lamiaceae,Premna decaryi,Moldenke    ,Madagascar
Lamiaceae,Premna humbertii,Moldenke    ,Madagascar
Lamiaceae,Premna lepidella,Moldenke    ,Madagascar
Lamiaceae,Premna longiacuminata,Moldenke    ,Madagascar
Lamiaceae,Premna longipetiolata,Moldenke,Madagascar
Lamiaceae,Premna madagascariensis,Moldenke    ,Madagascar
Lamiaceae,Premna perplexans,Moldenke    ,Madagascar
Lamiaceae,Premna serratifolia,L.,Madagascar
Lamiaceae,Vitex aurea,Moldenke    ,Madagascar
Lamiaceae,Vitex befotakensis,Moldenke    ,Madagascar
Lamiaceae,Vitex beraviensis,Vatke,Madagascar
Lamiaceae,Vitex betsiliensis,Humbert,Madagascar
Lamiaceae,Vitex bojeri,Schau,Madagascar
Lamiaceae,Vitex bracteata,Scott Elliot,Madagascar
Lamiaceae,Vitex cauliflora,Moldenke    ,Madagascar
Lamiaceae,Vitex cestroides,Baker,Madagascar
Lamiaceae,Vitex chrysomallum,Steud.,Madagascar
Lamiaceae,Vitex coursii,Moldenke    ,Madagascar
Lamiaceae,Vitex elakelakensis,Moldenke    ,Madagascar
Lamiaceae,Vitex grandidiana,W. Piep.,Madagascar
Lamiaceae,Vitex hirsutissima,Baker,Madagascar
Lamiaceae,Vitex hispidissima,(Seem.) Callm. & Phillipson     ,Madagascar
Lamiaceae,Vitex humbertii,Moldenke    ,Madagascar
Lamiaceae,Vitex lanigera,Schauer,Madagascar
Lamiaceae,Vitex lastellei,Moldenke    ,Madagascar
Lamiaceae,Vitex lowryi,"Callm., Phillipson & G.E.Schatz",Madagascar
Lamiaceae,Vitex madagascariensis,Moldenke    ,Madagascar
Lamiaceae,Vitex masoalensis,G.E.Schatz,Madagascar
Lamiaceae,Vitex oscitans,Moldenke    ,Madagascar
Lamiaceae,Vitex perrieri,Danguy,Madagascar
Lamiaceae,Vitex phillyreifolia,Baker,Madagascar
Lamiaceae,Vitex rubra,Moldenke    ,Madagascar
Lamiaceae,Vitex stellata,Moldenke    ,Madagascar
Lamiaceae,Vitex teloravina,Baker,Madagascar
Lamiaceae,Vitex trichantha,Baker,Madagascar
Lamiaceae,Vitex tristis,Scott-Elliot,Madagascar
Lamiaceae,Vitex uniflora,Baker,Madagascar
Lamiaceae,Vitex vondrozensis,Moldenke    ,Madagascar
Lamiaceae,Volkameria emirnensis,(Bojer ex Hook.) Phillipson & Callm.,Madagascar
Lamiaceae,Volkameria grevei,(Moldenke) Phillipson & Callm.,Madagascar
Lauraceae,Aspidostemon andohahelensis,van der Werff,Madagascar
Lauraceae,Aspidostemon antongilensis,van der Werff,Madagascar
Lauraceae,Aspidostemon apiculatus,van der Werff,Madagascar
Lauraceae,Aspidostemon capuronii,van der Werff,Madagascar
Lauraceae,Aspidostemon caudatus,Rohwer,Madagascar
Lauraceae,Aspidostemon conoideus,van der Werff,Madagascar
Lauraceae,Aspidostemon dolichocarpus,(Kosterm.) Rohwer,Madagascar
Lauraceae,Aspidostemon dorrii,van der Werff,Madagascar
Lauraceae,Aspidostemon fungiformis,van der Werff,Madagascar
Lauraceae,Aspidostemon glaber,van der Werff,Madagascar
Lauraceae,Aspidostemon glandulosus,Rohwer,Madagascar
Lauraceae,Aspidostemon grayi,van der Werff,Madagascar
Lauraceae,Aspidostemon humbertianus,(Kosterm.) Rohwer,Madagascar
Lauraceae,Aspidostemon inconspicuus,Rohwer,Madagascar
Lauraceae,Aspidostemon insignis,van der Werff,Madagascar
Lauraceae,Aspidostemon lacrimans,(Kosterm.) Rohwer,Madagascar
Lauraceae,Aspidostemon litoralis,van der Werff,Madagascar
Lauraceae,Aspidostemon longipedicellatus,van der Werff,Madagascar
Lauraceae,Aspidostemon lucens,van der Werff,Madagascar
Lauraceae,Aspidostemon macrophyllus,van der Werff,Madagascar
Lauraceae,Aspidostemon manongarivensis,van der Werff,Madagascar
Lauraceae,Aspidostemon masoalensis,van der Werff,Madagascar
Lauraceae,Aspidostemon microphyllus,van der Werff,Madagascar
Lauraceae,Aspidostemon occultus,van der Werff,Madagascar
Lauraceae,Aspidostemon parvifolius,(Scott Elliot) van der Werff,Madagascar
Lauraceae,Aspidostemon percoriaceus,(Kosterm.) Rohwer,Madagascar
Lauraceae,Aspidostemon perrieri,(Danguy) Rohwer,Madagascar
Lauraceae,Aspidostemon reticulatus,van der Werff,Madagascar
Lauraceae,Aspidostemon synandra,Rohwer,Madagascar
Lauraceae,Aspidostemon triantherus,(Kosterm.) Rohwer,Madagascar
Lauraceae,Aspidostemon trichandra,van der Werff,Madagascar
Lauraceae,Beilschmiedia cryptocaryoides,Kosterm.,Madagascar
Lauraceae,Beilschmiedia madagascariensis,(Danguy) Kosterm.,Madagascar
Lauraceae,Beilschmiedia microphylla,(Kosterm.) Kosterm.,Madagascar
Lauraceae,Beilschmiedia moratii,van der Werff,Madagascar
Lauraceae,Beilschmiedia obovata,Kosterm.,Madagascar
Lauraceae,Beilschmiedia opposita,Kosterm.,Madagascar
Lauraceae,Beilschmiedia pedicellata,van der Werff,Madagascar
Lauraceae,Beilschmiedia rugosa,van der Werff,Madagascar
Lauraceae,Beilschmiedia sary,Kosterm.,Madagascar
Lauraceae,Beilschmiedia scintillans,(Kosterm.) van der Werff & Sach.Nishida,Madagascar
Lauraceae,Beilschmiedia sericans,Kosterm.,Madagascar
Lauraceae,Beilschmiedia velutina,(Kosterm.) Kosterm.,Madagascar
Lauraceae,Beilschmiedia vohemarensis,van der Werff,Madagascar
Lauraceae,Cryptocarya agathophylla,van der Werff,Madagascar
Lauraceae,Cryptocarya alseodaphnifolia,Kosterm.,Madagascar
Lauraceae,Cryptocarya ambrensis,van der Werff,Madagascar
Lauraceae,Cryptocarya canaliculata,van der Werff,Madagascar
Lauraceae,Cryptocarya capuronii,Kosterm.,Madagascar
Lauraceae,Cryptocarya caryoptera,Kosterm.,Madagascar
Lauraceae,Cryptocarya coriacea,(Kosterm.) van der Werff,Madagascar
Lauraceae,Cryptocarya crassifolia,Baker,Madagascar
Lauraceae,Cryptocarya dealbata,Baker,Madagascar
Lauraceae,Cryptocarya flavescens,(Kosterm.) van der Werff,Madagascar
Lauraceae,Cryptocarya fulva,Kosterm.,Madagascar
Lauraceae,Cryptocarya glabriflora,van der Werff,Madagascar
Lauraceae,Cryptocarya helicina,Kosterm.,Madagascar
Lauraceae,Cryptocarya krameri,van der Werff,Madagascar
Lauraceae,Cryptocarya litoralis,van der Werff,Madagascar
Lauraceae,Cryptocarya louvelii,Danguy,Madagascar
Lauraceae,Cryptocarya megaphylla,Kosterm.,Madagascar
Lauraceae,Cryptocarya montana,(Kosterm.) van der Werff,Madagascar
Lauraceae,Cryptocarya multiflora,van der Werff,Madagascar
Lauraceae,Cryptocarya oblonga,(Kosterm.) van der Werff        ,Madagascar
Lauraceae,Cryptocarya occidentalis,van der Werff,Madagascar
Lauraceae,Cryptocarya ocoteifolia,Kosterm.,Madagascar
Lauraceae,Cryptocarya ovalifolia,(Danguy) van der Werff,Madagascar
Lauraceae,Cryptocarya pallidifolia,Kosterm.,Madagascar
Lauraceae,Cryptocarya perareolata,(Kosterm.) van der Werff,Madagascar
Lauraceae,Cryptocarya pervillei,Baill.,Madagascar
Lauraceae,Cryptocarya petiolata,van der Werff,Madagascar
Lauraceae,Cryptocarya polyneura,(Kosterm.) van der Werff        ,Madagascar
Lauraceae,Cryptocarya retusa,(Willd. ex Nees) van der Werff,Madagascar
Lauraceae,Cryptocarya revoluta,van der Werff,Madagascar
Lauraceae,Cryptocarya rigidifolia,van der Werff,Madagascar
Lauraceae,Cryptocarya robynsiana,Kosterm.,Madagascar
Lauraceae,Cryptocarya rotundifolia,Kosterm.,Madagascar
Lauraceae,Cryptocarya septentrionalis,van der Werff,Madagascar
Lauraceae,Cryptocarya spathulata,Kosterm.,Madagascar
Lauraceae,Cryptocarya subtriplinervia,(Kosterm.) van der Werff,Madagascar
Lauraceae,Cryptocarya thouvenotii,(Danguy) Kosterm.,Madagascar
Lauraceae,Cryptocarya vaccinioides,Kosterm.,Madagascar
Lauraceae,Cryptocarya vanderwerffii,Kottaim.,Madagascar
Lauraceae,Cryptocarya velutina,Kosterm.,Madagascar
Lauraceae,Ocotea ambrensis,van der Werff,Madagascar
Lauraceae,Ocotea auriculiformis,Kosterm.,Madagascar
Lauraceae,Ocotea brevipes,Kosterm.,Madagascar
Lauraceae,Ocotea caudatifolia,Kosterm.,Madagascar
Lauraceae,Ocotea corethroides,Kosterm.,Madagascar
Lauraceae,Ocotea cryptocaryoides,Kosterm.,Madagascar
Lauraceae,Ocotea cymosa,(Nees) Palacký,Madagascar
Lauraceae,Ocotea elliptica,Kosterm.,Madagascar
Lauraceae,Ocotea eriothyrsa,Kosterm.,Madagascar
Lauraceae,Ocotea faucherei,(Danguy) Danguy,Madagascar
Lauraceae,Ocotea foveolata,Kosterm.,Madagascar
Lauraceae,Ocotea grayi,van der Werff,Madagascar
Lauraceae,Ocotea humbertii,Kosterm.,Madagascar
Lauraceae,Ocotea humblotii,Baill.,Madagascar
Lauraceae,Ocotea involuta,Kosterm.,Madagascar
Lauraceae,Ocotea ivohibensis,van der Werff,Madagascar
Lauraceae,Ocotea longipes,Kosterm.,Madagascar
Lauraceae,Ocotea macrocarpa,Kosterm.,Madagascar
Lauraceae,Ocotea madagascariensis,(Meisn.) Palacký,Madagascar
Lauraceae,Ocotea malcomberi,van der Werff,Madagascar
Lauraceae,Ocotea nervosa,Kosterm.,Madagascar
Lauraceae,Ocotea perforata,Kosterm.,Madagascar
Lauraceae,Ocotea racemosa,(Danguy) Kosterm.,Madagascar
Lauraceae,Ocotea rigidifolia,Kosterm.,Madagascar
Lauraceae,Ocotea sambiranensis,van der Werff,Madagascar
Lauraceae,Ocotea sessiliflora,Kosterm.,Madagascar
Lauraceae,Ocotea spanantha,van der Werff,Madagascar
Lauraceae,Ocotea thouvenotii,(Danguy) Kosterm.,Madagascar
Lauraceae,Ocotea trichantha,Baker,Madagascar
Lauraceae,Ocotea trichophlebia,Baker,Madagascar
Lauraceae,Ocotea tsaratananensis,van der Werff,Madagascar
Lauraceae,Ocotea zahamenensis,van der Werff,Madagascar
Lauraceae,Potameia antevaratra,Kosterm.,Madagascar
Lauraceae,Potameia capuronii,Kosterm.,Madagascar
Lauraceae,Potameia chartacea,Kosterm.,Madagascar
Lauraceae,Potameia confluens,van der Werff,Madagascar
Lauraceae,Potameia crassifolia,Kosterm.,Madagascar
Lauraceae,Potameia eglandulosa,Kosterm.,Madagascar
Lauraceae,Potameia elliptica,Kosterm.,Madagascar
Lauraceae,Potameia incisa,Kosterm.,Madagascar
Lauraceae,Potameia micrantha,van der Werff,Madagascar
Lauraceae,Potameia microphylla,Kosterm.,Madagascar
Lauraceae,Potameia nitens,Kosterm.,Madagascar
Lauraceae,Potameia obtusifolia,van der Werff,Madagascar
Lauraceae,Potameia resonjo,Kosterm.,Madagascar
Lauraceae,Potameia reticulata,Kosterm.,Madagascar
Lauraceae,Potameia rubra,Kosterm.,Madagascar
Lauraceae,Potameia salicifolia,Kosterm.,Madagascar
Lauraceae,Potameia thouarsiana,(Baill.) Capuron,Madagascar
Lauraceae,Potameia thouarsii,Roem. & Schult.        ,Madagascar
Lauraceae,Potameia tomentella,van der Werff,Madagascar
Lauraceae,Potameia velutina,Kosterm.,Madagascar
Lecythidaceae,Barringtonia asiatica,(L.) Kurz,Madagascar
Lecythidaceae,Barringtonia racemosa,(L.) Spreng.,Madagascar
Lecythidaceae,Foetidia asymetrica,H.Perrier,Madagascar
Lecythidaceae,Foetidia capuronii,Bosser,Madagascar
Lecythidaceae,Foetidia clusioides,Baker,Madagascar
Lecythidaceae,Foetidia cuneata,Bosser,Madagascar
Lecythidaceae,Foetidia delphinensis,Bosser,Madagascar
Lecythidaceae,Foetidia dracaenoides,Capuron ex Bosser,Madagascar
Lecythidaceae,Foetidia macrocarpa,Bosser,Madagascar
Lecythidaceae,Foetidia obliqua,Blume,Madagascar
Lecythidaceae,Foetidia pterocarpa,Bosser,Madagascar
Lecythidaceae,Foetidia retusa,Blume,Madagascar
Lecythidaceae,Foetidia rubescens,Bosser,Madagascar
Lecythidaceae,Foetidia sambiranensis,Bosser,Madagascar
Lecythidaceae,Foetidia vohemarensis,Bosser,Madagascar
Loganiaceae,Strychnos bifurcata,Leeuwenb.,Madagascar
Loganiaceae,Strychnos decussata,(Pappe) Gilg,Madagascar
Loganiaceae,Strychnos henningsii,Gilg,Madagascar
Loganiaceae,Strychnos potatorum,L.f.,Madagascar
Loganiaceae,Strychnos spinosa,Lam.,Madagascar
Loganiaceae,Strychnos usambarensis,Gilg ex Engl.,Madagascar
Lythraceae,Capuronia benoistii,(Leandri) P.E. Berry         ,Madagascar
Lythraceae,Sonneratia alba,Sm.,Madagascar
Malpighiaceae,Acridocarpus excelsus,A.Juss.,Madagascar
Malpighiaceae,Acridocarpus humbertii,Arènes,Madagascar
Malpighiaceae,Acridocarpus perrieri,Ames,Madagascar
Malvaceae,Adansonia grandidieri,Baill.,Madagascar
Malvaceae,Adansonia madagascariensis,Baill.,Madagascar
Malvaceae,Adansonia perrieri,Capuron,Madagascar
Malvaceae,Adansonia rubrostipa,Jum. & H. Perrier,Madagascar
Malvaceae,Adansonia suarezensis,H.Perrier,Madagascar
Malvaceae,Adansonia za,Baill.,Madagascar
Malvaceae,Christiana africana,DC.,Madagascar
Malvaceae,Dombeya acerifolia,Baker,Madagascar
Malvaceae,Dombeya acuminatissima,Hochr.,Madagascar
Malvaceae,Dombeya acutangula,Cav.,Madagascar
Malvaceae,Dombeya albisquama,Arènes,Madagascar
Malvaceae,Dombeya albotomentosa,Arènes,Madagascar
Malvaceae,Dombeya alleizettei,Arènes,Madagascar
Malvaceae,Dombeya ambalabeensis,Arènes,Madagascar
Malvaceae,Dombeya ambatosoratrensis,Arènes,Madagascar
Malvaceae,Dombeya ambohitrensis,Arènes,Madagascar
Malvaceae,Dombeya ameliae,Guill.,Madagascar
Malvaceae,Dombeya amplifolia,Arènes,Madagascar
Malvaceae,Dombeya anakaensis,Arènes,Madagascar
Malvaceae,Dombeya andapensis,Arènes,Madagascar
Malvaceae,Dombeya andrahomanensis,Arènes,Madagascar
Malvaceae,Dombeya ankaratrensis,Arènes,Madagascar
Malvaceae,Dombeya ankazobeensis,Arènes,Madagascar
Malvaceae,Dombeya antsianakensis,Baill.,Madagascar
Malvaceae,Dombeya apikyensis,Arènes,Madagascar
Malvaceae,Dombeya australis,Scott Elliot,Madagascar
Malvaceae,Dombeya befotakensis,Arènes,Madagascar
Malvaceae,Dombeya bemarivensis,(Hochr.) Arènes,Madagascar
Malvaceae,Dombeya biumbellata,Baker,Madagascar
Malvaceae,Dombeya breonii,Baill.,Madagascar
Malvaceae,Dombeya brevistyla,Arènes,Madagascar
Malvaceae,Dombeya cacuminum,Hochr.,Madagascar
Malvaceae,Dombeya cannabina,Hils. & Bojer ex Hook.,Madagascar
Malvaceae,Dombeya capuroniana,Arènes,Madagascar
Malvaceae,Dombeya condensata,Hochr.,Madagascar
Malvaceae,Dombeya coria,Baill.,Madagascar
Malvaceae,Dombeya coriopsis,Hochr.,Madagascar
Malvaceae,Dombeya costulatinervia,Arènes,Madagascar
Malvaceae,Dombeya decanthera,Cav.,Madagascar
Malvaceae,Dombeya decaryana,Arènes,Madagascar
Malvaceae,Dombeya dichotoma,Hochr.,Madagascar
Malvaceae,Dombeya dichotomopsis,Hochr.,Madagascar
Malvaceae,Dombeya digyna,Hochr.,Madagascar
Malvaceae,Dombeya dolichophylla,Arènes,Madagascar
Malvaceae,Dombeya dufournetii,Arènes,Madagascar
Malvaceae,Dombeya elliptica,Bojer,Madagascar
Malvaceae,Dombeya erythroclada,Bojer,Madagascar
Malvaceae,Dombeya flabellifolia,Arènes,Madagascar
Malvaceae,Dombeya floribunda,Baker,Madagascar
Malvaceae,Dombeya glabripes,Arènes,Madagascar
Malvaceae,Dombeya glandulosissima,Arènes,Madagascar
Malvaceae,Dombeya glechomifolia,Baker,Madagascar
Malvaceae,Dombeya gracilicyma,Arènes,Madagascar
Malvaceae,Dombeya hafotsy,Arènes,Madagascar
Malvaceae,Dombeya halapo,Arènes,Madagascar
Malvaceae,Dombeya heimii,Arènes,Madagascar
Malvaceae,Dombeya hildebrandtii,Baill.,Madagascar
Malvaceae,Dombeya hilsenbergii,Baill.,Madagascar
Malvaceae,Dombeya humbertiana,Arènes,Madagascar
Malvaceae,Dombeya ianthotricha,Arènes,Madagascar
Malvaceae,Dombeya ivohibeensis,Arènes,Madagascar
Malvaceae,Dombeya laevissima,Hochr.,Madagascar
Malvaceae,Dombeya laurifolia,(Bojer) Baill.,Madagascar
Malvaceae,Dombeya leandrii,Arènes,Madagascar
Malvaceae,Dombeya lecomtei,Hochr.,Madagascar
Malvaceae,Dombeya lecomteopsis,Arènes,Madagascar
Malvaceae,Dombeya longepedicellata,Hochr.,Madagascar
Malvaceae,Dombeya longicuspidata,Arènes,Madagascar
Malvaceae,Dombeya longipes,Baill.,Madagascar
Malvaceae,Dombeya lucida,Baill.,Madagascar
Malvaceae,Dombeya macropoda,Hochr.,Madagascar
Malvaceae,Dombeya magnifolia,Arènes,Madagascar
Malvaceae,Dombeya mananarensis,Arènes,Madagascar
Malvaceae,Dombeya mandenensis,Arènes,Madagascar
Malvaceae,Dombeya mandrakensis,Arènes,Madagascar
Malvaceae,Dombeya manongarivensis,Hochr.,Madagascar
Malvaceae,Dombeya marojejyensis,Arènes,Madagascar
Malvaceae,Dombeya megaphyllopsis,Hochr.,Madagascar
Malvaceae,Dombeya menalohensis,Arènes,Madagascar
Malvaceae,Dombeya merika,Arènes,Madagascar
Malvaceae,Dombeya micrantha,Appleq.,Madagascar
Malvaceae,Dombeya milleri,Appleq. & Bosser        ,Madagascar
Malvaceae,Dombeya mollis,Hook.,Madagascar
Malvaceae,Dombeya montana,(Hochr.) Arènes,Madagascar
Malvaceae,Dombeya obovalis,Baill.,Madagascar
Malvaceae,Dombeya palmatisecta,Hochr.,Madagascar
Malvaceae,Dombeya parvipetala,Arènes,Madagascar
Malvaceae,Dombeya pauciflora,Appleq.,Madagascar
Malvaceae,Dombeya pentagonalis,Arènes,Madagascar
Malvaceae,Dombeya perrieri,Arènes,Madagascar
Malvaceae,Dombeya pilosissima,Appleq. & Andriamih.        ,Madagascar
Malvaceae,Dombeya platanifolia,Bojer,Madagascar
Malvaceae,Dombeya ploocarpa,Hochr.,Madagascar
Malvaceae,Dombeya pubescens,(Hochr.) Arènes,Madagascar
Malvaceae,Dombeya punctatopsis,Hochr.,Madagascar
Malvaceae,Dombeya ramiovensis,(Arènes) Appleq.          ,Madagascar
Malvaceae,Dombeya ranofotsyensis,Arènes,Madagascar
Malvaceae,Dombeya rariflora,Arènes,Madagascar
Malvaceae,Dombeya ratovosonii,Appleq. & Bosser        ,Madagascar
Malvaceae,Dombeya repanda,Baker,Madagascar
Malvaceae,Dombeya rienanensis,Appleq.,Madagascar
Malvaceae,Dombeya rosacea,Arènes,Madagascar
Malvaceae,Dombeya roseiflora,Arènes,Madagascar
Malvaceae,Dombeya rottleroides,Baill.,Madagascar
Malvaceae,Dombeya rotunda,Arènes,Madagascar
Malvaceae,Dombeya rubricuspis,Arènes,Madagascar
Malvaceae,Dombeya sahatavyensis,Arènes,Madagascar
Malvaceae,Dombeya sakamaliensis,Arènes,Madagascar
Malvaceae,Dombeya selinala,Arènes,Madagascar
Malvaceae,Dombeya sely,Arènes,Madagascar
Malvaceae,Dombeya seyrigiana,Arènes,Madagascar
Malvaceae,Dombeya sofiensis,Arènes,Madagascar
Malvaceae,Dombeya somanga,Arènes,Madagascar
Malvaceae,Dombeya spectabilis,Bojer,Madagascar
Malvaceae,Dombeya stipulacea,Baill.,Madagascar
Malvaceae,Dombeya suarezensis,Arènes,Madagascar
Malvaceae,Dombeya subviscosa,Hochr.,Madagascar
Malvaceae,Dombeya tavia,Arènes,Madagascar
Malvaceae,Dombeya tomentosa,Cav.,Madagascar
Malvaceae,Dombeya tremula,Hochr.,Madagascar
Malvaceae,Dombeya tsaratananensis,(Hochr.) Arènes,Madagascar
Malvaceae,Dombeya tsiandrensis,Arènes,Madagascar
Malvaceae,Dombeya tsiapetrokensis,Arènes,Madagascar
Malvaceae,Dombeya tulearensis,Arènes,Madagascar
Malvaceae,Dombeya urschiana,Arènes,Madagascar
Malvaceae,Dombeya valou,Baill.,Madagascar
Malvaceae,Dombeya venosa,Arènes,Madagascar
Malvaceae,Dombeya viburnifloropsis,Arènes,Madagascar
Malvaceae,Dombeya vohemarensis,Appleq.,Madagascar
Malvaceae,Dombeya xiphosepalopsis,Arènes,Madagascar
Malvaceae,Grewia ambongoensis,Baill.,Madagascar
Malvaceae,Grewia amplifolia,Baill.,Madagascar
Malvaceae,Grewia analamerensis,Capuron,Madagascar
Malvaceae,Grewia andramparo,R. Vig.,Madagascar
Malvaceae,Grewia androyensis,Capuron,Madagascar
Malvaceae,Grewia apetala,Juss.,Madagascar
Malvaceae,Grewia baillonii,R. Vig.,Madagascar
Malvaceae,Grewia barorum,Capuron,Madagascar
Malvaceae,Grewia botryantha,Baill.,Madagascar
Malvaceae,Grewia brideliifolia,Baill.,Madagascar
Malvaceae,Grewia calvata,Baker,Madagascar
Malvaceae,Grewia chalybaea,Baill.,Madagascar
Malvaceae,Grewia cuneifolia,Juss.,Madagascar
Malvaceae,Grewia cyclea,Baill.,Madagascar
Malvaceae,Grewia delphinensis,Capuron,Madagascar
Malvaceae,Grewia diversipes,Capuron,Madagascar
Malvaceae,Grewia gautieri,Wahlert & Nusb.        ,Madagascar
Malvaceae,Grewia glandulosa,Vahl,Madagascar
Malvaceae,Grewia glyphaeoides,Baill.,Madagascar
Malvaceae,Grewia grandidieri,Baill.,Madagascar
Malvaceae,Grewia grevei,Baill.,Madagascar
Malvaceae,Grewia hispidissima,"Wahlert, Phillipson & Mabb.",Madagascar
Malvaceae,Grewia humblotii,Baill.,Madagascar
Malvaceae,Grewia lapiazicola,Capuron,Madagascar
Malvaceae,Grewia lavanalensis,Baill.,Madagascar
Malvaceae,Grewia leucophylla,Capuron,Madagascar
Malvaceae,Grewia luteiflora,Capuron,Madagascar
Malvaceae,Grewia mabberleyana,"Phillipson, Wahlert & Lowry    ",Madagascar
Malvaceae,Grewia madagascariensis,Capuron,Madagascar
Malvaceae,Grewia mahafaliensis,Capuron,Madagascar
Malvaceae,Grewia meridionalis,Capuron,Madagascar
Malvaceae,Grewia microcyclea,(Burret) Capuron & Mabb.,Madagascar
Malvaceae,Grewia monantha,Capuron ex Mabb.    ,Madagascar
Malvaceae,Grewia nitida,Juss.,Madagascar
Malvaceae,Grewia perrieri,Capuron,Madagascar
Malvaceae,Grewia pervillei,Baill.,Madagascar
Malvaceae,Grewia picta,Baill.,Madagascar
Malvaceae,Grewia rhomboides,Bojer,Madagascar
Malvaceae,Grewia sahafariensis,Capuron & Mabb.        ,Madagascar
Malvaceae,Grewia sambiranensis,Capuron,Madagascar
Malvaceae,Grewia speciosa,Burret,Madagascar
Malvaceae,Grewia suarezensis,Capuron,Madagascar
Malvaceae,Grewia subaequalis,Baill.,Madagascar
Malvaceae,Grewia tannifera,Hochr.,Madagascar
Malvaceae,Grewia thouvenotii,Danguy,Madagascar
Malvaceae,Grewia triflora,(Bojer) Walp.,Madagascar
Malvaceae,Grewia tsiandrensis,Capuron,Madagascar
Malvaceae,Grewia tulearensis,Capuron,Madagascar
Malvaceae,Hafotra superba,(Arènes) Dorr,Madagascar
Malvaceae,Helmiopsiella ctenostegia,(Hochr.) L.C.Barnett,Madagascar
Malvaceae,Helmiopsiella leandrii,(Hochr.) L.C. Barnett         ,Madagascar
Malvaceae,Helmiopsiella madagascariensis,Arènes,Madagascar
Malvaceae,Helmiopsiella poissonii,(Arènes) Capuron ex L.C. Barnett,Madagascar
Malvaceae,Helmiopsis bernieri,(Baill.) Arènes,Madagascar
Malvaceae,Helmiopsis boivinii,(Baill.) Arènes,Madagascar
Malvaceae,Helmiopsis glaberrima,Arènes,Madagascar
Malvaceae,Helmiopsis hily,Arènes,Madagascar
Malvaceae,Helmiopsis linearifolia,(Hochr.) Skema,Madagascar
Malvaceae,Helmiopsis polyandra,Appleq.,Madagascar
Malvaceae,Helmiopsis pseudopopulus,(Baill.) Capuron,Madagascar
Malvaceae,Helmiopsis richardii,(Baill.) Capuron ex Arènes,Madagascar
Malvaceae,Helmiopsis rigida,(Baill.) Dorr,Madagascar
Malvaceae,Helmiopsis sphaerocarpa,L.C.Barnett,Madagascar
Malvaceae,Heritiera littoralis,Aiton,Madagascar
Malvaceae,Hibiscus ambovombensis,Hochr.,Madagascar
Malvaceae,Hibiscus analalavensis,M.Hanes & G.E.Schatz,Madagascar
Malvaceae,Hibiscus ankaramyensis,Hochr.,Madagascar
Malvaceae,Hibiscus ankeranensis,M.Hanes & G.E.Schatz,Madagascar
Malvaceae,Hibiscus benedicti,"Callm., G.E.Schatz & M.Hanes",Madagascar
Malvaceae,Hibiscus bojerianus,Baill.,Madagascar
Malvaceae,Hibiscus calyculatus,"(Hochr.) M.Hanes, G.E.Schatz & Callm.",Madagascar
Malvaceae,Hibiscus diplocrater,Hochr.,Madagascar
Malvaceae,Hibiscus diversifolius,Jacq.,Madagascar
Malvaceae,Hibiscus ellisii,Baker,Madagascar
Malvaceae,Hibiscus grandistipulatus,(Hochr.) Hochr.          ,Madagascar
Malvaceae,Hibiscus lamalama,"Callm., Buerki & Koopm.",Madagascar
Malvaceae,Hibiscus lasiococcus,Baill.,Madagascar
Malvaceae,Hibiscus laurinus,Baill.,Madagascar
Malvaceae,Hibiscus macrogonus,Baill.,Madagascar
Malvaceae,Hibiscus mandrarensis,Humbert ex Hochr.,Madagascar
Malvaceae,Hibiscus mangindranensis,Hochr.,Madagascar
Malvaceae,Hibiscus megistanthus,Hochr.,Madagascar
Malvaceae,Hibiscus palmatifidus,Baker,Madagascar
Malvaceae,Hibiscus platanifolius,(Willd.) Sweet,Madagascar
Malvaceae,Hibiscus thespesianus,Baill.,Madagascar
Malvaceae,Hibiscus tiliaceus,L.,Madagascar
Malvaceae,Hibiscus vohipahensis,M.Hanes & G.E.Schatz,Madagascar
Malvaceae,Hildegardia ankaranensis,(Arènes) Kosterm.          ,Madagascar
Malvaceae,Hildegardia dauphinensis,J.G. Zaborsky     ,Madagascar
Malvaceae,Hildegardia erythrosiphon,(Baill.) Kosterm.,Madagascar
Malvaceae,Hildegardia perrieri,(Hochr.) Arènes          ,Madagascar
Malvaceae,Humbertiella decaryi,(Hochr.) Dorr          ,Madagascar
Malvaceae,Humbertiella foliosa,(Hochr. & Humbert) Dorr                  ,Madagascar
Malvaceae,Humbertiella henricii,Hochr.,Madagascar
Malvaceae,Humbertiella sakamaliensis,(Hochr.) Dorr,Madagascar
Malvaceae,Kosteletzkya retrobracteata,Hochr.,Madagascar
Malvaceae,Megistostegium nodulosum,(Drake) Hochr.,Madagascar
Malvaceae,Nesogordonia abrahamii,L.C. Barnett  ,Madagascar
Malvaceae,Nesogordonia ambalabeensis,Arènes,Madagascar
Malvaceae,Nesogordonia bernieri,Baill.,Madagascar
Malvaceae,Nesogordonia chrysocarpa,Rakotoar. & Callm.        ,Madagascar
Malvaceae,Nesogordonia crassipes,(Baill.) Capuron ex Arènes        ,Madagascar
Malvaceae,Nesogordonia fertilis,H.Perrier,Madagascar
Malvaceae,Nesogordonia humbertii,Capuron,Madagascar
Malvaceae,Nesogordonia macrophylla,Arènes,Madagascar
Malvaceae,Nesogordonia micrantha,Arènes,Madagascar
Malvaceae,Nesogordonia monantha,Arènes,Madagascar
Malvaceae,Nesogordonia normandii,Capuron,Madagascar
Malvaceae,Nesogordonia pachyneura,Capuron ex L.C. Barnett   ,Madagascar
Malvaceae,Nesogordonia rakotovaoi,Arènes,Madagascar
Malvaceae,Nesogordonia stylosa,H.Perrier,Madagascar
Malvaceae,Nesogordonia thouarsii,(Baill.) Capuron ex Arènes        ,Madagascar
Malvaceae,Pterygota madagascariensis,Arènes,Madagascar
Malvaceae,Pterygota perrieri,Hochr.,Madagascar
Malvaceae,Sparrmannia discolor,Baker,Madagascar
Malvaceae,Sparrmannia ricinocarpa,(Eckl. & Zeyh.) Kuntze,Madagascar
Malvaceae,Sterculia cheekii,Dorr,Madagascar
Malvaceae,Sterculia tavia,Baill.,Madagascar
Malvaceae,Thespesia gummiflua,Capuron,Madagascar
Malvaceae,Thespesia populnea,(L.) Sol. ex Corrêa,Madagascar
Melastomataceae,Dichaetanthera altissima,Cogn.,Madagascar
Melastomataceae,Dichaetanthera arborea,Baker,Madagascar
Melastomataceae,Dichaetanthera articulata,Endl.,Madagascar
Melastomataceae,Dichaetanthera asperrima,Cogn.,Madagascar
Melastomataceae,Dichaetanthera bifida,Jum. & H. Perrier       ,Madagascar
Melastomataceae,Dichaetanthera ciliata,Jum. & H. Perrier       ,Madagascar
Melastomataceae,Dichaetanthera cordifolia,Baker,Madagascar
Melastomataceae,Dichaetanthera grandifolia,Cogn.,Madagascar
Melastomataceae,Dichaetanthera heteromorpha,(Naudin) Triana       ,Madagascar
Melastomataceae,Dichaetanthera madagascariensis,Triana,Madagascar
Melastomataceae,Dichaetanthera oblongifolia,Baker,Madagascar
Melastomataceae,Dichaetanthera schatzii,Ranarivelo & Almeda,Madagascar
Melastomataceae,Dichaetanthera tsaratananensis,Jum. & H. Perrier       ,Madagascar
Melastomataceae,Lijndenia danguyana,(H. Perrier) Jacq.-Fél.         ,Madagascar
Melastomataceae,Lijndenia darainensis,R.D.Stone,Madagascar
Melastomataceae,Lijndenia meeusei,(H.Perrier) R.D.Stone,Madagascar
Melastomataceae,Lijndenia melastomoides,(Naudin) Jacq.-Fél.       ,Madagascar
Melastomataceae,Lijndenia ramiflora,Jacq.-Fél.,Madagascar
Melastomataceae,Lijndenia roborea,(Naudin) Jacq.-Fél.       ,Madagascar
Melastomataceae,Memecylon aberrans,H.Perrier,Madagascar
Melastomataceae,Memecylon acrogenum,R.D. Stone,Madagascar
Melastomataceae,Memecylon ambrense,Jacq.-Fél.,Madagascar
Melastomataceae,Memecylon antseranense,Jacq.-Fél.,Madagascar
Melastomataceae,Memecylon articulatum,R.D.Stone,Madagascar
Melastomataceae,Memecylon atractocarpum,R.D.Stone,Madagascar
Melastomataceae,Memecylon auratifolium,H.Perrier,Madagascar
Melastomataceae,Memecylon betamponense,R.D.Stone,Madagascar
Melastomataceae,Memecylon boinense,H.Perrier,Madagascar
Melastomataceae,Memecylon bracteatum,Jacq.-Fél.,Madagascar
Melastomataceae,Memecylon calcicola,R.D.Stone,Madagascar
Melastomataceae,Memecylon clavistaminum,Jacq.-Fél.,Madagascar
Melastomataceae,Memecylon corymbiforme,H.Perrier,Madagascar
Melastomataceae,Memecylon cotinifolioides,(H. Perrier) Jacq.-Fél.         ,Madagascar
Melastomataceae,Memecylon crassipetiolum,Jacq.-Fél.,Madagascar
Melastomataceae,Memecylon dalleizettei,H.Perrier,Madagascar
Melastomataceae,Memecylon delphinense,H.Perrier,Madagascar
Melastomataceae,Memecylon fianarantse,Danguy,Madagascar
Melastomataceae,Memecylon florosum,R.D.Stone,Madagascar
Melastomataceae,Memecylon fodinae,R.D.Stone,Madagascar
Melastomataceae,Memecylon futilifolium,R.D.Stone,Madagascar
Melastomataceae,Memecylon galeatum,H.Perrier,Madagascar
Melastomataceae,Memecylon infuscatum,Jacq.-Fél.,Madagascar
Melastomataceae,Memecylon ingens,R.D.Stone & D.Turk,Madagascar
Melastomataceae,Memecylon isaloense,Jacq.-Fél.,Madagascar
Melastomataceae,Memecylon laureolum,Jacq.-Fél.,Madagascar
Melastomataceae,Memecylon lemuricum,R.D.Stone,Madagascar
Melastomataceae,Memecylon longipetalum,H.Perrier,Madagascar
Melastomataceae,Memecylon louvelianum,H.Perrier,Madagascar
Melastomataceae,Memecylon matitanense,H.Perrier,Madagascar
Melastomataceae,Memecylon megaspermum,Jacq.-Fél.,Madagascar
Melastomataceae,Memecylon montis-gallicorum,R.D.Stone,Madagascar
Melastomataceae,Memecylon pedunculatum,Jacq.-Fél.,Madagascar
Melastomataceae,Memecylon perangustum,Jacq.-Fél.,Madagascar
Melastomataceae,Memecylon perditum,R.D. Stone,Madagascar
Melastomataceae,Memecylon pileatum,Jacq.-Fél.,Madagascar
Melastomataceae,Memecylon pseudopulvinatum,R.D.Stone,Madagascar
Melastomataceae,Memecylon roseum,H.Perrier,Madagascar
Melastomataceae,Memecylon sabulosum,Jacq.-Fél.,Madagascar
Melastomataceae,Memecylon sejunctum,R.D.Stone,Madagascar
Melastomataceae,Memecylon thouarsianum,R.D. Stone,Madagascar
Melastomataceae,Memecylon thouvenotii,Danguy,Madagascar
Melastomataceae,Memecylon toamasinense,Jacq.-Fél.,Madagascar
Melastomataceae,Memecylon tsaratananense,(H. Perrier) Jacq.-Fél.         ,Madagascar
Melastomataceae,Memecylon uapacoides,Jacq.-Fél.,Madagascar
Melastomataceae,Memecylon utericarpum,Jacq.-Fél.,Madagascar
Melastomataceae,Memecylon xiphophyllum,Jacq.-Fél.,Madagascar
Melastomataceae,Rousseauxia chrysophylla,(Desr.) DC.          ,Madagascar
Melastomataceae,Rousseauxia tamatavensis,(H. Perrier) Jacq.-Fél.         ,Madagascar
Melastomataceae,Warneckea atrovirens,Jacq.-Fél.,Madagascar
Melastomataceae,Warneckea madagascariensis,Jacq.-Fél.,Madagascar
Melastomataceae,Warneckea masoalae,R.D. Stone,Madagascar
Melastomataceae,Warneckea pulviniflora,Jacq.-Fél.,Madagascar
Melastomataceae,Warneckea sansibarica,(Taub.) Jacq.-Fél.,Madagascar
Melastomataceae,Warneckea urschii,(H. Perrier) Jacq.-Fél.         ,Madagascar
Meliaceae,Astrotrichilia asterotricha,(Radlk.) Cheek,Madagascar
Meliaceae,Astrotrichilia diegoensis,J.-F.Leroy & Lescot,Madagascar
Meliaceae,Astrotrichilia elegans,J.-F.Leroy & Lescot,Madagascar
Meliaceae,Astrotrichilia elliotii,(Harms) Cheek,Madagascar
Meliaceae,Astrotrichilia leroyana,"Wahlert, Phillipson & Callm.",Madagascar
Meliaceae,Astrotrichilia masoalensis,J.-F. Leroy,Madagascar
Meliaceae,Astrotrichilia parvifolia,J.-F. Leroy & Lescot,Madagascar
Meliaceae,Astrotrichilia procera,J.-F. Leroy,Madagascar
Meliaceae,Astrotrichilia rakodomena,J.-F. Leroy,Madagascar
Meliaceae,Astrotrichilia thouvenotii,J.-F. Leroy,Madagascar
Meliaceae,Astrotrichilia valiandra,J.-F. Leroy,Madagascar
Meliaceae,Astrotrichilia voamatata,J.-F. Leroy,Madagascar
Meliaceae,Astrotrichilia zombitsyensis,J.-F. Leroy & Lescot,Madagascar
Meliaceae,Capuronianthus mahafalensis,J.-F.Leroy,Madagascar
Meliaceae,Capuronianthus vohemarensis,J.-F.Leroy,Madagascar
Meliaceae,Humbertioturraea grandidieri,(Baill.) Cheek          ,Madagascar
Meliaceae,Humbertioturraea maculata,(Sm.) Cheek       ,Madagascar
Meliaceae,Khaya madagascariensis,Jum. & H.Perrier      ,Madagascar
Meliaceae,Lepidotrichilia ambrensis,J.-F. Leroy     ,Madagascar
Meliaceae,Lepidotrichilia convallariiodora,(Baill.) J.-F. Leroy         ,Madagascar
Meliaceae,Lepidotrichilia sambiranensis,J.-F. Leroy     ,Madagascar
Meliaceae,Malleastrum antsingyense,J.-F. Leroy     ,Madagascar
Meliaceae,Malleastrum letouzeyanum,J.-F. Leroy     ,Madagascar
Meliaceae,Malleastrum mandenense,J.-F. Leroy     ,Madagascar
Meliaceae,Malleastrum mocquerysi,(Aug. DC.) J.-F. Leroy        ,Madagascar
Meliaceae,Malleastrum obtusifolium,(C.DC.) J.-F. Leroy,Madagascar
Meliaceae,Malleastrum pseudodepauperatum,J.-F. Leroy     ,Madagascar
Meliaceae,Malleastrum sambiranense,J.-F. Leroy     ,Madagascar
Meliaceae,Malleastrum sepaliferum,J.-F. Leroy & Cheek   ,Madagascar
Meliaceae,Malleastrum tampolense,J.-F. Leroy     ,Madagascar
Meliaceae,Neobeguea ankaranensis,J.-F. Leroy     ,Madagascar
Meliaceae,Neobeguea leandriana,J.-F. Leroy     ,Madagascar
Meliaceae,Neobeguea mahafaliensis,J.-F. Leroy     ,Madagascar
Meliaceae,Quivisianthe papinae,Baill.,Madagascar
Meliaceae,Trichilia mucronata,(Cav.) Harms          ,Madagascar
Meliaceae,Trichilia sambiranensis,Callm. & Phillipson        ,Madagascar
Meliaceae,Trichilia tsaratananensis,Lescot,Madagascar
Meliaceae,Turraea andriamiarisoana,"Callm., Phillipson & Lowry",Madagascar
Meliaceae,Turraea anomala,(O.Hoffm.) Harms,Madagascar
Meliaceae,Turraea geayi,Danguy,Madagascar
Meliaceae,Turraea humbertii,Danguy,Madagascar
Meliaceae,Turraea lanceolata,Cav.,Madagascar
Meliaceae,Turraea richardii,Baill.,Madagascar
Meliaceae,Turraea sericea,Sm.,Madagascar
Meliaceae,Turraea thouvenotii,Danguy,Madagascar
Meliaceae,Turraea venulosa,Baker,Madagascar
Meliaceae,Xylocarpus granatum,J.Koenig,Madagascar
Menispermaceae,Burasaia australis,Scott-Elliot,Madagascar
Menispermaceae,Burasaia gracilis,Decne.,Madagascar
Menispermaceae,Burasaia madagascariensis,DC.,Madagascar
Menispermaceae,Spirospermum penduliflorum,DC.,Madagascar
Menispermaceae,Strychnopsis thouarsii,Baill.,Madagascar
Metteniusaceae,Apodytes bebile,"Labat, R.Rabev. & El-Achkar",Madagascar
Metteniusaceae,Apodytes dimidiata,E.Mey. ex Arn.,Madagascar
Metteniusaceae,Apodytes grandifolia,(Miers) Benth. & Hook.f. ex B.D.Jacks.,Madagascar
Metteniusaceae,Apodytes thouvenotii,Danguy,Madagascar
Monimiaceae,Decarydendron helenae,Danguy,Madagascar
Monimiaceae,Decarydendron lamii,Cavaco,Madagascar
Monimiaceae,Decarydendron perrieri,Cavaco,Madagascar
Monimiaceae,Decarydendron ranomafanensis,Lorence & Razafim.        ,Madagascar
Monimiaceae,Ephippiandra madagascariensis,(Danguy) Lorence,Madagascar
Monimiaceae,Ephippiandra masoalensis,Lorence,Madagascar
Monimiaceae,Ephippiandra perrieri,(Cavaco) Lorence,Madagascar
Monimiaceae,Ephippiandra tsaratanensis,(Cavaco) Lorence,Madagascar
Monimiaceae,Tambourissa alaticarpa,Lorence,Madagascar
Monimiaceae,Tambourissa bathiei,Cavaco,Madagascar
Monimiaceae,Tambourissa beanjadensis,Lorence,Madagascar
Monimiaceae,Tambourissa bosseri,Jérémie & Lorence        ,Madagascar
Monimiaceae,Tambourissa capuronii,Cavaco,Madagascar
Monimiaceae,Tambourissa castri-delphini,Cavaco,Madagascar
Monimiaceae,Tambourissa decaryana,Cavaco,Madagascar
Monimiaceae,Tambourissa dorrii,Lorence & Jérémie        ,Madagascar
Monimiaceae,Tambourissa floricostata,Cavaco,Madagascar
Monimiaceae,Tambourissa gracilis,Perkins,Madagascar
Monimiaceae,Tambourissa hildebrandtii,Perkins,Madagascar
Monimiaceae,Tambourissa humbertii,Cavaco,Madagascar
Monimiaceae,Tambourissa lastelliana,(Baill.) Drake,Madagascar
Monimiaceae,Tambourissa longicarpa,Lorence,Madagascar
Monimiaceae,Tambourissa madagascariensis,Cavaco,Madagascar
Monimiaceae,Tambourissa mandrarensis,Jérémie & Lorence        ,Madagascar
Monimiaceae,Tambourissa manongarivensis,Lorence,Madagascar
Monimiaceae,Tambourissa masoalensis,Lorence & Jérémie        ,Madagascar
Monimiaceae,Tambourissa nicolliae,Jérémie & Lorence        ,Madagascar
Monimiaceae,Tambourissa nitida,Danguy,Madagascar
Monimiaceae,Tambourissa nosybensis,Lorence,Madagascar
Monimiaceae,Tambourissa parvifolia,Baker,Madagascar
Monimiaceae,Tambourissa perrieri,Drake,Madagascar
Monimiaceae,Tambourissa purpurea,(Tul.) A. DC.                ,Madagascar
Monimiaceae,Tambourissa rakotozafyi,Lorence & Jérémie        ,Madagascar
Monimiaceae,Tambourissa religiosa,(Tul.) A. DC.                ,Madagascar
Monimiaceae,Tambourissa thouvenotii,Danguy,Madagascar
Monimiaceae,Tambourissa trichophylla,Baker,Madagascar
Monimiaceae,Tambourissa uapacifolia,Cavaco,Madagascar
Montiniaceae,Kaliphora madagascariensis,Hook.f.,Madagascar
Moraceae,Allaeanthus greveanus,(Baill.) Capuron,Madagascar
Moraceae,Ampalis dimepate,(Bureau) E.M.Gardner,Madagascar
Moraceae,Ampalis mauritiana,(Jacq.) Urb.,Madagascar
Moraceae,Antiaris toxicaria,(J.F.Gmel.) Lesch.,Madagascar
Moraceae,Ficus ampana,C.C.Berg,Madagascar
Moraceae,Ficus antandronarum,(H.Perrier) C.C.Berg,Madagascar
Moraceae,Ficus assimilis,Baker,Madagascar
Moraceae,Ficus bivalvata,H.Perrier,Madagascar
Moraceae,Ficus bojeri,Baker,Madagascar
Moraceae,Ficus botryoides,Baker,Madagascar
Moraceae,Ficus brachyclada,Baker,Madagascar
Moraceae,Ficus grevei,Baill.,Madagascar
Moraceae,Ficus humbertii,C.C.Berg,Madagascar
Moraceae,Ficus lutea,Vahl,Madagascar
Moraceae,Ficus madagascariensis,C.C.Berg,Madagascar
Moraceae,Ficus marmorata,Bojer ex Baker,Madagascar
Moraceae,Ficus menabeensis,H.Perrier,Madagascar
Moraceae,Ficus pachyclada,Baker,Madagascar
Moraceae,Ficus polita,Vahl,Madagascar
Moraceae,Ficus politoria,Lam.,Madagascar
Moraceae,Ficus polyphlebia,Baker,Madagascar
Moraceae,Ficus reflexa,Thunb.,Madagascar
Moraceae,Ficus rubra,Vahl,Madagascar
Moraceae,Ficus sakalavarum,Baker,Madagascar
Moraceae,Ficus sycomorus,L.,Madagascar
Moraceae,Ficus tiliifolia,Baker,Madagascar
Moraceae,Ficus torrentium,H.Perrier,Madagascar
Moraceae,Ficus trichopoda,Baker,Madagascar
Moraceae,Maclura africana,(Bureau) Corner,Madagascar
Moraceae,Maillardia montana,Leandri,Madagascar
Moraceae,Treculia africana,Decne. ex Trécul,Madagascar
Moraceae,Trilepisium madagascariense,DC.,Madagascar
Moringaceae,Moringa drouhardii,Jum.,Madagascar
Moringaceae,Moringa hildebrandtii,Engl.,Madagascar
Myricaceae,Morella serrata,(Lam.) Killick,Madagascar
Myricaceae,Morella spathulata,(Mirb.) Verdc. & Polhill     ,Madagascar
Myristicaceae,Brochoneura acuminata,(Lam.) Warb.,Madagascar
Myristicaceae,Brochoneura dardainei,Heckel,Madagascar
Myristicaceae,Doyleanthus arillata,Capuron ex Sauquet    ,Madagascar
Myristicaceae,Haematodendron glabrum,Capuron,Madagascar
Myristicaceae,Mauloutchia annickiae,Sauquet,Madagascar
Myristicaceae,Mauloutchia capuronii,Sauquet,Madagascar
Myristicaceae,Mauloutchia chapelieri,(Baill.) Warb.          ,Madagascar
Myristicaceae,Mauloutchia coriacea,Capuron,Madagascar
Myristicaceae,Mauloutchia echinocarpa,Capuron ex Sauquet    ,Madagascar
Myristicaceae,Mauloutchia heckelii,Capuron,Madagascar
Myristicaceae,Mauloutchia humblotii,(H. Perrier) Capuron,Madagascar
Myristicaceae,Mauloutchia parvifolia,Capuron,Madagascar
Myristicaceae,Mauloutchia sambiranensis,(Capuron) Sauquet          ,Madagascar
Myrtaceae,Eugenia alaotrensis,H.Perrier,Madagascar
Myrtaceae,Eugenia ambanizanensis,N.Snow,Madagascar
Myrtaceae,Eugenia analamerensis,H.Perrier,Madagascar
Myrtaceae,Eugenia andapae,N. Snow   ,Madagascar
Myrtaceae,Eugenia antongilensis,H.Perrier,Madagascar
Myrtaceae,Eugenia ardyceae,N.Snow,Madagascar
Myrtaceae,Eugenia arenicola,H.Perrier,Madagascar
Myrtaceae,Eugenia arthroopoda,Baill. ex Drake,Madagascar
Myrtaceae,Eugenia calciscopulorum,N. Snow   ,Madagascar
Myrtaceae,Eugenia cassinoides,Lam.,Madagascar
Myrtaceae,Eugenia cloiselii,H.Perrier,Madagascar
Myrtaceae,Eugenia delicatissima,"N. Snow, Callm. & Phillipson    ",Madagascar
Myrtaceae,Eugenia echinulata,N. Snow   ,Madagascar
Myrtaceae,Eugenia gandhii,N. Snow   ,Madagascar
Myrtaceae,Eugenia goviala,H.Perrier,Madagascar
Myrtaceae,Eugenia guajavoides,N. Snow & F. Randriat.,Madagascar
Myrtaceae,Eugenia guillotii,Hochr.,Madagascar
Myrtaceae,Eugenia hazompasika,H.Perrier,Madagascar
Myrtaceae,Eugenia iantarensis,N. Snow   ,Madagascar
Myrtaceae,Eugenia lokohensis,H.Perrier,Madagascar
Myrtaceae,Eugenia louisae,N.Snow,Madagascar
Myrtaceae,Eugenia louvelii,H.Perrier,Madagascar
Myrtaceae,Eugenia malcomberi,N. Snow   ,Madagascar
Myrtaceae,Eugenia manomboensis,N. Snow   ,Madagascar
Myrtaceae,Eugenia manonae,N. Snow & Rabenant. ,Madagascar
Myrtaceae,Eugenia muscicola,H.Perrier,Madagascar
Myrtaceae,Eugenia nompa,H.Perrier,Madagascar
Myrtaceae,Eugenia nosibensis,N.Snow,Madagascar
Myrtaceae,Eugenia obovatifolia,N. Snow   ,Madagascar
Myrtaceae,Eugenia pluricymosa,H.Perrier,Madagascar
Myrtaceae,Eugenia randrianasoloi,J.S.Mill.,Madagascar
Myrtaceae,Eugenia ranomafana,N. Snow & D.Turk ,Madagascar
Myrtaceae,Eugenia ravelonarivoi,N. Snow & Callm. ,Madagascar
Myrtaceae,Eugenia razakamalalae,N. Snow & Callm. ,Madagascar
Myrtaceae,Eugenia roseopetiolata,N. Snow & S. Cable,Madagascar
Myrtaceae,Eugenia schatzii,J.S.Mill.,Madagascar
Myrtaceae,Eugenia scottii,H.Perrier,Madagascar
Myrtaceae,Eugenia sihanakensis,H.Perrier,Madagascar
Myrtaceae,Eugenia stibephylla,N. Snow & Rabehevitra ,Madagascar
Myrtaceae,Eugenia stictophylla,N. Snow & Razafimamonjy ,Madagascar
Myrtaceae,Eugenia thouvenotiana,H.Perrier,Madagascar
Myrtaceae,Eugenia tiampoka,N. Snow & Callm. ,Madagascar
Myrtaceae,Eugenia tropophylla,H.Perrier,Madagascar
Myrtaceae,Eugenia urschiana,H.Perrier,Madagascar
Myrtaceae,Eugenia vanwykiana,N. Snow   ,Madagascar
Myrtaceae,Eugenia vatomandrensis,H.Perrier,Madagascar
Myrtaceae,Eugenia viguieriana,H.Perrier,Madagascar
Myrtaceae,Eugenia vilersii,H.Perrier,Madagascar
Myrtaceae,Eugenia williamsiana,N. Snow   ,Madagascar
Myrtaceae,Eugenia wilsoniana,N. Snow   ,Madagascar
Myrtaceae,Eugenia zygophylla,Govaerts,Madagascar
Myrtaceae,Syzygium aurantiacum,(H.Perrier) Labat & Schatz,Madagascar
Myrtaceae,Syzygium bernieri,(Baill. ex Drake) Labat & Schatz,Madagascar
Myrtaceae,Syzygium condensatum,(Baker) Labat & Schatz,Madagascar
Myrtaceae,Syzygium danguyanum,(H.Perrier) Labat & Schatz,Madagascar
Myrtaceae,Syzygium emirnense,(Baker) Labat & Schatz,Madagascar
Myrtaceae,Syzygium loiseleurioides,(Baker) Govaerts,Madagascar
Myrtaceae,Syzygium lugubre,(H.Perrier) Labat & Schatz,Madagascar
Myrtaceae,Syzygium micropodum,(Baker) Labat & Schatz,Madagascar
Myrtaceae,Syzygium onivense,(H.Perrier) Labat & Schatz,Madagascar
Myrtaceae,Syzygium parkeri,(Baker) Labat & Schatz,Madagascar
Myrtaceae,Syzygium phillyreifolium,(Baker) Labat & Schatz,Madagascar
Myrtaceae,Syzygium sakalavarum,(H.Perrier) Labat & Schatz,Madagascar
Myrtaceae,Syzygium sambiranense,(H.Perrier) Labat & Schatz,Madagascar
Myrtaceae,Syzygium tapiaka,(H.Perrier) Labat & Schatz,Madagascar
Myrtaceae,Syzygium thouvenotii,(Danguy) Byng          ,Madagascar
Nyctaginaceae,Ceodes umbellifera,J.R.Forst. & G.Forst.,Madagascar
Nyctaginaceae,Pisonia aculeata,L.,Madagascar
Nyctaginaceae,Pisonia grandis,R.Br.,Madagascar
Ochnaceae,Campylospermum anceps,(Baker) H.Perrier,Madagascar
Ochnaceae,Campylospermum angulatum,(DC.) Tiegh.,Madagascar
Ochnaceae,Campylospermum deltoideum,(Baker) Tiegh.,Madagascar
Ochnaceae,Campylospermum dependens,(DC.) H.Perrier,Madagascar
Ochnaceae,Campylospermum obtusifolium,(DC.) Tiegh.,Madagascar
Ochnaceae,Campylospermum perseifolium,(Baker) Tiegh.,Madagascar
Ochnaceae,Ochna baronii,(Tiegh.) Callm. & Phillipson     ,Madagascar
Ochnaceae,Ochna ciliata,Lam.,Madagascar
Ochnaceae,Ochna louvelii,(H. Perrier) Callm. & Phillipson       ,Madagascar
Ochnaceae,Ochna macrantha,Baker,Madagascar
Ochnaceae,Ochna sambiranensis,Callm. & Phillipson        ,Madagascar
Ochnaceae,Ochna thouvenotii,(H. Perrier) Callm. & Phillipson       ,Madagascar
Olacaceae,Anacolosa casearioides,Cavaco & Keraudren,Madagascar
Olacaceae,Anacolosa pervilleana,Baill.,Madagascar
Olacaceae,Olax antsiranensis,"Z.S. Rogers, Malécot & Sikes",Madagascar
Olacaceae,Olax capuronii,"Z.S. Rogers, Malécot & Sikes",Madagascar
Olacaceae,Olax emirnensis,Baker,Madagascar
Olacaceae,Olax lanceolata,Cavaco & Keraudren        ,Madagascar
Olacaceae,Olax madagascariensis,(DC.) Valeton          ,Madagascar
Olacaceae,Olax thouarsii,(DC.) Valeton          ,Madagascar
Olacaceae,Phanerodiscus capuronii,"Malécot, G.E. Schatz & Bosser",Madagascar
Olacaceae,Phanerodiscus diospyroidea,Capuron,Madagascar
Olacaceae,Phanerodiscus perrieri,Cavaco,Madagascar
Olacaceae,Ximenia caffra,Sond.,Madagascar
Oleaceae,Noronhia alleizettei,Dubard,Madagascar
Oleaceae,Noronhia aminae,Hong-Wa,Madagascar
Oleaceae,Noronhia ankaranensis,(H. Perrier) Hong-Wa,Madagascar
Oleaceae,Noronhia armandiana,Hong-Wa,Madagascar
Oleaceae,Noronhia boinensis,H.Perrier,Madagascar
Oleaceae,Noronhia boivinii,Dubard,Madagascar
Oleaceae,Noronhia brevituba,H.Perrier,Madagascar
Oleaceae,Noronhia buxifolia,H.Perrier,Madagascar
Oleaceae,Noronhia candicans,H.Perrier,Madagascar
Oleaceae,Noronhia capuronii,Bosser,Madagascar
Oleaceae,Noronhia christenseniana,Hong-Wa,Madagascar
Oleaceae,Noronhia coriacea,Hong-Wa,Madagascar
Oleaceae,Noronhia crassinodis,H.Perrier,Madagascar
Oleaceae,Noronhia crassiramosa,H.Perrier,Madagascar
Oleaceae,Noronhia cuspidata,Hong-Wa,Madagascar
Oleaceae,Noronhia dauphinensis,Hong-Wa,Madagascar
Oleaceae,Noronhia decaryana,H.Perrier,Madagascar
Oleaceae,Noronhia densiflora,Bosser,Madagascar
Oleaceae,Noronhia disjuncta,Hong-Wa,Madagascar
Oleaceae,Noronhia divaricata,Scott Elliot,Madagascar
Oleaceae,Noronhia domatifera,Hong-Wa,Madagascar
Oleaceae,Noronhia edentata,Hong-Wa,Madagascar
Oleaceae,Noronhia emarginata,(Lam.) Poir.,Madagascar
Oleaceae,Noronhia gracilipes,H.Perrier,Madagascar
Oleaceae,Noronhia grandifolia,H.Perrier,Madagascar
Oleaceae,Noronhia greeniana,Hong-Wa,Madagascar
Oleaceae,Noronhia humbertiana,H.Perrier,Madagascar
Oleaceae,Noronhia humblotiana,(H. Perrier) Hong-Wa,Madagascar
Oleaceae,Noronhia incurvifolia,(H.Perrier) Hong-Wa & Besnard,Madagascar
Oleaceae,Noronhia introversa,H.Perrier,Madagascar
Oleaceae,Noronhia lanceolata,H.Perrier,Madagascar
Oleaceae,Noronhia leandriana,H.Perrier,Madagascar
Oleaceae,Noronhia linearifolia,Boivin ex Dubard,Madagascar
Oleaceae,Noronhia linocerioides,H.Perrier,Madagascar
Oleaceae,Noronhia longipedicellata,H.Perrier,Madagascar
Oleaceae,Noronhia louvelii,H.Perrier,Madagascar
Oleaceae,Noronhia luteola,H.Perrier,Madagascar
Oleaceae,Noronhia macrocarpa,Hong-Wa,Madagascar
Oleaceae,Noronhia maculata,Hong-Wa,Madagascar
Oleaceae,Noronhia mangorensis,H.Perrier,Madagascar
Oleaceae,Noronhia marinae,Hong-Wa,Madagascar
Oleaceae,Noronhia marojejyensis,Hong-Wa,Madagascar
Oleaceae,Noronhia martiniana,Hong-Wa,Madagascar
Oleaceae,Noronhia myrtoides,H.Perrier,Madagascar
Oleaceae,Noronhia oblanceolata,H.Perrier,Madagascar
Oleaceae,Noronhia obtusifolia,(Lam.) Hong-Wa & Besnard,Madagascar
Oleaceae,Noronhia olearia,Hong-Wa,Madagascar
Oleaceae,Noronhia orientalis,Hong-Wa,Madagascar
Oleaceae,Noronhia patricei,Hong-Wa,Madagascar
Oleaceae,Noronhia peracuminata,H.Perrier,Madagascar
Oleaceae,Noronhia perrieriana,Hong-Wa,Madagascar
Oleaceae,Noronhia pervilleana,(Knobl.) H.Perrier,Madagascar
Oleaceae,Noronhia planifolia,Hong-Wa,Madagascar
Oleaceae,Noronhia populifolia,H.Perrier,Madagascar
Oleaceae,Noronhia retusifolia,Hong-Wa,Madagascar
Oleaceae,Noronhia richardii,Hong-Wa,Madagascar
Oleaceae,Noronhia rollandii,Hong-Wa,Madagascar
Oleaceae,Noronhia rostrata,Hong-Wa,Madagascar
Oleaceae,Noronhia sambiranensis,H.Perrier,Madagascar
Oleaceae,Noronhia schatzii,Hong-Wa,Madagascar
Oleaceae,Noronhia seyrigii,H.Perrier,Madagascar
Oleaceae,Noronhia similis,Hong-Wa,Madagascar
Oleaceae,Noronhia stevensiana,Hong-Wa,Madagascar
Oleaceae,Noronhia tefyana,Hong-Wa,Madagascar
Oleaceae,Noronhia tetrandra,H.Perrier,Madagascar
Oleaceae,Noronhia tropophylla,(H.Perrier) Hong-Wa & Besnard,Madagascar
Oleaceae,Noronhia tubulosa,H.Perrier,Madagascar
Oleaceae,Noronhia urceolata,H.Perrier,Madagascar
Oleaceae,Noronhia variabilis,Hong-Wa,Madagascar
Oleaceae,Noronhia verrucosa,H.Perrier,Madagascar
Oleaceae,Noronhia verticillata,H.Perrier,Madagascar
Oleaceae,Olea capensis,L.,Madagascar
Oleaceae,Olea lancea,Lam.,Madagascar
Oleaceae,Schrebera australis,"Frasier, G.E.Schatz & Hong-Wa",Madagascar
Oleaceae,Schrebera capuronii,Bosser & R.Rabev.,Madagascar
Oleaceae,Schrebera humbertii,"Capuron ex Frasier, G.E.Schatz & Hong-Wa",Madagascar
Oleaceae,Schrebera littoralis,"Frasier, G.E.Schatz & Hong-Wa",Madagascar
Oleaceae,Schrebera madagascariensis,(H.Perrier) Hong-Wa & Besnard,Madagascar
Oleaceae,Schrebera minor,(H.Perrier) Hong-Wa & Besnard,Madagascar
Oleaceae,Schrebera montana,"Frasier, G.E.Schatz & Hong-Wa",Madagascar
Oleaceae,Schrebera orientalis,Bosser & R.Rabev.,Madagascar
Oleaceae,Schrebera trifoliata,"Frasier, G.E.Schatz & Hong-Wa",Madagascar
Pandanaceae,Martellidendron androcephalanthos,(Martelli) Callm. & Chassot,Madagascar
Pandanaceae,Martellidendron cruciatum,(Pic.Serm.) Callm. & Chassot,Madagascar
Pandanaceae,Martellidendron gallinarum,(Callm.) Callm.,Madagascar
Pandanaceae,Martellidendron karaka,(Martelli) Callm.,Madagascar
Pandanaceae,Martellidendron kariangense,(Huynh) Callm.,Madagascar
Pandanaceae,Pandanus alpestris,Martelli,Madagascar
Pandanaceae,Pandanus alveolatus,Huynh,Madagascar
Pandanaceae,Pandanus ambalavaoensis,Huynh,Madagascar
Pandanaceae,Pandanus ambongensis,Martelli,Madagascar
Pandanaceae,Pandanus analamazaotrensis,Martelli,Madagascar
Pandanaceae,Pandanus analamerensis,Huynh,Madagascar
Pandanaceae,Pandanus andringitrensis,Huynh,Madagascar
Pandanaceae,Pandanus ankaranensis,Callm. & Laivao        ,Madagascar
Pandanaceae,Pandanus arenicola,Huynh,Madagascar
Pandanaceae,Pandanus aridus,H.St.John,Madagascar
Pandanaceae,Pandanus bakeri,Warb.,Madagascar
Pandanaceae,Pandanus barbellatus,Huynh,Madagascar
Pandanaceae,Pandanus bipyramidatus,Martelli,Madagascar
Pandanaceae,Pandanus boivinii,Solms,Madagascar
Pandanaceae,Pandanus callmanderianus,Laivao & Buerki,Madagascar
Pandanaceae,Pandanus ceratophorus,Baker,Madagascar
Pandanaceae,Pandanus comatus,Martelli,Madagascar
Pandanaceae,Pandanus concretus,Baker,Madagascar
Pandanaceae,Pandanus connatus,H.St.John,Madagascar
Pandanaceae,Pandanus coriaceus,Huynh,Madagascar
Pandanaceae,Pandanus diffusus,Martelli,Madagascar
Pandanaceae,Pandanus dyckioides,Baker,Madagascar
Pandanaceae,Pandanus flagellibracteatus,Huynh,Madagascar
Pandanaceae,Pandanus grallatus,B.C.Stone,Madagascar
Pandanaceae,Pandanus guillaumetii,B.C.Stone,Madagascar
Pandanaceae,Pandanus humbertii,"Laivao, Callm. & Buerki",Madagascar
Pandanaceae,Pandanus imerinensis,Martelli,Madagascar
Pandanaceae,Pandanus insuetus,Huynh,Madagascar
Pandanaceae,Pandanus kimlangii,Callm. & Laivao,Madagascar
Pandanaceae,Pandanus kuepferi,"Callm., Wohlh. & Laivao",Madagascar
Pandanaceae,Pandanus latistigmaticus,Huynh,Madagascar
Pandanaceae,Pandanus leptopodus,Martelli,Madagascar
Pandanaceae,Pandanus linguiformis,B.C.Stone,Madagascar
Pandanaceae,Pandanus longecuspidatus,Pic.Serm.,Madagascar
Pandanaceae,Pandanus longipes,H.Perrier ex Martelli,Madagascar
Pandanaceae,Pandanus longissimipedunculatus,Martelli,Madagascar
Pandanaceae,Pandanus longistylus,Martelli & Pic.Serm.,Madagascar
Pandanaceae,Pandanus macrophyllus,Martelli,Madagascar
Pandanaceae,Pandanus malgassicus,Pic.Serm.,Madagascar
Pandanaceae,Pandanus mammillaris,Martelli & Pic.Serm.,Madagascar
Pandanaceae,Pandanus manamboloensis,Huynh,Madagascar
Pandanaceae,Pandanus mangokensis,Martelli,Madagascar
Pandanaceae,Pandanus marojejicus,Callm. & Laivao,Madagascar
Pandanaceae,Pandanus maromokotrensis,Callm. & Wohlh.,Madagascar
Pandanaceae,Pandanus microcephalus,Baker,Madagascar
Pandanaceae,Pandanus myriocarpus,Baker,Madagascar
Pandanaceae,Pandanus namakiensis,Martelli,Madagascar
Pandanaceae,Pandanus neoleptopodus,Pic.Serm.,Madagascar
Pandanaceae,Pandanus nusbaumeri,Callm. & L.Gaut.,Madagascar
Pandanaceae,Pandanus oligocarpus,Martelli,Madagascar
Pandanaceae,Pandanus oligocephalus,Baker,Madagascar
Pandanaceae,Pandanus perrieri,Martelli,Madagascar
Pandanaceae,Pandanus pervilleanus,(Gaudich.) Kurz,Madagascar
Pandanaceae,Pandanus platyphyllus,Martelli,Madagascar
Pandanaceae,Pandanus pluriloculatus,H.St.John,Madagascar
Pandanaceae,Pandanus princeps,B.C.Stone,Madagascar
Pandanaceae,Pandanus pristis,B.C.Stone,Madagascar
Pandanaceae,Pandanus pseudobathiei,Pic.Serm.,Madagascar
Pandanaceae,Pandanus rollotii,Martelli,Madagascar
Pandanaceae,Pandanus sambiranensis,Martelli,Madagascar
Pandanaceae,Pandanus saxatilis,Martelli,Madagascar
Pandanaceae,Pandanus sermollianus,Callm. & Buerki,Madagascar
Pandanaceae,Pandanus spicatus,H.St.John,Madagascar
Pandanaceae,Pandanus spinifer,Warb.,Madagascar
Pandanaceae,Pandanus tabellarius,Huynh,Madagascar
Pandanaceae,Pandanus tazoanii,Callm. & Wohlh.,Madagascar
Pandanaceae,Pandanus tolanarensis,Huynh,Madagascar
Pandanaceae,Pandanus tsaratananensis,Martelli,Madagascar
Pandanaceae,Pandanus tsingycola,Callm. & Nusb.        ,Madagascar
Pandanaceae,Pandanus variabilis,Martelli,Madagascar
Passifloraceae,Arboa antsingyae,(Arbo) Thulin & Razafim.,Madagascar
Passifloraceae,Arboa integrifolia,(Claverie) Thulin & Razafim.,Madagascar
Passifloraceae,Paropsia grandiflora,Sleumer,Madagascar
Passifloraceae,Paropsia humblotii,H.Perrier,Madagascar
Passifloraceae,Paropsia madagascariensis,(Mast.) H. Perrier      ,Madagascar
Passifloraceae,Paropsia obscura,O. Hoffm.   ,Madagascar
Passifloraceae,Paropsia perrieri,Claverie,Madagascar
Pedaliaceae,Uncarina ankaranensis,Ihlenf.,Madagascar
Pedaliaceae,Uncarina grandidieri,(Baill.) Stapf,Madagascar
Pedaliaceae,Uncarina platycarpa,Lavranos,Madagascar
Pedaliaceae,Uncarina stellulifera,Humbert,Madagascar
Pedaliaceae,Uncarina turicana,Lavranos,Madagascar
Peraceae,Chaetocarpus rabaraba,Capuron,Madagascar
Phyllanthaceae,Antidesma madagascariense,Lam.,Madagascar
Phyllanthaceae,Bridelia pervilleana,Baill.,Madagascar
Phyllanthaceae,Bridelia tulasneana,Baill.,Madagascar
Phyllanthaceae,Cleistanthus boivinianus,(Baill.) Müll.Arg.,Madagascar
Phyllanthaceae,Cleistanthus capuronii,Leandri,Madagascar
Phyllanthaceae,Cleistanthus occidentalis,(Leandri) Leandri,Madagascar
Phyllanthaceae,Cleistanthus perrieri,Leandri,Madagascar
Phyllanthaceae,Cleistanthus stenonia,(Baill.) Jabl.,Madagascar
Phyllanthaceae,Cleistanthus suarezensis,Leandri,Madagascar
Phyllanthaceae,Flueggea virosa,(Roxb. ex Willd.) Royle,Madagascar
Phyllanthaceae,Lingelsheimia abbayesii,(Leandri) Radcl.-Sm.,Madagascar
Phyllanthaceae,Lingelsheimia ambigua,(Leandri) Radcl.-Sm.,Madagascar
Phyllanthaceae,Lingelsheimia fiherenensis,(Leandri) Radcl.-Sm.          ,Madagascar
Phyllanthaceae,Lingelsheimia manongarivensis,(Leandri) G.L.Webster,Madagascar
Phyllanthaceae,Margaritaria anomala,(Baill.) Fosberg,Madagascar
Phyllanthaceae,Margaritaria decaryana,(Leandri) G.L.Webster,Madagascar
Phyllanthaceae,Margaritaria hispidula,G.L.Webster,Madagascar
Phyllanthaceae,Margaritaria rhomboidalis,(Baill.) G.L.Webster,Madagascar
Phyllanthaceae,Meineckia websteri,Brunel & J.Roux,Madagascar
Phyllanthaceae,Phyllanthus ambatovolana,Leandri,Madagascar
Phyllanthaceae,Phyllanthus analamerae,Leandri,Madagascar
Phyllanthaceae,Phyllanthus bemangidiensis,Ralim.,Madagascar
Phyllanthaceae,Phyllanthus casticum,P.Willemet,Madagascar
Phyllanthaceae,Phyllanthus fuscoluridus,Müll.Arg.,Madagascar
Phyllanthaceae,Phyllanthus oreichtitus,Leandri,Madagascar
Phyllanthaceae,Phyllanthus pervilleanus,(Baill.) Müll.Arg.,Madagascar
Phyllanthaceae,Securinega antsingyensis,Leandri,Madagascar
Phyllanthaceae,Securinega capuronii,Leandri,Madagascar
Phyllanthaceae,Securinega durissima,J.F.Gmel.,Madagascar
Phyllanthaceae,Securinega perrieri,Leandri,Madagascar
Phyllanthaceae,Securinega seyrigii,Leandri,Madagascar
Phyllanthaceae,Thecacoris cometia,Leandri,Madagascar
Phyllanthaceae,Thecacoris humbertii,Leandri,Madagascar
Phyllanthaceae,Thecacoris madagascariensis,A.Juss.,Madagascar
Phyllanthaceae,Thecacoris perrieri,Leandri,Madagascar
Phyllanthaceae,Uapaca ambanjensis,Leandri,Madagascar
Phyllanthaceae,Uapaca amplifolia,Denis,Madagascar
Phyllanthaceae,Uapaca bojeri,Baill.,Madagascar
Phyllanthaceae,Uapaca densifolia,Baker,Madagascar
Phyllanthaceae,Uapaca ferruginea,Baill.,Madagascar
Phyllanthaceae,Uapaca littoralis,Denis,Madagascar
Phyllanthaceae,Uapaca louvelii,Denis,Madagascar
Phyllanthaceae,Uapaca thouarsii,Baill.,Madagascar
Phyllanthaceae,Wielandia bemarensis,(Leandri) Petra Hoffm. & McPherson,Madagascar
Phyllanthaceae,Wielandia bojeriana,(Baill.) Petra Hoffm. & McPherson,Madagascar
Phyllanthaceae,Wielandia danguyana,(Leandri) Petra Hoffm. & McPherson,Madagascar
Phyllanthaceae,Wielandia elegans,Baill.,Madagascar
Phyllanthaceae,Wielandia fadenii,(Radcl.-Sm.) Petra Hoffm. & McPherson,Madagascar
Phyllanthaceae,Wielandia laureola,(Baill.) Petra Hoffm. & McPherson,Madagascar
Phyllanthaceae,Wielandia leandriana,(Petra Hoffm. & McPherson) Petra Hoffm. & McPherson,Madagascar
Phyllanthaceae,Wielandia mimosoides,(Baill.) Petra Hoffm. & McPherson,Madagascar
Phyllanthaceae,Wielandia oblongifolia,(Baill.) Petra Hoffm. & McPherson,Madagascar
Phyllanthaceae,Wielandia platyrachis,(Baill.) Petra Hoffm. & McPherson,Madagascar
Phyllanthaceae,Wielandia ranavalonae,(Leandri) Petra Hoffm. & McPherson,Madagascar
Phyllanthaceae,Wielandia tanalorum,(Leandri) Petra Hoffm. & McPherson,Madagascar
Phyllanthaceae,Wielandia unifex,Petra Hoffm. & McPherson,Madagascar
Physenaceae,Physena madagascariensis,Steud.,Madagascar
Physenaceae,Physena sessiliflora,Tul.,Madagascar
Picrodendraceae,Androstachys johnsonii,Prain,Madagascar
Picrodendraceae,Aristogeitonia lophirifolia,Radcl.-Sm.,Madagascar
Picrodendraceae,Aristogeitonia perrieri,(Leandri) Radcl.-Sm.,Madagascar
Picrodendraceae,Aristogeitonia uapacifolia,Radcl.-Sm.,Madagascar
Picrodendraceae,Stachyandra imberbis,(Airy Shaw) Radcl.-Sm.,Madagascar
Picrodendraceae,Stachyandra merana,(Airy Shaw) J.-F.Leroy ex Radcl.-Sm.,Madagascar
Picrodendraceae,Stachyandra rufibarbis,(Airy Shaw) Radcl.-Sm.,Madagascar
Picrodendraceae,Stachyandra viticifolia,(Airy Shaw) Radcl.-Sm.,Madagascar
Picrodendraceae,Voatamalo capuronii,Bosser,Madagascar
Picrodendraceae,Voatamalo eugenioides,Capuron ex Bosser,Madagascar
Pittosporaceae,Pittosporum ambrense,Cufod.,Madagascar
Pittosporaceae,Pittosporum bullato-ferrugineum,Cufod.,Madagascar
Pittosporaceae,Pittosporum humbertii,Cufod.,Madagascar
Pittosporaceae,Pittosporum ochrosiifolium,Bojer,Madagascar
Pittosporaceae,Pittosporum polyspermum,Tul.,Madagascar
Pittosporaceae,Pittosporum senacia,Putt.,Madagascar
Pittosporaceae,Pittosporum verticillatum,Bojer,Madagascar
Pittosporaceae,Pittosporum viridiflorum,Sims,Madagascar
Podocarpaceae,Podocarpus capuronii,de Laub.,Madagascar
Podocarpaceae,Podocarpus humbertii,de Laub.,Madagascar
Podocarpaceae,Podocarpus madagascariensis,Baker,Madagascar
Podocarpaceae,Podocarpus perrieri,Gaussen & Woltz,Madagascar
Podocarpaceae,Podocarpus rostratus,J.Laurent,Madagascar
Polygalaceae,Carpolobia goetzei,Gürke,Madagascar
Primulaceae,Ardisia capuronii,Pipoly,Madagascar
Primulaceae,Ardisia didymopora,(H.Perrier) Capuron,Madagascar
Primulaceae,Ardisia marojejyensis,J.S.Mill. & Pipoly,Madagascar
Primulaceae,Ardisia procera,Capuron,Madagascar
Primulaceae,Badula pervilleana,H.Perrier,Madagascar
Primulaceae,Badula richardiana,H.Perrier,Madagascar
Primulaceae,Embelia tropophylla,H.Perrier,Madagascar
Primulaceae,Maesa lanceolata,Forssk.,Madagascar
Primulaceae,Monoporus bipinnatus,(Baker) Mez          ,Madagascar
Primulaceae,Monoporus clusiifolius,H.Perrier,Madagascar
Primulaceae,Monoporus floribundus,(Roem. & Schult.) Mez               ,Madagascar
Primulaceae,Monoporus paludosus,A. DC.       ,Madagascar
Primulaceae,Monoporus spathulatus,Mez    ,Madagascar
Primulaceae,Myrsine melanophloeos,(L.) R.Br. ex Sweet,Madagascar
Primulaceae,Myrsine mocquerysii,Aug. DC.,Madagascar
Primulaceae,Oncostemum acuminatum,Mez    ,Madagascar
Primulaceae,Oncostemum andreanae,H.Perrier,Madagascar
Primulaceae,Oncostemum ankifiense,Mez    ,Madagascar
Primulaceae,Oncostemum arboreum,H.Perrier,Madagascar
Primulaceae,Oncostemum arthriticum,Baker,Madagascar
Primulaceae,Oncostemum botryoides,Baker,Madagascar
Primulaceae,Oncostemum capitatum,H.Perrier,Madagascar
Primulaceae,Oncostemum cauliflorum,H.Perrier,Madagascar
Primulaceae,Oncostemum commersonianum,A. Juss.       ,Madagascar
Primulaceae,Oncostemum divaricatum,A. DC.       ,Madagascar
Primulaceae,Oncostemum evonymoides,Mez    ,Madagascar
Primulaceae,Oncostemum fusco-pilosum,(Baker) Mez          ,Madagascar
Primulaceae,Oncostemum hieroglyforme,H.Perrier,Madagascar
Primulaceae,Oncostemum humbertianum,H.Perrier,Madagascar
Primulaceae,Oncostemum laurifolium,(Bojer ex A. DC.) Mez       ,Madagascar
Primulaceae,Oncostemum leprosum,Mez    ,Madagascar
Primulaceae,Oncostemum lichenophilum,H.Perrier,Madagascar
Primulaceae,Oncostemum macranthum,H.Perrier,Madagascar
Primulaceae,Oncostemum macrophyllum,Mez    ,Madagascar
Primulaceae,Oncostemum macrostachyum,Mez    ,Madagascar
Primulaceae,Oncostemum matitanense,H.Perrier,Madagascar
Primulaceae,Oncostemum meeusianum,H.Perrier,Madagascar
Primulaceae,Oncostemum neriifolium,Baker,Madagascar
Primulaceae,Oncostemum nervosum,Baker,Madagascar
Primulaceae,Oncostemum nitidulum,(Baker) Mez          ,Madagascar
Primulaceae,Oncostemum oliganthum,(Baker) Mez          ,Madagascar
Primulaceae,Oncostemum ovatoacuminatum,H.Perrier,Madagascar
Primulaceae,Oncostemum reflexum,Mez    ,Madagascar
Primulaceae,Oncostemum subcuspidatum,H.Perrier,Madagascar
Primulaceae,Oncostemum terniflorum,H.Perrier,Madagascar
Primulaceae,Oncostemum umbellatum,(Baker) Mez          ,Madagascar
Primulaceae,Oncostemum vaccinifolium,Baker,Madagascar
Primulaceae,Oncostemum venulosum,Baker,Madagascar
Primulaceae,Rapanea erythroxyloides,(Thouars ex Roem. & Schult.) Mez,Madagascar
Proteaceae,Dilobeia tenuinervis,Bosser & R.Rabev,Madagascar
Proteaceae,Dilobeia thouarsii,Roem. & Schult.,Madagascar
Proteaceae,Faurea coriacea,Marner,Madagascar
Proteaceae,Faurea forficuliflora,Baker,Madagascar
Proteaceae,Malagasia alticola,(Capuron) L.A.S.Johnson & B.G.Briggs,Madagascar
Putranjivaceae,Drypetes ambigua,Leandri,Madagascar
Putranjivaceae,Drypetes bathiei,Capuron & Leandri,Madagascar
Putranjivaceae,Drypetes birkinshawii,McPherson,Madagascar
Putranjivaceae,Drypetes capuronii,Leandri,Madagascar
Putranjivaceae,Drypetes madagascariensis,(Lam.) Humbert & Leandri,Madagascar
Putranjivaceae,Drypetes oppositifolia,Leandri,Madagascar
Putranjivaceae,Drypetes perrieri,Leandri ex Humbert,Madagascar
Putranjivaceae,Drypetes stipulacea,Leandri,Madagascar
Putranjivaceae,Drypetes thouarsii,(Baill.) Leandri,Madagascar
Rhamnaceae,Bathiorhamnus capuronii,"Callm., Phillipson & Buerki",Madagascar
Rhamnaceae,Bathiorhamnus cryptophorus,Capuron,Madagascar
Rhamnaceae,Bathiorhamnus dentatus,"(Capuron) Callm., Phillipson & Buerki",Madagascar
Rhamnaceae,Bathiorhamnus louvelii,(H.Perrier) Capuron,Madagascar
Rhamnaceae,Bathiorhamnus macrocarpus,"(Capuron) Callm., Phillipson & Buerki",Madagascar
Rhamnaceae,Bathiorhamnus reticulatus,"(Capuron) Callm., Phillipson & Buerki",Madagascar
Rhamnaceae,Bathiorhamnus vohemarensis,"Callm., Phillipson & Buerki",Madagascar
Rhamnaceae,Berchemia discolor,(Klotzsch) Hemsl.,Madagascar
Rhamnaceae,Colubrina alluaudii,(H.Perrier) Capuron,Madagascar
Rhamnaceae,Colubrina articulata,(Capuron) Figueiredo          ,Madagascar
Rhamnaceae,Colubrina decipiens,(Baill.) Capuron,Madagascar
Rhamnaceae,Colubrina faraloatra,(H.Perrier) Capuron,Madagascar
Rhamnaceae,Lasiodiscus pervillei,Baill.,Madagascar
Rhamnaceae,Scutia myrtina,(Burm.f.) Kurz,Madagascar
Rhamnaceae,Ziziphus mauritiana,Lam.,Madagascar
Rhamnaceae,Ziziphus mucronata,Willd.,Madagascar
Rhizophoraceae,Bruguiera gymnorhiza,(L.) Lam.,Madagascar
Rhizophoraceae,Carallia brachiata,(Lour.) Merr.,Madagascar
Rhizophoraceae,Cassipourea delphinensis,Capuron,Madagascar
Rhizophoraceae,Cassipourea ellipticifolia,(Arènes) Capuron,Madagascar
Rhizophoraceae,Cassipourea gummiflua,Tul.,Madagascar
Rhizophoraceae,Cassipourea lanceolata,Tul.,Madagascar
Rhizophoraceae,Cassipourea leptoclada,Tul.,Madagascar
Rhizophoraceae,Cassipourea madagascariensis,(Thouars) DC.,Madagascar
Rhizophoraceae,Cassipourea myriocarpa,Tul.,Madagascar
Rhizophoraceae,Cassipourea sessiliflora,(Baker) Alston,Madagascar
Rhizophoraceae,Ceriops tagal,(Perr.) C.B.Rob.,Madagascar
Rhizophoraceae,Macarisia humbertiana,Arènes,Madagascar
Rhizophoraceae,Macarisia lanceolata,Baill.,Madagascar
Rhizophoraceae,Macarisia pyramidata,Thouars,Madagascar
Rhizophoraceae,Rhizophora mucronata,Poir.,Madagascar
Rosaceae,Prunus africana,(Hook.f.) Kalkman,Madagascar
Rubiaceae,Antirhea borbonica,J.F.Gmel.,Madagascar
Rubiaceae,Antirhea madagascariensis,Chaw,Madagascar
Rubiaceae,Bertiera brevithyrsa,A.P.Davis,Madagascar
Rubiaceae,Bertiera crinita,(A.Rich.) Wittle & A.P.Davis,Madagascar
Rubiaceae,Bremeria erectiloba,(Wernham) Razafim. & Alejandro     ,Madagascar
Rubiaceae,Bremeria humblotii,(Wernham) Razafim. & Alejandro     ,Madagascar
Rubiaceae,Bremeria hymenopogonoides,(Baker) Razafim. & Alejandro        ,Madagascar
Rubiaceae,Bremeria pervillei,(Wernham) Razafim. & Alejandro     ,Madagascar
Rubiaceae,Bremeria scabrella,(Wernham) A.P. Davis & Razafim.              ,Madagascar
Rubiaceae,Bremeria scabridior,(Wernham) Razafim. & Alejandro     ,Madagascar
Rubiaceae,Bremeria trichophlebia,(Baker) Razafim. & Alejandro        ,Madagascar
Rubiaceae,Bremeria vestita,(Baker) Razafim. & Alejandro        ,Madagascar
Rubiaceae,Breonadia salicina,(Vahl) Hepper & J.R.I.Wood,Madagascar
Rubiaceae,Breonia boivinii,Havil.,Madagascar
Rubiaceae,Breonia capuronii,Razafim.,Madagascar
Rubiaceae,Breonia chinensis,(Lam.) Capuron,Madagascar
Rubiaceae,Breonia cuspidata,(Baker) Havil.,Madagascar
Rubiaceae,Breonia decaryana,Homolle,Madagascar
Rubiaceae,Breonia fragifera,Capuron ex Razafim.,Madagascar
Rubiaceae,Breonia havilandiana,Homolle,Madagascar
Rubiaceae,Breonia louvelii,Homolle,Madagascar
Rubiaceae,Breonia lowryi,Razafim.,Madagascar
Rubiaceae,Breonia macrocarpa,Homolle,Madagascar
Rubiaceae,Breonia madagascariensis,A.Rich. ex DC.,Madagascar
Rubiaceae,Breonia membranacea,Havil.,Madagascar
Rubiaceae,Breonia perrieri,Homolle,Madagascar
Rubiaceae,Breonia richardsonii,Razafim.,Madagascar
Rubiaceae,Breonia sambiranensis,Razafim.,Madagascar
Rubiaceae,Breonia sphaerantha,(Baill.) Homolle ex Ridsdale,Madagascar
Rubiaceae,Breonia stipulata,Havil.,Madagascar
Rubiaceae,Breonia taolagnaroensis,Razafim.,Madagascar
Rubiaceae,Breonia tayloriana,Razafim.,Madagascar
Rubiaceae,Breonia tsaratananensis,Razafim.,Madagascar
Rubiaceae,Canephora ambrensis,S.E.Dawson,Madagascar
Rubiaceae,Canephora gyrobracteata,S.E.Dawson,Madagascar
Rubiaceae,Carphalea cloiselii,Homolle,Madagascar
Rubiaceae,Carphalea madagascariensis,Lam.,Madagascar
Rubiaceae,Chapelieria madagascariensis,A.Rich. ex DC.,Madagascar
Rubiaceae,Chassalia magnifolia,Bremek.,Madagascar
Rubiaceae,Coffea abbayesii,J.-F. Leroy     ,Madagascar
Rubiaceae,Coffea ambanjensis,J.-F.Leroy,Madagascar
Rubiaceae,Coffea ambongensis,J.-F.Leroy ex A.P.Davis & Rakotonas.,Madagascar
Rubiaceae,Coffea andrambovatensis,J.-F. Leroy     ,Madagascar
Rubiaceae,Coffea ankaranensis,J.-F.Leroy ex A.P.Davis & Rakotonas.,Madagascar
Rubiaceae,Coffea arenesiana,J.-F. Leroy     ,Madagascar
Rubiaceae,Coffea augagneurii,Dubard,Madagascar
Rubiaceae,Coffea bertrandii,A.Chev.,Madagascar
Rubiaceae,Coffea betamponensis,Portères & J.-F. Leroy           ,Madagascar
Rubiaceae,Coffea bissetiae,A.P.Davis & Rakotonas.,Madagascar
Rubiaceae,Coffea boinensis,A.P.Davis & Rakotonas.,Madagascar
Rubiaceae,Coffea boiviniana,(Baill.) Drake,Madagascar
Rubiaceae,Coffea bonnieri,Dubard,Madagascar
Rubiaceae,Coffea buxifolia,A.Chev.,Madagascar
Rubiaceae,Coffea commersoniana,(Baill.) A. Chev.,Madagascar
Rubiaceae,Coffea coursiana,J.-F. Leroy     ,Madagascar
Rubiaceae,Coffea decaryana,J.-F.Leroy,Madagascar
Rubiaceae,Coffea dubardii,Jum.,Madagascar
Rubiaceae,Coffea farafanganensis,J.-F.Leroy,Madagascar
Rubiaceae,Coffea fragilis,J.-F.Leroy,Madagascar
Rubiaceae,Coffea gallienii,Dubard,Madagascar
Rubiaceae,Coffea grevei,Drake ex A.Chev.,Madagascar
Rubiaceae,Coffea heimii,J.-F.Leroy,Madagascar
Rubiaceae,Coffea homollei,J.-F. Leroy     ,Madagascar
Rubiaceae,Coffea jumellei,J.-F.Leroy,Madagascar
Rubiaceae,Coffea kianjavatensis,J.-F.Leroy,Madagascar
Rubiaceae,Coffea labatii,A.P.Davis & Rakotonas.,Madagascar
Rubiaceae,Coffea lancifolia,A. Chev.       ,Madagascar
Rubiaceae,Coffea leroyi,A.P. Davis       ,Madagascar
Rubiaceae,Coffea liaudii,J.-F.Leroy ex A.P.Davis,Madagascar
Rubiaceae,Coffea littoralis,A.P.Davis & Rakotonas.,Madagascar
Rubiaceae,Coffea mangoroensis,Portères    ,Madagascar
Rubiaceae,Coffea manombensis,A.P. Davis       ,Madagascar
Rubiaceae,Coffea mcphersonii,A.P.Davis & Rakotonas.,Madagascar
Rubiaceae,Coffea millotii,J.-F. Leroy     ,Madagascar
Rubiaceae,Coffea minutiflora,A.P.Davis & Rakotonas.,Madagascar
Rubiaceae,Coffea mogenetii,Dubard,Madagascar
Rubiaceae,Coffea montis-sacri,A.P.Davis,Madagascar
Rubiaceae,Coffea moratii,J.-F.Leroy ex A.P.Davis & Rakotonas.,Madagascar
Rubiaceae,Coffea namorokensis,A.P.Davis & Rakotonas.,Madagascar
Rubiaceae,Coffea perrieri,Drake ex Jum. & H.Perrier,Madagascar
Rubiaceae,Coffea pervilleana,(Baill.) Drake,Madagascar
Rubiaceae,Coffea pterocarpa,A.P.Davis & Rakotonas.,Madagascar
Rubiaceae,Coffea rakotonasoloi,A.P.Davis,Madagascar
Rubiaceae,Coffea ratsimamangae,J.-F.Leroy ex A.P.Davis & Rakotonas.,Madagascar
Rubiaceae,Coffea resinosa,(Hook.f.) Radlk.,Madagascar
Rubiaceae,Coffea richardii,J.-F. Leroy     ,Madagascar
Rubiaceae,Coffea sahafaryensis,J.-F. Leroy     ,Madagascar
Rubiaceae,Coffea sakarahae,J.-F. Leroy     ,Madagascar
Rubiaceae,Coffea sambavensis,J.-F.Leroy ex A.P.Davis & Rakotonas.,Madagascar
Rubiaceae,Coffea tetragona,Jum. & H.Perrier,Madagascar
Rubiaceae,Coffea toshii,A.P.Davis & Rakotonas.,Madagascar
Rubiaceae,Coffea tricalysioides,J.-F. Leroy     ,Madagascar
Rubiaceae,Coffea tsirananae,J.-F.Leroy,Madagascar
Rubiaceae,Coffea vatovavyensis,J.-F.Leroy,Madagascar
Rubiaceae,Coffea vianneyi,J.-F. Leroy     ,Madagascar
Rubiaceae,Coffea vohemarensis,A.P.Davis & Rakotonas.,Madagascar
Rubiaceae,Coptosperma bernierianum,(Baill.) De Block         ,Madagascar
Rubiaceae,Coptosperma humblotii,(Drake) De Block         ,Madagascar
Rubiaceae,Coptosperma madagascariense,(Baill.) De Block,Madagascar
Rubiaceae,Coptosperma mitochondrioides,Mouly & De Block           ,Madagascar
Rubiaceae,Coptosperma nigrescens,Hook.f.,Madagascar
Rubiaceae,Coptosperma pachyphyllum,(Baker) De Block         ,Madagascar
Rubiaceae,Coptosperma sessiliflorum,De Block  ,Madagascar
Rubiaceae,Coptosperma supra-axillare,(Hemsl.) Degreef,Madagascar
Rubiaceae,Craterispermum cervicorne,De Block & Randriamb.,Madagascar
Rubiaceae,Craterispermum motleyanum,De Block & Randriamb.,Madagascar
Rubiaceae,Cremaspora triflora,(Thonn.) K.Schum.,Madagascar
Rubiaceae,Empogona ovalifolia,(Hiern) Tosh & Robbr.,Madagascar
Rubiaceae,Flagenium farafanganense,Ruhsam & A.P.Davis,Madagascar
Rubiaceae,Flagenium latifolium,Wernham,Madagascar
Rubiaceae,Flagenium petrikense,Ruhsam & A.P.Davis,Madagascar
Rubiaceae,Flagenium setosum,(A.Rich.) Wernham,Madagascar
Rubiaceae,Flagenium triflorum,(Vahl) Baill.,Madagascar
Rubiaceae,Gaertnera arenaria,Baker,Madagascar
Rubiaceae,Gaertnera bambusifolia,Malcomber & A.P.Davis,Madagascar
Rubiaceae,Gaertnera breviflora,C.M. Taylor,Madagascar
Rubiaceae,Gaertnera cardiocarpa,Boivin ex Baill.,Madagascar
Rubiaceae,Gaertnera drakeana,Aug.DC.,Madagascar
Rubiaceae,Gaertnera guillotii,Hochr.,Madagascar
Rubiaceae,Gaertnera hirsuta,C.M. Taylor,Madagascar
Rubiaceae,Gaertnera hispida,Aug.DC.,Madagascar
Rubiaceae,Gaertnera humblotii,Drake,Madagascar
Rubiaceae,Gaertnera ianthina,Malcomber,Madagascar
Rubiaceae,Gaertnera inflexa,Boivin ex Baill.,Madagascar
Rubiaceae,Gaertnera laevis,C.M. Taylor,Madagascar
Rubiaceae,Gaertnera littoralis,C.M. Taylor,Madagascar
Rubiaceae,Gaertnera lowryi,Malcomber,Madagascar
Rubiaceae,Gaertnera macrobotrys,Baker,Madagascar
Rubiaceae,Gaertnera macrostipula,Baker,Madagascar
Rubiaceae,Gaertnera madagascariensis,(Hook.f.) Malcomber & A.P.Davis,Madagascar
Rubiaceae,Gaertnera masoalana,C.M. Taylor,Madagascar
Rubiaceae,Gaertnera microphylla,Capuron ex Malcomber & A.P.Davis,Madagascar
Rubiaceae,Gaertnera monstruosa,Malcomber,Madagascar
Rubiaceae,Gaertnera obovata,Baker,Madagascar
Rubiaceae,Gaertnera pauciflora,Malcomber & A.P.Davis,Madagascar
Rubiaceae,Gaertnera phanerophlebia,Baker,Madagascar
Rubiaceae,Gaertnera phyllosepala,Baker,Madagascar
Rubiaceae,Gaertnera phyllostachya,Baker,Madagascar
Rubiaceae,Gaertnera raphaelii,Malcomber,Madagascar
Rubiaceae,Gaertnera razakamalalana,C.M. Taylor,Madagascar
Rubiaceae,Gaertnera robusta,C.M. Taylor,Madagascar
Rubiaceae,Gaertnera rubra,C.M. Taylor,Madagascar
Rubiaceae,Gaertnera schatzii,Malcomber,Madagascar
Rubiaceae,Gaertnera sclerophylla,C.M. Taylor,Madagascar
Rubiaceae,Gaertnera velutina,C.M. Taylor,Madagascar
Rubiaceae,Gaertnera vernicosa,C.M. Taylor,Madagascar
Rubiaceae,Gaertnera xerophila,C.M. Taylor,Madagascar
Rubiaceae,Gallienia sclerophylla,Dubard & Dop,Madagascar
Rubiaceae,Gardenia brevicalyx,Rakoton. & A.P.Davis,Madagascar
Rubiaceae,Gardenia manongarivensis,Rakoton. & A.P.Davis,Madagascar
Rubiaceae,Gardenia rutenbergiana,(Baill. ex Vatke) J.-F.Leroy,Madagascar
Rubiaceae,Gardenia sambiranensis,Rakoton. & A.P.Davis,Madagascar
Rubiaceae,Guettarda speciosa,L.,Madagascar
Rubiaceae,Gyrostipula foveolata,(Capuron) J.-F.Leroy,Madagascar
Rubiaceae,Gyrostipula obtusa,Eman. & Razafim.,Madagascar
Rubiaceae,Hymenodictyon antakaranensis,Razafim. & B.Bremer,Madagascar
Rubiaceae,Hymenodictyon berivotrense,Cavaco,Madagascar
Rubiaceae,Hymenodictyon decaryi,Homolle,Madagascar
Rubiaceae,Hymenodictyon embergeri,Cavaco,Madagascar
Rubiaceae,Hymenodictyon glabrum,(Cavaco) Razafim. & B.Bremer,Madagascar
Rubiaceae,Hymenodictyon leandrii,Cavaco,Madagascar
Rubiaceae,Hymenodictyon louhavate,Homolle,Madagascar
Rubiaceae,Hymenodictyon occidentale,Homolle,Madagascar
Rubiaceae,Hymenodictyon perrieri,Drake,Madagascar
Rubiaceae,Hyperacanthus ambovombensis,Rakotonas. & A.P.Davis,Madagascar
Rubiaceae,Hyperacanthus madagascariensis,(Lam.) Rakotonas. & A.P.Davis,Madagascar
Rubiaceae,Hyperacanthus mandenensis,Rakotonas. & A.P. Davis       ,Madagascar
Rubiaceae,Hyperacanthus perrieri,(Drake) Rakotonas. & A.P.Davis,Madagascar
Rubiaceae,Hyperacanthus pervillei,(Drake) Rakotonas. & A.P.Davis,Madagascar
Rubiaceae,Hyperacanthus poivrei,(Drake) Rakotonas. & A.P.Davis,Madagascar
Rubiaceae,Hyperacanthus ravinensis,(Baill. ex Drake) Rakotonas. & A.P.Davis,Madagascar
Rubiaceae,Hyperacanthus talangninia,(DC.) Rakotonas. & A.P.Davis,Madagascar
Rubiaceae,Ixora foliicalyx,Guédès,Madagascar
Rubiaceae,Ixora homolleae,Govaerts ex De Block,Madagascar
Rubiaceae,Ixora hookeri,(Oudem.) Bremek.,Madagascar
Rubiaceae,Ixora lagenifructa,De Block  ,Madagascar
Rubiaceae,Ixora regalis,De Block  ,Madagascar
Rubiaceae,Ixora ripicola,De Block  ,Madagascar
Rubiaceae,Ixora siphonantha,Oliv.    ,Madagascar
Rubiaceae,Ixora trichocalyx,Hochr.,Madagascar
Rubiaceae,Ixora trimera,Guédès,Madagascar
Rubiaceae,Janotia macrostipula,(Capuron) J.-F.Leroy,Madagascar
Rubiaceae,Lemyrea ciliolata,(A.Chev.) A. Chev. & Beille,Madagascar
Rubiaceae,Lemyrea marojejyensis,J.R.Stone & A.P.Davis,Madagascar
Rubiaceae,Mantalania capuronii,J.-F. Leroy     ,Madagascar
Rubiaceae,Mantalania longipedunculata,De Block & A.P.Davis,Madagascar
Rubiaceae,Mantalania sambiranensis,Capuron ex J.-F. Leroy   ,Madagascar
Rubiaceae,Melanoxerus suavissimus,(Homolle ex Cavaco) Kainul. & B.Bremer,Madagascar
Rubiaceae,Paracarphalea angulata,"(Baill.) Razafim., Ferm, B.Bremer & Kårehed",Madagascar
Rubiaceae,Paracarphalea kirondron,"(Baill.) Razafim., Ferm, B.Bremer & Kårehed",Madagascar
Rubiaceae,Paracarphalea pervilleana,"(Baill.) Razafim., Ferm, B.Bremer & Kårehed",Madagascar
Rubiaceae,Paracephaelis cinerea,(A.Rich. ex DC.) De Block,Madagascar
Rubiaceae,Paracephaelis sericea,(Arènes) De Block,Madagascar
Rubiaceae,Paracorynanthe antankarana,Capuron ex J.-F.Leroy,Madagascar
Rubiaceae,Paracorynanthe uropetala,Capuron,Madagascar
Rubiaceae,Pauridiantha paucinervis,(Hiern) Bremek.,Madagascar
Rubiaceae,Payera decaryi,(Homolle) Buchner & Puff,Madagascar
Rubiaceae,Payera glabrifolia,J.-F.Leroy ex Buchner & Puff,Madagascar
Rubiaceae,Payera madagascariensis,(Cavaco) Buchner & Puff,Madagascar
Rubiaceae,Peponidium arenesianum,"(Cavaco) Razafim., Lantz & B.Bremer",Madagascar
Rubiaceae,Peponidium buxifolium,"(Baker) Razafim., Lantz & B. Bremer           ",Madagascar
Rubiaceae,Peponidium capuronii,Cavaco,Madagascar
Rubiaceae,Peponidium crassifolium,"Lantz, Klack. & Razafim.",Madagascar
Rubiaceae,Peponidium cuspidatum,Arènes,Madagascar
Rubiaceae,Peponidium cystiporon,"(Boivin ex Cavaco) Razafim., Lantz & B. Bremer           ",Madagascar
Rubiaceae,Peponidium densiflorum,(Baker) A.P. Davis & Razafim.                 ,Madagascar
Rubiaceae,Peponidium flavum,Homolle ex Arènes,Madagascar
Rubiaceae,Peponidium homolleae,Arènes,Madagascar
Rubiaceae,Peponidium horridum,Arènes,Madagascar
Rubiaceae,Peponidium humbertianum,"(Cavaco) Razafim., Lantz & B.Bremer",Madagascar
Rubiaceae,Peponidium humbertii,Homolle ex Arènes,Madagascar
Rubiaceae,Peponidium ihosyense,Arènes,Madagascar
Rubiaceae,Peponidium micranthum,(Baker) A.P. Davis & Razafim.                 ,Madagascar
Rubiaceae,Peponidium orientale,(Arènes) Cavaco,Madagascar
Rubiaceae,Peponidium pallens,(Baill.) Arènes,Madagascar
Rubiaceae,Peponidium pallidum,Arènes,Madagascar
Rubiaceae,Peponidium pervilleanoides,Arènes,Madagascar
Rubiaceae,Peponidium pervilleanum,(Baill.) Homolle ex Arènes,Madagascar
Rubiaceae,Peponidium tamatavense,"(Cavaco) Razafim., Lantz & B.Bremer",Madagascar
Rubiaceae,Peponidium velutinum,Arènes,Madagascar
Rubiaceae,Peponidium viguieri,"(Homolle ex Cavaco) Razafim., Lantz & B. Bremer           ",Madagascar
Rubiaceae,Phyllopentas mussaendoides,(Baker) Kårehed & B.Bremer,Madagascar
Rubiaceae,Polysphaeria acuminata,Verdc.,Madagascar
Rubiaceae,Polysphaeria capuronii,Verdc.,Madagascar
Rubiaceae,Polysphaeria grandiflora,Cavaco,Madagascar
Rubiaceae,Polysphaeria lepidocarpa,Verdc.,Madagascar
Rubiaceae,Polysphaeria maxima,(Baill.) Cavaco          ,Madagascar
Rubiaceae,Polysphaeria tubulosa,(Baill.) Cavaco          ,Madagascar
Rubiaceae,Pseudomantalania macrophylla,J.Leroy,Madagascar
Rubiaceae,Psychotria abrahamii,Razafim. & B.Bremer,Madagascar
Rubiaceae,Psychotria ambatovensis,C.M.Taylor,Madagascar
Rubiaceae,Psychotria antilahimenae,C.M.Taylor,Madagascar
Rubiaceae,Psychotria batopedina,(Verdc.) Razafim. & B.Bremer,Madagascar
Rubiaceae,Psychotria birkinshawiana,C.M.Taylor,Madagascar
Rubiaceae,Psychotria davisiana,C.M.Taylor,Madagascar
Rubiaceae,Psychotria eumachioides,C.M.Taylor,Madagascar
Rubiaceae,Psychotria glaucifolia,A.P. Davis & Govaerts     ,Madagascar
Rubiaceae,Psychotria hamifera,C.M.Taylor,Madagascar
Rubiaceae,Psychotria humblotii,(Bremek.) A.P.Davis & Govaerts,Madagascar
Rubiaceae,Psychotria kentii,Razafim. & B.Bremer,Madagascar
Rubiaceae,Psychotria megalocarpa,(Bremek.) A.P.Davis & Govaerts,Madagascar
Rubiaceae,Psychotria menalohensis,(Bremek.) A.P.Davis & Govaerts,Madagascar
Rubiaceae,Psychotria mutabilis,C.M.Taylor,Madagascar
Rubiaceae,Psychotria nossibensis,A.P. Davis & Govaerts     ,Madagascar
Rubiaceae,Psychotria notopleuroides,C.M.Taylor,Madagascar
Rubiaceae,Psychotria palifera,C.M.Taylor,Madagascar
Rubiaceae,Psychotria razafimandimbisonii,C.M.Taylor,Madagascar
Rubiaceae,Psychotria rosella,(Bremek.) A.P.Davis & Govaerts,Madagascar
Rubiaceae,Psychotria rufovillosa,(Bremek.) A.P.Davis & Govaerts,Madagascar
Rubiaceae,Psychotria trichantha,Baker,Madagascar
Rubiaceae,Psydrax esirensis,(Cavaco) A.P.Davis & Bridson,Madagascar
Rubiaceae,Pyrostria alaotrensis,Arènes ex Cavaco,Madagascar
Rubiaceae,Pyrostria analamazaotrensis,Arènes ex Cavaco,Madagascar
Rubiaceae,Pyrostria andilanensis,Cavaco,Madagascar
Rubiaceae,Pyrostria andringitrensis,(Cavaco) Kainul. & Razafim.,Madagascar
Rubiaceae,Pyrostria bibracteata,(Baker) Cavaco,Madagascar
Rubiaceae,Pyrostria isomonensis,(Cavaco) A.P.Davis & Govaerts,Madagascar
Rubiaceae,Pyrostria ixorifolia,"(Homolle ex Arènes) Razafim., Lantz & B. Bremer           ",Madagascar
Rubiaceae,Pyrostria madagascariensis,Lecomte,Madagascar
Rubiaceae,Pyrostria major,(A.Rich. ex DC.) Cavaco,Madagascar
Rubiaceae,Pyrostria mandrarensis,(Cavaco) Kainul. & Razafim.,Madagascar
Rubiaceae,Pyrostria media,(A.Rich. ex DC.) Cavaco,Madagascar
Rubiaceae,Pyrostria montana,(Arènes) Kainul. & Razafim.,Madagascar
Rubiaceae,Pyrostria perrieri,"(Cavaco) Razafim., Lantz & B.Bremer",Madagascar
Rubiaceae,Pyrostria sambavensis,"(Cavaco) Razafim., Lantz & B.Bremer",Madagascar
Rubiaceae,Pyrostria urschii,Arènes ex Cavaco,Madagascar
Rubiaceae,Pyrostria variistipula,Arènes ex Cavaco,Madagascar
Rubiaceae,Pyrostria verdcourtii,"(Cavaco) Razafim., Lantz & B.Bremer",Madagascar
Rubiaceae,Razafimandimbisonia humblotii,(Drake) Kainul. & B.Bremer,Madagascar
Rubiaceae,Razafimandimbisonia minor,(Baill.) Kainul. & B.Bremer,Madagascar
Rubiaceae,Razafimandimbisonia orientalis,(Homolle ex Cavaco) Kainul. & B.Bremer,Madagascar
Rubiaceae,Razafimandimbisonia regalis,(Puff & Robbr.) Kainul. & B.Bremer,Madagascar
Rubiaceae,Razafimandimbisonia sambiranensis,(Homolle ex Cavaco) Kainul. & B.Bremer,Madagascar
Rubiaceae,Robbrechtia grandifolia,De Block  ,Madagascar
Rubiaceae,Schismatoclada farahimpensis,Homolle,Madagascar
Rubiaceae,Schismatoclada psychotrioides,Baker,Madagascar
Rubiaceae,Schismatoclada villiflora,Homolle ex Cavaco,Madagascar
Rubiaceae,Schizenterospermum analamerense,Arènes,Madagascar
Rubiaceae,Schizenterospermum rotundifolium,Homolle ex Arènes,Madagascar
Rubiaceae,Tarenna capuroniana,De Block,Madagascar
Rubiaceae,Tarenna spiranthera,(Drake) Homolle          ,Madagascar
Rubiaceae,Tarenna thouarsiana,(Drake) Homolle          ,Madagascar
Rubiaceae,Triainolepis africana,Hook.f.,Madagascar
Rubiaceae,Triainolepis emirnensis,(Baker) Bremek.,Madagascar
Rubiaceae,Tricalysia ambrensis,Ranariv. & De Block,Madagascar
Rubiaceae,Tricalysia boiviniana,(Baill.) Ranariv. & De Block,Madagascar
Rubiaceae,Tricalysia cryptocalyx,Baker,Madagascar
Rubiaceae,Tricalysia dauphinensis,Ranariv. & De Block,Madagascar
Rubiaceae,Tricalysia humbertii,Ranariv. & De Block,Madagascar
Rubiaceae,Tricalysia leucocarpa,(Baill.) Ranariv. & De Block,Madagascar
Rubiaceae,Tricalysia madagascariensis,(Drake ex Dubard) A.Chev.,Madagascar
Rubiaceae,Tricalysia majungensis,Ranariv. & De Block,Madagascar
Rubiaceae,Tricalysia orientalis,Ranariv. & De Block,Madagascar
Rubiaceae,Tricalysia perrieri,Homolle ex Ranariv. & De Block,Madagascar
Rubiaceae,Vangueria madagascariensis,J.F.Gmel.,Madagascar
Rutaceae,Cedrelopsis ambanjensis,J.-F.Leroy,Madagascar
Rutaceae,Cedrelopsis gracilis,J.-F.Leroy,Madagascar
Rutaceae,Cedrelopsis grevei,Baill. & Courchet,Madagascar
Rutaceae,Cedrelopsis longibracteata,J.-F.Leroy,Madagascar
Rutaceae,Cedrelopsis microfoliolata,J.-F.Leroy,Madagascar
Rutaceae,Cedrelopsis procera,J.-F.Leroy,Madagascar
Rutaceae,Cedrelopsis trivalvis,Leroy,Madagascar
Rutaceae,Chloroxylon faho,Capuron,Madagascar
Rutaceae,Chloroxylon falcatum,Capuron,Madagascar
Rutaceae,Fagaropsis glabra,Capuron,Madagascar
Rutaceae,Ivodea analalavensis,"Rabariman.,  Rakoton., Phillipson & Lowry",Madagascar
Rutaceae,Ivodea choungiensis,"Labat, M.Pignal & O.Pascal",Madagascar
Rutaceae,Ivodea delphinensis,"Rabariman.,  Rakoton., Phillipson & Lowry",Madagascar
Rutaceae,Ivodea macrocarpa,"Rabariman.,  Rakoton., Phillipson & Lowry",Madagascar
Rutaceae,Ivodea mahaboensis,"Rabariman.,  Rakoton., Phillipson & Lowry",Madagascar
Rutaceae,Ivodea mananarensis,"Rabariman.,  Rakoton., Phillipson & Lowry",Madagascar
Rutaceae,Ivodea razakamalalae,"Rabariman.,  Rakoton., Phillipson & Lowry",Madagascar
Rutaceae,Melicope bakeri,T.G.Hartley,Madagascar
Rutaceae,Melicope balankazo,(H.Perrier) T.G.Hartley,Madagascar
Rutaceae,Melicope belahe,(Baill.) T.G.Hartley,Madagascar
Rutaceae,Melicope fatraina,(H.Perrier) T.G.Hartley,Madagascar
Rutaceae,Melicope floribunda,(Baker) T.G.Hartley,Madagascar
Rutaceae,Melicope madagascariensis,(Baker) T.G.Hartley,Madagascar
Rutaceae,Melicope sambiranensis,(H.Perrier) T.G.Hartley,Madagascar
Rutaceae,Melicope tsaratananensis,(Capuron) T.G.Hartley,Madagascar
Rutaceae,Vepris ampody,H.Perrier,Madagascar
Rutaceae,Vepris aralioides,H.Perrier,Madagascar
Rutaceae,Vepris arenicola,H.Perrier,Madagascar
Rutaceae,Vepris cauliflora,H.Perrier,Madagascar
Rutaceae,Vepris decaryana,H.Perrier,Madagascar
Rutaceae,Vepris densiflora,(Baker) I.Verd.,Madagascar
Rutaceae,Vepris dicarpella,H.Perrier,Madagascar
Rutaceae,Vepris elliotii,(Radlk.) I.Verd.,Madagascar
Rutaceae,Vepris fitoravina,H.Perrier,Madagascar
Rutaceae,Vepris humbertii,H.Perrier,Madagascar
Rutaceae,Vepris leandriana,H.Perrier,Madagascar
Rutaceae,Vepris lepidota,Capuron,Madagascar
Rutaceae,Vepris louvelii,H.Perrier,Madagascar
Rutaceae,Vepris macrophylla,(Baker) I.Verd.,Madagascar
Rutaceae,Vepris madagascarica,(Baill.) H.Perrier,Madagascar
Rutaceae,Vepris nitida,(Baker) I. Verd.         ,Madagascar
Rutaceae,Vepris parvicalyx,H.Perrier,Madagascar
Rutaceae,Vepris peraperta,H.Perrier,Madagascar
Rutaceae,Vepris polymorpha,(Danguy ex Lecomte) H. Perrier       ,Madagascar
Rutaceae,Vepris sclerophylla,H.Perrier,Madagascar
Rutaceae,Vepris spathulata,(Engl.) H. Perrier         ,Madagascar
Rutaceae,Vepris unifoliolata,"(Baill.) Labat, M. Pignal & O. Pascal",Madagascar
Rutaceae,Zanthoxylum decaryi,H.Perrier,Madagascar
Rutaceae,Zanthoxylum madagascariense,Baker,Madagascar
Rutaceae,Zanthoxylum subspicatum,H.Perrier,Madagascar
Rutaceae,Zanthoxylum thouvenotii,H.Perrier,Madagascar
Rutaceae,Zanthoxylum tsihanimposa,H.Perrier,Madagascar
Salicaceae,Bembicia axillaris,Oliv.,Madagascar
Salicaceae,Bembiciopsis uniflora,H.Perrier,Madagascar
Salicaceae,Bivinia jalbertii,Tul.,Madagascar
Salicaceae,Calantica biseriata,H.Perrier,Madagascar
Salicaceae,Calantica capuronii,Sleumer,Madagascar
Salicaceae,Calantica cerasifolia,(Vent.) Tul.,Madagascar
Salicaceae,Calantica decaryana,H.Perrier,Madagascar
Salicaceae,Calantica grandiflora,Jaub. ex Tul.,Madagascar
Salicaceae,Calantica lucida,Scott Elliot,Madagascar
Salicaceae,Calantica olivacea,"Appleq., Phillipson & G.E. Schatz",Madagascar
Salicaceae,Calantica pseudobiseriata,"Appleq., Phillipson & G.E. Schatz",Madagascar
Salicaceae,Calantica sphaerocephala,"Appleq., Phillipson & G.E. Schatz",Madagascar
Salicaceae,Casearia nigrescens,Tul.,Madagascar
Salicaceae,Casearia tulasneana,(Baill.) Warb.,Madagascar
Salicaceae,Homalium albiflorum,(Boivin ex Tul.) O. Hoffm.       ,Madagascar
Salicaceae,Homalium axillare,(Lam.) Benth.          ,Madagascar
Salicaceae,Homalium boinense,H.Perrier,Madagascar
Salicaceae,Homalium brachyrhachis,Sleumer,Madagascar
Salicaceae,Homalium brachystylum,(Tul.) Baill.       ,Madagascar
Salicaceae,Homalium brevipedunculatum,Scott-Elliot,Madagascar
Salicaceae,Homalium capuronii,Sleumer,Madagascar
Salicaceae,Homalium cauliflorum,H.Perrier,Madagascar
Salicaceae,Homalium decaryanum,H.Perrier,Madagascar
Salicaceae,Homalium dorrii,Appleq.,Madagascar
Salicaceae,Homalium erianthum,(Tul.) Baill.       ,Madagascar
Salicaceae,Homalium graciliflorum,Sleumer,Madagascar
Salicaceae,Homalium intercedens,Sleumer,Madagascar
Salicaceae,Homalium involucratum,(DC.) O. Hoffm.         ,Madagascar
Salicaceae,Homalium laxiflorum,(Tul.) Baill.       ,Madagascar
Salicaceae,Homalium longistaminum,H.Perrier,Madagascar
Salicaceae,Homalium louvelianum,H.Perrier,Madagascar
Salicaceae,Homalium lucidum,Scott-Elliot,Madagascar
Salicaceae,Homalium maringitra,H.Perrier,Madagascar
Salicaceae,Homalium micranthum,(Boivin ex Tul.) O. Hoffm.       ,Madagascar
Salicaceae,Homalium microphyllum,O. Hoffm.   ,Madagascar
Salicaceae,Homalium moniliforme,H.Perrier,Madagascar
Salicaceae,Homalium myrtifolium,Sleumer,Madagascar
Salicaceae,Homalium nobile,Baill.,Madagascar
Salicaceae,Homalium nudiflorum,(DC.) Baill.          ,Madagascar
Salicaceae,Homalium oppositifolium,(Tul.) Baill.       ,Madagascar
Salicaceae,Homalium ovatifolium,Appleq.,Madagascar
Salicaceae,Homalium parkeri,Baker,Madagascar
Salicaceae,Homalium perrieri,Sleumer,Madagascar
Salicaceae,Homalium planiflorum,(Boivin ex Tul.) Baill.        ,Madagascar
Salicaceae,Homalium pseudoboinense,Appleq.,Madagascar
Salicaceae,Homalium pulchrum,Sleumer,Madagascar
Salicaceae,Homalium randrianasoloi,Appleq.,Madagascar
Salicaceae,Homalium ranomafanicum,Appleq.,Madagascar
Salicaceae,Homalium retivenium,Sleumer,Madagascar
Salicaceae,Homalium rubriflorum,Sleumer,Madagascar
Salicaceae,Homalium sanguineum,(Boivin ex Tul.) Baill.        ,Madagascar
Salicaceae,Homalium schatzii,Appleq.,Madagascar
Salicaceae,Homalium stelliferum,H.Perrier,Madagascar
Salicaceae,Homalium thuarsianum,(Tul.) Baill.       ,Madagascar
Salicaceae,Homalium trigynum,(Baker) Sleumer          ,Madagascar
Salicaceae,Homalium viguieri,H.Perrier,Madagascar
Salicaceae,Ludia ankaranensis,Capuron & Sleumer        ,Madagascar
Salicaceae,Ludia antanosarum,Capuron & Sleumer        ,Madagascar
Salicaceae,Ludia boinensis,H.Perrier,Madagascar
Salicaceae,Ludia brevipes,Sleumer,Madagascar
Salicaceae,Ludia chapelieri,Sleumer,Madagascar
Salicaceae,Ludia craggiana,"Z.S. Rogers, Randrian. & J.S. Mill.",Madagascar
Salicaceae,Ludia dracaenoides,H.Perrier,Madagascar
Salicaceae,Ludia erosifolia,Sleumer,Madagascar
Salicaceae,Ludia faradifani,Capuron & Sleumer        ,Madagascar
Salicaceae,Ludia glaucocarpa,Capuron & Sleumer        ,Madagascar
Salicaceae,Ludia ikongoensis,Capuron & Sleumer        ,Madagascar
Salicaceae,Ludia imontiensis,Capuron & Sleumer        ,Madagascar
Salicaceae,Ludia leandriana,Sleumer,Madagascar
Salicaceae,Ludia ludiifolia,(H. Perrier) Capuron & Sleumer       ,Madagascar
Salicaceae,Ludia madagascariensis,Clos,Madagascar
Salicaceae,Ludia mauritiana,J.F.Gmel.,Madagascar
Salicaceae,Ludia myrtoides,Capuron & Sleumer        ,Madagascar
Salicaceae,Ludia pachyadenia,Sleumer,Madagascar
Salicaceae,Ludia pinnatinervia,(H. Perrier) Capuron & Sleumer,Madagascar
Salicaceae,Ludia scolopioides,Capuron & Sleumer        ,Madagascar
Salicaceae,Ludia sessilis,Sleumer,Madagascar
Salicaceae,Ludia suarezensis,Capuron & Sleumer        ,Madagascar
Salicaceae,Ludia wikstroemiifolia,Sleumer,Madagascar
Salicaceae,Scolopia delphinensis,Appleq. & G.E. Schatz,Madagascar
Salicaceae,Scolopia erythrocarpa,H.Perrier,Madagascar
Salicaceae,Scolopia hazomby,H.Perrier,Madagascar
Salicaceae,Scolopia inappendiculata,H.Perrier,Madagascar
Salicaceae,Scolopia madagascariensis,Sleumer,Madagascar
Salicaceae,Scolopia manongarivae,H.Perrier,Madagascar
Salicaceae,Scolopia meridionalis,Capuron & Sleumer        ,Madagascar
Salicaceae,Scolopia montana,Sleumer,Madagascar
Salicaceae,Scolopia orientalis,Sleumer,Madagascar
Salicaceae,Scolopia septentrionalis,Capuron & Sleumer        ,Madagascar
Salicaceae,Scolopia taimbarina,H.Perrier,Madagascar
Salicaceae,Scolopia thouvenotii,H.Perrier,Madagascar
Salicaceae,Tisonia baillonii,Scott-Elliot,Madagascar
Salicaceae,Tisonia baronii,Danguy,Madagascar
Salicaceae,Tisonia capuronii,Sleumer,Madagascar
Salicaceae,Tisonia cloiselii,Danguy,Madagascar
Salicaceae,Tisonia coriacea,Scott-Elliot,Madagascar
Salicaceae,Tisonia ficulnea,Baill.,Madagascar
Salicaceae,Tisonia glabrata,Baill.,Madagascar
Salicaceae,Tisonia humbertii,H.Perrier,Madagascar
Salicaceae,Tisonia keraudrenae,Leandri,Madagascar
Salicaceae,Tisonia leandriana,H.Perrier,Madagascar
Salicaceae,Tisonia rubescens,Danguy,Madagascar
Salvadoraceae,Azima tetracantha,Lam.,Madagascar
Salvadoraceae,Salvadora angustifolia,Turrill,Madagascar
Santalaceae,Pilgerina madagascariensis,"Z.S. Rogers, Nickrent & Malécot",Madagascar
Santalaceae,Staufferia capuronii,"Z.S. Rogers, Nickrent & Malécot",Madagascar
Sapindaceae,Allophylus bicruris,Radlk.,Madagascar
Sapindaceae,Allophylus bongolavensis,Choux,Madagascar
Sapindaceae,Allophylus salignus,Blume,Madagascar
Sapindaceae,Beguea ankeranensis,G.E. Schatz & Lowry,Madagascar
Sapindaceae,Beguea apetala,Capuron,Madagascar
Sapindaceae,Beguea australis,"G.E. Schatz, Gereau & Lowry",Madagascar
Sapindaceae,Beguea betamponensis,"G.E. Schatz, Gereau & Lowry",Madagascar
Sapindaceae,Beguea birkinshawii,"G.E. Schatz, Gereau & Lowry",Madagascar
Sapindaceae,Beguea borealis,G.E. Schatz & Lowry,Madagascar
Sapindaceae,Beguea galokensis,G.E. Schatz & Lowry,Madagascar
Sapindaceae,Beguea tsaratananensis,"G.E. Schatz, Gereau & Lowry",Madagascar
Sapindaceae,Beguea turkii,"G.E. Schatz, Gereau & Lowry",Madagascar
Sapindaceae,Beguea vulgaris,"G.E. Schatz, Gereau & Lowry",Madagascar
Sapindaceae,Camptolepis crassifolia,Capuron,Madagascar
Sapindaceae,Camptolepis grandiflora,Capuron,Madagascar
Sapindaceae,Camptolepis hygrophila,Capuron,Madagascar
Sapindaceae,Camptolepis ramiflora,(Taub.) Radlk.,Madagascar
Sapindaceae,Chouxia bijugata,"G.E. Schatz, Gereau & Lowry",Madagascar
Sapindaceae,Chouxia borealis,"G.E. Schatz, Gereau & Lowry",Madagascar
Sapindaceae,Chouxia macrophylla,"G.E. Schatz, Gereau & Lowry",Madagascar
Sapindaceae,Chouxia mollis,"G.E. Schatz, Gereau & Lowry",Madagascar
Sapindaceae,Chouxia sorindeioides,Capuron,Madagascar
Sapindaceae,Conchopetalum brachysepalum,Capuron,Madagascar
Sapindaceae,Conchopetalum madagascariense,Radlk.,Madagascar
Sapindaceae,Deinbollia boinensis,Capuron,Madagascar
Sapindaceae,Deinbollia borbonica,Scheff.,Madagascar
Sapindaceae,Deinbollia macrocarpa,Capuron,Madagascar
Sapindaceae,Deinbollia neglecta,Radlk.,Madagascar
Sapindaceae,Deinbollia pervillei,(Blume) Radlk.,Madagascar
Sapindaceae,Dodonaea madagascariensis,Radlk.,Madagascar
Sapindaceae,Doratoxylon alatum,(Radlk.) Capuron,Madagascar
Sapindaceae,Doratoxylon apetalum,(Poir.) Radlk.,Madagascar
Sapindaceae,Doratoxylon chouxii,Capuron,Madagascar
Sapindaceae,Doratoxylon littorale,Capuron,Madagascar
Sapindaceae,Erythrophysa aesculina,Baill.,Madagascar
Sapindaceae,Erythrophysa belinii,Capuron,Madagascar
Sapindaceae,Erythrophysa humbertii,Capuron,Madagascar
Sapindaceae,Erythrophysa lapiazicola,Capuron,Madagascar
Sapindaceae,Erythrophysa paniculata,Capuron,Madagascar
Sapindaceae,Erythrophysa sakalava,Capuron,Madagascar
Sapindaceae,Filicium decipiens,(Wight & Arn.) Thwaites,Madagascar
Sapindaceae,Filicium longifolium,(H.Perrier) Capuron,Madagascar
Sapindaceae,Filicium thouarsianum,(DC.) Capuron,Madagascar
Sapindaceae,Gereaua perrieri,(Capuron) Buerki & Callm.,Madagascar
Sapindaceae,Glenniea pervillei,(Baill.) Leenh.,Madagascar
Sapindaceae,Lepisanthes chrysotricha,"(Capuron) Buerki, Callm. & Lowry           ",Madagascar
Sapindaceae,Lepisanthes perrieri,"(Choux) Buerki, Callm. & Lowry           ",Madagascar
Sapindaceae,Lepisanthes senegalensis,(Poir.) Leenh.,Madagascar
Sapindaceae,Macphersonia chapelieri,(Baill.) Capuron          ,Madagascar
Sapindaceae,Macphersonia gracilis,O. Hoffm.,Madagascar
Sapindaceae,Macphersonia madagascariensis,Blume,Madagascar
Sapindaceae,Macphersonia radlkoferi,Choux,Madagascar
Sapindaceae,Molinaea retusa,Radlk.,Madagascar
Sapindaceae,Molinaea tolambitou,(Cambess.) Radlk.          ,Madagascar
Sapindaceae,Plagioscyphus calciphilus,Capuron,Madagascar
Sapindaceae,Plagioscyphus cauliflorus,Radlk.,Madagascar
Sapindaceae,Plagioscyphus danguyanus,Capuron,Madagascar
Sapindaceae,Plagioscyphus humbertii,Capuron,Madagascar
Sapindaceae,Plagioscyphus jumellei,(Choux) Capuron          ,Madagascar
Sapindaceae,Plagioscyphus louvelii,Danguy & Choux        ,Madagascar
Sapindaceae,Plagioscyphus meridionalis,Capuron,Madagascar
Sapindaceae,Plagioscyphus unijugatus,Capuron,Madagascar
Sapindaceae,Pseudopteris ankaranensis,Capuron,Madagascar
Sapindaceae,Pseudopteris arborea,Capuron,Madagascar
Sapindaceae,Stadtmannia acuminata,Capuron,Madagascar
Sapindaceae,Stadtmannia excelsa,Capuron,Madagascar
Sapindaceae,Stadtmannia glauca,Capuron,Madagascar
Sapindaceae,Stadtmannia leandrii,Capuron,Madagascar
Sapindaceae,Stadtmannia oppositifolia,Lam.,Madagascar
Sapindaceae,Stadtmannia serrulata,Capuron,Madagascar
Sapindaceae,Tina antongiliensis,(Capuron) Callm. & Buerki        ,Madagascar
Sapindaceae,Tina apiculata,(Radlk.) Radlk. ex Choux     ,Madagascar
Sapindaceae,Tina chapelieriana,(Cambess.) Kalkman          ,Madagascar
Sapindaceae,Tina chrysophylla,(Capuron) Callm. & Buerki        ,Madagascar
Sapindaceae,Tina conjugata,Thouars ex Radlk.,Madagascar
Sapindaceae,Tina coursii,(Capuron) Callm. & Buerki        ,Madagascar
Sapindaceae,Tina dasycarpa,Radlk.,Madagascar
Sapindaceae,Tina dissitiflora,(Baker) Callm. & Buerki        ,Madagascar
Sapindaceae,Tina fulvinervis,Radlk.,Madagascar
Sapindaceae,Tina isaloensis,Drake,Madagascar
Sapindaceae,Tina isoneura,Radlk.,Madagascar
Sapindaceae,Tina macrocarpa,(Capuron) Callm. & Buerki        ,Madagascar
Sapindaceae,Tina phellocarpa,(Capuron) Callm. & Buerki        ,Madagascar
Sapindaceae,Tina striata,Radlk.,Madagascar
Sapindaceae,Tina suarezensis,(Capuron) Callm. & Buerki        ,Madagascar
Sapindaceae,Tina tamatavensis,(Capuron) Callm. & Buerki        ,Madagascar
Sapindaceae,Tina thouarsiana,(Cambess.) Capuron          ,Madagascar
Sapindaceae,Tina urschii,(Capuron) Callm. & Buerki        ,Madagascar
Sapindaceae,Tina vadonii,(Capuron) Callm. & Buerki        ,Madagascar
Sapindaceae,Tsingya bemarana,Capuron,Madagascar
Sapindaceae,Zanha suaveolens,Capuron,Madagascar
Sapotaceae,Bemangidia frankliniae,Boluda & L.Gaut.,Madagascar
Sapotaceae,Bemangidia lowryi,L.Gaut.,Madagascar
Sapotaceae,Capurodendron ainae,"Boluda, Naciri & L.Gaut.",Madagascar
Sapotaceae,Capurodendron ambanizanense,Boluda & L.Gaut.,Madagascar
Sapotaceae,Capurodendron andrafiamenae,L.Gaut. & Boluda,Madagascar
Sapotaceae,Capurodendron androyense,Aubrév.,Madagascar
Sapotaceae,Capurodendron ankaranense,Aubrév.,Madagascar
Sapotaceae,Capurodendron antilahimenae,Boluda & L.Gaut.,Madagascar
Sapotaceae,Capurodendron antongiliense,Aubrév.,Madagascar
Sapotaceae,Capurodendron apollonioides,Aubrév.,Madagascar
Sapotaceae,Capurodendron aubrevillei,L.Gaut. & Boluda,Madagascar
Sapotaceae,Capurodendron bakeri,(Scott Elliot) Aubrév.,Madagascar
Sapotaceae,Capurodendron birkinshawii,L.Gaut. & Boluda,Madagascar
Sapotaceae,Capurodendron christeae,"Boluda, Naciri & L.Gaut.",Madagascar
Sapotaceae,Capurodendron costatum,Aubrév.,Madagascar
Sapotaceae,Capurodendron delphinense,Aubrév.,Madagascar
Sapotaceae,Capurodendron gracilifolium,Aubrév.,Madagascar
Sapotaceae,Capurodendron greveanum,Aubrév.,Madagascar
Sapotaceae,Capurodendron ludiifolium,Aubrév.,Madagascar
Sapotaceae,Capurodendron madagascariense,(Lecomte) Aubrév.,Madagascar
Sapotaceae,Capurodendron mandrarense,Aubrév.,Madagascar
Sapotaceae,Capurodendron microphyllum,(Scott Elliot) Aubrév.,Madagascar
Sapotaceae,Capurodendron mikearum,L.Gaut. & Boluda,Madagascar
Sapotaceae,Capurodendron naciriae,L.Gaut. & Boluda,Madagascar
Sapotaceae,Capurodendron namorokense,L.Gaut. & Boluda,Madagascar
Sapotaceae,Capurodendron nanophyllum,L.Gaut. & Naciri,Madagascar
Sapotaceae,Capurodendron nataliae,Boluda & L.Gaut.,Madagascar
Sapotaceae,Capurodendron nodosum,Aubrév.,Madagascar
Sapotaceae,Capurodendron oblongifolium,(Lecomte) L.Gaut. & Boluda,Madagascar
Sapotaceae,Capurodendron perrieri,(Lecomte) Aubrév.,Madagascar
Sapotaceae,Capurodendron pervillei,(Engl.) Aubrév.,Madagascar
Sapotaceae,Capurodendron pseudoterminalia,Aubrév.,Madagascar
Sapotaceae,Capurodendron randrianaivoi,L.Gaut. & Boluda,Madagascar
Sapotaceae,Capurodendron ratovosonii,Boluda & L.Gaut.,Madagascar
Sapotaceae,Capurodendron razakamalalae,Boluda & L.Gaut.,Madagascar
Sapotaceae,Capurodendron rubrocostatum,(Jum. & H.Perrier) Aubrév.,Madagascar
Sapotaceae,Capurodendron rufescens,Aubrév.,Madagascar
Sapotaceae,Capurodendron sahafariense,L.Gaut. & Naciri,Madagascar
Sapotaceae,Capurodendron sakalavum,Aubrév.,Madagascar
Sapotaceae,Capurodendron sakarivorum,L.Gaut. & Boluda,Madagascar
Sapotaceae,Capurodendron schatzii,L.Gaut. & Naciri,Madagascar
Sapotaceae,Capurodendron sommerae,"Boluda, Naciri & L.Gaut.",Madagascar
Sapotaceae,Capurodendron suarezense,Aubrév.,Madagascar
Sapotaceae,Capurodendron tampinense,(Lecomte) Aubrév.,Madagascar
Sapotaceae,Capurodendron terminalioides,Aubrév.,Madagascar
Sapotaceae,Capurodendron vulcanicola,Boluda & L.Gaut.,Madagascar
Sapotaceae,Donella ambrensis,Aubrév.,Madagascar
Sapotaceae,Donella analalavensis,Aubrév.,Madagascar
Sapotaceae,Donella capuronii,(G.E.Schatz & L.Gaut.) Mackinder & L.Gaut.,Madagascar
Sapotaceae,Donella delphinensis,Aubrév.,Madagascar
Sapotaceae,Donella fenerivensis,Aubrév.,Madagascar
Sapotaceae,Donella guereliana,(Aubrév.) Mackinder,Madagascar
Sapotaceae,Donella humbertii,Capuron ex Mackinder & L.Gaut.,Madagascar
Sapotaceae,Donella lanceolata,(Blume) Aubrév.,Madagascar
Sapotaceae,Donella masoalensis,Aubrév.,Madagascar
Sapotaceae,Donella perrieri,Lecomte,Madagascar
Sapotaceae,Donella ranirisonii,L.Gaut. & Mackinder,Madagascar
Sapotaceae,Faucherea ambrensis,Aubrév.,Madagascar
Sapotaceae,Faucherea glutinosa,Aubrév.,Madagascar
Sapotaceae,Faucherea hexandra,(Lecomte) Lecomte,Madagascar
Sapotaceae,Faucherea laciniata,Lecomte,Madagascar
Sapotaceae,Faucherea longepedicellata,Aubrév.,Madagascar
Sapotaceae,Faucherea manongarivensis,Aubrév.,Madagascar
Sapotaceae,Faucherea parvifolia,Lecomte,Madagascar
Sapotaceae,Faucherea sambiranensis,Aubrév.,Madagascar
Sapotaceae,Faucherea tampoloensis,Aubrév.,Madagascar
Sapotaceae,Faucherea thouvenotii,Lecomte,Madagascar
Sapotaceae,Faucherea urschii,Aubrév.,Madagascar
Sapotaceae,Gambeya boiviniana,Pierre,Madagascar
Sapotaceae,Labourdonnaisia lecomtei,Aubrév.,Madagascar
Sapotaceae,Labourdonnaisia madagascariensis,Pierre ex Baill.,Madagascar
Sapotaceae,Labourdonnaisia richardiana,Pierre ex Aubrév.,Madagascar
Sapotaceae,Labramia ambondrombeensis,L.Gaut. & Randriarisoa,Madagascar
Sapotaceae,Labramia ankaranaensis,Aubrév.,Madagascar
Sapotaceae,Labramia boivinii,(Pierre) Aubrév.,Madagascar
Sapotaceae,Labramia bojeri,A.DC.,Madagascar
Sapotaceae,Labramia capuronii,Aubrév.,Madagascar
Sapotaceae,Labramia costata,(Hartog ex Baill.) Aubrév.,Madagascar
Sapotaceae,Labramia louvelii,Aubrév.,Madagascar
Sapotaceae,Labramia platanoides,Capuron ex Aubrév.,Madagascar
Sapotaceae,Labramia sambiranensis,Capuron ex Aubrév.,Madagascar
Sapotaceae,Labramia samiana,Randriarisoa & L.Gaut.,Madagascar
Sapotaceae,Manilkara boivinii,Aubrév.,Madagascar
Sapotaceae,Manilkara capuronii,Aubrév.,Madagascar
Sapotaceae,Manilkara perrieri,Aubrév.,Madagascar
Sapotaceae,Manilkara sahafarensis,Aubrév.,Madagascar
Sapotaceae,Manilkara suarezensis,Aubrév.,Madagascar
Sapotaceae,Mimusops ankaibeensis,Capuron ex Aubrév.,Madagascar
Sapotaceae,Mimusops antongilensis,Aubrév.,Madagascar
Sapotaceae,Mimusops antorakensis,Aubrév.,Madagascar
Sapotaceae,Mimusops antsiranensis,F.Friedmann,Madagascar
Sapotaceae,Mimusops boeniensis,Randrianaivo,Madagascar
Sapotaceae,Mimusops capuronii,Aubrév.,Madagascar
Sapotaceae,Mimusops coriacea,(A.DC.) Miq.,Madagascar
Sapotaceae,Mimusops lecomtei,H.J.Lam,Madagascar
Sapotaceae,Mimusops lohindri,Aubrév.,Madagascar
Sapotaceae,Mimusops longipedicellata,Aubrév.,Madagascar
Sapotaceae,Mimusops makaka,Randrianaivo & L.Gaut.,Madagascar
Sapotaceae,Mimusops masoalensis,Randrianaivo,Madagascar
Sapotaceae,Mimusops membranacea,Aubrév.,Madagascar
Sapotaceae,Mimusops nossibeensis,Capuron ex Aubrév.,Madagascar
Sapotaceae,Mimusops occidentalis,Aubrév.,Madagascar
Sapotaceae,Mimusops perrieri,Capuron ex Aubrév.,Madagascar
Sapotaceae,Mimusops sahakensis,L.Gaut. & Randrianaivo,Madagascar
Sapotaceae,Mimusops sambiranensis,Aubrév.,Madagascar
Sapotaceae,Mimusops swensonii,L.Gaut. & Boluda,Madagascar
Sapotaceae,Mimusops voalela,Aubrév.,Madagascar
Sapotaceae,Sideroxylon beguei,Capuron ex Aubrév.,Madagascar
Sapotaceae,Sideroxylon betsimisarakum,Lecomte,Madagascar
Sapotaceae,Sideroxylon capuronii,Aubrév.,Madagascar
Sapotaceae,Sideroxylon collinum,Lecomte,Madagascar
Sapotaceae,Sideroxylon gerrardianum,(Hook.f.) Aubrév.,Madagascar
Sapotaceae,Sideroxylon saxorum,Lecomte,Madagascar
Sapotaceae,Sideroxylon tambolokoko,Aubrév.,Madagascar
Sapotaceae,Tsebona macrantha,Capuron,Madagascar
Sapotaceae,Tsebona mpanjaka,Boluda & L.Gaut.,Madagascar
Sarcolaenaceae,Eremolaena darainensis,Nusb. & Lowry,Madagascar
Sarcolaenaceae,Eremolaena humblotiana,Baill.,Madagascar
Sarcolaenaceae,Eremolaena rotundifolia,(F.Gérard) Danguy,Madagascar
Sarcolaenaceae,Leptolaena abrahamii,G.E.Schatz & Lowry,Madagascar
Sarcolaenaceae,Leptolaena cuspidata,Baker,Madagascar
Sarcolaenaceae,Leptolaena delphinensis,G.E.Schatz & Lowry,Madagascar
Sarcolaenaceae,Leptolaena gautieri,G.E.Schatz & Lowry,Madagascar
Sarcolaenaceae,Leptolaena multiflora,Thouars,Madagascar
Sarcolaenaceae,Leptolaena pauciflora,Baker,Madagascar
Sarcolaenaceae,Leptolaena raymondii,G.E.Schatz & Lowry,Madagascar
Sarcolaenaceae,Mediusella arenaria,(F.Gérard) Hong-Wa,Madagascar
Sarcolaenaceae,Mediusella bernieri,(Baill.) Hutch.,Madagascar
Sarcolaenaceae,Pentachlaena betamponensis,"Lowry, Haev., Labat & G.E.Schatz",Madagascar
Sarcolaenaceae,Pentachlaena latifolia,H.Perrier,Madagascar
Sarcolaenaceae,Pentachlaena orientalis,Capuron,Madagascar
Sarcolaenaceae,Perrierodendron boinense,(H.Perrier) Cavaco,Madagascar
Sarcolaenaceae,Perrierodendron capuronii,"J.-F.Leroy, Lowry, Haev., Labat & G.E.Schatz",Madagascar
Sarcolaenaceae,Perrierodendron occidentale,"J.-F.Leroy, Lowry, Haev., Labat & G.E.Schatz",Madagascar
Sarcolaenaceae,Perrierodendron quartzitorum,"J.-F.Leroy, Lowry, Haev., Labat & G.E.Schatz",Madagascar
Sarcolaenaceae,Perrierodendron rodoense,"J.-F.Leroy, Lowry, Haev., Labat & G.E.Schatz",Madagascar
Sarcolaenaceae,Rhodolaena acutifolia,Baker,Madagascar
Sarcolaenaceae,Rhodolaena altivola,Thouars,Madagascar
Sarcolaenaceae,Rhodolaena bakeriana,Baill.,Madagascar
Sarcolaenaceae,Rhodolaena coriacea,"G.E.Schatz, Lowry & A.-E.Wolf",Madagascar
Sarcolaenaceae,Rhodolaena humblotii,Baill.,Madagascar
Sarcolaenaceae,Rhodolaena leroyana,"G.E.Schatz, Lowry & A.-E.Wolf",Madagascar
Sarcolaenaceae,Rhodolaena macrocarpa,"G.E.Schatz, Lowry & A.-E.Wolf",Madagascar
Sarcolaenaceae,Sarcolaena codonochlamys,Baker,Madagascar
Sarcolaenaceae,Sarcolaena delphinensis,Cavaco,Madagascar
Sarcolaenaceae,Sarcolaena eriophora,Thouars,Madagascar
Sarcolaenaceae,Sarcolaena grandiflora,Thouars,Madagascar
Sarcolaenaceae,Sarcolaena isaloensis,Randrian. & J.S.Mill.,Madagascar
Sarcolaenaceae,Sarcolaena multiflora,Thouars,Madagascar
Sarcolaenaceae,Sarcolaena oblongifolia,F.Gérard,Madagascar
Sarcolaenaceae,Schizolaena capuronii,"Lowry, G.E.Schatz, J.-F.Leroy & A.-E.Wolf",Madagascar
Sarcolaenaceae,Schizolaena cauliflora,Thouars,Madagascar
Sarcolaenaceae,Schizolaena cavacoana,"Lowry, G.E.Schatz, J.-F.Leroy & A.-E.Wolf",Madagascar
Sarcolaenaceae,Schizolaena charlotteae,Lowry & G.E.Schatz,Madagascar
Sarcolaenaceae,Schizolaena elongata,Thouars,Madagascar
Sarcolaenaceae,Schizolaena exinvolucrata,Baker,Madagascar
Sarcolaenaceae,Schizolaena gereaui,"Lowry, G.E.Schatz, J.-F.Leroy & A.-E.Wolf",Madagascar
Sarcolaenaceae,Schizolaena hystrix,Capuron,Madagascar
Sarcolaenaceae,Schizolaena isaloensis,Rabeh. & Lowry,Madagascar
Sarcolaenaceae,Schizolaena manomboensis,"Lowry, G.E.Schatz, J.-F.Leroy & A.-E.Wolf",Madagascar
Sarcolaenaceae,Schizolaena masoalensis,"Lowry, G.E.Schatz, J.-F.Leroy & A.-E.Wolf",Madagascar
Sarcolaenaceae,Schizolaena microphylla,H.Perrier,Madagascar
Sarcolaenaceae,Schizolaena milleri,"Lowry, G.E.Schatz, J.-F.Leroy & A.-E.Wolf",Madagascar
Sarcolaenaceae,Schizolaena parviflora,(F.Gérard) H.Perrier,Madagascar
Sarcolaenaceae,Schizolaena parvipetala,Randrian. & Hong-Wa,Madagascar
Sarcolaenaceae,Schizolaena pectinata,Capuron,Madagascar
Sarcolaenaceae,Schizolaena raymondii,Lowry & Rabeh.,Madagascar
Sarcolaenaceae,Schizolaena rosea,Thouars,Madagascar
Sarcolaenaceae,Schizolaena tampoketsana,"Lowry, G.E.Schatz, J.-F.Leroy & A.-E.Wolf",Madagascar
Sarcolaenaceae,Schizolaena turkii,"Lowry, G.E.Schatz, J.-F.Leroy & A.-E.Wolf",Madagascar
Sarcolaenaceae,Schizolaena viscosa,F.Gérard,Madagascar
Sarcolaenaceae,Xerochlamys coriacea,Hong-Wa,Madagascar
Sarcolaenaceae,Xerochlamys diospyroidea,(Baill.) F.Gérard,Madagascar
Sarcolaenaceae,Xerochlamys elliptica,F.Gérard,Madagascar
Sarcolaenaceae,Xerochlamys tampoketsensis,F.Gérard,Madagascar
Sarcolaenaceae,Xerochlamys undulata,Hong-Wa,Madagascar
Sarcolaenaceae,Xerochlamys villosa,F.Gérard,Madagascar
Sarcolaenaceae,Xyloolaena humbertii,Cavaco,Madagascar
Sarcolaenaceae,Xyloolaena perrieri,F.Gérard,Madagascar
Sarcolaenaceae,Xyloolaena richardii,(Baill.) Baill.,Madagascar
Sarcolaenaceae,Xyloolaena sambiranensis,Lowry & G.E.Schatz,Madagascar
Sarcolaenaceae,Xyloolaena speciosa,Lowry & G.E.Schatz,Madagascar
Scrophulariaceae,Androya decaryi,H.Perrier,Madagascar
Scrophulariaceae,Buddleja madagascariensis,Lam.,Madagascar
Simaroubaceae,Perriera madagascariensis,Courchet,Madagascar
Simaroubaceae,Perriera orientalis,Capuron,Madagascar
Simaroubaceae,Quassia indica,(Gaertn.) Noot.,Madagascar
Solanaceae,Solanum croatii,D'Arcy & R.C. Keating       ,Madagascar
Solanaceae,Solanum heinianum,D'Arcy & R.C. Keating       ,Madagascar
Solanaceae,Solanum myoxotrichum,Baker,Madagascar
Solanaceae,Tsoala tubiflora,Bosser & D'Arcy,Madagascar
Sphaerosepalaceae,Dialyceras coriaceum,(Capuron) J.-F.Leroy,Madagascar
Sphaerosepalaceae,Dialyceras discolor,(Capuron) J.-F.Leroy,Madagascar
Sphaerosepalaceae,Dialyceras parvifolium,Capuron,Madagascar
Sphaerosepalaceae,Rhopalocarpus alternifolius,(Baker) Capuron,Madagascar
Sphaerosepalaceae,Rhopalocarpus binervius,Capuron,Madagascar
Sphaerosepalaceae,Rhopalocarpus coriaceus,(Scott Elliot) Capuron,Madagascar
Sphaerosepalaceae,Rhopalocarpus crassinervius,"(Capuron) G.E.Schatz, Lowry & A.-E.Wolf",Madagascar
Sphaerosepalaceae,Rhopalocarpus excelsus,Capuron,Madagascar
Sphaerosepalaceae,Rhopalocarpus longipetiolatus,Hemsl.,Madagascar
Sphaerosepalaceae,Rhopalocarpus louvelii,(Danguy) Capuron,Madagascar
Sphaerosepalaceae,Rhopalocarpus lucidus,Bojer,Madagascar
Sphaerosepalaceae,Rhopalocarpus macrorhamnifolius,Capuron,Madagascar
Sphaerosepalaceae,Rhopalocarpus mollis,G.E.Schatz & Lowry,Madagascar
Sphaerosepalaceae,Rhopalocarpus parvifolius,"(Capuron) G.E.Schatz, Lowry & A.-E.Wolf",Madagascar
Sphaerosepalaceae,Rhopalocarpus randrianaivoi,G.E.Schatz & Lowry,Madagascar
Sphaerosepalaceae,Rhopalocarpus similis,Hemsl.,Madagascar
Sphaerosepalaceae,Rhopalocarpus suarezensis,Capuron ex Bosser,Madagascar
Sphaerosepalaceae,Rhopalocarpus thouarsianus,Baill.,Madagascar
Sphaerosepalaceae,Rhopalocarpus triplinervius,Baill.,Madagascar
Sphaerosepalaceae,Rhopalocarpus undulatus,Capuron,Madagascar
Stemonuraceae,Grisollea crassifolia,"Schori, Lowry & G.E. Schatz",Madagascar
Stemonuraceae,Grisollea myriantha,Baill.,Madagascar
Stilbaceae,Halleria ligustrifolia,Baker,Madagascar
Stilbaceae,Nuxia ambrensis,Jovet,Madagascar
Stilbaceae,Nuxia capitata,Baker,Madagascar
Stilbaceae,Nuxia coriacea,Soler.,Madagascar
Stilbaceae,Nuxia involucrata,Aug.DC.,Madagascar
Stilbaceae,Nuxia oppositifolia,(Hochst.) Benth.,Madagascar
Stilbaceae,Nuxia pachyphylla,Baker,Madagascar
Stilbaceae,Nuxia sphaerocephala,(Baker) Baker,Madagascar
Strelitziaceae,Ravenala madagascariensis,Sonn.,Madagascar
Surianaceae,Suriana maritima,L.,Madagascar
Thymelaeaceae,Atemnosiphon coriaceus,(Leandri) Leandri,Madagascar
Thymelaeaceae,Dais glaucescens,Decne.,Madagascar
Thymelaeaceae,Lasiosiphon danguyanus,(Leandri) Boatwr.,Madagascar
Thymelaeaceae,Lasiosiphon daphnifolius,(L.f.) Boatwr. & J.C.Manning,Madagascar
Thymelaeaceae,Lasiosiphon gilbertae,(Drake) Boatwr. & J.C.Manning,Madagascar
Thymelaeaceae,Lasiosiphon razakamalalanus,(Z.S.Rogers) Boatwr. & J.C.Manning,Madagascar
Thymelaeaceae,Octolepis aymoniniana,Z.S. Rogers   ,Madagascar
Thymelaeaceae,Octolepis dioica,Capuron,Madagascar
Thymelaeaceae,Octolepis ibityensis,Z.S. Rogers   ,Madagascar
Thymelaeaceae,Octolepis oblanceolata,(Capuron) Z.S.Rogers,Madagascar
Thymelaeaceae,Octolepis ratovosonii,Z.S. Rogers   ,Madagascar
Thymelaeaceae,Peddiea involucrata,Baker,Madagascar
Thymelaeaceae,Stephanodaphne cremostachya,Baill.,Madagascar
Thymelaeaceae,Stephanodaphne cuspidata,(Leandri) Leandri          ,Madagascar
Thymelaeaceae,Stephanodaphne geminata,H. Perrier ex Leandri,Madagascar
Thymelaeaceae,Stephanodaphne humbertii,Leandri,Madagascar
Thymelaeaceae,Stephanodaphne pedicellata,Z.S. Rogers   ,Madagascar
Thymelaeaceae,Stephanodaphne perrieri,Leandri,Madagascar
Thymelaeaceae,Stephanodaphne pilosa,Z.S. Rogers   ,Madagascar
Thymelaeaceae,Stephanodaphne schatzii,Z.S. Rogers   ,Madagascar
Torricelliaceae,Melanophylla alnifolia,Baker,Madagascar
Torricelliaceae,Melanophylla angustior,McPherson & Rabenant.,Madagascar
Torricelliaceae,Melanophylla aucubifolia,Baker,Madagascar
Torricelliaceae,Melanophylla crenata,Baker,Madagascar
Torricelliaceae,Melanophylla dianeae,Lowry & G.E. Schatz,Madagascar
Torricelliaceae,Melanophylla madagascariensis,Keraudren,Madagascar
Torricelliaceae,Melanophylla modestei,"G.E.Schatz, Lowry & A.-E.Wolf",Madagascar
Torricelliaceae,Melanophylla perrieri,Keraudren,Madagascar
Trigoniaceae,Humbertiodendron saboureaui,Leandri,Madagascar
Ulmaceae,Chaetachme aristata,Planch.,Madagascar
Urticaceae,Obetia madagascariensis,(Juss. ex Poir.) Wedd.        ,Madagascar
Urticaceae,Obetia radula,(Baker) Baker ex B.D.Jacks.,Madagascar
Urticaceae,Pouzolzia mandrarensis,Leandri,Madagascar
Violaceae,Rinorea angustifolia,(Thouars) Baill.,Madagascar
Violaceae,Rinorea arborea,(Thouars) Baill.       ,Madagascar
Violaceae,Rinorea bullata,H.Perrier,Madagascar
Violaceae,Rinorea greveana,Baill.,Madagascar
Violaceae,Rinorea ilicifolia,(Welw. ex Oliv.) Kuntze,Madagascar
Violaceae,Rinorea pugionifera,(Oudem.) H. Perrier      ,Madagascar
Violaceae,Rinorea rubra,(Tul.) Baill.       ,Madagascar
Violaceae,Rinorea squamosa,(Boivin ex Tul.) Baill.,Madagascar
Violaceae,Rinorea urschii,H.Perrier,Madagascar
Vitaceae,Cyphostemma darainense,Wahlert & Phillipson        ,Madagascar
Vitaceae,Leea spinea,Desc.,Madagascar
Winteraceae,Takhtajania perrieri,(Capuron) Baranova & J.-F.Leroy,Madagascar
