family,taxon,author,native to
Acanthaceae,Avicennia alba,Blume,Malaysia
Acanthaceae,Avicennia marina,(Forssk.) Vierh.,Malaysia
Acanthaceae,Avicennia officinalis,L.,Malaysia
Achariaceae,Eleutherandra pes-cervi,Slooten,Malaysia
Achariaceae,Erythrospermum candidum,(Becc.) Becc.,Malaysia
Achariaceae,Hydnocarpus anomalus,(Merr.) Sleumer,Malaysia
Achariaceae,Hydnocarpus beccarianus,Sleumer,Malaysia
Achariaceae,Hydnocarpus borneensis,Sleumer,Malaysia
Achariaceae,Hydnocarpus calophyllus,(Ridl.) Sleumer,Malaysia
Achariaceae,Hydnocarpus castaneus,Hook.f. & Thomson,Malaysia
Achariaceae,Hydnocarpus cucurbitina,King,Malaysia
Achariaceae,Hydnocarpus curtisii,King,Malaysia
Achariaceae,Hydnocarpus filipes,Symington & Sleumer,Malaysia
Achariaceae,Hydnocarpus gracilis,(Slooten) Sleumer,Malaysia
Achariaceae,Hydnocarpus humei,Ridl.,Malaysia
Achariaceae,Hydnocarpus ilicifolius,King,Malaysia
Achariaceae,Hydnocarpus kunstleri,(King) Warb.,Malaysia
Achariaceae,Hydnocarpus nana,King,Malaysia
Achariaceae,Hydnocarpus pinguis,Sleumer,Malaysia
Achariaceae,Hydnocarpus polypetalus,(Slooten) Sleumer,Malaysia
Achariaceae,Hydnocarpus scortechinii,King,Malaysia
Achariaceae,Hydnocarpus subfalcata,Merr.,Malaysia
Achariaceae,Hydnocarpus sumatranus,(Miq.) Koord.,Malaysia
Achariaceae,Hydnocarpus tenuipetalus,Sleumer,Malaysia
Achariaceae,Hydnocarpus woodii,Merr.,Malaysia
Achariaceae,Hydnocarpus wrayi,King,Malaysia
Achariaceae,Pangium edule,Reinw.,Malaysia
Achariaceae,Ryparosa acuminata,Merr.,Malaysia
Achariaceae,Ryparosa baccaureoides,Sleumer,Malaysia
Achariaceae,Ryparosa fasciculata,King,Malaysia
Achariaceae,Ryparosa hirsuta,J.J.Sm.,Malaysia
Achariaceae,Ryparosa hullettii,King,Malaysia
Achariaceae,Ryparosa javanica,Koord. & Valeton,Malaysia
Achariaceae,Ryparosa kostermansii,Sleumer,Malaysia
Achariaceae,Ryparosa kunstleri,King,Malaysia
Achariaceae,Ryparosa scortechinii,King,Malaysia
Achariaceae,Ryparosa wallichii,Ridl.,Malaysia
Achariaceae,Scaphocalyx spathacea,Ridl.,Malaysia
Achariaceae,Trichadenia philippinensis,Merr.,Malaysia
Actinidiaceae,Saurauia agamae,Merr.,Malaysia
Actinidiaceae,Saurauia amoena,Stapf,Malaysia
Actinidiaceae,Saurauia barbata,Kamariah ex K.M.Wong,Malaysia
Actinidiaceae,Saurauia beluranensis,K.M.Wong,Malaysia
Actinidiaceae,Saurauia borneensis,Merr.,Malaysia
Actinidiaceae,Saurauia bosuangii,Kamariah ex K.M.Wong,Malaysia
Actinidiaceae,Saurauia brevicymula,K.M.Wong,Malaysia
Actinidiaceae,Saurauia calcicola,K.M.Wong,Malaysia
Actinidiaceae,Saurauia capitellata,Kamariah ex K.M.Wong,Malaysia
Actinidiaceae,Saurauia chaiana,K.M.Wong,Malaysia
Actinidiaceae,Saurauia chewlunii,K.M.Wong,Malaysia
Actinidiaceae,Saurauia conniechaniae,K.M.Wong,Malaysia
Actinidiaceae,Saurauia corneri,Kamariah ex K.M.Wong,Malaysia
Actinidiaceae,Saurauia crockerensis,K.M.Wong,Malaysia
Actinidiaceae,Saurauia dewildeorum,K.M.Wong,Malaysia
Actinidiaceae,Saurauia diwolii,K.M.Wong,Malaysia
Actinidiaceae,Saurauia fragrans,Hoogland,Malaysia
Actinidiaceae,Saurauia glabra,Merr.,Malaysia
Actinidiaceae,Saurauia graciliflora,Kamariah ex K.M.Wong,Malaysia
Actinidiaceae,Saurauia hispidicalyx,Kamariah ex K.M.Wong,Malaysia
Actinidiaceae,Saurauia hosei,Merr.,Malaysia
Actinidiaceae,Saurauia iliasii,K.M.Wong,Malaysia
Actinidiaceae,Saurauia jeisinii,K.M.Wong,Malaysia
Actinidiaceae,Saurauia jiewhoei,K.M.Wong,Malaysia
Actinidiaceae,Saurauia joelii,K.M.Wong,Malaysia
Actinidiaceae,Saurauia jugahii,K.M.Wong,Malaysia
Actinidiaceae,Saurauia juliae,K.M.Wong,Malaysia
Actinidiaceae,Saurauia kuchingensis,K.M.Wong,Malaysia
Actinidiaceae,Saurauia latifolia,K.M.Wong,Malaysia
Actinidiaceae,Saurauia leeana,K.M.Wong,Malaysia
Actinidiaceae,Saurauia leopoldii,K.M.Wong,Malaysia
Actinidiaceae,Saurauia leprosa,Korth.,Malaysia
Actinidiaceae,Saurauia linusii,K.M.Wong,Malaysia
Actinidiaceae,Saurauia mahmudii,Hoogland,Malaysia
Actinidiaceae,Saurauia malayana,Hoogland,Malaysia
Actinidiaceae,Saurauia minutiflora,K.M.Wong,Malaysia
Actinidiaceae,Saurauia napaulensis,DC.,Malaysia
Actinidiaceae,Saurauia nudiflora,DC.,Malaysia
Actinidiaceae,Saurauia pentapetala,(Jack) Hoogland,Malaysia
Actinidiaceae,Saurauia pereirae,K.M.Wong,Malaysia
Actinidiaceae,Saurauia postarii,K.M.Wong,Malaysia
Actinidiaceae,Saurauia rantaijawae,K.M.Wong,Malaysia
Actinidiaceae,Saurauia reinwardtiana,Blume,Malaysia
Actinidiaceae,Saurauia ridleyi,Merr.,Malaysia
Actinidiaceae,Saurauia roxburghii,Wall.,Malaysia
Actinidiaceae,Saurauia rubens,Ridl.,Malaysia
Actinidiaceae,Saurauia runiae,K.M.Wong,Malaysia
Actinidiaceae,Saurauia sammanniana,K.M.Wong,Malaysia
Actinidiaceae,Saurauia serpentina,Kamariah ex K.M.Wong,Malaysia
Actinidiaceae,Saurauia speciosa,K.M.Wong,Malaysia
Actinidiaceae,Saurauia subcordata,Korth.,Malaysia
Actinidiaceae,Saurauia subsessilifolia,K.M.Wong,Malaysia
Actinidiaceae,Saurauia sugaui,K.M.Wong,Malaysia
Actinidiaceae,Saurauia suzanae,K.M.Wong,Malaysia
Actinidiaceae,Saurauia tewensis,Korth.,Malaysia
Actinidiaceae,Saurauia tristyla,DC.,Malaysia
Actinidiaceae,Saurauia ubaldusii,Kamariah ex K.M.Wong,Malaysia
Actinidiaceae,Saurauia urophylla,K.M.Wong,Malaysia
Actinidiaceae,Saurauia vulcani,Korth.,Malaysia
Altingiaceae,Liquidambar excelsa,(Noronha) Oken,Malaysia
Anacardiaceae,Allospondias lakonensis,(Pierre) Stapf,Malaysia
Anacardiaceae,Androtium astylum,Stapf,Malaysia
Anacardiaceae,Bouea macrophylla,Griff.,Malaysia
Anacardiaceae,Bouea oppositifolia,(Roxb.) Meisn.,Malaysia
Anacardiaceae,Buchanania insignis,Blume,Malaysia
Anacardiaceae,Buchanania lanzan,Spreng.,Malaysia
Anacardiaceae,Buchanania sessifolia,Blume,Malaysia
Anacardiaceae,Buchanania splendens,Miq.,Malaysia
Anacardiaceae,Campnosperma auriculatum,(Blume) Hook.f.,Malaysia
Anacardiaceae,Campnosperma coriaceum,(Jack) Hallier f.,Malaysia
Anacardiaceae,Campnosperma squamatum,Ridl.,Malaysia
Anacardiaceae,Dracontomelon costatum,Blume,Malaysia
Anacardiaceae,Dracontomelon dao,(Blanco) Merr. & Rolfe,Malaysia
Anacardiaceae,Drimycarpus luridus,(Hook.f.) Ding Hou,Malaysia
Anacardiaceae,Drimycarpus maximus,Kochummen,Malaysia
Anacardiaceae,Gluta aptera,(King) Ding Hou,Malaysia
Anacardiaceae,Gluta beccarii,(Engl.) Ding Hou,Malaysia
Anacardiaceae,Gluta capituliflora,Ding Hou,Malaysia
Anacardiaceae,Gluta curtisii,(Oliv.) Ding Hou,Malaysia
Anacardiaceae,Gluta elegans,(Wall.) Kurz,Malaysia
Anacardiaceae,Gluta lanceolata,Ridl.,Malaysia
Anacardiaceae,Gluta laxiflora,Ridl.,Malaysia
Anacardiaceae,Gluta macrocarpa,(Engl.) Ding Hou,Malaysia
Anacardiaceae,Gluta malayana,(Corner) Ding Hou,Malaysia
Anacardiaceae,Gluta oba,(Merr.) Ding Hou,Malaysia
Anacardiaceae,Gluta pubescens,(Ridl.) Ding Hou,Malaysia
Anacardiaceae,Gluta renghas,L.,Malaysia
Anacardiaceae,Gluta rugulosa,Ding Hou,Malaysia
Anacardiaceae,Gluta sabahana,Ding Hou,Malaysia
Anacardiaceae,Gluta speciosa,(Ridl.) Ding Hou,Malaysia
Anacardiaceae,Gluta tavoyana,Hook.f.,Malaysia
Anacardiaceae,Gluta torquata,(King) Tardieu,Malaysia
Anacardiaceae,Gluta velutina,Blume,Malaysia
Anacardiaceae,Gluta wallichii,(Hook.f.) Ding Hou,Malaysia
Anacardiaceae,Gluta wrayi,King,Malaysia
Anacardiaceae,Koordersiodendron pinnatum,Merr.,Malaysia
Anacardiaceae,Mangifera applanata,Kosterm,Malaysia
Anacardiaceae,Mangifera blommesteinii,Kosterm.,Malaysia
Anacardiaceae,Mangifera caesia,Jack,Malaysia
Anacardiaceae,Mangifera decandra,Ding Hou,Malaysia
Anacardiaceae,Mangifera foetida,Lour.,Malaysia
Anacardiaceae,Mangifera gracilipes,Hook.f.,Malaysia
Anacardiaceae,Mangifera griffithii,Hook.f.,Malaysia
Anacardiaceae,Mangifera havilandii,Ridl.,Malaysia
Anacardiaceae,Mangifera khoonmengiana,Kochummen,Malaysia
Anacardiaceae,Mangifera lagenifera,Griff.,Malaysia
Anacardiaceae,Mangifera laurina,Blume,Malaysia
Anacardiaceae,Mangifera macrocarpa,Blume,Malaysia
Anacardiaceae,Mangifera magnifica,Kochummen,Malaysia
Anacardiaceae,Mangifera pajang,Kosterm.,Malaysia
Anacardiaceae,Mangifera parvifolia,Boerl. & Koord.,Malaysia
Anacardiaceae,Mangifera pentandra,Hook.f.,Malaysia
Anacardiaceae,Mangifera quadrifida,Jack,Malaysia
Anacardiaceae,Mangifera rufocostata,Kosterm.,Malaysia
Anacardiaceae,Mangifera subsessilifolia,Kosterm.,Malaysia
Anacardiaceae,Mangifera superba,Hook.f.,Malaysia
Anacardiaceae,Mangifera swintonioides,Kosterm.,Malaysia
Anacardiaceae,Melanochyla angustifolia,Hook.f.,Malaysia
Anacardiaceae,Melanochyla auriculata,Hook.f.,Malaysia
Anacardiaceae,Melanochyla axillaris,Ridl.,Malaysia
Anacardiaceae,Melanochyla beccariana,Oliv.,Malaysia
Anacardiaceae,Melanochyla borneensis,(Ridl.) Ding Hou,Malaysia
Anacardiaceae,Melanochyla bracteata,King,Malaysia
Anacardiaceae,Melanochyla bullata,Ding Hou,Malaysia
Anacardiaceae,Melanochyla caesia,(Blume) Ding Hou,Malaysia
Anacardiaceae,Melanochyla castaneifolia,Ding Hou,Malaysia
Anacardiaceae,Melanochyla condensata,Kochummen,Malaysia
Anacardiaceae,Melanochyla densiflora,King,Malaysia
Anacardiaceae,Melanochyla elmeri,Merr.,Malaysia
Anacardiaceae,Melanochyla fasciculiflora,Kochummen,Malaysia
Anacardiaceae,Melanochyla fulvinervis,(Blume) Ding Hou,Malaysia
Anacardiaceae,Melanochyla longipetiolata,Kochummen,Malaysia
Anacardiaceae,Melanochyla minutiflora,Ding Hou,Malaysia
Anacardiaceae,Melanochyla montana,Kochummen,Malaysia
Anacardiaceae,Melanochyla nitida,King,Malaysia
Anacardiaceae,Melanochyla scalarinervis,Kochummen,Malaysia
Anacardiaceae,Melanochyla semecarpoides,Ding Hou,Malaysia
Anacardiaceae,Melanochyla tomentosa,Hook.f.,Malaysia
Anacardiaceae,Melanochyla woodiana,Kochummen,Malaysia
Anacardiaceae,Parishia dinghouiana,Kochummen,Malaysia
Anacardiaceae,Parishia insignis,Hook.f.,Malaysia
Anacardiaceae,Parishia maingayi,Hook.f.,Malaysia
Anacardiaceae,Parishia paucijuga,Engl.,Malaysia
Anacardiaceae,Parishia sericea,Ridl.,Malaysia
Anacardiaceae,Parishia trifoliolata,Kochummen,Malaysia
Anacardiaceae,Pentaspadon curtisii,(King) Corner,Malaysia
Anacardiaceae,Pentaspadon motleyi,Hook.f.,Malaysia
Anacardiaceae,Pentaspadon velutinus,Hook.f.,Malaysia
Anacardiaceae,Pleiogynium timoriense,(DC.) Leenh.,Malaysia
Anacardiaceae,Rhus chinensis,Mill.,Malaysia
Anacardiaceae,Semecarpus angulatus,Kochummen,Malaysia
Anacardiaceae,Semecarpus angustifolius,Kochummen,Malaysia
Anacardiaceae,Semecarpus borneensis,Merr.,Malaysia
Anacardiaceae,Semecarpus bunburyanus,Gibbs,Malaysia
Anacardiaceae,Semecarpus calcicola,Kochummen,Malaysia
Anacardiaceae,Semecarpus cochinchinensis,Engl.,Malaysia
Anacardiaceae,Semecarpus cupularis,Kochummen,Malaysia
Anacardiaceae,Semecarpus curtisii,King,Malaysia
Anacardiaceae,Semecarpus densiflorus,(Merr.) Steenis,Malaysia
Anacardiaceae,Semecarpus euodiifolius,Kochummen,Malaysia
Anacardiaceae,Semecarpus forstenii,Blume,Malaysia
Anacardiaceae,Semecarpus heterophyllus,Blume,Malaysia
Anacardiaceae,Semecarpus impressicostatus,Kochummen,Malaysia
Anacardiaceae,Semecarpus kinabaluensis,Kochummen,Malaysia
Anacardiaceae,Semecarpus lineatus,Kosterm.,Malaysia
Anacardiaceae,Semecarpus lucens,King,Malaysia
Anacardiaceae,Semecarpus minutipetalus,Kochummen,Malaysia
Anacardiaceae,Semecarpus paucinervius,Merr.,Malaysia
Anacardiaceae,Semecarpus prainii,King,Malaysia
Anacardiaceae,Semecarpus pulvinatus,Kochummen,Malaysia
Anacardiaceae,Semecarpus rufovelutinus,Ridl.,Malaysia
Anacardiaceae,Semecarpus sandakanus,Kochummen,Malaysia
Anacardiaceae,Semecarpus trengganuensis,Kochummen,Malaysia
Anacardiaceae,Semecarpus velutinus,King,Malaysia
Anacardiaceae,Solenocarpus philippinensis,(Elmer) Kosterm.,Malaysia
Anacardiaceae,Spondias malayana,Kosterm.,Malaysia
Anacardiaceae,Swintonia acuta,Engl.,Malaysia
Anacardiaceae,Swintonia floribunda,Griff.,Malaysia
Anacardiaceae,Swintonia foxworthyi,Elmer,Malaysia
Anacardiaceae,Swintonia glauca,Engl.,Malaysia
Anacardiaceae,Swintonia minutalata,Ding Hou,Malaysia
Anacardiaceae,Swintonia robinsonii,Ridl.,Malaysia
Anacardiaceae,Swintonia sarawakana,Kochummen,Malaysia
Anacardiaceae,Swintonia schwenckii,Teijsm. & Binn. ex Hook.f.,Malaysia
Anacardiaceae,Swintonia spicifera,Hook.f.,Malaysia
Anacardiaceae,Swintonia whitmorei,(Kochummen) Kosterm.,Malaysia
Anacardiaceae,Toxicodendron nodosum,(Blume) Kuntze,Malaysia
Anisophylleaceae,Anisophyllea apetala,Scort. ex King,Malaysia
Anisophylleaceae,Anisophyllea bakoensis,"Li Bing Zhang, Xin Chen & H.He",Malaysia
Anisophylleaceae,Anisophyllea beccariana,Baill.,Malaysia
Anisophylleaceae,Anisophyllea borneensis,"Li Bing Zhang, Xin Chen & H.He",Malaysia
Anisophylleaceae,Anisophyllea chartacea,Madani,Malaysia
Anisophylleaceae,Anisophyllea corneri,Ding Hou,Malaysia
Anisophylleaceae,Anisophyllea curtisii,King,Malaysia
Anisophylleaceae,Anisophyllea disticha,(Jack) Baill.,Malaysia
Anisophylleaceae,Anisophyllea ferruginea,Ding Hou,Malaysia
Anisophylleaceae,Anisophyllea glandibeccariana,"Li Bing Zhang, Xin Chen & H.He",Malaysia
Anisophylleaceae,Anisophyllea glandulipetiolata,"Li Bing Zhang, Xin Chen & H.He",Malaysia
Anisophylleaceae,Anisophyllea globosa,Madani,Malaysia
Anisophylleaceae,Anisophyllea grandis,Benth.,Malaysia
Anisophylleaceae,Anisophyllea griffithii,Oliv.,Malaysia
Anisophylleaceae,Anisophyllea impressinervia,Madani,Malaysia
Anisophylleaceae,Anisophyllea insularis,"Li Bing Zhang, Xin Chen & H.He",Malaysia
Anisophylleaceae,Anisophyllea nitida,Madani,Malaysia
Anisophylleaceae,Anisophyllea rengamensis,"Li Bing Zhang, Xin Chen & H.He",Malaysia
Anisophylleaceae,Anisophyllea reticulata,Kochummen,Malaysia
Anisophylleaceae,Anisophyllea rhomboidea,Baill.,Malaysia
Anisophylleaceae,Anisophyllea rubroglandula,"Li Bing Zhang, Xin Chen & H.He",Malaysia
Anisophylleaceae,Anisophyllea sabahensis,"Li Bing Zhang, Xin Chen & H.He",Malaysia
Anisophylleaceae,Anisophyllea sarawakensis,"Li Bing Zhang, Xin Chen & H.He",Malaysia
Anisophylleaceae,Anisophyllea scortechinii,King,Malaysia
Anisophylleaceae,Anisophyllea sessiliflora,"Li Bing Zhang, Xin Chen & H.He",Malaysia
Anisophylleaceae,Combretocarpus rotundatus,(Miq.) Danser,Malaysia
Annonaceae,Alphonsea borneensis,I.M.Turner,Malaysia
Annonaceae,Alphonsea curtisii,King,Malaysia
Annonaceae,Alphonsea cylindrica,King,Malaysia
Annonaceae,Alphonsea elliptica,Hook.f. & Thomson,Malaysia
Annonaceae,Alphonsea havilandii,P.J.A.Kessler,Malaysia
Annonaceae,Alphonsea isthmicola,I.M.Turner & Utteridge,Malaysia
Annonaceae,Alphonsea javanica,Scheff.,Malaysia
Annonaceae,Alphonsea johorensis,J.Sinclair,Malaysia
Annonaceae,Alphonsea kinabaluensis,J.Sinclair,Malaysia
Annonaceae,Alphonsea kingii,J.Sinclair,Malaysia
Annonaceae,Alphonsea lucida,King,Malaysia
Annonaceae,Alphonsea maingayi,Hook.f. & Thomson,Malaysia
Annonaceae,Alphonsea malayana,P.J.A.Kessler,Malaysia
Annonaceae,Anaxagorea borneensis,(Becc.) J.Sinclair,Malaysia
Annonaceae,Anaxagorea javanica,Blume,Malaysia
Annonaceae,Cananga brandisiana,(Pierre) Saff.,Malaysia
Annonaceae,Cananga odorata,(Lam.) Hook.f. & Thomson,Malaysia
Annonaceae,Cyathocalyx magnifructus,R.J.Wang & R.M.K.Saunders,Malaysia
Annonaceae,Cyathocalyx sumatranus,Scheff.,Malaysia
Annonaceae,Dasymaschalon clusiflorum,(Merr.) Merr.,Malaysia
Annonaceae,Dasymaschalon dasymaschalum,(Blume) I.M.Turner,Malaysia
Annonaceae,Dasymaschalon ellipticum,Nurmawati,Malaysia
Annonaceae,Dasymaschalon filipes,(Ridl.) Bân,Malaysia
Annonaceae,Dasymaschalon wallichii,(Hook.f. & Thomson) Jing Wang & R.M.K.Saunders,Malaysia
Annonaceae,Dendrokingstonia nervosa,(Hook.f. & Thomson) Rauschert,Malaysia
Annonaceae,Disepalum aciculare,D.M.Johnson,Malaysia
Annonaceae,Disepalum anomalum,Hook.f.,Malaysia
Annonaceae,Disepalum coronatum,Becc.,Malaysia
Annonaceae,Disepalum longipes,King,Malaysia
Annonaceae,Disepalum pulchrum,(King) J.Sinclair,Malaysia
Annonaceae,Drepananthus angustipetalus,(R.J.Wang & R.M.K.Saunders) Survesw. & R.M.K.Saunders,Malaysia
Annonaceae,Drepananthus biovulatus,(Boerl.) Survesw. & R.M.K.Saunders,Malaysia
Annonaceae,Drepananthus carinatus,Ridl.,Malaysia
Annonaceae,Drepananthus deltoideus,(Airy Shaw) Survesw. & R.M.K.Saunders,Malaysia
Annonaceae,Drepananthus havilandii,(Boerl.) Survesw. & R.M.K.Saunders,Malaysia
Annonaceae,Drepananthus magnificus,(Diels) Survesw. & R.M.K.Saunders,Malaysia
Annonaceae,Drepananthus olivaceus,(King) Survesw. & R.M.K.Saunders,Malaysia
Annonaceae,Drepananthus pahangensis,M.R.Hend.,Malaysia
Annonaceae,Drepananthus prunifer,Maingay ex Hook.f. & Thomson,Malaysia
Annonaceae,Drepananthus pubescens,(Scheff.) Survesw. & R.M.K.Saunders,Malaysia
Annonaceae,Drepananthus ramuliflorus,Maingay ex Hook.f. & Thomson,Malaysia
Annonaceae,Drepananthus ridleyi,(King) Survesw. & R.M.K.Saunders,Malaysia
Annonaceae,Goniothalamus andersonii,J.Sinclair,Malaysia
Annonaceae,Goniothalamus borneensis,Mat-Salleh,Malaysia
Annonaceae,Goniothalamus bracteosus,Bân,Malaysia
Annonaceae,Goniothalamus bygravei,I.M.Turner & R.M.K.Saunders,Malaysia
Annonaceae,Goniothalamus calcareus,Mat-Salleh,Malaysia
Annonaceae,Goniothalamus calycinus,J.Sinclair,Malaysia
Annonaceae,Goniothalamus clemensii,Bân,Malaysia
Annonaceae,Goniothalamus crockerensis,Mat-Salleh,Malaysia
Annonaceae,Goniothalamus curtisii,King,Malaysia
Annonaceae,Goniothalamus dolichocarpus,Merr.,Malaysia
Annonaceae,Goniothalamus fulvus,Hook.f. & Thomson,Malaysia
Annonaceae,Goniothalamus giganteus,Hook.f. & Thomson,Malaysia
Annonaceae,Goniothalamus gigantifolius,Merr.,Malaysia
Annonaceae,Goniothalamus holttumii,J.Sinclair,Malaysia
Annonaceae,Goniothalamus kamarudinii,I.M.Turner & R.M.K.Saunders,Malaysia
Annonaceae,Goniothalamus kinabaluensis,Bân ex Mat-Salleh,Malaysia
Annonaceae,Goniothalamus macrophyllus,(Blume) Zoll.,Malaysia
Annonaceae,Goniothalamus malayanus,Hook.f. & Thomson,Malaysia
Annonaceae,Goniothalamus megalocalyx,I.M.Turner & R.M.K.Saunders,Malaysia
Annonaceae,Goniothalamus montanus,J.Sinclair,Malaysia
Annonaceae,Goniothalamus nitidus,Merr.,Malaysia
Annonaceae,Goniothalamus parallelovenius,Ridl.,Malaysia
Annonaceae,Goniothalamus phaeotrichus,I.M.Turner & R.M.K.Saunders,Malaysia
Annonaceae,Goniothalamus puncticulifolius,Merr.,Malaysia
Annonaceae,Goniothalamus ridleyi,King,Malaysia
Annonaceae,Goniothalamus roseus,Stapf,Malaysia
Annonaceae,Goniothalamus rostellatus,Mat-Salleh,Malaysia
Annonaceae,Goniothalamus rotundisepalus,M.R.Hend.,Malaysia
Annonaceae,Goniothalamus rufus,Miq.,Malaysia
Annonaceae,Goniothalamus scortechinii,King,Malaysia
Annonaceae,Goniothalamus stenopetalus,Stapf,Malaysia
Annonaceae,Goniothalamus stenophyllus,Merr.,Malaysia
Annonaceae,Goniothalamus suaveolens,Becc.,Malaysia
Annonaceae,Goniothalamus subevenius,King,Malaysia
Annonaceae,Goniothalamus tapis,Miq.,Malaysia
Annonaceae,Goniothalamus tapisoides,Mat-Salleh,Malaysia
Annonaceae,Goniothalamus tenuifolius,King,Malaysia
Annonaceae,Goniothalamus tortilipetalus,M.R.Hend.,Malaysia
Annonaceae,Goniothalamus undulatus,Ridl.,Malaysia
Annonaceae,Goniothalamus uvarioides,King,Malaysia
Annonaceae,Goniothalamus velutinus,Airy Shaw,Malaysia
Annonaceae,Goniothalamus woodii,Merr. ex Mat-Salleh,Malaysia
Annonaceae,Goniothalamus wrayi,King,Malaysia
Annonaceae,Huberantha jenkinsii,(Hook.f. & Thomson) Chaowasku,Malaysia
Annonaceae,Huberantha rumphii,(Blume ex Hensch.) Chaowasku,Malaysia
Annonaceae,Maasia glauca,"(Hassk.) Mols, Kessler & Rogstad",Malaysia
Annonaceae,Maasia hypoleuca,"(Hook.f. & Thomson) Mols, Kessler & Rogstad",Malaysia
Annonaceae,Maasia ovalifolia,"(Rogstad) Mols, Kessler & Rogstad",Malaysia
Annonaceae,Maasia sumatrana,"(Miq.) Mols, Kessler & Rogstad",Malaysia
Annonaceae,Marsypopetalum pallidum,(Blume) Backer,Malaysia
Annonaceae,Meiogyne beccarii,I.M.Turner,Malaysia
Annonaceae,Meiogyne kanthanensis,Ummul-Nazrah & J.P.C.Tan,Malaysia
Annonaceae,Meiogyne monosperma,(Hook.f. & Thomson) Heusden,Malaysia
Annonaceae,Meiogyne virgata,(Blume) Miq.,Malaysia
Annonaceae,Mezzettia havilandii,(Boerl.) Ridl.,Malaysia
Annonaceae,Mezzettia macrocarpa,Heyden & Kessler,Malaysia
Annonaceae,Mezzettia parviflora,Becc.,Malaysia
Annonaceae,Mezzettia umbellata,Becc.,Malaysia
Annonaceae,Miliusa amplexicaulis,Ridl.,Malaysia
Annonaceae,Miliusa eupoda,(Miq.) I.M.Turner,Malaysia
Annonaceae,Miliusa horsfieldii,(Bennett) Baill. ex Pierre,Malaysia
Annonaceae,Miliusa macropoda,Miq.,Malaysia
Annonaceae,Miliusa mollis,Pierre,Malaysia
Annonaceae,Miliusa parviflora,Ridl.,Malaysia
Annonaceae,Miliusa velutina,(Dunal) Hook.f. & Thomson,Malaysia
Annonaceae,Mitrephora alba,Ridl.,Malaysia
Annonaceae,Mitrephora amdjahii,Weeras. & R.M.K.Saunders,Malaysia
Annonaceae,Mitrephora clemensiorum,Weeras. & R.M.K.Saunders,Malaysia
Annonaceae,Mitrephora fragrans,Merr.,Malaysia
Annonaceae,Mitrephora glabra,Scheff.,Malaysia
Annonaceae,Mitrephora keithii,Ridl.,Malaysia
Annonaceae,Mitrephora korthalsiana,Miq.,Malaysia
Annonaceae,Mitrephora longipetala,Miq.,Malaysia
Annonaceae,Mitrephora macclurei,Weeras. & R.M.K. Saunders,Malaysia
Annonaceae,Mitrephora maingayi,Hook.f. & Thomson,Malaysia
Annonaceae,Mitrephora uniflora,Weeras. & R.M.K.Saunders,Malaysia
Annonaceae,Mitrephora vittata,Weeras. & R.M.K.Saunders,Malaysia
Annonaceae,Mitrephora woodii,Weeras. & R.M.K.Saunders,Malaysia
Annonaceae,Monocarpia borneensis,Mols & Kessler,Malaysia
Annonaceae,Monocarpia euneura,Miq.,Malaysia
Annonaceae,Monocarpia kalimantanensis,P.J.A.Kessler,Malaysia
Annonaceae,Monocarpia maingayi,(Hook.f. & Thomson) I.M.Turner,Malaysia
Annonaceae,Monoon anomalum,(Becc.) B.Xue & R.M.K.Saunders,Malaysia
Annonaceae,Monoon asteriellum,(Ridl.) B.Xue & R.M.K.Saunders,Malaysia
Annonaceae,Monoon congestum,(Ridl.) B.Xue & R.M.K.Saunders,Malaysia
Annonaceae,Monoon coriaceum,(Ridl.) B.Xue & R.M.K.Saunders,Malaysia
Annonaceae,Monoon cupulare,(King) B.Xue & R.M.K.Saunders,Malaysia
Annonaceae,Monoon erianthoides,(Airy Shaw) B.Xue & R.M.K.Saunders,Malaysia
Annonaceae,Monoon fuscum,(King) B.Xue & R.M.K.Saunders,Malaysia
Annonaceae,Monoon glabrum,(Hook.f. & Thomson) B.Xue & R.M.K.Saunders,Malaysia
Annonaceae,Monoon hypogaeum,(King) B.Xue & R.M.K.Saunders,Malaysia
Annonaceae,Monoon lateriflorum,(Blume) Miq,Malaysia
Annonaceae,Monoon macranthum,(King) B.Xue & R.M.K.Saunders,Malaysia
Annonaceae,Monoon magnoliiflorum,(Maingay ex Hook.f. & Thompson) B.Xue & R.M.K.Saunders,Malaysia
Annonaceae,Monoon membranifolium,(J.Sinclair) B.Xue & R.M.K.Saunders,Malaysia
Annonaceae,Monoon nitidum,(A.DC.) I.M.Turner,Malaysia
Annonaceae,Monoon pachyphyllum,(King) B. Xue & R.M.K. Saunders,Malaysia
Annonaceae,Monoon paradoxum,(Becc.) B.Xue & R.M.K.Saunders,Malaysia
Annonaceae,Monoon praestigiosum,(J.Sinclair ) B.Xue & R.M.K.Saunders,Malaysia
Annonaceae,Monoon sclerophyllum,(Hook.f. & Thomson) B.Xue & R.M.K.Saunders,Malaysia
Annonaceae,Monoon sympetalum,(Merr.) B.Xue & R.M.K.Saunders,Malaysia
Annonaceae,Monoon xanthopetalum,(Merr.) B.Xue & R.M.K.Saunders,Malaysia
Annonaceae,Neo-uvaria acuminatissima,(Miq.) Airy Shaw,Malaysia
Annonaceae,Neo-uvaria parallelivenia,(Boerl.) H.Okada & K.Ueda,Malaysia
Annonaceae,Orophea alba,P.J.A.Kessler,Malaysia
Annonaceae,Orophea chrysantha,P.J.A. Kessler,Malaysia
Annonaceae,Orophea clemensiana,P.J.A.Kessler,Malaysia
Annonaceae,Orophea corymbosa,(Blume) Zoll.,Malaysia
Annonaceae,Orophea creaghii,(Ridl.) Leonardía & Kessler,Malaysia
Annonaceae,Orophea cuneiformis,King,Malaysia
Annonaceae,Orophea dodecandra,Miq.,Malaysia
Annonaceae,Orophea enterocarpa,Maingay ex Hook.f. & Thomson,Malaysia
Annonaceae,Orophea fusca,Craib,Malaysia
Annonaceae,Orophea hastata,King,Malaysia
Annonaceae,Orophea hirsuta,King,Malaysia
Annonaceae,Orophea kingiana,Leonar. & P.J.A. Kessler,Malaysia
Annonaceae,Orophea kostermansiana,P.J.A.Kessler,Malaysia
Annonaceae,Orophea maculata,Scort. ex King,Malaysia
Annonaceae,Orophea malayana,P.J.A.Kessler,Malaysia
Annonaceae,Orophea merrillii,P.J.A.Kessler,Malaysia
Annonaceae,Orophea myriantha,Merr.,Malaysia
Annonaceae,Orophea polycarpa,A.DC.,Malaysia
Annonaceae,Orophea rubra,P.J.A.Kessler,Malaysia
Annonaceae,Orophea sarawakensis,P.J.A.Kessler,Malaysia
Annonaceae,Orophea trigyna,Miq.,Malaysia
Annonaceae,Phaeanthus intermedius,(P.Parm.) I.M.Turner & Veldkamp,Malaysia
Annonaceae,Phaeanthus ophthalmicus,(Roxb. ex G.Don) J.Sinclair,Malaysia
Annonaceae,Phaeanthus splendens,Miq.,Malaysia
Annonaceae,Phaeanthus sumatrana,Miq.,Malaysia
Annonaceae,Phaeanthus tephrocarpus,Merr.,Malaysia
Annonaceae,Platymitra macrocarpa,Boerl.,Malaysia
Annonaceae,Polyalthia angustissima,Ridl.,Malaysia
Annonaceae,Polyalthia borneensis,Merr.,Malaysia
Annonaceae,Polyalthia bullata,King,Malaysia
Annonaceae,Polyalthia cauliflora,Hook.f. & Thomson,Malaysia
Annonaceae,Polyalthia charitopoda,I.M.Turner,Malaysia
Annonaceae,Polyalthia chrysotricha,Ridl.,Malaysia
Annonaceae,Polyalthia cinnamomea,Hook.f. & Thomson,Malaysia
Annonaceae,Polyalthia dolichopoda,I.M.Turner,Malaysia
Annonaceae,Polyalthia elliptica,(Blume) Blume,Malaysia
Annonaceae,Polyalthia flagellaris,(Becc.) Airy Shaw,Malaysia
Annonaceae,Polyalthia gracilicolumnaris,"H.Okada, Tsukaya & M.Suleiman",Malaysia
Annonaceae,Polyalthia hirtifolia,J.Sinclair,Malaysia
Annonaceae,Polyalthia ichthyosma,I.M.Turner,Malaysia
Annonaceae,Polyalthia igniflora,D.M.Johnson,Malaysia
Annonaceae,Polyalthia insignis,(Hook.f.) Airy Shaw,Malaysia
Annonaceae,Polyalthia kinabaluensis,I.M.Turner,Malaysia
Annonaceae,Polyalthia lasioclada,I.M.Turner,Malaysia
Annonaceae,Polyalthia lateritia,J.Sinclair,Malaysia
Annonaceae,Polyalthia microtus,Miq.,Malaysia
Annonaceae,Polyalthia miliusoides,I.M.Turner,Malaysia
Annonaceae,Polyalthia montis-silam,D.M.Johnson,Malaysia
Annonaceae,Polyalthia motleyana,(Hook.f.) Airy Shaw,Malaysia
Annonaceae,Polyalthia obliqua,Hook.f. & Thomson,Malaysia
Annonaceae,Polyalthia oblonga,King,Malaysia
Annonaceae,Polyalthia polyphlebia,Diels,Malaysia
Annonaceae,Polyalthia saprosma,I.M.Turner,Malaysia
Annonaceae,Polyalthia socia,Craib,Malaysia
Annonaceae,Polyalthia suberosa,(Roxb.) Thwaites,Malaysia
Annonaceae,Polyalthia sympetala,I.M.Turner,Malaysia
Annonaceae,Polyalthia trochilia,I.M.Turner,Malaysia
Annonaceae,Popowia alata,S.K.Ganesan,Malaysia
Annonaceae,Popowia fusca,King,Malaysia
Annonaceae,Popowia hirta,Miq.,Malaysia
Annonaceae,Popowia odoardi,Diels,Malaysia
Annonaceae,Popowia pauciflora,Maingay ex Hook.f. & Thomson,Malaysia
Annonaceae,Popowia perakensis,King,Malaysia
Annonaceae,Popowia pisocarpa,(Blume) Endl. ex Walp.,Malaysia
Annonaceae,Popowia tomentosa,Maingay ex Hook.f. & Thomson,Malaysia
Annonaceae,Pseuduvaria borneensis,Y.C.F.Su & R.M.K.Saunders,Malaysia
Annonaceae,Pseuduvaria calliura,Airy Shaw,Malaysia
Annonaceae,Pseuduvaria cerina,J.Sinclair,Malaysia
Annonaceae,Pseuduvaria galeata,J.Sinclair,Malaysia
Annonaceae,Pseuduvaria macrophylla,(Oliv.) Merr.,Malaysia
Annonaceae,Pseuduvaria monticola,J.Sinclair,Malaysia
Annonaceae,Pseuduvaria multiovulata,(C.E.C.Fisch.) J.Sinclair,Malaysia
Annonaceae,Pseuduvaria obliqua,Y.C.F.Su & R.M.K.Saunders,Malaysia
Annonaceae,Pseuduvaria pamattonis,(Miq.) Y.C.F.Su & R.M.K.Saunders,Malaysia
Annonaceae,Pseuduvaria parvipetala,Y.C.F.Su & R.M.K.Saunders,Malaysia
Annonaceae,Pseuduvaria reticulata,(Blume) Miq.,Malaysia
Annonaceae,Pseuduvaria rugosa,(Blume) Merr.,Malaysia
Annonaceae,Pseuduvaria setosa,(King) J. Sinclair,Malaysia
Annonaceae,Pseuduvaria taipingensis,J.Sinclair,Malaysia
Annonaceae,Sageraea elliptica,(A.DC.) Hook.f. & Thomson,Malaysia
Annonaceae,Sageraea lanceolata,Miq.,Malaysia
Annonaceae,Sageraea sarawakensis,Heusden,Malaysia
Annonaceae,Stelechocarpus burahol,(Blume) Hook.f. & Thomson,Malaysia
Annonaceae,Stelechocarpus cauliflorus,(Scheff.) R.E.Fr.,Malaysia
Annonaceae,Trivalvaria costata,(Hook.f. & Thomson) I.M.Turner,Malaysia
Annonaceae,Trivalvaria macrophylla,(Blume) Miq.,Malaysia
Annonaceae,Trivalvaria nervosa,(Hook.f. & Thomson) J.Sinclair,Malaysia
Annonaceae,Xylopia caudata,Hook.f. & Thomson,Malaysia
Annonaceae,Xylopia coriifolia,Ridl.,Malaysia
Annonaceae,Xylopia dehiscens,(Blanco) Merr.,Malaysia
Annonaceae,Xylopia densifolia,Elmer,Malaysia
Annonaceae,Xylopia elliptica,Maingay ex Hook.f. & Thomson,Malaysia
Annonaceae,Xylopia erythrodactyla,D.M.Johnson & N.A.Murray,Malaysia
Annonaceae,Xylopia ferruginea,(Hook.f. & Thomson) Baill.,Malaysia
Annonaceae,Xylopia fusca,Maingay ex Hook.f. & Thomson,Malaysia
Annonaceae,Xylopia heterotricha,D.M.Johnson & N.A.Murray,Malaysia
Annonaceae,Xylopia kuchingensis,I.M.Turner & D.M.Johnson,Malaysia
Annonaceae,Xylopia magna,Maingay ex Hook.f.,Malaysia
Annonaceae,Xylopia malayana,Hook.f. & Thomson,Malaysia
Annonaceae,Xylopia mucronata,Boerl.,Malaysia
Annonaceae,Xylopia ngii,D.M.Johnson & N.A.Murray,Malaysia
Annonaceae,Xylopia orestera,I.M.Turner & D.M.Johnson,Malaysia
Annonaceae,Xylopia platycarpa,D.M.Johnson & N.A.Murray,Malaysia
Annonaceae,Xylopia pulchella,Ridl.,Malaysia
Annonaceae,Xylopia subdehiscens,(King) J.Sinclair,Malaysia
Annonaceae,Xylopia sumatrana,(Miq.) D.M.Johnson & N.A.Murray,Malaysia
Apocynaceae,Alstonia angustifolia,Wall. ex A.DC.,Malaysia
Apocynaceae,Alstonia angustiloba,Miq.,Malaysia
Apocynaceae,Alstonia iwahigensis,Elmer,Malaysia
Apocynaceae,Alstonia macrophylla,Wall. ex G.Don,Malaysia
Apocynaceae,Alstonia penangiana,Sidiyasa,Malaysia
Apocynaceae,Alstonia pneumatophora,Backer ex Den Berger,Malaysia
Apocynaceae,Alstonia rostrata,C.E.C.Fisch.,Malaysia
Apocynaceae,Alstonia scholaris,(L.) R.Br.,Malaysia
Apocynaceae,Alstonia spatulata,Blume,Malaysia
Apocynaceae,Cerbera manghas,L.,Malaysia
Apocynaceae,Cerbera odollam,Gaertn.,Malaysia
Apocynaceae,Dyera costulata,(Miq.) Hook.f.,Malaysia
Apocynaceae,Dyera polyphylla,(Miq.) Steenis,Malaysia
Apocynaceae,Holarrhena pubescens,Wall. ex G.Don,Malaysia
Apocynaceae,Hunteria zeylanica,(Retz.) Gardner ex Thwaites,Malaysia
Apocynaceae,Kibatalia arborea,(Blume) G.Don,Malaysia
Apocynaceae,Kibatalia borneensis,(Stapf) Merr.,Malaysia
Apocynaceae,Kibatalia laurifolia,(Ridl.) Woodson,Malaysia
Apocynaceae,Kibatalia maingayi,(Hook.f.) Woodson,Malaysia
Apocynaceae,Kibatalia villosa,Rudjiman,Malaysia
Apocynaceae,Kopsia arborea,Blume,Malaysia
Apocynaceae,Kopsia dasyrachis,Ridl.,Malaysia
Apocynaceae,Kopsia deverrei,L.Allorge,Malaysia
Apocynaceae,Kopsia grandifolia,D.J.Middleton,Malaysia
Apocynaceae,Kopsia griffithii,King & Gamble,Malaysia
Apocynaceae,Kopsia larutensis,King & Gamble,Malaysia
Apocynaceae,Kopsia macrophylla,Hook.f.,Malaysia
Apocynaceae,Kopsia pauciflora,Hook.f.,Malaysia
Apocynaceae,Kopsia profunda,Markgr.,Malaysia
Apocynaceae,Kopsia rajangensis,D.J.Middleton,Malaysia
Apocynaceae,Kopsia rosea,D.J.Middleton,Malaysia
Apocynaceae,Kopsia singapurensis,Ridl.,Malaysia
Apocynaceae,Kopsia sleeseniana,Markgr.,Malaysia
Apocynaceae,Kopsia tenuis,Leenh. & Steems,Malaysia
Apocynaceae,Kopsia teoi,L.Allorge,Malaysia
Apocynaceae,Ochrosia ackeringae,(Teijsm. & Binn.) Miq.,Malaysia
Apocynaceae,Ochrosia glomerata,(Blume) F.Muell.,Malaysia
Apocynaceae,Ochrosia oppositifolia,(Lam.) K.Schum.,Malaysia
Apocynaceae,Rauvolfia sumatrana,Jack,Malaysia
Apocynaceae,Rauvolfia verticillata,(Lour.) Baill.,Malaysia
Apocynaceae,Tabernaemontana antheonycta,Leeuwenb.,Malaysia
Apocynaceae,Tabernaemontana corymbosa,Roxb. ex Wall.,Malaysia
Apocynaceae,Tabernaemontana macrocarpa,Jack,Malaysia
Apocynaceae,Tabernaemontana pandacaqui,Poir.,Malaysia
Apocynaceae,Tabernaemontana pauciflora,Blume,Malaysia
Apocynaceae,Tabernaemontana peduncularis,Wall.,Malaysia
Apocynaceae,Tabernaemontana polyneura,(King & Gamble) D.J.Middleton,Malaysia
Apocynaceae,Voacanga foetida,(Blume) Rolfe,Malaysia
Apocynaceae,Voacanga havilandii,Ridl.,Malaysia
Apocynaceae,Wrightia arborea,(Dennst.) Mabb.,Malaysia
Apocynaceae,Wrightia dubia,(Sims) Spreng.,Malaysia
Apocynaceae,Wrightia laevis,Hook.f.,Malaysia
Apocynaceae,Wrightia pubescens,R.Br.,Malaysia
Aquifoliaceae,Ilex beccariana,Loes.,Malaysia
Aquifoliaceae,Ilex borneensis,Loes.,Malaysia
Aquifoliaceae,Ilex celebensis,Capit.,Malaysia
Aquifoliaceae,Ilex cissoidea,Loes.,Malaysia
Aquifoliaceae,Ilex clethriflora,S.Andrews,Malaysia
Aquifoliaceae,Ilex cymosa,Blume,Malaysia
Aquifoliaceae,Ilex glomerata,King,Malaysia
Aquifoliaceae,Ilex grandiflora,Ridl.,Malaysia
Aquifoliaceae,Ilex illustris,Ridl.,Malaysia
Aquifoliaceae,Ilex jacobsii,S.Andrews,Malaysia
Aquifoliaceae,Ilex kelabitana,S.Andrews,Malaysia
Aquifoliaceae,Ilex kelsallii,Ridl.,Malaysia
Aquifoliaceae,Ilex keranjiensis,S.Andrews,Malaysia
Aquifoliaceae,Ilex kinabaluensis,S.Andrews,Malaysia
Aquifoliaceae,Ilex macrophylla,Wall.,Malaysia
Aquifoliaceae,Ilex maingayi,Hook.f.,Malaysia
Aquifoliaceae,Ilex malaccensis,Loes.,Malaysia
Aquifoliaceae,Ilex megaphylla,S.Andrews,Malaysia
Aquifoliaceae,Ilex mesilauensis,S.Andrews,Malaysia
Aquifoliaceae,Ilex nervulosa,(Loes.) S.Andrews,Malaysia
Aquifoliaceae,Ilex oppositifolia,Merr.,Malaysia
Aquifoliaceae,Ilex orestes,Ridl.,Malaysia
Aquifoliaceae,Ilex patens,Ridl.,Malaysia
Aquifoliaceae,Ilex pauciflora,Ridl.,Malaysia
Aquifoliaceae,Ilex praetermissa,Kiew,Malaysia
Aquifoliaceae,Ilex promecophylla,S.Andrews,Malaysia
Aquifoliaceae,Ilex renae,S.Andrews,Malaysia
Aquifoliaceae,Ilex revoluta,Stapf,Malaysia
Aquifoliaceae,Ilex sclerophylla,Hook.f.,Malaysia
Aquifoliaceae,Ilex spicata,Blume,Malaysia
Aquifoliaceae,Ilex tahanensis,Kiew,Malaysia
Aquifoliaceae,Ilex triflora,Blume,Malaysia
Aquifoliaceae,Ilex wallichii,Hook.f.,Malaysia
Aquifoliaceae,Ilex zygophylla,Merr.,Malaysia
Araliaceae,Aralia armata,(Wall. ex G.Don) Seem.,Malaysia
Araliaceae,Aralia dasyphylla,Miq.,Malaysia
Araliaceae,Aralia montana,Blume,Malaysia
Araliaceae,Aralia thomsonii,Seem. ex C.B.Clarke,Malaysia
Araliaceae,Brassaiopsis minor,B.C.Stone,Malaysia
Araliaceae,Brassaiopsis rufosetosa,(Ridl.) Jebb,Malaysia
Araliaceae,Brassaiopsis simplex,(King) B.C.Stone,Malaysia
Araliaceae,Dendropanax borneensis,(Philipson) Merr.,Malaysia
Araliaceae,Dendropanax lancifolius,(Ridl.) Ridl.,Malaysia
Araliaceae,Gamblea malayana,"(M.R.Hend.) C.B.Shang, Lowry & Frodin",Malaysia
Araliaceae,Heptapleurum acutissimum,(Miq.) Seem.,Malaysia
Araliaceae,Heptapleurum affine,King,Malaysia
Araliaceae,Heptapleurum beamanii,"(Puad, T.J.Barkman & Frodin) Puad, T.J.Barkman, Lowry & G.M.Plunkett",Malaysia
Araliaceae,Heptapleurum beccarianum,(Harms) Lowry & G.M.Plunkett,Malaysia
Araliaceae,Heptapleurum bipalmatifolium,(Merr.) Lowry & G.M.Plunkett,Malaysia
Araliaceae,Heptapleurum cephalotes,C.B.Clarke,Malaysia
Araliaceae,Heptapleurum chanii,"(T.J.Barkman, Puad & Frodin) T.J.Barkman, Puad, Lowry & G.M.Plunkett",Malaysia
Araliaceae,Heptapleurum crenatum,"(Puad & Frodin) T.J.Barkman, Lowry & G.M.Plunkett",Malaysia
Araliaceae,Heptapleurum farinosum,(Blume) Lowry & G.M.Plunkett,Malaysia
Araliaceae,Heptapleurum glomerulatum,Ridl.,Malaysia
Araliaceae,Heptapleurum gracile,(Miq.) Blume ex Seem.,Malaysia
Araliaceae,Heptapleurum havilandii,(Merr.) Lowry & G.M.Plunkett,Malaysia
Araliaceae,Heptapleurum heterophyllum,(Wall. ex G.Don) Seem.,Malaysia
Araliaceae,Heptapleurum hullettii,King,Malaysia
Araliaceae,Heptapleurum kuchingense,(Merr.) Lowry & G.M.Plunkett,Malaysia
Araliaceae,Heptapleurum latifoliolatum,King,Malaysia
Araliaceae,Heptapleurum matsallehii,"(T.J.Barkman, Puad & Frodin) T.J.Barkman, Puad, G.M.Plunkett & Lowry",Malaysia
Araliaceae,Heptapleurum mitragerum,"(Frodin & Puad) Puad, T.J.Barkman, G.M.Plunkett & Lowry",Malaysia
Araliaceae,Heptapleurum mjoebergii,(Merr.) G.M.Plunkett & Lowry,Malaysia
Araliaceae,Heptapleurum nervosum,King,Malaysia
Araliaceae,Heptapleurum oxyphyllum,(Miq.) Seem.,Malaysia
Araliaceae,Heptapleurum petiolosum,(Miq.) Seem.,Malaysia
Araliaceae,Heptapleurum polyandrum,(Ridl.) G.M.Plunkett & Lowry,Malaysia
Araliaceae,Heptapleurum ridleyi,King,Malaysia
Araliaceae,Heptapleurum serpentinicola,"(Puad & Frodin) Puad, T.J.Barkman, G.M.Plunkett & Lowry",Malaysia
Araliaceae,Heptapleurum subintegrum,(Craib) G.M.Plunkett & Lowry,Malaysia
Araliaceae,Heptapleurum tetrandrum,(Merr.) G.M.Plunkett & Lowry,Malaysia
Araliaceae,Heptapleurum triste,King,Malaysia
Araliaceae,Heptapleurum venulosum,(Wight & Arn.) Seem.,Malaysia
Araliaceae,Heptapleurum wrayi,King,Malaysia
Araliaceae,Macropanax dispermus,(Blume) Kuntze,Malaysia
Araliaceae,Macropanax maingayi,(C.B.Clarke) Philipson,Malaysia
Araliaceae,Polyscias aherniana,(Merr.) Lowry & G.M.Plunkett,Malaysia
Araliaceae,Polyscias angustifolia,(Ridl.) Lowry & G.M.Plunkett,Malaysia
Araliaceae,Polyscias ashtonii,(Philipson) Lowry & G.M.Plunkett,Malaysia
Araliaceae,Polyscias borneensis,Philipson,Malaysia
Araliaceae,Polyscias collina,(Philipson) Lowry & G.M.Plunkett,Malaysia
Araliaceae,Polyscias havilandii,(Ridl.) Lowry & G.M.Plunkett,Malaysia
Araliaceae,Polyscias jackiana,(G.Don) Lowry & G.M.Plunkett,Malaysia
Araliaceae,Polyscias montana,(Ridl.) Lowry & G.M.Plunkett,Malaysia
Araliaceae,Polyscias revoluta,Lowry & G.M.Plunkett,Malaysia
Araliaceae,Polyscias rubiginosa,(Ridl.) Lowry & G.M.Plunkett,Malaysia
Araliaceae,Polyscias rufosepala,(Ridl.) Lowry & G.M.Plunkett,Malaysia
Araliaceae,Polyscias serratifolia,(Miq.) Lowry & G.M.Plunkett,Malaysia
Araliaceae,Polyscias stonei,(A.-L.Lim) Lowry & G.M.Plunkett,Malaysia
Araliaceae,Trevesia burckii,Boerl.,Malaysia
Araliaceae,Trevesia valida,Craib,Malaysia
Araucariaceae,Agathis borneensis,Warb.,Malaysia
Araucariaceae,Agathis flavescens,Ridl.,Malaysia
Araucariaceae,Agathis kinabaluensis,de Laub.,Malaysia
Araucariaceae,Agathis lenticula,de Laub.,Malaysia
Araucariaceae,Agathis orbicula,de Laub.,Malaysia
Arecaceae,Adonidia dransfieldii,"K.M.Wong, Sugau & Y.W.Low",Malaysia
Arecaceae,Areca andersonii,J.Dransf.,Malaysia
Arecaceae,Areca chaiana,J.Dransf.,Malaysia
Arecaceae,Areca triandra,Roxb. ex Buch.-Ham.,Malaysia
Arecaceae,Areca tunku,J.Dransf. & C.K.Lim,Malaysia
Arecaceae,Arenga brevipes,Becc.,Malaysia
Arecaceae,Arenga obtusifolia,Mart.,Malaysia
Arecaceae,Arenga pinnata,(Wurmb) Merr.,Malaysia
Arecaceae,Arenga westerhoutii,Griff.,Malaysia
Arecaceae,Borassodendron borneense,J.Dransf.,Malaysia
Arecaceae,Borassodendron machadonis,(Ridl.) Becc.,Malaysia
Arecaceae,Caryota maxima,Blume,Malaysia
Arecaceae,Caryota mitis,Lour.,Malaysia
Arecaceae,Caryota no,Becc.,Malaysia
Arecaceae,Cyrtostachys renda,Blume,Malaysia
Arecaceae,Eugeissona insignis,Becc.,Malaysia
Arecaceae,Eugeissona utilis,Becc.,Malaysia
Arecaceae,Licuala acutifida,Mart.,Malaysia
Arecaceae,Licuala mirabilis,Furtado,Malaysia
Arecaceae,Licuala paludosa,Griff.,Malaysia
Arecaceae,Licuala peltata,Roxb. ex Buch.-Ham.,Malaysia
Arecaceae,Licuala spinosa,Wurmb,Malaysia
Arecaceae,Licuala tiomanensis,Furtado,Malaysia
Arecaceae,Livistona endauensis,J.Dransf. & K.M.Wong,Malaysia
Arecaceae,Livistona jenkinsiana,Griff.,Malaysia
Arecaceae,Livistona saribus,(Lour.) Merr. ex A.Chev.,Malaysia
Arecaceae,Livistona speciosa,Kurz,Malaysia
Arecaceae,Livistona tahanensis,Becc.,Malaysia
Arecaceae,Maxburretia gracilis,(Burret) J.Dransf.,Malaysia
Arecaceae,Nenga gajah,J.Dransf.,Malaysia
Arecaceae,Nenga grandiflora,Fernando,Malaysia
Arecaceae,Nenga macrocarpa,Scort. ex Becc.,Malaysia
Arecaceae,Nenga pumila,(Blume) H.Wendl.,Malaysia
Arecaceae,Nypa fruticans,Wurmb,Malaysia
Arecaceae,Oncosperma horridum,(Griff.) Scheff.,Malaysia
Arecaceae,Oncosperma tigillarium,(Jack) Ridl.,Malaysia
Arecaceae,Orania paraguanensis,Becc.,Malaysia
Arecaceae,Orania sylvicola,(Griff.) H.E.Moore,Malaysia
Arecaceae,Phoenix paludosa,Roxb.,Malaysia
Arecaceae,Pholidocarpus kingianus,(Becc.) Ridl.,Malaysia
Arecaceae,Pholidocarpus macrocarpus,Becc.,Malaysia
Arecaceae,Pholidocarpus majadum,Becc.,Malaysia
Arecaceae,Pinanga adangensis,Ridl.,Malaysia
Arecaceae,Pinanga auriculata,Becc.,Malaysia
Arecaceae,Pinanga brewsteriana,Ridl.,Malaysia
Arecaceae,Pinanga chaiana,J.Dransf.,Malaysia
Arecaceae,Pinanga jamariensis,C.K.Lim,Malaysia
Arecaceae,Pinanga johorensis,C.K.Lim & Saw,Malaysia
Arecaceae,Pinanga malaiana,(Mart.) Scheff.,Malaysia
Arecaceae,Pinanga mooreana,J.Dransf.,Malaysia
Arecaceae,Pinanga pantiensis,J.Dransf.,Malaysia
Arecaceae,Pinanga patula,Blume,Malaysia
Arecaceae,Pinanga riparia,Ridl.,Malaysia
Arecaceae,Pinanga scortechinii,Becc.,Malaysia
Arecaceae,Pinanga sembilan,C.K.Lim,Malaysia
Arecaceae,Pinanga singaporensis,Ridl.,Malaysia
Arecaceae,Pinanga subruminata,Becc.,Malaysia
Arecaceae,Pinanga tenacinervis,J.Dransf.,Malaysia
Arecaceae,Rhopaloblaste singaporensis,(Becc.) Hook.f.,Malaysia
Arecaceae,Salacca glabrescens,Griff.,Malaysia
Arecaceae,Salacca wallichiana,Mart.,Malaysia
Arecaceae,Saribus rotundifolius,(Lam.) Blume,Malaysia
Asparagaceae,Dracaena conferta,Ridl.,Malaysia
Asparagaceae,Dracaena elliptica,Thunb. & Dalm.,Malaysia
Asparagaceae,Dracaena granulata,Hook.f.,Malaysia
Asparagaceae,Dracaena griffithii,Regel,Malaysia
Asparagaceae,Dracaena penangensis,Ridl.,Malaysia
Asteraceae,Blumea balsamifera,DC.,Malaysia
Asteraceae,Strobocalyx arborea,(Buch.-Ham.) Sch.Bip.,Malaysia
Bignoniaceae,Deplanchea bancana,(Scheff.) Steenis,Malaysia
Bignoniaceae,Dolichandrone spathacea,(L.f.) Seem.,Malaysia
Bignoniaceae,Fernandoa adenophylla,(Wall. ex G.Don) Steenis,Malaysia
Bignoniaceae,Oroxylum indicum,(L.) Kurz,Malaysia
Bignoniaceae,Pajanelia longifolia,(Willd.) K.Schum.,Malaysia
Bignoniaceae,Radermachera gigantea,(Blume) Miq.,Malaysia
Bignoniaceae,Radermachera glandulosa,(Blume) Miq.,Malaysia
Bignoniaceae,Radermachera peninsularis,Steenis,Malaysia
Bignoniaceae,Radermachera quadripinnata,(Blanco) Seem.,Malaysia
Bignoniaceae,Radermachera ramiflora,Steenis,Malaysia
Bignoniaceae,Stereospermum colais,(Buch.-Ham. ex Dillwyn) Mabb.,Malaysia
Bignoniaceae,Stereospermum fimbriatum,(Wall. ex G.Don) DC.,Malaysia
Bonnetiaceae,Ploiarium alternifolium,(Vahl) Melch.,Malaysia
Boraginaceae,Cordia aspera,G.Forst.,Malaysia
Boraginaceae,Cordia dichotoma,G.Forst.,Malaysia
Boraginaceae,Cordia subcordata,Lam.,Malaysia
Boraginaceae,Ehretia aspera,Willd.,Malaysia
Boraginaceae,Ehretia dichotoma,Blume,Malaysia
Boraginaceae,Ehretia parallela,C.B.Clarke,Malaysia
Boraginaceae,Heliotropium arboreum,(Blanco) Mabb.,Malaysia
Burseraceae,Canarium apertum,H.J.Lam,Malaysia
Burseraceae,Canarium asperum,Benth.,Malaysia
Burseraceae,Canarium caudatum,King,Malaysia
Burseraceae,Canarium decumanum,Gaertn.,Malaysia
Burseraceae,Canarium denticulatum,Blume,Malaysia
Burseraceae,Canarium dichotomum,(Blume) Miq.,Malaysia
Burseraceae,Canarium divergens,Engl.,Malaysia
Burseraceae,Canarium fuscocalycinum,Stapf ex Ridl.,Malaysia
Burseraceae,Canarium grandifolium,(Ridl.) H.J.Lam,Malaysia
Burseraceae,Canarium hirsutum,Willd.,Malaysia
Burseraceae,Canarium kinabaluense,Leenh.,Malaysia
Burseraceae,Canarium kostermansii,Leenh.,Malaysia
Burseraceae,Canarium latistipulatum,Ridl.,Malaysia
Burseraceae,Canarium littorale,Blume,Malaysia
Burseraceae,Canarium megalanthum,Merr.,Malaysia
Burseraceae,Canarium merrillii,H.J.Lam,Malaysia
Burseraceae,Canarium odontophyllum,Miq.,Malaysia
Burseraceae,Canarium patentinervium,Miq.,Malaysia
Burseraceae,Canarium perlisanum,Leenh.,Malaysia
Burseraceae,Canarium pilosum,A.W.Benn.,Malaysia
Burseraceae,Canarium pseudodecumanum,Hochr.,Malaysia
Burseraceae,Canarium pseudopatentinervium,H.J.Lam,Malaysia
Burseraceae,Canarium pseudopimela,Kochummen,Malaysia
Burseraceae,Canarium pseudosumatranum,Leenh.,Malaysia
Burseraceae,Canarium reniforme,Kochummen & Whitmore,Malaysia
Burseraceae,Canarium sarawakanum,Kochummen,Malaysia
Burseraceae,Canarium sumatranum,Boerl. & Koord.,Malaysia
Burseraceae,Dacryodes breviracemosa,Kalkman,Malaysia
Burseraceae,Dacryodes costata,(A.W.Benn.) H.J.Lam,Malaysia
Burseraceae,Dacryodes elmeri,H.J.Lam,Malaysia
Burseraceae,Dacryodes expansa,(Ridl.) H.J.Lam,Malaysia
Burseraceae,Dacryodes incurvata,(Engl.) H.J.Lam,Malaysia
Burseraceae,Dacryodes kingii,(Engl.) Kalkman,Malaysia
Burseraceae,Dacryodes kostermansii,Kalkman,Malaysia
Burseraceae,Dacryodes laxa,(A.W.Benn.) H.J.Lam,Malaysia
Burseraceae,Dacryodes longifolia,(King) H.J.Lam,Malaysia
Burseraceae,Dacryodes macrocarpa,(King) H.J.Lam,Malaysia
Burseraceae,Dacryodes multijuga,Leenh.,Malaysia
Burseraceae,Dacryodes nervosa,(H.J.Lam) Leenh.,Malaysia
Burseraceae,Dacryodes patentinervia,(Leenh.) P.S.Ashton,Malaysia
Burseraceae,Dacryodes puberula,(A.W.Benn.) H.J.Lam,Malaysia
Burseraceae,Dacryodes rostrata,(Blume) H.J.Lam,Malaysia
Burseraceae,Dacryodes rubiginosa,(A.W.Benn.) H.J.Lam,Malaysia
Burseraceae,Dacryodes rugosa,(Blume) H.J.Lam,Malaysia
Burseraceae,Garuga floribunda,Decne.,Malaysia
Burseraceae,Haplolobus beccarii,Husson,Malaysia
Burseraceae,Haplolobus bintuluensis,Kochummen,Malaysia
Burseraceae,Haplolobus inaequifolius,Kochummen,Malaysia
Burseraceae,Haplolobus kapitensis,Kochummen,Malaysia
Burseraceae,Haplolobus leenhoutsii,Kochummen,Malaysia
Burseraceae,Haplolobus sarawakanus,Kochummen,Malaysia
Burseraceae,Protium connarifolium,Merr.,Malaysia
Burseraceae,Santiria conferta,A.W.Benn.,Malaysia
Burseraceae,Santiria dacryodifolia,Kochummen,Malaysia
Burseraceae,Santiria grandiflora,Kalkman,Malaysia
Burseraceae,Santiria griffithii,(Hook.f.) Engl.,Malaysia
Burseraceae,Santiria impressinervis,Kochummen,Malaysia
Burseraceae,Santiria kalkmaniana,Kochummen,Malaysia
Burseraceae,Santiria laevigata,Blume,Malaysia
Burseraceae,Santiria megaphylla,Kalkman,Malaysia
Burseraceae,Santiria mollis,Engl.,Malaysia
Burseraceae,Santiria nigricans,Kochummen,Malaysia
Burseraceae,Santiria oblongifolia,Blume,Malaysia
Burseraceae,Santiria ridleyi,H.J.Lam,Malaysia
Burseraceae,Santiria rubiginosa,Blume,Malaysia
Burseraceae,Santiria sarawakana,Kochummen,Malaysia
Burseraceae,Santiria tomentosa,Blume,Malaysia
Burseraceae,Scutinanthe brunnea,Thwaites,Malaysia
Burseraceae,Triomma malaccensis,Hook.f.,Malaysia
Buxaceae,Buxus rolfei,S.Vidal,Malaysia
Calophyllaceae,Calophyllum alboramulum,P.F.Stevens,Malaysia
Calophyllaceae,Calophyllum andersonii,P.F.Stevens,Malaysia
Calophyllaceae,Calophyllum ardens,P.F.Stevens,Malaysia
Calophyllaceae,Calophyllum aurantiacum,P.F.Stevens,Malaysia
Calophyllaceae,Calophyllum aureobrunnescens,M.R.Hend. & Wyatt-Sm.,Malaysia
Calophyllaceae,Calophyllum aureum,M.R.Hend. & Wyatt-Sm.,Malaysia
Calophyllaceae,Calophyllum banyengii,P.F.Stevens,Malaysia
Calophyllaceae,Calophyllum biflorum,M.R.Hend. & Wyatt-Sm.,Malaysia
Calophyllaceae,Calophyllum blancoi,Planch. & Triana,Malaysia
Calophyllaceae,Calophyllum calaba,L.,Malaysia
Calophyllaceae,Calophyllum canum,Hook.f. ex T.Anderson,Malaysia
Calophyllaceae,Calophyllum castaneum,P.F.Stevens,Malaysia
Calophyllaceae,Calophyllum clemensiorum,P.F.Stevens,Malaysia
Calophyllaceae,Calophyllum complanatum,P.F.Stevens,Malaysia
Calophyllaceae,Calophyllum confertum,P.F.Stevens,Malaysia
Calophyllaceae,Calophyllum coriaceum,M.R.Hend. & Wyatt-Sm.,Malaysia
Calophyllaceae,Calophyllum costulatum,M.R.Hend. & Wyatt-Sm.,Malaysia
Calophyllaceae,Calophyllum depressinervosum,M.R.Hend. & Wyatt-Sm.,Malaysia
Calophyllaceae,Calophyllum dioscurii,P.F.Stevens,Malaysia
Calophyllaceae,Calophyllum dispar,P.F.Stevens,Malaysia
Calophyllaceae,Calophyllum elegans,Ridl.,Malaysia
Calophyllaceae,Calophyllum enervosum,M.R.Hend. & Wyatt-Sm.,Malaysia
Calophyllaceae,Calophyllum exiticostatum,P.F.Stevens,Malaysia
Calophyllaceae,Calophyllum ferrugineum,Ridl.,Malaysia
Calophyllaceae,Calophyllum flavoramulum,M.R.Hend. & Wyatt-Sm.,Malaysia
Calophyllaceae,Calophyllum fraseri,M.R.Hend. & Wyatt-Sm.,Malaysia
Calophyllaceae,Calophyllum garcinioides,P.F.Stevens,Malaysia
Calophyllaceae,Calophyllum glaucescens,Ridl.,Malaysia
Calophyllaceae,Calophyllum gracilipes,Merr.,Malaysia
Calophyllaceae,Calophyllum gracillimum,M.R.Hend. & Wyatt-Sm.,Malaysia
Calophyllaceae,Calophyllum griseum,P.F.Stevens,Malaysia
Calophyllaceae,Calophyllum havilandii,P.F.Stevens,Malaysia
Calophyllaceae,Calophyllum hexapetalum,Hook.f.,Malaysia
Calophyllaceae,Calophyllum hosei,Ridl.,Malaysia
Calophyllaceae,Calophyllum incumbens,P.F.Stevens,Malaysia
Calophyllaceae,Calophyllum inophyllum,L.,Malaysia
Calophyllaceae,Calophyllum lanigerum,Miq.,Malaysia
Calophyllaceae,Calophyllum lowei,Planch. & Triana,Malaysia
Calophyllaceae,Calophyllum macrocarpum,Hook.f.,Malaysia
Calophyllaceae,Calophyllum molle,King,Malaysia
Calophyllaceae,Calophyllum nodosum,Vesque,Malaysia
Calophyllaceae,Calophyllum obliquinervium,Merr.,Malaysia
Calophyllaceae,Calophyllum pisiferum,Planch. & Triana,Malaysia
Calophyllaceae,Calophyllum praetermissum,P.F.Stevens,Malaysia
Calophyllaceae,Calophyllum pulcherrimum,Wall. ex Choisy,Malaysia
Calophyllaceae,Calophyllum pyriforme,P.F.Stevens,Malaysia
Calophyllaceae,Calophyllum recurvatum,P.F.Stevens,Malaysia
Calophyllaceae,Calophyllum rigidum,Miq.,Malaysia
Calophyllaceae,Calophyllum roseocostatum,P.F.Stevens,Malaysia
Calophyllaceae,Calophyllum rotundifolium,Ridl.,Malaysia
Calophyllaceae,Calophyllum rubiginosum,M.R.Hend. & Wyatt-Sm.,Malaysia
Calophyllaceae,Calophyllum rufigemmatum,Hend. & Wyatt-Sm. ex P.F.Stevens,Malaysia
Calophyllaceae,Calophyllum rupicola,Ridl.,Malaysia
Calophyllaceae,Calophyllum sakarium,P.F.Stevens,Malaysia
Calophyllaceae,Calophyllum sclerophyllum,Vesque,Malaysia
Calophyllaceae,Calophyllum scriblitifolium,M.R.Hend. & Wyatt-Sm.,Malaysia
Calophyllaceae,Calophyllum soulattri,Burm.f.,Malaysia
Calophyllaceae,Calophyllum stipitatum,P.F.Stevens,Malaysia
Calophyllaceae,Calophyllum subhorizontale,M.R.Hend. & Wyatt-Sm.,Malaysia
Calophyllaceae,Calophyllum subsessile,King,Malaysia
Calophyllaceae,Calophyllum sundaicum,P.F.Stevens,Malaysia
Calophyllaceae,Calophyllum symingtonianum,M.R.Hend. & Wyatt-Sm.,Malaysia
Calophyllaceae,Calophyllum tetrapterum,Miq.,Malaysia
Calophyllaceae,Calophyllum teysmannii,Miq.,Malaysia
Calophyllaceae,Calophyllum venulosum,Zoll.,Malaysia
Calophyllaceae,Calophyllum wallichianum,Planch. & Triana,Malaysia
Calophyllaceae,Calophyllum woodii,P.F.Stevens,Malaysia
Calophyllaceae,Kayea assamica,Prain,Malaysia
Calophyllaceae,Kayea beccariana,Baill.,Malaysia
Calophyllaceae,Kayea calophylloides,Ridl.,Malaysia
Calophyllaceae,Kayea daphnifolia,Ridl.,Malaysia
Calophyllaceae,Kayea elegans,King,Malaysia
Calophyllaceae,Kayea elmeri,Merr.,Malaysia
Calophyllaceae,Kayea ferruginea,Pierre,Malaysia
Calophyllaceae,Kayea grandis,King,Malaysia
Calophyllaceae,Kayea kunstleri,King,Malaysia
Calophyllaceae,Kayea lepidota,(T.Anderson) Pierre,Malaysia
Calophyllaceae,Kayea macrantha,Baill.,Malaysia
Calophyllaceae,Kayea nervosa,(Planch. & Triana) T.Anderson,Malaysia
Calophyllaceae,Kayea parviflora,Ridl.,Malaysia
Calophyllaceae,Kayea racemosa,Planch. & Triana,Malaysia
Calophyllaceae,Kayea rosea,Ridl.,Malaysia
Calophyllaceae,Kayea wrayi,King,Malaysia
Calophyllaceae,Mammea acuminata,(Kosterm.) Kosterm.,Malaysia
Calophyllaceae,Mammea malayana,Kosterm.,Malaysia
Calophyllaceae,Mammea siamensis,(Miq.) T.Anderson,Malaysia
Calophyllaceae,Mesua ferrea,L.,Malaysia
Calophyllaceae,Mesua kochummeniana,Whitmore,Malaysia
Calophyllaceae,Mesua nivenii,Whitmore,Malaysia
Calophyllaceae,Mesua nuda,Kosterm. ex Whitmore,Malaysia
Calophyllaceae,Mesua purseglovei,Whitmore,Malaysia
Cannabaceae,Aphananthe cuspidata,(Blume) Planch.,Malaysia
Cannabaceae,Celtis paniculata,(Endl.) Planch.,Malaysia
Cannabaceae,Celtis philippensis,Blanco,Malaysia
Cannabaceae,Celtis rigescens,(Miq.) Planch.,Malaysia
Cannabaceae,Celtis timorensis,Span.,Malaysia
Cannabaceae,Gironniera hirta,Ridl.,Malaysia
Cannabaceae,Gironniera nervosa,Planch.,Malaysia
Cannabaceae,Gironniera parvifolia,Planch.,Malaysia
Cannabaceae,Gironniera subaequalis,Planch.,Malaysia
Cannabaceae,Trema angustifolium,(Planch.) Blume,Malaysia
Cannabaceae,Trema cannabinum,Lour.,Malaysia
Cannabaceae,Trema orientale,(L.) Blume,Malaysia
Cannabaceae,Trema tomentosum,(Roxb.) H.Hara,Malaysia
Capparaceae,Capparis erycibe,Hallier f.,Malaysia
Capparaceae,Capparis micracantha,DC.,Malaysia
Capparaceae,Capparis pubiflora,DC.,Malaysia
Capparaceae,Crateva hygrophila,Kurz,Malaysia
Capparaceae,Crateva magna,(Lour.) DC.,Malaysia
Capparaceae,Crateva religiosa,G.Forst.,Malaysia
Cardiopteridaceae,Citronella suaveolens,(Blume) R.A.Howard,Malaysia
Cardiopteridaceae,Gonocaryum gracile,Miq.,Malaysia
Cardiopteridaceae,Gonocaryum impressinervium,Sleumer,Malaysia
Cardiopteridaceae,Gonocaryum lobbianum,(Miers) Kurz,Malaysia
Cardiopteridaceae,Gonocaryum macrophyllum,(Blume) Sleumer,Malaysia
Cardiopteridaceae,Gonocaryum minus,Sleumer,Malaysia
Casuarinaceae,Casuarina equisetifolia,L.,Malaysia
Casuarinaceae,Ceuthostoma terminale,L.A.S.Johnson,Malaysia
Casuarinaceae,Gymnostoma nobile,(Whitmore) L.A.S.Johnson,Malaysia
Celastraceae,Elaeodendron viburnifolium,(Juss.) Merr.,Malaysia
Celastraceae,Euonymus acuminifolius,Blakelock,Malaysia
Celastraceae,Euonymus castaneifolius,Ridl.,Malaysia
Celastraceae,Euonymus cochinchinensis,Pierre,Malaysia
Celastraceae,Euonymus glaber,Roxb.,Malaysia
Celastraceae,Euonymus glandulosus,(Merr.) Ding Hou,Malaysia
Celastraceae,Euonymus indicus,B.Heyne ex Wall.,Malaysia
Celastraceae,Euonymus wrayi,King,Malaysia
Celastraceae,Glyptopetalum gracilipes,Pierre,Malaysia
Celastraceae,Glyptopetalum palawanense,Merr.,Malaysia
Celastraceae,Glyptopetalum quadrangulare,Prain ex King,Malaysia
Celastraceae,Gymnosporia diversifolia,Maxim.,Malaysia
Celastraceae,Gymnosporia littoralis,(Backer) Jordaan,Malaysia
Celastraceae,Gymnosporia marcanii,Craib,Malaysia
Celastraceae,Gymnosporia stylosa,Pierre,Malaysia
Celastraceae,Kokoona coriacea,King,Malaysia
Celastraceae,Kokoona leucoclada,Kochummen,Malaysia
Celastraceae,Kokoona littoralis,M.A.Lawson,Malaysia
Celastraceae,Kokoona ochracea,Merr.,Malaysia
Celastraceae,Kokoona ovatolanceolata,Ridl.,Malaysia
Celastraceae,Kokoona reflexa,(M.A.Lawson) Ding Hou,Malaysia
Celastraceae,Kokoona sabahana,Kochummen,Malaysia
Celastraceae,Kokoona sessilis,Ding Hou,Malaysia
Celastraceae,Lophopetalum beccarianum,Pierre,Malaysia
Celastraceae,Lophopetalum floribundum,Wight,Malaysia
Celastraceae,Lophopetalum glabrum,Ding Hou,Malaysia
Celastraceae,Lophopetalum javanicum,(Zoll.) Turcz.,Malaysia
Celastraceae,Lophopetalum multinervium,Ridl.,Malaysia
Celastraceae,Lophopetalum pachyphyllum,King,Malaysia
Celastraceae,Lophopetalum pallidum,M.A.Lawson,Malaysia
Celastraceae,Lophopetalum rigidum,Ridl.,Malaysia
Celastraceae,Lophopetalum sessilifolium,Ridl.,Malaysia
Celastraceae,Lophopetalum subobovatum,King,Malaysia
Celastraceae,Lophopetalum wightianum,Arn.,Malaysia
Celastraceae,Microtropis argentea,Kochummen,Malaysia
Celastraceae,Microtropis bivalvis,Wall.,Malaysia
Celastraceae,Microtropis discolor,(Wall.) Wall. ex Meisn.,Malaysia
Celastraceae,Microtropis elliptica,King,Malaysia
Celastraceae,Microtropis fascicularis,Kochummen,Malaysia
Celastraceae,Microtropis grandifolia,Kochummen,Malaysia
Celastraceae,Microtropis keningauensis,Kochummen,Malaysia
Celastraceae,Microtropis kinabaluensis,Merr. & F.L.Freeman,Malaysia
Celastraceae,Microtropis ovata,Merr. & F.L.Freeman,Malaysia
Celastraceae,Microtropis platyphylla,Merr.,Malaysia
Celastraceae,Microtropis rigida,Ridl.,Malaysia
Celastraceae,Microtropis sabahensis,Kochummen,Malaysia
Celastraceae,Microtropis sarawakensis,Kochummen,Malaysia
Celastraceae,Microtropis sumatrana,Merr.,Malaysia
Celastraceae,Microtropis tenuis,Symington,Malaysia
Celastraceae,Microtropis valida,Ridl.,Malaysia
Celastraceae,Microtropis wallichiana,Wight ex Thwaites,Malaysia
Celastraceae,Pleurostylia opposita,(Wall.) Alston,Malaysia
Celastraceae,Salacia chinensis,L.,Malaysia
Celastraceae,Salacia verrucosa,Wight,Malaysia
Celastraceae,Sarawakodendron filamentosum,Ding Hou,Malaysia
Celastraceae,Siphonodon celastrineus,Griff.,Malaysia
Centroplacaceae,Bhesa indica,(Bedd.) Ding Hou,Malaysia
Centroplacaceae,Bhesa paniculata,Arn.,Malaysia
Centroplacaceae,Bhesa robusta,(Roxb.) Ding Hou,Malaysia
Chloranthaceae,Ascarina philippinensis,C.B.Rob.,Malaysia
Chrysobalanaceae,Angelesia splendens,Korth.,Malaysia
Chrysobalanaceae,Atuna cordata,Cockburn ex Prance,Malaysia
Chrysobalanaceae,Atuna excelsa,(Jack) Kosterm.,Malaysia
Chrysobalanaceae,Atuna latifrons,(Kosterm.) Prance & F.White,Malaysia
Chrysobalanaceae,Atuna nannodes,(Kosterm.) Kosterm.,Malaysia
Chrysobalanaceae,Atuna penangiana,(Kosterm. & Prance) Kosterm.,Malaysia
Chrysobalanaceae,Kostermanthus heteropetalus,(Scort. ex King) Prance,Malaysia
Chrysobalanaceae,Kostermanthus malayanus,(Kosterm.) Prance,Malaysia
Chrysobalanaceae,Kostermanthus robustus,Prance,Malaysia
Chrysobalanaceae,Maranthes corymbosa,Blume,Malaysia
Chrysobalanaceae,Parastemon grandifructus,Prance,Malaysia
Chrysobalanaceae,Parastemon urophyllus,(Wall. ex A.DC.) A.DC.,Malaysia
Chrysobalanaceae,Parinari argenteosericea,Kosterm.,Malaysia
Chrysobalanaceae,Parinari canarioides,Kosterm.,Malaysia
Chrysobalanaceae,Parinari costata,(Korth.) Blume,Malaysia
Chrysobalanaceae,Parinari elmeri,Merr.,Malaysia
Chrysobalanaceae,Parinari metallica,Kosterm.,Malaysia
Chrysobalanaceae,Parinari oblongifolia,Hook.f.,Malaysia
Chrysobalanaceae,Parinari parva,Kosterm.,Malaysia
Chrysobalanaceae,Parinari rigida,Kosterm.,Malaysia
Clethraceae,Clethra canescens,Reinw. ex Blume,Malaysia
Clethraceae,Clethra hendersonii,Sleumer,Malaysia
Clethraceae,Clethra longispicata,J.J.Sm.,Malaysia
Clethraceae,Clethra pachyphylla,Merr.,Malaysia
Clusiaceae,Garcinia apetala,Pierre,Malaysia
Clusiaceae,Garcinia atroviridis,Griff. ex T.Anderson,Malaysia
Clusiaceae,Garcinia bancana,Miq.,Malaysia
Clusiaceae,Garcinia beccarii,Pierre,Malaysia
Clusiaceae,Garcinia blumei,Pierre,Malaysia
Clusiaceae,Garcinia brevipes,Pierre,Malaysia
Clusiaceae,Garcinia brevirostris,Scheff.,Malaysia
Clusiaceae,Garcinia burkillii,Whitmore,Malaysia
Clusiaceae,Garcinia cantleyana,Whitmore,Malaysia
Clusiaceae,Garcinia celebica,L.,Malaysia
Clusiaceae,Garcinia clusiifolia,Ridl.,Malaysia
Clusiaceae,Garcinia costata,Hemsl. ex King,Malaysia
Clusiaceae,Garcinia cowa,Roxb. ex DC.,Malaysia
Clusiaceae,Garcinia cuspidata,King,Malaysia
Clusiaceae,Garcinia diospyrifolia,Pierre,Malaysia
Clusiaceae,Garcinia diversifolia,King,Malaysia
Clusiaceae,Garcinia dryobalanoides,Pierre,Malaysia
Clusiaceae,Garcinia dulcis,(Roxb.) Kurz,Malaysia
Clusiaceae,Garcinia forbesii,King,Malaysia
Clusiaceae,Garcinia gaudichaudii,Planch. & Triana,Malaysia
Clusiaceae,Garcinia griffithii,T.Anderson,Malaysia
Clusiaceae,Garcinia havilandii,Stapf,Malaysia
Clusiaceae,Garcinia hendersoniana,Whitmore,Malaysia
Clusiaceae,Garcinia holttumii,Ridl.,Malaysia
Clusiaceae,Garcinia maingayi,Hook.f. ex T.Anderson,Malaysia
Clusiaceae,Garcinia memecyloides,Ridl.,Malaysia
Clusiaceae,Garcinia merguensis,Wight,Malaysia
Clusiaceae,Garcinia microcarpa,Pierre,Malaysia
Clusiaceae,Garcinia minimiflora,Ridl.,Malaysia
Clusiaceae,Garcinia minutiflora,Ridl.,Malaysia
Clusiaceae,Garcinia miquelii,Pierre,Malaysia
Clusiaceae,Garcinia monantha,Ridl.,Malaysia
Clusiaceae,Garcinia montana,Ridl.,Malaysia
Clusiaceae,Garcinia mottleyana,Pierre,Malaysia
Clusiaceae,Garcinia murdochii,Ridl.,Malaysia
Clusiaceae,Garcinia murtonii,Whitmore,Malaysia
Clusiaceae,Garcinia myristicifolia,Pierre,Malaysia
Clusiaceae,Garcinia nervosa,Miq.,Malaysia
Clusiaceae,Garcinia nigricans,Pierre,Malaysia
Clusiaceae,Garcinia nigrolineata,Planch. ex T.Anderson,Malaysia
Clusiaceae,Garcinia nitida,Pierre,Malaysia
Clusiaceae,Garcinia parvifolia,(Miq.) Miq.,Malaysia
Clusiaceae,Garcinia petiolaris,Pierre,Malaysia
Clusiaceae,Garcinia prainiana,King,Malaysia
Clusiaceae,Garcinia pyrifera,Ridl.,Malaysia
Clusiaceae,Garcinia rheedei,Pierre,Malaysia
Clusiaceae,Garcinia rostrata,(Hassk.) Miq.,Malaysia
Clusiaceae,Garcinia sangudsangud,Nazre,Malaysia
Clusiaceae,Garcinia scortechinii,King,Malaysia
Clusiaceae,Garcinia sizygiifolia,Pierre,Malaysia
Clusiaceae,Garcinia spectabilis,Pierre,Malaysia
Clusiaceae,Garcinia stigmacantha,Pierre,Malaysia
Clusiaceae,Garcinia umbellulata,Ridl.,Malaysia
Clusiaceae,Garcinia uniflora,King,Malaysia
Clusiaceae,Garcinia urophylla,Scort. ex King,Malaysia
Clusiaceae,Garcinia vidua,Ridl.,Malaysia
Clusiaceae,Garcinia xanthochymus,Hook.f. ex T.Anderson,Malaysia
Combretaceae,Lumnitzera littorea,(Jack) Voigt,Malaysia
Combretaceae,Lumnitzera racemosa,Willd.,Malaysia
Combretaceae,Terminalia bellirica,(Gaertn.) Roxb.,Malaysia
Combretaceae,Terminalia calamansanai,(Blanco) Rolfe,Malaysia
Combretaceae,Terminalia catappa,L.,Malaysia
Combretaceae,Terminalia citrina,(Gaertn.) Roxb.,Malaysia
Combretaceae,Terminalia copelandii,Elmer,Malaysia
Combretaceae,Terminalia darfeuillana,Pierre ex Laness.,Malaysia
Combretaceae,Terminalia foetidissima,Griff.,Malaysia
Combretaceae,Terminalia myriocarpa,Van Heurck & Müll.Arg.,Malaysia
Combretaceae,Terminalia phellocarpa,King,Malaysia
Combretaceae,Terminalia subspathulata,King,Malaysia
Combretaceae,Terminalia triptera,Stapf,Malaysia
Connaraceae,Agelaea borneensis,(Hook.f.) Merr.,Malaysia
Connaraceae,Agelaea macrophylla,(Zoll.) Leenh.,Malaysia
Connaraceae,Agelaea trinervis,(Llanos) Merr.,Malaysia
Connaraceae,Cnestis palala,(Lour.) Merr.,Malaysia
Connaraceae,Connarus agamae,Merr.,Malaysia
Connaraceae,Connarus cochinchinensis,(Baill.) Pierre,Malaysia
Connaraceae,Connarus grandis,Jack,Malaysia
Connaraceae,Connarus paniculatus,Roxb,Malaysia
Connaraceae,Connarus semidecandrus,Jack,Malaysia
Connaraceae,Ellipanthus beccarii,Pierre,Malaysia
Connaraceae,Ellipanthus tomentosus,Kurz,Malaysia
Convolvulaceae,Erycibe albida,Prain,Malaysia
Cornaceae,Alangium borneense,Merr.,Malaysia
Cornaceae,Alangium circulare,B.C.Stone & Kochummen,Malaysia
Cornaceae,Alangium ebenaceum,(C.B.Clarke) Harms,Malaysia
Cornaceae,Alangium havilandii,Bloemb.,Malaysia
Cornaceae,Alangium kayuniga,K.M.Wong,Malaysia
Cornaceae,Alangium kurzii,Craib,Malaysia
Cornaceae,Alangium longiflorum,Merr.,Malaysia
Cornaceae,Alangium meyeri,Merr.,Malaysia
Cornaceae,Alangium mezianum,Wangerin,Malaysia
Cornaceae,Alangium nobile,(C.B.Clarke) Harms,Malaysia
Cornaceae,Alangium oblongum,Craib,Malaysia
Cornaceae,Alangium pallens,W.J.de Wilde & Duyfjes,Malaysia
Cornaceae,Alangium ridleyi,King,Malaysia
Cornaceae,Alangium rotundifolium,(Hassk.) Bloemb.,Malaysia
Cornaceae,Alangium salviifolium,(L.f.) Wangerin,Malaysia
Cornaceae,Alangium uniloculare,(Griff.) King,Malaysia
Crypteroniaceae,Axinandra alata,Baill.,Malaysia
Crypteroniaceae,Axinandra beccariana,Baill.,Malaysia
Crypteroniaceae,Axinandra coriacea,Baill.,Malaysia
Crypteroniaceae,Crypteronia borneensis,J.T.Pereira & K.M.Wong,Malaysia
Crypteroniaceae,Crypteronia elegans,J.T.Pereira & K.M.Wong,Malaysia
Crypteroniaceae,Crypteronia glabriflora,J.T.Pereira & K.M.Wong,Malaysia
Crypteroniaceae,Crypteronia griffithii,C.B.Clarke,Malaysia
Crypteroniaceae,Crypteronia macrophylla,Beus.-Osinga,Malaysia
Crypteroniaceae,Crypteronia paniculata,Blume,Malaysia
Ctenolophonaceae,Ctenolophon parvifolius,Oliv.,Malaysia
Cunoniaceae,Weinmannia aphanoneura,Airy Shaw,Malaysia
Cunoniaceae,Weinmannia clemensiae,Steenis,Malaysia
Cunoniaceae,Weinmannia fraxinea,(D. Don) Miq.,Malaysia
Cunoniaceae,Weinmannia hooglandii,H.C.Hopkins & J.Bradford,Malaysia
Cycadaceae,Cycas clivicola,K.D.Hill,Malaysia
Cycadaceae,Cycas edentata,de Laub.,Malaysia
Cycadaceae,Cycas macrocarpa,Griff.,Malaysia
Daphniphyllaceae,Daphniphyllum borneense,Stapf,Malaysia
Daphniphyllaceae,Daphniphyllum dichotomum,(T.C.Huang) T.C.Huang,Malaysia
Daphniphyllaceae,Daphniphyllum glaucescens,Blume,Malaysia
Daphniphyllaceae,Daphniphyllum scortechinii,Hook.f.,Malaysia
Dichapetalaceae,Dichapetalum gelonioides,(Roxb.) Engl.,Malaysia
Dichapetalaceae,Dichapetalum griffithii,(Hook.f.) Engl.,Malaysia
Dichapetalaceae,Dichapetalum helferianum,(Kurz) Pierre,Malaysia
Dichapetalaceae,Dichapetalum laurocerasus,(Hook.f.) Engl.,Malaysia
Dichapetalaceae,Dichapetalum longipetalum,(Turcz.) Engl.,Malaysia
Dichapetalaceae,Dichapetalum sordidum,(Hook.f.) Leenh.,Malaysia
Dichapetalaceae,Dichapetalum tenuifolium,(King) Engl.,Malaysia
Dichapetalaceae,Dichapetalum timoriense,(DC.) Boerl.,Malaysia
Dilleniaceae,Didesmandra aspera,Stapf,Malaysia
Dilleniaceae,Dillenia albiflos,(Ridl.) Hoogland,Malaysia
Dilleniaceae,Dillenia beccariana,Martelli,Malaysia
Dilleniaceae,Dillenia borneensis,Hoogland,Malaysia
Dilleniaceae,Dillenia excelsa,(Jack) Martelli ex Gilg.,Malaysia
Dilleniaceae,Dillenia grandifolia,Wall. ex Hook.f. & Thomson,Malaysia
Dilleniaceae,Dillenia indica,L.,Malaysia
Dilleniaceae,Dillenia obovata,(Blume) Hoogland,Malaysia
Dilleniaceae,Dillenia ovata,Wall. ex Hook.f. & Thomson,Malaysia
Dilleniaceae,Dillenia pentagyna,Roxb.,Malaysia
Dilleniaceae,Dillenia pulchella,(Jack) Gilg,Malaysia
Dilleniaceae,Dillenia reticulata,King,Malaysia
Dilleniaceae,Dillenia sumatrana,Miq.,Malaysia
Dipentodontaceae,Perrottetia alpestris,(Blume) Loes.,Malaysia
Dipterocarpaceae,Anisoptera aurea,Foxw.,Malaysia
Dipterocarpaceae,Anisoptera costata,Korth.,Malaysia
Dipterocarpaceae,Anisoptera curtisii,Dyer ex King,Malaysia
Dipterocarpaceae,Anisoptera grossivenia,V.Sloot.,Malaysia
Dipterocarpaceae,Anisoptera laevis,Ridl.,Malaysia
Dipterocarpaceae,Anisoptera marginata,Korth.,Malaysia
Dipterocarpaceae,Anisoptera megistocarpa,Slooten,Malaysia
Dipterocarpaceae,Anisoptera reticulata,P.S.Ashton,Malaysia
Dipterocarpaceae,Anisoptera scaphula,(Roxb.) Kurz,Malaysia
Dipterocarpaceae,Cotylelobium burckii,(F.Heim) F.Heim,Malaysia
Dipterocarpaceae,Cotylelobium lanceolatum,Craib,Malaysia
Dipterocarpaceae,Cotylelobium melanoxylon,(Hook.f.) Pierre,Malaysia
Dipterocarpaceae,Dipterocarpus acutangulus,Vesque,Malaysia
Dipterocarpaceae,Dipterocarpus alatus,Roxb. ex G.Don,Malaysia
Dipterocarpaceae,Dipterocarpus baudii,Korth.,Malaysia
Dipterocarpaceae,Dipterocarpus borneensis,Slooten,Malaysia
Dipterocarpaceae,Dipterocarpus caudiferus,Merr.,Malaysia
Dipterocarpaceae,Dipterocarpus chartaceus,Symington,Malaysia
Dipterocarpaceae,Dipterocarpus concavus,Foxw.,Malaysia
Dipterocarpaceae,Dipterocarpus condorensis,Pierre,Malaysia
Dipterocarpaceae,Dipterocarpus confertus,Slooten,Malaysia
Dipterocarpaceae,Dipterocarpus conformis,Slooten,Malaysia
Dipterocarpaceae,Dipterocarpus coriaceus,Slooten,Malaysia
Dipterocarpaceae,Dipterocarpus cornutus,Dyer,Malaysia
Dipterocarpaceae,Dipterocarpus costatus,C.F.Gaertn.,Malaysia
Dipterocarpaceae,Dipterocarpus costulatus,Slooten,Malaysia
Dipterocarpaceae,Dipterocarpus crinitus,Dyer,Malaysia
Dipterocarpaceae,Dipterocarpus cuspidatus,P.S.Ashton,Malaysia
Dipterocarpaceae,Dipterocarpus dyeri,Pierre ex Laness.,Malaysia
Dipterocarpaceae,Dipterocarpus elongatus,Korth.,Malaysia
Dipterocarpaceae,Dipterocarpus eurhynchus,Miq.,Malaysia
Dipterocarpaceae,Dipterocarpus fagineus,Vesque,Malaysia
Dipterocarpaceae,Dipterocarpus geniculatus,Vesque,Malaysia
Dipterocarpaceae,Dipterocarpus glabrigemmatus,P.S.Ashton,Malaysia
Dipterocarpaceae,Dipterocarpus globosus,Vesque,Malaysia
Dipterocarpaceae,Dipterocarpus gracilis,Blume,Malaysia
Dipterocarpaceae,Dipterocarpus grandiflorus,(Blanco) Blanco,Malaysia
Dipterocarpaceae,Dipterocarpus hasseltii,Blume,Malaysia
Dipterocarpaceae,Dipterocarpus humeratus,Slooten,Malaysia
Dipterocarpaceae,Dipterocarpus kerrii,King,Malaysia
Dipterocarpaceae,Dipterocarpus kunstleri,King,Malaysia
Dipterocarpaceae,Dipterocarpus lowii,Hook.f.,Malaysia
Dipterocarpaceae,Dipterocarpus mundus,Slooten,Malaysia
Dipterocarpaceae,Dipterocarpus nudus,Vesque,Malaysia
Dipterocarpaceae,Dipterocarpus oblongifolius,Blume,Malaysia
Dipterocarpaceae,Dipterocarpus obtusifolius,Teijsm. ex Miq.,Malaysia
Dipterocarpaceae,Dipterocarpus ochraceus,Meijer,Malaysia
Dipterocarpaceae,Dipterocarpus orbicularis,Foxw.,Malaysia
Dipterocarpaceae,Dipterocarpus pachyphyllus,Meijer,Malaysia
Dipterocarpaceae,Dipterocarpus palembanicus,Slooten,Malaysia
Dipterocarpaceae,Dipterocarpus perakensis,P.S.Ashton,Malaysia
Dipterocarpaceae,Dipterocarpus retusus,Blume,Malaysia
Dipterocarpaceae,Dipterocarpus rigidus,Ridl.,Malaysia
Dipterocarpaceae,Dipterocarpus rotundifolius,Foxw.,Malaysia
Dipterocarpaceae,Dipterocarpus sarawakensis,Slooten,Malaysia
Dipterocarpaceae,Dipterocarpus semivestitus,Slooten,Malaysia
Dipterocarpaceae,Dipterocarpus stellatus,Vesque,Malaysia
Dipterocarpaceae,Dipterocarpus sublamellatus,Foxw.,Malaysia
Dipterocarpaceae,Dipterocarpus tempehes,Slooten,Malaysia
Dipterocarpaceae,Dipterocarpus validus,Blume,Malaysia
Dipterocarpaceae,Dipterocarpus verrucosus,Foxw. ex Slooten,Malaysia
Dipterocarpaceae,Dryobalanops aromatica,C.F.Gaertn.,Malaysia
Dipterocarpaceae,Dryobalanops beccarii,Dyer,Malaysia
Dipterocarpaceae,Dryobalanops fusca,Slooten,Malaysia
Dipterocarpaceae,Dryobalanops lanceolata,Burck,Malaysia
Dipterocarpaceae,Dryobalanops oblongifolia,Dyer,Malaysia
Dipterocarpaceae,Dryobalanops rappa,Becc.,Malaysia
Dipterocarpaceae,Hopea aequalis,P.S.Ashton,Malaysia
Dipterocarpaceae,Hopea altocollina,P.S.Ashton,Malaysia
Dipterocarpaceae,Hopea andersonii,P.S.Ashton,Malaysia
Dipterocarpaceae,Hopea apiculata,Symington,Malaysia
Dipterocarpaceae,Hopea auriculata,Foxw.,Malaysia
Dipterocarpaceae,Hopea beccariana,Burck,Malaysia
Dipterocarpaceae,Hopea bilitonensis,P.S.Ashton,Malaysia
Dipterocarpaceae,Hopea bracteata,Burck,Malaysia
Dipterocarpaceae,Hopea bullatifolia,P.S.Ashton,Malaysia
Dipterocarpaceae,Hopea centipeda,P.S.Ashton,Malaysia
Dipterocarpaceae,Hopea cernua,Teijsm. & Binn.,Malaysia
Dipterocarpaceae,Hopea coriacea,Burck,Malaysia
Dipterocarpaceae,Hopea depressinerva,P.S.Ashton,Malaysia
Dipterocarpaceae,Hopea dryobalanoides,Miq.,Malaysia
Dipterocarpaceae,Hopea dyeri,F.Heim,Malaysia
Dipterocarpaceae,Hopea enicosanthoides,P.S.Ashton,Malaysia
Dipterocarpaceae,Hopea ferrea,Laness.,Malaysia
Dipterocarpaceae,Hopea ferruginea,Parijs,Malaysia
Dipterocarpaceae,Hopea fluvialis,P.S.Ashton,Malaysia
Dipterocarpaceae,Hopea glaucescens,Symington,Malaysia
Dipterocarpaceae,Hopea griffithii,Kurz,Malaysia
Dipterocarpaceae,Hopea helferi,(Dyer) Brandis,Malaysia
Dipterocarpaceae,Hopea johorensis,Symington,Malaysia
Dipterocarpaceae,Hopea kerangasensis,P.S.Ashton,Malaysia
Dipterocarpaceae,Hopea latifolia,Symington,Malaysia
Dipterocarpaceae,Hopea longirostrata,P.S.Ashton,Malaysia
Dipterocarpaceae,Hopea mengarawan,Miq.,Malaysia
Dipterocarpaceae,Hopea mesuoides,P.S.Ashton,Malaysia
Dipterocarpaceae,Hopea micrantha,Hook.f.,Malaysia
Dipterocarpaceae,Hopea montana,Symington,Malaysia
Dipterocarpaceae,Hopea myrtifolia,Miq.,Malaysia
Dipterocarpaceae,Hopea nervosa,King,Malaysia
Dipterocarpaceae,Hopea nutans,Ridl.,Malaysia
Dipterocarpaceae,Hopea obscurinerva,P.S.Ashton,Malaysia
Dipterocarpaceae,Hopea odorata,Roxb.,Malaysia
Dipterocarpaceae,Hopea pachycarpa,(F.Heim) Symington,Malaysia
Dipterocarpaceae,Hopea pedicellata,(Brandis) Symington,Malaysia
Dipterocarpaceae,Hopea pentanervia,Symington ex G.H.S.Wood,Malaysia
Dipterocarpaceae,Hopea pierrei,Hance,Malaysia
Dipterocarpaceae,Hopea plagata,(Blanco) S.Vidal,Malaysia
Dipterocarpaceae,Hopea polyalthioides,Symington,Malaysia
Dipterocarpaceae,Hopea pubescens,Ridl.,Malaysia
Dipterocarpaceae,Hopea rudiformis,P.S.Ashton,Malaysia
Dipterocarpaceae,Hopea rugifolia,P.S.Ashton,Malaysia
Dipterocarpaceae,Hopea sangal,Korth.,Malaysia
Dipterocarpaceae,Hopea semicuneata,Symington,Malaysia
Dipterocarpaceae,Hopea sphaerocarpa,(F.Heim) P.S.Ashton,Malaysia
Dipterocarpaceae,Hopea subalata,Symington,Malaysia
Dipterocarpaceae,Hopea sublanceolata,Symington,Malaysia
Dipterocarpaceae,Hopea sulcata,Symington,Malaysia
Dipterocarpaceae,Hopea tenuivervula,P.S.Ashton,Malaysia
Dipterocarpaceae,Hopea treubii,F.Heim,Malaysia
Dipterocarpaceae,Hopea vacciniifolia,Ridl. ex P.S.Ashton,Malaysia
Dipterocarpaceae,Hopea vesquei,F.Heim,Malaysia
Dipterocarpaceae,Hopea wyattsmithii,G.H.S.Wood ex P.S.Ashton,Malaysia
Dipterocarpaceae,Neobalanocarpus heimii,(King) P.S.Ashton,Malaysia
Dipterocarpaceae,Parashorea densiflora,Slooten & Symington,Malaysia
Dipterocarpaceae,Parashorea globosa,Symington,Malaysia
Dipterocarpaceae,Parashorea lucida,(Miq.) Kurz,Malaysia
Dipterocarpaceae,Parashorea macrophylla,Wyatt-Sm. ex P.S.Ashton,Malaysia
Dipterocarpaceae,Parashorea malaanonan,(Blanco) Merr.,Malaysia
Dipterocarpaceae,Parashorea parvifolia,Wyatt-Sm. ex P.S.Ashton,Malaysia
Dipterocarpaceae,Parashorea smythiesii,Wyatt-Sm. ex P.S.Ashton,Malaysia
Dipterocarpaceae,Parashorea stellata,Kurz,Malaysia
Dipterocarpaceae,Parashorea tomentella,(Symington) Meijer,Malaysia
Dipterocarpaceae,Shorea acuminata,Dyer,Malaysia
Dipterocarpaceae,Shorea acuminatissima,Symington,Malaysia
Dipterocarpaceae,Shorea acuta,P.S.Ashton,Malaysia
Dipterocarpaceae,Shorea agami,P.S.Ashton,Malaysia
Dipterocarpaceae,Shorea albida,Symington ex A.V.Thomas      ,Malaysia
Dipterocarpaceae,Shorea almon,Foxw.,Malaysia
Dipterocarpaceae,Shorea alutacea,P.S.Ashton,Malaysia
Dipterocarpaceae,Shorea amplexicaulis,P.S.Ashton,Malaysia
Dipterocarpaceae,Shorea andulensis,P.S.Ashton,Malaysia
Dipterocarpaceae,Shorea angustifolia,P.S.Ashton,Malaysia
Dipterocarpaceae,Shorea argentifolia,Symington,Malaysia
Dipterocarpaceae,Shorea asahi,P.S.Ashton,Malaysia
Dipterocarpaceae,Shorea assamica,Dyer,Malaysia
Dipterocarpaceae,Shorea atrinervosa,Symington,Malaysia
Dipterocarpaceae,Shorea bakoensis,P.S.Ashton,Malaysia
Dipterocarpaceae,Shorea balanocarpoides,Symington,Malaysia
Dipterocarpaceae,Shorea beccariana,Burck,Malaysia
Dipterocarpaceae,Shorea bentongensis,Foxw.,Malaysia
Dipterocarpaceae,Shorea biawak,P.S.Ashton,Malaysia
Dipterocarpaceae,Shorea blumutensis,Foxw.,Malaysia
Dipterocarpaceae,Shorea bracteolata,Dyer,Malaysia
Dipterocarpaceae,Shorea brunnescens,P.S.Ashton,Malaysia
Dipterocarpaceae,Shorea bullata,P.S.Ashton,Malaysia
Dipterocarpaceae,Shorea calcicola,P.S.Ashton,Malaysia
Dipterocarpaceae,Shorea carapae,P.S.Ashton,Malaysia
Dipterocarpaceae,Shorea ciliata,King,Malaysia
Dipterocarpaceae,Shorea collaris,Slooten,Malaysia
Dipterocarpaceae,Shorea collina,Ridl.,Malaysia
Dipterocarpaceae,Shorea confusa,P.S.Ashton,Malaysia
Dipterocarpaceae,Shorea coriacea,Burck,Malaysia
Dipterocarpaceae,Shorea crassa,P.S.Ashton,Malaysia
Dipterocarpaceae,Shorea curtisii,Dyer ex King,Malaysia
Dipterocarpaceae,Shorea cuspidata,P.S.Ashton,Malaysia
Dipterocarpaceae,Shorea dasyphylla,Foxw.,Malaysia
Dipterocarpaceae,Shorea dealbata,Foxw.,Malaysia
Dipterocarpaceae,Shorea dispar,P.S.Ashton,Malaysia
Dipterocarpaceae,Shorea domatiosa,P.S.Ashton,Malaysia
Dipterocarpaceae,Shorea elliptica,Burck,Malaysia
Dipterocarpaceae,Shorea exelliptica,Meijer,Malaysia
Dipterocarpaceae,Shorea faguetiana,F.Heim,Malaysia
Dipterocarpaceae,Shorea faguetioides,P.S.Ashton,Malaysia
Dipterocarpaceae,Shorea falcifera,Dyer ex Brandis      ,Malaysia
Dipterocarpaceae,Shorea falciferoides,Foxw.,Malaysia
Dipterocarpaceae,Shorea fallax,Meijer,Malaysia
Dipterocarpaceae,Shorea farinosa,C.E.C.Fisch.,Malaysia
Dipterocarpaceae,Shorea ferruginea,Dyer ex Brandis,Malaysia
Dipterocarpaceae,Shorea flaviflora,G.H.S.Wood ex P.S.Ashton,Malaysia
Dipterocarpaceae,Shorea flemmichii,Symington,Malaysia
Dipterocarpaceae,Shorea foxworthyi,Symington,Malaysia
Dipterocarpaceae,Shorea geniculata,Symington ex P.S.Ashton,Malaysia
Dipterocarpaceae,Shorea gibbosa,Brandis,Malaysia
Dipterocarpaceae,Shorea glauca,King,Malaysia
Dipterocarpaceae,Shorea gratissima,(Wall. ex Kurz) Dyer,Malaysia
Dipterocarpaceae,Shorea guiso,(Blanco) Blume,Malaysia
Dipterocarpaceae,Shorea havilandii,Brandis,Malaysia
Dipterocarpaceae,Shorea hemsleyana,King ex Foxw.,Malaysia
Dipterocarpaceae,Shorea henryana,Pierre,Malaysia
Dipterocarpaceae,Shorea hopeifolia,(F.Heim) Symington,Malaysia
Dipterocarpaceae,Shorea hypochra,Hance,Malaysia
Dipterocarpaceae,Shorea hypoleuca,Meijer,Malaysia
Dipterocarpaceae,Shorea inaequilateralis,Symington,Malaysia
Dipterocarpaceae,Shorea inappendiculata,Burck,Malaysia
Dipterocarpaceae,Shorea induplicata,Slooten,Malaysia
Dipterocarpaceae,Shorea isoptera,P.S.Ashton,Malaysia
Dipterocarpaceae,Shorea johorensis,Foxw.,Malaysia
Dipterocarpaceae,Shorea kuantanensis,P.S.Ashton,Malaysia
Dipterocarpaceae,Shorea kudatensis,G.H.S.Wood ex Meijer,Malaysia
Dipterocarpaceae,Shorea kunstleri,King,Malaysia
Dipterocarpaceae,Shorea ladiana,P.S.Ashton,Malaysia
Dipterocarpaceae,Shorea laevis,Ridl.,Malaysia
Dipterocarpaceae,Shorea lamellata,Foxw.,Malaysia
Dipterocarpaceae,Shorea laxa,Slooten,Malaysia
Dipterocarpaceae,Shorea lepidota,(Korth.) Blume       ,Malaysia
Dipterocarpaceae,Shorea leprosula,Miq.,Malaysia
Dipterocarpaceae,Shorea longiflora,(Brandis) Symington,Malaysia
Dipterocarpaceae,Shorea longisperma,Roxb.,Malaysia
Dipterocarpaceae,Shorea lumutensis,Symington,Malaysia
Dipterocarpaceae,Shorea lunduensis,P.S.Ashton,Malaysia
Dipterocarpaceae,Shorea macrantha,Brandis,Malaysia
Dipterocarpaceae,Shorea macrobalanos,P.S.Ashton,Malaysia
Dipterocarpaceae,Shorea macrophylla,(de Vriese) P.S.Ashton,Malaysia
Dipterocarpaceae,Shorea macroptera,Dyer,Malaysia
Dipterocarpaceae,Shorea materialis,Ridl.,Malaysia
Dipterocarpaceae,Shorea maxima,(King) Symington,Malaysia
Dipterocarpaceae,Shorea maxwelliana,King,Malaysia
Dipterocarpaceae,Shorea mecistopteryx,Ridl.,Malaysia
Dipterocarpaceae,Shorea micans,P.S.Ashton,Malaysia
Dipterocarpaceae,Shorea monticola,P.S.Ashton,Malaysia
Dipterocarpaceae,Shorea mujongensis,P.S.Ashton,Malaysia
Dipterocarpaceae,Shorea multiflora,(Burck) Symington,Malaysia
Dipterocarpaceae,Shorea myrionerva,Symington ex P.S.Ashton,Malaysia
Dipterocarpaceae,Shorea obovoidea,Slooten,Malaysia
Dipterocarpaceae,Shorea obscura,Meijer,Malaysia
Dipterocarpaceae,Shorea ochracea,Symington,Malaysia
Dipterocarpaceae,Shorea ochrophloia,Symington,Malaysia
Dipterocarpaceae,Shorea ovalis,Blume,Malaysia
Dipterocarpaceae,Shorea ovata,Dyer ex Brandis,Malaysia
Dipterocarpaceae,Shorea pachyphylla,Ridl. ex Symington,Malaysia
Dipterocarpaceae,Shorea palembanica,Miq.,Malaysia
Dipterocarpaceae,Shorea pallidifolia,P.S.Ashton,Malaysia
Dipterocarpaceae,Shorea parvifolia,Dyer,Malaysia
Dipterocarpaceae,Shorea parvistipulata,F.Heim.,Malaysia
Dipterocarpaceae,Shorea patoiensis,P.S.Ashton,Malaysia
Dipterocarpaceae,Shorea pauciflora,King,Malaysia
Dipterocarpaceae,Shorea peltata,Symington,Malaysia
Dipterocarpaceae,Shorea pilosa,P.S.Ashton,Malaysia
Dipterocarpaceae,Shorea pinanga,Scheff.,Malaysia
Dipterocarpaceae,Shorea platycarpa,F.Heim,Malaysia
Dipterocarpaceae,Shorea platyclados,Slooten ex Endert,Malaysia
Dipterocarpaceae,Shorea polyandra,P.S.Ashton,Malaysia
Dipterocarpaceae,Shorea praestans,P.S.Ashton,Malaysia
Dipterocarpaceae,Shorea pubistyla,P.S.Ashton,Malaysia
Dipterocarpaceae,Shorea quadrinervis,Slooten,Malaysia
Dipterocarpaceae,Shorea resinosa,Foxw.,Malaysia
Dipterocarpaceae,Shorea retusa,Meijer,Malaysia
Dipterocarpaceae,Shorea revoluta,P.S.Ashton,Malaysia
Dipterocarpaceae,Shorea richetia,Symington,Malaysia
Dipterocarpaceae,Shorea rotundifolia,P.S.Ashton,Malaysia
Dipterocarpaceae,Shorea roxburghii,G.Don,Malaysia
Dipterocarpaceae,Shorea rubella,P.S.Ashton,Malaysia
Dipterocarpaceae,Shorea rubra,P.S.Ashton,Malaysia
Dipterocarpaceae,Shorea rugosa,F.Heim,Malaysia
Dipterocarpaceae,Shorea sagittata,P.S.Ashton,Malaysia
Dipterocarpaceae,Shorea scaberrima,Burck,Malaysia
Dipterocarpaceae,Shorea scabrida,Symington,Malaysia
Dipterocarpaceae,Shorea scrobiculata,Burck,Malaysia
Dipterocarpaceae,Shorea seminis,Slooten,Malaysia
Dipterocarpaceae,Shorea siamensis,Miq.,Malaysia
Dipterocarpaceae,Shorea singkawang,(Miq.) Burck,Malaysia
Dipterocarpaceae,Shorea slootenii,P.S.Ashton,Malaysia
Dipterocarpaceae,Shorea smithiana,Symington,Malaysia
Dipterocarpaceae,Shorea splendida,(de Vriese) P.S.Ashton,Malaysia
Dipterocarpaceae,Shorea stenoptera,Burck        ,Malaysia
Dipterocarpaceae,Shorea subcylindrica,Slooten,Malaysia
Dipterocarpaceae,Shorea submontana,Symington,Malaysia
Dipterocarpaceae,Shorea sumatrana,(Slooten) Desch,Malaysia
Dipterocarpaceae,Shorea superba,Symington,Malaysia
Dipterocarpaceae,Shorea symingtonii,G.H.S.Wood,Malaysia
Dipterocarpaceae,Shorea tenuiramulosa,P.S.Ashton,Malaysia
Dipterocarpaceae,Shorea teysmanniana,Dyer ex Brandis,Malaysia
Dipterocarpaceae,Shorea uliginosa,Foxw.,Malaysia
Dipterocarpaceae,Shorea venulosa,G.H.S.Wood ex Meijer,Malaysia
Dipterocarpaceae,Shorea virescens,Parijs,Malaysia
Dipterocarpaceae,Shorea waltonii,G.H.S.Wood ex Meijer,Malaysia
Dipterocarpaceae,Shorea woodii,P.S.Ashton,Malaysia
Dipterocarpaceae,Shorea xanthophylla,Symington,Malaysia
Dipterocarpaceae,Upuna borneensis,Symington,Malaysia
Dipterocarpaceae,Vatica abdulrahmaniana,Chua,Malaysia
Dipterocarpaceae,Vatica adenanii,"Meekiong, Nizam, Latiff, Tawan & Yahud",Malaysia
Dipterocarpaceae,Vatica albiramis,Slooten,Malaysia
Dipterocarpaceae,Vatica badiifolia,P.S.Ashton,Malaysia
Dipterocarpaceae,Vatica bella,Slooten,Malaysia
Dipterocarpaceae,Vatica borneensis,Burck,Malaysia
Dipterocarpaceae,Vatica brevipes,P.S.Ashton,Malaysia
Dipterocarpaceae,Vatica brunigii,P.S.Ashton,Malaysia
Dipterocarpaceae,Vatica chartacea,P.S.Ashton,Malaysia
Dipterocarpaceae,Vatica cinerea,King,Malaysia
Dipterocarpaceae,Vatica compressa,P.S.Ashton,Malaysia
Dipterocarpaceae,Vatica congesta,P.S.Ashton,Malaysia
Dipterocarpaceae,Vatica coriacea,P.S.Ashton,Malaysia
Dipterocarpaceae,Vatica cuspidata,(Ridl.) Desch,Malaysia
Dipterocarpaceae,Vatica dulitensis,Symington,Malaysia
Dipterocarpaceae,Vatica endertii,Slooten,Malaysia
Dipterocarpaceae,Vatica flavida,Foxw.,Malaysia
Dipterocarpaceae,Vatica glabrata,P.S.Ashton,Malaysia
Dipterocarpaceae,Vatica globosa,P.S.Ashton,Malaysia
Dipterocarpaceae,Vatica granulata,Slooten,Malaysia
Dipterocarpaceae,Vatica harmandiana,Pierre,Malaysia
Dipterocarpaceae,Vatica havilandii,Brandis,Malaysia
Dipterocarpaceae,Vatica heteroptera,Symington,Malaysia
Dipterocarpaceae,Vatica hullettii,(Ridl.) P.S.Ashton,Malaysia
Dipterocarpaceae,Vatica kanthanensis,Saw,Malaysia
Dipterocarpaceae,Vatica lobata,Foxw.,Malaysia
Dipterocarpaceae,Vatica lowii,King,Malaysia
Dipterocarpaceae,Vatica maingayi,Dyer,Malaysia
Dipterocarpaceae,Vatica mangachapoi,Blanco,Malaysia
Dipterocarpaceae,Vatica maritima,Slooten,Malaysia
Dipterocarpaceae,Vatica micrantha,Slooten,Malaysia
Dipterocarpaceae,Vatica mizaniana,Chua,Malaysia
Dipterocarpaceae,Vatica najibiana,Ummul-Nazrah,Malaysia
Dipterocarpaceae,Vatica nitens,King,Malaysia
Dipterocarpaceae,Vatica oblongifolia,Hook.f.,Malaysia
Dipterocarpaceae,Vatica odorata,(Griff.) Symington,Malaysia
Dipterocarpaceae,Vatica pallida,Dyer,Malaysia
Dipterocarpaceae,Vatica parvifolia,P.S.Ashton,Malaysia
Dipterocarpaceae,Vatica patentinervia,P.S.Ashton,Malaysia
Dipterocarpaceae,Vatica pauciflora,Blume,Malaysia
Dipterocarpaceae,Vatica pedicellata,Brandis,Malaysia
Dipterocarpaceae,Vatica perakensis,King,Malaysia
Dipterocarpaceae,Vatica rassak,(Korth.) Blume,Malaysia
Dipterocarpaceae,Vatica rotata,P.S.Ashton,Malaysia
Dipterocarpaceae,Vatica rynchocarpa,P.S.Ashton,Malaysia
Dipterocarpaceae,Vatica sarawakensis,F.Heim,Malaysia
Dipterocarpaceae,Vatica scortechinii,Ridl.,Malaysia
Dipterocarpaceae,Vatica stapfiana,(King) Slooten,Malaysia
Dipterocarpaceae,Vatica umbonata,(Hook.f.) Burck,Malaysia
Dipterocarpaceae,Vatica venulosa,Blume,Malaysia
Dipterocarpaceae,Vatica vinosa,P.S.Ashton,Malaysia
Dipterocarpaceae,Vatica yeechongii,Saw,Malaysia
Ebenaceae,Diospyros adenophora,Bakh.,Malaysia
Ebenaceae,Diospyros alatella,Kosterm.,Malaysia
Ebenaceae,Diospyros andamanica,(Kurz) Bakh.,Malaysia
Ebenaceae,Diospyros apiculata,Hiern,Malaysia
Ebenaceae,Diospyros areolata,King & Gamble,Malaysia
Ebenaceae,Diospyros argentea,Griff.,Malaysia
Ebenaceae,Diospyros beccarioides,Ng,Malaysia
Ebenaceae,Diospyros bejaudii,Lecomte,Malaysia
Ebenaceae,Diospyros bibracteata,Bakh.,Malaysia
Ebenaceae,Diospyros blancoi,A.DC.,Malaysia
Ebenaceae,Diospyros blumutensis,Ng,Malaysia
Ebenaceae,Diospyros borneensis,Hiern,Malaysia
Ebenaceae,Diospyros brainii,Ng,Malaysia
Ebenaceae,Diospyros britannoborneensis,Bakh.,Malaysia
Ebenaceae,Diospyros buxifolia,(Blume) Hiern,Malaysia
Ebenaceae,Diospyros campanulata,Bakh.,Malaysia
Ebenaceae,Diospyros caudisepala,Bakh.,Malaysia
Ebenaceae,Diospyros cauliflora,Blume,Malaysia
Ebenaceae,Diospyros clavigera,C.B.Clarke,Malaysia
Ebenaceae,Diospyros clementium,Bakh.,Malaysia
Ebenaceae,Diospyros confertiflora,(Hiern) Bakh.,Malaysia
Ebenaceae,Diospyros conformis,Bakh.,Malaysia
Ebenaceae,Diospyros consanguinea,Merr.,Malaysia
Ebenaceae,Diospyros cordata,(Hiern) Bakh.,Malaysia
Ebenaceae,Diospyros coriacea,Hiern,Malaysia
Ebenaceae,Diospyros crockerensis,Ng,Malaysia
Ebenaceae,Diospyros curranii,Merr.,Malaysia
Ebenaceae,Diospyros daemona,Bakh.,Malaysia
Ebenaceae,Diospyros dictyoneura,Hiern,Malaysia
Ebenaceae,Diospyros diepenhorstii,Miq.,Malaysia
Ebenaceae,Diospyros discocalyx,Merr.,Malaysia
Ebenaceae,Diospyros ellipsoidea,King & Gamble,Malaysia
Ebenaceae,Diospyros elliptifolia,Merr.,Malaysia
Ebenaceae,Diospyros eriantha,Champ. ex Benth.,Malaysia
Ebenaceae,Diospyros eucalyptifolia,Bakh.,Malaysia
Ebenaceae,Diospyros euphlehia,Merr.,Malaysia
Ebenaceae,Diospyros evena,Bakh.,Malaysia
Ebenaceae,Diospyros everettii,Merr.,Malaysia
Ebenaceae,Diospyros ferox,Bakh.,Malaysia
Ebenaceae,Diospyros ferrea,(Willd.) Bakh.,Malaysia
Ebenaceae,Diospyros ferruginescens,Bakh.,Malaysia
Ebenaceae,Diospyros filipendula,Pierre ex Lecomte,Malaysia
Ebenaceae,Diospyros forbesii,Bakh.,Malaysia
Ebenaceae,Diospyros foxworthyi,Bakh.,Malaysia
Ebenaceae,Diospyros frutescens,Blume,Malaysia
Ebenaceae,Diospyros fusiformis,Kosterm.,Malaysia
Ebenaceae,Diospyros gambleana,Bakh.,Malaysia
Ebenaceae,Diospyros hallieri,Bakh.,Malaysia
Ebenaceae,Diospyros hasseltii,Zoll.,Malaysia
Ebenaceae,Diospyros havilandii,Bakh.,Malaysia
Ebenaceae,Diospyros holttumii,Bakh.,Malaysia
Ebenaceae,Diospyros insidiosa,Bakh.,Malaysia
Ebenaceae,Diospyros johorensis,Ng,Malaysia
Ebenaceae,Diospyros keningauensis,Ng,Malaysia
Ebenaceae,Diospyros kingii,Bakh.,Malaysia
Ebenaceae,Diospyros korthalsiana,Hiern,Malaysia
Ebenaceae,Diospyros kostermansii,V.Singh,Malaysia
Ebenaceae,Diospyros kurzii,Hiern,Malaysia
Ebenaceae,Diospyros lanceifolia,Roxb.,Malaysia
Ebenaceae,Diospyros lateralis,Hiern,Malaysia
Ebenaceae,Diospyros latisepala,Ridl.,Malaysia
Ebenaceae,Diospyros longipilosa,Phengklai,Malaysia
Ebenaceae,Diospyros lunduensis,Ng,Malaysia
Ebenaceae,Diospyros macrophylla,Blume,Malaysia
Ebenaceae,Diospyros maingayi,(Hiern) Bakh.,Malaysia
Ebenaceae,Diospyros malabarica,(Desr.) Kostel.,Malaysia
Ebenaceae,Diospyros maritima,Blume,Malaysia
Ebenaceae,Diospyros martabanica,C.B.Clarke,Malaysia
Ebenaceae,Diospyros mindanaensis,Merr.,Malaysia
Ebenaceae,Diospyros mollis,Griff.,Malaysia
Ebenaceae,Diospyros montana,Roxb.,Malaysia
Ebenaceae,Diospyros muricata,Bakh.,Malaysia
Ebenaceae,Diospyros neurosepala,Bakh.,Malaysia
Ebenaceae,Diospyros nutans,King & Gamble,Malaysia
Ebenaceae,Diospyros oblonga,Wall. ex G.Don,Malaysia
Ebenaceae,Diospyros oligantha,Merr.,Malaysia
Ebenaceae,Diospyros parabuxifolia,Ng,Malaysia
Ebenaceae,Diospyros pauciflora,King & Gamble,Malaysia
Ebenaceae,Diospyros penangiana,King & Gamble,Malaysia
Ebenaceae,Diospyros pendula,Hasselt ex Hassk.,Malaysia
Ebenaceae,Diospyros penibukanensis,Bakh.,Malaysia
Ebenaceae,Diospyros perfida,Bakh.,Malaysia
Ebenaceae,Diospyros pilosiuscula,G.Don,Malaysia
Ebenaceae,Diospyros piscicapa,Ridl.,Malaysia
Ebenaceae,Diospyros plectosepala,Hiern,Malaysia
Ebenaceae,Diospyros pulchra,Bakh.,Malaysia
Ebenaceae,Diospyros puncticulosa,Bakh.,Malaysia
Ebenaceae,Diospyros pyrrhocarpa,Miq.,Malaysia
Ebenaceae,Diospyros ridleyi,Bakh.,Malaysia
Ebenaceae,Diospyros rigida,Hiern,Malaysia
Ebenaceae,Diospyros rufa,King & Gamble,Malaysia
Ebenaceae,Diospyros scortechinii,King & Gamble,Malaysia
Ebenaceae,Diospyros selangorensis,Bakh.,Malaysia
Ebenaceae,Diospyros siamang,Bakh.,Malaysia
Ebenaceae,Diospyros simaloerensis,Bakh.,Malaysia
Ebenaceae,Diospyros singaporensis,Bakh.,Malaysia
Ebenaceae,Diospyros soporifera,Bakh.,Malaysia
Ebenaceae,Diospyros sororia,Bakh.,Malaysia
Ebenaceae,Diospyros squamifolia,Kosterm.,Malaysia
Ebenaceae,Diospyros styraciformis,King & Gamble,Malaysia
Ebenaceae,Diospyros subrhomboidea,King & Gamble,Malaysia
Ebenaceae,Diospyros sumatrana,Miq.,Malaysia
Ebenaceae,Diospyros toposia,Buch.-Ham.,Malaysia
Ebenaceae,Diospyros transitoria,Bakh.,Malaysia
Ebenaceae,Diospyros trianthos,Phengkhlai,Malaysia
Ebenaceae,Diospyros tristis,King & Gamble,Malaysia
Ebenaceae,Diospyros truncata,Zoll. & Moritzi,Malaysia
Ebenaceae,Diospyros tuberculata,Bakh.,Malaysia
Ebenaceae,Diospyros ulo,Merr.,Malaysia
Ebenaceae,Diospyros undulata,Wall. ex G.Don,Malaysia
Ebenaceae,Diospyros venosa,Wall. ex A.DC.,Malaysia
Ebenaceae,Diospyros wallichii,King & Gamble,Malaysia
Ebenaceae,Diospyros yeobi,Bakh.,Malaysia
Elaeagnaceae,Elaeagnus conferta,Roxb.,Malaysia
Elaeocarpaceae,Elaeocarpus acmocarpus,Stapf ex Weibel,Malaysia
Elaeocarpaceae,Elaeocarpus acmosepalus,Stapf ex Ridl.,Malaysia
Elaeocarpaceae,Elaeocarpus acrantherus,Merr.,Malaysia
Elaeocarpaceae,Elaeocarpus angustifolius,Blume,Malaysia
Elaeocarpaceae,Elaeocarpus angustipes,Knuth,Malaysia
Elaeocarpaceae,Elaeocarpus balabanii,Weibel,Malaysia
Elaeocarpaceae,Elaeocarpus balansae,DC.,Malaysia
Elaeocarpaceae,Elaeocarpus baramii,Weibel,Malaysia
Elaeocarpaceae,Elaeocarpus barbulatus,Knuth,Malaysia
Elaeocarpaceae,Elaeocarpus beccarii,DC.,Malaysia
Elaeocarpaceae,Elaeocarpus brunnescens,Knuth,Malaysia
Elaeocarpaceae,Elaeocarpus chewii,Coode,Malaysia
Elaeocarpaceae,Elaeocarpus chrysophyllus,Merr.,Malaysia
Elaeocarpaceae,Elaeocarpus clementis,Merr.,Malaysia
Elaeocarpaceae,Elaeocarpus conoideus,Knuth,Malaysia
Elaeocarpaceae,Elaeocarpus cordifolius,Coode,Malaysia
Elaeocarpaceae,Elaeocarpus corneri,Weibel,Malaysia
Elaeocarpaceae,Elaeocarpus crassinervatus,Knuth,Malaysia
Elaeocarpaceae,Elaeocarpus cristatus,Coode,Malaysia
Elaeocarpaceae,Elaeocarpus cruciatus,Corner,Malaysia
Elaeocarpaceae,Elaeocarpus cupreus,Merr.,Malaysia
Elaeocarpaceae,Elaeocarpus dictyophlebius,Merr.,Malaysia
Elaeocarpaceae,Elaeocarpus dolichobotrys,Merr.,Malaysia
Elaeocarpaceae,Elaeocarpus eriobotryoides,Ridl.,Malaysia
Elaeocarpaceae,Elaeocarpus euneurus,Stapf ex Ridl.,Malaysia
Elaeocarpaceae,Elaeocarpus ferrugineus,(Jack) Steud.,Malaysia
Elaeocarpaceae,Elaeocarpus floribundus,Blume,Malaysia
Elaeocarpaceae,Elaeocarpus fraseri,Coode,Malaysia
Elaeocarpaceae,Elaeocarpus glaberrimus,Knuth,Malaysia
Elaeocarpaceae,Elaeocarpus grandiflorus,Sm.,Malaysia
Elaeocarpaceae,Elaeocarpus griffithii,(Wight) A.Gray,Malaysia
Elaeocarpaceae,Elaeocarpus gustaviifolius,Knuth,Malaysia
Elaeocarpaceae,Elaeocarpus hallieri,Weibel,Malaysia
Elaeocarpaceae,Elaeocarpus hochreutineri,Weibel,Malaysia
Elaeocarpaceae,Elaeocarpus inopinatus,Coode,Malaysia
Elaeocarpaceae,Elaeocarpus insignis,Ridl.,Malaysia
Elaeocarpaceae,Elaeocarpus jacobsii,Coode,Malaysia
Elaeocarpaceae,Elaeocarpus jugahanus,Coode,Malaysia
Elaeocarpaceae,Elaeocarpus kalabitii,Weibel,Malaysia
Elaeocarpaceae,Elaeocarpus kinabaluensis,Knuth,Malaysia
Elaeocarpaceae,Elaeocarpus knuthii,Merr.,Malaysia
Elaeocarpaceae,Elaeocarpus kostermansii,Weibel,Malaysia
Elaeocarpaceae,Elaeocarpus lacunosus,Wall. ex Kurz,Malaysia
Elaeocarpaceae,Elaeocarpus lanceifolius,Roxb.,Malaysia
Elaeocarpaceae,Elaeocarpus lawasii,Weibel,Malaysia
Elaeocarpaceae,Elaeocarpus leopoldii,Weibel,Malaysia
Elaeocarpaceae,Elaeocarpus longifolius,Blume,Malaysia
Elaeocarpaceae,Elaeocarpus macrocerus,(Turcz.) Merr.,Malaysia
Elaeocarpaceae,Elaeocarpus marginatus,Stapf ex Weibel,Malaysia
Elaeocarpaceae,Elaeocarpus mastersii,King,Malaysia
Elaeocarpaceae,Elaeocarpus multinervosus,Knuth,Malaysia
Elaeocarpaceae,Elaeocarpus muluensis,Weibel,Malaysia
Elaeocarpaceae,Elaeocarpus murudensis,Merr.,Malaysia
Elaeocarpaceae,Elaeocarpus mutabilis,Weibel,Malaysia
Elaeocarpaceae,Elaeocarpus nanus,Corner,Malaysia
Elaeocarpaceae,Elaeocarpus nitidus,Jack,Malaysia
Elaeocarpaceae,Elaeocarpus octantherus,DC.,Malaysia
Elaeocarpaceae,Elaeocarpus ovalis,Miq.,Malaysia
Elaeocarpaceae,Elaeocarpus pachyophrys,Warb.,Malaysia
Elaeocarpaceae,Elaeocarpus palembanicus,(Miq.) Corner,Malaysia
Elaeocarpaceae,Elaeocarpus pedunculatus,Wall. ex Mast.,Malaysia
Elaeocarpaceae,Elaeocarpus petiolatus,(Jack) Wall.,Malaysia
Elaeocarpaceae,Elaeocarpus pinosukii,Weibel,Malaysia
Elaeocarpaceae,Elaeocarpus polyanthus,Ridl.,Malaysia
Elaeocarpaceae,Elaeocarpus polystachyus,Wall. ex Müll.Berol.,Malaysia
Elaeocarpaceae,Elaeocarpus pseudopaniculatus,Corner,Malaysia
Elaeocarpaceae,Elaeocarpus renae,Coode,Malaysia
Elaeocarpaceae,Elaeocarpus reticosus,Ridl.,Malaysia
Elaeocarpaceae,Elaeocarpus roslii,Coode,Malaysia
Elaeocarpaceae,Elaeocarpus rugosus,Roxb. ex G.Don,Malaysia
Elaeocarpaceae,Elaeocarpus sadikanensis,Knuth,Malaysia
Elaeocarpaceae,Elaeocarpus salicifolius,King,Malaysia
Elaeocarpaceae,Elaeocarpus sallehianus,Ng,Malaysia
Elaeocarpaceae,Elaeocarpus stipularis,Blume,Malaysia
Elaeocarpaceae,Elaeocarpus subisensis,Coode,Malaysia
Elaeocarpaceae,Elaeocarpus submonoceras,Miq.,Malaysia
Elaeocarpaceae,Elaeocarpus symingtonii,Ng,Malaysia
Elaeocarpaceae,Elaeocarpus tectorius,(Lour.) Poir.,Malaysia
Elaeocarpaceae,Elaeocarpus truncatus,Weibel,Malaysia
Elaeocarpaceae,Elaeocarpus valetonii,Hochr.,Malaysia
Elaeocarpaceae,Elaeocarpus validus,Knuth,Malaysia
Elaeocarpaceae,Elaeocarpus varunua,Buch.-Ham. ex Mast.,Malaysia
Elaeocarpaceae,Elaeocarpus wrayi,King,Malaysia
Elaeocarpaceae,Sloanea javanica,(Miq.) Koord. & Valeton,Malaysia
Elaeocarpaceae,Sloanea malayana,Coode,Malaysia
Elaeocarpaceae,Sloanea sigun,(Blume) K.Schum.,Malaysia
Ericaceae,Gaultheria fragrantissima,Wall.,Malaysia
Ericaceae,Gaultheria malayana,Airy Shaw,Malaysia
Ericaceae,Gaultheria pseudorufescens,(Sleumer) Kron & P.W.Fritsch,Malaysia
Ericaceae,Gaultheria sulcinervia,Kron & P.W.Fritsch,Malaysia
Ericaceae,Leucopogon malayanus,Jack,Malaysia
Ericaceae,Lyonia ovalifolia,(Wall.) Drude,Malaysia
Ericaceae,Rhododendron abietifolium,Sleumer,Malaysia
Ericaceae,Rhododendron acuminatum,Hook.f.,Malaysia
Ericaceae,Rhododendron baconii,"Argent, A.L.Lamb & Phillipps",Malaysia
Ericaceae,Rhododendron benomense,Rafidah & A.C.Elliott,Malaysia
Ericaceae,Rhododendron buxifolium,H.Low ex Hook.f.,Malaysia
Ericaceae,Rhododendron commutatum,Sleumer,Malaysia
Ericaceae,Rhododendron cuneifolium,Stapf,Malaysia
Ericaceae,Rhododendron durionifolium,Becc.,Malaysia
Ericaceae,Rhododendron edanoi,Merr. & Quisumb.,Malaysia
Ericaceae,Rhododendron fallacinum,Sleumer,Malaysia
Ericaceae,Rhododendron javanicum,(Blume) Benn.,Malaysia
Ericaceae,Rhododendron kemulense,J.J.Sm.,Malaysia
Ericaceae,Rhododendron lambianum,Argent,Malaysia
Ericaceae,Rhododendron lowii,Hook.f.,Malaysia
Ericaceae,Rhododendron malayanum,Jack,Malaysia
Ericaceae,Rhododendron maxwellii,Gibbs,Malaysia
Ericaceae,Rhododendron monkoboense,Argent,Malaysia
Ericaceae,Rhododendron moulmainense,Hook.,Malaysia
Ericaceae,Rhododendron orbiculatum,Ridl.,Malaysia
Ericaceae,Rhododendron polyanthemum,Sleumer,Malaysia
Ericaceae,Rhododendron retivenium,Sleumer,Malaysia
Ericaceae,Rhododendron rugosum,H.Low ex Hook.f.,Malaysia
Ericaceae,Rhododendron scortechinii,King & Gamble,Malaysia
Ericaceae,Rhododendron suaveolens,Sleumer,Malaysia
Ericaceae,Rhododendron tuhanense,Argent & T.J.Barkman,Malaysia
Ericaceae,Rhododendron wrayi,King & Gamble,Malaysia
Ericaceae,Styphelia abnormis,(Sond.) F.Muell.,Malaysia
Ericaceae,Trochocarpa celebica,(J.J.Sm.) Steenis,Malaysia
Ericaceae,Vaccinium bancanum,Miq.,Malaysia
Ericaceae,Vaccinium bracteatum,Thunb.,Malaysia
Ericaceae,Vaccinium laurifolium,Miq.,Malaysia
Ericaceae,Vaccinium littoreum,Miq.,Malaysia
Ericaceae,Vaccinium whitmorei,Ng,Malaysia
Erythroxylaceae,Erythroxylum kochummenii,Ng,Malaysia
Escalloniaceae,Polyosma borneensis,Schltr.,Malaysia
Escalloniaceae,Polyosma fasciculata,Ridl.,Malaysia
Escalloniaceae,Polyosma fragrans,Benn.,Malaysia
Escalloniaceae,Polyosma glaucescens,Ridl.,Malaysia
Escalloniaceae,Polyosma integrifolia,Blume,Malaysia
Escalloniaceae,Polyosma kingiana,Schltr.,Malaysia
Escalloniaceae,Polyosma laetevirens,Griff. ex C.B.Clarke,Malaysia
Escalloniaceae,Polyosma latifolia,Schltr.,Malaysia
Escalloniaceae,Polyosma maliauensis,Saw,Malaysia
Escalloniaceae,Polyosma parviflora,King,Malaysia
Escalloniaceae,Polyosma penibukanensis,Heine,Malaysia
Escalloniaceae,Polyosma ridleyi,King,Malaysia
Escalloniaceae,Polyosma scortechinii,King,Malaysia
Euphorbiaceae,Acalypha cardiophylla,Merr.,Malaysia
Euphorbiaceae,Acalypha caturus,Blume,Malaysia
Euphorbiaceae,Agrostistachys borneensis,Becc.,Malaysia
Euphorbiaceae,Agrostistachys gaudichaudii,Müll.Arg.,Malaysia
Euphorbiaceae,Agrostistachys indica,Dalzell,Malaysia
Euphorbiaceae,Alchornea parviflora,(Benth.) Müll.Arg.,Malaysia
Euphorbiaceae,Alchornea rugosa,(Lour.) Müll.Arg.,Malaysia
Euphorbiaceae,Alchornea tiliifolia,(Benth.) Müll.Arg.,Malaysia
Euphorbiaceae,Aleurites moluccanus,(L.) Willd.,Malaysia
Euphorbiaceae,Balakata baccata,(Roxb.) Esser,Malaysia
Euphorbiaceae,Baliospermum solanifolium,(Burm.) Suresh,Malaysia
Euphorbiaceae,Blumeodendron borneense,Pax & K.Hoffm.,Malaysia
Euphorbiaceae,Blumeodendron bullatum,Airy Shaw,Malaysia
Euphorbiaceae,Blumeodendron gesinus,Ottens,Malaysia
Euphorbiaceae,Blumeodendron kurzii,(Hook.f.) J.J.Sm. ex Koord. & Valeton,Malaysia
Euphorbiaceae,Blumeodendron subrotundifolium,(Elmer) Merr.,Malaysia
Euphorbiaceae,Blumeodendron tokbrai,(Blume) Kurz,Malaysia
Euphorbiaceae,Borneodendron aenigmaticum,Airy Shaw,Malaysia
Euphorbiaceae,Botryophora geniculata,(Miq.) Beumée ex Airy Shaw,Malaysia
Euphorbiaceae,Cephalomappa beccariana,Baill.,Malaysia
Euphorbiaceae,Cephalomappa lepidotula,Airy Shaw,Malaysia
Euphorbiaceae,Cephalomappa malloticarpa,J.J.Sm.,Malaysia
Euphorbiaceae,Cephalomappa paludicola,Airy Shaw,Malaysia
Euphorbiaceae,Cephalomappa penangensis,Ridl.,Malaysia
Euphorbiaceae,Cheilosa montana,Blume,Malaysia
Euphorbiaceae,Chondrostylis kunstleri,(King ex Hook.f.) Airy Shaw,Malaysia
Euphorbiaceae,Cladogynos orientalis,Zipp. ex Span.,Malaysia
Euphorbiaceae,Claoxylon attenuatum,Airy Shaw,Malaysia
Euphorbiaceae,Claoxylon brachyandrum,Pax & K.Hoffm.,Malaysia
Euphorbiaceae,Claoxylon kinabaluense,Airy Shaw,Malaysia
Euphorbiaceae,Claoxylon longifolium,(Blume) Endl. ex Hassk.,Malaysia
Euphorbiaceae,Claoxylon praetermissum,Airy Shaw,Malaysia
Euphorbiaceae,Claoxylon salicinum,Airy Shaw,Malaysia
Euphorbiaceae,Claoxylon stapfianum,Airy Shaw,Malaysia
Euphorbiaceae,Claoxylon subbullatum,Airy Shaw,Malaysia
Euphorbiaceae,Claoxylon wallichianum,Müll.Arg.,Malaysia
Euphorbiaceae,Cleidion javanicum,Blume,Malaysia
Euphorbiaceae,Codiaeum variegatum,(L.) Rumph. ex A.Juss.,Malaysia
Euphorbiaceae,Croton argyratus,Blume,Malaysia
Euphorbiaceae,Croton borneensis,J.J.Sm.,Malaysia
Euphorbiaceae,Croton cascarilloides,Raeusch.,Malaysia
Euphorbiaceae,Croton caudatus,Geiseler,Malaysia
Euphorbiaceae,Croton coriifolius,Airy Shaw,Malaysia
Euphorbiaceae,Croton delpyi,Gagnep.,Malaysia
Euphorbiaceae,Croton erythrostachys,Hook.f.,Malaysia
Euphorbiaceae,Croton gageanus,P.T.Li,Malaysia
Euphorbiaceae,Croton griffithii,Hook.f.,Malaysia
Euphorbiaceae,Croton heterocarpus,Müll.Arg.,Malaysia
Euphorbiaceae,Croton kelantanicus,Airy Shaw,Malaysia
Euphorbiaceae,Croton lissophyllus,Radcl.-Sm. & Govaerts ex Esser,Malaysia
Euphorbiaceae,Croton macrocarpus,Ridl.,Malaysia
Euphorbiaceae,Croton oblongus,Burm.f.,Malaysia
Euphorbiaceae,Croton singularis,Airy Shaw,Malaysia
Euphorbiaceae,Croton tiglium,L.,Malaysia
Euphorbiaceae,Croton wallichii,Müll.Arg.,Malaysia
Euphorbiaceae,Elateriospermum tapos,Blume,Malaysia
Euphorbiaceae,Endospermum diadenum,(Miq.) Airy Shaw,Malaysia
Euphorbiaceae,Endospermum peltatum,Merr.,Malaysia
Euphorbiaceae,Endospermum quadriloculare,Pax & K.Hoffm.,Malaysia
Euphorbiaceae,Epiprinus malayanus,Griff.,Malaysia
Euphorbiaceae,Erismanthus obliquus,Wall. ex Müll.Arg.,Malaysia
Euphorbiaceae,Euphorbia antiquorum,L.,Malaysia
Euphorbiaceae,Euphorbia lacei,Craib,Malaysia
Euphorbiaceae,Excoecaria agallocha,L.,Malaysia
Euphorbiaceae,Excoecaria cochinchinensis,Lour.,Malaysia
Euphorbiaceae,Excoecaria philippinensis,Merr.,Malaysia
Euphorbiaceae,Falconeria insignis,Royle,Malaysia
Euphorbiaceae,Gymnanthes borneensis,(Pax & K.Hoffm.) Esser,Malaysia
Euphorbiaceae,Hancea eucausta,"(Airy Shaw) S.E.C.Sierra, Kulju & Welzen",Malaysia
Euphorbiaceae,Hancea griffithiana,"(Müll.Arg.) S.E.C.Sierra, Kulju & Welzen",Malaysia
Euphorbiaceae,Hancea kingii,"(Hook.f.) S.E.C.Sierra, Kulju & Welzen",Malaysia
Euphorbiaceae,Hancea penangensis,"(Müll.Arg.) S.E.C.Sierra, Kulju & Welzen",Malaysia
Euphorbiaceae,Hancea stipularis,"(Airy Shaw) S.E.C.Sierra, Kulju & Welzen",Malaysia
Euphorbiaceae,Hancea subpeltata,"(Blume) M.Aparicio ex S.E.C.Sierra, Kulju & Welzen",Malaysia
Euphorbiaceae,Homalanthus caloneurus,Airy Shaw,Malaysia
Euphorbiaceae,Homalanthus grandifolius,Ridl.,Malaysia
Euphorbiaceae,Homalanthus populneus,(Geiseler) Pax,Malaysia
Euphorbiaceae,Koilodepas brevipes,Merr.,Malaysia
Euphorbiaceae,Koilodepas laevigatum,Airy Shaw,Malaysia
Euphorbiaceae,Koilodepas longifolium,Hook.f.,Malaysia
Euphorbiaceae,Koilodepas pectinatum,Airy Shaw,Malaysia
Euphorbiaceae,Lasiococca brevipes,(Merr.) Welzen & S.E.C.Sierra,Malaysia
Euphorbiaceae,Macaranga aetheadenia,Airy Shaw,Malaysia
Euphorbiaceae,Macaranga amissa,Airy Shaw,Malaysia
Euphorbiaceae,Macaranga anceps,Airy Shaw,Malaysia
Euphorbiaceae,Macaranga andamanica,Kurz,Malaysia
Euphorbiaceae,Macaranga angulata,S.J.Davies,Malaysia
Euphorbiaceae,Macaranga baccaureifolia,Airy Shaw,Malaysia
Euphorbiaceae,Macaranga bancana,(Miq.) Müll.Arg.,Malaysia
Euphorbiaceae,Macaranga beccariana,Merr.,Malaysia
Euphorbiaceae,Macaranga brevipetiolata,Airy Shaw,Malaysia
Euphorbiaceae,Macaranga caladiifolia,Becc.,Malaysia
Euphorbiaceae,Macaranga calcicola,Airy Shaw,Malaysia
Euphorbiaceae,Macaranga conifera,(Rchb.f. & Zoll.) Müll.Arg.,Malaysia
Euphorbiaceae,Macaranga constricta,Whitmore & Airy Shaw,Malaysia
Euphorbiaceae,Macaranga costulata,Pax & K.Hoffm.,Malaysia
Euphorbiaceae,Macaranga denticulata,(Blume) Müll.Arg.,Malaysia
Euphorbiaceae,Macaranga depressa,(Müll.Arg.) Müll.Arg.,Malaysia
Euphorbiaceae,Macaranga diepenhorstii,(Miq.) Müll.Arg.,Malaysia
Euphorbiaceae,Macaranga endertii,Whitmore,Malaysia
Euphorbiaceae,Macaranga gigantea,(Rchb.f. & Zoll.) Müll.Arg.,Malaysia
Euphorbiaceae,Macaranga glandibracteolata,S.J.Davies,Malaysia
Euphorbiaceae,Macaranga havilandii,Airy Shaw,Malaysia
Euphorbiaceae,Macaranga heynei,I.M.Johnst.,Malaysia
Euphorbiaceae,Macaranga hosei,King ex Hook.f.,Malaysia
Euphorbiaceae,Macaranga hullettii,King ex Hook.f.,Malaysia
Euphorbiaceae,Macaranga hypoleuca,(Rchb.f. & Zoll.) Müll.Arg.,Malaysia
Euphorbiaceae,Macaranga indica,Wight,Malaysia
Euphorbiaceae,Macaranga indistincta,Whitmore,Malaysia
Euphorbiaceae,Macaranga kinabaluensis,Airy Shaw,Malaysia
Euphorbiaceae,Macaranga kingii,Hook.f.,Malaysia
Euphorbiaceae,Macaranga laciniata,Whitmore & Airy Shaw,Malaysia
Euphorbiaceae,Macaranga lamellata,Whitmore,Malaysia
Euphorbiaceae,Macaranga lowii,King ex Hook.f.,Malaysia
Euphorbiaceae,Macaranga motleyana,(Müll.Arg.) Müll.Arg.,Malaysia
Euphorbiaceae,Macaranga pachyphylla,Müll.Arg.,Malaysia
Euphorbiaceae,Macaranga pearsonii,Merr.,Malaysia
Euphorbiaceae,Macaranga pentaloba,S.J.Davies,Malaysia
Euphorbiaceae,Macaranga petanostyla,Airy Shaw,Malaysia
Euphorbiaceae,Macaranga praestans,Airy Shaw,Malaysia
Euphorbiaceae,Macaranga pruinosa,(Miq.) Müll.Arg.,Malaysia
Euphorbiaceae,Macaranga puberula,Heine,Malaysia
Euphorbiaceae,Macaranga puncticulata,Gage,Malaysia
Euphorbiaceae,Macaranga rarispina,Whitmore,Malaysia
Euphorbiaceae,Macaranga recurvata,Gage,Malaysia
Euphorbiaceae,Macaranga repandodentata,Airy Shaw,Malaysia
Euphorbiaceae,Macaranga rostrata,Heine,Malaysia
Euphorbiaceae,Macaranga rufescens,S.J.Davies,Malaysia
Euphorbiaceae,Macaranga setosa,Gage,Malaysia
Euphorbiaceae,Macaranga spathicalyx,Whitmore & S.J.Davies,Malaysia
Euphorbiaceae,Macaranga strigosissima,Airy Shaw,Malaysia
Euphorbiaceae,Macaranga tanarius,(L.) Müll.Arg.,Malaysia
Euphorbiaceae,Macaranga trachyphylla,Airy Shaw,Malaysia
Euphorbiaceae,Macaranga trichocarpa,(Zoll.) Müll.Arg.,Malaysia
Euphorbiaceae,Macaranga triloba,(Thunb.) Müll.Arg.,Malaysia
Euphorbiaceae,Macaranga umbrosa,S.J.Davies,Malaysia
Euphorbiaceae,Macaranga velutiniflora,S.J.Davies,Malaysia
Euphorbiaceae,Macaranga winkleri,Pax & K.Hoffm.,Malaysia
Euphorbiaceae,Mallotus actinoneurus,Airy Shaw,Malaysia
Euphorbiaceae,Mallotus barbatus,Müll.Arg.,Malaysia
Euphorbiaceae,Mallotus brevipetiolatus,Gage,Malaysia
Euphorbiaceae,Mallotus caudatus,Merr.,Malaysia
Euphorbiaceae,Mallotus connatus,M.Aparicio,Malaysia
Euphorbiaceae,Mallotus cumingii,Müll.Arg.,Malaysia
Euphorbiaceae,Mallotus dispar,(Blume) Müll.Arg.,Malaysia
Euphorbiaceae,Mallotus eximius,Airy Shaw,Malaysia
Euphorbiaceae,Mallotus floribundus,(Blume) Müll.Arg.,Malaysia
Euphorbiaceae,Mallotus havilandii,Airy Shaw,Malaysia
Euphorbiaceae,Mallotus korthalsii,Müll.Arg.,Malaysia
Euphorbiaceae,Mallotus lackeyi,Elmer,Malaysia
Euphorbiaceae,Mallotus lancifolius,Hook.f.,Malaysia
Euphorbiaceae,Mallotus leucocalyx,Müll.Arg.,Malaysia
Euphorbiaceae,Mallotus leucodermis,Hook.f.,Malaysia
Euphorbiaceae,Mallotus longinervis,M.Aparicio,Malaysia
Euphorbiaceae,Mallotus macrostachyus,(Miq.) Müll.Arg.,Malaysia
Euphorbiaceae,Mallotus minimifructus,S.E.C.Sierra,Malaysia
Euphorbiaceae,Mallotus miquelianus,(Scheff.) Boerl.,Malaysia
Euphorbiaceae,Mallotus mollissimus,(Geiseler) Airy Shaw,Malaysia
Euphorbiaceae,Mallotus monanthos,Airy Shaw,Malaysia
Euphorbiaceae,Mallotus montanus,(Müll.Arg.) Airy Shaw,Malaysia
Euphorbiaceae,Mallotus muticus,(Müll.Arg.) Airy Shaw,Malaysia
Euphorbiaceae,Mallotus nudiflorus,(L.) Kulju & Welzen,Malaysia
Euphorbiaceae,Mallotus paniculatus,(Lam.) Müll.Arg.,Malaysia
Euphorbiaceae,Mallotus peltatus,(Geiseler) Müll.Arg.,Malaysia
Euphorbiaceae,Mallotus philippensis,(Lam.) Müll.Arg.,Malaysia
Euphorbiaceae,Mallotus repandus,(Rottler) Müll.Arg.,Malaysia
Euphorbiaceae,Mallotus resinosus,(Blanco) Merr.,Malaysia
Euphorbiaceae,Mallotus subcuneatus,(Gage) Airy Shaw,Malaysia
Euphorbiaceae,Mallotus tiliifolius,(Blume) Müll.Arg.,Malaysia
Euphorbiaceae,Mallotus wrayi,King ex Hook.f.,Malaysia
Euphorbiaceae,Melanolepis multiglandulosa,(Reinw. ex Blume) Rchb. & Zoll.,Malaysia
Euphorbiaceae,Moultonianthus leembruggianus,(Boerl. & Koord.) Steenis,Malaysia
Euphorbiaceae,Neoscortechinia angustifolia,(Airy Shaw) Welzen,Malaysia
Euphorbiaceae,Neoscortechinia kingii,(Hook.f.) Pax & K.Hoffm.,Malaysia
Euphorbiaceae,Neoscortechinia nicobarica,(Hook.f.) Pax & K.Hoffm.,Malaysia
Euphorbiaceae,Neoscortechinia philippinensis,(Merr.) Welzen,Malaysia
Euphorbiaceae,Neoscortechinia sumatrensis,S.Moore,Malaysia
Euphorbiaceae,Omphalea malayana,Merr.,Malaysia
Euphorbiaceae,Ostodes paniculata,Blume,Malaysia
Euphorbiaceae,Paracroton pendulus,(Hassk.) Miq.,Malaysia
Euphorbiaceae,Pimelodendron griffithianum,(Müll.Arg.) Benth. ex Hook.f.,Malaysia
Euphorbiaceae,Pimelodendron macrocarpum,J.J.Sm.,Malaysia
Euphorbiaceae,Pimelodendron zoanthogyne,J.J.Sm.,Malaysia
Euphorbiaceae,Ptychopyxis arborea,(Merr.) Airy Shaw,Malaysia
Euphorbiaceae,Ptychopyxis bacciformis,Croizat,Malaysia
Euphorbiaceae,Ptychopyxis caput-medusae,(Hook.f.) Ridl.,Malaysia
Euphorbiaceae,Ptychopyxis costata,Miq.,Malaysia
Euphorbiaceae,Ptychopyxis glochidiifolia,Airy Shaw,Malaysia
Euphorbiaceae,Ptychopyxis grandis,Airy Shaw,Malaysia
Euphorbiaceae,Ptychopyxis javanica,(J.J.Sm.) Croizat,Malaysia
Euphorbiaceae,Ptychopyxis kingii,Ridl.,Malaysia
Euphorbiaceae,Shirakiopsis indica,(Willd.) Esser,Malaysia
Euphorbiaceae,Spathiostemon javensis,Blume,Malaysia
Euphorbiaceae,Sumbaviopsis albicans,(Blume) J.J.Sm.,Malaysia
Euphorbiaceae,Suregada calcicola,Airy Shaw,Malaysia
Euphorbiaceae,Suregada glomerulata,(Blume) Baill.,Malaysia
Euphorbiaceae,Suregada multiflora,(A.Juss.) Baill.,Malaysia
Euphorbiaceae,Syndyophyllum occidentale,(Airy Shaw) Welzen,Malaysia
Euphorbiaceae,Tapoides villamilii,(Merr.) Airy Shaw,Malaysia
Euphorbiaceae,Triadica cochinchinensis,Lour.,Malaysia
Euphorbiaceae,Trigonostemon aurantiacus,(Kurz ex Teijsm. & Binn.) Boerl.,Malaysia
Euphorbiaceae,Trigonostemon balgooyi,R.Y.Yu & Welzen,Malaysia
Euphorbiaceae,Trigonostemon calcicola,(R.I.Milne) R.Y.Yu & Welzen,Malaysia
Euphorbiaceae,Trigonostemon capillipes,(Hook.f.) Airy Shaw,Malaysia
Euphorbiaceae,Trigonostemon diffusus,Merr.,Malaysia
Euphorbiaceae,Trigonostemon filiformis,Quisumb.,Malaysia
Euphorbiaceae,Trigonostemon flavidus,Gagnep.,Malaysia
Euphorbiaceae,Trigonostemon heteranthus,Wight,Malaysia
Euphorbiaceae,Trigonostemon laevigatus,Müll.Arg.,Malaysia
Euphorbiaceae,Trigonostemon longifolius,Baill. ex Müll.Arg.,Malaysia
Euphorbiaceae,Trigonostemon malaccanus,Müll.Arg.,Malaysia
Euphorbiaceae,Trigonostemon pentandrus,Pax & K.Hoffm.,Malaysia
Euphorbiaceae,Trigonostemon philippinensis,Stapf,Malaysia
Euphorbiaceae,Trigonostemon rufescens,Jabl.,Malaysia
Euphorbiaceae,Trigonostemon sandakanensis,Jabl.,Malaysia
Euphorbiaceae,Trigonostemon scopulatus,R.Y.Yu & Welzen,Malaysia
Euphorbiaceae,Trigonostemon sinclairii,Jabl.,Malaysia
Euphorbiaceae,Trigonostemon verticillatus,(Jack) Pax,Malaysia
Euphorbiaceae,Trigonostemon villosus,Hook.f.,Malaysia
Euphorbiaceae,Trigonostemon viridissimus,(Kurz) Airy Shaw,Malaysia
Euphorbiaceae,Trigonostemon wetriifolius,Airy Shaw & Ng,Malaysia
Euphorbiaceae,Tritaxis denticulata,(Merr.) R.Y.Yu & Welzen,Malaysia
Euphorbiaceae,Tritaxis malayana,(Hook.f.) R.Y.Yu & Welzen,Malaysia
Euphorbiaceae,Tritaxis muricata,(Hook.f.) R.Y.Yu & Welzen,Malaysia
Euphorbiaceae,Tritaxis pauciflora,(Merr.) R.Y.Yu & Welzen,Malaysia
Euphorbiaceae,Tritaxis trichocarpa,(Airy Shaw) R.Y.Yu & Welzen,Malaysia
Euphorbiaceae,Wetria insignis,(Steud.) Airy Shaw,Malaysia
Fabaceae,Acacia confusa,Merr.,Malaysia
Fabaceae,Acrocarpus fraxinifolius,Wight & Arn.,Malaysia
Fabaceae,Adenanthera borneensis,Brace ex Prain,Malaysia
Fabaceae,Adenanthera forbesii,Gagnep.,Malaysia
Fabaceae,Adenanthera kostermansii,I.C.Nielsen,Malaysia
Fabaceae,Adenanthera malayana,Kosterm.,Malaysia
Fabaceae,Adenanthera marina,I.C.Nielsen,Malaysia
Fabaceae,Adenanthera microsperma,Teijsm. & Binn.,Malaysia
Fabaceae,Adenanthera pavonina,L.,Malaysia
Fabaceae,Adinobotrys atropurpureus,(Wall.) Dunn,Malaysia
Fabaceae,Adinobotrys vastus,(Kosterm.) J.Compton & Schrire,Malaysia
Fabaceae,Afzelia rhomboidea,(Blanco) Fern.-Vill.,Malaysia
Fabaceae,Albizia corniculata,(Lour.) Druce,Malaysia
Fabaceae,Albizia dolichadena,(Kosterm.) I.C.Nielsen,Malaysia
Fabaceae,Albizia kostermansii,I.C.Nielsen,Malaysia
Fabaceae,Albizia myriophylla,Benth.,Malaysia
Fabaceae,Albizia pedicellata,Baker ex Benth.,Malaysia
Fabaceae,Albizia procera,(Roxb.) Benth.,Malaysia
Fabaceae,Albizia retusa,Benth.,Malaysia
Fabaceae,Albizia saponaria,(Lour.) Blume ex Miq.,Malaysia
Fabaceae,Albizia splendens,Miq.,Malaysia
Fabaceae,Archidendron borneense,(Benth.) I.C.Nielsen,Malaysia
Fabaceae,Archidendron bubalinum,(Jack) I.C.Nielsen,Malaysia
Fabaceae,Archidendron clypearia,(Jack) I.C.Nielsen,Malaysia
Fabaceae,Archidendron cockburnii,I.C.Nielsen,Malaysia
Fabaceae,Archidendron contortum,(Mart.) I.C.Nielsen,Malaysia
Fabaceae,Archidendron ellipticum,(Blume) I.C.Nielsen,Malaysia
Fabaceae,Archidendron globosum,(Blume) I.C.Nielsen,Malaysia
Fabaceae,Archidendron havilandii,(Ridl.) I.C.Nielsen,Malaysia
Fabaceae,Archidendron jiringa,(Jack) I.C.Nielsen,Malaysia
Fabaceae,Archidendron kinabaluense,(Kosterm.) I.C.Nielsen,Malaysia
Fabaceae,Archidendron kunstleri,(Prain) I.C.Nielsen,Malaysia
Fabaceae,Archidendron microcarpum,(Benth.) I.C.Nielsen,Malaysia
Fabaceae,Archidendron oppositum,(Miq.) I.C.Nielsen,Malaysia
Fabaceae,Archidendron pahangense,(Kosterm.) I.C.Nielsen,Malaysia
Fabaceae,Archidendron sabahense,I.C.Nielsen,Malaysia
Fabaceae,Archidendron triplinervium,(Kosterm.) I.C.Nielsen,Malaysia
Fabaceae,Bauhinia viridescens,Desv.,Malaysia
Fabaceae,Biancaea parviflora,(Prain) Mayta & Molinari,Malaysia
Fabaceae,Brachypterum microphyllum,Miq.,Malaysia
Fabaceae,Burkilliodendron album,(Ridl.) Sastry,Malaysia
Fabaceae,Cassia fistula,L.,Malaysia
Fabaceae,Cassia javanica,L.,Malaysia
Fabaceae,Crudia bantamensis,(Hassk.) Benth.,Malaysia
Fabaceae,Crudia caudata,Prain,Malaysia
Fabaceae,Crudia curtisii,Prain,Malaysia
Fabaceae,Crudia gracilis,Prain,Malaysia
Fabaceae,Crudia ornata,de Wit,Malaysia
Fabaceae,Crudia penduliflora,Ridl.,Malaysia
Fabaceae,Crudia scortechinii,Prain,Malaysia
Fabaceae,Crudia tenuipes,Merr.,Malaysia
Fabaceae,Crudia viridiflora,Whitmore,Malaysia
Fabaceae,Crudia wrayi,Prain,Malaysia
Fabaceae,Cynometra cauliflora,L.,Malaysia
Fabaceae,Cynometra elmeri,Merr.,Malaysia
Fabaceae,Cynometra inaequifolia,A.Gray,Malaysia
Fabaceae,Cynometra malaccensis,Meeuwen,Malaysia
Fabaceae,Cynometra mirabilis,Meeuwen,Malaysia
Fabaceae,Cynometra polyandra,Roxb.,Malaysia
Fabaceae,Cynometra ramiflora,L.,Malaysia
Fabaceae,Dalbergia ferruginea,Roxb.,Malaysia
Fabaceae,Dalbergia havilandii,Prain,Malaysia
Fabaceae,Dalbergia junghuhnii,Benth.,Malaysia
Fabaceae,Dalbergia kunstleri,Prain,Malaysia
Fabaceae,Dalbergia mimosella,(Blanco) Prain,Malaysia
Fabaceae,Dalbergia pinnata,(Lour.) Prain,Malaysia
Fabaceae,Dalbergia stipulacea,Roxb.,Malaysia
Fabaceae,Dendrolobium umbellatum,(L.) Benth.,Malaysia
Fabaceae,Dialium cochinchinense,Pierre,Malaysia
Fabaceae,Dialium hydnocarpoides,de Wit,Malaysia
Fabaceae,Dialium indum,L.,Malaysia
Fabaceae,Dialium kunstleri,Prain,Malaysia
Fabaceae,Dialium platysepalum,Baker,Malaysia
Fabaceae,Dialium procerum,(Steenis) Steyaert,Malaysia
Fabaceae,Erythrina fusca,Lour.,Malaysia
Fabaceae,Erythrina suberosa,Roxb.,Malaysia
Fabaceae,Erythrina subumbrans,(Hassk.) Merr.,Malaysia
Fabaceae,Fordia albiflora,(Prain) Dasuki & Schot,Malaysia
Fabaceae,Fordia brachybotrys,Merr.,Malaysia
Fabaceae,Fordia bracteolata,Dasuki & Schot,Malaysia
Fabaceae,Fordia incredibilis,Whitmore,Malaysia
Fabaceae,Fordia johorensis,Whitmore,Malaysia
Fabaceae,Fordia lanceolata,Ridl.,Malaysia
Fabaceae,Fordia ngii,Whitmore,Malaysia
Fabaceae,Fordia ophirensis,Ridl.,Malaysia
Fabaceae,Fordia pauciflora,Dunn,Malaysia
Fabaceae,Fordia rheophytica,(Buijsen) Dasuki & Schot,Malaysia
Fabaceae,Fordia splendidissima,(Blume ex Miq.) Buijsen,Malaysia
Fabaceae,Fordia unifoliata,(Prain) Dasuki & Schot,Malaysia
Fabaceae,Hymenaea courbaril,L.,Malaysia
Fabaceae,Indigofera galegoides,DC.,Malaysia
Fabaceae,Indigofera zollingeriana,Miq.,Malaysia
Fabaceae,Inocarpus fagifer,(Parkinson ex F.A.Zorn) Fosberg,Malaysia
Fabaceae,Intsia bijuga,(Colebr.) Kuntze,Malaysia
Fabaceae,Intsia palembanica,Miq.,Malaysia
Fabaceae,Koompassia excelsa,Taub.,Malaysia
Fabaceae,Koompassia malaccensis,Maingay,Malaysia
Fabaceae,Leucostegane grandis,Prain,Malaysia
Fabaceae,Leucostegane latistipulata,Prain,Malaysia
Fabaceae,Millettia borneensis,Adema,Malaysia
Fabaceae,Millettia decipiens,Prain,Malaysia
Fabaceae,Millettia galliflagrans,Whitmore,Malaysia
Fabaceae,Millettia pterocarpa,Dunn,Malaysia
Fabaceae,Millettia xylocarpa,Miq.,Malaysia
Fabaceae,Moullava tortuosa,(Roxb.) Gagnon & G.P.Lewis,Malaysia
Fabaceae,Ormosia bancana,(Miq.) Merr.,Malaysia
Fabaceae,Ormosia calavensis,Azaola,Malaysia
Fabaceae,Ormosia gracilis,Prain,Malaysia
Fabaceae,Ormosia grandistipulata,Whitmore,Malaysia
Fabaceae,Ormosia kerrii,Niyomdham,Malaysia
Fabaceae,Ormosia macrodisca,Baker,Malaysia
Fabaceae,Ormosia penangensis,Ridl.,Malaysia
Fabaceae,Ormosia polita,Prain,Malaysia
Fabaceae,Ormosia sumatrana,Prain,Malaysia
Fabaceae,Ormosia venosa,Baker,Malaysia
Fabaceae,Parkia paya,H.C.Hopkins,Malaysia
Fabaceae,Parkia singularis,Miq.,Malaysia
Fabaceae,Parkia speciosa,Hassk.,Malaysia
Fabaceae,Parkia sumatrana,Miq.,Malaysia
Fabaceae,Parkia timoriana,(DC.) Merr.,Malaysia
Fabaceae,Peltophorum dasyrachis,(Miq.) Kurz,Malaysia
Fabaceae,Peltophorum dasyrhachis,(Miq.) Kurz,Malaysia
Fabaceae,Peltophorum pterocarpum,(DC.) Backer ex K.Heyne,Malaysia
Fabaceae,Peltophorum racemosum,Merr.,Malaysia
Fabaceae,Pericopsis mooniana,Thwaites,Malaysia
Fabaceae,Pongamia pinnata,(L.) Pierre,Malaysia
Fabaceae,Pseudosindora palustris,Symington,Malaysia
Fabaceae,Pterocarpus indicus,Willd.,Malaysia
Fabaceae,Saraca declinata,(Jack) Miq.,Malaysia
Fabaceae,Saraca hullettii,Prain,Malaysia
Fabaceae,Saraca indica,L.,Malaysia
Fabaceae,Saraca thaipingensis,Cantley ex Prain,Malaysia
Fabaceae,Senegalia pennata,(L.) Maslin,Malaysia
Fabaceae,Senegalia rugata,(Lam.) Britton & Rose,Malaysia
Fabaceae,Senna siamea,(Lam.) H.S.Irwin & Barneby,Malaysia
Fabaceae,Senna surattensis,(Burm.f.) H.S.Irwin & Barneby,Malaysia
Fabaceae,Senna timoriensis,(DC.) H.S.Irwin & Barneby,Malaysia
Fabaceae,Serianthes grandiflora,Benth.,Malaysia
Fabaceae,Sesbania grandiflora,(L.) Poir.,Malaysia
Fabaceae,Sindora affinis,de Wit,Malaysia
Fabaceae,Sindora beccariana,Backer ex de Wit,Malaysia
Fabaceae,Sindora coriacea,(Baker) Prain,Malaysia
Fabaceae,Sindora echinocalyx,Prain,Malaysia
Fabaceae,Sindora irpicina,de Wit,Malaysia
Fabaceae,Sindora leiocarpa,Backer ex K.Heyne & de Wit,Malaysia
Fabaceae,Sindora velutina,Baker,Malaysia
Fabaceae,Sindora wallichii,Benth.,Malaysia
Fabaceae,Sophora tomentosa,L.,Malaysia
Fabaceae,Sympetalandra borneensis,Stapf,Malaysia
Fabaceae,Sympetalandra hildebrandii,Steenis,Malaysia
Fabaceae,Sympetalandra unijuga,(Shaw) Steenis,Malaysia
Fabaceae,Uittienia modesta,Steenis,Malaysia
Fagaceae,Castanopsis acuminatissima,(Blume) A.DC.,Malaysia
Fagaceae,Castanopsis borneensis,King,Malaysia
Fagaceae,Castanopsis buruana,Miq.,Malaysia
Fagaceae,Castanopsis catappifolia,King ex Hook.f.,Malaysia
Fagaceae,Castanopsis clemensii,Soepadmo,Malaysia
Fagaceae,Castanopsis corallocarpus,W.H.Tan & Strijk,Malaysia
Fagaceae,Castanopsis costata,(Blume) A.DC.,Malaysia
Fagaceae,Castanopsis curtisii,King,Malaysia
Fagaceae,Castanopsis densinervia,Soepadmo,Malaysia
Fagaceae,Castanopsis endertii,Hatus. ex Soepadmo,Malaysia
Fagaceae,Castanopsis evansii,Elmer,Malaysia
Fagaceae,Castanopsis foxworthyi,Schottky,Malaysia
Fagaceae,Castanopsis fulva,Gamble,Malaysia
Fagaceae,Castanopsis hypophoenicea,(Seemen) Soepadmo,Malaysia
Fagaceae,Castanopsis inermis,(Lindl.) Benth. & Hook.f.,Malaysia
Fagaceae,Castanopsis javanica,(Blume) A.DC.,Malaysia
Fagaceae,Castanopsis johorensis,Soepadmo,Malaysia
Fagaceae,Castanopsis lucida,(Nees) Soepadmo,Malaysia
Fagaceae,Castanopsis malaccensis,Gamble,Malaysia
Fagaceae,Castanopsis megacarpa,Gamble,Malaysia
Fagaceae,Castanopsis microphylla,Soepadmo,Malaysia
Fagaceae,Castanopsis motleyana,King,Malaysia
Fagaceae,Castanopsis nephelioides,King ex Hook.f.,Malaysia
Fagaceae,Castanopsis oligoneura,Soepadmo,Malaysia
Fagaceae,Castanopsis oviformis,Soepadmo,Malaysia
Fagaceae,Castanopsis paucispina,Soepadmo,Malaysia
Fagaceae,Castanopsis pedunculata,Soepadmo,Malaysia
Fagaceae,Castanopsis psilophylla,Soepadmo,Malaysia
Fagaceae,Castanopsis rhamnifolia,(Miq.) A.DC.,Malaysia
Fagaceae,Castanopsis ridleyi,Gamble,Malaysia
Fagaceae,Castanopsis schefferiana,Hance,Malaysia
Fagaceae,Castanopsis scortechinii,Gamble,Malaysia
Fagaceae,Castanopsis selangorensis,A.Camus,Malaysia
Fagaceae,Castanopsis tribuloides,(Sm.) A.DC.,Malaysia
Fagaceae,Castanopsis tungurrut,(Blume) A.DC.,Malaysia
Fagaceae,Castanopsis wallichii,King ex Hook.f.,Malaysia
Fagaceae,Lithocarpus aggregatus,Barnett,Malaysia
Fagaceae,Lithocarpus andersonii,Soepadmo,Malaysia
Fagaceae,Lithocarpus bancanus,(Scheff.) Rehder,Malaysia
Fagaceae,Lithocarpus beccarianus,(Benth.) A.Camus,Malaysia
Fagaceae,Lithocarpus bennettii,(Miq.) Rehder,Malaysia
Fagaceae,Lithocarpus blumeanus,(Korth.) Rehder,Malaysia
Fagaceae,Lithocarpus brochidodromus,Julia & Soupadmo,Malaysia
Fagaceae,Lithocarpus bullatus,Hatus. ex Soepadmo,Malaysia
Fagaceae,Lithocarpus burkillii,A.Camus,Malaysia
Fagaceae,Lithocarpus cantleyanus,(King ex Hook.f.) Rehder,Malaysia
Fagaceae,Lithocarpus caudatifolius,(Merr.) Rehder,Malaysia
Fagaceae,Lithocarpus clementianus,(King ex Hook.f.) A.Camus,Malaysia
Fagaceae,Lithocarpus confertus,Soepadmo,Malaysia
Fagaceae,Lithocarpus confragosus,(King ex Hook.f.) A.Camus,Malaysia
Fagaceae,Lithocarpus conocarpus,(Oudem.) Rehder,Malaysia
Fagaceae,Lithocarpus coopertus,(Blanco) Rehder,Malaysia
Fagaceae,Lithocarpus corneri,Julia & Soupadmo,Malaysia
Fagaceae,Lithocarpus curtisii,(King ex Hook.f.) A.Camus,Malaysia
Fagaceae,Lithocarpus cyclophorus,(Endl.) A.Camus,Malaysia
Fagaceae,Lithocarpus daphnoideus,(Blume) A.Camus,Malaysia
Fagaceae,Lithocarpus dasystachyus,(Miq.) Rehder,Malaysia
Fagaceae,Lithocarpus echinifer,(Merr.) A.Camus,Malaysia
Fagaceae,Lithocarpus echinulatus,Soepadmo,Malaysia
Fagaceae,Lithocarpus eichleri,(Wenz.) A.Camus,Malaysia
Fagaceae,Lithocarpus elegans,(Blume) Hatus. ex Soepadmo,Malaysia
Fagaceae,Lithocarpus encleisacarpus,(Korth.) A.Camus,Malaysia
Fagaceae,Lithocarpus erythrocarpus,(Ridl.) A.Camus,Malaysia
Fagaceae,Lithocarpus ewyckii,(Korth.) Rehder,Malaysia
Fagaceae,Lithocarpus falconeri,(Kurz) Rehder,Malaysia
Fagaceae,Lithocarpus ferrugineus,Soepadmo,Malaysia
Fagaceae,Lithocarpus gracilis,(Korth.) Soepadmo,Malaysia
Fagaceae,Lithocarpus hallieri,(Seemen) A.Camus,Malaysia
Fagaceae,Lithocarpus hatusimae,Soepadmo,Malaysia
Fagaceae,Lithocarpus havilandii,(Stapf) Barnett,Malaysia
Fagaceae,Lithocarpus hendersonianus,A.Camus,Malaysia
Fagaceae,Lithocarpus hystrix,(Korth.) Rehder,Malaysia
Fagaceae,Lithocarpus jacobsii,Soepadmo,Malaysia
Fagaceae,Lithocarpus javensis,Blume,Malaysia
Fagaceae,Lithocarpus kalkmanii,Julia & Soupadmo,Malaysia
Fagaceae,Lithocarpus keningauensis,Julia & Soupadmo,Malaysia
Fagaceae,Lithocarpus kingianus,(Gamble) A.Camus,Malaysia
Fagaceae,Lithocarpus kochummenii,Julia & Soupadmo,Malaysia
Fagaceae,Lithocarpus kunstleri,(King ex Hook.f.) A.Camus,Malaysia
Fagaceae,Lithocarpus lampadarius,(Gamble) A.Camus,Malaysia
Fagaceae,Lithocarpus leptogyne,(Korth.) Soepadmo,Malaysia
Fagaceae,Lithocarpus lucidus,(Roxb.) Rehder,Malaysia
Fagaceae,Lithocarpus luteus,Soepadmo,Malaysia
Fagaceae,Lithocarpus macphailii,(M.R.Hend.) Barnett,Malaysia
Fagaceae,Lithocarpus maingayi,(Benth.) Rehder,Malaysia
Fagaceae,Lithocarpus mariae,Soepadmo,Malaysia
Fagaceae,Lithocarpus meijeri,Soepadmo,Malaysia
Fagaceae,Lithocarpus melataiensis,Julia & Soupadmo,Malaysia
Fagaceae,Lithocarpus muluensis,Julia & Soupadmo,Malaysia
Fagaceae,Lithocarpus neorobinsonii,A.Camus,Malaysia
Fagaceae,Lithocarpus nieuwenhuisii,(Seemen) A.Camus,Malaysia
Fagaceae,Lithocarpus nodosus,Soepadmo,Malaysia
Fagaceae,Lithocarpus oblancifolius,Julia & Soupadmo,Malaysia
Fagaceae,Lithocarpus palungensis,C.H.Cannon & Manos,Malaysia
Fagaceae,Lithocarpus papillifer,Hatus. ex Soepadmo,Malaysia
Fagaceae,Lithocarpus pattaniensis,Barnett,Malaysia
Fagaceae,Lithocarpus perakensis,Soepadmo,Malaysia
Fagaceae,Lithocarpus platycarpus,(Blume) Rehder,Malaysia
Fagaceae,Lithocarpus porcatus,Soepadmo,Malaysia
Fagaceae,Lithocarpus pseudokunstleri,A.Camus,Malaysia
Fagaceae,Lithocarpus pulcher,(King) Markgr.,Malaysia
Fagaceae,Lithocarpus pulongtauensis,C.H.Cannon & Xi Chen,Malaysia
Fagaceae,Lithocarpus pusillus,Soepadmo,Malaysia
Fagaceae,Lithocarpus rassa,(Miq.) Rehder,Malaysia
Fagaceae,Lithocarpus reinwardtii,(Korth.) A.Camus,Malaysia
Fagaceae,Lithocarpus revolutus,Hatus. ex Soepadmo,Malaysia
Fagaceae,Lithocarpus rigidus,Soepadmo,Malaysia
Fagaceae,Lithocarpus rotundatus,(Blume) A.Camus,Malaysia
Fagaceae,Lithocarpus ruminatus,Soepadmo,Malaysia
Fagaceae,Lithocarpus sandakanensis,Julia & Soupadmo,Malaysia
Fagaceae,Lithocarpus scortechinii,(King ex Hook.f.) A.Camus,Malaysia
Fagaceae,Lithocarpus sericobalanos,E.F.Warb.,Malaysia
Fagaceae,Lithocarpus sootepensis,(Craib) A.Camus,Malaysia
Fagaceae,Lithocarpus stonei,Julia & Soupadmo,Malaysia
Fagaceae,Lithocarpus suffruticosus,(Ridl.) Soepadmo,Malaysia
Fagaceae,Lithocarpus sundaicus,(Blume) Rehder,Malaysia
Fagaceae,Lithocarpus tawaiensis,Julia & Soupadmo,Malaysia
Fagaceae,Lithocarpus turbinatus,(Stapf) Forman,Malaysia
Fagaceae,Lithocarpus urceolaris,(Jack) Merr.,Malaysia
Fagaceae,Lithocarpus wallichianus,(Lindl. ex Hance) Rehder,Malaysia
Fagaceae,Lithocarpus wrayi,(King) A.Camus,Malaysia
Fagaceae,Quercus argentata,Korth.,Malaysia
Fagaceae,Quercus chrysotricha,A.Camus,Malaysia
Fagaceae,Quercus elmeri,Merr.,Malaysia
Fagaceae,Quercus gaharuensis,Soepadmo,Malaysia
Fagaceae,Quercus gemelliflora,Blume,Malaysia
Fagaceae,Quercus kerangasensis,Soepadmo,Malaysia
Fagaceae,Quercus kinabaluensis,Soepadmo,Malaysia
Fagaceae,Quercus lineata,Blume,Malaysia
Fagaceae,Quercus lowii,King,Malaysia
Fagaceae,Quercus merrillii,Seemen,Malaysia
Fagaceae,Quercus nivea,King,Malaysia
Fagaceae,Quercus oidocarpa,Korth.,Malaysia
Fagaceae,Quercus percoriacea,Soepadmo,Malaysia
Fagaceae,Quercus pseudoverticillata,Soepadmo,Malaysia
Fagaceae,Quercus semiserrata,Roxb.,Malaysia
Fagaceae,Quercus subsericea,A.Camus,Malaysia
Fagaceae,Quercus sumatrana,Soepadmo,Malaysia
Fagaceae,Quercus treubiana,Seemen,Malaysia
Fagaceae,Quercus valdinervosa,Soepadmo,Malaysia
Fagaceae,Trigonobalanus verticillata,Forman,Malaysia
Gelsemiaceae,Pteleocarpa lamponga,(Miq.) Bakh. ex K.Heyne,Malaysia
Gentianaceae,Cyrtophyllum caudatum,(Ridl.) K.M.Wong,Malaysia
Gentianaceae,Cyrtophyllum fragrans,(Roxb.) DC.,Malaysia
Gentianaceae,Cyrtophyllum giganteum,(Ridl.) Ridl.,Malaysia
Gentianaceae,Cyrtophyllum lanceolatum,DC.,Malaysia
Gentianaceae,Fagraea auriculata,Jack,Malaysia
Gentianaceae,Fagraea blumei,G.Don,Malaysia
Gentianaceae,Fagraea borneensis,Scheff.,Malaysia
Gentianaceae,Fagraea ceilanica,Thunb.,Malaysia
Gentianaceae,Fagraea curtisii,King & Gamble,Malaysia
Gentianaceae,Fagraea dulitensis,K.M.Wong & Sugau,Malaysia
Gentianaceae,Fagraea floribunda,K.M.Wong & Sugau,Malaysia
Gentianaceae,Fagraea involucrata,Merr.,Malaysia
Gentianaceae,Fagraea kinabaluensis,K.M.Wong & Sugau,Malaysia
Gentianaceae,Fagraea litoralis,Blume,Malaysia
Gentianaceae,Fagraea macroscypha,Baker,Malaysia
Gentianaceae,Fagraea oreophila,K.M.Wong & Sugau,Malaysia
Gentianaceae,Fagraea resinosa,Leenh.,Malaysia
Gentianaceae,Limahlania crenulata,(Maingay ex C.B.Clarke) K.M.Wong & Sugumaran,Malaysia
Gentianaceae,Picrophloeus belukar,(K.M.Wong & Sugau) K.M.Wong,Malaysia
Gentianaceae,Picrophloeus collinus,(K.M.Wong & Sugau) K.M.Wong,Malaysia
Gentianaceae,Picrophloeus javanensis,Blume,Malaysia
Gentianaceae,Picrophloeus rugulosus,(K.M.Wong & Sugau) K.M.Wong,Malaysia
Gentianaceae,Utania austromalayensis,Sugumaran,Malaysia
Gentianaceae,Utania cuspidata,"(Blume) K.M.Wong, Sugumaran & Sugau",Malaysia
Gentianaceae,Utania maingayi,(C.B.Clarke) Sugumaran,Malaysia
Gentianaceae,Utania montana,"(K.M.Wong & Sugau) K.M.Wong, Sugumaran & Sugau",Malaysia
Gentianaceae,Utania nervosa,K.M.Wong & Sugumaran,Malaysia
Gentianaceae,Utania peninsularis,(K.M.Wong & Sugau) Sugumaran,Malaysia
Gentianaceae,Utania philippinensis,"(K.M.Wong & Sugau) K.M.Wong, Sugumaran & Sugau",Malaysia
Gentianaceae,Utania racemosa,(Jack) Sugumaran,Malaysia
Gentianaceae,Utania spicata,"(Baker) K.M.Wong, Sugumaran & Sugau",Malaysia
Gentianaceae,Utania stenophylla,"(Becc. ex Merr.) K.M.Wong, Sugumaran & Sugau",Malaysia
Gentianaceae,Utania teysmannii,"(Cammerl.) K.M.Wong, Sugumaran & Sugau",Malaysia
Gentianaceae,Utania volubilis,(Wall.) Sugumaran,Malaysia
Gnetaceae,Gnetum gnemon,L.,Malaysia
Goodeniaceae,Scaevola chanii,K.M.Wong,Malaysia
Goodeniaceae,Scaevola micrantha,C.Presl,Malaysia
Goodeniaceae,Scaevola verticillata,Leenh.,Malaysia
Hamamelidaceae,Distylium stellare,Kuntze,Malaysia
Hamamelidaceae,Exbucklandia populnea,(R.Br. ex Griff.) R.W.Br.,Malaysia
Hamamelidaceae,Maingaya malayana,Oliv.,Malaysia
Hamamelidaceae,Rhodoleia championii,Hook.f.,Malaysia
Hernandiaceae,Gyrocarpus americanus,Jacq.,Malaysia
Hernandiaceae,Hernandia nymphaeifolia,(C.Presl) Kubitzki,Malaysia
Hernandiaceae,Hernandia ovigera,L.,Malaysia
Hypericaceae,Cratoxylum arborescens,(Vahl) Blume,Malaysia
Hypericaceae,Cratoxylum cochinchinense,(Lour.) Blume,Malaysia
Hypericaceae,Cratoxylum formosum,(Jack) Benth. & Hook.f. ex Dyer,Malaysia
Hypericaceae,Cratoxylum glaucum,Korth.,Malaysia
Hypericaceae,Cratoxylum maingayi,Dyer,Malaysia
Hypericaceae,Cratoxylum sumatranum,(Jack) Blume,Malaysia
Irvingiaceae,Allantospermum borneense,Forman,Malaysia
Irvingiaceae,Irvingia malayana,Oliv. ex A.W.Benn.,Malaysia
Ixonanthaceae,Ixonanthes icosandra,Jack,Malaysia
Ixonanthaceae,Ixonanthes petiolaris,Blume,Malaysia
Ixonanthaceae,Ixonanthes reticulata,Jack,Malaysia
Juglandaceae,Alfaropsis roxburghiana,(Lindl. ex Wall.) Iljinsk.,Malaysia
Juglandaceae,Engelhardia apoensis,Elmer ex Nagel,Malaysia
Juglandaceae,Engelhardia rigida,Blume,Malaysia
Juglandaceae,Engelhardia serrata,Blume,Malaysia
Juglandaceae,Engelhardia spicata,Lechen ex Blume,Malaysia
Lamiaceae,Callicarpa angustifolia,King & Gamble,Malaysia
Lamiaceae,Callicarpa anomala,(Ridl.) B.L.Burtt,Malaysia
Lamiaceae,Callicarpa arborea,Roxb.,Malaysia
Lamiaceae,Callicarpa barbata,Ridl.,Malaysia
Lamiaceae,Callicarpa clemensorum,Moldenke,Malaysia
Lamiaceae,Callicarpa erioclona,Schauer,Malaysia
Lamiaceae,Callicarpa fulvohirsuta,Merr.,Malaysia
Lamiaceae,Callicarpa furfuracea,Ridl,Malaysia
Lamiaceae,Callicarpa glabrifolia,S.Atkins,Malaysia
Lamiaceae,Callicarpa havilandii,(King & Gamble) H.J.Lam,Malaysia
Lamiaceae,Callicarpa hispida,(Moldenke) Bramley,Malaysia
Lamiaceae,Callicarpa involucrata,Merr.,Malaysia
Lamiaceae,Callicarpa kinabaluensis,Bakh. & Heine,Malaysia
Lamiaceae,Callicarpa maingayi,King & Gamble,Malaysia
Lamiaceae,Callicarpa nudiflora,Hook. & Arn.,Malaysia
Lamiaceae,Callicarpa pentandra,Roxb.,Malaysia
Lamiaceae,Callicarpa saccata,Steenis,Malaysia
Lamiaceae,Callicarpa scandens,(Moldenke) Govaerts,Malaysia
Lamiaceae,Callicarpa stapfii,Moldenke,Malaysia
Lamiaceae,Callicarpa superposita,Merr.,Malaysia
Lamiaceae,Callicarpa woodii,Merr.,Malaysia
Lamiaceae,Clerodendrum adenophysum,Hallier f.,Malaysia
Lamiaceae,Clerodendrum disparifolium,Blume,Malaysia
Lamiaceae,Clerodendrum indicum,(L.) Kuntze,Malaysia
Lamiaceae,Clerodendrum japonicum,(Thunb.) Sweet,Malaysia
Lamiaceae,Clerodendrum kinabaluense,Stapf,Malaysia
Lamiaceae,Clerodendrum laevifolium,Blume,Malaysia
Lamiaceae,Clerodendrum lanuginosum,Blume,Malaysia
Lamiaceae,Clerodendrum pubiflorum,(Bakh. ex Moldenke) Wearn,Malaysia
Lamiaceae,Clerodendrum sayapense,Wearn,Malaysia
Lamiaceae,Clerodendrum tracyanum,(F.Muell.) Benth.,Malaysia
Lamiaceae,Clerodendrum villosum,Blume,Malaysia
Lamiaceae,Gmelina arborea,Roxb. ex Sm.,Malaysia
Lamiaceae,Gmelina elliptica,Sm.,Malaysia
Lamiaceae,Gmelina uniflora,Stapf,Malaysia
Lamiaceae,Peronema canescens,Jack,Malaysia
Lamiaceae,Premna mollissima,Roth,Malaysia
Lamiaceae,Premna oblongata,Miq.,Malaysia
Lamiaceae,Premna pallescens,Ridl.,Malaysia
Lamiaceae,Premna serratifolia,L.,Malaysia
Lamiaceae,Premna sterculiifolia,King & Gamble,Malaysia
Lamiaceae,Premna tomentosa,Willd.,Malaysia
Lamiaceae,Premna trichostoma,Miq.,Malaysia
Lamiaceae,Tectona hamiltoniana,Wall.,Malaysia
Lamiaceae,Teijsmanniodendron bintuluense,Moldenke,Malaysia
Lamiaceae,Teijsmanniodendron bogoriense,Koord.,Malaysia
Lamiaceae,Teijsmanniodendron bullatum,Rusea,Malaysia
Lamiaceae,Teijsmanniodendron coriaceum,(C.B.Clarke) Kosterm.,Malaysia
Lamiaceae,Teijsmanniodendron glabrum,Merr.,Malaysia
Lamiaceae,Teijsmanniodendron havilandii,(Ridl.) Rusea,Malaysia
Lamiaceae,Teijsmanniodendron hollrungii,(Warb.) Kosterm.,Malaysia
Lamiaceae,Teijsmanniodendron holophyllum,(Baker) Kosterm.,Malaysia
Lamiaceae,Teijsmanniodendron latiffii,Rusea,Malaysia
Lamiaceae,Teijsmanniodendron obscurinerve,Rusea,Malaysia
Lamiaceae,Teijsmanniodendron pteropodum,(Miq.) Bakh.,Malaysia
Lamiaceae,Teijsmanniodendron punctatum,Rusea,Malaysia
Lamiaceae,Teijsmanniodendron renageorgeae,Rusea,Malaysia
Lamiaceae,Teijsmanniodendron sarawakanum,(H.Pearson) Kosterm.,Malaysia
Lamiaceae,Teijsmanniodendron simplicifolium,Merr.,Malaysia
Lamiaceae,Teijsmanniodendron simplicioides,Kosterm.,Malaysia
Lamiaceae,Teijsmanniodendron sinclairii,Kosterm.,Malaysia
Lamiaceae,Teijsmanniodendron smilacifolium,(H.Pearson) Kosterm.,Malaysia
Lamiaceae,Teijsmanniodendron subspicatum,(Hallier f.) Kosterm.,Malaysia
Lamiaceae,Teijsmanniodendron unifoliolatum,(Merr.) Moldenke,Malaysia
Lamiaceae,Teijsmanniodendron zainudinii,Rusea,Malaysia
Lamiaceae,Vitex flava,Ridl.,Malaysia
Lamiaceae,Vitex gamosepala,Griff.,Malaysia
Lamiaceae,Vitex glabrata,R.Br.,Malaysia
Lamiaceae,Vitex longisepala,King & Gamble,Malaysia
Lamiaceae,Vitex millsii,M.R.Hend.,Malaysia
Lamiaceae,Vitex negundo,L.,Malaysia
Lamiaceae,Vitex pinnata,L.,Malaysia
Lamiaceae,Vitex quinata,(Lour.) F.N.Williams,Malaysia
Lamiaceae,Vitex siamica,F.N.Williams,Malaysia
Lamiaceae,Vitex trifolia,L.,Malaysia
Lamiaceae,Vitex vestita,Wall. ex Walp.,Malaysia
Lauraceae,Actinodaphne angustifolia,(Blume) Nees,Malaysia
Lauraceae,Actinodaphne borneensis,Meisn.,Malaysia
Lauraceae,Actinodaphne cuspidata,Gamble,Malaysia
Lauraceae,Actinodaphne diversifolia,Merr.,Malaysia
Lauraceae,Actinodaphne fragilis,Gamble,Malaysia
Lauraceae,Actinodaphne fuliginosa,Airy Shaw,Malaysia
Lauraceae,Actinodaphne glabra,Blume,Malaysia
Lauraceae,Actinodaphne glomerata,(Blume) Nees,Malaysia
Lauraceae,Actinodaphne hirsuta,Blume,Malaysia
Lauraceae,Actinodaphne kinabaluensis,Kosterm.,Malaysia
Lauraceae,Actinodaphne kostermansii,S.Julia,Malaysia
Lauraceae,Actinodaphne lambirensis,"Tagane, Yahara & N.Okabe",Malaysia
Lauraceae,Actinodaphne macrophylla,(Blume) Nees,Malaysia
Lauraceae,Actinodaphne montana,Gamble,Malaysia
Lauraceae,Actinodaphne myriantha,Merr.,Malaysia
Lauraceae,Actinodaphne percoriacea,S.Julia,Malaysia
Lauraceae,Actinodaphne procera,Nees,Malaysia
Lauraceae,Actinodaphne pruinosa,Nees,Malaysia
Lauraceae,Actinodaphne robusta,S.Julia,Malaysia
Lauraceae,Actinodaphne rufescens,Blume,Malaysia
Lauraceae,Actinodaphne semengohensis,S.Julia,Malaysia
Lauraceae,Actinodaphne sesquipedalis,Hook.f. & Thomson ex Meisn.,Malaysia
Lauraceae,Actinodaphne soepadmoi,S.Julia,Malaysia
Lauraceae,Actinodaphne spathulifolia,S.Julia,Malaysia
Lauraceae,Actinodaphne sphaerocarpa,(Blume) Nees,Malaysia
Lauraceae,Actinodaphne sulcata,S.Julia,Malaysia
Lauraceae,Actinodaphne venosa,S.Julia,Malaysia
Lauraceae,Alseodaphne albifrons,Kosterm.,Malaysia
Lauraceae,Alseodaphne bancana,Miq.,Malaysia
Lauraceae,Alseodaphne borneensis,Gamble,Malaysia
Lauraceae,Alseodaphne dura,Kosterm.,Malaysia
Lauraceae,Alseodaphne elmeri,Merr.,Malaysia
Lauraceae,Alseodaphne foxiana,(Gamble) Kosterm.,Malaysia
Lauraceae,Alseodaphne garciniicarpa,Kosterm.,Malaysia
Lauraceae,Alseodaphne insignis,Gamble,Malaysia
Lauraceae,Alseodaphne intermedia,Kosterm.,Malaysia
Lauraceae,Alseodaphne kochummenii,Kosterm.,Malaysia
Lauraceae,Alseodaphne macrantha,Kosterm.,Malaysia
Lauraceae,Alseodaphne micrantha,Kosterm.,Malaysia
Lauraceae,Alseodaphne montana,Kosterm.,Malaysia
Lauraceae,Alseodaphne nigrescens,(Gamble) Kosterm.,Malaysia
Lauraceae,Alseodaphne oblanceolata,(Merr.) Kosterm.,Malaysia
Lauraceae,Alseodaphne obovata,Kosterm.,Malaysia
Lauraceae,Alseodaphne paludosa,Gamble,Malaysia
Lauraceae,Alseodaphne peduncularis,(Wall. ex Nees) Meisn.,Malaysia
Lauraceae,Alseodaphne pendulifolia,Gamble,Malaysia
Lauraceae,Alseodaphne perakensis,(Gamble) Kosterm.,Malaysia
Lauraceae,Alseodaphne ridleyi,Gamble,Malaysia
Lauraceae,Alseodaphne rubrolignea,Kosterm.,Malaysia
Lauraceae,Alseodaphne sulcata,Kosterm.,Malaysia
Lauraceae,Alseodaphne tomentosa,Kosterm.,Malaysia
Lauraceae,Alseodaphne wrayi,Gamble,Malaysia
Lauraceae,Beilschmiedia argentata,Kosterm.,Malaysia
Lauraceae,Beilschmiedia atra,Kosterm. ex de Kok,Malaysia
Lauraceae,Beilschmiedia bangkae,Kosterm.,Malaysia
Lauraceae,Beilschmiedia brachystachys,Kosterm.,Malaysia
Lauraceae,Beilschmiedia crassa,Sach.Nishida,Malaysia
Lauraceae,Beilschmiedia dictyoneura,Kosterm.,Malaysia
Lauraceae,Beilschmiedia gemmiflora,(Blume) Kosterm.,Malaysia
Lauraceae,Beilschmiedia glabra,Kosterm.,Malaysia
Lauraceae,Beilschmiedia glauciphylla,Kosterm.,Malaysia
Lauraceae,Beilschmiedia gynotrochioides,Kosterm.,Malaysia
Lauraceae,Beilschmiedia hartonoana,Sach.Nishida,Malaysia
Lauraceae,Beilschmiedia insignis,Gamble,Malaysia
Lauraceae,Beilschmiedia kinabaluensis,Kosterm.,Malaysia
Lauraceae,Beilschmiedia kochummenii,de Kok.,Malaysia
Lauraceae,Beilschmiedia kunstleri,Gamble,Malaysia
Lauraceae,Beilschmiedia lucidula,(Miq.) Kosterm.,Malaysia
Lauraceae,Beilschmiedia lumutensis,Gamble,Malaysia
Lauraceae,Beilschmiedia madang,Blume,Malaysia
Lauraceae,Beilschmiedia maingayi,Hook.f.,Malaysia
Lauraceae,Beilschmiedia membranacea,Gamble,Malaysia
Lauraceae,Beilschmiedia micrantha,Merr.,Malaysia
Lauraceae,Beilschmiedia microcarpa,Sach.Nishida,Malaysia
Lauraceae,Beilschmiedia montanoides,Kosterm.,Malaysia
Lauraceae,Beilschmiedia murutensis,Kosterm.,Malaysia
Lauraceae,Beilschmiedia oligantha,Sach.Nishida,Malaysia
Lauraceae,Beilschmiedia palembanica,(Miq.) Kosterm.,Malaysia
Lauraceae,Beilschmiedia penangiana,Gamble,Malaysia
Lauraceae,Beilschmiedia phoebeopsis,Kosterm.,Malaysia
Lauraceae,Beilschmiedia pilosa,Kosterm.,Malaysia
Lauraceae,Beilschmiedia reticulata,Kosterm.,Malaysia
Lauraceae,Beilschmiedia rivularis,Kosterm.,Malaysia
Lauraceae,Beilschmiedia roxburghiana,Nees,Malaysia
Lauraceae,Beilschmiedia scortechinii,Gamble,Malaysia
Lauraceae,Beilschmiedia tawaensis,Merr.,Malaysia
Lauraceae,Beilschmiedia telupidensis,Sach.Nishida,Malaysia
Lauraceae,Beilschmiedia wallichiana,(G.Don) Kosterm.,Malaysia
Lauraceae,Beilschmiedia wieringae,Kosterm.,Malaysia
Lauraceae,Caryodaphnopsis tonkinensis,(Lecomte) Airy Shaw,Malaysia
Lauraceae,Cinnadenia malayana,Kosterm.,Malaysia
Lauraceae,Cinnamomum alibertii,Lukman.,Malaysia
Lauraceae,Cinnamomum alternifolium,Kosterm.,Malaysia
Lauraceae,Cinnamomum altissimum,Kosterm.,Malaysia
Lauraceae,Cinnamomum angustitepalum,Kosterm.,Malaysia
Lauraceae,Cinnamomum aureofulvum,Gamble,Malaysia
Lauraceae,Cinnamomum beccarii,Lukman.,Malaysia
Lauraceae,Cinnamomum burmanni,(Nees & T.Nees) Blume,Malaysia
Lauraceae,Cinnamomum calciphilum,Kosterm.,Malaysia
Lauraceae,Cinnamomum cordatum,Kosterm.,Malaysia
Lauraceae,Cinnamomum corneri,Kosterm.,Malaysia
Lauraceae,Cinnamomum crassinervium,Miq.,Malaysia
Lauraceae,Cinnamomum cuspidatum,Miq.,Malaysia
Lauraceae,Cinnamomum glanduliferum,(Wall.) Meisn.,Malaysia
Lauraceae,Cinnamomum iners,Reinw. ex Blume,Malaysia
Lauraceae,Cinnamomum javanicum,Blume,Malaysia
Lauraceae,Cinnamomum kalbaricum,Doweld,Malaysia
Lauraceae,Cinnamomum kerangas,Kosterm.,Malaysia
Lauraceae,Cinnamomum kinabaluense,Heine,Malaysia
Lauraceae,Cinnamomum kunstleri,Ridl.,Malaysia
Lauraceae,Cinnamomum lawang,Kosterm.,Malaysia
Lauraceae,Cinnamomum microphyllum,Ridl.,Malaysia
Lauraceae,Cinnamomum mollissimum,Hook.f.,Malaysia
Lauraceae,Cinnamomum pachypes,Kosterm.,Malaysia
Lauraceae,Cinnamomum paiei,Kosterm.,Malaysia
Lauraceae,Cinnamomum parthenoxylon,(Jack) Meisn.,Malaysia
Lauraceae,Cinnamomum pendulum,Cammerl.,Malaysia
Lauraceae,Cinnamomum percoriaceum,Kosterm.,Malaysia
Lauraceae,Cinnamomum politum,Miq.,Malaysia
Lauraceae,Cinnamomum puberulum,Ridl.,Malaysia
Lauraceae,Cinnamomum racemosum,Kosterm.,Malaysia
Lauraceae,Cinnamomum rhynchophyllum,Miq.,Malaysia
Lauraceae,Cinnamomum scortechinii,Gamble,Malaysia
Lauraceae,Cinnamomum sintoc,Blume,Malaysia
Lauraceae,Cinnamomum soegengii,Kosterm.,Malaysia
Lauraceae,Cinnamomum subavenium,Miq.,Malaysia
Lauraceae,Cinnamomum sublanuginosum,Kosterm.,Malaysia
Lauraceae,Cinnamomum tahijanum,Kosterm.,Malaysia
Lauraceae,Cinnamomum trintaense,Kosterm.,Malaysia
Lauraceae,Cinnamomum vimineum,Nees,Malaysia
Lauraceae,Cryptocarya amygdalina,Nees,Malaysia
Lauraceae,Cryptocarya bracteolata,Gamble,Malaysia
Lauraceae,Cryptocarya cagayanensis,Merr.,Malaysia
Lauraceae,Cryptocarya costata,Blume,Malaysia
Lauraceae,Cryptocarya cuprea,Kosterm.,Malaysia
Lauraceae,Cryptocarya densiflora,Blume,Malaysia
Lauraceae,Cryptocarya diversifolia,Blume,Malaysia
Lauraceae,Cryptocarya enervis,Hook.f.,Malaysia
Lauraceae,Cryptocarya ferrea,Blume,Malaysia
Lauraceae,Cryptocarya griffithiana,Wight,Malaysia
Lauraceae,Cryptocarya ilocana,S.Vidal,Malaysia
Lauraceae,Cryptocarya impressa,Miq.,Malaysia
Lauraceae,Cryptocarya kurzii,Hook.f.,Malaysia
Lauraceae,Cryptocarya laevigata,Blume,Malaysia
Lauraceae,Cryptocarya malayana,de Kok,Malaysia
Lauraceae,Cryptocarya nigra,Kosterm.,Malaysia
Lauraceae,Cryptocarya nitens,(Blume) Koord. & Valeton,Malaysia
Lauraceae,Cryptocarya obliqua,Blume,Malaysia
Lauraceae,Cryptocarya pulchrinervia,Kosterm.,Malaysia
Lauraceae,Cryptocarya rifaii,Kosterm.,Malaysia
Lauraceae,Cryptocarya rugulosa,Hook.f.,Malaysia
Lauraceae,Cryptocarya strictifolia,Kosterm.,Malaysia
Lauraceae,Cryptocarya tawaensis,Merr.,Malaysia
Lauraceae,Cryptocarya teysmanniana,Miq.,Malaysia
Lauraceae,Cryptocarya tuanku-bujangii,Kosterm.,Malaysia
Lauraceae,Cryptocarya wrayi,Gamble,Malaysia
Lauraceae,Cryptocarya zollingeriana,Miq.,Malaysia
Lauraceae,Dehaasia brachybotrys,(Merr.) Kosterm.,Malaysia
Lauraceae,Dehaasia caesia,Blume,Malaysia
Lauraceae,Dehaasia candolleana,(Meisn.) Kosterm.,Malaysia
Lauraceae,Dehaasia corynantha,Kosterm.,Malaysia
Lauraceae,Dehaasia cuneata,(Blume) Blume,Malaysia
Lauraceae,Dehaasia firma,Blume,Malaysia
Lauraceae,Dehaasia gigantocarpa,Kosterm.,Malaysia
Lauraceae,Dehaasia hirsuta,Kosterm.,Malaysia
Lauraceae,Dehaasia incrassata,(Jack) Nees,Malaysia
Lauraceae,Dehaasia lancifolia,Ridl.,Malaysia
Lauraceae,Dehaasia longipedicellata,(Ridl.) Kosterm.,Malaysia
Lauraceae,Dehaasia longipetiolata,Kosterm.,Malaysia
Lauraceae,Dehaasia membranacea,Kosterm.,Malaysia
Lauraceae,Dehaasia paradoxa,Blume,Malaysia
Lauraceae,Dehaasia pauciflora,Blume,Malaysia
Lauraceae,Dehaasia polyneura,(Miq.) Kosterm.,Malaysia
Lauraceae,Dehaasia titanophylla,(Airy Shaw) Kosterm.,Malaysia
Lauraceae,Dehaasia tomentosa,(Blume) Kosterm.,Malaysia
Lauraceae,Dehaasia turfosa,Kosterm.,Malaysia
Lauraceae,Dehaasia velutinosa,Kosterm.,Malaysia
Lauraceae,Endiandra clavigera,Kosterm.,Malaysia
Lauraceae,Endiandra elongata,Arifiani,Malaysia
Lauraceae,Endiandra eusideroxylocarpa,Kosterm.,Malaysia
Lauraceae,Endiandra holttumii,M.R.Hend.,Malaysia
Lauraceae,Endiandra immersa,Arifiani,Malaysia
Lauraceae,Endiandra kingiana,Gamble,Malaysia
Lauraceae,Endiandra macrophylla,(Blume) Boerl.,Malaysia
Lauraceae,Endiandra maingayi,Hook.f.,Malaysia
Lauraceae,Endiandra ochracea,Kosterm.,Malaysia
Lauraceae,Endiandra rhizophoretum,Kosterm. ex Arifiani,Malaysia
Lauraceae,Endiandra rigidior,Kosterm.,Malaysia
Lauraceae,Endiandra rubescens,(Blume) Miq.,Malaysia
Lauraceae,Endiandra scrobiculata,Kosterm. ex Kochummen,Malaysia
Lauraceae,Endiandra wrayi,Gamble,Malaysia
Lauraceae,Eusideroxylon zwageri,Teijsm. & Binn.,Malaysia
Lauraceae,Hexapora curtisii,Hook.f.,Malaysia
Lauraceae,Lindera bibracteata,Boerl.,Malaysia
Lauraceae,Lindera caesia,Reinw. ex F.Villar,Malaysia
Lauraceae,Lindera concinna,Ridl.,Malaysia
Lauraceae,Lindera kinabaluensis,Kosterm.,Malaysia
Lauraceae,Lindera lucida,Boerl.,Malaysia
Lauraceae,Lindera montana,Ridl.,Malaysia
Lauraceae,Lindera pipericarpa,Boerl.,Malaysia
Lauraceae,Lindera polyantha,Boerl.,Malaysia
Lauraceae,Lindera wrayi,Gamble,Malaysia
Lauraceae,Litsea aban-gibotii,Ng,Malaysia
Lauraceae,Litsea accedens,(Blume) Boerl.,Malaysia
Lauraceae,Litsea andreana,Ng,Malaysia
Lauraceae,Litsea angulata,Blume,Malaysia
Lauraceae,Litsea artocarpifolia,Gamble,Malaysia
Lauraceae,Litsea barringtonioides,Kosterm.,Malaysia
Lauraceae,Litsea brachystachya,Boerl.,Malaysia
Lauraceae,Litsea castanea,Hook.f.,Malaysia
Lauraceae,Litsea caulocarpa,Merr.,Malaysia
Lauraceae,Litsea chewii,Kosterm.,Malaysia
Lauraceae,Litsea claviflora,Gamble,Malaysia
Lauraceae,Litsea cordata,(Jack) Hook.f.,Malaysia
Lauraceae,Litsea costalis,(Nees) Kosterm.,Malaysia
Lauraceae,Litsea crassifolia,(Blume) Boerl.,Malaysia
Lauraceae,Litsea cuprea,Merr.,Malaysia
Lauraceae,Litsea curtisii,Gamble,Malaysia
Lauraceae,Litsea elliptica,Blume,Malaysia
Lauraceae,Litsea ellipticibacca,Merr.,Malaysia
Lauraceae,Litsea erectinervia,Kosterm.,Malaysia
Lauraceae,Litsea fenestrata,Gamble,Malaysia
Lauraceae,Litsea ferruginea,Blume,Malaysia
Lauraceae,Litsea ficoidea,Kosterm.,Malaysia
Lauraceae,Litsea fulva,(Blume) Villar,Malaysia
Lauraceae,Litsea garciae,Vidal,Malaysia
Lauraceae,Litsea globosa,Kosterm.,Malaysia
Lauraceae,Litsea globularia,Ng,Malaysia
Lauraceae,Litsea glutinosa,(Lour.) C.B.Rob.,Malaysia
Lauraceae,Litsea gracilipes,Hook.f.,Malaysia
Lauraceae,Litsea grandis,(Nees) Hook.f.,Malaysia
Lauraceae,Litsea grisea,(Blume) Boerl.,Malaysia
Lauraceae,Litsea hirsutissima,Gamble,Malaysia
Lauraceae,Litsea insignis,(Blume) Boerl.,Malaysia
Lauraceae,Litsea jaswirii,Ng,Malaysia
Lauraceae,Litsea johorensis,Gamble,Malaysia
Lauraceae,Litsea lanceolata,(Blume) Kosterm.,Malaysia
Lauraceae,Litsea lancifolia,(Roxb. ex Nees) Fern.-Vill.,Malaysia
Lauraceae,Litsea machilifolia,Gamble,Malaysia
Lauraceae,Litsea maingayi,Hook.f.,Malaysia
Lauraceae,Litsea monopetala,(Roxb.) Pers.,Malaysia
Lauraceae,Litsea myristicifolia,(Wall. ex Nees) Hook.f.,Malaysia
Lauraceae,Litsea noronhae,Blume,Malaysia
Lauraceae,Litsea orocola,Kosterm.,Malaysia
Lauraceae,Litsea penangiana,Hook.f.,Malaysia
Lauraceae,Litsea resinosa,Blume,Malaysia
Lauraceae,Litsea robusta,Blume,Malaysia
Lauraceae,Litsea rubicunda,Kosterm.,Malaysia
Lauraceae,Litsea rubiginosa,(Blume) Boerl.,Malaysia
Lauraceae,Litsea sessiliflora,Ng,Malaysia
Lauraceae,Litsea sessilis,Boerl.,Malaysia
Lauraceae,Litsea spathacea,Gamble,Malaysia
Lauraceae,Litsea staintonii,Kosterm.,Malaysia
Lauraceae,Litsea suboppositifolia,Ng,Malaysia
Lauraceae,Litsea subumbelliflora,(Blume) Ng,Malaysia
Lauraceae,Litsea tomentosa,Blume,Malaysia
Lauraceae,Litsea umbellata,(Lour.) Merr.,Malaysia
Lauraceae,Litsea unita,(Blume) Boerl.,Malaysia
Lauraceae,Litsea varians,(Blume) Boerl.,Malaysia
Lauraceae,Litsea virens,(Nees) Boerl.,Malaysia
Lauraceae,Machilus declinatus,(Blume) de Kok,Malaysia
Lauraceae,Machilus fruticosa,Kurz,Malaysia
Lauraceae,Machilus kingii,Hook.f.,Malaysia
Lauraceae,Machilus kochummenii,de Kok,Malaysia
Lauraceae,Machilus rimosus,(Blume) Blume,Malaysia
Lauraceae,Neolitsea cassiifolia,Merr.,Malaysia
Lauraceae,Neolitsea coccinea,B.C.Stone,Malaysia
Lauraceae,Neolitsea kedahensis,Gamble,Malaysia
Lauraceae,Neolitsea mollissima,Gamble,Malaysia
Lauraceae,Neolitsea villosa,(Blume) Merr.,Malaysia
Lauraceae,Neolitsea zeylanica,(Nees & T.Nees) Merr.,Malaysia
Lauraceae,Nothaphoebe canescens,Blume,Malaysia
Lauraceae,Nothaphoebe condensa,Ridl.,Malaysia
Lauraceae,Nothaphoebe foetida,(Kosterm.) Kosterm.,Malaysia
Lauraceae,Nothaphoebe havilandii,Gamble,Malaysia
Lauraceae,Nothaphoebe heterophylla,Merr.,Malaysia
Lauraceae,Nothaphoebe kingiana,Gamble,Malaysia
Lauraceae,Nothaphoebe panduriformis,Gamble,Malaysia
Lauraceae,Nothaphoebe umbelliflora,(Blume) Blume,Malaysia
Lauraceae,Persea endothrix,Kosterm.,Malaysia
Lauraceae,Phoebe grandis,(Nees) Merr.,Malaysia
Lauraceae,Phoebe laevis,Kosterm.,Malaysia
Lauraceae,Phoebe lanceolata,(Nees) Nees,Malaysia
Lauraceae,Phoebe lucida,Blume,Malaysia
Lauraceae,Phoebe scortechinii,(Gamble) Kochummen,Malaysia
Lauraceae,Phoebe sterculioides,(Elmer) Merr.,Malaysia
Lauraceae,Phoebe tavoyana,(Meisn.) Hook.f.,Malaysia
Lauraceae,Potoxylon melagangai,(Symington) Kosterm.,Malaysia
Lecythidaceae,Barringtonia acutangula,(L.) Gaertn.,Malaysia
Lecythidaceae,Barringtonia ashtonii,Payens,Malaysia
Lecythidaceae,Barringtonia asiatica,(L.) Kurz,Malaysia
Lecythidaceae,Barringtonia augusta,Kurz,Malaysia
Lecythidaceae,Barringtonia chaniana,(Whitmore) Prance,Malaysia
Lecythidaceae,Barringtonia chantaranoi,Prance,Malaysia
Lecythidaceae,Barringtonia conoidea,Griff.,Malaysia
Lecythidaceae,Barringtonia corneri,Kiew & K.M.Wong,Malaysia
Lecythidaceae,Barringtonia curranii,Merr.,Malaysia
Lecythidaceae,Barringtonia filirachis,Payens,Malaysia
Lecythidaceae,Barringtonia fusiformis,King,Malaysia
Lecythidaceae,Barringtonia glomerata,Prance,Malaysia
Lecythidaceae,Barringtonia hallieri,R.Knuth,Malaysia
Lecythidaceae,Barringtonia havilandii,Ridl.,Malaysia
Lecythidaceae,Barringtonia lanceolata,(Ridl.) Payens,Malaysia
Lecythidaceae,Barringtonia latiffiana,(El-Sherif) Prance,Malaysia
Lecythidaceae,Barringtonia longipes,Gagnep.,Malaysia
Lecythidaceae,Barringtonia longisepala,Payens,Malaysia
Lecythidaceae,Barringtonia macrocarpa,Hassk.,Malaysia
Lecythidaceae,Barringtonia macrostachya,(Jack) Kurz,Malaysia
Lecythidaceae,Barringtonia maxwelliana,(Whitmore) Prance,Malaysia
Lecythidaceae,Barringtonia norshamiae,Prance,Malaysia
Lecythidaceae,Barringtonia pauciflora,King,Malaysia
Lecythidaceae,Barringtonia payensiana,Whitmore,Malaysia
Lecythidaceae,Barringtonia pendula,(Griff.) Kurz,Malaysia
Lecythidaceae,Barringtonia racemosa,(L.) Spreng.,Malaysia
Lecythidaceae,Barringtonia reticulata,(Blume) Miq.,Malaysia
Lecythidaceae,Barringtonia revoluta,Merr.,Malaysia
Lecythidaceae,Barringtonia rimata,Chantar.,Malaysia
Lecythidaceae,Barringtonia sarawakensis,Chantar.,Malaysia
Lecythidaceae,Barringtonia sarcostachys,(Blume) Miq.,Malaysia
Lecythidaceae,Barringtonia schmidtii,Warb. ex Craib,Malaysia
Lecythidaceae,Barringtonia scortechinii,King,Malaysia
Lecythidaceae,Barringtonia terengganuensis,Chantar.,Malaysia
Lecythidaceae,Barringtonia zainudiniana,(El-Sherif & Latiff) Prance,Malaysia
Lecythidaceae,Careya arborea,Roxb.,Malaysia
Lecythidaceae,Planchonia brevistipitata,Kuswata,Malaysia
Lecythidaceae,Planchonia grandis,Ridl.,Malaysia
Lecythidaceae,Planchonia valida,(Blume) Blume,Malaysia
Loganiaceae,Geniostoma rupestre,J.R.Forst. & G.Forst.,Malaysia
Loganiaceae,Norrisia major,Soler.,Malaysia
Loganiaceae,Norrisia malaccensis,Gardner,Malaysia
Loganiaceae,Strychnos nux-vomica,L.,Malaysia
Loganiaceae,Strychnos rufa,C.B.Clarke,Malaysia
Loganiaceae,Strychnos thorelii,Pierre ex Dop,Malaysia
Lythraceae,Duabanga grandiflora,(Roxb. ex DC.) Walp.,Malaysia
Lythraceae,Duabanga moluccana,Blume,Malaysia
Lythraceae,Lagerstroemia calyculata,Kurz,Malaysia
Lythraceae,Lagerstroemia celebica,Blume,Malaysia
Lythraceae,Lagerstroemia floribunda,Jack,Malaysia
Lythraceae,Lagerstroemia indica,L.,Malaysia
Lythraceae,Lagerstroemia langkawiensis,Furtado & Montien,Malaysia
Lythraceae,Lagerstroemia ovalifolia,Teijsm. & Binn.,Malaysia
Lythraceae,Lagerstroemia pustulata,Furtado & Montien,Malaysia
Lythraceae,Lagerstroemia speciosa,(L.) Pers.,Malaysia
Lythraceae,Pemphis acidula,J.R.Forst. & G.Forst.,Malaysia
Lythraceae,Sonneratia alba,Sm.,Malaysia
Lythraceae,Sonneratia caseolaris,(L.) Engl.,Malaysia
Lythraceae,Sonneratia griffithii,Kurz        ,Malaysia
Lythraceae,Sonneratia ovata,Backer,Malaysia
Magnoliaceae,Magnolia ashtonii,Dandy ex Noot.,Malaysia
Magnoliaceae,Magnolia beccarii,(Govaerts) D.L.Fu,Malaysia
Magnoliaceae,Magnolia betongensis,(Craib) H.Keng,Malaysia
Magnoliaceae,Magnolia bintuluensis,(A.Agostini) Noot.,Malaysia
Magnoliaceae,Magnolia borneensis,Noot.,Malaysia
Magnoliaceae,Magnolia carsonii,Dandy ex Noot.,Malaysia
Magnoliaceae,Magnolia champaca,(L.) Baill. ex Pierre,Malaysia
Magnoliaceae,Magnolia elegans,(Blume) H.Keng,Malaysia
Magnoliaceae,Magnolia gigantifolia,(Miq.) Noot.,Malaysia
Magnoliaceae,Magnolia koordersiana,(Noot.) Figlar,Malaysia
Magnoliaceae,Magnolia lasia,Noot.,Malaysia
Magnoliaceae,Magnolia liliifera,(L.) Baill.,Malaysia
Magnoliaceae,Magnolia macklottii,(Korth.) Dandy,Malaysia
Magnoliaceae,Magnolia mariusjacobsia,Noot.,Malaysia
Magnoliaceae,Magnolia montana,(Blume) Figlar,Malaysia
Magnoliaceae,Magnolia pahangensis,Noot.,Malaysia
Magnoliaceae,Magnolia persuaveolens,Dandy,Malaysia
Magnoliaceae,Magnolia praecalva,(Dandy) Figlar & Noot.,Malaysia
Magnoliaceae,Magnolia sabahensis,(Dandy ex Noot.) Figlar & Noot.,Malaysia
Magnoliaceae,Magnolia sarawakensis,(A.Agostini) Noot.,Malaysia
Magnoliaceae,Magnolia scortechinii,(King) Figlar & Noot.,Malaysia
Magnoliaceae,Magnolia siamensis,(Dandy) H.Keng,Malaysia
Magnoliaceae,Magnolia singapurensis,(Ridl.) H.Keng,Malaysia
Magnoliaceae,Magnolia utilis,(Dandy) V.S.Kumar,Malaysia
Magnoliaceae,Magnolia villosa,(Miq.) H.Keng,Malaysia
Malpighiaceae,Brachylophon curtisii,Oliv.,Malaysia
Malvaceae,Berrya cordifolia,(Willd.) Burret,Malaysia
Malvaceae,Bombax anceps,Pierre,Malaysia
Malvaceae,Bombax ceiba,L.,Malaysia
Malvaceae,Boschia grandiflora,Mast.,Malaysia
Malvaceae,Boschia griffithii,Mast.,Malaysia
Malvaceae,Boschia oblongifolia,Ridl.,Malaysia
Malvaceae,Brownlowia argentata,Kurz,Malaysia
Malvaceae,Brownlowia cuspidata,Lowe ex Pierre,Malaysia
Malvaceae,Brownlowia elliptica,Ridl.,Malaysia
Malvaceae,Brownlowia glabrata,Stapf ex Ridl.,Malaysia
Malvaceae,Brownlowia grandistipulata,Kosterm.,Malaysia
Malvaceae,Brownlowia havilandii,Stapf,Malaysia
Malvaceae,Brownlowia helferiana,Pierre,Malaysia
Malvaceae,Brownlowia kleinhovioidea,King,Malaysia
Malvaceae,Brownlowia macrophylla,King,Malaysia
Malvaceae,Brownlowia ovalis,Kosterm.,Malaysia
Malvaceae,Brownlowia peltata,Benth.,Malaysia
Malvaceae,Brownlowia riparia,Ridl.,Malaysia
Malvaceae,Brownlowia stipulata,Kosterm.,Malaysia
Malvaceae,Brownlowia tersa,(L.) Kosterm.,Malaysia
Malvaceae,Brownlowia velutina,Kosterm.,Malaysia
Malvaceae,Coelostegia borneensis,Becc.,Malaysia
Malvaceae,Coelostegia griffithii,Benth.,Malaysia
Malvaceae,Coelostegia montana,Sidiy.,Malaysia
Malvaceae,Colona javanica,(Blume) Burret,Malaysia
Malvaceae,Colona merguensis,(Planch. ex Mast.) Burret,Malaysia
Malvaceae,Colona serratifolia,Cav.,Malaysia
Malvaceae,Colona thorelii,(Gagnep.) Burret,Malaysia
Malvaceae,Commersonia bartramia,(L.) Merr.,Malaysia
Malvaceae,Diplodiscus hookerianus,(King) Kosterm.,Malaysia
Malvaceae,Diplodiscus longifolius,(Merr.) Burret,Malaysia
Malvaceae,Diplodiscus microlepis,Kosterm.,Malaysia
Malvaceae,Diplodiscus parviflorus,Kosterm.,Malaysia
Malvaceae,Diplodiscus scortechinii,(King) Ashton ex Kochummen,Malaysia
Malvaceae,Durio affinis,Becc.,Malaysia
Malvaceae,Durio carinatus,Mast.,Malaysia
Malvaceae,Durio crassipes,Kosterm. & Soegeng,Malaysia
Malvaceae,Durio dulcis,Becc.,Malaysia
Malvaceae,Durio gerikensis,"M.N.Faizal, Besi, Latiff & Hadrul",Malaysia
Malvaceae,Durio graveolens,Becc.,Malaysia
Malvaceae,Durio kinabaluensis,Kosterm. & Soegeng,Malaysia
Malvaceae,Durio kutejensis,(Hassk.) Becc.,Malaysia
Malvaceae,Durio lanceolatus,Mast.,Malaysia
Malvaceae,Durio lowianus,Scort. ex King,Malaysia
Malvaceae,Durio macrolepis,Kosterm.,Malaysia
Malvaceae,Durio macrophyllus,(King) Ridl.,Malaysia
Malvaceae,Durio malaccensis,Planch. ex Mast.,Malaysia
Malvaceae,Durio oblongus,Mast.,Malaysia
Malvaceae,Durio oxleyanus,Griff.,Malaysia
Malvaceae,Durio perakensis,Salma,Malaysia
Malvaceae,Durio pinangianus,(Becc.) Ridl.,Malaysia
Malvaceae,Durio purpureus,Kosterm. & Soegeng,Malaysia
Malvaceae,Durio singaporensis,Ridl.,Malaysia
Malvaceae,Durio testudinarius,Becc.,Malaysia
Malvaceae,Durio zibethinus,L.,Malaysia
Malvaceae,Firmiana colorata,(Roxb.) R.Br.,Malaysia
Malvaceae,Firmiana malayana,Kosterm.,Malaysia
Malvaceae,Grewia abutilifolia,Vent. ex Juss.,Malaysia
Malvaceae,Grewia eriocarpa,Juss.,Malaysia
Malvaceae,Grewia falcata,C.Y.Wu,Malaysia
Malvaceae,Grewia hirsuta,Vahl,Malaysia
Malvaceae,Grewia laevigata,Vahl,Malaysia
Malvaceae,Grewia multiflora,Juss.,Malaysia
Malvaceae,Grewia orientalis,L.,Malaysia
Malvaceae,Grewia polygama,Roxb.,Malaysia
Malvaceae,Grewia tiliifolia,Vahl,Malaysia
Malvaceae,Grewia tomentosa,Juss.,Malaysia
Malvaceae,Helicteres isora,L.,Malaysia
Malvaceae,Heritiera albiflora,(Ridl.) Kosterm.,Malaysia
Malvaceae,Heritiera aurea,Kosterm.,Malaysia
Malvaceae,Heritiera borneensis,(Merr.) Kosterm.,Malaysia
Malvaceae,Heritiera catappa,Kosterm.,Malaysia
Malvaceae,Heritiera elata,Ridl.,Malaysia
Malvaceae,Heritiera fomes,Banks,Malaysia
Malvaceae,Heritiera globosa,Kosterm.,Malaysia
Malvaceae,Heritiera impressinervia,Kosterm.,Malaysia
Malvaceae,Heritiera javanica,(Blume) Kosterm.,Malaysia
Malvaceae,Heritiera kuenstleri,(King) Kosterm.,Malaysia
Malvaceae,Heritiera littoralis,Aiton,Malaysia
Malvaceae,Heritiera magnifica,Kosterm.,Malaysia
Malvaceae,Heritiera pterospermoides,Kosterm.,Malaysia
Malvaceae,Heritiera simplicifolia,(Mast.) Kosterm.,Malaysia
Malvaceae,Heritiera sumatrana,(Miq.) Kosterm.,Malaysia
Malvaceae,Hibiscus borneensis,Airy Shaw,Malaysia
Malvaceae,Hibiscus floccosus,Mast.,Malaysia
Malvaceae,Hibiscus macrophyllus,Roxb. ex Hornem.,Malaysia
Malvaceae,Hibiscus tiliaceus,L.,Malaysia
Malvaceae,Jarandersonia clemensiae,(Burret) Kosterm.,Malaysia
Malvaceae,Jarandersonia parvifolia,Kosterm.,Malaysia
Malvaceae,Jarandersonia pereirae,S.K.Ganesan & R.C.K.Chung,Malaysia
Malvaceae,Jarandersonia rinoreoides,Kosterm.,Malaysia
Malvaceae,Jarandersonia spinulosa,Kosterm.,Malaysia
Malvaceae,Kleinhovia hospita,L.,Malaysia
Malvaceae,Kostermansia malayana,Soegeng,Malaysia
Malvaceae,Leptonychia caudata,Burret,Malaysia
Malvaceae,Leptonychia parviflora,(Ridl.) Veldkamp & Flipphi,Malaysia
Malvaceae,Melochia umbellata,(Houtt.) Stapf,Malaysia
Malvaceae,Microcos antidesmifolia,(King) Burret,Malaysia
Malvaceae,Microcos cinnamomifolia,Burret,Malaysia
Malvaceae,Microcos crassifolia,Burret,Malaysia
Malvaceae,Microcos erythrocarpa,(Ridl.) Airy Shaw,Malaysia
Malvaceae,Microcos fibrocarpa,(Mast.) Burret,Malaysia
Malvaceae,Microcos globulifera,(Mast.) Burret,Malaysia
Malvaceae,Microcos gracilis,Stapf ex Ridl.,Malaysia
Malvaceae,Microcos henrici,(Baker f.) Burret,Malaysia
Malvaceae,Microcos hirsuta,(Korth.) Burret,Malaysia
Malvaceae,Microcos kinabaluensis,R.C.K.Chung,Malaysia
Malvaceae,Microcos lanceolata,(Miq.) Burret,Malaysia
Malvaceae,Microcos latifolia,Burret,Malaysia
Malvaceae,Microcos latistipulata,(Ridl.) Burret,Malaysia
Malvaceae,Microcos laurifolia,(Hook.f. ex Mast.) Burret,Malaysia
Malvaceae,Microcos malayana,R.C.K.Chung,Malaysia
Malvaceae,Microcos opaca,Burret,Malaysia
Malvaceae,Microcos ossea,Burret,Malaysia
Malvaceae,Microcos paniculata,L.,Malaysia
Malvaceae,Microcos pearsonii,(Merr.) Burret,Malaysia
Malvaceae,Microcos riparia,(Boerl. & Koord.-Schum.) Burret,Malaysia
Malvaceae,Microcos stauntoniana,G.Don,Malaysia
Malvaceae,Microcos stylocarpa,Burret,Malaysia
Malvaceae,Microcos tomentosa,Sm.,Malaysia
Malvaceae,Microcos triflora,(Blanco) R.C.K.Chung,Malaysia
Malvaceae,Neesia altissima,(Blume) Blume,Malaysia
Malvaceae,Neesia glabra,Becc.,Malaysia
Malvaceae,Neesia kostermansiana,Soepadmo,Malaysia
Malvaceae,Neesia malayana,Bakh.,Malaysia
Malvaceae,Neesia piluliflora,Becc.,Malaysia
Malvaceae,Neesia synandra,Mast.,Malaysia
Malvaceae,Pentace acuta,Ridl.,Malaysia
Malvaceae,Pentace adenophora,Kosterm.,Malaysia
Malvaceae,Pentace borneensis,Pierre,Malaysia
Malvaceae,Pentace chartacea,Kosterm.,Malaysia
Malvaceae,Pentace corneri,Kosterm.,Malaysia
Malvaceae,Pentace curtisii,King,Malaysia
Malvaceae,Pentace erectinervia,Kosterm,Malaysia
Malvaceae,Pentace excelsa,Kochummen,Malaysia
Malvaceae,Pentace eximia,King,Malaysia
Malvaceae,Pentace floribunda,King,Malaysia
Malvaceae,Pentace grandiflora,Kochummen,Malaysia
Malvaceae,Pentace hirtula,Ridl.,Malaysia
Malvaceae,Pentace laxiflora,Merr.,Malaysia
Malvaceae,Pentace macrophylla,King,Malaysia
Malvaceae,Pentace microlepidota,Kosterm.,Malaysia
Malvaceae,Pentace perakensis,King,Malaysia
Malvaceae,Pentace rigida,Kosterm.,Malaysia
Malvaceae,Pentace strychnoidea,King,Malaysia
Malvaceae,Pentace triptera,Mast.,Malaysia
Malvaceae,Pterocymbium tinctorium,(Blanco) Merr.,Malaysia
Malvaceae,Pterocymbium tubulatum,Pierre,Malaysia
Malvaceae,Pterospermum acerifolium,(L.) Willd.,Malaysia
Malvaceae,Pterospermum aureum,S.K.Ganesan,Malaysia
Malvaceae,Pterospermum borneense,S.K.Ganesan,Malaysia
Malvaceae,Pterospermum diversifolium,Blume,Malaysia
Malvaceae,Pterospermum elongatum,Korth.,Malaysia
Malvaceae,Pterospermum grewiifolium,Pierre,Malaysia
Malvaceae,Pterospermum havilandii,S.K.Ganesan,Malaysia
Malvaceae,Pterospermum jackianum,Wall.,Malaysia
Malvaceae,Pterospermum javanicum,Jungh.,Malaysia
Malvaceae,Pterospermum merrillianum,S.K.Ganesan,Malaysia
Malvaceae,Pterospermum pecteniforme,Kosterm.,Malaysia
Malvaceae,Pterospermum stapfianum,Ridl.,Malaysia
Malvaceae,Pterospermum sumatranum,Miq.,Malaysia
Malvaceae,Pterygota alata,(Roxb.) R.Br.,Malaysia
Malvaceae,Scaphium affine,(Mast.) Pierre,Malaysia
Malvaceae,Scaphium burkillfilii,Kosterm.,Malaysia
Malvaceae,Scaphium linearicarpum,(Mast.) Pierre,Malaysia
Malvaceae,Scaphium longipetiolatum,(Kosterm.) Kosterm.,Malaysia
Malvaceae,Scaphium macropodum,(Miq.) Beumée ex K.Heyne,Malaysia
Malvaceae,Scaphium parviflorum,P.Wilkie,Malaysia
Malvaceae,Scaphium scaphigerum,(Wall. ex G.Don) G.Planch.,Malaysia
Malvaceae,Schoutenia accrescens,(Mast.) Merr.,Malaysia
Malvaceae,Schoutenia corneri,Roekm.,Malaysia
Malvaceae,Schoutenia curtisii,Roekm,Malaysia
Malvaceae,Schoutenia furfuracea,Kochummen,Malaysia
Malvaceae,Schoutenia glomerata,King,Malaysia
Malvaceae,Schoutenia kunstleri,King,Malaysia
Malvaceae,Schoutenia leprosula,Saw,Malaysia
Malvaceae,Sterculia balanghas,L.,Malaysia
Malvaceae,Sterculia ceramica,R.Br.,Malaysia
Malvaceae,Sterculia coccinea,Jack,Malaysia
Malvaceae,Sterculia cordata,Blume,Malaysia
Malvaceae,Sterculia cuspidata,R.Br.,Malaysia
Malvaceae,Sterculia foetida,L.,Malaysia
Malvaceae,Sterculia gilva,Miq.,Malaysia
Malvaceae,Sterculia hispidissima,Ridl.,Malaysia
Malvaceae,Sterculia hypochroa,Pierre,Malaysia
Malvaceae,Sterculia lancaviensis,Ridl.,Malaysia
Malvaceae,Sterculia longipetiolata,Merr.,Malaysia
Malvaceae,Sterculia macrophylla,Vent.,Malaysia
Malvaceae,Sterculia megistophylla,Ridl.,Malaysia
Malvaceae,Sterculia monosperma,Vent.,Malaysia
Malvaceae,Sterculia oblongata,R.Br.,Malaysia
Malvaceae,Sterculia parviflora,Roxb. ex G.Don,Malaysia
Malvaceae,Sterculia parvifolia,Wall.,Malaysia
Malvaceae,Sterculia rhoidifolia,Stapf ex Ridl.,Malaysia
Malvaceae,Sterculia rubiginosa,Vent.,Malaysia
Malvaceae,Sterculia scortechinii,King,Malaysia
Malvaceae,Sterculia stipulata,Korth.,Malaysia
Malvaceae,Thespesia populnea,(L.) Sol. ex Corrêa,Malaysia
Malvaceae,Trichospermum javanicum,Blume,Malaysia
Melastomataceae,Astronia macrophylla,Blume,Malaysia
Melastomataceae,Astronia sabahensis,J.F.Maxwell,Malaysia
Melastomataceae,Astronia smilacifolia,Triana,Malaysia
Melastomataceae,Lijndenia laurina,Zoll. & Moritzi,Malaysia
Melastomataceae,Melastoma ansowii,K.M.Wong,Malaysia
Melastomataceae,Melastoma collinum,K.M.Wong,Malaysia
Melastomataceae,Melastoma imbricatum,Wall. ex Triana,Malaysia
Melastomataceae,Melastoma maraiparaiense,K.M.Wong,Malaysia
Melastomataceae,Melastoma molle,(C.B.Clarke) Wall. ex Cogn.,Malaysia
Melastomataceae,Melastoma perakense,Ridl.,Malaysia
Melastomataceae,Melastoma sabahense,Karst.Mey.,Malaysia
Melastomataceae,Melastoma sanguineum,Sims,Malaysia
Melastomataceae,Melastoma tanjiewhoei,K.M.Wong,Malaysia
Melastomataceae,Melastoma ultramaficum,K.M.Wong,Malaysia
Melastomataceae,Memecylon acuminatissimum,Blume,Malaysia
Melastomataceae,Memecylon acuminatum,Sm.,Malaysia
Melastomataceae,Memecylon amplexicaule,Roxb.,Malaysia
Melastomataceae,Memecylon argenteum,K.Bremer,Malaysia
Melastomataceae,Memecylon calyptratum,K.Bremer,Malaysia
Melastomataceae,Memecylon campanulatum,C.B.Clarke,Malaysia
Melastomataceae,Memecylon cantleyi,Ridl.,Malaysia
Melastomataceae,Memecylon cinereum,King,Malaysia
Melastomataceae,Memecylon coeruleum,Jack,Malaysia
Melastomataceae,Memecylon confertiflorum,Cogn.,Malaysia
Melastomataceae,Memecylon corticosum,Ridl.,Malaysia
Melastomataceae,Memecylon dichotomum,C. B. Clarke ex King,Malaysia
Melastomataceae,Memecylon durum,Cogn.,Malaysia
Melastomataceae,Memecylon edule,Roxb.,Malaysia
Melastomataceae,Memecylon elegans,Kurz,Malaysia
Melastomataceae,Memecylon excelsum,Blume,Malaysia
Melastomataceae,Memecylon floridum,Ridl.,Malaysia
Melastomataceae,Memecylon fruticosum,King,Malaysia
Melastomataceae,Memecylon garcinioides,Blume,Malaysia
Melastomataceae,Memecylon hullettii,King,Malaysia
Melastomataceae,Memecylon intermedium,Blume,Malaysia
Melastomataceae,Memecylon kunstleri,King,Malaysia
Melastomataceae,Memecylon lilacinum,Zoll. & Moritzi,Malaysia
Melastomataceae,Memecylon megacarpum,Furtado,Malaysia
Melastomataceae,Memecylon minutiflorum,Miq.,Malaysia
Melastomataceae,Memecylon oleifolium,Blume,Malaysia
Melastomataceae,Memecylon ovatum,Sm,Malaysia
Melastomataceae,Memecylon paniculatum,Jack,Malaysia
Melastomataceae,Memecylon pauciflorum,Blume,Malaysia
Melastomataceae,Memecylon pergamentaceum,Cogn.,Malaysia
Melastomataceae,Memecylon pseudomegacarpum,M.Hughes,Malaysia
Melastomataceae,Memecylon pubescens,King,Malaysia
Melastomataceae,Memecylon ruptile,K.Bremer,Malaysia
Melastomataceae,Memecylon scolopacinum,Ridl.,Malaysia
Melastomataceae,Memecylon scutellatum,(Lour.) Hook. & Arn.,Malaysia
Melastomataceae,Memecylon umbellatum,Burm. f.,Malaysia
Melastomataceae,Memecylon wallichii,Ridl.,Malaysia
Melastomataceae,Oxyspora stellulata,King,Malaysia
Melastomataceae,Pachycentria constricta,Blume,Malaysia
Melastomataceae,Pachycentria varingaefolia,Blume,Malaysia
Melastomataceae,Pternandra azurea,(DC.) Burkill,Malaysia
Melastomataceae,Pternandra coerulescens,Jack,Malaysia
Melastomataceae,Pternandra cogniauxii,M.P.Nayar,Malaysia
Melastomataceae,Pternandra crassicalyx,J.F.Maxwell,Malaysia
Melastomataceae,Pternandra echinata,Wall.,Malaysia
Melastomataceae,Pternandra galeata,Ridl.,Malaysia
Melastomataceae,Pternandra gracilis,M.P.Nayar,Malaysia
Melastomataceae,Pternandra hirtella,M.P.Nayar,Malaysia
Melastomataceae,Pternandra multiflora,Cogn.,Malaysia
Melastomataceae,Pternandra rostrata,M.P.Nayar,Malaysia
Melastomataceae,Pternandra tesellata,(Stapf) M.P.Nayar,Malaysia
Melastomataceae,Pternandra tuberculata,M.P.Nayar,Malaysia
Meliaceae,Aglaia angustifolia,(Miq.) Miq.,Malaysia
Meliaceae,Aglaia argentea,Blume,Malaysia
Meliaceae,Aglaia beccarii,C.DC.,Malaysia
Meliaceae,Aglaia bullata,Pannell,Malaysia
Meliaceae,Aglaia coriacea,Korth. ex Miq.,Malaysia
Meliaceae,Aglaia crassinervia,Kurz ex Hiern,Malaysia
Meliaceae,Aglaia cucullata,(Roxb.) Pellegr.,Malaysia
Meliaceae,Aglaia cumingiana,Turcz.,Malaysia
Meliaceae,Aglaia densisquama,Pannell,Malaysia
Meliaceae,Aglaia densitricha,Pannell,Malaysia
Meliaceae,Aglaia edulis,(Roxb.) Wall.,Malaysia
Meliaceae,Aglaia elaeagnoidea,(A.Juss.) Benth.,Malaysia
Meliaceae,Aglaia elliptica,(C.DC.) Blume,Malaysia
Meliaceae,Aglaia erythrosperma,Pannell,Malaysia
Meliaceae,Aglaia eximia,Miq.,Malaysia
Meliaceae,Aglaia exstipulata,(Griff.) W.Theob.,Malaysia
Meliaceae,Aglaia forbesii,King,Malaysia
Meliaceae,Aglaia foveolata,Pannell,Malaysia
Meliaceae,Aglaia glabrata,Teijsm. & Binn.,Malaysia
Meliaceae,Aglaia grandis,Korth. ex Miq.,Malaysia
Meliaceae,Aglaia hiernii,King,Malaysia
Meliaceae,Aglaia ijzermannii,Boerl. & Koord.,Malaysia
Meliaceae,Aglaia korthalsii,Miq.,Malaysia
Meliaceae,Aglaia lancilimba,Merr.,Malaysia
Meliaceae,Aglaia lawii,(Wight) C.J.Saldanha,Malaysia
Meliaceae,Aglaia laxiflora,Miq.,Malaysia
Meliaceae,Aglaia leptantha,Miq.,Malaysia
Meliaceae,Aglaia leucophylla,King,Malaysia
Meliaceae,Aglaia macrocarpa,(Miq.) Pannell,Malaysia
Meliaceae,Aglaia macrostigma,King,Malaysia
Meliaceae,Aglaia malaccensis,(Ridl.) Pannell,Malaysia
Meliaceae,Aglaia membranifolia,King,Malaysia
Meliaceae,Aglaia monozyga,Harms,Malaysia
Meliaceae,Aglaia multinervis,Pannell,Malaysia
Meliaceae,Aglaia odoratissima,Blume,Malaysia
Meliaceae,Aglaia oligophylla,Miq.,Malaysia
Meliaceae,Aglaia pachyphylla,Miq.,Malaysia
Meliaceae,Aglaia palembanica,Miq.,Malaysia
Meliaceae,Aglaia perviridis,Hiern,Malaysia
Meliaceae,Aglaia ramotricha,Pannell,Malaysia
Meliaceae,Aglaia rivularis,Merr.,Malaysia
Meliaceae,Aglaia rubiginosa,(Hiern) Pannell,Malaysia
Meliaceae,Aglaia rufibarbis,Ridl.,Malaysia
Meliaceae,Aglaia rufinervis,(Blume) Bentv.,Malaysia
Meliaceae,Aglaia rugulosa,Pannell,Malaysia
Meliaceae,Aglaia scortechinii,King,Malaysia
Meliaceae,Aglaia sessilifolia,Pannell,Malaysia
Meliaceae,Aglaia sexipetala,Griff.,Malaysia
Meliaceae,Aglaia silvestris,(M.Roem.) Merr.,Malaysia
Meliaceae,Aglaia simplicifolia,(Bedd.) Harms,Malaysia
Meliaceae,Aglaia soepadmoi,Pannell,Malaysia
Meliaceae,Aglaia speciosa,Blume,Malaysia
Meliaceae,Aglaia spectabilis,(Miq.) S.S.Jain & S.Bennet,Malaysia
Meliaceae,Aglaia squamulosa,King,Malaysia
Meliaceae,Aglaia stellatopilosa,Pannell,Malaysia
Meliaceae,Aglaia subsessilis,Pannell,Malaysia
Meliaceae,Aglaia tenuicaulis,Hiern,Malaysia
Meliaceae,Aglaia teysmanniana,(Miq.) Miq.,Malaysia
Meliaceae,Aglaia tomentosa,Teijsm. & Binn.,Malaysia
Meliaceae,Aglaia variisquama,Pannell,Malaysia
Meliaceae,Aphanamixis borneensis,(Miq.) Merr.,Malaysia
Meliaceae,Aphanamixis polystachya,(Wall.) R.Parker,Malaysia
Meliaceae,Aphanamixis sumatrana,(Miq.) Harms,Malaysia
Meliaceae,Azadirachta excelsa,(Jack) Jacobs,Malaysia
Meliaceae,Chisocheton amabilis,Miq.,Malaysia
Meliaceae,Chisocheton crustularii,Mabb.,Malaysia
Meliaceae,Chisocheton cumingianus,(C.DC.) Harms,Malaysia
Meliaceae,Chisocheton erythrocarpus,Hiern,Malaysia
Meliaceae,Chisocheton granatum,Mabb.,Malaysia
Meliaceae,Chisocheton koordersii,Mabb.,Malaysia
Meliaceae,Chisocheton lansiifolius,Mabb.,Malaysia
Meliaceae,Chisocheton macranthus,(Merr.) Airy Shaw,Malaysia
Meliaceae,Chisocheton macrophyllus,King,Malaysia
Meliaceae,Chisocheton maxilla-pisticis,Mabb.,Malaysia
Meliaceae,Chisocheton medusae,Airy Shaw,Malaysia
Meliaceae,Chisocheton patens,Blume,Malaysia
Meliaceae,Chisocheton pauciflorus,King,Malaysia
Meliaceae,Chisocheton penduliflorus,Planch. ex Hiern,Malaysia
Meliaceae,Chisocheton pentandrus,(Blanco) Merr.,Malaysia
Meliaceae,Chisocheton perakensis,(Hemsl.) Mabb.,Malaysia
Meliaceae,Chisocheton polyandrus,Merr.,Malaysia
Meliaceae,Chisocheton ruber,Ridl.,Malaysia
Meliaceae,Chisocheton sarasinorum,Harms,Malaysia
Meliaceae,Chisocheton sarawakanus,(C.DC.) Harms,Malaysia
Meliaceae,Chisocheton setosus,Ridl.,Malaysia
Meliaceae,Chisocheton tomentosus,(Roxb.) Mabb.,Malaysia
Meliaceae,Chisocheton velutinus,Mabb.,Malaysia
Meliaceae,Chukrasia tabularis,A.Juss.,Malaysia
Meliaceae,Cipadessa baccifera,(Roth) Miq.,Malaysia
Meliaceae,Dysoxylum acutangulum,Miq.,Malaysia
Meliaceae,Dysoxylum alliaceum,(Blume) Blume,Malaysia
Meliaceae,Dysoxylum angustifolium,King,Malaysia
Meliaceae,Dysoxylum arborescens,(Blume) Miq.,Malaysia
Meliaceae,Dysoxylum brachybotrys,Merr.,Malaysia
Meliaceae,Dysoxylum carolinae,Mabb.,Malaysia
Meliaceae,Dysoxylum cauliflorum,Hiern,Malaysia
Meliaceae,Dysoxylum crassum,Mabb.,Malaysia
Meliaceae,Dysoxylum cumingianum,C.DC.,Malaysia
Meliaceae,Dysoxylum cyrtobotryum,Miq.,Malaysia
Meliaceae,Dysoxylum densiflorum,(Blume) Miq.,Malaysia
Meliaceae,Dysoxylum dumosum,King,Malaysia
Meliaceae,Dysoxylum excelsum,Blume,Malaysia
Meliaceae,Dysoxylum flavescens,Hiern,Malaysia
Meliaceae,Dysoxylum grande,Hiern,Malaysia
Meliaceae,Dysoxylum macrocarpum,Blume,Malaysia
Meliaceae,Dysoxylum magnificum,Mabb.,Malaysia
Meliaceae,Dysoxylum mollissimum,Blume,Malaysia
Meliaceae,Dysoxylum pachyrhache,Merr.,Malaysia
Meliaceae,Dysoxylum papillosum,King,Malaysia
Meliaceae,Dysoxylum parasiticum,(Osbeck) Kosterm.,Malaysia
Meliaceae,Dysoxylum rigidum,(Ridl.) Mabb.,Malaysia
Meliaceae,Dysoxylum rugulosum,King,Malaysia
Meliaceae,Munronia pinnata,(Wall.) W.Theob.,Malaysia
Meliaceae,Pseudoclausena chrysogyne,(Miq.) T.Clark,Malaysia
Meliaceae,Reinwardtiodendron cinereum,(Hiern) Mabb.,Malaysia
Meliaceae,Reinwardtiodendron humile,(Hassk.) Mabb.,Malaysia
Meliaceae,Reinwardtiodendron kinabaluense,(Kosterm.) Mabb.,Malaysia
Meliaceae,Sandoricum beccarianum,Baill.,Malaysia
Meliaceae,Sandoricum borneense,Miq.,Malaysia
Meliaceae,Sandoricum caudatum,Mabb.,Malaysia
Meliaceae,Sandoricum dasyneuron,Baill.,Malaysia
Meliaceae,Sandoricum koetjape,(Burm.f.) Merr.,Malaysia
Meliaceae,Toona ciliata,M.Roem.,Malaysia
Meliaceae,Toona sinensis,(Juss.) M.Roem.,Malaysia
Meliaceae,Toona sureni,(Blume) Merr.,Malaysia
Meliaceae,Walsura decipiens,Mabb.,Malaysia
Meliaceae,Walsura dehiscens,T.Clark,Malaysia
Meliaceae,Walsura pachycaulon,Mabb. ex T.Clark,Malaysia
Meliaceae,Walsura pinnata,Hassk.,Malaysia
Meliaceae,Walsura robusta,Roxb.,Malaysia
Meliaceae,Walsura sarawakensis,T.Clark,Malaysia
Meliaceae,Xylocarpus granatum,J.Koenig,Malaysia
Meliaceae,Xylocarpus moluccensis,(Lam.) M.Roem.,Malaysia
Meliaceae,Xylocarpus rumphii,(Kostel.) Mabb.,Malaysia
Menispermaceae,Pachygone laurifolia,(DC.) L.Lian & Wei Wang,Malaysia
Metteniusaceae,Apodytes dimidiata,E.Mey. ex Arn.,Malaysia
Metteniusaceae,Platea bullata,Sleumer,Malaysia
Metteniusaceae,Platea excelsa,Blume,Malaysia
Metteniusaceae,Platea latifolia,Blume,Malaysia
Metteniusaceae,Platea sclerophylla,Sleumer,Malaysia
Monimiaceae,Kibara coriacea,(Blume) Hook.f. & A.Thomps.,Malaysia
Monimiaceae,Matthaea sancta,Blume,Malaysia
Moraceae,Antiaris toxicaria,(J.F.Gmel.) Lesch.,Malaysia
Moraceae,Artocarpus anisophyllus,Miq.,Malaysia
Moraceae,Artocarpus annulatus,F.M.Jarrett,Malaysia
Moraceae,Artocarpus borneensis,Merr.,Malaysia
Moraceae,Artocarpus brevipedunculatus,(F.M.Jarrett) C.C.Berg,Malaysia
Moraceae,Artocarpus calophyllus,Kurz,Malaysia
Moraceae,Artocarpus clementis,Merr.,Malaysia
Moraceae,Artocarpus corneri,Kochummen,Malaysia
Moraceae,Artocarpus dadah,Miq.,Malaysia
Moraceae,Artocarpus elasticus,Reinw. ex Blume,Malaysia
Moraceae,Artocarpus excelsus,F.M.Jarrett,Malaysia
Moraceae,Artocarpus fulvicortex,F.M.Jarrett,Malaysia
Moraceae,Artocarpus glaucus,Blume,Malaysia
Moraceae,Artocarpus gomezianus,Wall. ex Trécul,Malaysia
Moraceae,Artocarpus griffithii,(King) Merr.,Malaysia
Moraceae,Artocarpus hispidus,F.M.Jarrett,Malaysia
Moraceae,Artocarpus humilis,Becc.,Malaysia
Moraceae,Artocarpus integer,(Thunb.) Merr.,Malaysia
Moraceae,Artocarpus kemando,Miq.,Malaysia
Moraceae,Artocarpus lanceifolius,Roxb.,Malaysia
Moraceae,Artocarpus longifolius,Becc.,Malaysia
Moraceae,Artocarpus lowii,King,Malaysia
Moraceae,Artocarpus maingayi,King,Malaysia
Moraceae,Artocarpus mutabilis,Becc.,Malaysia
Moraceae,Artocarpus obtusus,F.M.Jarrett,Malaysia
Moraceae,Artocarpus odoratissimus,Blanco,Malaysia
Moraceae,Artocarpus primackii,Kochummen,Malaysia
Moraceae,Artocarpus rigidus,Blume,Malaysia
Moraceae,Artocarpus sarawakensis,F.M.Jarrett,Malaysia
Moraceae,Artocarpus scortechinii,King,Malaysia
Moraceae,Artocarpus sericicarpus,F.M.Jarrett,Malaysia
Moraceae,Artocarpus tamaran,Becc.,Malaysia
Moraceae,Artocarpus teysmannii,Miq.,Malaysia
Moraceae,Artocarpus tomentosulus,F.M.Jarrett,Malaysia
Moraceae,Bleekrodea insignis,Blume,Malaysia
Moraceae,Broussonetia papyrifera,(L.) L'Hér. ex Vent.,Malaysia
Moraceae,Ficus albipila,(Miq.) King,Malaysia
Moraceae,Ficus albomaculata,C.C.Berg,Malaysia
Moraceae,Ficus altissima,Blume,Malaysia
Moraceae,Ficus androchaete,Corner,Malaysia
Moraceae,Ficus annulata,Blume,Malaysia
Moraceae,Ficus aurata,(Miq.) Miq.,Malaysia
Moraceae,Ficus auricoma,Corner ex C.C.Berg,Malaysia
Moraceae,Ficus aurita,Blume,Malaysia
Moraceae,Ficus beccarii,King,Malaysia
Moraceae,Ficus benjamina,L.,Malaysia
Moraceae,Ficus binnendijkii,Miq.,Malaysia
Moraceae,Ficus borneensis,Kochummen,Malaysia
Moraceae,Ficus bracteata,(Miq.) Wall. ex Miq.,Malaysia
Moraceae,Ficus bruneiensis,Corner,Malaysia
Moraceae,Ficus brunneoaurata,Corner,Malaysia
Moraceae,Ficus bukitrayaensis,C.C.Berg,Malaysia
Moraceae,Ficus calcicola,Corner,Malaysia
Moraceae,Ficus callophylla,Blume,Malaysia
Moraceae,Ficus callosa,Willd.,Malaysia
Moraceae,Ficus caulocarpa,(Miq.) Miq.,Malaysia
Moraceae,Ficus cereicarpa,Corner,Malaysia
Moraceae,Ficus chartacea,(Wall. ex Kurz) Wall. ex King,Malaysia
Moraceae,Ficus concinna,(Miq.) Miq.,Malaysia
Moraceae,Ficus consociata,Blume,Malaysia
Moraceae,Ficus crassiramea,(Miq.) Miq.,Malaysia
Moraceae,Ficus cucurbitina,King,Malaysia
Moraceae,Ficus cumingii,Miq.,Malaysia
Moraceae,Ficus curtipes,Corner,Malaysia
Moraceae,Ficus cuspidata,Reinw. ex Blume,Malaysia
Moraceae,Ficus delosyce,Corner,Malaysia
Moraceae,Ficus deltoidea,Jack,Malaysia
Moraceae,Ficus densechini,Corner,Malaysia
Moraceae,Ficus depressa,Blume,Malaysia
Moraceae,Ficus diamantiphylla,Corner,Malaysia
Moraceae,Ficus drupacea,Thunb.,Malaysia
Moraceae,Ficus elastica,Roxb. ex Hornem.,Malaysia
Moraceae,Ficus endospermifolia,Corner,Malaysia
Moraceae,Ficus eumorpha,Corner,Malaysia
Moraceae,Ficus fistulosa,Reinw. ex Blume,Malaysia
Moraceae,Ficus forstenii,Miq.,Malaysia
Moraceae,Ficus francisci,H.J.P.Winkl.,Malaysia
Moraceae,Ficus fulva,Reinw. ex Blume,Malaysia
Moraceae,Ficus geocharis,Corner,Malaysia
Moraceae,Ficus gibbsiae,Ridl.,Malaysia
Moraceae,Ficus gilapong,Miq.,Malaysia
Moraceae,Ficus glandulifera,(Wall. ex Miq.) King,Malaysia
Moraceae,Ficus grossularioides,Burm.f.,Malaysia
Moraceae,Ficus gul,K.Schum. & Lauterb.,Malaysia
Moraceae,Ficus hemsleyana,King,Malaysia
Moraceae,Ficus heteropleura,Blume,Malaysia
Moraceae,Ficus hispida,L.f.,Malaysia
Moraceae,Ficus inaequipetiolata,Merr.,Malaysia
Moraceae,Ficus ischnopoda,Miq.,Malaysia
Moraceae,Ficus ixoroides,Corner,Malaysia
Moraceae,Ficus kerkhovenii,Koord. & Valeton,Malaysia
Moraceae,Ficus kochummeniana,C.C.Berg,Malaysia
Moraceae,Ficus kuchinensis,C.C.Berg,Malaysia
Moraceae,Ficus kurzii,King,Malaysia
Moraceae,Ficus lamponga,Miq.,Malaysia
Moraceae,Ficus lawesii,King,Malaysia
Moraceae,Ficus lepicarpa,Blume,Malaysia
Moraceae,Ficus leptocalama,Corner,Malaysia
Moraceae,Ficus leptogramma,Corner,Malaysia
Moraceae,Ficus limosa,C.C.Berg,Malaysia
Moraceae,Ficus lindsayana,Beentje,Malaysia
Moraceae,Ficus longistipulata,Kochummen,Malaysia
Moraceae,Ficus lowii,King,Malaysia
Moraceae,Ficus macilenta,King,Malaysia
Moraceae,Ficus maclellandii,King,Malaysia
Moraceae,Ficus magnoliifolia,Blume,Malaysia
Moraceae,Ficus malayana,C.C.Berg & Chantaras.,Malaysia
Moraceae,Ficus megaleia,Corner,Malaysia
Moraceae,Ficus melinocarpa,Blume,Malaysia
Moraceae,Ficus microcarpa,L.f.,Malaysia
Moraceae,Ficus microsyce,Ridl.,Malaysia
Moraceae,Ficus midotis,Corner,Malaysia
Moraceae,Ficus minahassae,(Teijsm. & Vriese) Miq.,Malaysia
Moraceae,Ficus mollissima,Ridl.,Malaysia
Moraceae,Ficus montana,Burm.f.,Malaysia
Moraceae,Ficus nervosa,B.Heyne ex Roth,Malaysia
Moraceae,Ficus nota,(Blanco) Merr.,Malaysia
Moraceae,Ficus obpyramidata,King,Malaysia
Moraceae,Ficus obscura,Blume,Malaysia
Moraceae,Ficus oleifolia,King,Malaysia
Moraceae,Ficus oreophila,Ridl.,Malaysia
Moraceae,Ficus pallescens,(Weiblen) C.C.Berg,Malaysia
Moraceae,Ficus paracamptophylla,Corner,Malaysia
Moraceae,Ficus parietalis,Blume,Malaysia
Moraceae,Ficus pisocarpa,Blume,Malaysia
Moraceae,Ficus pubigera,(Wall. ex Miq.) Brandis,Malaysia
Moraceae,Ficus pubilimba,Merr.,Malaysia
Moraceae,Ficus racemosa,L.,Malaysia
Moraceae,Ficus retusa,L.,Malaysia
Moraceae,Ficus ribes,Reinw. ex Blume,Malaysia
Moraceae,Ficus ridleyana,C.C.Berg & Chantaras.,Malaysia
Moraceae,Ficus rubrocuspidata,Corner,Malaysia
Moraceae,Ficus rubromidotis,Corner,Malaysia
Moraceae,Ficus ruficaulis,Merr.,Malaysia
Moraceae,Ficus rumphii,Blume,Malaysia
Moraceae,Ficus satterthwaitei,Elmer,Malaysia
Moraceae,Ficus saxophila,Blume,Malaysia
Moraceae,Ficus scaberrima,Blume,Malaysia
Moraceae,Ficus schwarzii,Koord.,Malaysia
Moraceae,Ficus semicordata,Buch.-Ham. ex Sm.,Malaysia
Moraceae,Ficus septica,Burm.f.,Malaysia
Moraceae,Ficus setiflora,Stapf,Malaysia
Moraceae,Ficus simplicissima,Lour.,Malaysia
Moraceae,Ficus sinuata,Thunb.,Malaysia
Moraceae,Ficus spathulifolia,Corner,Malaysia
Moraceae,Ficus stolonifera,King,Malaysia
Moraceae,Ficus stricta,(Miq.) Miq.,Malaysia
Moraceae,Ficus subcordata,Blume,Malaysia
Moraceae,Ficus subfulva,Corner,Malaysia
Moraceae,Ficus subgelderi,Corner,Malaysia
Moraceae,Ficus subglabritepala,C.C.Berg,Malaysia
Moraceae,Ficus subpisocarpa,Gagnep.,Malaysia
Moraceae,Ficus subterranea,Corner,Malaysia
Moraceae,Ficus subulata,Blume,Malaysia
Moraceae,Ficus sumatrana,Miq.,Malaysia
Moraceae,Ficus sundaica,Blume,Malaysia
Moraceae,Ficus superba,(Miq.) Miq.,Malaysia
Moraceae,Ficus tarennifolia,Corner,Malaysia
Moraceae,Ficus treubii,King,Malaysia
Moraceae,Ficus trichocarpa,Blume,Malaysia
Moraceae,Ficus triloba,Buch.-Ham. ex Voigt,Malaysia
Moraceae,Ficus tristaniifolia,Corner,Malaysia
Moraceae,Ficus uncinata,(King) Becc.,Malaysia
Moraceae,Ficus uniglandulosa,Wall.,Malaysia
Moraceae,Ficus variegata,Blume,Malaysia
Moraceae,Ficus vasculosa,Wall. ex Miq.,Malaysia
Moraceae,Ficus virens,Aiton,Malaysia
Moraceae,Ficus virescens,Corner,Malaysia
Moraceae,Ficus xylophylla,(Miq.) Wall. ex Miq.,Malaysia
Moraceae,Hullettia dumosa,King,Malaysia
Moraceae,Parartocarpus bracteatus,(King) Becc.,Malaysia
Moraceae,Parartocarpus venenosa,(Zoll. & Moritzi) Becc.,Malaysia
Moraceae,Paratrophis glabra,(Merr.) Steenis,Malaysia
Moraceae,Prainea limpato,(Miq.) Beumée ex K.Heyne,Malaysia
Moraceae,Prainea scandens,King ,Malaysia
Moraceae,Sloetia elongata,(Miq.) Koord.,Malaysia
Moraceae,Streblus asper,Lour.,Malaysia
Moraceae,Taxotrophis ilicifolia,(Kurz) S.Vidal,Malaysia
Moraceae,Taxotrophis macrophylla,(Blume) Boerl.,Malaysia
Moraceae,Taxotrophis perakensis,(Corner) E.M.Gardner,Malaysia
Moraceae,Taxotrophis taxoides,(B.Heyne ex Roth) Chew ex E.M.Gardner,Malaysia
Myricaceae,Morella esculenta,(Buch.-Ham. ex D.Don) I.M.Turner,Malaysia
Myricaceae,Morella javanica,(Blume) I.M.Turner,Malaysia
Myristicaceae,Endocomia canarioides,(King) W.J.de Wilde,Malaysia
Myristicaceae,Endocomia macrocoma,(Miq.) W.J.de Wilde,Malaysia
Myristicaceae,Endocomia rufirachis,(Sinclair) W.J.de Wilde,Malaysia
Myristicaceae,Endocomia virella,W.J.de Wilde,Malaysia
Myristicaceae,Gymnacranthera bancana,(Miq.) J.Sinclair,Malaysia
Myristicaceae,Gymnacranthera contracta,Warb.,Malaysia
Myristicaceae,Gymnacranthera farquhariana,(Hook.f. & Thomson) Warb.,Malaysia
Myristicaceae,Gymnacranthera forbesii,(King) Warb.,Malaysia
Myristicaceae,Gymnacranthera ocellata,R.T.A.Schouten,Malaysia
Myristicaceae,Horsfieldia amplomontana,W.J.de Wilde,Malaysia
Myristicaceae,Horsfieldia androphora,W.J.de Wilde,Malaysia
Myristicaceae,Horsfieldia borneensis,W.J.de Wilde,Malaysia
Myristicaceae,Horsfieldia brachiata,(King) Warb.,Malaysia
Myristicaceae,Horsfieldia carnosa,Warb.,Malaysia
Myristicaceae,Horsfieldia crassifolia,(Hook.f. & Thomson) Warb.,Malaysia
Myristicaceae,Horsfieldia elongata,W.J.de Wilde,Malaysia
Myristicaceae,Horsfieldia endertii,W.J.de Wilde,Malaysia
Myristicaceae,Horsfieldia flocculosa,Warb.,Malaysia
Myristicaceae,Horsfieldia fragillima,Airy Shaw,Malaysia
Myristicaceae,Horsfieldia fulva,(King) Warb.,Malaysia
Myristicaceae,Horsfieldia gracilis,W.J.de Wilde,Malaysia
Myristicaceae,Horsfieldia grandis,(Hook.f.) Warb.,Malaysia
Myristicaceae,Horsfieldia irya,(Gaertn.) Warb.,Malaysia
Myristicaceae,Horsfieldia laticostata,(J.Sinclair) W.J.de Wilde,Malaysia
Myristicaceae,Horsfieldia macilenta,W.J.de Wilde,Malaysia
Myristicaceae,Horsfieldia majuscula,Warb.,Malaysia
Myristicaceae,Horsfieldia montana,Airy Shaw,Malaysia
Myristicaceae,Horsfieldia motleyi,Warb.,Malaysia
Myristicaceae,Horsfieldia nervosa,W.J.de Wilde,Malaysia
Myristicaceae,Horsfieldia obtusa,W.J.de Wilde,Malaysia
Myristicaceae,Horsfieldia oligocarpa,Warb.,Malaysia
Myristicaceae,Horsfieldia pallidicaula,W.J.de Wilde,Malaysia
Myristicaceae,Horsfieldia paucinervis,Warb.,Malaysia
Myristicaceae,Horsfieldia penangiana,J.Sinclair,Malaysia
Myristicaceae,Horsfieldia perangusta,W.J.de Wilde,Malaysia
Myristicaceae,Horsfieldia polyspherula,(Hook.f. ex King) J.Sinclair,Malaysia
Myristicaceae,Horsfieldia pulcherrima,W.J.de Wilde,Malaysia
Myristicaceae,Horsfieldia punctata,W.J.de Wilde,Malaysia
Myristicaceae,Horsfieldia punctatifolia,J.Sinclair,Malaysia
Myristicaceae,Horsfieldia reticulata,Warb.,Malaysia
Myristicaceae,Horsfieldia ridleyana,Warb.,Malaysia
Myristicaceae,Horsfieldia rufolanata,Airy Shaw,Malaysia
Myristicaceae,Horsfieldia sabulosa,J.Sinclair,Malaysia
Myristicaceae,Horsfieldia sessilifolia,W.J.de Wilde,Malaysia
Myristicaceae,Horsfieldia sparsa,W.J.de Wilde,Malaysia
Myristicaceae,Horsfieldia splendida,W.J.de Wilde,Malaysia
Myristicaceae,Horsfieldia sterilis,W.J.de Wilde,Malaysia
Myristicaceae,Horsfieldia subalpina,J.Sinclair,Malaysia
Myristicaceae,Horsfieldia sucosa,Warb.,Malaysia
Myristicaceae,Horsfieldia superba,Warb.,Malaysia
Myristicaceae,Horsfieldia tenuifolia,(J.Sinclair) W.J.de Wilde,Malaysia
Myristicaceae,Horsfieldia tomentosa,Warb.,Malaysia
Myristicaceae,Horsfieldia tristis,W.J.de Wilde,Malaysia
Myristicaceae,Horsfieldia wallichii,Warb.,Malaysia
Myristicaceae,Horsfieldia xanthina,Airy Shaw,Malaysia
Myristicaceae,Knema andamanica,(Warb.) W.J.de Wilde,Malaysia
Myristicaceae,Knema ashtonii,J.Sinclair,Malaysia
Myristicaceae,Knema cinerea,Warb.,Malaysia
Myristicaceae,Knema communis,J.Sinclair,Malaysia
Myristicaceae,Knema conferta,(King) Warb.,Malaysia
Myristicaceae,Knema curtisii,Warb.,Malaysia
Myristicaceae,Knema elmeri,Merr.,Malaysia
Myristicaceae,Knema emmae,W.J.de Wilde,Malaysia
Myristicaceae,Knema furfuracea,(Hook.f. & Thomson) Warb.,Malaysia
Myristicaceae,Knema galeata,J.Sinclair,Malaysia
Myristicaceae,Knema glauca,(Blume) Warb.,Malaysia
Myristicaceae,Knema glaucescens,Jack,Malaysia
Myristicaceae,Knema globularia,(Lam.) Warb.,Malaysia
Myristicaceae,Knema glomerata,(Blanco) Merr.,Malaysia
Myristicaceae,Knema hirtella,W.J.de Wilde,Malaysia
Myristicaceae,Knema hookeriana,Warb.,Malaysia
Myristicaceae,Knema intermedia,Warb.,Malaysia
Myristicaceae,Knema kinabaluensis,J.Sinclair,Malaysia
Myristicaceae,Knema korthalsii,Warb.,Malaysia
Myristicaceae,Knema kostermansiana,W.J.de Wilde,Malaysia
Myristicaceae,Knema kunstleri,(King) Warb.,Malaysia
Myristicaceae,Knema lamellaria,W.J.de Wilde,Malaysia
Myristicaceae,Knema latericia,Elmer,Malaysia
Myristicaceae,Knema latifolia,Warb.,Malaysia
Myristicaceae,Knema laurina,Warb.,Malaysia
Myristicaceae,Knema linguiformis,(J.Sinclair) W.J.de Wilde,Malaysia
Myristicaceae,Knema lunduensis,(J.Sinclair) W.J.de Wilde,Malaysia
Myristicaceae,Knema luteola,W.J.de Wilde,Malaysia
Myristicaceae,Knema malayana,Warb.,Malaysia
Myristicaceae,Knema mandaharan,(Miq.) Warb.,Malaysia
Myristicaceae,Knema membranifolia,H.J.P.Winkl.,Malaysia
Myristicaceae,Knema mogeana,W.J.de Wilde,Malaysia
Myristicaceae,Knema muscosa,J.Sinclair,Malaysia
Myristicaceae,Knema oblongata,Merr.,Malaysia
Myristicaceae,Knema oblongifolia,Warb.,Malaysia
Myristicaceae,Knema pallens,W.J.de Wilde,Malaysia
Myristicaceae,Knema patentinervia,(J.Sinclair) W.J.de Wilde,Malaysia
Myristicaceae,Knema pectinata,Warb.,Malaysia
Myristicaceae,Knema pedicellata,W.J.de Wilde,Malaysia
Myristicaceae,Knema percoriacea,J.Sinclair,Malaysia
Myristicaceae,Knema piriformis,W.J.de Wilde,Malaysia
Myristicaceae,Knema plumulosa,J.Sinclair,Malaysia
Myristicaceae,Knema pseudolaurina,W.J.de Wilde,Malaysia
Myristicaceae,Knema psilantha,W.J.de Wilde,Malaysia
Myristicaceae,Knema pubiflora,W.J.de Wilde,Malaysia
Myristicaceae,Knema pulchra,Warb.,Malaysia
Myristicaceae,Knema retusa,Warb.,Malaysia
Myristicaceae,Knema rigidifolia,J.Sinclair,Malaysia
Myristicaceae,Knema rubens,(J.Sinclair) W.J.de Wilde,Malaysia
Myristicaceae,Knema rufa,Warb.,Malaysia
Myristicaceae,Knema scortechinii,(King) J.Sinclair,Malaysia
Myristicaceae,Knema sericea,W.J.de Wilde,Malaysia
Myristicaceae,Knema stenophylla,(Warb.) J.Sinclair,Malaysia
Myristicaceae,Knema stylosa,(W.J.de Wilde) W.J.de Wilde,Malaysia
Myristicaceae,Knema subhirtella,W.J.de Wilde,Malaysia
Myristicaceae,Knema sumatrana,(Blume) W.J.de Wilde,Malaysia
Myristicaceae,Knema tridactyla,Airy Shaw,Malaysia
Myristicaceae,Knema uliginosa,J.Sinclair,Malaysia
Myristicaceae,Knema viridis,W.J.de Wilde,Malaysia
Myristicaceae,Knema woodii,J.Sinclair,Malaysia
Myristicaceae,Myristica beccarii,Warb.,Malaysia
Myristicaceae,Myristica borneensis,Warb.,Malaysia
Myristicaceae,Myristica cinnamomea,King,Malaysia
Myristicaceae,Myristica corticata,W.J.de Wilde,Malaysia
Myristicaceae,Myristica crassa,King,Malaysia
Myristicaceae,Myristica depressa,W.J.de Wilde,Malaysia
Myristicaceae,Myristica elliptica,Wall. ex Hook.f. & Thomson,Malaysia
Myristicaceae,Myristica extensa,W.J.de Wilde,Malaysia
Myristicaceae,Myristica fallax,Warb.,Malaysia
Myristicaceae,Myristica gigantea,King,Malaysia
Myristicaceae,Myristica guatteriifolia,A.DC.,Malaysia
Myristicaceae,Myristica iners,Blume,Malaysia
Myristicaceae,Myristica lowiana,King,Malaysia
Myristicaceae,Myristica maingayi,Hook.f.,Malaysia
Myristicaceae,Myristica malaccensis,Hook.f.,Malaysia
Myristicaceae,Myristica maxima,Warb.,Malaysia
Myristicaceae,Myristica papyracea,J.Sinclair,Malaysia
Myristicaceae,Myristica simiarum,A. DC.,Malaysia
Myristicaceae,Myristica smythiesii,J.Sinclair,Malaysia
Myristicaceae,Myristica villosa,Warb.,Malaysia
Myristicaceae,Myristica wyatt-smithii,Airy Shaw,Malaysia
Myrtaceae,Baeckea frutescens,L.,Malaysia
Myrtaceae,Decaspermum montanum,Ridl.,Malaysia
Myrtaceae,Decaspermum parviflorum,(Lam.) A.J.Scott,Malaysia
Myrtaceae,Decaspermum vitis-idaea,Stapf,Malaysia
Myrtaceae,Eugenia reinwardtiana,(Blume) DC.,Malaysia
Myrtaceae,Leptospermum javanicum,Blume,Malaysia
Myrtaceae,Leptospermum recurvum,Hook.f.,Malaysia
Myrtaceae,Melaleuca cajuputi,Maton & Sm. ex R.Powell,Malaysia
Myrtaceae,Osbornia octodonta,F.Muell.,Malaysia
Myrtaceae,Rhodamnia cinerea,Jack,Malaysia
Myrtaceae,Rhodamnia dumetorum,(DC.) Merr. & L.M.Perry,Malaysia
Myrtaceae,Rhodamnia mulleri,(Korth.) Blume,Malaysia
Myrtaceae,Rhodamnia uniflora,(Ridl.) Burkill,Malaysia
Myrtaceae,Rhodomyrtus tomentosa,(Aiton) Hassk.,Malaysia
Myrtaceae,Seorsus taxifolius,(Merr.) Rye & Trudgen,Malaysia
Myrtaceae,Syzygium acuminatissimum,(Blume) DC.,Malaysia
Myrtaceae,Syzygium adenophyllum,Merr. & L.M.Perry,Malaysia
Myrtaceae,Syzygium altecastaneum,(P.S.Ashton) Byng & Christenh.,Malaysia
Myrtaceae,Syzygium alyxiifolium,(Ridl.) I.M.Turner,Malaysia
Myrtaceae,Syzygium ampullarium,(Stapf) Merr. & L.M.Perry,Malaysia
Myrtaceae,Syzygium anacardiifolium,(Craib) Chantar. & J.Parn.,Malaysia
Myrtaceae,Syzygium angustifolium,"(M.R.Hend.) Byng & Christenh.,",Malaysia
Myrtaceae,Syzygium anisosepalum,(Duthie) I.M.Turner,Malaysia
Myrtaceae,Syzygium anthicoides,P.S.Ashton,Malaysia
Myrtaceae,Syzygium anthicum,(Ridl.) Merr. & L.M.Perry,Malaysia
Myrtaceae,Syzygium antisepticum,(Blume) Merr. & L.M.Perry,Malaysia
Myrtaceae,Syzygium apiarii,P.S.Ashton,Malaysia
Myrtaceae,Syzygium aqueum,(Burm.f.) Alston,Malaysia
Myrtaceae,Syzygium arcanum,P.S.Ashton,Malaysia
Myrtaceae,Syzygium arcuatinervium,(Merr.) Craven & Biffin,Malaysia
Myrtaceae,Syzygium attenuatum,(Miq.) Merr. & L.M.Perry,Malaysia
Myrtaceae,Syzygium avene,Miq.,Malaysia
Myrtaceae,Syzygium badescens,P.S.Ashton,Malaysia
Myrtaceae,Syzygium bakoense,P.S.Ashton,Malaysia
Myrtaceae,Syzygium bankense,(Hassk.) Merr. & L.M.Perry,Malaysia
Myrtaceae,Syzygium baramense,(Merr.) Merr. & L.M.Perry,Malaysia
Myrtaceae,Syzygium barringtonioides,(Ridl.) Masam.,Malaysia
Myrtaceae,Syzygium beccarii,(Ridl.) Merr. & L.M.Perry,Malaysia
Myrtaceae,Syzygium bicostatum,P.S.Ashton,Malaysia
Myrtaceae,Syzygium biniflorum,(Ridl.) P.S.Ashton,Malaysia
Myrtaceae,Syzygium borneense,(Miq.) Miq.,Malaysia
Myrtaceae,Syzygium brachypodum,Merr. & L.M.Perry,Malaysia
Myrtaceae,Syzygium brachyrachis,Merr. & L.M.Perry,Malaysia
Myrtaceae,Syzygium bujangii,P.S.Ashton,Malaysia
Myrtaceae,Syzygium burkillianum,(King) I.M.Turner,Malaysia
Myrtaceae,Syzygium calyptrocalyx,P.S.Ashton,Malaysia
Myrtaceae,Syzygium cameronum,I.M.Turner,Malaysia
Myrtaceae,Syzygium camptophyllum,(M.R.Hend.) I.M.Turner,Malaysia
Myrtaceae,Syzygium capitatum,(Merr.) Merr. & L.M.Perry,Malaysia
Myrtaceae,Syzygium caryophylliflorum,(Ridl.) Merr. & L.M.Perry,Malaysia
Myrtaceae,Syzygium castaneum,(Merr.) Merr. & L.M.Perry,Malaysia
Myrtaceae,Syzygium caudatilimbum,(Merr.) Merr. & L.M.Perry,Malaysia
Myrtaceae,Syzygium caudatum,(Merr.) Airy Shaw,Malaysia
Myrtaceae,Syzygium cephalophorum,(Ridl.) Merr. & L.M.Perry,Malaysia
Myrtaceae,Syzygium chaii,P.S.Ashton,Malaysia
Myrtaceae,Syzygium chloranthum,(Duthie) Merr. & L.M.Perry,Malaysia
Myrtaceae,Syzygium chloroleucum,(King) Masam.,Malaysia
Myrtaceae,Syzygium christmannii,Merr. & L.M.Perry,Malaysia
Myrtaceae,Syzygium claviflorum,(Roxb.) Wall. ex A.M.Cowan & Cowan,Malaysia
Myrtaceae,Syzygium cleistocalyx,(Merr.) P.S.Ashton,Malaysia
Myrtaceae,Syzygium confertum,(Korth.) Merr. & L.M.Perry,Malaysia
Myrtaceae,Syzygium confusum,(Blume) Bakh.f.,Malaysia
Myrtaceae,Syzygium conglobatum,Merr.,Malaysia
Myrtaceae,Syzygium conglomeratum,(Duthie) I.M.Turner,Malaysia
Myrtaceae,Syzygium cordifoliatum,(Ridl.) I.M.Turner,Malaysia
Myrtaceae,Syzygium cornuflorum,P.S.Ashton,Malaysia
Myrtaceae,Syzygium creaghii,(Ridl.) Merr. & L.M.Perry,Malaysia
Myrtaceae,Syzygium crypteronioides,P.S.Ashton,Malaysia
Myrtaceae,Syzygium cumini,(L.) Skeels,Malaysia
Myrtaceae,Syzygium cuneiforme,Merr. & L.M.Perry,Malaysia
Myrtaceae,Syzygium curtisii,(King) Merr. & L.M.Perry,Malaysia
Myrtaceae,Syzygium cyrtophylloides,(Ridl.) I.M.Turner,Malaysia
Myrtaceae,Syzygium dasyphyllum,Merr. & L.M.Perry,Malaysia
Myrtaceae,Syzygium diospyrifolium,(Wall. ex Duthie) S.N.Mitra,Malaysia
Myrtaceae,Syzygium durifolium,Merr. & L.M.Perry,Malaysia
Myrtaceae,Syzygium duthieanum,(King) Masam.,Malaysia
Myrtaceae,Syzygium dyerianum,(King) Chantar. & J.Parn.,Malaysia
Myrtaceae,Syzygium elliptilimbum,(Merr.) Merr. & L.M.Perry,Malaysia
Myrtaceae,Syzygium elopurae,(Ridl.) Merr. & L.M.Perry,Malaysia
Myrtaceae,Syzygium erythranthum,Merr. & L.M.Perry,Malaysia
Myrtaceae,Syzygium eugeniiforme,P.S.Ashton,Malaysia
Myrtaceae,Syzygium faciflorum,P.S.Ashton,Malaysia
Myrtaceae,Syzygium fastigiatum,(Blume) Merr. & L.M.Perry,Malaysia
Myrtaceae,Syzygium filiforme,Chantar. & J.Parn.,Malaysia
Myrtaceae,Syzygium flosculiferum,(M.R.Hend.) Sreek.,Malaysia
Myrtaceae,Syzygium formosum,(Wall.) Mason,Malaysia
Myrtaceae,Syzygium fossiramulosum,P.S.Ashton,Malaysia
Myrtaceae,Syzygium foxworthianum,(Ridl.) Merr. & L.M.Perry,Malaysia
Myrtaceae,Syzygium fulvotomentosum,P.S.Ashton,Malaysia
Myrtaceae,Syzygium fusticuliferum,(Ridl.) Merr. & L.M.Perry,Malaysia
Myrtaceae,Syzygium gageanum,(King) I.M.Turner,Malaysia
Myrtaceae,Syzygium garciniifolium,(King) Merr. & L.M.Perry,Malaysia
Myrtaceae,Syzygium georgeae,P.S.Ashton,Malaysia
Myrtaceae,Syzygium glabratum,(DC.) Veldkamp,Malaysia
Myrtaceae,Syzygium gladiatum,(Ridl.) Merr. & L.M.Perry,Malaysia
Myrtaceae,Syzygium glanduligerum,(Ridl.) Merr. & L.M.Perry,Malaysia
Myrtaceae,Syzygium glaucum,(King) Chantar. & J.Parn.,Malaysia
Myrtaceae,Syzygium goodenovii,(King) Masam.,Malaysia
Myrtaceae,Syzygium gracilipaniculum,P.S.Ashton,Malaysia
Myrtaceae,Syzygium graeme-andersoniae,(Ridl.) I.M.Turner,Malaysia
Myrtaceae,Syzygium grande,(Wight) Walp.,Malaysia
Myrtaceae,Syzygium griffithii,(Duthie) Merr. & L.M.Perry,Malaysia
Myrtaceae,Syzygium halophilum,(Merr.) Masam.,Malaysia
Myrtaceae,Syzygium haniffii,(M.R.Hend.) I.M.Turner,Malaysia
Myrtaceae,Syzygium havilandii,(Merr.) Merr. & L.M.Perry,Malaysia
Myrtaceae,Syzygium helferi,(Duthie) Chantar. & J.Parn.,Malaysia
Myrtaceae,Syzygium hemsleyanum,(King) Chantar. & J.Parn.,Malaysia
Myrtaceae,Syzygium hendersonii,Merr.,Malaysia
Myrtaceae,Syzygium hirtum,(Korth.) Merr. & L.M.Perry,Malaysia
Myrtaceae,Syzygium hoseanum,(King) Merr. & L.M.Perry,Malaysia
Myrtaceae,Syzygium houttuynii,Merr. & L.M.Perry,Malaysia
Myrtaceae,Syzygium houttuyniifolia,P.S.Ashton,Malaysia
Myrtaceae,Syzygium hullettianum,(King) Chantar. & J.Parn.,Malaysia
Myrtaceae,Syzygium hypsipetes,Airy Shaw,Malaysia
Myrtaceae,Syzygium idrisii,P.S.Ashton,Malaysia
Myrtaceae,Syzygium iliasii,P.S.Ashton,Malaysia
Myrtaceae,Syzygium imperiale,P.S.Ashton,Malaysia
Myrtaceae,Syzygium inasense,(King) I.M.Turner,Malaysia
Myrtaceae,Syzygium incarnatum,(Elmer) Merr. & L.M.Perry,Malaysia
Myrtaceae,Syzygium inophyllum,DC.,Malaysia
Myrtaceae,Syzygium jambos,(L.) Alston,Malaysia
Myrtaceae,Syzygium jasminifolium,(Ridl.) Chantar. & J.Parn.,Malaysia
Myrtaceae,Syzygium kalahiense,Korth.,Malaysia
Myrtaceae,Syzygium kemamanense,(M.R.Hend.) I.M.Turner,Malaysia
Myrtaceae,Syzygium khoonmengianum,P.S.Ashton,Malaysia
Myrtaceae,Syzygium kiahii,(M.R.Hend.) I.M.Turner,Malaysia
Myrtaceae,Syzygium kiauense,(Merr.) Merr. & L.M.Perry,Malaysia
Myrtaceae,Syzygium kinabaluense,(Stapf) Merr. & L.M.Perry,Malaysia
Myrtaceae,Syzygium klossii,(Ridl.) Masam.,Malaysia
Myrtaceae,Syzygium koordersianum,(King) I.M.Turner,Malaysia
Myrtaceae,Syzygium kudatense,P.S.Ashton,Malaysia
Myrtaceae,Syzygium kunstleri,(King) Bahadur & R.C.Gaur,Malaysia
Myrtaceae,Syzygium lambirense,P.S.Ashton,Malaysia
Myrtaceae,Syzygium lamii,Merr. & L.M.Perry,Malaysia
Myrtaceae,Syzygium leptostemon,(Korth.) Merr. & L.M.Perry,Malaysia
Myrtaceae,Syzygium leucocladum,Merr. & L.M.Perry,Malaysia
Myrtaceae,Syzygium leucoxylon,Korth.,Malaysia
Myrtaceae,Syzygium lineatum,(DC.) Merr. & L.M.Perry,Malaysia
Myrtaceae,Syzygium linocieroideum,(King) I.M.Turner,Malaysia
Myrtaceae,Syzygium lunduense,(Merr.) Merr. & L.M.Perry,Malaysia
Myrtaceae,Syzygium macromyrtus,(Koord. & Valeton) Merr. & L.M.Perry,Malaysia
Myrtaceae,Syzygium maingayi,Chantar. & J.Parn.,Malaysia
Myrtaceae,Syzygium malaccense,(L.) Merr. & L.M.Perry,Malaysia
Myrtaceae,Syzygium medium,(Korth.) Merr. & L.M.Perry,Malaysia
Myrtaceae,Syzygium millsii,(M.R.Hend.) I.M.Turner,Malaysia
Myrtaceae,Syzygium monticola,Merr. & L.M.Perry,Malaysia
Myrtaceae,Syzygium moultonii,(Merr.) Merr. & L.M.Perry,Malaysia
Myrtaceae,Syzygium muelleri,(Miq.) Miq.,Malaysia
Myrtaceae,Syzygium multibracteolatum,(Merr.) Merr. & L.M.Perry,Malaysia
Myrtaceae,Syzygium myrianthum,(King) I.M.Turner,Malaysia
Myrtaceae,Syzygium myrtifolium,Walp.,Malaysia
Myrtaceae,Syzygium myrtilloides,Merr. & L.M.Perry,Malaysia
Myrtaceae,Syzygium myrtillus,(Stapf) Merr. & L.M.Perry,Malaysia
Myrtaceae,Syzygium napiforme,(Koord. & Valeton) Merr. & L.M.Perry,Malaysia
Myrtaceae,Syzygium neriifolium,Becc. ex Merr. & L.M.Perry,Malaysia
Myrtaceae,Syzygium nervosum,A.Cunn. ex DC.,Malaysia
Myrtaceae,Syzygium ngadimanianum,(M.R.Hend.) I.M.Turner,Malaysia
Myrtaceae,Syzygium nigricans,(King) Merr. & L.M.Perry,Malaysia
Myrtaceae,Syzygium nitidulum,(Ridl.) I.M.Turner,Malaysia
Myrtaceae,Syzygium nummularium,Airy Shaw,Malaysia
Myrtaceae,Syzygium oblanceolatum,(C.B.Rob.) Merr.,Malaysia
Myrtaceae,Syzygium oblatum,(Roxb.) Wall. ex A.M.Cowan & Cowan,Malaysia
Myrtaceae,Syzygium odoardoi,Merr. & L.M.Perry,Malaysia
Myrtaceae,Syzygium oligomyrum,Diels,Malaysia
Myrtaceae,Syzygium oreophilum,I.M.Turner,Malaysia
Myrtaceae,Syzygium orites,(Ridl.) I.M.Turner,Malaysia
Myrtaceae,Syzygium pachyphyllum,(Kurz) Merr. & L.M.Perry,Malaysia
Myrtaceae,Syzygium pachysepalum,Merr. & L.M.Perry,Malaysia
Myrtaceae,Syzygium pahangense,(Ridl.) I.M.Turner,Malaysia
Myrtaceae,Syzygium palawanense,(C.B.Rob.) Merr. & L.M.Perry,Malaysia
Myrtaceae,Syzygium pallidilimbum,Merr. & L.M.Perry,Malaysia
Myrtaceae,Syzygium pallidulum,(Ridl.) I.M.Turner,Malaysia
Myrtaceae,Syzygium paludosum,P.S.Ashton,Malaysia
Myrtaceae,Syzygium panzeri,Merr. & L.M.Perry,Malaysia
Myrtaceae,Syzygium papillosum,(Duthie) Merr. & L.M.Perry,Malaysia
Myrtaceae,Syzygium paradoxum,(Merr.) Masam.,Malaysia
Myrtaceae,Syzygium paraiense,Merr. & L.M.Perry,Malaysia
Myrtaceae,Syzygium paucipunctatum,(Koord. & Valeton) Merr. & L.M.Perry,Malaysia
Myrtaceae,Syzygium pauper,(Ridl.) I.M.Turner,Malaysia
Myrtaceae,Syzygium pendens,(Duthie) I.M.Turner,Malaysia
Myrtaceae,Syzygium penibukanense,Merr. & L.M.Perry,Malaysia
Myrtaceae,Syzygium peregrinum,(Blume) Merr. & L.M.Perry,Malaysia
Myrtaceae,Syzygium pergamentaceum,(King) Chantar. & J.Parn.,Malaysia
Myrtaceae,Syzygium perryae,I.M.Turner,Malaysia
Myrtaceae,Syzygium perspicuinervium,(Merr.) Masam.,Malaysia
Myrtaceae,Syzygium petrophilum,Merr. & L.M.Perry,Malaysia
Myrtaceae,Syzygium phryganodes,Merr. & L.M.Perry,Malaysia
Myrtaceae,Syzygium plumbeum,(King) I.M.Turner,Malaysia
Myrtaceae,Syzygium politum,(King) I.M.Turner,Malaysia
Myrtaceae,Syzygium polyanthum,(Wight) Walp.,Malaysia
Myrtaceae,Syzygium polycephalum,(Miq.) Merr. & L.M.Perry,Malaysia
Myrtaceae,Syzygium pontianakense,Merr. & L.M.Perry,Malaysia
Myrtaceae,Syzygium porphyranthum,(Ridl.) I.M.Turner,Malaysia
Myrtaceae,Syzygium praestigiosum,(M.R.Hend.) I.M.Turner,Malaysia
Myrtaceae,Syzygium prainianum,(King) Chantar. & J.Parn.,Malaysia
Myrtaceae,Syzygium prasiniflorum,(Ridl.) Merr. & L.M.Perry,Malaysia
Myrtaceae,Syzygium pseudoclaviflorum,(M.R.Hend.) I.M.Turner,Malaysia
Myrtaceae,Syzygium pseudomolle,(M.R.Hend.) I.M.Turner,Malaysia
Myrtaceae,Syzygium pterophorum,Merr. & L.M.Perry,Malaysia
Myrtaceae,Syzygium pulaiense,I.M.Turner,Malaysia
Myrtaceae,Syzygium punctilimbum,(Merr.) Merr. & L.M.Perry,Malaysia
Myrtaceae,Syzygium pustulatum,(Duthie) Merr.,Malaysia
Myrtaceae,Syzygium pycnanthum,Merr. & L.M.Perry,Malaysia
Myrtaceae,Syzygium pyrifolium,(Blume) DC.,Malaysia
Myrtaceae,Syzygium quadratum,(King) I.M.Turner,Malaysia
Myrtaceae,Syzygium quadribracteatum,(M.R.Hend.) I.M.Turner,Malaysia
Myrtaceae,Syzygium quadricostatum,P.S.Ashton,Malaysia
Myrtaceae,Syzygium racemosum,(Blume) DC.,Malaysia
Myrtaceae,Syzygium ramiflorum,Airy Shaw,Malaysia
Myrtaceae,Syzygium rejangense,Merr. & L.M.Perry,Malaysia
Myrtaceae,Syzygium remotifolium,(Ridl.) Merr. & L.M.Perry,Malaysia
Myrtaceae,Syzygium rhomboideum,(Ridl.) I.M.Turner,Malaysia
Myrtaceae,Syzygium ridleyi,(King) Chantar. & J.Parn.,Malaysia
Myrtaceae,Syzygium roseomarginatum,(C.B.Rob.) Merr. & L.M.Perry,Malaysia
Myrtaceae,Syzygium rostadonis,(Ridl.) I.M.Turner,Malaysia
Myrtaceae,Syzygium rostratum,(Blume) DC.,Malaysia
Myrtaceae,Syzygium rosulentum,(Ridl.) Merr. & L.M.Perry,Malaysia
Myrtaceae,Syzygium rugosum,Korth.,Malaysia
Myrtaceae,Syzygium salictoides,(Ridl.) I.M.Turner,Malaysia
Myrtaceae,Syzygium samarangense,(Blume) Merr. & L.M.Perry,Malaysia
Myrtaceae,Syzygium scalarinerve,(King) I.M.Turner,Malaysia
Myrtaceae,Syzygium scolopophyllum,(Ridl.) Masam.,Malaysia
Myrtaceae,Syzygium scortechinii,(King) Chantar. & J.Parn.,Malaysia
Myrtaceae,Syzygium selukaifolium,P.S.Ashton,Malaysia
Myrtaceae,Syzygium setosum,(King) I.M.Turner,Malaysia
Myrtaceae,Syzygium siamense,(Craib) Chantar. & J.Parn.,Malaysia
Myrtaceae,Syzygium silamense,P.S.Ashton,Malaysia
Myrtaceae,Syzygium singaporense,(King) Airy Shaw,Malaysia
Myrtaceae,Syzygium skiophilum,(Duthie) Airy Shaw,Malaysia
Myrtaceae,Syzygium soepadmoi,P.S.Ashton,Malaysia
Myrtaceae,Syzygium splendens,(Blume) Merr. & L.M.Perry,Malaysia
Myrtaceae,Syzygium stapfianum,(King) I.M.Turner,Malaysia
Myrtaceae,Syzygium steenisii,Merr. & L.M.Perry,Malaysia
Myrtaceae,Syzygium stipitatum,P.S.Ashton,Malaysia
Myrtaceae,Syzygium subcrenatum,Merr. & L.M.Perry,Malaysia
Myrtaceae,Syzygium subdecussatum,(Duthie) I.M.Turner,Malaysia
Myrtaceae,Syzygium subhorizontale,(King) Chantar. & J.Parn.,Malaysia
Myrtaceae,Syzygium subisense,P.S.Ashton,Malaysia
Myrtaceae,Syzygium subsessilifolium,(Merr.) Merr. & L.M.Perry,Malaysia
Myrtaceae,Syzygium swettenhamianum,(King) I.M.Turner,Malaysia
Myrtaceae,Syzygium symingtonianum,(M.R.Hend.) I.M.Turner,Malaysia
Myrtaceae,Syzygium syzygioides,(Miq.) Merr. & L.M.Perry,Malaysia
Myrtaceae,Syzygium tahanense,(Ridl.) I.M.Turner,Malaysia
Myrtaceae,Syzygium taipingense,(M.R.Hend.) I.M.Turner,Malaysia
Myrtaceae,Syzygium tawahense,(Korth.) Merr. & L.M.Perry,Malaysia
Myrtaceae,Syzygium taytayense,(Merr.) Merr.,Malaysia
Myrtaceae,Syzygium tectum,(King) I.M.Turner,Malaysia
Myrtaceae,Syzygium tekuense,(M.R.Hend.) I.M.Turner,Malaysia
Myrtaceae,Syzygium tenuicaudatum,Merr. & L.M.Perry,Malaysia
Myrtaceae,Syzygium tenuifolium,(Ridl.) Airy Shaw,Malaysia
Myrtaceae,Syzygium tenuilimbum,P.S.Ashton,Malaysia
Myrtaceae,Syzygium tetrapterum,(Miq.) Chantar. & J.Parn.,Malaysia
Myrtaceae,Syzygium thumra,(Roxb.) Mason,Malaysia
Myrtaceae,Syzygium tiumanense,(Ridl.) I.M.Turner,Malaysia
Myrtaceae,Syzygium treubii,Merr. & L.M.Perry,Malaysia
Myrtaceae,Syzygium tubiflorum,P.S.Ashton,Malaysia
Myrtaceae,Syzygium ultramaficum,P.S.Ashton,Malaysia
Myrtaceae,Syzygium urceolatum,(Korth.) Merr. & L.M.Perry,Malaysia
Myrtaceae,Syzygium urophyllum,Merr.,Malaysia
Myrtaceae,Syzygium valdevenosum,(Duthie) Merr. & L.M.Perry,Malaysia
Myrtaceae,Syzygium valentissimum,P.S.Ashton,Malaysia
Myrtaceae,Syzygium valetonianum,(King) Widodo,Malaysia
Myrtaceae,Syzygium variolosum,(King) Chantar. & J.Parn.,Malaysia
Myrtaceae,Syzygium velutinum,A.P.Davis,Malaysia
Myrtaceae,Syzygium villamilii,(Merr.) Merr. & L.M.Perry,Malaysia
Myrtaceae,Syzygium villiferum,(Ridl.) Masam.,Malaysia
Myrtaceae,Syzygium watsonianum,(M.R.Hend.) I.M.Turner,Malaysia
Myrtaceae,Syzygium wrayi,(King) I.M.Turner,Malaysia
Myrtaceae,Tristaniopsis anomala,(Merr.) Peter G.Wilson & J.T.Waterh.,Malaysia
Myrtaceae,Tristaniopsis beccarii,(Ridl.) Peter G.Wilson & J.T.Waterh.,Malaysia
Myrtaceae,Tristaniopsis bilocularis,(Stapf) Peter G.Wilson & J.T.Waterh.,Malaysia
Myrtaceae,Tristaniopsis elliptica,(Stapf) Peter G.Wilson & J.T.Waterh.,Malaysia
Myrtaceae,Tristaniopsis fruticosa,(Ridl.) Peter G.Wilson & J.T.Waterh.,Malaysia
Myrtaceae,Tristaniopsis kinabaluensis,P.S.Ashton,Malaysia
Myrtaceae,Tristaniopsis merguensis,(Griff.) Peter G.Wilson & J.T.Waterh.,Malaysia
Myrtaceae,Tristaniopsis microcarpa,P.S.Ashton,Malaysia
Myrtaceae,Tristaniopsis musa-amanii,Berhaman & Peter G.Wilson,Malaysia
Myrtaceae,Tristaniopsis obovata,(Benn.) Peter G.Wilson & J.T.Waterh.,Malaysia
Myrtaceae,Tristaniopsis pentandra,(Merr.) Peter G.Wilson & J.T.Waterh.,Malaysia
Myrtaceae,Tristaniopsis pontianensis,(M.R.Hend.) Peter G.Wilson & J.T.Waterh.,Malaysia
Myrtaceae,Tristaniopsis razakiana,(Kochummen) Peter G.Wilson & J.T.Waterh.,Malaysia
Myrtaceae,Tristaniopsis rubiginosa,Teo ex P.S.Ashton,Malaysia
Myrtaceae,Tristaniopsis sam-mannanii,Berhaman & Peter G.Wilson,Malaysia
Myrtaceae,Tristaniopsis whiteana,(Griff.) Peter G.Wilson & J.T.Waterh.,Malaysia
Myrtaceae,Uromyrtus sarawakensis,A.J.Scott,Malaysia
Myrtaceae,Whiteodendron moultonianum,(W.W.Sm.) Steenis,Malaysia
Myrtaceae,Xanthomyrtus flavida,(Stapf) Diels,Malaysia
Nyctaginaceae,Ceodes umbellifera,J.R.Forst. & G.Forst.,Malaysia
Nyctaginaceae,Pisonia aculeata,L.,Malaysia
Nyctaginaceae,Pisonia grandis,R.Br.,Malaysia
Nyssaceae,Mastixia cuspidata,Blume,Malaysia
Nyssaceae,Mastixia eugenioides,K.M.Matthew,Malaysia
Nyssaceae,Mastixia glauca,K.M.Matthew,Malaysia
Nyssaceae,Mastixia macrocarpa,K.M.Matthew,Malaysia
Nyssaceae,Mastixia pentandra,Blume,Malaysia
Nyssaceae,Mastixia rostrata,Blume,Malaysia
Nyssaceae,Mastixia trichotoma,Blume,Malaysia
Nyssaceae,Nyssa javanica,(Blume) Wangerin,Malaysia
Ochnaceae,Brackenridgea elegantissima,(Wall.) Kanis,Malaysia
Ochnaceae,Brackenridgea palustris,Bartell.,Malaysia
Ochnaceae,Campylospermum serratum,(Gaertn.) Bittrich & M.C.E.Amaral,Malaysia
Ochnaceae,Euthemis leucocarpa,Jack,Malaysia
Ochnaceae,Euthemis minor,Jack,Malaysia
Ochnaceae,Ochna integerrima,(Lour.) Merr.,Malaysia
Ochnaceae,Schuurmansia elegans,Blume,Malaysia
Ochnaceae,Schuurmansiella angustifolia,(Hook.f.) Hallier f.,Malaysia
Olacaceae,Anacolosa frutescens,(Blume) Blume,Malaysia
Olacaceae,Erythropalum scandens,Blume,Malaysia
Olacaceae,Harmandia mekongensis,Baill.,Malaysia
Olacaceae,Ochanostachys amentacea,Mast.,Malaysia
Olacaceae,Olax imbricata,Roxb.,Malaysia
Olacaceae,Scorodocarpus borneensis,(Baill.) Becc.,Malaysia
Olacaceae,Strombosia ceylanica,Gardner,Malaysia
Olacaceae,Strombosia javanica,Blume,Malaysia
Olacaceae,Ximenia americana,L.,Malaysia
Oleaceae,Cartrema scortechinii,(King & Gamble) de Juana,Malaysia
Oleaceae,Chionanthus balgooyanus,Kiew,Malaysia
Oleaceae,Chionanthus callophylloides,Kiew,Malaysia
Oleaceae,Chionanthus callophyllus,Blume,Malaysia
Oleaceae,Chionanthus caudifolius,(Ridl.) Kiew,Malaysia
Oleaceae,Chionanthus cordulatus,Koord.,Malaysia
Oleaceae,Chionanthus crispus,Kiew,Malaysia
Oleaceae,Chionanthus curvicarpus,Kiew,Malaysia
Oleaceae,Chionanthus cuspidatus,Blume,Malaysia
Oleaceae,Chionanthus evenius,(Stapf) Kiew,Malaysia
Oleaceae,Chionanthus globosus,(Kiew) Kiew,Malaysia
Oleaceae,Chionanthus grandifolius,(Elmer) Kiew,Malaysia
Oleaceae,Chionanthus havilandii,Kiew,Malaysia
Oleaceae,Chionanthus kinabaluensis,Kiew,Malaysia
Oleaceae,Chionanthus lancifolius,(Ridl.) Kiew,Malaysia
Oleaceae,Chionanthus leopoldii,Kiew,Malaysia
Oleaceae,Chionanthus longipetalus,(Merr.) Kiew,Malaysia
Oleaceae,Chionanthus lucens,Kiew,Malaysia
Oleaceae,Chionanthus macrocarpus,Blume,Malaysia
Oleaceae,Chionanthus mala-elengi,(Dennst.) P.S.Green,Malaysia
Oleaceae,Chionanthus pachyphyllus,(Merr.) Kiew,Malaysia
Oleaceae,Chionanthus palustris,Kiew,Malaysia
Oleaceae,Chionanthus parkinsonii,(Hutch.) Bennet & Raizada,Malaysia
Oleaceae,Chionanthus plurifloroides,Kiew,Malaysia
Oleaceae,Chionanthus pluriflorus,(Knobl.) Kiew,Malaysia
Oleaceae,Chionanthus polycephalus,Kiew,Malaysia
Oleaceae,Chionanthus polygamus,(Roxb.) Kiew,Malaysia
Oleaceae,Chionanthus porcatus,Kiew,Malaysia
Oleaceae,Chionanthus pubicalyx,(Ridl.) Kiew,Malaysia
Oleaceae,Chionanthus ramiflorus,Roxb.,Malaysia
Oleaceae,Chionanthus rugosus,Kiew,Malaysia
Oleaceae,Chionanthus sabahensis,Kiew,Malaysia
Oleaceae,Chionanthus spicatus,Blume,Malaysia
Oleaceae,Chionanthus spiciferus,(Ridl.) Kiew,Malaysia
Oleaceae,Ligustrum glomeratum,Blume,Malaysia
Oleaceae,Olea paniculata,R.Br.,Malaysia
Oleaceae,Schrebera kusnotoi,Kosterm.,Malaysia
Oleaceae,Tetrapilus borneensis,(Boerl.) de Juana,Malaysia
Oleaceae,Tetrapilus brachiatus,Lour.,Malaysia
Oleaceae,Tetrapilus javanicus,(Blume) de Juana,Malaysia
Oleaceae,Tetrapilus rubrovenius,(Elmer) L.A.S.Johnson,Malaysia
Opiliaceae,Champereia manillana,(Blume) Merr.,Malaysia
Opiliaceae,Lepionurus sylvestris,Blume,Malaysia
Opiliaceae,Melientha suavis,Pierre,Malaysia
Oxalidaceae,Averrhoa bilimbi,L.,Malaysia
Oxalidaceae,Sarcotheca diversifolia,(Miq.) Hallier f.,Malaysia
Oxalidaceae,Sarcotheca glauca,Hallier f.,Malaysia
Oxalidaceae,Sarcotheca glomerula,Veldkamp,Malaysia
Oxalidaceae,Sarcotheca griffithii,Hallier f.,Malaysia
Oxalidaceae,Sarcotheca laxa,(Ridl.) Knuth,Malaysia
Oxalidaceae,Sarcotheca macrophylla,Blume,Malaysia
Oxalidaceae,Sarcotheca monophylla,Hallier f.,Malaysia
Oxalidaceae,Sarcotheca ochracea,Hallier f.,Malaysia
Oxalidaceae,Sarcotheca rubrinervis,Hallier f.,Malaysia
Pandaceae,Galearia aristifera,Miq.,Malaysia
Pandaceae,Galearia fulva,(Tul.) Miq.,Malaysia
Pandaceae,Galearia maingayi,Hook.f.,Malaysia
Pandaceae,Microdesmis caseariifolia,Planch. ex Hook.,Malaysia
Pandanaceae,Benstonea affinis,(Kurz) Callm. & Buerki,Malaysia
Pandanaceae,Benstonea ashtonii,(B.C.Stone) Callm. & Buerki,Malaysia
Pandanaceae,Benstonea atrocarpa,(Griff.) Callm. & Buerki,Malaysia
Pandanaceae,Benstonea brevistylis,(H.St.John ex B.C.Stone) Callm. & Buerki,Malaysia
Pandanaceae,Benstonea elostigma,(Martelli) Callm. & Buerki,Malaysia
Pandanaceae,Benstonea gibbsiana,(Martelli) Callm. & Buerki,Malaysia
Pandanaceae,Benstonea korthalsii,(Solms) Callm. & Buerki,Malaysia
Pandanaceae,Benstonea nana,(Martelli) Callm. & Buerki,Malaysia
Pandanaceae,Benstonea ornata,(Solms) Callm. & Buerki,Malaysia
Pandanaceae,Benstonea parva,(Ridl.) Callm. & Buerki,Malaysia
Pandanaceae,Benstonea pectinata,(Martelli) Callm. & Buerki,Malaysia
Pandanaceae,Benstonea pumila,(H.St.John) Callm. & Buerki,Malaysia
Pandanaceae,Benstonea rupestris,(B.C.Stone) Callm. & Buerki,Malaysia
Pandanaceae,Benstonea rustica,(B.C.Stone) Callm. & Buerki,Malaysia
Pandanaceae,Benstonea serpentinica,Callm. & Buerki,Malaysia
Pandanaceae,Benstonea toei,(H.St.John) Callm. & Buerki,Malaysia
Pandanaceae,Benstonea undulifolia,(Holttum & H.St.John) Callm. & Buerki,Malaysia
Pandanaceae,Pandanus basilocularis,Martelli,Malaysia
Pandanaceae,Pandanus borneensis,Warb.,Malaysia
Pandanaceae,Pandanus calamianensis,Merr.,Malaysia
Pandanaceae,Pandanus calcicola,Holttum & H.St.John,Malaysia
Pandanaceae,Pandanus calvus,B.C.Stone,Malaysia
Pandanaceae,Pandanus dictyotus,H.St.John ex B.C.Stone,Malaysia
Pandanaceae,Pandanus fusinus,Martelli,Malaysia
Pandanaceae,Pandanus helicopus,Kurz ex Miq.,Malaysia
Pandanaceae,Pandanus houlletii,Carrière,Malaysia
Pandanaceae,Pandanus immersus,Ridl.,Malaysia
Pandanaceae,Pandanus irregularis,Ridl.,Malaysia
Pandanaceae,Pandanus labyrinthicus,Kurz ex Miq.,Malaysia
Pandanaceae,Pandanus odorifer,(Forssk.) Kuntze,Malaysia
Pandanaceae,Pandanus penangensis,Ridl.,Malaysia
Pandanaceae,Pandanus polycephalus,Lam.,Malaysia
Pandanaceae,Pandanus rostratus,Martelli,Malaysia
Pandanaceae,Pandanus vinaceus,B.C.Stone,Malaysia
Pandanaceae,Pandanus yvanii,Solms,Malaysia
Passifloraceae,Paropsia vareciformis,(Griff.) Mast.,Malaysia
Paulowniaceae,Wightia borneensis,Hook.f.,Malaysia
Pentaphylacaceae,Adinandra acuminata,Korth.,Malaysia
Pentaphylacaceae,Adinandra angulata,Ridl.,Malaysia
Pentaphylacaceae,Adinandra anisobasis,Kobuski,Malaysia
Pentaphylacaceae,Adinandra argentifolia,Sugau,Malaysia
Pentaphylacaceae,Adinandra bicuspidata,Kobuski,Malaysia
Pentaphylacaceae,Adinandra calciphila,Sugau,Malaysia
Pentaphylacaceae,Adinandra clemensiae,Kobuski,Malaysia
Pentaphylacaceae,Adinandra collina,Kobuski,Malaysia
Pentaphylacaceae,Adinandra colombonensis,Kobuski,Malaysia
Pentaphylacaceae,Adinandra cordifolia,Ridl.,Malaysia
Pentaphylacaceae,Adinandra corneriana,Kobuski,Malaysia
Pentaphylacaceae,Adinandra crassifolia,Sugau,Malaysia
Pentaphylacaceae,Adinandra dumosa,Jack,Malaysia
Pentaphylacaceae,Adinandra excelsa,Korth.,Malaysia
Pentaphylacaceae,Adinandra impressa,Kobuski,Malaysia
Pentaphylacaceae,Adinandra inaequalis,Sugau,Malaysia
Pentaphylacaceae,Adinandra integerrima,T.Anderson ex Dyer,Malaysia
Pentaphylacaceae,Adinandra lenticellata,Sugau,Malaysia
Pentaphylacaceae,Adinandra longipedicellata,Sugau,Malaysia
Pentaphylacaceae,Adinandra maculosa,T.Anderson ex Dyer,Malaysia
Pentaphylacaceae,Adinandra magniflora,Kobuski,Malaysia
Pentaphylacaceae,Adinandra mendamitensis,Sugau,Malaysia
Pentaphylacaceae,Adinandra myrioneura,Kobuski,Malaysia
Pentaphylacaceae,Adinandra nunkokensis,Kobuski,Malaysia
Pentaphylacaceae,Adinandra pangiensis,Sugau,Malaysia
Pentaphylacaceae,Adinandra parvifolia,Ridl.,Malaysia
Pentaphylacaceae,Adinandra plagiobasis,Airy Shaw,Malaysia
Pentaphylacaceae,Adinandra quinquepartita,Kobuski,Malaysia
Pentaphylacaceae,Adinandra sadaui,Sugau,Malaysia
Pentaphylacaceae,Adinandra sarosanthera,Miq.,Malaysia
Pentaphylacaceae,Adinandra subsessilis,Airy Shaw,Malaysia
Pentaphylacaceae,Adinandra tomentosa,Sugau,Malaysia
Pentaphylacaceae,Adinandra verrucosa,Stapf,Malaysia
Pentaphylacaceae,Adinandra villosa,Choisy,Malaysia
Pentaphylacaceae,Anneslea fragrans,Wall.,Malaysia
Pentaphylacaceae,Eurya acuminata,DC.,Malaysia
Pentaphylacaceae,Eurya nitida,Korth.,Malaysia
Pentaphylacaceae,Eurya obovata,(Blume) Korth.,Malaysia
Pentaphylacaceae,Eurya pahangensis,Kobuski,Malaysia
Pentaphylacaceae,Pentaphylax euryoides,Gardner & Champ.,Malaysia
Pentaphylacaceae,Ternstroemia citrina,Ridl.,Malaysia
Pentaphylacaceae,Ternstroemia evenia,(King) A.C.Sm.,Malaysia
Pentaphylacaceae,Ternstroemia lowii,Stapf,Malaysia
Pentaphylacaceae,Ternstroemia maclellandiana,Ridl.,Malaysia
Pentaphylacaceae,Ternstroemia magnifica,Stapf ex Ridl.,Malaysia
Pentaphylacaceae,Ternstroemia palembangensis,Kobuski,Malaysia
Pentaphylacaceae,Ternstroemia penangiana,Choisy,Malaysia
Pentaphylacaceae,Ternstroemia wallichiana,Ridl.,Malaysia
Peraceae,Chaetocarpus castanocarpus,(Roxb.) Thwaites,Malaysia
Peraceae,Trigonopleura macrocarpa,Airy Shaw,Malaysia
Peraceae,Trigonopleura malayana,Hook.f.,Malaysia
Phyllanthaceae,Actephila excelsa,(Dalzell) Müll.Arg.,Malaysia
Phyllanthaceae,Actephila ovalis,(Ridl.) Gage,Malaysia
Phyllanthaceae,Actephila subsessilis,Gagnep.,Malaysia
Phyllanthaceae,Antidesma brachybotrys,Airy Shaw,Malaysia
Phyllanthaceae,Antidesma coriaceum,Tul.,Malaysia
Phyllanthaceae,Antidesma cruciforme,Gage,Malaysia
Phyllanthaceae,Antidesma cuspidatum,Müll.Arg.,Malaysia
Phyllanthaceae,Antidesma forbesii,Pax & K.Hoffm.,Malaysia
Phyllanthaceae,Antidesma ghaesembilla,Gaertn.,Malaysia
Phyllanthaceae,Antidesma helferi,Hook.f.,Malaysia
Phyllanthaceae,Antidesma japonicum,Siebold & Zucc.,Malaysia
Phyllanthaceae,Antidesma kunstleri,Gage,Malaysia
Phyllanthaceae,Antidesma laurifolium,Airy Shaw,Malaysia
Phyllanthaceae,Antidesma leucocladon,Hook.f.,Malaysia
Phyllanthaceae,Antidesma leucopodum,Miq.,Malaysia
Phyllanthaceae,Antidesma montanum,Blume,Malaysia
Phyllanthaceae,Antidesma montis-silam,Airy Shaw,Malaysia
Phyllanthaceae,Antidesma neurocarpum,Miq.,Malaysia
Phyllanthaceae,Antidesma orthogyne,(Hook.f.) Airy Shaw,Malaysia
Phyllanthaceae,Antidesma pachystachys,Hook.f.,Malaysia
Phyllanthaceae,Antidesma pahangense,Airy Shaw,Malaysia
Phyllanthaceae,Antidesma pendulum,Hook.f.,Malaysia
Phyllanthaceae,Antidesma polystylum,Airy Shaw,Malaysia
Phyllanthaceae,Antidesma puncticulatum,Miq.,Malaysia
Phyllanthaceae,Antidesma stipulare,Blume,Malaysia
Phyllanthaceae,Antidesma tomentosum,Blume,Malaysia
Phyllanthaceae,Antidesma velutinosum,Blume,Malaysia
Phyllanthaceae,Antidesma velutinum,Tul.,Malaysia
Phyllanthaceae,Antidesma venenosum,J.J.Sm.,Malaysia
Phyllanthaceae,Aporosa alia,Schot,Malaysia
Phyllanthaceae,Aporosa antennifera,(Airy Shaw) Airy Shaw,Malaysia
Phyllanthaceae,Aporosa arborea,(Blume) Müll.Arg.,Malaysia
Phyllanthaceae,Aporosa aurea,Hook.f.,Malaysia
Phyllanthaceae,Aporosa banahaensis,(Elmer) Merr.,Malaysia
Phyllanthaceae,Aporosa basilanensis,Merr.,Malaysia
Phyllanthaceae,Aporosa benthamiana,Hook.f.,Malaysia
Phyllanthaceae,Aporosa bullatissima,Airy Shaw,Malaysia
Phyllanthaceae,Aporosa caloneura,Airy Shaw,Malaysia
Phyllanthaceae,Aporosa chondroneura,(Airy Shaw) Schot,Malaysia
Phyllanthaceae,Aporosa confusa,Gage,Malaysia
Phyllanthaceae,Aporosa elmeri,Merr.,Malaysia
Phyllanthaceae,Aporosa falcifera,Hook.f.,Malaysia
Phyllanthaceae,Aporosa frutescens,Blume,Malaysia
Phyllanthaceae,Aporosa fulvovittata,Schott,Malaysia
Phyllanthaceae,Aporosa globifera,Hook.f.,Malaysia
Phyllanthaceae,Aporosa grandistipula,Merr.,Malaysia
Phyllanthaceae,Aporosa granularis,Airy Shaw,Malaysia
Phyllanthaceae,Aporosa illustris,Airy Shaw,Malaysia
Phyllanthaceae,Aporosa lagenocarpa,Airy Shaw,Malaysia
Phyllanthaceae,Aporosa lucida,(Miq.) Airy Shaw,Malaysia
Phyllanthaceae,Aporosa lunata,(Miq.) Kurz,Malaysia
Phyllanthaceae,Aporosa maingayi,Hook.f.,Malaysia
Phyllanthaceae,Aporosa microstachya,(Tul.) Müll.Arg.,Malaysia
Phyllanthaceae,Aporosa nervosa,Hook.f.,Malaysia
Phyllanthaceae,Aporosa nigricans,Hook.f.,Malaysia
Phyllanthaceae,Aporosa nitida,Merr.,Malaysia
Phyllanthaceae,Aporosa octandra,(Buch.-Ham. ex D.Don) Vickery,Malaysia
Phyllanthaceae,Aporosa penangensis,(Ridl.) Airy Shaw,Malaysia
Phyllanthaceae,Aporosa prainiana,King ex Gage,Malaysia
Phyllanthaceae,Aporosa pseudoficifolia,Pax & K.Hoffm.,Malaysia
Phyllanthaceae,Aporosa quadrilocularis,(Miq.) Müll.Arg.,Malaysia
Phyllanthaceae,Aporosa rhacostyla,Airy Shaw,Malaysia
Phyllanthaceae,Aporosa sarawakensis,Schot,Malaysia
Phyllanthaceae,Aporosa selangorica,Pax & K.Hoffm.,Malaysia
Phyllanthaceae,Aporosa stellifera,Hook.f.,Malaysia
Phyllanthaceae,Aporosa stenostachys,Airy Shaw,Malaysia
Phyllanthaceae,Aporosa subcaudata,Merr.,Malaysia
Phyllanthaceae,Aporosa sylvestri,Airy Shaw,Malaysia
Phyllanthaceae,Aporosa symplocoides,(Hook.f.) Gage,Malaysia
Phyllanthaceae,Aporosa whitmorei,Airy Shaw,Malaysia
Phyllanthaceae,Ashtonia excelsa,Airy Shaw,Malaysia
Phyllanthaceae,Ashtonia praeterita,Airy Shaw,Malaysia
Phyllanthaceae,Baccaurea airyshawii,Chakrab. & M.Gangop.,Malaysia
Phyllanthaceae,Baccaurea angulata,Merr.,Malaysia
Phyllanthaceae,Baccaurea bracteata,Müll.Arg.,Malaysia
Phyllanthaceae,Baccaurea brevipes,Hook.f.,Malaysia
Phyllanthaceae,Baccaurea costulata,(Miq.) Müll.Arg.,Malaysia
Phyllanthaceae,Baccaurea deflexa,Müll.Arg.,Malaysia
Phyllanthaceae,Baccaurea dolichobotrys,Merr.,Malaysia
Phyllanthaceae,Baccaurea edulis,Merr.,Malaysia
Phyllanthaceae,Baccaurea javanica,(Blume) Müll.Arg.,Malaysia
Phyllanthaceae,Baccaurea lanceolata,(Miq.) Müll.Arg.,Malaysia
Phyllanthaceae,Baccaurea macrocarpa,(Miq.) Müll.Arg.,Malaysia
Phyllanthaceae,Baccaurea macrophylla,(Müll.Arg.) Müll.Arg.,Malaysia
Phyllanthaceae,Baccaurea maingayi,Hook.f.,Malaysia
Phyllanthaceae,Baccaurea malayana,(Jack) King ex Hook.f.,Malaysia
Phyllanthaceae,Baccaurea minor,Hook.f.,Malaysia
Phyllanthaceae,Baccaurea mollis,Haegens,Malaysia
Phyllanthaceae,Baccaurea motleyana,(Müll.Arg.) Müll.Arg.,Malaysia
Phyllanthaceae,Baccaurea nanihua,Merr.,Malaysia
Phyllanthaceae,Baccaurea odoratissima,Elmer,Malaysia
Phyllanthaceae,Baccaurea parviflora,(Müll.Arg.) Müll.Arg.,Malaysia
Phyllanthaceae,Baccaurea polyneura,Hook.f.,Malaysia
Phyllanthaceae,Baccaurea pubera,(Miq.) Müll.Arg.,Malaysia
Phyllanthaceae,Baccaurea pyriformis,Gage,Malaysia
Phyllanthaceae,Baccaurea racemosa,(Reinw. ex Blume) Müll.Arg.,Malaysia
Phyllanthaceae,Baccaurea ramiflora,Lour.,Malaysia
Phyllanthaceae,Baccaurea reniformis,Chakrab. & M.Gangop.,Malaysia
Phyllanthaceae,Baccaurea reticulata,Hook.f.,Malaysia
Phyllanthaceae,Baccaurea sarawakensis,Pax & K.Hoffm.,Malaysia
Phyllanthaceae,Baccaurea sumatrana,(Miq.) Müll.Arg.,Malaysia
Phyllanthaceae,Baccaurea tetrandra,(Baill.) Müll.Arg.,Malaysia
Phyllanthaceae,Baccaurea trigonocarpa,Merr.,Malaysia
Phyllanthaceae,Baccaurea velutina,(Ridl.) Ridl.,Malaysia
Phyllanthaceae,Bischofia javanica,Blume,Malaysia
Phyllanthaceae,Breynia cernua,(Poir.) Müll.Arg.,Malaysia
Phyllanthaceae,Breynia coronata,Hook.f.,Malaysia
Phyllanthaceae,Breynia discigera,Müll.Arg.,Malaysia
Phyllanthaceae,Breynia macrantha,(Hassk.) Chakrab. & N.P.Balakr.,Malaysia
Phyllanthaceae,Breynia pierrei,(Beille) Welzen & Pruesapan,Malaysia
Phyllanthaceae,Breynia racemosa,(Blume) Müll.Arg.,Malaysia
Phyllanthaceae,Breynia retusa,(Dennst.) Alston,Malaysia
Phyllanthaceae,Breynia vitis-idaea,(Burm.f.) C.E.C.Fisch.,Malaysia
Phyllanthaceae,Bridelia adusta,Airy Shaw,Malaysia
Phyllanthaceae,Bridelia cinnamomea,Hook.f.,Malaysia
Phyllanthaceae,Bridelia curtisii,Hook.f.,Malaysia
Phyllanthaceae,Bridelia glauca,Blume,Malaysia
Phyllanthaceae,Bridelia insulana,Hance,Malaysia
Phyllanthaceae,Bridelia ovata,Decne.,Malaysia
Phyllanthaceae,Bridelia pustulata,Hook.f.,Malaysia
Phyllanthaceae,Bridelia stipularis,(L.) Blume,Malaysia
Phyllanthaceae,Bridelia tomentosa,Blume,Malaysia
Phyllanthaceae,Cleistanthus bakonensis,Airy Shaw,Malaysia
Phyllanthaceae,Cleistanthus beccarianus,Jabl.,Malaysia
Phyllanthaceae,Cleistanthus bracteosus,Jabl.,Malaysia
Phyllanthaceae,Cleistanthus brideliifolius,C.B.Rob.,Malaysia
Phyllanthaceae,Cleistanthus celebicus,Jabl.,Malaysia
Phyllanthaceae,Cleistanthus chlorocarpus,Airy Shaw,Malaysia
Phyllanthaceae,Cleistanthus contractus,Airy Shaw,Malaysia
Phyllanthaceae,Cleistanthus coriaceus,Airy Shaw,Malaysia
Phyllanthaceae,Cleistanthus decurrens,Hook.f.,Malaysia
Phyllanthaceae,Cleistanthus ellipticus,Hook.f.,Malaysia
Phyllanthaceae,Cleistanthus elongatus,Jabl.,Malaysia
Phyllanthaceae,Cleistanthus erycibifolius,Airy Shaw,Malaysia
Phyllanthaceae,Cleistanthus everettii,C.B.Rob.,Malaysia
Phyllanthaceae,Cleistanthus flavescens,Jabl.,Malaysia
Phyllanthaceae,Cleistanthus glaber,Airy Shaw,Malaysia
Phyllanthaceae,Cleistanthus glabratus,Jabl.,Malaysia
Phyllanthaceae,Cleistanthus glandulosus,Jabl.,Malaysia
Phyllanthaceae,Cleistanthus gracilis,Hook.f.,Malaysia
Phyllanthaceae,Cleistanthus helferi,Hook.f.,Malaysia
Phyllanthaceae,Cleistanthus hirsutopetalus,Gage,Malaysia
Phyllanthaceae,Cleistanthus hirsutulus,Hook.f.,Malaysia
Phyllanthaceae,Cleistanthus isabellinus,Elmer,Malaysia
Phyllanthaceae,Cleistanthus jacobsianus,Airy Shaw,Malaysia
Phyllanthaceae,Cleistanthus kingii,Jabl.,Malaysia
Phyllanthaceae,Cleistanthus langkawiensis,Airy Shaw,Malaysia
Phyllanthaceae,Cleistanthus lanuginosus,Jabl.,Malaysia
Phyllanthaceae,Cleistanthus longinervis,Airy Shaw,Malaysia
Phyllanthaceae,Cleistanthus macrophyllus,Hook.f.,Malaysia
Phyllanthaceae,Cleistanthus maingayi,Hook.f.,Malaysia
Phyllanthaceae,Cleistanthus major,Airy Shaw,Malaysia
Phyllanthaceae,Cleistanthus malaccensis,Hook.f.,Malaysia
Phyllanthaceae,Cleistanthus membranaceus,Hook.f.,Malaysia
Phyllanthaceae,Cleistanthus nitidus,Hook.f.,Malaysia
Phyllanthaceae,Cleistanthus oblongatus,Airy Shaw,Malaysia
Phyllanthaceae,Cleistanthus oblongifolius,(Roxb.) Müll.Arg.,Malaysia
Phyllanthaceae,Cleistanthus parvifolius,Hook.f.,Malaysia
Phyllanthaceae,Cleistanthus paxii,Jabl.,Malaysia
Phyllanthaceae,Cleistanthus pedicellatus,Hook.f.,Malaysia
Phyllanthaceae,Cleistanthus podocarpus,Hook.f.,Malaysia
Phyllanthaceae,Cleistanthus podopyxis,Airy Shaw,Malaysia
Phyllanthaceae,Cleistanthus polyneurus,Airy Shaw,Malaysia
Phyllanthaceae,Cleistanthus polyphyllus,F.N.Williams,Malaysia
Phyllanthaceae,Cleistanthus praetermissus,Gage,Malaysia
Phyllanthaceae,Cleistanthus pseudopodocarpus,Jabl.,Malaysia
Phyllanthaceae,Cleistanthus pubens,Airy Shaw,Malaysia
Phyllanthaceae,Cleistanthus pyrrhocarpus,Airy Shaw,Malaysia
Phyllanthaceae,Cleistanthus rufescens,Jabl.,Malaysia
Phyllanthaceae,Cleistanthus rufus,(Hook.f.) Gehrm.,Malaysia
Phyllanthaceae,Cleistanthus salicifolius,Airy Shaw,Malaysia
Phyllanthaceae,Cleistanthus striatus,Airy Shaw,Malaysia
Phyllanthaceae,Cleistanthus sumatranus,(Miq.) Müll.Arg.,Malaysia
Phyllanthaceae,Cleistanthus venosus,C.B.Rob.,Malaysia
Phyllanthaceae,Cleistanthus vestitus,Jabl.,Malaysia
Phyllanthaceae,Cleistanthus winkleri,Jabl.,Malaysia
Phyllanthaceae,Dicoelia beccariana,Benth.,Malaysia
Phyllanthaceae,Distichirhops minor,Haegens,Malaysia
Phyllanthaceae,Flueggea gracilis,(Merr.) Petra Hoffm.,Malaysia
Phyllanthaceae,Flueggea virosa,(Roxb. ex Willd.) Royle,Malaysia
Phyllanthaceae,Glochidion andersonii,Airy Shaw,Malaysia
Phyllanthaceae,Glochidion angulatum,C.B.Rob.,Malaysia
Phyllanthaceae,Glochidion auii,Airy Shaw,Malaysia
Phyllanthaceae,Glochidion borneense,(Müll.Arg.) Boerl.,Malaysia
Phyllanthaceae,Glochidion brooksii,Ridl.,Malaysia
Phyllanthaceae,Glochidion calospermum,Airy Shaw,Malaysia
Phyllanthaceae,Glochidion carrickii,Airy Shaw,Malaysia
Phyllanthaceae,Glochidion elmeri,Merr.,Malaysia
Phyllanthaceae,Glochidion goniocarpum,Hook.f.,Malaysia
Phyllanthaceae,Glochidion kerangae,Airy Shaw,Malaysia
Phyllanthaceae,Glochidion kunstlerianum,Gage,Malaysia
Phyllanthaceae,Glochidion lambiricum,Airy Shaw,Malaysia
Phyllanthaceae,Glochidion macrostigma,Hook.f.,Malaysia
Phyllanthaceae,Glochidion maingayi,Gage,Malaysia
Phyllanthaceae,Glochidion mindorense,C.B.Rob.,Malaysia
Phyllanthaceae,Glochidion monostylum,Airy Shaw,Malaysia
Phyllanthaceae,Glochidion phellocarpum,Airy Shaw,Malaysia
Phyllanthaceae,Glochidion philippicum,(Cav.) C.B.Rob.,Malaysia
Phyllanthaceae,Glochidion praeclarum,Airy Shaw,Malaysia
Phyllanthaceae,Glochidion pubicapsa,Airy Shaw,Malaysia
Phyllanthaceae,Glochidion roseum,(Craib & Hutch.) R.W.Bouman,Malaysia
Phyllanthaceae,Glochidion rubrum,Blume,Malaysia
Phyllanthaceae,Glochidion singaporense,Gage,Malaysia
Phyllanthaceae,Glochidion styliferum,J.J.Sm.,Malaysia
Phyllanthaceae,Glochidion subfalcatum,Elmer,Malaysia
Phyllanthaceae,Glochidion superbum,Baill.,Malaysia
Phyllanthaceae,Glochidion symingtonii,Airy Shaw,Malaysia
Phyllanthaceae,Glochidion tenuistylum,Stapf,Malaysia
Phyllanthaceae,Glochidion tetrapteron,Gage,Malaysia
Phyllanthaceae,Glochidion trusanicum,Airy Shaw,Malaysia
Phyllanthaceae,Glochidion wallichianum,Müll.Arg.,Malaysia
Phyllanthaceae,Glochidion williamsii,C.B.Rob.,Malaysia
Phyllanthaceae,Glochidion xestophyllum,Airy Shaw,Malaysia
Phyllanthaceae,Glochidion zeylanicum,(Gaertn.) A.Juss.,Malaysia
Phyllanthaceae,Hymenocardia punctata,Wall. ex Lindl.,Malaysia
Phyllanthaceae,Margaritaria indica,(Dalzell) Airy Shaw,Malaysia
Phyllanthaceae,Phyllanthus albidiscus,(Ridl.) Airy Shaw,Malaysia
Phyllanthaceae,Phyllanthus buxifolius,(Blume) Müll.Arg.,Malaysia
Phyllanthaceae,Phyllanthus columnaris,Müll.Arg.,Malaysia
Phyllanthaceae,Phyllanthus daltonii,Müll.Arg.,Malaysia
Phyllanthaceae,Phyllanthus emblica,L.,Malaysia
Phyllanthaceae,Phyllanthus eriocarpus,(Champ. ex Benth.) Müll.Arg.,Malaysia
Phyllanthaceae,Phyllanthus glomerulatus,(Miq.) Müll.Arg.,Malaysia
Phyllanthaceae,Phyllanthus lanceilimbus,(Merr.) Merr.,Malaysia
Phyllanthaceae,Phyllanthus littoralis,(Blume) Müll.Arg.,Malaysia
Phyllanthaceae,Phyllanthus lucidus,(Blume) Müll.Arg.,Malaysia
Phyllanthaceae,Phyllanthus lutescens,(Blume) Müll.Arg.,Malaysia
Phyllanthaceae,Phyllanthus microcarpus,(Benth.) Müll.Arg.,Malaysia
Phyllanthaceae,Phyllanthus mollis,(Blume) Müll.Arg.,Malaysia
Phyllanthaceae,Phyllanthus obscurus,Roxb. ex Willd.,Malaysia
Phyllanthaceae,Phyllanthus oxyphyllus,Miq.,Malaysia
Phyllanthaceae,Phyllanthus pachyphyllus,Müll.Arg.,Malaysia
Phyllanthaceae,Phyllanthus pectinatus,Hook.f.,Malaysia
Phyllanthaceae,Phyllanthus ridleyanus,Airy Shaw,Malaysia
Phyllanthaceae,Phyllanthus rufuschaneyi,"Welzen, R.W.Bouman & Ent",Malaysia
Phyllanthaceae,Phyllanthus sericeus,(Blume) Müll.Arg.,Malaysia
Phyllanthaceae,Phyllanthus sikkimensis,Müll.Arg.,Malaysia
Phyllanthaceae,Phyllanthus subscandens,(Zoll. & Moritzi) Müll.Arg.,Malaysia
Phyllanthaceae,Phyllanthus watsonii,Airy Shaw,Malaysia
Picrodendraceae,Austrobuxus nitidus,Miq.,Malaysia
Pinaceae,Pinus kesiya,Royle ex Gordon,Malaysia
Pittosporaceae,Pittosporum ferrugineum,W.T.Aiton,Malaysia
Pittosporaceae,Pittosporum linearifolium,Sugau,Malaysia
Pittosporaceae,Pittosporum moluccanum,Miq.,Malaysia
Pittosporaceae,Pittosporum resiniferum,Hemsl.,Malaysia
Pittosporaceae,Pittosporum silamense,Sugau,Malaysia
Podocarpaceae,Dacrycarpus cinctus,(Pilg.) de Laub.,Malaysia
Podocarpaceae,Dacrycarpus cumingii,(Parl.) de Laub.,Malaysia
Podocarpaceae,Dacrycarpus imbricatus,(Blume) de Laub.,Malaysia
Podocarpaceae,Dacrycarpus kinabaluensis,(Wasscher) de Laub.,Malaysia
Podocarpaceae,Dacrydium beccarii,Parl.,Malaysia
Podocarpaceae,Dacrydium elatum,(Roxb.) Wall. ex Hook.,Malaysia
Podocarpaceae,Dacrydium ericoides,de Laub.,Malaysia
Podocarpaceae,Dacrydium gibbsiae,Stapf,Malaysia
Podocarpaceae,Dacrydium gracile,de Laub.,Malaysia
Podocarpaceae,Dacrydium medium,de Laub.,Malaysia
Podocarpaceae,Dacrydium pectinatum,de Laub.,Malaysia
Podocarpaceae,Dacrydium xanthandrum,Pilg.,Malaysia
Podocarpaceae,Falcatifolium angustum,de Laub.,Malaysia
Podocarpaceae,Falcatifolium falciforme,(Parl.) de Laub.,Malaysia
Podocarpaceae,Nageia maxima,(de Laub.) de Laub.,Malaysia
Podocarpaceae,Nageia motleyi,(Parl.) de Laub.,Malaysia
Podocarpaceae,Nageia wallichiana,(C.Presl) Kuntze,Malaysia
Podocarpaceae,Phyllocladus hypophyllus,Hook.f.,Malaysia
Podocarpaceae,Podocarpus borneensis,de Laub.,Malaysia
Podocarpaceae,Podocarpus confertus,de Laub.,Malaysia
Podocarpaceae,Podocarpus deflexus,Ridl.,Malaysia
Podocarpaceae,Podocarpus gibbsiae,N.E.Gray,Malaysia
Podocarpaceae,Podocarpus globulus,de Laub.,Malaysia
Podocarpaceae,Podocarpus laubenfelsii,Tiong,Malaysia
Podocarpaceae,Podocarpus micropedunculatus,de Laub.,Malaysia
Podocarpaceae,Podocarpus neriifolius,D.Don,Malaysia
Podocarpaceae,Podocarpus pilgeri,Foxw.,Malaysia
Podocarpaceae,Podocarpus polystachyus,R.Br. ex Endl.,Malaysia
Podocarpaceae,Podocarpus ridleyi,(Wasscher) N.E.Gray,Malaysia
Podocarpaceae,Podocarpus rubens,de Laub.,Malaysia
Podocarpaceae,Podocarpus rumphii,Blume,Malaysia
Podocarpaceae,Podocarpus spathoides,de Laub.,Malaysia
Podocarpaceae,Podocarpus teysmannii,Miq.,Malaysia
Podocarpaceae,Sundacarpus amarus,(Blume) C.N.Page,Malaysia
Polygalaceae,Polygala arillata,Buch.-Ham. ex D. Don,Malaysia
Polygalaceae,Trigoniastrum hypoleucum,Miq.,Malaysia
Polygalaceae,Xanthophyllum adenotus,Miq.,Malaysia
Polygalaceae,Xanthophyllum beccarianum,Chodat,Malaysia
Polygalaceae,Xanthophyllum bicolor,W.J.de Wilde & Duyfjes,Malaysia
Polygalaceae,Xanthophyllum borneense,Miq.,Malaysia
Polygalaceae,Xanthophyllum brachystachyum,W.J.de Wilde & Duyfjes,Malaysia
Polygalaceae,Xanthophyllum brevipes,Meijden,Malaysia
Polygalaceae,Xanthophyllum bullatum,King,Malaysia
Polygalaceae,Xanthophyllum ceraceifolium,Meijden,Malaysia
Polygalaceae,Xanthophyllum chartaceum,Meijden,Malaysia
Polygalaceae,Xanthophyllum clovis,(Steenis ex Meijden) Meijden,Malaysia
Polygalaceae,Xanthophyllum cockburnii,Meijden,Malaysia
Polygalaceae,Xanthophyllum contractum,Meijden,Malaysia
Polygalaceae,Xanthophyllum crassum,W.J.de Wilde & Duyfjes,Malaysia
Polygalaceae,Xanthophyllum discolor,Chodat,Malaysia
Polygalaceae,Xanthophyllum ecarinatum,Chodat,Malaysia
Polygalaceae,Xanthophyllum ellipticum,Korth. ex Miq.,Malaysia
Polygalaceae,Xanthophyllum eurhynchum,Miq.,Malaysia
Polygalaceae,Xanthophyllum ferrugineum,Meijden,Malaysia
Polygalaceae,Xanthophyllum griffithii,Hook.f. ex A.W.Benn.,Malaysia
Polygalaceae,Xanthophyllum havilandii,Chodat,Malaysia
Polygalaceae,Xanthophyllum heterophyllum,Meijden,Malaysia
Polygalaceae,Xanthophyllum impressum,Meijden,Malaysia
Polygalaceae,Xanthophyllum korthalsianum,Miq.,Malaysia
Polygalaceae,Xanthophyllum lanceatum,J.J.Sm.,Malaysia
Polygalaceae,Xanthophyllum lineare,(Meijden) W.J.de Wilde & Duyfjes,Malaysia
Polygalaceae,Xanthophyllum longum,W.J.de Wilde & Duyfjes,Malaysia
Polygalaceae,Xanthophyllum macrophyllum,Baker,Malaysia
Polygalaceae,Xanthophyllum malayanum,Meijden,Malaysia
Polygalaceae,Xanthophyllum montanum,Meijden,Malaysia
Polygalaceae,Xanthophyllum monticola,Meijden,Malaysia
Polygalaceae,Xanthophyllum neglectum,Meijden,Malaysia
Polygalaceae,Xanthophyllum ngii,Meijden,Malaysia
Polygalaceae,Xanthophyllum nigricans,Meijden,Malaysia
Polygalaceae,Xanthophyllum nitidum,W.J.de Wilde & Duyfjes,Malaysia
Polygalaceae,Xanthophyllum obscurum,A.W.Benn.,Malaysia
Polygalaceae,Xanthophyllum ovatifolium,Chodat,Malaysia
Polygalaceae,Xanthophyllum pachycarpon,W.J.de Wilde & Duyfjes,Malaysia
Polygalaceae,Xanthophyllum parvifolium,Meijden,Malaysia
Polygalaceae,Xanthophyllum pauciflorum,Meijden,Malaysia
Polygalaceae,Xanthophyllum pedicellatum,Meijden,Malaysia
Polygalaceae,Xanthophyllum penibukanense,Heine,Malaysia
Polygalaceae,Xanthophyllum pseudoadenotus,Meijden,Malaysia
Polygalaceae,Xanthophyllum pubescens,Meijden,Malaysia
Polygalaceae,Xanthophyllum pulchrum,King,Malaysia
Polygalaceae,Xanthophyllum purpureum,Ridl.,Malaysia
Polygalaceae,Xanthophyllum ramiflorum,Meijden,Malaysia
Polygalaceae,Xanthophyllum rectum,W.J.de Wilde & Duyfjes,Malaysia
Polygalaceae,Xanthophyllum reflexum,Meijden,Malaysia
Polygalaceae,Xanthophyllum resupinatum,Meijden,Malaysia
Polygalaceae,Xanthophyllum reticulatum,Chodat,Malaysia
Polygalaceae,Xanthophyllum retinerve,Meijden,Malaysia
Polygalaceae,Xanthophyllum rufum,A.W.Benn.,Malaysia
Polygalaceae,Xanthophyllum schizocarpon,Chodat,Malaysia
Polygalaceae,Xanthophyllum stipitatum,A.W.Benn.,Malaysia
Polygalaceae,Xanthophyllum subcoriaceum,(Chodat) Meijden,Malaysia
Polygalaceae,Xanthophyllum sulphureum,King,Malaysia
Polygalaceae,Xanthophyllum tardicrescens,Meijden,Malaysia
Polygalaceae,Xanthophyllum tenue,Chodat,Malaysia
Polygalaceae,Xanthophyllum trichocladum,Chodat,Malaysia
Polygalaceae,Xanthophyllum velutinum,Chodat,Malaysia
Polygalaceae,Xanthophyllum venosum,King,Malaysia
Polygalaceae,Xanthophyllum virens,Roxb.,Malaysia
Polygalaceae,Xanthophyllum vitellinum,(Blume) D.Dietr.,Malaysia
Polygalaceae,Xanthophyllum wrayi,King,Malaysia
Primulaceae,Aegiceras floridum,Roem. & Schult.,Malaysia
Primulaceae,Ardisia artemata,B.C.Stone,Malaysia
Primulaceae,Ardisia caudifera,Mez,Malaysia
Primulaceae,Ardisia chrysophyllifolia,King & Gamble,Malaysia
Primulaceae,Ardisia copelandii,Mez,Malaysia
Primulaceae,Ardisia crassa,C.B.Clarke,Malaysia
Primulaceae,Ardisia crasseovata,B.C.Stone,Malaysia
Primulaceae,Ardisia creaghii,Ridl.,Malaysia
Primulaceae,Ardisia daphinifolia,C.M.Hu,Malaysia
Primulaceae,Ardisia divergens,Roxb.,Malaysia
Primulaceae,Ardisia elliptica,Thunb.,Malaysia
Primulaceae,Ardisia eximia,Miq.,Malaysia
Primulaceae,Ardisia forbesii,S.Moore,Malaysia
Primulaceae,Ardisia fulva,King & Gamble,Malaysia
Primulaceae,Ardisia korthalsiana,Scheff.,Malaysia
Primulaceae,Ardisia labisiifolia,King & Gamble,Malaysia
Primulaceae,Ardisia lallaniana,R.Kr.Singh,Malaysia
Primulaceae,Ardisia lancifolia,Merr.,Malaysia
Primulaceae,Ardisia lankawiensis,King & Gamble,Malaysia
Primulaceae,Ardisia lucida,Merr.,Malaysia
Primulaceae,Ardisia lurida,Blume,Malaysia
Primulaceae,Ardisia macrocalyx,Scheff.,Malaysia
Primulaceae,Ardisia macrophylla,Reinw. ex Blume,Malaysia
Primulaceae,Ardisia megistosepala,Merr.,Malaysia
Primulaceae,Ardisia obovatifolia,Merr.,Malaysia
Primulaceae,Ardisia obscurinervia,Merr.,Malaysia
Primulaceae,Ardisia oocarpa,Stapf,Malaysia
Primulaceae,Ardisia oxyphylla,Wall. ex A.DC.,Malaysia
Primulaceae,Ardisia pachysandra,(Wall.) Mez,Malaysia
Primulaceae,Ardisia paralleloneura,K.Larsen & C.M.Hu,Malaysia
Primulaceae,Ardisia polyactis,Mez,Malaysia
Primulaceae,Ardisia polysticta,Miq.,Malaysia
Primulaceae,Ardisia praetervisa,C.M.Hu,Malaysia
Primulaceae,Ardisia premnifolia,C.M.Hu,Malaysia
Primulaceae,Ardisia pterocaulis,Miq.,Malaysia
Primulaceae,Ardisia purpurea,Reinw. ex Blume,Malaysia
Primulaceae,Ardisia quinquegona,Blume,Malaysia
Primulaceae,Ardisia ridleyi,King & Gamble,Malaysia
Primulaceae,Ardisia ridsdalei,C.M.Hu,Malaysia
Primulaceae,Ardisia rosea,King & Gamble,Malaysia
Primulaceae,Ardisia rubicunda,C.M.Hu,Malaysia
Primulaceae,Ardisia scortechinii,King & Gamble,Malaysia
Primulaceae,Ardisia serrata,(Cav.) Pers.,Malaysia
Primulaceae,Ardisia sessilis,Scheff.,Malaysia
Primulaceae,Ardisia sigillata,B.C.Stone,Malaysia
Primulaceae,Ardisia silamensis,"Utteridge, Julius & Suzana",Malaysia
Primulaceae,Ardisia solida,B.C.Stone,Malaysia
Primulaceae,Ardisia sumatrana,Miq.,Malaysia
Primulaceae,Ardisia tomentosa,C.Presl,Malaysia
Primulaceae,Ardisia tuberculata,Wall. ex A.DC.,Malaysia
Primulaceae,Hymenandra beamanii,B.C.Stone,Malaysia
Primulaceae,Hymenandra diamphidia,B.C.Stone,Malaysia
Primulaceae,Hymenandra rosea,B.C.Stone,Malaysia
Primulaceae,Maesa arborea,Ridl.,Malaysia
Primulaceae,Maesa decidua,Philipson,Malaysia
Primulaceae,Maesa ramentacea,(Roxb.) A. DC.,Malaysia
Primulaceae,Myrsine avenis,(Blume) A. DC.,Malaysia
Primulaceae,Myrsine dasyphylla,Stapf,Malaysia
Primulaceae,Myrsine perakensis,King & Gamble,Malaysia
Primulaceae,Systellantha brookeae,B.C.Stone,Malaysia
Proteaceae,Helicia attenuata,(Jack) Blume,Malaysia
Proteaceae,Helicia excelsa,(Roxb.) Blume,Malaysia
Proteaceae,Helicia fuscotomentosa,Suess.,Malaysia
Proteaceae,Helicia maxwelliana,Gibbs,Malaysia
Proteaceae,Helicia petiolaris,Benn.,Malaysia
Proteaceae,Helicia pterygota,Sleumer,Malaysia
Proteaceae,Helicia robusta,(Roxb.) R.Br. ex Blume,Malaysia
Proteaceae,Helicia rufescens,Prain,Malaysia
Proteaceae,Helicia serrata,Blume,Malaysia
Proteaceae,Helicia symplocoides,R.C.K.Chung,Malaysia
Proteaceae,Heliciopsis artocarpoides,(Elmer) Sleumer,Malaysia
Proteaceae,Heliciopsis cockburnii,Kochummen,Malaysia
Proteaceae,Heliciopsis lanceolata,(Koord. & Valeton) Sleumer,Malaysia
Proteaceae,Heliciopsis litseifolia,R.C.K.Chung,Malaysia
Proteaceae,Heliciopsis montana,Symington ex Kochummen,Malaysia
Proteaceae,Heliciopsis rufidula,Sleumer,Malaysia
Proteaceae,Heliciopsis velutina,(Prain) Sleumer,Malaysia
Proteaceae,Heliciopsis whitmorei,Kochummen,Malaysia
Putranjivaceae,Drypetes aetoxyloides,Airy Shaw,Malaysia
Putranjivaceae,Drypetes caesia,Airy Shaw,Malaysia
Putranjivaceae,Drypetes castilloi,(Merr.) Merr.,Malaysia
Putranjivaceae,Drypetes cockburnii,Airy Shaw,Malaysia
Putranjivaceae,Drypetes crassipes,Pax & K.Hoffm.,Malaysia
Putranjivaceae,Drypetes curtisii,(Hook.f.) Pax & K.Hoffm.,Malaysia
Putranjivaceae,Drypetes detersibilis,Airy Shaw,Malaysia
Putranjivaceae,Drypetes eriocarpa,Airy Shaw,Malaysia
Putranjivaceae,Drypetes fusiformis,Airy Shaw,Malaysia
Putranjivaceae,Drypetes iliae,Airy Shaw,Malaysia
Putranjivaceae,Drypetes impressinervis,Airy Shaw,Malaysia
Putranjivaceae,Drypetes kikir,Airy Shaw,Malaysia
Putranjivaceae,Drypetes littoralis,(C.B.Rob.) Merr.,Malaysia
Putranjivaceae,Drypetes longifolia,(Blume) Pax & K.Hoffm.,Malaysia
Putranjivaceae,Drypetes maquilingensis,(Merr.) Pax & K.Hoffm.,Malaysia
Putranjivaceae,Drypetes microphylla,(Merr.) Pax & K.Hoffm.,Malaysia
Putranjivaceae,Drypetes neglecta,(Koord.) Pax & K.Hoffm.,Malaysia
Putranjivaceae,Drypetes nervosa,(Hook.f.) Pax & K.Hoffm.,Malaysia
Putranjivaceae,Drypetes ochrothrix,Airy Shaw,Malaysia
Putranjivaceae,Drypetes oxyodonta,Airy Shaw,Malaysia
Putranjivaceae,Drypetes pachycarpa,Airy Shaw,Malaysia
Putranjivaceae,Drypetes pendula,Ridl.,Malaysia
Putranjivaceae,Drypetes perakensis,Gage,Malaysia
Putranjivaceae,Drypetes polyneura,Airy Shaw,Malaysia
Putranjivaceae,Drypetes prunifera,Airy Shaw,Malaysia
Putranjivaceae,Drypetes rhakodiskos,(Hassk.) Bakh.f.,Malaysia
Putranjivaceae,Drypetes riparia,Ridl.,Malaysia
Putranjivaceae,Drypetes sibuyanensis,(Elmer) Pax & K.Hoffm.,Malaysia
Putranjivaceae,Drypetes stylosa,Airy Shaw,Malaysia
Putranjivaceae,Drypetes subcubica,(J.J.Sm.) Pax & K.Hoffm.,Malaysia
Putranjivaceae,Drypetes viridis,Airy Shaw,Malaysia
Putranjivaceae,Drypetes xanthophylloides,Airy Shaw,Malaysia
Putranjivaceae,Putranjiva roxburghii,Wall.,Malaysia
Rhamnaceae,Alphitonia incana,(Roxb.) Teijsm. & Binn. ex Kurz,Malaysia
Rhamnaceae,Alphitonia philippinensis,Braid,Malaysia
Rhamnaceae,Colubrina beccariana,Warb.,Malaysia
Rhamnaceae,Oreorhamnus serrulata,Ridl.,Malaysia
Rhamnaceae,Rhamnus napalensis,(Wall.) M.A.Lawson,Malaysia
Rhamnaceae,Ziziphus angustifolia,(Miq.) Hatus. ex Steenis,Malaysia
Rhamnaceae,Ziziphus mauritiana,Lam.,Malaysia
Rhamnaceae,Ziziphus oenopolia,(L.) Mill.,Malaysia
Rhizophoraceae,Bruguiera cylindrica,(L.) Blume,Malaysia
Rhizophoraceae,Bruguiera gymnorhiza,(L.) Lam.,Malaysia
Rhizophoraceae,Bruguiera parviflora,(Roxb.) Wight & Arn. ex Griff.,Malaysia
Rhizophoraceae,Bruguiera sexangula,(Lour.) Poir.,Malaysia
Rhizophoraceae,Carallia borneensis,Oliv.,Malaysia
Rhizophoraceae,Carallia brachiata,(Lour.) Merr.,Malaysia
Rhizophoraceae,Carallia calophylloidea,Ding Hou,Malaysia
Rhizophoraceae,Carallia coriifolia,Ridl.,Malaysia
Rhizophoraceae,Carallia eugenioidea,King,Malaysia
Rhizophoraceae,Ceriops decandra,(Griff.) W.Theob.,Malaysia
Rhizophoraceae,Ceriops tagal,(Perr.) C.B.Rob.,Malaysia
Rhizophoraceae,Ceriops zippeliana,Blume,Malaysia
Rhizophoraceae,Gynotroches axillaris,Blume,Malaysia
Rhizophoraceae,Kandelia candel,(L.) Druce,Malaysia
Rhizophoraceae,Pellacalyx axillaris,Korth.,Malaysia
Rhizophoraceae,Pellacalyx lobbii,Schimp.,Malaysia
Rhizophoraceae,Pellacalyx saccardianus,Scort.,Malaysia
Rhizophoraceae,Pellacalyx symphiodiscus,Stapf,Malaysia
Rhizophoraceae,Rhizophora apiculata,Blume,Malaysia
Rhizophoraceae,Rhizophora mucronata,Poir.,Malaysia
Rhizophoraceae,Rhizophora stylosa,Griff.,Malaysia
Rosaceae,Eriobotrya balgooyi,K.M.Wong & Ent,Malaysia
Rosaceae,Eriobotrya bengalensis,(Roxb.) Kurz,Malaysia
Rosaceae,Photinia davidiana,(Decne.) Cardot,Malaysia
Rosaceae,Photinia integrifolia,Lindl.,Malaysia
Rosaceae,Photinia prunifolia,(Hook. & Arn.) Lindl.,Malaysia
Rosaceae,Prunus arborea,(Blume) Kalkman,Malaysia
Rosaceae,Prunus beccarii,(Ridl.) Kalkman,Malaysia
Rosaceae,Prunus glabrifolia,Kalkman,Malaysia
Rosaceae,Prunus grisea,(Blume ex Müll.Berol.) Kalkman,Malaysia
Rosaceae,Prunus javanica,(Teijsm. & Binn.) Miq.,Malaysia
Rosaceae,Prunus kinabaluensis,Kalkman,Malaysia
Rosaceae,Prunus lamponga,(Miq.) Kalkman,Malaysia
Rosaceae,Prunus laxinervis,Kalkman,Malaysia
Rosaceae,Prunus malayana,Kalkman,Malaysia
Rosaceae,Prunus mirabilis,Kalkman,Malaysia
Rosaceae,Prunus odorata,Lam.,Malaysia
Rosaceae,Prunus oocarpa,(Stapf) Kalkman,Malaysia
Rosaceae,Prunus turfosa,Kalkman,Malaysia
Rubiaceae,Acranthera athroophlebia,Bremek.,Malaysia
Rubiaceae,Adina cordifolia,(Roxb.) Brandis,Malaysia
Rubiaceae,Adina dissimilis,Craib,Malaysia
Rubiaceae,Adina eurhyncha,(Miq.) Å.Krüger & Löfstrand,Malaysia
Rubiaceae,Adina malaccensis,(Ridsdale) Å.Krüger & Löfstrand,Malaysia
Rubiaceae,Adina multifolia,Havil.,Malaysia
Rubiaceae,Adina trichotoma,(Zoll. & Moritzi) Benth. & Hook.f. ex B.D.Jacks.,Malaysia
Rubiaceae,Aidia borneensis,Ridsdale,Malaysia
Rubiaceae,Aidia densiflora,(Wall.) Masam.,Malaysia
Rubiaceae,Aidia parvifolia,(King & Gamble) K.M.Wong,Malaysia
Rubiaceae,Aidia racemosa,(Cav.) Tirveng.,Malaysia
Rubiaceae,Aleisanthia sylvatica,Ridl.,Malaysia
Rubiaceae,Benkara armigera,(K.Schum.) Ridsdale,Malaysia
Rubiaceae,Benkara fasciculata,(Roxb.) Ridsdale,Malaysia
Rubiaceae,Brachytome scortechinii,King & Gamble,Malaysia
Rubiaceae,Bungarimba ridsdalei,K.M.Wong,Malaysia
Rubiaceae,Bungarimba sessiliflora,(Ridl.) K.M.Wong,Malaysia
Rubiaceae,Canthium congestiflorum,Ridl.,Malaysia
Rubiaceae,Canthium depressinerve,Ridl.,Malaysia
Rubiaceae,Canthium strychnoides,Craib,Malaysia
Rubiaceae,Canthium umbelligerum,Miq.,Malaysia
Rubiaceae,Catunaregam oocarpa,(Ridl.) Tirveng.,Malaysia
Rubiaceae,Catunaregam spinosa,(Thunb.) Tirveng.,Malaysia
Rubiaceae,Ceriscoides campanulata,(Roxb.) Tirveng.,Malaysia
Rubiaceae,Ceriscoides imbakensis,Azmi,Malaysia
Rubiaceae,Ceriscoides mamillata,(Craib) Tirveng.,Malaysia
Rubiaceae,Ceriscoides perakensis,(King & Gamble) K.M.Wong,Malaysia
Rubiaceae,Chassalia curviflora,(Wall.) Thwaites,Malaysia
Rubiaceae,Chassalia gracilis,Stapf,Malaysia
Rubiaceae,Coelospermum truncatum,(Wall.) Baill. ex K.Schum.,Malaysia
Rubiaceae,Cowiea borneensis,Wernham,Malaysia
Rubiaceae,Dibridsonia conferta,(Korth.) K.M.Wong,Malaysia
Rubiaceae,Diplospora kunstleri,King & Gamble,Malaysia
Rubiaceae,Diplospora majumdarii,M.Gangop. & Chakrab.,Malaysia
Rubiaceae,Diplospora minutiflora,Ridl.,Malaysia
Rubiaceae,Diplospora tinagoensis,(Elmer) S.J.Ali & Robbr.,Malaysia
Rubiaceae,Diplospora velutina,King & Gamble,Malaysia
Rubiaceae,Diplospora wrayi,King & Gamble,Malaysia
Rubiaceae,Discospermum abnorme,(Korth.) S.J.Ali & Robbr.,Malaysia
Rubiaceae,Discospermum beccarianum,(King & Gamble) S.J.Ali & Robbr.,Malaysia
Rubiaceae,Discospermum malaccense,(Hook.f.) Kuntze,Malaysia
Rubiaceae,Eumachia montana,(Blume) I.M.Turner,Malaysia
Rubiaceae,Gaertnera globigera,Beusekom,Malaysia
Rubiaceae,Gaertnera grisea,Hook.f. ex C.B.Clarke,Malaysia
Rubiaceae,Gaertnera junghuhniana,Miq.,Malaysia
Rubiaceae,Gaertnera obesa,Hook.f. ex C.B.Clarke,Malaysia
Rubiaceae,Gaertnera ramosa,Ridl.,Malaysia
Rubiaceae,Gaertnera viminea,Hook.f. ex C.B.Clarke,Malaysia
Rubiaceae,Gardenia beamanii,Y.W.Low,Malaysia
Rubiaceae,Gardenia carinata,Wall. ex Roxb.,Malaysia
Rubiaceae,Gardenia chanii,Y.W.Low,Malaysia
Rubiaceae,Gardenia coronaria,Banks,Malaysia
Rubiaceae,Gardenia elata,Ridl.,Malaysia
Rubiaceae,Gardenia griffithii,Hook.f.,Malaysia
Rubiaceae,Gardenia obtusifolia,Roxb. ex Hook.f.,Malaysia
Rubiaceae,Gardenia pterocalyx,Valeton,Malaysia
Rubiaceae,Gardenia subcarinata,(Corner) Y.W.Low,Malaysia
Rubiaceae,Gardenia tubifera,Wall. ex Roxb.,Malaysia
Rubiaceae,Gardeniopsis longifolia,Miq.,Malaysia
Rubiaceae,Greenea commersonii,(Korth.) Tange ex Ruhsam,Malaysia
Rubiaceae,Greenea corymbosa,(Jack) Voigt,Malaysia
Rubiaceae,Guettarda speciosa,L.,Malaysia
Rubiaceae,Guettardella atropurpurea,(Craib) M.E.Jansen,Malaysia
Rubiaceae,Guettardella hexasperma,(Roxb.) M.E.Jansen,Malaysia
Rubiaceae,Gynochthodes umbellata,(L.) Razafim. & B.Bremer,Malaysia
Rubiaceae,Hymenodictyon horsfieldii,Miq.,Malaysia
Rubiaceae,Hypobathrum bangueyense,Mulyan. & Ridsdale,Malaysia
Rubiaceae,Hypobathrum coniferum,(Ridl.) Kiew,Malaysia
Rubiaceae,Hypobathrum hirtum,(Ridl.) Mulyan. & Ridsdale,Malaysia
Rubiaceae,Hypobathrum longifolium,(DC.) K.M.Wong,Malaysia
Rubiaceae,Hypobathrum microcarpum,(Blume) Bakh.f.,Malaysia
Rubiaceae,Hypobathrum racemosum,(Roxb.) Kurz,Malaysia
Rubiaceae,Hypobathrum venulosum,(Hook.f.) K.M.Wong,Malaysia
Rubiaceae,Ixora blumei,Zoll. & Moritzi,Malaysia
Rubiaceae,Ixora borneensis,(Miq.) Boerl.,Malaysia
Rubiaceae,Ixora brachyanthera,Bremek.,Malaysia
Rubiaceae,Ixora brevicaudata,Bremek.,Malaysia
Rubiaceae,Ixora brunonis,Wall. ex G.Don,Malaysia
Rubiaceae,Ixora caudata,Bremek.,Malaysia
Rubiaceae,Ixora chinensis,Lam.,Malaysia
Rubiaceae,Ixora clerodendron,Ridl.,Malaysia
Rubiaceae,Ixora concinna,R.Br. ex Hook.f.,Malaysia
Rubiaceae,Ixora coriifolia,Bremek.,Malaysia
Rubiaceae,Ixora diversifolia,R.Br. ex Kurz,Malaysia
Rubiaceae,Ixora fucosa,Bremek.,Malaysia
Rubiaceae,Ixora fugiens,Bremek.,Malaysia
Rubiaceae,Ixora fulgida,Ridl.,Malaysia
Rubiaceae,Ixora gibbsiae,Bremek.,Malaysia
Rubiaceae,Ixora glomeruliflora,Bremek.,Malaysia
Rubiaceae,Ixora grandifolia,Zoll. & Moritzi,Malaysia
Rubiaceae,Ixora havilandii,Ridl.,Malaysia
Rubiaceae,Ixora intermedia,Elmer,Malaysia
Rubiaceae,Ixora iteaphylla,Bremek.,Malaysia
Rubiaceae,Ixora javanica,(Blume) DC.,Malaysia
Rubiaceae,Ixora kinabaluensis,Stapf,Malaysia
Rubiaceae,Ixora kingstoni,Hook.f.,Malaysia
Rubiaceae,Ixora labuanensis,Bremek.,Malaysia
Rubiaceae,Ixora lebangharae,Bremek.,Malaysia
Rubiaceae,Ixora lobbii,Loudon,Malaysia
Rubiaceae,Ixora lunutica,C.E.C.Fisch.,Malaysia
Rubiaceae,Ixora merguensis,Hook.f.,Malaysia
Rubiaceae,Ixora nigricans,R.Br. ex Wight & Arn.,Malaysia
Rubiaceae,Ixora nitidula,Bremek.,Malaysia
Rubiaceae,Ixora otophora,Bremek.,Malaysia
Rubiaceae,Ixora patens,Ridl.,Malaysia
Rubiaceae,Ixora patula,Bremek.,Malaysia
Rubiaceae,Ixora pendula,Jack,Malaysia
Rubiaceae,Ixora pyrantha,Bremek.,Malaysia
Rubiaceae,Ixora pyrrhostaura,Bremek.,Malaysia
Rubiaceae,Ixora robinsonii,Ridl.,Malaysia
Rubiaceae,Ixora rubrinervis,Bremek.,Malaysia
Rubiaceae,Ixora stenophylla,(Korth.) Kuntze,Malaysia
Rubiaceae,Ixora stenura,Bremek.,Malaysia
Rubiaceae,Ixora tenelliflora,Merr.,Malaysia
Rubiaceae,Ixora umbellata,Valeton,Malaysia
Rubiaceae,Ixora woodii,Bremek.,Malaysia
Rubiaceae,Jackiopsis ornata,(Wall.) Ridsdale,Malaysia
Rubiaceae,Kailarsenia campanula,(Ridl.) Tirveng.,Malaysia
Rubiaceae,Kochummenia stenopetala,(King & Gamble) K.M.Wong,Malaysia
Rubiaceae,Lasianthus angustifolius,King & Gamble,Malaysia
Rubiaceae,Lasianthus chinensis,(Champ.) Benth.,Malaysia
Rubiaceae,Lasianthus euneurus,Stapf,Malaysia
Rubiaceae,Lasianthus griffithii,Wight,Malaysia
Rubiaceae,Lasianthus laxiflorus,Merr.,Malaysia
Rubiaceae,Lasianthus linearifolius,H.Zhu,Malaysia
Rubiaceae,Lasianthus longifolius,Wight,Malaysia
Rubiaceae,Lasianthus malaccensis,King & Gamble,Malaysia
Rubiaceae,Lasianthus nigrescens,H.Zhu,Malaysia
Rubiaceae,Lasianthus oblongus,King & Gamble,Malaysia
Rubiaceae,Lasianthus obovatibracteatus,H.Zhu,Malaysia
Rubiaceae,Lasianthus perakensis,King & Gamble,Malaysia
Rubiaceae,Lasianthus pergamaceus,King & Gamble,Malaysia
Rubiaceae,Lasianthus pilosus,Wight,Malaysia
Rubiaceae,Lasianthus politus,Ridl.,Malaysia
Rubiaceae,Lasianthus rotundatus,Stapf,Malaysia
Rubiaceae,Lasianthus scalariformis,King & Gamble,Malaysia
Rubiaceae,Lasianthus stercorarius,Blume,Malaysia
Rubiaceae,Lasianthus subglobosus,H.Zhu,Malaysia
Rubiaceae,Lasianthus tomentosus,Blume,Malaysia
Rubiaceae,Lasianthus venosus,Blume,Malaysia
Rubiaceae,Lasianthus vulcanicus,Ridl.,Malaysia
Rubiaceae,Meyna grisea,(King & Gamble) Robyns,Malaysia
Rubiaceae,Mitragyna diversifolia,(Wall. ex G.Don) Havil.,Malaysia
Rubiaceae,Mitragyna speciosa,(Korth.) Havil.,Malaysia
Rubiaceae,Morinda citrifolia,L.,Malaysia
Rubiaceae,Morinda corneri,K.M.Wong,Malaysia
Rubiaceae,Morinda persicifolia,Buch.-Ham.,Malaysia
Rubiaceae,Mussaendopsis beccariana,Baill.,Malaysia
Rubiaceae,Mycetia malayana,(G.Don) Craib,Malaysia
Rubiaceae,Myrmeconauclea stipulacea,Ridsdale,Malaysia
Rubiaceae,Nauclea officinalis,(Pierre ex Pit.) Merr. & Chun,Malaysia
Rubiaceae,Nauclea orientalis,(L.) L.,Malaysia
Rubiaceae,Nauclea parva,(Havil.) Merr.,Malaysia
Rubiaceae,Nauclea subdita,(Korth.) Steud.,Malaysia
Rubiaceae,Neolamarckia cadamba,(Roxb.) Bosser,Malaysia
Rubiaceae,Neonauclea angustifolia,(Havil.) Merr.,Malaysia
Rubiaceae,Neonauclea artocarpoides,Ridsdale,Malaysia
Rubiaceae,Neonauclea borneensis,Ridsdale,Malaysia
Rubiaceae,Neonauclea calcarea,Ridsdale,Malaysia
Rubiaceae,Neonauclea calycina,(Bartl. ex DC.) Merr.,Malaysia
Rubiaceae,Neonauclea cyrtopoda,(Miq.) Merr.,Malaysia
Rubiaceae,Neonauclea excelsa,(Blume) Merr.,Malaysia
Rubiaceae,Neonauclea excelsioides,Ridsdale,Malaysia
Rubiaceae,Neonauclea gigantea,(Valeton) Merr.,Malaysia
Rubiaceae,Neonauclea lanceolata,(Blume) Merr.,Malaysia
Rubiaceae,Neonauclea longipedunculata,Merr.,Malaysia
Rubiaceae,Neonauclea montana,Ridsdale,Malaysia
Rubiaceae,Neonauclea pallida,(Reinw. ex Havil.) Bakh.f.,Malaysia
Rubiaceae,Neonauclea paracyrtopoda,Bakh.f. & Ridsdale,Malaysia
Rubiaceae,Neonauclea parviflora,(Koord. & Valeton) Ridsdale,Malaysia
Rubiaceae,Neonauclea pseudocalycina,Ridsdale,Malaysia
Rubiaceae,Ochreinauclea maingayi,(Hook.f.) Ridsdale,Malaysia
Rubiaceae,Pavetta graciliflora,Wall. ex Ridl.,Malaysia
Rubiaceae,Pavetta kedahica,Bremek.,Malaysia
Rubiaceae,Pavetta montana,Reinw. ex Blume,Malaysia
Rubiaceae,Pavetta naucleiflora,R.Br. ex G.Don,Malaysia
Rubiaceae,Pavetta salicina,(Ridl.) Bremek.,Malaysia
Rubiaceae,Pavetta siamica,Bremek.,Malaysia
Rubiaceae,Pavetta sylvatica,Blume,Malaysia
Rubiaceae,Pavetta tomentosa,Roxb. ex Sm.,Malaysia
Rubiaceae,Perakanthus pauciflorus,Robyns ex Ridl.,Malaysia
Rubiaceae,Perakanthus velutinus,(Ridl.) Robyns ex Ridl.,Malaysia
Rubiaceae,Porterandia anisophylla,(Jack ex Roxb.) Ridl.,Malaysia
Rubiaceae,Porterandia beamanii,Zahid,Malaysia
Rubiaceae,Porterandia catappifolia,Ridl.,Malaysia
Rubiaceae,Porterandia chanii,Zahid,Malaysia
Rubiaceae,Porterandia dinghoui,Zahid & K.M.Wong,Malaysia
Rubiaceae,Porterandia glabrifolia,Ridl.,Malaysia
Rubiaceae,Porterandia grandifolia,Ridl.,Malaysia
Rubiaceae,Porterandia hosei,(Merr.) Zahid,Malaysia
Rubiaceae,Porterandia lambirensis,Zahid,Malaysia
Rubiaceae,Porterandia laxiflora,Zahid,Malaysia
Rubiaceae,Porterandia minor,Ridl.,Malaysia
Rubiaceae,Porterandia pauciflora,Ridl.,Malaysia
Rubiaceae,Porterandia postarii,Zahid,Malaysia
Rubiaceae,Porterandia puffii,Zahid,Malaysia
Rubiaceae,Porterandia rarissima,Zahid,Malaysia
Rubiaceae,Porterandia scortechinii,(King & Gamble) Ridl.,Malaysia
Rubiaceae,Praravinia bullata,Bremek.,Malaysia
Rubiaceae,Praravinia chalcotricha,Bremek.,Malaysia
Rubiaceae,Praravinia coriacea,Bremek.,Malaysia
Rubiaceae,Praravinia creaghii,(Ridl.) Bremek.,Malaysia
Rubiaceae,Praravinia gracilis,Bremek.,Malaysia
Rubiaceae,Praravinia hallieri,Bremek.,Malaysia
Rubiaceae,Praravinia havilandii,(Ridl.) Bremek.,Malaysia
Rubiaceae,Praravinia longicalyx,Koizumi & Nagam.,Malaysia
Rubiaceae,Praravinia mollis,Bremek.,Malaysia
Rubiaceae,Praravinia neriifolia,Bremek.,Malaysia
Rubiaceae,Praravinia nitida,Koizumi & Nagam.,Malaysia
Rubiaceae,Praravinia sarawacensis,Bremek.,Malaysia
Rubiaceae,Praravinia sericotricha,Bremek.,Malaysia
Rubiaceae,Praravinia suberosa,(Merr.) Bremek.,Malaysia
Rubiaceae,Praravinia verruculosa,Bremek.,Malaysia
Rubiaceae,Prismatomeris beccariana,(Baill. ex K.Schum.) J.T.Johanss.,Malaysia
Rubiaceae,Prismatomeris borneensis,(J.T.Johanss.) Razafim. & Rydin,Malaysia
Rubiaceae,Prismatomeris glabra,(Korth.) Valeton,Malaysia
Rubiaceae,Prismatomeris griffithii,Ridl.,Malaysia
Rubiaceae,Prismatomeris khoonmengiana,Y.W.Low,Malaysia
Rubiaceae,Prismatomeris kinabaluensis,J.T.Johanss.,Malaysia
Rubiaceae,Prismatomeris robusta,J.T.Johanss.,Malaysia
Rubiaceae,Psychotria adenophylla,Wall.,Malaysia
Rubiaceae,Psychotria angulata,Korth.,Malaysia
Rubiaceae,Psychotria asiatica,L.,Malaysia
Rubiaceae,Psychotria bangueyensis,Merr.,Malaysia
Rubiaceae,Psychotria crassifolia,Miq.,Malaysia
Rubiaceae,Psychotria griffithii,Hook.f.,Malaysia
Rubiaceae,Psychotria gyrulosa,Stapf,Malaysia
Rubiaceae,Psychotria pilulifera,King & Gamble,Malaysia
Rubiaceae,Psychotria rhinocerotis,Reinw. ex Blume,Malaysia
Rubiaceae,Psychotria robusta,Blume,Malaysia
Rubiaceae,Psychotria rostrata,Blume,Malaysia
Rubiaceae,Psychotria viridiflora,Reinw. ex Blume,Malaysia
Rubiaceae,Psydrax dicoccos,Gaertn.,Malaysia
Rubiaceae,Psydrax maingayi,(Hook.f.) Bridson,Malaysia
Rubiaceae,Psydrax nitidus,(Craib) K.M.Wong,Malaysia
Rubiaceae,Pyrostria cochinchinensis,(Pierre ex Pit.) Utteridge & A.P.Davis,Malaysia
Rubiaceae,Rennellia borneensis,Baill.,Malaysia
Rubiaceae,Rennellia condensa,(K.M.Wong) Razafim. & Rydin,Malaysia
Rubiaceae,Rennellia elliptica,Korth.,Malaysia
Rubiaceae,Rennellia elongata,(King & Gamble) Ridl.,Malaysia
Rubiaceae,Rennellia microcephala,(Ridl.) K.M.Wong,Malaysia
Rubiaceae,Rennellia morindiformis,(Korth.) Ridl.,Malaysia
Rubiaceae,Rennellia paniculata,King & Gamble,Malaysia
Rubiaceae,Rennellia speciosa,(Wall. ex Kurz) Hook.f.,Malaysia
Rubiaceae,Rennellia subsessilis,(King & Gamble) Razafim. & Rydin,Malaysia
Rubiaceae,Ridsdalea grandis,(Korth.) J.T.Pereira,Malaysia
Rubiaceae,Ridsdalea merrillii,(Elmer) J.T.Pereira,Malaysia
Rubiaceae,Ridsdalea puffiana,J.T.Pereira,Malaysia
Rubiaceae,Ridsdalea schoemannii,(Teijsm. & Binn.) J.T.Pereira,Malaysia
Rubiaceae,Saprosma arborea,Blume,Malaysia
Rubiaceae,Scyphiphora hydrophylacea,C.F.Gaertn.,Malaysia
Rubiaceae,Singaporandia macrophylla,(Hook.f.) K.M.Wong,Malaysia
Rubiaceae,Tarenna adangensis,(Ridl.) Ridl.,Malaysia
Rubiaceae,Tarenna adpressa,(King) Merr.,Malaysia
Rubiaceae,Tarenna arborescens,Ridl.,Malaysia
Rubiaceae,Tarenna ciliolata,(Korth.) Bremek.,Malaysia
Rubiaceae,Tarenna costata,(Miq.) Merr.,Malaysia
Rubiaceae,Tarenna cumingiana,(S.Vidal) Elmer,Malaysia
Rubiaceae,Tarenna fragrans,(Blume) Koord. & Valeton,Malaysia
Rubiaceae,Tarenna gibbsiae,Wernham,Malaysia
Rubiaceae,Tarenna hispidula,Craib,Malaysia
Rubiaceae,Tarenna mollis,(Wall. ex Hook.f.) B.L.Rob.,Malaysia
Rubiaceae,Tarenna mussaendoides,(Craib) K.M.Wong,Malaysia
Rubiaceae,Tarenna pulchra,(Ridl.) Ridl.,Malaysia
Rubiaceae,Tarenna stellulata,(Hook.f.) Ridl.,Malaysia
Rubiaceae,Tarenna winkleri,Valeton,Malaysia
Rubiaceae,Tarennoidea wallichii,(Hook.f.) Tirveng. & Sastre,Malaysia
Rubiaceae,Timonius abanii,Jun H.Chen,Malaysia
Rubiaceae,Timonius avenis,Valeton,Malaysia
Rubiaceae,Timonius beamanii,K.M.Wong & Jun H.Chen,Malaysia
Rubiaceae,Timonius borneensis,Valeton,Malaysia
Rubiaceae,Timonius bullatus,K.M.Wong & Jun H.Chen,Malaysia
Rubiaceae,Timonius clementis,Merr.,Malaysia
Rubiaceae,Timonius corneri,K.M.Wong,Malaysia
Rubiaceae,Timonius diffusus,Ridl.,Malaysia
Rubiaceae,Timonius esherianus,W.W.Sm.,Malaysia
Rubiaceae,Timonius flavescens,(Jacq.) Baker,Malaysia
Rubiaceae,Timonius glabrior,(Valeton) K.M.Wong,Malaysia
Rubiaceae,Timonius kinabaluensis,Jun H.Chen,Malaysia
Rubiaceae,Timonius lasianthoides,Valeton,Malaysia
Rubiaceae,Timonius laxus,King & Gamble,Malaysia
Rubiaceae,Timonius leopoldii,Jun H.Chen & K.M.Wong,Malaysia
Rubiaceae,Timonius matangensis,Valeton,Malaysia
Rubiaceae,Timonius ophioliticus,Jun H.Chen,Malaysia
Rubiaceae,Timonius oreophilus,Ridl.,Malaysia
Rubiaceae,Timonius palawanensis,Elmer,Malaysia
Rubiaceae,Timonius pannosus,Jun H.Chen,Malaysia
Rubiaceae,Timonius stenolobus,Jun H.Chen & K.M.Wong,Malaysia
Rubiaceae,Timonius tambuyukonensis,Jun H.Chen,Malaysia
Rubiaceae,Timonius wallichianus,(Korth.) Valeton,Malaysia
Rubiaceae,Timonius wrayi,King & Gamble,Malaysia
Rubiaceae,Urophyllum arboreum,(Reinw. ex Blume) Korth.,Malaysia
Rubiaceae,Urophyllum borneense,Miq.,Malaysia
Rubiaceae,Urophyllum bracteolatum,Ridl.,Malaysia
Rubiaceae,Urophyllum capituligerum,Ridl.,Malaysia
Rubiaceae,Urophyllum cephalotes,Ridl.,Malaysia
Rubiaceae,Urophyllum clemensiorum,Smedmark & B.Bremer,Malaysia
Rubiaceae,Urophyllum congestiflorum,Ridl.,Malaysia
Rubiaceae,Urophyllum corymbosum,(Blume) Korth.,Malaysia
Rubiaceae,Urophyllum cyphandrum,Stapf,Malaysia
Rubiaceae,Urophyllum elmeri,(Bremek.) Smedmark & B.Bremer,Malaysia
Rubiaceae,Urophyllum enneandrum,(Wight) Ridl.,Malaysia
Rubiaceae,Urophyllum grandifolium,Ridl.,Malaysia
Rubiaceae,Urophyllum griffithianum,(Wight) Hook.f.,Malaysia
Rubiaceae,Urophyllum hirsutum,(Wight) Hook.f.,Malaysia
Rubiaceae,Urophyllum holectomium,(Bremek.) Smedmark & B.Bremer,Malaysia
Rubiaceae,Urophyllum kinabaluense,(Bremek.) Smedmark & B.Bremer,Malaysia
Rubiaceae,Urophyllum leucophlaeum,Ridl.,Malaysia
Rubiaceae,Urophyllum lineatum,Stapf,Malaysia
Rubiaceae,Urophyllum longidens,Stapf,Malaysia
Rubiaceae,Urophyllum longipetalum,Ridl.,Malaysia
Rubiaceae,Urophyllum macrophyllum,(Blume) Korth.,Malaysia
Rubiaceae,Urophyllum macrurum,(Bremek.) Smedmark & B.Bremer,Malaysia
Rubiaceae,Urophyllum maingayi,(King & Gamble) Smedmark & B.Bremer,Malaysia
Rubiaceae,Urophyllum nigricans,Wernham,Malaysia
Rubiaceae,Urophyllum opacum,(Bremek.) Smedmark & B.Bremer,Malaysia
Rubiaceae,Urophyllum oresitrophum,(Bremek.) Koizumi & Nagam.,Malaysia
Rubiaceae,Urophyllum paniculatum,Ridl.,Malaysia
Rubiaceae,Urophyllum parvistipulum,(Bremek.) Smedmark & B.Bremer,Malaysia
Rubiaceae,Urophyllum pilosum,Ridl.,Malaysia
Rubiaceae,Urophyllum salicifolium,Stapf,Malaysia
Rubiaceae,Urophyllum sandahanicum,(Bremek.) Smedmark & B.Bremer,Malaysia
Rubiaceae,Urophyllum sessiliflorum,Ridl.,Malaysia
Rubiaceae,Urophyllum streptopodium,Wall. ex Hook.f.,Malaysia
Rubiaceae,Urophyllum subanurum,Stapf,Malaysia
Rubiaceae,Urophyllum trifurcum,H.Pearson ex King,Malaysia
Rubiaceae,Urophyllum umbellulatum,Miq.,Malaysia
Rubiaceae,Urophyllum villosum,Jack ex Wall.,Malaysia
Rubiaceae,Urophyllum woodii,Merr.,Malaysia
Rubiaceae,Wendlandia burkillii,Cowan,Malaysia
Rubiaceae,Wendlandia dasythyrsa,Miq.,Malaysia
Rubiaceae,Wendlandia densiflora,(Blume) DC.,Malaysia
Rubiaceae,Wendlandia glabrata,DC.,Malaysia
Rubiaceae,Wendlandia ternifolia,Cowan,Malaysia
Rubiaceae,Wendlandia tombuyukonensis,"Suzana, J.T.Pereira & Sugau",Malaysia
Rubiaceae,Xanthophytum grandifolium,Valeton ex Bakh.f.,Malaysia
Rubiaceae,Zuccarinia macrophylla,Blume,Malaysia
Rutaceae,Acronychia pedunculata,(L.) Miq.,Malaysia
Rutaceae,Atalantia buxifolia,(Poir.) Oliv. ex Benth.,Malaysia
Rutaceae,Atalantia monophylla,DC.,Malaysia
Rutaceae,Atalantia paniculata,Warb.,Malaysia
Rutaceae,Burkillanthus malaccensis,(Ridl.) Swingle,Malaysia
Rutaceae,Citrus halimii,B.C.Stone,Malaysia
Rutaceae,Citrus hystrix,DC.,Malaysia
Rutaceae,Citrus maxima,(Burm.) Merr.,Malaysia
Rutaceae,Citrus swinglei,Burkill ex Harms,Malaysia
Rutaceae,Clausena excavata,Burm.f.,Malaysia
Rutaceae,Clausena harmandiana,(Pierre) Guillaumin,Malaysia
Rutaceae,Clausena heptaphylla,(Roxb.) Wight & Arn.,Malaysia
Rutaceae,Glycosmis chlorosperma,(Blume) Spreng.,Malaysia
Rutaceae,Glycosmis collina,B.C.Stone,Malaysia
Rutaceae,Glycosmis crassifolia,Ridl.,Malaysia
Rutaceae,Glycosmis lanceolata,(Blume) D.Dietr.,Malaysia
Rutaceae,Glycosmis longisepala,B.C.Stone,Malaysia
Rutaceae,Glycosmis mauritiana,(Lam.) Tanaka,Malaysia
Rutaceae,Glycosmis pentaphylla,(Retz.) DC.,Malaysia
Rutaceae,Glycosmis perakensis,V.Naray.,Malaysia
Rutaceae,Glycosmis puberula,Lindl. ex Oliv.,Malaysia
Rutaceae,Glycosmis superba,B.C.Stone,Malaysia
Rutaceae,Glycosmis tomentella,Ridl.,Malaysia
Rutaceae,Harrisonia perforata,(Blanco) Merr.,Malaysia
Rutaceae,Lunasia amara,Blanco,Malaysia
Rutaceae,Maclurodendron magnificum,T.G.Hartley,Malaysia
Rutaceae,Maclurodendron parviflorum,T.G.Hartley,Malaysia
Rutaceae,Maclurodendron porteri,(Hook.f.) T.G.Hartley,Malaysia
Rutaceae,Maclurodendron pubescens,T.G.Hartley,Malaysia
Rutaceae,Melicope accedens,(Blume) T.G.Hartley,Malaysia
Rutaceae,Melicope clemensiae,T.G.Hartley,Malaysia
Rutaceae,Melicope confusa,(Merr.) P.S. Liu,Malaysia
Rutaceae,Melicope denhamii,(Seem.) T.G.Hartley,Malaysia
Rutaceae,Melicope glabra,(Blume) T.G.Hartley,Malaysia
Rutaceae,Melicope hookeri,T.G.Hartley,Malaysia
Rutaceae,Melicope incana,T.G.Hartley,Malaysia
Rutaceae,Melicope jugosa,T.G.Hartley,Malaysia
Rutaceae,Melicope latifolia,(DC.) T.G.Hartley,Malaysia
Rutaceae,Melicope lunu-ankenda,T.G.Hartley,Malaysia
Rutaceae,Melicope macrocarpa,(King) T.G.Hartley,Malaysia
Rutaceae,Melicope sororia,T.G.Hartley,Malaysia
Rutaceae,Melicope suberosa,B.C.Stone,Malaysia
Rutaceae,Melicope subunifoliolata,(Stapf) T.G.Hartley,Malaysia
Rutaceae,Merrillia caloxylon,(Ridl.) Swingle,Malaysia
Rutaceae,Micromelum minutum,(G.Forst.) Wight & Arn.,Malaysia
Rutaceae,Monanthocitrus oblanceolata,B.C.Stone & D.T.Jones,Malaysia
Rutaceae,Murraya paniculata,(L.) Jack,Malaysia
Rutaceae,Pleiospermium latialatum,Swingle,Malaysia
Rutaceae,Pleiospermium longisepalum,Swingle,Malaysia
Rutaceae,Tetractomia majus,Hook.f.,Malaysia
Rutaceae,Tetractomia tetrandra,(Roxb.) Merr.,Malaysia
Rutaceae,Tetradium glabrifolium,(Champ. ex Benth.) T.G.Hartley,Malaysia
Rutaceae,Tetradium sambucinum,(Blume) T.G.Hartley,Malaysia
Rutaceae,Zanthoxylum acanthopodium,DC.,Malaysia
Rutaceae,Zanthoxylum avicennae,(Lam.) DC.,Malaysia
Rutaceae,Zanthoxylum myriacanthum,Wall. ex Hook.f.,Malaysia
Rutaceae,Zanthoxylum nitidum,(Roxb.) DC.,Malaysia
Rutaceae,Zanthoxylum ovalifolium,Tutcher,Malaysia
Rutaceae,Zanthoxylum rhetsa,(Roxb.) DC.,Malaysia
Sabiaceae,Meliosma arnottiana,(Wight) Walp.,Malaysia
Sabiaceae,Meliosma lanceolata,Blume,Malaysia
Sabiaceae,Meliosma lepidota,Blume,Malaysia
Sabiaceae,Meliosma rufopilosa,M.R.Hend.,Malaysia
Sabiaceae,Meliosma sumatrana,Walp.,Malaysia
Salicaceae,Casearia albicans,Wall. ex C.B.Clarke,Malaysia
Salicaceae,Casearia calva,Craib,Malaysia
Salicaceae,Casearia capitellata,Blume,Malaysia
Salicaceae,Casearia clarkei,King,Malaysia
Salicaceae,Casearia elliptifolia,Merr.,Malaysia
Salicaceae,Casearia flexula,Ridl.,Malaysia
Salicaceae,Casearia grewiifolia,Vent.,Malaysia
Salicaceae,Casearia hosei,Merr.,Malaysia
Salicaceae,Casearia impressinervia,Merr.,Malaysia
Salicaceae,Casearia lobbiana,Turcz.,Malaysia
Salicaceae,Casearia loheri,Merr.,Malaysia
Salicaceae,Casearia macrocarpa,C.B.Clarke,Malaysia
Salicaceae,Casearia rugulosa,Blume,Malaysia
Salicaceae,Casearia stapfiana,Ridl.,Malaysia
Salicaceae,Casearia tuberculata,Blume,Malaysia
Salicaceae,Casearia velutina,Blume,Malaysia
Salicaceae,Casearia velutinosa,Ridl.,Malaysia
Salicaceae,Flacourtia indica,(Burm.f.) Merr.,Malaysia
Salicaceae,Flacourtia inermis,Roxb.,Malaysia
Salicaceae,Flacourtia kinabaluensis,Sleumer,Malaysia
Salicaceae,Flacourtia rukam,Zoll. & Moritzi,Malaysia
Salicaceae,Hemiscolopia trimera,Slooten,Malaysia
Salicaceae,Homalium caryophyllaceum,(Zoll. & Moritzi) Benth.,Malaysia
Salicaceae,Homalium dasyanthum,(Turcz.) W.Theob.,Malaysia
Salicaceae,Homalium dictyoneurum,(Hance) Warb.,Malaysia
Salicaceae,Homalium foetidum,(Roxb.) Benth.,Malaysia
Salicaceae,Homalium grandiflorum,Benth.,Malaysia
Salicaceae,Homalium kunstleri,King,Malaysia
Salicaceae,Homalium longifolium,Benth.,Malaysia
Salicaceae,Homalium moultonii,Merr.,Malaysia
Salicaceae,Homalium spathulatum,Ridl.,Malaysia
Salicaceae,Homalium undulatum,King,Malaysia
Salicaceae,Osmelia maingayi,King,Malaysia
Salicaceae,Osmelia philippina,(Turcz.) Fern.-Vill.,Malaysia
Salicaceae,Salix tetrasperma,Roxb.,Malaysia
Salicaceae,Scolopia macrophylla,(Wight & Arn.) Clos,Malaysia
Salicaceae,Scolopia spinosa,(Roxb.) Warb.,Malaysia
Salicaceae,Scolopia steenisiana,Sleumer,Malaysia
Salicaceae,Scyphostegia borneensis,Stapf,Malaysia
Salicaceae,Xylosma controversa,Clos,Malaysia
Salicaceae,Xylosma sumatrana,Slooten,Malaysia
Salvadoraceae,Azima sarmentosa,(Blume) Benth. & Hook.f.,Malaysia
Santalaceae,Exocarpos latifolius,R.Br.,Malaysia
Santalaceae,Scleropyrum maingayi,Hook.f.,Malaysia
Santalaceae,Scleropyrum pentandrum,(Dennst.) Mabb.,Malaysia
Sapindaceae,Acer laurinum,Hassk.,Malaysia
Sapindaceae,Allophylus cobbe,(L.) Raeusch.,Malaysia
Sapindaceae,Allophylus javensis,Blume,Malaysia
Sapindaceae,Amesiodendron chinense,(Merr.) Hu,Malaysia
Sapindaceae,Arytera litoralis,Blume,Malaysia
Sapindaceae,Cubilia cubili,(Blanco) Adelb.,Malaysia
Sapindaceae,Dictyoneura acuminata,Blume,Malaysia
Sapindaceae,Dimocarpus dentatus,Meijer ex Leenh.,Malaysia
Sapindaceae,Dimocarpus fumatus,(Blume) Leenh.,Malaysia
Sapindaceae,Dimocarpus longan,Lour.,Malaysia
Sapindaceae,Ganophyllum falcatum,Blume,Malaysia
Sapindaceae,Glenniea penangensis,(Ridl.) Leenh.,Malaysia
Sapindaceae,Glenniea philippinensis,(Radlk.) Leenh.,Malaysia
Sapindaceae,Glenniea thorelii,(Pierre) Leenh.,Malaysia
Sapindaceae,Guioa bijuga,(Hiern) Radlk.,Malaysia
Sapindaceae,Guioa diplopetala,(Hassk.) Radlk.,Malaysia
Sapindaceae,Guioa koelreuteria,(Blanco) Merr.,Malaysia
Sapindaceae,Guioa pleuropteris,(Blume) Radlk.,Malaysia
Sapindaceae,Guioa pubescens,(Zoll. & Moritzi) Radlk.,Malaysia
Sapindaceae,Harpullia arborea,(Blanco) Radlk.,Malaysia
Sapindaceae,Harpullia cupanioides,Roxb.,Malaysia
Sapindaceae,Lepisanthes alata,(Blume) Leenh.,Malaysia
Sapindaceae,Lepisanthes amoena,(Hassk.) Leenh.,Malaysia
Sapindaceae,Lepisanthes divaricata,(Radlk.) Leenh.,Malaysia
Sapindaceae,Lepisanthes falcata,(Radlk.) Leenh.,Malaysia
Sapindaceae,Lepisanthes ferruginea,(Radlk.) Leenh.,Malaysia
Sapindaceae,Lepisanthes fruticosa,(Roxb.) Leenh.,Malaysia
Sapindaceae,Lepisanthes kinabaluensis,Leenh.,Malaysia
Sapindaceae,Lepisanthes multijuga,(Hook.f.) Leenh.,Malaysia
Sapindaceae,Lepisanthes ramiflora,(Radlk.) Leenh.,Malaysia
Sapindaceae,Lepisanthes rubiginosa,(Roxb.) Leenh.,Malaysia
Sapindaceae,Lepisanthes senegalensis,(Poir.) Leenh.,Malaysia
Sapindaceae,Lepisanthes tetraphylla,(Vahl) Radlk.,Malaysia
Sapindaceae,Mischocarpus pentapetalus,(Roxb.) Radlk.,Malaysia
Sapindaceae,Mischocarpus sundaicus,Blume,Malaysia
Sapindaceae,Nephelium aculeatum,Leenh.,Malaysia
Sapindaceae,Nephelium compressum,Radlk.,Malaysia
Sapindaceae,Nephelium costatum,Hiern,Malaysia
Sapindaceae,Nephelium cuspidatum,Blume,Malaysia
Sapindaceae,Nephelium hamulatum,Radlk.,Malaysia
Sapindaceae,Nephelium havilandii,Leenh.,Malaysia
Sapindaceae,Nephelium hypoleucum,Kurz,Malaysia
Sapindaceae,Nephelium juglandifolium,Blume,Malaysia
Sapindaceae,Nephelium lappaceum,L.,Malaysia
Sapindaceae,Nephelium laurinum,Blume,Malaysia
Sapindaceae,Nephelium macrophyllum,Radlk.,Malaysia
Sapindaceae,Nephelium maingayi,Hiern,Malaysia
Sapindaceae,Nephelium meduseum,Leenh.,Malaysia
Sapindaceae,Nephelium melanomiscum,Radlk.,Malaysia
Sapindaceae,Nephelium melliferum,Gagnep.,Malaysia
Sapindaceae,Nephelium papillatum,Leenh.,Malaysia
Sapindaceae,Nephelium ramboutan-ake,(Labill.) Leenh.,Malaysia
Sapindaceae,Nephelium reticulatum,Radlk.,Malaysia
Sapindaceae,Nephelium subfalcatum,Radlk.,Malaysia
Sapindaceae,Nephelium uncinatum,Radlk. ex Leenh.,Malaysia
Sapindaceae,Paranephelium macrophyllum,King,Malaysia
Sapindaceae,Paranephelium spirei,Lecomte,Malaysia
Sapindaceae,Paranephelium xestophyllum,Miq.,Malaysia
Sapindaceae,Pometia pinnata,J.R.Forst. & G.Forst.,Malaysia
Sapindaceae,Pometia ridleyi,King,Malaysia
Sapindaceae,Rhysotoechia koordersii,Radlk.,Malaysia
Sapindaceae,Sapindus rarak,DC.,Malaysia
Sapindaceae,Schleichera oleosa,(Lour.) Oken,Malaysia
Sapindaceae,Trigonachras acuta,Radlk.,Malaysia
Sapindaceae,Trigonachras postardanjeisin,Buerki & Callm.,Malaysia
Sapindaceae,Tristiropsis ferruginea,Leenh.,Malaysia
Sapindaceae,Xerospermum laevigatum,Radlk.,Malaysia
Sapindaceae,Xerospermum noronhianum,(Blume) Blume,Malaysia
Sapindaceae,Zollingeria borneensis,Adema,Malaysia
Sapotaceae,Aulandra beccarii,(Pierre ex Dubard) P.Royen,Malaysia
Sapotaceae,Aulandra longifolia,H.J.Lam,Malaysia
Sapotaceae,Diploknema sebifera,Pierre,Malaysia
Sapotaceae,Donella lanceolata,(Blume) Aubrév.,Malaysia
Sapotaceae,Isonandra borneensis,H.J.Lam,Malaysia
Sapotaceae,Isonandra lanceolata,Wight,Malaysia
Sapotaceae,Isonandra perakensis,King & Gamble,Malaysia
Sapotaceae,Madhuca aristulata,(King & Gamble) H.J.Lam,Malaysia
Sapotaceae,Madhuca barbata,T.D.Penn.,Malaysia
Sapotaceae,Madhuca borneensis,P.Royen,Malaysia
Sapotaceae,Madhuca brochidodroma,T.D.Penn.,Malaysia
Sapotaceae,Madhuca burckiana,(Koord.) H.J.Lam,Malaysia
Sapotaceae,Madhuca calcicola,P.Royen,Malaysia
Sapotaceae,Madhuca coriacea,(Merr.) Merr.,Malaysia
Sapotaceae,Madhuca crassipes,(Pierre ex Becc.) H.J.Lam,Malaysia
Sapotaceae,Madhuca cuprea,(King & Gamble) H.J.Lam,Malaysia
Sapotaceae,Madhuca curtisii,(King & Gamble) Ridl.,Malaysia
Sapotaceae,Madhuca decipiens,J.Sinclair,Malaysia
Sapotaceae,Madhuca dubardii,H.J.Lam,Malaysia
Sapotaceae,Madhuca elmeri,Merr. ex H.J.Lam,Malaysia
Sapotaceae,Madhuca endertii,H.J.Lam,Malaysia
Sapotaceae,Madhuca engkikiana,Yii & P.Chai,Malaysia
Sapotaceae,Madhuca engleri,(Merr.) Vink,Malaysia
Sapotaceae,Madhuca erythrophylla,(King & Gamble) H.J.Lam,Malaysia
Sapotaceae,Madhuca fusca,(Engl.) Forman,Malaysia
Sapotaceae,Madhuca glabrescens,H.J.Lam,Malaysia
Sapotaceae,Madhuca hirtiflora,(Ridl.) H.J.Lam,Malaysia
Sapotaceae,Madhuca kingiana,(Brace ex King & Gamble) H.J.Lam,Malaysia
Sapotaceae,Madhuca korthalsii,(Pierre ex Burck) H.J.Lam,Malaysia
Sapotaceae,Madhuca kuchingensis,Yii & P.Chai,Malaysia
Sapotaceae,Madhuca kunstleri,(Brace ex King & Gamble) H.J.Lam,Malaysia
Sapotaceae,Madhuca lancifolia,(Burck) H.J.Lam,Malaysia
Sapotaceae,Madhuca laurifolia,(King & Gamble) H.J.Lam,Malaysia
Sapotaceae,Madhuca longistyla,(King & Gamble) H.J.Lam,Malaysia
Sapotaceae,Madhuca malaccensis,(C.B.Clarke) H.J.Lam,Malaysia
Sapotaceae,Madhuca markleeana,Yii & P.Chai,Malaysia
Sapotaceae,Madhuca mindanaensis,(Merr.) Merr.,Malaysia
Sapotaceae,Madhuca montana,P.Royen,Malaysia
Sapotaceae,Madhuca monticola,(Merr.) Merr.,Malaysia
Sapotaceae,Madhuca motleyana,(de Vriese) J.F.Macbr.,Malaysia
Sapotaceae,Madhuca multinervia,Yii & P.Chai,Malaysia
Sapotaceae,Madhuca obtusifolia,(King & Gamble) P.Royen,Malaysia
Sapotaceae,Madhuca ochracea,Yii & P.Chai,Malaysia
Sapotaceae,Madhuca ovata,H.J.Lam,Malaysia
Sapotaceae,Madhuca palembanica,(Miq.) Forman,Malaysia
Sapotaceae,Madhuca pallida,(Burck) Baehni,Malaysia
Sapotaceae,Madhuca penangiana,(King & Gamble) H.J.Lam,Malaysia
Sapotaceae,Madhuca penicillata,(King & Gamble) H.J.Lam,Malaysia
Sapotaceae,Madhuca primoplagensis,Vink,Malaysia
Sapotaceae,Madhuca prolixa,(Pierre ex Dubard) Yii & P.Chai,Malaysia
Sapotaceae,Madhuca pubicalyx,Ridl.,Malaysia
Sapotaceae,Madhuca ridleyi,H.J.Lam,Malaysia
Sapotaceae,Madhuca rufa,(King & Gamble) P.Royen,Malaysia
Sapotaceae,Madhuca sarawakensis,(Pierre ex Dubard) H.J.Lam,Malaysia
Sapotaceae,Madhuca selangorica,(King & Gamble) J.Sinclair,Malaysia
Sapotaceae,Madhuca sepilokensis,P.Royen,Malaysia
Sapotaceae,Madhuca sericea,(Miq.) S.Moore,Malaysia
Sapotaceae,Madhuca sessiliflora,P.Royen,Malaysia
Sapotaceae,Madhuca sessilis,(King & Gamble) Baehni,Malaysia
Sapotaceae,Madhuca silamensis,Yii & P.Chai,Malaysia
Sapotaceae,Madhuca spectabilis,P.Royen,Malaysia
Sapotaceae,Madhuca tomentosa,H.J.Lam,Malaysia
Sapotaceae,Madhuca tubulosa,H.J.Lam,Malaysia
Sapotaceae,Madhuca utilis,(Ridl.) H.J.Lam,Malaysia
Sapotaceae,Madhuca vulpina,Vink,Malaysia
Sapotaceae,Manilkara kauki,(L.) Dubard,Malaysia
Sapotaceae,Mimusops elengi,L.,Malaysia
Sapotaceae,Palaquium beccarianum,(Pierre) P.Royen,Malaysia
Sapotaceae,Palaquium bintuluense,Chantar.,Malaysia
Sapotaceae,Palaquium burckii,H.J.Lam,Malaysia
Sapotaceae,Palaquium calophyllum,(Teijsm. & Binn.) Pierre ex Burck,Malaysia
Sapotaceae,Palaquium clarkeanum,King & Gamble,Malaysia
Sapotaceae,Palaquium cochleariifolium,P.Royen,Malaysia
Sapotaceae,Palaquium confertum,H.J.Lam,Malaysia
Sapotaceae,Palaquium crassifolium,Pierre ex Dubard,Malaysia
Sapotaceae,Palaquium cryptocariifolium,P.Royen,Malaysia
Sapotaceae,Palaquium dasyphyllum,Pierre ex Dubard,Malaysia
Sapotaceae,Palaquium decurrens,H.J.Lam,Malaysia
Sapotaceae,Palaquium edenii,Pierre ex Dubard,Malaysia
Sapotaceae,Palaquium elegans,Griffoen & H.J.Lam,Malaysia
Sapotaceae,Palaquium ferrugineum,Pierre ex Dubard,Malaysia
Sapotaceae,Palaquium gutta,(Hook.) Baill.,Malaysia
Sapotaceae,Palaquium herveyi,King & Gamble,Malaysia
Sapotaceae,Palaquium heterosepalum,Merr.,Malaysia
Sapotaceae,Palaquium hexandrum,(Griff.) Baill.,Malaysia
Sapotaceae,Palaquium hispidum,H.J.Lam,Malaysia
Sapotaceae,Palaquium impressionervium,Ng,Malaysia
Sapotaceae,Palaquium kinabaluense,P.Royen,Malaysia
Sapotaceae,Palaquium leiocarpum,Boerl.,Malaysia
Sapotaceae,Palaquium lisophyllum,Pierre ex Dubard,Malaysia
Sapotaceae,Palaquium macrocarpum,Burck,Malaysia
Sapotaceae,Palaquium maingayi,(C.B.Clarke) Engl.,Malaysia
Sapotaceae,Palaquium majas,H.J.Lam,Malaysia
Sapotaceae,Palaquium microphyllum,King & Gamble,Malaysia
Sapotaceae,Palaquium multiflorum,Pierre ex Dubard,Malaysia
Sapotaceae,Palaquium obovatum,(Griff.) Engl.,Malaysia
Sapotaceae,Palaquium ottolanderi,Koord. & Valeton,Malaysia
Sapotaceae,Palaquium oxleyanum,Pierre,Malaysia
Sapotaceae,Palaquium pseudocuneatum,H.J.Lam,Malaysia
Sapotaceae,Palaquium pseudorostratum,H.J.Lam,Malaysia
Sapotaceae,Palaquium quercifolium,(de Vriese) Burck,Malaysia
Sapotaceae,Palaquium regina-montium,Ng,Malaysia
Sapotaceae,Palaquium ridleyi,King & Gamble,Malaysia
Sapotaceae,Palaquium rigidum,Pierre ex Dubard,Malaysia
Sapotaceae,Palaquium rioense,H.J.Lam,Malaysia
Sapotaceae,Palaquium rivulare,H.J.Lam,Malaysia
Sapotaceae,Palaquium rostratum,(Miq.) Burck,Malaysia
Sapotaceae,Palaquium rufolanigerum,P.Royen,Malaysia
Sapotaceae,Palaquium sambasense,Pierre ex Dubard,Malaysia
Sapotaceae,Palaquium semaram,H.J.Lam,Malaysia
Sapotaceae,Palaquium sericeum,H.J.Lam,Malaysia
Sapotaceae,Palaquium stellatum,King & Gamble,Malaysia
Sapotaceae,Palaquium stipulare,Pierre ex Dubard,Malaysia
Sapotaceae,Palaquium sukoei,C.E.C.Fisch.,Malaysia
Sapotaceae,Palaquium sumatranum,Burck,Malaysia
Sapotaceae,Palaquium vexillatum,P.Royen,Malaysia
Sapotaceae,Palaquium walsurifolium,Pierre ex Dubard,Malaysia
Sapotaceae,Palaquium xanthochymum,(de Vriese) Pierre ex Burck,Malaysia
Sapotaceae,Payena acuminata,(Blume) Pierre,Malaysia
Sapotaceae,Payena asiatica,Chantar.,Malaysia
Sapotaceae,Payena dasyphylla,(Miq.) Pierre,Malaysia
Sapotaceae,Payena ferruginea,J.T.Pereira,Malaysia
Sapotaceae,Payena gigas,A.Bruggen,Malaysia
Sapotaceae,Payena grandistipula,J.T.Pereira,Malaysia
Sapotaceae,Payena kapitensis,J.T.Pereira,Malaysia
Sapotaceae,Payena khoonmengiana,J.T.Pereira,Malaysia
Sapotaceae,Payena kinabaluensis,J.T.Pereira,Malaysia
Sapotaceae,Payena lamii,A.Bruggen,Malaysia
Sapotaceae,Payena leerii,(Teijsm. & Binn.) Kurz,Malaysia
Sapotaceae,Payena lucida,A.DC.,Malaysia
Sapotaceae,Payena maingayi,C.B.Clarke,Malaysia
Sapotaceae,Payena microphylla,(de Vriese) Burck,Malaysia
Sapotaceae,Payena obscura,Burck,Malaysia
Sapotaceae,Planchonella cerebrifructa,Swenson,Malaysia
Sapotaceae,Planchonella chartacea,(F.Muell. ex Benth.) H.J.Lam,Malaysia
Sapotaceae,Planchonella duclitan,(Blanco) Bakh.f.,Malaysia
Sapotaceae,Planchonella erringtonii,Dubard,Malaysia
Sapotaceae,Planchonella maingayi,(C.B.Clarke) P.Royen,Malaysia
Sapotaceae,Planchonella malaccensis,(C.B.Clarke) Swenson,Malaysia
Sapotaceae,Planchonella mindanaensis,H.J.Lam,Malaysia
Sapotaceae,Planchonella obovata,(R.Br.) Pierre,Malaysia
Sapotaceae,Planchonella paucinervia,(Erlee) Swenson,Malaysia
Sapotaceae,Pleioluma firma,(Miq.) Swenson,Malaysia
Sapotaceae,Sarcosperma paniculatum,(King) Stapf & King,Malaysia
Sapotaceae,Sarcosperma uittienii,H.J.Lam,Malaysia
Sapotaceae,Sersalisia luzoniensis,(Merr.) Swenson,Malaysia
Schisandraceae,Illicium peninsulare,A.C.Sm.,Malaysia
Schisandraceae,Illicium ridleyanum,A.C.Sm.,Malaysia
Schisandraceae,Illicium stapfii,Merr.,Malaysia
Schisandraceae,Illicium tenuifolium,(Ridl.) A.C.Sm.,Malaysia
Scrophulariaceae,Buddleja asiatica,Lour.,Malaysia
Simaroubaceae,Ailanthus integrifolia,Lam.,Malaysia
Simaroubaceae,Ailanthus triphysa,(Dennst.) Alston,Malaysia
Simaroubaceae,Brucea javanica,(L.) Merr.,Malaysia
Simaroubaceae,Brucea mollis,Wall. ex Kurz,Malaysia
Simaroubaceae,Eurycoma apiculata,A.W.Benn.,Malaysia
Simaroubaceae,Eurycoma longifolia,Jack,Malaysia
Simaroubaceae,Picrasma javanica,Blume,Malaysia
Simaroubaceae,Quassia indica,(Gaertn.) Noot.,Malaysia
Simaroubaceae,Simaba borneensis,(Noot.) Feuillet,Malaysia
Staphyleaceae,Dalrympelea borneensis,(Merr. & L.M.Perry) Nor-Ezzaw.,Malaysia
Staphyleaceae,Dalrympelea calciphila,(J.T.Pereira) Nor-Ezzaw.,Malaysia
Staphyleaceae,Dalrympelea grandis,(B.L.Linden) Nor-Ezzaw.,Malaysia
Staphyleaceae,Dalrympelea nitida,(Merr. & L.M.Perry) Nor-Ezzaw.,Malaysia
Staphyleaceae,Dalrympelea pomifera,Roxb.,Malaysia
Staphyleaceae,Dalrympelea sphaerocarpa,(Hassk.) Nor-Ezzaw.,Malaysia
Staphyleaceae,Dalrympelea stipulacea,(B.L.Linden) Nor-Ezzaw.,Malaysia
Staphyleaceae,Dalrympelea trifoliata,(Ridl.) Nor-Ezzaw.,Malaysia
Staphyleaceae,Turpinia cochinchinensis,(Lour.) Merr.,Malaysia
Staphyleaceae,Turpinia simplicifolia,Merr.,Malaysia
Stemonuraceae,Cantleya corniculata,(Becc.) R.A.Howard,Malaysia
Stemonuraceae,Gomphandra capitulata,(Jungh. & de Vriese) Becc.,Malaysia
Stemonuraceae,Gomphandra cumingiana,(Miers) Fern.-Vill.,Malaysia
Stemonuraceae,Gomphandra lysipetala,Stapf,Malaysia
Stemonuraceae,Gomphandra palustris,Schori,Malaysia
Stemonuraceae,Gomphandra quadrifida,(Blume) Sleumer,Malaysia
Stemonuraceae,Gomphandra tomentella,(Kurz) Mast.,Malaysia
Stemonuraceae,Medusanthera gracilis,(King) Sleumer,Malaysia
Stemonuraceae,Medusanthera laxiflora,(Miers) R.A.Howard,Malaysia
Stemonuraceae,Medusanthera malayana,Utteridge,Malaysia
Stemonuraceae,Stemonurus corrugatus,Utteridge & Schori,Malaysia
Stemonuraceae,Stemonurus grandifolius,Becc.,Malaysia
Stemonuraceae,Stemonurus malaccensis,(Mast.) Sleumer,Malaysia
Stemonuraceae,Stemonurus scorpioides,Becc.,Malaysia
Stemonuraceae,Stemonurus secundiflorus,Blume,Malaysia
Stemonuraceae,Stemonurus umbellatus,Becc.,Malaysia
Styracaceae,Styrax agrestis,(Lour.) G.Don,Malaysia
Styracaceae,Styrax benzoin,Dryand.,Malaysia
Styracaceae,Styrax crotonoides,C.B.Clarke,Malaysia
Styracaceae,Styrax fraserensis,F.E.Putz & Ng,Malaysia
Styracaceae,Styrax paralleloneurus,Perkins,Malaysia
Styracaceae,Styrax porterianus,Wall. ex G.Don,Malaysia
Styracaceae,Styrax ridleyanus,Perkins,Malaysia
Styracaceae,Styrax serrulatus,Roxb.,Malaysia
Symplocaceae,Symplocos acuminata,(Blume) Miq.,Malaysia
Symplocaceae,Symplocos adenophylla,Wall. ex G. Don,Malaysia
Symplocaceae,Symplocos anomala,Brand,Malaysia
Symplocaceae,Symplocos barringtoniifolia,Brand,Malaysia
Symplocaceae,Symplocos borneensis,Brand,Malaysia
Symplocaceae,Symplocos buxifolia,Stapf,Malaysia
Symplocaceae,Symplocos buxifolioides,K.G.Pearce,Malaysia
Symplocaceae,Symplocos calycodactylos,Brand,Malaysia
Symplocaceae,Symplocos celastrifolia,Griff. ex C.B.Clarke,Malaysia
Symplocaceae,Symplocos cerasifolia,Wall.,Malaysia
Symplocaceae,Symplocos cochinchinensis,(Lour.) S.Moore,Malaysia
Symplocaceae,Symplocos colombonensis,Noot.,Malaysia
Symplocaceae,Symplocos costatifructa,Noot.,Malaysia
Symplocaceae,Symplocos crassipes,C.B.Clarke,Malaysia
Symplocaceae,Symplocos deflexa,Stapf,Malaysia
Symplocaceae,Symplocos fasciculata,Zoll.,Malaysia
Symplocaceae,Symplocos goodeniacea,Noot.,Malaysia
Symplocaceae,Symplocos henschelii,(Moritzi) Benth. ex C.B.Clarke,Malaysia
Symplocaceae,Symplocos iliaspaiensis,Noot.,Malaysia
Symplocaceae,Symplocos laeteviridis,Stapf,Malaysia
Symplocaceae,Symplocos leochaii,P.Chai,Malaysia
Symplocaceae,Symplocos lucida,(Thunb.) Siebold & Zucc.,Malaysia
Symplocaceae,Symplocos nivea,Brand        ,Malaysia
Symplocaceae,Symplocos odoratissima,Choisy ex Zoll.,Malaysia
Symplocaceae,Symplocos ophirensis,C.B.Clarke,Malaysia
Symplocaceae,Symplocos pendula,Wight,Malaysia
Symplocaceae,Symplocos polyandra,Brand,Malaysia
Symplocaceae,Symplocos pyriflora,Ridl.,Malaysia
Symplocaceae,Symplocos rubiginosa,Wall.,Malaysia
Symplocaceae,Symplocos sumuntia,Buch.-Ham. ex D.Don,Malaysia
Symplocaceae,Symplocos tricoccata,Noot.,Malaysia
Symplocaceae,Symplocos wikstroemiifolia,Hayata,Malaysia
Symplocaceae,Symplocos zizyphoides,Stapf,Malaysia
Tetramelaceae,Octomeles sumatrana,Miq.,Malaysia
Tetramelaceae,Tetrameles nudiflora,R.Br.,Malaysia
Tetrameristaceae,Tetramerista glabra,Miq.,Malaysia
Theaceae,Polyspora borneensis,"(H.Keng) Orel, Peter G.Wilson, Curry & Luu",Malaysia
Theaceae,Polyspora concentricicatrix,"(Burkill) Orel, Peter G.Wilson, Curry & Luu",Malaysia
Theaceae,Polyspora grandiflora,"(Merr.) Orel, Peter G.Wilson, Curry & Luu",Malaysia
Theaceae,Polyspora havilandii,"(Burkill) Orel, Peter G.Wilson, Curry & Luu",Malaysia
Theaceae,Polyspora hirtella,"(Ridl.) Orel, Peter G.Wilson, Curry & Luu",Malaysia
Theaceae,Polyspora imbricata,"(King) Orel, Peter G.Wilson, Curry & Lu",Malaysia
Theaceae,Polyspora lanceifolia,"(Burkill) Orel, Peter G.Wilson, Curry & Luu",Malaysia
Theaceae,Polyspora maingayi,"(Dyer) Orel, Peter G.Wilson, Curry & Luu",Malaysia
Theaceae,Polyspora multinervis,"(King) Orel, Peter G.Wilson, Curry & Luu",Malaysia
Theaceae,Polyspora penangensis,(Ridl.) Niissalo & L.M.Choo,Malaysia
Theaceae,Polyspora sarawakensis,"(H.Keng) Orel, Peter G.Wilson, Curry & Luu",Malaysia
Theaceae,Polyspora scortechinii,"(King) Orel, Peter G.Wilson, Curry & Luu",Malaysia
Theaceae,Polyspora singaporeana,(Wall. ex Ridl.) Niissalo & L.M.Choo,Malaysia
Theaceae,Polyspora taipingensis,"(Burkill) Orel, Peter G.Wilson, Curry & Luu",Malaysia
Theaceae,Pyrenaria acuminata,Planch. ex Choisy,Malaysia
Theaceae,Pyrenaria johorensis,H.Keng,Malaysia
Theaceae,Pyrenaria pahangensis,H.Keng,Malaysia
Theaceae,Pyrenaria serrata,Blume,Malaysia
Theaceae,Pyrenaria tawauensis,H.Keng,Malaysia
Theaceae,Pyrenaria villosula,Miq.,Malaysia
Theaceae,Pyrenaria viridifolia,Symington ex H.Keng,Malaysia
Theaceae,Schima brevifolia,Baill. ex Stapf,Malaysia
Theaceae,Schima crenata,Korth.,Malaysia
Theaceae,Schima noronhae,Reinw. ex Blume,Malaysia
Thymelaeaceae,Aetoxylon sympetalum,(Steenis & Domke) Airy Shaw,Malaysia
Thymelaeaceae,Amyxa pluricornis,(Radlk.) Domke,Malaysia
Thymelaeaceae,Aquilaria beccariana,Tiegh.,Malaysia
Thymelaeaceae,Aquilaria malaccensis,Lam.,Malaysia
Thymelaeaceae,Aquilaria rostrata,Ridl.,Malaysia
Thymelaeaceae,Eriosolena composita,(L.f.) Merr.,Malaysia
Thymelaeaceae,Gonystylus affinis,Radlk.,Malaysia
Thymelaeaceae,Gonystylus areolatus,Domke ex Airy Shaw,Malaysia
Thymelaeaceae,Gonystylus augescens,Ridl.,Malaysia
Thymelaeaceae,Gonystylus bancanus,(Miq.) Kurz,Malaysia
Thymelaeaceae,Gonystylus borneensis,(Tiegh.) Gilg,Malaysia
Thymelaeaceae,Gonystylus brunnescens,Airy Shaw,Malaysia
Thymelaeaceae,Gonystylus calophyllus,Gilg,Malaysia
Thymelaeaceae,Gonystylus confusus,Airy Shaw,Malaysia
Thymelaeaceae,Gonystylus consanguineus,Airy Shaw,Malaysia
Thymelaeaceae,Gonystylus decipiens,Airy Shaw,Malaysia
Thymelaeaceae,Gonystylus eximius,Airy Shaw,Malaysia
Thymelaeaceae,Gonystylus forbesii,Gilg,Malaysia
Thymelaeaceae,Gonystylus keithii,Airy Shaw,Malaysia
Thymelaeaceae,Gonystylus lucidulus,Airy Shaw,Malaysia
Thymelaeaceae,Gonystylus macrophyllus,(Miq.) Airy Shaw,Malaysia
Thymelaeaceae,Gonystylus maingayi,Hook.f.,Malaysia
Thymelaeaceae,Gonystylus micranthus,Airy Shaw,Malaysia
Thymelaeaceae,Gonystylus nervosus,Airy Shaw,Malaysia
Thymelaeaceae,Gonystylus nobilis,Airy Shaw,Malaysia
Thymelaeaceae,Gonystylus othmanii,Tawan,Malaysia
Thymelaeaceae,Gonystylus pendulus,Airy Shaw,Malaysia
Thymelaeaceae,Gonystylus velutinus,Airy Shaw,Malaysia
Thymelaeaceae,Gonystylus xylocarpus,Airy Shaw,Malaysia
Thymelaeaceae,Phaleria capitata,Jack,Malaysia
Thymelaeaceae,Phaleria perrottetiana,(Decne.) Fern.-Vill.,Malaysia
Thymelaeaceae,Wikstroemia androsaemifolia,Decne.,Malaysia
Thymelaeaceae,Wikstroemia ovata,C.A. Mey. ex Meisn.,Malaysia
Thymelaeaceae,Wikstroemia tenuiramis,Miq.,Malaysia
Torricelliaceae,Aralidium pinnatifidum,(Jungh. & de Vriese) Miq.,Malaysia
Urticaceae,Astrothalamus reticulatus,(Wedd.) C.B.Rob.,Malaysia
Urticaceae,Boehmeria depauperata,Wedd.,Malaysia
Urticaceae,Boehmeria virgata,(G.Forst.) Guill.,Malaysia
Urticaceae,Cypholophus lutescens,(Blume) Wedd.,Malaysia
Urticaceae,Cypholophus macrocephalus,(Blume) Wedd.,Malaysia
Urticaceae,Debregeasia longifolia,(Burm.f.) Wedd.,Malaysia
Urticaceae,Debregeasia squamata,King ex Hook.f.,Malaysia
Urticaceae,Dendrocnide elliptica,(Merr.) Chew,Malaysia
Urticaceae,Dendrocnide oblanceolata,(Merr.) Chew,Malaysia
Urticaceae,Dendrocnide sinuata,(Blume) Chew,Malaysia
Urticaceae,Dendrocnide stimulans,(L.f.) Chew,Malaysia
Urticaceae,Leucosyke capitellata,(Poir.) Wedd.,Malaysia
Urticaceae,Oreocnide frutescens,(Thunb.) Miq.,Malaysia
Urticaceae,Oreocnide rubescens,(Blume) Miq.,Malaysia
Urticaceae,Pipturus argenteus,(G.Forst.) Wedd.,Malaysia
Viburnaceae,Sambucus javanica,Blume,Malaysia
Viburnaceae,Viburnum amplificatum,J.Kern,Malaysia
Viburnaceae,Viburnum beccarii,Gamble,Malaysia
Viburnaceae,Viburnum clemensiae,J.Kern,Malaysia
Viburnaceae,Viburnum hispidulum,J.Kern,Malaysia
Viburnaceae,Viburnum lutescens,Blume,Malaysia
Viburnaceae,Viburnum luzonicum,Rolfe,Malaysia
Viburnaceae,Viburnum sambucinum,Reinw. ex Blume,Malaysia
Viburnaceae,Viburnum vernicosum,Gibbs,Malaysia
Violaceae,Rinorea anguifera,(Lour.) Kuntze,Malaysia
Violaceae,Rinorea bengalensis,(Wall.) Kuntze,Malaysia
Violaceae,Rinorea horneri,(Korth.) Kuntze,Malaysia
Violaceae,Rinorea javanica,Kuntze,Malaysia
Violaceae,Rinorea lanceolata,Kuntze,Malaysia
Violaceae,Rinorea longiracemosa,(Kurz) W. G. Craib,Malaysia
Violaceae,Rinorea sclerocarpa,(Burgersd.) M.Jacobs,Malaysia
Vitaceae,Leea aequata,L.,Malaysia
Vitaceae,Leea angulata,Korth. ex Miq.,Malaysia
Vitaceae,Leea indica,(Burm.f.) Merr.,Malaysia
