family,taxon,author,native to
Acanthaceae,Avicennia alba,Blume,Papua New Guinea
Acanthaceae,Avicennia marina,(Forssk.) Vierh.,Papua New Guinea
Acanthaceae,Avicennia officinalis,L.,Papua New Guinea
Achariaceae,Erythrospermum candidum,(Becc.) Becc.,Papua New Guinea
Achariaceae,Pangium edule,Reinw.,Papua New Guinea
Achariaceae,Ryparosa javanica,Koord. & Valeton,Papua New Guinea
Achariaceae,Trichadenia philippinensis,Merr.,Papua New Guinea
Actinidiaceae,Saurauia conferta,Warb.,Papua New Guinea
Actinidiaceae,Saurauia congestiflora,A.C.Sm.,Papua New Guinea
Actinidiaceae,Saurauia purgans,B.L.Burtt,Papua New Guinea
Actinidiaceae,Saurauia rufa,Burkill,Papua New Guinea
Anacardiaceae,Buchanania amboinensis,Miq.,Papua New Guinea
Anacardiaceae,Buchanania arborescens,(Blume) Blume,Papua New Guinea
Anacardiaceae,Buchanania macrocarpa,Lauterb.,Papua New Guinea
Anacardiaceae,Campnosperma brevipetiolatum,Volkens,Papua New Guinea
Anacardiaceae,Campnosperma montanum,Lauterb.,Papua New Guinea
Anacardiaceae,Dracontomelon dao,(Blanco) Merr. & Rolfe,Papua New Guinea
Anacardiaceae,Dracontomelon lenticulatum,Wilk.,Papua New Guinea
Anacardiaceae,Euroschinus papuanus,Merr. & L.M.Perry,Papua New Guinea
Anacardiaceae,Gluta papuana,Ding Hou,Papua New Guinea
Anacardiaceae,Mangifera altissima,Blanco,Papua New Guinea
Anacardiaceae,Mangifera caesia,Jack,Papua New Guinea
Anacardiaceae,Mangifera inocarpoides,Merr. & L.M.Perry,Papua New Guinea
Anacardiaceae,Mangifera minor,Blume,Papua New Guinea
Anacardiaceae,Pentaspadon motleyi,Hook.f.,Papua New Guinea
Anacardiaceae,Pleiogynium papuanum,C.T.White,Papua New Guinea
Anacardiaceae,Pleiogynium timoriense,(DC.) Leenh.,Papua New Guinea
Anacardiaceae,Rhus taitensis,Guill.,Papua New Guinea
Anacardiaceae,Semecarpus australiensis,Engl.,Papua New Guinea
Anacardiaceae,Semecarpus brachystachys,Merr. & L.M.Perry,Papua New Guinea
Anacardiaceae,Semecarpus cassuvium,Roxb.,Papua New Guinea
Anacardiaceae,Semecarpus forstenii,Blume,Papua New Guinea
Anacardiaceae,Semecarpus magnificus,K.Schum.,Papua New Guinea
Anacardiaceae,Semecarpus schlechteri,Lauterb.,Papua New Guinea
Anacardiaceae,Solenocarpus philippinensis,(Elmer) Kosterm.,Papua New Guinea
Anacardiaceae,Spondias malayana,Kosterm.,Papua New Guinea
Annonaceae,Cananga odorata,(Lam.) Hook.f. & Thomson,Papua New Guinea
Annonaceae,Drepananthus cauliflorus,(K.Schum. & Lauterb.) Survesw. & R.M.K.Saunders,Papua New Guinea
Annonaceae,Drepananthus lucidus,(Diels) Survesw. & R.M.K.Saunders,Papua New Guinea
Annonaceae,Drepananthus obtusifolius,(Becc. & Scheff.) Survesw. & R.M.K.Saunders,Papua New Guinea
Annonaceae,Drepananthus petiolatus,(Diels) Survesw. & R.M.K.Saunders,Papua New Guinea
Annonaceae,Goniothalamus aruensis,Scheff.,Papua New Guinea
Annonaceae,Goniothalamus caloneurus,Miq.,Papua New Guinea
Annonaceae,Goniothalamus cauliflorus,K.Schum.,Papua New Guinea
Annonaceae,Goniothalamus coriaceus,Burck,Papua New Guinea
Annonaceae,Goniothalamus grandiflorus,(Warb.) Boerl.,Papua New Guinea
Annonaceae,Goniothalamus imbricatus,Scheff.,Papua New Guinea
Annonaceae,Goniothalamus viridiflorus,K.Schum. & Lauterb.,Papua New Guinea
Annonaceae,Huberantha hirta,(Miq.) Chaowasku,Papua New Guinea
Annonaceae,Huberantha nitidissima,(Dunal) Chaowasku,Papua New Guinea
Annonaceae,Maasia glauca,"(Hassk.) Mols, Kessler & Rogstad",Papua New Guinea
Annonaceae,Meiogyne cylindrocarpa,(Burck) Heusden,Papua New Guinea
Annonaceae,Mitrephora diversifolia,Miq.,Papua New Guinea
Annonaceae,Monoon chloraxanthum,Miq.,Papua New Guinea
Annonaceae,Monoon polycarpum,(Burck) B.Xue & R.M.K.Saunders,Papua New Guinea
Annonaceae,Monoon salomonicum,I.M.Turner & Utteridge,Papua New Guinea
Annonaceae,Phaeanthus ophthalmicus,(Roxb. ex G.Don) J.Sinclair,Papua New Guinea
Annonaceae,Polyalthia longirostris,(Scheff.) B.Xue & R.M.K.Saunders,Papua New Guinea
Annonaceae,Popowia tomentosa,Maingay ex Hook.f. & Thomson,Papua New Guinea
Annonaceae,Xylopia papuana,Diels,Papua New Guinea
Annonaceae,Xylopia peekelii,Diels,Papua New Guinea
Apiaceae,Mackinlaya celebica,(Harms) Philipson,Papua New Guinea
Apocynaceae,Alstonia actinophylla,(A.Cunn.) K.Schum.,Papua New Guinea
Apocynaceae,Alstonia breviloba,Sidiyasa,Papua New Guinea
Apocynaceae,Alstonia muelleriana,Domin,Papua New Guinea
Apocynaceae,Alstonia rubiginosa,Sidiyasa,Papua New Guinea
Apocynaceae,Alstonia scholaris,(L.) R.Br.,Papua New Guinea
Apocynaceae,Alstonia spatulata,Blume,Papua New Guinea
Apocynaceae,Alstonia spectabilis,R.Br.,Papua New Guinea
Apocynaceae,Carissa spinarum,L.,Papua New Guinea
Apocynaceae,Cerbera floribunda,K.Schum.,Papua New Guinea
Apocynaceae,Cerbera inflata,S.T.Blake,Papua New Guinea
Apocynaceae,Cerbera laeta,Leeuwenb.,Papua New Guinea
Apocynaceae,Cerbera manghas,L.,Papua New Guinea
Apocynaceae,Kopsia flavida,Blume,Papua New Guinea
Apocynaceae,Lepinia solomonensis,Hemsl.,Papua New Guinea
Apocynaceae,Lepiniopsis ternatensis,Valeton,Papua New Guinea
Apocynaceae,Ochrosia ackeringae,(Teijsm. & Binn.) Miq.,Papua New Guinea
Apocynaceae,Ochrosia citrodora,K.Schum. & Lauterb.,Papua New Guinea
Apocynaceae,Ochrosia coccinea,(Teijsm. & Binn.) Miq.,Papua New Guinea
Apocynaceae,Ochrosia ficifolia,(S.Moore) Markgr.,Papua New Guinea
Apocynaceae,Ochrosia minima,(Markgr.) Fosberg & Boiteau,Papua New Guinea
Apocynaceae,Ochrosia oppositifolia,(Lam.) K.Schum.,Papua New Guinea
Apocynaceae,Ochrosia sciadophylla,Markgr.,Papua New Guinea
Apocynaceae,Ochrosia solomonensis,(Merr. & L.M.Perry) Fosberg & Boiteau,Papua New Guinea
Apocynaceae,Rauvolfia moluccana,Markgr.,Papua New Guinea
Apocynaceae,Rauvolfia rostrata,Markgr.,Papua New Guinea
Apocynaceae,Tabernaemontana aurantiaca,Gaudich.,Papua New Guinea
Apocynaceae,Tabernaemontana pandacaqui,Poir.,Papua New Guinea
Apocynaceae,Tabernaemontana remota,Leeuwenb.,Papua New Guinea
Apocynaceae,Tabernaemontana salomonensis,(Markgr.) Leeuwenb.,Papua New Guinea
Apocynaceae,Voacanga grandifolia,(Miq.) Rolfe,Papua New Guinea
Apocynaceae,Wrightia laevis,Hook.f.,Papua New Guinea
Apocynaceae,Wrightia novobritannica,(Ngan) D.J.Middleton,Papua New Guinea
Apocynaceae,Wrightia pubescens,R.Br.,Papua New Guinea
Aquifoliaceae,Ilex archboldiana,Merr. & L.M.Perry,Papua New Guinea
Aquifoliaceae,Ilex cymosa,Blume,Papua New Guinea
Aquifoliaceae,Ilex ledermannii,Loes.,Papua New Guinea
Aquifoliaceae,Ilex malaccensis,Loes.,Papua New Guinea
Aquifoliaceae,Ilex scabridula,Merr. & L.M.Perry,Papua New Guinea
Aquifoliaceae,Ilex stenura,(Merr. & L.M.Perry) D.M.Hicks,Papua New Guinea
Aquifoliaceae,Ilex toroidea,D.M.Hicks,Papua New Guinea
Araliaceae,Harmsiopanax harmsii,K.Schum.,Papua New Guinea
Araliaceae,Harmsiopanax ingens,Philipson,Papua New Guinea
Araliaceae,Heptapleurum amungwiwae,(Frodin) Lowry & G.M.Plunkett,Papua New Guinea
Araliaceae,Heptapleurum barbatum,(Philipson) Lowry & G.M.Plunkett,Papua New Guinea
Araliaceae,Heptapleurum boridianum,(Harms) Lowry & G.M.Plunkett,Papua New Guinea
Araliaceae,Heptapleurum bougainvilleanum,(Harms) Lowry & G.M.Plunkett,Papua New Guinea
Araliaceae,Heptapleurum brassaiellum,(Ridl.) Lowry & G.M.Plunkett,Papua New Guinea
Araliaceae,Heptapleurum carrii,(Harms) Lowry & G.M.Plunkett,Papua New Guinea
Araliaceae,Heptapleurum chaetorrhachis,(Harms) Lowry & G.M.Plunkett,Papua New Guinea
Araliaceae,Heptapleurum eriocephalum,(Harms) Lowry & G.M.Plunkett,Papua New Guinea
Araliaceae,Heptapleurum fimbriatum,F.Muell.,Papua New Guinea
Araliaceae,Heptapleurum forbesii,(Ridl.) Lowry & G.M.Plunkett,Papua New Guinea
Araliaceae,Heptapleurum hirsutum,(Philipson) Lowry & G.M.Plunkett,Papua New Guinea
Araliaceae,Heptapleurum insculptum,(Frodin ex P.Royen) Lowry & G.M.Plunkett,Papua New Guinea
Araliaceae,Heptapleurum ischnoacrum,(Harms) Lowry & G.M.Plunkett,Papua New Guinea
Araliaceae,Heptapleurum ischyrocephalum,(Harms) Lowry & G.M.Plunkett,Papua New Guinea
Araliaceae,Heptapleurum kaniense,(Harms) Lowry & G.M.Plunkett,Papua New Guinea
Araliaceae,Heptapleurum koresii,(P.Royen) Lowry & G.M.Plunkett,Papua New Guinea
Araliaceae,Heptapleurum kuborense,(Frodin ex P.Royen) Lowry & G.M.Plunkett,Papua New Guinea
Araliaceae,Heptapleurum lasiosphaerum,(Harms) Lowry & G.M.Plunkett,Papua New Guinea
Araliaceae,Heptapleurum macrostachyum,(Benth.) Scheff.,Papua New Guinea
Araliaceae,Heptapleurum megalanthum,(Harms) G.M.Plunkett & Lowry,Papua New Guinea
Araliaceae,Heptapleurum morobeanum,(Harms) G.M.Plunkett & Lowry,Papua New Guinea
Araliaceae,Heptapleurum oreopolum,(Harms) G.M.Plunkett & Lowry,Papua New Guinea
Araliaceae,Heptapleurum pachystylum,(Harms) G.M.Plunkett & Lowry,Papua New Guinea
Araliaceae,Heptapleurum pilematophorum,(Harms) G.M.Plunkett & Lowry,Papua New Guinea
Araliaceae,Heptapleurum polycladum,(Frodin ex P.Royen) G.M.Plunkett & Lowry,Papua New Guinea
Araliaceae,Heptapleurum pseudobrassaium,(Harms) G.M.Plunkett & Lowry,Papua New Guinea
Araliaceae,Heptapleurum schultzei,(Harms) G.M.Plunkett & Lowry,Papua New Guinea
Araliaceae,Heptapleurum schumannianum,(Harms) G.M.Plunkett & Lowry,Papua New Guinea
Araliaceae,Heptapleurum sepikianum,(Harms) G.M.Plunkett & Lowry,Papua New Guinea
Araliaceae,Heptapleurum setulosum,(Harms) G.M.Plunkett & Lowry,Papua New Guinea
Araliaceae,Heptapleurum simbuense,(Frodin ex P.Royen) G.M.Plunkett & Lowry,Papua New Guinea
Araliaceae,Heptapleurum spaniodon,(Harms) G.M.Plunkett & Lowry,Papua New Guinea
Araliaceae,Heptapleurum stenopetalum,(Harms) G.M.Plunkett & Lowry,Papua New Guinea
Araliaceae,Heptapleurum stolleanum,(Harms) G.M.Plunkett & Lowry,Papua New Guinea
Araliaceae,Heptapleurum stramineum,(Frodin ex P.Royen) G.M.Plunkett & Lowry,Papua New Guinea
Araliaceae,Heptapleurum tanyrhachis,(Harms) G.M.Plunkett & Lowry,Papua New Guinea
Araliaceae,Heptapleurum tanytrichum,(Harms) G.M.Plunkett & Lowry,Papua New Guinea
Araliaceae,Heptapleurum thaumasianthum,(Harms) G.M.Plunkett & Lowry,Papua New Guinea
Araliaceae,Heptapleurum waterhousei,(Harms) G.M.Plunkett & Lowry,Papua New Guinea
Araliaceae,Osmoxylon boerlagei,(Warb.) Philipson,Papua New Guinea
Araliaceae,Osmoxylon ellipsoideum,B.J.Conn & Frodin,Papua New Guinea
Araliaceae,Osmoxylon insidiator,Becc.,Papua New Guinea
Araliaceae,Osmoxylon lanceolatum,Philipson,Papua New Guinea
Araliaceae,Osmoxylon micranthum,(Harms) Philipson,Papua New Guinea
Araliaceae,Osmoxylon novoguineense,(Scheff.) Becc.,Papua New Guinea
Araliaceae,Osmoxylon pfeilii,(Warb.) Philipson,Papua New Guinea
Araliaceae,Osmoxylon puniceopolleniferum,(B.C.Stone) B.C.Stone,Papua New Guinea
Araliaceae,Osmoxylon rectibrachiatum,B.J.Conn & Frodin,Papua New Guinea
Araliaceae,Osmoxylon sessiliflorum,(Lauterb. ex Harms) Philipson,Papua New Guinea
Araliaceae,Osmoxylon spathipedunculatum,(Philipson) Philipson,Papua New Guinea
Araliaceae,Osmoxylon striatifructum,B.J.Conn & Frodin,Papua New Guinea
Araliaceae,Plerandra solomonensis,Philipson,Papua New Guinea
Araliaceae,Plerandra stahliana,Warb.,Papua New Guinea
Araliaceae,Polyscias balfouriana,(André) L.H.Bailey,Papua New Guinea
Araliaceae,Polyscias belensis,Philipson,Papua New Guinea
Araliaceae,Polyscias cumingiana,(C.Presl) Fern.-Vill.,Papua New Guinea
Araliaceae,Polyscias elegans,(C.Moore & F.Muell.) Harms,Papua New Guinea
Araliaceae,Polyscias guilfoylei,(W.Bull) L.H.Bailey,Papua New Guinea
Araliaceae,Polyscias ledermannii,Harms,Papua New Guinea
Araliaceae,Polyscias macgillivrayi,(Benth.) Harms,Papua New Guinea
Araliaceae,Polyscias macrantha,(Philipson) Lowry & G.M.Plunkett,Papua New Guinea
Araliaceae,Polyscias nodosa,(Blume) Seem.,Papua New Guinea
Araliaceae,Polyscias pacifica,(Philipson) Lowry & G.M.Plunkett,Papua New Guinea
Araliaceae,Polyscias prolifera,(Philipson) Lowry & G.M.Plunkett,Papua New Guinea
Araliaceae,Polyscias royenii,Philipson,Papua New Guinea
Araliaceae,Polyscias schultzei,Harms,Papua New Guinea
Araliaceae,Polyscias scutellaria,(Burm.f.) Fosberg,Papua New Guinea
Araliaceae,Polyscias serratifolia,(Miq.) Lowry & G.M.Plunkett,Papua New Guinea
Araliaceae,Polyscias spectabilis,(Harms) Lowry & G.M.Plunkett,Papua New Guinea
Araliaceae,Polyscias verticillata,B.C.Stone,Papua New Guinea
Araucariaceae,Agathis labillardierei,Warb.,Papua New Guinea
Araucariaceae,Agathis robusta,(C.Moore ex F.Muell.) F.M.Bailey,Papua New Guinea
Araucariaceae,Araucaria cunninghamii,Mudie,Papua New Guinea
Araucariaceae,Araucaria hunsteinii,K.Schum.,Papua New Guinea
Arecaceae,Actinorhytis calapparia,(Blume) H.Wendl. & Drude ex Scheff.,Papua New Guinea
Arecaceae,Areca macrocalyx,Zipp. ex Blume,Papua New Guinea
Arecaceae,Areca novohibernica,(Lauterb.) Becc.,Papua New Guinea
Arecaceae,Arenga australasica,(H.Wendl. & Drude) S.T.Blake ex H.E.Moore,Papua New Guinea
Arecaceae,Borassus heineanus,Becc.,Papua New Guinea
Arecaceae,Brassiophoenix drymophloeoides,Burret,Papua New Guinea
Arecaceae,Brassiophoenix schumannii,(Becc.) Essig,Papua New Guinea
Arecaceae,Calyptrocalyx albertisianus,Becc.,Papua New Guinea
Arecaceae,Calyptrocalyx amoenus,Dowe & M.D.Ferrero,Papua New Guinea
Arecaceae,Calyptrocalyx awa,Dowe & M.D.Ferrero,Papua New Guinea
Arecaceae,Calyptrocalyx calcicolus,J.Dransf. & L.T.Sm.,Papua New Guinea
Arecaceae,Calyptrocalyx elegans,Becc.,Papua New Guinea
Arecaceae,Calyptrocalyx forbesii,(Ridl.) Dowe & M.D.Ferrero,Papua New Guinea
Arecaceae,Calyptrocalyx hollrungii,(Becc.) Dowe & M.D.Ferrero,Papua New Guinea
Arecaceae,Calyptrocalyx julianettii,(Becc.) Dowe & M.D.Ferrero,Papua New Guinea
Arecaceae,Calyptrocalyx lauterbachianus,Warb. ex Becc.,Papua New Guinea
Arecaceae,Calyptrocalyx laxiflorus,Becc.,Papua New Guinea
Arecaceae,Calyptrocalyx lepidotus,(Burret) Dowe & M.D.Ferrero,Papua New Guinea
Arecaceae,Calyptrocalyx leptostachys,Becc.,Papua New Guinea
Arecaceae,Calyptrocalyx merrillianus,(Burret) Dowe & M.D.Ferrero,Papua New Guinea
Arecaceae,Calyptrocalyx pachystachys,Becc.,Papua New Guinea
Arecaceae,Calyptrocalyx pauciflorus,Becc.,Papua New Guinea
Arecaceae,Calyptrocalyx polyphyllus,Becc.,Papua New Guinea
Arecaceae,Calyptrocalyx pusillus,(Becc.) Dowe & M.D.Ferrero,Papua New Guinea
Arecaceae,Calyptrocalyx reflexus,J.Dransf. & Marcus,Papua New Guinea
Arecaceae,Calyptrocalyx sessiliflorus,Dowe & M.D.Ferrero,Papua New Guinea
Arecaceae,Calyptrocalyx yamutumene,Dowe & M.D.Ferrero,Papua New Guinea
Arecaceae,Caryota rumphiana,Mart.,Papua New Guinea
Arecaceae,Caryota zebrina,"Hambali, Maturb., Heatubun & J.Dransf.",Papua New Guinea
Arecaceae,Clinostigma collegarum,J.Dransf.,Papua New Guinea
Arecaceae,Cocos nucifera,L.,Papua New Guinea
Arecaceae,Corypha utan,Lam.,Papua New Guinea
Arecaceae,Cyrtostachys bakeri,Heatubun,Papua New Guinea
Arecaceae,Cyrtostachys glauca,H.E.Moore,Papua New Guinea
Arecaceae,Cyrtostachys loriae,Becc.,Papua New Guinea
Arecaceae,Heterospathe annectens,H.E.Moore,Papua New Guinea
Arecaceae,Heterospathe barfodii,L.M.Gardiner & W.J.Baker,Papua New Guinea
Arecaceae,Heterospathe compsoclada,(Burret) Heatubun,Papua New Guinea
Arecaceae,Heterospathe elata,Scheff.,Papua New Guinea
Arecaceae,Heterospathe elegans,(Becc.) Becc.,Papua New Guinea
Arecaceae,Heterospathe ledermanniana,Becc.,Papua New Guinea
Arecaceae,Heterospathe lepidota,H.E.Moore,Papua New Guinea
Arecaceae,Heterospathe macgregorii,(Becc.) H.E.Moore,Papua New Guinea
Arecaceae,Heterospathe muelleriana,(Becc.) Becc.,Papua New Guinea
Arecaceae,Heterospathe obriensis,(Becc.) H.E.Moore,Papua New Guinea
Arecaceae,Heterospathe parviflora,Essig,Papua New Guinea
Arecaceae,Heterospathe pulchra,H.E.Moore,Papua New Guinea
Arecaceae,Heterospathe pullenii,M.S.Trudgen & W.J.Baker,Papua New Guinea
Arecaceae,Heterospathe sphaerocarpa,Burret,Papua New Guinea
Arecaceae,Hydriastele apetiolata,Petoe & W.J.Baker,Papua New Guinea
Arecaceae,Hydriastele aprica,(B.E.Young) W.J.Baker & Loo,Papua New Guinea
Arecaceae,Hydriastele calcicola,W.J.Baker & Petoe,Papua New Guinea
Arecaceae,Hydriastele costata,F.M.Bailey,Papua New Guinea
Arecaceae,Hydriastele gibbsiana,(Becc.) W.J.Baker & Loo,Papua New Guinea
Arecaceae,Hydriastele hombronii,(Becc.) W.J.Baker & Loo,Papua New Guinea
Arecaceae,Hydriastele kasesa,(Lauterb.) Burret,Papua New Guinea
Arecaceae,Hydriastele lanata,W.J.Baker & Petoe,Papua New Guinea
Arecaceae,Hydriastele ledermanniana,(Becc.) W.J.Baker & Loo,Papua New Guinea
Arecaceae,Hydriastele longispatha,(Becc.) W.J.Baker & Loo,Papua New Guinea
Arecaceae,Hydriastele manusii,(Essig) W.J.Baker & Loo,Papua New Guinea
Arecaceae,Hydriastele montana,(Becc.) W.J.Baker & Loo,Papua New Guinea
Arecaceae,Hydriastele pinangoides,(Becc.) W.J.Baker & Loo,Papua New Guinea
Arecaceae,Hydriastele rheophytica,Dowe & M.D.Ferrero,Papua New Guinea
Arecaceae,Hydriastele wendlandiana,(F.Muell.) H.Wendl. & Drude,Papua New Guinea
Arecaceae,Licuala bankae,Barfod & Heatubun,Papua New Guinea
Arecaceae,Licuala coccinisedes,Barfod & Heatubun,Papua New Guinea
Arecaceae,Licuala essigii,Barfod & Heatubun,Papua New Guinea
Arecaceae,Licuala insignis,Becc.,Papua New Guinea
Arecaceae,Licuala lauterbachii,Dammer & K.Schum.,Papua New Guinea
Arecaceae,Licuala longispadix,Banka & Barfod,Papua New Guinea
Arecaceae,Licuala montana,Dammer & K.Schum.,Papua New Guinea
Arecaceae,Licuala multibracteata,Barfod & Heatubun,Papua New Guinea
Arecaceae,Licuala parviflora,Dammer ex Becc.,Papua New Guinea
Arecaceae,Licuala penduliflora,(Blume) Zipp. ex Blume,Papua New Guinea
Arecaceae,Licuala sandsiana,Barfod & Heatubun,Papua New Guinea
Arecaceae,Licuala simplex,(K.Schum. & Lauterb.) Becc.,Papua New Guinea
Arecaceae,Licuala suprafolia,Barfod & Heatubun,Papua New Guinea
Arecaceae,Licuala telifera,Becc.,Papua New Guinea
Arecaceae,Linospadix albertisianus,(Becc.) Burret,Papua New Guinea
Arecaceae,Livistona benthamii,F.M.Bailey,Papua New Guinea
Arecaceae,Livistona muelleri,F.M.Bailey,Papua New Guinea
Arecaceae,Metroxylon sagu,Rottb.,Papua New Guinea
Arecaceae,Metroxylon salomonense,(Warb.) Becc.,Papua New Guinea
Arecaceae,Nypa fruticans,Wurmb,Papua New Guinea
Arecaceae,Orania archboldiana,Burret,Papua New Guinea
Arecaceae,Orania bakeri,A.P.Keim & J.Dransf.,Papua New Guinea
Arecaceae,Orania deflexa,A.P.Keim & J.Dransf.,Papua New Guinea
Arecaceae,Orania disticha,Burret,Papua New Guinea
Arecaceae,Orania gagavu,Essig,Papua New Guinea
Arecaceae,Orania glauca,Essig,Papua New Guinea
Arecaceae,Orania grandiflora,A.P.Keim & J.Dransf.,Papua New Guinea
Arecaceae,Orania lauterbachiana,Becc.,Papua New Guinea
Arecaceae,Orania littoralis,A.P.Keim & J.Dransf.,Papua New Guinea
Arecaceae,Orania longistaminodia,A.P.Keim & J.Dransf.,Papua New Guinea
Arecaceae,Orania macropetala,K.Schum. & Lauterb.,Papua New Guinea
Arecaceae,Orania micrantha,Becc.,Papua New Guinea
Arecaceae,Orania oreophila,Essig,Papua New Guinea
Arecaceae,Orania palindan,(Blanco) Merr.,Papua New Guinea
Arecaceae,Orania parva,Essig,Papua New Guinea
Arecaceae,Orania subdisticha,A.P.Keim & J.Dransf.,Papua New Guinea
Arecaceae,Orania tabubilensis,A.P.Keim & J.Dransf.,Papua New Guinea
Arecaceae,Physokentia avia,H.E.Moore,Papua New Guinea
Arecaceae,Pigafetta filaris,(Giseke) Becc.,Papua New Guinea
Arecaceae,Pinanga rumphiana,(Mart.) J.Dransf. & Govaerts,Papua New Guinea
Arecaceae,Ponapea hentyi,(Essig) C.Lewis & Zona,Papua New Guinea
Arecaceae,Ptychococcus lepidotus,H.E.Moore,Papua New Guinea
Arecaceae,Ptychococcus paradoxus,(Scheff.) Becc.,Papua New Guinea
Arecaceae,Ptychosperma buabe,Essig,Papua New Guinea
Arecaceae,Ptychosperma burretianum,Essig,Papua New Guinea
Arecaceae,Ptychosperma caryotoides,Ridl.,Papua New Guinea
Arecaceae,Ptychosperma cuneatum,(Burret) Burret,Papua New Guinea
Arecaceae,Ptychosperma furcatum,(Becc.) Becc. ex Martelli,Papua New Guinea
Arecaceae,Ptychosperma gracile,Labill.,Papua New Guinea
Arecaceae,Ptychosperma hartmannii,Becc.,Papua New Guinea
Arecaceae,Ptychosperma lauterbachii,Becc.,Papua New Guinea
Arecaceae,Ptychosperma lineare,(Burret) Burret,Papua New Guinea
Arecaceae,Ptychosperma macarthurii,(H.Wendl. ex H.J.Veitch) H.Wendl. ex Hook.f.,Papua New Guinea
Arecaceae,Ptychosperma mambare,(F.M.Bailey) Becc. ex Martelli,Papua New Guinea
Arecaceae,Ptychosperma microcarpum,(Burret) Burret,Papua New Guinea
Arecaceae,Ptychosperma mooreanum,Essig,Papua New Guinea
Arecaceae,Ptychosperma pullenii,Essig,Papua New Guinea
Arecaceae,Ptychosperma ramosissimum,Essig,Papua New Guinea
Arecaceae,Ptychosperma rosselense,Essig,Papua New Guinea
Arecaceae,Ptychosperma salomonense,Burret,Papua New Guinea
Arecaceae,Ptychosperma schefferi,Becc. ex Martelli,Papua New Guinea
Arecaceae,Ptychosperma streimannii,Essig,Papua New Guinea
Arecaceae,Ptychosperma tagulense,Essig,Papua New Guinea
Arecaceae,Ptychosperma vestitum,Essig,Papua New Guinea
Arecaceae,Ptychosperma waitianum,Essig,Papua New Guinea
Arecaceae,Rhopaloblaste ceramica,(Miq.) Burret,Papua New Guinea
Arecaceae,Rhopaloblaste gideonii,Banka,Papua New Guinea
Arecaceae,Rhopaloblaste ledermanniana,Becc.,Papua New Guinea
Arecaceae,Saribus chocolatinus,(Dowe) Bacon & W.J.Baker,Papua New Guinea
Arecaceae,Saribus pendulinus,Dowe & S.Venter,Papua New Guinea
Arecaceae,Saribus surru,(Dowe & Barfod) Bacon & W.J.Baker,Papua New Guinea
Arecaceae,Saribus tothur,(Dowe & Barfod) Bacon & W.J.Baker,Papua New Guinea
Arecaceae,Saribus woodfordii,(Ridl.) Bacon & W.J.Baker,Papua New Guinea
Arecaceae,Sommieria leucophylla,Becc.,Papua New Guinea
Asparagaceae,Cordyline fruticosa,(L.) A.Chev.,Papua New Guinea
Asteraceae,Strobocalyx arborea,(Buch.-Ham.) Sch.Bip.,Papua New Guinea
Atherospermataceae,Dryadodaphne crassa,Schodde ex Philipson,Papua New Guinea
Atherospermataceae,Dryadodaphne novoguineensis,(Perkins) A.C.Sm.,Papua New Guinea
Bignoniaceae,Deplanchea tetraphylla,(R.Br.) F.Muell. ex Steenis,Papua New Guinea
Bignoniaceae,Dolichandrone spathacea,(L.f.) Seem.,Papua New Guinea
Bignoniaceae,Lamiodendron magnificum,Steenis,Papua New Guinea
Bixaceae,Cochlospermum gillivraei,Benth.,Papua New Guinea
Boraginaceae,Cordia dichotoma,G.Forst.,Papua New Guinea
Boraginaceae,Cordia subcordata,Lam.,Papua New Guinea
Boraginaceae,Heliotropium arboreum,(Blanco) Mabb.,Papua New Guinea
Burseraceae,Canarium acutifolium,(DC.) Merr.,Papua New Guinea
Burseraceae,Canarium asperum,Benth.,Papua New Guinea
Burseraceae,Canarium australianum,F.Muell.,Papua New Guinea
Burseraceae,Canarium cestracion,Leenh.,Papua New Guinea
Burseraceae,Canarium chinare,Grutt. & H.J.Lam,Papua New Guinea
Burseraceae,Canarium decumanum,Gaertn.,Papua New Guinea
Burseraceae,Canarium hirsutum,Willd.,Papua New Guinea
Burseraceae,Canarium indicum,L.,Papua New Guinea
Burseraceae,Canarium kaniense,Lauterb.,Papua New Guinea
Burseraceae,Canarium macadamii,Leenh.,Papua New Guinea
Burseraceae,Canarium maluense,Lauterb.,Papua New Guinea
Burseraceae,Canarium oleosum,(Lam.) Engl.,Papua New Guinea
Burseraceae,Canarium polyphyllum,K.Schum.,Papua New Guinea
Burseraceae,Canarium rigidum,(Blume) Zipp. ex Miq.,Papua New Guinea
Burseraceae,Canarium salomonense,B.L.Burtt,Papua New Guinea
Burseraceae,Canarium sylvestre,Gaertn.,Papua New Guinea
Burseraceae,Canarium vitiense,A.Gray,Papua New Guinea
Burseraceae,Canarium vulgare,Leenh.,Papua New Guinea
Burseraceae,Dacryodes papuana,Husson,Papua New Guinea
Burseraceae,Garuga floribunda,Decne.,Papua New Guinea
Burseraceae,Haplolobus floribundus,(K.Schum.) H.J.Lam,Papua New Guinea
Burseraceae,Protium macgregorii,(F.M.Bailey) Leenh.,Papua New Guinea
Burseraceae,Rosselia bracteata,Forman,Papua New Guinea
Burseraceae,Santiria rubiginosa,Blume,Papua New Guinea
Calophyllaceae,Calophyllum acutiputamen,P.F.Stevens,Papua New Guinea
Calophyllaceae,Calophyllum bicolor,P.F.Stevens,Papua New Guinea
Calophyllaceae,Calophyllum brassii,A.C.Sm.,Papua New Guinea
Calophyllaceae,Calophyllum carrii,P.F.Stevens,Papua New Guinea
Calophyllaceae,Calophyllum collinum,P.F.Stevens,Papua New Guinea
Calophyllaceae,Calophyllum euryphyllum,Lauterb.,Papua New Guinea
Calophyllaceae,Calophyllum goniocarpum,P.F.Stevens,Papua New Guinea
Calophyllaceae,Calophyllum heterophyllum,P.F.Stevens,Papua New Guinea
Calophyllaceae,Calophyllum inophyllum,L.,Papua New Guinea
Calophyllaceae,Calophyllum laticostatum,P.F.Stevens,Papua New Guinea
Calophyllaceae,Calophyllum leleanii,P.F.Stevens,Papua New Guinea
Calophyllaceae,Calophyllum morobensis,P.F.Stevens,Papua New Guinea
Calophyllaceae,Calophyllum neoebudicum,Guillaumin,Papua New Guinea
Calophyllaceae,Calophyllum novoguineense,Kaneh. & Hatus.,Papua New Guinea
Calophyllaceae,Calophyllum papuanum,Lauterb.,Papua New Guinea
Calophyllaceae,Calophyllum pauciflorum,A.C.Sm.,Papua New Guinea
Calophyllaceae,Calophyllum peekelii,Lauterb.,Papua New Guinea
Calophyllaceae,Calophyllum persimile,P.F.Stevens,Papua New Guinea
Calophyllaceae,Calophyllum piluliferum,P.F.Stevens,Papua New Guinea
Calophyllaceae,Calophyllum robustum,P.F.Stevens,Papua New Guinea
Calophyllaceae,Calophyllum sil,Lauterb.,Papua New Guinea
Calophyllaceae,Calophyllum streimannii,P.F.Stevens,Papua New Guinea
Calophyllaceae,Calophyllum suberosum,P.F.Stevens,Papua New Guinea
Calophyllaceae,Calophyllum trachycaule,Lauterb.,Papua New Guinea
Calophyllaceae,Calophyllum vexans,P.F.Stevens,Papua New Guinea
Calophyllaceae,Calophyllum waliense,P.F.Stevens,Papua New Guinea
Calophyllaceae,Kayea coriacea,(P.F. Stevens) P.F. Stevens,Papua New Guinea
Calophyllaceae,Kayea macrophylla,Kaneh. & Hatus.,Papua New Guinea
Calophyllaceae,Mammea grandifolia,P.F.Stevens,Papua New Guinea
Calophyllaceae,Mammea novoguineensis,(Kan. & Hat.) Kosterm.,Papua New Guinea
Calophyllaceae,Mammea odorata,(Raf.) Kosterm.,Papua New Guinea
Calophyllaceae,Mammea papuana,(Lauterb.) Kosterm.,Papua New Guinea
Calophyllaceae,Mammea papyracea,P.F.Stevens,Papua New Guinea
Calophyllaceae,Mammea veimauriensis,P.F.Stevens,Papua New Guinea
Cannabaceae,Aphananthe philippinensis,Planch.,Papua New Guinea
Cannabaceae,Celtis hildebrandii,Soepadmo,Papua New Guinea
Cannabaceae,Celtis latifolia,(Blume) Planch.,Papua New Guinea
Cannabaceae,Celtis paniculata,(Endl.) Planch.,Papua New Guinea
Cannabaceae,Celtis philippensis,Blanco,Papua New Guinea
Cannabaceae,Celtis rigescens,(Miq.) Planch.,Papua New Guinea
Cannabaceae,Celtis rubrovenia,Elmer,Papua New Guinea
Cannabaceae,Celtis salomonensis,Rech.,Papua New Guinea
Cannabaceae,Gironniera celtidifolia,Gaudich.,Papua New Guinea
Cannabaceae,Gironniera hirta,Ridl.,Papua New Guinea
Cannabaceae,Gironniera rhamnifolia,Blume,Papua New Guinea
Cannabaceae,Parasponia andersonii,(Planch.) Planch.,Papua New Guinea
Cannabaceae,Parasponia rigida,Merr. & L.M.Perry,Papua New Guinea
Cannabaceae,Trema cannabinum,Lour.,Papua New Guinea
Cannabaceae,Trema orientale,(L.) Blume,Papua New Guinea
Cannabaceae,Trema tomentosum,(Roxb.) H.Hara,Papua New Guinea
Capparaceae,Capparis lucida,(Banks ex DC.) Benth.,Papua New Guinea
Capparaceae,Crateva religiosa,G.Forst.,Papua New Guinea
Cardiopteridaceae,Citronella suaveolens,(Blume) R.A.Howard,Papua New Guinea
Cardiopteridaceae,Gonocaryum cognatum,Elmer,Papua New Guinea
Cardiopteridaceae,Gonocaryum litorale,(Blume) Sleumer,Papua New Guinea
Cardiopteridaceae,Pseudobotrys cauliflora,(Pulle) Sleumer,Papua New Guinea
Cardiopteridaceae,Pseudobotrys dorae,Moeser,Papua New Guinea
Casuarinaceae,Casuarina equisetifolia,L.,Papua New Guinea
Casuarinaceae,Casuarina grandis,L.A.S.Johnson,Papua New Guinea
Casuarinaceae,Casuarina oligodon,L.A.S.Johnson,Papua New Guinea
Casuarinaceae,Gymnostoma papuanum,(S.Moore) L.A.S.Johnson,Papua New Guinea
Celastraceae,Brassiantha pentamera,A.C.Sm.,Papua New Guinea
Celastraceae,Euonymus cochinchinensis,Pierre,Papua New Guinea
Celastraceae,Lophopetalum javanicum,(Zoll.) Turcz.,Papua New Guinea
Celastraceae,Lophopetalum torricellense,Loes.,Papua New Guinea
Celastraceae,Siphonodon celastrineus,Griff.,Papua New Guinea
Chloranthaceae,Ascarina diffusa,A.C.Sm.,Papua New Guinea
Chloranthaceae,Ascarina maheshwarii,Swamy,Papua New Guinea
Chloranthaceae,Ascarina philippinensis,C.B.Rob.,Papua New Guinea
Chrysobalanaceae,Atuna excelsa,(Jack) Kosterm.,Papua New Guinea
Chrysobalanaceae,Hunga longifolia,Prance,Papua New Guinea
Chrysobalanaceae,Hunga novoguineensis,Prance,Papua New Guinea
Chrysobalanaceae,Hunga papuana,(Baker f.) Prance,Papua New Guinea
Chrysobalanaceae,Parastemon versteeghii,Merr. & L.M.Perry,Papua New Guinea
Chrysobalanaceae,Parinari nonda,F.Muell. ex Benth.,Papua New Guinea
Chrysobalanaceae,Parinari papuana,C.T.White,Papua New Guinea
Chrysobalanaceae,Parinari prancei,Kosterm.,Papua New Guinea
Clethraceae,Clethra arfakana,Sleumer,Papua New Guinea
Clethraceae,Clethra papuana,J.J.Sm.,Papua New Guinea
Clusiaceae,Garcinia amabilis,Kaneh. & Hatus.,Papua New Guinea
Clusiaceae,Garcinia archboldiana,A.C.Sm.,Papua New Guinea
Clusiaceae,Garcinia assugu,Lauterb.,Papua New Guinea
Clusiaceae,Garcinia branderhorstii,Lauterb.,Papua New Guinea
Clusiaceae,Garcinia crassifolia,Seeth.,Papua New Guinea
Clusiaceae,Garcinia crassinervis,(Warb.) Kosterm.,Papua New Guinea
Clusiaceae,Garcinia cymosa,(K.Schum.) I.M.Turner & P.F.Stevens,Papua New Guinea
Clusiaceae,Garcinia dallmannensis,Kaneh. & Hatus.,Papua New Guinea
Clusiaceae,Garcinia dulcis,(Roxb.) Kurz,Papua New Guinea
Clusiaceae,Garcinia hollrungii,Lauterb.,Papua New Guinea
Clusiaceae,Garcinia hunsteinii,Lauterb.,Papua New Guinea
Clusiaceae,Garcinia jaweri,Lauterb.,Papua New Guinea
Clusiaceae,Garcinia latissima,Miq.,Papua New Guinea
Clusiaceae,Garcinia maluensis,Lauterb.,Papua New Guinea
Clusiaceae,Garcinia mammeoides,Kosterm.,Papua New Guinea
Clusiaceae,Garcinia mangostifera,Kaneh. & Hatus.,Papua New Guinea
Clusiaceae,Garcinia microtropidiiformis,Kaneh. & Hatus.,Papua New Guinea
Clusiaceae,Garcinia moszkowskii,Lauterb.,Papua New Guinea
Clusiaceae,Garcinia oreophila,Lauterb.,Papua New Guinea
Clusiaceae,Garcinia pachyantha,A.C.Sm.,Papua New Guinea
Clusiaceae,Garcinia pachypetala,Lauterb.,Papua New Guinea
Clusiaceae,Garcinia pallida,Lauterb.,Papua New Guinea
Clusiaceae,Garcinia pallide-sanguinea,Lauterb.,Papua New Guinea
Clusiaceae,Garcinia pullei,Lauterb.,Papua New Guinea
Clusiaceae,Garcinia ramulosa,Lauterb.,Papua New Guinea
Clusiaceae,Garcinia riparia,A.C.Sm.,Papua New Guinea
Clusiaceae,Garcinia rupestris,Lauterb.,Papua New Guinea
Clusiaceae,Garcinia sabangensis,Lauterb.,Papua New Guinea
Clusiaceae,Garcinia scaphopetala,B.L.Burtt,Papua New Guinea
Clusiaceae,Garcinia schlecbteri,Lauterb.,Papua New Guinea
Clusiaceae,Garcinia schraderi,Lauterb.,Papua New Guinea
Clusiaceae,Garcinia squamata,Lauterb.,Papua New Guinea
Clusiaceae,Garcinia subtilinervis,F.Muell.,Papua New Guinea
Clusiaceae,Garcinia teysmanniana,Scheff.,Papua New Guinea
Clusiaceae,Garcinia torensis,Lauterb.,Papua New Guinea
Clusiaceae,Garcinia tuberculata,Lauterb.,Papua New Guinea
Clusiaceae,Garcinia umbonata,Lauterb.,Papua New Guinea
Clusiaceae,Garcinia valetoniana,Lauterb.,Papua New Guinea
Clusiaceae,Garcinia versteegii,Lauterb.,Papua New Guinea
Clusiaceae,Garcinia warburgiana,A.C.Sm.,Papua New Guinea
Clusiaceae,Garcinia warrenii,F.Muell.,Papua New Guinea
Combretaceae,Lumnitzera littorea,(Jack) Voigt,Papua New Guinea
Combretaceae,Lumnitzera racemosa,Willd.,Papua New Guinea
Combretaceae,Terminalia archboldiana,Exell,Papua New Guinea
Combretaceae,Terminalia archipelagi,Coode,Papua New Guinea
Combretaceae,Terminalia brassii,Exell,Papua New Guinea
Combretaceae,Terminalia calamansanai,(Blanco) Rolfe,Papua New Guinea
Combretaceae,Terminalia calogemma,Coode,Papua New Guinea
Combretaceae,Terminalia canaliculata,Exell,Papua New Guinea
Combretaceae,Terminalia capitulata,Coode,Papua New Guinea
Combretaceae,Terminalia catappa,L.,Papua New Guinea
Combretaceae,Terminalia complanata,K.Schum.,Papua New Guinea
Combretaceae,Terminalia copelandii,Elmer,Papua New Guinea
Combretaceae,Terminalia eddowesii,Coode,Papua New Guinea
Combretaceae,Terminalia impediens,Coode,Papua New Guinea
Combretaceae,Terminalia kaernbachii,Warb.,Papua New Guinea
Combretaceae,Terminalia longespicata,Slooten,Papua New Guinea
Combretaceae,Terminalia macadamii,Exell,Papua New Guinea
Combretaceae,Terminalia megalocarpa,Exell,Papua New Guinea
Combretaceae,Terminalia microcarpa,Decne.,Papua New Guinea
Combretaceae,Terminalia morobensis,Coode,Papua New Guinea
Combretaceae,Terminalia rubiginosa,K.Schum.,Papua New Guinea
Combretaceae,Terminalia samoensis,Rech.,Papua New Guinea
Combretaceae,Terminalia sepicana,Diels,Papua New Guinea
Combretaceae,Terminalia solomonensis,Exell,Papua New Guinea
Combretaceae,Terminalia steenisiana,Exell,Papua New Guinea
Combretaceae,Terminalia subacroptera,Domin,Papua New Guinea
Combretaceae,Terminalia whitmorei,Coode,Papua New Guinea
Connaraceae,Connarus semidecandrus,Jack,Papua New Guinea
Cornaceae,Alangium ferrugineum,C.T.White,Papua New Guinea
Cornaceae,Alangium glabrum,W.J.de Wilde & Duyfjes,Papua New Guinea
Cornaceae,Alangium gracile,W.J.de Wilde & Duyfjes,Papua New Guinea
Cornaceae,Alangium hollrungii,(K.Schum.) Melch. & Mansf.,Papua New Guinea
Cornaceae,Alangium ledermannii,W.J.de Wilde & Duyfjes,Papua New Guinea
Cornaceae,Alangium plumbeum,W.J.de Wilde & Duyfjes,Papua New Guinea
Cornaceae,Alangium salviifolium,(L.f.) Wangerin,Papua New Guinea
Cornaceae,Alangium strigosum,W.J.de Wilde & Duyfjes,Papua New Guinea
Cornaceae,Alangium subcordatum,W.J.de Wilde & Duyfjes,Papua New Guinea
Cornaceae,Alangium velutinum,W.J.de Wilde & Duyfjes,Papua New Guinea
Corynocarpaceae,Corynocarpus cribbianus,(F.M.Bailey) L.S.Sm.,Papua New Guinea
Crypteroniaceae,Crypteronia cumingii,(Planch.) Endl.,Papua New Guinea
Ctenolophonaceae,Ctenolophon parvifolius,Oliv.,Papua New Guinea
Cunoniaceae,Ackama brassii,(L.M.Perry) Pillon & H.C.Hopkins,Papua New Guinea
Cunoniaceae,Ackama celebica,(Blume) Pillon & H.C.Hopkins,Papua New Guinea
Cunoniaceae,Ackama clemensiae,(L.M.Perry) Pillon & H.C.Hopkins,Papua New Guinea
Cunoniaceae,Ackama fulva,(Schltr.) Pillon & H.C.Hopkins,Papua New Guinea
Cunoniaceae,Ackama papuana,Pulle,Papua New Guinea
Cunoniaceae,Ackama rufa,(Schltr.) Pillon & H.C.Hopkins,Papua New Guinea
Cunoniaceae,Aistopetalum multiflorum,Schltr.,Papua New Guinea
Cunoniaceae,Aistopetalum viticoides,Schltr.,Papua New Guinea
Cunoniaceae,Ceratopetalum succirubrum,C.T.White,Papua New Guinea
Cunoniaceae,Gillbeea papuana,Schltr.,Papua New Guinea
Cunoniaceae,Opocunonia nymanii,Schltr.,Papua New Guinea
Cunoniaceae,Pullea glabra,Schltr.,Papua New Guinea
Cunoniaceae,Pullea mollis,Schltr.,Papua New Guinea
Cunoniaceae,Schizomeria carrii,H.C.Hopkins,Papua New Guinea
Cunoniaceae,Schizomeria clemensiae,L.M.Perry,Papua New Guinea
Cunoniaceae,Schizomeria gorumensis,Schltr.,Papua New Guinea
Cunoniaceae,Schizomeria ilicina,(Ridl.) Schltr.,Papua New Guinea
Cunoniaceae,Schizomeria novoguineensis,L.M.Perry,Papua New Guinea
Cunoniaceae,Schizomeria serrata,(Hochr.) Hochr.,Papua New Guinea
Cunoniaceae,Spiraeanthemum bougainvillense,Hoogland,Papua New Guinea
Cunoniaceae,Spiraeanthemum macgillivrayi,Seem.,Papua New Guinea
Cunoniaceae,Spiraeanthemum parvifolium,Schltr.,Papua New Guinea
Cunoniaceae,Spiraeanthemum pulleanum,Schltr.,Papua New Guinea
Cunoniaceae,Spiraeanthemum reticulatum,Schltr.,Papua New Guinea
Cunoniaceae,Weinmannia fraxinea,(D. Don) Miq.,Papua New Guinea
Cunoniaceae,Weinmannia purpurea,L.M.Perry,Papua New Guinea
Cunoniaceae,Weinmannia urdanetensis,Elmer,Papua New Guinea
Cupressaceae,Papuacedrus papuana,(F.Muell.) H.L.Li,Papua New Guinea
Cycadaceae,Cycas apoa,K.D.Hill,Papua New Guinea
Cycadaceae,Cycas bougainvilleana,K.D.Hill,Papua New Guinea
Cycadaceae,Cycas campestris,K.D.Hill,Papua New Guinea
Cycadaceae,Cycas rumphii,Miq.,Papua New Guinea
Cycadaceae,Cycas scratchleyana,F.Muell.,Papua New Guinea
Daphniphyllaceae,Daphniphyllum gracile,Gage,Papua New Guinea
Daphniphyllaceae,Daphniphyllum papuanum,Hallier f.,Papua New Guinea
Dichapetalaceae,Dichapetalum tenerum,Leenh.,Papua New Guinea
Dichapetalaceae,Dichapetalum timoriense,(DC.) Boerl.,Papua New Guinea
Dilleniaceae,Dillenia alata,(R.Br. ex DC.) Banks ex Martelli,Papua New Guinea
Dilleniaceae,Dillenia auriculata,Martelli,Papua New Guinea
Dilleniaceae,Dillenia castaneifolia,(Miq.) Martelli,Papua New Guinea
Dilleniaceae,Dillenia fagifolia,Hoogland,Papua New Guinea
Dilleniaceae,Dillenia ingens,B.L.Burtt,Papua New Guinea
Dilleniaceae,Dillenia insignis,(A.C.Sm.) Hoogland,Papua New Guinea
Dilleniaceae,Dillenia insularum,Hoogland,Papua New Guinea
Dilleniaceae,Dillenia montana,Diels,Papua New Guinea
Dilleniaceae,Dillenia nalagi,Hoogland,Papua New Guinea
Dilleniaceae,Dillenia papuana,Martelli,Papua New Guinea
Dilleniaceae,Dillenia quercifolia,(C.T.White & W.D.Francis ex Lane-Poole) Hoogland,Papua New Guinea
Dilleniaceae,Dillenia schlechteri,Diels,Papua New Guinea
Dipentodontaceae,Perrottetia alpestris,(Blume) Loes.,Papua New Guinea
Dipterocarpaceae,Anisoptera thurifera,(Blanco) Blume,Papua New Guinea
Dipterocarpaceae,Hopea celtidifolia,Kosterm.,Papua New Guinea
Dipterocarpaceae,Hopea forbesii,(Brandis) Slooten,Papua New Guinea
Dipterocarpaceae,Hopea glabrifolia,C.T.White,Papua New Guinea
Dipterocarpaceae,Hopea iriana,Slooten,Papua New Guinea
Dipterocarpaceae,Hopea novoguineensis,Slooten,Papua New Guinea
Dipterocarpaceae,Hopea papuana,Diels,Papua New Guinea
Dipterocarpaceae,Hopea parvifolia,(Warb.) Slooten,Papua New Guinea
Dipterocarpaceae,Hopea scabra,P.S.Ashton,Papua New Guinea
Dipterocarpaceae,Hopea similis,Slooten,Papua New Guinea
Dipterocarpaceae,Hopea ultima,P.S.Ashton,Papua New Guinea
Dipterocarpaceae,Vatica rassak,(Korth.) Blume,Papua New Guinea
Ebenaceae,Diospyros alpina,Kosterm.,Papua New Guinea
Ebenaceae,Diospyros areolifolia,Kosterm.,Papua New Guinea
Ebenaceae,Diospyros benstonei,Kosterm.,Papua New Guinea
Ebenaceae,Diospyros buxifolia,(Blume) Hiern,Papua New Guinea
Ebenaceae,Diospyros calycantha,O.Schwarz,Papua New Guinea
Ebenaceae,Diospyros cordato-oblonga,Kosterm.,Papua New Guinea
Ebenaceae,Diospyros crebripilis,Kosterm.,Papua New Guinea
Ebenaceae,Diospyros ferrea,(Willd.) Bakh.,Papua New Guinea
Ebenaceae,Diospyros foliosa,(Rich. ex A.Gray) Bakh.,Papua New Guinea
Ebenaceae,Diospyros gillisonii,Kosterm.,Papua New Guinea
Ebenaceae,Diospyros glabrata,(Warb.) Kosterm.,Papua New Guinea
Ebenaceae,Diospyros humilis,(R.Br.) F.Muell.,Papua New Guinea
Ebenaceae,Diospyros insularis,Bakh.,Papua New Guinea
Ebenaceae,Diospyros laurina,(R.Br.) Jessup,Papua New Guinea
Ebenaceae,Diospyros littorea,(R.Br.) Kosterm.,Papua New Guinea
Ebenaceae,Diospyros lolinopsis,Kosterm.,Papua New Guinea
Ebenaceae,Diospyros maritima,Blume,Papua New Guinea
Ebenaceae,Diospyros multimaculata,C.Puglisi,Papua New Guinea
Ebenaceae,Diospyros normanbyensis,Kosterm.,Papua New Guinea
Ebenaceae,Diospyros novoguineensis,Bakh.,Papua New Guinea
Ebenaceae,Diospyros papuana,Valeton ex Bakh.,Papua New Guinea
Ebenaceae,Diospyros peekelii,Lauterb.,Papua New Guinea
Ebenaceae,Diospyros potamica,Kosterm.,Papua New Guinea
Ebenaceae,Diospyros pulchra,Bakh.,Papua New Guinea
Ebenaceae,Diospyros rhododendroides,Kosterm.,Papua New Guinea
Ebenaceae,Diospyros ridsdalei,Kosterm.,Papua New Guinea
Ebenaceae,Diospyros sogeriensis,Bakh.,Papua New Guinea
Ebenaceae,Diospyros subsessilis,Kosterm.,Papua New Guinea
Ebenaceae,Diospyros tehno,"C.Puglisi, Jimbo & Hagwood",Papua New Guinea
Ebenaceae,Diospyros terminalis,Kosterm.,Papua New Guinea
Ebenaceae,Diospyros villosiuscula,Kosterm.,Papua New Guinea
Elaeocarpaceae,Aceratium archboldianum,A.C.Sm.,Papua New Guinea
Elaeocarpaceae,Aceratium brassii,A.C.Sm.,Papua New Guinea
Elaeocarpaceae,Aceratium hypoleucum,Kaneh. & Hatus.,Papua New Guinea
Elaeocarpaceae,Aceratium ledermannii,Schltr.,Papua New Guinea
Elaeocarpaceae,Aceratium muellerianum,Schltr.,Papua New Guinea
Elaeocarpaceae,Aceratium oppositifolium,DC.,Papua New Guinea
Elaeocarpaceae,Aceratium parvifolium,Schltr.,Papua New Guinea
Elaeocarpaceae,Aceratium pittosporoides,Schltr.,Papua New Guinea
Elaeocarpaceae,Aceratium sericeum,A.C.Sm.,Papua New Guinea
Elaeocarpaceae,Aceratium sinuatum,Coode,Papua New Guinea
Elaeocarpaceae,Aceratium sphaerocarpum,Kaneh. & Hatus.,Papua New Guinea
Elaeocarpaceae,Aceratium tomentosum,Coode,Papua New Guinea
Elaeocarpaceae,Aristotelia gaultheria,F.Muell.,Papua New Guinea
Elaeocarpaceae,Dubouzetia elegans,Brongn. & Gris,Papua New Guinea
Elaeocarpaceae,Dubouzetia galorei,Coode,Papua New Guinea
Elaeocarpaceae,Dubouzetia kairoi,Coode,Papua New Guinea
Elaeocarpaceae,Elaeocarpus albiflorus,Knuth,Papua New Guinea
Elaeocarpaceae,Elaeocarpus altigenus,Schltr.,Papua New Guinea
Elaeocarpaceae,Elaeocarpus altisectus,Schltr.,Papua New Guinea
Elaeocarpaceae,Elaeocarpus amplifolius,Schltr.,Papua New Guinea
Elaeocarpaceae,Elaeocarpus angustifolius,Blume,Papua New Guinea
Elaeocarpaceae,Elaeocarpus arfakensis,Schltr.,Papua New Guinea
Elaeocarpaceae,Elaeocarpus arnhemicus,F.Muell.,Papua New Guinea
Elaeocarpaceae,Elaeocarpus azaleifolius,Knuth,Papua New Guinea
Elaeocarpaceae,Elaeocarpus badius,Coode,Papua New Guinea
Elaeocarpaceae,Elaeocarpus bakaianus,Coode,Papua New Guinea
Elaeocarpaceae,Elaeocarpus bilobatus,Schltr.,Papua New Guinea
Elaeocarpaceae,Elaeocarpus bilongvinas,Coode,Papua New Guinea
Elaeocarpaceae,Elaeocarpus blepharoceras,Schltr.,Papua New Guinea
Elaeocarpaceae,Elaeocarpus branderhorstii,Pulle,Papua New Guinea
Elaeocarpaceae,Elaeocarpus buderi,Coode,Papua New Guinea
Elaeocarpaceae,Elaeocarpus cheirophorus,Schltr.,Papua New Guinea
Elaeocarpaceae,Elaeocarpus clethroides,Schltr.,Papua New Guinea
Elaeocarpaceae,Elaeocarpus coloides,Schltr.,Papua New Guinea
Elaeocarpaceae,Elaeocarpus compactus,Schltr.,Papua New Guinea
Elaeocarpaceae,Elaeocarpus culminicola,Warb.,Papua New Guinea
Elaeocarpaceae,Elaeocarpus dasycarpus,A.C.Sm.,Papua New Guinea
Elaeocarpaceae,Elaeocarpus debruynii,O.C.Schmidt,Papua New Guinea
Elaeocarpaceae,Elaeocarpus densiflorus,Knuth,Papua New Guinea
Elaeocarpaceae,Elaeocarpus divaricativenus,Kaneh. & Hatus.,Papua New Guinea
Elaeocarpaceae,Elaeocarpus dolichodactylus,Schltr.,Papua New Guinea
Elaeocarpaceae,Elaeocarpus dolichostylus,Schltr.,Papua New Guinea
Elaeocarpaceae,Elaeocarpus elaeagnoides,Gilli,Papua New Guinea
Elaeocarpaceae,Elaeocarpus elatus,A.C.Sm.,Papua New Guinea
Elaeocarpaceae,Elaeocarpus filiformidentatus,Knuth,Papua New Guinea
Elaeocarpaceae,Elaeocarpus finisterrae,Schltr.,Papua New Guinea
Elaeocarpaceae,Elaeocarpus firmus,Knuth,Papua New Guinea
Elaeocarpaceae,Elaeocarpus flavescens,Schltr.,Papua New Guinea
Elaeocarpaceae,Elaeocarpus floridanus,Hemsl.,Papua New Guinea
Elaeocarpaceae,Elaeocarpus fulgens,A.C.Sm.,Papua New Guinea
Elaeocarpaceae,Elaeocarpus fuscoides,Knuth,Papua New Guinea
Elaeocarpaceae,Elaeocarpus fuscus,Schltr.,Papua New Guinea
Elaeocarpaceae,Elaeocarpus habbemensis,A.C.Sm.,Papua New Guinea
Elaeocarpaceae,Elaeocarpus hartleyi,Weibel,Papua New Guinea
Elaeocarpaceae,Elaeocarpus hebecarpus,Kaneh. & Hatus.,Papua New Guinea
Elaeocarpaceae,Elaeocarpus heptadactylus,Schltr.,Papua New Guinea
Elaeocarpaceae,Elaeocarpus homalioides,Schltr.,Papua New Guinea
Elaeocarpaceae,Elaeocarpus kaniensis,Schltr.,Papua New Guinea
Elaeocarpaceae,Elaeocarpus latescens,F.Muell.,Papua New Guinea
Elaeocarpaceae,Elaeocarpus ledermannii,Schltr.,Papua New Guinea
Elaeocarpaceae,Elaeocarpus lingualis,Knuth,Papua New Guinea
Elaeocarpaceae,Elaeocarpus luteolus,A.C.Sm.,Papua New Guinea
Elaeocarpaceae,Elaeocarpus mallotoides,Schltr.,Papua New Guinea
Elaeocarpaceae,Elaeocarpus marafunganus,Coode,Papua New Guinea
Elaeocarpaceae,Elaeocarpus miegei,Weibel,Papua New Guinea
Elaeocarpaceae,Elaeocarpus millarii,Weibel,Papua New Guinea
Elaeocarpaceae,Elaeocarpus mingendensis,Gilli,Papua New Guinea
Elaeocarpaceae,Elaeocarpus multisectus,Schltr.,Papua New Guinea
Elaeocarpaceae,Elaeocarpus murukkai,Coode,Papua New Guinea
Elaeocarpaceae,Elaeocarpus myrtoides,A.C.Sm.,Papua New Guinea
Elaeocarpaceae,Elaeocarpus neobritannicus,Coode,Papua New Guinea
Elaeocarpaceae,Elaeocarpus nouhuysii,Koord.,Papua New Guinea
Elaeocarpaceae,Elaeocarpus nubigenus,Schltr.,Papua New Guinea
Elaeocarpaceae,Elaeocarpus oriomensis,Weibel,Papua New Guinea
Elaeocarpaceae,Elaeocarpus osiae,Coode,Papua New Guinea
Elaeocarpaceae,Elaeocarpus pachyanthus,Schltr.,Papua New Guinea
Elaeocarpaceae,Elaeocarpus pachydactylus,Schltr.,Papua New Guinea
Elaeocarpaceae,Elaeocarpus pentadactylus,Schltr.,Papua New Guinea
Elaeocarpaceae,Elaeocarpus piestocarpus,Schltr.,Papua New Guinea
Elaeocarpaceae,Elaeocarpus poculifer,A.C.Sm.,Papua New Guinea
Elaeocarpaceae,Elaeocarpus polyandrus,A.C.Sm.,Papua New Guinea
Elaeocarpaceae,Elaeocarpus polydactylus,Schltr.,Papua New Guinea
Elaeocarpaceae,Elaeocarpus ptilanthus,Schltr.,Papua New Guinea
Elaeocarpaceae,Elaeocarpus pullenii,Weibel,Papua New Guinea
Elaeocarpaceae,Elaeocarpus pycnanthus,A.C.Sm.,Papua New Guinea
Elaeocarpaceae,Elaeocarpus roseoalbus,Schltr.,Papua New Guinea
Elaeocarpaceae,Elaeocarpus rubescens,Weibel,Papua New Guinea
Elaeocarpaceae,Elaeocarpus sarcanthus,Schltr.,Papua New Guinea
Elaeocarpaceae,Elaeocarpus sayeri,F.Muell.,Papua New Guinea
Elaeocarpaceae,Elaeocarpus schlechterianus,A.C.Sm.,Papua New Guinea
Elaeocarpaceae,Elaeocarpus schoddei,Weibel,Papua New Guinea
Elaeocarpaceae,Elaeocarpus sepikanus,Schltr.,Papua New Guinea
Elaeocarpaceae,Elaeocarpus sericoloides,A.C.Sm.,Papua New Guinea
Elaeocarpaceae,Elaeocarpus sterrophyilus,Schltr.,Papua New Guinea
Elaeocarpaceae,Elaeocarpus tariensis,Weibel,Papua New Guinea
Elaeocarpaceae,Elaeocarpus terminalioides,Schltr.,Papua New Guinea
Elaeocarpaceae,Elaeocarpus trichophyllus,A.C.Sm.,Papua New Guinea
Elaeocarpaceae,Elaeocarpus undulatus,Warb.,Papua New Guinea
Elaeocarpaceae,Elaeocarpus whartonensis,A.C.Sm.,Papua New Guinea
Elaeocarpaceae,Elaeocarpus womersleyi,Weibel,Papua New Guinea
Elaeocarpaceae,Sericolea micans,Schltr.,Papua New Guinea
Elaeocarpaceae,Sloanea forbesii,F.Muell.,Papua New Guinea
Elaeocarpaceae,Sloanea insularis,A.C.Sm.,Papua New Guinea
Elaeocarpaceae,Sloanea sogerensis,Baker f.,Papua New Guinea
Elaeocarpaceae,Sloanea tieghemii,(F.Muell.) A.C.Sm.,Papua New Guinea
Ericaceae,Dimorphanthera amplifolia,(F.Muell.) P.F.Stevens,Papua New Guinea
Ericaceae,Dimorphanthera cornuta,J.J.Sm.,Papua New Guinea
Ericaceae,Dimorphanthera elegantissima,K.Schum.,Papua New Guinea
Ericaceae,Dimorphanthera kalkmanii,Sleumer,Papua New Guinea
Ericaceae,Dimorphanthera keysseri,(Schltr.) P.F Stevens,Papua New Guinea
Ericaceae,Dimorphanthera macbainii,(F.Muell.) P.F Stevens,Papua New Guinea
Ericaceae,Dimorphanthera microphylla,Sleumer,Papua New Guinea
Ericaceae,Dimorphanthera robbinsii,Sleumer,Papua New Guinea
Ericaceae,Dimorphanthera womersleyi,Sleumer,Papua New Guinea
Ericaceae,Leucopogon malayanus,Jack,Papua New Guinea
Ericaceae,Rhododendron agathodaemonis,J.J.Sm.,Papua New Guinea
Ericaceae,Rhododendron alticola,Sleumer,Papua New Guinea
Ericaceae,Rhododendron aurigeranum,Sleumer,Papua New Guinea
Ericaceae,Rhododendron beyerinckianum,Koord.,Papua New Guinea
Ericaceae,Rhododendron cruttwellii,Sleumer,Papua New Guinea
Ericaceae,Rhododendron culminicola,F.Muell.,Papua New Guinea
Ericaceae,Rhododendron inconspicuum,J.J.Sm.,Papua New Guinea
Ericaceae,Rhododendron konori,Becc.,Papua New Guinea
Ericaceae,Rhododendron luraluense,Sleumer,Papua New Guinea
Ericaceae,Rhododendron macgregoriae,F.Muell.,Papua New Guinea
Ericaceae,Rhododendron multinervium,Sleumer,Papua New Guinea
Ericaceae,Rhododendron pleianthum,Sleumer,Papua New Guinea
Ericaceae,Rhododendron rubellum,Sleumer,Papua New Guinea
Ericaceae,Rhododendron scabridibracteum,Sleumer,Papua New Guinea
Ericaceae,Rhododendron stanleyi,S.A.James & Argent,Papua New Guinea
Ericaceae,Rhododendron yelliottii,Warb.,Papua New Guinea
Ericaceae,Rhododendron zoelleri,Warb.,Papua New Guinea
Ericaceae,Vaccinium molle,J.J.Sm.,Papua New Guinea
Erythroxylaceae,Erythroxylum ecarinatum,Hochr.,Papua New Guinea
Escalloniaceae,Polyosma forbesii,Valeton ex Lauterb.,Papua New Guinea
Euphorbiaceae,Acalypha caturus,Blume,Papua New Guinea
Euphorbiaceae,Acalypha grandis,Benth.,Papua New Guinea
Euphorbiaceae,Acalypha hellwigii,Warb.,Papua New Guinea
Euphorbiaceae,Acalypha longispica,Warb.,Papua New Guinea
Euphorbiaceae,Acalypha novoguineensis,Warb.,Papua New Guinea
Euphorbiaceae,Acalypha subintegra,Airy Shaw,Papua New Guinea
Euphorbiaceae,Acalypha wilkesiana,Müll.Arg.,Papua New Guinea
Euphorbiaceae,Agrostistachys borneensis,Becc.,Papua New Guinea
Euphorbiaceae,Agrostistachys indica,Dalzell,Papua New Guinea
Euphorbiaceae,Alchornea rugosa,(Lour.) Müll.Arg.,Papua New Guinea
Euphorbiaceae,Aleurites moluccanus,(L.) Willd.,Papua New Guinea
Euphorbiaceae,Aleurites rockinghamensis,(Baill.) P.I.Forst.,Papua New Guinea
Euphorbiaceae,Annesijoa novoguineensis,Pax & K.Hoffm.,Papua New Guinea
Euphorbiaceae,Blumeodendron tokbrai,(Blume) Kurz,Papua New Guinea
Euphorbiaceae,Claoxylon capillipes,Airy Shaw,Papua New Guinea
Euphorbiaceae,Claoxylon carrii,Airy Shaw,Papua New Guinea
Euphorbiaceae,Claoxylon coriaceolanatum,Airy Shaw,Papua New Guinea
Euphorbiaceae,Claoxylon goodenoviense,Airy Shaw,Papua New Guinea
Euphorbiaceae,Claoxylon hillii,Benth.,Papua New Guinea
Euphorbiaceae,Claoxylon ledermannii,Airy Shaw,Papua New Guinea
Euphorbiaceae,Claoxylon lutescens,Pax & K.Hoffm.,Papua New Guinea
Euphorbiaceae,Claoxylon microcarpum,Airy Shaw,Papua New Guinea
Euphorbiaceae,Claoxylon muscisilvae,Airy Shaw,Papua New Guinea
Euphorbiaceae,Claoxylon nervosum,Pax & K.Hoffm.,Papua New Guinea
Euphorbiaceae,Claoxylon nubicola,Airy Shaw,Papua New Guinea
Euphorbiaceae,Claoxylon papuae,Airy Shaw,Papua New Guinea
Euphorbiaceae,Claoxylon paucinerve,Airy Shaw,Papua New Guinea
Euphorbiaceae,Claoxylon platyphyllum,Airy Shaw,Papua New Guinea
Euphorbiaceae,Claoxylon porphyrostemon,Airy Shaw,Papua New Guinea
Euphorbiaceae,Claoxylon salomonense,Airy Shaw,Papua New Guinea
Euphorbiaceae,Claoxylon scabratum,(Pax & K.Hoffm.) Airy Shaw,Papua New Guinea
Euphorbiaceae,Cleidion javanicum,Blume,Papua New Guinea
Euphorbiaceae,Cleidion luziae,Kulju,Papua New Guinea
Euphorbiaceae,Cleidion moniliflorum,Airy Shaw,Papua New Guinea
Euphorbiaceae,Cleidion papuanum,Lauterb.,Papua New Guinea
Euphorbiaceae,Codiaeum tenerifolium,Airy Shaw,Papua New Guinea
Euphorbiaceae,Codiaeum variegatum,(L.) Rumph. ex A.Juss.,Papua New Guinea
Euphorbiaceae,Croton amplifolius,Airy Shaw,Papua New Guinea
Euphorbiaceae,Croton carrii,Airy Shaw,Papua New Guinea
Euphorbiaceae,Croton choristadenius,K.Schum.,Papua New Guinea
Euphorbiaceae,Croton coccymelophyllus,Radcl.-Sm. & Govaerts,Papua New Guinea
Euphorbiaceae,Croton griseus,Airy Shaw,Papua New Guinea
Euphorbiaceae,Croton leptanthus,Airy Shaw,Papua New Guinea
Euphorbiaceae,Croton morobensis,Croizat,Papua New Guinea
Euphorbiaceae,Croton muriculatus,Airy Shaw,Papua New Guinea
Euphorbiaceae,Croton peekelii,Lauterb.,Papua New Guinea
Euphorbiaceae,Croton pilophorus,Airy Shaw,Papua New Guinea
Euphorbiaceae,Croton vogelianus,Airy Shaw,Papua New Guinea
Euphorbiaceae,Croton wassi-kussae,Croizat,Papua New Guinea
Euphorbiaceae,Croton womersleyi,Airy Shaw,Papua New Guinea
Euphorbiaceae,Endospermum domatiophorum,J.Schaeff.,Papua New Guinea
Euphorbiaceae,Endospermum medullosum,L.S.Sm.,Papua New Guinea
Euphorbiaceae,Endospermum moluccanum,(Teijsm. & Binn.) Kurz,Papua New Guinea
Euphorbiaceae,Endospermum myrmecophilum,L.S.Sm.,Papua New Guinea
Euphorbiaceae,Euphorbia brassii,P.I.Forst.,Papua New Guinea
Euphorbiaceae,Euphorbia buxoides,Radcl.-Sm.,Papua New Guinea
Euphorbiaceae,Euphorbia euonymoclada,Croizat,Papua New Guinea
Euphorbiaceae,Euphorbia indistincta,P.I.Forst.,Papua New Guinea
Euphorbiaceae,Euphorbia plumerioides,Teijsm. ex Hassk.,Papua New Guinea
Euphorbiaceae,Excoecaria agallocha,L.,Papua New Guinea
Euphorbiaceae,Fontainea borealis,P.I.Forst.,Papua New Guinea
Euphorbiaceae,Fontainea subpapuana,P.I.Forst.,Papua New Guinea
Euphorbiaceae,Hancea penangensis,"(Müll.Arg.) S.E.C.Sierra, Kulju & Welzen",Papua New Guinea
Euphorbiaceae,Homalanthus arfakiensis,Hutch.,Papua New Guinea
Euphorbiaceae,Homalanthus longistylus,K.Schum. & Lauterb.,Papua New Guinea
Euphorbiaceae,Homalanthus nervosus,J.J.Sm.,Papua New Guinea
Euphorbiaceae,Homalanthus novoguineensis,(Warb.) K.Schum.,Papua New Guinea
Euphorbiaceae,Homalanthus polyadenius,Pax & K.Hoffm.,Papua New Guinea
Euphorbiaceae,Homalanthus populifolius,Graham,Papua New Guinea
Euphorbiaceae,Homalanthus trivalvis,Airy Shaw,Papua New Guinea
Euphorbiaceae,Homonoia riparia,Lour.,Papua New Guinea
Euphorbiaceae,Koilodepas homaliifolium,Airy Shaw,Papua New Guinea
Euphorbiaceae,Macaranga advena,Pax & K.Hoffm.,Papua New Guinea
Euphorbiaceae,Macaranga albescens,L.M.Perry,Papua New Guinea
Euphorbiaceae,Macaranga aleuritoides,F.Muell.,Papua New Guinea
Euphorbiaceae,Macaranga amentifera,Whitmore,Papua New Guinea
Euphorbiaceae,Macaranga angustifolia,K.Schum. & Lauterb.,Papua New Guinea
Euphorbiaceae,Macaranga astrolabica,Pax & K.Hoffm.,Papua New Guinea
Euphorbiaceae,Macaranga bifoveata,J.J.Sm.,Papua New Guinea
Euphorbiaceae,Macaranga brachytricha,Airy Shaw,Papua New Guinea
Euphorbiaceae,Macaranga carrii,L.M.Perry,Papua New Guinea
Euphorbiaceae,Macaranga caudata,Pax & K.Hoffm.,Papua New Guinea
Euphorbiaceae,Macaranga chlorolepis,Airy Shaw,Papua New Guinea
Euphorbiaceae,Macaranga chrysotricha,K.Schum. & Lauterb.,Papua New Guinea
Euphorbiaceae,Macaranga clavata,Warb.,Papua New Guinea
Euphorbiaceae,Macaranga clemensiae,L.M.Perry,Papua New Guinea
Euphorbiaceae,Macaranga coggygria,Airy Shaw,Papua New Guinea
Euphorbiaceae,Macaranga cucullata,J.J.Sm.,Papua New Guinea
Euphorbiaceae,Macaranga darbyshirei,Airy Shaw,Papua New Guinea
Euphorbiaceae,Macaranga daviesii,W.N.Takeuchi,Papua New Guinea
Euphorbiaceae,Macaranga densiflora,Warb.,Papua New Guinea
Euphorbiaceae,Macaranga dioica,(G.Forst.) Müll.Arg.,Papua New Guinea
Euphorbiaceae,Macaranga domatiosa,Airy Shaw,Papua New Guinea
Euphorbiaceae,Macaranga ducis,Whitmore,Papua New Guinea
Euphorbiaceae,Macaranga faiketo,Whitmore,Papua New Guinea
Euphorbiaceae,Macaranga fallacina,Pax & K.Hoffm.,Papua New Guinea
Euphorbiaceae,Macaranga fragrans,L.M.Perry,Papua New Guinea
Euphorbiaceae,Macaranga galorei,Whitmore,Papua New Guinea
Euphorbiaceae,Macaranga glaberrima,(Hassk.) Airy Shaw,Papua New Guinea
Euphorbiaceae,Macaranga glandulifera,L.M.Perry,Papua New Guinea
Euphorbiaceae,Macaranga gracilis,Pax & K.Hoffm.,Papua New Guinea
Euphorbiaceae,Macaranga hartleyana,Whitmore,Papua New Guinea
Euphorbiaceae,Macaranga hystrichogyne,Airy Shaw,Papua New Guinea
Euphorbiaceae,Macaranga induta,L.M.Perry,Papua New Guinea
Euphorbiaceae,Macaranga inermis,Pax & K.Hoffm.,Papua New Guinea
Euphorbiaceae,Macaranga intonsa,Whitmore,Papua New Guinea
Euphorbiaceae,Macaranga involucrata,Baill.,Papua New Guinea
Euphorbiaceae,Macaranga johannium,Whitmore,Papua New Guinea
Euphorbiaceae,Macaranga lanceolata,Pax & K.Hoffm.,Papua New Guinea
Euphorbiaceae,Macaranga lineata,Airy Shaw,Papua New Guinea
Euphorbiaceae,Macaranga longicaudata,L.M.Perry,Papua New Guinea
Euphorbiaceae,Macaranga louisiadum,Airy Shaw,Papua New Guinea
Euphorbiaceae,Macaranga lumiensis,Whitmore,Papua New Guinea
Euphorbiaceae,Macaranga magnifolia,L.M.Perry,Papua New Guinea
Euphorbiaceae,Macaranga melanosticta,Airy Shaw,Papua New Guinea
Euphorbiaceae,Macaranga misimae,Airy Shaw,Papua New Guinea
Euphorbiaceae,Macaranga neobritannica,Airy Shaw,Papua New Guinea
Euphorbiaceae,Macaranga novoguineensis,J.J.Sm.,Papua New Guinea
Euphorbiaceae,Macaranga palustris,Whitmore,Papua New Guinea
Euphorbiaceae,Macaranga papuana,(J.J.Sm.) Pax & K.Hoffm.,Papua New Guinea
Euphorbiaceae,Macaranga pepysiana,Whitmore,Papua New Guinea
Euphorbiaceae,Macaranga pilosula,Airy Shaw,Papua New Guinea
Euphorbiaceae,Macaranga pleioneura,Airy Shaw,Papua New Guinea
Euphorbiaceae,Macaranga pleiostemon,Pax & K.Hoffm.,Papua New Guinea
Euphorbiaceae,Macaranga polyadenia,Pax & K.Hoffm.,Papua New Guinea
Euphorbiaceae,Macaranga punctata,K.Schum.,Papua New Guinea
Euphorbiaceae,Macaranga quadriglandulosa,Warb.,Papua New Guinea
Euphorbiaceae,Macaranga reiteriana,Pax & K.Hoffm.,Papua New Guinea
Euphorbiaceae,Macaranga rufibarbis,Warb.,Papua New Guinea
Euphorbiaceae,Macaranga salomonensis,L.M.Perry,Papua New Guinea
Euphorbiaceae,Macaranga similis,Pax & K.Hoffm.,Papua New Guinea
Euphorbiaceae,Macaranga stellimontium,Whitmore,Papua New Guinea
Euphorbiaceae,Macaranga sterrophylla,L.M.Perry,Papua New Guinea
Euphorbiaceae,Macaranga strigosa,Pax & K.Hoffm.,Papua New Guinea
Euphorbiaceae,Macaranga subpeltata,K.Schum. & Lauterb.,Papua New Guinea
Euphorbiaceae,Macaranga suleensis,Whitmore,Papua New Guinea
Euphorbiaceae,Macaranga tanarius,(L.) Müll.Arg.,Papua New Guinea
Euphorbiaceae,Macaranga tentaculata,Airy Shaw,Papua New Guinea
Euphorbiaceae,Macaranga tessellata,Gage,Papua New Guinea
Euphorbiaceae,Macaranga trichanthera,L.M.Perry,Papua New Guinea
Euphorbiaceae,Macaranga tsonane,Whitmore,Papua New Guinea
Euphorbiaceae,Macaranga uxoris,Whitmore,Papua New Guinea
Euphorbiaceae,Macaranga versteeghii,L.M.Perry,Papua New Guinea
Euphorbiaceae,Macaranga villosula,Pax & K.Hoffm.,Papua New Guinea
Euphorbiaceae,Macaranga warburgiana,Pax & K.Hoffm.,Papua New Guinea
Euphorbiaceae,Macaranga yakasii,Airy Shaw,Papua New Guinea
Euphorbiaceae,Mallotus chromocarpus,Airy Shaw,Papua New Guinea
Euphorbiaceae,Mallotus claoxyloides,(F.Muell.) Müll.Arg.,Papua New Guinea
Euphorbiaceae,Mallotus darbyshirei,Airy Shaw,Papua New Guinea
Euphorbiaceae,Mallotus didymochryseus,Airy Shaw,Papua New Guinea
Euphorbiaceae,Mallotus dispersus,P.I.Forst.,Papua New Guinea
Euphorbiaceae,Mallotus floribundus,(Blume) Müll.Arg.,Papua New Guinea
Euphorbiaceae,Mallotus lauterbachianus,(Pax & K.Hoffm.) Pax & K.Hoffm.,Papua New Guinea
Euphorbiaceae,Mallotus mollissimus,(Geiseler) Airy Shaw,Papua New Guinea
Euphorbiaceae,Mallotus paniculatus,(Lam.) Müll.Arg.,Papua New Guinea
Euphorbiaceae,Mallotus peltatus,(Geiseler) Müll.Arg.,Papua New Guinea
Euphorbiaceae,Mallotus philippensis,(Lam.) Müll.Arg.,Papua New Guinea
Euphorbiaceae,Mallotus pleiogynus,Pax & K.Hoffm.,Papua New Guinea
Euphorbiaceae,Mallotus polyadenos,F.Muell.,Papua New Guinea
Euphorbiaceae,Mallotus repandus,(Rottler) Müll.Arg.,Papua New Guinea
Euphorbiaceae,Mallotus resinosus,(Blanco) Merr.,Papua New Guinea
Euphorbiaceae,Mallotus tiliifolius,(Blume) Müll.Arg.,Papua New Guinea
Euphorbiaceae,Mallotus trinervius,(K.Schum. & Lauterb.) Pax & K.Hoffm.,Papua New Guinea
Euphorbiaceae,Melanolepis multiglandulosa,(Reinw. ex Blume) Rchb. & Zoll.,Papua New Guinea
Euphorbiaceae,Neoscortechinia forbesii,(Hook.f.) S.Moore,Papua New Guinea
Euphorbiaceae,Neoscortechinia nicobarica,(Hook.f.) Pax & K.Hoffm.,Papua New Guinea
Euphorbiaceae,Pimelodendron amboinicum,Hassk.,Papua New Guinea
Euphorbiaceae,Ptychopyxis chrysantha,(K.Schum.) Airy Shaw,Papua New Guinea
Euphorbiaceae,Ptychopyxis esdras,Stoops,Papua New Guinea
Euphorbiaceae,Shirakiopsis indica,(Willd.) Esser,Papua New Guinea
Euphorbiaceae,Spathiostemon javensis,Blume,Papua New Guinea
Euphorbiaceae,Suregada glomerulata,(Blume) Baill.,Papua New Guinea
Euphorbiaceae,Syndyophyllum excelsum,K.Schum. & Lauterb.,Papua New Guinea
Euphorbiaceae,Trigonostemon hartleyi,Airy Shaw,Papua New Guinea
Euphorbiaceae,Tritaxis australiensis,S.Moore,Papua New Guinea
Euphorbiaceae,Wetria australiensis,P.I.Forst.,Papua New Guinea
Eupomatiaceae,Eupomatia laurina,R.Br.,Papua New Guinea
Fabaceae,Acacia aulacocarpa,A.Cunn. ex Benth.,Papua New Guinea
Fabaceae,Acacia auriculiformis,A.Cunn. ex Benth.,Papua New Guinea
Fabaceae,Acacia crassicarpa,A.Cunn. ex Benth.,Papua New Guinea
Fabaceae,Acacia mangium,Willd.,Papua New Guinea
Fabaceae,Acacia pubirhachis,Pedley,Papua New Guinea
Fabaceae,Acacia spirorbis,Labill.,Papua New Guinea
Fabaceae,Adenanthera novoguineensis,Baker f.,Papua New Guinea
Fabaceae,Adenanthera pavonina,L.,Papua New Guinea
Fabaceae,Albizia carrii,Kanis,Papua New Guinea
Fabaceae,Albizia chinensis,(Osbeck) Merr.,Papua New Guinea
Fabaceae,Albizia lebbekoides,(DC.) Benth.,Papua New Guinea
Fabaceae,Albizia papuensis,Verdc.,Papua New Guinea
Fabaceae,Albizia procera,(Roxb.) Benth.,Papua New Guinea
Fabaceae,Albizia retusa,Benth.,Papua New Guinea
Fabaceae,Archidendron arborescens,(Kosterm.) I.C.Nielsen,Papua New Guinea
Fabaceae,Archidendron aruense,(Warb.) de Wit,Papua New Guinea
Fabaceae,Archidendron bellum,Harms,Papua New Guinea
Fabaceae,Archidendron brachycarpum,Harms,Papua New Guinea
Fabaceae,Archidendron brevicalyx,Harms,Papua New Guinea
Fabaceae,Archidendron brevipes,(K.Schum.) de Wit,Papua New Guinea
Fabaceae,Archidendron calliandrum,de Wit,Papua New Guinea
Fabaceae,Archidendron calycinum,Pulle,Papua New Guinea
Fabaceae,Archidendron fallax,Harms,Papua New Guinea
Fabaceae,Archidendron forbesii,Baker f.,Papua New Guinea
Fabaceae,Archidendron glabrum,(K.Schum.) K.Schum. & Lauterb.,Papua New Guinea
Fabaceae,Archidendron glandulosum,Mohlenbr. ex Verdc.,Papua New Guinea
Fabaceae,Archidendron gogolense,(K.Schum. & Lauterb.) de Wit,Papua New Guinea
Fabaceae,Archidendron grandiflorum,(Benth.) I.C.Nielsen,Papua New Guinea
Fabaceae,Archidendron hispidum,(Mohlenbr.) Verdc.,Papua New Guinea
Fabaceae,Archidendron hooglandii,Verdc.,Papua New Guinea
Fabaceae,Archidendron kalkmanii,(Kosterm.) I.C.Nielsen,Papua New Guinea
Fabaceae,Archidendron lucyi,F.Muell.,Papua New Guinea
Fabaceae,Archidendron megaphyllum,Merr. & L.M.Perry,Papua New Guinea
Fabaceae,Archidendron molle,(K.Schum.) de Wit,Papua New Guinea
Fabaceae,Archidendron mucronatum,Harms,Papua New Guinea
Fabaceae,Archidendron muricarpum,(Kosterm.) Verdc.,Papua New Guinea
Fabaceae,Archidendron novoguineense,(Merr. & L.M.Perry) I.C.Nielsen,Papua New Guinea
Fabaceae,Archidendron pachycarpum,(Warb.) de Wit,Papua New Guinea
Fabaceae,Archidendron palauense,(Kaneh.) I.C.Nielsen,Papua New Guinea
Fabaceae,Archidendron parviflorum,Pulle,Papua New Guinea
Fabaceae,Archidendron ptenopum,Verdc.,Papua New Guinea
Fabaceae,Archidendron rufescens,(Mohlenbr.) Verdc.,Papua New Guinea
Fabaceae,Archidendron sessile,(Scheff.) de Wit,Papua New Guinea
Fabaceae,Archidendron syringifolium,(Kosterm.) I.C.Nielsen,Papua New Guinea
Fabaceae,Archidendron trifoliolatum,de Wit,Papua New Guinea
Fabaceae,Archidendropsis sepikensis,(Verdc.) I.C.Nielsen,Papua New Guinea
Fabaceae,Archidendropsis spicata,(Verdc.) I.C.Nielsen,Papua New Guinea
Fabaceae,Cassia javanica,L.,Papua New Guinea
Fabaceae,Crudia blancoi,Rolfe,Papua New Guinea
Fabaceae,Crudia dewitii,Kosterm.,Papua New Guinea
Fabaceae,Crudia gracilis,Prain,Papua New Guinea
Fabaceae,Crudia katikii,Verdc.,Papua New Guinea
Fabaceae,Crudia papuana,Kosterm.,Papua New Guinea
Fabaceae,Cynometra basifoliola,(Verdc.) Rados.,Papua New Guinea
Fabaceae,Cynometra brachymischa,Harms,Papua New Guinea
Fabaceae,Cynometra brassii,(Merr. & L.M.Perry) Rados.,Papua New Guinea
Fabaceae,Cynometra browneoides,(Harms) Rados.,Papua New Guinea
Fabaceae,Cynometra cynometroides,(Merr. & L.M.Perry) Rados.,Papua New Guinea
Fabaceae,Cynometra fortuna-tironis,(Verdc.) Rados.,Papua New Guinea
Fabaceae,Cynometra iripa,Kostel.,Papua New Guinea
Fabaceae,Cynometra katikii,Verdc.,Papua New Guinea
Fabaceae,Cynometra lenticellata,(C.T.White) Rados.,Papua New Guinea
Fabaceae,Cynometra mariettae,(van Meeuwen) Rados.,Papua New Guinea
Fabaceae,Cynometra megalocephala,(Harms) Rados.,Papua New Guinea
Fabaceae,Cynometra minutiflora,F.Muell.,Papua New Guinea
Fabaceae,Cynometra plurijuga,(Merr. & L.M.Perry) Rados.,Papua New Guinea
Fabaceae,Cynometra psilogyne,(Harms) Rados.,Papua New Guinea
Fabaceae,Cynometra ramiflora,L.,Papua New Guinea
Fabaceae,Cynometra rosea,(K.Schum.) Rados.,Papua New Guinea
Fabaceae,Cynometra schefferi,(K.Schum.) Rados.,Papua New Guinea
Fabaceae,Cynometra steenisii,(van Meeuwen) Rados.,Papua New Guinea
Fabaceae,Dalbergia ferruginea,Roxb.,Papua New Guinea
Fabaceae,Dendrolobium arbuscula,(Domin) H.Ohashi,Papua New Guinea
Fabaceae,Dendrolobium papuacola,H.Ohashi & T.Nemoto,Papua New Guinea
Fabaceae,Dendrolobium umbellatum,(L.) Benth.,Papua New Guinea
Fabaceae,Erythrina fusca,Lour.,Papua New Guinea
Fabaceae,Erythrina merrilliana,Krukoff,Papua New Guinea
Fabaceae,Erythrina variegata,L.,Papua New Guinea
Fabaceae,Falcataria falcata,(L.) Greuter & R.Rankin,Papua New Guinea
Fabaceae,Falcataria pullenii,"(Verdc.) Gill.K.Br., D.J.Murphy & Ladiges",Papua New Guinea
Fabaceae,Gigasiphon schlechteri,(Harms) de Wit,Papua New Guinea
Fabaceae,Guilandina bonduc,L.,Papua New Guinea
Fabaceae,Inocarpus fagifer,(Parkinson ex F.A.Zorn) Fosberg,Papua New Guinea
Fabaceae,Inocarpus papuanus,Kosterm.,Papua New Guinea
Fabaceae,Intsia bijuga,(Colebr.) Kuntze,Papua New Guinea
Fabaceae,Intsia palembanica,Miq.,Papua New Guinea
Fabaceae,Koompassia grandiflora,Kosterm.,Papua New Guinea
Fabaceae,Millettia velvetina,Adema,Papua New Guinea
Fabaceae,Ormosia calavensis,Azaola,Papua New Guinea
Fabaceae,Pararchidendron pruinosum,(A.Cunn. ex Benth.) I.C.Nielsen,Papua New Guinea
Fabaceae,Parkia versteeghii,Merr. & L.M.Perry,Papua New Guinea
Fabaceae,Peltophorum pterocarpum,(DC.) Backer ex K.Heyne,Papua New Guinea
Fabaceae,Pericopsis mooniana,Thwaites,Papua New Guinea
Fabaceae,Pongamia pinnata,(L.) Pierre,Papua New Guinea
Fabaceae,Prioria novoguineensis,(Verdc.) Breteler,Papua New Guinea
Fabaceae,Prioria tenuicarpa,(Verdc.) Breteler,Papua New Guinea
Fabaceae,Pterocarpus indicus,Willd.,Papua New Guinea
Fabaceae,Saraca thaipingensis,Cantley ex Prain,Papua New Guinea
Fabaceae,Schleinitzia novoguineensis,(Warb.) Verdc.,Papua New Guinea
Fabaceae,Senegalia rugata,(Lam.) Britton & Rose,Papua New Guinea
Fabaceae,Senna surattensis,(Burm.f.) H.S.Irwin & Barneby,Papua New Guinea
Fabaceae,Serianthes grandiflora,Benth.,Papua New Guinea
Fabaceae,Serianthes hooglandii,(Fosberg) Kanis,Papua New Guinea
Fabaceae,Serianthes minahassae,(Koord.) Merr. & L.M.Perry,Papua New Guinea
Fabaceae,Sophora tomentosa,L.,Papua New Guinea
Fagaceae,Castanopsis acuminatissima,(Blume) A.DC.,Papua New Guinea
Fagaceae,Lithocarpus aspericupulus,(Markgr.) Rehder,Papua New Guinea
Fagaceae,Lithocarpus brassii,Soepadmo,Papua New Guinea
Fagaceae,Lithocarpus celebicus,(Miq.) Rehder,Papua New Guinea
Fagaceae,Lithocarpus debaryanus,(Warb.) Markgr.,Papua New Guinea
Fagaceae,Lithocarpus imperialis,(Seemen) Markgr.,Papua New Guinea
Fagaceae,Lithocarpus lauterbachii,(Seemen) Markgr.,Papua New Guinea
Fagaceae,Lithocarpus megacarpus,Soepadmo,Papua New Guinea
Fagaceae,Lithocarpus rufovillosus,(Markgr.) Rehder,Papua New Guinea
Fagaceae,Lithocarpus sogerensis,(S.Moore) Markgr. ex A.Camus,Papua New Guinea
Fagaceae,Lithocarpus vinkii,Soepadmo,Papua New Guinea
Gentianaceae,Cyrtophyllum fragrans,(Roxb.) DC.,Papua New Guinea
Gentianaceae,Fagraea berteroana,A.Gray ex Benth.,Papua New Guinea
Gentianaceae,Fagraea bodenii,Wernham,Papua New Guinea
Gentianaceae,Fagraea salticola,Leenh.,Papua New Guinea
Gentianaceae,Fagraea umbelliflora,Gilg & Gilg-Ben.,Papua New Guinea
Gentianaceae,Fagraea woodiana,F.Muell.,Papua New Guinea
Gentianaceae,Picrophloeus javanensis,Blume,Papua New Guinea
Gentianaceae,Utania volubilis,(Wall.) Sugumaran,Papua New Guinea
Gesneriaceae,Cyrtandra dinocalyx,G.W.Gillett,Papua New Guinea
Gesneriaceae,Cyrtandra filibracteata,B.L.Burtt,Papua New Guinea
Gesneriaceae,Cyrtandra heintzelmaniana,G.W.Gillett,Papua New Guinea
Gesneriaceae,Cyrtandra macrotricha,G.W.Gillett,Papua New Guinea
Gesneriaceae,Cyrtandra magentiflora,G.W.Gillett,Papua New Guinea
Gesneriaceae,Cyrtandra purpurifolia,G.W.Gillett,Papua New Guinea
Gesneriaceae,Cyrtandra subulibractea,G.W.Gillett,Papua New Guinea
Gnetaceae,Gnetum costatum,K.Schum.,Papua New Guinea
Gnetaceae,Gnetum gnemon,L.,Papua New Guinea
Haloragaceae,Gonocarpus sanguineus,(Merr. & L.M.Perry) Orchard,Papua New Guinea
Hamamelidaceae,Distyliopsis lanata,N.A.Brummitt & Utteridge,Papua New Guinea
Hernandiaceae,Gyrocarpus americanus,Jacq.,Papua New Guinea
Hernandiaceae,Hernandia moerenhoutiana,Guill.,Papua New Guinea
Hernandiaceae,Hernandia nymphaeifolia,(C.Presl) Kubitzki,Papua New Guinea
Hernandiaceae,Hernandia ovigera,L.,Papua New Guinea
Himantandraceae,Galbulimima belgraveana,(F.Muell.) Sprague,Papua New Guinea
Icacinaceae,Merrilliodendron megacarpum,(Hemsl.) Sleumer,Papua New Guinea
Icacinaceae,Ryticaryum longifolium,K.Schum. & Lauterb.,Papua New Guinea
Icacinaceae,Ryticaryum lucidum,G.Schellenb.,Papua New Guinea
Icacinaceae,Ryticaryum macrocarpum,Becc.,Papua New Guinea
Icacinaceae,Ryticaryum novoguineense,(Warb.) Sleumer,Papua New Guinea
Icacinaceae,Ryticaryum oxycarpum,K.Schum. & Lauterb.,Papua New Guinea
Icacinaceae,Ryticaryum rotundatum,G.Schellenb.,Papua New Guinea
Ixonanthaceae,Ixonanthes reticulata,Jack,Papua New Guinea
Juglandaceae,Engelhardia rigida,Blume,Papua New Guinea
Lamiaceae,Callicarpa caudata,Maxim.,Papua New Guinea
Lamiaceae,Callicarpa erioclona,Schauer,Papua New Guinea
Lamiaceae,Callicarpa pentandra,Roxb.,Papua New Guinea
Lamiaceae,Clerodendrum costatum,R.Br.,Papua New Guinea
Lamiaceae,Clerodendrum floribundum,R.Br.,Papua New Guinea
Lamiaceae,Clerodendrum quadriloculare,(Blanco) Merr.,Papua New Guinea
Lamiaceae,Clerodendrum tracyanum,(F.Muell.) Benth.,Papua New Guinea
Lamiaceae,Gmelina basifilum,de Kok,Papua New Guinea
Lamiaceae,Gmelina dalrympleana,(F.Muell.) H.J.Lam,Papua New Guinea
Lamiaceae,Gmelina hollrungii,de Kok,Papua New Guinea
Lamiaceae,Gmelina ledermannii,H.J.Lam,Papua New Guinea
Lamiaceae,Gmelina lepidota,Scheff.,Papua New Guinea
Lamiaceae,Gmelina moluccana,(Blume) Backer ex K.Heyne,Papua New Guinea
Lamiaceae,Gmelina papuana,Bakh.,Papua New Guinea
Lamiaceae,Gmelina schlechteri,H.J.Lam,Papua New Guinea
Lamiaceae,Gmelina sessilis,C.T.White & W.D.Francis ex Lane-Poole,Papua New Guinea
Lamiaceae,Gmelina smithii,Moldenke,Papua New Guinea
Lamiaceae,Premna regularis,H.J.Lam,Papua New Guinea
Lamiaceae,Premna serratifolia,L.,Papua New Guinea
Lamiaceae,Premna tahitensis,Schauer,Papua New Guinea
Lamiaceae,Premna trichostoma,Miq.,Papua New Guinea
Lamiaceae,Teijsmanniodendron ahernianum,(Merr.) Bakh.,Papua New Guinea
Lamiaceae,Teijsmanniodendron bogoriense,Koord.,Papua New Guinea
Lamiaceae,Teijsmanniodendron hollrungii,(Warb.) Kosterm.,Papua New Guinea
Lamiaceae,Vitex altissima,L.f.,Papua New Guinea
Lamiaceae,Vitex cofassus,Reinw. ex Blume,Papua New Guinea
Lamiaceae,Vitex glabrata,R.Br.,Papua New Guinea
Lamiaceae,Vitex macrofoliola,Moldenke,Papua New Guinea
Lamiaceae,Vitex novae-pommeraniae,Warb.,Papua New Guinea
Lamiaceae,Vitex scandens,Moldenke,Papua New Guinea
Lamiaceae,Vitex tomentosa,(Munir) Bramley,Papua New Guinea
Lamiaceae,Vitex trifolia,L.,Papua New Guinea
Lauraceae,Actinodaphne archboldiana,C.K.Allen,Papua New Guinea
Lauraceae,Actinodaphne brassii,C.K.Allen,Papua New Guinea
Lauraceae,Actinodaphne caesia,Teschner,Papua New Guinea
Lauraceae,Actinodaphne engleriana,Teschner,Papua New Guinea
Lauraceae,Actinodaphne latifolia,Teschner,Papua New Guinea
Lauraceae,Actinodaphne ledermannii,Teschner,Papua New Guinea
Lauraceae,Actinodaphne multiflora,Benth.,Papua New Guinea
Lauraceae,Actinodaphne nitida,Teschner,Papua New Guinea
Lauraceae,Actinodaphne novoguineensis,Teschner,Papua New Guinea
Lauraceae,Actinodaphne obtusa,Teschner,Papua New Guinea
Lauraceae,Actinodaphne pulchra,Teschner,Papua New Guinea
Lauraceae,Actinodaphne solomonensis,C.K.Allen,Papua New Guinea
Lauraceae,Actinodaphne tomentosa,Teschner,Papua New Guinea
Lauraceae,Alseodaphne archboldiana,(C.K.Allen) Kosterm.,Papua New Guinea
Lauraceae,Beilschmiedia acutifolia,Teschner,Papua New Guinea
Lauraceae,Beilschmiedia dielsiana,Teschner,Papua New Guinea
Lauraceae,Beilschmiedia dilmyana,Kosterm.,Papua New Guinea
Lauraceae,Beilschmiedia ledermannii,Teschner,Papua New Guinea
Lauraceae,Beilschmiedia longifolia,Teschner,Papua New Guinea
Lauraceae,Beilschmiedia morobensis,Kosterm.,Papua New Guinea
Lauraceae,Beilschmiedia myrmecophila,Kosterm.,Papua New Guinea
Lauraceae,Beilschmiedia novae-britanniae,Kosterm.,Papua New Guinea
Lauraceae,Beilschmiedia novoguineensis,Teschner,Papua New Guinea
Lauraceae,Beilschmiedia podagrica,Kosterm.,Papua New Guinea
Lauraceae,Beilschmiedia pubescens,Teschner,Papua New Guinea
Lauraceae,Beilschmiedia pullenii,Kosterm.,Papua New Guinea
Lauraceae,Beilschmiedia rosseliana,Kosterm.,Papua New Guinea
Lauraceae,Beilschmiedia sericea,Teschner,Papua New Guinea
Lauraceae,Beilschmiedia triplinervis,Teschner,Papua New Guinea
Lauraceae,Cinnamomum archboldianum,C.K.Allen,Papua New Guinea
Lauraceae,Cinnamomum clemensii,C.K.Allen,Papua New Guinea
Lauraceae,Cinnamomum englerianum,Schewe,Papua New Guinea
Lauraceae,Cinnamomum eugenoliferum,Kosterm.,Papua New Guinea
Lauraceae,Cinnamomum frodinii,Kosterm.,Papua New Guinea
Lauraceae,Cinnamomum grandiflorum,Kosterm.,Papua New Guinea
Lauraceae,Cinnamomum kami,Kosterm.,Papua New Guinea
Lauraceae,Cinnamomum ledermannii,Schewe,Papua New Guinea
Lauraceae,Cinnamomum longipedicellatum,Kosterm.,Papua New Guinea
Lauraceae,Cinnamomum melliodorum,Kosterm.,Papua New Guinea
Lauraceae,Cinnamomum piniodorum,Schewe,Papua New Guinea
Lauraceae,Cinnamomum podagricum,Kosterm.,Papua New Guinea
Lauraceae,Cinnamomum rosselianum,Kosterm.,Papua New Guinea
Lauraceae,Cinnamomum solomonense,C.K.Allen,Papua New Guinea
Lauraceae,Cinnamomum talawaense,Kosterm.,Papua New Guinea
Lauraceae,Cinnamomum vacciniifolium,Kosterm.,Papua New Guinea
Lauraceae,Cryptocarya albifrons,Kosterm.,Papua New Guinea
Lauraceae,Cryptocarya alleniana,C.T.White,Papua New Guinea
Lauraceae,Cryptocarya alticola,Kosterm.,Papua New Guinea
Lauraceae,Cryptocarya angica,Kaneh. & Hatus.,Papua New Guinea
Lauraceae,Cryptocarya apamifolia,Gamble,Papua New Guinea
Lauraceae,Cryptocarya archboldiana,C.K.Allen,Papua New Guinea
Lauraceae,Cryptocarya arfakensis,Kaneh. & Hatus.,Papua New Guinea
Lauraceae,Cryptocarya argyrophylla,C.K.Allen,Papua New Guinea
Lauraceae,Cryptocarya atra,Kosterm.,Papua New Guinea
Lauraceae,Cryptocarya aurea,(Kosterm.) Kosterm.,Papua New Guinea
Lauraceae,Cryptocarya aureosericea,Kosterm.,Papua New Guinea
Lauraceae,Cryptocarya bernhardiensis,C.K.Allen,Papua New Guinea
Lauraceae,Cryptocarya boemiensis,Kaneh. & Hatus.,Papua New Guinea
Lauraceae,Cryptocarya brassii,C.K.Allen,Papua New Guinea
Lauraceae,Cryptocarya brevipes,C.K.Allen,Papua New Guinea
Lauraceae,Cryptocarya bullata,Kosterm.,Papua New Guinea
Lauraceae,Cryptocarya caloneura,(Scherff.) Kosterm.,Papua New Guinea
Lauraceae,Cryptocarya carrii,Kosterm.,Papua New Guinea
Lauraceae,Cryptocarya cordata,C.K.Allen,Papua New Guinea
Lauraceae,Cryptocarya cordifolia,Kosterm.,Papua New Guinea
Lauraceae,Cryptocarya darusensis,Kosterm.,Papua New Guinea
Lauraceae,Cryptocarya densiflora,Blume,Papua New Guinea
Lauraceae,Cryptocarya depressa,Warb.,Papua New Guinea
Lauraceae,Cryptocarya dipterocarpifolia,Kosterm.,Papua New Guinea
Lauraceae,Cryptocarya durifolia,Kosterm.,Papua New Guinea
Lauraceae,Cryptocarya elongata,Kosterm.,Papua New Guinea
Lauraceae,Cryptocarya endiandrifolia,Kosterm.,Papua New Guinea
Lauraceae,Cryptocarya engleriana,Teschner,Papua New Guinea
Lauraceae,Cryptocarya exfoliata,C.K.Allen,Papua New Guinea
Lauraceae,Cryptocarya fagifolia,Gamble,Papua New Guinea
Lauraceae,Cryptocarya filicifolia,(Kosterm.) Kosterm.,Papua New Guinea
Lauraceae,Cryptocarya flavisperma,Kosterm.,Papua New Guinea
Lauraceae,Cryptocarya fluminensis,Kosterm.,Papua New Guinea
Lauraceae,Cryptocarya forbesii,Gamble,Papua New Guinea
Lauraceae,Cryptocarya fuscopilosa,Teschner,Papua New Guinea
Lauraceae,Cryptocarya gigantocarpa,Kosterm.,Papua New Guinea
Lauraceae,Cryptocarya globosa,C.K.Allen,Papua New Guinea
Lauraceae,Cryptocarya gonioclada,Kaneh. & Hatus.,Papua New Guinea
Lauraceae,Cryptocarya graehneriana,Teschner,Papua New Guinea
Lauraceae,Cryptocarya hartleyi,Kosterm.,Papua New Guinea
Lauraceae,Cryptocarya hypospodia,F.Muell.,Papua New Guinea
Lauraceae,Cryptocarya idenburgensis,C.K.Allen,Papua New Guinea
Lauraceae,Cryptocarya impressivena,Kaneh. & Hatus.,Papua New Guinea
Lauraceae,Cryptocarya invasiorum,Kosterm.,Papua New Guinea
Lauraceae,Cryptocarya iridescens,Kosterm.,Papua New Guinea
Lauraceae,Cryptocarya kajewskii,C.K.Allen,Papua New Guinea
Lauraceae,Cryptocarya kamahar,Teschner,Papua New Guinea
Lauraceae,Cryptocarya laevigata,Blume,Papua New Guinea
Lauraceae,Cryptocarya lanuginosa,(Teschner) Kosterm.,Papua New Guinea
Lauraceae,Cryptocarya ledermannii,Teschner,Papua New Guinea
Lauraceae,Cryptocarya longepetiolata,Kosterm.,Papua New Guinea
Lauraceae,Cryptocarya mackinnoniana,F.Muell.,Papua New Guinea
Lauraceae,Cryptocarya macrophylla,Gamble,Papua New Guinea
Lauraceae,Cryptocarya magnifolia,Teschner,Papua New Guinea
Lauraceae,Cryptocarya massoy,(Oken) Kosterm.,Papua New Guinea
Lauraceae,Cryptocarya minutifolia,C.K.Allen,Papua New Guinea
Lauraceae,Cryptocarya multinervis,Teschner,Papua New Guinea
Lauraceae,Cryptocarya multipaniculata,Teschner,Papua New Guinea
Lauraceae,Cryptocarya myrcioides,S.Moore,Papua New Guinea
Lauraceae,Cryptocarya nothofagetorum,Kosterm.,Papua New Guinea
Lauraceae,Cryptocarya ovata,Teschner,Papua New Guinea
Lauraceae,Cryptocarya palmerensis,C.K.Allen,Papua New Guinea
Lauraceae,Cryptocarya parallelinervia,Kosterm.,Papua New Guinea
Lauraceae,Cryptocarya parinarifolia,Kosterm.,Papua New Guinea
Lauraceae,Cryptocarya pergamentacea,C.K.Allen,Papua New Guinea
Lauraceae,Cryptocarya pergracilis,Kosterm.,Papua New Guinea
Lauraceae,Cryptocarya perlucida,C.K.Allen,Papua New Guinea
Lauraceae,Cryptocarya pulchella,Teschner,Papua New Guinea
Lauraceae,Cryptocarya pullenii,Kosterm.,Papua New Guinea
Lauraceae,Cryptocarya pusilla,Teschner,Papua New Guinea
Lauraceae,Cryptocarya rarinervia,S.Moore,Papua New Guinea
Lauraceae,Cryptocarya rhizophoretum,Kosterm.,Papua New Guinea
Lauraceae,Cryptocarya roemeri,Lauterb.,Papua New Guinea
Lauraceae,Cryptocarya schlechteri,Teschner,Papua New Guinea
Lauraceae,Cryptocarya schoddei,Kosterm.,Papua New Guinea
Lauraceae,Cryptocarya splendens,Kosterm.,Papua New Guinea
Lauraceae,Cryptocarya subbullata,Kosterm.,Papua New Guinea
Lauraceae,Cryptocarya subfalcata,C.K.Allen,Papua New Guinea
Lauraceae,Cryptocarya subtrinervis,Kaneh. & Hatus.,Papua New Guinea
Lauraceae,Cryptocarya sulcata,C.K.Allen,Papua New Guinea
Lauraceae,Cryptocarya tesselata,Kosterm.,Papua New Guinea
Lauraceae,Cryptocarya tetragona,C.K.Allen,Papua New Guinea
Lauraceae,Cryptocarya umbonata,C.K.Allen,Papua New Guinea
Lauraceae,Cryptocarya verrucosa,Teschner,Papua New Guinea
Lauraceae,Cryptocarya viridiflora,Kosterm.,Papua New Guinea
Lauraceae,Cryptocarya weinlandii,K.Schum.,Papua New Guinea
Lauraceae,Cryptocarya whiteana,C.K.Allen,Papua New Guinea
Lauraceae,Cryptocarya womersleyi,Kosterm.,Papua New Guinea
Lauraceae,Cryptocarya xylophylla,Kosterm.,Papua New Guinea
Lauraceae,Endiandra aggregata,Kosterm.,Papua New Guinea
Lauraceae,Endiandra albiramea,Kosterm.,Papua New Guinea
Lauraceae,Endiandra archboldiana,C.K.Allen,Papua New Guinea
Lauraceae,Endiandra arfakensis,Kosterm.,Papua New Guinea
Lauraceae,Endiandra asymmerrica,Teschner,Papua New Guinea
Lauraceae,Endiandra brassii,C.K.Allen,Papua New Guinea
Lauraceae,Endiandra bullata,(C.K.Allen) Kosterm.,Papua New Guinea
Lauraceae,Endiandra carrii,Kosterm.,Papua New Guinea
Lauraceae,Endiandra clemensii,C.K.Allen,Papua New Guinea
Lauraceae,Endiandra cyphellophora,Kosterm.,Papua New Guinea
Lauraceae,Endiandra dielsiana,Teschner,Papua New Guinea
Lauraceae,Endiandra djamuensis,Kosterm.,Papua New Guinea
Lauraceae,Endiandra engleriana,Teschner,Papua New Guinea
Lauraceae,Endiandra euadenia,Kosterm.,Papua New Guinea
Lauraceae,Endiandra faceta,Kosterm.,Papua New Guinea
Lauraceae,Endiandra ferruginea,Teschner,Papua New Guinea
Lauraceae,Endiandra flavinervis,Teschner,Papua New Guinea
Lauraceae,Endiandra forbesii,Gamble,Papua New Guinea
Lauraceae,Endiandra formicaria,Kosterm.,Papua New Guinea
Lauraceae,Endiandra fulva,Teschner,Papua New Guinea
Lauraceae,Endiandra gem,Kosterm.,Papua New Guinea
Lauraceae,Endiandra glauca,R.Br.,Papua New Guinea
Lauraceae,Endiandra grandifolia,Teschner,Papua New Guinea
Lauraceae,Endiandra havelii,Kosterm.,Papua New Guinea
Lauraceae,Endiandra impressicosta,C.K.Allen,Papua New Guinea
Lauraceae,Endiandra inaequitepala,Kosterm.,Papua New Guinea
Lauraceae,Endiandra invasiorum,Kosterm.,Papua New Guinea
Lauraceae,Endiandra latifolia,Kosterm.,Papua New Guinea
Lauraceae,Endiandra ledermannii,Teschner,Papua New Guinea
Lauraceae,Endiandra macrostemon,Kosterm.,Papua New Guinea
Lauraceae,Endiandra magnilimba,Kosterm.,Papua New Guinea
Lauraceae,Endiandra microphylla,Teschner,Papua New Guinea
Lauraceae,Endiandra minutiflora,Kosterm.,Papua New Guinea
Lauraceae,Endiandra montana,C.T.White,Papua New Guinea
Lauraceae,Endiandra oblonga,Teschner,Papua New Guinea
Lauraceae,Endiandra oviformis,Kosterm.,Papua New Guinea
Lauraceae,Endiandra papuana,Lauterb.,Papua New Guinea
Lauraceae,Endiandra pilosa,Kosterm.,Papua New Guinea
Lauraceae,Endiandra schlechteri,Teschner,Papua New Guinea
Lauraceae,Endiandra sericea,Kosterm.,Papua New Guinea
Lauraceae,Endiandra sleumeri,Kosterm.,Papua New Guinea
Lauraceae,Endiandra solomonensis,C.K.Allen,Papua New Guinea
Lauraceae,Endiandra spathulata,Kosterm.,Papua New Guinea
Lauraceae,Endiandra sphaerica,C.K.Allen,Papua New Guinea
Lauraceae,Endiandra teschneri,Kamik.,Papua New Guinea
Lauraceae,Endiandra teschneriana,C.K.Allen,Papua New Guinea
Lauraceae,Endiandra xylophylla,Kosterm.,Papua New Guinea
Lauraceae,Litsea albida,(Kosterm.) Kosterm.,Papua New Guinea
Lauraceae,Litsea alveolata,C.K.Allen,Papua New Guinea
Lauraceae,Litsea amicorum,Kosterm.,Papua New Guinea
Lauraceae,Litsea anamo,Kosterm.,Papua New Guinea
Lauraceae,Litsea aureo-sericea,Kosterm.,Papua New Guinea
Lauraceae,Litsea bainingensis,Rech.,Papua New Guinea
Lauraceae,Litsea brassii,O.C.Schmidt,Papua New Guinea
Lauraceae,Litsea breviumbellata,C.K.Allen,Papua New Guinea
Lauraceae,Litsea buinensis,Kosterm.,Papua New Guinea
Lauraceae,Litsea calophyllantha,K.Schum.,Papua New Guinea
Lauraceae,Litsea caroli,Teschner,Papua New Guinea
Lauraceae,Litsea carrii,Kosterm.,Papua New Guinea
Lauraceae,Litsea clarissae,(Teschner) Kosterm.,Papua New Guinea
Lauraceae,Litsea collina,S.Moore,Papua New Guinea
Lauraceae,Litsea complanata,C.K.Allen,Papua New Guinea
Lauraceae,Litsea crenata,C.K.Allen,Papua New Guinea
Lauraceae,Litsea dielsiana,Teschner,Papua New Guinea
Lauraceae,Litsea domarensis,O.C.Schmidt,Papua New Guinea
Lauraceae,Litsea elliptica,Blume,Papua New Guinea
Lauraceae,Litsea engleriana,Teschner,Papua New Guinea
Lauraceae,Litsea exsudens,Kosterm.,Papua New Guinea
Lauraceae,Litsea filipedunculata,Kosterm.,Papua New Guinea
Lauraceae,Litsea fluminensis,Kosterm.,Papua New Guinea
Lauraceae,Litsea fulvosericea,C.K.Allen,Papua New Guinea
Lauraceae,Litsea gigaphylla,Kosterm.,Papua New Guinea
Lauraceae,Litsea gilgiana,Teschner,Papua New Guinea
Lauraceae,Litsea globosa,Kosterm.,Papua New Guinea
Lauraceae,Litsea glutinosa,(Lour.) C.B.Rob.,Papua New Guinea
Lauraceae,Litsea guppyi,(F.Muell.) Forman,Papua New Guinea
Lauraceae,Litsea habbemensis,C.K.Allen,Papua New Guinea
Lauraceae,Litsea irianensis,Kosterm.,Papua New Guinea
Lauraceae,Litsea ledermannii,Teschner,Papua New Guinea
Lauraceae,Litsea mafuluensis,C.K.Allen,Papua New Guinea
Lauraceae,Litsea maluensis,Teschner,Papua New Guinea
Lauraceae,Litsea minor,Teschner,Papua New Guinea
Lauraceae,Litsea morobensis,C.K.Allen,Papua New Guinea
Lauraceae,Litsea novoguinensis,Teschner,Papua New Guinea
Lauraceae,Litsea papuana,K.Schum.,Papua New Guinea
Lauraceae,Litsea perlucida,C.K.Allen,Papua New Guinea
Lauraceae,Litsea psilophylla,Kosterm.,Papua New Guinea
Lauraceae,Litsea rigidifrons,Kosterm.,Papua New Guinea
Lauraceae,Litsea schlechteri,Teschner,Papua New Guinea
Lauraceae,Litsea sepikensis,Kosterm.,Papua New Guinea
Lauraceae,Litsea solomonensis,C.K.Allen,Papua New Guinea
Lauraceae,Litsea spathulata,Kosterm.,Papua New Guinea
Lauraceae,Litsea timonioides,Kosterm.,Papua New Guinea
Lauraceae,Litsea timoriana,Span.,Papua New Guinea
Lauraceae,Litsea trichophylla,Kosterm.,Papua New Guinea
Lauraceae,Litsea umbellata,(Lour.) Merr.,Papua New Guinea
Lauraceae,Litsea versteeghii,C.K.Allen,Papua New Guinea
Lauraceae,Litsea whiteana,C.K.Allen,Papua New Guinea
Lauraceae,Neolitsea acuta,(Teschner) Kamik.,Papua New Guinea
Lauraceae,Neolitsea brassii,C.K.Allen,Papua New Guinea
Lauraceae,Neolitsea teschneriana,C.K.Allen,Papua New Guinea
Lauraceae,Nothaphoebe elata,(Kosterm.) Kosterm.,Papua New Guinea
Lauraceae,Phoebe clemensii,C.K.Allen,Papua New Guinea
Lecythidaceae,Barringtonia acutangula,(L.) Gaertn.,Papua New Guinea
Lecythidaceae,Barringtonia apiculata,Lauterb.,Papua New Guinea
Lecythidaceae,Barringtonia asiatica,(L.) Kurz,Papua New Guinea
Lecythidaceae,Barringtonia calyptrata,(Miers) R.Br. ex F.M.Bailey,Papua New Guinea
Lecythidaceae,Barringtonia calyptrocalyx,K.Schum.,Papua New Guinea
Lecythidaceae,Barringtonia jebbiana,Takeuchi,Papua New Guinea
Lecythidaceae,Barringtonia lauterbachii,R.Knuth,Papua New Guinea
Lecythidaceae,Barringtonia lumina,Jebb & Prance,Papua New Guinea
Lecythidaceae,Barringtonia monticola,Jebb & Prance,Papua New Guinea
Lecythidaceae,Barringtonia niedenzuana,(K.Schum.) R.Knuth,Papua New Guinea
Lecythidaceae,Barringtonia novae-hiberniae,Lauterb.,Papua New Guinea
Lecythidaceae,Barringtonia papeh,Lauterb.,Papua New Guinea
Lecythidaceae,Barringtonia papuana,Lauterb.,Papua New Guinea
Lecythidaceae,Barringtonia pinnifolia,Jebb & Prance,Papua New Guinea
Lecythidaceae,Barringtonia procera,(Miers) R.Knuth,Papua New Guinea
Lecythidaceae,Barringtonia racemosa,(L.) Spreng.,Papua New Guinea
Lecythidaceae,Barringtonia serenae,Jebb & Prance,Papua New Guinea
Lecythidaceae,Barringtonia tagala,Jebb & Prance,Papua New Guinea
Lecythidaceae,Planchonia careya,(F.Muell.) R.Knuth,Papua New Guinea
Lecythidaceae,Planchonia papuana,R.Knuth,Papua New Guinea
Loganiaceae,Geniostoma antherotrichum,Gilg & Gilg-Ben.,Papua New Guinea
Loganiaceae,Geniostoma leenhoutsii,B.J.Conn,Papua New Guinea
Loganiaceae,Geniostoma randianum,Merr. & L.M.Perry,Papua New Guinea
Loganiaceae,Geniostoma rupestre,J.R.Forst. & G.Forst.,Papua New Guinea
Loganiaceae,Geniostoma trichostylum,B.J.Conn,Papua New Guinea
Loganiaceae,Geniostoma umbellatum,B.J.Conn,Papua New Guinea
Loganiaceae,Geniostoma weinlandii,K.Schum.,Papua New Guinea
Loganiaceae,Neuburgia celebica,(Koord.) Leenh.,Papua New Guinea
Loganiaceae,Neuburgia corynocarpa,(A.Gray) Leenh.,Papua New Guinea
Lythraceae,Duabanga moluccana,Blume,Papua New Guinea
Lythraceae,Lagerstroemia celebica,Blume,Papua New Guinea
Lythraceae,Lagerstroemia engleriana,Koehne,Papua New Guinea
Lythraceae,Lagerstroemia speciosa,(L.) Pers.,Papua New Guinea
Lythraceae,Pemphis acidula,J.R.Forst. & G.Forst.,Papua New Guinea
Lythraceae,Sonneratia alba,Sm.,Papua New Guinea
Lythraceae,Sonneratia caseolaris,(L.) Engl.,Papua New Guinea
Lythraceae,Sonneratia lanceolata,Blume,Papua New Guinea
Lythraceae,Sonneratia ovata,Backer,Papua New Guinea
Magnoliaceae,Magnolia liliifera,(L.) Baill.,Papua New Guinea
Magnoliaceae,Magnolia tsiampacca,(L.) Figlar & Noot.,Papua New Guinea
Malvaceae,Berrya papuana,Merr. & L.M.Perry,Papua New Guinea
Malvaceae,Bombax ceiba,L.,Papua New Guinea
Malvaceae,Brachychiton carruthersii,Müll.Arg.,Papua New Guinea
Malvaceae,Brachychiton velutinosus,Kosterm.,Papua New Guinea
Malvaceae,Brownlowia argentata,Kurz,Papua New Guinea
Malvaceae,Camptostemon schultzii,Mast.,Papua New Guinea
Malvaceae,Cephalohibiscus peekelii,Ulbr.,Papua New Guinea
Malvaceae,Commersonia novoguinensis,(Gilli) Guymer,Papua New Guinea
Malvaceae,Eleutherostylis renistipulata,Burret,Papua New Guinea
Malvaceae,Firmiana papuana,Mildbr.,Papua New Guinea
Malvaceae,Grewia laevigata,Vahl,Papua New Guinea
Malvaceae,Grewia oxyphylla,Burret,Papua New Guinea
Malvaceae,Heritiera littoralis,Aiton,Papua New Guinea
Malvaceae,Heritiera novoguineensis,Kosterm.,Papua New Guinea
Malvaceae,Heritiera solomonensis,Kosterm.,Papua New Guinea
Malvaceae,Heritiera trifoliolata,(F.Muell.) Kosterm.,Papua New Guinea
Malvaceae,Hibiscus archboldianus,Borss.Waalk.,Papua New Guinea
Malvaceae,Hibiscus bowersiae,(Fryxell) Craven,Papua New Guinea
Malvaceae,Hibiscus ellipticifolius,Borss.Waalk.,Papua New Guinea
Malvaceae,Hibiscus pulvinulifer,Borss.Waalk.,Papua New Guinea
Malvaceae,Hibiscus tiliaceus,L.,Papua New Guinea
Malvaceae,Melochia odorata,L.f.,Papua New Guinea
Malvaceae,Melochia umbellata,(Houtt.) Stapf,Papua New Guinea
Malvaceae,Microcos stylocarpa,Burret,Papua New Guinea
Malvaceae,Papuodendron lepidotum,C.T.White,Papua New Guinea
Malvaceae,Pterocymbium beccarii,K.Schum.,Papua New Guinea
Malvaceae,Pterygota horsfieldii,(R.Br.) Kosterm.,Papua New Guinea
Malvaceae,Schoutenia ovata,Korth.,Papua New Guinea
Malvaceae,Sterculia ampla,Baker f.,Papua New Guinea
Malvaceae,Sterculia ceramica,R.Br.,Papua New Guinea
Malvaceae,Sterculia conwentzii,K.Schum.,Papua New Guinea
Malvaceae,Sterculia edelfeltii,F.Muell.,Papua New Guinea
Malvaceae,Sterculia fanaiho,Setch.,Papua New Guinea
Malvaceae,Sterculia gilva,Miq.,Papua New Guinea
Malvaceae,Sterculia lepidotostellata,Mildbr.,Papua New Guinea
Malvaceae,Sterculia macrophylla,Vent.,Papua New Guinea
Malvaceae,Sterculia parkinsonii,F.Muell.,Papua New Guinea
Malvaceae,Sterculia peekelii,Mildbr.,Papua New Guinea
Malvaceae,Sterculia quadrifida,R.Br.,Papua New Guinea
Malvaceae,Sterculia shillinglawii,F.Muell.,Papua New Guinea
Malvaceae,Sterculia tantraensis,Morat,Papua New Guinea
Malvaceae,Thespesia fissicalyx,Borss.Waalk.,Papua New Guinea
Malvaceae,Thespesia patellifera,Borss.Waalk.,Papua New Guinea
Malvaceae,Trichospermum burretii,Kosterm.,Papua New Guinea
Malvaceae,Trichospermum incaniopsis,Kosterm.,Papua New Guinea
Malvaceae,Trichospermum incanum,Merr. & L.M.Perry,Papua New Guinea
Malvaceae,Trichospermum peekelii,Burret,Papua New Guinea
Malvaceae,Trichospermum pleiostigma,(F.Muell.) Kosterm.,Papua New Guinea
Malvaceae,Triumfetta nigricans,F.M.Bailey,Papua New Guinea
Melastomataceae,Astronia angustifolia,Mansf.,Papua New Guinea
Melastomataceae,Astronia arborea,Baker f.,Papua New Guinea
Melastomataceae,Astronia atroviridis,Mansf.,Papua New Guinea
Melastomataceae,Astronia beccariana,Cogn.,Papua New Guinea
Melastomataceae,Astronia brunnea,J.F.Maxwell,Papua New Guinea
Melastomataceae,Astronia brunneoaenea,J.F.Maxwell,Papua New Guinea
Melastomataceae,Astronia columnaris,J.F.Maxwell,Papua New Guinea
Melastomataceae,Astronia coriacea,J.F.Maxwell,Papua New Guinea
Melastomataceae,Astronia corymbosa,J.F.Maxwell,Papua New Guinea
Melastomataceae,Astronia crassiloba,J.F.Maxwell,Papua New Guinea
Melastomataceae,Astronia cuspidata,J.F.Maxwell,Papua New Guinea
Melastomataceae,Astronia glomerata,Mansf.,Papua New Guinea
Melastomataceae,Astronia grandiflora,J.F.Maxwell,Papua New Guinea
Melastomataceae,Astronia hollrungii,Cogn.,Papua New Guinea
Melastomataceae,Astronia laevis,J.F.Maxwell,Papua New Guinea
Melastomataceae,Astronia ledermannii,Mansf.,Papua New Guinea
Melastomataceae,Astronia rugata,J.F.Maxwell,Papua New Guinea
Melastomataceae,Astronia rugosa,J.F.Maxwell,Papua New Guinea
Melastomataceae,Astronia sericea,J.F.Maxwell,Papua New Guinea
Melastomataceae,Astronia shungolensis,J.F.Maxwell,Papua New Guinea
Melastomataceae,Astronia squamosa,J.F.Maxwell,Papua New Guinea
Melastomataceae,Astronia triangularis,J.F.Maxwell,Papua New Guinea
Melastomataceae,Astronia truncata,J.F.Maxwell,Papua New Guinea
Melastomataceae,Astronia villosovaginata,J.F.Maxwell,Papua New Guinea
Melastomataceae,Astronidium morobiense,J.F.Maxwell,Papua New Guinea
Melastomataceae,Memecylon coeruleum,Jack,Papua New Guinea
Melastomataceae,Memecylon excelsum,Blume,Papua New Guinea
Melastomataceae,Memecylon fruticosum,King,Papua New Guinea
Melastomataceae,Memecylon lilacinum,Zoll. & Moritzi,Papua New Guinea
Melastomataceae,Memecylon ovatum,Sm,Papua New Guinea
Melastomataceae,Pternandra coerulescens,Jack,Papua New Guinea
Melastomataceae,Pternandra galeata,Ridl.,Papua New Guinea
Meliaceae,Aglaia agglomerata,Merr. & L.M.Perry,Papua New Guinea
Meliaceae,Aglaia argentea,Blume,Papua New Guinea
Meliaceae,Aglaia barbanthera,C.DC.,Papua New Guinea
Meliaceae,Aglaia brassii,Merr. & L.M.Perry,Papua New Guinea
Meliaceae,Aglaia brownii,Pannell,Papua New Guinea
Meliaceae,Aglaia conferta,Merr. & L.M.Perry,Papua New Guinea
Meliaceae,Aglaia cremea,Merr. & L.M.Perry,Papua New Guinea
Meliaceae,Aglaia cuspidata,C.DC.,Papua New Guinea
Meliaceae,Aglaia elaeagnoidea,(A.Juss.) Benth.,Papua New Guinea
Meliaceae,Aglaia euryanthera,Harms,Papua New Guinea
Meliaceae,Aglaia flavescens,C.DC.,Papua New Guinea
Meliaceae,Aglaia flavida,Merr. & L.M.Perry,Papua New Guinea
Meliaceae,Aglaia integrifolia,Pannell,Papua New Guinea
Meliaceae,Aglaia lawii,(Wight) C.J.Saldanha,Papua New Guinea
Meliaceae,Aglaia lepidopetala,Harms,Papua New Guinea
Meliaceae,Aglaia lepiorrhachis,Harms,Papua New Guinea
Meliaceae,Aglaia leucoclada,C.DC.,Papua New Guinea
Meliaceae,Aglaia mackiana,Pannell,Papua New Guinea
Meliaceae,Aglaia pannelliana,W.N.Takeuchi,Papua New Guinea
Meliaceae,Aglaia parksii,A.C.Sm.,Papua New Guinea
Meliaceae,Aglaia parviflora,C.DC.,Papua New Guinea
Meliaceae,Aglaia penningtoniana,Pannell,Papua New Guinea
Meliaceae,Aglaia polyneura,C.DC.,Papua New Guinea
Meliaceae,Aglaia puberulanthera,C.DC.,Papua New Guinea
Meliaceae,Aglaia rimosa,(Blanco) Merr.,Papua New Guinea
Meliaceae,Aglaia rubrivenia,Merr. & L.M.Perry,Papua New Guinea
Meliaceae,Aglaia samoensis,A.Gray,Papua New Guinea
Meliaceae,Aglaia sapindina,(F.Muell.) Harms,Papua New Guinea
Meliaceae,Aglaia sexipetala,Griff.,Papua New Guinea
Meliaceae,Aglaia silvestris,(M.Roem.) Merr.,Papua New Guinea
Meliaceae,Aglaia spectabilis,(Miq.) S.S.Jain & S.Bennet,Papua New Guinea
Meliaceae,Aglaia subcuprea,Merr. & L.M.Perry,Papua New Guinea
Meliaceae,Aglaia subminutiflora,C.DC.,Papua New Guinea
Meliaceae,Aglaia tomentosa,Teijsm. & Binn.,Papua New Guinea
Meliaceae,Anthocarapa nitidula,(Benth.) T.D.Penn. ex Mabb.,Papua New Guinea
Meliaceae,Aphanamixis polystachya,(Wall.) R.Parker,Papua New Guinea
Meliaceae,Azadirachta excelsa,(Jack) Jacobs,Papua New Guinea
Meliaceae,Chisocheton ceramicus,Miq.,Papua New Guinea
Meliaceae,Chisocheton cumingianus,(C.DC.) Harms,Papua New Guinea
Meliaceae,Chisocheton gliroides,P.F.Stevens,Papua New Guinea
Meliaceae,Chisocheton longistipitatus,(F.M.Bailey) L.S.Sm.,Papua New Guinea
Meliaceae,Chisocheton montanus,P.F.Stevens,Papua New Guinea
Meliaceae,Chisocheton novobritannicus,P.F.Stevens,Papua New Guinea
Meliaceae,Chisocheton pohlianus,Harms,Papua New Guinea
Meliaceae,Chisocheton sapindinus,P.F.Stevens,Papua New Guinea
Meliaceae,Chisocheton sayeri,(C.DC.) P.F.Stevens,Papua New Guinea
Meliaceae,Chisocheton schoddei,P.F.Stevens,Papua New Guinea
Meliaceae,Chisocheton stellatus,P.F.Stevens,Papua New Guinea
Meliaceae,Chisocheton tenuis,P.F.Stevens,Papua New Guinea
Meliaceae,Chisocheton warburgii,Harms,Papua New Guinea
Meliaceae,Dysoxylum acutangulum,Miq.,Papua New Guinea
Meliaceae,Dysoxylum alatum,Harms,Papua New Guinea
Meliaceae,Dysoxylum alliaceum,(Blume) Blume,Papua New Guinea
Meliaceae,Dysoxylum arborescens,(Blume) Miq.,Papua New Guinea
Meliaceae,Dysoxylum boridianum,Mabb.,Papua New Guinea
Meliaceae,Dysoxylum brassii,Merr. & L.M.Perry,Papua New Guinea
Meliaceae,Dysoxylum brevipaniculum,C.DC.,Papua New Guinea
Meliaceae,Dysoxylum cauliflorum,Hiern,Papua New Guinea
Meliaceae,Dysoxylum enantiophyllum,Harms,Papua New Guinea
Meliaceae,Dysoxylum excelsum,Blume,Papua New Guinea
Meliaceae,Dysoxylum gaudichaudianum,(A.Juss.) Miq.,Papua New Guinea
Meliaceae,Dysoxylum hapalanthum,Harms,Papua New Guinea
Meliaceae,Dysoxylum inopinatum,(Harms) Mabb.,Papua New Guinea
Meliaceae,Dysoxylum kaniense,Harms,Papua New Guinea
Meliaceae,Dysoxylum latifolium,Benth.,Papua New Guinea
Meliaceae,Dysoxylum middletonianum,W.N.Takeuchi,Papua New Guinea
Meliaceae,Dysoxylum oppositifolium,F.Muell.,Papua New Guinea
Meliaceae,Dysoxylum papuanum,(Merr. & L.M.Perry) Mabb.,Papua New Guinea
Meliaceae,Dysoxylum parasiticum,(Osbeck) Kosterm.,Papua New Guinea
Meliaceae,Dysoxylum pettigrewianum,F.M.Bailey,Papua New Guinea
Meliaceae,Dysoxylum phaeotrichum,Harms,Papua New Guinea
Meliaceae,Dysoxylum randianum,Merr. & L.M.Perry,Papua New Guinea
Meliaceae,Dysoxylum setosum,(Span.) Miq.,Papua New Guinea
Meliaceae,Dysoxylum sparsiflorum,Mabb.,Papua New Guinea
Meliaceae,Dysoxylum stellatopuberulum,C.DC.,Papua New Guinea
Meliaceae,Dysoxylum variabile,Harms,Papua New Guinea
Meliaceae,Dysoxylum yunzaingense,Merr. & L.M.Perry,Papua New Guinea
Meliaceae,Melia azedarach,L.,Papua New Guinea
Meliaceae,Sandoricum koetjape,(Burm.f.) Merr.,Papua New Guinea
Meliaceae,Toona ciliata,M.Roem.,Papua New Guinea
Meliaceae,Toona sureni,(Blume) Merr.,Papua New Guinea
Meliaceae,Vavaea amicorum,Benth.,Papua New Guinea
Meliaceae,Xylocarpus granatum,J.Koenig,Papua New Guinea
Meliaceae,Xylocarpus moluccensis,(Lam.) M.Roem.,Papua New Guinea
Meliaceae,Xylocarpus rumphii,(Kostel.) Mabb.,Papua New Guinea
Metteniusaceae,Apodytes dimidiata,E.Mey. ex Arn.,Papua New Guinea
Metteniusaceae,Platea excelsa,Blume,Papua New Guinea
Metteniusaceae,Platea latifolia,Blume,Papua New Guinea
Monimiaceae,Levieria montana,Becc.,Papua New Guinea
Monimiaceae,Levieria squarrosa,Perkins,Papua New Guinea
Monimiaceae,Steganthera hentyi,Philipson,Papua New Guinea
Monimiaceae,Steganthera hirsuta,Perkins,Papua New Guinea
Monimiaceae,Steganthera salomonensis,(Hemsl.) Philipson,Papua New Guinea
Monimiaceae,Steganthera suberosoalata,Kosterm.,Papua New Guinea
Moraceae,Antiaris toxicaria,(J.F.Gmel.) Lesch.,Papua New Guinea
Moraceae,Antiaropsis decipiens,K.Schum.,Papua New Guinea
Moraceae,Antiaropsis uniflora,C.C.Berg,Papua New Guinea
Moraceae,Artocarpus altilis,(Parkinson ex F.A.Zorn) Fosberg,Papua New Guinea
Moraceae,Artocarpus camansi,Blanco,Papua New Guinea
Moraceae,Artocarpus integer,(Thunb.) Merr.,Papua New Guinea
Moraceae,Artocarpus sepicanus,Diels,Papua New Guinea
Moraceae,Artocarpus teysmannii,Miq.,Papua New Guinea
Moraceae,Artocarpus vrieseanus,Miq.,Papua New Guinea
Moraceae,Ficus adelpha,K.Schum. & Lauterb.,Papua New Guinea
Moraceae,Ficus adenosperma,Miq.,Papua New Guinea
Moraceae,Ficus albipila,(Miq.) King,Papua New Guinea
Moraceae,Ficus ampelas,Burm.f.,Papua New Guinea
Moraceae,Ficus arawaensis,Corner,Papua New Guinea
Moraceae,Ficus archboldiana,Summerh.,Papua New Guinea
Moraceae,Ficus arfakensis,King,Papua New Guinea
Moraceae,Ficus armitii,King,Papua New Guinea
Moraceae,Ficus aurantiacifolia,Weiblen & Whitfeld,Papua New Guinea
Moraceae,Ficus austrina,Corner,Papua New Guinea
Moraceae,Ficus baccaureoides,Corner,Papua New Guinea
Moraceae,Ficus badiopurpurea,Diels,Papua New Guinea
Moraceae,Ficus benjamina,L.,Papua New Guinea
Moraceae,Ficus bernaysii,King,Papua New Guinea
Moraceae,Ficus boanensis,C.C.Berg,Papua New Guinea
Moraceae,Ficus bougainvillei,Rech.,Papua New Guinea
Moraceae,Ficus calopilina,Diels,Papua New Guinea
Moraceae,Ficus casearioides,King,Papua New Guinea
Moraceae,Ficus chrysochaete,Corner,Papua New Guinea
Moraceae,Ficus comitis,King,Papua New Guinea
Moraceae,Ficus complexa,Corner,Papua New Guinea
Moraceae,Ficus congesta,Roxb.,Papua New Guinea
Moraceae,Ficus conocephalifolia,Ridl.,Papua New Guinea
Moraceae,Ficus copiosa,Steud.,Papua New Guinea
Moraceae,Ficus crassiramea,(Miq.) Miq.,Papua New Guinea
Moraceae,Ficus cynaroides,Corner,Papua New Guinea
Moraceae,Ficus dalbertisii,King,Papua New Guinea
Moraceae,Ficus dammaropsis,Diels,Papua New Guinea
Moraceae,Ficus edelfeltii,King,Papua New Guinea
Moraceae,Ficus endochaete,Summerh.,Papua New Guinea
Moraceae,Ficus erinobotrya,Corner,Papua New Guinea
Moraceae,Ficus erythrosperma,Miq.,Papua New Guinea
Moraceae,Ficus eustephana,Diels,Papua New Guinea
Moraceae,Ficus flagellaris,Diels,Papua New Guinea
Moraceae,Ficus funiculosa,Corner,Papua New Guinea
Moraceae,Ficus glandifera,Summerh.,Papua New Guinea
Moraceae,Ficus glandulifera,(Wall. ex Miq.) King,Papua New Guinea
Moraceae,Ficus gracillima,Diels,Papua New Guinea
Moraceae,Ficus gul,K.Schum. & Lauterb.,Papua New Guinea
Moraceae,Ficus hadroneura,Diels,Papua New Guinea
Moraceae,Ficus hahliana,Diels,Papua New Guinea
Moraceae,Ficus hesperidiiformis,King,Papua New Guinea
Moraceae,Ficus hispida,L.f.,Papua New Guinea
Moraceae,Ficus hombroniana,Corner,Papua New Guinea
Moraceae,Ficus ihuensis,Summerh.,Papua New Guinea
Moraceae,Ficus illiberalis,Corner,Papua New Guinea
Moraceae,Ficus imbricata,Corner,Papua New Guinea
Moraceae,Ficus indigofera,Rech.,Papua New Guinea
Moraceae,Ficus iodotricha,Diels,Papua New Guinea
Moraceae,Ficus itoana,Diels,Papua New Guinea
Moraceae,Ficus lancibracteata,Corner,Papua New Guinea
Moraceae,Ficus lawesii,King,Papua New Guinea
Moraceae,Ficus leptodictya,Diels,Papua New Guinea
Moraceae,Ficus longibracteata,Corner,Papua New Guinea
Moraceae,Ficus macrorrhyncha,Lauterb. & K.Schum.,Papua New Guinea
Moraceae,Ficus macrothyrsa,Corner,Papua New Guinea
Moraceae,Ficus megalophylla,Diels,Papua New Guinea
Moraceae,Ficus melinocarpa,Blume,Papua New Guinea
Moraceae,Ficus microcarpa,L.f.,Papua New Guinea
Moraceae,Ficus microdictya,Diels,Papua New Guinea
Moraceae,Ficus mollior,F.Muell. ex Benth.,Papua New Guinea
Moraceae,Ficus morobensis,C.C.Berg,Papua New Guinea
Moraceae,Ficus myiopotamica,C.C.Berg,Papua New Guinea
Moraceae,Ficus nasuta,Summerh.,Papua New Guinea
Moraceae,Ficus novae-georgiae,Corner,Papua New Guinea
Moraceae,Ficus novahibernica,Corner,Papua New Guinea
Moraceae,Ficus obliqua,G.Forst.,Papua New Guinea
Moraceae,Ficus oleracea,Corner,Papua New Guinea
Moraceae,Ficus pachyrrhachis,K.Schum. & Lauterb.,Papua New Guinea
Moraceae,Ficus pachysycia,Diels ex Corner,Papua New Guinea
Moraceae,Ficus papuana,Corner,Papua New Guinea
Moraceae,Ficus patellata,Corner,Papua New Guinea
Moraceae,Ficus phaeosyce,K.Schum. & Lauterb.,Papua New Guinea
Moraceae,Ficus pilulifera,Corner,Papua New Guinea
Moraceae,Ficus polyantha,Warb.,Papua New Guinea
Moraceae,Ficus porphyrochaete,Corner,Papua New Guinea
Moraceae,Ficus praestans,Corner,Papua New Guinea
Moraceae,Ficus prasinicarpa,Elmer ex C.C.Berg,Papua New Guinea
Moraceae,Ficus primaria,Corner,Papua New Guinea
Moraceae,Ficus profusa,Corner,Papua New Guinea
Moraceae,Ficus pseudojaca,Corner,Papua New Guinea
Moraceae,Ficus pseudowassa,Corner,Papua New Guinea
Moraceae,Ficus pungens,Reinw. ex Blume,Papua New Guinea
Moraceae,Ficus quercetorum,Corner,Papua New Guinea
Moraceae,Ficus rhizophoriphylla,King,Papua New Guinea
Moraceae,Ficus rigo,F.M.Bailey,Papua New Guinea
Moraceae,Ficus robusta,Corner,Papua New Guinea
Moraceae,Ficus saccata,Corner,Papua New Guinea
Moraceae,Ficus salomonensis,Rech.,Papua New Guinea
Moraceae,Ficus saruensis,C.C.Berg,Papua New Guinea
Moraceae,Ficus saurauioides,Diels,Papua New Guinea
Moraceae,Ficus schumanniana,Warb.,Papua New Guinea
Moraceae,Ficus sciaphila,Corner,Papua New Guinea
Moraceae,Ficus sclerosycia,C.C.Berg,Papua New Guinea
Moraceae,Ficus scopulifera,C.C.Berg,Papua New Guinea
Moraceae,Ficus semivestita,Corner,Papua New Guinea
Moraceae,Ficus septica,Burm.f.,Papua New Guinea
Moraceae,Ficus solomonensis,Doweld,Papua New Guinea
Moraceae,Ficus stellaris,C.C.Berg,Papua New Guinea
Moraceae,Ficus subcongesta,Corner,Papua New Guinea
Moraceae,Ficus subcordata,Blume,Papua New Guinea
Moraceae,Ficus subcuneata,Miq.,Papua New Guinea
Moraceae,Ficus sublimbata,Corner,Papua New Guinea
Moraceae,Ficus subnervosa,Corner,Papua New Guinea
Moraceae,Ficus subtrinervia,K.Schum. & Lauterb.,Papua New Guinea
Moraceae,Ficus subulata,Blume,Papua New Guinea
Moraceae,Ficus tinctoria,G.Forst.,Papua New Guinea
Moraceae,Ficus trachypison,K.Schum. & Lauterb.,Papua New Guinea
Moraceae,Ficus trichocerasa,Diels,Papua New Guinea
Moraceae,Ficus variegata,Blume,Papua New Guinea
Moraceae,Ficus verticillaris,Corner,Papua New Guinea
Moraceae,Ficus virens,Aiton,Papua New Guinea
Moraceae,Ficus virgata,Reinw. ex Blume,Papua New Guinea
Moraceae,Ficus wassa,Roxb.,Papua New Guinea
Moraceae,Parartocarpus venenosa,(Zoll. & Moritzi) Becc.,Papua New Guinea
Moraceae,Paratrophis ascendens,(Corner) E.M.Gardner,Papua New Guinea
Moraceae,Paratrophis glabra,(Merr.) Steenis,Papua New Guinea
Moraceae,Paratrophis philippinensis,(Bureau) Fern.-Vill.,Papua New Guinea
Moraceae,Paratrophis solomonensis,(Corner) E.M.Gardner,Papua New Guinea
Myodocarpaceae,Delarbrea paradoxa,Vieill.,Papua New Guinea
Myristicaceae,Gymnacranthera farquhariana,(Hook.f. & Thomson) Warb.,Papua New Guinea
Myristicaceae,Horsfieldia ampla,Markgr.,Papua New Guinea
Myristicaceae,Horsfieldia ampliformis,W.J.de Wilde,Papua New Guinea
Myristicaceae,Horsfieldia australiana,S.T.Blake,Papua New Guinea
Myristicaceae,Horsfieldia basifissa,W.J.de Wilde,Papua New Guinea
Myristicaceae,Horsfieldia clavata,W.J.de Wilde,Papua New Guinea
Myristicaceae,Horsfieldia crux-melitensis,Markgr.,Papua New Guinea
Myristicaceae,Horsfieldia hellwigii,Warb.,Papua New Guinea
Myristicaceae,Horsfieldia inflexa,W.J.de Wilde,Papua New Guinea
Myristicaceae,Horsfieldia irya,(Gaertn.) Warb.,Papua New Guinea
Myristicaceae,Horsfieldia laevigata,Warb.,Papua New Guinea
Myristicaceae,Horsfieldia leptantha,W.J.de Wilde,Papua New Guinea
Myristicaceae,Horsfieldia olens,W.J.de Wilde,Papua New Guinea
Myristicaceae,Horsfieldia pachycarpa,A.C.Sm.,Papua New Guinea
Myristicaceae,Horsfieldia pilifera,Markgr.,Papua New Guinea
Myristicaceae,Horsfieldia platantha,W.J.de Wilde,Papua New Guinea
Myristicaceae,Horsfieldia pulverulenta,Warb.,Papua New Guinea
Myristicaceae,Horsfieldia ralunensis,Warb.,Papua New Guinea
Myristicaceae,Horsfieldia schlechteri,Warb.,Papua New Guinea
Myristicaceae,Horsfieldia sepikensis,Markgr.,Papua New Guinea
Myristicaceae,Horsfieldia spicata,(Roxb.) J.Sinclair,Papua New Guinea
Myristicaceae,Horsfieldia squamulosa,W.J.de Wilde,Papua New Guinea
Myristicaceae,Horsfieldia subtilis,Warb.,Papua New Guinea
Myristicaceae,Horsfieldia sylvestris,Warb.,Papua New Guinea
Myristicaceae,Horsfieldia tuberculata,Warb.,Papua New Guinea
Myristicaceae,Horsfieldia urceolata,W.J.de Wilde,Papua New Guinea
Myristicaceae,Horsfieldia whitmorei,J.Sinclair,Papua New Guinea
Myristicaceae,Myristica atrocorticata,W.J.de Wilde,Papua New Guinea
Myristicaceae,Myristica bialata,Warb.,Papua New Guinea
Myristicaceae,Myristica brachypoda,W.J.de Wilde,Papua New Guinea
Myristicaceae,Myristica brassii,A.C.Sm.,Papua New Guinea
Myristicaceae,Myristica brevistipes,W.J.de Wilde,Papua New Guinea
Myristicaceae,Myristica buchneriana,Warb.,Papua New Guinea
Myristicaceae,Myristica byssacea,W.J.de Wilde,Papua New Guinea
Myristicaceae,Myristica cerifera,A.C.Sm.,Papua New Guinea
Myristicaceae,Myristica chrysophylla,J.Sinclair,Papua New Guinea
Myristicaceae,Myristica clemensii,A.C.Sm.,Papua New Guinea
Myristicaceae,Myristica coacta,W.J.de Wilde,Papua New Guinea
Myristicaceae,Myristica cornutiflora,J.Sinclair,Papua New Guinea
Myristicaceae,Myristica crassipes,Warb.,Papua New Guinea
Myristicaceae,Myristica cucullata,Markgr.,Papua New Guinea
Myristicaceae,Myristica cylindrocarpa,J.Sinclair,Papua New Guinea
Myristicaceae,Myristica dasycarpa,W.J.de Wilde,Papua New Guinea
Myristicaceae,Myristica duplopunctata,W.J.de Wilde,Papua New Guinea
Myristicaceae,Myristica ensifolia,J.Sinclair,Papua New Guinea
Myristicaceae,Myristica fasciculata,W.J.de Wilde,Papua New Guinea
Myristicaceae,Myristica fatua,Houtt.,Papua New Guinea
Myristicaceae,Myristica filipes,W.J.de Wilde,Papua New Guinea
Myristicaceae,Myristica fissiflora,W.J.de Wilde,Papua New Guinea
Myristicaceae,Myristica flosculosa,J.Sinclair,Papua New Guinea
Myristicaceae,Myristica fugax,W.J.de Wilde,Papua New Guinea
Myristicaceae,Myristica fusca,Markgr.,Papua New Guinea
Myristicaceae,Myristica garciniifolia,Warb.,Papua New Guinea
Myristicaceae,Myristica globosa,Warb.,Papua New Guinea
Myristicaceae,Myristica hollrungii,Warb.,Papua New Guinea
Myristicaceae,Myristica hooglandii,J.Sinclair,Papua New Guinea
Myristicaceae,Myristica incredibilis,W.J.de Wilde,Papua New Guinea
Myristicaceae,Myristica ingrata,W.J.de Wilde,Papua New Guinea
Myristicaceae,Myristica insipida,R.Br.,Papua New Guinea
Myristicaceae,Myristica inundata,W.J.de Wilde,Papua New Guinea
Myristicaceae,Myristica inutilis,Rich. ex A.Gray,Papua New Guinea
Myristicaceae,Myristica johnsii,W.J.de Wilde,Papua New Guinea
Myristicaceae,Myristica kajewskii,A.C.Sm.,Papua New Guinea
Myristicaceae,Myristica kalkmanii,W.J.de Wilde,Papua New Guinea
Myristicaceae,Myristica lancifolia,Poir.,Papua New Guinea
Myristicaceae,Myristica lasiocarpa,W.J.de Wilde,Papua New Guinea
Myristicaceae,Myristica leptophylla,W.J.de Wilde,Papua New Guinea
Myristicaceae,Myristica longipes,Warb.,Papua New Guinea
Myristicaceae,Myristica markgraviana,A.C.Sm.,Papua New Guinea
Myristicaceae,Myristica mediterranea,W.J.de Wilde,Papua New Guinea
Myristicaceae,Myristica nana,W.J.de Wilde,Papua New Guinea
Myristicaceae,Myristica olivacea,W.J.de Wilde,Papua New Guinea
Myristicaceae,Myristica ornata,W.J.de Wilde,Papua New Guinea
Myristicaceae,Myristica ovicarpa,W.J.de Wilde,Papua New Guinea
Myristicaceae,Myristica pachycarpidia,W.J.de Wilde,Papua New Guinea
Myristicaceae,Myristica papillatifolia,W.J.de Wilde,Papua New Guinea
Myristicaceae,Myristica pilosella,W.J.de Wilde,Papua New Guinea
Myristicaceae,Myristica psilocarpa,W.J.de Wilde,Papua New Guinea
Myristicaceae,Myristica pygmaea,W.J.de Wilde,Papua New Guinea
Myristicaceae,Myristica rosselensis,J.Sinclair,Papua New Guinea
Myristicaceae,Myristica schlechteri,W.J.de Wilde,Papua New Guinea
Myristicaceae,Myristica schleinitzii,Engl.,Papua New Guinea
Myristicaceae,Myristica scripta,W.J.de Wilde,Papua New Guinea
Myristicaceae,Myristica simulans,W.J.de Wilde,Papua New Guinea
Myristicaceae,Myristica sinclairii,W.J.de Wilde,Papua New Guinea
Myristicaceae,Myristica sogeriensis,W.J.de Wilde,Papua New Guinea
Myristicaceae,Myristica sphaerosperma,A.C.Sm.,Papua New Guinea
Myristicaceae,Myristica subalulata,Miq.,Papua New Guinea
Myristicaceae,Myristica subcordata,Blume,Papua New Guinea
Myristicaceae,Myristica sulcata,Warb.,Papua New Guinea
Myristicaceae,Myristica tenuivenia,J.Sinclair,Papua New Guinea
Myristicaceae,Myristica tristis,Warb.,Papua New Guinea
Myristicaceae,Myristica tubiflora,Blume,Papua New Guinea
Myristicaceae,Myristica umbrosa,J.Sinclair,Papua New Guinea
Myristicaceae,Myristica undulatifolia,J.Sinclair,Papua New Guinea
Myristicaceae,Myristica velutina,Markgr.,Papua New Guinea
Myristicaceae,Myristica warburgii,K.Schum.,Papua New Guinea
Myrtaceae,Asteromyrtus brassii,(Byrnes) Craven,Papua New Guinea
Myrtaceae,Asteromyrtus symphyocarpa,(F.Muell.) Craven,Papua New Guinea
Myrtaceae,Basisperma lanceolata,C.T.White,Papua New Guinea
Myrtaceae,Corymbia disjuncta,K.D.Hill & L.A.S.Johnson,Papua New Guinea
Myrtaceae,Corymbia latifolia,(F.Muell.) K.D.Hill & L.A.S.Johnson,Papua New Guinea
Myrtaceae,Corymbia novoguinensis,(D.J.Carr & S.G.M.Carr) K.D.Hill & L.A.S.Johnson,Papua New Guinea
Myrtaceae,Decaspermum alpinum,P.Royen,Papua New Guinea
Myrtaceae,Decaspermum bracteatum,(Roxb.) A.J.Scott,Papua New Guinea
Myrtaceae,Decaspermum exiguum,Merr. & L.M.Perry,Papua New Guinea
Myrtaceae,Decaspermum forbesii,Baker f.,Papua New Guinea
Myrtaceae,Decaspermum humile,(Sweet ex G.Don) A.J.Scott,Papua New Guinea
Myrtaceae,Decaspermum neurophyllum,K.Schum. & Lauterb.,Papua New Guinea
Myrtaceae,Decaspermum nitentifolium,Merr. & L.M.Perry,Papua New Guinea
Myrtaceae,Decaspermum nivale,(Ridl.) Merr. & L.M.Perry,Papua New Guinea
Myrtaceae,Decaspermum parviflorum,(Lam.) A.J.Scott,Papua New Guinea
Myrtaceae,Decaspermum prunoides,Diels,Papua New Guinea
Myrtaceae,Decaspermum salomonense,A.J.Scott,Papua New Guinea
Myrtaceae,Decaspermum urvillei,(DC.) A.J.Scott,Papua New Guinea
Myrtaceae,Eucalyptopsis alauda,Craven,Papua New Guinea
Myrtaceae,Eucalyptopsis papuana,C.T.White,Papua New Guinea
Myrtaceae,Eucalyptus alba,Reinw. ex Blume,Papua New Guinea
Myrtaceae,Eucalyptus brassiana,S.T.Blake,Papua New Guinea
Myrtaceae,Eucalyptus deglupta,Blume,Papua New Guinea
Myrtaceae,Eucalyptus tereticornis,Sm.,Papua New Guinea
Myrtaceae,Eugenia reinwardtiana,(Blume) DC.,Papua New Guinea
Myrtaceae,Eugenia salomonica,G.T.White,Papua New Guinea
Myrtaceae,Eugenia venteri,Y.W.Low & E.Lucas,Papua New Guinea
Myrtaceae,Gossia floribunda,(A.J.Scott) N.Snow & Guymer,Papua New Guinea
Myrtaceae,Gossia longipetiolata,N.Snow,Papua New Guinea
Myrtaceae,Gossia scottiana,N.Snow,Papua New Guinea
Myrtaceae,Kania eugenioides,Schltr.,Papua New Guinea
Myrtaceae,Kania hirsutula,(F.Muell.) A.J.Scott,Papua New Guinea
Myrtaceae,Leptospermum parviflorum,Valeton,Papua New Guinea
Myrtaceae,Lindsayomyrtus racemoides,(Greves) Craven,Papua New Guinea
Myrtaceae,Lophostemon suaveolens,(Sol. ex Gaertn.) Peter G.Wilson & J.T.Waterh.,Papua New Guinea
Myrtaceae,Melaleuca acacioides,F.Muell.,Papua New Guinea
Myrtaceae,Melaleuca cajuputi,Maton & Sm. ex R.Powell,Papua New Guinea
Myrtaceae,Melaleuca dealbata,S.T.Blake,Papua New Guinea
Myrtaceae,Melaleuca leucadendra,(L.) L.,Papua New Guinea
Myrtaceae,Melaleuca nervosa,(Lindl.) Cheel,Papua New Guinea
Myrtaceae,Melaleuca quinquenervia,(Cav.) S.T.Blake,Papua New Guinea
Myrtaceae,Melaleuca viridiflora,Sol. ex Gaertn.,Papua New Guinea
Myrtaceae,Metrosideros arfakensis,Gibbs,Papua New Guinea
Myrtaceae,Metrosideros ovata,(C.T.White) J.W.Dawson,Papua New Guinea
Myrtaceae,Metrosideros ramiflora,Lauterb.,Papua New Guinea
Myrtaceae,Metrosideros regelii,F.Muell.,Papua New Guinea
Myrtaceae,Metrosideros salomonensis,C.T.White,Papua New Guinea
Myrtaceae,Metrosideros tetragyna,J.W.Dawson,Papua New Guinea
Myrtaceae,Myrtella beccarii,F.Muell.,Papua New Guinea
Myrtaceae,Myrtella bennigseniana,(Volkens) Diels,Papua New Guinea
Myrtaceae,Octamyrtus behrmannii,Diels,Papua New Guinea
Myrtaceae,Octamyrtus insignis,Diels,Papua New Guinea
Myrtaceae,Octamyrtus pleiopetala,Diels,Papua New Guinea
Myrtaceae,Osbornia octodonta,F.Muell.,Papua New Guinea
Myrtaceae,Rhodamnia blairiana,F.Muell.,Papua New Guinea
Myrtaceae,Rhodamnia glauca,Blume,Papua New Guinea
Myrtaceae,Rhodamnia kamialiensis,N.Snow & W.N.Takeuchi,Papua New Guinea
Myrtaceae,Rhodamnia lancifolia,A.J.Scott,Papua New Guinea
Myrtaceae,Rhodamnia latifolia,(Benth.) Miq.,Papua New Guinea
Myrtaceae,Rhodamnia moluccana,Burret,Papua New Guinea
Myrtaceae,Rhodamnia novoguineensis,A.J.Scott,Papua New Guinea
Myrtaceae,Rhodamnia sepicana,Diels,Papua New Guinea
Myrtaceae,Rhodomyrtus elegans,(Blume) A.J.Scott,Papua New Guinea
Myrtaceae,Rhodomyrtus kaweaensis,N.Snow,Papua New Guinea
Myrtaceae,Rhodomyrtus lanata,Guymer,Papua New Guinea
Myrtaceae,Rhodomyrtus macrocarpa,Benth.,Papua New Guinea
Myrtaceae,Rhodomyrtus mengenensis,N.Snow,Papua New Guinea
Myrtaceae,Rhodomyrtus obovata,C.T.White,Papua New Guinea
Myrtaceae,Rhodomyrtus pinnatinervis,C.T.White,Papua New Guinea
Myrtaceae,Rhodomyrtus salomonensis,(C.T.White) A.J.Scott,Papua New Guinea
Myrtaceae,Rhodomyrtus takeuchii,N.Snow & J.Cantley,Papua New Guinea
Myrtaceae,Rhodomyrtus trineura,(F.Muell.) Benth.,Papua New Guinea
Myrtaceae,Syzygium acuminatissimum,(Blume) DC.,Papua New Guinea
Myrtaceae,Syzygium acutangulum,Nied.,Papua New Guinea
Myrtaceae,Syzygium adelphicum,Diels,Papua New Guinea
Myrtaceae,Syzygium aeoranthum,(Diels) Merr. & L.M.Perry,Papua New Guinea
Myrtaceae,Syzygium alatum,(Lauterb.) Diels,Papua New Guinea
Myrtaceae,Syzygium alutaceum,(Diels) Merr. & L.M.Perry,Papua New Guinea
Myrtaceae,Syzygium amplum,T.G.Hartley & L.M.Perry,Papua New Guinea
Myrtaceae,Syzygium anomalum,Lauterb.,Papua New Guinea
Myrtaceae,Syzygium aqueum,(Burm.f.) Alston,Papua New Guinea
Myrtaceae,Syzygium baeuerlenii,(F.Muell.) Craven & Biffin,Papua New Guinea
Myrtaceae,Syzygium bartonii,(F.M.Bailey) Merr. & L.M.Perry,Papua New Guinea
Myrtaceae,Syzygium benjaminum,Diels,Papua New Guinea
Myrtaceae,Syzygium bicolor,Merr. & L.M.Perry,Papua New Guinea
Myrtaceae,Syzygium brachyanthelium,Diels,Papua New Guinea
Myrtaceae,Syzygium branderhorstii,Lauterb.,Papua New Guinea
Myrtaceae,Syzygium brevicymum,(Diels) Merr. & L.M.Perry,Papua New Guinea
Myrtaceae,Syzygium buettnerianum,(K.Schum.) Nied.,Papua New Guinea
Myrtaceae,Syzygium burepense,T.G.Hartley & L.M.Perry,Papua New Guinea
Myrtaceae,Syzygium busuense,T.G.Hartley & L.M.Perry,Papua New Guinea
Myrtaceae,Syzygium callianthum,Merr. & L.M.Perry,Papua New Guinea
Myrtaceae,Syzygium capituliferum,Merr. & L.M.Perry,Papua New Guinea
Myrtaceae,Syzygium caroli,Diels,Papua New Guinea
Myrtaceae,Syzygium carrii,T.G.Hartley & L.M.Perry,Papua New Guinea
Myrtaceae,Syzygium cartilagineum,Merr. & L.M.Perry,Papua New Guinea
Myrtaceae,Syzygium caryophylloides,(Lauterb.) Merr. & L.M.Perry,Papua New Guinea
Myrtaceae,Syzygium cauliflorum,T.G.Hartley & L.M.Perry,Papua New Guinea
Myrtaceae,Syzygium cinctum,Merr. & L.M.Perry,Papua New Guinea
Myrtaceae,Syzygium cladopterum,(Diels) Merr. & L.M.Perry,Papua New Guinea
Myrtaceae,Syzygium claviflorum,(Roxb.) Wall. ex A.M.Cowan & Cowan,Papua New Guinea
Myrtaceae,Syzygium coalitum,(Greves) T.G.Hartley & L.M.Perry,Papua New Guinea
Myrtaceae,Syzygium combretiflorum,(Diels) Merr. & L.M.Perry,Papua New Guinea
Myrtaceae,Syzygium cruriflorum,Diels,Papua New Guinea
Myrtaceae,Syzygium decipiens,(Koord. & Valeton) Merr. & L.M.Perry,Papua New Guinea
Myrtaceae,Syzygium decoriflorum,(Diels) Merr. & L.M.Perry,Papua New Guinea
Myrtaceae,Syzygium delicatulum,Merr. & L.M.Perry,Papua New Guinea
Myrtaceae,Syzygium dictyoneurum,Diels,Papua New Guinea
Myrtaceae,Syzygium dielsianum,Merr. & L.M.Perry,Papua New Guinea
Myrtaceae,Syzygium dolichophyllum,(K.Schum. & Lauterb.) Merr. & L.M.Perry,Papua New Guinea
Myrtaceae,Syzygium dolichorhynchum,Diels,Papua New Guinea
Myrtaceae,Syzygium dolichostylum,(Diels) Merr. & L.M.Perry,Papua New Guinea
Myrtaceae,Syzygium duplomarginatum,(Greves) Merr. & L.M.Perry,Papua New Guinea
Myrtaceae,Syzygium effusum,(A.Gray) Müll.Berol.,Papua New Guinea
Myrtaceae,Syzygium erythropetalum,T.G.Hartley & L.M.Perry,Papua New Guinea
Myrtaceae,Syzygium eximiiflorum,(Diels) Merr. & L.M.Perry,Papua New Guinea
Myrtaceae,Syzygium fastigiatum,(Blume) Merr. & L.M.Perry,Papua New Guinea
Myrtaceae,Syzygium fibrosum,(F.M.Bailey) T.G.Hartley & L.M.Perry,Papua New Guinea
Myrtaceae,Syzygium finisterrae,(Lauterb.) Merr. & L.M.Perry,Papua New Guinea
Myrtaceae,Syzygium flavescens,Merr. & L.M.Perry,Papua New Guinea
Myrtaceae,Syzygium flavidum,T.G.Hartley & L.M.Perry,Papua New Guinea
Myrtaceae,Syzygium fluvicola,(T.G.Hartley & Craven) Craven & Biffin,Papua New Guinea
Myrtaceae,Syzygium forte,(F.Muell.) B.Hyland,Papua New Guinea
Myrtaceae,Syzygium furfuraceum,Merr. & L.M.Perry,Papua New Guinea
Myrtaceae,Syzygium ganophyllum,Diels,Papua New Guinea
Myrtaceae,Syzygium gjellerupii,Lauterb.,Papua New Guinea
Myrtaceae,Syzygium gonatanthum,(Diels) Merr. & L.M.Perry,Papua New Guinea
Myrtaceae,Syzygium goniocalyx,(Lauterb.) Merr. & L.M.Perry,Papua New Guinea
Myrtaceae,Syzygium goniopterum,(Diels) Merr. & L.M.Perry,Papua New Guinea
Myrtaceae,Syzygium grevesianum,Merr. & L.M.Perry,Papua New Guinea
Myrtaceae,Syzygium gyrostemoneum,Diels,Papua New Guinea
Myrtaceae,Syzygium heloanthum,Diels,Papua New Guinea
Myrtaceae,Syzygium hemilamprum,(F.Muell.) Craven & Biffin,Papua New Guinea
Myrtaceae,Syzygium heterobotrys,Merr. & L.M.Perry,Papua New Guinea
Myrtaceae,Syzygium homichlophilum,Diels,Papua New Guinea
Myrtaceae,Syzygium hylochare,(Diels) Merr. & L.M.Perry,Papua New Guinea
Myrtaceae,Syzygium hylophilum,(K.Schum. & Lauterb.) Merr. & L.M.Perry,Papua New Guinea
Myrtaceae,Syzygium insulare,T.G.Hartley & L.M.Perry,Papua New Guinea
Myrtaceae,Syzygium iteophyllum,Diels,Papua New Guinea
Myrtaceae,Syzygium keroanthum,(Diels) Merr. & L.M.Perry,Papua New Guinea
Myrtaceae,Syzygium lagerstmemioides,Merr. & L.M.Perry,Papua New Guinea
Myrtaceae,Syzygium laqueatum,Merr. & L.M.Perry,Papua New Guinea
Myrtaceae,Syzygium lehuntii,(F.M.Bailey) Merr. & L.M.Perry,Papua New Guinea
Myrtaceae,Syzygium lenbrassii,Craven & Biffin,Papua New Guinea
Myrtaceae,Syzygium leonhardii,(Diels) Merr. & L.M.Perry,Papua New Guinea
Myrtaceae,Syzygium leptoneurum,Diels,Papua New Guinea
Myrtaceae,Syzygium leptophlebium,Diels,Papua New Guinea
Myrtaceae,Syzygium leptopodium,Merr. & L.M.Perry,Papua New Guinea
Myrtaceae,Syzygium longipes,Merr. & L.M.Perry,Papua New Guinea
Myrtaceae,Syzygium lorentzianum,Lauterb.,Papua New Guinea
Myrtaceae,Syzygium luehmannii,(F.Muell.) L.A.S.Johnson,Papua New Guinea
Myrtaceae,Syzygium macrocalyx,Merr. & L.M.Perry,Papua New Guinea
Myrtaceae,Syzygium madangense,T.G.Hartley & L.M.Perry,Papua New Guinea
Myrtaceae,Syzygium malaccense,(L.) Merr. & L.M.Perry,Papua New Guinea
Myrtaceae,Syzygium megalospermum,(K.Schum. & Lauterb.) Merr. & L.M.Perry,Papua New Guinea
Myrtaceae,Syzygium megistophyllum,Merr. & L.M.Perry,Papua New Guinea
Myrtaceae,Syzygium merokense,(Greves) Merr. & L.M.Perry,Papua New Guinea
Myrtaceae,Syzygium micrandrum,(Ridl.) Merr. & L.M.Perry,Papua New Guinea
Myrtaceae,Syzygium monetarium,(Ridl.) Merr. & L.M.Perry,Papua New Guinea
Myrtaceae,Syzygium naiadum,(Diels) Merr. & L.M.Perry,Papua New Guinea
Myrtaceae,Syzygium nemorale,Merr. & L.M.Perry,Papua New Guinea
Myrtaceae,Syzygium nitidum,Benth.,Papua New Guinea
Myrtaceae,Syzygium normanbiensc,T.G.Hartley & L.M.Perry,Papua New Guinea
Myrtaceae,Syzygium novoguineense,Merr. & L.M.Perry,Papua New Guinea
Myrtaceae,Syzygium nutans,Merr. & L.M.Perry,Papua New Guinea
Myrtaceae,Syzygium orthoneurum,Diels,Papua New Guinea
Myrtaceae,Syzygium ovalifolium,(Blume) Merr. & L.M.Perry,Papua New Guinea
Myrtaceae,Syzygium oxyphyllum,Diels,Papua New Guinea
Myrtaceae,Syzygium pachyanthum,(Diels) Merr. & L.M.Perry,Papua New Guinea
Myrtaceae,Syzygium pachycladum,(K.Schum. & Lauterb.) Merr. & L.M.Perry,Papua New Guinea
Myrtaceae,Syzygium pallens,Merr. & L.M.Perry,Papua New Guinea
Myrtaceae,Syzygium peekelii,Diels,Papua New Guinea
Myrtaceae,Syzygium pergamaceum,(Greves) Merr. & L.M.Perry,Papua New Guinea
Myrtaceae,Syzygium petraeum,Diels,Papua New Guinea
Myrtaceae,Syzygium phacelanthum,(Diels) Merr. & L.M.Perry,Papua New Guinea
Myrtaceae,Syzygium phaeostictum,Merr. & L.M.Perry,Papua New Guinea
Myrtaceae,Syzygium pilgerianum,(K.Schum. & Lauterb.) Merr. & L.M.Perry,Papua New Guinea
Myrtaceae,Syzygium platycarpum,(Diels) Merr. & L.M.Perry,Papua New Guinea
Myrtaceae,Syzygium platypodum,Diels,Papua New Guinea
Myrtaceae,Syzygium plumeum,(Ridl.) Merr. & L.M.Perry,Papua New Guinea
Myrtaceae,Syzygium pluviatile,T.G.Hartley & L.M.Perry,Papua New Guinea
Myrtaceae,Syzygium polyphlebium,(Diels) Merr. & L.M.Perry,Papua New Guinea
Myrtaceae,Syzygium porphyrocarpum,(Greves) Merr. & L.M.Perry,Papua New Guinea
Myrtaceae,Syzygium pteropodum,(K.Schum. & Lauterb.) Merr. & L.M.Perry,Papua New Guinea
Myrtaceae,Syzygium puberulum,Merr. & L.M.Perry,Papua New Guinea
Myrtaceae,Syzygium purpuricarpum,N.Snow,Papua New Guinea
Myrtaceae,Syzygium pyriforme,Merr. & L.M.Perry,Papua New Guinea
Myrtaceae,Syzygium pyrocarpum,(Greves) Merr. & L.M.Perry,Papua New Guinea
Myrtaceae,Syzygium pyrrophloeum,Diels,Papua New Guinea
Myrtaceae,Syzygium rambutyense,N.Snow,Papua New Guinea
Myrtaceae,Syzygium randianum,Merr. & L.M.Perry,Papua New Guinea
Myrtaceae,Syzygium rechingeri,Merr. & L.M.Perry,Papua New Guinea
Myrtaceae,Syzygium recurvovenosum,(Lauterb.) Diels,Papua New Guinea
Myrtaceae,Syzygium richardsonianum,Merr. & L.M.Perry,Papua New Guinea
Myrtaceae,Syzygium ridsdalei,Craven & N.Snow,Papua New Guinea
Myrtaceae,Syzygium riparium,(Diels) Merr. & L.M.Perry,Papua New Guinea
Myrtaceae,Syzygium robbinsii,T.G.Hartley & L.M.Perry,Papua New Guinea
Myrtaceae,Syzygium roemeri,(Lauterb.) Merr. & L.M.Perry,Papua New Guinea
Myrtaceae,Syzygium rosaceum,Diels,Papua New Guinea
Myrtaceae,Syzygium roseum,Merr. & L.M.Perry,Papua New Guinea
Myrtaceae,Syzygium rubropunctatum,(Ridl.) Merr. & L.M.Perry,Papua New Guinea
Myrtaceae,Syzygium sabangense,(Lauterb.) Merr. & L.M.Perry,Papua New Guinea
Myrtaceae,Syzygium saliciforme,Merr. & L.M.Perry,Papua New Guinea
Myrtaceae,Syzygium salicinum,(Ridl.) Merr. & L.M.Perry,Papua New Guinea
Myrtaceae,Syzygium salpinganthum,(Greves) Merr. & L.M.Perry,Papua New Guinea
Myrtaceae,Syzygium samarangense,(Blume) Merr. & L.M.Perry,Papua New Guinea
Myrtaceae,Syzygium sambogense,T.G.Hartley & L.M.Perry,Papua New Guinea
Myrtaceae,Syzygium sayeri,(F.Muell.) B.Hyland,Papua New Guinea
Myrtaceae,Syzygium schlechteri,Diels,Papua New Guinea
Myrtaceae,Syzygium schumannianum,(Nied.) Diels,Papua New Guinea
Myrtaceae,Syzygium scytophyllum,Diels,Papua New Guinea
Myrtaceae,Syzygium sogerense,(Greves) Merr. & L.M.Perry,Papua New Guinea
Myrtaceae,Syzygium subalatum,(Ridl.) Merr. & L.M.Perry,Papua New Guinea
Myrtaceae,Syzygium subamplexicaule,Merr. & L.M.Perry,Papua New Guinea
Myrtaceae,Syzygium subcorymbosum,Merr. & L.M.Perry,Papua New Guinea
Myrtaceae,Syzygium subglobosum,Merr. & L.M.Perry,Papua New Guinea
Myrtaceae,Syzygium suborbiculare,(Benth.) T.G.Hartley & L.M.Perry,Papua New Guinea
Myrtaceae,Syzygium subsimile,Diels,Papua New Guinea
Myrtaceae,Syzygium sylvicola,T.G.Hartley & L.M.Perry,Papua New Guinea
Myrtaceae,Syzygium synaptoneurum,(K.Schum. & Lauterb.) Merr. & L.M.Perry,Papua New Guinea
Myrtaceae,Syzygium taeniatum,Diels,Papua New Guinea
Myrtaceae,Syzygium thalassicum,Merr. & L.M.Perry,Papua New Guinea
Myrtaceae,Syzygium thomsenii,(Diels) Merr. & L.M.Perry,Papua New Guinea
Myrtaceae,Syzygium thornei,T.G.Hartley & L.M.Perry,Papua New Guinea
Myrtaceae,Syzygium tierneyanum,(F.Muell.) T.G.Hartley & L.M.Perry,Papua New Guinea
Myrtaceae,Syzygium tolypanthum,Diels,Papua New Guinea
Myrtaceae,Syzygium trachyanthum,(Diels) Merr. & L.M.Perry,Papua New Guinea
Myrtaceae,Syzygium trichotomum,(Greves) Merr. & L.M.Perry,Papua New Guinea
Myrtaceae,Syzygium tricolor,(Diels) Merr. & L.M.Perry,Papua New Guinea
Myrtaceae,Syzygium triphlebium,Diels,Papua New Guinea
Myrtaceae,Syzygium trivene,(Ridl.) Merr. & L.M.Perry,Papua New Guinea
Myrtaceae,Syzygium tympananthum,(Diels) Merr. & L.M.Perry,Papua New Guinea
Myrtaceae,Syzygium uniflorum,Merr. & L.M.Perry,Papua New Guinea
Myrtaceae,Syzygium validinerve,T.G.Hartley & L.M.Perry,Papua New Guinea
Myrtaceae,Syzygium variabile,T.G.Hartley & L.M.Perry,Papua New Guinea
Myrtaceae,Syzygium verniciflorum,(Diels) Merr. & L.M.Perry,Papua New Guinea
Myrtaceae,Syzygium vernicosum,Merr. & L.M.Perry,Papua New Guinea
Myrtaceae,Syzygium versteegii,(Lauterb.) Merr. & L.M.Perry,Papua New Guinea
Myrtaceae,Syzygium viburnoides,Diels,Papua New Guinea
Myrtaceae,Syzygium waikaiunense,T.G.Hartley & L.M.Perry,Papua New Guinea
Myrtaceae,Syzygium warburgii,Merr. & L.M.Perry,Papua New Guinea
Myrtaceae,Syzygium waterhousei,Merr. & L.M.Perry,Papua New Guinea
Myrtaceae,Syzygium watutense,Craven & N.Snow,Papua New Guinea
Myrtaceae,Syzygium womersleyi,T.G.Hartley & L.M.Perry,Papua New Guinea
Myrtaceae,Syzygium xylopiaceum,(Diels) Merr. & L.M.Perry,Papua New Guinea
Myrtaceae,Syzygium zhenghei,Craven & Biffin,Papua New Guinea
Myrtaceae,Thaleropia hypargyrea,(Diels) Peter G.Wilson,Papua New Guinea
Myrtaceae,Thaleropia iteophylla,(Diels) Peter G.Wilson,Papua New Guinea
Myrtaceae,Tristaniopsis ferruginea,(C.T.White) Peter G.Wilson & J.T.Waterh.,Papua New Guinea
Myrtaceae,Tristaniopsis macrosperma,(F.Muell.) Peter G.Wilson & J.T.Waterh.,Papua New Guinea
Myrtaceae,Tristaniopsis oreophila,(Diels) Peter G.Wilson & J.T.Waterh.,Papua New Guinea
Myrtaceae,Uromyrtus archboldiana,(Merr. & L.M.Perry) A.J.Scott,Papua New Guinea
Myrtaceae,Uromyrtus brassii,(Merr. & L.M.Perry) A.J.Scott,Papua New Guinea
Myrtaceae,Uromyrtus novoguineensis,A.J.Scott,Papua New Guinea
Myrtaceae,Uromyrtus rostrata,(Lauterb.) N.Snow & Guymer,Papua New Guinea
Myrtaceae,Welchiodendron longivalve,(F.Muell.) Peter G.Wilson & J.T.Waterh.,Papua New Guinea
Myrtaceae,Xanthomyrtus angustifolia,A.J.Scott,Papua New Guinea
Myrtaceae,Xanthomyrtus compacta,(Ridl.) Diels,Papua New Guinea
Myrtaceae,Xanthomyrtus humilis,Merr. & L.M.Perry,Papua New Guinea
Myrtaceae,Xanthomyrtus lanceolata,Merr. & L.M.Perry,Papua New Guinea
Myrtaceae,Xanthomyrtus leeuwenii,Diels ex A.J.Scott,Papua New Guinea
Myrtaceae,Xanthomyrtus montis-sucklingii,A.J.Scott,Papua New Guinea
Myrtaceae,Xanthomyrtus montivaga,A.J.Scott,Papua New Guinea
Myrtaceae,Xanthomyrtus ovata,A.J.Scott,Papua New Guinea
Myrtaceae,Xanthomyrtus papuana,Merr. & L.M.Perry,Papua New Guinea
Myrtaceae,Xanthomyrtus polyclada,Diels,Papua New Guinea
Myrtaceae,Xanthomyrtus schlechteri,Diels,Papua New Guinea
Myrtaceae,Xanthomyrtus scolopacina,(Ridl.) Diels,Papua New Guinea
Myrtaceae,Xanthomyrtus splendens,N.Snow & W.N.Takeuchi,Papua New Guinea
Myrtaceae,Xanthostemon brassii,Merr.,Papua New Guinea
Myrtaceae,Xanthostemon crenulatus,C.T.White,Papua New Guinea
Myrtaceae,Xanthostemon oppositifolius,F.M.Bailey,Papua New Guinea
Nothofagaceae,Nothofagus brassii,Steenis,Papua New Guinea
Nothofagaceae,Nothofagus carrii,Steenis,Papua New Guinea
Nothofagaceae,Nothofagus crenata,Steenis,Papua New Guinea
Nothofagaceae,Nothofagus flaviramea,Steenis,Papua New Guinea
Nothofagaceae,Nothofagus grandis,Steenis,Papua New Guinea
Nothofagaceae,Nothofagus nuda,Steenis,Papua New Guinea
Nothofagaceae,Nothofagus perryi,Steenis,Papua New Guinea
Nothofagaceae,Nothofagus pseudoresinosa,Steenis,Papua New Guinea
Nothofagaceae,Nothofagus pullei,Steenis,Papua New Guinea
Nothofagaceae,Nothofagus resinosa,Steenis,Papua New Guinea
Nothofagaceae,Nothofagus rubra,Steenis,Papua New Guinea
Nothofagaceae,Nothofagus starkenborghiorum,Steenis,Papua New Guinea
Nyctaginaceae,Ceodes longirostris,(Teijsm. & Binn.) Merr. & L.M.Perry,Papua New Guinea
Nyctaginaceae,Ceodes muelleriana,(Warb.) E.F.S.Rossetto & Caraballo,Papua New Guinea
Nyctaginaceae,Ceodes umbellifera,J.R.Forst. & G.Forst.,Papua New Guinea
Nyctaginaceae,Pisonia aculeata,L.,Papua New Guinea
Nyctaginaceae,Pisonia grandis,R.Br.,Papua New Guinea
Nyssaceae,Mastixia kaniensis,Melch.,Papua New Guinea
Ochnaceae,Brackenridgea forbesii,Tiegh.,Papua New Guinea
Ochnaceae,Schuurmansia elegans,Blume,Papua New Guinea
Ochnaceae,Schuurmansia henningsii,K.Schum.,Papua New Guinea
Olacaceae,Anacolosa papuana,Schellenb.,Papua New Guinea
Olacaceae,Olax imbricata,Roxb.,Papua New Guinea
Oleaceae,Chionanthus brassii,(Kobuski) Kiew,Papua New Guinea
Oleaceae,Chionanthus buloloensis,Kiew,Papua New Guinea
Oleaceae,Chionanthus carrii,Kiew,Papua New Guinea
Oleaceae,Chionanthus crassipetiolatus,Kiew,Papua New Guinea
Oleaceae,Chionanthus gigas,(Lingelsh.) Kiew,Papua New Guinea
Oleaceae,Chionanthus hahlii,(Rech.) Kiew,Papua New Guinea
Oleaceae,Chionanthus kairoi,Kiew,Papua New Guinea
Oleaceae,Chionanthus kajewskii,(Sleumer) Kiew,Papua New Guinea
Oleaceae,Chionanthus plumosus,Kiew,Papua New Guinea
Oleaceae,Chionanthus polygamus,(Roxb.) Kiew,Papua New Guinea
Oleaceae,Chionanthus ramiflorus,Roxb.,Papua New Guinea
Oleaceae,Chionanthus riparius,(Lingelsh.) Kiew,Papua New Guinea
Oleaceae,Chionanthus rupicola,(Lingelsh.) Kiew,Papua New Guinea
Oleaceae,Chionanthus salicifolius,(Lingelsh.) Kiew,Papua New Guinea
Oleaceae,Chionanthus sepikensis,Kiew,Papua New Guinea
Oleaceae,Chionanthus sessiliflorus,(Hemsl.) Kiew,Papua New Guinea
Oleaceae,Chionanthus suberosus,Kiew,Papua New Guinea
Oleaceae,Chionanthus womersleyi,Kiew,Papua New Guinea
Oleaceae,Ligustrum glomeratum,Blume,Papua New Guinea
Oleaceae,Olea paniculata,R.Br.,Papua New Guinea
Opiliaceae,Gjellerupia papuana,Lauterb.,Papua New Guinea
Pandaceae,Galearia celebica,Koord.,Papua New Guinea
Pandanaceae,Benstonea adinobotrys,(Merr. & L.M.Perry) Callm. & Buerki,Papua New Guinea
Pandanaceae,Benstonea ihuana,(Martelli) Callm. & Buerki,Papua New Guinea
Pandanaceae,Benstonea lauterbachii,(K.Schum. & Warb.) Callm. & Buerki,Papua New Guinea
Pandanaceae,Benstonea rostellata,(Merr. & L.M.Perry) Callm. & Buerki,Papua New Guinea
Pandanaceae,Benstonea setistyla,(Warb.) Callm. & Buerki,Papua New Guinea
Pandanaceae,Benstonea stenocarpa,(Solms) Callm. & Buerki,Papua New Guinea
Pandanaceae,Pandanus aggregatus,Merr. & L.M.Perry,Papua New Guinea
Pandanaceae,Pandanus archboldianus,Merr. & L.M.Perry,Papua New Guinea
Pandanaceae,Pandanus atropurpureus,Merr. & L.M.Perry,Papua New Guinea
Pandanaceae,Pandanus balenii,Martelli,Papua New Guinea
Pandanaceae,Pandanus bowersiae,H.St.John,Papua New Guinea
Pandanaceae,Pandanus brassii,Martelli,Papua New Guinea
Pandanaceae,Pandanus brosimos,Merr. & L.M.Perry,Papua New Guinea
Pandanaceae,Pandanus buinensis,Merr. & L.M.Perry,Papua New Guinea
Pandanaceae,Pandanus clarkei,B.C.Stone,Papua New Guinea
Pandanaceae,Pandanus conoideus,Lam.,Papua New Guinea
Pandanaceae,Pandanus daymanensis,H.St.John,Papua New Guinea
Pandanaceae,Pandanus dubius,Spreng.,Papua New Guinea
Pandanaceae,Pandanus exiguus,Merr. & L.M.Perry,Papua New Guinea
Pandanaceae,Pandanus foveolatus,Kaneh.,Papua New Guinea
Pandanaceae,Pandanus hooglandii,H.St.John,Papua New Guinea
Pandanaceae,Pandanus iwen,B.C.Stone,Papua New Guinea
Pandanaceae,Pandanus julianettii,Martelli,Papua New Guinea
Pandanaceae,Pandanus kaernbachii,Warb.,Papua New Guinea
Pandanaceae,Pandanus kajewskii,Merr. & L.M.Perry,Papua New Guinea
Pandanaceae,Pandanus krauelianus,K.Schum.,Papua New Guinea
Pandanaceae,Pandanus lamprocephalus,Merr. & L.M.Perry,Papua New Guinea
Pandanaceae,Pandanus leptocaulis,Merr. & L.M.Perry,Papua New Guinea
Pandanaceae,Pandanus menicostigma,Merr. & L.M.Perry,Papua New Guinea
Pandanaceae,Pandanus navicularis,B.C.Stone,Papua New Guinea
Pandanaceae,Pandanus papuanus,Solms,Papua New Guinea
Pandanaceae,Pandanus peekelii,H.St.John,Papua New Guinea
Pandanaceae,Pandanus pendulinus,Martelli,Papua New Guinea
Pandanaceae,Pandanus polycephalus,Lam.,Papua New Guinea
Pandanaceae,Pandanus rex,B.C.Stone,Papua New Guinea
Pandanaceae,Pandanus spondiophyllus,B.C.Stone,Papua New Guinea
Pandanaceae,Pandanus tectorius,Parkinson ex Du Roi,Papua New Guinea
Pandanaceae,Sararanga sinuosa,Hemsl.,Papua New Guinea
Paracryphiaceae,Quintinia altigena,Schltr.,Papua New Guinea
Paracryphiaceae,Quintinia brassii,Reeder,Papua New Guinea
Paracryphiaceae,Quintinia kuborensis,P.Royen,Papua New Guinea
Paracryphiaceae,Quintinia ledermannii,Schltr.,Papua New Guinea
Paracryphiaceae,Quintinia montiswilhelmii,P.Royen,Papua New Guinea
Paracryphiaceae,Quintinia schlechteriana,O.C.Schmidt,Papua New Guinea
Paracryphiaceae,Sphenostemon papuanum,(Lauterb.) Steenis & Erdtman,Papua New Guinea
Pentaphylacaceae,Adinandra brassii,Kobuski,Papua New Guinea
Pentaphylacaceae,Adinandra forbesii,Baker f.,Papua New Guinea
Pentaphylacaceae,Eurya acromonodontus,W.R.Barker,Papua New Guinea
Pentaphylacaceae,Eurya albiflora,C.T.White & W.D.Francis,Papua New Guinea
Pentaphylacaceae,Eurya brassii,Kobuski,Papua New Guinea
Pentaphylacaceae,Eurya calotricha,W.R.Barker,Papua New Guinea
Pentaphylacaceae,Eurya domaensis,W.R.Barker,Papua New Guinea
Pentaphylacaceae,Eurya finisterrica,W.R.Barker,Papua New Guinea
Pentaphylacaceae,Eurya fragilis,W.R.Barker,Papua New Guinea
Pentaphylacaceae,Eurya gracilipes,Kobuski,Papua New Guinea
Pentaphylacaceae,Eurya greenmaniana,Kobuski,Papua New Guinea
Pentaphylacaceae,Eurya hebbemensis,Kobuski,Papua New Guinea
Pentaphylacaceae,Eurya hellwigii,Lauterb.,Papua New Guinea
Pentaphylacaceae,Eurya kerigomnica,W.R.Barker,Papua New Guinea
Pentaphylacaceae,Eurya kuboriensis,W.R.Barker,Papua New Guinea
Pentaphylacaceae,Eurya leptanta,Diels,Papua New Guinea
Pentaphylacaceae,Eurya longisepala,Kobuski,Papua New Guinea
Pentaphylacaceae,Eurya meizophylla,(Diels) Kobuski,Papua New Guinea
Pentaphylacaceae,Eurya merrilliana,Kobuski,Papua New Guinea
Pentaphylacaceae,Eurya montis-wilhelmii,W.R.Barker,Papua New Guinea
Pentaphylacaceae,Eurya oxysepala,Diels,Papua New Guinea
Pentaphylacaceae,Eurya phyllopoda,(Diels) Kobuski,Papua New Guinea
Pentaphylacaceae,Eurya pluriflora,Kobuski,Papua New Guinea
Pentaphylacaceae,Eurya polygama,W.R.Barker,Papua New Guinea
Pentaphylacaceae,Eurya pullenii,Hoogland,Papua New Guinea
Pentaphylacaceae,Eurya reflexa,W.R.Barker,Papua New Guinea
Pentaphylacaceae,Eurya rehderiana,Kobuski,Papua New Guinea
Pentaphylacaceae,Eurya roemeri,Lauterb.,Papua New Guinea
Pentaphylacaceae,Eurya ryozoana,Hatus.,Papua New Guinea
Pentaphylacaceae,Eurya spiralis,W.R.Barker,Papua New Guinea
Pentaphylacaceae,Eurya tigang,K.Schum. & Lauterb.,Papua New Guinea
Pentaphylacaceae,Ternstroemia britteniana,F.Muell.,Papua New Guinea
Pentaphylacaceae,Ternstroemia cherryi,Merr. ex J.F.Bailey & C.T White,Papua New Guinea
Phyllanthaceae,Actephila trichogyna,Airy Shaw,Papua New Guinea
Phyllanthaceae,Antidesma baccatum,Airy Shaw,Papua New Guinea
Phyllanthaceae,Antidesma chalaranthum,Airy Shaw,Papua New Guinea
Phyllanthaceae,Antidesma contractum,J.J.Sm.,Papua New Guinea
Phyllanthaceae,Antidesma excavatum,Miq.,Papua New Guinea
Phyllanthaceae,Antidesma ghaesembilla,Gaertn.,Papua New Guinea
Phyllanthaceae,Antidesma jucundum,Airy Shaw,Papua New Guinea
Phyllanthaceae,Antidesma montanum,Blume,Papua New Guinea
Phyllanthaceae,Antidesma myriocarpum,Airy Shaw,Papua New Guinea
Phyllanthaceae,Antidesma petiolatum,Airy Shaw,Papua New Guinea
Phyllanthaceae,Antidesma rhynchophyllum,K.Schum.,Papua New Guinea
Phyllanthaceae,Antidesma spatulifolium,Airy Shaw,Papua New Guinea
Phyllanthaceae,Antidesma vaccinioides,Airy Shaw,Papua New Guinea
Phyllanthaceae,Aporosa annulata,Schot,Papua New Guinea
Phyllanthaceae,Aporosa brassii,Mansf.,Papua New Guinea
Phyllanthaceae,Aporosa brevicaudata,Pax & K.Hoffm.,Papua New Guinea
Phyllanthaceae,Aporosa carrii,Schot,Papua New Guinea
Phyllanthaceae,Aporosa decipiens,Pax & K.Hoffm.,Papua New Guinea
Phyllanthaceae,Aporosa hermaphrodita,Airy Shaw,Papua New Guinea
Phyllanthaceae,Aporosa heterodoxa,Airy Shaw,Papua New Guinea
Phyllanthaceae,Aporosa lamellata,Airy Shaw,Papua New Guinea
Phyllanthaceae,Aporosa laxiflora,Pax & K.Hoffm.,Papua New Guinea
Phyllanthaceae,Aporosa ledermanniana,Pax & K.Hoffm.,Papua New Guinea
Phyllanthaceae,Aporosa leptochrysandra,Airy Shaw,Papua New Guinea
Phyllanthaceae,Aporosa longicaudata,Kaneh. & Hatus. ex Schot,Papua New Guinea
Phyllanthaceae,Aporosa misimana,Airy Shaw ex Schot,Papua New Guinea
Phyllanthaceae,Aporosa nigropunctata,Pax & K.Hoffm.,Papua New Guinea
Phyllanthaceae,Aporosa papuana,Pax & K.Hoffm.,Papua New Guinea
Phyllanthaceae,Aporosa praegrandifolia,(S.Moore) Schot,Papua New Guinea
Phyllanthaceae,Aporosa reticulata,Pax & K.Hoffm.,Papua New Guinea
Phyllanthaceae,Aporosa sclerophylla,Pax & K.Hoffm.,Papua New Guinea
Phyllanthaceae,Aporosa vagans,Schot,Papua New Guinea
Phyllanthaceae,Baccaurea carinata,Haegens,Papua New Guinea
Phyllanthaceae,Baccaurea microcarpa,(Airy Shaw) Haegens,Papua New Guinea
Phyllanthaceae,Baccaurea nanihua,Merr.,Papua New Guinea
Phyllanthaceae,Baccaurea nesophila,Airy Shaw,Papua New Guinea
Phyllanthaceae,Baccaurea papuana,F.M.Bailey,Papua New Guinea
Phyllanthaceae,Baccaurea purpurea,Haegens,Papua New Guinea
Phyllanthaceae,Bischofia javanica,Blume,Papua New Guinea
Phyllanthaceae,Breynia cernua,(Poir.) Müll.Arg.,Papua New Guinea
Phyllanthaceae,Breynia collaris,Airy Shaw,Papua New Guinea
Phyllanthaceae,Breynia macrantha,(Hassk.) Chakrab. & N.P.Balakr.,Papua New Guinea
Phyllanthaceae,Breynia oblongifolia,(Müll.Arg.) Müll.Arg.,Papua New Guinea
Phyllanthaceae,Breynia podocarpa,Airy Shaw,Papua New Guinea
Phyllanthaceae,Breynia racemosa,(Blume) Müll.Arg.,Papua New Guinea
Phyllanthaceae,Breynia vestita,Warb.,Papua New Guinea
Phyllanthaceae,Bridelia erapensis,S.Dressler,Papua New Guinea
Phyllanthaceae,Bridelia glauca,Blume,Papua New Guinea
Phyllanthaceae,Bridelia insulana,Hance,Papua New Guinea
Phyllanthaceae,Bridelia macrocarpa,Airy Shaw,Papua New Guinea
Phyllanthaceae,Bridelia oligantha,Airy Shaw,Papua New Guinea
Phyllanthaceae,Bridelia triplocarya,Airy Shaw,Papua New Guinea
Phyllanthaceae,Cleistanthus apodus,Benth.,Papua New Guinea
Phyllanthaceae,Cleistanthus inglorius,Airy Shaw,Papua New Guinea
Phyllanthaceae,Cleistanthus insignis,Airy Shaw,Papua New Guinea
Phyllanthaceae,Cleistanthus isabellinus,Elmer,Papua New Guinea
Phyllanthaceae,Cleistanthus namatanaiensis,Jabl.,Papua New Guinea
Phyllanthaceae,Cleistanthus normanbyanus,Airy Shaw,Papua New Guinea
Phyllanthaceae,Cleistanthus papuanus,(Lauterb.) Jabl.,Papua New Guinea
Phyllanthaceae,Cleistanthus pedicellatus,Hook.f.,Papua New Guinea
Phyllanthaceae,Cleistanthus xanthopus,Airy Shaw,Papua New Guinea
Phyllanthaceae,Distichirhops megale,Haegens,Papua New Guinea
Phyllanthaceae,Distichirhops mitsemosik,Haegens,Papua New Guinea
Phyllanthaceae,Flueggea flexuosa,Müll.Arg.,Papua New Guinea
Phyllanthaceae,Flueggea virosa,(Roxb. ex Willd.) Royle,Papua New Guinea
Phyllanthaceae,Glochidion angulatum,C.B.Rob.,Papua New Guinea
Phyllanthaceae,Glochidion apodogynum,Airy Shaw,Papua New Guinea
Phyllanthaceae,Glochidion beehleri,W.N.Takeuchi,Papua New Guinea
Phyllanthaceae,Glochidion benthamianum,Domin,Papua New Guinea
Phyllanthaceae,Glochidion borgmannii,Airy Shaw,Papua New Guinea
Phyllanthaceae,Glochidion bullatissimum,Airy Shaw,Papua New Guinea
Phyllanthaceae,Glochidion carrii,Airy Shaw,Papua New Guinea
Phyllanthaceae,Glochidion chlamydogyne,Airy Shaw,Papua New Guinea
Phyllanthaceae,Glochidion chondrocarpum,Airy Shaw,Papua New Guinea
Phyllanthaceae,Glochidion conostylum,Airy Shaw,Papua New Guinea
Phyllanthaceae,Glochidion delticola,Airy Shaw,Papua New Guinea
Phyllanthaceae,Glochidion discogyne,Airy Shaw,Papua New Guinea
Phyllanthaceae,Glochidion disparipes,Airy Shaw,Papua New Guinea
Phyllanthaceae,Glochidion drypetifolium,Airy Shaw,Papua New Guinea
Phyllanthaceae,Glochidion elaphrocarpum,Airy Shaw,Papua New Guinea
Phyllanthaceae,Glochidion eucleoides,S.Moore,Papua New Guinea
Phyllanthaceae,Glochidion frodinii,Airy Shaw,Papua New Guinea
Phyllanthaceae,Glochidion galorii,Airy Shaw,Papua New Guinea
Phyllanthaceae,Glochidion gimi,(K.Schum.) Pax & K.Hoffm.,Papua New Guinea
Phyllanthaceae,Glochidion granulare,Airy Shaw,Papua New Guinea
Phyllanthaceae,Glochidion grossum,Airy Shaw,Papua New Guinea
Phyllanthaceae,Glochidion insectum,Airy Shaw,Papua New Guinea
Phyllanthaceae,Glochidion intercastellanum,Airy Shaw,Papua New Guinea
Phyllanthaceae,Glochidion katikii,Airy Shaw,Papua New Guinea
Phyllanthaceae,Glochidion kopiaginis,Airy Shaw,Papua New Guinea
Phyllanthaceae,Glochidion lalae,Airy Shaw,Papua New Guinea
Phyllanthaceae,Glochidion macrocarpum,Blume,Papua New Guinea
Phyllanthaceae,Glochidion mitrastylum,Airy Shaw,Papua New Guinea
Phyllanthaceae,Glochidion nesophilum,Airy Shaw,Papua New Guinea
Phyllanthaceae,Glochidion nobile,Airy Shaw,Papua New Guinea
Phyllanthaceae,Glochidion nothofageticum,Airy Shaw,Papua New Guinea
Phyllanthaceae,Glochidion novae-georgiae,Airy Shaw,Papua New Guinea
Phyllanthaceae,Glochidion novoguineense,K.Schum.,Papua New Guinea
Phyllanthaceae,Glochidion pachyconum,Airy Shaw,Papua New Guinea
Phyllanthaceae,Glochidion paludicola,(Airy Shaw) Airy Shaw,Papua New Guinea
Phyllanthaceae,Glochidion phyllochlamys,Airy Shaw,Papua New Guinea
Phyllanthaceae,Glochidion pomiferum,Airy Shaw,Papua New Guinea
Phyllanthaceae,Glochidion pyriforme,Airy Shaw,Papua New Guinea
Phyllanthaceae,Glochidion ramiflorum,J.R.Forst. & G.Forst.,Papua New Guinea
Phyllanthaceae,Glochidion retinerve,Airy Shaw,Papua New Guinea
Phyllanthaceae,Glochidion saccocarpum,Airy Shaw,Papua New Guinea
Phyllanthaceae,Glochidion zeylanicum,(Gaertn.) A.Juss.,Papua New Guinea
Phyllanthaceae,Phyllanthus acustylus,(Airy Shaw) Govaerts,Papua New Guinea
Phyllanthaceae,Phyllanthus ambiguus,(Airy Shaw) Govaerts,Papua New Guinea
Phyllanthaceae,Phyllanthus aphanostylus,Airy Shaw & G.L.Webster,Papua New Guinea
Phyllanthaceae,Phyllanthus archboldianus,Airy Shaw & G.L.Webster,Papua New Guinea
Phyllanthaceae,Phyllanthus caesius,Airy Shaw & G.L.Webster,Papua New Guinea
Phyllanthaceae,Phyllanthus ciccoides,Müll.Arg.,Papua New Guinea
Phyllanthaceae,Phyllanthus clamboides,(F.Muell.) Diels,Papua New Guinea
Phyllanthaceae,Phyllanthus cuscutiflorus,S.Moore,Papua New Guinea
Phyllanthaceae,Phyllanthus effusus,S.Moore,Papua New Guinea
Phyllanthaceae,Phyllanthus finschii,K.Schum.,Papua New Guinea
Phyllanthaceae,Phyllanthus flaviflorus,(K.Schum. & Lauterb.) Airy Shaw,Papua New Guinea
Phyllanthaceae,Phyllanthus frodinii,Airy Shaw,Papua New Guinea
Phyllanthaceae,Phyllanthus fulvirameus,(Miq.) Müll.Arg.,Papua New Guinea
Phyllanthaceae,Phyllanthus lanceilimbus,(Merr.) Merr.,Papua New Guinea
Phyllanthaceae,Phyllanthus lobocarpus,Benth.,Papua New Guinea
Phyllanthaceae,Phyllanthus lutescens,(Blume) Müll.Arg.,Papua New Guinea
Phyllanthaceae,Phyllanthus merinthopodus,Diels,Papua New Guinea
Phyllanthaceae,Phyllanthus praelongipes,Airy Shaw & G.L.Webster,Papua New Guinea
Phyllanthaceae,Phyllanthus pullenii,Airy Shaw & G.L.Webster,Papua New Guinea
Phyllanthaceae,Phyllanthus rubriflorus,J.J.Sm.,Papua New Guinea
Phyllanthaceae,Phyllanthus salomonis,Airy Shaw,Papua New Guinea
Phyllanthaceae,Phyllanthus submollis,K.Schum. & Lauterb.,Papua New Guinea
Phyllanthaceae,Phyllanthus tagulae,Airy Shaw & G.L.Webster,Papua New Guinea
Phyllanthaceae,Phyllanthus verrucicaulis,Airy Shaw,Papua New Guinea
Picrodendraceae,Austrobuxus petiolaris,Airy Shaw,Papua New Guinea
Picrodendraceae,Choriceras tricorne,(Benth.) Airy Shaw,Papua New Guinea
Picrodendraceae,Kairothamnus phyllanthoides,(Airy Shaw) Airy Shaw,Papua New Guinea
Picrodendraceae,Petalostigma pubescens,Domin,Papua New Guinea
Pittosporaceae,Hymenosporum flavum,F.Muell.,Papua New Guinea
Pittosporaceae,Pittosporum ferrugineum,W.T.Aiton,Papua New Guinea
Pittosporaceae,Pittosporum pullifolium,Burkill,Papua New Guinea
Pittosporaceae,Pittosporum ramiflorum,(Zoll. & Moritzi) Zoll. ex Miq.,Papua New Guinea
Pittosporaceae,Pittosporum sinuatum,Blume,Papua New Guinea
Podocarpaceae,Dacrycarpus cinctus,(Pilg.) de Laub.,Papua New Guinea
Podocarpaceae,Dacrycarpus compactus,(Wasscher) de Laub.,Papua New Guinea
Podocarpaceae,Dacrycarpus expansus,de Laub.,Papua New Guinea
Podocarpaceae,Dacrycarpus imbricatus,(Blume) de Laub.,Papua New Guinea
Podocarpaceae,Dacrycarpus steupii,(Wasscher) de Laub.,Papua New Guinea
Podocarpaceae,Dacrydium beccarii,Parl.,Papua New Guinea
Podocarpaceae,Dacrydium cornwallianum,de Laub.,Papua New Guinea
Podocarpaceae,Dacrydium magnum,de Laub.,Papua New Guinea
Podocarpaceae,Dacrydium nidulum,de Laub.,Papua New Guinea
Podocarpaceae,Dacrydium novoguineense,Gibbs,Papua New Guinea
Podocarpaceae,Dacrydium xanthandrum,Pilg.,Papua New Guinea
Podocarpaceae,Falcatifolium papuanum,de Laub.,Papua New Guinea
Podocarpaceae,Nageia wallichiana,(C.Presl) Kuntze,Papua New Guinea
Podocarpaceae,Phyllocladus hypophyllus,Hook.f.,Papua New Guinea
Podocarpaceae,Podocarpus archboldii,N.E.Gray,Papua New Guinea
Podocarpaceae,Podocarpus atjehensis,(Wasscher) de Laub.,Papua New Guinea
Podocarpaceae,Podocarpus brassii,Pilg.,Papua New Guinea
Podocarpaceae,Podocarpus crassigemmis,de Laub.,Papua New Guinea
Podocarpaceae,Podocarpus glaucus,Foxw.,Papua New Guinea
Podocarpaceae,Podocarpus insularis,de Laub.,Papua New Guinea
Podocarpaceae,Podocarpus ledermannii,Pilg.,Papua New Guinea
Podocarpaceae,Podocarpus neriifolius,D.Don,Papua New Guinea
Podocarpaceae,Podocarpus pilgeri,Foxw.,Papua New Guinea
Podocarpaceae,Podocarpus polystachyus,R.Br. ex Endl.,Papua New Guinea
Podocarpaceae,Podocarpus pseudobracteatus,de Laub.,Papua New Guinea
Podocarpaceae,Podocarpus rubens,de Laub.,Papua New Guinea
Podocarpaceae,Podocarpus rumphii,Blume,Papua New Guinea
Podocarpaceae,Retrophyllum filicifolium,(N.E.Gray) R.R.Mill,Papua New Guinea
Podocarpaceae,Retrophyllum vitiense,(Seem.) C.N.Page,Papua New Guinea
Podocarpaceae,Sundacarpus amarus,(Blume) C.N.Page,Papua New Guinea
Polygalaceae,Eriandra fragrans,P.Royen & Steenis,Papua New Guinea
Polygalaceae,Xanthophyllum novoguinense,Meijden,Papua New Guinea
Polygalaceae,Xanthophyllum papuanum,Whitmore ex Meijden,Papua New Guinea
Polygalaceae,Xanthophyllum suberosum,C.T.White,Papua New Guinea
Primulaceae,Ardisia brevipedata,F.Muell.,Papua New Guinea
Primulaceae,Ardisia forbesii,S.Moore,Papua New Guinea
Primulaceae,Ardisia purpurea,Reinw. ex Blume,Papua New Guinea
Primulaceae,Conandrium polyanthum,(Lauterb. & K.Schum.) Mez,Papua New Guinea
Primulaceae,Discocalyx albiflora,Sleumer,Papua New Guinea
Primulaceae,Discocalyx brassii,Sleumer,Papua New Guinea
Primulaceae,Discocalyx latepetiolata,(Mez) Sleumer,Papua New Guinea
Primulaceae,Discocalyx sarcophylla,Sleumer,Papua New Guinea
Primulaceae,Discocalyx schlechteri,K.Schum.,Papua New Guinea
Primulaceae,Fittingia carnosifolia,Sleumer,Papua New Guinea
Primulaceae,Fittingia mariae,B.C.Stone,Papua New Guinea
Primulaceae,Fittingia tuberculata,Sleumer,Papua New Guinea
Primulaceae,Fittingia tubiflora,Mez,Papua New Guinea
Primulaceae,Fittingia urceolata,Mez,Papua New Guinea
Primulaceae,Maesa brevipedicellata,Sumanon & Utteridge,Papua New Guinea
Primulaceae,Maesa tetrandra,A.DC.,Papua New Guinea
Primulaceae,Myrsine cacuminum,(Mez) Pipoly,Papua New Guinea
Primulaceae,Myrsine minutifolia,"(Knoester, Wijn & Sleumer) Pipoly",Papua New Guinea
Primulaceae,Myrsine rawacensis,A.DC.,Papua New Guinea
Primulaceae,Tapeinosperma commutatum,Sleumer,Papua New Guinea
Primulaceae,Tapeinosperma cuspidatum,Sleumer,Papua New Guinea
Primulaceae,Tapeinosperma magnifica,Pipoly & W.N.Takeuchi,Papua New Guinea
Primulaceae,Tapeinosperma pachycaulum,B.C.Stone & Whitmore,Papua New Guinea
Proteaceae,Alloxylon brachycarpum,(Sleumer) P.H.Weston & Crisp,Papua New Guinea
Proteaceae,Banksia dentata,L.f.,Papua New Guinea
Proteaceae,Bleasdalea papuana,(Diels) Domin,Papua New Guinea
Proteaceae,Finschia carrii,(Sleumer) C.T.White,Papua New Guinea
Proteaceae,Finschia chloroxantha,Diels,Papua New Guinea
Proteaceae,Finschia ferruginiflora,C.T.White,Papua New Guinea
Proteaceae,Finschia rufa,Warb.,Papua New Guinea
Proteaceae,Grevillea glauca,Banks & Sol. ex Knight,Papua New Guinea
Proteaceae,Grevillea papuana,Diels,Papua New Guinea
Proteaceae,Helicia acutifolia,Sleumer,Papua New Guinea
Proteaceae,Helicia albiflora,Sleumer,Papua New Guinea
Proteaceae,Helicia amplifolia,Sleumer,Papua New Guinea
Proteaceae,Helicia australasica,F.Muell.,Papua New Guinea
Proteaceae,Helicia calocoma,Foreman,Papua New Guinea
Proteaceae,Helicia finisterrae,Lauterb.,Papua New Guinea
Proteaceae,Helicia insularis,Foreman,Papua New Guinea
Proteaceae,Helicia latifolia,C.T.White,Papua New Guinea
Proteaceae,Helicia neglecta,Diels ex Sleumer,Papua New Guinea
Proteaceae,Helicia peekelii,Lauterb.,Papua New Guinea
Proteaceae,Helicia peltata,C.T.White,Papua New Guinea
Proteaceae,Helicia polyosmoides,Foreman,Papua New Guinea
Proteaceae,Helicia retusa,Foreman,Papua New Guinea
Proteaceae,Helicia rostrata,Foreman,Papua New Guinea
Proteaceae,Helicia subcordata,Foreman,Papua New Guinea
Proteaceae,Helicia woxvoldiana,W.N.Takeuchi,Papua New Guinea
Proteaceae,Stenocarpus moorei,F.Muell.,Papua New Guinea
Putranjivaceae,Drypetes glaberrima,Airy Shaw,Papua New Guinea
Putranjivaceae,Drypetes lasiogynoides,Pax & K.Hoffm.,Papua New Guinea
Putranjivaceae,Drypetes longifolia,(Blume) Pax & K.Hoffm.,Papua New Guinea
Putranjivaceae,Drypetes neglecta,(Koord.) Pax & K.Hoffm.,Papua New Guinea
Putranjivaceae,Drypetes subcubica,(J.J.Sm.) Pax & K.Hoffm.,Papua New Guinea
Putranjivaceae,Putranjiva roxburghii,Wall.,Papua New Guinea
Rhamnaceae,Alphitonia excelsa,(Fenzl) Reissek ex Benth.,Papua New Guinea
Rhamnaceae,Alphitonia ferruginea,Merr. & L.M.Perry,Papua New Guinea
Rhamnaceae,Alphitonia macrocarpa,Mansf.,Papua New Guinea
Rhamnaceae,Emmenosperma cunninghamii,Benth.,Papua New Guinea
Rhamnaceae,Emmenosperma papuanum,(Merr. & L.M.Perry) M.C.Johnst.,Papua New Guinea
Rhamnaceae,Rhamnella vitiensis,(Benth.) A.C.Sm.,Papua New Guinea
Rhamnaceae,Ziziphus angustifolia,(Miq.) Hatus. ex Steenis,Papua New Guinea
Rhizophoraceae,Bruguiera cylindrica,(L.) Blume,Papua New Guinea
Rhizophoraceae,Bruguiera exaristata,Ding Hou,Papua New Guinea
Rhizophoraceae,Bruguiera gymnorhiza,(L.) Lam.,Papua New Guinea
Rhizophoraceae,Bruguiera parviflora,(Roxb.) Wight & Arn. ex Griff.,Papua New Guinea
Rhizophoraceae,Bruguiera sexangula,(Lour.) Poir.,Papua New Guinea
Rhizophoraceae,Carallia brachiata,(Lour.) Merr.,Papua New Guinea
Rhizophoraceae,Carallia longipes,Ding Hou,Papua New Guinea
Rhizophoraceae,Ceriops australis,"(C.T.White) Ballment, T.J.Sm. & J.A.Stoddart",Papua New Guinea
Rhizophoraceae,Ceriops pseudodecandra,"Sheue, H.G.Liu, C.C.Tsai & Yuen P.Yang",Papua New Guinea
Rhizophoraceae,Ceriops tagal,(Perr.) C.B.Rob.,Papua New Guinea
Rhizophoraceae,Ceriops zippeliana,Blume,Papua New Guinea
Rhizophoraceae,Crossostylis dimera,Ding Hou,Papua New Guinea
Rhizophoraceae,Gynotroches axillaris,Blume,Papua New Guinea
Rhizophoraceae,Rhizophora apiculata,Blume,Papua New Guinea
Rhizophoraceae,Rhizophora mucronata,Poir.,Papua New Guinea
Rhizophoraceae,Rhizophora stylosa,Griff.,Papua New Guinea
Rosaceae,Prunus costata,(Hemsl.) Kalkman,Papua New Guinea
Rosaceae,Prunus dolichobotrys,(Lauterb. & K.Schum.) Kalkman,Papua New Guinea
Rosaceae,Prunus gazelle-peninsulae,(Kaneh. & Hatus.) Kalkman,Papua New Guinea
Rosaceae,Prunus grisea,(Blume ex Müll.Berol.) Kalkman,Papua New Guinea
Rosaceae,Prunus oligantha,Kalkman,Papua New Guinea
Rosaceae,Prunus schlechteri,(Koehne) Kalkman,Papua New Guinea
Rosaceae,Prunus turneriana,(F.M.Bailey) Kalkman,Papua New Guinea
Rousseaceae,Carpodetus arboreus,(Lauterb. & K.Schum.) Schltr.,Papua New Guinea
Rousseaceae,Carpodetus flexuosus,(Ridl.) Reeder,Papua New Guinea
Rousseaceae,Carpodetus grandiflorus,Schltr.,Papua New Guinea
Rousseaceae,Carpodetus major,Schltr.,Papua New Guinea
Rousseaceae,Carpodetus montanus,(Ridl.) Reeder,Papua New Guinea
Rousseaceae,Carpodetus pullei,Schltr.,Papua New Guinea
Rubiaceae,Achilleanthus megacarpus,(Merr. & L.M.Perry) J.G.Chavez,Papua New Guinea
Rubiaceae,Achilleanthus novobrittaniensis,(M.E.Jansen) J.G.Chavez,Papua New Guinea
Rubiaceae,Adina multifolia,Havil.,Papua New Guinea
Rubiaceae,Adina trichotoma,(Zoll. & Moritzi) Benth. & Hook.f. ex B.D.Jacks.,Papua New Guinea
Rubiaceae,Aidia racemosa,(Cav.) Tirveng.,Papua New Guinea
Rubiaceae,Aidia waugia,Ridsdale,Papua New Guinea
Rubiaceae,Airosperma grandifolia,Valeton,Papua New Guinea
Rubiaceae,Amaracarpus attenuatus,Merr. & L.M.Perry,Papua New Guinea
Rubiaceae,Amaracarpus belensis,Merr. & L.M.Perry,Papua New Guinea
Rubiaceae,Amaracarpus compactus,Merr. & L.M.Perry,Papua New Guinea
Rubiaceae,Amaracarpus grandifolius,Valeton,Papua New Guinea
Rubiaceae,Amaracarpus nematopodus,(F.Muell.) P.I.Forst.,Papua New Guinea
Rubiaceae,Atractocarpus decorus,(Valeton) Puttock,Papua New Guinea
Rubiaceae,Atractocarpus macarthurii,(F.Muell.) Puttock,Papua New Guinea
Rubiaceae,Atractocarpus sessilis,(F.Muell.) Puttock,Papua New Guinea
Rubiaceae,Atractocarpus versteegii,(Valeton) Puttock,Papua New Guinea
Rubiaceae,Bikkia pancheri,(Brongn.) Guillaumin,Papua New Guinea
Rubiaceae,Bungarimba papuana,K.M.Wong,Papua New Guinea
Rubiaceae,Calycosia kajewskii,Merr. & L.M.Perry,Papua New Guinea
Rubiaceae,Calycosia mamosei,W.N.Takeuchi,Papua New Guinea
Rubiaceae,Coprosma papuensis,W.R.B.Oliv.,Papua New Guinea
Rubiaceae,Cyclophyllum brevipes,(Merr. & L.M.Perry) S.T.Reynolds & R.J.F.Hend.,Papua New Guinea
Rubiaceae,Dolianthus montiswilhelmii,(P.Royen) A.P.Davis,Papua New Guinea
Rubiaceae,Dolicholobium acuminatum,Burkill,Papua New Guinea
Rubiaceae,Dolicholobium barbatum,M.E.Jansen,Papua New Guinea
Rubiaceae,Dolicholobium brassii,Merr. & L.M.Perry,Papua New Guinea
Rubiaceae,Dolicholobium cordatum,M.E.Jansen,Papua New Guinea
Rubiaceae,Dolicholobium crassicarpum,M.E.Jansen,Papua New Guinea
Rubiaceae,Dolicholobium forbesii,Wernham,Papua New Guinea
Rubiaceae,Dolicholobium gertrudis,K.Schum.,Papua New Guinea
Rubiaceae,Dolicholobium glabrum,M.E.Jansen,Papua New Guinea
Rubiaceae,Dolicholobium graciliflorum,Valeton,Papua New Guinea
Rubiaceae,Dolicholobium linearilobum,M.E.Jansen,Papua New Guinea
Rubiaceae,Dolicholobium longifructum,M.E.Jansen,Papua New Guinea
Rubiaceae,Dolicholobium nakiki,M.E.Jansen,Papua New Guinea
Rubiaceae,Dolicholobium oxylobum,K.Schum. & Lauterb.,Papua New Guinea
Rubiaceae,Dolicholobium parviflorum,M.E.Jansen,Papua New Guinea
Rubiaceae,Dolicholobium peekelii,Valeton,Papua New Guinea
Rubiaceae,Dolicholobium rheophilum,M.E.Jansen,Papua New Guinea
Rubiaceae,Dolicholobium ridsdalei,M.E.Jansen,Papua New Guinea
Rubiaceae,Dolicholobium riuense,M.E.Jansen,Papua New Guinea
Rubiaceae,Dolicholobium rubrum,Schltr. ex Valeton,Papua New Guinea
Rubiaceae,Dolicholobium rufiflorum,S.Moore,Papua New Guinea
Rubiaceae,Eumachia damasiana,"(Sohmer) Barrabé, C.M.Taylor & Razafim.",Papua New Guinea
Rubiaceae,Eumachia galorei,"(Sohmer) Barrabé, C.M.Taylor & Razafim.",Papua New Guinea
Rubiaceae,Eumachia goodenoughiensis,"(Sohmer) Barrabé, C.M.Taylor & Razafim.",Papua New Guinea
Rubiaceae,Eumachia leptothyrsa,"(Miq.) Barrabé, C.M.Taylor & Razafim.",Papua New Guinea
Rubiaceae,Eumachia membranifolia,"(Bartl. ex DC.) Barrabé, C.M.Taylor & Razafim.",Papua New Guinea
Rubiaceae,Eumachia merrilliana,"(Sohmer) Barrabé, C.M.Taylor & Razafim.",Papua New Guinea
Rubiaceae,Eumachia montana,(Blume) I.M.Turner,Papua New Guinea
Rubiaceae,Eumachia novohiberiensis,"(Sohmer) Barrabé, C.M.Taylor & Razafim.",Papua New Guinea
Rubiaceae,Eumachia saidoriensis,"(Sohmer) Barrabé, C.M.Taylor & Razafim.",Papua New Guinea
Rubiaceae,Eumachia schmielei,"(Warb.) Barrabé, C.M.Taylor & Razafim.",Papua New Guinea
Rubiaceae,Eumachia trichostoma,"(Merr. & L.M.Perry) Barrabé, C.M.Taylor & Razafim.",Papua New Guinea
Rubiaceae,Gardenia kamialiensis,Takeuchi,Papua New Guinea
Rubiaceae,Gardenia papuana,F.M.Bailey,Papua New Guinea
Rubiaceae,Guettarda speciosa,L.,Papua New Guinea
Rubiaceae,Guettardella multiflora,M.E.Jansen,Papua New Guinea
Rubiaceae,Guettardella tenuiflora,(F.Muell. ex Benth.) M.E.Jansen,Papua New Guinea
Rubiaceae,Gynochthodes umbellata,(L.) Razafim. & B.Bremer,Papua New Guinea
Rubiaceae,Ixora amplexifolia,K.Schum. & Lauterb.,Papua New Guinea
Rubiaceae,Ixora archboldii,Bremek.,Papua New Guinea
Rubiaceae,Ixora conferta,Valeton,Papua New Guinea
Rubiaceae,Ixora cordifolia,Valeton,Papua New Guinea
Rubiaceae,Ixora dolichothyrsa,Bremek.,Papua New Guinea
Rubiaceae,Ixora filipendula,Bremek.,Papua New Guinea
Rubiaceae,Ixora fulviflora,Bremek.,Papua New Guinea
Rubiaceae,Ixora kaniensis,Valeton,Papua New Guinea
Rubiaceae,Ixora moszkowskii,Bremek.,Papua New Guinea
Rubiaceae,Ixora namatanaica,Bremek.,Papua New Guinea
Rubiaceae,Ixora novoguineensis,Mouly & B.Bremer,Papua New Guinea
Rubiaceae,Ixora solomonensis,(Ridsdale) Mouly & B.Bremer,Papua New Guinea
Rubiaceae,Ixora subauriculata,Bremek.,Papua New Guinea
Rubiaceae,Ixora timorensis,Decne.,Papua New Guinea
Rubiaceae,Ixora whitei,S.Moore,Papua New Guinea
Rubiaceae,Lasianthus tomentosus,Blume,Papua New Guinea
Rubiaceae,Maschalodesme arborea,K.Schum. & Lauterb.,Papua New Guinea
Rubiaceae,Mastixiodendron pachyclados,(K.Schum.) Melch.,Papua New Guinea
Rubiaceae,Mastixiodendron plectocarpum,S.P.Darwin,Papua New Guinea
Rubiaceae,Mastixiodendron smithii,Merr. & L.M.Perry,Papua New Guinea
Rubiaceae,Mastixiodendron stoddardii,Merr. & L.M.Perry,Papua New Guinea
Rubiaceae,Mitragyna speciosa,(Korth.) Havil.,Papua New Guinea
Rubiaceae,Morinda citrifolia,L.,Papua New Guinea
Rubiaceae,Mussaenda cylindrocarpa,Burck,Papua New Guinea
Rubiaceae,Nauclea orientalis,(L.) L.,Papua New Guinea
Rubiaceae,Nauclea tenuiflora,(Havil.) Merr.,Papua New Guinea
Rubiaceae,Neonauclea acuminata,Ridsdale,Papua New Guinea
Rubiaceae,Neonauclea brassii,S.Moore,Papua New Guinea
Rubiaceae,Neonauclea chalmersii,(F.Muell.) Merr.,Papua New Guinea
Rubiaceae,Neonauclea clemensiae,Merr. & L.M.Perry,Papua New Guinea
Rubiaceae,Neonauclea coronata,Ridsdale,Papua New Guinea
Rubiaceae,Neonauclea forsteri,(Seem. ex Havil.) Merr.,Papua New Guinea
Rubiaceae,Neonauclea glabra,(Roxb.) Bakh.f. & Ridsdale,Papua New Guinea
Rubiaceae,Neonauclea hagenii,(Lauterb. & K.Schum.) Merr.,Papua New Guinea
Rubiaceae,Neonauclea lanceolata,(Blume) Merr.,Papua New Guinea
Rubiaceae,Neonauclea maluensis,(Valeton) S.Moore,Papua New Guinea
Rubiaceae,Neonauclea obversifolia,(Valeton) Merr. & L.M.Perry,Papua New Guinea
Rubiaceae,Neonauclea perspicuinervia,Merr. & L.M.Perry,Papua New Guinea
Rubiaceae,Neonauclea solomonensis,Ridsdale,Papua New Guinea
Rubiaceae,Neonauclea subsessilis,Ridsdale,Papua New Guinea
Rubiaceae,Pachystylus zippelianus,(Miq.) Bremek.,Papua New Guinea
Rubiaceae,Pavetta nova-guineensis,Bremek.,Papua New Guinea
Rubiaceae,Pavetta platyclada,K.Schum. & Lauterb.,Papua New Guinea
Rubiaceae,Psychotria archboldii,Sohmer,Papua New Guinea
Rubiaceae,Psychotria aurea,Lauterb.,Papua New Guinea
Rubiaceae,Psychotria axilliflora,Merr. & L.M.Perry,Papua New Guinea
Rubiaceae,Psychotria butibumensis,Sohmer,Papua New Guinea
Rubiaceae,Psychotria chonantha,(Gilli) Sohmer,Papua New Guinea
Rubiaceae,Psychotria chrysantha,Merr. & L.M.Perry,Papua New Guinea
Rubiaceae,Psychotria chrysanthoides,Sohmer,Papua New Guinea
Rubiaceae,Psychotria crassipedunculata,Sohmer,Papua New Guinea
Rubiaceae,Psychotria diplococca,Lauterb. & K.Schum.,Papua New Guinea
Rubiaceae,Psychotria dipteropodioides,Sohmer,Papua New Guinea
Rubiaceae,Psychotria direpta,Wernham,Papua New Guinea
Rubiaceae,Psychotria dolichosepala,Merr. & L.M.Perry,Papua New Guinea
Rubiaceae,Psychotria foremanii,Sohmer,Papua New Guinea
Rubiaceae,Psychotria frodinii,Sohmer,Papua New Guinea
Rubiaceae,Psychotria gawadacephaelis,Wernham,Papua New Guinea
Rubiaceae,Psychotria giluwensis,Sohmer,Papua New Guinea
Rubiaceae,Psychotria haumugaensis,Sohmer,Papua New Guinea
Rubiaceae,Psychotria hentyi,Sohmer,Papua New Guinea
Rubiaceae,Psychotria heterophylla,Merr. & L.M.Perry,Papua New Guinea
Rubiaceae,Psychotria hollandiae,Valeton,Papua New Guinea
Rubiaceae,Psychotria johnsii,Sohmer,Papua New Guinea
Rubiaceae,Psychotria kairoana,Sohmer,Papua New Guinea
Rubiaceae,Psychotria kajewskii,Merr. & L.M.Perry,Papua New Guinea
Rubiaceae,Psychotria karemaensis,Sohmer,Papua New Guinea
Rubiaceae,Psychotria katikii,Sohmer,Papua New Guinea
Rubiaceae,Psychotria kelelensis,Valeton,Papua New Guinea
Rubiaceae,Psychotria leiophloea,Merr. & L.M.Perry,Papua New Guinea
Rubiaceae,Psychotria leleana,Sohmer,Papua New Guinea
Rubiaceae,Psychotria leleanoides,Sohmer,Papua New Guinea
Rubiaceae,Psychotria lolokiensis,S.Moore,Papua New Guinea
Rubiaceae,Psychotria longipaniculata,Sohmer,Papua New Guinea
Rubiaceae,Psychotria luteola,Merr. & L.M.Perry,Papua New Guinea
Rubiaceae,Psychotria mafuluensis,S.Moore,Papua New Guinea
Rubiaceae,Psychotria magnasepala,Sohmer,Papua New Guinea
Rubiaceae,Psychotria malacorrhax,(Lauterb. & K.Schum.) Valeton,Papua New Guinea
Rubiaceae,Psychotria marafungaensis,Sohmer,Papua New Guinea
Rubiaceae,Psychotria matambuaii,W.N.Takeuchi,Papua New Guinea
Rubiaceae,Psychotria melanocarpa,Merr. & L.M.Perry,Papua New Guinea
Rubiaceae,Psychotria micralabastra,(Lauterb. & K.Schum.) Valeton,Papua New Guinea
Rubiaceae,Psychotria micrococca,(Lauterb. & K.Schum.) Valeton,Papua New Guinea
Rubiaceae,Psychotria myrmecophila,K.Schum. & Lauterb.,Papua New Guinea
Rubiaceae,Psychotria nanifrutex,Sohmer,Papua New Guinea
Rubiaceae,Psychotria pavairiensis,Sohmer,Papua New Guinea
Rubiaceae,Psychotria peekeliana,Valeton,Papua New Guinea
Rubiaceae,Psychotria phaeochlamys,(Lauterb. & K.Schum.) Valeton,Papua New Guinea
Rubiaceae,Psychotria phaeochlamysioides,Sohmer,Papua New Guinea
Rubiaceae,Psychotria ramuensis,Sohmer,Papua New Guinea
Rubiaceae,Psychotria ramulosa,Merr. & L.M.Perry,Papua New Guinea
Rubiaceae,Psychotria rosseliensis,Sohmer,Papua New Guinea
Rubiaceae,Psychotria solomonensis,Merr. & L.M.Perry,Papua New Guinea
Rubiaceae,Psychotria sphaerothyrsa,Valeton,Papua New Guinea
Rubiaceae,Psychotria stevensiana,Sohmer,Papua New Guinea
Rubiaceae,Psychotria streimannii,Sohmer,Papua New Guinea
Rubiaceae,Psychotria talasensis,Sohmer,Papua New Guinea
Rubiaceae,Psychotria vanimoensis,Sohmer,Papua New Guinea
Rubiaceae,Psychotria wichmannii,Valeton,Papua New Guinea
Rubiaceae,Psydrax cymiger,(Valeton) S.T.Reynolds & R.J.F.Hend.,Papua New Guinea
Rubiaceae,Psydrax graciliflorus,(Merr. & L.M.Perry) S.T.Reynolds & R.J.F.Hend.,Papua New Guinea
Rubiaceae,Psydrax odorata,(G.Forst.) A.C.Sm. & S.P.Darwin,Papua New Guinea
Rubiaceae,Psydrax suborbicularis,(C.T.White) S.T.Reynolds & R.J.F.Hend.,Papua New Guinea
Rubiaceae,Randia schumanniana,Merr. & L.M.Perry,Papua New Guinea
Rubiaceae,Rhadinopus kurivana,Ridsdale,Papua New Guinea
Rubiaceae,Rhadinopus papuana,S.Moore,Papua New Guinea
Rubiaceae,Ridsdalea kassamensis,J.T.Pereira,Papua New Guinea
Rubiaceae,Ridsdalea papuana,J.T.Pereira,Papua New Guinea
Rubiaceae,Schradera ramiflora,"(Valeton) Puff, R.Buchner & Greimler",Papua New Guinea
Rubiaceae,Scyphiphora hydrophylacea,C.F.Gaertn.,Papua New Guinea
Rubiaceae,Tarenna sambucina,(G.Forst.) T.Durand ex Drake,Papua New Guinea
Rubiaceae,Timonius akunensis,S.P.Darwin,Papua New Guinea
Rubiaceae,Timonius amungwiwanensis,S.P.Darwin,Papua New Guinea
Rubiaceae,Timonius argenteus,Valeton,Papua New Guinea
Rubiaceae,Timonius avenis,Valeton,Papua New Guinea
Rubiaceae,Timonius belensis,Merr. & L.M.Perry,Papua New Guinea
Rubiaceae,Timonius bismarckensis,S.P.Darwin,Papua New Guinea
Rubiaceae,Timonius branderhorstii,Valeton,Papua New Guinea
Rubiaceae,Timonius carii,S.P.Darwin,Papua New Guinea
Rubiaceae,Timonius clathratus,S.P.Darwin,Papua New Guinea
Rubiaceae,Timonius cryptophlebus,S.Moore,Papua New Guinea
Rubiaceae,Timonius decipiens,Merr. & L.M.Perry,Papua New Guinea
Rubiaceae,Timonius dolichophyllus,(Merr. & L.M.Perry) S.P.Darwin,Papua New Guinea
Rubiaceae,Timonius elegans,S.P.Darwin,Papua New Guinea
Rubiaceae,Timonius flavescens,(Jacq.) Baker,Papua New Guinea
Rubiaceae,Timonius grandifolius,Valeton,Papua New Guinea
Rubiaceae,Timonius klossii,Wernham,Papua New Guinea
Rubiaceae,Timonius koikokoensis,Wernham,Papua New Guinea
Rubiaceae,Timonius leptocalyx,S.P.Darwin,Papua New Guinea
Rubiaceae,Timonius longifolius,Valeton,Papua New Guinea
Rubiaceae,Timonius longitubus,Merr. & L.M.Perry,Papua New Guinea
Rubiaceae,Timonius meridionalis,S.P.Darwin,Papua New Guinea
Rubiaceae,Timonius merokensis,Wernham,Papua New Guinea
Rubiaceae,Timonius modestus,Merr. & L.M.Perry,Papua New Guinea
Rubiaceae,Timonius morobensis,S.P.Darwin,Papua New Guinea
Rubiaceae,Timonius neobritannicus,S.P.Darwin,Papua New Guinea
Rubiaceae,Timonius oblongus,Valeton,Papua New Guinea
Rubiaceae,Timonius papuanus,Merr.,Papua New Guinea
Rubiaceae,Timonius pubistipulus,S.P.Darwin,Papua New Guinea
Rubiaceae,Timonius repertus,S.P.Darwin,Papua New Guinea
Rubiaceae,Timonius rivularis,Merr. & L.M.Perry,Papua New Guinea
Rubiaceae,Timonius rosselensis,S.P.Darwin,Papua New Guinea
Rubiaceae,Timonius rufescens,(Miq.) Boerl.,Papua New Guinea
Rubiaceae,Timonius rufus,Valeton,Papua New Guinea
Rubiaceae,Timonius scabriflorus,(Valeton) Merr. & L.M.Perry,Papua New Guinea
Rubiaceae,Timonius secundiflorus,S.P.Darwin,Papua New Guinea
Rubiaceae,Timonius subavenis,(Valeton) S.P.Darwin,Papua New Guinea
Rubiaceae,Timonius subcoriaceus,Valeton,Papua New Guinea
Rubiaceae,Timonius sylvestris,S.Moore,Papua New Guinea
Rubiaceae,Timonius timon,(Spreng.) Merr.,Papua New Guinea
Rubiaceae,Timonius tomentosus,(Valeton) S.P.Darwin,Papua New Guinea
Rubiaceae,Timonius trichanthus,Merr. & L.M.Perry,Papua New Guinea
Rubiaceae,Timonius trichocladus,Merr. & L.M.Perry,Papua New Guinea
Rubiaceae,Timonius versteegii,Valeton,Papua New Guinea
Rubiaceae,Timonius xanthocarpus,Merr. & L.M.Perry,Papua New Guinea
Rubiaceae,Timonius zuckianus,S.P.Darwin,Papua New Guinea
Rubiaceae,Uncaria sterrophylla,Merr. & L.M.Perry,Papua New Guinea
Rubiaceae,Urophyllum britannicum,Wernham,Papua New Guinea
Rubiaceae,Wendlandia buddleacea,F.Muell.,Papua New Guinea
Rubiaceae,Wendlandia lauterbachii,Valeton,Papua New Guinea
Rubiaceae,Wendlandia paniculata,(Roxb.) DC.,Papua New Guinea
Rubiaceae,Xanthophytum magnisepalum,Axelius,Papua New Guinea
Rutaceae,Acronychia carrii,T.G.Hartley,Papua New Guinea
Rutaceae,Acronychia cartilaginea,T.G.Hartley,Papua New Guinea
Rutaceae,Acronychia cuspidata,Lauterb.,Papua New Guinea
Rutaceae,Acronychia emarginata,Lauterb.,Papua New Guinea
Rutaceae,Acronychia foveata,T.G.Hartley,Papua New Guinea
Rutaceae,Acronychia gurakorensis,T.G.Hartley,Papua New Guinea
Rutaceae,Acronychia intermedia,T.G.Hartley,Papua New Guinea
Rutaceae,Acronychia kaindiensis,T.G.Hartley,Papua New Guinea
Rutaceae,Acronychia ledermannii,Lauterb.,Papua New Guinea
Rutaceae,Acronychia macrocalyx,T.G.Hartley,Papua New Guinea
Rutaceae,Acronychia montana,T.G.Hartley,Papua New Guinea
Rutaceae,Acronychia murina,Ridl.,Papua New Guinea
Rutaceae,Acronychia normanbiensis,T.G.Hartley,Papua New Guinea
Rutaceae,Acronychia pedunculata,(L.) Miq.,Papua New Guinea
Rutaceae,Acronychia pullei,Lauterb.,Papua New Guinea
Rutaceae,Acronychia reticulata,Lauterb.,Papua New Guinea
Rutaceae,Acronychia richards-beehleri,Takeuchi,Papua New Guinea
Rutaceae,Acronychia rubescens,Lauterb.,Papua New Guinea
Rutaceae,Acronychia rugosa,T.G.Hartley,Papua New Guinea
Rutaceae,Acronychia schistacea,T.G.Hartley,Papua New Guinea
Rutaceae,Acronychia smithii,T.G.Hartley,Papua New Guinea
Rutaceae,Acronychia trifoliolata,Zoll. & Moritzi,Papua New Guinea
Rutaceae,Acronychia wabagensis,T.G.Hartley,Papua New Guinea
Rutaceae,Acronychia wisseliana,T.G.Hartley,Papua New Guinea
Rutaceae,Citrus garrawayi,F.M.Bailey,Papua New Guinea
Rutaceae,Citrus hystrix,DC.,Papua New Guinea
Rutaceae,Citrus warburgina,F.M.Bailey,Papua New Guinea
Rutaceae,Clausena brevistyla,Oliv.,Papua New Guinea
Rutaceae,Clymenia polyandra,(Tanaka) Swingle,Papua New Guinea
Rutaceae,Euodia cuspidata,K.Schum.,Papua New Guinea
Rutaceae,Euodia hortensis,J.R.Forst. & G.Forst.,Papua New Guinea
Rutaceae,Euodia montana,T.G.Hartley,Papua New Guinea
Rutaceae,Euodia whitmorei,T.G.Hartley,Papua New Guinea
Rutaceae,Flindersia amboinensis,Poir.,Papua New Guinea
Rutaceae,Flindersia ifflana,F.Muell.,Papua New Guinea
Rutaceae,Flindersia laevicarpa,C.T.White,Papua New Guinea
Rutaceae,Flindersia pimenteliana,F.Muell.,Papua New Guinea
Rutaceae,Geijera salicifolia,Schott,Papua New Guinea
Rutaceae,Glycosmis trifoliata,(Blume) Spreng.,Papua New Guinea
Rutaceae,Halfordia kendack,Guillaumin,Papua New Guinea
Rutaceae,Harrisonia brownii,A.Juss.,Papua New Guinea
Rutaceae,Melicope bonwickii,(F.Muell) T.G.Hartley,Papua New Guinea
Rutaceae,Melicope burttiana,B.C.Stone,Papua New Guinea
Rutaceae,Melicope denhamii,(Seem.) T.G.Hartley,Papua New Guinea
Rutaceae,Melicope elleryana,(F.Muell.) T.G.Hartley,Papua New Guinea
Rutaceae,Melicope kainantuensis,T.G.Hartley,Papua New Guinea
Rutaceae,Melicope latifolia,(DC.) T.G.Hartley,Papua New Guinea
Rutaceae,Melicope polyadenia,Merr. & L.M.Perry,Papua New Guinea
Rutaceae,Melicope triphylla,(Lam.) Merr.,Papua New Guinea
Rutaceae,Melicope vitiflora,(F.Muell.) T.G.Hartley,Papua New Guinea
Rutaceae,Melicope xanthoxyloides,(F.Muell.) T.G.Hartley,Papua New Guinea
Rutaceae,Micromelum minutum,(G.Forst.) Wight & Arn.,Papua New Guinea
Rutaceae,Murraya crenulata,(Turcz.) Oliv.,Papua New Guinea
Rutaceae,Murraya paniculata,(L.) Jack,Papua New Guinea
Rutaceae,Wenzelia melanesica,Swingle,Papua New Guinea
Rutaceae,Zanthoxylum megistophyllum,(B.L.Burtt) T.G.Hartley,Papua New Guinea
Rutaceae,Zanthoxylum nitidum,(Roxb.) DC.,Papua New Guinea
Rutaceae,Zanthoxylum ovalifolium,Tutcher,Papua New Guinea
Rutaceae,Zanthoxylum pluviatile,T.G.Hartley,Papua New Guinea
Rutaceae,Zanthoxylum rhetsa,(Roxb.) DC.,Papua New Guinea
Salicaceae,Casearia anisophylla,Gilg,Papua New Guinea
Salicaceae,Casearia brassii,Sleumer,Papua New Guinea
Salicaceae,Casearia clutiifolia,Blume,Papua New Guinea
Salicaceae,Casearia dallachyi,F.Muell.,Papua New Guinea
Salicaceae,Casearia erythrocarpa,Sleumer,Papua New Guinea
Salicaceae,Casearia flexicaulis,K.Schum.,Papua New Guinea
Salicaceae,Casearia globifera,Gilg,Papua New Guinea
Salicaceae,Casearia grewiifolia,Vent.,Papua New Guinea
Salicaceae,Casearia ledermannii,Gilg,Papua New Guinea
Salicaceae,Casearia monticola,Sleumer,Papua New Guinea
Salicaceae,Casearia olivacea,Sleumer,Papua New Guinea
Salicaceae,Casearia oreogenes,Sleumer,Papua New Guinea
Salicaceae,Casearia pachyphylla,Gilg,Papua New Guinea
Salicaceae,Casearia ripicola,Sleumer,Papua New Guinea
Salicaceae,Casearia urophylla,Gilg,Papua New Guinea
Salicaceae,Flacourtia inermis,Roxb.,Papua New Guinea
Salicaceae,Flacourtia zippelii,Slooten,Papua New Guinea
Salicaceae,Homalium foetidum,(Roxb.) Benth.,Papua New Guinea
Salicaceae,Homalium tatambense,Sleumer,Papua New Guinea
Salicaceae,Itoa stapfii,(Koord.) Sleumer,Papua New Guinea
Salicaceae,Osmelia philippina,(Turcz.) Fern.-Vill.,Papua New Guinea
Salicaceae,Xylosma sumatrana,Slooten,Papua New Guinea
Santalaceae,Exocarpos latifolius,R.Br.,Papua New Guinea
Santalaceae,Santalum macgregorii,F.Muell.,Papua New Guinea
Sapindaceae,Alectryon cardiocarpus,Leenh.,Papua New Guinea
Sapindaceae,Alectryon connatus,(F.Muell.) Radlk.,Papua New Guinea
Sapindaceae,Alectryon ferrugineus,(Blume) Radlk.,Papua New Guinea
Sapindaceae,Alectryon macrophyllus,Kaneh. & Hatus.,Papua New Guinea
Sapindaceae,Alectryon myrmecophilus,Leenh.,Papua New Guinea
Sapindaceae,Alectryon repandodentatus,Radlk.,Papua New Guinea
Sapindaceae,Alectryon reticulatus,Radlk.,Papua New Guinea
Sapindaceae,Alectryon strigosus,Radlk.,Papua New Guinea
Sapindaceae,Allophylus laetevirens,Ridl.,Papua New Guinea
Sapindaceae,Allophylus micrococcus,Radlk.,Papua New Guinea
Sapindaceae,Arytera bifoliolata,S.T.Reynolds,Papua New Guinea
Sapindaceae,Arytera brachyphylla,Radlk.,Papua New Guinea
Sapindaceae,Arytera densiflora,Radlk.,Papua New Guinea
Sapindaceae,Arytera lineosquamulata,H.Turner,Papua New Guinea
Sapindaceae,Arytera litoralis,Blume,Papua New Guinea
Sapindaceae,Arytera miniata,H.Turner,Papua New Guinea
Sapindaceae,Arytera morobeana,H.Turner,Papua New Guinea
Sapindaceae,Arytera multijuga,H.Turner,Papua New Guinea
Sapindaceae,Arytera musca,H.Turner,Papua New Guinea
Sapindaceae,Arytera novaebrittanniae,H.Turner,Papua New Guinea
Sapindaceae,Arytera pseudofoveolata,H.Turner,Papua New Guinea
Sapindaceae,Atalaya papuana,(Radlk.) Leenh.,Papua New Guinea
Sapindaceae,Cnesmocarpon dasyantha,(Radlk.) Adema,Papua New Guinea
Sapindaceae,Cnesmocarpon dentata,Adema,Papua New Guinea
Sapindaceae,Cnesmocarpon discoloroides,Adema,Papua New Guinea
Sapindaceae,Cnesmocarpon montana,Adema,Papua New Guinea
Sapindaceae,Cupaniopsis acuticarpa,Adema,Papua New Guinea
Sapindaceae,Cupaniopsis anacardioides,(A.Rich.) Radlk.,Papua New Guinea
Sapindaceae,Cupaniopsis bilocularis,Adema,Papua New Guinea
Sapindaceae,Cupaniopsis bullata,Adema,Papua New Guinea
Sapindaceae,Cupaniopsis curvidens,Radlk.,Papua New Guinea
Sapindaceae,Cupaniopsis euneura,Adema,Papua New Guinea
Sapindaceae,Cupaniopsis kajewskii,Merr. & L.M.Perry,Papua New Guinea
Sapindaceae,Cupaniopsis macropetala,Radlk.,Papua New Guinea
Sapindaceae,Cupaniopsis napaensis,Adema,Papua New Guinea
Sapindaceae,Cupaniopsis phanerophlebia,Merr. & L.M.Perry,Papua New Guinea
Sapindaceae,Cupaniopsis platycarpa,Radlk.,Papua New Guinea
Sapindaceae,Cupaniopsis rhytidocarpa,Adema,Papua New Guinea
Sapindaceae,Cupaniopsis stenopetala,Radlk.,Papua New Guinea
Sapindaceae,Dictyoneura acuminata,Blume,Papua New Guinea
Sapindaceae,Dictyoneura obtusa,Blume,Papua New Guinea
Sapindaceae,Diploglottis diphyllostegia,(F.Muell.) F.M.Bailey,Papua New Guinea
Sapindaceae,Dodonaea polyandra,Merr. & L.M.Perry,Papua New Guinea
Sapindaceae,Dodonaea viscosa,(L.) Jacq.,Papua New Guinea
Sapindaceae,Elattostachys aiyurensis,Adema,Papua New Guinea
Sapindaceae,Elattostachys angulosa,Adema,Papua New Guinea
Sapindaceae,Elattostachys globosa,Adema,Papua New Guinea
Sapindaceae,Elattostachys goropuensis,Adema,Papua New Guinea
Sapindaceae,Elattostachys obliquinervis,Radlk.,Papua New Guinea
Sapindaceae,Elattostachys rubrofructus,Adema,Papua New Guinea
Sapindaceae,Elattostachys tetraporandra,Radlk.,Papua New Guinea
Sapindaceae,Euphorianthus euneurus,(Miq.) Leenh.,Papua New Guinea
Sapindaceae,Ganophyllum falcatum,Blume,Papua New Guinea
Sapindaceae,Glenniea thorelii,(Pierre) Leenh.,Papua New Guinea
Sapindaceae,Guioa acutifolia,Radlk.,Papua New Guinea
Sapindaceae,Guioa aryterifolia,Radlk.,Papua New Guinea
Sapindaceae,Guioa comesperma,Radlk.,Papua New Guinea
Sapindaceae,Guioa contracta,Radlk.,Papua New Guinea
Sapindaceae,Guioa elegans,Radlk.,Papua New Guinea
Sapindaceae,Guioa grandifoliola,Welzen,Papua New Guinea
Sapindaceae,Guioa hospita,Radlk.,Papua New Guinea
Sapindaceae,Guioa misimaensis,Welzen,Papua New Guinea
Sapindaceae,Guioa molliuscula,Radlk.,Papua New Guinea
Sapindaceae,Guioa myriadenia,Radlk.,Papua New Guinea
Sapindaceae,Guioa normanbiensis,Welzen,Papua New Guinea
Sapindaceae,Guioa novobritannica,Welzen,Papua New Guinea
Sapindaceae,Guioa oligotricha,Merr. & L.M.Perry,Papua New Guinea
Sapindaceae,Guioa pauciflora,Radlk.,Papua New Guinea
Sapindaceae,Guioa platycarpa,Radlk.,Papua New Guinea
Sapindaceae,Guioa plurinervis,Radlk.,Papua New Guinea
Sapindaceae,Guioa pseudoamabilis,Welzen,Papua New Guinea
Sapindaceae,Guioa rigidiuscula,Radlk.,Papua New Guinea
Sapindaceae,Guioa scalariformis,Welzen,Papua New Guinea
Sapindaceae,Guioa subsericea,Radlk.,Papua New Guinea
Sapindaceae,Guioa unguiculata,Welzen,Papua New Guinea
Sapindaceae,Harpullia arborea,(Blanco) Radlk.,Papua New Guinea
Sapindaceae,Harpullia cauliflora,K.Schum. & Lauterb.,Papua New Guinea
Sapindaceae,Harpullia crustacea,Radlk.,Papua New Guinea
Sapindaceae,Harpullia cupanioides,Roxb.,Papua New Guinea
Sapindaceae,Harpullia giganteacapsula,Vente,Papua New Guinea
Sapindaceae,Harpullia largifolia,Radlk.,Papua New Guinea
Sapindaceae,Harpullia leptococca,Radlk.,Papua New Guinea
Sapindaceae,Harpullia longipetala,Leenh.,Papua New Guinea
Sapindaceae,Harpullia peekeliana,Melch.,Papua New Guinea
Sapindaceae,Harpullia petiolaris,Radlk.,Papua New Guinea
Sapindaceae,Harpullia ramiflora,Radlk.,Papua New Guinea
Sapindaceae,Harpullia solomonensis,Vente,Papua New Guinea
Sapindaceae,Harpullia vaga,Merr. & L.M.Perry,Papua New Guinea
Sapindaceae,Jagera javanica,(Blume) Kalkman,Papua New Guinea
Sapindaceae,Jagera pseudorhus,Radlk.,Papua New Guinea
Sapindaceae,Lepidopetalum fructoglabrum,Welzen,Papua New Guinea
Sapindaceae,Lepidopetalum subdichotomum,Radlk.,Papua New Guinea
Sapindaceae,Lepisanthes rubiginosa,(Roxb.) Leenh.,Papua New Guinea
Sapindaceae,Lepisanthes senegalensis,(Poir.) Leenh.,Papua New Guinea
Sapindaceae,Mischarytera bullata,(H. Turner) H. Turner,Papua New Guinea
Sapindaceae,Mischarytera macrobotrys,(Merr. & L.M. Perry) H. Turner,Papua New Guinea
Sapindaceae,Mischocarpus lachnocarpus,Radlk.,Papua New Guinea
Sapindaceae,Mischocarpus largifolius,Radlk.,Papua New Guinea
Sapindaceae,Mischocarpus pyriformis,Radlk.,Papua New Guinea
Sapindaceae,Mischocarpus sundaicus,Blume,Papua New Guinea
Sapindaceae,Pometia pinnata,J.R.Forst. & G.Forst.,Papua New Guinea
Sapindaceae,Synima cordieri,(F.Muell.) Radlk.,Papua New Guinea
Sapindaceae,Synima macrophylla,S.T.Reynolds,Papua New Guinea
Sapindaceae,Tristiropsis acutangula,Radlk.,Papua New Guinea
Sapotaceae,Amorphospermum antilogum,F.Muell.,Papua New Guinea
Sapotaceae,Burckella erythrophylla,H.J.Lam,Papua New Guinea
Sapotaceae,Burckella macropoda,(K.Krause) H.J.Lam,Papua New Guinea
Sapotaceae,Burckella obovata,(G.Forst.) Pierre,Papua New Guinea
Sapotaceae,Burckella poolei,H.J.Lam,Papua New Guinea
Sapotaceae,Burckella sorei,P.Royen,Papua New Guinea
Sapotaceae,Chrysophyllum novoguineense,Vink,Papua New Guinea
Sapotaceae,Donella lanceolata,(Blume) Aubrév.,Papua New Guinea
Sapotaceae,Madhuca boerlageana,(Burck) Baehni,Papua New Guinea
Sapotaceae,Madhuca leucodermis,(K.Krause) H.J.Lam,Papua New Guinea
Sapotaceae,Madhuca orientalis,(Assem) T.D.Penn.,Papua New Guinea
Sapotaceae,Magodendron mennyae,Vink,Papua New Guinea
Sapotaceae,Magodendron venefici,(C.T.White & W.D.Francis) Vink,Papua New Guinea
Sapotaceae,Manilkara fasciculata,(Warb.) H.J.Lam & Maas Geest.,Papua New Guinea
Sapotaceae,Manilkara kanosiensis,H.J.Lam & B.Meeuse,Papua New Guinea
Sapotaceae,Manilkara kauki,(L.) Dubard,Papua New Guinea
Sapotaceae,Mimusops elengi,L.,Papua New Guinea
Sapotaceae,Palaquium amboinense,Burck,Papua New Guinea
Sapotaceae,Palaquium brassii,H.J.Lam,Papua New Guinea
Sapotaceae,Palaquium densivenium,K.Krause,Papua New Guinea
Sapotaceae,Palaquium erythrospermum,H.J.Lam,Papua New Guinea
Sapotaceae,Palaquium firmum,C.T.White,Papua New Guinea
Sapotaceae,Palaquium galactoxylum,(F.Muell.) H.J.Lam,Papua New Guinea
Sapotaceae,Palaquium lobbianum,Burck,Papua New Guinea
Sapotaceae,Palaquium morobense,P.Royen,Papua New Guinea
Sapotaceae,Palaquium pseudocalophyllum,H.J.Lam,Papua New Guinea
Sapotaceae,Palaquium ridleyi,King & Gamble,Papua New Guinea
Sapotaceae,Palaquium simun,P.Royen,Papua New Guinea
Sapotaceae,Palaquium supfianum,Schltr.,Papua New Guinea
Sapotaceae,Palaquium tenuifolium,K.Krause,Papua New Guinea
Sapotaceae,Palaquium warburgianum,Schltr. ex K.Krause,Papua New Guinea
Sapotaceae,Pichonia hochreutineri,(H.J.Lam) Swenson,Papua New Guinea
Sapotaceae,Pichonia lauterbachiana,(H.J.Lam) T.D.Penn.,Papua New Guinea
Sapotaceae,Pichonia occidentalis,(H.J.Lam) Aubrév.,Papua New Guinea
Sapotaceae,Pichonia sessiliflora,(C.T.White) Aubrév.,Papua New Guinea
Sapotaceae,Planchonella anteridifera,(C.T.White & W.D.Francis ex Lane-Poole) H.J.Lam,Papua New Guinea
Sapotaceae,Planchonella chartacea,(F.Muell. ex Benth.) H.J.Lam,Papua New Guinea
Sapotaceae,Planchonella chrysophylloides,H.J.Lam,Papua New Guinea
Sapotaceae,Planchonella forbesii,(S.Moore) H.J.Lam,Papua New Guinea
Sapotaceae,Planchonella garcinioides,(K.Krause) Swenson,Papua New Guinea
Sapotaceae,Planchonella hispida,Swenson,Papua New Guinea
Sapotaceae,Planchonella kaernbachiana,(Engl.) H.J.Lam,Papua New Guinea
Sapotaceae,Planchonella kaniensis,(K.Krause) H.J.Lam,Papua New Guinea
Sapotaceae,Planchonella keyensis,H.J.Lam,Papua New Guinea
Sapotaceae,Planchonella lamii,P.Royen,Papua New Guinea
Sapotaceae,Planchonella maclayana,(F.Muell.) Swenson,Papua New Guinea
Sapotaceae,Planchonella menait,(Vink) Swenson,Papua New Guinea
Sapotaceae,Planchonella myrsinodendron,"(F.Muell.) Swenson, Bartish & Munzinger",Papua New Guinea
Sapotaceae,Planchonella nebulicola,H.J.Lam,Papua New Guinea
Sapotaceae,Planchonella obovata,(R.Br.) Pierre,Papua New Guinea
Sapotaceae,Planchonella orkor,(Vink) Swenson,Papua New Guinea
Sapotaceae,Planchonella papuanica,Pierre ex Dubard,Papua New Guinea
Sapotaceae,Planchonella peekelii,(K.Krause) H.J.Lam,Papua New Guinea
Sapotaceae,Planchonella polyneura,(K.Krause) Swenson,Papua New Guinea
Sapotaceae,Planchonella pullenii,(Vink) Swenson,Papua New Guinea
Sapotaceae,Planchonella schlechteri,(K.Krause) H.J.Lam,Papua New Guinea
Sapotaceae,Planchonella suboppositifolia,H.J.Lam,Papua New Guinea
Sapotaceae,Planchonella surculiflora,Swenson,Papua New Guinea
Sapotaceae,Planchonella sussu,(Engl.) H.J.Lam,Papua New Guinea
Sapotaceae,Planchonella takeuchii,Swenson,Papua New Guinea
Sapotaceae,Planchonella tenuipes,(K.Krause) H.J.Lam,Papua New Guinea
Sapotaceae,Planchonella thyrsoidea,C.T.White,Papua New Guinea
Sapotaceae,Planchonella torricellensis,(K.Schum.) H.J.Lam,Papua New Guinea
Sapotaceae,Planchonella xylocarpa,"(C.T.White) Swenson, Bartish & Munzinger",Papua New Guinea
Sapotaceae,Pleioluma densinervia,(K.Krause) Swenson,Papua New Guinea
Sapotaceae,Pleioluma dies-reginae,(P.Royen) Swenson,Papua New Guinea
Sapotaceae,Pleioluma firma,(Miq.) Swenson,Papua New Guinea
Sapotaceae,Pleioluma gillisonii,(Vink) Swenson,Papua New Guinea
Sapotaceae,Pleioluma krausei,(H.J.Lam) Swenson,Papua New Guinea
Sapotaceae,Pleioluma lamprophylla,(K.Krause) Swenson,Papua New Guinea
Sapotaceae,Pleioluma ledermannii,(K.Krause) Swenson,Papua New Guinea
Sapotaceae,Pleioluma macropoda,(H.J.Lam) Swenson,Papua New Guinea
Sapotaceae,Pleioluma moluccana,(Burck) Swenson,Papua New Guinea
Sapotaceae,Pleioluma rigidifolia,(K.Krause) Swenson,Papua New Guinea
Sapotaceae,Sarcosperma paniculatum,(King) Stapf & King,Papua New Guinea
Sapotaceae,Sersalisia luzoniensis,(Merr.) Swenson,Papua New Guinea
Scrophulariaceae,Buddleja asiatica,Lour.,Papua New Guinea
Scrophulariaceae,Myoporum montanum,R.Br.,Papua New Guinea
Simaroubaceae,Ailanthus integrifolia,Lam.,Papua New Guinea
Simaroubaceae,Picrasma javanica,Blume,Papua New Guinea
Simaroubaceae,Quassia indica,(Gaertn.) Noot.,Papua New Guinea
Simaroubaceae,Soulamea amara,Lam.,Papua New Guinea
Solanaceae,Lycianthes vitiensis,(Seem.) A.R.Bean,Papua New Guinea
Staphyleaceae,Turpinia pentandra,(Schltr.) B.L.Linden,Papua New Guinea
Stemonuraceae,Gomphandra australiana,F.Muell.,Papua New Guinea
Stemonuraceae,Gomphandra montana,(G.Schellenb.) Sleumer,Papua New Guinea
Stemonuraceae,Gomphandra pallida,Sleumer,Papua New Guinea
Stemonuraceae,Gomphandra papuana,(Becc.) Sleumer,Papua New Guinea
Stemonuraceae,Gomphandra pseudoprasina,Sleumer,Papua New Guinea
Stemonuraceae,Gomphandra rarinervis,Schori,Papua New Guinea
Stemonuraceae,Gomphandra schoepfiifolia,Sleumer,Papua New Guinea
Stemonuraceae,Hartleya inopinata,Sleumer,Papua New Guinea
Stemonuraceae,Medusanthera inaequalis,Utteridge,Papua New Guinea
Stemonuraceae,Medusanthera laxiflora,(Miers) R.A.Howard,Papua New Guinea
Stemonuraceae,Medusanthera megistocarpa,Utteridge,Papua New Guinea
Stemonuraceae,Stemonurus ammui,(Kaneh.) Sleumer,Papua New Guinea
Stemonuraceae,Stemonurus monticola,(G.Schellenb.) Sleumer,Papua New Guinea
Stemonuraceae,Stemonurus umbellatus,Becc.,Papua New Guinea
Stemonuraceae,Whitmorea grandiflora,Sleumer,Papua New Guinea
Styracaceae,Styrax agrestis,(Lour.) G.Don,Papua New Guinea
Symplocaceae,Symplocos cerasifolia,Wall.,Papua New Guinea
Symplocaceae,Symplocos cochinchinensis,(Lour.) S.Moore,Papua New Guinea
Symplocaceae,Symplocos stawellii,F.Muell.,Papua New Guinea
Symplocaceae,Symplocos unicarpa,Noot.,Papua New Guinea
Tetramelaceae,Octomeles sumatrana,Miq.,Papua New Guinea
Tetramelaceae,Tetrameles nudiflora,R.Br.,Papua New Guinea
Theaceae,Polyspora amboinensis,"(Miq.) Orel, Peter G.Wilson, Curry & Luu",Papua New Guinea
Theaceae,Polyspora luzonica,"(S.Vidal) Orel, Peter G.Wilson, Curry & Luu",Papua New Guinea
Theaceae,Polyspora papuana,"(Kobuski) Orel, Peter G.Wilson, Curry & Luu",Papua New Guinea
Theaceae,Schima wallichii,(DC.) Korth.,Papua New Guinea
Thymelaeaceae,Aquilaria filaria,(Oken) Merr.,Papua New Guinea
Thymelaeaceae,Gonystylus macrophyllus,(Miq.) Airy Shaw,Papua New Guinea
Thymelaeaceae,Gyrinops caudata,(Gilg) Domke,Papua New Guinea
Thymelaeaceae,Gyrinops ledermannii,Domke,Papua New Guinea
Thymelaeaceae,Gyrinops salicifolia,Ridl.,Papua New Guinea
Thymelaeaceae,Phaleria capitata,Jack,Papua New Guinea
Thymelaeaceae,Phaleria macrocarpa,(Scheff.) Boerl.,Papua New Guinea
Thymelaeaceae,Phaleria octandra,(L.) Baill.,Papua New Guinea
Thymelaeaceae,Phaleria perrottetiana,(Decne.) Fern.-Vill.,Papua New Guinea
Thymelaeaceae,Phaleria sogerensis,S. Moore,Papua New Guinea
Thymelaeaceae,Wikstroemia androsaemifolia,Decne.,Papua New Guinea
Trimeniaceae,Trimenia papuana,Ridl.,Papua New Guinea
Trimeniaceae,Trimenia weinmanniifolia,Seem.,Papua New Guinea
Urticaceae,Boehmeria depauperata,Wedd.,Papua New Guinea
Urticaceae,Boehmeria subintegra,Friis & Wilmot-Dear,Papua New Guinea
Urticaceae,Boehmeria virgata,(G.Forst.) Guill.,Papua New Guinea
Urticaceae,Cypholophus decipiens,H.J.P.Winkl.,Papua New Guinea
Urticaceae,Dendrocnide carriana,Chew,Papua New Guinea
Urticaceae,Dendrocnide corallodesme,(Lauterb.) Chew,Papua New Guinea
Urticaceae,Dendrocnide cordata,(Warb. ex H.Winkl.) Chew,Papua New Guinea
Urticaceae,Dendrocnide kajewskii,Chew,Papua New Guinea
Urticaceae,Dendrocnide longifolia,(Hemsl.) Chew,Papua New Guinea
Urticaceae,Dendrocnide mirabilis,(Rech.) Chew,Papua New Guinea
Urticaceae,Dendrocnide morobensis,Chew,Papua New Guinea
Urticaceae,Dendrocnide nervosa,(H.J.P.Winkl.) Chew,Papua New Guinea
Urticaceae,Dendrocnide peltata,(Blume) Miq.,Papua New Guinea
Urticaceae,Dendrocnide rechingeri,(H.J.P.Winkl.) Chew,Papua New Guinea
Urticaceae,Dendrocnide schlechteri,(H.J.P.Winkl.) Chew,Papua New Guinea
Urticaceae,Dendrocnide sessiliflora,(Warb.) Chew,Papua New Guinea
Urticaceae,Dendrocnide ternatensis,(Miq.) Chew,Papua New Guinea
Urticaceae,Dendrocnide torricellensis,(Lauterb.) Chew,Papua New Guinea
Urticaceae,Leucosyke australis,Unruh,Papua New Guinea
Urticaceae,Leucosyke capitellata,(Poir.) Wedd.,Papua New Guinea
Urticaceae,Leucosyke javanica,Zoll. & Moritzi,Papua New Guinea
Urticaceae,Leucosyke salomonensis,Unruh,Papua New Guinea
Urticaceae,Pipturus argenteus,(G.Forst.) Wedd.,Papua New Guinea
Violaceae,Rinorea horneri,(Korth.) Kuntze,Papua New Guinea
Vitaceae,Leea indica,(Burm.f.) Merr.,Papua New Guinea
Vitaceae,Leea macropus,Lauterb. & K.Schum.,Papua New Guinea
Vitaceae,Leea tetramera,B.L.Burtt,Papua New Guinea
Winteraceae,Tasmannia piperita,(Hook.f.) Miers,Papua New Guinea
Winteraceae,Zygogynum bosavicum,Vink,Papua New Guinea
Winteraceae,Zygogynum calothyrsum,(Diels) Vink,Papua New Guinea
Winteraceae,Zygogynum cruminatum,Vink,Papua New Guinea
Winteraceae,Zygogynum cyclopensis,Vink,Papua New Guinea
Winteraceae,Zygogynum staufferianum,Vink,Papua New Guinea
Winteraceae,Zygogynum sylvestre,(A.C.Sm.) Vink,Papua New Guinea
