family,taxon,author,native to
Acanthaceae,Avicennia alba,Blume,Philippines
Acanthaceae,Avicennia marina,(Forssk.) Vierh.,Philippines
Acanthaceae,Avicennia officinalis,L.,Philippines
Achariaceae,Hydnocarpus alcalae,C.DC.,Philippines
Achariaceae,Hydnocarpus cauliflorus,Merr.,Philippines
Achariaceae,Hydnocarpus heterophyllus,Blume,Philippines
Achariaceae,Hydnocarpus polypetalus,(Slooten) Sleumer,Philippines
Achariaceae,Hydnocarpus subfalcata,Merr.,Philippines
Achariaceae,Hydnocarpus sumatranus,(Miq.) Koord.,Philippines
Achariaceae,Pangium edule,Reinw.,Philippines
Achariaceae,Ryparosa cauliflora,Merr.,Philippines
Achariaceae,Trichadenia philippinensis,Merr.,Philippines
Actinidiaceae,Saurauia alvarezii,Merr.,Philippines
Actinidiaceae,Saurauia ampla,Merr.,Philippines
Actinidiaceae,Saurauia bakeri,Merr.,Philippines
Actinidiaceae,Saurauia bicolor,Merr.,Philippines
Actinidiaceae,Saurauia cinnamomea,Merr.,Philippines
Actinidiaceae,Saurauia clementis,Merr.,Philippines
Actinidiaceae,Saurauia copelandii,Elmer,Philippines
Actinidiaceae,Saurauia cordata,Quisumb.,Philippines
Actinidiaceae,Saurauia denticulata,C.B.Rob.,Philippines
Actinidiaceae,Saurauia elegans,(Choisy) Fern.-Vill.,Philippines
Actinidiaceae,Saurauia elmeri,Merr.,Philippines
Actinidiaceae,Saurauia erythrothrica,Elmer,Philippines
Actinidiaceae,Saurauia fasciculiflora,Merr.,Philippines
Actinidiaceae,Saurauia involucrata,Merr.,Philippines
Actinidiaceae,Saurauia klemmei,Merr.,Philippines
Actinidiaceae,Saurauia knemifolia,Quisumb.,Philippines
Actinidiaceae,Saurauia latibractea,Choisy,Philippines
Actinidiaceae,Saurauia longistyla,Merr.,Philippines
Actinidiaceae,Saurauia macgregorii,Merr.,Philippines
Actinidiaceae,Saurauia merrillii,Elmer,Philippines
Actinidiaceae,Saurauia negrosensis,Elmer,Philippines
Actinidiaceae,Saurauia oblancilimba,Quisumb.,Philippines
Actinidiaceae,Saurauia oligantha,Merr.,Philippines
Actinidiaceae,Saurauia oligophlebia,Merr.,Philippines
Actinidiaceae,Saurauia panayensis,Merr.,Philippines
Actinidiaceae,Saurauia panduriformis,Elmer,Philippines
Actinidiaceae,Saurauia papillulosa,Merr.,Philippines
Actinidiaceae,Saurauia philippinensis,Merr.,Philippines
Actinidiaceae,Saurauia polysperma,(Blanco) Merr.,Philippines
Actinidiaceae,Saurauia samarensis,Merr.,Philippines
Actinidiaceae,Saurauia sampad,Elmer,Philippines
Actinidiaceae,Saurauia sibuyanensis,Elmer,Philippines
Actinidiaceae,Saurauia sorsogonensis,Merr.,Philippines
Actinidiaceae,Saurauia sparsiflora,Elmer,Philippines
Actinidiaceae,Saurauia tayabensis,Quisumb.,Philippines
Actinidiaceae,Saurauia trichophora,Quisumb.,Philippines
Actinidiaceae,Saurauia trunciflora,Merr.,Philippines
Actinidiaceae,Saurauia urdanetensis,Elmer,Philippines
Actinidiaceae,Saurauia vanoverberghii,Merr.,Philippines
Actinidiaceae,Saurauia wenzelii,Merr.,Philippines
Anacardiaceae,Buchanania arborescens,(Blume) Blume,Philippines
Anacardiaceae,Buchanania insignis,Blume,Philippines
Anacardiaceae,Buchanania microphylla,Engl.,Philippines
Anacardiaceae,Buchanania nitida,Engl.,Philippines
Anacardiaceae,Dracontomelon dao,(Blanco) Merr. & Rolfe,Philippines
Anacardiaceae,Koordersiodendron pinnatum,Merr.,Philippines
Anacardiaceae,Mangifera altissima,Blanco,Philippines
Anacardiaceae,Mangifera caesia,Jack,Philippines
Anacardiaceae,Mangifera laurina,Blume,Philippines
Anacardiaceae,Mangifera merrillii,Mukherji,Philippines
Anacardiaceae,Mangifera monandra,Merr.,Philippines
Anacardiaceae,Mangifera odorata,Griff.,Philippines
Anacardiaceae,Parishia maingayi,Hook.f.,Philippines
Anacardiaceae,Parishia malabog,Merr.,Philippines
Anacardiaceae,Pleiogynium timoriense,(DC.) Leenh.,Philippines
Anacardiaceae,Rhus taitensis,Guill.,Philippines
Anacardiaceae,Semecarpus bunburyanus,Gibbs,Philippines
Anacardiaceae,Semecarpus cuneiformis,Blanco,Philippines
Anacardiaceae,Semecarpus densiflorus,(Merr.) Steenis,Philippines
Anacardiaceae,Semecarpus forstenii,Blume,Philippines
Anacardiaceae,Semecarpus glauciphyllus,Elmer,Philippines
Anacardiaceae,Semecarpus longifolius,Blume,Philippines
Anacardiaceae,Semecarpus macrophyllus,Merr.,Philippines
Anacardiaceae,Semecarpus paucinervius,Merr.,Philippines
Anacardiaceae,Semecarpus stenophyllus,Merr.,Philippines
Anacardiaceae,Semecarpus trachyphyllus,Perkins,Philippines
Anacardiaceae,Solenocarpus philippinensis,(Elmer) Kosterm.,Philippines
Anacardiaceae,Spondias dulcis,Parkinson,Philippines
Anacardiaceae,Spondias malayana,Kosterm.,Philippines
Anacardiaceae,Spondias pinnata,(L. f.) Kurz,Philippines
Anacardiaceae,Swintonia acuta,Engl.,Philippines
Anacardiaceae,Swintonia foxworthyi,Elmer,Philippines
Anacardiaceae,Swintonia spicifera,Hook.f.,Philippines
Annonaceae,Alphonsea javanica,Scheff.,Philippines
Annonaceae,Anaxagorea javanica,Blume,Philippines
Annonaceae,Anaxagorea luzonensis,A.Gray,Philippines
Annonaceae,Cananga odorata,(Lam.) Hook.f. & Thomson,Philippines
Annonaceae,Cyathocalyx globosus,Merr.,Philippines
Annonaceae,Dasymaschalon clusiflorum,(Merr.) Merr.,Philippines
Annonaceae,Dasymaschalon leilamericanum,R.Rosales & E.Lillo,Philippines
Annonaceae,Drepananthus acuminatus,(C.B.Rob.) Survesw. & R.M.K.Saunders,Philippines
Annonaceae,Drepananthus apoensis,Elmer,Philippines
Annonaceae,Drepananthus crassipetalus,(R.J.Wang & R.M.K.Saunders) Survesw. & R.M.K.Saunders,Philippines
Annonaceae,Drepananthus samarensis,(R.J.Wang & R.M.K.Saunders) Survesw. & R.M.K.Saunders,Philippines
Annonaceae,Goniothalamus amuyon,(Blanco) Merr.,Philippines
Annonaceae,Goniothalamus catanduanensis,Quisumb.,Philippines
Annonaceae,Goniothalamus copelandii,Merr.,Philippines
Annonaceae,Goniothalamus dolichopetalus,Merr.,Philippines
Annonaceae,Goniothalamus elmeri,Merr.,Philippines
Annonaceae,Goniothalamus gigantifolius,Merr.,Philippines
Annonaceae,Goniothalamus lancifolius,Merr.,Philippines
Annonaceae,Goniothalamus longistylus,Merr.,Philippines
Annonaceae,Goniothalamus magnificus,Elmer,Philippines
Annonaceae,Goniothalamus mindorensis,Merr.,Philippines
Annonaceae,Goniothalamus obtusifolius,Merr.,Philippines
Annonaceae,Goniothalamus palawanensis,C.C.Tang & R.M.K.Saunders,Philippines
Annonaceae,Goniothalamus panayensis,Merr.,Philippines
Annonaceae,Goniothalamus philippinensis,Merr.,Philippines
Annonaceae,Goniothalamus puncticulifolius,Merr.,Philippines
Annonaceae,Goniothalamus sibuyanensis,(Elmer) Merr.,Philippines
Annonaceae,Goniothalamus suluensis,Merr.,Philippines
Annonaceae,Goniothalamus trunciflorus,Merr.,Philippines
Annonaceae,Huberantha flava,(Merr.) I.M.Turner,Philippines
Annonaceae,Huberantha jenkinsii,(Hook.f. & Thomson) Chaowasku,Philippines
Annonaceae,Huberantha palawanensis,(Merr.) I.M.Turner,Philippines
Annonaceae,Huberantha rumphii,(Blume ex Hensch.) Chaowasku,Philippines
Annonaceae,Maasia glauca,"(Hassk.) Mols, Kessler & Rogstad",Philippines
Annonaceae,Miliusa horsfieldii,(Bennett) Baill. ex Pierre,Philippines
Annonaceae,Mitrephora basilanensis,Merr.,Philippines
Annonaceae,Mitrephora cagayanensis,Merr.,Philippines
Annonaceae,Mitrephora fragrans,Merr.,Philippines
Annonaceae,Mitrephora lanotan,Merr.,Philippines
Annonaceae,Mitrephora multifolia,Elmer,Philippines
Annonaceae,Mitrephora pictiflora,Elmer,Philippines
Annonaceae,Mitrephora reflexa,Merr.,Philippines
Annonaceae,Mitrephora samarensis,Merr.,Philippines
Annonaceae,Mitrephora sorsogonensis,Elmer,Philippines
Annonaceae,Mitrephora weberi,Merr.,Philippines
Annonaceae,Mitrephora williamsii,C.B.Rob.,Philippines
Annonaceae,Monoon barnesii,(Merr.) B.Xue & R.M.K.Saunders,Philippines
Annonaceae,Monoon mindanaense,(Elmer) B.Xue & R.M.K.Saunders,Philippines
Annonaceae,Monoon oblongifolium,(C.B. Rob.) B. Xue & R.M.K. Saunders,Philippines
Annonaceae,Monoon zamboangaense,(Merr.) B.Xue & R.M.K.Saunders,Philippines
Annonaceae,Neo-uvaria parallelivenia,(Boerl.) H.Okada & K.Ueda,Philippines
Annonaceae,Neo-uvaria viridifolia,(Elmer) Chaowasku,Philippines
Annonaceae,Orophea corymbosa,(Blume) Zoll.,Philippines
Annonaceae,Orophea creaghii,(Ridl.) Leonardía & Kessler,Philippines
Annonaceae,Orophea cumingiana,S. Vidal,Philippines
Annonaceae,Orophea glabra,Merr.,Philippines
Annonaceae,Orophea leytensis,Merr.,Philippines
Annonaceae,Orophea megalophylla,P.J.A.Kessler,Philippines
Annonaceae,Orophea merrillii,P.J.A.Kessler,Philippines
Annonaceae,Orophea sericea,P.J.A.Kessler,Philippines
Annonaceae,Orophea wenzelii,Merr.,Philippines
Annonaceae,Phaeanthus ophthalmicus,(Roxb. ex G.Don) J.Sinclair,Philippines
Annonaceae,Phaeanthus villosus,Merr.,Philippines
Annonaceae,Polyalthia gracilipes,Merr.,Philippines
Annonaceae,Polyalthia insignis,(Hook.f.) Airy Shaw,Philippines
Annonaceae,Polyalthia microtus,Miq.,Philippines
Annonaceae,Polyalthia mindorensis,Merr.,Philippines
Annonaceae,Polyalthia suberosa,(Roxb.) Thwaites,Philippines
Annonaceae,Polyalthia venosa,Merr.,Philippines
Annonaceae,Popowia lanceolata,Merr.,Philippines
Annonaceae,Popowia pisocarpa,(Blume) Endl. ex Walp.,Philippines
Annonaceae,Pseuduvaria luzoniensis,(Merr.) Y.C.F.Su & R.M.K.Saunders,Philippines
Annonaceae,Pseuduvaria macgregorii,Merr.,Philippines
Annonaceae,Pseuduvaria mindorensis,Y.C.F.Su & R.M.K.Saunders,Philippines
Annonaceae,Pseuduvaria pamattonis,(Miq.) Y.C.F.Su & R.M.K.Saunders,Philippines
Annonaceae,Pseuduvaria philippinensis,Merr.,Philippines
Annonaceae,Pseuduvaria unguiculata,Y.C.F.Su & R.M.K.Saunders,Philippines
Annonaceae,Sageraea lanceolata,Miq.,Philippines
Annonaceae,Xylopia dehiscens,(Blanco) Merr.,Philippines
Annonaceae,Xylopia densifolia,Elmer,Philippines
Annonaceae,Xylopia sumatrana,(Miq.) D.M.Johnson & N.A.Murray,Philippines
Apiaceae,Mackinlaya celebica,(Harms) Philipson,Philippines
Apocynaceae,Alstonia angustifolia,Wall. ex A.DC.,Philippines
Apocynaceae,Alstonia iwahigensis,Elmer,Philippines
Apocynaceae,Alstonia macrophylla,Wall. ex G.Don,Philippines
Apocynaceae,Alstonia parvifolia,Merr.,Philippines
Apocynaceae,Alstonia scholaris,(L.) R.Br.,Philippines
Apocynaceae,Alstonia spatulata,Blume,Philippines
Apocynaceae,Alstonia spectabilis,R.Br.,Philippines
Apocynaceae,Cerbera manghas,L.,Philippines
Apocynaceae,Cerbera odollam,Gaertn.,Philippines
Apocynaceae,Kibatalia arborea,(Blume) G.Don,Philippines
Apocynaceae,Kibatalia blancoi,(Rolfe ex Stapf) Merr.,Philippines
Apocynaceae,Kibatalia elmeri,Woodson,Philippines
Apocynaceae,Kibatalia gitingensis,(Elmer) Woodson,Philippines
Apocynaceae,Kibatalia longifolia,Merr.,Philippines
Apocynaceae,Kibatalia macgregorii,(Elmer) Woodson,Philippines
Apocynaceae,Kibatalia maingayi,(Hook.f.) Woodson,Philippines
Apocynaceae,Kibatalia merrilliana,Woodson,Philippines
Apocynaceae,Kibatalia puberula,Merr.,Philippines
Apocynaceae,Kibatalia stenopetala,Merr.,Philippines
Apocynaceae,Kopsia arborea,Blume,Philippines
Apocynaceae,Kopsia flavida,Blume,Philippines
Apocynaceae,Lepiniopsis ternatensis,Valeton,Philippines
Apocynaceae,Ochrosia ackeringae,(Teijsm. & Binn.) Miq.,Philippines
Apocynaceae,Ochrosia apoensis,Elmer,Philippines
Apocynaceae,Ochrosia glomerata,(Blume) F.Muell.,Philippines
Apocynaceae,Ochrosia oppositifolia,(Lam.) K.Schum.,Philippines
Apocynaceae,Rauvolfia amsoniifolia,A.DC.,Philippines
Apocynaceae,Rauvolfia sumatrana,Jack,Philippines
Apocynaceae,Rauvolfia verticillata,(Lour.) Baill.,Philippines
Apocynaceae,Tabernaemontana cordata,Merr.,Philippines
Apocynaceae,Tabernaemontana macrocarpa,Jack,Philippines
Apocynaceae,Tabernaemontana pandacaqui,Poir.,Philippines
Apocynaceae,Voacanga foetida,(Blume) Rolfe,Philippines
Apocynaceae,Voacanga globosa,(Blanco) Merr.,Philippines
Apocynaceae,Voacanga grandifolia,(Miq.) Rolfe,Philippines
Apocynaceae,Voacanga megacarpa,Merr.,Philippines
Apocynaceae,Wrightia candollei,S.Vidal,Philippines
Apocynaceae,Wrightia laevis,Hook.f.,Philippines
Apocynaceae,Wrightia palawanensis,D.J.Middleton,Philippines
Apocynaceae,Wrightia pubescens,R.Br.,Philippines
Aquifoliaceae,Ilex curranii,Merr.,Philippines
Aquifoliaceae,Ilex cymosa,Blume,Philippines
Aquifoliaceae,Ilex formosana,Maxim.,Philippines
Aquifoliaceae,Ilex malaccensis,Loes.,Philippines
Aquifoliaceae,Ilex microthyrsa,Loes. ex Elmer,Philippines
Aquifoliaceae,Ilex pachyphylla,Merr.,Philippines
Aquifoliaceae,Ilex palawanica,Loes. ex Elmer,Philippines
Araliaceae,Aralia bipinnata,Blanco,Philippines
Araliaceae,Heptapleurum acuminatissimum,(Merr.) Lowry & G.M.Plunkett,Philippines
Araliaceae,Heptapleurum agamae,(Merr.) Lowry & G.M.Plunkett,Philippines
Araliaceae,Heptapleurum albidobracteatum,(Elmer) Lowry & G.M.Plunkett,Philippines
Araliaceae,Heptapleurum alvarezii,(Merr.) Lowry & G.M.Plunkett,Philippines
Araliaceae,Heptapleurum angilogense,(Merr.) Lowry & G.M.Plunkett,Philippines
Araliaceae,Heptapleurum banahaense,(Merr.) Lowry & G.M.Plunkett,Philippines
Araliaceae,Heptapleurum benguetense,(Merr.) Lowry & G.M.Plunkett,Philippines
Araliaceae,Heptapleurum binuangense,(C.B.Rob.) Lowry & G.M.Plunkett,Philippines
Araliaceae,Heptapleurum blancoi,(Merr.) Lowry & G.M.Plunkett,Philippines
Araliaceae,Heptapleurum catanduanense,(Merr.) Lowry & G.M.Plunkett,Philippines
Araliaceae,Heptapleurum caudatum,Vidal,Philippines
Araliaceae,Heptapleurum cinnamomeum,(Merr.) Lowry & G.M.Plunkett,Philippines
Araliaceae,Heptapleurum clementis,(Merr.) Lowry & G.M.Plunkett,Philippines
Araliaceae,Heptapleurum crassissimum,(Merr.) Lowry & G.M.Plunkett,Philippines
Araliaceae,Heptapleurum curranii,(Merr.) Lowry & G.M.Plunkett,Philippines
Araliaceae,Heptapleurum foxworthyi,(Merr.) Lowry & G.M.Plunkett,Philippines
Araliaceae,Heptapleurum gigantifolium,(Merr.) Lowry & G.M.Plunkett,Philippines
Araliaceae,Heptapleurum glabrum,(Merr.) Lowry & G.M.Plunkett,Philippines
Araliaceae,Heptapleurum insularum,Seem.,Philippines
Araliaceae,Heptapleurum macgregorii,(Merr.) G.M.Plunkett & Lowry,Philippines
Araliaceae,Heptapleurum macranthum,(Merr.) G.M.Plunkett & Lowry,Philippines
Araliaceae,Heptapleurum minutipetiolatum,(Frodin) G.M.Plunkett & Lowry,Philippines
Araliaceae,Heptapleurum multiramosum,(Elmer) G.M.Plunkett & Lowry,Philippines
Araliaceae,Heptapleurum oblongifolium,(Merr.) G.M.Plunkett & Lowry,Philippines
Araliaceae,Heptapleurum ovoideum,(Merr.) G.M.Plunkett & Lowry,Philippines
Araliaceae,Heptapleurum palawanense,(Merr.) G.M.Plunkett & Lowry,Philippines
Araliaceae,Heptapleurum panayense,(Merr.) G.M.Plunkett & Lowry,Philippines
Araliaceae,Heptapleurum santosii,(Merr.) G.M.Plunkett & Lowry,Philippines
Araliaceae,Heptapleurum stellulatum,(Merr.) G.M.Plunkett & Lowry,Philippines
Araliaceae,Osmoxylon camiguinense,(Merr.) Philipson,Philippines
Araliaceae,Osmoxylon catanduanense,(Merr.) Philipson,Philippines
Araliaceae,Osmoxylon caudatum,(Merr.) Philipson,Philippines
Araliaceae,Osmoxylon dinagatense,(Merr.) Philipson,Philippines
Araliaceae,Osmoxylon eminens,(W.Bull) Philipson,Philippines
Araliaceae,Osmoxylon fenicis,(Merr.) Philipson,Philippines
Araliaceae,Osmoxylon heterophyllum,(Merr.) Philipson,Philippines
Araliaceae,Osmoxylon humile,(Elmer) Philipson,Philippines
Araliaceae,Osmoxylon luzoniense,(Merr.) Philipson,Philippines
Araliaceae,Osmoxylon oblongifolium,Philipson,Philippines
Araliaceae,Osmoxylon pectinatum,(Merr.) Philipson,Philippines
Araliaceae,Osmoxylon pulcherrimum,Vidal ex Fern.-Vill.,Philippines
Araliaceae,Osmoxylon trilobatum,(Merr.) Philipson,Philippines
Araliaceae,Osmoxylon yatesii,(Merr.) Philipson,Philippines
Araliaceae,Polyscias aherniana,(Merr.) Lowry & G.M.Plunkett,Philippines
Araliaceae,Polyscias borneensis,Philipson,Philippines
Araliaceae,Polyscias cenabrei,(Merr.) Lowry & G.M.Plunkett,Philippines
Araliaceae,Polyscias cumingiana,(C.Presl) Fern.-Vill.,Philippines
Araliaceae,Polyscias florosa,Philipson,Philippines
Araliaceae,Polyscias pulgarensis,(Elmer) Lowry & G.M.Plunkett,Philippines
Araliaceae,Polyscias serratifolia,(Miq.) Lowry & G.M.Plunkett,Philippines
Araucariaceae,Agathis dammara,(Lamb.) Rich.,Philippines
Arecaceae,Adonidia merrillii,(Becc.) Becc.,Philippines
Arecaceae,Adonidia zibabaoa,Adorador & Fernando,Philippines
Arecaceae,Areca caliso,Becc.,Philippines
Arecaceae,Areca camarinensis,Becc.,Philippines
Arecaceae,Areca catechu,L.,Philippines
Arecaceae,Areca costulata,Becc.,Philippines
Arecaceae,Areca hutchinsoniana,Becc.,Philippines
Arecaceae,Areca ipot,Becc.,Philippines
Arecaceae,Areca parens,Becc.,Philippines
Arecaceae,Areca triandra,Roxb. ex Buch.-Ham.,Philippines
Arecaceae,Areca whitfordii,Becc.,Philippines
Arecaceae,Arenga pinnata,(Wurmb) Merr.,Philippines
Arecaceae,Arenga tremula,(Blanco) Becc.,Philippines
Arecaceae,Caryota cumingii,Lodd. ex Mart.,Philippines
Arecaceae,Caryota mitis,Lour.,Philippines
Arecaceae,Caryota rumphiana,Mart.,Philippines
Arecaceae,Cocos nucifera,L.,Philippines
Arecaceae,Corypha microclada,Becc.,Philippines
Arecaceae,Corypha utan,Lam.,Philippines
Arecaceae,Heterospathe brevicaulis,Fernando,Philippines
Arecaceae,Heterospathe cagayanensis,Becc.,Philippines
Arecaceae,Heterospathe califrons,Fernando,Philippines
Arecaceae,Heterospathe dransfieldii,Fernando,Philippines
Arecaceae,Heterospathe elata,Scheff.,Philippines
Arecaceae,Heterospathe elmeri,Becc.,Philippines
Arecaceae,Heterospathe fernandoi,Adorador,Philippines
Arecaceae,Heterospathe intermedia,(Becc.) Fernando,Philippines
Arecaceae,Heterospathe negrosensis,Becc.,Philippines
Arecaceae,Heterospathe philippinensis,(Becc.) Becc.,Philippines
Arecaceae,Heterospathe scitula,Fernando,Philippines
Arecaceae,Heterospathe sibuyanensis,Becc.,Philippines
Arecaceae,Heterospathe trispatha,Fernando,Philippines
Arecaceae,Licuala spinosa,Wurmb,Philippines
Arecaceae,Livistona saribus,(Lour.) Merr. ex A.Chev.,Philippines
Arecaceae,Nypa fruticans,Wurmb,Philippines
Arecaceae,Oncosperma gracilipes,Becc.,Philippines
Arecaceae,Oncosperma horridum,(Griff.) Scheff.,Philippines
Arecaceae,Oncosperma platyphyllum,Becc.,Philippines
Arecaceae,Orania decipiens,Becc.,Philippines
Arecaceae,Orania palindan,(Blanco) Merr.,Philippines
Arecaceae,Orania paraguanensis,Becc.,Philippines
Arecaceae,Phoenix loureiroi,Kunth,Philippines
Arecaceae,Pinanga basilanensis,Becc.,Philippines
Arecaceae,Pinanga batanensis,Becc.,Philippines
Arecaceae,Pinanga bicolana,Fernando,Philippines
Arecaceae,Pinanga egregia,Fernando,Philippines
Arecaceae,Pinanga geonomiformis,Becc.,Philippines
Arecaceae,Pinanga glaucifolia,Fernando,Philippines
Arecaceae,Pinanga heterophylla,Becc.,Philippines
Arecaceae,Pinanga insignis,Becc.,Philippines
Arecaceae,Pinanga modesta,Becc.,Philippines
Arecaceae,Pinanga negrosensis,Becc.,Philippines
Arecaceae,Pinanga rigida,Becc.,Philippines
Arecaceae,Pinanga samarana,Becc.,Philippines
Arecaceae,Pinanga sclerophylla,Becc.,Philippines
Arecaceae,Pinanga sibuyanensis,Becc.,Philippines
Arecaceae,Pinanga sobolifera,Fernando,Philippines
Arecaceae,Pinanga urdanetensis,Becc.,Philippines
Arecaceae,Pinanga urosperma,Becc.,Philippines
Arecaceae,Pinanga woodiana,Becc.,Philippines
Arecaceae,Saribus merrillii,(Becc.) Bacon & W.J.Baker,Philippines
Arecaceae,Saribus rotundifolius,(Lam.) Blume,Philippines
Asparagaceae,Dracaena multiflora,Warb. ex P.Sarasin & Sarasin,Philippines
Asteraceae,Blumea balsamifera,DC.,Philippines
Asteraceae,Senecio scandens,Buch.-Ham. ex D.Don,Philippines
Asteraceae,Strobocalyx arborea,(Buch.-Ham.) Sch.Bip.,Philippines
Asteraceae,Vernonia lancifolia,Merr.,Philippines
Bignoniaceae,Dolichandrone spathacea,(L.f.) Seem.,Philippines
Bignoniaceae,Oroxylum indicum,(L.) Kurz,Philippines
Bignoniaceae,Radermachera coriacea,Merr.,Philippines
Bignoniaceae,Radermachera gigantea,(Blume) Miq.,Philippines
Bignoniaceae,Radermachera glandulosa,(Blume) Miq.,Philippines
Bignoniaceae,Radermachera quadripinnata,(Blanco) Seem.,Philippines
Boraginaceae,Cordia aspera,G.Forst.,Philippines
Boraginaceae,Cordia dichotoma,G.Forst.,Philippines
Boraginaceae,Cordia subcordata,Lam.,Philippines
Boraginaceae,Ehretia philippinensis,A.DC.,Philippines
Boraginaceae,Ehretia resinosa,Hance,Philippines
Boraginaceae,Heliotropium arboreum,(Blanco) Mabb.,Philippines
Burseraceae,Canarium acutifolium,(DC.) Merr.,Philippines
Burseraceae,Canarium asperum,Benth.,Philippines
Burseraceae,Canarium denticulatum,Blume,Philippines
Burseraceae,Canarium euryphyllum,G.Perkins,Philippines
Burseraceae,Canarium gracile,Engl.,Philippines
Burseraceae,Canarium hirsutum,Willd.,Philippines
Burseraceae,Canarium luzonicum,(Blume) A.Gray,Philippines
Burseraceae,Canarium odontophyllum,Miq.,Philippines
Burseraceae,Canarium ovatum,Engl.,Philippines
Burseraceae,Canarium vrieseanum,Engl.,Philippines
Burseraceae,Dacryodes costata,(A.W.Benn.) H.J.Lam,Philippines
Burseraceae,Dacryodes incurvata,(Engl.) H.J.Lam,Philippines
Burseraceae,Dacryodes longifolia,(King) H.J.Lam,Philippines
Burseraceae,Dacryodes rostrata,(Blume) H.J.Lam,Philippines
Burseraceae,Garuga floribunda,Decne.,Philippines
Burseraceae,Protium connarifolium,Merr.,Philippines
Burseraceae,Santiria apiculata,A.W.Benn.,Philippines
Burseraceae,Santiria laevigata,Blume,Philippines
Burseraceae,Santiria tomentosa,Blume,Philippines
Buxaceae,Buxus loheri,Merr.,Philippines
Buxaceae,Buxus pachyphylla,Merr.,Philippines
Buxaceae,Buxus rolfei,S.Vidal,Philippines
Calophyllaceae,Calophyllum blancoi,Planch. & Triana,Philippines
Calophyllaceae,Calophyllum brachyphyllum,Merr.,Philippines
Calophyllaceae,Calophyllum cucullatum,Merr.,Philippines
Calophyllaceae,Calophyllum dasypodium,Miq.,Philippines
Calophyllaceae,Calophyllum gracilipes,Merr.,Philippines
Calophyllaceae,Calophyllum inophyllum,L.,Philippines
Calophyllaceae,Calophyllum obliquinervium,Merr.,Philippines
Calophyllaceae,Calophyllum oliganthum,Merr.,Philippines
Calophyllaceae,Calophyllum pentapetalum,(Blanco) Merr.,Philippines
Calophyllaceae,Calophyllum soulattri,Burm.f.,Philippines
Calophyllaceae,Calophyllum vanoverberghii,Merr.,Philippines
Calophyllaceae,Calophyllum venulosum,Zoll.,Philippines
Calophyllaceae,Calophyllum whitfordii,Merr.,Philippines
Calophyllaceae,Kayea paniculata,(Blanco) Merr.,Philippines
Cannabaceae,Aphananthe philippinensis,Planch.,Philippines
Cannabaceae,Celtis latifolia,(Blume) Planch.,Philippines
Cannabaceae,Celtis luzonica,Warb.,Philippines
Cannabaceae,Celtis philippensis,Blanco,Philippines
Cannabaceae,Celtis rubrovenia,Elmer,Philippines
Cannabaceae,Celtis timorensis,Span.,Philippines
Cannabaceae,Gironniera celtidifolia,Gaudich.,Philippines
Cannabaceae,Trema cannabinum,Lour.,Philippines
Cannabaceae,Trema orientale,(L.) Blume,Philippines
Cannabaceae,Trema tomentosum,(Roxb.) H.Hara,Philippines
Capparaceae,Capparis micracantha,DC.,Philippines
Capparaceae,Capparis pubiflora,DC.,Philippines
Capparaceae,Crateva religiosa,G.Forst.,Philippines
Cardiopteridaceae,Citronella latifolia,(Merr.) R.A.Howard,Philippines
Cardiopteridaceae,Citronella philippinensis,(Merr.) R.A.Howard,Philippines
Cardiopteridaceae,Gonocaryum calleryanum,(Baill.) Becc.,Philippines
Cardiopteridaceae,Gonocaryum cognatum,Elmer,Philippines
Casuarinaceae,Casuarina equisetifolia,L.,Philippines
Casuarinaceae,Ceuthostoma palawanense,L.A.S.Johnson,Philippines
Casuarinaceae,Ceuthostoma terminale,L.A.S.Johnson,Philippines
Celastraceae,Elaeodendron viburnifolium,(Juss.) Merr.,Philippines
Celastraceae,Euonymus cochinchinensis,Pierre,Philippines
Celastraceae,Euonymus glandulosus,(Merr.) Ding Hou,Philippines
Celastraceae,Euonymus indicus,B.Heyne ex Wall.,Philippines
Celastraceae,Glyptopetalum acuminatissimum,Merr.,Philippines
Celastraceae,Glyptopetalum euonymoides,Merr.,Philippines
Celastraceae,Glyptopetalum euphlebium,(Merr.) Merr.,Philippines
Celastraceae,Glyptopetalum loheri,Merr.,Philippines
Celastraceae,Glyptopetalum marivelense,Merr.,Philippines
Celastraceae,Glyptopetalum palawanense,Merr.,Philippines
Celastraceae,Gymnosporia diversifolia,Maxim.,Philippines
Celastraceae,Gymnosporia nitida,Merr.,Philippines
Celastraceae,Gymnosporia spinosa,(Blanco) Merr. & Rolfe,Philippines
Celastraceae,Kokoona ochracea,Merr.,Philippines
Celastraceae,Lophopetalum javanicum,(Zoll.) Turcz.,Philippines
Celastraceae,Microtropis curranii,Merr.,Philippines
Celastraceae,Microtropis platyphylla,Merr.,Philippines
Celastraceae,Pleurostylia opposita,(Wall.) Alston,Philippines
Celastraceae,Salacia chinensis,L.,Philippines
Centroplacaceae,Bhesa paniculata,Arn.,Philippines
Chloranthaceae,Ascarina philippinensis,C.B.Rob.,Philippines
Chrysobalanaceae,Angelesia splendens,Korth.,Philippines
Chrysobalanaceae,Atuna excelsa,(Jack) Kosterm.,Philippines
Chrysobalanaceae,Parinari costata,(Korth.) Blume,Philippines
Clethraceae,Clethra pulgarensis,Elmer,Philippines
Clethraceae,Clethra tomentella,Rolfe ex Dunn,Philippines
Clusiaceae,Garcinia bicolorata,Elmer,Philippines
Clusiaceae,Garcinia binucao,(Blanco) Choisy,Philippines
Clusiaceae,Garcinia brevirostris,Scheff.,Philippines
Clusiaceae,Garcinia busuangaensis,Merr.,Philippines
Clusiaceae,Garcinia celebica,L.,Philippines
Clusiaceae,Garcinia cordata,Merr.,Philippines
Clusiaceae,Garcinia dives,Pierre,Philippines
Clusiaceae,Garcinia dulcis,(Roxb.) Kurz,Philippines
Clusiaceae,Garcinia heterophylla,Merr.,Philippines
Clusiaceae,Garcinia ituman,Merr.,Philippines
Clusiaceae,Garcinia linearifolia,Elmer,Philippines
Clusiaceae,Garcinia loheri,Merr.,Philippines
Clusiaceae,Garcinia luzoniensis,Merr.,Philippines
Clusiaceae,Garcinia macgregorii,Merr,Philippines
Clusiaceae,Garcinia mindanaensis,Merr.,Philippines
Clusiaceae,Garcinia moseleyana,Pierre,Philippines
Clusiaceae,Garcinia multibracteolata,Merr.,Philippines
Clusiaceae,Garcinia nervosa,Miq.,Philippines
Clusiaceae,Garcinia pacifica,Merr.,Philippines
Clusiaceae,Garcinia ramosii,Merr.,Philippines
Clusiaceae,Garcinia rhizophoroides,Elmer,Philippines
Clusiaceae,Garcinia rubra,Merr.,Philippines
Clusiaceae,Garcinia samarensis,Merr.,Philippines
Clusiaceae,Garcinia subelliptica,Merr.,Philippines
Clusiaceae,Garcinia sulphurea,Elmer,Philippines
Clusiaceae,Garcinia tetrandra,Pierre,Philippines
Clusiaceae,Garcinia venulosa,(Blanco) Choisy,Philippines
Clusiaceae,Garcinia vidalii,Merr.,Philippines
Clusiaceae,Garcinia xanthochymus,Hook.f. ex T.Anderson,Philippines
Combretaceae,Lumnitzera littorea,(Jack) Voigt,Philippines
Combretaceae,Lumnitzera racemosa,Willd.,Philippines
Combretaceae,Terminalia bialata,(Roxb.) Steud.,Philippines
Combretaceae,Terminalia calamansanai,(Blanco) Rolfe,Philippines
Combretaceae,Terminalia catappa,L.,Philippines
Combretaceae,Terminalia citrina,(Gaertn.) Roxb.,Philippines
Combretaceae,Terminalia copelandii,Elmer,Philippines
Combretaceae,Terminalia darlingii,Merr.,Philippines
Combretaceae,Terminalia foetidissima,Griff.,Philippines
Combretaceae,Terminalia macrantha,Rojo,Philippines
Combretaceae,Terminalia microcarpa,Decne.,Philippines
Combretaceae,Terminalia nitens,C.Presl,Philippines
Combretaceae,Terminalia pellucida,C.Presl,Philippines
Combretaceae,Terminalia plagata,Merr.,Philippines
Combretaceae,Terminalia polyantha,C. Presl,Philippines
Combretaceae,Terminalia procera,Roxb.,Philippines
Combretaceae,Terminalia surigaensis,Merr.,Philippines
Connaraceae,Agelaea borneensis,(Hook.f.) Merr.,Philippines
Connaraceae,Agelaea macrophylla,(Zoll.) Leenh.,Philippines
Connaraceae,Agelaea trinervis,(Llanos) Merr.,Philippines
Connaraceae,Connarus grandis,Jack,Philippines
Connaraceae,Connarus semidecandrus,Jack,Philippines
Connaraceae,Ellipanthus tomentosus,Kurz,Philippines
Cornaceae,Alangium chinense,(Lour.) Harms,Philippines
Cornaceae,Alangium longiflorum,Merr.,Philippines
Cornaceae,Alangium meyeri,Merr.,Philippines
Cornaceae,Alangium pilosum,Merr.,Philippines
Cornaceae,Alangium salviifolium,(L.f.) Wangerin,Philippines
Crypteroniaceae,Crypteronia cumingii,(Planch.) Endl.,Philippines
Crypteroniaceae,Crypteronia paniculata,Blume,Philippines
Ctenolophonaceae,Ctenolophon parvifolius,Oliv.,Philippines
Cunoniaceae,Ackama celebica,(Blume) Pillon & H.C.Hopkins,Philippines
Cunoniaceae,Pterophylla lucida,(Merr.) Pillon & H.C.Hopkins,Philippines
Cunoniaceae,Weinmannia luzoniensis,S.Vidal,Philippines
Cunoniaceae,Weinmannia urdanetensis,Elmer,Philippines
Cycadaceae,Cycas curranii,(J.Schust.) K.D.Hill,Philippines
Cycadaceae,Cycas edentata,de Laub.,Philippines
Cycadaceae,Cycas riuminiana,Porte ex Regel,Philippines
Cycadaceae,Cycas saxatilis,K.D.Hill & A.Lindstr.,Philippines
Cycadaceae,Cycas wadei,Merrill,Philippines
Cycadaceae,Cycas zambalensis,Madulid & Agoo,Philippines
Daphniphyllaceae,Daphniphyllum buchananiifolium,Hallier f.,Philippines
Daphniphyllaceae,Daphniphyllum luzonense,Elmer,Philippines
Dichapetalaceae,Dichapetalum gelonioides,(Roxb.) Engl.,Philippines
Dichapetalaceae,Dichapetalum timoriense,(DC.) Boerl.,Philippines
Dichapetalaceae,Dichapetalum tricapsulare,(Blanco) Merr.,Philippines
Dilleniaceae,Dillenia bolsteri,Merr.,Philippines
Dilleniaceae,Dillenia diantha,Hoogland,Philippines
Dilleniaceae,Dillenia fischeri,Merr.,Philippines
Dilleniaceae,Dillenia indica,L.,Philippines
Dilleniaceae,Dillenia luzoniensis,(S.Vidal) Merr.,Philippines
Dilleniaceae,Dillenia marsupialis,Hoogland,Philippines
Dilleniaceae,Dillenia megalantha,Merr.,Philippines
Dilleniaceae,Dillenia monantha,Merr.,Philippines
Dilleniaceae,Dillenia philippinensis,Rolfe,Philippines
Dilleniaceae,Dillenia pteropoda,(Miq.) Hoogland,Philippines
Dilleniaceae,Dillenia reifferscheidia,Fern.-Vill.,Philippines
Dilleniaceae,Dillenia sibuyanensis,(Elmer) Merr.,Philippines
Dipentodontaceae,Perrottetia alpestris,(Blume) Loes.,Philippines
Dipterocarpaceae,Anisoptera aurea,Foxw.,Philippines
Dipterocarpaceae,Anisoptera costata,Korth.,Philippines
Dipterocarpaceae,Anisoptera thurifera,(Blanco) Blume,Philippines
Dipterocarpaceae,Dipterocarpus alatus,Roxb. ex G.Don,Philippines
Dipterocarpaceae,Dipterocarpus condorensis,Pierre,Philippines
Dipterocarpaceae,Dipterocarpus eurhynchus,Miq.,Philippines
Dipterocarpaceae,Dipterocarpus gracilis,Blume,Philippines
Dipterocarpaceae,Dipterocarpus grandiflorus,(Blanco) Blanco,Philippines
Dipterocarpaceae,Dipterocarpus hasseltii,Blume,Philippines
Dipterocarpaceae,Dipterocarpus kerrii,King,Philippines
Dipterocarpaceae,Dipterocarpus kunstleri,King,Philippines
Dipterocarpaceae,Dipterocarpus orbicularis,Foxw.,Philippines
Dipterocarpaceae,Dipterocarpus pseudocornutus,P.S.Ashton,Philippines
Dipterocarpaceae,Dipterocarpus validus,Blume,Philippines
Dipterocarpaceae,Hopea acuminata,Merr.,Philippines
Dipterocarpaceae,Hopea basilanica,Foxw.,Philippines
Dipterocarpaceae,Hopea brachyptera,(Foxw.) Slooten,Philippines
Dipterocarpaceae,Hopea cagayanensis,(Foxw.) Slooten,Philippines
Dipterocarpaceae,Hopea foxworthyi,Elmer,Philippines
Dipterocarpaceae,Hopea malibato,Foxw.,Philippines
Dipterocarpaceae,Hopea mindanensis,Foxw.,Philippines
Dipterocarpaceae,Hopea philippinensis,Dyer,Philippines
Dipterocarpaceae,Hopea plagata,(Blanco) S.Vidal,Philippines
Dipterocarpaceae,Hopea quisumbingiana,H.G.Gut.,Philippines
Dipterocarpaceae,Hopea reynosoi,"H.G.Gut., Rojo & Madulid",Philippines
Dipterocarpaceae,Hopea samarensis,H.G.Gut.,Philippines
Dipterocarpaceae,Hopea santosiana,"H.G.Gut., Rojo & Madulid",Philippines
Dipterocarpaceae,Parashorea malaanonan,(Blanco) Merr.,Philippines
Dipterocarpaceae,Parashorea warburgii,Brandis,Philippines
Dipterocarpaceae,Shorea almon,Foxw.,Philippines
Dipterocarpaceae,Shorea arsorianoi,"H.G.Gut., Rojo & Madulid",Philippines
Dipterocarpaceae,Shorea assamica,Dyer,Philippines
Dipterocarpaceae,Shorea astylosa,Foxw.,Philippines
Dipterocarpaceae,Shorea contorta,S.Vidal,Philippines
Dipterocarpaceae,Shorea falciferoides,Foxw.,Philippines
Dipterocarpaceae,Shorea guiso,(Blanco) Blume,Philippines
Dipterocarpaceae,Shorea hopeifolia,(F.Heim) Symington,Philippines
Dipterocarpaceae,Shorea malibato,Foxw.,Philippines
Dipterocarpaceae,Shorea negrosensis,Foxw.,Philippines
Dipterocarpaceae,Shorea ovata,Dyer ex Brandis,Philippines
Dipterocarpaceae,Shorea palosapis,Merr.,Philippines
Dipterocarpaceae,Shorea polita,S.Vidal,Philippines
Dipterocarpaceae,Shorea polysperma,Merr.,Philippines
Dipterocarpaceae,Shorea seminis,Slooten,Philippines
Dipterocarpaceae,Shorea virescens,Parijs,Philippines
Dipterocarpaceae,Vatica elliptica,Foxw.,Philippines
Dipterocarpaceae,Vatica mangachapoi,Blanco,Philippines
Dipterocarpaceae,Vatica maritima,Slooten,Philippines
Dipterocarpaceae,Vatica mendozae,"H.G.Gut., Rojo & Madulid",Philippines
Dipterocarpaceae,Vatica odorata,(Griff.) Symington,Philippines
Dipterocarpaceae,Vatica pachyphylla,Merr.,Philippines
Dipterocarpaceae,Vatica rassak,(Korth.) Blume,Philippines
Dipterocarpaceae,Vatica umbonata,(Hook.f.) Burck,Philippines
Ebenaceae,Diospyros blancoi,A.DC.,Philippines
Ebenaceae,Diospyros brideliifolia,Elmer,Philippines
Ebenaceae,Diospyros buxifolia,(Blume) Hiern,Philippines
Ebenaceae,Diospyros calcicola,Merr.,Philippines
Ebenaceae,Diospyros cauliflora,Blume,Philippines
Ebenaceae,Diospyros curranii,Merr.,Philippines
Ebenaceae,Diospyros diepenhorstii,Miq.,Philippines
Ebenaceae,Diospyros elliptifolia,Merr.,Philippines
Ebenaceae,Diospyros everettii,Merr.,Philippines
Ebenaceae,Diospyros ferrea,(Willd.) Bakh.,Philippines
Ebenaceae,Diospyros hebecarpa,A.Cunn. ex Benth.,Philippines
Ebenaceae,Diospyros heishi,Govaerts,Philippines
Ebenaceae,Diospyros korthalsiana,Hiern,Philippines
Ebenaceae,Diospyros lanceifolia,Roxb.,Philippines
Ebenaceae,Diospyros longiciliata,Merr.,Philippines
Ebenaceae,Diospyros macrophylla,Blume,Philippines
Ebenaceae,Diospyros maritima,Blume,Philippines
Ebenaceae,Diospyros mindanaensis,Merr.,Philippines
Ebenaceae,Diospyros multibracteata,(Merr.) Bakh.,Philippines
Ebenaceae,Diospyros multiflora,Blanco,Philippines
Ebenaceae,Diospyros oblonga,Wall. ex G.Don,Philippines
Ebenaceae,Diospyros philippinensis,A.DC.,Philippines
Ebenaceae,Diospyros poncei,Merr.,Philippines
Ebenaceae,Diospyros pyrrhocarpa,Miq.,Philippines
Ebenaceae,Diospyros streptosepala,Merr.,Philippines
Ebenaceae,Diospyros tenuipes,Merr.,Philippines
Ebenaceae,Diospyros toposia,Buch.-Ham.,Philippines
Ebenaceae,Diospyros transita,(Bakh.) Kosterm.,Philippines
Ebenaceae,Diospyros ulo,Merr.,Philippines
Ebenaceae,Diospyros venosa,Wall. ex A.DC.,Philippines
Ebenaceae,Diospyros whitfordii,Merr.,Philippines
Elaeocarpaceae,Elaeocarpus affinis,Merr.,Philippines
Elaeocarpaceae,Elaeocarpus angustifolius,Blume,Philippines
Elaeocarpaceae,Elaeocarpus argenteus,Merr.,Philippines
Elaeocarpaceae,Elaeocarpus bataanensis,Merr.,Philippines
Elaeocarpaceae,Elaeocarpus bontocensis,Merr.,Philippines
Elaeocarpaceae,Elaeocarpus branderhorstii,Pulle,Philippines
Elaeocarpaceae,Elaeocarpus burebidensis,Elmer,Philippines
Elaeocarpaceae,Elaeocarpus calomala,(Blanco) Merr.,Philippines
Elaeocarpaceae,Elaeocarpus candollei,Elmer,Philippines
Elaeocarpaceae,Elaeocarpus cuernosensis,Elmer,Philippines
Elaeocarpaceae,Elaeocarpus culminicola,Warb.,Philippines
Elaeocarpaceae,Elaeocarpus cumingii,Turcz.,Philippines
Elaeocarpaceae,Elaeocarpus curranii,Merr.,Philippines
Elaeocarpaceae,Elaeocarpus dinagatensis,Merr.,Philippines
Elaeocarpaceae,Elaeocarpus elmeri,DC.,Philippines
Elaeocarpaceae,Elaeocarpus floribundus,Blume,Philippines
Elaeocarpaceae,Elaeocarpus forbesii,Merr.,Philippines
Elaeocarpaceae,Elaeocarpus foxworthyi,Merr.,Philippines
Elaeocarpaceae,Elaeocarpus fulvus,Elmer,Philippines
Elaeocarpaceae,Elaeocarpus gammillii,Knuth,Philippines
Elaeocarpaceae,Elaeocarpus gigantifolius,Elmer,Philippines
Elaeocarpaceae,Elaeocarpus gitingensis,Elmer,Philippines
Elaeocarpaceae,Elaeocarpus grandiflorus,Sm.,Philippines
Elaeocarpaceae,Elaeocarpus halconensis,Merr.,Philippines
Elaeocarpaceae,Elaeocarpus ilocanus,Merr.,Philippines
Elaeocarpaceae,Elaeocarpus isotrichus,(Turcz.) Fern.-Vill.,Philippines
Elaeocarpaceae,Elaeocarpus lagunensis,Knuth,Philippines
Elaeocarpaceae,Elaeocarpus laxirameus,Elmer,Philippines
Elaeocarpaceae,Elaeocarpus leytensis,Merr.,Philippines
Elaeocarpaceae,Elaeocarpus luzonicus,Merr.,Philippines
Elaeocarpaceae,Elaeocarpus macranthus,Merr.,Philippines
Elaeocarpaceae,Elaeocarpus macrocerus,(Turcz.) Merr.,Philippines
Elaeocarpaceae,Elaeocarpus mandiae,Coode,Philippines
Elaeocarpaceae,Elaeocarpus megacarpus,Elmer,Philippines
Elaeocarpaceae,Elaeocarpus merrittii,Merr.,Philippines
Elaeocarpaceae,Elaeocarpus mindanaensis,Merr.,Philippines
Elaeocarpaceae,Elaeocarpus mindoroensis,Knuth,Philippines
Elaeocarpaceae,Elaeocarpus mollis,Merr.,Philippines
Elaeocarpaceae,Elaeocarpus monocera,Cav.,Philippines
Elaeocarpaceae,Elaeocarpus multiflorus,(Turcz.) Fern.-Vill.,Philippines
Elaeocarpaceae,Elaeocarpus murudensis,Merr.,Philippines
Elaeocarpaceae,Elaeocarpus nervosus,Elmer,Philippines
Elaeocarpaceae,Elaeocarpus nitidulus,Knuth,Philippines
Elaeocarpaceae,Elaeocarpus octopetalus,Merr.,Philippines
Elaeocarpaceae,Elaeocarpus ovalis,Miq.,Philippines
Elaeocarpaceae,Elaeocarpus parvilimbus,Merr.,Philippines
Elaeocarpaceae,Elaeocarpus pedunculatus,Wall. ex Mast.,Philippines
Elaeocarpaceae,Elaeocarpus philippinensis,Warb.,Philippines
Elaeocarpaceae,Elaeocarpus ramiflorus,Merr.,Philippines
Elaeocarpaceae,Elaeocarpus samari,Weibel,Philippines
Elaeocarpaceae,Elaeocarpus surigaensis,Merr.,Philippines
Elaeocarpaceae,Elaeocarpus trichopetalus,Merr. & Quisumb.,Philippines
Elaeocarpaceae,Elaeocarpus triflorus,Merr.,Philippines
Elaeocarpaceae,Elaeocarpus urophyllus,Merr. & Quisumb.,Philippines
Elaeocarpaceae,Elaeocarpus venosus,C.B.Rob.,Philippines
Elaeocarpaceae,Elaeocarpus verruculosus,DC.,Philippines
Elaeocarpaceae,Elaeocarpus versicolor,Elmer,Philippines
Elaeocarpaceae,Elaeocarpus verticillatus,Elmer,Philippines
Elaeocarpaceae,Elaeocarpus zambalensis,Elmer,Philippines
Elaeocarpaceae,Sloanea javanica,(Miq.) Koord. & Valeton,Philippines
Ericaceae,Gaultheria luzonica,A.Gray,Philippines
Ericaceae,Rhododendron edanoi,Merr. & Quisumb.,Philippines
Ericaceae,Rhododendron javanicum,(Blume) Benn.,Philippines
Ericaceae,Rhododendron quadrasianum,S.Vidal,Philippines
Ericaceae,Rhododendron williamsii,Merr. ex H.F.Copel.,Philippines
Ericaceae,Rhododendron zollingeri,J.J.Sm.,Philippines
Ericaceae,Vaccinium agusanense,Elmer,Philippines
Ericaceae,Vaccinium alvarezii,Merr.,Philippines
Ericaceae,Vaccinium bancanum,Miq.,Philippines
Ericaceae,Vaccinium banksii,Merr.,Philippines
Ericaceae,Vaccinium barandanum,S.Vidal,Philippines
Ericaceae,Vaccinium benguetense,S.Vidal,Philippines
Ericaceae,Vaccinium brachytrichum,Sleumer,Philippines
Ericaceae,Vaccinium camiguinense,Merr.,Philippines
Ericaceae,Vaccinium caudatum,Warb.,Philippines
Ericaceae,Vaccinium cumingianum,S.Vidal,Philippines
Ericaceae,Vaccinium elegans,Elmer,Philippines
Ericaceae,Vaccinium epiphyticum,Merr.,Philippines
Ericaceae,Vaccinium luzoniense,S.Vidal,Philippines
Ericaceae,Vaccinium nitens,Sleumer,Philippines
Ericaceae,Vaccinium oscarlopezianum,Co,Philippines
Ericaceae,Vaccinium palawanense,Merr.,Philippines
Ericaceae,Vaccinium perrigidum,Elmer,Philippines
Ericaceae,Vaccinium philippinense,Warb.,Philippines
Ericaceae,Vaccinium pseudocaudatum,Sleumer,Philippines
Ericaceae,Vaccinium sylvaticum,Elmer,Philippines
Ericaceae,Vaccinium trichocarpum,Sleumer,Philippines
Ericaceae,Vaccinium vidalii,Merr. & Rolfe,Philippines
Ericaceae,Vaccinium whitfordii,Merr.,Philippines
Ericaceae,Vaccinium woodianum,H.F.Copel.,Philippines
Erythroxylaceae,Erythroxylum cuneatum,(Miq.) Kurz,Philippines
Escalloniaceae,Polyosma fragrans,Benn.,Philippines
Escalloniaceae,Polyosma integrifolia,Blume,Philippines
Euphorbiaceae,Acalypha angatensis,Blanco,Philippines
Euphorbiaceae,Acalypha cardiophylla,Merr.,Philippines
Euphorbiaceae,Acalypha caturus,Blume,Philippines
Euphorbiaceae,Acalypha grandibracteata,Merr.,Philippines
Euphorbiaceae,Acalypha pulogensis,Sagun & G.A.Levin,Philippines
Euphorbiaceae,Agrostistachys borneensis,Becc.,Philippines
Euphorbiaceae,Agrostistachys indica,Dalzell,Philippines
Euphorbiaceae,Alchornea parviflora,(Benth.) Müll.Arg.,Philippines
Euphorbiaceae,Alchornea rugosa,(Lour.) Müll.Arg.,Philippines
Euphorbiaceae,Aleurites moluccanus,(L.) Willd.,Philippines
Euphorbiaceae,Balakata luzonica,(Vidal) Esser,Philippines
Euphorbiaceae,Blumeodendron borneense,Pax & K.Hoffm.,Philippines
Euphorbiaceae,Blumeodendron kurzii,(Hook.f.) J.J.Sm. ex Koord. & Valeton,Philippines
Euphorbiaceae,Blumeodendron subrotundifolium,(Elmer) Merr.,Philippines
Euphorbiaceae,Blumeodendron tokbrai,(Blume) Kurz,Philippines
Euphorbiaceae,Cheilosa montana,Blume,Philippines
Euphorbiaceae,Cladogynos orientalis,Zipp. ex Span.,Philippines
Euphorbiaceae,Claoxylon albicans,(Blanco) Merr.,Philippines
Euphorbiaceae,Claoxylon arboreum,Elmer,Philippines
Euphorbiaceae,Claoxylon brachyandrum,Pax & K.Hoffm.,Philippines
Euphorbiaceae,Claoxylon crassivenium,Pax & K.Hoffm.,Philippines
Euphorbiaceae,Claoxylon ellipticum,Merr.,Philippines
Euphorbiaceae,Claoxylon indicum,(Reinw. ex Blume) Hassk.,Philippines
Euphorbiaceae,Claoxylon longifolium,(Blume) Endl. ex Hassk.,Philippines
Euphorbiaceae,Claoxylon oblanceolatum,(Merr.) Pax & K.Hoffm.,Philippines
Euphorbiaceae,Claoxylon pubescens,Quisumb.,Philippines
Euphorbiaceae,Claoxylon spathulatum,Pax & K.Hoffm.,Philippines
Euphorbiaceae,Cleidion javanicum,Blume,Philippines
Euphorbiaceae,Cleidion microcarpum,Merr.,Philippines
Euphorbiaceae,Cleidion ramosii,(Merr.) Merr.,Philippines
Euphorbiaceae,Codiaeum macgregorii,Merr.,Philippines
Euphorbiaceae,Codiaeum variegatum,(L.) Rumph. ex A.Juss.,Philippines
Euphorbiaceae,Croton argyratus,Blume,Philippines
Euphorbiaceae,Croton cascarilloides,Raeusch.,Philippines
Euphorbiaceae,Croton caudatus,Geiseler,Philippines
Euphorbiaceae,Croton heterocarpus,Müll.Arg.,Philippines
Euphorbiaceae,Croton leiophyllus,Müll.Arg.,Philippines
Euphorbiaceae,Croton samarensis,Airy Shaw,Philippines
Euphorbiaceae,Croton singularis,Airy Shaw,Philippines
Euphorbiaceae,Croton tiglium,L.,Philippines
Euphorbiaceae,Croton verreauxii,Baill.,Philippines
Euphorbiaceae,Croton zambalensis,Merr.,Philippines
Euphorbiaceae,Doryxylon spinosum,Zoll.,Philippines
Euphorbiaceae,Endospermum ovatum,Merr.,Philippines
Euphorbiaceae,Endospermum peltatum,Merr.,Philippines
Euphorbiaceae,Euphorbia lacei,Craib,Philippines
Euphorbiaceae,Euphorbia plumerioides,Teijsm. ex Hassk.,Philippines
Euphorbiaceae,Excoecaria agallocha,L.,Philippines
Euphorbiaceae,Excoecaria bantamensis,Müll.Arg.,Philippines
Euphorbiaceae,Excoecaria philippinensis,Merr.,Philippines
Euphorbiaceae,Hancea cordatifolia,"(Slik) S.E.C.Sierra, Kulju & Welzen",Philippines
Euphorbiaceae,Hancea hirsuta,"(Elmer) S.E.C.Sierra, Kulju & Welzen",Philippines
Euphorbiaceae,Hancea longistyla,"(Merr.) S.E.C.Sierra, Kulju & Welzen",Philippines
Euphorbiaceae,Hancea penangensis,"(Müll.Arg.) S.E.C.Sierra, Kulju & Welzen",Philippines
Euphorbiaceae,Hancea wenzeliana,"(Slik) S.E.C.Sierra, Kulju & Welzen",Philippines
Euphorbiaceae,Homalanthus fastuosus,(Linden) Fern.-Vill.,Philippines
Euphorbiaceae,Homalanthus macradenius,Pax & K.Hoffm.,Philippines
Euphorbiaceae,Homalanthus populneus,(Geiseler) Pax,Philippines
Euphorbiaceae,Homonoia riparia,Lour.,Philippines
Euphorbiaceae,Lasiococca brevipes,(Merr.) Welzen & S.E.C.Sierra,Philippines
Euphorbiaceae,Macaranga amplifolia,Merr.,Philippines
Euphorbiaceae,Macaranga auctoris,Whitmore,Philippines
Euphorbiaceae,Macaranga balabacensis,Pax & K.Hoffm.,Philippines
Euphorbiaceae,Macaranga bicolor,Müll.Arg.,Philippines
Euphorbiaceae,Macaranga caudatifolia,Elmer,Philippines
Euphorbiaceae,Macaranga congestiflora,Merr.,Philippines
Euphorbiaceae,Macaranga cumingii,(Baill.) Müll.Arg.,Philippines
Euphorbiaceae,Macaranga gigantifolia,Merr.,Philippines
Euphorbiaceae,Macaranga grandifolia,(Blanco) Merr.,Philippines
Euphorbiaceae,Macaranga hispida,(Blume) Müll.Arg.,Philippines
Euphorbiaceae,Macaranga leytensis,Merr.,Philippines
Euphorbiaceae,Macaranga lowii,King ex Hook.f.,Philippines
Euphorbiaceae,Macaranga mappa,(L.) Müll.Arg.,Philippines
Euphorbiaceae,Macaranga montana,Merr.,Philippines
Euphorbiaceae,Macaranga noblei,Elmer,Philippines
Euphorbiaceae,Macaranga ovatifolia,Merr.,Philippines
Euphorbiaceae,Macaranga ramiflora,Elmer,Philippines
Euphorbiaceae,Macaranga sinensis,(Baill.) Müll.Arg.,Philippines
Euphorbiaceae,Macaranga stonei,Whitmore,Philippines
Euphorbiaceae,Macaranga tanarius,(L.) Müll.Arg.,Philippines
Euphorbiaceae,Macaranga triloba,(Thunb.) Müll.Arg.,Philippines
Euphorbiaceae,Mallotus cauliflorus,Merr.,Philippines
Euphorbiaceae,Mallotus connatus,M.Aparicio,Philippines
Euphorbiaceae,Mallotus cumingii,Müll.Arg.,Philippines
Euphorbiaceae,Mallotus floribundus,(Blume) Müll.Arg.,Philippines
Euphorbiaceae,Mallotus korthalsii,Müll.Arg.,Philippines
Euphorbiaceae,Mallotus lackeyi,Elmer,Philippines
Euphorbiaceae,Mallotus leucocalyx,Müll.Arg.,Philippines
Euphorbiaceae,Mallotus minimifructus,S.E.C.Sierra,Philippines
Euphorbiaceae,Mallotus miquelianus,(Scheff.) Boerl.,Philippines
Euphorbiaceae,Mallotus mollissimus,(Geiseler) Airy Shaw,Philippines
Euphorbiaceae,Mallotus nudiflorus,(L.) Kulju & Welzen,Philippines
Euphorbiaceae,Mallotus paniculatus,(Lam.) Müll.Arg.,Philippines
Euphorbiaceae,Mallotus peltatus,(Geiseler) Müll.Arg.,Philippines
Euphorbiaceae,Mallotus philippensis,(Lam.) Müll.Arg.,Philippines
Euphorbiaceae,Mallotus repandus,(Rottler) Müll.Arg.,Philippines
Euphorbiaceae,Mallotus resinosus,(Blanco) Merr.,Philippines
Euphorbiaceae,Mallotus tiliifolius,(Blume) Müll.Arg.,Philippines
Euphorbiaceae,Melanolepis multiglandulosa,(Reinw. ex Blume) Rchb. & Zoll.,Philippines
Euphorbiaceae,Neoscortechinia nicobarica,(Hook.f.) Pax & K.Hoffm.,Philippines
Euphorbiaceae,Neoscortechinia philippinensis,(Merr.) Welzen,Philippines
Euphorbiaceae,Omphalea malayana,Merr.,Philippines
Euphorbiaceae,Paracroton pendulus,(Hassk.) Miq.,Philippines
Euphorbiaceae,Ptychopyxis bacciformis,Croizat,Philippines
Euphorbiaceae,Reutealis trisperma,(Blanco) Airy Shaw,Philippines
Euphorbiaceae,Shirakiopsis sanchezii,(Merr.) Esser,Philippines
Euphorbiaceae,Spathiostemon javensis,Blume,Philippines
Euphorbiaceae,Stillingia lineata,(Lam.) Müll.Arg.,Philippines
Euphorbiaceae,Strophioblachia fimbricalyx,Boerl.,Philippines
Euphorbiaceae,Suregada glomerulata,(Blume) Baill.,Philippines
Euphorbiaceae,Suregada racemulosa,(Merr.) Croizat,Philippines
Euphorbiaceae,Suregada stenophylla,(Merr.) Croizat,Philippines
Euphorbiaceae,Triadica cochinchinensis,Lour.,Philippines
Euphorbiaceae,Trigonostemon angustifolius,Merr.,Philippines
Euphorbiaceae,Trigonostemon capillipes,(Hook.f.) Airy Shaw,Philippines
Euphorbiaceae,Trigonostemon filiformis,Quisumb.,Philippines
Euphorbiaceae,Trigonostemon laevigatus,Müll.Arg.,Philippines
Euphorbiaceae,Trigonostemon longifolius,Baill. ex Müll.Arg.,Philippines
Euphorbiaceae,Trigonostemon longipes,(Merr.) Merr.,Philippines
Euphorbiaceae,Trigonostemon oblongifolius,Merr.,Philippines
Euphorbiaceae,Trigonostemon philippinensis,Stapf,Philippines
Euphorbiaceae,Trigonostemon victoriae,R.Y.Yu & Welzen,Philippines
Euphorbiaceae,Trigonostemon villosus,Hook.f.,Philippines
Euphorbiaceae,Trigonostemon viridissimus,(Kurz) Airy Shaw,Philippines
Euphorbiaceae,Trigonostemon whiteanus,(Croizat) Airy Shaw,Philippines
Euphorbiaceae,Tritaxis denticulata,(Merr.) R.Y.Yu & Welzen,Philippines
Euphorbiaceae,Tritaxis ixoroides,(C.B.Rob.) R.Y.Yu & Welzen,Philippines
Euphorbiaceae,Tritaxis malayana,(Hook.f.) R.Y.Yu & Welzen,Philippines
Euphorbiaceae,Wetria insignis,(Steud.) Airy Shaw,Philippines
Fabaceae,Acacia confusa,Merr.,Philippines
Fabaceae,Adenanthera intermedia,Merr.,Philippines
Fabaceae,Adenanthera kostermansii,I.C.Nielsen,Philippines
Fabaceae,Afzelia rhomboidea,(Blanco) Fern.-Vill.,Philippines
Fabaceae,Albizia acle,(Blanco) Merr.,Philippines
Fabaceae,Albizia chinensis,(Osbeck) Merr.,Philippines
Fabaceae,Albizia corniculata,(Lour.) Druce,Philippines
Fabaceae,Albizia lebbekoides,(DC.) Benth.,Philippines
Fabaceae,Albizia pedicellata,Baker ex Benth.,Philippines
Fabaceae,Albizia philippinensis,I.C.Nielsen,Philippines
Fabaceae,Albizia procera,(Roxb.) Benth.,Philippines
Fabaceae,Albizia retusa,Benth.,Philippines
Fabaceae,Albizia saponaria,(Lour.) Blume ex Miq.,Philippines
Fabaceae,Archidendron apoense,(Elmer) I.C.Nielsen,Philippines
Fabaceae,Archidendron clypearia,(Jack) I.C.Nielsen,Philippines
Fabaceae,Archidendron ellipticum,(Blume) I.C.Nielsen,Philippines
Fabaceae,Archidendron falcatum,I.C.Nielsen,Philippines
Fabaceae,Archidendron merrillii,(J.F.Macbr.) I.C.Nielsen,Philippines
Fabaceae,Archidendron pauciflorum,(Benth.) I.C.Nielsen,Philippines
Fabaceae,Archidendron scutiferum,(Blanco) I.C.Nielsen,Philippines
Fabaceae,Archidendron tenuiracemosum,Kaneh. & Hatus.,Philippines
Fabaceae,Bauhinia acuminata,L.,Philippines
Fabaceae,Bauhinia purpurea,L.,Philippines
Fabaceae,Biancaea parviflora,(Prain) Mayta & Molinari,Philippines
Fabaceae,Cassia javanica,L.,Philippines
Fabaceae,Chamaecrista mindanaensis,(Merr.) K.Larsen,Philippines
Fabaceae,Crudia blancoi,Rolfe,Philippines
Fabaceae,Crudia cauliflora,Merr.,Philippines
Fabaceae,Crudia gracilis,Prain,Philippines
Fabaceae,Cynometra cebuensis,F.Seid.,Philippines
Fabaceae,Cynometra copelandii,(Elmer) Merr.,Philippines
Fabaceae,Cynometra dongnaiensis,Pierre,Philippines
Fabaceae,Cynometra elmeri,Merr.,Philippines
Fabaceae,Cynometra inaequifolia,A.Gray,Philippines
Fabaceae,Cynometra iripa,Kostel.,Philippines
Fabaceae,Cynometra mirabilis,Meeuwen,Philippines
Fabaceae,Cynometra ramiflora,L.,Philippines
Fabaceae,Cynometra simplicifolia,Harms,Philippines
Fabaceae,Cynometra warburgii,Harms,Philippines
Fabaceae,Dalbergia ferruginea,Roxb.,Philippines
Fabaceae,Dalbergia mimosella,(Blanco) Prain,Philippines
Fabaceae,Dalbergia pinnata,(Lour.) Prain,Philippines
Fabaceae,Dendrolobium quinquepetalum,(Blanco) Schindl.,Philippines
Fabaceae,Dendrolobium umbellatum,(L.) Benth.,Philippines
Fabaceae,Erythrina fusca,Lour.,Philippines
Fabaceae,Erythrina microcarpa,Koord. & Valeton,Philippines
Fabaceae,Erythrina subumbrans,(Hassk.) Merr.,Philippines
Fabaceae,Erythrina variegata,L.,Philippines
Fabaceae,Fordia brachybotrys,Merr.,Philippines
Fabaceae,Gigasiphon dolichocalyx,(Merr.) de Wit,Philippines
Fabaceae,Guilandina bonduc,L.,Philippines
Fabaceae,Indigofera galegoides,DC.,Philippines
Fabaceae,Indigofera zollingeriana,Miq.,Philippines
Fabaceae,Inocarpus fagifer,(Parkinson ex F.A.Zorn) Fosberg,Philippines
Fabaceae,Intsia bijuga,(Colebr.) Kuntze,Philippines
Fabaceae,Koompassia excelsa,Taub.,Philippines
Fabaceae,Mezoneuron pubescens,Desf.,Philippines
Fabaceae,Millettia ahernii,Merr. & Rolfe,Philippines
Fabaceae,Millettia brachycarpa,Merr.,Philippines
Fabaceae,Millettia longipes,Perkins,Philippines
Fabaceae,Millettia platyphylla,Merr. ex Dunn,Philippines
Fabaceae,Millettia stipulata,Dunn,Philippines
Fabaceae,Ormosia bancana,(Miq.) Merr.,Philippines
Fabaceae,Ormosia calavensis,Azaola,Philippines
Fabaceae,Ormosia macrodisca,Baker,Philippines
Fabaceae,Ormosia paniculata,Merr.,Philippines
Fabaceae,Ormosia surigaensis,Merr.,Philippines
Fabaceae,Parkia sherfeseei,Merr.,Philippines
Fabaceae,Parkia speciosa,Hassk.,Philippines
Fabaceae,Parkia timoriana,(DC.) Merr.,Philippines
Fabaceae,Peltophorum pterocarpum,(DC.) Backer ex K.Heyne,Philippines
Fabaceae,Pericopsis mooniana,Thwaites,Philippines
Fabaceae,Piliostigma malabaricum,(Roxb.) Benth.,Philippines
Fabaceae,Pongamia pinnata,(L.) Pierre,Philippines
Fabaceae,Prioria alternifolia,(Elmer) Breteler,Philippines
Fabaceae,Pterocarpus indicus,Willd.,Philippines
Fabaceae,Schleinitzia megaladenia,(Merr.) P.Guinet & I.C.Nielsen,Philippines
Fabaceae,Senegalia rugata,(Lam.) Britton & Rose,Philippines
Fabaceae,Senna divaricata,(Nees & Blume) Lock,Philippines
Fabaceae,Senna surattensis,(Burm.f.) H.S.Irwin & Barneby,Philippines
Fabaceae,Serianthes grandiflora,Benth.,Philippines
Fabaceae,Sesbania grandiflora,(L.) Poir.,Philippines
Fabaceae,Sindora inermis,Merr.,Philippines
Fabaceae,Sindora supa,Merr.,Philippines
Fabaceae,Sophora tomentosa,L.,Philippines
Fabaceae,Sympetalandra densiflora,(Elmer) Steenis,Philippines
Fabaceae,Sympetalandra unijuga,(Shaw) Steenis,Philippines
Fabaceae,Wallaceodendron celebicum,Koord.,Philippines
Fagaceae,Castanopsis evansii,Elmer,Philippines
Fagaceae,Castanopsis glabra,Merr.,Philippines
Fagaceae,Castanopsis inermis,(Lindl.) Benth. & Hook.f.,Philippines
Fagaceae,Castanopsis motleyana,King,Philippines
Fagaceae,Castanopsis philipensis,(Blanco) Vidal,Philippines
Fagaceae,Castanopsis psilophylla,Soepadmo,Philippines
Fagaceae,Lithocarpus apoensis,(Elmer) Rehder,Philippines
Fagaceae,Lithocarpus bicoloratus,(Elmer) A.Camus,Philippines
Fagaceae,Lithocarpus castellarnauianus,(Vidal) A.Camus,Philippines
Fagaceae,Lithocarpus caudatifolius,(Merr.) Rehder,Philippines
Fagaceae,Lithocarpus celebicus,(Miq.) Rehder,Philippines
Fagaceae,Lithocarpus coopertus,(Blanco) Rehder,Philippines
Fagaceae,Lithocarpus glutinosus,(Blume) Soepadmo,Philippines
Fagaceae,Lithocarpus jordanae,(Laguna) Rehder,Philippines
Fagaceae,Lithocarpus luzoniensis,(Merr.) Rehder,Philippines
Fagaceae,Lithocarpus mindanaensis,(Elmer) Rehder,Philippines
Fagaceae,Lithocarpus nieuwenhuisii,(Seemen) A.Camus,Philippines
Fagaceae,Lithocarpus ovalis,(Blanco) Rehder,Philippines
Fagaceae,Lithocarpus philippinensis,(A.DC.) Rehder,Philippines
Fagaceae,Lithocarpus robinsonii,Rehder,Philippines
Fagaceae,Lithocarpus rotundatus,(Blume) A.Camus,Philippines
Fagaceae,Lithocarpus solerianus,(Vidal) Rehder,Philippines
Fagaceae,Lithocarpus submonticola,(Elmer) Rehder,Philippines
Fagaceae,Lithocarpus sulitii,Soepadmo,Philippines
Fagaceae,Lithocarpus sundaicus,(Blume) Rehder,Philippines
Fagaceae,Lithocarpus vidalii,(Fern.-Vill.) Rehder,Philippines
Fagaceae,Lithocarpus woodii,(Hance) A.Camus,Philippines
Fagaceae,Quercus merrillii,Seemen,Philippines
Gentianaceae,Cyrtophyllum fragrans,(Roxb.) DC.,Philippines
Gentianaceae,Fagraea auriculata,Jack,Philippines
Gentianaceae,Fagraea ceilanica,Thunb.,Philippines
Gentianaceae,Fagraea gitingensis,Elmer,Philippines
Gentianaceae,Fagraea plumeriiflora,DC.,Philippines
Gentianaceae,Utania cuspidata,"(Blume) K.M.Wong, Sugumaran & Sugau",Philippines
Gentianaceae,Utania philippinensis,"(K.M.Wong & Sugau) K.M.Wong, Sugumaran & Sugau",Philippines
Gentianaceae,Utania spicata,"(Baker) K.M.Wong, Sugumaran & Sugau",Philippines
Gentianaceae,Utania volubilis,(Wall.) Sugumaran,Philippines
Gnetaceae,Gnetum arboreum,Foxw.,Philippines
Gnetaceae,Gnetum gnemon,L.,Philippines
Goodeniaceae,Scaevola micrantha,C.Presl,Philippines
Hamamelidaceae,Embolanthera spicata,Merr.,Philippines
Hernandiaceae,Hernandia nymphaeifolia,(C.Presl) Kubitzki,Philippines
Hernandiaceae,Hernandia ovigera,L.,Philippines
Hydrangeaceae,Deutzia pulchra,S.Vidal,Philippines
Hypericaceae,Cratoxylum cochinchinense,(Lour.) Blume,Philippines
Hypericaceae,Cratoxylum formosum,(Jack) Benth. & Hook.f. ex Dyer,Philippines
Hypericaceae,Cratoxylum sumatranum,(Jack) Blume,Philippines
Icacinaceae,Mappia nimmoniana,(J.Graham) Byng & Stull,Philippines
Icacinaceae,Merrilliodendron megacarpum,(Hemsl.) Sleumer,Philippines
Irvingiaceae,Irvingia malayana,Oliv. ex A.W.Benn.,Philippines
Iteaceae,Itea macrophylla,Wall.,Philippines
Ixonanthaceae,Ixonanthes petiolaris,Blume,Philippines
Ixonanthaceae,Ixonanthes reticulata,Jack,Philippines
Juglandaceae,Engelhardia apoensis,Elmer ex Nagel,Philippines
Juglandaceae,Engelhardia rigida,Blume,Philippines
Juglandaceae,Engelhardia serrata,Blume,Philippines
Lamiaceae,Callicarpa angusta,Schauer,Philippines
Lamiaceae,Callicarpa apoensis,Elmer,Philippines
Lamiaceae,Callicarpa basilanensis,Merr.,Philippines
Lamiaceae,Callicarpa caudata,Maxim.,Philippines
Lamiaceae,Callicarpa dolichophylla,Merr.,Philippines
Lamiaceae,Callicarpa erioclona,Schauer,Philippines
Lamiaceae,Callicarpa longipetiolata,Merr.,Philippines
Lamiaceae,Callicarpa magnifolia,Merr.,Philippines
Lamiaceae,Callicarpa pachyclada,Quisumb. & Merr.,Philippines
Lamiaceae,Callicarpa paloensis,Elmer,Philippines
Lamiaceae,Callicarpa pentandra,Roxb.,Philippines
Lamiaceae,Callicarpa platyphylla,Merr.,Philippines
Lamiaceae,Callicarpa ramiflora,Merr.,Philippines
Lamiaceae,Callicarpa subglandulosa,Elmer,Philippines
Lamiaceae,Callicarpa subintegra,Merr.,Philippines
Lamiaceae,Callicarpa surigaensis,Merr.,Philippines
Lamiaceae,Clerodendrum brachyanthum,Schauer,Philippines
Lamiaceae,Clerodendrum japonicum,(Thunb.) Sweet,Philippines
Lamiaceae,Clerodendrum klemmei,Elmer,Philippines
Lamiaceae,Clerodendrum lanuginosum,Blume,Philippines
Lamiaceae,Clerodendrum macrostegium,Schauer,Philippines
Lamiaceae,Clerodendrum minahassae,Teijsm. & Binn.,Philippines
Lamiaceae,Clerodendrum multibracteatum,Merr.,Philippines
Lamiaceae,Clerodendrum preslii,Elmer,Philippines
Lamiaceae,Clerodendrum quadriloculare,(Blanco) Merr.,Philippines
Lamiaceae,Clerodendrum trichotomum,Thunb.,Philippines
Lamiaceae,Clerodendrum villosum,Blume,Philippines
Lamiaceae,Gmelina arborea,Roxb. ex Sm.,Philippines
Lamiaceae,Gmelina elliptica,Sm.,Philippines
Lamiaceae,Gmelina philippensis,Cham.,Philippines
Lamiaceae,Premna mollissima,Roth,Philippines
Lamiaceae,Premna oblongata,Miq.,Philippines
Lamiaceae,Premna odorata,Blanco,Philippines
Lamiaceae,Premna pubescens,Blume,Philippines
Lamiaceae,Premna regularis,H.J.Lam,Philippines
Lamiaceae,Premna serratifolia,L.,Philippines
Lamiaceae,Premna tomentosa,Willd.,Philippines
Lamiaceae,Premna trichostoma,Miq.,Philippines
Lamiaceae,Tectona philippinensis,Benth. & Hook.f.,Philippines
Lamiaceae,Teijsmanniodendron ahernianum,(Merr.) Bakh.,Philippines
Lamiaceae,Teijsmanniodendron bogoriense,Koord.,Philippines
Lamiaceae,Teijsmanniodendron holophyllum,(Baker) Kosterm.,Philippines
Lamiaceae,Teijsmanniodendron pteropodum,(Miq.) Bakh.,Philippines
Lamiaceae,Teijsmanniodendron unifoliolatum,(Merr.) Moldenke,Philippines
Lamiaceae,Vitex glabrata,R.Br.,Philippines
Lamiaceae,Vitex negundo,L.,Philippines
Lamiaceae,Vitex parviflora,A.Juss.,Philippines
Lamiaceae,Vitex pinnata,L.,Philippines
Lamiaceae,Vitex quinata,(Lour.) F.N.Williams,Philippines
Lamiaceae,Vitex trifolia,L.,Philippines
Lamiaceae,Vitex turczaninowii,Merr.,Philippines
Lauraceae,Actinodaphne apoensis,(Elmer) Kosterm. ex Brambach & Pelser,Philippines
Lauraceae,Actinodaphne bicolor,(Merr.) Merr.,Philippines
Lauraceae,Actinodaphne cinerea,Elmer,Philippines
Lauraceae,Actinodaphne dolichophylla,(Merr.) Merr.,Philippines
Lauraceae,Actinodaphne intermedia,(Elmer) Kosterm. ex Brambach & Pelser,Philippines
Lauraceae,Actinodaphne macgregorii,(Merr.) Kosterm.,Philippines
Lauraceae,Actinodaphne microphylla,Elmer,Philippines
Lauraceae,Actinodaphne multiflora,Benth.,Philippines
Lauraceae,Actinodaphne ramosii,Brambach & Pelser,Philippines
Lauraceae,Actinodaphne samarensis,(Merr.) Merr.,Philippines
Lauraceae,Actinodaphne tayabensis,(Elmer) Merr.,Philippines
Lauraceae,Alseodaphne longipes,Quisumb. & Merr.,Philippines
Lauraceae,Alseodaphne philippinensis,(Elmer) Kosterm.,Philippines
Lauraceae,Alseodaphne ramosii,Kosterm.,Philippines
Lauraceae,Beilschmiedia gemmiflora,(Blume) Kosterm.,Philippines
Lauraceae,Beilschmiedia gitingensis,(Elmer) Kosterm.,Philippines
Lauraceae,Beilschmiedia glomerata,Merr.,Philippines
Lauraceae,Beilschmiedia lucidula,(Miq.) Kosterm.,Philippines
Lauraceae,Beilschmiedia purpurea,Elmer,Philippines
Lauraceae,Camphora micrantha,"(Hayata) Y.Yang, Bing Liu & Zhi Yang",Philippines
Lauraceae,Caryodaphnopsis tonkinensis,(Lecomte) Airy Shaw,Philippines
Lauraceae,Cinnamomum anacardium,Kosterm.,Philippines
Lauraceae,Cinnamomum burmanni,(Nees & T.Nees) Blume,Philippines
Lauraceae,Cinnamomum cebuense,Kosterm.,Philippines
Lauraceae,Cinnamomum celebicum,Miq.,Philippines
Lauraceae,Cinnamomum ebaloi,Kosterm.,Philippines
Lauraceae,Cinnamomum lanaoense,Kosterm.,Philippines
Lauraceae,Cinnamomum loheri,Merr.,Philippines
Lauraceae,Cinnamomum mendozae,Kosterm.,Philippines
Lauraceae,Cinnamomum mercadoi,S.Vidal,Philippines
Lauraceae,Cinnamomum myrianthum,Merr.,Philippines
Lauraceae,Cinnamomum nanophyllum,Kosterm.,Philippines
Lauraceae,Cinnamomum oblongum,Kosterm.,Philippines
Lauraceae,Cinnamomum panayense,Kosterm.,Philippines
Lauraceae,Cinnamomum parthenoxylon,(Jack) Meisn.,Philippines
Lauraceae,Cinnamomum perglabrum,Kosterm.,Philippines
Lauraceae,Cinnamomum rupestre,Kosterm.,Philippines
Lauraceae,Cinnamomum sancti-caroli,Kosterm.,Philippines
Lauraceae,Cinnamomum sandkuhlii,Merr.,Philippines
Lauraceae,Cinnamomum trichophyllum,Quisumb. & Merr.,Philippines
Lauraceae,Cinnamomum utile,Kosterm.,Philippines
Lauraceae,Cryptocarya acuminata,Merr.,Philippines
Lauraceae,Cryptocarya ampla,Merr.,Philippines
Lauraceae,Cryptocarya beilschmiediifolia,Kosterm.,Philippines
Lauraceae,Cryptocarya cagayanensis,Merr.,Philippines
Lauraceae,Cryptocarya calelanensis,Elmer,Philippines
Lauraceae,Cryptocarya densiflora,Blume,Philippines
Lauraceae,Cryptocarya edanoii,Merr.,Philippines
Lauraceae,Cryptocarya elliptifolia,Merr.,Philippines
Lauraceae,Cryptocarya euphlebia,Merr.,Philippines
Lauraceae,Cryptocarya everettii,Merr.,Philippines
Lauraceae,Cryptocarya ferrea,Blume,Philippines
Lauraceae,Cryptocarya foxworthyi,Elmer,Philippines
Lauraceae,Cryptocarya glauca,Merr.,Philippines
Lauraceae,Cryptocarya glauciphylla,Elmer,Philippines
Lauraceae,Cryptocarya ilocana,S.Vidal,Philippines
Lauraceae,Cryptocarya intermedia,Elmer,Philippines
Lauraceae,Cryptocarya kurzii,Hook.f.,Philippines
Lauraceae,Cryptocarya laevigata,Blume,Philippines
Lauraceae,Cryptocarya lanceolata,Merr.,Philippines
Lauraceae,Cryptocarya lancilimba,Kosterm.,Philippines
Lauraceae,Cryptocarya lauriflora,(Blanco) Merr.,Philippines
Lauraceae,Cryptocarya loheri,Merr.,Philippines
Lauraceae,Cryptocarya mackinnoniana,F.Muell.,Philippines
Lauraceae,Cryptocarya mindanaensis,Elmer,Philippines
Lauraceae,Cryptocarya oblongata,Merr.,Philippines
Lauraceae,Cryptocarya oligocarpa,Merr.,Philippines
Lauraceae,Cryptocarya oligophlebia,Merr.,Philippines
Lauraceae,Cryptocarya palawanensis,Merr.,Philippines
Lauraceae,Cryptocarya pallida,Merr.,Philippines
Lauraceae,Cryptocarya parvifolia,Merr.,Philippines
Lauraceae,Cryptocarya ramosii,Merr.,Philippines
Lauraceae,Cryptocarya samarensis,Merr.,Philippines
Lauraceae,Cryptocarya subvelutina,Elmer,Philippines
Lauraceae,Cryptocarya teysmanniana,Miq.,Philippines
Lauraceae,Cryptocarya todayensis,Elmer,Philippines
Lauraceae,Cryptocarya vidalii,(Elmer) Merr.,Philippines
Lauraceae,Cryptocarya villarii,S.Vidal,Philippines
Lauraceae,Cryptocarya zamboangensis,Merr.,Philippines
Lauraceae,Dehaasia cairocan,(Vidal) C.K.Allen,Philippines
Lauraceae,Dehaasia incrassata,(Jack) Nees,Philippines
Lauraceae,Endiandra coriacea,Merr.,Philippines
Lauraceae,Endiandra laxiflora,Merr.,Philippines
Lauraceae,Eusideroxylon zwageri,Teijsm. & Binn.,Philippines
Lauraceae,Lindera aggregata,(Sims) Kosterm.,Philippines
Lauraceae,Lindera apoensis,Elmer,Philippines
Lauraceae,Litsea albayana,S.Vidal,Philippines
Lauraceae,Litsea anomala,Merr.,Philippines
Lauraceae,Litsea baruringensis,Elmer,Philippines
Lauraceae,Litsea baticulin,(Blanco) Kosterm.,Philippines
Lauraceae,Litsea calophylla,(Miq.) Mansf.,Philippines
Lauraceae,Litsea catubigensiskos,Kosterm.,Philippines
Lauraceae,Litsea cordata,(Jack) Hook.f.,Philippines
Lauraceae,Litsea diospyrifolia,Quisumb.,Philippines
Lauraceae,Litsea fulva,(Blume) Villar,Philippines
Lauraceae,Litsea garciae,Vidal,Philippines
Lauraceae,Litsea globifera,Kosterm.,Philippines
Lauraceae,Litsea glutinosa,(Lour.) C.B.Rob.,Philippines
Lauraceae,Litsea grandis,(Nees) Hook.f.,Philippines
Lauraceae,Litsea hutchinsonii,Merr.,Philippines
Lauraceae,Litsea ilocana,Merr.,Philippines
Lauraceae,Litsea lancifolia,(Roxb. ex Nees) Fern.-Vill.,Philippines
Lauraceae,Litsea leytensis,Merr.,Philippines
Lauraceae,Litsea luzonica,(Blume) Villar,Philippines
Lauraceae,Litsea micrantha,Merr.,Philippines
Lauraceae,Litsea oblongifolia,Merr.,Philippines
Lauraceae,Litsea perfulva,Elmer,Philippines
Lauraceae,Litsea perrottetii,(Blume) Fern.-Vill,Philippines
Lauraceae,Litsea philippinensis,Merr.,Philippines
Lauraceae,Litsea plateaefolia,Elmer,Philippines
Lauraceae,Litsea quadrangularis,Kosterm.,Philippines
Lauraceae,Litsea quercoides,Elmer,Philippines
Lauraceae,Litsea resinosa,Blume,Philippines
Lauraceae,Litsea rubicunda,Kosterm.,Philippines
Lauraceae,Litsea segregata,Elmer,Philippines
Lauraceae,Litsea tomentosa,Blume,Philippines
Lauraceae,Litsea urdanetensis,Elmer,Philippines
Lauraceae,Litsea vanoverberghii,Merr.,Philippines
Lauraceae,Litsea varians,(Blume) Boerl.,Philippines
Lauraceae,Litsea whitfordii,Merr.,Philippines
Lauraceae,Machilus curranii,Merr.,Philippines
Lauraceae,Machilus philippinensis,Merr.,Philippines
Lauraceae,Neolitsea incana,Elmer,Philippines
Lauraceae,Neolitsea megacarpa,Merr.,Philippines
Lauraceae,Neolitsea microphylla,Merr.,Philippines
Lauraceae,Neolitsea villosa,(Blume) Merr.,Philippines
Lauraceae,Nothaphoebe leytensis,(Elmer) Merr.,Philippines
Lauraceae,Nothaphoebe umbelliflora,(Blume) Blume,Philippines
Lauraceae,Phoebe glabrifolia,Merr.,Philippines
Lauraceae,Phoebe sterculioides,(Elmer) Merr.,Philippines
Lauraceae,Phoebe tenuifolia,Kosterm.,Philippines
Lecythidaceae,Barringtonia acutangula,(L.) Gaertn.,Philippines
Lecythidaceae,Barringtonia asiatica,(L.) Kurz,Philippines
Lecythidaceae,Barringtonia curranii,Merr.,Philippines
Lecythidaceae,Barringtonia macrostachya,(Jack) Kurz,Philippines
Lecythidaceae,Barringtonia palawanensis,Chantar.,Philippines
Lecythidaceae,Barringtonia pterita,Merr.,Philippines
Lecythidaceae,Barringtonia racemosa,(L.) Spreng.,Philippines
Lecythidaceae,Barringtonia reticulata,(Blume) Miq.,Philippines
Lecythidaceae,Barringtonia revoluta,Merr.,Philippines
Lecythidaceae,Barringtonia ridsdalei,Chantar.,Philippines
Lecythidaceae,Petersianthus quadrialatus,(Merr.) Merr.,Philippines
Lecythidaceae,Planchonia spectabilis,Merr.,Philippines
Loganiaceae,Geniostoma rupestre,J.R.Forst. & G.Forst.,Philippines
Loganiaceae,Norrisia malaccensis,Gardner,Philippines
Lythraceae,Duabanga moluccana,Blume,Philippines
Lythraceae,Lagerstroemia celebica,Blume,Philippines
Lythraceae,Lagerstroemia indica,L.,Philippines
Lythraceae,Lagerstroemia paniculata,S.Vidal,Philippines
Lythraceae,Lagerstroemia pterosepala,Furtado & Montien,Philippines
Lythraceae,Lagerstroemia speciosa,(L.) Pers.,Philippines
Lythraceae,Lagerstroemia subcostata,Koehne,Philippines
Lythraceae,Pemphis acidula,J.R.Forst. & G.Forst.,Philippines
Lythraceae,Sonneratia alba,Sm.,Philippines
Lythraceae,Sonneratia caseolaris,(L.) Engl.,Philippines
Lythraceae,Sonneratia ovata,Backer,Philippines
Magnoliaceae,Magnolia angatensis,Blanco,Philippines
Magnoliaceae,Magnolia borneensis,Noot.,Philippines
Magnoliaceae,Magnolia compressa,Maxim.,Philippines
Magnoliaceae,Magnolia liliifera,(L.) Baill.,Philippines
Magnoliaceae,Magnolia philippinensis,P.Parm.,Philippines
Magnoliaceae,Magnolia platyphylla,(Merr.) Figlar & Noot.,Philippines
Magnoliaceae,Magnolia pubescens,(Merr.) Figlar & Noot.,Philippines
Malvaceae,Azanza lampas,(Cav.) Alef.,Philippines
Malvaceae,Bombax blancoanum,A.Robyns,Philippines
Malvaceae,Bombax ceiba,L.,Philippines
Malvaceae,Bombycidendron vidalianum,(Náves) Merr. & Rolfe,Philippines
Malvaceae,Brownlowia argentata,Kurz,Philippines
Malvaceae,Brownlowia tersa,(L.) Kosterm.,Philippines
Malvaceae,Camptostemon philippinensis,(S.Vidal) Becc.,Philippines
Malvaceae,Colona blancoi,(Rolfe) Merr.,Philippines
Malvaceae,Colona hirsuta,(Warb.) Burret,Philippines
Malvaceae,Colona longipetiolata,Merr.,Philippines
Malvaceae,Colona megacarpa,(Merr.) Burret,Philippines
Malvaceae,Colona mollis,(Warb.) Burret,Philippines
Malvaceae,Colona philippinensis,(S.Vidal) Burret,Philippines
Malvaceae,Colona serratifolia,Cav.,Philippines
Malvaceae,Colona subaequalis,(Planch. ex S.Vidal) Burret,Philippines
Malvaceae,Commersonia bartramia,(L.) Merr.,Philippines
Malvaceae,Diplodiscus paniculatus,Turcz.,Philippines
Malvaceae,Diplodiscus suluensis,(Warb. ex Perkins) Burret,Philippines
Malvaceae,Firmiana minahassae,(Koord.) Kosterm.,Philippines
Malvaceae,Grewia eriocarpa,Juss.,Philippines
Malvaceae,Grewia laevigata,Vahl,Philippines
Malvaceae,Grewia rolfei,Merr.,Philippines
Malvaceae,Heritiera javanica,(Blume) Kosterm.,Philippines
Malvaceae,Heritiera littoralis,Aiton,Philippines
Malvaceae,Heritiera sylvatica,S.Vidal,Philippines
Malvaceae,Hibiscus tiliaceus,L.,Philippines
Malvaceae,Hildegardia merrittii,(Merr.) Kosterm.,Philippines
Malvaceae,Kleinhovia hospita,L.,Philippines
Malvaceae,Leptonychia caudata,Burret,Philippines
Malvaceae,Melochia umbellata,(Houtt.) Stapf,Philippines
Malvaceae,Microcos philippinensis,Burret,Philippines
Malvaceae,Microcos stylocarpa,Burret,Philippines
Malvaceae,Microcos tomentosa,Sm.,Philippines
Malvaceae,Pterocymbium tinctorium,(Blanco) Merr.,Philippines
Malvaceae,Pterospermum cumingii,Merr. & Rolfe,Philippines
Malvaceae,Pterospermum diversifolium,Blume,Philippines
Malvaceae,Pterospermum elmeri,Merr.,Philippines
Malvaceae,Pterospermum elongatum,Korth.,Philippines
Malvaceae,Pterospermum longipes,Merr.,Philippines
Malvaceae,Pterospermum megalanthum,Merr.,Philippines
Malvaceae,Pterospermum merrillianum,S.K.Ganesan,Philippines
Malvaceae,Pterospermum niveum,S.Vidal,Philippines
Malvaceae,Pterospermum obliquum,Blanco,Philippines
Malvaceae,Pterospermum subpeltatum,C.B.Rob,Philippines
Malvaceae,Pterygota alata,(Roxb.) R.Br.,Philippines
Malvaceae,Pterygota horsfieldii,(R.Br.) Kosterm.,Philippines
Malvaceae,Sterculia ceramica,R.Br.,Philippines
Malvaceae,Sterculia comosa,Wall.,Philippines
Malvaceae,Sterculia cordata,Blume,Philippines
Malvaceae,Sterculia cuspidata,R.Br.,Philippines
Malvaceae,Sterculia foetida,L.,Philippines
Malvaceae,Sterculia macrophylla,Vent.,Philippines
Malvaceae,Sterculia mindorensis,Tantra,Philippines
Malvaceae,Sterculia oblongata,R.Br.,Philippines
Malvaceae,Sterculia rubiginosa,Vent.,Philippines
Malvaceae,Thespesia populnea,(L.) Sol. ex Corrêa,Philippines
Malvaceae,Trichospermum discolor,Elmer,Philippines
Malvaceae,Trichospermum eriopodum,(Turcz.) Merr.,Philippines
Malvaceae,Trichospermum involucratum,(Merr.) Elmer,Philippines
Melastomataceae,Astrocalyx calycina,Merr.,Philippines
Melastomataceae,Astronia acuminatissima,Merr.,Philippines
Melastomataceae,Astronia alata,J.F.Maxwell,Philippines
Melastomataceae,Astronia apoensis,Elmer,Philippines
Melastomataceae,Astronia benguetensis,J.F.Maxwell,Philippines
Melastomataceae,Astronia candolleana,Cogn.,Philippines
Melastomataceae,Astronia cumingiana,S. Vidal,Philippines
Melastomataceae,Astronia dioica,Merr.,Philippines
Melastomataceae,Astronia ferruginea,Elmer,Philippines
Melastomataceae,Astronia gitingensis,Elmer,Philippines
Melastomataceae,Astronia katangladensis,J.F.Maxwell,Philippines
Melastomataceae,Astronia megalantha,Merr.,Philippines
Melastomataceae,Astronia meyeri,Merr.,Philippines
Melastomataceae,Astronia pulchra,S.Vidal,Philippines
Melastomataceae,Astronia quadrangulata,J.F.Maxwell,Philippines
Melastomataceae,Astronia rolfei,S. Vidal,Philippines
Melastomataceae,Astronia scabrida,J.F.Maxwell,Philippines
Melastomataceae,Astronia viridifolia,Elmer,Philippines
Melastomataceae,Astronia williamsii,Merr. ex C.B.Rob.,Philippines
Melastomataceae,Beccarianthus ickisii,Merr.,Philippines
Melastomataceae,Beccarianthus octodontus,(Merr.) J.F.Maxwell,Philippines
Melastomataceae,Beccarianthus puberulus,(Merr.) J.F.Maxwell,Philippines
Melastomataceae,Beccarianthus pulcherrimus,J.F.Maxwell,Philippines
Melastomataceae,Lijndenia laurina,Zoll. & Moritzi,Philippines
Melastomataceae,Medinilla fenicis,Merr.,Philippines
Melastomataceae,Medinilla lagunae,S.Vidal,Philippines
Melastomataceae,Memecylon apoense,Elmer,Philippines
Melastomataceae,Memecylon azurinii,Quisumb. & Merr.,Philippines
Melastomataceae,Memecylon basilanense,Merr.,Philippines
Melastomataceae,Memecylon brachybotrys,Merr.,Philippines
Melastomataceae,Memecylon calderense,A.Gray,Philippines
Melastomataceae,Memecylon coeruleum,Jack,Philippines
Melastomataceae,Memecylon cordifolium,Merr.,Philippines
Melastomataceae,Memecylon cumingii,Naudin,Philippines
Melastomataceae,Memecylon densiflorum,Merr.,Philippines
Melastomataceae,Memecylon edule,Roxb.,Philippines
Melastomataceae,Memecylon elliptifolium,Merr.,Philippines
Melastomataceae,Memecylon elongatum,Merr.,Philippines
Melastomataceae,Memecylon gitingense,Elmer,Philippines
Melastomataceae,Memecylon gracilipes,C.B.Rob.,Philippines
Melastomataceae,Memecylon lanceolatum,Blanco,Philippines
Melastomataceae,Memecylon loheri,Merr.,Philippines
Melastomataceae,Memecylon obtusifolium,Merr.,Philippines
Melastomataceae,Memecylon ovatum,Sm,Philippines
Melastomataceae,Memecylon paniculatum,Jack,Philippines
Melastomataceae,Memecylon pteropus,Merr.,Philippines
Melastomataceae,Memecylon ramosii,Merr.,Philippines
Melastomataceae,Memecylon stenophyllum,Merr.,Philippines
Melastomataceae,Memecylon symplociforme,Merr.,Philippines
Melastomataceae,Memecylon tayabense,Merr.,Philippines
Melastomataceae,Memecylon venosum,Merr.,Philippines
Melastomataceae,Pachycentria constricta,Blume,Philippines
Melastomataceae,Pternandra echinata,Wall.,Philippines
Meliaceae,Aglaia aherniana,G.Perkins,Philippines
Meliaceae,Aglaia angustifolia,(Miq.) Miq.,Philippines
Meliaceae,Aglaia argentea,Blume,Philippines
Meliaceae,Aglaia beccarii,C.DC.,Philippines
Meliaceae,Aglaia costata,Merr.,Philippines
Meliaceae,Aglaia crassinervia,Kurz ex Hiern,Philippines
Meliaceae,Aglaia cumingiana,Turcz.,Philippines
Meliaceae,Aglaia edulis,(Roxb.) Wall.,Philippines
Meliaceae,Aglaia elaeagnoidea,(A.Juss.) Benth.,Philippines
Meliaceae,Aglaia elliptica,(C.DC.) Blume,Philippines
Meliaceae,Aglaia eximia,Miq.,Philippines
Meliaceae,Aglaia grandis,Korth. ex Miq.,Philippines
Meliaceae,Aglaia korthalsii,Miq.,Philippines
Meliaceae,Aglaia lancilimba,Merr.,Philippines
Meliaceae,Aglaia lawii,(Wight) C.J.Saldanha,Philippines
Meliaceae,Aglaia leptantha,Miq.,Philippines
Meliaceae,Aglaia leucophylla,King,Philippines
Meliaceae,Aglaia luzoniensis,(Vidal) Merr. & Rolfe,Philippines
Meliaceae,Aglaia malaccensis,(Ridl.) Pannell,Philippines
Meliaceae,Aglaia oligophylla,Miq.,Philippines
Meliaceae,Aglaia pachyphylla,Miq.,Philippines
Meliaceae,Aglaia palembanica,Miq.,Philippines
Meliaceae,Aglaia pyriformis,Merr.,Philippines
Meliaceae,Aglaia rimosa,(Blanco) Merr.,Philippines
Meliaceae,Aglaia rubiginosa,(Hiern) Pannell,Philippines
Meliaceae,Aglaia silvestris,(M.Roem.) Merr.,Philippines
Meliaceae,Aglaia smithii,Koord.,Philippines
Meliaceae,Aglaia spectabilis,(Miq.) S.S.Jain & S.Bennet,Philippines
Meliaceae,Aglaia squamulosa,King,Philippines
Meliaceae,Aglaia tenuicaulis,Hiern,Philippines
Meliaceae,Aglaia teysmanniana,(Miq.) Miq.,Philippines
Meliaceae,Aglaia tomentosa,Teijsm. & Binn.,Philippines
Meliaceae,Anthocarapa nitidula,(Benth.) T.D.Penn. ex Mabb.,Philippines
Meliaceae,Aphanamixis polystachya,(Wall.) R.Parker,Philippines
Meliaceae,Azadirachta excelsa,(Jack) Jacobs,Philippines
Meliaceae,Chisocheton cauliflorus,Merr.,Philippines
Meliaceae,Chisocheton cumingianus,(C.DC.) Harms,Philippines
Meliaceae,Chisocheton curranii,Merr.,Philippines
Meliaceae,Chisocheton erythrocarpus,Hiern,Philippines
Meliaceae,Chisocheton macranthus,(Merr.) Airy Shaw,Philippines
Meliaceae,Chisocheton maxilla-pisticis,Mabb.,Philippines
Meliaceae,Chisocheton mendozai,F.H.Hildebr. ex Steenis,Philippines
Meliaceae,Chisocheton patens,Blume,Philippines
Meliaceae,Chisocheton pentandrus,(Blanco) Merr.,Philippines
Meliaceae,Cipadessa baccifera,(Roth) Miq.,Philippines
Meliaceae,Dysoxylum acutangulum,Miq.,Philippines
Meliaceae,Dysoxylum alliaceum,(Blume) Blume,Philippines
Meliaceae,Dysoxylum arborescens,(Blume) Miq.,Philippines
Meliaceae,Dysoxylum brachybotrys,Merr.,Philippines
Meliaceae,Dysoxylum cauliflorum,Hiern,Philippines
Meliaceae,Dysoxylum cumingianum,C.DC.,Philippines
Meliaceae,Dysoxylum cyrtobotryum,Miq.,Philippines
Meliaceae,Dysoxylum excelsum,Blume,Philippines
Meliaceae,Dysoxylum gaudichaudianum,(A.Juss.) Miq.,Philippines
Meliaceae,Dysoxylum macrocarpum,Blume,Philippines
Meliaceae,Dysoxylum mollissimum,Blume,Philippines
Meliaceae,Dysoxylum oppositifolium,F.Muell.,Philippines
Meliaceae,Dysoxylum parasiticum,(Osbeck) Kosterm.,Philippines
Meliaceae,Dysoxylum pauciflorum,Merr.,Philippines
Meliaceae,Heynea trijuga,Roxb. ex Sims,Philippines
Meliaceae,Melia azedarach,L.,Philippines
Meliaceae,Pseudoclausena chrysogyne,(Miq.) T.Clark,Philippines
Meliaceae,Reinwardtiodendron humile,(Hassk.) Mabb.,Philippines
Meliaceae,Sandoricum koetjape,(Burm.f.) Merr.,Philippines
Meliaceae,Toona calantas,Merr. & Rolfe,Philippines
Meliaceae,Toona ciliata,M.Roem.,Philippines
Meliaceae,Toona sureni,(Blume) Merr.,Philippines
Meliaceae,Turraea pubescens,Hell.,Philippines
Meliaceae,Vavaea amicorum,Benth.,Philippines
Meliaceae,Walsura monophylla,Elmer,Philippines
Meliaceae,Walsura pinnata,Hassk.,Philippines
Meliaceae,Xylocarpus granatum,J.Koenig,Philippines
Meliaceae,Xylocarpus moluccensis,(Lam.) M.Roem.,Philippines
Meliaceae,Xylocarpus rumphii,(Kostel.) Mabb.,Philippines
Metteniusaceae,Apodytes dimidiata,E.Mey. ex Arn.,Philippines
Metteniusaceae,Platea excelsa,Blume,Philippines
Metteniusaceae,Platea latifolia,Blume,Philippines
Monimiaceae,Kibara elmeri,Perkins,Philippines
Monimiaceae,Kibara obtusa,Blume,Philippines
Monimiaceae,Matthaea heterophylla,Quisumb. & Merr.,Philippines
Monimiaceae,Matthaea intermedia,Merr.,Philippines
Monimiaceae,Matthaea philippinensis,Perkins,Philippines
Monimiaceae,Matthaea pubescens,Merr. ex Perkins,Philippines
Monimiaceae,Matthaea sancta,Blume,Philippines
Monimiaceae,Matthaea vidalii,Perkins,Philippines
Moraceae,Allaeanthus luzonicus,(Blanco) Fern.-Vill.,Philippines
Moraceae,Antiaris toxicaria,(J.F.Gmel.) Lesch.,Philippines
Moraceae,Artocarpus blancoi,(Elmer) Merr.,Philippines
Moraceae,Artocarpus elasticus,Reinw. ex Blume,Philippines
Moraceae,Artocarpus fretessii,Teijsm. & Binn. ex Hassk.,Philippines
Moraceae,Artocarpus lamellosus,Blanco,Philippines
Moraceae,Artocarpus pinnatisectus,Merr.,Philippines
Moraceae,Artocarpus rubrovenius,Warb.,Philippines
Moraceae,Artocarpus sericicarpus,F.M.Jarrett,Philippines
Moraceae,Artocarpus subrotundifolius,Elmer,Philippines
Moraceae,Artocarpus treculianus,Elmer,Philippines
Moraceae,Artocarpus xanthocarpus,Merr.,Philippines
Moraceae,Calaunia negrosensis,(Elmer) Grudz.,Philippines
Moraceae,Ficus altissima,Blume,Philippines
Moraceae,Ficus ampelas,Burm.f.,Philippines
Moraceae,Ficus ampelos,Burm.f.,Philippines
Moraceae,Ficus annulata,Blume,Philippines
Moraceae,Ficus aurata,(Miq.) Miq.,Philippines
Moraceae,Ficus aurita,Blume,Philippines
Moraceae,Ficus bakeri,Elmer,Philippines
Moraceae,Ficus balete,Merr.,Philippines
Moraceae,Ficus banahaensis,Elmer,Philippines
Moraceae,Ficus bataanensis,Merr.,Philippines
Moraceae,Ficus benguetensis,Merr.,Philippines
Moraceae,Ficus benjamina,L.,Philippines
Moraceae,Ficus botryocarpa,Miq.,Philippines
Moraceae,Ficus callophylla,Blume,Philippines
Moraceae,Ficus callosa,Willd.,Philippines
Moraceae,Ficus carpenteriana,Elmer,Philippines
Moraceae,Ficus cassidyana,Elmer,Philippines
Moraceae,Ficus cataupi,Elmer,Philippines
Moraceae,Ficus caulocarpa,(Miq.) Miq.,Philippines
Moraceae,Ficus chrysolepis,Miq.,Philippines
Moraceae,Ficus concinna,(Miq.) Miq.,Philippines
Moraceae,Ficus cordatula,Merr.,Philippines
Moraceae,Ficus crassiramea,(Miq.) Miq.,Philippines
Moraceae,Ficus cucurbitina,King,Philippines
Moraceae,Ficus cumingii,Miq.,Philippines
Moraceae,Ficus deltoidea,Jack,Philippines
Moraceae,Ficus depressa,Blume,Philippines
Moraceae,Ficus drupacea,Thunb.,Philippines
Moraceae,Ficus elmeri,Merr.,Philippines
Moraceae,Ficus fiskei,Elmer,Philippines
Moraceae,Ficus fistulosa,Reinw. ex Blume,Philippines
Moraceae,Ficus forstenii,Miq.,Philippines
Moraceae,Ficus gigantifolia,Merr.,Philippines
Moraceae,Ficus glareosa,Elmer,Philippines
Moraceae,Ficus gul,K.Schum. & Lauterb.,Philippines
Moraceae,Ficus heteropleura,Blume,Philippines
Moraceae,Ficus heteropoda,Miq.,Philippines
Moraceae,Ficus inaequifolia,Elmer,Philippines
Moraceae,Ficus kerkhovenii,Koord. & Valeton,Philippines
Moraceae,Ficus laevicarpa,Elmer,Philippines
Moraceae,Ficus lawesii,King,Philippines
Moraceae,Ficus lepicarpa,Blume,Philippines
Moraceae,Ficus linearifolia,Elmer,Philippines
Moraceae,Ficus magnoliifolia,Blume,Philippines
Moraceae,Ficus melinocarpa,Blume,Philippines
Moraceae,Ficus merrittii,Merr.,Philippines
Moraceae,Ficus microcarpa,L.f.,Philippines
Moraceae,Ficus microsphaera,Warb.,Philippines
Moraceae,Ficus minahassae,(Teijsm. & Vriese) Miq.,Philippines
Moraceae,Ficus multistipularis,Merr.,Philippines
Moraceae,Ficus nervosa,B.Heyne ex Roth,Philippines
Moraceae,Ficus nota,(Blanco) Merr.,Philippines
Moraceae,Ficus obscura,Blume,Philippines
Moraceae,Ficus odorata,(Blanco) Merr.,Philippines
Moraceae,Ficus oleifolia,King,Philippines
Moraceae,Ficus parietalis,Blume,Philippines
Moraceae,Ficus pedunculosa,Miq.,Philippines
Moraceae,Ficus polyantha,Warb.,Philippines
Moraceae,Ficus prasinicarpa,Elmer ex C.C.Berg,Philippines
Moraceae,Ficus pseudopalma,Blanco,Philippines
Moraceae,Ficus pustulata,Elmer,Philippines
Moraceae,Ficus ruficaulis,Merr.,Philippines
Moraceae,Ficus sagittata,Vahl,Philippines
Moraceae,Ficus samarana,C.C.Berg,Philippines
Moraceae,Ficus satterthwaitei,Elmer,Philippines
Moraceae,Ficus saxophila,Blume,Philippines
Moraceae,Ficus scaberrima,Blume,Philippines
Moraceae,Ficus septica,Burm.f.,Philippines
Moraceae,Ficus subcordata,Blume,Philippines
Moraceae,Ficus subulata,Blume,Philippines
Moraceae,Ficus sulcata,Elmer,Philippines
Moraceae,Ficus sumatrana,Miq.,Philippines
Moraceae,Ficus sundaica,Blume,Philippines
Moraceae,Ficus tinctoria,G.Forst.,Philippines
Moraceae,Ficus trichocarpa,Blume,Philippines
Moraceae,Ficus ulmifolia,Lam.,Philippines
Moraceae,Ficus uniglandulosa,Wall.,Philippines
Moraceae,Ficus variegata,Blume,Philippines
Moraceae,Ficus virens,Aiton,Philippines
Moraceae,Ficus virgata,Reinw. ex Blume,Philippines
Moraceae,Parartocarpus venenosa,(Zoll. & Moritzi) Becc.,Philippines
Moraceae,Paratrophis glabra,(Merr.) Steenis,Philippines
Moraceae,Paratrophis philippinensis,(Bureau) Fern.-Vill.,Philippines
Moraceae,Streblus asper,Lour.,Philippines
Moraceae,Taxotrophis ilicifolia,(Kurz) S.Vidal,Philippines
Moraceae,Taxotrophis macrophylla,(Blume) Boerl.,Philippines
Moraceae,Taxotrophis taxoides,(B.Heyne ex Roth) Chew ex E.M.Gardner,Philippines
Myricaceae,Morella javanica,(Blume) I.M.Turner,Philippines
Myristicaceae,Gymnacranthera farquhariana,(Hook.f. & Thomson) Warb.,Philippines
Myristicaceae,Horsfieldia ardisiifolia,(A.DC.) Warb.,Philippines
Myristicaceae,Horsfieldia costulata,Warb.,Philippines
Myristicaceae,Horsfieldia obscurinervia,Merr.,Philippines
Myristicaceae,Horsfieldia polyspherula,(Hook.f. ex King) J.Sinclair,Philippines
Myristicaceae,Horsfieldia samarensis,W.J.de Wilde,Philippines
Myristicaceae,Knema alvarezii,Merr.,Philippines
Myristicaceae,Knema cinerea,Warb.,Philippines
Myristicaceae,Knema glomerata,(Blanco) Merr.,Philippines
Myristicaceae,Knema korthalsii,Warb.,Philippines
Myristicaceae,Knema latericia,Elmer,Philippines
Myristicaceae,Knema ridsdaleana,W.J.de Wilde       ,Philippines
Myristicaceae,Knema stellata,Merr.,Philippines
Myristicaceae,Knema stenocarpa,Warb.,Philippines
Myristicaceae,Knema tomentella,Warb.,Philippines
Myristicaceae,Myristica agusanensis,Elmer,Philippines
Myristicaceae,Myristica basilanica,W.J.de Wilde,Philippines
Myristicaceae,Myristica colinridsdalei,W.J.de Wilde,Philippines
Myristicaceae,Myristica cumingii,Warb.,Philippines
Myristicaceae,Myristica fatua,Houtt.,Philippines
Myristicaceae,Myristica frugifera,W.J.de Wilde,Philippines
Myristicaceae,Myristica guatteriifolia,A.DC.,Philippines
Myristicaceae,Myristica laevis,W.J.de Wilde,Philippines
Myristicaceae,Myristica longepetiolata,W.J.de Wilde,Philippines
Myristicaceae,Myristica philippensis,Lamk.,Philippines
Myristicaceae,Myristica pilosigemma,W.J.de Wilde,Philippines
Myristicaceae,Myristica rubrinervis,W.J.de Wilde,Philippines
Myristicaceae,Myristica simiarum,A. DC.,Philippines
Myristicaceae,Myristica wenzelii,Merr.,Philippines
Myrtaceae,Baeckea frutescens,L.,Philippines
Myrtaceae,Decaspermum parviflorum,(Lam.) A.J.Scott,Philippines
Myrtaceae,Decaspermum philippinum,A.J.Scott,Philippines
Myrtaceae,Decaspermum vitis-idaea,Stapf,Philippines
Myrtaceae,Eucalyptus deglupta,Blume,Philippines
Myrtaceae,Eugenia aherniana,C.B.Rob.,Philippines
Myrtaceae,Eugenia inaequisepala,Peter G.Wilson,Philippines
Myrtaceae,Eugenia kamelii,Merr.,Philippines
Myrtaceae,Eugenia loheri,C.B.Rob.,Philippines
Myrtaceae,Eugenia montalbanica,Merr.,Philippines
Myrtaceae,Eugenia pasacaensis,C.B.Rob.,Philippines
Myrtaceae,Eugenia sargentii,Merr.,Philippines
Myrtaceae,Eugenia tulanan,Merr.,Philippines
Myrtaceae,Eugenia uminganensis,Peter G.Wilson,Philippines
Myrtaceae,Kania microphylla,(Quisumb. & Merr.) Peter G.Wilson,Philippines
Myrtaceae,Kania urdanetensis,(Elmer) Peter G.Wilson,Philippines
Myrtaceae,Leptospermum javanicum,Blume,Philippines
Myrtaceae,Metrosideros halconensis,(Merr.) J.W.Dawson,Philippines
Myrtaceae,Osbornia octodonta,F.Muell.,Philippines
Myrtaceae,Rhodamnia cinerea,Jack,Philippines
Myrtaceae,Rhodomyrtus surigaoensis,Elmer,Philippines
Myrtaceae,Rhodomyrtus tomentosa,(Aiton) Hassk.,Philippines
Myrtaceae,Syzygium abbreviatum,Merr.,Philippines
Myrtaceae,Syzygium abulugense,Merr.,Philippines
Myrtaceae,Syzygium acrophilum,(C.B.Rob.) Merr.,Philippines
Myrtaceae,Syzygium acuminatissimum,(Blume) DC.,Philippines
Myrtaceae,Syzygium affine,Merr.,Philippines
Myrtaceae,Syzygium albayense,Merr.,Philippines
Myrtaceae,Syzygium alvarezii,(C.B.Rob.) Merr.,Philippines
Myrtaceae,Syzygium angulare,(Elmer) Merr.,Philippines
Myrtaceae,Syzygium angulatum,(C.B.Rob.) Merr.,Philippines
Myrtaceae,Syzygium antonianum,(Elmer) Merr.,Philippines
Myrtaceae,Syzygium apoense,(Elmer) Merr.,Philippines
Myrtaceae,Syzygium arcuatinervium,(Merr.) Craven & Biffin,Philippines
Myrtaceae,Syzygium astronioides,(C.B.Rob.) Merr.,Philippines
Myrtaceae,Syzygium attenuatum,(Miq.) Merr. & L.M.Perry,Philippines
Myrtaceae,Syzygium balerense,(C.B.Rob.) Merr.,Philippines
Myrtaceae,Syzygium bankense,(Hassk.) Merr. & L.M.Perry,Philippines
Myrtaceae,Syzygium barnesii,(Merr.) Merr.,Philippines
Myrtaceae,Syzygium bataanense,(Merr.) Merr.,Philippines
Myrtaceae,Syzygium benguetense,(C.B.Rob.) Merr.,Philippines
Myrtaceae,Syzygium bernardoi,(Merr.) Merr.,Philippines
Myrtaceae,Syzygium blancoi,(Merr.) Merr.,Philippines
Myrtaceae,Syzygium bordenii,(Merr.) Merr.,Philippines
Myrtaceae,Syzygium borneense,(Miq.) Miq.,Philippines
Myrtaceae,Syzygium brachyurum,Merr.,Philippines
Myrtaceae,Syzygium brevipaniculatum,(Merr.) Merr.,Philippines
Myrtaceae,Syzygium brittonianum,(C.B.Rob.) Merr.,Philippines
Myrtaceae,Syzygium cagayanense,(Merr.) Merr.,Philippines
Myrtaceae,Syzygium calcicola,(Merr.) Merr.,Philippines
Myrtaceae,Syzygium calleryanum,(C.B.Rob.) Merr.,Philippines
Myrtaceae,Syzygium calubcob,(C.B.Rob.) Merr.,Philippines
Myrtaceae,Syzygium candelabriforme,(C.B.Rob.) Merr.,Philippines
Myrtaceae,Syzygium capoasense,(Merr.) Merr.,Philippines
Myrtaceae,Syzygium cardiophyllum,(Merr.) Merr.,Philippines
Myrtaceae,Syzygium cavitense,Merr.,Philippines
Myrtaceae,Syzygium ciliatosetosum,(Merr.) Merr.,Philippines
Myrtaceae,Syzygium cinnamomeum,(Vidal) Merr.,Philippines
Myrtaceae,Syzygium clavellatum,(Merr.) Merr.,Philippines
Myrtaceae,Syzygium clementis,(C.B.Rob.) Merr.,Philippines
Myrtaceae,Syzygium confertum,(Korth.) Merr. & L.M.Perry,Philippines
Myrtaceae,Syzygium congestum,(Merr.) Merr.,Philippines
Myrtaceae,Syzygium conglobatum,Merr.,Philippines
Myrtaceae,Syzygium consanguineum,(Merr.) Merr.,Philippines
Myrtaceae,Syzygium consimile,Merr.,Philippines
Myrtaceae,Syzygium copelandii,(C.B.Rob.) Merr.,Philippines
Myrtaceae,Syzygium cordatilimbum,(Merr.) Merr.,Philippines
Myrtaceae,Syzygium corticopapyraceum,(Elmer) Merr.,Philippines
Myrtaceae,Syzygium costulatum,(C.B.Rob.) Merr.,Philippines
Myrtaceae,Syzygium crassibracteatum,(Merr.) Merr.,Philippines
Myrtaceae,Syzygium crassilimbum,(Merr.) Merr.,Philippines
Myrtaceae,Syzygium crassipes,(C.B.Rob.) Merr.,Philippines
Myrtaceae,Syzygium crassissimum,(Merr.) Merr.,Philippines
Myrtaceae,Syzygium crystalliferum,"Udasco, Garrino, Aumentado, M.G.Rule & Mansibang",Philippines
Myrtaceae,Syzygium curranii,(C.B.Rob.) Merr.,Philippines
Myrtaceae,Syzygium curtiflorum,(Elmer) Merr.,Philippines
Myrtaceae,Syzygium davaoense,(Elmer) Merr.,Philippines
Myrtaceae,Syzygium decipiens,(Koord. & Valeton) Merr. & L.M.Perry,Philippines
Myrtaceae,Syzygium densinervium,(Merr.) Merr.,Philippines
Myrtaceae,Syzygium diffusiflorum,Merr.,Philippines
Myrtaceae,Syzygium durum,(Merr.) Merr.,Philippines
Myrtaceae,Syzygium ebaloii,Merr.,Philippines
Myrtaceae,Syzygium ecostulatum,(Elmer) Merr.,Philippines
Myrtaceae,Syzygium elliptifolium,(Merr.) Merr.,Philippines
Myrtaceae,Syzygium escritorii,Merr.,Philippines
Myrtaceae,Syzygium everettii,(C.B.Rob.) Merr.,Philippines
Myrtaceae,Syzygium fastigiatum,(Blume) Merr. & L.M.Perry,Philippines
Myrtaceae,Syzygium fenicis,(C.B.Rob.) Merr.,Philippines
Myrtaceae,Syzygium filiforme,Chantar. & J.Parn.,Philippines
Myrtaceae,Syzygium filipes,Merr.,Philippines
Myrtaceae,Syzygium fischeri,(Merr.) Merr.,Philippines
Myrtaceae,Syzygium foxworthyi,(Elmer) Merr.,Philippines
Myrtaceae,Syzygium garciae,(Merr.) Merr.,Philippines
Myrtaceae,Syzygium gigantifolium,(Merr.) Merr.,Philippines
Myrtaceae,Syzygium gitingense,(Elmer) Merr.,Philippines
Myrtaceae,Syzygium glabratum,(DC.) Veldkamp,Philippines
Myrtaceae,Syzygium globosum,(Elmer) Merr.,Philippines
Myrtaceae,Syzygium griseum,(C.B.Rob.) Airy Shaw,Philippines
Myrtaceae,Syzygium halophilum,(Merr.) Masam.,Philippines
Myrtaceae,Syzygium hughcumingii,Merr.,Philippines
Myrtaceae,Syzygium hutchinsonii,(C.B.Robinson) Merr.,Philippines
Myrtaceae,Syzygium ilocanum,(Merr.) Merr.,Philippines
Myrtaceae,Syzygium incarnatum,(Elmer) Merr. & L.M.Perry,Philippines
Myrtaceae,Syzygium incrassatum,(Elmer) Merr.,Philippines
Myrtaceae,Syzygium intumescens,(C.B.Rob.) Merr.,Philippines
Myrtaceae,Syzygium iwahigense,(Elmer) Merr.,Philippines
Myrtaceae,Syzygium lacustre,(C.B.Rob.) Merr.,Philippines
Myrtaceae,Syzygium lancilimbum,(Merr.) Merr.,Philippines
Myrtaceae,Syzygium leucoxylon,Korth.,Philippines
Myrtaceae,Syzygium leytense,(Elmer) Merr.,Philippines
Myrtaceae,Syzygium llanosii,(Merr.) Merr.,Philippines
Myrtaceae,Syzygium longipedicellatum,(Merr.) Merr.,Philippines
Myrtaceae,Syzygium longistylum,(Merr.) Merr.,Philippines
Myrtaceae,Syzygium lorofolium,Merr.,Philippines
Myrtaceae,Syzygium luteum,(C.B.Rob.) Merr.,Philippines
Myrtaceae,Syzygium luzonense,(Merr.) Merr.,Philippines
Myrtaceae,Syzygium macgregorii,(C.B.Rob.) Merr.,Philippines
Myrtaceae,Syzygium mainitense,(Elmer) Merr.,Philippines
Myrtaceae,Syzygium malagsam,(Elmer) Merr.,Philippines
Myrtaceae,Syzygium mananquil,(Blanco) Merr.,Philippines
Myrtaceae,Syzygium martelinoi,(Merr.) Merr.,Philippines
Myrtaceae,Syzygium mauritsii,Govaerts,Philippines
Myrtaceae,Syzygium megalanthum,(C.B.Rob.) Merr.,Philippines
Myrtaceae,Syzygium melanostictum,(Miq.) Craven & Biffin,Philippines
Myrtaceae,Syzygium melliodorum,(C.B.Rob.) Merr.,Philippines
Myrtaceae,Syzygium merrittianum,(C.B.Rob.) Merr.,Philippines
Myrtaceae,Syzygium mimicum,(Merr.) Merr.,Philippines
Myrtaceae,Syzygium mindorense,(C.B.Rob.) Masam.,Philippines
Myrtaceae,Syzygium mirabile,(Merr.) Merr.,Philippines
Myrtaceae,Syzygium mirandae,(Merr.) Merr.,Philippines
Myrtaceae,Syzygium multinerve,(C.B.Rob.) Merr.,Philippines
Myrtaceae,Syzygium multipuncticulatum,Merr.,Philippines
Myrtaceae,Syzygium myrtillus,(Stapf) Merr. & L.M.Perry,Philippines
Myrtaceae,Syzygium nitidum,Benth.,Philippines
Myrtaceae,Syzygium oblanceolatum,(C.B.Rob.) Merr.,Philippines
Myrtaceae,Syzygium obliquinervium,(Elmer) Merr.,Philippines
Myrtaceae,Syzygium palawanense,(C.B.Rob.) Merr. & L.M.Perry,Philippines
Myrtaceae,Syzygium pallidum,Merr.,Philippines
Myrtaceae,Syzygium panayense,(Merr.) Merr.,Philippines
Myrtaceae,Syzygium panduriforme,(Elmer) Merr.,Philippines
Myrtaceae,Syzygium paucivenium,(C.B.Rob.) Merr.,Philippines
Myrtaceae,Syzygium penasii,(Merr.) Merr.,Philippines
Myrtaceae,Syzygium peregrinum,(Blume) Merr. & L.M.Perry,Philippines
Myrtaceae,Syzygium phanerophlebium,(C.B.Rob.) Merr.,Philippines
Myrtaceae,Syzygium philippinense,(C.B.Rob.) Merr.,Philippines
Myrtaceae,Syzygium polisense,Merr.,Philippines
Myrtaceae,Syzygium polyanthum,(Wight) Walp.,Philippines
Myrtaceae,Syzygium polycephaloides,(C.B.Rob.) Merr.,Philippines
Myrtaceae,Syzygium pseudocalcicola,Craven & Biffin,Philippines
Myrtaceae,Syzygium pulgarense,(C.B.Rob.) Merr.,Philippines
Myrtaceae,Syzygium purpuriflorum,(Elmer) Merr.,Philippines
Myrtaceae,Syzygium ramosii,(C.B.Rob.) Merr.,Philippines
Myrtaceae,Syzygium rigidifolium,Merr.,Philippines
Myrtaceae,Syzygium rizalense,(Merr.) Merr.,Philippines
Myrtaceae,Syzygium robertii,(Merr.) Merr.,Philippines
Myrtaceae,Syzygium robinsonii,(Elmer) Merr.,Philippines
Myrtaceae,Syzygium rolfei,Merr.,Philippines
Myrtaceae,Syzygium rosenbluthii,(C.B.Rob.) Merr.,Philippines
Myrtaceae,Syzygium roseomarginatum,(C.B.Rob.) Merr. & L.M.Perry,Philippines
Myrtaceae,Syzygium rubropurpureum,(C.B.Rob.) Airy Shaw,Philippines
Myrtaceae,Syzygium rubrovenium,(C.B.Rob.) Merr.,Philippines
Myrtaceae,Syzygium samarangense,(Blume) Merr. & L.M.Perry,Philippines
Myrtaceae,Syzygium santosii,(Merr.) Merr.,Philippines
Myrtaceae,Syzygium sessililimbum,(Merr.) Merr.,Philippines
Myrtaceae,Syzygium siderocola,(Merr.) Merr.,Philippines
Myrtaceae,Syzygium simile,(Merr.) Merr.,Philippines
Myrtaceae,Syzygium speciosissimum,(C.B.Rob.) Merr.,Philippines
Myrtaceae,Syzygium squamiferum,(C.B.Rob.) Merr.,Philippines
Myrtaceae,Syzygium striatulum,(C.B.Rob.) Merr.,Philippines
Myrtaceae,Syzygium subcaudatum,(Merr.) Merr.,Philippines
Myrtaceae,Syzygium subfalcatum,(C.B.Rob.) Merr.,Philippines
Myrtaceae,Syzygium subfoetidum,(C.B.Rob.) Merr.,Philippines
Myrtaceae,Syzygium subrotundifolium,(C.B.Rob.) Merr.,Philippines
Myrtaceae,Syzygium subsessile,(C.B.Rob.) Merr.,Philippines
Myrtaceae,Syzygium subsessiliflorum,(Merr.) Merr.,Philippines
Myrtaceae,Syzygium sulcistylum,(C.B.Rob.) Merr.,Philippines
Myrtaceae,Syzygium sulitii,Merr.,Philippines
Myrtaceae,Syzygium surigaense,(Merr.) Merr.,Philippines
Myrtaceae,Syzygium taytayense,(Merr.) Merr.,Philippines
Myrtaceae,Syzygium tenuipes,(Merr.) Merr.,Philippines
Myrtaceae,Syzygium tenuirame,(Miq.) Merr.,Philippines
Myrtaceae,Syzygium toppingii,(Elmer) Merr.,Philippines
Myrtaceae,Syzygium trianthum,(Merr.) Merr.,Philippines
Myrtaceae,Syzygium triphyllum,Merr.,Philippines
Myrtaceae,Syzygium tripinnatum,(Blanco) Merr.,Philippines
Myrtaceae,Syzygium tula,(Merr.) Merr.,Philippines
Myrtaceae,Syzygium valdepunctatum,Merr.,Philippines
Myrtaceae,Syzygium vernonioides,(Elmer) Merr.,Philippines
Myrtaceae,Syzygium vidalianum,(Elmer) Merr.,Philippines
Myrtaceae,Syzygium vulcanicum,Elmer ex Merr.,Philippines
Myrtaceae,Syzygium wenzelii,(Merr.) Merr.,Philippines
Myrtaceae,Syzygium whitfordii,(Merr.) Merr.,Philippines
Myrtaceae,Syzygium williamsii,(C.B.Rob.) Merr.,Philippines
Myrtaceae,Syzygium xanthophyllum,(C.B.Rob.) Merr.,Philippines
Myrtaceae,Syzygium xiphophyllum,(Merr.) Merr.,Philippines
Myrtaceae,Syzygium zamboangense,(C.B.Rob.) Merr.,Philippines
Myrtaceae,Tristaniopsis decorticata,(Merr.) Peter G.Wilson & J.T.Waterh.,Philippines
Myrtaceae,Tristaniopsis littoralis,(Merr.) Peter G.Wilson & J.T.Waterh.,Philippines
Myrtaceae,Tristaniopsis micrantha,(Merr.) Peter G.Wilson & J.T.Waterh.,Philippines
Myrtaceae,Tristaniopsis oblongifolia,(Merr.) Peter G.Wilson & J.T.Waterh.,Philippines
Myrtaceae,Xanthomyrtus diplycosiifolia,(C.B.Rob.) Merr.,Philippines
Myrtaceae,Xanthostemon bracteatus,Merr.,Philippines
Myrtaceae,Xanthostemon fruticosus,Peter G.Wilson & Co,Philippines
Myrtaceae,Xanthostemon philippinensis,Merr.,Philippines
Myrtaceae,Xanthostemon speciosus,Merr.,Philippines
Myrtaceae,Xanthostemon verdugonianus,Náves ex Fern.-Vill.,Philippines
Nyctaginaceae,Ceodes umbellifera,J.R.Forst. & G.Forst.,Philippines
Nyctaginaceae,Pisonia aculeata,L.,Philippines
Nyssaceae,Mastixia tetrapetala,Merr.,Philippines
Nyssaceae,Mastixia trichotoma,Blume,Philippines
Ochnaceae,Brackenridgea fascicularis,(Blanco) Fern.-Vill.,Philippines
Ochnaceae,Brackenridgea palustris,Bartell.,Philippines
Ochnaceae,Campylospermum serratum,(Gaertn.) Bittrich & M.C.E.Amaral,Philippines
Ochnaceae,Schuurmansia elegans,Blume,Philippines
Olacaceae,Anacolosa frutescens,(Blume) Blume,Philippines
Olacaceae,Erythropalum scandens,Blume,Philippines
Olacaceae,Olax imbricata,Roxb.,Philippines
Olacaceae,Strombosia philippinensis,(Baill.) Rolfe,Philippines
Olacaceae,Ximenia americana,L.,Philippines
Oleaceae,Chionanthus clementis,(Quisumb. & Merr.) Kiew,Philippines
Oleaceae,Chionanthus coriaceus,(S.Vidal) Yuen P.Yang & S.Y.Lu,Philippines
Oleaceae,Chionanthus grandifolius,(Elmer) Kiew,Philippines
Oleaceae,Chionanthus luzonicus,Blume,Philippines
Oleaceae,Chionanthus nitidus,(Merr.) Kiew,Philippines
Oleaceae,Chionanthus ramiflorus,Roxb.,Philippines
Oleaceae,Chionanthus remotinervius,(Merr.) Kiew,Philippines
Oleaceae,Chionanthus spicatus,Blume,Philippines
Oleaceae,Fraxinus griffithii,C.B.Clarke,Philippines
Oleaceae,Ligustrum cumingianum,Decne.,Philippines
Oleaceae,Ligustrum glomeratum,Blume,Philippines
Oleaceae,Ligustrum stenophyllum,Quisumb. & Merr.,Philippines
Oleaceae,Olea luzonica,Kiew,Philippines
Oleaceae,Tetrapilus borneensis,(Boerl.) de Juana,Philippines
Oleaceae,Tetrapilus javanicus,(Blume) de Juana,Philippines
Oleaceae,Tetrapilus palawanensis,(Kiew) de Juana,Philippines
Oleaceae,Tetrapilus rubrovenius,(Elmer) L.A.S.Johnson,Philippines
Opiliaceae,Champereia manillana,(Blume) Merr.,Philippines
Opiliaceae,Melientha suavis,Pierre,Philippines
Pandaceae,Galearia fulva,(Tul.) Miq.,Philippines
Pandaceae,Microdesmis caseariifolia,Planch. ex Hook.,Philippines
Pandaceae,Microdesmis magallanensis,(Elmer) Steenis,Philippines
Pandanaceae,Benstonea affinis,(Kurz) Callm. & Buerki,Philippines
Pandanaceae,Benstonea copelandii,(Merr.) Callm. & Buerki,Philippines
Pandanaceae,Pandanus apiculatus,Merr.,Philippines
Pandanaceae,Pandanus apoensis,Martelli,Philippines
Pandanaceae,Pandanus barai,Martelli,Philippines
Pandanaceae,Pandanus basilocularis,Martelli,Philippines
Pandanaceae,Pandanus biliranensis,Merr.,Philippines
Pandanaceae,Pandanus botryoides,Martelli,Philippines
Pandanaceae,Pandanus brevistipes,Martelli,Philippines
Pandanaceae,Pandanus busuangaensis,Merr.,Philippines
Pandanaceae,Pandanus calamianensis,Merr.,Philippines
Pandanaceae,Pandanus calceiformis,Martelli,Philippines
Pandanaceae,Pandanus cheilostigma,B.C.Stone,Philippines
Pandanaceae,Pandanus clementis,Merr.,Philippines
Pandanaceae,Pandanus cubicus,H.St.John,Philippines
Pandanaceae,Pandanus cumingianus,Martelli,Philippines
Pandanaceae,Pandanus dinagatensis,Merr.,Philippines
Pandanaceae,Pandanus dubius,Spreng.,Philippines
Pandanaceae,Pandanus esculentus,Martelli,Philippines
Pandanaceae,Pandanus exaltatus,Blanco,Philippines
Pandanaceae,Pandanus glaucifer,H.St.John,Philippines
Pandanaceae,Pandanus gracilis,Blanco,Philippines
Pandanaceae,Pandanus hermesii,B.C.Stone,Philippines
Pandanaceae,Pandanus juliferus,Martelli,Philippines
Pandanaceae,Pandanus lateralis,Martelli,Philippines
Pandanaceae,Pandanus loherianus,Martelli,Philippines
Pandanaceae,Pandanus luzonensis,Merr.,Philippines
Pandanaceae,Pandanus martellii,Elmer,Philippines
Pandanaceae,Pandanus mindanaensis,Martelli,Philippines
Pandanaceae,Pandanus multibracteatus,Merr.,Philippines
Pandanaceae,Pandanus nobilis,Quisumb. & Merr.,Philippines
Pandanaceae,Pandanus occultus,Merr.,Philippines
Pandanaceae,Pandanus odorifer,(Forssk.) Kuntze,Philippines
Pandanaceae,Pandanus pallidus,Merr.,Philippines
Pandanaceae,Pandanus paloensis,Elmer,Philippines
Pandanaceae,Pandanus panayensis,Merr.,Philippines
Pandanaceae,Pandanus patelliformis,Merr.,Philippines
Pandanaceae,Pandanus philippinensis,Merr.,Philippines
Pandanaceae,Pandanus piricus,H.St.John,Philippines
Pandanaceae,Pandanus polycephalus,Lam.,Philippines
Pandanaceae,Pandanus polyglossus,Martelli,Philippines
Pandanaceae,Pandanus radicans,Blanco,Philippines
Pandanaceae,Pandanus reclinatus,Martelli,Philippines
Pandanaceae,Pandanus retusus,H.St.John,Philippines
Pandanaceae,Pandanus sibuyanensis,Martelli,Philippines
Pandanaceae,Pandanus simplex,Merr.,Philippines
Pandanaceae,Pandanus subacaulis,Merr.,Philippines
Pandanaceae,Pandanus tectorius,Parkinson ex Du Roi,Philippines
Pandanaceae,Pandanus umbonatus,Quisumb. & Merr.,Philippines
Pentaphylacaceae,Adinandra apoensis,Elmer,Philippines
Pentaphylacaceae,Adinandra elliptica,C.B.Rob.,Philippines
Pentaphylacaceae,Adinandra leytensis,Merr.,Philippines
Pentaphylacaceae,Adinandra loheri,Merr.,Philippines
Pentaphylacaceae,Adinandra luzonica,Merr.,Philippines
Pentaphylacaceae,Adinandra macgregorii,Merr.,Philippines
Pentaphylacaceae,Adinandra macquilingensis,Merr.,Philippines
Pentaphylacaceae,Adinandra nigropunctata,Merr.,Philippines
Pentaphylacaceae,Eurya amplexicaulis,S.Moore,Philippines
Pentaphylacaceae,Eurya buxifolia,Merr.,Philippines
Pentaphylacaceae,Eurya coriacea,Merr.,Philippines
Pentaphylacaceae,Eurya gnaphalocarpa,Hayata,Philippines
Pentaphylacaceae,Eurya nitida,Korth.,Philippines
Pentaphylacaceae,Eurya trichocarpa,Korth.,Philippines
Pentaphylacaceae,Ternstroemia gitingensis,Elmer,Philippines
Pentaphylacaceae,Ternstroemia toquian,Fern.-Vill.,Philippines
Peraceae,Trigonopleura dubia,(Elmer) Merr.,Philippines
Phyllanthaceae,Actephila excelsa,(Dalzell) Müll.Arg.,Philippines
Phyllanthaceae,Antidesma bunius,(L.) Spreng.,Philippines
Phyllanthaceae,Antidesma catanduanense,Merr.,Philippines
Phyllanthaceae,Antidesma curranii,Merr.,Philippines
Phyllanthaceae,Antidesma digitaliforme,Tul.,Philippines
Phyllanthaceae,Antidesma edule,Merr.,Philippines
Phyllanthaceae,Antidesma excavatum,Miq.,Philippines
Phyllanthaceae,Antidesma ghaesembilla,Gaertn.,Philippines
Phyllanthaceae,Antidesma leucopodum,Miq.,Philippines
Phyllanthaceae,Antidesma macgregorii,C.B.Rob.,Philippines
Phyllanthaceae,Antidesma microcarpum,Elmer,Philippines
Phyllanthaceae,Antidesma montanum,Blume,Philippines
Phyllanthaceae,Antidesma pleuricum,Tul.,Philippines
Phyllanthaceae,Antidesma puncticulatum,Miq.,Philippines
Phyllanthaceae,Antidesma riparium,Airy Shaw,Philippines
Phyllanthaceae,Antidesma stipulare,Blume,Philippines
Phyllanthaceae,Antidesma subcordatum,Merr.,Philippines
Phyllanthaceae,Antidesma tomentosum,Blume,Philippines
Phyllanthaceae,Aporosa banahaensis,(Elmer) Merr.,Philippines
Phyllanthaceae,Aporosa basilanensis,Merr.,Philippines
Phyllanthaceae,Aporosa benthamiana,Hook.f.,Philippines
Phyllanthaceae,Aporosa frutescens,Blume,Philippines
Phyllanthaceae,Aporosa leytensis,Merr.,Philippines
Phyllanthaceae,Aporosa octandra,(Buch.-Ham. ex D.Don) Vickery,Philippines
Phyllanthaceae,Aporosa sphaeridiophora,Merr.,Philippines
Phyllanthaceae,Aporosa symplocifolia,Merr.,Philippines
Phyllanthaceae,Baccaurea lanceolata,(Miq.) Müll.Arg.,Philippines
Phyllanthaceae,Baccaurea odoratissima,Elmer,Philippines
Phyllanthaceae,Baccaurea philippinensis,(Merr.) Merr.,Philippines
Phyllanthaceae,Baccaurea tetrandra,(Baill.) Müll.Arg.,Philippines
Phyllanthaceae,Bischofia javanica,Blume,Philippines
Phyllanthaceae,Breynia cernua,(Poir.) Müll.Arg.,Philippines
Phyllanthaceae,Breynia macrantha,(Hassk.) Chakrab. & N.P.Balakr.,Philippines
Phyllanthaceae,Breynia racemosa,(Blume) Müll.Arg.,Philippines
Phyllanthaceae,Breynia vitis-idaea,(Burm.f.) C.E.C.Fisch.,Philippines
Phyllanthaceae,Bridelia glauca,Blume,Philippines
Phyllanthaceae,Bridelia insulana,Hance,Philippines
Phyllanthaceae,Bridelia pustulata,Hook.f.,Philippines
Phyllanthaceae,Bridelia stipularis,(L.) Blume,Philippines
Phyllanthaceae,Bridelia tomentosa,Blume,Philippines
Phyllanthaceae,Cleistanthus angustifolius,Merr.,Philippines
Phyllanthaceae,Cleistanthus brideliifolius,C.B.Rob.,Philippines
Phyllanthaceae,Cleistanthus decurrens,Hook.f.,Philippines
Phyllanthaceae,Cleistanthus erycibifolius,Airy Shaw,Philippines
Phyllanthaceae,Cleistanthus everettii,C.B.Rob.,Philippines
Phyllanthaceae,Cleistanthus glaber,Airy Shaw,Philippines
Phyllanthaceae,Cleistanthus isabellinus,Elmer,Philippines
Phyllanthaceae,Cleistanthus megacarpus,C.B.Rob.,Philippines
Phyllanthaceae,Cleistanthus oblongifolius,(Roxb.) Müll.Arg.,Philippines
Phyllanthaceae,Cleistanthus pedicellatus,Hook.f.,Philippines
Phyllanthaceae,Cleistanthus pilosus,C.B.Rob.,Philippines
Phyllanthaceae,Cleistanthus robinsonii,Elmer,Philippines
Phyllanthaceae,Cleistanthus rufescens,Jabl.,Philippines
Phyllanthaceae,Cleistanthus sumatranus,(Miq.) Müll.Arg.,Philippines
Phyllanthaceae,Cleistanthus venosus,C.B.Rob.,Philippines
Phyllanthaceae,Cleistanthus vestitus,Jabl.,Philippines
Phyllanthaceae,Flueggea flexuosa,Müll.Arg.,Philippines
Phyllanthaceae,Flueggea gracilis,(Merr.) Petra Hoffm.,Philippines
Phyllanthaceae,Glochidion album,(Blanco) Boerl.,Philippines
Phyllanthaceae,Glochidion angulatum,C.B.Rob.,Philippines
Phyllanthaceae,Glochidion cagayanense,C.B.Rob.,Philippines
Phyllanthaceae,Glochidion camiguinense,Merr.,Philippines
Phyllanthaceae,Glochidion canescens,Elmer,Philippines
Phyllanthaceae,Glochidion cauliflorum,Merr.,Philippines
Phyllanthaceae,Glochidion cenabrei,Merr.,Philippines
Phyllanthaceae,Glochidion coronulatum,C.B.Rob.,Philippines
Phyllanthaceae,Glochidion curranii,C.B.Rob.,Philippines
Phyllanthaceae,Glochidion dolichostylum,Merr.,Philippines
Phyllanthaceae,Glochidion glaucescens,Merr.,Philippines
Phyllanthaceae,Glochidion merrillii,C.B.Rob.,Philippines
Phyllanthaceae,Glochidion mindorense,C.B.Rob.,Philippines
Phyllanthaceae,Glochidion palawanense,Elmer,Philippines
Phyllanthaceae,Glochidion philippicum,(Cav.) C.B.Rob.,Philippines
Phyllanthaceae,Glochidion phyllanthoides,Merr. ,Philippines
Phyllanthaceae,Glochidion pubicapsa,Airy Shaw,Philippines
Phyllanthaceae,Glochidion robinsonii,Elmer,Philippines
Phyllanthaceae,Glochidion rubrum,Blume,Philippines
Phyllanthaceae,Glochidion subfalcatum,Elmer,Philippines
Phyllanthaceae,Glochidion triandrum,(Blanco) C.B.Rob.,Philippines
Phyllanthaceae,Glochidion trichophorum,Merr.,Philippines
Phyllanthaceae,Glochidion williamsii,C.B.Rob.,Philippines
Phyllanthaceae,Margaritaria indica,(Dalzell) Airy Shaw,Philippines
Phyllanthaceae,Margaritaria luzoniensis,(Merr.) Airy Shaw,Philippines
Phyllanthaceae,Phyllanthus buxifolius,(Blume) Müll.Arg.,Philippines
Phyllanthaceae,Phyllanthus emblica,L.,Philippines
Phyllanthaceae,Phyllanthus eriocarpus,(Champ. ex Benth.) Müll.Arg.,Philippines
Phyllanthaceae,Phyllanthus gigantifolius,Vidal,Philippines
Phyllanthaceae,Phyllanthus lanceilimbus,(Merr.) Merr.,Philippines
Phyllanthaceae,Phyllanthus littoralis,(Blume) Müll.Arg.,Philippines
Phyllanthaceae,Phyllanthus lucidus,(Blume) Müll.Arg.,Philippines
Phyllanthaceae,Phyllanthus lutescens,(Blume) Müll.Arg.,Philippines
Phyllanthaceae,Phyllanthus mollis,(Blume) Müll.Arg.,Philippines
Phyllanthaceae,Phyllanthus ramosii,Quisumb. & Merr.,Philippines
Phyllanthaceae,Phyllanthus sericeus,(Blume) Müll.Arg.,Philippines
Phyllanthaceae,Phyllanthus subscandens,(Zoll. & Moritzi) Müll.Arg.,Philippines
Phyllanthaceae,Phyllanthus xerocarpus,O.Schwarz,Philippines
Pinaceae,Pinus kesiya,Royle ex Gordon,Philippines
Pinaceae,Pinus merkusii,Jungh. & de Vriese,Philippines
Pittosporaceae,Pittosporum ferrugineum,W.T.Aiton,Philippines
Pittosporaceae,Pittosporum moluccanum,Miq.,Philippines
Pittosporaceae,Pittosporum pentandrum,(Blanco) Merr.,Philippines
Pittosporaceae,Pittosporum resiniferum,Hemsl.,Philippines
Pittosporaceae,Pittosporum spinescens,"(F.Muell.) L.W.Cayzer, Crisp & I.Telford",Philippines
Podocarpaceae,Dacrycarpus cumingii,(Parl.) de Laub.,Philippines
Podocarpaceae,Dacrycarpus imbricatus,(Blume) de Laub.,Philippines
Podocarpaceae,Dacrycarpus steupii,(Wasscher) de Laub.,Philippines
Podocarpaceae,Dacrydium beccarii,Parl.,Philippines
Podocarpaceae,Dacrydium elatum,(Roxb.) Wall. ex Hook.,Philippines
Podocarpaceae,Dacrydium pectinatum,de Laub.,Philippines
Podocarpaceae,Dacrydium xanthandrum,Pilg.,Philippines
Podocarpaceae,Falcatifolium gruezoi,de Laub.,Philippines
Podocarpaceae,Nageia wallichiana,(C.Presl) Kuntze,Philippines
Podocarpaceae,Phyllocladus hypophyllus,Hook.f.,Philippines
Podocarpaceae,Podocarpus costalis,C.Presl,Philippines
Podocarpaceae,Podocarpus glaucus,Foxw.,Philippines
Podocarpaceae,Podocarpus lophatus,de Laub.,Philippines
Podocarpaceae,Podocarpus macrocarpus,de Laub.,Philippines
Podocarpaceae,Podocarpus neriifolius,D.Don,Philippines
Podocarpaceae,Podocarpus palawanensis,de Laub. & Silba,Philippines
Podocarpaceae,Podocarpus pilgeri,Foxw.,Philippines
Podocarpaceae,Podocarpus polystachyus,R.Br. ex Endl.,Philippines
Podocarpaceae,Podocarpus ramosii,R.R.Mill,Philippines
Podocarpaceae,Podocarpus rumphii,Blume,Philippines
Podocarpaceae,Sundacarpus amarus,(Blume) C.N.Page,Philippines
Polygalaceae,Xanthophyllum bracteatum,Chodat,Philippines
Polygalaceae,Xanthophyllum discolor,Chodat,Philippines
Polygalaceae,Xanthophyllum heterophyllum,Meijden,Philippines
Polygalaceae,Xanthophyllum impressum,Meijden,Philippines
Polygalaceae,Xanthophyllum palawanense,Elmer,Philippines
Primulaceae,Aegiceras floridum,Roem. & Schult.,Philippines
Primulaceae,Ardisia copelandii,Mez,Philippines
Primulaceae,Ardisia elliptica,Thunb.,Philippines
Primulaceae,Ardisia polyactis,Mez,Philippines
Primulaceae,Ardisia polysticta,Miq.,Philippines
Primulaceae,Ardisia serrata,(Cav.) Pers.,Philippines
Primulaceae,Ardisia tomentosa,C.Presl,Philippines
Primulaceae,Discocalyx angustifolia,Mez,Philippines
Primulaceae,Discocalyx angustissima,Merr.,Philippines
Primulaceae,Discocalyx brachybotrya,Merr.,Philippines
Primulaceae,Discocalyx cybianthoides,(A.DC.) Mez,Philippines
Primulaceae,Discocalyx euphlebia,Merr.,Philippines
Primulaceae,Discocalyx filipes,Mez,Philippines
Primulaceae,Discocalyx hymenandroides,Mez,Philippines
Primulaceae,Discocalyx leytensis,Merr.,Philippines
Primulaceae,Discocalyx longifolia,Merr.,Philippines
Primulaceae,Discocalyx luzoniensis,Merr.,Philippines
Primulaceae,Discocalyx macrophylla,Merr.,Philippines
Primulaceae,Discocalyx maculata,Merr.,Philippines
Primulaceae,Discocalyx merrillii,Mez,Philippines
Primulaceae,Discocalyx micrantha,Merr.,Philippines
Primulaceae,Discocalyx mindanaensis,Elmer,Philippines
Primulaceae,Discocalyx minor,Mez,Philippines
Primulaceae,Discocalyx pachyphylla,Merr.,Philippines
Primulaceae,Discocalyx palawanensis,Elmer ex Merr.,Philippines
Primulaceae,Discocalyx phanerophlebia,Merr.,Philippines
Primulaceae,Discocalyx psychotrioides,Elmer,Philippines
Primulaceae,Discocalyx samarensis,Merr.,Philippines
Primulaceae,Discocalyx sessilifolia,Merr.,Philippines
Primulaceae,Discocalyx stenophylla,Merr.,Philippines
Primulaceae,Discocalyx tecsonii,Merr.,Philippines
Primulaceae,Discocalyx vidalii,Mez,Philippines
Primulaceae,Maesa ramentacea,(Roxb.) A. DC.,Philippines
Primulaceae,Myrsine avenis,(Blume) A. DC.,Philippines
Proteaceae,Helicia graciliflora,Merr.,Philippines
Proteaceae,Helicia loranthoides,C.Presl,Philippines
Proteaceae,Helicia paucinervia,Merr.,Philippines
Proteaceae,Helicia robusta,(Roxb.) R.Br. ex Blume,Philippines
Proteaceae,Heliciopsis artocarpoides,(Elmer) Sleumer,Philippines
Putranjivaceae,Drypetes bawanii,(Merr.) Airy Shaw,Philippines
Putranjivaceae,Drypetes congestiflora,Chun & T.Chen,Philippines
Putranjivaceae,Drypetes convoluta,Airy Shaw,Philippines
Putranjivaceae,Drypetes cumingii,(Baill.) Pax & K.Hoffm.,Philippines
Putranjivaceae,Drypetes falcata,(Merr.) Pax & K.Hoffm.,Philippines
Putranjivaceae,Drypetes gitingensis,(Elmer) Pax & K.Hoffm.,Philippines
Putranjivaceae,Drypetes globosa,(Merr.) Pax & K.Hoffm.,Philippines
Putranjivaceae,Drypetes grandifolia,(C.B.Rob.) Pax & K.Hoffm.,Philippines
Putranjivaceae,Drypetes heptandra,Pax & K.Hoffm.,Philippines
Putranjivaceae,Drypetes littoralis,(C.B.Rob.) Merr.,Philippines
Putranjivaceae,Drypetes longifolia,(Blume) Pax & K.Hoffm.,Philippines
Putranjivaceae,Drypetes maquilingensis,(Merr.) Pax & K.Hoffm.,Philippines
Putranjivaceae,Drypetes microphylla,(Merr.) Pax & K.Hoffm.,Philippines
Putranjivaceae,Drypetes monosperma,(Merr.) Pax & K.Hoffm.,Philippines
Putranjivaceae,Drypetes ovalis,(J.J.Sm. ex Koord. & Valeton) Pax & K.Hoffm.,Philippines
Putranjivaceae,Drypetes rhakodiskos,(Hassk.) Bakh.f.,Philippines
Putranjivaceae,Drypetes subcrenata,(Merr.) Pax & K.Hoffm.,Philippines
Rhamnaceae,Alphitonia incana,(Roxb.) Teijsm. & Binn. ex Kurz,Philippines
Rhamnaceae,Alphitonia philippinensis,Braid,Philippines
Rhamnaceae,Ziziphus angustifolia,(Miq.) Hatus. ex Steenis,Philippines
Rhamnaceae,Ziziphus hutchinsonii,Merr.,Philippines
Rhamnaceae,Ziziphus oenopolia,(L.) Mill.,Philippines
Rhamnaceae,Ziziphus talanae,Merr.,Philippines
Rhizophoraceae,Bruguiera cylindrica,(L.) Blume,Philippines
Rhizophoraceae,Bruguiera gymnorhiza,(L.) Lam.,Philippines
Rhizophoraceae,Bruguiera parviflora,(Roxb.) Wight & Arn. ex Griff.,Philippines
Rhizophoraceae,Bruguiera sexangula,(Lour.) Poir.,Philippines
Rhizophoraceae,Carallia borneensis,Oliv.,Philippines
Rhizophoraceae,Carallia brachiata,(Lour.) Merr.,Philippines
Rhizophoraceae,Ceriops tagal,(Perr.) C.B.Rob.,Philippines
Rhizophoraceae,Ceriops zippeliana,Blume,Philippines
Rhizophoraceae,Gynotroches axillaris,Blume,Philippines
Rhizophoraceae,Kandelia candel,(L.) Druce,Philippines
Rhizophoraceae,Pellacalyx axillaris,Korth.,Philippines
Rhizophoraceae,Rhizophora apiculata,Blume,Philippines
Rhizophoraceae,Rhizophora mucronata,Poir.,Philippines
Rhizophoraceae,Rhizophora stylosa,Griff.,Philippines
Rosaceae,Photinia nussia,(Buch.-Ham. ex D.Don) Kalkman,Philippines
Rosaceae,Photinia serratifolia,(Desf.) Kalkman,Philippines
Rosaceae,Prunus clementis,(Merr.) Kalkman,Philippines
Rosaceae,Prunus fragrans,(Elmer) Kalkman,Philippines
Rosaceae,Prunus grisea,(Blume ex Müll.Berol.) Kalkman,Philippines
Rosaceae,Prunus kinabaluensis,Kalkman,Philippines
Rosaceae,Prunus marsupialis,Kalkman,Philippines
Rosaceae,Prunus pulgarensis,(Elmer) Kalkman,Philippines
Rosaceae,Prunus rubiginosa,(Elmer) Kalkman,Philippines
Rosaceae,Prunus subglabra,(Merr.) Kalkman,Philippines
Rubiaceae,Adina trichotoma,(Zoll. & Moritzi) Benth. & Hook.f. ex B.D.Jacks.,Philippines
Rubiaceae,Aidia racemosa,(Cav.) Tirveng.,Philippines
Rubiaceae,Antherostele banahaensis,(Elmer) Bremek.,Philippines
Rubiaceae,Antherostele callophylla,Bremek.,Philippines
Rubiaceae,Antherostele grandistipula,(Merr.) Bremek.,Philippines
Rubiaceae,Benkara fasciculata,(Roxb.) Ridsdale,Philippines
Rubiaceae,Canthium bipinnatum,(Blanco) Merr.,Philippines
Rubiaceae,Canthium fenicis,(Merr.) Merr.,Philippines
Rubiaceae,Canthium megacarpum,(Merr.) Merr.,Philippines
Rubiaceae,Canthium merrillianum,Mabb.,Philippines
Rubiaceae,Canthium subcapitatum,(Merr.) Merr.,Philippines
Rubiaceae,Ceriscoides curranii,(Merr.) Tirveng.,Philippines
Rubiaceae,Chassalia curviflora,(Wall.) Thwaites,Philippines
Rubiaceae,Cowiea philippinensis,Merr.,Philippines
Rubiaceae,Dibridsonia conferta,(Korth.) K.M.Wong,Philippines
Rubiaceae,Diplospora puberula,(Merr.) S.J.Ali & Robbr.,Philippines
Rubiaceae,Diplospora sessilis,Elmer,Philippines
Rubiaceae,Diplospora sorsogonensis,(Elmer) A.P.Davis,Philippines
Rubiaceae,Diplospora tinagoensis,(Elmer) S.J.Ali & Robbr.,Philippines
Rubiaceae,Discospermum philippinensis,Arriola & Alejandro,Philippines
Rubiaceae,Discospermum reyesii,"Arriola, Valdez & Alejandro",Philippines
Rubiaceae,Dolicholobium philippinense,Trel.,Philippines
Rubiaceae,Eumachia leptothyrsa,"(Miq.) Barrabé, C.M.Taylor & Razafim.",Philippines
Rubiaceae,Eumachia membranifolia,"(Bartl. ex DC.) Barrabé, C.M.Taylor & Razafim.",Philippines
Rubiaceae,Gardenia barnesii,Merr.,Philippines
Rubiaceae,Gardenia elata,Ridl.,Philippines
Rubiaceae,Gardenia mutabilis,Reinw. ex Blume,Philippines
Rubiaceae,Gardenia ornata,K.M.Wong,Philippines
Rubiaceae,Gardenia vulcanica,K.M.Wong,Philippines
Rubiaceae,Greeniopsis discolor,Merr.,Philippines
Rubiaceae,Greeniopsis euphlebia,Merr.,Philippines
Rubiaceae,Greeniopsis megalantha,Merr.,Philippines
Rubiaceae,Greeniopsis multiflora,(Elmer) Merr.,Philippines
Rubiaceae,Greeniopsis pubescens,Merr.,Philippines
Rubiaceae,Greeniopsis sibuyanensis,Elmer,Philippines
Rubiaceae,Guettarda hermosa,Blanco,Philippines
Rubiaceae,Guettarda speciosa,L.,Philippines
Rubiaceae,Guettardella bombysia,(Chaw) J.G.Chavez,Philippines
Rubiaceae,Guettardella caudata,M.E.Jansen,Philippines
Rubiaceae,Guettardella livida,(Elmer) M.E.Jansen,Philippines
Rubiaceae,Guettardella tayabensis,(Chaw) J.G.Chavez,Philippines
Rubiaceae,Gynochthodes umbellata,(L.) Razafim. & B.Bremer,Philippines
Rubiaceae,Hymenodictyon horsfieldii,Miq.,Philippines
Rubiaceae,Hymenodictyon orixense,(Roxb.) Mabb.,Philippines
Rubiaceae,Ixora chinensis,Lam.,Philippines
Rubiaceae,Ixora finlaysoniana,Wall. ex G.Don,Philippines
Rubiaceae,Ixora intermedia,Elmer,Philippines
Rubiaceae,Ixora philippinensis,Merr.,Philippines
Rubiaceae,Ixora tenelliflora,Merr.,Philippines
Rubiaceae,Lasianthus chinensis,(Champ.) Benth.,Philippines
Rubiaceae,Mitragyna diversifolia,(Wall. ex G.Don) Havil.,Philippines
Rubiaceae,Mitragyna speciosa,(Korth.) Havil.,Philippines
Rubiaceae,Morinda citrifolia,L.,Philippines
Rubiaceae,Mussaenda acuminatissima,Merr.,Philippines
Rubiaceae,Mussaenda anisophylla,S.Vidal,Philippines
Rubiaceae,Mussaenda benguetensis,Elmer,Philippines
Rubiaceae,Mussaenda chlorantha,Merr.,Philippines
Rubiaceae,Mussaenda lanata,C.B.Rob.,Philippines
Rubiaceae,Mussaenda multibracteata,Merr.,Philippines
Rubiaceae,Mussaenda philippica,A.Rich.,Philippines
Rubiaceae,Mussaenda philippinensis,Merr.,Philippines
Rubiaceae,Mussaenda pinatubensis,Elmer,Philippines
Rubiaceae,Mussaenda setosa,Merr.,Philippines
Rubiaceae,Mussaenda ustii,Alejandro,Philippines
Rubiaceae,Nauclea officinalis,(Pierre ex Pit.) Merr. & Chun,Philippines
Rubiaceae,Nauclea orientalis,(L.) L.,Philippines
Rubiaceae,Nauclea robinsonii,Merr.,Philippines
Rubiaceae,Nauclea subdita,(Korth.) Steud.,Philippines
Rubiaceae,Neonauclea bartlingii,(DC.) Merr.,Philippines
Rubiaceae,Neonauclea calycina,(Bartl. ex DC.) Merr.,Philippines
Rubiaceae,Neonauclea circumscissa,Ridsdale,Philippines
Rubiaceae,Neonauclea connicalycina,"Ordas, Taradji, Valdez & Alejandro",Philippines
Rubiaceae,Neonauclea formicaria,(Elmer) Merr.,Philippines
Rubiaceae,Neonauclea glabra,(Roxb.) Bakh.f. & Ridsdale,Philippines
Rubiaceae,Neonauclea jagorii,(Merr.) Merr.,Philippines
Rubiaceae,Neonauclea kentii,(Merr.) Merr.,Philippines
Rubiaceae,Neonauclea lanceolata,(Blume) Merr.,Philippines
Rubiaceae,Neonauclea media,(Havil.) Merr.,Philippines
Rubiaceae,Neonauclea pseudocalycina,Ridsdale,Philippines
Rubiaceae,Neonauclea puberula,(Merr.) Merr.,Philippines
Rubiaceae,Neonauclea reticulata,(Havil.) Merr.,Philippines
Rubiaceae,Neonauclea truncata,(Hayata) Yamam.,Philippines
Rubiaceae,Pavetta barnesii,Elmer ex Merr.,Philippines
Rubiaceae,Pavetta brachyantha,Merr.,Philippines
Rubiaceae,Pavetta williamsii,Merr.,Philippines
Rubiaceae,Praravinia sablanensis,(Elmer) Bremek.,Philippines
Rubiaceae,Prismatomeris brachypus,Ridl.,Philippines
Rubiaceae,Psychotria alabatensis,Sohmer & A.P.Davis,Philippines
Rubiaceae,Psychotria arborescens,Elmer,Philippines
Rubiaceae,Psychotria bayombongensis,Sohmer & A.P.Davis,Philippines
Rubiaceae,Psychotria boholensis,Merr. ex Sohmer & A.P.Davis,Philippines
Rubiaceae,Psychotria bontocensis,Merr.,Philippines
Rubiaceae,Psychotria castroi,Merr. & Quisumb. ex Sohmer & A.P.Davis,Philippines
Rubiaceae,Psychotria catanduaniensis,Sohmer & A.P.Davis,Philippines
Rubiaceae,Psychotria cephalophora,Merr.,Philippines
Rubiaceae,Psychotria crassifolia,Miq.,Philippines
Rubiaceae,Psychotria crispipila,Merr.,Philippines
Rubiaceae,Psychotria dingalanensis,Sohmer & A.P.Davis,Philippines
Rubiaceae,Psychotria foxworthyi,Sohmer & A.P.Davis,Philippines
Rubiaceae,Psychotria frakei,Sohmer & A.P.Davis,Philippines
Rubiaceae,Psychotria gitingensis,Elmer,Philippines
Rubiaceae,Psychotria hilonghilongensis,Sohmer & A.P.Davis,Philippines
Rubiaceae,Psychotria iridensis,Sohmer & A.P.Davis,Philippines
Rubiaceae,Psychotria lancilimba,Merr.,Philippines
Rubiaceae,Psychotria luzoniensis,(Cham. & Schltdl.) Fern.-Vill.,Philippines
Rubiaceae,Psychotria magnifolia,Merr.,Philippines
Rubiaceae,Psychotria manillensis,Bartl. ex DC.,Philippines
Rubiaceae,Psychotria mariguidonensis,Sohmer & A.P.Davis,Philippines
Rubiaceae,Psychotria mendozii,Sohmer & A.P.Davis,Philippines
Rubiaceae,Psychotria phanerophlebia,Merr.,Philippines
Rubiaceae,Psychotria pilosella,Elmer,Philippines
Rubiaceae,Psychotria pinnatinervia,Elmer,Philippines
Rubiaceae,Psychotria plumeriifolia,Elmer,Philippines
Rubiaceae,Psychotria pyramidata,Elmer,Philippines
Rubiaceae,Psychotria quisumbingiana,Sohmer & A.P.Davis,Philippines
Rubiaceae,Psychotria reynosoi,Sohmer & A.P.Davis,Philippines
Rubiaceae,Psychotria rubiginosa,Elmer ex Merr.,Philippines
Rubiaceae,Psychotria scaberula,Merr.,Philippines
Rubiaceae,Psychotria sorsogonensis,Elmer,Philippines
Rubiaceae,Psychotria subsessiliflora,Elmer,Philippines
Rubiaceae,Psychotria sulitii,Merr. & Quisumb. ex Sohmer & A.P.Davis,Philippines
Rubiaceae,Psychotria surigaoensis,Sohmer & A.P.Davis,Philippines
Rubiaceae,Psychotria tayabensis,Elmer,Philippines
Rubiaceae,Psychotria yenii,Sohmer & A.P.Davis,Philippines
Rubiaceae,Psydrax dicoccos,Gaertn.,Philippines
Rubiaceae,Psydrax gynochthodes,"(Baill.) Arriola, Yayen & Alejandro",Philippines
Rubiaceae,Psydrax umbellatus,(Wight) Bridson,Philippines
Rubiaceae,Ridsdalea graciliflora,(Merr.) J.T.Pereira,Philippines
Rubiaceae,Ridsdalea lagunensis,(Merr.) J.T.Pereira,Philippines
Rubiaceae,Ridsdalea leytensis,(J.T.Pereira & Ridsdale) J.T.Pereira,Philippines
Rubiaceae,Ridsdalea merrillii,(Elmer) J.T.Pereira,Philippines
Rubiaceae,Ridsdalea negrosensis,(Merr.) J.T.Pereira,Philippines
Rubiaceae,Ridsdalea philippinensis,R.Bustam. & Pelser,Philippines
Rubiaceae,Rubovietnamia coronula,Alejandro & Meve,Philippines
Rubiaceae,Scyphiphora hydrophylacea,C.F.Gaertn.,Philippines
Rubiaceae,Tarenna costata,(Miq.) Merr.,Philippines
Rubiaceae,Tarenna cumingiana,(S.Vidal) Elmer,Philippines
Rubiaceae,Tarenna fragrans,(Blume) Koord. & Valeton,Philippines
Rubiaceae,Tarennoidea wallichii,(Hook.f.) Tirveng. & Sastre,Philippines
Rubiaceae,Timonius appendiculatus,Merr.,Philippines
Rubiaceae,Timonius arboreus,Elmer,Philippines
Rubiaceae,Timonius ferrugineus,Merr.,Philippines
Rubiaceae,Timonius pachyphyllus,Merr.,Philippines
Rubiaceae,Timonius palawanensis,Elmer,Philippines
Rubiaceae,Timonius trichophorus,Merr.,Philippines
Rubiaceae,Urophyllum lanaense,(Merr.) Smedmark & B.Bremer,Philippines
Rubiaceae,Vidalasia morindifolia,(Elmer) Tirveng.,Philippines
Rubiaceae,Villaria acutifolia,(Elmer) Merr.,Philippines
Rubiaceae,Villaria coriacea,(Merr.) Arriola & Alejandro,Philippines
Rubiaceae,Villaria leytensis,Alejandro & Meve,Philippines
Rubiaceae,Villaria multibracteata,(Elmer) Arriola & Alejandro,Philippines
Rubiaceae,Villaria odorata,(Blanco) Merr.,Philippines
Rubiaceae,Villaria purpurea,(Elmer) Arriola & Alejandro,Philippines
Rubiaceae,Villaria uniflora,Arriola & Alejandro,Philippines
Rubiaceae,Wendlandia brachyantha,Merr.,Philippines
Rubiaceae,Wendlandia philippinensis,Cowan,Philippines
Rubiaceae,Wendlandia sibuyanensis,Cowan,Philippines
Rubiaceae,Wendlandia syringoides,(Cowan) Cowan,Philippines
Rubiaceae,Wendlandia warburgii,Merr.,Philippines
Rutaceae,Acronychia pedunculata,(L.) Miq.,Philippines
Rutaceae,Atalantia buxifolia,(Poir.) Oliv. ex Benth.,Philippines
Rutaceae,Atalantia paniculata,Warb.,Philippines
Rutaceae,Atalantia racemosa,Wight ex Hook.,Philippines
Rutaceae,Citrus hystrix,DC.,Philippines
Rutaceae,Clausena anisum-olens,(Blanco) Merr.,Philippines
Rutaceae,Clausena excavata,Burm.f.,Philippines
Rutaceae,Glycosmis chlorosperma,(Blume) Spreng.,Philippines
Rutaceae,Glycosmis cyanocarpa,(Blume) Spreng.,Philippines
Rutaceae,Glycosmis lanceolata,(Blume) D.Dietr.,Philippines
Rutaceae,Glycosmis pentaphylla,(Retz.) DC.,Philippines
Rutaceae,Glycosmis trifoliata,(Blume) Spreng.,Philippines
Rutaceae,Harrisonia perforata,(Blanco) Merr.,Philippines
Rutaceae,Lunasia amara,Blanco,Philippines
Rutaceae,Maclurodendron porteri,(Hook.f.) T.G.Hartley,Philippines
Rutaceae,Melicope alpestris,T.G.Hartley,Philippines
Rutaceae,Melicope benguetensis,(Elmer) T.G.Hartley,Philippines
Rutaceae,Melicope blancoi,T.G.Hartley,Philippines
Rutaceae,Melicope confusa,(Merr.) P.S. Liu,Philippines
Rutaceae,Melicope denhamii,(Seem.) T.G.Hartley,Philippines
Rutaceae,Melicope glabella,T.G.Hartley,Philippines
Rutaceae,Melicope latifolia,(DC.) T.G.Hartley,Philippines
Rutaceae,Melicope laxa,(Elmer) T.G.Hartley,Philippines
Rutaceae,Melicope lunu-ankenda,T.G.Hartley,Philippines
Rutaceae,Melicope mindorensis,T.G.Hartley,Philippines
Rutaceae,Melicope pergamentacea,(Elmer) T.G.Hartley,Philippines
Rutaceae,Melicope pulgarensis,(Elmer) T.G.Hartley,Philippines
Rutaceae,Melicope semecarpifolia,(Merr.) T.G.Hartley,Philippines
Rutaceae,Melicope sessilifoliola,(Merr.) T.G.Hartley,Philippines
Rutaceae,Melicope triphylla,(Lam.) Merr.,Philippines
Rutaceae,Melicope zambalensis,(Elmer) T.G.Hartley,Philippines
Rutaceae,Micromelum integerrimum,(Roxb. ex DC.) Wight & Arn. ex M.Roem.,Philippines
Rutaceae,Murraya crenulata,(Turcz.) Oliv.,Philippines
Rutaceae,Murraya lucida,(G.Forst.) Mabb.,Philippines
Rutaceae,Murraya paniculata,(L.) Jack,Philippines
Rutaceae,Swinglea glutinosa,(Blanco) Merr.,Philippines
Rutaceae,Tetradium glabrifolium,(Champ. ex Benth.) T.G.Hartley,Philippines
Rutaceae,Zanthoxylum ailanthoides,Siebold & Zucc.,Philippines
Rutaceae,Zanthoxylum armatum,DC.,Philippines
Rutaceae,Zanthoxylum avicennae,(Lam.) DC.,Philippines
Rutaceae,Zanthoxylum integrifoliolum,(Merr.) Merr.,Philippines
Rutaceae,Zanthoxylum myriacanthum,Wall. ex Hook.f.,Philippines
Rutaceae,Zanthoxylum nitidum,(Roxb.) DC.,Philippines
Rutaceae,Zanthoxylum ovalifolium,Tutcher,Philippines
Rutaceae,Zanthoxylum rhetsa,(Roxb.) DC.,Philippines
Sabiaceae,Meliosma arnottiana,(Wight) Walp.,Philippines
Sabiaceae,Meliosma lepidota,Blume,Philippines
Sabiaceae,Meliosma rigida,Siebold & Zucc.,Philippines
Sabiaceae,Meliosma sumatrana,Walp.,Philippines
Salicaceae,Casearia elliptifolia,Merr.,Philippines
Salicaceae,Casearia fuliginosa,(Blanco) Blanco,Philippines
Salicaceae,Casearia grewiifolia,Vent.,Philippines
Salicaceae,Casearia loheri,Merr.,Philippines
Salicaceae,Casearia mindanaensis,Merr.,Philippines
Salicaceae,Casearia phanerophlebia,Merr.,Philippines
Salicaceae,Casearia philippinensis,Merr.,Philippines
Salicaceae,Casearia trivalvis,(Blanco) Merr.,Philippines
Salicaceae,Casearia tuberculata,Blume,Philippines
Salicaceae,Flacourtia indica,(Burm.f.) Merr.,Philippines
Salicaceae,Flacourtia zippelii,Slooten,Philippines
Salicaceae,Homalium bracteatum,Benth.,Philippines
Salicaceae,Homalium foetidum,(Roxb.) Benth.,Philippines
Salicaceae,Homalium gitingense,Elmer,Philippines
Salicaceae,Homalium multiflorum,Merr.,Philippines
Salicaceae,Homalium oblongifolium,Merr. ,Philippines
Salicaceae,Homalium palawanense,"Regalado, Soejarto & Madulid",Philippines
Salicaceae,Homalium ramosii,Merr.,Philippines
Salicaceae,Homalium samarense,Merr.,Philippines
Salicaceae,Homalium villarianum,S.Vidal,Philippines
Salicaceae,Osmelia philippina,(Turcz.) Fern.-Vill.,Philippines
Salicaceae,Salix tetrasperma,Roxb.,Philippines
Salicaceae,Scolopia spinosa,(Roxb.) Warb.,Philippines
Salicaceae,Xylosma palawanensis,Mend.,Philippines
Salvadoraceae,Azima sarmentosa,(Blume) Benth. & Hook.f.,Philippines
Santalaceae,Exocarpos latifolius,R.Br.,Philippines
Sapindaceae,Acer laurinum,Hassk.,Philippines
Sapindaceae,Alectryon fuscus,Radlk.,Philippines
Sapindaceae,Alectryon glaber,(Blume) Radlk.,Philippines
Sapindaceae,Allophylus apiocarpus,Radlk.,Philippines
Sapindaceae,Allophylus brevipetiolaris,Radlk.,Philippines
Sapindaceae,Allophylus chlorocarpus,Radlk.,Philippines
Sapindaceae,Allophylus cobbe,(L.) Raeusch.,Philippines
Sapindaceae,Allophylus dasythyrsus,Radlk.,Philippines
Sapindaceae,Allophylus dimorphus,Radlk.,Philippines
Sapindaceae,Allophylus granulatus,Radlk.,Philippines
Sapindaceae,Allophylus hymenocalyx,Radlk.,Philippines
Sapindaceae,Allophylus insignis,Radlk.,Philippines
Sapindaceae,Allophylus javensis,Blume,Philippines
Sapindaceae,Allophylus leptocladus,Radlk.,Philippines
Sapindaceae,Allophylus leptococcus,Radlk.,Philippines
Sapindaceae,Allophylus leucochrous,Radlk.,Philippines
Sapindaceae,Allophylus lopezii,Merr.,Philippines
Sapindaceae,Allophylus macrostachys,Radlk.,Philippines
Sapindaceae,Allophylus malvaceus,Radlk.,Philippines
Sapindaceae,Allophylus quinatus,Radlk.,Philippines
Sapindaceae,Allophylus repandodentatus,Radlk.,Philippines
Sapindaceae,Allophylus setulosus,Radlk.,Philippines
Sapindaceae,Allophylus simplicifolius,Radlk.,Philippines
Sapindaceae,Allophylus subincisodentatus,Radlk.,Philippines
Sapindaceae,Allophylus unifoliatus,Radlk.,Philippines
Sapindaceae,Allophylus unifoliolatus,Radlk.,Philippines
Sapindaceae,Arytera litoralis,Blume,Philippines
Sapindaceae,Cubilia cubili,(Blanco) Adelb.,Philippines
Sapindaceae,Dictyoneura acuminata,Blume,Philippines
Sapindaceae,Dimocarpus foveolatus,(Radlk.) Leenh.,Philippines
Sapindaceae,Dimocarpus longan,Lour.,Philippines
Sapindaceae,Dodonaea viscosa,(L.) Jacq.,Philippines
Sapindaceae,Elattostachys verrucosa,(Blume) Radlk.,Philippines
Sapindaceae,Euphorianthus euneurus,(Miq.) Leenh.,Philippines
Sapindaceae,Ganophyllum falcatum,Blume,Philippines
Sapindaceae,Glenniea philippinensis,(Radlk.) Leenh.,Philippines
Sapindaceae,Glenniea thorelii,(Pierre) Leenh.,Philippines
Sapindaceae,Gloeocarpus patentivalvis,(Radlk.) Radlk.,Philippines
Sapindaceae,Gongrospermum philippinense,Radlk.,Philippines
Sapindaceae,Guioa acuminata,Radlk.,Philippines
Sapindaceae,Guioa bicolor,Merr.,Philippines
Sapindaceae,Guioa bijuga,(Hiern) Radlk.,Philippines
Sapindaceae,Guioa discolor,Radlk.,Philippines
Sapindaceae,Guioa koelreuteria,(Blanco) Merr.,Philippines
Sapindaceae,Guioa myriadenia,Radlk.,Philippines
Sapindaceae,Guioa palawanica,Welzen,Philippines
Sapindaceae,Guioa parvifoliola,Merr.,Philippines
Sapindaceae,Guioa pleuropteris,(Blume) Radlk.,Philippines
Sapindaceae,Guioa pubescens,(Zoll. & Moritzi) Radlk.,Philippines
Sapindaceae,Guioa reticulata,Radlk.,Philippines
Sapindaceae,Guioa truncata,Radlk.,Philippines
Sapindaceae,Harpullia arborea,(Blanco) Radlk.,Philippines
Sapindaceae,Harpullia cupanioides,Roxb.,Philippines
Sapindaceae,Harpullia ramiflora,Radlk.,Philippines
Sapindaceae,Lepidopetalum perrottetii,Blume,Philippines
Sapindaceae,Lepisanthes falcata,(Radlk.) Leenh.,Philippines
Sapindaceae,Lepisanthes fruticosa,(Roxb.) Leenh.,Philippines
Sapindaceae,Lepisanthes rubiginosa,(Roxb.) Leenh.,Philippines
Sapindaceae,Lepisanthes tetraphylla,(Vahl) Radlk.,Philippines
Sapindaceae,Mischocarpus pentapetalus,(Roxb.) Radlk.,Philippines
Sapindaceae,Mischocarpus sundaicus,Blume,Philippines
Sapindaceae,Mischocarpus triqueter,Radlk.,Philippines
Sapindaceae,Nephelium cuspidatum,Blume,Philippines
Sapindaceae,Nephelium melanomiscum,Radlk.,Philippines
Sapindaceae,Nephelium ramboutan-ake,(Labill.) Leenh.,Philippines
Sapindaceae,Paranephelium xestophyllum,Miq.,Philippines
Sapindaceae,Pometia pinnata,J.R.Forst. & G.Forst.,Philippines
Sapindaceae,Rhysotoechia ramiflora,Radlk.,Philippines
Sapindaceae,Trigonachras cultrata,(Turcz.) Radlk.,Philippines
Sapindaceae,Trigonachras cuspidata,Radlk.,Philippines
Sapindaceae,Tristiropsis acutangula,Radlk.,Philippines
Sapotaceae,Burckella coi,Fernando,Philippines
Sapotaceae,Diploknema ramiflora,(Merr.) H.J.Lam,Philippines
Sapotaceae,Donella lanceolata,(Blume) Aubrév.,Philippines
Sapotaceae,Madhuca betis,(Blanco) J.F.Macbr.,Philippines
Sapotaceae,Madhuca burckiana,(Koord.) H.J.Lam,Philippines
Sapotaceae,Madhuca coriacea,(Merr.) Merr.,Philippines
Sapotaceae,Madhuca lanceolata,(Merr.) Merr.,Philippines
Sapotaceae,Madhuca mindanaensis,(Merr.) Merr.,Philippines
Sapotaceae,Madhuca mirandae,(Merr.) Merr.,Philippines
Sapotaceae,Madhuca monticola,(Merr.) Merr.,Philippines
Sapotaceae,Madhuca multiflora,(Merr.) J.F.Macbr.,Philippines
Sapotaceae,Madhuca oblongifolia,(Merr.) Merr.,Philippines
Sapotaceae,Madhuca obovatifolia,(Merr.) Merr.,Philippines
Sapotaceae,Madhuca platyphylla,(Merr.) Merr.,Philippines
Sapotaceae,Manilkara fasciculata,(Warb.) H.J.Lam & Maas Geest.,Philippines
Sapotaceae,Manilkara kauki,(L.) Dubard,Philippines
Sapotaceae,Mimusops elengi,L.,Philippines
Sapotaceae,Palaquium abundantiflorum,H.J.Lam,Philippines
Sapotaceae,Palaquium barnesii,Merr.,Philippines
Sapotaceae,Palaquium bataanense,Merr.,Philippines
Sapotaceae,Palaquium calophyllum,(Teijsm. & Binn.) Pierre ex Burck,Philippines
Sapotaceae,Palaquium cuprifolium,Elmer,Philippines
Sapotaceae,Palaquium dubardii,Elmer,Philippines
Sapotaceae,Palaquium elliptilimbum,Merr.,Philippines
Sapotaceae,Palaquium elongatum,Merr.,Philippines
Sapotaceae,Palaquium formosanum,Hayata,Philippines
Sapotaceae,Palaquium foxworthyi,Merr.,Philippines
Sapotaceae,Palaquium gigantifolium,Merr.,Philippines
Sapotaceae,Palaquium glabrifolium,Merr.,Philippines
Sapotaceae,Palaquium glabrum,Merr.,Philippines
Sapotaceae,Palaquium globosum,H.J.Lam,Philippines
Sapotaceae,Palaquium heterosepalum,Merr.,Philippines
Sapotaceae,Palaquium lanceolatum,Blanco,Philippines
Sapotaceae,Palaquium loheri,Merr.,Philippines
Sapotaceae,Palaquium luzoniense,(Fern.-Vill.) Vidal,Philippines
Sapotaceae,Palaquium merrillii,Dubard,Philippines
Sapotaceae,Palaquium mindanaense,Merr.,Philippines
Sapotaceae,Palaquium montanum,Elmer,Philippines
Sapotaceae,Palaquium obovatum,(Griff.) Engl.,Philippines
Sapotaceae,Palaquium obtusifolium,Burck,Philippines
Sapotaceae,Palaquium philippense,(Perr.) C.B.Rob.,Philippines
Sapotaceae,Palaquium pinnatinervium,Elmer,Philippines
Sapotaceae,Palaquium polyandrum,C.B.Rob.,Philippines
Sapotaceae,Palaquium pseudorostratum,H.J.Lam,Philippines
Sapotaceae,Palaquium ridleyi,King & Gamble,Philippines
Sapotaceae,Palaquium rostratum,(Miq.) Burck,Philippines
Sapotaceae,Palaquium sorsogonense,Elmer ex H.J.Lam,Philippines
Sapotaceae,Palaquium tenuipetiolatum,Merr.,Philippines
Sapotaceae,Palaquium vidalii,Pierre ex Dubard,Philippines
Sapotaceae,Payena leerii,(Teijsm. & Binn.) Kurz,Philippines
Sapotaceae,Planchonella chartacea,(F.Muell. ex Benth.) H.J.Lam,Philippines
Sapotaceae,Planchonella duclitan,(Blanco) Bakh.f.,Philippines
Sapotaceae,Planchonella macrantha,(Merr.) Swenson,Philippines
Sapotaceae,Planchonella mindanaensis,H.J.Lam,Philippines
Sapotaceae,Planchonella obovata,(R.Br.) Pierre,Philippines
Sapotaceae,Planchonella ridsdalei,(Vink) Swenson,Philippines
Sapotaceae,Planchonella velutina,(Elmer) H.J.Lam,Philippines
Sapotaceae,Planchonella villamilii,Planchonella villamilii,Philippines
Sapotaceae,Pleioluma firma,(Miq.) Swenson,Philippines
Sapotaceae,Pleioluma foxworthyi,(Elmer) Swenson,Philippines
Sapotaceae,Sarcosperma paniculatum,(King) Stapf & King,Philippines
Sapotaceae,Sersalisia luzoniensis,(Merr.) Swenson,Philippines
Sapotaceae,Xantolis parvifolia,(A.DC.) P.Royen,Philippines
Schisandraceae,Illicium philippinense,Merr.,Philippines
Scrophulariaceae,Buddleja asiatica,Lour.,Philippines
Simaroubaceae,Brucea javanica,(L.) Merr.,Philippines
Simaroubaceae,Brucea mollis,Wall. ex Kurz,Philippines
Simaroubaceae,Eurycoma longifolia,Jack,Philippines
Simaroubaceae,Picrasma javanica,Blume,Philippines
Staphyleaceae,Dalrympelea borneensis,(Merr. & L.M.Perry) Nor-Ezzaw.,Philippines
Staphyleaceae,Dalrympelea sphaerocarpa,(Hassk.) Nor-Ezzaw.,Philippines
Staphyleaceae,Dalrympelea trifoliata,(Ridl.) Nor-Ezzaw.,Philippines
Staphyleaceae,Turpinia simplicifolia,Merr.,Philippines
Stemonuraceae,Codiocarpus merrittii,(Merr.) R.A.Howard,Philippines
Stemonuraceae,Gomphandra apoensis,(Elmer) Merr.,Philippines
Stemonuraceae,Gomphandra bracteata,Schori,Philippines
Stemonuraceae,Gomphandra coi,Schori,Philippines
Stemonuraceae,Gomphandra conklinii,Schori,Philippines
Stemonuraceae,Gomphandra cumingiana,(Miers) Fern.-Vill.,Philippines
Stemonuraceae,Gomphandra dinagatensis,Schori,Philippines
Stemonuraceae,Gomphandra fernandoi,Schori & Utteridge,Philippines
Stemonuraceae,Gomphandra flavicarpa,(Elmer) Merr.,Philippines
Stemonuraceae,Gomphandra fuliginea,(Elmer) Merr.,Philippines
Stemonuraceae,Gomphandra halconensis,Schori,Philippines
Stemonuraceae,Gomphandra lancifolia,Merr.,Philippines
Stemonuraceae,Gomphandra luzoniensis,(Merr.) Merr.,Philippines
Stemonuraceae,Gomphandra mappioides,Valeton,Philippines
Stemonuraceae,Gomphandra oblongifolia,Merr.,Philippines
Stemonuraceae,Gomphandra oligantha,Sleumer,Philippines
Stemonuraceae,Gomphandra psilandra,Schori,Philippines
Stemonuraceae,Gomphandra ultramafiterrestris,Schori,Philippines
Stemonuraceae,Medusanthera laxiflora,(Miers) R.A.Howard,Philippines
Stemonuraceae,Stemonurus gitingensis,(Elmer) Sleumer,Philippines
Stemonuraceae,Stemonurus umbellatus,Becc.,Philippines
Surianaceae,Suriana maritima,L.,Philippines
Symplocaceae,Symplocos adenophylla,Wall. ex G. Don,Philippines
Symplocaceae,Symplocos celastrifolia,Griff. ex C.B.Clarke,Philippines
Symplocaceae,Symplocos cochinchinensis,(Lour.) S.Moore,Philippines
Symplocaceae,Symplocos fasciculata,Zoll.,Philippines
Symplocaceae,Symplocos filipes,Noot.,Philippines
Symplocaceae,Symplocos glabriramifera,Noot.,Philippines
Symplocaceae,Symplocos imperialis,Brand,Philippines
Symplocaceae,Symplocos lancifolia,Siebold & Zucc.,Philippines
Symplocaceae,Symplocos obovatifolia,Merr.,Philippines
Symplocaceae,Symplocos odoratissima,Choisy ex Zoll.,Philippines
Symplocaceae,Symplocos ophirensis,C.B.Clarke,Philippines
Symplocaceae,Symplocos polyandra,Brand,Philippines
Symplocaceae,Symplocos trisepala,Merr.,Philippines
Symplocaceae,Symplocos verticillifolia,Noot.,Philippines
Symplocaceae,Symplocos vidalii,Rolfe,Philippines
Symplocaceae,Symplocos whitfordii,Brand,Philippines
Taxaceae,Taxus wallichiana,Zucc.,Philippines
Tetramelaceae,Octomeles sumatrana,Miq.,Philippines
Theaceae,Camellia lanceolata,(Blume) Seem.,Philippines
Theaceae,Camellia mollis,H.T.Chang & S.X.Ren,Philippines
Theaceae,Camellia montana,(Blanco) H.T.Chang & S.X.Ren,Philippines
Theaceae,Polyspora luzonica,"(S.Vidal) Orel, Peter G.Wilson, Curry & Luu",Philippines
Theaceae,Polyspora polisana,"(Burkill) Orel, Peter G.Wilson, Curry & Luu",Philippines
Theaceae,Schima crenata,Korth.,Philippines
Theaceae,Schima wallichii,(DC.) Korth.,Philippines
Thymelaeaceae,Aquilaria apiculata,Merr.,Philippines
Thymelaeaceae,Aquilaria brachyantha,(Merr.) Hallier f.,Philippines
Thymelaeaceae,Aquilaria citrinicarpa,(Elmer) Hallier f.,Philippines
Thymelaeaceae,Aquilaria cumingiana,(Decne.) Ridl.,Philippines
Thymelaeaceae,Aquilaria filaria,(Oken) Merr.,Philippines
Thymelaeaceae,Aquilaria malaccensis,Lam.,Philippines
Thymelaeaceae,Aquilaria parvifolia,(Quisumb.) Ding Hou,Philippines
Thymelaeaceae,Gonystylus macrophyllus,(Miq.) Airy Shaw,Philippines
Thymelaeaceae,Gonystylus reticulatus,(Elmer) Merr.,Philippines
Thymelaeaceae,Phaleria capitata,Jack,Philippines
Thymelaeaceae,Phaleria perrottetiana,(Decne.) Fern.-Vill.,Philippines
Thymelaeaceae,Wikstroemia androsaemifolia,Decne.,Philippines
Thymelaeaceae,Wikstroemia ovata,C.A. Mey. ex Meisn.,Philippines
Urticaceae,Astrothalamus reticulatus,(Wedd.) C.B.Rob.,Philippines
Urticaceae,Boehmeria depauperata,Wedd.,Philippines
Urticaceae,Boehmeria multiflora,C.B.Rob.,Philippines
Urticaceae,Boehmeria virgata,(G.Forst.) Guill.,Philippines
Urticaceae,Cypholophus macrocephalus,(Blume) Wedd.,Philippines
Urticaceae,Debregeasia longifolia,(Burm.f.) Wedd.,Philippines
Urticaceae,Dendrocnide carriana,Chew,Philippines
Urticaceae,Dendrocnide crassifolia,(C.B.Rob.) Chew,Philippines
Urticaceae,Dendrocnide densiflora,(C.B.Rob.) Chew,Philippines
Urticaceae,Dendrocnide elliptica,(Merr.) Chew,Philippines
Urticaceae,Dendrocnide luzonensis,(Wedd.) Chew,Philippines
Urticaceae,Dendrocnide meyeniana,(Walp.) Chew,Philippines
Urticaceae,Dendrocnide rigidifolia,(C.B.Rob.) Chew,Philippines
Urticaceae,Dendrocnide stimulans,(L.f.) Chew,Philippines
Urticaceae,Dendrocnide subclausa,(C.B.Rob.) Chew,Philippines
Urticaceae,Dendrocnide venosa,(Elmer) Chew,Philippines
Urticaceae,Leucosyke aspera,C.B.Rob.,Philippines
Urticaceae,Leucosyke benguetensis,Unruh,Philippines
Urticaceae,Leucosyke brunnescens,C.B.Rob.,Philippines
Urticaceae,Leucosyke capitellata,(Poir.) Wedd.,Philippines
Urticaceae,Leucosyke elmeri,Unruh,Philippines
Urticaceae,Leucosyke mindorensis,C.B.Rob.,Philippines
Urticaceae,Leucosyke negrosensis,C.B.Rob.,Philippines
Urticaceae,Leucosyke nivea,C.B.Rob.,Philippines
Urticaceae,Leucosyke ovalifolia,C.B.Rob.,Philippines
Urticaceae,Leucosyke quadrinervia,C.B. Rob.,Philippines
Urticaceae,Leucosyke weddellii,Unruh,Philippines
Urticaceae,Oreocnide trinervis,(Wedd.) Miq.,Philippines
Urticaceae,Pipturus arborescens,(Link) C.B. Rob.,Philippines
Urticaceae,Pipturus argenteus,(G.Forst.) Wedd.,Philippines
Viburnaceae,Sambucus javanica,Blume,Philippines
Viburnaceae,Viburnum cornutidens,Merr.,Philippines
Viburnaceae,Viburnum glaberrimum,Merr.,Philippines
Viburnaceae,Viburnum luzonicum,Rolfe,Philippines
Viburnaceae,Viburnum odoratissimum,Ker Gawl.,Philippines
Viburnaceae,Viburnum platyphyllum,Merr.,Philippines
Violaceae,Rinorea horneri,(Korth.) Kuntze,Philippines
Violaceae,Rinorea javanica,Kuntze,Philippines
Violaceae,Rinorea niccolifera,Fernando,Philippines
Vitaceae,Leea aculeata,Blume ex Spreng.,Philippines
Vitaceae,Leea acuminatissima,Merr.,Philippines
Vitaceae,Leea aequata,L.,Philippines
Vitaceae,Leea angulata,Korth. ex Miq.,Philippines
Vitaceae,Leea indica,(Burm.f.) Merr.,Philippines
Vitaceae,Leea magnifolia,Merr.,Philippines
Vitaceae,Leea philippinensis,Merr.,Philippines
Vitaceae,Leea quadrifida,Merr.,Philippines
Winteraceae,Tasmannia piperita,(Hook.f.) Miers,Philippines
