family,taxon,author,native to
Acanthaceae,Avicennia alba,Blume,Thailand
Acanthaceae,Avicennia marina,(Forssk.) Vierh.,Thailand
Acanthaceae,Avicennia officinalis,L.,Thailand
Achariaceae,Hydnocarpus castaneus,Hook.f. & Thomson,Thailand
Achariaceae,Hydnocarpus curtisii,King,Thailand
Achariaceae,Hydnocarpus ilicifolius,King,Thailand
Achariaceae,Hydnocarpus macrocarpus,(Bedd.) Warb.,Thailand
Achariaceae,Ryparosa fasciculata,King,Thailand
Achariaceae,Ryparosa javanica,Koord. & Valeton,Thailand
Achariaceae,Scaphocalyx spathacea,Ridl.,Thailand
Actinidiaceae,Saurauia armata,Kurz,Thailand
Actinidiaceae,Saurauia napaulensis,DC.,Thailand
Actinidiaceae,Saurauia pentapetala,(Jack) Hoogland,Thailand
Actinidiaceae,Saurauia roxburghii,Wall.,Thailand
Actinidiaceae,Saurauia tristyla,DC.,Thailand
Altingiaceae,Liquidambar excelsa,(Noronha) Oken,Thailand
Altingiaceae,Liquidambar siamensis,(Craib) Ickert-Bond & J.Wen,Thailand
Anacardiaceae,Allospondias lakonensis,(Pierre) Stapf,Thailand
Anacardiaceae,Bouea oppositifolia,(Roxb.) Meisn.,Thailand
Anacardiaceae,Buchanania arborescens,(Blume) Blume,Thailand
Anacardiaceae,Buchanania glabra,Wall. ex Engl.,Thailand
Anacardiaceae,Buchanania lanzan,Spreng.,Thailand
Anacardiaceae,Buchanania reticulata,Hance,Thailand
Anacardiaceae,Buchanania sessifolia,Blume,Thailand
Anacardiaceae,Buchanania siamensis,Miq.,Thailand
Anacardiaceae,Campnosperma auriculatum,(Blume) Hook.f.,Thailand
Anacardiaceae,Choerospondias axillaris,(Roxb.) B.L.Burtt & A.W.Hill,Thailand
Anacardiaceae,Dracontomelon dao,(Blanco) Merr. & Rolfe,Thailand
Anacardiaceae,Gluta elegans,(Wall.) Kurz,Thailand
Anacardiaceae,Gluta laccifera,(Pierre) Ding Hou,Thailand
Anacardiaceae,Gluta obovata,Craib,Thailand
Anacardiaceae,Gluta renghas,L.,Thailand
Anacardiaceae,Gluta tavoyana,Hook.f.,Thailand
Anacardiaceae,Gluta usitata,(Wall.) Ding Hou,Thailand
Anacardiaceae,Gluta velutina,Blume,Thailand
Anacardiaceae,Gluta wrayi,King,Thailand
Anacardiaceae,Holigarna albicans,Hook.f.,Thailand
Anacardiaceae,Holigarna helferi,Hook.f.,Thailand
Anacardiaceae,Lannea coromandelica,(Houtt.) Merr.,Thailand
Anacardiaceae,Mangifera caloneura,Kurz,Thailand
Anacardiaceae,Mangifera camptosperma,Pierre,Thailand
Anacardiaceae,Mangifera cochinchinensis,Engl.,Thailand
Anacardiaceae,Mangifera collina,Kosterm.,Thailand
Anacardiaceae,Mangifera foetida,Lour.,Thailand
Anacardiaceae,Mangifera macrocarpa,Blume,Thailand
Anacardiaceae,Mangifera odorata,Griff.,Thailand
Anacardiaceae,Mangifera sylvatica,Roxb.,Thailand
Anacardiaceae,Parishia insignis,Hook.f.,Thailand
Anacardiaceae,Pentaspadon curtisii,(King) Corner,Thailand
Anacardiaceae,Pentaspadon velutinus,Hook.f.,Thailand
Anacardiaceae,Rhus chinensis,Mill.,Thailand
Anacardiaceae,Semecarpus cochinchinensis,Engl.,Thailand
Anacardiaceae,Semecarpus curtisii,King,Thailand
Anacardiaceae,Semecarpus densiflorus,(Merr.) Steenis,Thailand
Anacardiaceae,Semecarpus reticulatus,Lecomte,Thailand
Anacardiaceae,Spondias bipinnata,Airy Shaw & Forman,Thailand
Anacardiaceae,Spondias malayana,Kosterm.,Thailand
Anacardiaceae,Swintonia floribunda,Griff.,Thailand
Anacardiaceae,Swintonia schwenckii,Teijsm. & Binn. ex Hook.f.,Thailand
Anacardiaceae,Toxicodendron fulvum,(W. G. Craib) C.Y. Wu & T.L. Ming,Thailand
Anacardiaceae,Toxicodendron rhetsoides,(W. G. Craib) Tardieu,Thailand
Anacardiaceae,Toxicodendron succedaneum,(L.) Kuntze,Thailand
Anacardiaceae,Toxicodendron wallichii,(Hook.f.) Kuntze,Thailand
Annonaceae,Alphonsea annulata,Leerat. & Chalermglin,Thailand
Annonaceae,Alphonsea boniana,Finet & Gagnep.,Thailand
Annonaceae,Alphonsea cylindrica,King,Thailand
Annonaceae,Alphonsea gaudichaudiana,(Baill.) Finet & Gagnep.,Thailand
Annonaceae,Alphonsea isthmicola,I.M.Turner & Utteridge,Thailand
Annonaceae,Alphonsea javanica,Scheff.,Thailand
Annonaceae,Alphonsea keithii,Ridl,Thailand
Annonaceae,Alphonsea lutea,(Roxb.) Hook.f. & Thomson,Thailand
Annonaceae,Alphonsea siamensis,P.J.A.Kessler,Thailand
Annonaceae,Alphonsea tonquinensis,A.DC,Thailand
Annonaceae,Anaxagorea javanica,Blume,Thailand
Annonaceae,Anaxagorea luzonensis,A.Gray,Thailand
Annonaceae,Cananga brandisiana,(Pierre) Saff.,Thailand
Annonaceae,Cyathocalyx harmandii,(Finet & Gagnep.) R.J.Wang & R.M.K.Saunders,Thailand
Annonaceae,Dasymaschalon dasymaschalum,(Blume) I.M.Turner,Thailand
Annonaceae,Dasymaschalon filipes,(Ridl.) Bân,Thailand
Annonaceae,Dasymaschalon glaucum,Merr. & Chun,Thailand
Annonaceae,Dasymaschalon lomentaceum,Finet & Gagnep.,Thailand
Annonaceae,Dasymaschalon macrocalyx,Finet & Gagnep.,Thailand
Annonaceae,Dasymaschalon sootepense,Craib,Thailand
Annonaceae,Dasymaschalon wallichii,(Hook.f. & Thomson) Jing Wang & R.M.K.Saunders,Thailand
Annonaceae,Goniothalamus aurantiacus,R.M.K.Saunders & Chalermglin,Thailand
Annonaceae,Goniothalamus calvicarpus,Craib,Thailand
Annonaceae,Goniothalamus elegans,Ast,Thailand
Annonaceae,Goniothalamus gabriacianus,(Baill.) Ast,Thailand
Annonaceae,Goniothalamus giganteus,Hook.f. & Thomson,Thailand
Annonaceae,Goniothalamus griffithii,Hook.f. & Thomson,Thailand
Annonaceae,Goniothalamus laoticus,(Finet & Gagnep.) Bân,Thailand
Annonaceae,Goniothalamus latestigma,C.E.C.Fisch.,Thailand
Annonaceae,Goniothalamus maewongensis,R.M.K.Saunders & Chalermglin,Thailand
Annonaceae,Goniothalamus malayanus,Hook.f. & Thomson,Thailand
Annonaceae,Goniothalamus repevensis,Pierre ex Finet & Gagnep.,Thailand
Annonaceae,Goniothalamus ridleyi,King,Thailand
Annonaceae,Goniothalamus rongklanus,R.M.K.Saunders & Chalermglin,Thailand
Annonaceae,Goniothalamus rotundisepalus,M.R.Hend.,Thailand
Annonaceae,Goniothalamus sawtehii,C.E.C.Fisch.,Thailand
Annonaceae,Goniothalamus scortechinii,King,Thailand
Annonaceae,Goniothalamus subevenius,King,Thailand
Annonaceae,Goniothalamus tamirensis,Pierre ex Finet & Gagnep.,Thailand
Annonaceae,Goniothalamus tapis,Miq.,Thailand
Annonaceae,Goniothalamus tavoyensis,Chatterjee,Thailand
Annonaceae,Goniothalamus tenuifolius,King,Thailand
Annonaceae,Goniothalamus tortilipetalus,M.R.Hend.,Thailand
Annonaceae,Goniothalamus undulatus,Ridl.,Thailand
Annonaceae,Goniothalamus uvarioides,King,Thailand
Annonaceae,Huberantha cerasoides,(Roxb.) Chaowasku,Thailand
Annonaceae,Huberantha jenkinsii,(Hook.f. & Thomson) Chaowasku,Thailand
Annonaceae,Maasia glauca,"(Hassk.) Mols, Kessler & Rogstad",Thailand
Annonaceae,Marsypopetalum littorale,(Blume) B.Xue & R.M.K.Saunders,Thailand
Annonaceae,Marsypopetalum modestum,(Pierre) B.Xue & R.M.K.Saunders,Thailand
Annonaceae,Marsypopetalum pallidum,(Blume) Backer,Thailand
Annonaceae,Meiogyne monosperma,(Hook.f. & Thomson) Heusden,Thailand
Annonaceae,Meiogyne virgata,(Blume) Miq.,Thailand
Annonaceae,Mezzettia parviflora,Becc.,Thailand
Annonaceae,Miliusa amplexicaulis,Ridl.,Thailand
Annonaceae,Miliusa campanulata,Pierre,Thailand
Annonaceae,Miliusa cuneata,W. G. Craib,Thailand
Annonaceae,Miliusa eupoda,(Miq.) I.M.Turner,Thailand
Annonaceae,Miliusa horsfieldii,(Bennett) Baill. ex Pierre,Thailand
Annonaceae,Miliusa mollis,Pierre,Thailand
Annonaceae,Miliusa parviflora,Ridl.,Thailand
Annonaceae,Miliusa sclerocarpa,(A.DC.) Kurz,Thailand
Annonaceae,Miliusa thorelii,Finet & Gagnep.,Thailand
Annonaceae,Miliusa velutina,(Dunal) Hook.f. & Thomson,Thailand
Annonaceae,Mitrephora alba,Ridl.,Thailand
Annonaceae,Mitrephora keithii,Ridl.,Thailand
Annonaceae,Mitrephora langsuanensis,"Leerat., Chalermglin & R.M.K.Saunders",Thailand
Annonaceae,Mitrephora sirikitiae,"Weeras., Chalermglin & R.M.K.Saunders",Thailand
Annonaceae,Mitrephora sirindhorniae,"Chalermglin, Leerat. & R.M.K.Saunders",Thailand
Annonaceae,Mitrephora tomentosa,Hook.f. & Thomson,Thailand
Annonaceae,Mitrephora vulpina,C.E.C.Fisch.,Thailand
Annonaceae,Mitrephora winitii,Craib,Thailand
Annonaceae,Monoon asteriellum,(Ridl.) B.Xue & R.M.K.Saunders,Thailand
Annonaceae,Monoon cupulare,(King) B.Xue & R.M.K.Saunders,Thailand
Annonaceae,Monoon fuscum,(King) B.Xue & R.M.K.Saunders,Thailand
Annonaceae,Monoon hypogaeum,(King) B.Xue & R.M.K.Saunders,Thailand
Annonaceae,Monoon jucundum,(Pierre) B.Xue & R.M.K.Saunders,Thailand
Annonaceae,Monoon magnoliiflorum,(Maingay ex Hook.f. & Thompson) B.Xue & R.M.K.Saunders,Thailand
Annonaceae,Monoon membranifolium,(J.Sinclair) B.Xue & R.M.K.Saunders,Thailand
Annonaceae,Monoon nitidum,(A.DC.) I.M.Turner,Thailand
Annonaceae,Monoon obtusum,(Craib)  B.Xue & R.M.K.Saunders,Thailand
Annonaceae,Monoon viride,(Craib ) B.Xue & R.M.K.Saunders,Thailand
Annonaceae,Orophea brandisii,Hook.f. & Thomson,Thailand
Annonaceae,Orophea cuneiformis,King,Thailand
Annonaceae,Orophea enterocarpa,Maingay ex Hook.f. & Thomson,Thailand
Annonaceae,Orophea fusca,Craib,Thailand
Annonaceae,Orophea hirsuta,King,Thailand
Annonaceae,Orophea kerrii,Kessler,Thailand
Annonaceae,Orophea malayana,P.J.A.Kessler,Thailand
Annonaceae,Orophea polycarpa,A.DC.,Thailand
Annonaceae,Orophea sichaikhanii,"Damth., Aongyong & Chaowasku",Thailand
Annonaceae,Platymitra macrocarpa,Boerl.,Thailand
Annonaceae,Polyalthia cinnamomea,Hook.f. & Thomson,Thailand
Annonaceae,Polyalthia corticosa,Finet & Gagnep,Thailand
Annonaceae,Polyalthia lateritia,J.Sinclair,Thailand
Annonaceae,Polyalthia socia,Craib,Thailand
Annonaceae,Polyalthia suberosa,(Roxb.) Thwaites,Thailand
Annonaceae,Popowia pisocarpa,(Blume) Endl. ex Walp.,Thailand
Annonaceae,Pseuduvaria fragrans,"Y.C.F.Su, Chaowasku & R.M.K.Saunders",Thailand
Annonaceae,Pseuduvaria gardneri,"Y.C.F.Su, Chaowasku & R.M.K.Saunders",Thailand
Annonaceae,Pseuduvaria monticola,J.Sinclair,Thailand
Annonaceae,Pseuduvaria multiovulata,(C.E.C.Fisch.) J.Sinclair,Thailand
Annonaceae,Pseuduvaria phuyensis,"(R.M.K.Saunders, Y.C.F.Su & Chalermglin) Y.C.F.Su & R.M.K.Saunders",Thailand
Annonaceae,Pseuduvaria rugosa,(Blume) Merr.,Thailand
Annonaceae,Pseuduvaria setosa,(King) J. Sinclair,Thailand
Annonaceae,Pseuduvaria trimera,(W. G. Craib) Y.C.F. Su & R.M.K. Saunders,Thailand
Annonaceae,Sageraea elliptica,(A.DC.) Hook.f. & Thomson,Thailand
Annonaceae,Sageraea reticulata,Craib ,Thailand
Annonaceae,Stelechocarpus cauliflorus,(Scheff.) R.E.Fr.,Thailand
Annonaceae,Stelechocarpus expansus,(Chaowasku) I.M.Turner,Thailand
Annonaceae,Trivalvaria costata,(Hook.f. & Thomson) I.M.Turner,Thailand
Annonaceae,Trivalvaria macrophylla,(Blume) Miq.,Thailand
Annonaceae,Trivalvaria nervosa,(Hook.f. & Thomson) J.Sinclair,Thailand
Annonaceae,Uvaria siamensis,"(Scheff.) L.L.Zhou, Y.C.F.Su & R.M.K.Saunders",Thailand
Annonaceae,Wuodendron praecox,"(Hook.f. & Thomson) B.Xue, Y.H.Tan & X.L.Hou",Thailand
Annonaceae,Xylopia platycarpa,D.M.Johnson & N.A.Murray,Thailand
Annonaceae,Xylopia vielana,Pierre,Thailand
Apocynaceae,Alstonia angustiloba,Miq.,Thailand
Apocynaceae,Alstonia macrophylla,Wall. ex G.Don,Thailand
Apocynaceae,Alstonia pneumatophora,Backer ex Den Berger,Thailand
Apocynaceae,Alstonia rostrata,C.E.C.Fisch.,Thailand
Apocynaceae,Alstonia rupestris,Kerr,Thailand
Apocynaceae,Alstonia scholaris,(L.) R.Br.,Thailand
Apocynaceae,Alstonia spatulata,Blume,Thailand
Apocynaceae,Calotropis procera,(Aiton) W.T.Aiton,Thailand
Apocynaceae,Carissa spinarum,L.,Thailand
Apocynaceae,Cerbera manghas,L.,Thailand
Apocynaceae,Cerbera odollam,Gaertn.,Thailand
Apocynaceae,Dyera costulata,(Miq.) Hook.f.,Thailand
Apocynaceae,Holarrhena pubescens,Wall. ex G.Don,Thailand
Apocynaceae,Hunteria zeylanica,(Retz.) Gardner ex Thwaites,Thailand
Apocynaceae,Kibatalia arborea,(Blume) G.Don,Thailand
Apocynaceae,Kibatalia laurifolia,(Ridl.) Woodson,Thailand
Apocynaceae,Kibatalia macrophylla,(Pierre ex Hua) Woodson,Thailand
Apocynaceae,Kibatalia maingayi,(Hook.f.) Woodson,Thailand
Apocynaceae,Kopsia angustipetala,Kerr,Thailand
Apocynaceae,Kopsia arborea,Blume,Thailand
Apocynaceae,Kopsia larutensis,King & Gamble,Thailand
Apocynaceae,Kopsia pauciflora,Hook.f.,Thailand
Apocynaceae,Kopsia rosea,D.J.Middleton,Thailand
Apocynaceae,Ochrosia oppositifolia,(Lam.) K.Schum.,Thailand
Apocynaceae,Rauvolfia sumatrana,Jack,Thailand
Apocynaceae,Rauvolfia verticillata,(Lour.) Baill.,Thailand
Apocynaceae,Tabernaemontana bovina,Lour.,Thailand
Apocynaceae,Tabernaemontana bufalina,Lour.,Thailand
Apocynaceae,Tabernaemontana corymbosa,Roxb. ex Wall.,Thailand
Apocynaceae,Tabernaemontana divaricata,(L.) R.Br. ex Roem. & Schult.,Thailand
Apocynaceae,Tabernaemontana macrocarpa,Jack,Thailand
Apocynaceae,Tabernaemontana pandacaqui,Poir.,Thailand
Apocynaceae,Tabernaemontana pauciflora,Blume,Thailand
Apocynaceae,Tabernaemontana peduncularis,Wall.,Thailand
Apocynaceae,Wrightia arborea,(Dennst.) Mabb.,Thailand
Apocynaceae,Wrightia calcicola,D.J.Middleton,Thailand
Apocynaceae,Wrightia coccinea,(Roxb. ex Hornem.) Sims,Thailand
Apocynaceae,Wrightia dubia,(Sims) Spreng.,Thailand
Apocynaceae,Wrightia karaketii,D.J.Middleton,Thailand
Apocynaceae,Wrightia laevis,Hook.f.,Thailand
Apocynaceae,Wrightia lanceolata,Kerr,Thailand
Apocynaceae,Wrightia lecomtei,Pit.,Thailand
Apocynaceae,Wrightia poomae,D.J.Middleton,Thailand
Apocynaceae,Wrightia pubescens,R.Br.,Thailand
Apocynaceae,Wrightia siamensis,D.J.Middleton,Thailand
Apocynaceae,Wrightia sirikitiae,D.J.Middleton & Santisuk,Thailand
Apocynaceae,Wrightia tokiae,D.J.Middleton,Thailand
Apocynaceae,Wrightia viridiflora,Kerr,Thailand
Aquifoliaceae,Ilex cymosa,Blume,Thailand
Aquifoliaceae,Ilex triflora,Blume,Thailand
Aquifoliaceae,Ilex umbellulata,(Wall.) Loes.,Thailand
Aquifoliaceae,Ilex wallichii,Hook.f.,Thailand
Araliaceae,Aralia armata,(Wall. ex G.Don) Seem.,Thailand
Araliaceae,Aralia finlaysoniana,(Wall. ex G.Don) Seem.,Thailand
Araliaceae,Aralia foliolosa,Seem. ex C.B.Clarke,Thailand
Araliaceae,Aralia leschenaultii,(DC.) J.Wen,Thailand
Araliaceae,Aralia stellata,(King) J.Wen,Thailand
Araliaceae,Aralia thomsonii,Seem. ex C.B.Clarke,Thailand
Araliaceae,Brassaiopsis glomerulata,(Blume) Regel,Thailand
Araliaceae,Brassaiopsis hainla,(Buch.-Ham.) Seem.,Thailand
Araliaceae,Dendropanax dentiger,(Harms) Merr.,Thailand
Araliaceae,Heptapleurum affine,King,Thailand
Araliaceae,Heptapleurum calyptratum,(Hook.f. & Thomson) Y.F.Deng,Thailand
Araliaceae,Heptapleurum cephalotes,C.B.Clarke,Thailand
Araliaceae,Heptapleurum cuneatum,(Craib) Lowry & G.M.Plunkett,Thailand
Araliaceae,Heptapleurum ellipticum,(Blume) Seem.,Thailand
Araliaceae,Heptapleurum farinosum,(Blume) Lowry & G.M.Plunkett,Thailand
Araliaceae,Heptapleurum heptaphyllum,(L.) Y.F.Deng,Thailand
Araliaceae,Heptapleurum heterophyllum,(Wall. ex G.Don) Seem.,Thailand
Araliaceae,Heptapleurum hullettii,King,Thailand
Araliaceae,Heptapleurum hypoleucoides,(Harms) Lowry & G.M.Plunkett,Thailand
Araliaceae,Heptapleurum leucanthum,(R.Vig.) Y.F.Deng,Thailand
Araliaceae,Heptapleurum oxyphyllum,(Miq.) Seem.,Thailand
Araliaceae,Heptapleurum schizophyllum,Hance,Thailand
Araliaceae,Heptapleurum siamense,(W.W.Sm. ex Craib) G.M.Plunkett & Lowry,Thailand
Araliaceae,Heptapleurum subintegrum,(Craib) G.M.Plunkett & Lowry,Thailand
Araliaceae,Heptapleurum wrayi,King,Thailand
Araliaceae,Heteropanax fragrans,(Roxb.) Seem.,Thailand
Araliaceae,Macropanax dispermus,(Blume) Kuntze,Thailand
Araliaceae,Polyscias meliifolia,(Craib) Lowry & G.M.Plunkett,Thailand
Araliaceae,Polyscias thailandica,Lowry & G.M.Plunkett,Thailand
Araliaceae,Trevesia burckii,Boerl.,Thailand
Araliaceae,Trevesia lateospina,Jebb,Thailand
Araliaceae,Trevesia palmata,(Roxb. ex Lindl.) Vis.,Thailand
Araliaceae,Trevesia valida,Craib,Thailand
Arecaceae,Areca laosensis,Becc.,Thailand
Arecaceae,Areca triandra,Roxb. ex Buch.-Ham.,Thailand
Arecaceae,Areca tunku,J.Dransf. & C.K.Lim,Thailand
Arecaceae,Arenga obtusifolia,Mart.,Thailand
Arecaceae,Arenga pinnata,(Wurmb) Merr.,Thailand
Arecaceae,Arenga westerhoutii,Griff.,Thailand
Arecaceae,Borassodendron machadonis,(Ridl.) Becc.,Thailand
Arecaceae,Calamus temii,T.Evans,Thailand
Arecaceae,Caryota kiriwongensis,Hodel,Thailand
Arecaceae,Caryota maxima,Blume,Thailand
Arecaceae,Caryota mitis,Lour.,Thailand
Arecaceae,Caryota obtusa,Griff.,Thailand
Arecaceae,Corypha lecomtei,Becc. ex Lecomte,Thailand
Arecaceae,Corypha utan,Lam.,Thailand
Arecaceae,Cyrtostachys renda,Blume,Thailand
Arecaceae,Kerriodoxa elegans,J.Dransf.,Thailand
Arecaceae,Licuala distans,Ridl.,Thailand
Arecaceae,Licuala paludosa,Griff.,Thailand
Arecaceae,Licuala peltata,Roxb. ex Buch.-Ham.,Thailand
Arecaceae,Licuala pitta,Vatch. ex Barfod & Pongsatt.,Thailand
Arecaceae,Licuala poonsakii,Hodel,Thailand
Arecaceae,Licuala spinosa,Wurmb,Thailand
Arecaceae,Livistona jenkinsiana,Griff.,Thailand
Arecaceae,Livistona saribus,(Lour.) Merr. ex A.Chev.,Thailand
Arecaceae,Livistona speciosa,Kurz,Thailand
Arecaceae,Maxburretia furtadoana,J.Dransf.,Thailand
Arecaceae,Maxburretia gracilis,(Burret) J.Dransf.,Thailand
Arecaceae,Nenga macrocarpa,Scort. ex Becc.,Thailand
Arecaceae,Nenga pumila,(Blume) H.Wendl.,Thailand
Arecaceae,Nypa fruticans,Wurmb,Thailand
Arecaceae,Oncosperma horridum,(Griff.) Scheff.,Thailand
Arecaceae,Oncosperma tigillarium,(Jack) Ridl.,Thailand
Arecaceae,Phoenix loureiroi,Kunth,Thailand
Arecaceae,Phoenix paludosa,Roxb.,Thailand
Arecaceae,Pholidocarpus macrocarpus,Becc.,Thailand
Arecaceae,Pinanga adangensis,Ridl.,Thailand
Arecaceae,Pinanga auriculata,Becc.,Thailand
Arecaceae,Pinanga fractiflexa,Hodel,Thailand
Arecaceae,Pinanga malaiana,(Mart.) Scheff.,Thailand
Arecaceae,Pinanga riparia,Ridl.,Thailand
Arecaceae,Pinanga scortechinii,Becc.,Thailand
Arecaceae,Pinanga sylvestris,(Lour.) Hodel,Thailand
Arecaceae,Rhapis excelsa,(Thunb.) A.Henry,Thailand
Arecaceae,Salacca glabrescens,Griff.,Thailand
Arecaceae,Salacca stolonifera,Hodel,Thailand
Arecaceae,Salacca wallichiana,Mart.,Thailand
Arecaceae,Trachycarpus oreophilus,Gibbons & Spanner,Thailand
Arecaceae,Wallichia caryotoides,Roxb.,Thailand
Arecaceae,Wallichia disticha,T.Anderson,Thailand
Asparagaceae,Dracaena cambodiana,Pierre ex Gagnep.,Thailand
Asparagaceae,Dracaena cochinchinensis,(Lour.) S.C.Chen,Thailand
Asparagaceae,Dracaena conferta,Ridl.,Thailand
Asparagaceae,Dracaena elliptica,Thunb. & Dalm.,Thailand
Asparagaceae,Dracaena griffithii,Regel,Thailand
Asparagaceae,Dracaena hokouensis,G.Z.Ye,Thailand
Asparagaceae,Dracaena kaweesakii,Wilkin & Suksathan,Thailand
Asteraceae,Blumea balsamifera,DC.,Thailand
Asteraceae,Gymnanthemum extensum,(Wall. ex DC.) Steetz,Thailand
Asteraceae,Leucomeris decora,Kurz,Thailand
Asteraceae,Monosis parishii,(Hook.f.) H.Rob. & Skvarla,Thailand
Asteraceae,Monosis volkameriifolia,(DC.) H.Rob. & Skvarla,Thailand
Asteraceae,Senecio scandens,Buch.-Ham. ex D.Don,Thailand
Asteraceae,Strobocalyx arborea,(Buch.-Ham.) Sch.Bip.,Thailand
Asteraceae,Strobocalyx solanifolia,(Benth.) Sch.Bip,Thailand
Berberidaceae,Mahonia duclouxiana,Gagnep.,Thailand
Betulaceae,Alnus nepalensis,D.Don,Thailand
Betulaceae,Betula alnoides,Buch.-Ham. ex D.Don,Thailand
Betulaceae,Carpinus londoniana,H.J.P.Winkl.,Thailand
Bignoniaceae,Dolichandrone columnaris,Santisuk,Thailand
Bignoniaceae,Dolichandrone serrulata,(Wall. ex DC.) Seem.,Thailand
Bignoniaceae,Dolichandrone spathacea,(L.f.) Seem.,Thailand
Bignoniaceae,Fernandoa adenophylla,(Wall. ex G.Don) Steenis,Thailand
Bignoniaceae,Fernandoa collignonii,(Dop) Steenis,Thailand
Bignoniaceae,Heterophragma sulfureum,Kurz,Thailand
Bignoniaceae,Markhamia stipulata,(Wall.) Seem.,Thailand
Bignoniaceae,Mayodendron igneum,(Kurz) Kurz,Thailand
Bignoniaceae,Millingtonia hortensis,L.f.,Thailand
Bignoniaceae,Oroxylum indicum,(L.) Kurz,Thailand
Bignoniaceae,Pajanelia longifolia,(Willd.) K.Schum.,Thailand
Bignoniaceae,Pauldopia ghorta,(Buch.-Ham. ex G.Don) Steenis,Thailand
Bignoniaceae,Radermachera glandulosa,(Blume) Miq.,Thailand
Bignoniaceae,Radermachera hainanensis,Merr.,Thailand
Bignoniaceae,Radermachera peninsularis,Steenis,Thailand
Bignoniaceae,Radermachera quadripinnata,(Blanco) Seem.,Thailand
Bignoniaceae,Santisukia kerrii,(Barnett & Sandwith) Brummitt,Thailand
Bignoniaceae,Santisukia pagetii,(Craib) Brummitt,Thailand
Bignoniaceae,Stereospermum colais,(Buch.-Ham. ex Dillwyn) Mabb.,Thailand
Bignoniaceae,Stereospermum cylindricum,Pierre ex Dop,Thailand
Bignoniaceae,Stereospermum fimbriatum,(Wall. ex G.Don) DC.,Thailand
Bignoniaceae,Stereospermum neuranthum,Kurz,Thailand
Bonnetiaceae,Ploiarium alternifolium,(Vahl) Melch.,Thailand
Boraginaceae,Cordia clarkei,Brace ex Prain,Thailand
Boraginaceae,Cordia cochinchinensis,Gagnep.,Thailand
Boraginaceae,Cordia dichotoma,G.Forst.,Thailand
Boraginaceae,Cordia furcans,I.M.Johnst.,Thailand
Boraginaceae,Cordia globifera,W.W.Sm,Thailand
Boraginaceae,Cordia grandis,Roxb.,Thailand
Boraginaceae,Cordia mhaya,Kerr,Thailand
Boraginaceae,Cordia subcordata,Lam.,Thailand
Boraginaceae,Ehretia aspera,Willd.,Thailand
Boraginaceae,Ehretia javanica,Blume,Thailand
Boraginaceae,Ehretia siamensis,Teijsm. & Binn. ex Gagnep. & Courchet,Thailand
Boraginaceae,Ehretia silvana,R.R.Mill,Thailand
Burseraceae,Canarium bengalense,Roxb.,Thailand
Burseraceae,Canarium denticulatum,Blume,Thailand
Burseraceae,Canarium euphyllum,Kurz,Thailand
Burseraceae,Canarium kerrii,Craib,Thailand
Burseraceae,Canarium pilosum,A.W.Benn.,Thailand
Burseraceae,Canarium pseudodecumanum,Hochr.,Thailand
Burseraceae,Canarium subulatum,Guillaumin,Thailand
Burseraceae,Canarium sumatranum,Boerl. & Koord.,Thailand
Burseraceae,Canarium venosum,Craib,Thailand
Burseraceae,Garuga floribunda,Decne.,Thailand
Burseraceae,Garuga pierrei,Guillaumin,Thailand
Burseraceae,Garuga pinnata,Roxb.,Thailand
Burseraceae,Protium serratum,(Wall. ex Colebr.) Engl.,Thailand
Calophyllaceae,Calophyllum calaba,L.,Thailand
Calophyllaceae,Calophyllum depressinervosum,M.R.Hend. & Wyatt-Sm.,Thailand
Calophyllaceae,Calophyllum dryobalanoides,Pierre,Thailand
Calophyllaceae,Calophyllum inophyllum,L.,Thailand
Calophyllaceae,Calophyllum macrocarpum,Hook.f.,Thailand
Calophyllaceae,Calophyllum pisiferum,Planch. & Triana,Thailand
Calophyllaceae,Calophyllum polyanthum,Wall. ex Planch. & Triana,Thailand
Calophyllaceae,Calophyllum rupicola,Ridl.,Thailand
Calophyllaceae,Calophyllum soulattri,Burm.f.,Thailand
Calophyllaceae,Calophyllum symingtonianum,M.R.Hend. & Wyatt-Sm.,Thailand
Calophyllaceae,Calophyllum tetrapterum,Miq.,Thailand
Calophyllaceae,Calophyllum thorelii,Pierre,Thailand
Calophyllaceae,Calophyllum touranense,Gagnep. ex P.F.Stevens,Thailand
Calophyllaceae,Kayea elegans,King,Thailand
Calophyllaceae,Kayea ferruginea,Pierre,Thailand
Calophyllaceae,Kayea kunstleri,King,Thailand
Calophyllaceae,Kayea nervosa,(Planch. & Triana) T.Anderson,Thailand
Calophyllaceae,Mammea harmandii,(Pierre) Kosterm,Thailand
Calophyllaceae,Mammea siamensis,(Miq.) T.Anderson,Thailand
Calophyllaceae,Mesua ferrea,L.,Thailand
Cannabaceae,Aphananthe cuspidata,(Blume) Planch.,Thailand
Cannabaceae,Celtis tetrandra,Roxb.,Thailand
Cannabaceae,Celtis timorensis,Span.,Thailand
Cannabaceae,Gironniera nervosa,Planch.,Thailand
Cannabaceae,Gironniera subaequalis,Planch.,Thailand
Cannabaceae,Trema angustifolium,(Planch.) Blume,Thailand
Cannabaceae,Trema cannabinum,Lour.,Thailand
Cannabaceae,Trema orientale,(L.) Blume,Thailand
Capparaceae,Capparis erycibe,Hallier f.,Thailand
Capparaceae,Capparis flavicans,Kurz,Thailand
Capparaceae,Capparis grandis,L.f.,Thailand
Capparaceae,Capparis micracantha,DC.,Thailand
Capparaceae,Capparis pubiflora,DC.,Thailand
Capparaceae,Capparis siamensis,Kurz,Thailand
Capparaceae,Capparis sunbisiniana,M.L.Zhang & G.C.Tucker,Thailand
Capparaceae,Capparis tenera,Dalzell,Thailand
Capparaceae,Capparis thorelii,Gagnep.,Thailand
Capparaceae,Crateva magna,(Lour.) DC.,Thailand
Capparaceae,Crateva religiosa,G.Forst.,Thailand
Capparaceae,Maerua siamensis,(Kurz) Pax,Thailand
Cardiopteridaceae,Gonocaryum lobbianum,(Miers) Kurz,Thailand
Casuarinaceae,Casuarina equisetifolia,L.,Thailand
Celastraceae,Elaeodendron viburnifolium,(Juss.) Merr.,Thailand
Celastraceae,Euonymus bullatus,Wall. ex G.Lodd,Thailand
Celastraceae,Euonymus cochinchinensis,Pierre,Thailand
Celastraceae,Euonymus echinatus,Wall.,Thailand
Celastraceae,Euonymus glaber,Roxb.,Thailand
Celastraceae,Euonymus hamiltonianus,Wall.,Thailand
Celastraceae,Euonymus indicus,B.Heyne ex Wall.,Thailand
Celastraceae,Glyptopetalum quadrangulare,Prain ex King,Thailand
Celastraceae,Glyptopetalum sclerocarpum,M.A.Lawson,Thailand
Celastraceae,Gymnosporia diversifolia,Maxim.,Thailand
Celastraceae,Gymnosporia littoralis,(Backer) Jordaan,Thailand
Celastraceae,Gymnosporia marcanii,Craib,Thailand
Celastraceae,Gymnosporia stylosa,Pierre,Thailand
Celastraceae,Kokoona filiformis,(M.A.Lawson) C.E.C.Fisch.,Thailand
Celastraceae,Kokoona littoralis,M.A.Lawson,Thailand
Celastraceae,Lophopetalum duperreanum,Pierre,Thailand
Celastraceae,Lophopetalum floribundum,Wight,Thailand
Celastraceae,Lophopetalum javanicum,(Zoll.) Turcz.,Thailand
Celastraceae,Lophopetalum wallichii,Kurz,Thailand
Celastraceae,Lophopetalum wightianum,Arn.,Thailand
Celastraceae,Microtropis bivalvis,Wall.,Thailand
Celastraceae,Microtropis discolor,(Wall.) Wall. ex Meisn.,Thailand
Celastraceae,Pleurostylia opposita,(Wall.) Alston,Thailand
Celastraceae,Salacia chinensis,L.,Thailand
Celastraceae,Salacia verrucosa,Wight,Thailand
Celastraceae,Siphonodon celastrineus,Griff.,Thailand
Centroplacaceae,Bhesa indica,(Bedd.) Ding Hou,Thailand
Centroplacaceae,Bhesa paniculata,Arn.,Thailand
Centroplacaceae,Bhesa robusta,(Roxb.) Ding Hou,Thailand
Chrysobalanaceae,Angelesia splendens,Korth.,Thailand
Chrysobalanaceae,Atuna excelsa,(Jack) Kosterm.,Thailand
Chrysobalanaceae,Maranthes corymbosa,Blume,Thailand
Chrysobalanaceae,Parinari anamensis,Hance,Thailand
Clusiaceae,Garcinia acuminata,Planch. & Triana,Thailand
Clusiaceae,Garcinia atroviridis,Griff. ex T.Anderson,Thailand
Clusiaceae,Garcinia celebica,L.,Thailand
Clusiaceae,Garcinia cowa,Roxb. ex DC.,Thailand
Clusiaceae,Garcinia fusca,Pierre,Thailand
Clusiaceae,Garcinia hanburyi,Hook.f.,Thailand
Clusiaceae,Garcinia mckeaniana,Craib,Thailand
Clusiaceae,Garcinia merguensis,Wight,Thailand
Clusiaceae,Garcinia plena,Craib,Thailand
Clusiaceae,Garcinia schomburgkiana,Pierre,Thailand
Clusiaceae,Garcinia vilersiana,Pierre,Thailand
Clusiaceae,Garcinia xanthochymus,Hook.f. ex T.Anderson,Thailand
Combretaceae,Combretum quadrangulare,Kurz,Thailand
Combretaceae,Lumnitzera littorea,(Jack) Voigt,Thailand
Combretaceae,Lumnitzera racemosa,Willd.,Thailand
Combretaceae,Terminalia bellirica,(Gaertn.) Roxb.,Thailand
Combretaceae,Terminalia bialata,(Roxb.) Steud.,Thailand
Combretaceae,Terminalia calamansanai,(Blanco) Rolfe,Thailand
Combretaceae,Terminalia catappa,L.,Thailand
Combretaceae,Terminalia chebula,Retz.,Thailand
Combretaceae,Terminalia citrina,(Gaertn.) Roxb.,Thailand
Combretaceae,Terminalia corticosa,Pierre ex Laness.,Thailand
Combretaceae,Terminalia elliptica,Willd.,Thailand
Combretaceae,Terminalia foetidissima,Griff.,Thailand
Combretaceae,Terminalia franchetii,Gagnep.,Thailand
Combretaceae,Terminalia glaucifolia,Craib,Thailand
Combretaceae,Terminalia myriocarpa,Van Heurck & Müll.Arg.,Thailand
Combretaceae,Terminalia pedicellata,Nanakorn,Thailand
Combretaceae,Terminalia phillyreifolia,(Van Heurck & Müll.Arg.) Gere & Boatwr.,Thailand
Combretaceae,Terminalia rivularis,(Gagnep.) Gere & Boatwr.,Thailand
Combretaceae,Terminalia triptera,Stapf,Thailand
Connaraceae,Agelaea macrophylla,(Zoll.) Leenh.,Thailand
Connaraceae,Agelaea trinervis,(Llanos) Merr.,Thailand
Connaraceae,Cnestis palala,(Lour.) Merr.,Thailand
Connaraceae,Connarus cochinchinensis,(Baill.) Pierre,Thailand
Connaraceae,Connarus paniculatus,Roxb,Thailand
Connaraceae,Connarus semidecandrus,Jack,Thailand
Connaraceae,Ellipanthus tomentosus,Kurz,Thailand
Convolvulaceae,Argyreia thorelii,Gagnep.,Thailand
Convolvulaceae,Erycibe albida,Prain,Thailand
Cornaceae,Alangium barbatum,(R.Br. ex C.B.Clarke) Baill. ex Kuntze,Thailand
Cornaceae,Alangium chinense,(Lour.) Harms,Thailand
Cornaceae,Alangium kurzii,Craib,Thailand
Cornaceae,Alangium oblongum,Craib,Thailand
Cornaceae,Alangium ridleyi,King,Thailand
Cornaceae,Alangium salviifolium,(L.f.) Wangerin,Thailand
Cornaceae,Alangium sempervirens,W.J.de Wilde & Duyfjes,Thailand
Cornaceae,Alangium tonkinense,Gagnep.,Thailand
Cornaceae,Alangium uniloculare,(Griff.) King,Thailand
Cornaceae,Cornus oblonga,Wall.,Thailand
Cornaceae,Cornus oligophlebia,Merr.,Thailand
Crypteroniaceae,Crypteronia paniculata,Blume,Thailand
Ctenolophonaceae,Ctenolophon parvifolius,Oliv.,Thailand
Cupressaceae,Calocedrus macrolepis,Kurz,Thailand
Cycadaceae,Cycas chamaoensis,K.D.Hill,Thailand
Cycadaceae,Cycas clivicola,K.D.Hill,Thailand
Cycadaceae,Cycas edentata,de Laub.,Thailand
Cycadaceae,Cycas macrocarpa,Griff.,Thailand
Cycadaceae,Cycas nongnoochiae,K.D.Hill,Thailand
Cycadaceae,Cycas pectinata,Buch.-Ham.,Thailand
Cycadaceae,Cycas petraea,A.Lindstr. & K.D.Hill,Thailand
Cycadaceae,Cycas tansachana,K.D.Hill & S.L.Yang,Thailand
Daphniphyllaceae,Daphniphyllum beddomei,Craib,Thailand
Daphniphyllaceae,Daphniphyllum majus,Müll.Arg.,Thailand
Dichapetalaceae,Dichapetalum gelonioides,(Roxb.) Engl.,Thailand
Dichapetalaceae,Dichapetalum helferianum,(Kurz) Pierre,Thailand
Dichapetalaceae,Dichapetalum longipetalum,(Turcz.) Engl.,Thailand
Dilleniaceae,Dillenia aurea,Sm.,Thailand
Dilleniaceae,Dillenia grandifolia,Wall. ex Hook.f. & Thomson,Thailand
Dilleniaceae,Dillenia hookeri,Pierre,Thailand
Dilleniaceae,Dillenia indica,L.,Thailand
Dilleniaceae,Dillenia obovata,(Blume) Hoogland,Thailand
Dilleniaceae,Dillenia ovata,Wall. ex Hook.f. & Thomson,Thailand
Dilleniaceae,Dillenia parviflora,Griff.,Thailand
Dilleniaceae,Dillenia pentagyna,Roxb.,Thailand
Dilleniaceae,Dillenia scabrella,(D.Don) Roxb. ex Wall.,Thailand
Dipterocarpaceae,Anisoptera costata,Korth.,Thailand
Dipterocarpaceae,Anisoptera curtisii,Dyer ex King,Thailand
Dipterocarpaceae,Anisoptera megistocarpa,Slooten,Thailand
Dipterocarpaceae,Anisoptera scaphula,(Roxb.) Kurz,Thailand
Dipterocarpaceae,Cotylelobium lanceolatum,Craib,Thailand
Dipterocarpaceae,Cotylelobium melanoxylon,(Hook.f.) Pierre,Thailand
Dipterocarpaceae,Dipterocarpus alatus,Roxb. ex G.Don,Thailand
Dipterocarpaceae,Dipterocarpus baudii,Korth.,Thailand
Dipterocarpaceae,Dipterocarpus chartaceus,Symington,Thailand
Dipterocarpaceae,Dipterocarpus costatus,C.F.Gaertn.,Thailand
Dipterocarpaceae,Dipterocarpus crinitus,Dyer,Thailand
Dipterocarpaceae,Dipterocarpus dyeri,Pierre ex Laness.,Thailand
Dipterocarpaceae,Dipterocarpus gracilis,Blume,Thailand
Dipterocarpaceae,Dipterocarpus grandiflorus,(Blanco) Blanco,Thailand
Dipterocarpaceae,Dipterocarpus hasseltii,Blume,Thailand
Dipterocarpaceae,Dipterocarpus intricatus,Dyer,Thailand
Dipterocarpaceae,Dipterocarpus kerrii,King,Thailand
Dipterocarpaceae,Dipterocarpus oblongifolius,Blume,Thailand
Dipterocarpaceae,Dipterocarpus obtusifolius,Teijsm. ex Miq.,Thailand
Dipterocarpaceae,Dipterocarpus retusus,Blume,Thailand
Dipterocarpaceae,Dipterocarpus tuberculatus,Roxb.,Thailand
Dipterocarpaceae,Dipterocarpus turbinatus,C.F.Gaertn,Thailand
Dipterocarpaceae,Dipterocarpus verrucosus,Foxw. ex Slooten,Thailand
Dipterocarpaceae,Hopea beccariana,Burck,Thailand
Dipterocarpaceae,Hopea ferrea,Laness.,Thailand
Dipterocarpaceae,Hopea griffithii,Kurz,Thailand
Dipterocarpaceae,Hopea helferi,(Dyer) Brandis,Thailand
Dipterocarpaceae,Hopea macrocarpa,Poopath & Sookch.,Thailand
Dipterocarpaceae,Hopea oblongifolia,Dyer,Thailand
Dipterocarpaceae,Hopea odorata,Roxb.,Thailand
Dipterocarpaceae,Hopea pedicellata,(Brandis) Symington,Thailand
Dipterocarpaceae,Hopea pierrei,Hance,Thailand
Dipterocarpaceae,Hopea recopei,Pierre ex Laness.,Thailand
Dipterocarpaceae,Hopea sangal,Korth.,Thailand
Dipterocarpaceae,Hopea sublanceolata,Symington,Thailand
Dipterocarpaceae,Hopea thorelii,Pierre,Thailand
Dipterocarpaceae,Parashorea densiflora,Slooten & Symington,Thailand
Dipterocarpaceae,Parashorea stellata,Kurz,Thailand
Dipterocarpaceae,Shorea assamica,Dyer,Thailand
Dipterocarpaceae,Shorea bracteolata,Dyer,Thailand
Dipterocarpaceae,Shorea curtisii,Dyer ex King,Thailand
Dipterocarpaceae,Shorea faguetiana,F.Heim,Thailand
Dipterocarpaceae,Shorea farinosa,C.E.C.Fisch.,Thailand
Dipterocarpaceae,Shorea foxworthyi,Symington,Thailand
Dipterocarpaceae,Shorea glauca,King,Thailand
Dipterocarpaceae,Shorea gratissima,(Wall. ex Kurz) Dyer,Thailand
Dipterocarpaceae,Shorea guiso,(Blanco) Blume,Thailand
Dipterocarpaceae,Shorea hemsleyana,King ex Foxw.,Thailand
Dipterocarpaceae,Shorea henryana,Pierre,Thailand
Dipterocarpaceae,Shorea hypochra,Hance,Thailand
Dipterocarpaceae,Shorea laevis,Ridl.,Thailand
Dipterocarpaceae,Shorea leprosula,Miq.,Thailand
Dipterocarpaceae,Shorea macroptera,Dyer,Thailand
Dipterocarpaceae,Shorea obtusa,Wall. ex Blume,Thailand
Dipterocarpaceae,Shorea parvifolia,Dyer,Thailand
Dipterocarpaceae,Shorea roxburghii,G.Don,Thailand
Dipterocarpaceae,Shorea siamensis,Miq.,Thailand
Dipterocarpaceae,Shorea singkawang,(Miq.) Burck,Thailand
Dipterocarpaceae,Shorea sumatrana,(Slooten) Desch,Thailand
Dipterocarpaceae,Shorea thorelii,Pierre ex Laness.,Thailand
Dipterocarpaceae,Vatica bella,Slooten,Thailand
Dipterocarpaceae,Vatica cinerea,King,Thailand
Dipterocarpaceae,Vatica cuspidata,(Ridl.) Desch,Thailand
Dipterocarpaceae,Vatica harmandiana,Pierre,Thailand
Dipterocarpaceae,Vatica lowii,King,Thailand
Dipterocarpaceae,Vatica maingayi,Dyer,Thailand
Dipterocarpaceae,Vatica mangachapoi,Blanco,Thailand
Dipterocarpaceae,Vatica odorata,(Griff.) Symington,Thailand
Dipterocarpaceae,Vatica pauciflora,Blume,Thailand
Dipterocarpaceae,Vatica philastreana,Pierre,Thailand
Dipterocarpaceae,Vatica stapfiana,(King) Slooten,Thailand
Ebenaceae,Diospyros areolata,King & Gamble,Thailand
Ebenaceae,Diospyros bambuseti,H.R.Fletcher,Thailand
Ebenaceae,Diospyros bejaudii,Lecomte,Thailand
Ebenaceae,Diospyros borneensis,Hiern,Thailand
Ebenaceae,Diospyros brandisiana,Kurz,Thailand
Ebenaceae,Diospyros buxifolia,(Blume) Hiern,Thailand
Ebenaceae,Diospyros castanea,(Craib) H.R.Fletcher,Thailand
Ebenaceae,Diospyros cauliflora,Blume,Thailand
Ebenaceae,Diospyros coaetanea,H.R.Fletcher,Thailand
Ebenaceae,Diospyros collinsiae,Craib,Thailand
Ebenaceae,Diospyros confertiflora,(Hiern) Bakh.,Thailand
Ebenaceae,Diospyros curranii,Merr.,Thailand
Ebenaceae,Diospyros dasyphylla,Kurz,Thailand
Ebenaceae,Diospyros decandra,Lour.,Thailand
Ebenaceae,Diospyros defectrix,H.R.Fletcher,Thailand
Ebenaceae,Diospyros dictyoneura,Hiern,Thailand
Ebenaceae,Diospyros diepenhorstii,Miq.,Thailand
Ebenaceae,Diospyros dumetorum,W.W.Sm.,Thailand
Ebenaceae,Diospyros ehretioides,Wall. ex G.Don,Thailand
Ebenaceae,Diospyros ferrea,(Willd.) Bakh.,Thailand
Ebenaceae,Diospyros filipendula,Pierre ex Lecomte,Thailand
Ebenaceae,Diospyros frutescens,Blume,Thailand
Ebenaceae,Diospyros fulvopilosa,H.R.Fletcher,Thailand
Ebenaceae,Diospyros glandulosa,Lace,Thailand
Ebenaceae,Diospyros gracilis,H.R.Fletcher,Thailand
Ebenaceae,Diospyros hasseltii,Zoll.,Thailand
Ebenaceae,Diospyros insidiosa,Bakh.,Thailand
Ebenaceae,Diospyros kerrii,Craib,Thailand
Ebenaceae,Diospyros kurzii,Hiern,Thailand
Ebenaceae,Diospyros lanceifolia,Roxb.,Thailand
Ebenaceae,Diospyros lateralis,Hiern,Thailand
Ebenaceae,Diospyros latisepala,Ridl.,Thailand
Ebenaceae,Diospyros littorea,(R.Br.) Kosterm.,Thailand
Ebenaceae,Diospyros longipilosa,Phengklai,Thailand
Ebenaceae,Diospyros malabarica,(Desr.) Kostel.,Thailand
Ebenaceae,Diospyros martabanica,C.B.Clarke,Thailand
Ebenaceae,Diospyros mollis,Griff.,Thailand
Ebenaceae,Diospyros montana,Roxb.,Thailand
Ebenaceae,Diospyros oblonga,Wall. ex G.Don,Thailand
Ebenaceae,Diospyros penangiana,King & Gamble,Thailand
Ebenaceae,Diospyros pendula,Hasselt ex Hassk.,Thailand
Ebenaceae,Diospyros phuketensis,Phengklai,Thailand
Ebenaceae,Diospyros pilosiuscula,G.Don,Thailand
Ebenaceae,Diospyros pyrrhocarpa,Miq.,Thailand
Ebenaceae,Diospyros ranongensis,Phengklai,Thailand
Ebenaceae,Diospyros rhodocalyx,Kurz,Thailand
Ebenaceae,Diospyros ridleyi,Bakh.,Thailand
Ebenaceae,Diospyros savannarum,Kosterm.,Thailand
Ebenaceae,Diospyros scalariformis,H.R.Fletcher,Thailand
Ebenaceae,Diospyros scortechinii,King & Gamble,Thailand
Ebenaceae,Diospyros sumatrana,Miq.,Thailand
Ebenaceae,Diospyros thaiensis,Phengklai,Thailand
Ebenaceae,Diospyros toposia,Buch.-Ham.,Thailand
Ebenaceae,Diospyros transitoria,Bakh.,Thailand
Ebenaceae,Diospyros trianthos,Phengkhlai,Thailand
Ebenaceae,Diospyros truncata,Zoll. & Moritzi,Thailand
Ebenaceae,Diospyros undulata,Wall. ex G.Don,Thailand
Ebenaceae,Diospyros variegata,Kurz,Thailand
Ebenaceae,Diospyros venosa,Wall. ex A.DC.,Thailand
Ebenaceae,Diospyros wallichii,King & Gamble,Thailand
Ebenaceae,Diospyros winitii,H.R.Fletcher,Thailand
Elaeocarpaceae,Elaeocarpus angustifolius,Blume,Thailand
Elaeocarpaceae,Elaeocarpus braceanus,Watt ex C.B.Clarke,Thailand
Elaeocarpaceae,Elaeocarpus bracteatus,Kurz,Thailand
Elaeocarpaceae,Elaeocarpus floribundus,Blume,Thailand
Elaeocarpaceae,Elaeocarpus grandiflorus,Sm.,Thailand
Elaeocarpaceae,Elaeocarpus griffithii,(Wight) A.Gray,Thailand
Elaeocarpaceae,Elaeocarpus hainanensis,Oliv.,Thailand
Elaeocarpaceae,Elaeocarpus hygrophilus,Kurz,Thailand
Elaeocarpaceae,Elaeocarpus lacunosus,Wall. ex Kurz,Thailand
Elaeocarpaceae,Elaeocarpus lanceifolius,Roxb.,Thailand
Elaeocarpaceae,Elaeocarpus macrocerus,(Turcz.) Merr.,Thailand
Elaeocarpaceae,Elaeocarpus nitidus,Jack,Thailand
Elaeocarpaceae,Elaeocarpus petiolatus,(Jack) Wall.,Thailand
Elaeocarpaceae,Elaeocarpus stipularis,Blume,Thailand
Elaeocarpaceae,Elaeocarpus tectonifolius,Ridl.,Thailand
Elaeocarpaceae,Elaeocarpus tectorius,(Lour.) Poir.,Thailand
Elaeocarpaceae,Sloanea sigun,(Blume) K.Schum.,Thailand
Elaeocarpaceae,Sloanea sinensis,(Hance) Hemsl.,Thailand
Elaeocarpaceae,Sloanea tomentosa,(Benth.) Rehder & E.H.Wilson,Thailand
Ericaceae,Craibiodendron henryi,W.W.Sm.,Thailand
Ericaceae,Craibiodendron stellatum,(Laness.) W.W.Sm.,Thailand
Ericaceae,Leucopogon malayanus,Jack,Thailand
Ericaceae,Lyonia ovalifolia,(Wall.) Drude,Thailand
Ericaceae,Rhododendron arboreum,Sm.,Thailand
Ericaceae,Rhododendron ciliicalyx,Franch.,Thailand
Ericaceae,Rhododendron delavayi,Franch.,Thailand
Ericaceae,Rhododendron maddenii,Hook.f.,Thailand
Ericaceae,Vaccinium bracteatum,Thunb.,Thailand
Ericaceae,Vaccinium exaristatum,Kurz,Thailand
Ericaceae,Vaccinium sprengelii,(G.Don) Sleumer ex Rehder,Thailand
Erythroxylaceae,Erythroxylum cambodianum,Pierre,Thailand
Escalloniaceae,Polyosma adangensis,Craib,Thailand
Escalloniaceae,Polyosma cambodiana,Gagnep.,Thailand
Escalloniaceae,Polyosma pilosa,Esser,Thailand
Escalloniaceae,Polyosma wallichii,Benn.,Thailand
Euphorbiaceae,Agrostistachys borneensis,Becc.,Thailand
Euphorbiaceae,Agrostistachys gaudichaudii,Müll.Arg.,Thailand
Euphorbiaceae,Agrostistachys indica,Dalzell,Thailand
Euphorbiaceae,Alchornea parviflora,(Benth.) Müll.Arg.,Thailand
Euphorbiaceae,Alchornea rugosa,(Lour.) Müll.Arg.,Thailand
Euphorbiaceae,Alchornea tiliifolia,(Benth.) Müll.Arg.,Thailand
Euphorbiaceae,Aleurites moluccanus,(L.) Willd.,Thailand
Euphorbiaceae,Balakata baccata,(Roxb.) Esser,Thailand
Euphorbiaceae,Baliospermum calycinum,Müll.Arg.,Thailand
Euphorbiaceae,Baliospermum solanifolium,(Burm.) Suresh,Thailand
Euphorbiaceae,Blachia andamanica,(Kurz) Hook.f.,Thailand
Euphorbiaceae,Blachia siamensis,Gagnep.,Thailand
Euphorbiaceae,Blumeodendron kurzii,(Hook.f.) J.J.Sm. ex Koord. & Valeton,Thailand
Euphorbiaceae,Blumeodendron subrotundifolium,(Elmer) Merr.,Thailand
Euphorbiaceae,Blumeodendron tokbrai,(Blume) Kurz,Thailand
Euphorbiaceae,Botryophora geniculata,(Miq.) Beumée ex Airy Shaw,Thailand
Euphorbiaceae,Chondrostylis kunstleri,(King ex Hook.f.) Airy Shaw,Thailand
Euphorbiaceae,Cladogynos orientalis,Zipp. ex Span.,Thailand
Euphorbiaceae,Claoxylon indicum,(Reinw. ex Blume) Hassk.,Thailand
Euphorbiaceae,Claoxylon longifolium,(Blume) Endl. ex Hassk.,Thailand
Euphorbiaceae,Claoxylon oliganthum,Airy Shaw,Thailand
Euphorbiaceae,Claoxylon putii,Airy Shaw,Thailand
Euphorbiaceae,Cleidiocarpon laurinum,Airy Shaw,Thailand
Euphorbiaceae,Cleidion brevipetiolatum,Pax & K.Hoffm.,Thailand
Euphorbiaceae,Cleidion javanicum,Blume,Thailand
Euphorbiaceae,Croton acutifolius,Esser,Thailand
Euphorbiaceae,Croton argyratus,Blume,Thailand
Euphorbiaceae,Croton cascarilloides,Raeusch.,Thailand
Euphorbiaceae,Croton caudatus,Geiseler,Thailand
Euphorbiaceae,Croton delpyi,Gagnep.,Thailand
Euphorbiaceae,Croton fluviatilis,Esser,Thailand
Euphorbiaceae,Croton griffithii,Hook.f.,Thailand
Euphorbiaceae,Croton hutchinsonianus,Hosseus,Thailand
Euphorbiaceae,Croton kerrii,Airy Shaw,Thailand
Euphorbiaceae,Croton kongensis,Gagnep.,Thailand
Euphorbiaceae,Croton kongkandanus,Esser,Thailand
Euphorbiaceae,Croton lissophyllus,Radcl.-Sm. & Govaerts ex Esser,Thailand
Euphorbiaceae,Croton persimilis,Müll.Arg.,Thailand
Euphorbiaceae,Croton poilanei,Gagnep.,Thailand
Euphorbiaceae,Croton poomae,Esser,Thailand
Euphorbiaceae,Croton robustus,Kurz,Thailand
Euphorbiaceae,Croton santisukii,Airy Shaw,Thailand
Euphorbiaceae,Croton sepalinus,Airy Shaw,Thailand
Euphorbiaceae,Croton thorelii,Gagnep.,Thailand
Euphorbiaceae,Croton tiglium,L.,Thailand
Euphorbiaceae,Croton wallichii,Müll.Arg.,Thailand
Euphorbiaceae,Elateriospermum tapos,Blume,Thailand
Euphorbiaceae,Endospermum chinense,Benth.,Thailand
Euphorbiaceae,Endospermum diadenum,(Miq.) Airy Shaw,Thailand
Euphorbiaceae,Endospermum peltatum,Merr.,Thailand
Euphorbiaceae,Endospermum quadriloculare,Pax & K.Hoffm.,Thailand
Euphorbiaceae,Epiprinus malayanus,Griff.,Thailand
Euphorbiaceae,Epiprinus siletianus,(Baill.) Croizat,Thailand
Euphorbiaceae,Erismanthus obliquus,Wall. ex Müll.Arg.,Thailand
Euphorbiaceae,Erismanthus sinensis,Oliv.,Thailand
Euphorbiaceae,Euphorbia antiquorum,L.,Thailand
Euphorbiaceae,Euphorbia lacei,Craib,Thailand
Euphorbiaceae,Excoecaria agallocha,L.,Thailand
Euphorbiaceae,Excoecaria bantamensis,Müll.Arg.,Thailand
Euphorbiaceae,Excoecaria cochinchinensis,Lour.,Thailand
Euphorbiaceae,Excoecaria oppositifolia,Griff.,Thailand
Euphorbiaceae,Falconeria insignis,Royle,Thailand
Euphorbiaceae,Hancea kingii,"(Hook.f.) S.E.C.Sierra, Kulju & Welzen",Thailand
Euphorbiaceae,Hancea penangensis,"(Müll.Arg.) S.E.C.Sierra, Kulju & Welzen",Thailand
Euphorbiaceae,Hancea stipularis,"(Airy Shaw) S.E.C.Sierra, Kulju & Welzen",Thailand
Euphorbiaceae,Hancea subpeltata,"(Blume) M.Aparicio ex S.E.C.Sierra, Kulju & Welzen",Thailand
Euphorbiaceae,Homalanthus populneus,(Geiseler) Pax,Thailand
Euphorbiaceae,Homonoia riparia,Lour.,Thailand
Euphorbiaceae,Koilodepas longifolium,Hook.f.,Thailand
Euphorbiaceae,Lasiococca comberi,Haines,Thailand
Euphorbiaceae,Macaranga andamanica,Kurz,Thailand
Euphorbiaceae,Macaranga bancana,(Miq.) Müll.Arg.,Thailand
Euphorbiaceae,Macaranga denticulata,(Blume) Müll.Arg.,Thailand
Euphorbiaceae,Macaranga diepenhorstii,(Miq.) Müll.Arg.,Thailand
Euphorbiaceae,Macaranga gigantea,(Rchb.f. & Zoll.) Müll.Arg.,Thailand
Euphorbiaceae,Macaranga griffithiana,Müll.Arg.,Thailand
Euphorbiaceae,Macaranga heynei,I.M.Johnst.,Thailand
Euphorbiaceae,Macaranga hosei,King ex Hook.f.,Thailand
Euphorbiaceae,Macaranga hullettii,King ex Hook.f.,Thailand
Euphorbiaceae,Macaranga hypoleuca,(Rchb.f. & Zoll.) Müll.Arg.,Thailand
Euphorbiaceae,Macaranga indica,Wight,Thailand
Euphorbiaceae,Macaranga kurzii,(Kuntze) Pax & K.Hoffm.,Thailand
Euphorbiaceae,Macaranga laciniata,Whitmore & Airy Shaw,Thailand
Euphorbiaceae,Macaranga lowii,King ex Hook.f.,Thailand
Euphorbiaceae,Macaranga pachyphylla,Müll.Arg.,Thailand
Euphorbiaceae,Macaranga peltata,(Roxb.) Müll.Arg.,Thailand
Euphorbiaceae,Macaranga pruinosa,(Miq.) Müll.Arg.,Thailand
Euphorbiaceae,Macaranga siamensis,S.J.Davies,Thailand
Euphorbiaceae,Macaranga tanarius,(L.) Müll.Arg.,Thailand
Euphorbiaceae,Macaranga trichocarpa,(Zoll.) Müll.Arg.,Thailand
Euphorbiaceae,Macaranga triloba,(Thunb.) Müll.Arg.,Thailand
Euphorbiaceae,Mallotus actinoneurus,Airy Shaw,Thailand
Euphorbiaceae,Mallotus barbatus,Müll.Arg.,Thailand
Euphorbiaceae,Mallotus brevipetiolatus,Gage,Thailand
Euphorbiaceae,Mallotus calocarpus,Airy Shaw,Thailand
Euphorbiaceae,Mallotus dispar,(Blume) Müll.Arg.,Thailand
Euphorbiaceae,Mallotus floribundus,(Blume) Müll.Arg.,Thailand
Euphorbiaceae,Mallotus garrettii,Airy Shaw,Thailand
Euphorbiaceae,Mallotus glabriusculus,(Kurz) Pax & K.Hoffm.,Thailand
Euphorbiaceae,Mallotus khasianus,Hook.f.,Thailand
Euphorbiaceae,Mallotus kongkandae,Welzen & Phattar.,Thailand
Euphorbiaceae,Mallotus lanceolatus,(Gagnep.) Airy Shaw,Thailand
Euphorbiaceae,Mallotus leptostachyus,Hook.f.,Thailand
Euphorbiaceae,Mallotus leucocalyx,Müll.Arg.,Thailand
Euphorbiaceae,Mallotus macrostachyus,(Miq.) Müll.Arg.,Thailand
Euphorbiaceae,Mallotus miquelianus,(Scheff.) Boerl.,Thailand
Euphorbiaceae,Mallotus montanus,(Müll.Arg.) Airy Shaw,Thailand
Euphorbiaceae,Mallotus nudiflorus,(L.) Kulju & Welzen,Thailand
Euphorbiaceae,Mallotus pallidus,(Airy Shaw) Airy Shaw,Thailand
Euphorbiaceae,Mallotus paniculatus,(Lam.) Müll.Arg.,Thailand
Euphorbiaceae,Mallotus peltatus,(Geiseler) Müll.Arg.,Thailand
Euphorbiaceae,Mallotus philippensis,(Lam.) Müll.Arg.,Thailand
Euphorbiaceae,Mallotus plicatus,(Müll.Arg.) Airy Shaw,Thailand
Euphorbiaceae,Mallotus repandus,(Rottler) Müll.Arg.,Thailand
Euphorbiaceae,Mallotus resinosus,(Blanco) Merr.,Thailand
Euphorbiaceae,Mallotus subcuneatus,(Gage) Airy Shaw,Thailand
Euphorbiaceae,Mallotus thorelii,Gagnep.,Thailand
Euphorbiaceae,Mallotus tiliifolius,(Blume) Müll.Arg.,Thailand
Euphorbiaceae,Melanolepis multiglandulosa,(Reinw. ex Blume) Rchb. & Zoll.,Thailand
Euphorbiaceae,Neoscortechinia philippinensis,(Merr.) Welzen,Thailand
Euphorbiaceae,Paracroton pendulus,(Hassk.) Miq.,Thailand
Euphorbiaceae,Pimelodendron griffithianum,(Müll.Arg.) Benth. ex Hook.f.,Thailand
Euphorbiaceae,Ptychopyxis javanica,(J.J.Sm.) Croizat,Thailand
Euphorbiaceae,Ptychopyxis plagiocarpa,Airy Shaw,Thailand
Euphorbiaceae,Sampantaea amentiflora,(Airy Shaw) Airy Shaw,Thailand
Euphorbiaceae,Shirakiopsis indica,(Willd.) Esser,Thailand
Euphorbiaceae,Spathiostemon moniliformis,Airy Shaw,Thailand
Euphorbiaceae,Strophioblachia fimbricalyx,Boerl.,Thailand
Euphorbiaceae,Sumbaviopsis albicans,(Blume) J.J.Sm.,Thailand
Euphorbiaceae,Suregada glomerulata,(Blume) Baill.,Thailand
Euphorbiaceae,Suregada multiflora,(A.Juss.) Baill.,Thailand
Euphorbiaceae,Thyrsanthera suborbicularis,Pierre ex Gagnep.,Thailand
Euphorbiaceae,Triadica cochinchinensis,Lour.,Thailand
Euphorbiaceae,Trigonostemon aurantiacus,(Kurz ex Teijsm. & Binn.) Boerl.,Thailand
Euphorbiaceae,Trigonostemon capillipes,(Hook.f.) Airy Shaw,Thailand
Euphorbiaceae,Trigonostemon eberhardtii,Gagnep.,Thailand
Euphorbiaceae,Trigonostemon flavidus,Gagnep.,Thailand
Euphorbiaceae,Trigonostemon heteranthus,Wight,Thailand
Euphorbiaceae,Trigonostemon kerrii,Craib,Thailand
Euphorbiaceae,Trigonostemon laevigatus,Müll.Arg.,Thailand
Euphorbiaceae,Trigonostemon longifolius,Baill. ex Müll.Arg.,Thailand
Euphorbiaceae,Trigonostemon malaccanus,Müll.Arg.,Thailand
Euphorbiaceae,Trigonostemon murtonii,Craib,Thailand
Euphorbiaceae,Trigonostemon philippinensis,Stapf,Thailand
Euphorbiaceae,Trigonostemon quocensis,Gagnep.,Thailand
Euphorbiaceae,Trigonostemon verticillatus,(Jack) Pax,Thailand
Euphorbiaceae,Tritaxis malayana,(Hook.f.) R.Y.Yu & Welzen,Thailand
Euphorbiaceae,Tritaxis muricata,(Hook.f.) R.Y.Yu & Welzen,Thailand
Euphorbiaceae,Vernicia montana,Lour.,Thailand
Euphorbiaceae,Wetria insignis,(Steud.) Airy Shaw,Thailand
Fabaceae,Acrocarpus fraxinifolius,Wight & Arn.,Thailand
Fabaceae,Adenanthera microsperma,Teijsm. & Binn.,Thailand
Fabaceae,Adenanthera pavonina,L.,Thailand
Fabaceae,Adinobotrys atropurpureus,(Wall.) Dunn,Thailand
Fabaceae,Afzelia xylocarpa,(Kurz) Craib,Thailand
Fabaceae,Aganope balansae,(Gagnep.) P.K.Lôc,Thailand
Fabaceae,Albizia attopeuensis,(Pierre) I.C.Nielsen,Thailand
Fabaceae,Albizia chinensis,(Osbeck) Merr.,Thailand
Fabaceae,Albizia corniculata,(Lour.) Druce,Thailand
Fabaceae,Albizia crassiramea,Lace,Thailand
Fabaceae,Albizia garrettii,I.C.Nielsen,Thailand
Fabaceae,Albizia lebbekoides,(DC.) Benth.,Thailand
Fabaceae,Albizia lucida,(Jacques) Benth.,Thailand
Fabaceae,Albizia myriophylla,Benth.,Thailand
Fabaceae,Albizia odoratissima,(L.f.) Benth.,Thailand
Fabaceae,Albizia procera,(Roxb.) Benth.,Thailand
Fabaceae,Albizia retusa,Benth.,Thailand
Fabaceae,Albizia splendens,Miq.,Thailand
Fabaceae,Albizia vialeana,Pierre,Thailand
Fabaceae,Amherstia nobilis,Wall.,Thailand
Fabaceae,Antheroporum pierrei,Gagnep.,Thailand
Fabaceae,Archidendron bubalinum,(Jack) I.C.Nielsen,Thailand
Fabaceae,Archidendron clypearia,(Jack) I.C.Nielsen,Thailand
Fabaceae,Archidendron conspicuum,(Craib) I.C.Nielsen,Thailand
Fabaceae,Archidendron contortum,(Mart.) I.C.Nielsen,Thailand
Fabaceae,Archidendron ellipticum,(Blume) I.C.Nielsen,Thailand
Fabaceae,Archidendron glomeriflorum,(Kurz) I.C.Nielsen,Thailand
Fabaceae,Archidendron jiringa,(Jack) I.C.Nielsen,Thailand
Fabaceae,Archidendron lucidum,(Benth.) I.C.Nielsen,Thailand
Fabaceae,Archidendron quocense,(Pierre) I.C.Nielsen,Thailand
Fabaceae,Bauhinia brachycarpa,Wall. ex Benth.,Thailand
Fabaceae,Bauhinia prainiana,Craib,Thailand
Fabaceae,Bauhinia purpurea,L.,Thailand
Fabaceae,Bauhinia racemosa,Lam.,Thailand
Fabaceae,Bauhinia saccocalyx,Pierre,Thailand
Fabaceae,Bauhinia variegata,L.,Thailand
Fabaceae,Biancaea parviflora,(Prain) Mayta & Molinari,Thailand
Fabaceae,Biancaea sappan,(L.) Tod.,Thailand
Fabaceae,Brachypterum microphyllum,Miq.,Thailand
Fabaceae,Brachypterum robustum,(Roxb. ex DC.) Dalzell & A.Gibson,Thailand
Fabaceae,Burkilliodendron album,(Ridl.) Sastry,Thailand
Fabaceae,Butea monosperma,(Lam.) Kuntze,Thailand
Fabaceae,Cassia fistula,L.,Thailand
Fabaceae,Cassia javanica,L.,Thailand
Fabaceae,Cathormion umbellatum,(Vahl) Kosterm.,Thailand
Fabaceae,Crudia caudata,Prain,Thailand
Fabaceae,Crudia gracilis,Prain,Thailand
Fabaceae,Crudia penduliflora,Ridl.,Thailand
Fabaceae,Cynometra craibii,Gagnep.,Thailand
Fabaceae,Cynometra malaccensis,Meeuwen,Thailand
Fabaceae,Cynometra polyandra,Roxb.,Thailand
Fabaceae,Cynometra ramiflora,L.,Thailand
Fabaceae,Dalbergia assamica,Benth.,Thailand
Fabaceae,Dalbergia cana,Graham ex Kurz,Thailand
Fabaceae,Dalbergia cochinchinensis,Pierre,Thailand
Fabaceae,Dalbergia cultrata,T.S.Ralph,Thailand
Fabaceae,Dalbergia entadoides,Pierre ex Gagnep.,Thailand
Fabaceae,Dalbergia foliosa,T.S.Ralph,Thailand
Fabaceae,Dalbergia glomeriflora,Kurz,Thailand
Fabaceae,Dalbergia junghuhnii,Benth.,Thailand
Fabaceae,Dalbergia lacei,Prain,Thailand
Fabaceae,Dalbergia lanceolaria,L.f.,Thailand
Fabaceae,Dalbergia nigrescens,Kurz,Thailand
Fabaceae,Dalbergia oliveri,Gamble ex Prain,Thailand
Fabaceae,Dalbergia ovata,Graham ex Benth.,Thailand
Fabaceae,Dalbergia pinnata,(Lour.) Prain,Thailand
Fabaceae,Dalbergia stipulacea,Roxb.,Thailand
Fabaceae,Dalbergia suthepensis,Niyomdham,Thailand
Fabaceae,Dendrolobium lanceolatum,(Dunn) Schindl.,Thailand
Fabaceae,Dendrolobium umbellatum,(L.) Benth.,Thailand
Fabaceae,Dialium cochinchinense,Pierre,Thailand
Fabaceae,Dialium hydnocarpoides,de Wit,Thailand
Fabaceae,Dialium indum,L.,Thailand
Fabaceae,Erythrina arborescens,Roxb.,Thailand
Fabaceae,Erythrina fusca,Lour.,Thailand
Fabaceae,Erythrina stricta,Roxb.,Thailand
Fabaceae,Erythrina suberosa,Roxb.,Thailand
Fabaceae,Erythrina subumbrans,(Hassk.) Merr.,Thailand
Fabaceae,Erythrina variegata,L.,Thailand
Fabaceae,Erythrophleum succirubrum,Gagnep.,Thailand
Fabaceae,Erythrophleum teysmannii,(Kurz) Craib,Thailand
Fabaceae,Fordia pauciflora,Dunn,Thailand
Fabaceae,Guilandina bonduc,L.,Thailand
Fabaceae,Gymnocladus burmanicus,C.E.Parkinson,Thailand
Fabaceae,Huchimingia ichthyochtona,(Drake) Z.Q.Song,Thailand
Fabaceae,Huchimingia piscidia,(Roxb.) Z.Q.Song,Thailand
Fabaceae,Huchimingia podocarpa,(Dunn) Z.Q.Song,Thailand
Fabaceae,Hultholia mimosoides,(Lam.) Gagnon & G.P.Lewis,Thailand
Fabaceae,Indigofera galegoides,DC.,Thailand
Fabaceae,Indigofera zollingeriana,Miq.,Thailand
Fabaceae,Intsia bijuga,(Colebr.) Kuntze,Thailand
Fabaceae,Intsia palembanica,Miq.,Thailand
Fabaceae,Koompassia malaccensis,Maingay,Thailand
Fabaceae,Mezoneuron pubescens,Desf.,Thailand
Fabaceae,Millettia brandisiana,Kurz,Thailand
Fabaceae,Millettia erythrocalyx,Gagnep.,Thailand
Fabaceae,Millettia glaucescens,Kurz,Thailand
Fabaceae,Millettia kangensis,Craib,Thailand
Fabaceae,Millettia leucantha,Kurz,Thailand
Fabaceae,Millettia pachycarpa,Benth.,Thailand
Fabaceae,Millettia peguensis,Ali,Thailand
Fabaceae,Millettia penicillata,Gagnep.,Thailand
Fabaceae,Millettia pubinervis,Kurz,Thailand
Fabaceae,Millettia xylocarpa,Miq.,Thailand
Fabaceae,Ormosia fordiana,Oliv.,Thailand
Fabaceae,Ormosia grandistipulata,Whitmore,Thailand
Fabaceae,Ormosia kerrii,Niyomdham,Thailand
Fabaceae,Ormosia macrodisca,Baker,Thailand
Fabaceae,Ormosia mekongensis,"Mattapha, Suddee & Rueangr.",Thailand
Fabaceae,Ormosia robusta,(Wight) Voigt,Thailand
Fabaceae,Ormosia sumatrana,Prain,Thailand
Fabaceae,Ormosia tavoyana,Prain,Thailand
Fabaceae,Ormosia venosa,Baker,Thailand
Fabaceae,Parkia leiophylla,Kurz,Thailand
Fabaceae,Parkia speciosa,Hassk.,Thailand
Fabaceae,Parkia sumatrana,Miq.,Thailand
Fabaceae,Parkia timoriana,(DC.) Merr.,Thailand
Fabaceae,Peltophorum dasyrachis,(Miq.) Kurz,Thailand
Fabaceae,Peltophorum dasyrhachis,(Miq.) Kurz,Thailand
Fabaceae,Peltophorum pterocarpum,(DC.) Backer ex K.Heyne,Thailand
Fabaceae,Piliostigma malabaricum,(Roxb.) Benth.,Thailand
Fabaceae,Pongamia pinnata,(L.) Pierre,Thailand
Fabaceae,Pterocarpus indicus,Willd.,Thailand
Fabaceae,Pterocarpus macrocarpus,Kurz,Thailand
Fabaceae,Pterolobium integrum,Craib,Thailand
Fabaceae,Saraca declinata,(Jack) Miq.,Thailand
Fabaceae,Saraca indica,L.,Thailand
Fabaceae,Saraca thaipingensis,Cantley ex Prain,Thailand
Fabaceae,Senegalia catechu,(L.f.) P.J.H.Hurter & Mabb.,Thailand
Fabaceae,Senegalia meeboldii,"(Craib) Maslin, Seigler & Ebinger",Thailand
Fabaceae,Senegalia pennata,(L.) Maslin,Thailand
Fabaceae,Senegalia rugata,(Lam.) Britton & Rose,Thailand
Fabaceae,Senna garrettiana,(Craib) H.S.Irwin & Barneby,Thailand
Fabaceae,Senna siamea,(Lam.) H.S.Irwin & Barneby,Thailand
Fabaceae,Senna surattensis,(Burm.f.) H.S.Irwin & Barneby,Thailand
Fabaceae,Senna timoriensis,(DC.) H.S.Irwin & Barneby,Thailand
Fabaceae,Serianthes grandiflora,Benth.,Thailand
Fabaceae,Sindora coriacea,(Baker) Prain,Thailand
Fabaceae,Sindora echinocalyx,Prain,Thailand
Fabaceae,Sindora siamensis,Teijsm. ex Miq.,Thailand
Fabaceae,Sophora tomentosa,L.,Thailand
Fabaceae,Spatholobus parviflorus,(Roxb. ex G.Don) Kuntze,Thailand
Fabaceae,Thailentadopsis tenuis,(Craib) Kosterm,Thailand
Fabaceae,Vachellia harmandiana,"(Pierre) Maslin, Seigler & Ebinger",Thailand
Fabaceae,Vachellia leucophloea,"(Roxb.) Maslin, Seigler & Ebinger",Thailand
Fabaceae,Vachellia tomentosa,"(Rottler) Maslin, Seigler & Ebinger",Thailand
Fabaceae,Xylia xylocarpa,(Roxb.) W.Theob.,Thailand
Fagaceae,Castanopsis acuminatissima,(Blume) A.DC.,Thailand
Fagaceae,Castanopsis argentea,(Blume) A.DC.,Thailand
Fagaceae,Castanopsis argyrophylla,King ex Hook.f.,Thailand
Fagaceae,Castanopsis armata,(Roxb.) Spach,Thailand
Fagaceae,Castanopsis brevispinula,Hickel & A.Camus,Thailand
Fagaceae,Castanopsis calathiformis,(Skan) Rehder & E.H.Wilson,Thailand
Fagaceae,Castanopsis ceratacantha,Rehder & E.H.Wilson,Thailand
Fagaceae,Castanopsis cerebrina,(Hickel & A.Camus) Barnett,Thailand
Fagaceae,Castanopsis costata,(Blume) A.DC.,Thailand
Fagaceae,Castanopsis crassifolia,Hickel & A.Camus,Thailand
Fagaceae,Castanopsis diversifolia,(Kurz) King ex Hook.f.,Thailand
Fagaceae,Castanopsis echinocarpa,Miq.,Thailand
Fagaceae,Castanopsis ferox,(Roxb.) Spach,Thailand
Fagaceae,Castanopsis fissa,(Champ. ex Benth.) Rehder & E.H.Wilson,Thailand
Fagaceae,Castanopsis indica,(Roxb. ex Lindl.) A.DC.,Thailand
Fagaceae,Castanopsis inermis,(Lindl.) Benth. & Hook.f.,Thailand
Fagaceae,Castanopsis javanica,(Blume) A.DC.,Thailand
Fagaceae,Castanopsis lanceifolia,(Oerst.) Hickel & A.Camus,Thailand
Fagaceae,Castanopsis malaccensis,Gamble,Thailand
Fagaceae,Castanopsis megacarpa,Gamble,Thailand
Fagaceae,Castanopsis nephelioides,King ex Hook.f.,Thailand
Fagaceae,Castanopsis pierrei,Hance,Thailand
Fagaceae,Castanopsis piriformis,Hickel & A.Camus,Thailand
Fagaceae,Castanopsis pseudohystrix,Phengklai,Thailand
Fagaceae,Castanopsis purpurea,Barnett,Thailand
Fagaceae,Castanopsis purpurella,(Miq.) N.P.Balakr.,Thailand
Fagaceae,Castanopsis rhamnifolia,(Miq.) A.DC.,Thailand
Fagaceae,Castanopsis rockii,A.Camus,Thailand
Fagaceae,Castanopsis schefferiana,Hance,Thailand
Fagaceae,Castanopsis siamensis,Duanmu,Thailand
Fagaceae,Castanopsis thaiensis,Phengklai,Thailand
Fagaceae,Castanopsis tribuloides,(Sm.) A.DC.,Thailand
Fagaceae,Castanopsis wallichii,King ex Hook.f.,Thailand
Fagaceae,Lithocarpus aggregatus,Barnett,Thailand
Fagaceae,Lithocarpus auriculatus,(Hickel & A.Camus) Barnett,Thailand
Fagaceae,Lithocarpus bancanus,(Scheff.) Rehder,Thailand
Fagaceae,Lithocarpus bennettii,(Miq.) Rehder,Thailand
Fagaceae,Lithocarpus blumeanus,(Korth.) Rehder,Thailand
Fagaceae,Lithocarpus cantleyanus,(King ex Hook.f.) Rehder,Thailand
Fagaceae,Lithocarpus cerifer,(Hickel & A.Camus) A.Camus,Thailand
Fagaceae,Lithocarpus clementianus,(King ex Hook.f.) A.Camus,Thailand
Fagaceae,Lithocarpus corneus,(Lour.) Rehder,Thailand
Fagaceae,Lithocarpus craibianus,Barnett,Thailand
Fagaceae,Lithocarpus curtisii,(King ex Hook.f.) A.Camus,Thailand
Fagaceae,Lithocarpus cyclophorus,(Endl.) A.Camus,Thailand
Fagaceae,Lithocarpus dealbatus,(Hook.f. & Thomson ex Miq.) Rehder,Thailand
Fagaceae,Lithocarpus echinophorus,(Hickel & A.Camus) A.Camus,Thailand
Fagaceae,Lithocarpus echinops,Hjelmq.,Thailand
Fagaceae,Lithocarpus eiadthongii,"Sinbumr., Rueangr. & Sungkaew",Thailand
Fagaceae,Lithocarpus eichleri,(Wenz.) A.Camus,Thailand
Fagaceae,Lithocarpus elegans,(Blume) Hatus. ex Soepadmo,Thailand
Fagaceae,Lithocarpus elephantum,(Hance) A.Camus,Thailand
Fagaceae,Lithocarpus encleisacarpus,(Korth.) A.Camus,Thailand
Fagaceae,Lithocarpus erythrocarpus,(Ridl.) A.Camus,Thailand
Fagaceae,Lithocarpus eucalyptifolius,(Hickel & A.Camus) A.Camus,Thailand
Fagaceae,Lithocarpus falconeri,(Kurz) Rehder,Thailand
Fagaceae,Lithocarpus farinulentus,(Hance) A.Camus,Thailand
Fagaceae,Lithocarpus fenestratus,(Roxb.) Rehder,Thailand
Fagaceae,Lithocarpus garrettianus,(Craib) A.Camus,Thailand
Fagaceae,Lithocarpus harmandii,(Hickel & A.Camus) A.Camus,Thailand
Fagaceae,Lithocarpus hendersonianus,A.Camus,Thailand
Fagaceae,Lithocarpus lappaceus,(Roxb.) Rehder,Thailand
Fagaceae,Lithocarpus lindleyanus,(Wall. ex A.DC.) A.Camus,Thailand
Fagaceae,Lithocarpus loratifolius,Phengklai,Thailand
Fagaceae,Lithocarpus lucidus,(Roxb.) Rehder,Thailand
Fagaceae,Lithocarpus macphailii,(M.R.Hend.) Barnett,Thailand
Fagaceae,Lithocarpus magneinii,(Hickel & A.Camus) A.Camus,Thailand
Fagaceae,Lithocarpus magnificus,(Brandis) A.Camus,Thailand
Fagaceae,Lithocarpus maingayi,(Benth.) Rehder,Thailand
Fagaceae,Lithocarpus mekongensis,(A.Camus) C.C.Huang & Y.T.Zhang,Thailand
Fagaceae,Lithocarpus neorobinsonii,A.Camus,Thailand
Fagaceae,Lithocarpus orbicarpus,Strijk,Thailand
Fagaceae,Lithocarpus pattaniensis,Barnett,Thailand
Fagaceae,Lithocarpus pierrei,(Hickel & A.Camus) A.Camus,Thailand
Fagaceae,Lithocarpus platycarpus,(Blume) Rehder,Thailand
Fagaceae,Lithocarpus polystachyus,(Wall. ex A.DC.) Rehder,Thailand
Fagaceae,Lithocarpus rassa,(Miq.) Rehder,Thailand
Fagaceae,Lithocarpus recurvatus,Barnett,Thailand
Fagaceae,Lithocarpus reinwardtii,(Korth.) A.Camus,Thailand
Fagaceae,Lithocarpus revolutus,Hatus. ex Soepadmo,Thailand
Fagaceae,Lithocarpus rufescens,Barnett,Thailand
Fagaceae,Lithocarpus scortechinii,(King ex Hook.f.) A.Camus,Thailand
Fagaceae,Lithocarpus siamensis,A.Camus,Thailand
Fagaceae,Lithocarpus sootepensis,(Craib) A.Camus,Thailand
Fagaceae,Lithocarpus sundaicus,(Blume) Rehder,Thailand
Fagaceae,Lithocarpus thomsonii,(Miq.) Rehder,Thailand
Fagaceae,Lithocarpus trachycarpus,(Hickel & A.Camus) A.Camus,Thailand
Fagaceae,Lithocarpus truncatus,(King ex Hook.f.) Rehder,Thailand
Fagaceae,Lithocarpus tubulosus,(Hickel & A.Camus) A.Camus,Thailand
Fagaceae,Lithocarpus vestitus,(Hickel & A.Camus) A.Camus,Thailand
Fagaceae,Lithocarpus wallichianus,(Lindl. ex Hance) Rehder,Thailand
Fagaceae,Lithocarpus wrayi,(King) A.Camus,Thailand
Fagaceae,Lithocarpus xylocarpus,(Kurz) Markgr.,Thailand
Fagaceae,Quercus acutissima,Carruth.,Thailand
Fagaceae,Quercus aliena,Blume,Thailand
Fagaceae,Quercus augustinei,Skan,Thailand
Fagaceae,Quercus auricoma,A.Camus,Thailand
Fagaceae,Quercus austrocochinchinensis,Hickel & A.Camus,Thailand
Fagaceae,Quercus brandisiana,Kurz,Thailand
Fagaceae,Quercus chrysocalyx,Hickel & A.Camus,Thailand
Fagaceae,Quercus eumorpha,Kurz,Thailand
Fagaceae,Quercus franchetii,Skan,Thailand
Fagaceae,Quercus gomeziana,A.Camus,Thailand
Fagaceae,Quercus griffithii,Hook.f. & Thomson ex Miq.,Thailand
Fagaceae,Quercus helferiana,A.DC.,Thailand
Fagaceae,Quercus kerrii,Craib,Thailand
Fagaceae,Quercus kingiana,Craib,Thailand
Fagaceae,Quercus lamellosa,Sm.,Thailand
Fagaceae,Quercus lanata,Sm.,Thailand
Fagaceae,Quercus lenticellata,Barnett,Thailand
Fagaceae,Quercus lineata,Blume,Thailand
Fagaceae,Quercus mespilifolia,Wall. ex A.DC.,Thailand
Fagaceae,Quercus myrsinifolia,Blume,Thailand
Fagaceae,Quercus oblongata,D.Don,Thailand
Fagaceae,Quercus oidocarpa,Korth.,Thailand
Fagaceae,Quercus oxyodon,Miq.,Thailand
Fagaceae,Quercus platycalyx,Hickel & A.Camus,Thailand
Fagaceae,Quercus poilanei,Hickel & A.Camus,Thailand
Fagaceae,Quercus quangtriensis,Hickel & A.Camus,Thailand
Fagaceae,Quercus ramsbottomii,A.Camus,Thailand
Fagaceae,Quercus rehderiana,Hand.-Mazz.,Thailand
Fagaceae,Quercus rex,Hemsl.,Thailand
Fagaceae,Quercus saravanensis,A.Camus,Thailand
Fagaceae,Quercus semiserrata,Roxb.,Thailand
Fagaceae,Quercus sessilifolia,Blume,Thailand
Fagaceae,Quercus setulosa,Hickel & A.Camus,Thailand
Fagaceae,Quercus thorelii,Hickel & A.Camus,Thailand
Fagaceae,Trigonobalanus doichangensis,(A.Camus) Forman,Thailand
Gelsemiaceae,Pteleocarpa lamponga,(Miq.) Bakh. ex K.Heyne,Thailand
Gentianaceae,Cyrtophyllum fragrans,(Roxb.) DC.,Thailand
Gentianaceae,Fagraea auriculata,Jack,Thailand
Gentianaceae,Fagraea ceilanica,Thunb.,Thailand
Gentianaceae,Fagraea curtisii,King & Gamble,Thailand
Gentianaceae,Limahlania crenulata,(Maingay ex C.B.Clarke) K.M.Wong & Sugumaran,Thailand
Gentianaceae,Utania racemosa,(Jack) Sugumaran,Thailand
Gnetaceae,Gnetum gnemon,L.,Thailand
Hamamelidaceae,Distylium annamicum,(Gagnep.) Airy Shaw,Thailand
Hamamelidaceae,Distylium indicum,Benth. ex C.B.Clarke,Thailand
Hamamelidaceae,Exbucklandia populnea,(R.Br. ex Griff.) R.W.Br.,Thailand
Hamamelidaceae,Loropetalum chinense,(R.Br.) Oliv.,Thailand
Hamamelidaceae,Maingaya malayana,Oliv.,Thailand
Helwingiaceae,Helwingia chinensis,Batalin,Thailand
Hernandiaceae,Hernandia nymphaeifolia,(C.Presl) Kubitzki,Thailand
Hypericaceae,Cratoxylum cochinchinense,(Lour.) Blume,Thailand
Hypericaceae,Cratoxylum formosum,(Jack) Benth. & Hook.f. ex Dyer,Thailand
Hypericaceae,Cratoxylum maingayi,Dyer,Thailand
Hypericaceae,Cratoxylum sumatranum,(Jack) Blume,Thailand
Icacinaceae,Mappia montana,(Blume) Miers,Thailand
Icacinaceae,Mappia nimmoniana,(J.Graham) Byng & Stull,Thailand
Icacinaceae,Pittosporopsis kerrii,Craib,Thailand
Irvingiaceae,Irvingia malayana,Oliv. ex A.W.Benn.,Thailand
Iteaceae,Itea chinensis,Hook. & Arn.,Thailand
Iteaceae,Itea macrophylla,Wall.,Thailand
Iteaceae,Itea riparia,Collett & Hemsl.,Thailand
Ixonanthaceae,Ixonanthes icosandra,Jack,Thailand
Ixonanthaceae,Ixonanthes petiolaris,Blume,Thailand
Ixonanthaceae,Ixonanthes reticulata,Jack,Thailand
Juglandaceae,Alfaropsis roxburghiana,(Lindl. ex Wall.) Iljinsk.,Thailand
Juglandaceae,Engelhardia serrata,Blume,Thailand
Lamiaceae,Callicarpa angustifolia,King & Gamble,Thailand
Lamiaceae,Callicarpa arborea,Roxb.,Thailand
Lamiaceae,Callicarpa furfuracea,Ridl,Thailand
Lamiaceae,Callicarpa kerrii,Leerat. & A.J.Paton,Thailand
Lamiaceae,Callicarpa macrophylla,Vahl,Thailand
Lamiaceae,Callicarpa maingayi,King & Gamble,Thailand
Lamiaceae,Callicarpa pentandra,Roxb.,Thailand
Lamiaceae,Callicarpa tomentosa,(L.) L.,Thailand
Lamiaceae,Clerodendrum adenophysum,Hallier f.,Thailand
Lamiaceae,Clerodendrum disparifolium,Blume,Thailand
Lamiaceae,Clerodendrum indicum,(L.) Kuntze,Thailand
Lamiaceae,Clerodendrum japonicum,(Thunb.) Sweet,Thailand
Lamiaceae,Clerodendrum laevifolium,Blume,Thailand
Lamiaceae,Clerodendrum smitinandii,Moldenke,Thailand
Lamiaceae,Clerodendrum villosum,Blume,Thailand
Lamiaceae,Garrettia siamensis,H.R.Fletcher,Thailand
Lamiaceae,Gmelina arborea,Roxb. ex Sm.,Thailand
Lamiaceae,Gmelina elliptica,Sm.,Thailand
Lamiaceae,Gmelina philippensis,Cham.,Thailand
Lamiaceae,Gmelina racemosa,(Lour.) Merr.,Thailand
Lamiaceae,Peronema canescens,Jack,Thailand
Lamiaceae,Premna fulva,Craib,Thailand
Lamiaceae,Premna mollissima,Roth,Thailand
Lamiaceae,Premna rabakensis,Moldenke,Thailand
Lamiaceae,Premna serratifolia,L.,Thailand
Lamiaceae,Premna tomentosa,Willd.,Thailand
Lamiaceae,Premna trichostoma,Miq.,Thailand
Lamiaceae,Rotheca farinosa,(Roxb.) Govaerts,Thailand
Lamiaceae,Tectona grandis,L.f.,Thailand
Lamiaceae,Teijsmanniodendron bogoriense,Koord.,Thailand
Lamiaceae,Teijsmanniodendron coriaceum,(C.B.Clarke) Kosterm.,Thailand
Lamiaceae,Teijsmanniodendron pteropodum,(Miq.) Bakh.,Thailand
Lamiaceae,Vitex canescens,Kurz,Thailand
Lamiaceae,Vitex gamosepala,Griff.,Thailand
Lamiaceae,Vitex glabrata,R.Br.,Thailand
Lamiaceae,Vitex limonifolia,ex C.B.Clarke,Thailand
Lamiaceae,Vitex longisepala,King & Gamble,Thailand
Lamiaceae,Vitex negundo,L.,Thailand
Lamiaceae,Vitex peduncularis,Wall. ex Schauer,Thailand
Lamiaceae,Vitex pinnata,L.,Thailand
Lamiaceae,Vitex quinata,(Lour.) F.N.Williams,Thailand
Lamiaceae,Vitex scabra,ex Schauer,Thailand
Lamiaceae,Vitex siamica,F.N.Williams,Thailand
Lamiaceae,Vitex trifolia,L.,Thailand
Lamiaceae,Vitex vestita,Wall. ex Walp.,Thailand
Lauraceae,Actinodaphne amabilis,Kosterm.,Thailand
Lauraceae,Actinodaphne angustifolia,(Blume) Nees,Thailand
Lauraceae,Actinodaphne glomerata,(Blume) Nees,Thailand
Lauraceae,Actinodaphne henryi,Gamble,Thailand
Lauraceae,Actinodaphne omeiensis,(H.Liu) C.K.Allen,Thailand
Lauraceae,Actinodaphne perglabra,Kosterm.,Thailand
Lauraceae,Actinodaphne procera,Nees,Thailand
Lauraceae,Actinodaphne sesquipedalis,Hook.f. & Thomson ex Meisn.,Thailand
Lauraceae,Actinodaphne sikkimensis,Meisn.,Thailand
Lauraceae,Alseodaphne birmanica,Kosterm.,Thailand
Lauraceae,Alseodaphne nigrescens,(Gamble) Kosterm.,Thailand
Lauraceae,Alseodaphne siamensis,Kosterm.,Thailand
Lauraceae,Alseodaphne wrayi,Gamble,Thailand
Lauraceae,Alseodaphnopsis andersonii,(King ex Hook.f.) H.W.Li & J.Li,Thailand
Lauraceae,Beilschmiedia clarkei,Hook.f.,Thailand
Lauraceae,Beilschmiedia elegantissima,Kosterm.,Thailand
Lauraceae,Beilschmiedia kunstleri,Gamble,Thailand
Lauraceae,Beilschmiedia lanatella,Kosterm.,Thailand
Lauraceae,Beilschmiedia laotica,Kosterm. ex de Kok,Thailand
Lauraceae,Beilschmiedia lucidula,(Miq.) Kosterm.,Thailand
Lauraceae,Beilschmiedia maingayi,Hook.f.,Thailand
Lauraceae,Beilschmiedia membranacea,Gamble,Thailand
Lauraceae,Beilschmiedia palembanica,(Miq.) Kosterm.,Thailand
Lauraceae,Beilschmiedia penangiana,Gamble,Thailand
Lauraceae,Beilschmiedia pergamentacea,C.K.Allen,Thailand
Lauraceae,Beilschmiedia roxburghiana,Nees,Thailand
Lauraceae,Beilschmiedia villosa,Kosterm.,Thailand
Lauraceae,Beilschmiedia wallichiana,(G.Don) Kosterm.,Thailand
Lauraceae,Cinnamomum bejolghota,(Buch.-Ham.) Sweet,Thailand
Lauraceae,Cinnamomum bokorense,Tagane & Yahara,Thailand
Lauraceae,Cinnamomum crenulicupulum,Kosterm.,Thailand
Lauraceae,Cinnamomum iners,Reinw. ex Blume,Thailand
Lauraceae,Cinnamomum javanicum,Blume,Thailand
Lauraceae,Cinnamomum kerrii,Kosterm.,Thailand
Lauraceae,Cinnamomum nalingway,Kosterm.,Thailand
Lauraceae,Cinnamomum pachyphyllum,Kosterm.,Thailand
Lauraceae,Cinnamomum parthenoxylon,(Jack) Meisn.,Thailand
Lauraceae,Cinnamomum rosiflorum,Kosterm.,Thailand
Lauraceae,Cinnamomum subavenium,Miq.,Thailand
Lauraceae,Cinnamomum tamala,(Buch.-Ham.) T.Nees & C.H.Eberm.,Thailand
Lauraceae,Cryptocarya amygdalina,Nees,Thailand
Lauraceae,Cryptocarya chanthaburiensis,Kosterm.,Thailand
Lauraceae,Cryptocarya concinna,Hance,Thailand
Lauraceae,Cryptocarya densiflora,Blume,Thailand
Lauraceae,Cryptocarya diversifolia,Blume,Thailand
Lauraceae,Cryptocarya ferrea,Blume,Thailand
Lauraceae,Cryptocarya kurzii,Hook.f.,Thailand
Lauraceae,Cryptocarya laotica,(Gagnep.) Kosterm.,Thailand
Lauraceae,Cryptocarya nitens,(Blume) Koord. & Valeton,Thailand
Lauraceae,Cryptocarya pallens,Kosterm.,Thailand
Lauraceae,Cryptocarya pustulata,Kosterm.,Thailand
Lauraceae,Cryptocarya rugulosa,Hook.f.,Thailand
Lauraceae,Cryptocarya sublanuginosa,Kosterm.,Thailand
Lauraceae,Dehaasia candolleana,(Meisn.) Kosterm.,Thailand
Lauraceae,Dehaasia cuneata,(Blume) Blume,Thailand
Lauraceae,Dehaasia incrassata,(Jack) Nees,Thailand
Lauraceae,Dehaasia kerrii,Kosterm.,Thailand
Lauraceae,Dehaasia kurzii,King ex Hook.f.,Thailand
Lauraceae,Dehaasia longipetiolata,Kosterm.,Thailand
Lauraceae,Dehaasia suborbicularis,Lecomte,Thailand
Lauraceae,Iteadaphne caudata,(Nees) H.W. Li              ,Thailand
Lauraceae,Lindera communis,Hemsl.,Thailand
Lauraceae,Lindera meissneri,Hook.f.,Thailand
Lauraceae,Lindera melastomacea,Fern.-Vill.,Thailand
Lauraceae,Lindera pipericarpa,Boerl.,Thailand
Lauraceae,Litsea accedens,(Blume) Boerl.,Thailand
Lauraceae,Litsea baviensis,Lecomte,Thailand
Lauraceae,Litsea beusekomii,Kosterm.,Thailand
Lauraceae,Litsea castanea,Hook.f.,Thailand
Lauraceae,Litsea cordata,(Jack) Hook.f.,Thailand
Lauraceae,Litsea cubeba,(Lour.) Pers.,Thailand
Lauraceae,Litsea elliptica,Blume,Thailand
Lauraceae,Litsea glutinosa,(Lour.) C.B.Rob.,Thailand
Lauraceae,Litsea grandis,(Nees) Hook.f.,Thailand
Lauraceae,Litsea hirsutissima,Gamble,Thailand
Lauraceae,Litsea hookeri,(Meisn.) D.G.Long,Thailand
Lauraceae,Litsea johorensis,Gamble,Thailand
Lauraceae,Litsea kerrii,Kosterm.,Thailand
Lauraceae,Litsea khasyana,Meisn.,Thailand
Lauraceae,Litsea kurzii,King ex Hook.f.,Thailand
Lauraceae,Litsea laeta,(Nees) Trimen,Thailand
Lauraceae,Litsea lancifolia,(Roxb. ex Nees) Fern.-Vill.,Thailand
Lauraceae,Litsea machilifolia,Gamble,Thailand
Lauraceae,Litsea martabanica,(Kurz) Hook.f.,Thailand
Lauraceae,Litsea mollis,Hemsl.,Thailand
Lauraceae,Litsea monopetala,(Roxb.) Pers.,Thailand
Lauraceae,Litsea myristicifolia,(Wall. ex Nees) Hook.f.,Thailand
Lauraceae,Litsea nuculanea,(Kurz) Hook.f.,Thailand
Lauraceae,Litsea pierrei,Lecomte,Thailand
Lauraceae,Litsea pseudolongifolia,Kosterm.,Thailand
Lauraceae,Litsea pseudoumbellata,Kosterm.,Thailand
Lauraceae,Litsea punctulata,Kosterm.,Thailand
Lauraceae,Litsea resinosa,Blume,Thailand
Lauraceae,Litsea semecarpifolia,(Wall. ex Nees) Hook.f.,Thailand
Lauraceae,Litsea tomentosa,Blume,Thailand
Lauraceae,Litsea umbellata,(Lour.) Merr.,Thailand
Lauraceae,Litsea variabilis,Hemsl.,Thailand
Lauraceae,Litsea verticillata,Hance,Thailand
Lauraceae,Machilus kingii,Hook.f.,Thailand
Lauraceae,Machilus odoratissimus,Nees,Thailand
Lauraceae,Neocinnamomum caudatum,(Nees) Merr.,Thailand
Lauraceae,Neolitsea alongensis,Lecomte,Thailand
Lauraceae,Neolitsea siamensis,Kosterm,Thailand
Lauraceae,Neolitsea umbrosa,(Nees) Gamble,Thailand
Lauraceae,Nothaphoebe condensa,Ridl.,Thailand
Lauraceae,Nothaphoebe umbelliflora,(Blume) Blume,Thailand
Lauraceae,Persea gamblei,(King ex Hook.f.) Kosterm.,Thailand
Lauraceae,Phoebe grandis,(Nees) Merr.,Thailand
Lauraceae,Phoebe kerrii,Gamble,Thailand
Lauraceae,Phoebe lanceolata,(Nees) Nees,Thailand
Lauraceae,Phoebe paniculata,(Nees) Nees,Thailand
Lauraceae,Phoebe siamensis,Kosterm.,Thailand
Lauraceae,Phoebe tavoyana,(Meisn.) Hook.f.,Thailand
Lauraceae,Potameia siamensis,Kosterm,Thailand
Lecythidaceae,Barringtonia acutangula,(L.) Gaertn.,Thailand
Lecythidaceae,Barringtonia asiatica,(L.) Kurz,Thailand
Lecythidaceae,Barringtonia augusta,Kurz,Thailand
Lecythidaceae,Barringtonia khaoluangensis,Chantar.,Thailand
Lecythidaceae,Barringtonia longipes,Gagnep.,Thailand
Lecythidaceae,Barringtonia macrocarpa,Hassk.,Thailand
Lecythidaceae,Barringtonia macrostachya,(Jack) Kurz,Thailand
Lecythidaceae,Barringtonia pauciflora,King,Thailand
Lecythidaceae,Barringtonia pendula,(Griff.) Kurz,Thailand
Lecythidaceae,Barringtonia racemosa,(L.) Spreng.,Thailand
Lecythidaceae,Barringtonia rimata,Chantar.,Thailand
Lecythidaceae,Barringtonia schmidtii,Warb. ex Craib,Thailand
Lecythidaceae,Barringtonia scortechinii,King,Thailand
Lecythidaceae,Barringtonia thailandica,"Thammar., Pornp. & Chantar.",Thailand
Lecythidaceae,Careya arborea,Roxb.,Thailand
Loganiaceae,Strychnos lucida,R. Br.,Thailand
Loganiaceae,Strychnos nux-blanda,A.W.Hill,Thailand
Loganiaceae,Strychnos nux-vomica,L.,Thailand
Loganiaceae,Strychnos thorelii,Pierre ex Dop,Thailand
Lythraceae,Duabanga grandiflora,(Roxb. ex DC.) Walp.,Thailand
Lythraceae,Lagerstroemia calyculata,Kurz,Thailand
Lythraceae,Lagerstroemia cochinchinensis,Laness.,Thailand
Lythraceae,Lagerstroemia duperreana,Pierre ex Gagnep.,Thailand
Lythraceae,Lagerstroemia floribunda,Jack,Thailand
Lythraceae,Lagerstroemia huamotensis,W.J.de Wilde & Duyfjes,Thailand
Lythraceae,Lagerstroemia indica,L.,Thailand
Lythraceae,Lagerstroemia langkawiensis,Furtado & Montien,Thailand
Lythraceae,Lagerstroemia loudonii,Teijsm. & Binn.,Thailand
Lythraceae,Lagerstroemia macrocarpa,Kurz,Thailand
Lythraceae,Lagerstroemia noei,Craib,Thailand
Lythraceae,Lagerstroemia ovalifolia,Teijsm. & Binn.,Thailand
Lythraceae,Lagerstroemia speciosa,(L.) Pers.,Thailand
Lythraceae,Lagerstroemia spireana,Gagnep.,Thailand
Lythraceae,Lagerstroemia subangulata,(Craib) Furtado & Montien,Thailand
Lythraceae,Lagerstroemia tomentosa,C.Presl,Thailand
Lythraceae,Lagerstroemia undulata,Koehne,Thailand
Lythraceae,Lagerstroemia venusta,Wall. ex C.B.Clarke,Thailand
Lythraceae,Lagerstroemia villosa,Wall. ex Kurz,Thailand
Lythraceae,Pemphis acidula,J.R.Forst. & G.Forst.,Thailand
Lythraceae,Sonneratia alba,Sm.,Thailand
Lythraceae,Sonneratia caseolaris,(L.) Engl.,Thailand
Lythraceae,Sonneratia griffithii,Kurz        ,Thailand
Lythraceae,Sonneratia ovata,Backer,Thailand
Magnoliaceae,Magnolia baillonii,Pierre,Thailand
Magnoliaceae,Magnolia betongensis,(Craib) H.Keng,Thailand
Magnoliaceae,Magnolia carsonii,Dandy ex Noot.,Thailand
Magnoliaceae,Magnolia cathcartii,(Hook.f. & Thomson) Noot.,Thailand
Magnoliaceae,Magnolia champaca,(L.) Baill. ex Pierre,Thailand
Magnoliaceae,Magnolia citrata,Noot. & Chalermglin,Thailand
Magnoliaceae,Magnolia duperreana,Pierre,Thailand
Magnoliaceae,Magnolia elegans,(Blume) H.Keng,Thailand
Magnoliaceae,Magnolia floribunda,(Finet & Gagnep.) Figlar,Thailand
Magnoliaceae,Magnolia garrettii,(Craib) V.S.Kumar,Thailand
Magnoliaceae,Magnolia gustavii,King,Thailand
Magnoliaceae,Magnolia henryi,Dunn,Thailand
Magnoliaceae,Magnolia hodgsonii,(Hook.f. & Thomson) H.Keng,Thailand
Magnoliaceae,Magnolia hookeri,(Cubitt & W.W.Sm.) D.C.S.Raju & M.P.Nayar,Thailand
Magnoliaceae,Magnolia insignis,Wall.,Thailand
Magnoliaceae,Magnolia koordersiana,(Noot.) Figlar,Thailand
Magnoliaceae,Magnolia liliifera,(L.) Baill.,Thailand
Magnoliaceae,Magnolia mediocris,(Dandy) Figlar,Thailand
Magnoliaceae,Magnolia philippinensis,P.Parm.,Thailand
Magnoliaceae,Magnolia praecalva,(Dandy) Figlar & Noot.,Thailand
Magnoliaceae,Magnolia rajaniana,(Craib) Figlar,Thailand
Magnoliaceae,Magnolia siamensis,(Dandy) H.Keng,Thailand
Magnoliaceae,Magnolia sirindhorniae,Noot. & Chalermglin,Thailand
Magnoliaceae,Magnolia thailandica,Noot. & Chalermglin,Thailand
Magnoliaceae,Magnolia utilis,(Dandy) V.S.Kumar,Thailand
Malpighiaceae,Brachylophon curtisii,Oliv.,Thailand
Malpighiaceae,Hiptage candicans,Hook.f.,Thailand
Malvaceae,Azanza lampas,(Cav.) Alef.,Thailand
Malvaceae,Berrya cordifolia,(Willd.) Burret,Thailand
Malvaceae,Bombax anceps,Pierre,Thailand
Malvaceae,Bombax insigne,Wall.,Thailand
Malvaceae,Bombycidendron grewiifolium,(Hassk.) Zoll. & Moritzi,Thailand
Malvaceae,Boschia griffithii,Mast.,Thailand
Malvaceae,Boschia mansonii,Gamble,Thailand
Malvaceae,Brownlowia argentata,Kurz,Thailand
Malvaceae,Brownlowia helferiana,Pierre,Thailand
Malvaceae,Brownlowia peltata,Benth.,Thailand
Malvaceae,Brownlowia tersa,(L.) Kosterm.,Thailand
Malvaceae,Burretiodendron esquirolii,(H.Lév.) Rehder,Thailand
Malvaceae,Cenocentrum tonkinense,Gagnep.,Thailand
Malvaceae,Colona auriculata,(Desf.) Craib,Thailand
Malvaceae,Colona elobata,Craib,Thailand
Malvaceae,Colona flagrocarpa,(C.B.Clarke) Craib,Thailand
Malvaceae,Colona floribunda,(Kurz) Craib,Thailand
Malvaceae,Colona merguensis,(Planch. ex Mast.) Burret,Thailand
Malvaceae,Colona thorelii,(Gagnep.) Burret,Thailand
Malvaceae,Colona winitii,(Craib) Craib,Thailand
Malvaceae,Durio graveolens,Becc.,Thailand
Malvaceae,Durio lowianus,Scort. ex King,Thailand
Malvaceae,Durio macrophyllus,(King) Ridl.,Thailand
Malvaceae,Eriolaena candollei,Wall.,Thailand
Malvaceae,Firmiana colorata,(Roxb.) R.Br.,Thailand
Malvaceae,Firmiana fulgens,(Wall. ex Mast.) K.Schum.,Thailand
Malvaceae,Firmiana kerrii,(Craib) Kosterm.,Thailand
Malvaceae,Grewia abutilifolia,Vent. ex Juss.,Thailand
Malvaceae,Grewia asiatica,L.,Thailand
Malvaceae,Grewia eriocarpa,Juss.,Thailand
Malvaceae,Grewia falcata,C.Y.Wu,Thailand
Malvaceae,Grewia hirsuta,Vahl,Thailand
Malvaceae,Grewia lacei,J.R.Drumm. & Craib,Thailand
Malvaceae,Grewia laevigata,Vahl,Thailand
Malvaceae,Grewia polygama,Roxb.,Thailand
Malvaceae,Grewia tiliifolia,Vahl,Thailand
Malvaceae,Grewia tomentosa,Juss.,Thailand
Malvaceae,Helicteres isora,L.,Thailand
Malvaceae,Heritiera burmensis,Kosterm.,Thailand
Malvaceae,Heritiera fomes,Banks,Thailand
Malvaceae,Heritiera javanica,(Blume) Kosterm.,Thailand
Malvaceae,Heritiera littoralis,Aiton,Thailand
Malvaceae,Heritiera sumatrana,(Miq.) Kosterm.,Thailand
Malvaceae,Hibiscus macrophyllus,Roxb. ex Hornem.,Thailand
Malvaceae,Hibiscus tiliaceus,L.,Thailand
Malvaceae,Kleinhovia hospita,L.,Thailand
Malvaceae,Kydia calycina,Roxb.,Thailand
Malvaceae,Mansonia gagei,J.R.Drumm.,Thailand
Malvaceae,Melochia umbellata,(Houtt.) Stapf,Thailand
Malvaceae,Microcos fibrocarpa,(Mast.) Burret,Thailand
Malvaceae,Microcos laurifolia,(Hook.f. ex Mast.) Burret,Thailand
Malvaceae,Microcos paniculata,L.,Thailand
Malvaceae,Microcos sinuata,(Wall. ex Mast.) Burret,Thailand
Malvaceae,Microcos stauntoniana,G.Don,Thailand
Malvaceae,Microcos tomentosa,Sm.,Thailand
Malvaceae,Nayariophyton zizyphifolium,(Griff.) D.G.Long & A.G.Mill.,Thailand
Malvaceae,Neesia kostermansiana,Soepadmo,Thailand
Malvaceae,Neesia malayana,Bakh.,Thailand
Malvaceae,Neesia synandra,Mast.,Thailand
Malvaceae,Paradombeya burmanica,Stapf,Thailand
Malvaceae,Pentace burmanica,Kurz,Thailand
Malvaceae,Pentace floribunda,King,Thailand
Malvaceae,Pentace triptera,Mast.,Thailand
Malvaceae,Pterocymbium macranthum,Kosterm,Thailand
Malvaceae,Pterospermum acerifolium,(L.) Willd.,Thailand
Malvaceae,Pterospermum cinnamomeum,Kurz,Thailand
Malvaceae,Pterospermum diversifolium,Blume,Thailand
Malvaceae,Pterospermum grande,Craib,Thailand
Malvaceae,Pterospermum grandiflorum,Craib,Thailand
Malvaceae,Pterospermum grewiifolium,Pierre,Thailand
Malvaceae,Pterospermum jackianum,Wall.,Thailand
Malvaceae,Pterospermum littorale,Craib,Thailand
Malvaceae,Pterospermum pecteniforme,Kosterm.,Thailand
Malvaceae,Pterospermum semisagittatum,Buch.-Ham. ex Roxb.,Thailand
Malvaceae,Pterospermum wilkieanum,Doweld,Thailand
Malvaceae,Pterygota alata,(Roxb.) R.Br.,Thailand
Malvaceae,Reevesia pubescens,Mast.,Thailand
Malvaceae,Scaphium affine,(Mast.) Pierre,Thailand
Malvaceae,Scaphium linearicarpum,(Mast.) Pierre,Thailand
Malvaceae,Scaphium macropodum,(Miq.) Beumée ex K.Heyne,Thailand
Malvaceae,Scaphium scaphigerum,(Wall. ex G.Don) G.Planch.,Thailand
Malvaceae,Schoutenia accrescens,(Mast.) Merr.,Thailand
Malvaceae,Schoutenia curtisii,Roekm,Thailand
Malvaceae,Schoutenia glomerata,King,Thailand
Malvaceae,Schoutenia godefroyana,Baill.,Thailand
Malvaceae,Schoutenia ovata,Korth.,Thailand
Malvaceae,Sterculia balanghas,L.,Thailand
Malvaceae,Sterculia coccinea,Jack,Thailand
Malvaceae,Sterculia foetida,L.,Thailand
Malvaceae,Sterculia guttata,Roxb. ex G.Don,Thailand
Malvaceae,Sterculia hispidissima,Ridl.,Thailand
Malvaceae,Sterculia hypochroa,Pierre,Thailand
Malvaceae,Sterculia hyposticta,Miq.,Thailand
Malvaceae,Sterculia lanceolata,Cav.,Thailand
Malvaceae,Sterculia macrophylla,Vent.,Thailand
Malvaceae,Sterculia monosperma,Vent.,Thailand
Malvaceae,Sterculia pexa,Pierre,Thailand
Malvaceae,Sterculia principis,Gagnep.,Thailand
Malvaceae,Sterculia thorelii,Pierre,Thailand
Malvaceae,Sterculia urens,Roxb.,Thailand
Malvaceae,Sterculia villosa,Roxb. ex Sm.,Thailand
Malvaceae,Thespesia populnea,(L.) Sol. ex Corrêa,Thailand
Melastomataceae,Melastoma imbricatum,Wall. ex Triana,Thailand
Melastomataceae,Memecylon amplexicaule,Roxb.,Thailand
Melastomataceae,Memecylon cantleyi,Ridl.,Thailand
Melastomataceae,Memecylon corticosum,Ridl.,Thailand
Melastomataceae,Memecylon dichotomum,C. B. Clarke ex King,Thailand
Melastomataceae,Memecylon edule,Roxb.,Thailand
Melastomataceae,Memecylon elegans,Kurz,Thailand
Melastomataceae,Memecylon fruticosum,King,Thailand
Melastomataceae,Memecylon garcinioides,Blume,Thailand
Melastomataceae,Memecylon intermedium,Blume,Thailand
Melastomataceae,Memecylon lilacinum,Zoll. & Moritzi,Thailand
Melastomataceae,Memecylon minutiflorum,Miq.,Thailand
Melastomataceae,Memecylon oleifolium,Blume,Thailand
Melastomataceae,Memecylon ovatum,Sm,Thailand
Melastomataceae,Memecylon plebejum,Kurz,Thailand
Melastomataceae,Memecylon pseudomegacarpum,M.Hughes,Thailand
Melastomataceae,Memecylon pubescens,King,Thailand
Melastomataceae,Memecylon scutellatum,(Lour.) Hook. & Arn.,Thailand
Melastomataceae,Memecylon wallichii,Ridl.,Thailand
Melastomataceae,Oxyspora howellii,Jeffrey & W.W. Sm.,Thailand
Melastomataceae,Oxyspora stellulata,King,Thailand
Melastomataceae,Pachycentria constricta,Blume,Thailand
Melastomataceae,Pachycentria varingaefolia,Blume,Thailand
Melastomataceae,Pternandra coerulescens,Jack,Thailand
Melastomataceae,Pternandra echinata,Wall.,Thailand
Meliaceae,Aglaia argentea,Blume,Thailand
Meliaceae,Aglaia chittagonga,Miq.,Thailand
Meliaceae,Aglaia crassinervia,Kurz ex Hiern,Thailand
Meliaceae,Aglaia edulis,(Roxb.) Wall.,Thailand
Meliaceae,Aglaia elaeagnoidea,(A.Juss.) Benth.,Thailand
Meliaceae,Aglaia elliptica,(C.DC.) Blume,Thailand
Meliaceae,Aglaia erythrosperma,Pannell,Thailand
Meliaceae,Aglaia eximia,Miq.,Thailand
Meliaceae,Aglaia exstipulata,(Griff.) W.Theob.,Thailand
Meliaceae,Aglaia forbesii,King,Thailand
Meliaceae,Aglaia grandis,Korth. ex Miq.,Thailand
Meliaceae,Aglaia korthalsii,Miq.,Thailand
Meliaceae,Aglaia lawii,(Wight) C.J.Saldanha,Thailand
Meliaceae,Aglaia leptantha,Miq.,Thailand
Meliaceae,Aglaia leucophylla,King,Thailand
Meliaceae,Aglaia macrocarpa,(Miq.) Pannell,Thailand
Meliaceae,Aglaia odorata,Lour.,Thailand
Meliaceae,Aglaia odoratissima,Blume,Thailand
Meliaceae,Aglaia oligophylla,Miq.,Thailand
Meliaceae,Aglaia pachyphylla,Miq.,Thailand
Meliaceae,Aglaia perviridis,Hiern,Thailand
Meliaceae,Aglaia rufinervis,(Blume) Bentv.,Thailand
Meliaceae,Aglaia sexipetala,Griff.,Thailand
Meliaceae,Aglaia silvestris,(M.Roem.) Merr.,Thailand
Meliaceae,Aglaia simplicifolia,(Bedd.) Harms,Thailand
Meliaceae,Aglaia spectabilis,(Miq.) S.S.Jain & S.Bennet,Thailand
Meliaceae,Aglaia tenuicaulis,Hiern,Thailand
Meliaceae,Aglaia teysmanniana,(Miq.) Miq.,Thailand
Meliaceae,Aphanamixis polystachya,(Wall.) R.Parker,Thailand
Meliaceae,Aphanamixis sumatrana,(Miq.) Harms,Thailand
Meliaceae,Azadirachta indica,A.Juss.,Thailand
Meliaceae,Chisocheton dysoxylifolius,Kurz,Thailand
Meliaceae,Chisocheton grandiflorus,Kurz,Thailand
Meliaceae,Chisocheton macrophyllus,King,Thailand
Meliaceae,Chisocheton patens,Blume,Thailand
Meliaceae,Chisocheton penduliflorus,Planch. ex Hiern,Thailand
Meliaceae,Chisocheton pentandrus,(Blanco) Merr.,Thailand
Meliaceae,Chukrasia tabularis,A.Juss.,Thailand
Meliaceae,Cipadessa baccifera,(Roth) Miq.,Thailand
Meliaceae,Dysoxylum acutangulum,Miq.,Thailand
Meliaceae,Dysoxylum alliaceum,(Blume) Blume,Thailand
Meliaceae,Dysoxylum angustifolium,King,Thailand
Meliaceae,Dysoxylum arborescens,(Blume) Miq.,Thailand
Meliaceae,Dysoxylum cauliflorum,Hiern,Thailand
Meliaceae,Dysoxylum cyrtobotryum,Miq.,Thailand
Meliaceae,Dysoxylum densiflorum,(Blume) Miq.,Thailand
Meliaceae,Dysoxylum excelsum,Blume,Thailand
Meliaceae,Dysoxylum gotadhora,(Buch.-Ham.) Mabb.,Thailand
Meliaceae,Dysoxylum grande,Hiern,Thailand
Meliaceae,Dysoxylum lenticellatum,C.Y.Wu,Thailand
Meliaceae,Dysoxylum macrocarpum,Blume,Thailand
Meliaceae,Dysoxylum pallens,Hiern,Thailand
Meliaceae,Dysoxylum papillosum,King,Thailand
Meliaceae,Dysoxylum rubrocostatum,Pierre,Thailand
Meliaceae,Heynea trijuga,Roxb. ex Sims,Thailand
Meliaceae,Melia azedarach,L.,Thailand
Meliaceae,Munronia pinnata,(Wall.) W.Theob.,Thailand
Meliaceae,Pseudoclausena chrysogyne,(Miq.) T.Clark,Thailand
Meliaceae,Sandoricum beccarianum,Baill.,Thailand
Meliaceae,Toona calantas,Merr. & Rolfe,Thailand
Meliaceae,Toona calcicola,"Rueangr., Tagane & Suddee",Thailand
Meliaceae,Toona ciliata,M.Roem.,Thailand
Meliaceae,Toona sinensis,(Juss.) M.Roem.,Thailand
Meliaceae,Toona sureni,(Blume) Merr.,Thailand
Meliaceae,Turraea pubescens,Hell.,Thailand
Meliaceae,Walsura pinnata,Hassk.,Thailand
Meliaceae,Walsura robusta,Roxb.,Thailand
Meliaceae,Walsura trichostemon,Miq.,Thailand
Meliaceae,Xylocarpus granatum,J.Koenig,Thailand
Meliaceae,Xylocarpus moluccensis,(Lam.) M.Roem.,Thailand
Meliaceae,Xylocarpus rumphii,(Kostel.) Mabb.,Thailand
Menispermaceae,Pachygone laurifolia,(DC.) L.Lian & Wei Wang,Thailand
Metteniusaceae,Apodytes dimidiata,E.Mey. ex Arn.,Thailand
Metteniusaceae,Platea latifolia,Blume,Thailand
Moraceae,Antiaris toxicaria,(J.F.Gmel.) Lesch.,Thailand
Moraceae,Artocarpus calophyllus,Kurz,Thailand
Moraceae,Artocarpus dadah,Miq.,Thailand
Moraceae,Artocarpus elasticus,Reinw. ex Blume,Thailand
Moraceae,Artocarpus gomezianus,Wall. ex Trécul,Thailand
Moraceae,Artocarpus griffithii,(King) Merr.,Thailand
Moraceae,Artocarpus kemando,Miq.,Thailand
Moraceae,Artocarpus lacucha,Roxb. ex Buch.-Ham.,Thailand
Moraceae,Artocarpus lanceifolius,Roxb.,Thailand
Moraceae,Artocarpus montanus,E.M.Gardner & Zerega,Thailand
Moraceae,Artocarpus parvus,Gagnep.,Thailand
Moraceae,Artocarpus rubrosoccatus,"E.M.Gardner, Chaveer. & Zerega",Thailand
Moraceae,Artocarpus thailandicus,C.C.Berg,Thailand
Moraceae,Broussonetia papyrifera,(L.) L'Hér. ex Vent.,Thailand
Moraceae,Ficus abelii,Miq.,Thailand
Moraceae,Ficus albipila,(Miq.) King,Thailand
Moraceae,Ficus alongensis,Gagnep.,Thailand
Moraceae,Ficus altissima,Blume,Thailand
Moraceae,Ficus anastomosans,Wall. ex Kurz,Thailand
Moraceae,Ficus annulata,Blume,Thailand
Moraceae,Ficus anserina,(Corner) C.C.Berg,Thailand
Moraceae,Ficus auriculata,Lour.,Thailand
Moraceae,Ficus benjamina,L.,Thailand
Moraceae,Ficus bracteata,(Miq.) Wall. ex Miq.,Thailand
Moraceae,Ficus calcicola,Corner,Thailand
Moraceae,Ficus callophylla,Blume,Thailand
Moraceae,Ficus callosa,Willd.,Thailand
Moraceae,Ficus capillipes,Gagnep.,Thailand
Moraceae,Ficus caulocarpa,(Miq.) Miq.,Thailand
Moraceae,Ficus chartacea,(Wall. ex Kurz) Wall. ex King,Thailand
Moraceae,Ficus concinna,(Miq.) Miq.,Thailand
Moraceae,Ficus consociata,Blume,Thailand
Moraceae,Ficus crassiramea,(Miq.) Miq.,Thailand
Moraceae,Ficus curtipes,Corner,Thailand
Moraceae,Ficus cuspidata,Reinw. ex Blume,Thailand
Moraceae,Ficus cyrtophylla,(Miq.) Miq.,Thailand
Moraceae,Ficus deltoidea,Jack,Thailand
Moraceae,Ficus depressa,Blume,Thailand
Moraceae,Ficus drupacea,Thunb.,Thailand
Moraceae,Ficus fistulosa,Reinw. ex Blume,Thailand
Moraceae,Ficus fulva,Reinw. ex Blume,Thailand
Moraceae,Ficus gasparriniana,Miq.,Thailand
Moraceae,Ficus geniculata,Kurz,Thailand
Moraceae,Ficus glaberrima,Blume,Thailand
Moraceae,Ficus glandulifera,(Wall. ex Miq.) King,Thailand
Moraceae,Ficus griffithii,(Miq.) Miq.,Thailand
Moraceae,Ficus grossularioides,Burm.f.,Thailand
Moraceae,Ficus heteropleura,Blume,Thailand
Moraceae,Ficus hispida,L.f.,Thailand
Moraceae,Ficus ischnopoda,Miq.,Thailand
Moraceae,Ficus kurzii,King,Thailand
Moraceae,Ficus lamponga,Miq.,Thailand
Moraceae,Ficus lepicarpa,Blume,Thailand
Moraceae,Ficus lindsayana,Beentje,Thailand
Moraceae,Ficus maclellandii,King,Thailand
Moraceae,Ficus macropodocarpa,H.Lév. & Vaniot,Thailand
Moraceae,Ficus microcarpa,L.f.,Thailand
Moraceae,Ficus mollissima,Ridl.,Thailand
Moraceae,Ficus montana,Burm.f.,Thailand
Moraceae,Ficus nervosa,B.Heyne ex Roth,Thailand
Moraceae,Ficus obpyramidata,King,Thailand
Moraceae,Ficus obscura,Blume,Thailand
Moraceae,Ficus oreophila,Ridl.,Thailand
Moraceae,Ficus orthoneura,H.Lév. & Vaniot,Thailand
Moraceae,Ficus parietalis,Blume,Thailand
Moraceae,Ficus pisocarpa,Blume,Thailand
Moraceae,Ficus praetermissa,Corner,Thailand
Moraceae,Ficus pubigera,(Wall. ex Miq.) Brandis,Thailand
Moraceae,Ficus pubilimba,Merr.,Thailand
Moraceae,Ficus pubipetiola,Chantaras.,Thailand
Moraceae,Ficus racemosa,L.,Thailand
Moraceae,Ficus ribes,Reinw. ex Blume,Thailand
Moraceae,Ficus ridleyana,C.C.Berg & Chantaras.,Thailand
Moraceae,Ficus rosulata,C.C.Berg,Thailand
Moraceae,Ficus rumphii,Blume,Thailand
Moraceae,Ficus sagittata,Vahl,Thailand
Moraceae,Ficus saxophila,Blume,Thailand
Moraceae,Ficus scaberrima,Blume,Thailand
Moraceae,Ficus schwarzii,Koord.,Thailand
Moraceae,Ficus semicordata,Buch.-Ham. ex Sm.,Thailand
Moraceae,Ficus simplicissima,Lour.,Thailand
Moraceae,Ficus sinuata,Thunb.,Thailand
Moraceae,Ficus squamosa,Roxb.,Thailand
Moraceae,Ficus subcordata,Blume,Thailand
Moraceae,Ficus subgelderi,Corner,Thailand
Moraceae,Ficus subincisa,Buch.-Ham. ex Sm.,Thailand
Moraceae,Ficus subpisocarpa,Gagnep.,Thailand
Moraceae,Ficus subulata,Blume,Thailand
Moraceae,Ficus sumatrana,Miq.,Thailand
Moraceae,Ficus sundaica,Blume,Thailand
Moraceae,Ficus superba,(Miq.) Miq.,Thailand
Moraceae,Ficus talbotii,King,Thailand
Moraceae,Ficus trichocarpa,Blume,Thailand
Moraceae,Ficus triloba,Buch.-Ham. ex Voigt,Thailand
Moraceae,Ficus uniglandulosa,Wall.,Thailand
Moraceae,Ficus variegata,Blume,Thailand
Moraceae,Ficus vasculosa,Wall. ex Miq.,Thailand
Moraceae,Ficus virens,Aiton,Thailand
Moraceae,Ficus xylophylla,(Miq.) Wall. ex Miq.,Thailand
Moraceae,Hullettia dumosa,King,Thailand
Moraceae,Morus indica,L.,Thailand
Moraceae,Morus macroura,Miq.,Thailand
Moraceae,Parartocarpus venenosa,(Zoll. & Moritzi) Becc.,Thailand
Moraceae,Prainea scandens,King ,Thailand
Moraceae,Pseudostreblus indicus,Bureau,Thailand
Moraceae,Streblus asper,Lour.,Thailand
Moraceae,Taxotrophis ilicifolia,(Kurz) S.Vidal,Thailand
Moraceae,Taxotrophis perakensis,(Corner) E.M.Gardner,Thailand
Moraceae,Taxotrophis taxoides,(B.Heyne ex Roth) Chew ex E.M.Gardner,Thailand
Myricaceae,Morella esculenta,(Buch.-Ham. ex D.Don) I.M.Turner,Thailand
Myristicaceae,Endocomia canarioides,(King) W.J.de Wilde,Thailand
Myristicaceae,Gymnacranthera farquhariana,(Hook.f. & Thomson) Warb.,Thailand
Myristicaceae,Gymnacranthera forbesii,(King) Warb.,Thailand
Myristicaceae,Horsfieldia amygdalina,(Wall.) Warb.,Thailand
Myristicaceae,Horsfieldia brachiata,(King) Warb.,Thailand
Myristicaceae,Horsfieldia kingii,(Hook.f.) Warb.,Thailand
Myristicaceae,Horsfieldia sparsa,W.J.de Wilde,Thailand
Myristicaceae,Horsfieldia tomentosa,Warb.,Thailand
Myristicaceae,Knema andamanica,(Warb.) W.J.de Wilde,Thailand
Myristicaceae,Knema austrosiamensis,W.J.de Wilde,Thailand
Myristicaceae,Knema conica,W.J.de Wilde,Thailand
Myristicaceae,Knema elegans,Warb.,Thailand
Myristicaceae,Knema erratica,(Hook.f. & Thomson) J.Sinclair,Thailand
Myristicaceae,Knema furfuracea,(Hook.f. & Thomson) Warb.,Thailand
Myristicaceae,Knema glauca,(Blume) Warb.,Thailand
Myristicaceae,Knema globularia,(Lam.) Warb.,Thailand
Myristicaceae,Knema globulatericia,W.J.de Wilde,Thailand
Myristicaceae,Knema hookeriana,Warb.,Thailand
Myristicaceae,Knema latericia,Elmer,Thailand
Myristicaceae,Knema laurina,Warb.,Thailand
Myristicaceae,Knema lenta,Warb.,Thailand
Myristicaceae,Knema malayana,Warb.,Thailand
Myristicaceae,Knema pseudolaurina,W.J.de Wilde,Thailand
Myristicaceae,Knema sumatrana,(Blume) W.J.de Wilde,Thailand
Myristicaceae,Knema tenuinervia,W.J. de Wilde,Thailand
Myristicaceae,Myristica cinnamomea,King,Thailand
Myristicaceae,Myristica guatteriifolia,A.DC.,Thailand
Myrtaceae,Baeckea frutescens,L.,Thailand
Myrtaceae,Decaspermum montanum,Ridl.,Thailand
Myrtaceae,Decaspermum parviflorum,(Lam.) A.J.Scott,Thailand
Myrtaceae,Eugenia roxburghii,DC.,Thailand
Myrtaceae,Leptospermum javanicum,Blume,Thailand
Myrtaceae,Melaleuca cajuputi,Maton & Sm. ex R.Powell,Thailand
Myrtaceae,Rhodamnia cinerea,Jack,Thailand
Myrtaceae,Rhodamnia dumetorum,(DC.) Merr. & L.M.Perry,Thailand
Myrtaceae,Syzygium abortivum,(Gagnep.) Merr. & L.M.Perry,Thailand
Myrtaceae,Syzygium acuminatissimum,(Blume) DC.,Thailand
Myrtaceae,Syzygium aksornae,Chantar. & J.Parn.,Thailand
Myrtaceae,Syzygium albiflorum,(Duthie ex Kurz) Bahadur & R.C.Gaur,Thailand
Myrtaceae,Syzygium anacardiifolium,(Craib) Chantar. & J.Parn.,Thailand
Myrtaceae,Syzygium angkae,(Craib) Chantar. & J.Parn.,Thailand
Myrtaceae,Syzygium antisepticum,(Blume) Merr. & L.M.Perry,Thailand
Myrtaceae,Syzygium attopeuense,(Gagnep.) Merr. & L.M.Perry,Thailand
Myrtaceae,Syzygium balsameum,(Wight) Wall. ex Walp.,Thailand
Myrtaceae,Syzygium boisianum,(Gagnep.) Merr. & L.M.Perry,Thailand
Myrtaceae,Syzygium borneense,(Miq.) Miq.,Thailand
Myrtaceae,Syzygium cacuminis,(Craib) Chantar. & J.Parn.,Thailand
Myrtaceae,Syzygium chloranthum,(Duthie) Merr. & L.M.Perry,Thailand
Myrtaceae,Syzygium chloroleucum,(King) Masam.,Thailand
Myrtaceae,Syzygium claviflorum,(Roxb.) Wall. ex A.M.Cowan & Cowan,Thailand
Myrtaceae,Syzygium coarctatum,"(Blume) Byng, N.Snow & Peter G.Wilson",Thailand
Myrtaceae,Syzygium corticosum,(Lour.) Merr. & L.M.Perry,Thailand
Myrtaceae,Syzygium craibii,Chantar. & J.Parn.,Thailand
Myrtaceae,Syzygium cumini,(L.) Skeels,Thailand
Myrtaceae,Syzygium curtisii,(King) Merr. & L.M.Perry,Thailand
Myrtaceae,Syzygium diospyrifolium,(Wall. ex Duthie) S.N.Mitra,Thailand
Myrtaceae,Syzygium duthieanum,(King) Masam.,Thailand
Myrtaceae,Syzygium dyerianum,(King) Chantar. & J.Parn.,Thailand
Myrtaceae,Syzygium fastigiatum,(Blume) Merr. & L.M.Perry,Thailand
Myrtaceae,Syzygium filiforme,Chantar. & J.Parn.,Thailand
Myrtaceae,Syzygium formosum,(Wall.) Mason,Thailand
Myrtaceae,Syzygium foxworthianum,(Ridl.) Merr. & L.M.Perry,Thailand
Myrtaceae,Syzygium fuscescens,(Craib) Chantar. & J.Parn.,Thailand
Myrtaceae,Syzygium glaucum,(King) Chantar. & J.Parn.,Thailand
Myrtaceae,Syzygium globiflorum,(Craib) Chantar. & J.Parn.,Thailand
Myrtaceae,Syzygium grande,(Wight) Walp.,Thailand
Myrtaceae,Syzygium griffithii,(Duthie) Merr. & L.M.Perry,Thailand
Myrtaceae,Syzygium helferi,(Duthie) Chantar. & J.Parn.,Thailand
Myrtaceae,Syzygium hemisphericum,(Wight) Alston,Thailand
Myrtaceae,Syzygium hemsleyanum,(King) Chantar. & J.Parn.,Thailand
Myrtaceae,Syzygium hullettianum,(King) Chantar. & J.Parn.,Thailand
Myrtaceae,Syzygium ixoroides,Chantar. & J.Parn.,Thailand
Myrtaceae,Syzygium jambos,(L.) Alston,Thailand
Myrtaceae,Syzygium jasminifolium,(Ridl.) Chantar. & J.Parn.,Thailand
Myrtaceae,Syzygium kemamanense,(M.R.Hend.) I.M.Turner,Thailand
Myrtaceae,Syzygium kerrii,Chantar. & J.Parn.,Thailand
Myrtaceae,Syzygium khaoyaiense,(Chantar. & J.Parn.) Craven & Biffin,Thailand
Myrtaceae,Syzygium kurzii,(Duthie) N.P.Balakr.,Thailand
Myrtaceae,Syzygium lakshnakarae,Chantar. & J.Parn.,Thailand
Myrtaceae,Syzygium leptostemon,(Korth.) Merr. & L.M.Perry,Thailand
Myrtaceae,Syzygium lineatum,(DC.) Merr. & L.M.Perry,Thailand
Myrtaceae,Syzygium maingayi,Chantar. & J.Parn.,Thailand
Myrtaceae,Syzygium malaccense,(L.) Merr. & L.M.Perry,Thailand
Myrtaceae,Syzygium myrtifolium,Walp.,Thailand
Myrtaceae,Syzygium nervosum,A.Cunn. ex DC.,Thailand
Myrtaceae,Syzygium nigrans,(Gagnep.) Craven & Biffin,Thailand
Myrtaceae,Syzygium nitrasirirakii,Chantar. & J.Parn.,Thailand
Myrtaceae,Syzygium oblatum,(Roxb.) Wall. ex A.M.Cowan & Cowan,Thailand
Myrtaceae,Syzygium pachyphyllum,(Kurz) Merr. & L.M.Perry,Thailand
Myrtaceae,Syzygium pachysarcum,(Gagnep.) Merr. & L.M.Perry,Thailand
Myrtaceae,Syzygium papillosum,(Duthie) Merr. & L.M.Perry,Thailand
Myrtaceae,Syzygium pergamentaceum,(King) Chantar. & J.Parn.,Thailand
Myrtaceae,Syzygium phengklaii,(Chantar. & J.Parn.) Craven & Biffin,Thailand
Myrtaceae,Syzygium polyanthum,(Wight) Walp.,Thailand
Myrtaceae,Syzygium praecox,(Roxb.) Rathakr. & N.C.Nair,Thailand
Myrtaceae,Syzygium prainianum,(King) Chantar. & J.Parn.,Thailand
Myrtaceae,Syzygium putii,Chantar. & J.Parn.,Thailand
Myrtaceae,Syzygium pycnanthum,Merr. & L.M.Perry,Thailand
Myrtaceae,Syzygium pyrifolium,(Blume) DC.,Thailand
Myrtaceae,Syzygium refertum,(Craib) Chantar. & J.Parn.,Thailand
Myrtaceae,Syzygium ridleyi,(King) Chantar. & J.Parn.,Thailand
Myrtaceae,Syzygium rigens,(Craib) Chantar. & J.Parn.,Thailand
Myrtaceae,Syzygium ripicola,(Craib) Merr. & L.M.Perry,Thailand
Myrtaceae,Syzygium samarangense,(Blume) Merr. & L.M.Perry,Thailand
Myrtaceae,Syzygium scortechinii,(King) Chantar. & J.Parn.,Thailand
Myrtaceae,Syzygium syzygioides,(Miq.) Merr. & L.M.Perry,Thailand
Myrtaceae,Syzygium tetragonum,(Wight) Wall. ex Walp.,Thailand
Myrtaceae,Syzygium thorelii,(Gagnep.) Merr. & L.M.Perry,Thailand
Myrtaceae,Syzygium thumra,(Roxb.) Mason,Thailand
Myrtaceae,Syzygium toddalioides,(Wight) Walp.,Thailand
Myrtaceae,Syzygium urophyllum,Merr.,Thailand
Myrtaceae,Syzygium winitii,(Craib) Merr. & L.M.Perry,Thailand
Myrtaceae,Syzygium zimmermannii,(Warb. ex Craib) Merr. & L.M.Perry,Thailand
Myrtaceae,Tristaniopsis burmanica,(Griff.) Peter G.Wilson & J.T.Waterh.,Thailand
Myrtaceae,Tristaniopsis merguensis,(Griff.) Peter G.Wilson & J.T.Waterh.,Thailand
Nyctaginaceae,Ceodes umbellifera,J.R.Forst. & G.Forst.,Thailand
Nyssaceae,Mastixia euonymoides,Prain,Thailand
Nyssaceae,Mastixia pentandra,Blume,Thailand
Nyssaceae,Nyssa bifida,Craib,Thailand
Ochnaceae,Brackenridgea elegantissima,(Wall.) Kanis,Thailand
Ochnaceae,Campylospermum serratum,(Gaertn.) Bittrich & M.C.E.Amaral,Thailand
Ochnaceae,Ochna integerrima,(Lour.) Merr.,Thailand
Olacaceae,Anacolosa frutescens,(Blume) Blume,Thailand
Olacaceae,Anacolosa griffithii,Mast.,Thailand
Olacaceae,Anacolosa ilicoides,Mast.,Thailand
Olacaceae,Erythropalum scandens,Blume,Thailand
Olacaceae,Harmandia mekongensis,Baill.,Thailand
Olacaceae,Olax imbricata,Roxb.,Thailand
Olacaceae,Scorodocarpus borneensis,(Baill.) Becc.,Thailand
Olacaceae,Strombosia javanica,Blume,Thailand
Olacaceae,Ximenia americana,L.,Thailand
Oleaceae,Cartrema scortechinii,(King & Gamble) de Juana,Thailand
Oleaceae,Chionanthus amblirrhinus,P.S.Green,Thailand
Oleaceae,Chionanthus callophyllus,Blume,Thailand
Oleaceae,Chionanthus decipiens,P.S.Green,Thailand
Oleaceae,Chionanthus eriorachis,(Kerr) P.S.Green,Thailand
Oleaceae,Chionanthus mala-elengi,(Dennst.) P.S.Green,Thailand
Oleaceae,Chionanthus maxwellii,P.S.Green,Thailand
Oleaceae,Chionanthus microstigma,(Gagnep.) P.S.Green,Thailand
Oleaceae,Chionanthus parkinsonii,(Hutch.) Bennet & Raizada,Thailand
Oleaceae,Chionanthus ramiflorus,Roxb.,Thailand
Oleaceae,Chionanthus sutepensis,(Kerr) P.S.Green,Thailand
Oleaceae,Chionanthus thorelii,(Gagnep.) P.S.Green,Thailand
Oleaceae,Chionanthus velutinus,(Kerr) P.S.Green,Thailand
Oleaceae,Fraxinus chinensis,Roxb.,Thailand
Oleaceae,Fraxinus floribunda,Wall.,Thailand
Oleaceae,Fraxinus malacophylla,Hemsl.,Thailand
Oleaceae,Ligustrum robustum,(Roxb.) Blume,Thailand
Oleaceae,Olea paniculata,R.Br.,Thailand
Oleaceae,Schrebera swietenioides,Roxb.,Thailand
Oleaceae,Tetrapilus brachiatus,Lour.,Thailand
Oleaceae,Tetrapilus gagnepainii,(Knobl.) de Juana,Thailand
Oleaceae,Tetrapilus roseus,(Craib) L.A.S.Johnson,Thailand
Opiliaceae,Champereia manillana,(Blume) Merr.,Thailand
Opiliaceae,Lepionurus sylvestris,Blume,Thailand
Opiliaceae,Melientha suavis,Pierre,Thailand
Opiliaceae,Urobotrya latisquama,(Gagnep.) Hiepko,Thailand
Opiliaceae,Urobotrya siamensis,Hiepko,Thailand
Pandaceae,Galearia fulva,(Tul.) Miq.,Thailand
Pandaceae,Galearia maingayi,Hook.f.,Thailand
Pandaceae,Microdesmis caseariifolia,Planch. ex Hook.,Thailand
Pandanaceae,Benstonea atrocarpa,(Griff.) Callm. & Buerki,Thailand
Pandanaceae,Benstonea foetida,(Roxb.) Callm. & Buerki,Thailand
Pandanaceae,Benstonea nana,(Martelli) Callm. & Buerki,Thailand
Pandanaceae,Benstonea ornata,(Solms) Callm. & Buerki,Thailand
Pandanaceae,Benstonea toei,(H.St.John) Callm. & Buerki,Thailand
Pandanaceae,Pandanus acaulescens,H.St.John,Thailand
Pandanaceae,Pandanus calcis,H.St.John,Thailand
Pandanaceae,Pandanus capusii,Martelli,Thailand
Pandanaceae,Pandanus furcatus,Roxb.,Thailand
Pandanaceae,Pandanus helicopus,Kurz ex Miq.,Thailand
Pandanaceae,Pandanus houlletii,Carrière,Thailand
Pandanaceae,Pandanus immersus,Ridl.,Thailand
Pandanaceae,Pandanus ligulatus,H.St.John,Thailand
Pandanaceae,Pandanus obconicus,H.St.John,Thailand
Pandanaceae,Pandanus obovatus,H.St.John,Thailand
Pandanaceae,Pandanus odorifer,(Forssk.) Kuntze,Thailand
Pandanaceae,Pandanus penangensis,Ridl.,Thailand
Pandanaceae,Pandanus penetrans,H.St.John,Thailand
Paulowniaceae,Wightia speciosissima,(D. Don) Merr.,Thailand
Pentaphylacaceae,Adinandra coarctata,Craib,Thailand
Pentaphylacaceae,Adinandra oblonga,Craib,Thailand
Pentaphylacaceae,Adinandra sarosanthera,Miq.,Thailand
Pentaphylacaceae,Anneslea fragrans,Wall.,Thailand
Pentaphylacaceae,Eurya acuminata,DC.,Thailand
Pentaphylacaceae,Eurya nitida,Korth.,Thailand
Pentaphylacaceae,Eurya trichocarpa,Korth.,Thailand
Pentaphylacaceae,Ternstroemia gymnanthera,(Wight & Arn.) Bedd.,Thailand
Peraceae,Chaetocarpus castanocarpus,(Roxb.) Thwaites,Thailand
Phyllanthaceae,Actephila excelsa,(Dalzell) Müll.Arg.,Thailand
Phyllanthaceae,Actephila ovalis,(Ridl.) Gage,Thailand
Phyllanthaceae,Actephila subsessilis,Gagnep.,Thailand
Phyllanthaceae,Antidesma acidum,Retz.,Thailand
Phyllanthaceae,Antidesma bunius,(L.) Spreng.,Thailand
Phyllanthaceae,Antidesma forbesii,Pax & K.Hoffm.,Thailand
Phyllanthaceae,Antidesma ghaesembilla,Gaertn.,Thailand
Phyllanthaceae,Antidesma helferi,Hook.f.,Thailand
Phyllanthaceae,Antidesma japonicum,Siebold & Zucc.,Thailand
Phyllanthaceae,Antidesma laurifolium,Airy Shaw,Thailand
Phyllanthaceae,Antidesma leucocladon,Hook.f.,Thailand
Phyllanthaceae,Antidesma leucopodum,Miq.,Thailand
Phyllanthaceae,Antidesma montanum,Blume,Thailand
Phyllanthaceae,Antidesma neurocarpum,Miq.,Thailand
Phyllanthaceae,Antidesma orthogyne,(Hook.f.) Airy Shaw,Thailand
Phyllanthaceae,Antidesma pendulum,Hook.f.,Thailand
Phyllanthaceae,Antidesma puncticulatum,Miq.,Thailand
Phyllanthaceae,Antidesma sootepense,Craib,Thailand
Phyllanthaceae,Antidesma tomentosum,Blume,Thailand
Phyllanthaceae,Antidesma velutinosum,Blume,Thailand
Phyllanthaceae,Antidesma velutinum,Tul.,Thailand
Phyllanthaceae,Antidesma venosum,E.Mey. ex Tul.,Thailand
Phyllanthaceae,Aporosa arborea,(Blume) Müll.Arg.,Thailand
Phyllanthaceae,Aporosa aurea,Hook.f.,Thailand
Phyllanthaceae,Aporosa duthieana,King ex Pax & K.Hoffm.,Thailand
Phyllanthaceae,Aporosa falcifera,Hook.f.,Thailand
Phyllanthaceae,Aporosa ficifolia,Baill.,Thailand
Phyllanthaceae,Aporosa frutescens,Blume,Thailand
Phyllanthaceae,Aporosa globifera,Hook.f.,Thailand
Phyllanthaceae,Aporosa lunata,(Miq.) Kurz,Thailand
Phyllanthaceae,Aporosa microstachya,(Tul.) Müll.Arg.,Thailand
Phyllanthaceae,Aporosa nervosa,Hook.f.,Thailand
Phyllanthaceae,Aporosa octandra,(Buch.-Ham. ex D.Don) Vickery,Thailand
Phyllanthaceae,Aporosa penangensis,(Ridl.) Airy Shaw,Thailand
Phyllanthaceae,Aporosa planchoniana,Baill. ex Müll.Arg.,Thailand
Phyllanthaceae,Aporosa serrata,Gagnep.,Thailand
Phyllanthaceae,Aporosa stellifera,Hook.f.,Thailand
Phyllanthaceae,Aporosa symplocoides,(Hook.f.) Gage,Thailand
Phyllanthaceae,Aporosa villosa,(Lindl.) Baill.,Thailand
Phyllanthaceae,Aporosa wallichii,Hook.f.,Thailand
Phyllanthaceae,Aporosa yunnanensis,(Pax & K.Hoffm.) F.P.Metcalf,Thailand
Phyllanthaceae,Ashtonia praeterita,Airy Shaw,Thailand
Phyllanthaceae,Baccaurea bracteata,Müll.Arg.,Thailand
Phyllanthaceae,Baccaurea brevipes,Hook.f.,Thailand
Phyllanthaceae,Baccaurea lanceolata,(Miq.) Müll.Arg.,Thailand
Phyllanthaceae,Baccaurea macrocarpa,(Miq.) Müll.Arg.,Thailand
Phyllanthaceae,Baccaurea macrophylla,(Müll.Arg.) Müll.Arg.,Thailand
Phyllanthaceae,Baccaurea minor,Hook.f.,Thailand
Phyllanthaceae,Baccaurea motleyana,(Müll.Arg.) Müll.Arg.,Thailand
Phyllanthaceae,Baccaurea parviflora,(Müll.Arg.) Müll.Arg.,Thailand
Phyllanthaceae,Baccaurea ptychopyxis,Airy Shaw,Thailand
Phyllanthaceae,Baccaurea racemosa,(Reinw. ex Blume) Müll.Arg.,Thailand
Phyllanthaceae,Baccaurea ramiflora,Lour.,Thailand
Phyllanthaceae,Baccaurea sumatrana,(Miq.) Müll.Arg.,Thailand
Phyllanthaceae,Bischofia javanica,Blume,Thailand
Phyllanthaceae,Breynia bicolor,(Craib) Chakrab. & N.P.Balakr.,Thailand
Phyllanthaceae,Breynia coronata,Hook.f.,Thailand
Phyllanthaceae,Breynia discigera,Müll.Arg.,Thailand
Phyllanthaceae,Breynia fruticosa,(L.) Müll.Arg.,Thailand
Phyllanthaceae,Breynia garrettii,(Craib) Chakrab. & N.P.Balakr.,Thailand
Phyllanthaceae,Breynia macrantha,(Hassk.) Chakrab. & N.P.Balakr.,Thailand
Phyllanthaceae,Breynia racemosa,(Blume) Müll.Arg.,Thailand
Phyllanthaceae,Breynia retusa,(Dennst.) Alston,Thailand
Phyllanthaceae,Breynia similis,(Craib) Welzen & Pruesapan,Thailand
Phyllanthaceae,Breynia vitis-idaea,(Burm.f.) C.E.C.Fisch.,Thailand
Phyllanthaceae,Bridelia affinis,Craib,Thailand
Phyllanthaceae,Bridelia cinnamomea,Hook.f.,Thailand
Phyllanthaceae,Bridelia curtisii,Hook.f.,Thailand
Phyllanthaceae,Bridelia glauca,Blume,Thailand
Phyllanthaceae,Bridelia insulana,Hance,Thailand
Phyllanthaceae,Bridelia ovata,Decne.,Thailand
Phyllanthaceae,Bridelia retusa,(L.) A.Juss.,Thailand
Phyllanthaceae,Bridelia stipularis,(L.) Blume,Thailand
Phyllanthaceae,Bridelia tomentosa,Blume,Thailand
Phyllanthaceae,Chorisandrachne diplosperma,Airy Shaw,Thailand
Phyllanthaceae,Cleistanthus decurrens,Hook.f.,Thailand
Phyllanthaceae,Cleistanthus denudatus,Airy Shaw,Thailand
Phyllanthaceae,Cleistanthus gracilis,Hook.f.,Thailand
Phyllanthaceae,Cleistanthus helferi,Hook.f.,Thailand
Phyllanthaceae,Cleistanthus hirsutopetalus,Gage,Thailand
Phyllanthaceae,Cleistanthus hirsutulus,Hook.f.,Thailand
Phyllanthaceae,Cleistanthus macrophyllus,Hook.f.,Thailand
Phyllanthaceae,Cleistanthus oblongifolius,(Roxb.) Müll.Arg.,Thailand
Phyllanthaceae,Cleistanthus polyphyllus,F.N.Williams,Thailand
Phyllanthaceae,Cleistanthus praetermissus,Gage,Thailand
Phyllanthaceae,Cleistanthus sumatranus,(Miq.) Müll.Arg.,Thailand
Phyllanthaceae,Cleistanthus tomentosus,Hance,Thailand
Phyllanthaceae,Flueggea gracilis,(Merr.) Petra Hoffm.,Thailand
Phyllanthaceae,Flueggea virosa,(Roxb. ex Willd.) Royle,Thailand
Phyllanthaceae,Glochidion coccineum,(Banks) Müll.Arg.,Thailand
Phyllanthaceae,Glochidion ellipticum,Wight,Thailand
Phyllanthaceae,Glochidion heyneanum,(Wight & Arn.) Wight,Thailand
Phyllanthaceae,Glochidion kerrii,Craib,Thailand
Phyllanthaceae,Glochidion khasicum,(Müll.Arg.) Hook.f.,Thailand
Phyllanthaceae,Glochidion oblatum,Hook.f.,Thailand
Phyllanthaceae,Glochidion roseum,(Craib & Hutch.) R.W.Bouman,Thailand
Phyllanthaceae,Glochidion rubrum,Blume,Thailand
Phyllanthaceae,Glochidion santisukii,Airy Shaw,Thailand
Phyllanthaceae,Glochidion superbum,Baill.,Thailand
Phyllanthaceae,Glochidion triandrum,(Blanco) C.B.Rob.,Thailand
Phyllanthaceae,Glochidion wallichianum,Müll.Arg.,Thailand
Phyllanthaceae,Glochidion zeylanicum,(Gaertn.) A.Juss.,Thailand
Phyllanthaceae,Hymenocardia punctata,Wall. ex Lindl.,Thailand
Phyllanthaceae,Margaritaria indica,(Dalzell) Airy Shaw,Thailand
Phyllanthaceae,Phyllanthus albidiscus,(Ridl.) Airy Shaw,Thailand
Phyllanthaceae,Phyllanthus angkorensis,Beille,Thailand
Phyllanthaceae,Phyllanthus collinsiae,Craib,Thailand
Phyllanthaceae,Phyllanthus columnaris,Müll.Arg.,Thailand
Phyllanthaceae,Phyllanthus daltonii,Müll.Arg.,Thailand
Phyllanthaceae,Phyllanthus emblica,L.,Thailand
Phyllanthaceae,Phyllanthus eriocarpus,(Champ. ex Benth.) Müll.Arg.,Thailand
Phyllanthaceae,Phyllanthus glomerulatus,(Miq.) Müll.Arg.,Thailand
Phyllanthaceae,Phyllanthus lanceolarius,(Roxb.) Müll.Arg.,Thailand
Phyllanthaceae,Phyllanthus littoralis,(Blume) Müll.Arg.,Thailand
Phyllanthaceae,Phyllanthus lutescens,(Blume) Müll.Arg.,Thailand
Phyllanthaceae,Phyllanthus meghalayensis,Chakrab. & N.P.Balakr.,Thailand
Phyllanthaceae,Phyllanthus microcarpus,(Benth.) Müll.Arg.,Thailand
Phyllanthaceae,Phyllanthus mirabilis,Müll.Arg.,Thailand
Phyllanthaceae,Phyllanthus nubigenus,(Hook.f.) Chakrab. & N.P.Balakr.,Thailand
Phyllanthaceae,Phyllanthus obscurus,Roxb. ex Willd.,Thailand
Phyllanthaceae,Phyllanthus oxyphyllus,Miq.,Thailand
Phyllanthaceae,Phyllanthus pachyphyllus,Müll.Arg.,Thailand
Phyllanthaceae,Phyllanthus ridleyanus,Airy Shaw,Thailand
Phyllanthaceae,Phyllanthus sericeus,(Blume) Müll.Arg.,Thailand
Phyllanthaceae,Phyllanthus sikkimensis,Müll.Arg.,Thailand
Phyllanthaceae,Phyllanthus sphaerogynus,Müll.Arg.,Thailand
Phyllanthaceae,Phyllanthus subscandens,(Zoll. & Moritzi) Müll.Arg.,Thailand
Picrodendraceae,Austrobuxus nitidus,Miq.,Thailand
Pinaceae,Pinus latteri,Mason,Thailand
Pittosporaceae,Pittosporum kerrii,W. G. Craib,Thailand
Podocarpaceae,Dacrycarpus imbricatus,(Blume) de Laub.,Thailand
Podocarpaceae,Dacrydium elatum,(Roxb.) Wall. ex Hook.,Thailand
Podocarpaceae,Nageia motleyi,(Parl.) de Laub.,Thailand
Podocarpaceae,Nageia wallichiana,(C.Presl) Kuntze,Thailand
Podocarpaceae,Podocarpus neriifolius,D.Don,Thailand
Podocarpaceae,Podocarpus pilgeri,Foxw.,Thailand
Podocarpaceae,Podocarpus polystachyus,R.Br. ex Endl.,Thailand
Polygalaceae,Polygala arillata,Buch.-Ham. ex D. Don,Thailand
Polygalaceae,Xanthophyllum colubrinum,Gagnep.,Thailand
Polygalaceae,Xanthophyllum ellipticum,Korth. ex Miq.,Thailand
Polygalaceae,Xanthophyllum eurhynchum,Miq.,Thailand
Polygalaceae,Xanthophyllum flavescens,Roxb.,Thailand
Polygalaceae,Xanthophyllum geesinkii,Meijden,Thailand
Polygalaceae,Xanthophyllum geminatum,Meijden,Thailand
Polygalaceae,Xanthophyllum lanceatum,J.J.Sm.,Thailand
Polygalaceae,Xanthophyllum obscurum,A.W.Benn.,Thailand
Polygalaceae,Xanthophyllum punctatum,Meijden,Thailand
Polygalaceae,Xanthophyllum sylvestre,S.Moore,Thailand
Polygalaceae,Xanthophyllum virens,Roxb.,Thailand
Polygalaceae,Xanthophyllum vitellinum,(Blume) D.Dietr.,Thailand
Polygalaceae,Xanthophyllum wrayi,King,Thailand
Primulaceae,Ardisia amherstiana,A.DC.,Thailand
Primulaceae,Ardisia attenuata,Wall. ex A.DC.,Thailand
Primulaceae,Ardisia betongensis,H.R.Fletcher,Thailand
Primulaceae,Ardisia eglandulosa,H.R.Fletcher,Thailand
Primulaceae,Ardisia fulva,King & Gamble,Thailand
Primulaceae,Ardisia ionantha,K.Larsen & C.M.Hu,Thailand
Primulaceae,Ardisia kerrii,Craib,Thailand
Primulaceae,Ardisia labisiifolia,King & Gamble,Thailand
Primulaceae,Ardisia lallaniana,R.Kr.Singh,Thailand
Primulaceae,Ardisia multipunctata,H.R.Fletcher,Thailand
Primulaceae,Ardisia murtonii,H.R.Fletcher,Thailand
Primulaceae,Ardisia nervosa,H.R.Fletcher,Thailand
Primulaceae,Ardisia oxyphylla,Wall. ex A.DC.,Thailand
Primulaceae,Ardisia pachysandra,(Wall.) Mez,Thailand
Primulaceae,Ardisia palustris,K.Larsen & C.M.Hu,Thailand
Primulaceae,Ardisia paralleloneura,K.Larsen & C.M.Hu,Thailand
Primulaceae,Ardisia polycephala,Wall. ex A.DC.,Thailand
Primulaceae,Ardisia polysticta,Miq.,Thailand
Primulaceae,Ardisia puberula,H.R.Fletcher,Thailand
Primulaceae,Ardisia purpurea,Reinw. ex Blume,Thailand
Primulaceae,Ardisia ridleyi,King & Gamble,Thailand
Primulaceae,Ardisia rosea,King & Gamble,Thailand
Primulaceae,Ardisia sumatrana,Miq.,Thailand
Primulaceae,Ardisia tuberculata,Wall. ex A.DC.,Thailand
Primulaceae,Maesa glomerata,K.Larsen & C.M.Hu,Thailand
Primulaceae,Maesa montana,A. DC.,Thailand
Primulaceae,Maesa paniculata,A.DC.,Thailand
Primulaceae,Maesa permollis,Kurz,Thailand
Proteaceae,Helicia attenuata,(Jack) Blume,Thailand
Proteaceae,Helicia cochinchinensis,Lour.,Thailand
Proteaceae,Helicia excelsa,(Roxb.) Blume,Thailand
Proteaceae,Helicia formosana,Hemsl.,Thailand
Proteaceae,Helicia hainanensis,Hayata,Thailand
Proteaceae,Helicia longipetiolata,Merr. & Chun,Thailand
Proteaceae,Helicia nilagirica,Bedd.,Thailand
Proteaceae,Helicia vestita,W.W. Sm.,Thailand
Proteaceae,Heliciopsis terminalis,(Kurz) Sleumer,Thailand
Putranjivaceae,Drypetes assamica,(Hook.f.) Pax & K.Hoffm.,Thailand
Putranjivaceae,Drypetes cambodica,Gagnep.,Thailand
Putranjivaceae,Drypetes curtisii,(Hook.f.) Pax & K.Hoffm.,Thailand
Putranjivaceae,Drypetes dasycarpa,(Airy Shaw) Phuph. & Chayam.,Thailand
Putranjivaceae,Drypetes hainanensis,Merr.,Thailand
Putranjivaceae,Drypetes harmandii,Pierre ex Gagnep.,Thailand
Putranjivaceae,Drypetes helferi,(Hook.f.) Pax & K.Hoffm.,Thailand
Putranjivaceae,Drypetes hoaensis,Gagnep.,Thailand
Putranjivaceae,Drypetes indica,(Müll.Arg.) Pax & K.Hoffm.,Thailand
Putranjivaceae,Drypetes longifolia,(Blume) Pax & K.Hoffm.,Thailand
Putranjivaceae,Drypetes ochrothrix,Airy Shaw,Thailand
Putranjivaceae,Drypetes pendula,Ridl.,Thailand
Putranjivaceae,Drypetes perreticulata,Gagnep.,Thailand
Putranjivaceae,Drypetes subsessilis,(Kurz) Pax & K.Hoffm.,Thailand
Putranjivaceae,Drypetes sumatrana,(Miq.) Pax & K.Hoffm.,Thailand
Putranjivaceae,Drypetes viridis,Airy Shaw,Thailand
Putranjivaceae,Putranjiva roxburghii,Wall.,Thailand
Rhamnaceae,Berchemia floribunda,(Wall.) Brongn.,Thailand
Rhamnaceae,Frangula crenata,(Siebold & Zucc.) Miq.,Thailand
Rhamnaceae,Hovenia dulcis,Thunb.,Thailand
Rhamnaceae,Rhamnus napalensis,(Wall.) M.A.Lawson,Thailand
Rhamnaceae,Rhamnus virgata,Roxb.,Thailand
Rhamnaceae,Scutia myrtina,(Burm.f.) Kurz,Thailand
Rhamnaceae,Ziziphus angustifolia,(Miq.) Hatus. ex Steenis,Thailand
Rhamnaceae,Ziziphus incurva,Roxb.,Thailand
Rhamnaceae,Ziziphus mauritiana,Lam.,Thailand
Rhamnaceae,Ziziphus oenopolia,(L.) Mill.,Thailand
Rhamnaceae,Ziziphus rugosa,Lam.,Thailand
Rhizophoraceae,Bruguiera cylindrica,(L.) Blume,Thailand
Rhizophoraceae,Bruguiera gymnorhiza,(L.) Lam.,Thailand
Rhizophoraceae,Bruguiera parviflora,(Roxb.) Wight & Arn. ex Griff.,Thailand
Rhizophoraceae,Bruguiera sexangula,(Lour.) Poir.,Thailand
Rhizophoraceae,Carallia brachiata,(Lour.) Merr.,Thailand
Rhizophoraceae,Ceriops decandra,(Griff.) W.Theob.,Thailand
Rhizophoraceae,Ceriops tagal,(Perr.) C.B.Rob.,Thailand
Rhizophoraceae,Ceriops zippeliana,Blume,Thailand
Rhizophoraceae,Gynotroches axillaris,Blume,Thailand
Rhizophoraceae,Kandelia candel,(L.) Druce,Thailand
Rhizophoraceae,Pellacalyx parkinsonii,C.E.C.Fisch.,Thailand
Rhizophoraceae,Rhizophora apiculata,Blume,Thailand
Rhizophoraceae,Rhizophora mucronata,Poir.,Thailand
Rhizophoraceae,Rhizophora stylosa,Griff.,Thailand
Rosaceae,Eriobotrya bengalensis,(Roxb.) Kurz,Thailand
Rosaceae,Eriobotrya stipularis,Craib,Thailand
Rosaceae,Lauro-cerasus undulata,(Buch.-Ham. ex D.Don) M.Roem.,Thailand
Rosaceae,Malus indica,(Colebr. ex Wall.) B.B.Liu,Thailand
Rosaceae,Micromeles cuspidata,(Bertol.) C.K.Schneid.,Thailand
Rosaceae,Photinia arguta,Lindl.,Thailand
Rosaceae,Photinia benthamiana,Hance,Thailand
Rosaceae,Photinia glabra,(Thunb.) Maxim.,Thailand
Rosaceae,Photinia integrifolia,Lindl.,Thailand
Rosaceae,Photinia nussia,(Buch.-Ham. ex D.Don) Kalkman,Thailand
Rosaceae,Photinia stenophylla,Hand.-Mazz.,Thailand
Rosaceae,Prunus cerasoides,Buch.-Ham. ex D.Don,Thailand
Rosaceae,Prunus ceylanica,(Wight) Miq.        ,Thailand
Rosaceae,Prunus kaengkrachanensis,"Nagam., Tagane & Suddee",Thailand
Rosaceae,Prunus phaeosticta,(Hance) Maxim.,Thailand
Rosaceae,Prunus undulata,Buch.-Ham. ex D.Don,Thailand
Rosaceae,Pyrus pashia,Buch.-Ham. ex D.Don,Thailand
Rosaceae,Rhaphiolepis indica,(L.) Lindl.,Thailand
Rosaceae,Sorbus corymbifera,(Miq.) T.H.Nguyên & Yakovlev,Thailand
Rosaceae,Stranvaesia oblanceolata,(Rehder & E.H.Wilson) Stapf,Thailand
Rubiaceae,Adina cordifolia,(Roxb.) Brandis,Thailand
Rubiaceae,Adina dissimilis,Craib,Thailand
Rubiaceae,Adina malaccensis,(Ridsdale) Å.Krüger & Löfstrand,Thailand
Rubiaceae,Adina metcalfii,Merr. ex H.L.Li,Thailand
Rubiaceae,Adina trichotoma,(Zoll. & Moritzi) Benth. & Hook.f. ex B.D.Jacks.,Thailand
Rubiaceae,Aidia chantonea,Tirveng.,Thailand
Rubiaceae,Aidia densiflora,(Wall.) Masam.,Thailand
Rubiaceae,Aidia henryi,(E.Pritz.) T.Yamaz.,Thailand
Rubiaceae,Aidia parvifolia,(King & Gamble) K.M.Wong,Thailand
Rubiaceae,Aidia racemosa,(Cav.) Tirveng.,Thailand
Rubiaceae,Aidia yunnanensis,(Hutch.) T.Yamaz.,Thailand
Rubiaceae,Benkara armigera,(K.Schum.) Ridsdale,Thailand
Rubiaceae,Benkara sinensis,(Lour.) Ridsdale,Thailand
Rubiaceae,Brachytome scortechinii,King & Gamble,Thailand
Rubiaceae,Canthium coffeoides,Pierre ex Pit.,Thailand
Rubiaceae,Canthium strychnoides,Craib,Thailand
Rubiaceae,Catunaregam longispina,(Link) Tirveng.,Thailand
Rubiaceae,Catunaregam nutans,(Roxb.) Tirveng.,Thailand
Rubiaceae,Catunaregam oocarpa,(Ridl.) Tirveng.,Thailand
Rubiaceae,Catunaregam spinosa,(Thunb.) Tirveng.,Thailand
Rubiaceae,Cephalanthus tetrandra,(Roxb.) Ridsdale & Bakh.f.,Thailand
Rubiaceae,Ceriscoides campanulata,(Roxb.) Tirveng.,Thailand
Rubiaceae,Ceriscoides kerrii,Azmi,Thailand
Rubiaceae,Ceriscoides mamillata,(Craib) Tirveng.,Thailand
Rubiaceae,Ceriscoides sessiliflora,(Wall. ex C.B.Clarke) Tirveng.,Thailand
Rubiaceae,Ceriscoides turgida,(Roxb.) Tirveng.,Thailand
Rubiaceae,Chassalia curviflora,(Wall.) Thwaites,Thailand
Rubiaceae,Coelospermum truncatum,(Wall.) Baill. ex K.Schum.,Thailand
Rubiaceae,Dibridsonia conferta,(Korth.) K.M.Wong,Thailand
Rubiaceae,Dioecrescis erythroclada,(Kurz) Tirveng.,Thailand
Rubiaceae,Diplospora siamica,Craib,Thailand
Rubiaceae,Discospermum abnorme,(Korth.) S.J.Ali & Robbr.,Thailand
Rubiaceae,Discospermum parvifolium,Kuntze,Thailand
Rubiaceae,Discospermum quocensis,(Pierre ex Pit.) Arriola & A.P.Davis,Thailand
Rubiaceae,Duperrea pavettifolia,(Kurz) Pit.,Thailand
Rubiaceae,Eumachia montana,(Blume) I.M.Turner,Thailand
Rubiaceae,Fosbergia thailandica,Tirveng. & Sastre,Thailand
Rubiaceae,Gaertnera junghuhniana,Miq.,Thailand
Rubiaceae,Gardenia carinata,Wall. ex Roxb.,Thailand
Rubiaceae,Gardenia coronaria,Banks,Thailand
Rubiaceae,Gardenia elata,Ridl.,Thailand
Rubiaceae,Gardenia griffithii,Hook.f.,Thailand
Rubiaceae,Gardenia jasminoides,J.Ellis,Thailand
Rubiaceae,Gardenia obtusifolia,Roxb. ex Hook.f.,Thailand
Rubiaceae,Gardenia sootepensis,Hutch.,Thailand
Rubiaceae,Gardenia thailandica,Tirveng.,Thailand
Rubiaceae,Gardenia truncata,Craib,Thailand
Rubiaceae,Gardenia tubifera,Wall. ex Roxb.,Thailand
Rubiaceae,Gardeniopsis longifolia,Miq.,Thailand
Rubiaceae,Greenea adangensis,Tange,Thailand
Rubiaceae,Greenea commersonii,(Korth.) Tange ex Ruhsam,Thailand
Rubiaceae,Greenea corymbosa,(Jack) Voigt,Thailand
Rubiaceae,Greenea montana,Tange,Thailand
Rubiaceae,Greenea rivularis,Tange,Thailand
Rubiaceae,Guettarda speciosa,L.,Thailand
Rubiaceae,Guettardella atropurpurea,(Craib) M.E.Jansen,Thailand
Rubiaceae,Gynochthodes umbellata,(L.) Razafim. & B.Bremer,Thailand
Rubiaceae,Hymenodictyon orixense,(Roxb.) Mabb.,Thailand
Rubiaceae,Hypobathrum longifolium,(DC.) K.M.Wong,Thailand
Rubiaceae,Hypobathrum racemosum,(Roxb.) Kurz,Thailand
Rubiaceae,Hyptianthera stricta,(Roxb. ex Schult.) Wight & Arn.,Thailand
Rubiaceae,Ixora brunnescens,Kurz,Thailand
Rubiaceae,Ixora brunonis,Wall. ex G.Don,Thailand
Rubiaceae,Ixora cibdela,Craib,Thailand
Rubiaceae,Ixora finlaysoniana,Wall. ex G.Don,Thailand
Rubiaceae,Ixora grandifolia,Zoll. & Moritzi,Thailand
Rubiaceae,Ixora henryi,H.Lév.,Thailand
Rubiaceae,Ixora javanica,(Blume) DC.,Thailand
Rubiaceae,Ixora lobbii,Loudon,Thailand
Rubiaceae,Ixora merguensis,Hook.f.,Thailand
Rubiaceae,Ixora nigricans,R.Br. ex Wight & Arn.,Thailand
Rubiaceae,Ixora pendula,Jack,Thailand
Rubiaceae,Ixora spectabilis,Wall. ex G.Don,Thailand
Rubiaceae,Ixora subsessilis,Wall. ex G.Don,Thailand
Rubiaceae,Ixora umbellata,Valeton,Thailand
Rubiaceae,Kailarsenia campanula,(Ridl.) Tirveng.,Thailand
Rubiaceae,Kailarsenia hygrophila,(Kurz) Tirveng.,Thailand
Rubiaceae,Lasianthus chinensis,(Champ.) Benth.,Thailand
Rubiaceae,Lasianthus hookeri,C.B.Clarke ex Hook.f.,Thailand
Rubiaceae,Lasianthus malaccensis,King & Gamble,Thailand
Rubiaceae,Lasianthus oblongus,King & Gamble,Thailand
Rubiaceae,Lasianthus perakensis,King & Gamble,Thailand
Rubiaceae,Lasianthus pilosus,Wight,Thailand
Rubiaceae,Lasianthus politus,Ridl.,Thailand
Rubiaceae,Luculia gratissima,(Wall.) Sweet,Thailand
Rubiaceae,Meyna grisea,(King & Gamble) Robyns,Thailand
Rubiaceae,Meyna spinosa,Roxb. ex Link,Thailand
Rubiaceae,Mitragyna diversifolia,(Wall. ex G.Don) Havil.,Thailand
Rubiaceae,Mitragyna hirsuta,Havil.,Thailand
Rubiaceae,Mitragyna rotundifolia,(Roxb.) Kuntze,Thailand
Rubiaceae,Mitragyna speciosa,(Korth.) Havil.,Thailand
Rubiaceae,Morinda angustifolia,Roxb.,Thailand
Rubiaceae,Morinda citrifolia,L.,Thailand
Rubiaceae,Morinda coreia,Buch.-Ham.,Thailand
Rubiaceae,Morindopsis capillaris,(Kurz) Kurz,Thailand
Rubiaceae,Mycetia malayana,(G.Don) Craib,Thailand
Rubiaceae,Nauclea officinalis,(Pierre ex Pit.) Merr. & Chun,Thailand
Rubiaceae,Nauclea orientalis,(L.) L.,Thailand
Rubiaceae,Neolamarckia cadamba,(Roxb.) Bosser,Thailand
Rubiaceae,Neonauclea calycina,(Bartl. ex DC.) Merr.,Thailand
Rubiaceae,Neonauclea excelsa,(Blume) Merr.,Thailand
Rubiaceae,Neonauclea pallida,(Reinw. ex Havil.) Bakh.f.,Thailand
Rubiaceae,Neonauclea sessilifolia,(Roxb.) Merr.,Thailand
Rubiaceae,Ochreinauclea maingayi,(Hook.f.) Ridsdale,Thailand
Rubiaceae,Pavetta fruticosa,Craib,Thailand
Rubiaceae,Pavetta graciliflora,Wall. ex Ridl.,Thailand
Rubiaceae,Pavetta kedahica,Bremek.,Thailand
Rubiaceae,Pavetta naucleiflora,R.Br. ex G.Don,Thailand
Rubiaceae,Pavetta salicina,(Ridl.) Bremek.,Thailand
Rubiaceae,Pavetta siamica,Bremek.,Thailand
Rubiaceae,Pavetta sylvatica,Blume,Thailand
Rubiaceae,Pavetta tomentosa,Roxb. ex Sm.,Thailand
Rubiaceae,Pitardella poilanei,Tirveng.,Thailand
Rubiaceae,Porterandia scortechinii,(King & Gamble) Ridl.,Thailand
Rubiaceae,Prismatomeris filamentosa,Craib,Thailand
Rubiaceae,Prismatomeris fragrans,Geddes,Thailand
Rubiaceae,Prismatomeris griffithii,Ridl.,Thailand
Rubiaceae,Prismatomeris tetrandra,(Roxb.) K.Schum.,Thailand
Rubiaceae,Psychotria adenophylla,Wall.,Thailand
Rubiaceae,Psychotria angulata,Korth.,Thailand
Rubiaceae,Psychotria asiatica,L.,Thailand
Rubiaceae,Psychotria malayana,Jack,Thailand
Rubiaceae,Psychotria rhinocerotis,Reinw. ex Blume,Thailand
Rubiaceae,Psychotria rostrata,Blume,Thailand
Rubiaceae,Psychotria symplocifolia,Kurz,Thailand
Rubiaceae,Psydrax dicoccos,Gaertn.,Thailand
Rubiaceae,Psydrax nitidus,(Craib) K.M.Wong,Thailand
Rubiaceae,Psydrax umbellatus,(Wight) Bridson,Thailand
Rubiaceae,Pyrostria brunnescens,(Craib) Utteridge & A.P.Davis,Thailand
Rubiaceae,Pyrostria cochinchinensis,(Pierre ex Pit.) Utteridge & A.P.Davis,Thailand
Rubiaceae,Rennellia elliptica,Korth.,Thailand
Rubiaceae,Rennellia microcephala,(Ridl.) K.M.Wong,Thailand
Rubiaceae,Rennellia morindiformis,(Korth.) Ridl.,Thailand
Rubiaceae,Rennellia speciosa,(Wall. ex Kurz) Hook.f.,Thailand
Rubiaceae,Ridsdalea eucodon,(K.Schum.) J.T.Pereira,Thailand
Rubiaceae,Ridsdalea schoemannii,(Teijsm. & Binn.) J.T.Pereira,Thailand
Rubiaceae,Ridsdalea sootepensis,(Craib) J.T.Pereira,Thailand
Rubiaceae,Ridsdalea thailandica,(Tirveng.) J.T.Pereira,Thailand
Rubiaceae,Ridsdalea uranthera,(C.E.C.Fisch.) K.M.Wong,Thailand
Rubiaceae,Ridsdalea wittii,(Craib) J.T.Pereira,Thailand
Rubiaceae,Schizomussaenda henryi,(Hutch.) X.F.Deng & D.X.Zhang,Thailand
Rubiaceae,Scyphiphora hydrophylacea,C.F.Gaertn.,Thailand
Rubiaceae,Sinoadina racemosa,(Siebold & Zucc.) Ridsdale,Thailand
Rubiaceae,Tamilnadia uliginosa,(Retz.) Tirveng. & Sastre,Thailand
Rubiaceae,Tarenna adangensis,(Ridl.) Ridl.,Thailand
Rubiaceae,Tarenna asiatica,(L.) Kuntze ex K.Schum.,Thailand
Rubiaceae,Tarenna attenuata,(Hook.f.) Hutch.,Thailand
Rubiaceae,Tarenna cinerea,Craib,Thailand
Rubiaceae,Tarenna costata,(Miq.) Merr.,Thailand
Rubiaceae,Tarenna fragrans,(Blume) Koord. & Valeton,Thailand
Rubiaceae,Tarenna harmandiana,Pit.,Thailand
Rubiaceae,Tarenna hirsuta,Craib,Thailand
Rubiaceae,Tarenna hispidula,Craib,Thailand
Rubiaceae,Tarenna hoaensis,Pit.,Thailand
Rubiaceae,Tarenna mussaendoides,(Craib) K.M.Wong,Thailand
Rubiaceae,Tarenna puberula,Craib,Thailand
Rubiaceae,Tarenna pulchra,(Ridl.) Ridl.,Thailand
Rubiaceae,Tarenna quocensis,Pit.,Thailand
Rubiaceae,Tarenna sakae,Craib,Thailand
Rubiaceae,Tarenna stellulata,(Hook.f.) Ridl.,Thailand
Rubiaceae,Tarenna valida,Craib,Thailand
Rubiaceae,Tarennoidea wallichii,(Hook.f.) Tirveng. & Sastre,Thailand
Rubiaceae,Timonius corneri,K.M.Wong,Thailand
Rubiaceae,Timonius flavescens,(Jacq.) Baker,Thailand
Rubiaceae,Urophyllum aequale,Craib,Thailand
Rubiaceae,Urophyllum arboreum,(Reinw. ex Blume) Korth.,Thailand
Rubiaceae,Urophyllum hirsutum,(Wight) Hook.f.,Thailand
Rubiaceae,Urophyllum longifolium,(Wight) Hook.f.,Thailand
Rubiaceae,Urophyllum macrophyllum,(Blume) Korth.,Thailand
Rubiaceae,Urophyllum talangense,Craib,Thailand
Rubiaceae,Vidalasia fusca,(Craib) Tirveng.,Thailand
Rubiaceae,Vidalasia murina,(Craib) Tirveng.,Thailand
Rubiaceae,Vidalasia pubescens,(Tirveng. & Sastre) Tirveng.,Thailand
Rubiaceae,Wendlandia nobilis,Geddes,Thailand
Rubiaceae,Wendlandia paniculata,(Roxb.) DC.,Thailand
Rubiaceae,Wendlandia scabra,Kurz,Thailand
Rubiaceae,Wendlandia ternifolia,Cowan,Thailand
Rubiaceae,Wendlandia tinctoria,(Roxb.) DC.,Thailand
Rutaceae,Acronychia pedunculata,(L.) Miq.,Thailand
Rutaceae,Atalantia monophylla,DC.,Thailand
Rutaceae,Bergera koenigii,L.,Thailand
Rutaceae,Citrus halimii,B.C.Stone,Thailand
Rutaceae,Citrus hystrix,DC.,Thailand
Rutaceae,Citrus lucida,(Scheff.) Mabb.,Thailand
Rutaceae,Citrus maxima,(Burm.) Merr.,Thailand
Rutaceae,Clausena excavata,Burm.f.,Thailand
Rutaceae,Clausena harmandiana,(Pierre) Guillaumin,Thailand
Rutaceae,Clausena heptaphylla,(Roxb.) Wight & Arn.,Thailand
Rutaceae,Clausena lenis,Drake,Thailand
Rutaceae,Clausena wallichii,Oliv.,Thailand
Rutaceae,Glycosmis chlorosperma,(Blume) Spreng.,Thailand
Rutaceae,Glycosmis cochinchinensis,(Lour.) Pierre ex Engl.,Thailand
Rutaceae,Glycosmis cyanocarpa,(Blume) Spreng.,Thailand
Rutaceae,Glycosmis esquirolii,(H.Lév.) Tanaka,Thailand
Rutaceae,Glycosmis mauritiana,(Lam.) Tanaka,Thailand
Rutaceae,Glycosmis pentaphylla,(Retz.) DC.,Thailand
Rutaceae,Glycosmis puberula,Lindl. ex Oliv.,Thailand
Rutaceae,Harrisonia perforata,(Blanco) Merr.,Thailand
Rutaceae,Lunasia amara,Blanco,Thailand
Rutaceae,Maclurodendron porteri,(Hook.f.) T.G.Hartley,Thailand
Rutaceae,Melicope accedens,(Blume) T.G.Hartley,Thailand
Rutaceae,Melicope glomerata,(W.G.Craib) T.G.Hartley,Thailand
Rutaceae,Melicope pteleifolia,(Champ. ex Benth.) T.G.Hartley,Thailand
Rutaceae,Melicope viticina,(Wall. ex Kurtz) T.G.Hartley,Thailand
Rutaceae,Merrillia caloxylon,(Ridl.) Swingle,Thailand
Rutaceae,Micromelum hirsutum,Oliv.,Thailand
Rutaceae,Micromelum integerrimum,(Roxb. ex DC.) Wight & Arn. ex M.Roem.,Thailand
Rutaceae,Micromelum minutum,(G.Forst.) Wight & Arn.,Thailand
Rutaceae,Murraya paniculata,(L.) Jack,Thailand
Rutaceae,Naringi crenulata,(Roxb.) Nicolson,Thailand
Rutaceae,Skimmia arborescens,T. Anderson ex Gamble,Thailand
Rutaceae,Tetradium fraxinifolium,(Hook.f.) T.G.Hartley,Thailand
Rutaceae,Tetradium glabrifolium,(Champ. ex Benth.) T.G.Hartley,Thailand
Rutaceae,Tetradium trichotomum,Lour.,Thailand
Rutaceae,Zanthoxylum acanthopodium,DC.,Thailand
Rutaceae,Zanthoxylum armatum,DC.,Thailand
Rutaceae,Zanthoxylum avicennae,(Lam.) DC.,Thailand
Rutaceae,Zanthoxylum dimorphophyllum,Hemsl.,Thailand
Rutaceae,Zanthoxylum nitidum,(Roxb.) DC.,Thailand
Rutaceae,Zanthoxylum rhetsa,(Roxb.) DC.,Thailand
Sabiaceae,Meliosma arnottiana,(Wight) Walp.,Thailand
Sabiaceae,Meliosma dumicola,W.W.Sm.,Thailand
Sabiaceae,Meliosma fordii,Hemsl.,Thailand
Sabiaceae,Meliosma lanceolata,Blume,Thailand
Sabiaceae,Meliosma simplicifolia,(Roxb.) Walp.,Thailand
Salicaceae,Bennettiodendron leprosipes,(Clos) Merr.,Thailand
Salicaceae,Casearia calva,Craib,Thailand
Salicaceae,Casearia flexuosa,Craib,Thailand
Salicaceae,Casearia gallifera,Tathana,Thailand
Salicaceae,Casearia graveolens,Dalzell,Thailand
Salicaceae,Casearia grewiifolia,Vent.,Thailand
Salicaceae,Casearia parvistipula,Tathana,Thailand
Salicaceae,Casearia pseudoglomerata,Sleumer,Thailand
Salicaceae,Casearia tuberculata,Blume,Thailand
Salicaceae,Casearia velutina,Blume,Thailand
Salicaceae,Flacourtia indica,(Burm.f.) Merr.,Thailand
Salicaceae,Flacourtia rukam,Zoll. & Moritzi,Thailand
Salicaceae,Homalium caryophyllaceum,(Zoll. & Moritzi) Benth.,Thailand
Salicaceae,Homalium ceylanicum,(Gardner) Benth.,Thailand
Salicaceae,Homalium cochinchinense,(Lour.) Druce,Thailand
Salicaceae,Homalium dasyanthum,(Turcz.) W.Theob.,Thailand
Salicaceae,Homalium dictyoneurum,(Hance) Warb.,Thailand
Salicaceae,Homalium grandiflorum,Benth.,Thailand
Salicaceae,Homalium longifolium,Benth.,Thailand
Salicaceae,Homalium peninsulare,Sleumer,Thailand
Salicaceae,Homalium tomentosum,(Vent.) Benth.,Thailand
Salicaceae,Osmelia maingayi,King,Thailand
Salicaceae,Salix tetrasperma,Roxb.,Thailand
Salicaceae,Scolopia buxifolia,Gagnep.,Thailand
Salicaceae,Scolopia chinensis,(Lour.) Clos,Thailand
Salicaceae,Scolopia lucida,Wall. ex Kurz,Thailand
Salicaceae,Scolopia macrophylla,(Wight & Arn.) Clos,Thailand
Salicaceae,Scolopia spinosa,(Roxb.) Warb.,Thailand
Salicaceae,Xylosma longifolia,Clos,Thailand
Santalaceae,Osyris lanceolata,Hochst. & Steud.,Thailand
Santalaceae,Scleropyrum maingayi,Hook.f.,Thailand
Santalaceae,Scleropyrum pentandrum,(Dennst.) Mabb.,Thailand
Sapindaceae,Acer calcaratum,Gagnep.,Thailand
Sapindaceae,Acer chiangdaoense,Santisuk,Thailand
Sapindaceae,Acer laurinum,Hassk.,Thailand
Sapindaceae,Acer oblongum,Wall. ex DC.,Thailand
Sapindaceae,Acer pinnatinervium,Merr.,Thailand
Sapindaceae,Acer pseudowilsonii,Y.S.Chen,Thailand
Sapindaceae,Acer thomsonii,Miq.,Thailand
Sapindaceae,Acer tonkinense,Lecomte,Thailand
Sapindaceae,Aesculus assamica,Griff.,Thailand
Sapindaceae,Allophylus eustachys,Radlk.,Thailand
Sapindaceae,Allophylus hirsutus,Radlk.,Thailand
Sapindaceae,Allophylus montanus,F.N.Williams,Thailand
Sapindaceae,Allophylus pallidus,Radlk.,Thailand
Sapindaceae,Allophylus sootepensis,Craib,Thailand
Sapindaceae,Allophylus spectabilis,Gilg,Thailand
Sapindaceae,Arfeuillea arborescens,Pierre ex Radlk.,Thailand
Sapindaceae,Arytera litoralis,Blume,Thailand
Sapindaceae,Dimocarpus fumatus,(Blume) Leenh.,Thailand
Sapindaceae,Dodonaea viscosa,(L.) Jacq.,Thailand
Sapindaceae,Glenniea philippinensis,(Radlk.) Leenh.,Thailand
Sapindaceae,Guioa bijuga,(Hiern) Radlk.,Thailand
Sapindaceae,Guioa diplopetala,(Hassk.) Radlk.,Thailand
Sapindaceae,Guioa pleuropteris,(Blume) Radlk.,Thailand
Sapindaceae,Harpullia arborea,(Blanco) Radlk.,Thailand
Sapindaceae,Harpullia cupanioides,Roxb.,Thailand
Sapindaceae,Lepisanthes fruticosa,(Roxb.) Leenh.,Thailand
Sapindaceae,Lepisanthes rubiginosa,(Roxb.) Leenh.,Thailand
Sapindaceae,Lepisanthes tetraphylla,(Vahl) Radlk.,Thailand
Sapindaceae,Mischocarpus pentapetalus,(Roxb.) Radlk.,Thailand
Sapindaceae,Mischocarpus sundaicus,Blume,Thailand
Sapindaceae,Nephelium cuspidatum,Blume,Thailand
Sapindaceae,Nephelium hypoleucum,Kurz,Thailand
Sapindaceae,Nephelium lappaceum,L.,Thailand
Sapindaceae,Nephelium laurinum,Blume,Thailand
Sapindaceae,Nephelium melliferum,Gagnep.,Thailand
Sapindaceae,Paranephelium macrophyllum,King,Thailand
Sapindaceae,Paranephelium spirei,Lecomte,Thailand
Sapindaceae,Paranephelium xestophyllum,Miq.,Thailand
Sapindaceae,Pometia pinnata,J.R.Forst. & G.Forst.,Thailand
Sapindaceae,Sapindus mukorossi,Gaertn.,Thailand
Sapindaceae,Sapindus rarak,DC.,Thailand
Sapindaceae,Schleichera oleosa,(Lour.) Oken,Thailand
Sapindaceae,Sisyrolepis muricata,(Pierre) Leenh.,Thailand
Sapindaceae,Zollingeria dongnaiensis,Pierre,Thailand
Sapotaceae,Diploknema siamensis,H.R.Fletcher,Thailand
Sapotaceae,Donella lanceolata,(Blume) Aubrév.,Thailand
Sapotaceae,Madhuca chai-ananiae,Chantar.,Thailand
Sapotaceae,Madhuca chiangmaiensis,Chantar.,Thailand
Sapotaceae,Madhuca dongnaiensis,(Pierre) Baehni,Thailand
Sapotaceae,Madhuca esculenta,Fletcher,Thailand
Sapotaceae,Madhuca floribunda,(Pierre ex Dubard) H.J.Lam,Thailand
Sapotaceae,Madhuca klackenbergii,Chantar.,Thailand
Sapotaceae,Madhuca krabiensis,(Aubrév.) Chantar.,Thailand
Sapotaceae,Madhuca laurifolia,(King & Gamble) H.J.Lam,Thailand
Sapotaceae,Madhuca malaccensis,(C.B.Clarke) H.J.Lam,Thailand
Sapotaceae,Madhuca motleyana,(de Vriese) J.F.Macbr.,Thailand
Sapotaceae,Madhuca pierrei,(F.N.Williams) H.J.Lam,Thailand
Sapotaceae,Madhuca punctata,H.R.Fletcher,Thailand
Sapotaceae,Madhuca smitinandii,Chantar.,Thailand
Sapotaceae,Madhuca stipulacea,H.R.Fletcher,Thailand
Sapotaceae,Madhuca takensis,Aubrév.,Thailand
Sapotaceae,Madhuca thorelii,(Pierre ex Dubard) H.J.Lam,Thailand
Sapotaceae,Manilkara hexandra,(Roxb.) Dubard,Thailand
Sapotaceae,Manilkara kauki,(L.) Dubard,Thailand
Sapotaceae,Manilkara littoralis,(Kurz) Dubard,Thailand
Sapotaceae,Mimusops elengi,L.,Thailand
Sapotaceae,Palaquium garrettii,H.R.Fletcher,Thailand
Sapotaceae,Palaquium hansenii,Chantar.,Thailand
Sapotaceae,Palaquium impressionervium,Ng,Thailand
Sapotaceae,Palaquium maingayi,(C.B.Clarke) Engl.,Thailand
Sapotaceae,Palaquium obovatum,(Griff.) Engl.,Thailand
Sapotaceae,Palaquium ottolanderi,Koord. & Valeton,Thailand
Sapotaceae,Palaquium rostratum,(Miq.) Burck,Thailand
Sapotaceae,Palaquium sukoei,C.E.C.Fisch.,Thailand
Sapotaceae,Palaquium sumatranum,Burck,Thailand
Sapotaceae,Payena acuminata,(Blume) Pierre,Thailand
Sapotaceae,Payena asiatica,Chantar.,Thailand
Sapotaceae,Payena lucida,A.DC.,Thailand
Sapotaceae,Planchonella grandifolia,(Wall.) Pierre,Thailand
Sapotaceae,Planchonella malaccensis,(C.B.Clarke) Swenson,Thailand
Sapotaceae,Planchonella obovata,(R.Br.) Pierre,Thailand
Sapotaceae,Planchonella stellibacca,(J.F.Maxwell) Swenson,Thailand
Sapotaceae,Pleioluma firma,(Miq.) Swenson,Thailand
Sapotaceae,Sarcosperma arboreum,Hook.f.,Thailand
Sapotaceae,Sarcosperma griffithii,Hook.f. ex C.B.Clarke,Thailand
Sapotaceae,Xantolis burmanica,(Collett & Hemsl.) P.Royen,Thailand
Sapotaceae,Xantolis cambodiana,(Pierre ex Dubard) P.Royen,Thailand
Sapotaceae,Xantolis siamensis,(H.R.Fletcher) P.Royen,Thailand
Schisandraceae,Illicium peninsulare,A.C.Sm.,Thailand
Schisandraceae,Illicium tenuifolium,(Ridl.) A.C.Sm.,Thailand
Schoepfiaceae,Schoepfia fragrans,Wall.,Thailand
Schoepfiaceae,Schoepfia jasminodora,Siebold & Zucc.,Thailand
Scrophulariaceae,Buddleja asiatica,Lour.,Thailand
Scrophulariaceae,Buddleja macrostachya,Benth.,Thailand
Simaroubaceae,Ailanthus triphysa,(Dennst.) Alston,Thailand
Simaroubaceae,Brucea mollis,Wall. ex Kurz,Thailand
Simaroubaceae,Eurycoma harmandiana,Pierre,Thailand
Simaroubaceae,Eurycoma longifolia,Jack,Thailand
Simaroubaceae,Picrasma javanica,Blume,Thailand
Simaroubaceae,Quassia harmandiana,(Pierre ex Laness.) Noot.,Thailand
Simaroubaceae,Samadera harmandiana,Pierre ex Laness.,Thailand
Sladeniaceae,Sladenia celastrifolia,Kurz,Thailand
Staphyleaceae,Turpinia cochinchinensis,(Lour.) Merr.,Thailand
Staphyleaceae,Turpinia montana,(Blume) Kurz,Thailand
Staphyleaceae,Turpinia robusta,W. G. Craib,Thailand
Stemonuraceae,Gomphandra quadrifida,(Blume) Sleumer,Thailand
Stemonuraceae,Gomphandra tetrandra,(Wall.) Sleumer,Thailand
Stemonuraceae,Medusanthera gracilis,(King) Sleumer,Thailand
Stemonuraceae,Stemonurus malaccensis,(Mast.) Sleumer,Thailand
Styracaceae,Alniphyllum eberhardtii,Guillaumin,Thailand
Styracaceae,Huodendron biaristatum,(W.W. Sm.) Rehder,Thailand
Styracaceae,Styrax apricus,H.R.Fletcher,Thailand
Styracaceae,Styrax benzoides,W. G. Craib,Thailand
Styracaceae,Styrax benzoin,Dryand.,Thailand
Styracaceae,Styrax porterianus,Wall. ex G.Don,Thailand
Styracaceae,Styrax serrulatus,Roxb.,Thailand
Styracaceae,Styrax tonkinensis,Craib ex Hartwich,Thailand
Symplocaceae,Symplocos acuminata,(Blume) Miq.,Thailand
Symplocaceae,Symplocos adenophylla,Wall. ex G. Don,Thailand
Symplocaceae,Symplocos anomala,Brand,Thailand
Symplocaceae,Symplocos barringtoniifolia,Brand,Thailand
Symplocaceae,Symplocos celastrifolia,Griff. ex C.B.Clarke,Thailand
Symplocaceae,Symplocos cerasifolia,Wall.,Thailand
Symplocaceae,Symplocos cochinchinensis,(Lour.) S.Moore,Thailand
Symplocaceae,Symplocos crassipes,C.B.Clarke,Thailand
Symplocaceae,Symplocos dryophila,C.B. Clarke,Thailand
Symplocaceae,Symplocos fasciculata,Zoll.,Thailand
Symplocaceae,Symplocos glauca,(Thunb.) Koidz.,Thailand
Symplocaceae,Symplocos henschelii,(Moritzi) Benth. ex C.B.Clarke,Thailand
Symplocaceae,Symplocos hookeri,C.B. Clarke,Thailand
Symplocaceae,Symplocos longifolia,H.R.Fletcher,Thailand
Symplocaceae,Symplocos lucida,(Thunb.) Siebold & Zucc.,Thailand
Symplocaceae,Symplocos macrophylla,Wall.,Thailand
Symplocaceae,Symplocos megalocarpa,H.R.Fletcher,Thailand
Symplocaceae,Symplocos racemosa,Roxb.,Thailand
Symplocaceae,Symplocos sumuntia,Buch.-Ham. ex D.Don,Thailand
Taxaceae,Cephalotaxus mannii,Hook.f.,Thailand
Tetramelaceae,Tetrameles nudiflora,R.Br.,Thailand
Theaceae,Camellia confusa,W. G. Craib,Thailand
Theaceae,Camellia connata,(Craib) Craib,Thailand
Theaceae,Camellia kissii,Wall.,Thailand
Theaceae,Camellia pleurocarpa,(Gagnep.) Sealy,Thailand
Theaceae,Camellia taliensis,(W.W.Sm.) Melch.,Thailand
Theaceae,Polyspora dalglieshiana,"(Craib) Orel, Peter G.Wilson, Curry & Luu",Thailand
Theaceae,Polyspora longicarpa,(Hung T.Chang) C.X.Ye ex S.X.Yang,Thailand
Theaceae,Pyrenaria diospyricarpa,Kurz,Thailand
Theaceae,Schima crenata,Korth.,Thailand
Theaceae,Schima noronhae,Reinw. ex Blume,Thailand
Theaceae,Schima wallichii,(DC.) Korth.,Thailand
Thymelaeaceae,Aquilaria crassna,Pierre ex Lecomte,Thailand
Thymelaeaceae,Aquilaria malaccensis,Lam.,Thailand
Thymelaeaceae,Eriosolena composita,(L.f.) Merr.,Thailand
Thymelaeaceae,Gonystylus confusus,Airy Shaw,Thailand
Thymelaeaceae,Gyrinops vidalii,P.H.Hô,Thailand
Thymelaeaceae,Wikstroemia androsaemifolia,Decne.,Thailand
Torricelliaceae,Aralidium pinnatifidum,(Jungh. & de Vriese) Miq.,Thailand
Ulmaceae,Holoptelea integrifolia,(Roxb.) Planch.,Thailand
Ulmaceae,Ulmus lanceifolia,Roxb. ex Wall.,Thailand
Urticaceae,Boehmeria depauperata,Wedd.,Thailand
Urticaceae,Boehmeria pilosiuscula,(Blume) Hassk.,Thailand
Urticaceae,Boehmeria siamensis,Craib,Thailand
Urticaceae,Boehmeria zollingeriana,Wedd.,Thailand
Urticaceae,Debregeasia longifolia,(Burm.f.) Wedd.,Thailand
Urticaceae,Debregeasia squamata,King ex Hook.f.,Thailand
Urticaceae,Debregeasia wallichiana,(Wedd.) Wedd.,Thailand
Urticaceae,Dendrocnide basirotunda,(C.Y.Wu) Chew,Thailand
Urticaceae,Dendrocnide sinuata,(Blume) Chew,Thailand
Urticaceae,Dendrocnide stimulans,(L.f.) Chew,Thailand
Urticaceae,Oreocnide frutescens,(Thunb.) Miq.,Thailand
Urticaceae,Oreocnide integrifolia,(Gaudich.) Miq.,Thailand
Urticaceae,Oreocnide rubescens,(Blume) Miq.,Thailand
Urticaceae,Sarcochlamys pulcherrima,(Roxb.) Gaudich.,Thailand
Viburnaceae,Sambucus javanica,Blume,Thailand
Viburnaceae,Viburnum cylindricum,Buch.-Ham. ex D.Don,Thailand
Viburnaceae,Viburnum inopinatum,W. G. Craib,Thailand
Viburnaceae,Viburnum odoratissimum,Ker Gawl.,Thailand
Viburnaceae,Viburnum punctatum,Buch.-Ham. ex D. Don,Thailand
Viburnaceae,Viburnum sambucinum,Reinw. ex Blume,Thailand
Violaceae,Rinorea anguifera,(Lour.) Kuntze,Thailand
Violaceae,Rinorea bengalensis,(Wall.) Kuntze,Thailand
Violaceae,Rinorea horneri,(Korth.) Kuntze,Thailand
Violaceae,Rinorea javanica,Kuntze,Thailand
Violaceae,Rinorea lanceolata,Kuntze,Thailand
Violaceae,Rinorea longiracemosa,(Kurz) W. G. Craib,Thailand
Violaceae,Rinorea scorpioidea,(Boissieu) Gagnep.,Thailand
Vitaceae,Leea aequata,L.,Thailand
Vitaceae,Leea angulata,Korth. ex Miq.,Thailand
Vitaceae,Leea asiatica,(L.) Ridsdale,Thailand
Vitaceae,Leea indica,(Burm.f.) Merr.,Thailand
Vitaceae,Leea macrophylla,Roxb. ex Hornem.,Thailand
Vitaceae,Leea setuligera,C.B. Clarke,Thailand
