family,taxon,author,native to
Acanthaceae,Anisotes pubinervius,(T.Anderson) Heine,United Republic of Tanzania
Acanthaceae,Avicennia marina,(Forssk.) Vierh.,United Republic of Tanzania
Acanthaceae,Barleria mirabilis,I.Darbysh. & Q.Luke,United Republic of Tanzania
Acanthaceae,Mimulopsis arborescens,C.B.Clarke,United Republic of Tanzania
Acanthaceae,Sclerochiton glandulosissimus,Vollesen,United Republic of Tanzania
Acanthaceae,Sclerochiton insignis,(Mildbr.) Vollesen,United Republic of Tanzania
Acanthaceae,Sclerochiton obtusisepalus,C.B.Clarke,United Republic of Tanzania
Acanthaceae,Sclerochiton tanzaniensis,Vollesen,United Republic of Tanzania
Acanthaceae,Sclerochiton uluguruensis,Vollesen,United Republic of Tanzania
Achariaceae,Caloncoba welwitschii,(Oliv.) Gilg,United Republic of Tanzania
Achariaceae,Dasylepis integra,Warb.,United Republic of Tanzania
Achariaceae,Grandidiera boivinii,Jaub.,United Republic of Tanzania
Achariaceae,Kiggelaria africana,L.,United Republic of Tanzania
Achariaceae,Lindackeria bukobensis,Gilg,United Republic of Tanzania
Achariaceae,Lindackeria fragrans,(Gilg) Gilg,United Republic of Tanzania
Achariaceae,Lindackeria schweinfurthii,Gilg,United Republic of Tanzania
Achariaceae,Peterodendron ovatum,(Sleumer) Sleumer,United Republic of Tanzania
Achariaceae,Rawsonia lucida,Harv. & Sond.,United Republic of Tanzania
Achariaceae,Xylotheca tettensis,(Klotzsch) Gilg,United Republic of Tanzania
Amaryllidaceae,Cryptostephanus haemanthoides,Pax,United Republic of Tanzania
Anacardiaceae,Lannea alata,(Engl.) Engl.,United Republic of Tanzania
Anacardiaceae,Lannea antiscorbutica,(Hiern) Engl.,United Republic of Tanzania
Anacardiaceae,Lannea asymmetrica,R.E.Fr.,United Republic of Tanzania
Anacardiaceae,Lannea cotoneaster,(Chiov.) Sacleux,United Republic of Tanzania
Anacardiaceae,Lannea fulva,(Engl.) Engl.,United Republic of Tanzania
Anacardiaceae,Lannea humilis,(Oliv.) Engl.,United Republic of Tanzania
Anacardiaceae,Lannea rivae,(Chiov.) Sacleux,United Republic of Tanzania
Anacardiaceae,Lannea schimperi,(Hochst. ex A.Rich.) Engl.,United Republic of Tanzania
Anacardiaceae,Lannea schweinfurthii,Engl.,United Republic of Tanzania
Anacardiaceae,Lannea triphylla,(Hochst. ex A.Rich.) Engl.,United Republic of Tanzania
Anacardiaceae,Lannea welwitschii,(Hiern) Engl.,United Republic of Tanzania
Anacardiaceae,Ozoroa insignis,Delile,United Republic of Tanzania
Anacardiaceae,Ozoroa kassneri,(Engl. & Brehmer) R.Fern. & A.Fern.,United Republic of Tanzania
Anacardiaceae,Ozoroa obovata,(Oliv.) R.Fern. & A.Fern.,United Republic of Tanzania
Anacardiaceae,Pistacia aethiopica,Kokwaro,United Republic of Tanzania
Anacardiaceae,Pseudospondias microcarpa,(A.Rich.) Engl.,United Republic of Tanzania
Anacardiaceae,Sclerocarya birrea,(A.Rich.) Hochst.,United Republic of Tanzania
Anacardiaceae,Searsia anchietae,(Ficalho & Hiern) Moffett,United Republic of Tanzania
Anacardiaceae,Searsia brenanii,(Kokwaro) Moffett,United Republic of Tanzania
Anacardiaceae,Searsia crenulata,(A.Rich.) Moffett,United Republic of Tanzania
Anacardiaceae,Searsia longipes,(Engl.) Moffett,United Republic of Tanzania
Anacardiaceae,Searsia natalensis,(Bernh. ex C.Krauss) F.A.Barkley,United Republic of Tanzania
Anacardiaceae,Searsia pyroides,(Burch.) Moffett,United Republic of Tanzania
Anacardiaceae,Searsia quartiniana,(A.Rich.) A.J.Mill.,United Republic of Tanzania
Anacardiaceae,Searsia tenuinervis,(Engl.) Moffett,United Republic of Tanzania
Anacardiaceae,Sorindeia calantha,Mildbr.,United Republic of Tanzania
Anacardiaceae,Sorindeia juglandifolia,(A.Rich.) Planch. ex Oliv.,United Republic of Tanzania
Anacardiaceae,Sorindeia madagascariensis,Thouars ex DC.,United Republic of Tanzania
Anacardiaceae,Sorindeia winkleri,Engl.,United Republic of Tanzania
Anacardiaceae,Trichoscypha lucens,Oliv.,United Republic of Tanzania
Anacardiaceae,Trichoscypha ulugurensis,Mildbr.,United Republic of Tanzania
Anisophylleaceae,Anisophyllea boehmii,Engl.,United Republic of Tanzania
Anisophylleaceae,Anisophyllea obtusifolia,Engl. & Brehmer,United Republic of Tanzania
Anisophylleaceae,Anisophyllea pomifera,Engl. & Brehmer,United Republic of Tanzania
Annonaceae,Annickia kummeriae,(Engl. & Diels) Setten & Maas,United Republic of Tanzania
Annonaceae,Annona senegalensis,Pers.,United Republic of Tanzania
Annonaceae,Anonidium usambarense,R.E.Fr.,United Republic of Tanzania
Annonaceae,Artabotrys brachypetalus,Benth.,United Republic of Tanzania
Annonaceae,Artabotrys monteiroae,Oliv.,United Republic of Tanzania
Annonaceae,Asteranthe asterias,(S.Moore) Engl. & Diels,United Republic of Tanzania
Annonaceae,Asteranthe lutea,Vollesen,United Republic of Tanzania
Annonaceae,Cleistochlamys kirkii,(Benth.) Oliv.,United Republic of Tanzania
Annonaceae,Dielsiothamnus divaricatus,(Diels) R.E.Fr.,United Republic of Tanzania
Annonaceae,Greenwayodendron usambaricum,"(Verdc.) Lissambou, Hardy & Couvreur",United Republic of Tanzania
Annonaceae,Hexalobus monopetalus,(A.Rich.) Engl. & Diels,United Republic of Tanzania
Annonaceae,Huberantha tanganyikensis,(Vollesen) Chaowasku,United Republic of Tanzania
Annonaceae,Huberantha verdcourtii,(Vollesen) Chaowasku,United Republic of Tanzania
Annonaceae,Isolona cauliflora,Verdc.,United Republic of Tanzania
Annonaceae,Isolona heinsenii,Engl.,United Republic of Tanzania
Annonaceae,Isolona hexaloba,(Pierre) Engl. & Diels,United Republic of Tanzania
Annonaceae,Isolona linearis,Couvreur,United Republic of Tanzania
Annonaceae,Lettowianthus stellatus,Diels,United Republic of Tanzania
Annonaceae,Lukea triciae,Cheek & Gosline,United Republic of Tanzania
Annonaceae,Mischogyne iddii,Gosline & A.R.Marshall,United Republic of Tanzania
Annonaceae,Mkilua fragrans,Verdc.,United Republic of Tanzania
Annonaceae,Monanthotaxis buchananii,(Engl.) Verdc.,United Republic of Tanzania
Annonaceae,Monanthotaxis ferruginea,(Oliv.) Verdc.,United Republic of Tanzania
Annonaceae,Monanthotaxis fornicata,(Baill.) Verdc.,United Republic of Tanzania
Annonaceae,Monanthotaxis obovata,(Benth.) P.H.Hoekstra,United Republic of Tanzania
Annonaceae,Monanthotaxis parvifolia,(Oliv.) Verdc.,United Republic of Tanzania
Annonaceae,Monodora angolensis,Welw.,United Republic of Tanzania
Annonaceae,Monodora carolinae,Couvreur        ,United Republic of Tanzania
Annonaceae,Monodora globiflora,Couvreur,United Republic of Tanzania
Annonaceae,Monodora grandidieri,Baill.,United Republic of Tanzania
Annonaceae,Monodora hastipetala,Couvreur        ,United Republic of Tanzania
Annonaceae,Monodora junodii,Engl. & Diels,United Republic of Tanzania
Annonaceae,Monodora minor,Engl. & Diels,United Republic of Tanzania
Annonaceae,Monodora myristica,(Gaertn.) Dunal,United Republic of Tanzania
Annonaceae,Mwasumbia alba,Couvreur & D.M.Johnson,United Republic of Tanzania
Annonaceae,Ophrypetalum odoratum,Diels,United Republic of Tanzania
Annonaceae,Polyceratocarpus askhambryan-iringae,A.R.Marshall & D.M.Johnson,United Republic of Tanzania
Annonaceae,Polyceratocarpus scheffleri,Engl. & Diels,United Republic of Tanzania
Annonaceae,Sanrafaelia ruffonammari,Verdc.,United Republic of Tanzania
Annonaceae,Sphaerocoryne gracilis,(Engl. & Diels) Verdc.,United Republic of Tanzania
Annonaceae,Toussaintia orientalis,Verdc.,United Republic of Tanzania
Annonaceae,Uvaria acuminata,Oliv.,United Republic of Tanzania
Annonaceae,Uvaria angolensis,Welw. ex Oliv.,United Republic of Tanzania
Annonaceae,Uvaria faulknerae,Verdc.,United Republic of Tanzania
Annonaceae,Uvaria leptocladon,Oliv.,United Republic of Tanzania
Annonaceae,Uvaria pandensis,Verdc.,United Republic of Tanzania
Annonaceae,Uvaria welwitschii,(Hiern) Engl. & Diels,United Republic of Tanzania
Annonaceae,Uvariastrum hexaloboides,(R.E.Fr.) R.E.Fr. ex N.Robson,United Republic of Tanzania
Annonaceae,Uvariodendron anisatum,Verdc.,United Republic of Tanzania
Annonaceae,Uvariodendron gorgonis,Verdc.,United Republic of Tanzania
Annonaceae,Uvariodendron kirkii,Verdc.,United Republic of Tanzania
Annonaceae,Uvariodendron mbagoi,Dagallier & Couvreur,United Republic of Tanzania
Annonaceae,Uvariodendron oligocarpum,Verdc.,United Republic of Tanzania
Annonaceae,Uvariodendron pycnophyllum,(Diels) R.E.Fr.,United Republic of Tanzania
Annonaceae,Uvariodendron usambarense,R.E.Fr.,United Republic of Tanzania
Annonaceae,Uvariopsis bisexualis,Verdc.,United Republic of Tanzania
Annonaceae,Uvariopsis lovettiana,Couvreur & Q.Luke,United Republic of Tanzania
Annonaceae,Xylopia aethiopica,(Dunal) A.Rich.,United Republic of Tanzania
Annonaceae,Xylopia arenaria,Engl.,United Republic of Tanzania
Annonaceae,Xylopia collina,Diels,United Republic of Tanzania
Annonaceae,Xylopia gracilipes,D.M.Johnson & N.A.Murray,United Republic of Tanzania
Annonaceae,Xylopia holtzii,Engl.,United Republic of Tanzania
Annonaceae,Xylopia lukei,D.M.Johnson & Goyder,United Republic of Tanzania
Annonaceae,Xylopia mwasumbii,D.M. Johnson,United Republic of Tanzania
Annonaceae,Xylopia rubescens,Oliv.,United Republic of Tanzania
Annonaceae,Xylopia shirensis,(Diels & Engl.) D.M.Johnson & N.A.Murray,United Republic of Tanzania
Annonaceae,Xylopia tanganyikensis,D.M.Johnson,United Republic of Tanzania
Aphloiaceae,Aphloia theiformis,(Vahl) Benn.,United Republic of Tanzania
Apiaceae,Heteromorpha arborescens,(Spreng.) Cham. & Schltdl.,United Republic of Tanzania
Apiaceae,Heteromorpha involucrata,Conrath,United Republic of Tanzania
Apiaceae,Steganotaenia araliacea,Hochst.,United Republic of Tanzania
Apocynaceae,Acokanthera laevigata,Kupicha,United Republic of Tanzania
Apocynaceae,Acokanthera oppositifolia,(Lam.) Codd,United Republic of Tanzania
Apocynaceae,Acokanthera schimperi,(A.DC.) Schweinf.,United Republic of Tanzania
Apocynaceae,Adenium obesum,(Forssk.) Roem. & Schult.,United Republic of Tanzania
Apocynaceae,Alstonia boonei,De Wild.,United Republic of Tanzania
Apocynaceae,Calotropis procera,(Aiton) W.T.Aiton,United Republic of Tanzania
Apocynaceae,Carissa bispinosa,(L.) Desf. ex Brenan,United Republic of Tanzania
Apocynaceae,Carissa spinarum,L.,United Republic of Tanzania
Apocynaceae,Cerbera manghas,L.,United Republic of Tanzania
Apocynaceae,Diplorhynchus condylocarpon,(Müll.Arg.) Pichon,United Republic of Tanzania
Apocynaceae,Ephippiocarpa orientalis,(S.Moore) Markgr.,United Republic of Tanzania
Apocynaceae,Funtumia africana,(Benth.) Stapf,United Republic of Tanzania
Apocynaceae,Funtumia elastica,(Preuss) Stapf,United Republic of Tanzania
Apocynaceae,Holarrhena pubescens,Wall. ex G.Don,United Republic of Tanzania
Apocynaceae,Hunteria zeylanica,(Retz.) Gardner ex Thwaites,United Republic of Tanzania
Apocynaceae,Landolphia parvifolia,K.Schum.,United Republic of Tanzania
Apocynaceae,Mascarenhasia arborescens,A.DC.,United Republic of Tanzania
Apocynaceae,Pleiocarpa pycnantha,(K.Schum.) Stapf,United Republic of Tanzania
Apocynaceae,Pleioceras orientale,Vollesen,United Republic of Tanzania
Apocynaceae,Rauvolfia caffra,Sond.,United Republic of Tanzania
Apocynaceae,Rauvolfia mannii,Stapf,United Republic of Tanzania
Apocynaceae,Rauvolfia mombasiana,Stapf,United Republic of Tanzania
Apocynaceae,Rauvolfia vomitoria,Afzel.,United Republic of Tanzania
Apocynaceae,Schizozygia coffaeoides,Baill.,United Republic of Tanzania
Apocynaceae,Strophanthus eminii,Asch. ex Pax,United Republic of Tanzania
Apocynaceae,Strophanthus welwitschii,(Baill.) K.Schum.,United Republic of Tanzania
Apocynaceae,Tabernaemontana elegans,Stapf,United Republic of Tanzania
Apocynaceae,Tabernaemontana odoratissima,(Stapf) Leeuwenb.,United Republic of Tanzania
Apocynaceae,Tabernaemontana pachysiphon,Stapf,United Republic of Tanzania
Apocynaceae,Tabernaemontana stapfiana,Britten,United Republic of Tanzania
Apocynaceae,Tabernaemontana ventricosa,Hochst. ex A.DC.,United Republic of Tanzania
Apocynaceae,Voacanga africana,Stapf ex Scott Elliot,United Republic of Tanzania
Apocynaceae,Voacanga thouarsii,Roem. & Schult.,United Republic of Tanzania
Aquifoliaceae,Ilex mitis,(L.) Radlk.,United Republic of Tanzania
Araliaceae,Astropanax abyssinicus,(Hochst. ex A.Rich.) Seem.,United Republic of Tanzania
Araliaceae,Astropanax goetzenii,"(Harms) Lowry, G.M.Plunkett, Gostel & Frodin",United Republic of Tanzania
Araliaceae,Astropanax polysciadius,"(Harms) Lowry, G.M.Plunkett, Gostel & Frodin",United Republic of Tanzania
Araliaceae,Astropanax stolzii,"(Harms) Lowry, G.M.Plunkett, Gostel & Frodin",United Republic of Tanzania
Araliaceae,Astropanax urostachyus,"(Harms) Lowry, G.M.Plunkett, Gostel & Frodin",United Republic of Tanzania
Araliaceae,Astropanax volkensii,"(Harms) Lowry, G.M.Plunkett, Gostel & Frodin",United Republic of Tanzania
Araliaceae,Cussonia arborea,Hochst. ex A.Rich.,United Republic of Tanzania
Araliaceae,Cussonia holstii,Harms ex Engl.,United Republic of Tanzania
Araliaceae,Cussonia jatrophoides,Hutch. & E.A.Bruce,United Republic of Tanzania
Araliaceae,Cussonia spicata,Thunb.,United Republic of Tanzania
Araliaceae,Cussonia zimmermannii,Harms,United Republic of Tanzania
Araliaceae,Neocussonia lukwangulensis,"(Tennant) Lowry, G.M.Plunkett, Gostel & Frodin",United Republic of Tanzania
Araliaceae,Polyscias albersiana,Harms,United Republic of Tanzania
Araliaceae,Polyscias fulva,(Hiern) Harms,United Republic of Tanzania
Araliaceae,Polyscias richardsiae,Bamps,United Republic of Tanzania
Araliaceae,Polyscias stuhlmannii,Harms,United Republic of Tanzania
Arecaceae,Borassus aethiopum,Mart.,United Republic of Tanzania
Arecaceae,Dypsis pembana,(H.E.Moore) Beentje & J.Dransf.,United Republic of Tanzania
Arecaceae,Elaeis guineensis,Jacq.,United Republic of Tanzania
Arecaceae,Hyphaene compressa,H.Wendl.,United Republic of Tanzania
Arecaceae,Hyphaene coriacea,Gaertn.,United Republic of Tanzania
Arecaceae,Hyphaene petersiana,Klotzsch ex Mart.,United Republic of Tanzania
Arecaceae,Phoenix reclinata,Jacq.,United Republic of Tanzania
Arecaceae,Raphia farinifera,(Gaertn.) Hyl.,United Republic of Tanzania
Asparagaceae,Dracaena afromontana,Mildbr.,United Republic of Tanzania
Asparagaceae,Dracaena aletriformis,(Haw.) Bos,United Republic of Tanzania
Asparagaceae,Dracaena fragrans,(L.) Ker Gawl.,United Republic of Tanzania
Asparagaceae,Dracaena mannii,Baker,United Republic of Tanzania
Asparagaceae,Dracaena steudneri,Engl.,United Republic of Tanzania
Asphodelaceae,Aloe ballyi,Reynolds,United Republic of Tanzania
Asphodelaceae,Aloe elata,S.Carter & L.E.Newton,United Republic of Tanzania
Asphodelaceae,Aloe mawii,Christian,United Republic of Tanzania
Asphodelaceae,Aloe volkensii,Engl.,United Republic of Tanzania
Asteraceae,Baccharoides calvoana,"(Hook.f.) Isawumi, El-Ghazaly & B.Nord.",United Republic of Tanzania
Asteraceae,Brachylaena huillensis,O.Hoffm.,United Republic of Tanzania
Asteraceae,Chrysanthemoides monilifera,(L.) Norl.,United Republic of Tanzania
Asteraceae,Conyza vernonioides,(Sch.Bip. ex A.Rich.) Wild,United Republic of Tanzania
Asteraceae,Dendrosenecio johnstonii,(Oliv.) B.Nord.,United Republic of Tanzania
Asteraceae,Dendrosenecio kilimanjari,(Mildbr.) E.B.Knox,United Republic of Tanzania
Asteraceae,Dendrosenecio meruensis,(Cotton & Blakelock) E.B.Knox,United Republic of Tanzania
Asteraceae,Gymnanthemum amygdalinum,(Delile) Sch.Bip.,United Republic of Tanzania
Asteraceae,Gymnanthemum auriculiferum,(Hiern) Isawumi,United Republic of Tanzania
Asteraceae,Gymnanthemum bellinghamii,(S.Moore) H.Rob.,United Republic of Tanzania
Asteraceae,Gymnanthemum coloratum,(Willd.) H.Rob. & B.Kahn,United Republic of Tanzania
Asteraceae,Gymnanthemum exsertiflorum,(Baker) H.Rob.,United Republic of Tanzania
Asteraceae,Gymnanthemum myrianthum,(Hook.f.) H.Rob.,United Republic of Tanzania
Asteraceae,Hoffmannanthus abbotianus,"(O.Hoffm.) H.Rob., S.C.Keeley & Skvarla",United Republic of Tanzania
Asteraceae,Solanecio mannii,(Hook.f.) C.Jeffrey,United Republic of Tanzania
Asteraceae,Tarchonanthus camphoratus,L.,United Republic of Tanzania
Asteraceae,Vernonia bruceae,C.Jeffrey        ,United Republic of Tanzania
Asteraceae,Vernonia hildebrandtii,Baker,United Republic of Tanzania
Bignoniaceae,Fernandoa abbreviata,Bidgood,United Republic of Tanzania
Bignoniaceae,Fernandoa lutea,(Verdc.) Bidgood,United Republic of Tanzania
Bignoniaceae,Fernandoa magnifica,Seem.,United Republic of Tanzania
Bignoniaceae,Kigelia africana,(Lam.) Benth.,United Republic of Tanzania
Bignoniaceae,Markhamia lutea,(Benth.) K.Schum.,United Republic of Tanzania
Bignoniaceae,Markhamia obtusifolia,(Baker) Sprague,United Republic of Tanzania
Bignoniaceae,Spathodea campanulata,P.Beauv.,United Republic of Tanzania
Bignoniaceae,Stereospermum kunthianum,Cham.,United Republic of Tanzania
Bignoniaceae,Tecoma capensis,(Thunb.) Lindl.,United Republic of Tanzania
Bignoniaceae,Tecoma nyassae,Oliv.,United Republic of Tanzania
Boraginaceae,Bourreria nemoralis,(Gürke) Thulin,United Republic of Tanzania
Boraginaceae,Bourreria petiolaris,(Lam.) Thulin,United Republic of Tanzania
Boraginaceae,Cordia africana,Lam.,United Republic of Tanzania
Boraginaceae,Cordia fischeri,Gürke,United Republic of Tanzania
Boraginaceae,Cordia goetzei,Gürke,United Republic of Tanzania
Boraginaceae,Cordia millenii,Baker,United Republic of Tanzania
Boraginaceae,Cordia monoica,Roxb.,United Republic of Tanzania
Boraginaceae,Cordia peteri,Verdc.,United Republic of Tanzania
Boraginaceae,Cordia sinensis,Lam.,United Republic of Tanzania
Boraginaceae,Cordia subcordata,Lam.,United Republic of Tanzania
Boraginaceae,Cordia torrei,E.S.Martins,United Republic of Tanzania
Boraginaceae,Ehretia amoena,Klotzsch,United Republic of Tanzania
Boraginaceae,Ehretia bakeri,Baker,United Republic of Tanzania
Boraginaceae,Ehretia cymosa,Thonn.,United Republic of Tanzania
Boraginaceae,Ehretia glandulosissima,Verdc.,United Republic of Tanzania
Boraginaceae,Ehretia obtusifolia,Hochst. ex A.DC.,United Republic of Tanzania
Boraginaceae,Heliotropium arboreum,(Blanco) Mabb.,United Republic of Tanzania
Burseraceae,Boswellia neglecta,S.Moore,United Republic of Tanzania
Burseraceae,Canarium schweinfurthii,Engl.,United Republic of Tanzania
Burseraceae,Commiphora acuminata,Mattick,United Republic of Tanzania
Burseraceae,Commiphora africana,(A.Rich.) Engl.,United Republic of Tanzania
Burseraceae,Commiphora baluensis,Engl.,United Republic of Tanzania
Burseraceae,Commiphora caerulea,Burtt,United Republic of Tanzania
Burseraceae,Commiphora campestris,Engl.,United Republic of Tanzania
Burseraceae,Commiphora confusa,Vollesen,United Republic of Tanzania
Burseraceae,Commiphora edulis,(Klotzsch) Engl.,United Republic of Tanzania
Burseraceae,Commiphora eminii,Engl.,United Republic of Tanzania
Burseraceae,Commiphora engleri,Guillaumin,United Republic of Tanzania
Burseraceae,Commiphora fulvotomentosa,Engl.,United Republic of Tanzania
Burseraceae,Commiphora holtziana,Engl.,United Republic of Tanzania
Burseraceae,Commiphora hornbyi,Burtt,United Republic of Tanzania
Burseraceae,Commiphora madagascariensis,Jacq.,United Republic of Tanzania
Burseraceae,Commiphora merkeri,Engl.,United Republic of Tanzania
Burseraceae,Commiphora mildbraedii,Engl.,United Republic of Tanzania
Burseraceae,Commiphora mollis,(Oliv.) Engl.,United Republic of Tanzania
Burseraceae,Commiphora mombassensis,Engl.,United Republic of Tanzania
Burseraceae,Commiphora mossambicensis,(Oliv.) Engl.,United Republic of Tanzania
Burseraceae,Commiphora pedunculata,(Kotschy & Peyr.) Engl.,United Republic of Tanzania
Burseraceae,Commiphora pteleifolia,Engl.,United Republic of Tanzania
Burseraceae,Commiphora schimperi,(O.Berg) Engl.,United Republic of Tanzania
Burseraceae,Commiphora serrata,Engl.,United Republic of Tanzania
Burseraceae,Commiphora spathulata,Mattick,United Republic of Tanzania
Burseraceae,Commiphora swynnertonii,Burtt,United Republic of Tanzania
Burseraceae,Commiphora ugogensis,Engl.,United Republic of Tanzania
Burseraceae,Commiphora ulugurensis,Engl.,United Republic of Tanzania
Burseraceae,Commiphora zanzibarica,(Baill.) Engl.,United Republic of Tanzania
Buxaceae,Buxus obtusifolia,(Mildbr.) Hutch.,United Republic of Tanzania
Calophyllaceae,Calophyllum inophyllum,L.,United Republic of Tanzania
Calophyllaceae,Mammea usambarensis,Verdc.,United Republic of Tanzania
Canellaceae,Warburgia elongata,Verdc.,United Republic of Tanzania
Canellaceae,Warburgia stuhlmannii,Engl.,United Republic of Tanzania
Canellaceae,Warburgia ugandensis,Sprague,United Republic of Tanzania
Cannabaceae,Celtis africana,Burm.f.,United Republic of Tanzania
Cannabaceae,Celtis mildbraedii,Engl.,United Republic of Tanzania
Cannabaceae,Celtis philippensis,Blanco,United Republic of Tanzania
Cannabaceae,Celtis zenkeri,Engl.,United Republic of Tanzania
Cannabaceae,Sparrea gomphophylla,(Baker) X.G.Fu & T.S.Yi,United Republic of Tanzania
Cannabaceae,Trema orientale,(L.) Blume,United Republic of Tanzania
Capparaceae,Boscia angustifolia,A.Rich.,United Republic of Tanzania
Capparaceae,Boscia coriacea,Graells,United Republic of Tanzania
Capparaceae,Boscia mossambicensis,Klotzsch,United Republic of Tanzania
Capparaceae,Boscia rotundifolia,Pax,United Republic of Tanzania
Capparaceae,Boscia salicifolia,Oliv.,United Republic of Tanzania
Capparaceae,Cadaba farinosa,Forssk.,United Republic of Tanzania
Capparaceae,Cadaba glandulosa,Forssk.,United Republic of Tanzania
Capparaceae,Cadaba kirkii,Oliv.,United Republic of Tanzania
Capparaceae,Capparis cartilaginea,Decne.,United Republic of Tanzania
Capparaceae,Capparis viminea,Oliv.,United Republic of Tanzania
Capparaceae,Cladostemon kirkii,(Oliv.) Pax & Gilg,United Republic of Tanzania
Capparaceae,Crateva adansonii,DC.,United Republic of Tanzania
Capparaceae,Maerua acuminata,Oliv.,United Republic of Tanzania
Capparaceae,Maerua angolensis,DC.,United Republic of Tanzania
Capparaceae,Maerua bussei,(Gilg & Gilg-Ben.) R.Wilczek,United Republic of Tanzania
Capparaceae,Maerua calantha,Gilg,United Republic of Tanzania
Capparaceae,Maerua crassifolia,Forssk.,United Republic of Tanzania
Capparaceae,Maerua duchesnei,(De Wild.) F.White,United Republic of Tanzania
Capparaceae,Maerua juncea,Pax,United Republic of Tanzania
Capparaceae,Maerua kirkii,F.White,United Republic of Tanzania
Capparaceae,Maerua prittwitzii,Gilg & Gilg-Ben.,United Republic of Tanzania
Capparaceae,Maerua triphylla,A.Rich.,United Republic of Tanzania
Capparaceae,Ritchiea albersii,Gilg,United Republic of Tanzania
Capparaceae,Thilachium africanum,Lour.,United Republic of Tanzania
Capparaceae,Thilachium densiflorum,Gilg & Gilg-Ben.,United Republic of Tanzania
Cardiopteridaceae,Leptaulus daphnoides,Benth.,United Republic of Tanzania
Cardiopteridaceae,Leptaulus holstii,(Engl.) Engl.,United Republic of Tanzania
Caricaceae,Cylicomorpha parviflora,Urb.,United Republic of Tanzania
Celastraceae,Brexia madagascariensis,(Lam.) Thouars ex Ker Gawl.,United Republic of Tanzania
Celastraceae,Cassine aethiopica,Thunb.,United Republic of Tanzania
Celastraceae,Cassine buchananii,Loes.,United Republic of Tanzania
Celastraceae,Catha edulis,(Vahl) Endl.,United Republic of Tanzania
Celastraceae,Elaeodendron schlechterianum,(Loes.) Loes.,United Republic of Tanzania
Celastraceae,Elaeodendron schweinfurthianum,(Loes.) Loes.,United Republic of Tanzania
Celastraceae,Gymnosporia arbutifolia,(Hochst. ex A.Rich.) Loes.,United Republic of Tanzania
Celastraceae,Gymnosporia buchananii,Loes.,United Republic of Tanzania
Celastraceae,Gymnosporia drummondii,(N.Robson & Sebsebe) Jordaan,United Republic of Tanzania
Celastraceae,Gymnosporia gracilipes,(Welw. ex Oliv.) Loes.,United Republic of Tanzania
Celastraceae,Gymnosporia gracilis,Loes.,United Republic of Tanzania
Celastraceae,Gymnosporia harveyana,Loes.,United Republic of Tanzania
Celastraceae,Gymnosporia maranguensis,(Loes.) Loes.,United Republic of Tanzania
Celastraceae,Gymnosporia masindei,(Gereau) Jordaan,United Republic of Tanzania
Celastraceae,Gymnosporia mossambicensis,(Klotzsch) Loes.,United Republic of Tanzania
Celastraceae,Gymnosporia obscura,(A.Rich.) Loes.,United Republic of Tanzania
Celastraceae,Gymnosporia putterlickioides,Loes.,United Republic of Tanzania
Celastraceae,Gymnosporia richardsiae,(N.Robson & Sebsebe) Jordaan,United Republic of Tanzania
Celastraceae,Gymnosporia senegalensis,(Lam.) Loes.,United Republic of Tanzania
Celastraceae,Maytenus acuminata,(L.f.) Loes.,United Republic of Tanzania
Celastraceae,Maytenus undata,(Thunb.) Blakelock,United Republic of Tanzania
Celastraceae,Platypterocarpus tanganyikensis,Dunkley & Brenan,United Republic of Tanzania
Celastraceae,Pleurostylia africana,Loes.,United Republic of Tanzania
Celastraceae,Pristimera andongensis,(Welw. ex Oliv.) N.Hallé,United Republic of Tanzania
Celastraceae,Reissantia buchananii,(Loes.) N. Hallé,United Republic of Tanzania
Celastraceae,Salacia lehmbachii,Loes.,United Republic of Tanzania
Celastraceae,Salacia leptoclada,Tul.,United Republic of Tanzania
Celastraceae,Salacia lovettii,N.Hallé & B.Mathew,United Republic of Tanzania
Celastraceae,Salacia pyriformis,(Sabine) Steud.,United Republic of Tanzania
Celastraceae,Salacia stuhlmanniana,Loes.,United Republic of Tanzania
Chrysobalanaceae,Hirtella zanzibarica,Oliv.,United Republic of Tanzania
Chrysobalanaceae,Magnistipula butayei,De Wild.,United Republic of Tanzania
Chrysobalanaceae,Maranthes floribunda,(Baker) F.White,United Republic of Tanzania
Chrysobalanaceae,Maranthes goetzeniana,(Engl.) Prance,United Republic of Tanzania
Chrysobalanaceae,Parinari curatellifolia,Planch. ex Benth.,United Republic of Tanzania
Chrysobalanaceae,Parinari excelsa,Sabine,United Republic of Tanzania
Clusiaceae,Allanblackia stuhlmannii,(Engl.) Engl.,United Republic of Tanzania
Clusiaceae,Allanblackia ulugurensis,Engl.,United Republic of Tanzania
Clusiaceae,Garcinia acutifolia,N.Robson,United Republic of Tanzania
Clusiaceae,Garcinia bifasciculata,N.Robson,United Republic of Tanzania
Clusiaceae,Garcinia buchananii,Baker,United Republic of Tanzania
Clusiaceae,Garcinia kingaensis,Engl.,United Republic of Tanzania
Clusiaceae,Garcinia livingstonei,T.Anderson,United Republic of Tanzania
Clusiaceae,Garcinia semseii,Verdc.,United Republic of Tanzania
Clusiaceae,Garcinia smeathmanii,(Planch. & Triana) Oliv.,United Republic of Tanzania
Clusiaceae,Garcinia tanzaniensis,Verdc.,United Republic of Tanzania
Clusiaceae,Garcinia volkensii,Engl.,United Republic of Tanzania
Clusiaceae,Symphonia globulifera,L.f.,United Republic of Tanzania
Combretaceae,Combretum aculeatum,Vent.,United Republic of Tanzania
Combretaceae,Combretum adenogonium,Steud. ex A.Rich.,United Republic of Tanzania
Combretaceae,Combretum apiculatum,Sond.,United Republic of Tanzania
Combretaceae,Combretum celastroides,Welw. ex M.A.Lawson,United Republic of Tanzania
Combretaceae,Combretum exalatum,Engl.,United Republic of Tanzania
Combretaceae,Combretum gillettianum,Liben,United Republic of Tanzania
Combretaceae,Combretum harrisii,Wickens,United Republic of Tanzania
Combretaceae,Combretum hereroense,Schinz,United Republic of Tanzania
Combretaceae,Combretum imberbe,Wawra,United Republic of Tanzania
Combretaceae,Combretum molle,R.Br. ex G.Don,United Republic of Tanzania
Combretaceae,Combretum mossambicense,(Klotzsch) Engl.,United Republic of Tanzania
Combretaceae,Combretum obovatum,F.Hoffm.,United Republic of Tanzania
Combretaceae,Combretum padoides,Engl. & Diels,United Republic of Tanzania
Combretaceae,Combretum patelliforme,Engl. & Diels,United Republic of Tanzania
Combretaceae,Combretum schumannii,Engl.,United Republic of Tanzania
Combretaceae,Combretum tenuipetiolatum,Wickens,United Republic of Tanzania
Combretaceae,Combretum umbricolum,Engl.,United Republic of Tanzania
Combretaceae,Combretum zeyheri,Sond.,United Republic of Tanzania
Combretaceae,Lumnitzera racemosa,Willd.,United Republic of Tanzania
Combretaceae,Terminalia anisoptera,(Welw. ex M.A.Lawson) Gere & Boatwr.,United Republic of Tanzania
Combretaceae,Terminalia apetala,(Vollesen) Gere & Boatwr.,United Republic of Tanzania
Combretaceae,Terminalia boivinii,Tul.,United Republic of Tanzania
Combretaceae,Terminalia brachystemma,Welw. ex Hiern,United Republic of Tanzania
Combretaceae,Terminalia brevipes,Pamp.,United Republic of Tanzania
Combretaceae,Terminalia brownii,Fresen.,United Republic of Tanzania
Combretaceae,Terminalia glaucescens,Planch. ex Benth.,United Republic of Tanzania
Combretaceae,Terminalia kaiseriana,F. Hoffm.,United Republic of Tanzania
Combretaceae,Terminalia kilimandscharica,Engl.,United Republic of Tanzania
Combretaceae,Terminalia mollis,M.A.Lawson,United Republic of Tanzania
Combretaceae,Terminalia myrtifolia,(M.A.Lawson) Gere & Boatwr.,United Republic of Tanzania
Combretaceae,Terminalia prunioides,M.A.Lawson,United Republic of Tanzania
Combretaceae,Terminalia sambesiaca,Engl. & Diels,United Republic of Tanzania
Combretaceae,Terminalia sericea,Burch. ex DC.,United Republic of Tanzania
Combretaceae,Terminalia spinosa,Engl.,United Republic of Tanzania
Combretaceae,Terminalia stenostachya,Engl. & Diels,United Republic of Tanzania
Combretaceae,Terminalia stuhlmannii,Engl.,United Republic of Tanzania
Combretaceae,Terminalia tetraptera,(Wickens) Gere & Boatwr.,United Republic of Tanzania
Combretaceae,Terminalia trichopoda,Diels,United Republic of Tanzania
Connaraceae,Burttia prunoides,Baker f. & Exell,United Republic of Tanzania
Connaraceae,Connarus longistipitatus,Gilg,United Republic of Tanzania
Connaraceae,Ellipanthus hemandradenioides,Brenan,United Republic of Tanzania
Connaraceae,Rourea coccinea,(Schumach. & Thonn.) Benth.,United Republic of Tanzania
Connaraceae,Rourea orientalis,Baill.,United Republic of Tanzania
Cornaceae,Alangium chinense,(Lour.) Harms,United Republic of Tanzania
Cornaceae,Alangium salviifolium,(L.f.) Wangerin,United Republic of Tanzania
Cornaceae,Cornus volkensii,Harms,United Republic of Tanzania
Cupressaceae,Juniperus procera,Hochst. ex Endl.,United Republic of Tanzania
Cycadaceae,Cycas thouarsii,R.Br. ex Gaudich.,United Republic of Tanzania
Dichapetalaceae,Dichapetalum barbosae,Torre,United Republic of Tanzania
Dichapetalaceae,Dichapetalum madagascariense,Poir.,United Republic of Tanzania
Dichapetalaceae,Dichapetalum mossambicense,(Klotzsch) Engl.,United Republic of Tanzania
Dichapetalaceae,Dichapetalum stuhlmannii,Engl.,United Republic of Tanzania
Dichapetalaceae,Dichapetalum zenkeri,Engl.,United Republic of Tanzania
Dichapetalaceae,Tapura fischeri,Engl.,United Republic of Tanzania
Dilleniaceae,Tetracera boiviniana,Baill.,United Republic of Tanzania
Dipterocarpaceae,Marquesia macroura,Gilg,United Republic of Tanzania
Dipterocarpaceae,Monotes adenophyllus,Gilg,United Republic of Tanzania
Dipterocarpaceae,Monotes africanus,A.DC.,United Republic of Tanzania
Dipterocarpaceae,Monotes hypoleucus,(Welw.) Gilg,United Republic of Tanzania
Dipterocarpaceae,Monotes katangensis,(De Wild.) De Wild.,United Republic of Tanzania
Dipterocarpaceae,Monotes lutambensis,Verdc.,United Republic of Tanzania
Dipterocarpaceae,Monotes magnificus,Gilg,United Republic of Tanzania
Dipterocarpaceae,Monotes rufotomentosus,Gilg,United Republic of Tanzania
Ebenaceae,Diospyros abyssinica,(Hiern) F.White,United Republic of Tanzania
Ebenaceae,Diospyros amaniensis,Gürke,United Republic of Tanzania
Ebenaceae,Diospyros anitae,F.White,United Republic of Tanzania
Ebenaceae,Diospyros bussei,Gürke,United Republic of Tanzania
Ebenaceae,Diospyros capricornuta,F.White,United Republic of Tanzania
Ebenaceae,Diospyros consolatae,Chiov.,United Republic of Tanzania
Ebenaceae,Diospyros ferrea,(Willd.) Bakh.,United Republic of Tanzania
Ebenaceae,Diospyros fischeri,Gürke,United Republic of Tanzania
Ebenaceae,Diospyros gabunensis,Gürke,United Republic of Tanzania
Ebenaceae,Diospyros greenwayi,F.White,United Republic of Tanzania
Ebenaceae,Diospyros kabuyeana,F.White,United Republic of Tanzania
Ebenaceae,Diospyros kirkii,Hiern,United Republic of Tanzania
Ebenaceae,Diospyros loureiroana,G.Don,United Republic of Tanzania
Ebenaceae,Diospyros mafiensis,F.White,United Republic of Tanzania
Ebenaceae,Diospyros magogoana,F.White,United Republic of Tanzania
Ebenaceae,Diospyros mespiliformis,Hochst. ex A.DC.,United Republic of Tanzania
Ebenaceae,Diospyros mweroensis,F.White,United Republic of Tanzania
Ebenaceae,Diospyros natalensis,(Harv.) Brenan,United Republic of Tanzania
Ebenaceae,Diospyros occulta,F.White,United Republic of Tanzania
Ebenaceae,Diospyros quiloensis,(Hiern) F.White,United Republic of Tanzania
Ebenaceae,Diospyros shimbaensis,F.White,United Republic of Tanzania
Ebenaceae,Diospyros squarrosa,Klotzsch,United Republic of Tanzania
Ebenaceae,Diospyros truncatifolia,Caveney,United Republic of Tanzania
Ebenaceae,Diospyros uzungwaensis,Frim.-Møll. & Ndang.,United Republic of Tanzania
Ebenaceae,Diospyros verrucosa,Hiern,United Republic of Tanzania
Ebenaceae,Diospyros whyteana,(Hiern) F.White,United Republic of Tanzania
Ebenaceae,Diospyros zombensis,(B.L.Burtt) F.White,United Republic of Tanzania
Ebenaceae,Euclea divinorum,Hiern,United Republic of Tanzania
Ebenaceae,Euclea natalensis,A.DC.,United Republic of Tanzania
Ebenaceae,Euclea racemosa,L.,United Republic of Tanzania
Ericaceae,Agarista salicifolia,(Lam.) G.Don,United Republic of Tanzania
Ericaceae,Erica arborea,L.,United Republic of Tanzania
Ericaceae,Erica benguelensis,(Welw. ex Engl.) E.G.H.Oliv.,United Republic of Tanzania
Ericaceae,Erica kingaensis,Engl.,United Republic of Tanzania
Ericaceae,Erica mafiensis,(Engl.) Dorr,United Republic of Tanzania
Ericaceae,Erica mannii,(Hook.f.) Beentje,United Republic of Tanzania
Erythroxylaceae,Erythroxylum delagoense,Schinz,United Republic of Tanzania
Erythroxylaceae,Erythroxylum emarginatum,Thonn.,United Republic of Tanzania
Erythroxylaceae,Erythroxylum fischeri,Engl.,United Republic of Tanzania
Erythroxylaceae,Erythroxylum platyclados,Bojer,United Republic of Tanzania
Erythroxylaceae,Nectaropetalum acuminatum,Verdc.,United Republic of Tanzania
Erythroxylaceae,Nectaropetalum kaessneri,Engl.,United Republic of Tanzania
Erythroxylaceae,Nectaropetalum zuluense,(Schönland) Corbishley,United Republic of Tanzania
Euphorbiaceae,Acalypha acrogyna,Pax,United Republic of Tanzania
Euphorbiaceae,Acalypha chirindica,S.Moore,United Republic of Tanzania
Euphorbiaceae,Acalypha fruticosa,Forssk.,United Republic of Tanzania
Euphorbiaceae,Acalypha neptunica,Müll.Arg.,United Republic of Tanzania
Euphorbiaceae,Acalypha ornata,Hochst. ex A.Rich.,United Republic of Tanzania
Euphorbiaceae,Alchornea cordifolia,(Schumach. & Thonn.) Müll.Arg.,United Republic of Tanzania
Euphorbiaceae,Alchornea hirtella,Benth.,United Republic of Tanzania
Euphorbiaceae,Alchornea laxiflora,(Benth.) Pax & K.Hoffm.,United Republic of Tanzania
Euphorbiaceae,Argomuellera macrophylla,Pax,United Republic of Tanzania
Euphorbiaceae,Croton dichogamus,Pax,United Republic of Tanzania
Euphorbiaceae,Croton dictyophlebodes,Radcl.-Sm.,United Republic of Tanzania
Euphorbiaceae,Croton jatrophoides,Pax,United Republic of Tanzania
Euphorbiaceae,Croton leuconeurus,Pax,United Republic of Tanzania
Euphorbiaceae,Croton longipedicellatus,J.Léonard,United Republic of Tanzania
Euphorbiaceae,Croton macrostachyus,Hochst. ex Delile,United Republic of Tanzania
Euphorbiaceae,Croton megalobotrys,Müll.Arg.,United Republic of Tanzania
Euphorbiaceae,Croton megalocarpoides,Friis & M.G.Gilbert,United Republic of Tanzania
Euphorbiaceae,Croton megalocarpus,Hutch.,United Republic of Tanzania
Euphorbiaceae,Croton menyharthii,Pax,United Republic of Tanzania
Euphorbiaceae,Croton polytrichus,Pax,United Republic of Tanzania
Euphorbiaceae,Croton pseudopulchellus,Pax,United Republic of Tanzania
Euphorbiaceae,Croton scheffleri,Pax,United Republic of Tanzania
Euphorbiaceae,Croton steenkampianus,Gerstner,United Republic of Tanzania
Euphorbiaceae,Croton sylvaticus,Hochst.,United Republic of Tanzania
Euphorbiaceae,Crotonogynopsis usambarica,Pax,United Republic of Tanzania
Euphorbiaceae,Erythrococca atrovirens,(Pax) Prain,United Republic of Tanzania
Euphorbiaceae,Erythrococca bongensis,Pax,United Republic of Tanzania
Euphorbiaceae,Erythrococca fischeri,Pax,United Republic of Tanzania
Euphorbiaceae,Erythrococca polyandra,(Pax & K.Hoffm.) Prain,United Republic of Tanzania
Euphorbiaceae,Erythrococca trichogyne,(Müll.Arg.) Prain,United Republic of Tanzania
Euphorbiaceae,Euphorbia ampliphylla,Pax,United Republic of Tanzania
Euphorbiaceae,Euphorbia biselegans,Bruyns,United Republic of Tanzania
Euphorbiaceae,Euphorbia breviarticulata,Pax,United Republic of Tanzania
Euphorbiaceae,Euphorbia bussei,Pax,United Republic of Tanzania
Euphorbiaceae,Euphorbia candelabrum,Trémaux ex Kotschy,United Republic of Tanzania
Euphorbiaceae,Euphorbia cooperi,N.E.Br. ex A.Berger,United Republic of Tanzania
Euphorbiaceae,Euphorbia cuneata,Vahl,United Republic of Tanzania
Euphorbiaceae,Euphorbia dawei,N.E.Br.,United Republic of Tanzania
Euphorbiaceae,Euphorbia dumeticola,P.R.O.Bally & S.Carter,United Republic of Tanzania
Euphorbiaceae,Euphorbia espinosa,Pax,United Republic of Tanzania
Euphorbiaceae,Euphorbia gossypina,Pax,United Republic of Tanzania
Euphorbiaceae,Euphorbia grantii,Oliv.,United Republic of Tanzania
Euphorbiaceae,Euphorbia hubertii,Pax,United Republic of Tanzania
Euphorbiaceae,Euphorbia lividiflora,L.C.Leach,United Republic of Tanzania
Euphorbiaceae,Euphorbia magnicapsula,S.Carter,United Republic of Tanzania
Euphorbiaceae,Euphorbia matabelensis,Pax,United Republic of Tanzania
Euphorbiaceae,Euphorbia neocymosa,Bruyns,United Republic of Tanzania
Euphorbiaceae,Euphorbia neospinescens,Bruyns,United Republic of Tanzania
Euphorbiaceae,Euphorbia nyikae,Pax ex Engl.,United Republic of Tanzania
Euphorbiaceae,Euphorbia pseudomollis,Bruyns,United Republic of Tanzania
Euphorbiaceae,Euphorbia pseudovolkensii,Bruyns,United Republic of Tanzania
Euphorbiaceae,Euphorbia quadrialata,Pax,United Republic of Tanzania
Euphorbiaceae,Euphorbia quinquecostata,Volkens,United Republic of Tanzania
Euphorbiaceae,Euphorbia robecchii,Pax,United Republic of Tanzania
Euphorbiaceae,Euphorbia scheffleri,Pax,United Republic of Tanzania
Euphorbiaceae,Euphorbia syncalycina,Bruyns,United Republic of Tanzania
Euphorbiaceae,Euphorbia teke,Schweinf. ex Pax,United Republic of Tanzania
Euphorbiaceae,Euphorbia tirucalli,L.,United Republic of Tanzania
Euphorbiaceae,Euphorbia umbellata,(Pax) Bruyns,United Republic of Tanzania
Euphorbiaceae,Excoecaria bussei,(Pax) Pax,United Republic of Tanzania
Euphorbiaceae,Excoecaria madagascariensis,(Baill.) Müll.Arg.,United Republic of Tanzania
Euphorbiaceae,Macaranga capensis,(Baill.) Sim,United Republic of Tanzania
Euphorbiaceae,Macaranga conglomerata,Brenan,United Republic of Tanzania
Euphorbiaceae,Macaranga monandra,Müll.Arg.,United Republic of Tanzania
Euphorbiaceae,Macaranga schweinfurthii,Pax,United Republic of Tanzania
Euphorbiaceae,Macaranga spinosa,Müll.Arg.,United Republic of Tanzania
Euphorbiaceae,Mallotus oppositifolius,(Geiseler) Müll.Arg.,United Republic of Tanzania
Euphorbiaceae,Maprounea africana,Müll.Arg.,United Republic of Tanzania
Euphorbiaceae,Micrococca scariosa,Prain,United Republic of Tanzania
Euphorbiaceae,Necepsia castaneifolia,(Baill.) Bouchat & J.Léonard,United Republic of Tanzania
Euphorbiaceae,Neoboutonia macrocalyx,Pax,United Republic of Tanzania
Euphorbiaceae,Neoboutonia melleri,(Müll.Arg.) Prain,United Republic of Tanzania
Euphorbiaceae,Paranecepsia alchorneifolia,Radcl.-Sm.,United Republic of Tanzania
Euphorbiaceae,Plesiatropha carpinifolia,(Pax) Breteler,United Republic of Tanzania
Euphorbiaceae,Pseudagrostistachys ugandensis,(Hutch.) Pax & K.Hoffm.,United Republic of Tanzania
Euphorbiaceae,Pycnocoma littoralis,Pax,United Republic of Tanzania
Euphorbiaceae,Pycnocoma macrantha,Pax,United Republic of Tanzania
Euphorbiaceae,Ricinodendron heudelotii,(Baill.) Heckel,United Republic of Tanzania
Euphorbiaceae,Schinziophyton rautanenii,(Schinz) Radcl.-Sm.,United Republic of Tanzania
Euphorbiaceae,Shirakiopsis elliptica,(Hochst.) Esser,United Republic of Tanzania
Euphorbiaceae,Shirakiopsis trilocularis,(Pax & K.Hoffm.) Esser,United Republic of Tanzania
Euphorbiaceae,Spirostachys africana,Sond.,United Republic of Tanzania
Euphorbiaceae,Spirostachys venenifera,(Pax) Pax,United Republic of Tanzania
Euphorbiaceae,Suregada lithoxyla,(Pax & K.Hoffm.) Croizat,United Republic of Tanzania
Euphorbiaceae,Suregada procera,(Prain) Croizat,United Republic of Tanzania
Euphorbiaceae,Suregada zanzibariensis,Baill.,United Republic of Tanzania
Euphorbiaceae,Tannodia swynnertonii,(S.Moore) Prain,United Republic of Tanzania
Euphorbiaceae,Tannodia tenuifolia,(Pax) Prain,United Republic of Tanzania
Euphorbiaceae,Tetrorchidium didymostemon,(Baill.) Pax & K.Hoffm.,United Republic of Tanzania
Euphorbiaceae,Tetrorchidium ulugurense,Verdc.,United Republic of Tanzania
Fabaceae,Adenocarpus mannii,(Hook.f.) Hook.f.,United Republic of Tanzania
Fabaceae,Adenopodia rotundifolia,(Harms) Brenan,United Republic of Tanzania
Fabaceae,Aeschynomene burttii,Baker f.,United Republic of Tanzania
Fabaceae,Aeschynomene elaphroxylon,(Guill. & Perr.) Taub.,United Republic of Tanzania
Fabaceae,Aeschynomene schliebenii,Harms,United Republic of Tanzania
Fabaceae,Afzelia corallina,"A.Bianchi, S.Orsenigo & Baldesi",United Republic of Tanzania
Fabaceae,Afzelia quanzensis,Welw.,United Republic of Tanzania
Fabaceae,Aganope stuhlmannii,(Taub.) Adema,United Republic of Tanzania
Fabaceae,Albizia adianthifolia,(Schumach.) W.Wight,United Republic of Tanzania
Fabaceae,Albizia amara,(Roxb.) Boivin,United Republic of Tanzania
Fabaceae,Albizia anthelmintica,(A.Rich.) Brongn.,United Republic of Tanzania
Fabaceae,Albizia antunesiana,Harms,United Republic of Tanzania
Fabaceae,Albizia coriaria,Welw. ex Oliv.,United Republic of Tanzania
Fabaceae,Albizia forbesii,Benth.,United Republic of Tanzania
Fabaceae,Albizia glaberrima,(Schumach. & Thonn.) Benth.,United Republic of Tanzania
Fabaceae,Albizia grandibracteata,Taub.,United Republic of Tanzania
Fabaceae,Albizia gummifera,(J.F.Gmel.) C.A.Sm.,United Republic of Tanzania
Fabaceae,Albizia harveyi,E.Fourn.,United Republic of Tanzania
Fabaceae,Albizia isenbergiana,(A.Rich.) E.Fourn.,United Republic of Tanzania
Fabaceae,Albizia petersiana,(Bolle) Oliv.,United Republic of Tanzania
Fabaceae,Albizia schimperiana,Oliv.,United Republic of Tanzania
Fabaceae,Albizia tanganyicensis,Baker f.,United Republic of Tanzania
Fabaceae,Albizia versicolor,Welw. ex Oliv.,United Republic of Tanzania
Fabaceae,Albizia zimmermannii,Harms,United Republic of Tanzania
Fabaceae,Albizia zygia,(DC.) J.F.Macbr.,United Republic of Tanzania
Fabaceae,Amblygonocarpus andongensis,(Welw. ex Oliv.) Exell & Torre,United Republic of Tanzania
Fabaceae,Angylocalyx braunii,Harms,United Republic of Tanzania
Fabaceae,Anthonotha noldeae,(Rossbach) Exell & Hillc.,United Republic of Tanzania
Fabaceae,Aphanocalyx richardsiae,(J.Léonard) Wieringa,United Republic of Tanzania
Fabaceae,Baikiaea ghesquiereana,J.Léonard,United Republic of Tanzania
Fabaceae,Baikiaea insignis,Benth.,United Republic of Tanzania
Fabaceae,Baphia cordifolia,Harms,United Republic of Tanzania
Fabaceae,Baphia kirkii,Baker,United Republic of Tanzania
Fabaceae,Baphia longipedicellata,De Wild.,United Republic of Tanzania
Fabaceae,Baphia macrocalyx,Harms,United Republic of Tanzania
Fabaceae,Baphia massaiensis,Taub.,United Republic of Tanzania
Fabaceae,Baphia multiflora,Harms,United Republic of Tanzania
Fabaceae,Baphia pauloi,Brummitt,United Republic of Tanzania
Fabaceae,Baphia puguensis,Brummitt,United Republic of Tanzania
Fabaceae,Baphia punctulata,Harms,United Republic of Tanzania
Fabaceae,Baphia semseiana,Brummitt,United Republic of Tanzania
Fabaceae,Baphiopsis parviflora,Benth. ex Baker,United Republic of Tanzania
Fabaceae,Bauhinia petersiana,Bolle,United Republic of Tanzania
Fabaceae,Bauhinia tomentosa,L.,United Republic of Tanzania
Fabaceae,Berlinia orientalis,Brenan,United Republic of Tanzania
Fabaceae,Bobgunnia madagascariensis,(Desv.) J.H.Kirkbr. & Wiersema,United Republic of Tanzania
Fabaceae,Brachystegia allenii,Hutch. & Burtt Davy,United Republic of Tanzania
Fabaceae,Brachystegia angustistipulata,De Wild.,United Republic of Tanzania
Fabaceae,Brachystegia boehmii,Taub.,United Republic of Tanzania
Fabaceae,Brachystegia bussei,Harms,United Republic of Tanzania
Fabaceae,Brachystegia floribunda,Benth.,United Republic of Tanzania
Fabaceae,Brachystegia glaberrima,R.E.Fr.,United Republic of Tanzania
Fabaceae,Brachystegia longifolia,Benth.,United Republic of Tanzania
Fabaceae,Brachystegia manga,De Wild.,United Republic of Tanzania
Fabaceae,Brachystegia puberula,Hutch. & Burtt Davy,United Republic of Tanzania
Fabaceae,Brachystegia spiciformis,Benth.,United Republic of Tanzania
Fabaceae,Brachystegia stipulata,De Wild.,United Republic of Tanzania
Fabaceae,Brachystegia tamarindoides,Welw. ex Benth.,United Republic of Tanzania
Fabaceae,Brachystegia taxifolia,Harms,United Republic of Tanzania
Fabaceae,Brachystegia utilis,Hutch. & Burtt Davy,United Republic of Tanzania
Fabaceae,Brachystegia wangermeeana,De Wild.,United Republic of Tanzania
Fabaceae,Burkea africana,Hook.,United Republic of Tanzania
Fabaceae,Bussea eggelingii,Verdc.,United Republic of Tanzania
Fabaceae,Bussea massaiensis,(Taub.) Harms,United Republic of Tanzania
Fabaceae,Calpurnia aurea,(Aiton) Benth.,United Republic of Tanzania
Fabaceae,Cassia abbreviata,Oliv.,United Republic of Tanzania
Fabaceae,Cassia afrofistula,Brenan,United Republic of Tanzania
Fabaceae,Cassia angolensis,Welw. ex Hiern,United Republic of Tanzania
Fabaceae,Cassia burttii,Baker f.,United Republic of Tanzania
Fabaceae,Cassia thyrsoidea,Brenan,United Republic of Tanzania
Fabaceae,Chamaecrista katangensis,(Ghesq.) Lock,United Republic of Tanzania
Fabaceae,Cordyla africana,Lour.,United Republic of Tanzania
Fabaceae,Cordyla densiflora,Milne-Redh.,United Republic of Tanzania
Fabaceae,Craibia affinis,(De Wild.) De Wild.,United Republic of Tanzania
Fabaceae,Craibia brevicaudata,(Vatke) Dunn,United Republic of Tanzania
Fabaceae,Craibia brownii,Dunn,United Republic of Tanzania
Fabaceae,Craibia grandiflora,(Micheli) Baker f.,United Republic of Tanzania
Fabaceae,Craibia zimmermannii,(Harms) Dunn,United Republic of Tanzania
Fabaceae,Crotalaria agatiflora,Schweinf. ex L.Höhn.,United Republic of Tanzania
Fabaceae,Crotalaria grandibracteata,Taub.,United Republic of Tanzania
Fabaceae,Cryptosepalum exfoliatum,De Wild.,United Republic of Tanzania
Fabaceae,Cynometra alexandri,C.H.Wright,United Republic of Tanzania
Fabaceae,Cynometra brachyrrhachis,Harms,United Republic of Tanzania
Fabaceae,Cynometra engleri,Harms,United Republic of Tanzania
Fabaceae,Cynometra filifera,Harms,United Republic of Tanzania
Fabaceae,Cynometra gillmanii,J.Léonard,United Republic of Tanzania
Fabaceae,Cynometra greenwayi,Brenan,United Republic of Tanzania
Fabaceae,Cynometra longipedicellata,Harms,United Republic of Tanzania
Fabaceae,Cynometra lukei,Beentje        ,United Republic of Tanzania
Fabaceae,Cynometra suaheliensis,(Taub.) Baker f.,United Republic of Tanzania
Fabaceae,Cynometra ulugurensis,Harms,United Republic of Tanzania
Fabaceae,Cynometra webberi,Baker f.,United Republic of Tanzania
Fabaceae,Dalbergia acariaeantha,Harms,United Republic of Tanzania
Fabaceae,Dalbergia arbutifolia,Baker,United Republic of Tanzania
Fabaceae,Dalbergia boehmii,Taub.,United Republic of Tanzania
Fabaceae,Dalbergia bracteolata,Baker,United Republic of Tanzania
Fabaceae,Dalbergia fischeri,Taub.,United Republic of Tanzania
Fabaceae,Dalbergia lactea,Vatke,United Republic of Tanzania
Fabaceae,Dalbergia melanoxylon,Guill. & Perr.,United Republic of Tanzania
Fabaceae,Dalbergia microphylla,Chiov.,United Republic of Tanzania
Fabaceae,Dalbergia nitidula,Welw. ex Baker,United Republic of Tanzania
Fabaceae,Dalbergia obovata,E.Mey.,United Republic of Tanzania
Fabaceae,Dalbergia vacciniifolia,Vatke,United Republic of Tanzania
Fabaceae,Dalbergiella nyasae,Baker f.,United Republic of Tanzania
Fabaceae,Delonix elata,(L.) Gamble,United Republic of Tanzania
Fabaceae,Dendrolobium umbellatum,(L.) Benth.,United Republic of Tanzania
Fabaceae,Dialium holtzii,Harms,United Republic of Tanzania
Fabaceae,Dialium orientale,Baker f.,United Republic of Tanzania
Fabaceae,Dichrostachys cinerea,(L.) Wight & Arn.,United Republic of Tanzania
Fabaceae,Elephantorrhiza goetzei,(Harms) Harms,United Republic of Tanzania
Fabaceae,Englerodendron usambarense,Harms,United Republic of Tanzania
Fabaceae,Entada abyssinica,Steud. ex A.Rich.,United Republic of Tanzania
Fabaceae,Entada chrysostachys,(Benth.) Drake,United Republic of Tanzania
Fabaceae,Entada leptostachya,Harms,United Republic of Tanzania
Fabaceae,Erythrina abyssinica,Lam.,United Republic of Tanzania
Fabaceae,Erythrina burttii,Baker f.,United Republic of Tanzania
Fabaceae,Erythrina excelsa,Baker,United Republic of Tanzania
Fabaceae,Erythrina fusca,Lour.,United Republic of Tanzania
Fabaceae,Erythrina greenwayi,Verdc.,United Republic of Tanzania
Fabaceae,Erythrina haerdii,Verdc.,United Republic of Tanzania
Fabaceae,Erythrina lysistemon,Hutch.,United Republic of Tanzania
Fabaceae,Erythrina melanacantha,Taub. ex Harms,United Republic of Tanzania
Fabaceae,Erythrina sacleuxii,Hua,United Republic of Tanzania
Fabaceae,Erythrina schliebenii,Harms,United Republic of Tanzania
Fabaceae,Erythrina variegata,L.,United Republic of Tanzania
Fabaceae,Erythrophleum africanum,(Benth.) Harms,United Republic of Tanzania
Fabaceae,Erythrophleum suaveolens,(Guill. & Perr.) Brenan,United Republic of Tanzania
Fabaceae,Faidherbia albida,(Delile) A.Chev.,United Republic of Tanzania
Fabaceae,Gigasiphon macrosiphon,(Harms) Brenan,United Republic of Tanzania
Fabaceae,Guibourtia schliebenii,(Harms) J.Léonard,United Republic of Tanzania
Fabaceae,Guilandina bonduc,L.,United Republic of Tanzania
Fabaceae,Hymenaea verrucosa,Gaertn.,United Republic of Tanzania
Fabaceae,Isoberlinia angolensis,(Welw. ex Benth.) Hoyle & Brenan,United Republic of Tanzania
Fabaceae,Isoberlinia scheffleri,(Harms) Greenway,United Republic of Tanzania
Fabaceae,Isoberlinia tomentosa,(Harms) Craib & Stapf,United Republic of Tanzania
Fabaceae,Julbernardia globiflora,(Benth.) Troupin,United Republic of Tanzania
Fabaceae,Julbernardia magnistipulata,(Harms) Troupin,United Republic of Tanzania
Fabaceae,Julbernardia paniculata,(Benth.) Troupin,United Republic of Tanzania
Fabaceae,Julbernardia unijugata,J.Léonard,United Republic of Tanzania
Fabaceae,Kotschya bullockii,Verdc.,United Republic of Tanzania
Fabaceae,Kotschya carsonii,(Baker) Dewit & P.A.Duvign.,United Republic of Tanzania
Fabaceae,Kotschya platyphylla,(Brenan) Verdc.,United Republic of Tanzania
Fabaceae,Kotschya recurvifolia,(Taub.) F.White,United Republic of Tanzania
Fabaceae,Kotschya thymodora,(Baker f.) Wild,United Republic of Tanzania
Fabaceae,Millettia bussei,Harms,United Republic of Tanzania
Fabaceae,Millettia dura,Dunn,United Republic of Tanzania
Fabaceae,Millettia eetveldeana,(Micheli) Hauman,United Republic of Tanzania
Fabaceae,Millettia elongatistyla,J.B.Gillett,United Republic of Tanzania
Fabaceae,Millettia eriocarpa,Dunn,United Republic of Tanzania
Fabaceae,Millettia micans,Taub.,United Republic of Tanzania
Fabaceae,Millettia oblata,Dunn,United Republic of Tanzania
Fabaceae,Millettia sacleuxii,Dunn,United Republic of Tanzania
Fabaceae,Millettia schliebenii,Harms,United Republic of Tanzania
Fabaceae,Millettia semseii,J.B.Gillett,United Republic of Tanzania
Fabaceae,Millettia sericantha,Harms,United Republic of Tanzania
Fabaceae,Millettia stuhlmannii,Taub.,United Republic of Tanzania
Fabaceae,Millettia usaramensis,Taub.,United Republic of Tanzania
Fabaceae,Mundulea sericea,(Willd.) A.Chev.,United Republic of Tanzania
Fabaceae,Newtonia buchananii,(Baker) G.C.C.Gilbert & Boutique,United Republic of Tanzania
Fabaceae,Newtonia erlangeri,(Harms) Brenan,United Republic of Tanzania
Fabaceae,Newtonia hildebrandtii,(Vatke) Torre,United Republic of Tanzania
Fabaceae,Newtonia paucijuga,(Harms) Brenan,United Republic of Tanzania
Fabaceae,Ormocarpum kirkii,S.Moore,United Republic of Tanzania
Fabaceae,Ormocarpum schliebenii,Harms,United Republic of Tanzania
Fabaceae,Ormocarpum sennoides,(Willd.) DC.,United Republic of Tanzania
Fabaceae,Ormocarpum trachycarpum,(Taub.) Harms,United Republic of Tanzania
Fabaceae,Ormocarpum trichocarpum,(Taub.) Engl.,United Republic of Tanzania
Fabaceae,Paramacrolobium coeruleum,(Taub.) J.Léonard,United Republic of Tanzania
Fabaceae,Parkia filicoidea,Welw. ex Oliv.,United Republic of Tanzania
Fabaceae,Pericopsis angolensis,(Baker) Meeuwen,United Republic of Tanzania
Fabaceae,Philenoptera bussei,(Harms) Schrire,United Republic of Tanzania
Fabaceae,Philenoptera eriocalyx,(Harms) Schrire,United Republic of Tanzania
Fabaceae,Philenoptera katangensis,(De Wild.) Schrire,United Republic of Tanzania
Fabaceae,Philenoptera violacea,(Klotzsch) Schrire,United Republic of Tanzania
Fabaceae,Piliostigma thonningii,(Schumach.) Milne-Redh.,United Republic of Tanzania
Fabaceae,Platycelyphium voensis,(Engl.) Wild,United Republic of Tanzania
Fabaceae,Platysepalum inopinatum,Harms,United Republic of Tanzania
Fabaceae,Prioria msoo,(Harms) Breteler,United Republic of Tanzania
Fabaceae,Pseudoprosopis euryphylla,Harms,United Republic of Tanzania
Fabaceae,Pseudoprosopis fischeri,Harms,United Republic of Tanzania
Fabaceae,Pterocarpus angolensis,DC.,United Republic of Tanzania
Fabaceae,Pterocarpus megalocarpus,Harms,United Republic of Tanzania
Fabaceae,Pterocarpus mildbraedii,Harms,United Republic of Tanzania
Fabaceae,Pterocarpus rotundifolius,(Sond.) Druce,United Republic of Tanzania
Fabaceae,Pterocarpus tinctorius,Welw.,United Republic of Tanzania
Fabaceae,Rhynchosia divaricata,Baker,United Republic of Tanzania
Fabaceae,Schefflerodendron usambarense,Harms,United Republic of Tanzania
Fabaceae,Scorodophloeus fischeri,(Taub.) J.Léonard,United Republic of Tanzania
Fabaceae,Scorodophloeus torrei,Lock,United Republic of Tanzania
Fabaceae,Senegalia ataxacantha,(DC.) Kyal. & Boatwr.,United Republic of Tanzania
Fabaceae,Senegalia brevispica,(Harms) Seigler & Ebinger,United Republic of Tanzania
Fabaceae,Senegalia circummarginata,(Chiov.) Kyal. & Boatwr.,United Republic of Tanzania
Fabaceae,Senegalia erubescens,(Welw. ex Oliv.) Kyal. & Boatwr.,United Republic of Tanzania
Fabaceae,Senegalia galpinii,(Burtt Davy) Seigler & Ebinger,United Republic of Tanzania
Fabaceae,Senegalia goetzei,(Harms) Kyal. & Boatwr.,United Republic of Tanzania
Fabaceae,Senegalia laeta,(R.Br. ex Benth.) Seigler & Ebinger,United Republic of Tanzania
Fabaceae,Senegalia mellifera,(Benth.) Seigler & Ebinger,United Republic of Tanzania
Fabaceae,Senegalia nigrescens,(Oliv.) P.J.H.Hurter,United Republic of Tanzania
Fabaceae,Senegalia polyacantha,(Willd.) Seigler & Ebinger,United Republic of Tanzania
Fabaceae,Senegalia rovumae,(Oliv.) Kyal. & Boatwr.,United Republic of Tanzania
Fabaceae,Senegalia schweinfurthii,(Brenan & Exell) Seigler & Ebinger,United Republic of Tanzania
Fabaceae,Senegalia senegal,(L.) Britton,United Republic of Tanzania
Fabaceae,Senegalia tanganyikensis,(Brenan) Kyal. & Boatwr.,United Republic of Tanzania
Fabaceae,Senegalia thomasii,(Harms) Kyal. & Boatwr.,United Republic of Tanzania
Fabaceae,Senna alexandrina,Mill.,United Republic of Tanzania
Fabaceae,Senna didymobotrya,(Fresen.) H.S.Irwin & Barneby,United Republic of Tanzania
Fabaceae,Senna longiracemosa,(Vatke) Lock,United Republic of Tanzania
Fabaceae,Senna petersiana,(Bolle) Lock,United Republic of Tanzania
Fabaceae,Senna singueana,(Delile) Lock,United Republic of Tanzania
Fabaceae,Sesbania goetzei,Harms,United Republic of Tanzania
Fabaceae,Sesbania keniensis,J.B.Gillett,United Republic of Tanzania
Fabaceae,Sesbania macrantha,Welw. ex E.Phillips & Hutch.,United Republic of Tanzania
Fabaceae,Sesbania sesban,(L.) Merr.,United Republic of Tanzania
Fabaceae,Sophora inhambanensis,Klotzsch,United Republic of Tanzania
Fabaceae,Sophora tomentosa,L.,United Republic of Tanzania
Fabaceae,Stuhlmannia moavi,Taub.,United Republic of Tanzania
Fabaceae,Tamarindus indica,L.,United Republic of Tanzania
Fabaceae,Tephrosia aequilata,Baker,United Republic of Tanzania
Fabaceae,Tephrosia vogelii,Hook.f.,United Republic of Tanzania
Fabaceae,Tessmannia burttii,Harms,United Republic of Tanzania
Fabaceae,Tessmannia densiflora,Harms,United Republic of Tanzania
Fabaceae,Tessmannia dewildemaniana,Harms,United Republic of Tanzania
Fabaceae,Tessmannia martiniana,Harms,United Republic of Tanzania
Fabaceae,Tessmannia princeps,"A.Bianchi, Tomasi, Mwakisoma, M.Barbieri & Q.Luke",United Republic of Tanzania
Fabaceae,Tessmannia tanzaniensis,Burgt,United Republic of Tanzania
Fabaceae,Tetrapleura tetraptera,(Schumach. & Thonn.) Taub.,United Republic of Tanzania
Fabaceae,Vachellia amythethophylla,(Steud. ex A.Rich.) Kyal. & Boatwr.,United Republic of Tanzania
Fabaceae,Vachellia ancistroclada,(Brenan) Kyal. & Boatwr.,United Republic of Tanzania
Fabaceae,Vachellia arenaria,(Schinz) Kyal. & Boatwr.,United Republic of Tanzania
Fabaceae,Vachellia bullockii,(Brenan) Kyal. & Boatwr.,United Republic of Tanzania
Fabaceae,Vachellia burttii,(Baker f.) Kyal. & Boatwr.,United Republic of Tanzania
Fabaceae,Vachellia bussei,(Harms ex Y.Sjöstedt) Kyal. & Boatwr.,United Republic of Tanzania
Fabaceae,Vachellia dolichocephala,(Harms) Kyal. & Boatwr.,United Republic of Tanzania
Fabaceae,Vachellia drepanolobium,(Harms ex Y.Sjöstedt) P.J.H.Hurter,United Republic of Tanzania
Fabaceae,Vachellia erythrophloea,(Brenan) Kyal. & Boatwr.,United Republic of Tanzania
Fabaceae,Vachellia etbaica,(Schweinf.) Kyal. & Boatwr.,United Republic of Tanzania
Fabaceae,Vachellia fischeri,(Harms) Kyal. & Boatwr.,United Republic of Tanzania
Fabaceae,Vachellia gerrardii,(Benth.) P.J.H.Hurter,United Republic of Tanzania
Fabaceae,Vachellia hockii,(De Wild.) Seigler & Ebinger,United Republic of Tanzania
Fabaceae,Vachellia kirkii,(Oliv.) Kyal. & Boatwr.,United Republic of Tanzania
Fabaceae,Vachellia lahai,(Steud. & Hochst. ex Benth.) Kyal. & Boatwr.,United Republic of Tanzania
Fabaceae,Vachellia lasiopetala,(Oliv.) Kyal. & Boatwr.,United Republic of Tanzania
Fabaceae,Vachellia malacocephala,(Harms) Kyal. & Boatwr.,United Republic of Tanzania
Fabaceae,Vachellia mbuluensis,(Brenan) Kyal. & Boatwr.,United Republic of Tanzania
Fabaceae,Vachellia nilotica,(L.) P.J.H.Hurter & Mabb.,United Republic of Tanzania
Fabaceae,Vachellia oerfota,(Forssk.) Kyal. & Boatwr.,United Republic of Tanzania
Fabaceae,Vachellia pilispina,(Pic.Serm.) Kyal. & Boatwr.,United Republic of Tanzania
Fabaceae,Vachellia pseudofistula,(Harms) Kyal. & Boatwr.,United Republic of Tanzania
Fabaceae,Vachellia seyal,(Delile) P.J.H.Hurter,United Republic of Tanzania
Fabaceae,Vachellia sieberiana,(DC.) Kyal. & Boatwr.,United Republic of Tanzania
Fabaceae,Vachellia stuhlmannii,(Taub.) Kyal. & Boatwr.,United Republic of Tanzania
Fabaceae,Vachellia tortilis,(Forssk.) Galasso & Banfi,United Republic of Tanzania
Fabaceae,Vachellia xanthophloea,(Benth.) P.J.H. Hurter,United Republic of Tanzania
Fabaceae,Vachellia zanzibarica,(S.Moore) Kyal. & Boatwr.,United Republic of Tanzania
Fabaceae,Xylia africana,Harms,United Republic of Tanzania
Fabaceae,Xylia schliebenii,Harms,United Republic of Tanzania
Fabaceae,Zenkerella capparidacea,(Taub.) J.Léonard,United Republic of Tanzania
Fabaceae,Zenkerella egregia,J.Leonard,United Republic of Tanzania
Fabaceae,Zenkerella grotei,(Harms) J.Léonard,United Republic of Tanzania
Fabaceae,Zenkerella perplexa,Temu,United Republic of Tanzania
Francoaceae,Bersama abyssinica,Fresen.,United Republic of Tanzania
Gentianaceae,Anthocleista grandiflora,Gilg,United Republic of Tanzania
Gentianaceae,Anthocleista schweinfurthii,Gilg,United Republic of Tanzania
Gentianaceae,Anthocleista vogelii,Planch.,United Republic of Tanzania
Hamamelidaceae,Trichocladus ellipticus,Eckl. & Zeyh.,United Republic of Tanzania
Hamamelidaceae,Trichocladus goetzei,Engl.,United Republic of Tanzania
Hernandiaceae,Gyrocarpus americanus,Jacq.,United Republic of Tanzania
Hypericaceae,Harungana madagascariensis,Lam. ex Poir.,United Republic of Tanzania
Hypericaceae,Hypericum quartinianum,A.Rich.,United Republic of Tanzania
Hypericaceae,Hypericum revolutum,Vahl,United Republic of Tanzania
Hypericaceae,Hypericum roeperianum,Schimp. ex A.Rich.,United Republic of Tanzania
Hypericaceae,Psorospermum corymbiferum,Hochr.,United Republic of Tanzania
Hypericaceae,Psorospermum febrifugum,Spach,United Republic of Tanzania
Hypericaceae,Vismia orientalis,Engl.,United Republic of Tanzania
Hypericaceae,Vismia pauciflora,Milne-Redh.,United Republic of Tanzania
Icacinaceae,Alsodeiopsis schumannii,(Engl.) Engl.,United Republic of Tanzania
Irvingiaceae,Klainedoxa gabonensis,Pierre ex Engl.,United Republic of Tanzania
Iteaceae,Itea rhamnoides,(Harv.) Kubitzki,United Republic of Tanzania
Ixonanthaceae,Phyllocosmus lemaireanus,(De Wild. & T.Durand) T.Durand & H.Durand,United Republic of Tanzania
Kirkiaceae,Kirkia acuminata,Oliv.,United Republic of Tanzania
Lamiaceae,Clerodendrum cephalanthum,Oliv.,United Republic of Tanzania
Lamiaceae,Clerodendrum formicarum,Gürke,United Republic of Tanzania
Lamiaceae,Clerodendrum hildebrandtii,Vatke,United Republic of Tanzania
Lamiaceae,Clerodendrum poggei,Gürke,United Republic of Tanzania
Lamiaceae,Clerodendrum polyanthum,Gürke,United Republic of Tanzania
Lamiaceae,Clerodendrum rotundifolium,Oliv.,United Republic of Tanzania
Lamiaceae,Clerodendrum tanganyikense,Baker,United Republic of Tanzania
Lamiaceae,Karomia gigas,(Faden) Verdc.,United Republic of Tanzania
Lamiaceae,Leonotis decadonta,Gürke,United Republic of Tanzania
Lamiaceae,Leonotis grandis,Iwarsson & Y.B.Harv.,United Republic of Tanzania
Lamiaceae,Ocimum grandiflorum,Lam.,United Republic of Tanzania
Lamiaceae,Premna angolensis,Gürke,United Republic of Tanzania
Lamiaceae,Premna chrysoclada,(Bojer) Gürke,United Republic of Tanzania
Lamiaceae,Premna hans-joachimii,Verdc.,United Republic of Tanzania
Lamiaceae,Premna hildebrandtii,Gürke,United Republic of Tanzania
Lamiaceae,Premna resinosa,(Hochst.) Schauer,United Republic of Tanzania
Lamiaceae,Premna richardsiae,Moldenke,United Republic of Tanzania
Lamiaceae,Premna schimperi,Engl.,United Republic of Tanzania
Lamiaceae,Premna schliebenii,Werderm.,United Republic of Tanzania
Lamiaceae,Premna senensis,Klotzsch,United Republic of Tanzania
Lamiaceae,Premna serratifolia,L.,United Republic of Tanzania
Lamiaceae,Premna tanganyikensis,Moldenke,United Republic of Tanzania
Lamiaceae,Premna velutina,Gürke,United Republic of Tanzania
Lamiaceae,Rotheca myricoides,(Hochst.) Steane & Mabb.,United Republic of Tanzania
Lamiaceae,Rotheca sansibarensis,(Gürke) Steane & Mabb.,United Republic of Tanzania
Lamiaceae,Vitex amaniensis,W.Piep.,United Republic of Tanzania
Lamiaceae,Vitex buchananii,Baker ex Gürke,United Republic of Tanzania
Lamiaceae,Vitex carvalhi,Gürke,United Republic of Tanzania
Lamiaceae,Vitex doniana,Sweet,United Republic of Tanzania
Lamiaceae,Vitex ferruginea,Schumach. & Thonn.,United Republic of Tanzania
Lamiaceae,Vitex fischeri,Gürke,United Republic of Tanzania
Lamiaceae,Vitex madiensis,Oliv.,United Republic of Tanzania
Lamiaceae,Vitex mombassae,Vatke,United Republic of Tanzania
Lamiaceae,Vitex morogoroensis,Walsingham & S.Atkins,United Republic of Tanzania
Lamiaceae,Vitex mossambicensis,Gürke,United Republic of Tanzania
Lamiaceae,Vitex payos,(Lour.) Merr.,United Republic of Tanzania
Lamiaceae,Vitex schliebenii,Moldenke,United Republic of Tanzania
Lamiaceae,Vitex strickeri,Vatke & Hildebr.,United Republic of Tanzania
Lamiaceae,Vitex ugogoensis,Verdc.,United Republic of Tanzania
Lamiaceae,Vitex zanzibarensis,Vatke,United Republic of Tanzania
Lamiaceae,Volkameria eriophylla,(Gürke) Mabb. & Y.W.Yuan,United Republic of Tanzania
Lamiaceae,Volkameria glabra,(E.Mey.) Mabb. & Y.W.Yuan,United Republic of Tanzania
Lauraceae,Beilschmiedia kweo,(Mildbr.) Robyns & R.Wilczek,United Republic of Tanzania
Lauraceae,Beilschmiedia ugandensis,Rendle,United Republic of Tanzania
Lauraceae,Cryptocarya liebertiana,Engl.,United Republic of Tanzania
Lauraceae,Ocotea kenyensis,(Chiov.) Robyns & R.Wilczek,United Republic of Tanzania
Lauraceae,Ocotea usambarensis,Engl.,United Republic of Tanzania
Lecythidaceae,Barringtonia asiatica,(L.) Kurz,United Republic of Tanzania
Lecythidaceae,Barringtonia racemosa,(L.) Spreng.,United Republic of Tanzania
Lecythidaceae,Foetidia africana,Verdc.,United Republic of Tanzania
Linaceae,Hugonia orientalis,Engl.,United Republic of Tanzania
Linaceae,Hugonia platysepala,Welw. ex Oliv.,United Republic of Tanzania
Linaceae,Hugonia villosa,Engl.,United Republic of Tanzania
Loganiaceae,Strychnos cocculoides,Baker,United Republic of Tanzania
Loganiaceae,Strychnos decussata,(Pappe) Gilg,United Republic of Tanzania
Loganiaceae,Strychnos henningsii,Gilg,United Republic of Tanzania
Loganiaceae,Strychnos innocua,Delile,United Republic of Tanzania
Loganiaceae,Strychnos madagascariensis,Poir.,United Republic of Tanzania
Loganiaceae,Strychnos mellodora,S. Moore,United Republic of Tanzania
Loganiaceae,Strychnos mitis,S.Moore,United Republic of Tanzania
Loganiaceae,Strychnos myrtoides,Gilg & Busse,United Republic of Tanzania
Loganiaceae,Strychnos spinosa,Lam.,United Republic of Tanzania
Loganiaceae,Strychnos usambarensis,Gilg ex Engl.,United Republic of Tanzania
Loganiaceae,Strychnos xylophylla,Gilg,United Republic of Tanzania
Lythraceae,Pemphis acidula,J.R.Forst. & G.Forst.,United Republic of Tanzania
Lythraceae,Sonneratia alba,Sm.,United Republic of Tanzania
Malpighiaceae,Acridocarpus katangensis,De Wild.,United Republic of Tanzania
Malvaceae,Adansonia digitata,L.,United Republic of Tanzania
Malvaceae,Byttneria fruticosa,K.Schum. ex Engl.,United Republic of Tanzania
Malvaceae,Carpodiptera africana,Mast.,United Republic of Tanzania
Malvaceae,Ceiba pentandra,(L.) Gaertn.,United Republic of Tanzania
Malvaceae,Christiana africana,DC.,United Republic of Tanzania
Malvaceae,Cola discoglypremnophylla,Brenan & A.P.D.Jones,United Republic of Tanzania
Malvaceae,Cola greenwayi,Brenan,United Republic of Tanzania
Malvaceae,Cola kimbozensis,Cheek,United Republic of Tanzania
Malvaceae,Cola lukei,Cheek,United Republic of Tanzania
Malvaceae,Cola microcarpa,Brenan,United Republic of Tanzania
Malvaceae,Cola minor,Brenan,United Republic of Tanzania
Malvaceae,Cola porphyrantha,Brenan,United Republic of Tanzania
Malvaceae,Cola pseudoclavata,Cheek,United Republic of Tanzania
Malvaceae,Cola quentinii,Cheek,United Republic of Tanzania
Malvaceae,Cola scheffleri,K.Schum.,United Republic of Tanzania
Malvaceae,Cola stelechantha,Brenan,United Republic of Tanzania
Malvaceae,Cola uloloma,Brenan,United Republic of Tanzania
Malvaceae,Cola usambarensis,Engl.,United Republic of Tanzania
Malvaceae,Dombeya acutangula,Cav.,United Republic of Tanzania
Malvaceae,Dombeya amaniensis,Engl.,United Republic of Tanzania
Malvaceae,Dombeya buettneri,K.Schum.,United Republic of Tanzania
Malvaceae,Dombeya burgessiae,Gerrard ex Harv.,United Republic of Tanzania
Malvaceae,Dombeya kirkii,Mast.,United Republic of Tanzania
Malvaceae,Dombeya rotundifolia,(Hochst.) Planch.,United Republic of Tanzania
Malvaceae,Dombeya shupangae,K.Schum.,United Republic of Tanzania
Malvaceae,Dombeya taylorii,Baker f.,United Republic of Tanzania
Malvaceae,Dombeya torrida,(J.F.Gmel.) Bamps,United Republic of Tanzania
Malvaceae,Glyphaea brevis,(Spreng.) Monach.,United Republic of Tanzania
Malvaceae,Grewia arborea,(Forssk.) Lam.,United Republic of Tanzania
Malvaceae,Grewia bicolor,Juss.,United Republic of Tanzania
Malvaceae,Grewia calymmatosepala,K.Schum.,United Republic of Tanzania
Malvaceae,Grewia filipes,Burret,United Republic of Tanzania
Malvaceae,Grewia flavescens,Juss.,United Republic of Tanzania
Malvaceae,Grewia forbesii,Harv. ex Mast.,United Republic of Tanzania
Malvaceae,Grewia glandulosa,Vahl,United Republic of Tanzania
Malvaceae,Grewia goetzeana,K.Schum.,United Republic of Tanzania
Malvaceae,Grewia hexamita,Burret,United Republic of Tanzania
Malvaceae,Grewia holstii,Burret,United Republic of Tanzania
Malvaceae,Grewia holtzii,Burret,United Republic of Tanzania
Malvaceae,Grewia inaequilatera,Garcke,United Republic of Tanzania
Malvaceae,Grewia isochroa,Burret,United Republic of Tanzania
Malvaceae,Grewia lepidopetala,Garcke,United Republic of Tanzania
Malvaceae,Grewia leptopus,Ulbr.,United Republic of Tanzania
Malvaceae,Grewia meizophylla,Burret,United Republic of Tanzania
Malvaceae,Grewia micrantha,Bojer,United Republic of Tanzania
Malvaceae,Grewia microcarpa,K.Schum.,United Republic of Tanzania
Malvaceae,Grewia mollis,Juss.,United Republic of Tanzania
Malvaceae,Grewia monticola,Sond.,United Republic of Tanzania
Malvaceae,Grewia oncopetala,K.Schum.,United Republic of Tanzania
Malvaceae,Grewia pachycalyx,K.Schum.,United Republic of Tanzania
Malvaceae,Grewia plagiophylla,K.Schum.,United Republic of Tanzania
Malvaceae,Grewia praecox,K.Schum.,United Republic of Tanzania
Malvaceae,Grewia rugosifolia,De Wild.,United Republic of Tanzania
Malvaceae,Grewia similiopsis,C.Whitehouse,United Republic of Tanzania
Malvaceae,Grewia similis,K.Schum.,United Republic of Tanzania
Malvaceae,Grewia stolzii,Ulbr.,United Republic of Tanzania
Malvaceae,Grewia tenax,(Forssk.) Fiori,United Republic of Tanzania
Malvaceae,Grewia tephrodermis,K.Schum.,United Republic of Tanzania
Malvaceae,Grewia thikaensis,C.Whitehouse,United Republic of Tanzania
Malvaceae,Grewia trichocarpa,Hochst. ex A.Rich.,United Republic of Tanzania
Malvaceae,Grewia triflora,(Bojer) Walp.,United Republic of Tanzania
Malvaceae,Grewia truncata,Mast.,United Republic of Tanzania
Malvaceae,Grewia ugandensis,Sprague,United Republic of Tanzania
Malvaceae,Grewia villosa,Willd.,United Republic of Tanzania
Malvaceae,Heritiera littoralis,Aiton,United Republic of Tanzania
Malvaceae,Hibiscus diversifolius,Jacq.,United Republic of Tanzania
Malvaceae,Hildegardia migeodii,(Exell) Kosterm.,United Republic of Tanzania
Malvaceae,Kosteletzkya grantii,(Mast.) Garcke,United Republic of Tanzania
Malvaceae,Leptonychia usambarensis,K. Schum,United Republic of Tanzania
Malvaceae,Mansonia diatomanthera,Brenan,United Republic of Tanzania
Malvaceae,Microcos conocarpa,Burret,United Republic of Tanzania
Malvaceae,Microcos conocarpoides,(Burret) Burret,United Republic of Tanzania
Malvaceae,Microcos mildbraedii,(Burret) Burret,United Republic of Tanzania
Malvaceae,Nesogordonia holtzii,(Engl.) Capuron ex L.C. Barnett & Dorr,United Republic of Tanzania
Malvaceae,Pterygota perrieri,Hochr.,United Republic of Tanzania
Malvaceae,Rhodognaphalon schumannianum,A.Robyns,United Republic of Tanzania
Malvaceae,Sparrmannia ricinocarpa,(Eckl. & Zeyh.) Kuntze,United Republic of Tanzania
Malvaceae,Sterculia africana,(Lour.) Fiori,United Republic of Tanzania
Malvaceae,Sterculia appendiculata,K.Schum.,United Republic of Tanzania
Malvaceae,Sterculia mhosya,Engl.,United Republic of Tanzania
Malvaceae,Sterculia quinqueloba,(Garcke) K.Schum.,United Republic of Tanzania
Malvaceae,Sterculia rhynchocarpa,K.Schum.,United Republic of Tanzania
Malvaceae,Sterculia schliebenii,Mildbr.,United Republic of Tanzania
Malvaceae,Sterculia setigera,Delile,United Republic of Tanzania
Malvaceae,Sterculia stenocarpa,H.J.P.Winkl.,United Republic of Tanzania
Malvaceae,Sterculia subviolacea,K.Schum.,United Republic of Tanzania
Malvaceae,Thespesia danis,Oliv.,United Republic of Tanzania
Malvaceae,Thespesia garckeana,F. Hoffm.,United Republic of Tanzania
Malvaceae,Thespesia populnea,(L.) Sol. ex Corrêa,United Republic of Tanzania
Malvaceae,Triumfetta trifida,Sprague & Hutch.,United Republic of Tanzania
Melastomataceae,Dichaetanthera erici-rosenii,(R.E.Fr.) A.Fern. & R.Fern.,United Republic of Tanzania
Melastomataceae,Dichaetanthera verdcourtii,A.Fern. & R.Fern.,United Republic of Tanzania
Melastomataceae,Dissotidendron apricum,(Gilg ex Engl.) Ver.-Lib. & G.Kadereit,United Republic of Tanzania
Melastomataceae,Dissotidendron arborescens,(A.Fern. & R.Fern.) Ver.-Lib. & G.Kadereit,United Republic of Tanzania
Melastomataceae,Dissotidendron bussei,(Gilg ex Engl.) Ver.-Lib. & G.Kadereit,United Republic of Tanzania
Melastomataceae,Dissotidendron caloneurum,(Gilg ex Engl.) Ver.-Lib. & G.Kadereit,United Republic of Tanzania
Melastomataceae,Dissotidendron glandulicalyx,(Wickens) Ver.-Lib. & G.Kadereit,United Republic of Tanzania
Melastomataceae,Dissotidendron melleri,(Hook.f.) Ver.-Lib. & G.Kadereit,United Republic of Tanzania
Melastomataceae,Dissotidendron polyanthum,(Gilg) Ver.-Lib. & G.Kadereit,United Republic of Tanzania
Melastomataceae,Lijndenia brenanii,(A.Fern. & R.Fern.) Jacq.-Fél.,United Republic of Tanzania
Melastomataceae,Lijndenia greenwayi,(Brenan) Borhidi,United Republic of Tanzania
Melastomataceae,Lijndenia semseii,(A.Fern. & R.Fern.) Borhidi,United Republic of Tanzania
Melastomataceae,Lijndenia udzungwarum,R.D.Stone & Q.Luke,United Republic of Tanzania
Melastomataceae,Memecylon cogniauxii,Gilg,United Republic of Tanzania
Melastomataceae,Memecylon deminutum,Brenan,United Republic of Tanzania
Melastomataceae,Memecylon erythranthum,Gilg,United Republic of Tanzania
Melastomataceae,Memecylon flavovirens,Baker,United Republic of Tanzania
Melastomataceae,Memecylon magnifoliatum,A.Fern. & R.Fern.,United Republic of Tanzania
Melastomataceae,Memecylon myrianthum,Gilg,United Republic of Tanzania
Melastomataceae,Memecylon myrtilloides,Markgr.,United Republic of Tanzania
Melastomataceae,Memecylon rovumense,R.D.Stone & I.G.Mona,United Republic of Tanzania
Melastomataceae,Memecylon teitense,Wickens,United Republic of Tanzania
Melastomataceae,Memecylon trunciflorum,R.D. Stone,United Republic of Tanzania
Melastomataceae,Memecylon verruculosum,Brenan,United Republic of Tanzania
Melastomataceae,Warneckea amaniensis,Gilg,United Republic of Tanzania
Melastomataceae,Warneckea erubescens,(Gilg) Jacq.-Fél.,United Republic of Tanzania
Melastomataceae,Warneckea hedbergiorum,(Borhidi) Borhidi,United Republic of Tanzania
Melastomataceae,Warneckea jasminoides,(Gilg) Jacq.-Fél.,United Republic of Tanzania
Melastomataceae,Warneckea sansibarica,(Taub.) Jacq.-Fél.,United Republic of Tanzania
Meliaceae,Carapa grandiflora,Sprague,United Republic of Tanzania
Meliaceae,Ekebergia benguelensis,Welw. ex C.DC.,United Republic of Tanzania
Meliaceae,Ekebergia capensis,Sparrm.,United Republic of Tanzania
Meliaceae,Entandrophragma angolense,(Welw.) Panshin,United Republic of Tanzania
Meliaceae,Entandrophragma bussei,Harms ex Engl.,United Republic of Tanzania
Meliaceae,Entandrophragma delevoyi,De Wild.,United Republic of Tanzania
Meliaceae,Entandrophragma excelsum,(Dawe & Sprague) Sprague,United Republic of Tanzania
Meliaceae,Khaya anthotheca,(Welw.) C.DC.,United Republic of Tanzania
Meliaceae,Lepidotrichilia volkensii,(Gürke) J.-F.Leroy,United Republic of Tanzania
Meliaceae,Leplaea cedrata,(A.Chev.) E.J.M.Koenen & J.J.de Wilde,United Republic of Tanzania
Meliaceae,Lovoa swynnertonii,Baker f.,United Republic of Tanzania
Meliaceae,Lovoa trichilioides,Harms,United Republic of Tanzania
Meliaceae,Melia volkensii,Gürke,United Republic of Tanzania
Meliaceae,Pseudobersama mossambicensis,(Sim) Verdc.,United Republic of Tanzania
Meliaceae,Trichilia dregeana,Sond.,United Republic of Tanzania
Meliaceae,Trichilia emetica,Vahl,United Republic of Tanzania
Meliaceae,Trichilia lovettii,Cheek,United Republic of Tanzania
Meliaceae,Turraea abyssinica,Hochst. ex A.Rich.,United Republic of Tanzania
Meliaceae,Turraea fischeri,Gürke,United Republic of Tanzania
Meliaceae,Turraea floribunda,Hochst.,United Republic of Tanzania
Meliaceae,Turraea holstii,Gürke,United Republic of Tanzania
Meliaceae,Turraea kimbozensis,Cheek,United Republic of Tanzania
Meliaceae,Turraea nilotica,Kotschy & Peyr.,United Republic of Tanzania
Meliaceae,Turraea robusta,Gürke,United Republic of Tanzania
Meliaceae,Turraea wakefieldii,Oliv.,United Republic of Tanzania
Meliaceae,Xylocarpus granatum,J.Koenig,United Republic of Tanzania
Metteniusaceae,Apodytes dimidiata,E.Mey. ex Arn.,United Republic of Tanzania
Metteniusaceae,Rhaphiostylis beninensis,(Hook.f. ex Planch.) Planch. ex Benth.,United Republic of Tanzania
Monimiaceae,Xymalos monospora,(Harv.) Baill.,United Republic of Tanzania
Montiniaceae,Grevea eggelingii,Milne-Redh.,United Republic of Tanzania
Moraceae,Afromorus mesozygia,(Stapf) E.M.Gardner,United Republic of Tanzania
Moraceae,Antiaris toxicaria,(J.F.Gmel.) Lesch.,United Republic of Tanzania
Moraceae,Bosqueiopsis gilletii,De Wild. & T.Durand,United Republic of Tanzania
Moraceae,Ficus abutilifolia,(Miq.) Miq.,United Republic of Tanzania
Moraceae,Ficus amadiensis,De Wild.,United Republic of Tanzania
Moraceae,Ficus artocarpoides,Warb.,United Republic of Tanzania
Moraceae,Ficus asperifolia,Miq.,United Republic of Tanzania
Moraceae,Ficus bubu,Warb.,United Republic of Tanzania
Moraceae,Ficus bussei,Warb. ex Mildbr. & Burret,United Republic of Tanzania
Moraceae,Ficus capreifolia,Delile,United Republic of Tanzania
Moraceae,Ficus chirindensis,C.C.Berg,United Republic of Tanzania
Moraceae,Ficus conraui,Warb.,United Republic of Tanzania
Moraceae,Ficus craterostoma,Warb. ex Mildbr. & Burret,United Republic of Tanzania
Moraceae,Ficus cyathistipula,Warb.,United Republic of Tanzania
Moraceae,Ficus exasperata,Vahl,United Republic of Tanzania
Moraceae,Ficus faulkneriana,C.C.Berg,United Republic of Tanzania
Moraceae,Ficus fischeri,Warb. ex Mildbr. & Burret,United Republic of Tanzania
Moraceae,Ficus glumosa,Delile,United Republic of Tanzania
Moraceae,Ficus ingens,(Miq.) Miq.,United Republic of Tanzania
Moraceae,Ficus laurifolia,Lam.,United Republic of Tanzania
Moraceae,Ficus lingua,Warb. ex De Wild. & T.Durand,United Republic of Tanzania
Moraceae,Ficus lutea,Vahl,United Republic of Tanzania
Moraceae,Ficus mucuso,Welw. ex Ficalho,United Republic of Tanzania
Moraceae,Ficus natalensis,Hochst.,United Republic of Tanzania
Moraceae,Ficus nigropunctata,Warb. ex Mildbr. & Burret,United Republic of Tanzania
Moraceae,Ficus polita,Vahl,United Republic of Tanzania
Moraceae,Ficus populifolia,Vahl,United Republic of Tanzania
Moraceae,Ficus sansibarica,Warb.,United Republic of Tanzania
Moraceae,Ficus saussureana,DC.,United Republic of Tanzania
Moraceae,Ficus scassellatii,Pamp.,United Republic of Tanzania
Moraceae,Ficus stuhlmannii,Warb.,United Republic of Tanzania
Moraceae,Ficus sur,Forssk.,United Republic of Tanzania
Moraceae,Ficus sycomorus,L.,United Republic of Tanzania
Moraceae,Ficus thonningii,Blume,United Republic of Tanzania
Moraceae,Ficus tremula,Warb.,United Republic of Tanzania
Moraceae,Ficus trichopoda,Baker,United Republic of Tanzania
Moraceae,Ficus usambarensis,Warb.,United Republic of Tanzania
Moraceae,Ficus vallis-choudae,Delile,United Republic of Tanzania
Moraceae,Ficus variifolia,Warb.,United Republic of Tanzania
Moraceae,Ficus verruculosa,Warb.,United Republic of Tanzania
Moraceae,Ficus wakefieldii,Hutch.,United Republic of Tanzania
Moraceae,Maclura africana,(Bureau) Corner,United Republic of Tanzania
Moraceae,Mesogyne insignis,Engl.,United Republic of Tanzania
Moraceae,Milicia excelsa,(Welw.) C.C.Berg,United Republic of Tanzania
Moraceae,Sloetiopsis usambarensis,Engl.,United Republic of Tanzania
Moraceae,Treculia africana,Decne. ex Trécul,United Republic of Tanzania
Moraceae,Trilepisium madagascariense,DC.,United Republic of Tanzania
Myricaceae,Morella kandtiana,(Engl.) Verdc. & Polhill,United Republic of Tanzania
Myricaceae,Morella salicifolia,(Hochst. ex A.Rich.) Verdc. & Polhill,United Republic of Tanzania
Myricaceae,Morella serrata,(Lam.) Killick,United Republic of Tanzania
Myricaceae,Morella spathulata,(Mirb.) Verdc. & Polhill     ,United Republic of Tanzania
Myristicaceae,Cephalosphaera usambarensis,(Warb.) Warb.,United Republic of Tanzania
Myristicaceae,Pycnanthus angolensis,(Welw.) Warb.,United Republic of Tanzania
Myrtaceae,Eugenia bukobensis,Engl.,United Republic of Tanzania
Myrtaceae,Eugenia capensis,(Eckl. & Zeyh.) Harv.,United Republic of Tanzania
Myrtaceae,Eugenia mufindiensis,Verdc.,United Republic of Tanzania
Myrtaceae,Eugenia toxanatolica,Verdc.,United Republic of Tanzania
Myrtaceae,Syzygium afromontanum,(F.White) Byng,United Republic of Tanzania
Myrtaceae,Syzygium congolense,Vermoesen,United Republic of Tanzania
Myrtaceae,Syzygium cordatum,Hochst. ex Krauss,United Republic of Tanzania
Myrtaceae,Syzygium guineense,(Willd.) DC.,United Republic of Tanzania
Myrtaceae,Syzygium masukuense,(Baker) R.E.Fr.,United Republic of Tanzania
Myrtaceae,Syzygium micklethwaitii,Verdc.,United Republic of Tanzania
Myrtaceae,Syzygium owariense,(P.Beauv.) Benth.,United Republic of Tanzania
Myrtaceae,Syzygium parvifolium,(Engl.) Mildbr.,United Republic of Tanzania
Myrtaceae,Syzygium parvulum,Mildbr. ex Amshoff,United Republic of Tanzania
Myrtaceae,Syzygium shimbaense,(Verdc.) Byng & Christenh.,United Republic of Tanzania
Myrtaceae,Syzygium subcordatum,(Verdc.) Byng & N.Snow,United Republic of Tanzania
Nyctaginaceae,Pisonia aculeata,L.,United Republic of Tanzania
Nyctaginaceae,Pisonia grandis,R.Br.,United Republic of Tanzania
Ochnaceae,Brackenridgea zanguebarica,Oliv.,United Republic of Tanzania
Ochnaceae,Campylospermum bukobense,(Gilg) Farron,United Republic of Tanzania
Ochnaceae,Campylospermum densiflorum,(De Wild. & T.Durand) Farron,United Republic of Tanzania
Ochnaceae,Campylospermum lutambense,(Sleumer) Biss.,United Republic of Tanzania
Ochnaceae,Campylospermum sacleuxii,(Tiegh.) Farron,United Republic of Tanzania
Ochnaceae,Campylospermum scheffleri,(Engl. & Gilg) Farron,United Republic of Tanzania
Ochnaceae,Campylospermum vogelii,(Hook.f.) Farron,United Republic of Tanzania
Ochnaceae,Ochna afzelii,R.Br. ex Oliv.,United Republic of Tanzania
Ochnaceae,Ochna afzelioides,N.Robson,United Republic of Tanzania
Ochnaceae,Ochna apetala,Verdc.,United Republic of Tanzania
Ochnaceae,Ochna confusa,Burtt Davy & Greenway,United Republic of Tanzania
Ochnaceae,Ochna cyanophylla,N. Robson,United Republic of Tanzania
Ochnaceae,Ochna gambleoides,N.Robson,United Republic of Tanzania
Ochnaceae,Ochna holstii,Engl.,United Republic of Tanzania
Ochnaceae,Ochna holtzii,Gilg,United Republic of Tanzania
Ochnaceae,Ochna inermis,(Forssk.) Schweinf.,United Republic of Tanzania
Ochnaceae,Ochna insculpta,Sleumer,United Republic of Tanzania
Ochnaceae,Ochna kirkii,Oliv.,United Republic of Tanzania
Ochnaceae,Ochna mchanga,T.Shah,United Republic of Tanzania
Ochnaceae,Ochna monantha,Gilg,United Republic of Tanzania
Ochnaceae,Ochna mossambicensis,Klotzsch,United Republic of Tanzania
Ochnaceae,Ochna ovata,F.Hoffm.,United Republic of Tanzania
Ochnaceae,Ochna oxyphylla,N.Robson,United Republic of Tanzania
Ochnaceae,Ochna polyarthra,Verdc.,United Republic of Tanzania
Ochnaceae,Ochna polyneura,Gilg,United Republic of Tanzania
Ochnaceae,Ochna pseudoprocera,Sleumer,United Republic of Tanzania
Ochnaceae,Ochna puberula,N.Robson,United Republic of Tanzania
Ochnaceae,Ochna rovumensis,Gilg,United Republic of Tanzania
Ochnaceae,Ochna schliebenii,Sleumer,United Republic of Tanzania
Ochnaceae,Ochna schweinfurthiana,F.Hoffm.,United Republic of Tanzania
Ochnaceae,Ochna thomasiana,Engl. & Gilg,United Republic of Tanzania
Olacaceae,Octoknema orientalis,Mildbr.,United Republic of Tanzania
Olacaceae,Olax dissitiflora,Oliv.,United Republic of Tanzania
Olacaceae,Olax obtusifolia,De Wild.,United Republic of Tanzania
Olacaceae,Olax pentandra,Sleumner,United Republic of Tanzania
Olacaceae,Strombosia scheffleri,Engl.,United Republic of Tanzania
Olacaceae,Ximenia americana,L.,United Republic of Tanzania
Olacaceae,Ximenia caffra,Sond.,United Republic of Tanzania
Oleaceae,Noronhia africana,(Knobl.) Hong-Wa & Besnard,United Republic of Tanzania
Oleaceae,Noronhia battiscombei,(Hutch.) Hong-Wa & Besnard,United Republic of Tanzania
Oleaceae,Noronhia mildbraedii,(Gilg & G.Schellenb.),United Republic of Tanzania
Oleaceae,Noronhia nilotica,(Oliv.) Hong-Wa & Besnard,United Republic of Tanzania
Oleaceae,Olea capensis,L.,United Republic of Tanzania
Oleaceae,Olea europaea,L.,United Republic of Tanzania
Oleaceae,Olea schliebenii,Knobl.,United Republic of Tanzania
Oleaceae,Olea welwitschii,(Knobl.) Gilg & G.Schellenb.,United Republic of Tanzania
Oleaceae,Olea woodiana,Knobl.,United Republic of Tanzania
Oleaceae,Schrebera alata,(Hochst.) Welw.,United Republic of Tanzania
Oleaceae,Schrebera arborea,A.Chev.,United Republic of Tanzania
Oleaceae,Schrebera trichoclada,Welw.,United Republic of Tanzania
Opiliaceae,Opilia campestris,Engl.,United Republic of Tanzania
Opiliaceae,Pentarhopalopilia umbellulata,(Baill.) Hiepko,United Republic of Tanzania
Pandanaceae,Pandanus chiliocarpus,Stapf,United Republic of Tanzania
Pandanaceae,Pandanus kirkii,Rendle,United Republic of Tanzania
Pandanaceae,Pandanus rabaiensis,Rendle.,United Republic of Tanzania
Passifloraceae,Barteria dewevrei,De Wild. & T.Durand,United Republic of Tanzania
Passifloraceae,Paropsia braunii,Gilg,United Republic of Tanzania
Passifloraceae,Paropsia grewioides,Welw. ex Mast.,United Republic of Tanzania
Passifloraceae,Viridivia suberosa,Hemsl. & Verdc.,United Republic of Tanzania
Pedaliaceae,Sesamothamnus busseanus,Engl.,United Republic of Tanzania
Penaeaceae,Olinia huillensis,Welw. ex A.Fern. & R.Fern.,United Republic of Tanzania
Penaeaceae,Olinia rochetiana,A.Juss.,United Republic of Tanzania
Penaeaceae,Olinia ruandensis,Gilg,United Republic of Tanzania
Pentaphylacaceae,Balthasaria schliebenii,(Melch.) Verdc.,United Republic of Tanzania
Pentaphylacaceae,Ternstroemia polypetala,Melch.,United Republic of Tanzania
Peraceae,Clutia abyssinica,Jaub. & Spach,United Republic of Tanzania
Peraceae,Clutia kilimandscharica,Engl.,United Republic of Tanzania
Phyllanthaceae,Antidesma membranaceum,Müll.Arg.,United Republic of Tanzania
Phyllanthaceae,Antidesma rufescens,Tul.,United Republic of Tanzania
Phyllanthaceae,Antidesma venosum,E.Mey. ex Tul.,United Republic of Tanzania
Phyllanthaceae,Antidesma vogelianum,Müll.Arg.,United Republic of Tanzania
Phyllanthaceae,Bridelia atroviridis,Müll.Arg.,United Republic of Tanzania
Phyllanthaceae,Bridelia brideliifolia,(Pax) Fedde,United Republic of Tanzania
Phyllanthaceae,Bridelia cathartica,Bertol.,United Republic of Tanzania
Phyllanthaceae,Bridelia duvigneaudii,J.Léonard,United Republic of Tanzania
Phyllanthaceae,Bridelia micrantha,(Hochst.) Baill.,United Republic of Tanzania
Phyllanthaceae,Bridelia scleroneura,Müll.Arg.,United Republic of Tanzania
Phyllanthaceae,Cleistanthus polystachyus,Hook.f. ex Planch.,United Republic of Tanzania
Phyllanthaceae,Cleistanthus schlechteri,(Pax) Hutch.,United Republic of Tanzania
Phyllanthaceae,Flueggea virosa,(Roxb. ex Willd.) Royle,United Republic of Tanzania
Phyllanthaceae,Heywoodia lucens,Sim,United Republic of Tanzania
Phyllanthaceae,Hymenocardia acida,Tul.,United Republic of Tanzania
Phyllanthaceae,Hymenocardia ulmoides,Oliv.,United Republic of Tanzania
Phyllanthaceae,Lingelsheimia sylvestris,(Radcl.-Sm.) Radcl.-Sm.,United Republic of Tanzania
Phyllanthaceae,Margaritaria discoidea,(Baill.) G.L.Webster,United Republic of Tanzania
Phyllanthaceae,Meineckia acuminata,(Verdc.) Jean F.Brunel,United Republic of Tanzania
Phyllanthaceae,Meineckia capillipes,(S.F.Blake) G.L.Webster,United Republic of Tanzania
Phyllanthaceae,Meineckia grandiflora,(Verdc.) Jean F.Brunel,United Republic of Tanzania
Phyllanthaceae,Meineckia nguruensis,(Radcl.-Sm.) Jean F.Brunel,United Republic of Tanzania
Phyllanthaceae,Meineckia paxii,Jean F.Brunel,United Republic of Tanzania
Phyllanthaceae,Meineckia stipularis,(Radcl.-Sm.) Jean F.Brunel,United Republic of Tanzania
Phyllanthaceae,Phyllanthus engleri,Pax,United Republic of Tanzania
Phyllanthaceae,Phyllanthus kaessneri,Hutch.,United Republic of Tanzania
Phyllanthaceae,Phyllanthus ovalifolius,Forssk.,United Republic of Tanzania
Phyllanthaceae,Phyllanthus physocarpus,Müll.Arg.,United Republic of Tanzania
Phyllanthaceae,Phyllanthus pinnatus,(Wight) G.L.Webster,United Republic of Tanzania
Phyllanthaceae,Phyllanthus polyanthus,Pax,United Republic of Tanzania
Phyllanthaceae,Pseudolachnostylis maprouneifolia,Pax,United Republic of Tanzania
Phyllanthaceae,Spondianthus preussii,Engl.,United Republic of Tanzania
Phyllanthaceae,Thecacoris lucida,(Pax) Hutch.,United Republic of Tanzania
Phyllanthaceae,Uapaca kirkiana,Müll.Arg.,United Republic of Tanzania
Phyllanthaceae,Uapaca mole,Pax,United Republic of Tanzania
Phyllanthaceae,Uapaca nitida,Müll.Arg.,United Republic of Tanzania
Phyllanthaceae,Uapaca pilosa,Hutch.,United Republic of Tanzania
Phyllanthaceae,Uapaca sansibarica,Pax,United Republic of Tanzania
Picrodendraceae,Aristogeitonia magnistipula,Radcl.-Sm.,United Republic of Tanzania
Picrodendraceae,Aristogeitonia monophylla,Airy Shaw,United Republic of Tanzania
Picrodendraceae,Oldfieldia dactylophylla,(Welw. ex Oliv.) J.Léonard,United Republic of Tanzania
Picrodendraceae,Oldfieldia somalensis,(Chiov.) Milne-Redh.,United Republic of Tanzania
Piperaceae,Piper guineense,Schumach. & Thonn.,United Republic of Tanzania
Pittosporaceae,Pittosporum abyssinicum,Delile,United Republic of Tanzania
Pittosporaceae,Pittosporum goetzei,Engl.,United Republic of Tanzania
Pittosporaceae,Pittosporum viridiflorum,Sims,United Republic of Tanzania
Podocarpaceae,Afrocarpus dawei,(Stapf) C.N.Page,United Republic of Tanzania
Podocarpaceae,Afrocarpus gracilior,(Pilg.) C.N.Page,United Republic of Tanzania
Podocarpaceae,Afrocarpus usambarensis,(Pilg.) C.N.Page,United Republic of Tanzania
Podocarpaceae,Podocarpus henkelii,Stapf ex Dallim. & B.D.Jacks.,United Republic of Tanzania
Podocarpaceae,Podocarpus milanjianus,Rendle,United Republic of Tanzania
Polygalaceae,Carpolobia goetzei,Gürke,United Republic of Tanzania
Polygalaceae,Securidaca longepedunculata,Fresen.,United Republic of Tanzania
Primulaceae,Embelia upembensis,Taton,United Republic of Tanzania
Primulaceae,Maesa lanceolata,Forssk.,United Republic of Tanzania
Primulaceae,Maesa welwitschii,Gilg,United Republic of Tanzania
Primulaceae,Myrsine melanophloeos,(L.) R.Br. ex Sweet,United Republic of Tanzania
Proteaceae,Faurea arborea,Engl.,United Republic of Tanzania
Proteaceae,Faurea delevoyi,De Wild.,United Republic of Tanzania
Proteaceae,Faurea intermedia,Engl. & Gilg,United Republic of Tanzania
Proteaceae,Faurea rochetiana,(A.Rich.) Chiov. ex Pic.Serm.,United Republic of Tanzania
Proteaceae,Faurea saligna,Harv.,United Republic of Tanzania
Proteaceae,Faurea wentzeliana,Engl.,United Republic of Tanzania
Proteaceae,Protea angolensis,Welw.,United Republic of Tanzania
Proteaceae,Protea caffra,Meisn.,United Republic of Tanzania
Proteaceae,Protea gaguedi,J.F.Gmel.,United Republic of Tanzania
Proteaceae,Protea madiensis,Oliv.,United Republic of Tanzania
Proteaceae,Protea petiolaris,(Hiern) Baker & C.H.Wright,United Republic of Tanzania
Proteaceae,Protea rubrobracteata,Engl.,United Republic of Tanzania
Proteaceae,Protea rupestris,R.E.Fr.,United Republic of Tanzania
Proteaceae,Protea welwitschii,Engl.,United Republic of Tanzania
Putranjivaceae,Drypetes arguta,(Müll.Arg.) Hutch.,United Republic of Tanzania
Putranjivaceae,Drypetes gerrardii,Hutch.,United Republic of Tanzania
Putranjivaceae,Drypetes gerrardinoides,Radcl.-Sm.,United Republic of Tanzania
Putranjivaceae,Drypetes natalensis,(Harv.) Hutch.,United Republic of Tanzania
Putranjivaceae,Drypetes parvifolia,(Müll.Arg.) Pax & K.Hoffm.,United Republic of Tanzania
Putranjivaceae,Drypetes reticulata,Pax,United Republic of Tanzania
Putranjivaceae,Drypetes sclerophylla,Mildbr.,United Republic of Tanzania
Putranjivaceae,Drypetes usambarica,(Pax) Hutch.,United Republic of Tanzania
Putranjivaceae,Sibangea pleioneura,Radcl.-Sm.,United Republic of Tanzania
Rhamnaceae,Berchemia discolor,(Klotzsch) Hemsl.,United Republic of Tanzania
Rhamnaceae,Lasiodiscus mildbraedii,Engl.,United Republic of Tanzania
Rhamnaceae,Lasiodiscus pervillei,Baill.,United Republic of Tanzania
Rhamnaceae,Lasiodiscus usambarensis,Engl.,United Republic of Tanzania
Rhamnaceae,Maesopsis eminii,Engl.,United Republic of Tanzania
Rhamnaceae,Rhamnus prinoides,L'Hér.,United Republic of Tanzania
Rhamnaceae,Rhamnus staddo,A.Rich.,United Republic of Tanzania
Rhamnaceae,Ziziphus abyssinica,Hochst. ex A.Rich.,United Republic of Tanzania
Rhamnaceae,Ziziphus mauritiana,Lam.,United Republic of Tanzania
Rhamnaceae,Ziziphus mucronata,Willd.,United Republic of Tanzania
Rhamnaceae,Ziziphus robertsoniana,Beentje,United Republic of Tanzania
Rhamnaceae,Ziziphus spina-christi,(L.) Desf.,United Republic of Tanzania
Rhizophoraceae,Bruguiera gymnorhiza,(L.) Lam.,United Republic of Tanzania
Rhizophoraceae,Cassipourea celastroides,Alston,United Republic of Tanzania
Rhizophoraceae,Cassipourea congoensis,R.Br. ex DC.,United Republic of Tanzania
Rhizophoraceae,Cassipourea euryoides,Alston,United Republic of Tanzania
Rhizophoraceae,Cassipourea gummiflua,Tul.,United Republic of Tanzania
Rhizophoraceae,Cassipourea malosana,(Baker) Alston,United Republic of Tanzania
Rhizophoraceae,Cassipourea mollis,(R.E.Fr.) Alston,United Republic of Tanzania
Rhizophoraceae,Cassipourea rotundifolia,(Engl.) Alston,United Republic of Tanzania
Rhizophoraceae,Cassipourea ruwensorensis,(Engl.) Alston,United Republic of Tanzania
Rhizophoraceae,Ceriops tagal,(Perr.) C.B.Rob.,United Republic of Tanzania
Rhizophoraceae,Rhizophora mucronata,Poir.,United Republic of Tanzania
Rosaceae,Hagenia abyssinica,(Bruce) J.F.Gmel.,United Republic of Tanzania
Rosaceae,Prunus africana,(Hook.f.) Kalkman,United Republic of Tanzania
Rubiaceae,Afrocanthium burttii,(Bullock) Lantz,United Republic of Tanzania
Rubiaceae,Afrocanthium keniense,(Bullock) Lantz,United Republic of Tanzania
Rubiaceae,Afrocanthium lactescens,(Hiern) Lantz,United Republic of Tanzania
Rubiaceae,Afrocanthium parasiebenlistii,(Bridson) Lantz,United Republic of Tanzania
Rubiaceae,Afrocanthium peteri,(Bridson) Lantz,United Republic of Tanzania
Rubiaceae,Afrocanthium pseudoverticillatum,(S.Moore) Lantz,United Republic of Tanzania
Rubiaceae,Afrocanthium racemulosum,(S.Moore) Lantz,United Republic of Tanzania
Rubiaceae,Afrocanthium rondoense,(Bridson) Lantz,United Republic of Tanzania
Rubiaceae,Afrocanthium shabanii,(Bridson) Lantz,United Republic of Tanzania
Rubiaceae,Afrocanthium siebenlistii,(K.Krause) Lantz,United Republic of Tanzania
Rubiaceae,Afrocanthium vollesenii,(Bridson) Lantz,United Republic of Tanzania
Rubiaceae,Aidia abeidii,S.E.Dawson & Gereau,United Republic of Tanzania
Rubiaceae,Aidia crassifolia,S.E.Dawson & Gereau,United Republic of Tanzania
Rubiaceae,Aidia micrantha,(K.Schum.) Bullock ex F.White,United Republic of Tanzania
Rubiaceae,Aoranthe penduliflora,(K.Schum.) Somers,United Republic of Tanzania
Rubiaceae,Aulacocalyx laxiflora,E.M.A.Petit,United Republic of Tanzania
Rubiaceae,Belonophora coffeoides,Hook.f.,United Republic of Tanzania
Rubiaceae,Bertiera naucleoides,(S.Moore) Bridson,United Republic of Tanzania
Rubiaceae,Bertiera pauloi,Verdc.,United Republic of Tanzania
Rubiaceae,Bertiera racemosa,(G.Don) K.Schum.,United Republic of Tanzania
Rubiaceae,Breonadia salicina,(Vahl) Hepper & J.R.I.Wood,United Republic of Tanzania
Rubiaceae,Bullockia dyscritos,"(Bullock) Razafim., Lantz & B.Bremer",United Republic of Tanzania
Rubiaceae,Bullockia impressinervia,"(Bridson) Razafim., Lantz & B.Bremer",United Republic of Tanzania
Rubiaceae,Bullockia mombazensis,"(Baill.) Razafim., Lantz & B.Bremer",United Republic of Tanzania
Rubiaceae,Calycosiphonia spathicalyx,(K.Schum.) Robbr.,United Republic of Tanzania
Rubiaceae,Canthium oligocarpum,Hiern,United Republic of Tanzania
Rubiaceae,Catunaregam nilotica,(Stapf) Tirveng.,United Republic of Tanzania
Rubiaceae,Catunaregam taylorii,(S.Moore) Bridson,United Republic of Tanzania
Rubiaceae,Cephalanthus natalensis,Oliv.,United Republic of Tanzania
Rubiaceae,Chassalia albiflora,K.Krause,United Republic of Tanzania
Rubiaceae,Chassalia kenyensis,Verdc.,United Republic of Tanzania
Rubiaceae,Chassalia parvifolia,K.Schum.,United Republic of Tanzania
Rubiaceae,Chassalia subochreata,(De Wild.) Robyns,United Republic of Tanzania
Rubiaceae,Chazaliella abrupta,(Hiern) E.M.A.Petit & Verdc.,United Republic of Tanzania
Rubiaceae,Coffea bridsoniae,A.P.Davis & Mvungi,United Republic of Tanzania
Rubiaceae,Coffea canephora,Pierre ex A.Froehner,United Republic of Tanzania
Rubiaceae,Coffea costatifructa,Bridson,United Republic of Tanzania
Rubiaceae,Coffea eugenioides,S.Moore,United Republic of Tanzania
Rubiaceae,Coffea kihansiensis,A.P.Davis & Mvungi,United Republic of Tanzania
Rubiaceae,Coffea kimbozensis,Bridson,United Republic of Tanzania
Rubiaceae,Coffea lulandoensis,Bridson,United Republic of Tanzania
Rubiaceae,Coffea mongensis,Bridson,United Republic of Tanzania
Rubiaceae,Coffea mufindiensis,Hutch. ex Bridson,United Republic of Tanzania
Rubiaceae,Coffea pocsii,Bridson,United Republic of Tanzania
Rubiaceae,Coffea pseudozanguebariae,Bridson,United Republic of Tanzania
Rubiaceae,Coffea salvatrix,Swynn. & Philipson,United Republic of Tanzania
Rubiaceae,Coffea schliebenii,Bridson,United Republic of Tanzania
Rubiaceae,Coffea sessiliflora,Bridson,United Republic of Tanzania
Rubiaceae,Coffea zanguebariae,Lour.,United Republic of Tanzania
Rubiaceae,Coptosperma graveolens,(S.Moore) Degreef,United Republic of Tanzania
Rubiaceae,Coptosperma littorale,(Hiern) Degreef,United Republic of Tanzania
Rubiaceae,Coptosperma neurophyllum,(S.Moore) Degreef,United Republic of Tanzania
Rubiaceae,Coptosperma nigrescens,Hook.f.,United Republic of Tanzania
Rubiaceae,Coptosperma supra-axillare,(Hemsl.) Degreef,United Republic of Tanzania
Rubiaceae,Craterispermum longipedunculatum,Verdc.,United Republic of Tanzania
Rubiaceae,Craterispermum schweinfurthii,Hiern,United Republic of Tanzania
Rubiaceae,Cremaspora triflora,(Thonn.) K.Schum.,United Republic of Tanzania
Rubiaceae,Crossopteryx febrifuga,(Afzel. ex G.Don) Benth.,United Republic of Tanzania
Rubiaceae,Cuviera migeodii,Verdc.,United Republic of Tanzania
Rubiaceae,Cuviera schliebenii,Verdc.,United Republic of Tanzania
Rubiaceae,Cuviera semseii,Verdc.,United Republic of Tanzania
Rubiaceae,Cuviera tomentosa,Verdc.,United Republic of Tanzania
Rubiaceae,Didymosalpinx norae,(Swynn.) Keay,United Republic of Tanzania
Rubiaceae,Dirichletia glaucescens,Hiern,United Republic of Tanzania
Rubiaceae,Empogona acidophylla,(Robbr.) Tosh & Robbr.,United Republic of Tanzania
Rubiaceae,Empogona congesta,(Oliv.) J.E.Burrows,United Republic of Tanzania
Rubiaceae,Empogona coriacea,(Sond.) Tosh & Robbr.,United Republic of Tanzania
Rubiaceae,Empogona kirkii,Hook.f.,United Republic of Tanzania
Rubiaceae,Empogona ovalifolia,(Hiern) Tosh & Robbr.,United Republic of Tanzania
Rubiaceae,Feretia aeruginescens,Stapf,United Republic of Tanzania
Rubiaceae,Feretia apodanthera,Delile,United Republic of Tanzania
Rubiaceae,Galiniera saxifraga,(Hochst.) Bridson,United Republic of Tanzania
Rubiaceae,Gardenia imperialis,K.Schum.,United Republic of Tanzania
Rubiaceae,Gardenia posoquerioides,S.Moore,United Republic of Tanzania
Rubiaceae,Gardenia resiniflua,Hiern,United Republic of Tanzania
Rubiaceae,Gardenia ternifolia,Schumach. & Thonn.,United Republic of Tanzania
Rubiaceae,Gardenia transvenulosa,Verdc.,United Republic of Tanzania
Rubiaceae,Gardenia volkensii,K.Schum.,United Republic of Tanzania
Rubiaceae,Guettarda speciosa,L.,United Republic of Tanzania
Rubiaceae,Heinsenia diervilleoides,K.Schum.,United Republic of Tanzania
Rubiaceae,Heinsia bussei,Verdc.,United Republic of Tanzania
Rubiaceae,Heinsia crinita,(Afzel.) G.Taylor,United Republic of Tanzania
Rubiaceae,Heinsia zanzibarica,(Bojer) Verdc.,United Republic of Tanzania
Rubiaceae,Hymenodictyon floribundum,(Hochst. & Steud.) B.L.Rob.,United Republic of Tanzania
Rubiaceae,Hymenodictyon parvifolium,Oliv.,United Republic of Tanzania
Rubiaceae,Ixora albersii,K.Schum.,United Republic of Tanzania
Rubiaceae,Ixora burundiensis,Bridson,United Republic of Tanzania
Rubiaceae,Ixora hartiana,De Block,United Republic of Tanzania
Rubiaceae,Ixora narcissodora,K.Schum.,United Republic of Tanzania
Rubiaceae,Ixora scheffleri,K.Schum. & K.Krause,United Republic of Tanzania
Rubiaceae,Keetia davidii,Bridson & Cheek,United Republic of Tanzania
Rubiaceae,Keetia gueinzii,(Sond.) Bridson,United Republic of Tanzania
Rubiaceae,Keetia koritschoneri,Bridson,United Republic of Tanzania
Rubiaceae,Keetia purpurascens,(Bullock) Bridson,United Republic of Tanzania
Rubiaceae,Keetia venosa,(Oliv.) Bridson,United Republic of Tanzania
Rubiaceae,Keetia zanzibarica,(Klotzsch) Bridson,United Republic of Tanzania
Rubiaceae,Kraussia kirkii,(Hook.f.) Bullock,United Republic of Tanzania
Rubiaceae,Kraussia speciosa,Bullock,United Republic of Tanzania
Rubiaceae,Lamprothamnus zanguebaricus,Hiern,United Republic of Tanzania
Rubiaceae,Lasianthus cereiflorus,E.A.Bruce,United Republic of Tanzania
Rubiaceae,Lasianthus glomeruliflorus,K.Schum.,United Republic of Tanzania
Rubiaceae,Lasianthus kilimandscharicus,K.Schum.,United Republic of Tanzania
Rubiaceae,Lasianthus laxinervis,(Verdc.) Jannerup,United Republic of Tanzania
Rubiaceae,Lasianthus macrocalyx,K.Schum.,United Republic of Tanzania
Rubiaceae,Lasianthus pedunculatus,E.A.Bruce,United Republic of Tanzania
Rubiaceae,Lasianthus wallacei,E.A.Bruce,United Republic of Tanzania
Rubiaceae,Leptactina delagoensis,K.Schum.,United Republic of Tanzania
Rubiaceae,Leptactina oxyloba,K.Schum.,United Republic of Tanzania
Rubiaceae,Leptactina papyrophloea,Verdc.,United Republic of Tanzania
Rubiaceae,Leptactina platyphylla,(Hiern) Wernham,United Republic of Tanzania
Rubiaceae,Meyna tetraphylla,(Schweinf. ex Hiern) Robyns,United Republic of Tanzania
Rubiaceae,Mitragyna rubrostipulata,(K.Schum.) Havil.,United Republic of Tanzania
Rubiaceae,Morinda asteroscepa,K.Schum.,United Republic of Tanzania
Rubiaceae,Morinda lucida,Benth.,United Republic of Tanzania
Rubiaceae,Multidentia castanea,(Robyns) Bridson & Verdc.,United Republic of Tanzania
Rubiaceae,Multidentia crassa,(Hiern) Bridson & Verdc.,United Republic of Tanzania
Rubiaceae,Multidentia exserta,Bridson,United Republic of Tanzania
Rubiaceae,Multidentia fanshawei,(Tennant) Bridson,United Republic of Tanzania
Rubiaceae,Multidentia kingupirensis,Bridson,United Republic of Tanzania
Rubiaceae,Multidentia sclerocarpa,(K.Schum.) Bridson,United Republic of Tanzania
Rubiaceae,Mussaenda erythrophylla,Schumach. & Thonn.,United Republic of Tanzania
Rubiaceae,Mussaenda microdonta,Wernham,United Republic of Tanzania
Rubiaceae,Mussaenda monticola,K.Krause,United Republic of Tanzania
Rubiaceae,Nauclea nyasica,(Hoyle) Å.Krüger & Löfstrand,United Republic of Tanzania
Rubiaceae,Oxyanthus biflorus,J.E.Burrows & S.M.Burrows,United Republic of Tanzania
Rubiaceae,Oxyanthus haerdii,Bridson,United Republic of Tanzania
Rubiaceae,Oxyanthus pyriformis,(Hochst.) Skeels,United Republic of Tanzania
Rubiaceae,Oxyanthus speciosus,DC.,United Republic of Tanzania
Rubiaceae,Oxyanthus zanguebaricus,(Hiern) Bridson,United Republic of Tanzania
Rubiaceae,Paracephaelis trichantha,(Baker) De Block,United Republic of Tanzania
Rubiaceae,Pauridiantha chlorantha,(K.Schum.) Ntore & O.Lachenaud,United Republic of Tanzania
Rubiaceae,Pauridiantha hirsuta,Ntore,United Republic of Tanzania
Rubiaceae,Pauridiantha paucinervis,(Hiern) Bremek.,United Republic of Tanzania
Rubiaceae,Pauridiantha symplocoides,(S.Moore) Bremek.,United Republic of Tanzania
Rubiaceae,Pauridiantha viridiflora,(Schweinf. ex Hiern) Hepper,United Republic of Tanzania
Rubiaceae,Pavetta abyssinica,Fresen.,United Republic of Tanzania
Rubiaceae,Pavetta axillipara,Bremek.,United Republic of Tanzania
Rubiaceae,Pavetta bagshawei,S.Moore,United Republic of Tanzania
Rubiaceae,Pavetta comostyla,S.Moore,United Republic of Tanzania
Rubiaceae,Pavetta crassipes,K.Schum.,United Republic of Tanzania
Rubiaceae,Pavetta delicatifolia,Bridson,United Republic of Tanzania
Rubiaceae,Pavetta gardeniifolia,Hochst. ex A.Rich.,United Republic of Tanzania
Rubiaceae,Pavetta gerstneri,Bremek.,United Republic of Tanzania
Rubiaceae,Pavetta holstii,K.Schum.,United Republic of Tanzania
Rubiaceae,Pavetta hymenophylla,Bremek.,United Republic of Tanzania
Rubiaceae,Pavetta intermedia,Bremek.,United Republic of Tanzania
Rubiaceae,Pavetta johnstonii,Bremek.,United Republic of Tanzania
Rubiaceae,Pavetta kyimbilensis,Bremek.,United Republic of Tanzania
Rubiaceae,Pavetta linearifolia,Bremek.,United Republic of Tanzania
Rubiaceae,Pavetta lynesii,Bridson,United Republic of Tanzania
Rubiaceae,Pavetta macrosepala,Hiern,United Republic of Tanzania
Rubiaceae,Pavetta manyanguensis,Bridson,United Republic of Tanzania
Rubiaceae,Pavetta molundensis,K.Krause,United Republic of Tanzania
Rubiaceae,Pavetta nitidissima,Bridson,United Republic of Tanzania
Rubiaceae,Pavetta nitidula,Welw. ex Hiern,United Republic of Tanzania
Rubiaceae,Pavetta oliveriana,Hiern,United Republic of Tanzania
Rubiaceae,Pavetta roseostellata,Bridson,United Republic of Tanzania
Rubiaceae,Pavetta schumanniana,F.Hoffm. ex K.Schum.,United Republic of Tanzania
Rubiaceae,Pavetta sepium,K.Schum.,United Republic of Tanzania
Rubiaceae,Pavetta sparsipila,Bremek.,United Republic of Tanzania
Rubiaceae,Pavetta sphaerobotrys,K.Schum.,United Republic of Tanzania
Rubiaceae,Pavetta subcana,Hiern,United Republic of Tanzania
Rubiaceae,Pavetta subumbellata,Bremek.,United Republic of Tanzania
Rubiaceae,Pavetta tendagurensis,Bremek.,United Republic of Tanzania
Rubiaceae,Pavetta ternifolia,Hiern,United Republic of Tanzania
Rubiaceae,Pavetta uniflora,Bremek.,United Republic of Tanzania
Rubiaceae,Phellocalyx vollescenii,Bridson,United Republic of Tanzania
Rubiaceae,Polysphaeria dischistocalyx,Brenan,United Republic of Tanzania
Rubiaceae,Polysphaeria lanceolata,Hiern,United Republic of Tanzania
Rubiaceae,Polysphaeria macrantha,Brenan,United Republic of Tanzania
Rubiaceae,Polysphaeria multiflora,Hiern,United Republic of Tanzania
Rubiaceae,Polysphaeria ntemii,S.E.Dawson & Gereau,United Republic of Tanzania
Rubiaceae,Polysphaeria parvifolia,Hiern,United Republic of Tanzania
Rubiaceae,Psychotria alsophila,K.Schum.,United Republic of Tanzania
Rubiaceae,Psychotria bagshawei,E.M.A.Petit,United Republic of Tanzania
Rubiaceae,Psychotria brucei,Verdc.,United Republic of Tanzania
Rubiaceae,Psychotria capensis,(Eckl.) Vatke,United Republic of Tanzania
Rubiaceae,Psychotria cyathicalyx,E.M.A.Petit,United Republic of Tanzania
Rubiaceae,Psychotria diploneura,(K.Schum.) Bridson & Verdc.,United Republic of Tanzania
Rubiaceae,Psychotria elachistantha,(K.Schum.) E.M.A.Petit,United Republic of Tanzania
Rubiaceae,Psychotria eminiana,(Kuntze) E.M.A.Petit,United Republic of Tanzania
Rubiaceae,Psychotria fractinervata,E.M.A.Petit,United Republic of Tanzania
Rubiaceae,Psychotria goetzei,(K.Schum.) E.M.A.Petit,United Republic of Tanzania
Rubiaceae,Psychotria lauracea,(K.Schum.) E.M.A.Petit,United Republic of Tanzania
Rubiaceae,Psychotria linearisepala,E.M.A.Petit,United Republic of Tanzania
Rubiaceae,Psychotria mahonii,C.H.Wright,United Republic of Tanzania
Rubiaceae,Psychotria megalopus,Verdc.,United Republic of Tanzania
Rubiaceae,Psychotria megistantha,E.M.A.Petit,United Republic of Tanzania
Rubiaceae,Psychotria orophila,E.M.A.Petit,United Republic of Tanzania
Rubiaceae,Psychotria peduncularis,(Salisb.) Steyerm.,United Republic of Tanzania
Rubiaceae,Psychotria peteri,E.M.A.Petit,United Republic of Tanzania
Rubiaceae,Psychotria pseudoplatyphylla,E.M.A.Petit,United Republic of Tanzania
Rubiaceae,Psychotria punctata,Vatke,United Republic of Tanzania
Rubiaceae,Psychotria schliebenii,E.M.A.Petit,United Republic of Tanzania
Rubiaceae,Psychotria succulenta,(Hiern) E.M.A.Petit,United Republic of Tanzania
Rubiaceae,Psychotria tenuipetiolata,Verdc.,United Republic of Tanzania
Rubiaceae,Psychotria zombamontana,(Kuntze) E.M.A.Petit,United Republic of Tanzania
Rubiaceae,Psydrax faulknerae,Bridson,United Republic of Tanzania
Rubiaceae,Psydrax kibuwae,Bridson,United Republic of Tanzania
Rubiaceae,Psydrax livida,(Hiern) Bridson,United Republic of Tanzania
Rubiaceae,Psydrax lynesii,Bullock ex Bridson,United Republic of Tanzania
Rubiaceae,Psydrax micans,(Bullock) Bridson,United Republic of Tanzania
Rubiaceae,Psydrax parviflora,(Afzel.) Bridson,United Republic of Tanzania
Rubiaceae,Psydrax schimperianus,(A.Rich.) Bridson,United Republic of Tanzania
Rubiaceae,Psydrax whitei,Bridson,United Republic of Tanzania
Rubiaceae,Pyrostria bibracteata,(Baker) Cavaco,United Republic of Tanzania
Rubiaceae,Pyrostria lobulata,Bridson,United Republic of Tanzania
Rubiaceae,Pyrostria makovui,Matheka & I.Darbysh.,United Republic of Tanzania
Rubiaceae,Pyrostria phyllanthoidea,(Baill.) Bridson,United Republic of Tanzania
Rubiaceae,Rothmannia engleriana,(K.Schum.) Keay,United Republic of Tanzania
Rubiaceae,Rothmannia fischeri,(K.Schum.) Bullock ex Oberm.,United Republic of Tanzania
Rubiaceae,Rothmannia longiflora,Salisb.,United Republic of Tanzania
Rubiaceae,Rothmannia macrosiphon,(K.Schum.) Bridson,United Republic of Tanzania
Rubiaceae,Rothmannia manganjae,(Hiern) Keay,United Republic of Tanzania
Rubiaceae,Rothmannia ravae,(Chiov.) Bridson,United Republic of Tanzania
Rubiaceae,Rothmannia urcelliformis,(Hiern) Bullock ex Robyns,United Republic of Tanzania
Rubiaceae,Rothmannia whitfieldii,(Lindl.) Dandy,United Republic of Tanzania
Rubiaceae,Rutidea orientalis,Bridson,United Republic of Tanzania
Rubiaceae,Rytigynia acuminatissima,(K.Schum.) Robyns,United Republic of Tanzania
Rubiaceae,Rytigynia adenodonta,(K.Schum.) Robyns,United Republic of Tanzania
Rubiaceae,Rytigynia binata,(K.Schum.) Robyns,United Republic of Tanzania
Rubiaceae,Rytigynia bugoyensis,(K.Krause) Verdc.,United Republic of Tanzania
Rubiaceae,Rytigynia caudatissima,Verdc.,United Republic of Tanzania
Rubiaceae,Rytigynia celastroides,(Baill.) Verdc.,United Republic of Tanzania
Rubiaceae,Rytigynia eickii,(K.Schum. & K.Krause) Bullock,United Republic of Tanzania
Rubiaceae,Rytigynia hirsutiflora,Verdc.,United Republic of Tanzania
Rubiaceae,Rytigynia lichenoxenos,(K.Schum.) Robyns,United Republic of Tanzania
Rubiaceae,Rytigynia longipedicellata,Verdc.,United Republic of Tanzania
Rubiaceae,Rytigynia monantha,(K.Schum.) Robyns,United Republic of Tanzania
Rubiaceae,Rytigynia nodulosa,(K.Schum.) Robyns,United Republic of Tanzania
Rubiaceae,Rytigynia pseudolongicaudata,Verdc.,United Republic of Tanzania
Rubiaceae,Rytigynia uhligii,(K.Schum. & K.Krause) Verdc.,United Republic of Tanzania
Rubiaceae,Rytigynia umbellulata,(Hiern) Robyns,United Republic of Tanzania
Rubiaceae,Sericanthe andongensis,(Hiern) Robbr.,United Republic of Tanzania
Rubiaceae,Sericanthe odoratissima,(K.Schum.) Robbr.,United Republic of Tanzania
Rubiaceae,Tarenna drummondii,Bridson,United Republic of Tanzania
Rubiaceae,Tarenna luhomeroensis,Bridson,United Republic of Tanzania
Rubiaceae,Tarenna pavettoides,(Harv.) Sim,United Republic of Tanzania
Rubiaceae,Tarenna quadrangularis,Bremek.,United Republic of Tanzania
Rubiaceae,Temnocalyx nodulosa,Robyns,United Republic of Tanzania
Rubiaceae,Triainolepis africana,Hook.f.,United Republic of Tanzania
Rubiaceae,Tricalysia acocantheroides,K.Schum.,United Republic of Tanzania
Rubiaceae,Tricalysia allocalyx,Robbr.,United Republic of Tanzania
Rubiaceae,Tricalysia anomala,E.A.Bruce,United Republic of Tanzania
Rubiaceae,Tricalysia bagshawei,S.Moore,United Republic of Tanzania
Rubiaceae,Tricalysia bridsoniana,Robbr.,United Republic of Tanzania
Rubiaceae,Tricalysia coriacea,(Benth.) Hiern,United Republic of Tanzania
Rubiaceae,Tricalysia longituba,De Wild.,United Republic of Tanzania
Rubiaceae,Tricalysia niamniamensis,Schweinf. ex Hiern,United Republic of Tanzania
Rubiaceae,Tricalysia pallens,Hiern,United Republic of Tanzania
Rubiaceae,Tricalysia pedicellata,Robbr.,United Republic of Tanzania
Rubiaceae,Tricalysia schliebenii,Robbr.,United Republic of Tanzania
Rubiaceae,Tricalysia verdcourtiana,Robbr.,United Republic of Tanzania
Rubiaceae,Vangueria apiculata,K.Schum.,United Republic of Tanzania
Rubiaceae,Vangueria bicolor,K.Schum.,United Republic of Tanzania
Rubiaceae,Vangueria burnettii,(Tennant) Lantz,United Republic of Tanzania
Rubiaceae,Vangueria burttii,(Verdc.) Lantz,United Republic of Tanzania
Rubiaceae,Vangueria induta,(Bullock) Lantz,United Republic of Tanzania
Rubiaceae,Vangueria infausta,Burch.,United Republic of Tanzania
Rubiaceae,Vangueria loranthifolia,K.Schum.,United Republic of Tanzania
Rubiaceae,Vangueria madagascariensis,J.F.Gmel.,United Republic of Tanzania
Rubiaceae,Vangueria obtusifolia,K.Schum.,United Republic of Tanzania
Rubiaceae,Vangueria pallidiflora,(Bullock) Lantz,United Republic of Tanzania
Rubiaceae,Vangueria praecox,Verdc.,United Republic of Tanzania
Rubiaceae,Vangueria randii,S.Moore,United Republic of Tanzania
Rubiaceae,Vangueria rufescens,(E.A.Bruce) Lantz,United Republic of Tanzania
Rubiaceae,Vangueria schliebenii,(Verdc.) Lantz,United Republic of Tanzania
Rubiaceae,Vangueria schumanniana,(Robyns) Lantz,United Republic of Tanzania
Rubiaceae,Vangueria solitariiflora,(Verdc.) Lantz,United Republic of Tanzania
Rubiaceae,Vangueria volkensii,K.Schum.,United Republic of Tanzania
Rubiaceae,Vangueriopsis lanciflora,(Hiern) Robyns,United Republic of Tanzania
Rubiaceae,Vangueriopsis longiflora,Verdc.,United Republic of Tanzania
Rutaceae,Calodendrum capense,(L.f.) Thunb.,United Republic of Tanzania
Rutaceae,Calodendrum eickii,Engl.,United Republic of Tanzania
Rutaceae,Citropsis articulata,(Willd. ex Spreng.) Swingle & M.Kellerm.,United Republic of Tanzania
Rutaceae,Citropsis daweana,Swingle & M.Kellerm.,United Republic of Tanzania
Rutaceae,Clausena anisata,(Willd.) Hook.f. ex Benth.,United Republic of Tanzania
Rutaceae,Fagaropsis angolensis,(Engl.) H.M.Gardner,United Republic of Tanzania
Rutaceae,Harrisonia abyssinica,Oliv.,United Republic of Tanzania
Rutaceae,Ptaeroxylon obliquum,(Thunb.) Radlk.,United Republic of Tanzania
Rutaceae,Vepris amaniensis,(Engl.) Mziray,United Republic of Tanzania
Rutaceae,Vepris arushensis,Kokwaro,United Republic of Tanzania
Rutaceae,Vepris eggelingii,(Kokwaro) Mziray,United Republic of Tanzania
Rutaceae,Vepris eugeniifolia,(Engl.) I.Verd.,United Republic of Tanzania
Rutaceae,Vepris glomerata,(F.Hoffm.) Engl.,United Republic of Tanzania
Rutaceae,Vepris grandifolia,(Engl.) Mziray,United Republic of Tanzania
Rutaceae,Vepris hanangensis,(Kokwaro) Mziray,United Republic of Tanzania
Rutaceae,Vepris lanceolata,G. Don,United Republic of Tanzania
Rutaceae,Vepris lukei,Cheek,United Republic of Tanzania
Rutaceae,Vepris morogorensis,(Kokwaro) Mziray,United Republic of Tanzania
Rutaceae,Vepris nobilis,(Delile) Mziray,United Republic of Tanzania
Rutaceae,Vepris sansibarensis,(Engl.) Mziray,United Republic of Tanzania
Rutaceae,Vepris simplicifolia,(Engl.) Mziray,United Republic of Tanzania
Rutaceae,Vepris stolzii,I.Verd.,United Republic of Tanzania
Rutaceae,Vepris trichocarpa,(Engl.) Mziray,United Republic of Tanzania
Rutaceae,Vepris udzungwa,Cheek,United Republic of Tanzania
Rutaceae,Zanthoxylum chalybeum,Engl.,United Republic of Tanzania
Rutaceae,Zanthoxylum deremense,(Engl.) Kokwaro,United Republic of Tanzania
Rutaceae,Zanthoxylum gilletii,(De Wild.) P.G.Waterman,United Republic of Tanzania
Rutaceae,Zanthoxylum holtzianum,(Engl.) P.G.Waterman,United Republic of Tanzania
Rutaceae,Zanthoxylum leprieurii,Guill. & Perr.,United Republic of Tanzania
Rutaceae,Zanthoxylum lindense,(Engl.) Kokwaro,United Republic of Tanzania
Rutaceae,Zanthoxylum paracanthum,Kokwaro,United Republic of Tanzania
Rutaceae,Zanthoxylum rubescens,Planch. ex Hook.,United Republic of Tanzania
Rutaceae,Zanthoxylum tenuipedicellatum,(Kokwaro) Vollesen,United Republic of Tanzania
Rutaceae,Zanthoxylum trijugum,(Dunkley) P.G.Waterman,United Republic of Tanzania
Rutaceae,Zanthoxylum usambarense,(Engl.) Kokwaro,United Republic of Tanzania
Salicaceae,Casearia battiscombei,R.E.Fr.,United Republic of Tanzania
Salicaceae,Casearia engleri,Gilg,United Republic of Tanzania
Salicaceae,Casearia gladiiformis,Mast.,United Republic of Tanzania
Salicaceae,Casearia runssorica,Gilg,United Republic of Tanzania
Salicaceae,Dovyalis abyssinica,(A.Rich.) Warb.,United Republic of Tanzania
Salicaceae,Dovyalis hispidula,Wild,United Republic of Tanzania
Salicaceae,Dovyalis macrocalyx,(Oliv.) Warb.,United Republic of Tanzania
Salicaceae,Dovyalis macrocarpa,Bamps,United Republic of Tanzania
Salicaceae,Dovyalis spinosissima,Gilg,United Republic of Tanzania
Salicaceae,Dovyalis xanthocarpa,Bullock,United Republic of Tanzania
Salicaceae,Flacourtia indica,(Burm.f.) Merr.,United Republic of Tanzania
Salicaceae,Homalium abdessammadii,Asch. & Schweinf.,United Republic of Tanzania
Salicaceae,Homalium gracilipes,Sleumer,United Republic of Tanzania
Salicaceae,Homalium longistylum,Mast.,United Republic of Tanzania
Salicaceae,Ludia mauritiana,J.F.Gmel.,United Republic of Tanzania
Salicaceae,Oncoba routledgei,Sprague,United Republic of Tanzania
Salicaceae,Oncoba spinosa,Forssk.,United Republic of Tanzania
Salicaceae,Populus ilicifolia,(Engl.) Rouleau,United Republic of Tanzania
Salicaceae,Salix mucronata,Thunb.,United Republic of Tanzania
Salicaceae,Scolopia rhamniphylla,Gilg,United Republic of Tanzania
Salicaceae,Scolopia stolzii,Gilg ex Engl.,United Republic of Tanzania
Salicaceae,Scolopia theifolia,Gilg,United Republic of Tanzania
Salicaceae,Scolopia zeyheri,(Nees) Szyszyl.,United Republic of Tanzania
Salicaceae,Trimeria grandifolia,(Hochst.) Warb.,United Republic of Tanzania
Salvadoraceae,Azima tetracantha,Lam.,United Republic of Tanzania
Salvadoraceae,Dobera loranthifolia,(Warb.) Harms,United Republic of Tanzania
Salvadoraceae,Salvadora persica,L.,United Republic of Tanzania
Santalaceae,Osyris lanceolata,Hochst. & Steud.,United Republic of Tanzania
Sapindaceae,Allophylus abyssinicus,(Hochst.) Radlk.,United Republic of Tanzania
Sapindaceae,Allophylus africanus,P.Beauv.,United Republic of Tanzania
Sapindaceae,Allophylus chaunostachys,Gilg,United Republic of Tanzania
Sapindaceae,Allophylus chirindensis,Baker f.,United Republic of Tanzania
Sapindaceae,Allophylus congolanus,Gilg,United Republic of Tanzania
Sapindaceae,Allophylus elongatus,Radlk.,United Republic of Tanzania
Sapindaceae,Allophylus ferrugineus,Taub.,United Republic of Tanzania
Sapindaceae,Allophylus grotei,F.G.Davies & Verdc.,United Republic of Tanzania
Sapindaceae,Allophylus melliodorus,Gilg ex Radlk.,United Republic of Tanzania
Sapindaceae,Allophylus pervillei,Blume,United Republic of Tanzania
Sapindaceae,Allophylus pseudopaniculatus,Baker f.,United Republic of Tanzania
Sapindaceae,Allophylus rubifolius,(Hochst. ex A.Rich.) Engl.,United Republic of Tanzania
Sapindaceae,Allophylus tanzaniensis,F.G.Davies,United Republic of Tanzania
Sapindaceae,Allophylus vestitus,F.G.Davies,United Republic of Tanzania
Sapindaceae,Aporrhiza paniculata,Radlk.,United Republic of Tanzania
Sapindaceae,Blighia unijugata,Baker,United Republic of Tanzania
Sapindaceae,Camptolepis ramiflora,(Taub.) Radlk.,United Republic of Tanzania
Sapindaceae,Chytranthus longibracteatus,F.G.Davies,United Republic of Tanzania
Sapindaceae,Chytranthus obliquinervis,Radlk. ex Engl.,United Republic of Tanzania
Sapindaceae,Deinbollia borbonica,Scheff.,United Republic of Tanzania
Sapindaceae,Deinbollia fulvotomentella,Baker f.,United Republic of Tanzania
Sapindaceae,Deinbollia kilimandscharica,Taub.,United Republic of Tanzania
Sapindaceae,Dodonaea viscosa,(L.) Jacq.,United Republic of Tanzania
Sapindaceae,Filicium decipiens,(Wight & Arn.) Thwaites,United Republic of Tanzania
Sapindaceae,Glenniea africana,(Radlk.) Leenh.,United Republic of Tanzania
Sapindaceae,Haplocoelopsis africana,F.G.Davies,United Republic of Tanzania
Sapindaceae,Haplocoelum foliolosum,(Hiern) Bullock,United Republic of Tanzania
Sapindaceae,Haplocoelum inoploeum,Radlk.,United Republic of Tanzania
Sapindaceae,Haplocoelum intermedium,Hauman,United Republic of Tanzania
Sapindaceae,Lecaniodiscus fraxinifolius,Baker,United Republic of Tanzania
Sapindaceae,Lepisanthes senegalensis,(Poir.) Leenh.,United Republic of Tanzania
Sapindaceae,Lychnodiscus cerospermus,Radlk.,United Republic of Tanzania
Sapindaceae,Macphersonia gracilis,O. Hoffm.,United Republic of Tanzania
Sapindaceae,Majidea forsteri,(Sprague) Radlk.,United Republic of Tanzania
Sapindaceae,Majidea zanguebarica,Kirk,United Republic of Tanzania
Sapindaceae,Pancovia golungensis,(Hiern) Exell & Mendonça,United Republic of Tanzania
Sapindaceae,Pancovia holtzii,Gilg ex Radlk.,United Republic of Tanzania
Sapindaceae,Pancovia turbinata,Radlk.,United Republic of Tanzania
Sapindaceae,Pappea capensis,Eckl. & Zeyh.,United Republic of Tanzania
Sapindaceae,Placodiscus amaniensis,Radlk.,United Republic of Tanzania
Sapindaceae,Placodiscus pedicellatus,F.G. Davies,United Republic of Tanzania
Sapindaceae,Stadtmannia oppositifolia,Lam.,United Republic of Tanzania
Sapindaceae,Zanha africana,(Radlk.) Exell,United Republic of Tanzania
Sapindaceae,Zanha golungensis,Hiern,United Republic of Tanzania
Sapotaceae,Chrysophyllum zimmermannii,Engl.,United Republic of Tanzania
Sapotaceae,Donella bangweolensis,(R.E.Fr. & Pellegr.) Mackinder,United Republic of Tanzania
Sapotaceae,Englerophytum magalismontanum,(Sond.) T.D.Penn.,United Republic of Tanzania
Sapotaceae,Englerophytum natalense,(Sond.) T.D.Penn.,United Republic of Tanzania
Sapotaceae,Gambeya albida,(G.Don) Aubrév. & Pellegr.,United Republic of Tanzania
Sapotaceae,Gambeya gorungosana,(Engl.) Liben,United Republic of Tanzania
Sapotaceae,Gambeya perpulchra,(Mildbr. ex Hutch. & Dalziel) Aubrév. & Pellegr.,United Republic of Tanzania
Sapotaceae,Inhambanella henriquezii,(Engl. & Warb.) Dubard,United Republic of Tanzania
Sapotaceae,Manilkara butugi,Chiov.,United Republic of Tanzania
Sapotaceae,Manilkara dawei,(Stapf) Chiov.,United Republic of Tanzania
Sapotaceae,Manilkara discolor,(Sond.) J.H.Hemsl.,United Republic of Tanzania
Sapotaceae,Manilkara fischeri,(Engl.) H.J.Lam,United Republic of Tanzania
Sapotaceae,Manilkara mochisia,(Baker) Dubard,United Republic of Tanzania
Sapotaceae,Manilkara obovata,(Sabine & G.Don) J.H.Hemsl.,United Republic of Tanzania
Sapotaceae,Manilkara sansibarensis,(Engl.) Dubard,United Republic of Tanzania
Sapotaceae,Manilkara sulcata,(Engl.) Dubard,United Republic of Tanzania
Sapotaceae,Mimusops acutifolia,Mildbr.,United Republic of Tanzania
Sapotaceae,Mimusops aedificatoria,Mildbr.,United Republic of Tanzania
Sapotaceae,Mimusops bagshawei,S.Moore,United Republic of Tanzania
Sapotaceae,Mimusops kummel,Bruce ex A.DC.,United Republic of Tanzania
Sapotaceae,Mimusops obtusifolia,Lam.,United Republic of Tanzania
Sapotaceae,Mimusops penduliflora,Engl.,United Republic of Tanzania
Sapotaceae,Mimusops riparia,Engl.,United Republic of Tanzania
Sapotaceae,Mimusops somalensis,Chiov.,United Republic of Tanzania
Sapotaceae,Mimusops zeyheri,Sond.,United Republic of Tanzania
Sapotaceae,Neohemsleya usambarensis,T.D.Penn.,United Republic of Tanzania
Sapotaceae,Omphalocarpum strombocarpum,Y.B.Harv. & Lovett,United Republic of Tanzania
Sapotaceae,Pouteria adolfi-friedericii,(Engl.) A.Meeuse,United Republic of Tanzania
Sapotaceae,Pouteria alnifolia,(Baker) Roberty,United Republic of Tanzania
Sapotaceae,Pouteria altissima,(A.Chev.) Baehni,United Republic of Tanzania
Sapotaceae,Pouteria pseudoracemosa,(J.H.Hemsl.) L.Gaut.,United Republic of Tanzania
Sapotaceae,Sideroxylon inerme,L.,United Republic of Tanzania
Sapotaceae,Synsepalum brevipes,(Baker) T.D.Penn.,United Republic of Tanzania
Sapotaceae,Synsepalum cerasiferum,(Welw.) T.D.Penn.,United Republic of Tanzania
Sapotaceae,Synsepalum kassneri,(Engl.) T.D.Penn.,United Republic of Tanzania
Sapotaceae,Synsepalum msolo,(Engl.) T.D.Penn.,United Republic of Tanzania
Sapotaceae,Synsepalum passargei,(Engl.) T.D.Penn.,United Republic of Tanzania
Sapotaceae,Synsepalum ulugurense,(Engl.) Engl.,United Republic of Tanzania
Sapotaceae,Vitellariopsis cuneata,(Engl.) Aubrév.,United Republic of Tanzania
Sapotaceae,Vitellariopsis kirkii,(Baker) Dubard,United Republic of Tanzania
Scrophulariaceae,Buddleja polystachya,Fresen.,United Republic of Tanzania
Scrophulariaceae,Buddleja salviifolia,(L.) Lam.,United Republic of Tanzania
Simaroubaceae,Brucea antidysenterica,J.F.Mill.,United Republic of Tanzania
Simaroubaceae,Odyendea klaineana,(Pierre) Engl.,United Republic of Tanzania
Simaroubaceae,Quassia indica,(Gaertn.) Noot.,United Republic of Tanzania
Sladeniaceae,Ficalhoa laurifolia,Hiern,United Republic of Tanzania
Solanaceae,Discopodium eremanthum,Chiov.,United Republic of Tanzania
Solanaceae,Discopodium penninervium,Hochst.,United Republic of Tanzania
Solanaceae,Solanum aculeastrum,Dunal,United Republic of Tanzania
Solanaceae,Solanum arundo,Mattei,United Republic of Tanzania
Solanaceae,Solanum dennekense,Dammer,United Republic of Tanzania
Solanaceae,Solanum giganteum,Jacq.,United Republic of Tanzania
Solanaceae,Solanum phoxocarpum,Voronts.,United Republic of Tanzania
Solanaceae,Solanum schliebenii,Werderm.,United Republic of Tanzania
Stilbaceae,Halleria lucida,L.,United Republic of Tanzania
Stilbaceae,Nuxia congesta,R.Br. ex Fresen.,United Republic of Tanzania
Stilbaceae,Nuxia floribunda,Benth.,United Republic of Tanzania
Stilbaceae,Nuxia oppositifolia,(Hochst.) Benth.,United Republic of Tanzania
Surianaceae,Suriana maritima,L.,United Republic of Tanzania
Tamaricaceae,Tamarix nilotica,(Ehrenb.) Bunge,United Republic of Tanzania
Thymelaeaceae,Dais cotinifolia,L.,United Republic of Tanzania
Thymelaeaceae,Dicranolepis usambarica,Gilg,United Republic of Tanzania
Thymelaeaceae,Lasiosiphon glaucus,Fresen.,United Republic of Tanzania
Thymelaeaceae,Lasiosiphon lampranthus,(Gilg) H.Pearson,United Republic of Tanzania
Thymelaeaceae,Peddiea africana,Harv.,United Republic of Tanzania
Thymelaeaceae,Peddiea fischeri,Engl.,United Republic of Tanzania
Thymelaeaceae,Peddiea polyantha,Gilg,United Republic of Tanzania
Thymelaeaceae,Peddiea puberula,Domke,United Republic of Tanzania
Thymelaeaceae,Peddiea subcordata,Domke,United Republic of Tanzania
Thymelaeaceae,Peddiea thulinii,Temu,United Republic of Tanzania
Ulmaceae,Chaetachme aristata,Planch.,United Republic of Tanzania
Urticaceae,Myrianthus arboreus,P.Beauv.,United Republic of Tanzania
Urticaceae,Myrianthus holstii,Engl.,United Republic of Tanzania
Urticaceae,Obetia radula,(Baker) Baker ex B.D.Jacks.,United Republic of Tanzania
Urticaceae,Pouzolzia mixta,Solms,United Republic of Tanzania
Velloziaceae,Xerophyta spekei,Baker,United Republic of Tanzania
Violaceae,Rinorea angustifolia,(Thouars) Baill.,United Republic of Tanzania
Violaceae,Rinorea arborea,(Thouars) Baill.       ,United Republic of Tanzania
Violaceae,Rinorea brachypetala,(Turcz.) Kuntze,United Republic of Tanzania
Violaceae,Rinorea dentata,(P.Beauv.) Kuntze,United Republic of Tanzania
Violaceae,Rinorea elliptica,(Oliv.) Kuntze,United Republic of Tanzania
Violaceae,Rinorea ferruginea,Engl.,United Republic of Tanzania
Violaceae,Rinorea ilicifolia,(Welw. ex Oliv.) Kuntze,United Republic of Tanzania
Violaceae,Rinorea oblongifolia,(C.H.Wright) C.Marquand ex Chipp,United Republic of Tanzania
Violaceae,Rinorea scheffleri,Engl.,United Republic of Tanzania
Violaceae,Rinorea squamosa,(Boivin ex Tul.) Baill.,United Republic of Tanzania
Violaceae,Rinorea welwitschii,(Oliv.) Kuntze,United Republic of Tanzania
Vitaceae,Rhoicissus revoilii,Planch.,United Republic of Tanzania
Vitaceae,Rhoicissus tridentata,(L.f.) Wild & R.B.Drumm.,United Republic of Tanzania
Zamiaceae,Encephalartos hildebrandtii,A.Braun & C.D.Bouché,United Republic of Tanzania
Zamiaceae,Encephalartos kanga,Pócs & Q.Luke,United Republic of Tanzania
Zamiaceae,Encephalartos kisambo,Faden & Beentje,United Republic of Tanzania
Zamiaceae,Encephalartos sclavoi,"De Luca, D.W.Stev. & A.Moretti",United Republic of Tanzania
Zygophyllaceae,Balanites aegyptiaca,(L.) Delile,United Republic of Tanzania
Zygophyllaceae,Balanites glabra,Mildbr. & Schltr.,United Republic of Tanzania
Zygophyllaceae,Balanites maughamii,Sprague,United Republic of Tanzania
Zygophyllaceae,Balanites pedicellaris,Mildbr. & Schltr.,United Republic of Tanzania
