family,taxon,author,native to
Acanthaceae,Aphelandra parvispica,Leonard,Venezuela (Bolivarian Republic of)
Acanthaceae,Aphelandra pulcherrima,(Jacq.) Kunth,Venezuela (Bolivarian Republic of)
Acanthaceae,Aphelandra scabra,(Vahl) Sm.,Venezuela (Bolivarian Republic of)
Acanthaceae,Avicennia germinans,(L.) L.,Venezuela (Bolivarian Republic of)
Acanthaceae,Avicennia schaueriana,Stapf & Leechm. ex Moldenke,Venezuela (Bolivarian Republic of)
Acanthaceae,Bravaisia integerrima,(Spreng.) Standl.,Venezuela (Bolivarian Republic of)
Acanthaceae,Trichanthera corymbosa,Leonard,Venezuela (Bolivarian Republic of)
Acanthaceae,Trichanthera gigantea,(Bonpl.) Nees,Venezuela (Bolivarian Republic of)
Achariaceae,Carpotroche crispidentata,Ducke,Venezuela (Bolivarian Republic of)
Achariaceae,Carpotroche grandiflora,Spruce ex Eichler,Venezuela (Bolivarian Republic of)
Achariaceae,Carpotroche surinamensis,Uittien,Venezuela (Bolivarian Republic of)
Achariaceae,Lindackeria laurina,C.Presl,Venezuela (Bolivarian Republic of)
Achariaceae,Lindackeria paludosa,(Benth.) Gilg,Venezuela (Bolivarian Republic of)
Achariaceae,Mayna grandifolia,(H.Karst. & Triana) Warb.,Venezuela (Bolivarian Republic of)
Achariaceae,Mayna odorata,Aubl.,Venezuela (Bolivarian Republic of)
Achatocarpaceae,Achatocarpus nigricans,Triana,Venezuela (Bolivarian Republic of)
Actinidiaceae,Saurauia brachybotrys,Turcz.,Venezuela (Bolivarian Republic of)
Actinidiaceae,Saurauia excelsa,Willd.,Venezuela (Bolivarian Republic of)
Actinidiaceae,Saurauia floccifera,Triana & Planch.,Venezuela (Bolivarian Republic of)
Actinidiaceae,Saurauia meridensis,Steyerm.,Venezuela (Bolivarian Republic of)
Actinidiaceae,Saurauia scabra,(Kunth) D.Dietr.,Venezuela (Bolivarian Republic of)
Actinidiaceae,Saurauia tomentosa,(Kunth) Spreng.,Venezuela (Bolivarian Republic of)
Actinidiaceae,Saurauia yasicae,Loes.,Venezuela (Bolivarian Republic of)
Anacardiaceae,Anacardium excelsum,(Bertero ex Kunth) Skeels,Venezuela (Bolivarian Republic of)
Anacardiaceae,Anacardium giganteum,Hancock ex Engl.,Venezuela (Bolivarian Republic of)
Anacardiaceae,Anacardium occidentale,L.,Venezuela (Bolivarian Republic of)
Anacardiaceae,Anacardium spruceanum,Benth. ex Engl.,Venezuela (Bolivarian Republic of)
Anacardiaceae,Astronium fraxinifolium,Schott,Venezuela (Bolivarian Republic of)
Anacardiaceae,Astronium graveolens,Jacq.,Venezuela (Bolivarian Republic of)
Anacardiaceae,Astronium lecointei,Ducke,Venezuela (Bolivarian Republic of)
Anacardiaceae,Astronium ulei,Mattick,Venezuela (Bolivarian Republic of)
Anacardiaceae,Campnosperma gummiferum,(Benth.) Marchand,Venezuela (Bolivarian Republic of)
Anacardiaceae,Cyrtocarpa velutinifolia,(R.S.Cowan) J.D.Mitch. & Daly,Venezuela (Bolivarian Republic of)
Anacardiaceae,Loxopterygium sagotii,Hook.f.,Venezuela (Bolivarian Republic of)
Anacardiaceae,Mauria heterophylla,Kunth,Venezuela (Bolivarian Republic of)
Anacardiaceae,Mauria simplicifolia,Kunth,Venezuela (Bolivarian Republic of)
Anacardiaceae,Ochoterenaea colombiana,F.A.Barkley,Venezuela (Bolivarian Republic of)
Anacardiaceae,Spondias globosa,J.D.Mitch. & Daly,Venezuela (Bolivarian Republic of)
Anacardiaceae,Spondias mombin,L.,Venezuela (Bolivarian Republic of)
Anacardiaceae,Spondias radlkoferi,Donn.Sm.,Venezuela (Bolivarian Republic of)
Anacardiaceae,Tapirira guianensis,Aubl.,Venezuela (Bolivarian Republic of)
Anacardiaceae,Tapirira obtusa,(Benth.) J.D.Mitch.,Venezuela (Bolivarian Republic of)
Anacardiaceae,Thyrsodium spruceanum,Benth.,Venezuela (Bolivarian Republic of)
Annonaceae,Anaxagorea acuminata,(Dunal) A.St.-Hil. ex A.DC.,Venezuela (Bolivarian Republic of)
Annonaceae,Anaxagorea angustifolia,Timmerman,Venezuela (Bolivarian Republic of)
Annonaceae,Anaxagorea brachycarpa,R.E.Fr.,Venezuela (Bolivarian Republic of)
Annonaceae,Anaxagorea brevipes,Benth.,Venezuela (Bolivarian Republic of)
Annonaceae,Anaxagorea dolichocarpa,Sprague & Sandwith,Venezuela (Bolivarian Republic of)
Annonaceae,Anaxagorea gigantophylla,R.E.Fr.,Venezuela (Bolivarian Republic of)
Annonaceae,Anaxagorea petiolata,R.E.Fr.,Venezuela (Bolivarian Republic of)
Annonaceae,Anaxagorea rufa,Timmerman,Venezuela (Bolivarian Republic of)
Annonaceae,Annona ambotay,Aubl.,Venezuela (Bolivarian Republic of)
Annonaceae,Annona atabapensis,Kunth,Venezuela (Bolivarian Republic of)
Annonaceae,Annona cuspidata,(Mart.) H.Rainer,Venezuela (Bolivarian Republic of)
Annonaceae,Annona exsucca,DC.,Venezuela (Bolivarian Republic of)
Annonaceae,Annona fendleri,(R.E.Fr.) H.Rainer,Venezuela (Bolivarian Republic of)
Annonaceae,Annona foetida,Mart.,Venezuela (Bolivarian Republic of)
Annonaceae,Annona gigantophylla,(R.E.Fr.) R.E.Fr.,Venezuela (Bolivarian Republic of)
Annonaceae,Annona glabra,L.,Venezuela (Bolivarian Republic of)
Annonaceae,Annona hypoglauca,Mart.,Venezuela (Bolivarian Republic of)
Annonaceae,Annona inconformis,Pittier,Venezuela (Bolivarian Republic of)
Annonaceae,Annona jahnii,Saff.,Venezuela (Bolivarian Republic of)
Annonaceae,Annona montana,Macfad.,Venezuela (Bolivarian Republic of)
Annonaceae,Annona mucosa,Jacq.,Venezuela (Bolivarian Republic of)
Annonaceae,Annona muricata,L.,Venezuela (Bolivarian Republic of)
Annonaceae,Annona neovelutina,H.Rainer,Venezuela (Bolivarian Republic of)
Annonaceae,Annona paludosa,Aubl.,Venezuela (Bolivarian Republic of)
Annonaceae,Annona punicifolia,Triana & Planch.,Venezuela (Bolivarian Republic of)
Annonaceae,Annona purpurea,Moc. & Sessé ex Dunal,Venezuela (Bolivarian Republic of)
Annonaceae,Annona reticulata,L.,Venezuela (Bolivarian Republic of)
Annonaceae,Annona sericea,Dunal,Venezuela (Bolivarian Republic of)
Annonaceae,Annona symphyocarpa,Sandwith,Venezuela (Bolivarian Republic of)
Annonaceae,Bocageopsis canescens,(Benth.) R.E.Fr.,Venezuela (Bolivarian Republic of)
Annonaceae,Bocageopsis multiflora,(Mart.) R.E.Fr.,Venezuela (Bolivarian Republic of)
Annonaceae,Cremastosperma macrocarpum,Maas,Venezuela (Bolivarian Republic of)
Annonaceae,Cremastosperma venezuelanum,Pirie,Venezuela (Bolivarian Republic of)
Annonaceae,Cymbopetalum brasiliense,(Vell.) Benth. ex Baill.,Venezuela (Bolivarian Republic of)
Annonaceae,Diclinanona calycina,(Diels) R.E.Fr.,Venezuela (Bolivarian Republic of)
Annonaceae,Duguetia aberrans,Maas,Venezuela (Bolivarian Republic of)
Annonaceae,Duguetia argentea,(R.E.Fr.) R.E.Fr.,Venezuela (Bolivarian Republic of)
Annonaceae,Duguetia calycina,Benoist,Venezuela (Bolivarian Republic of)
Annonaceae,Duguetia cauliflora,R.E.Fr.,Venezuela (Bolivarian Republic of)
Annonaceae,Duguetia dimorphopetala,R.E.Fr.,Venezuela (Bolivarian Republic of)
Annonaceae,Duguetia latifolia,R.E.Fr.,Venezuela (Bolivarian Republic of)
Annonaceae,Duguetia lepidota,(Miq.) Pulle,Venezuela (Bolivarian Republic of)
Annonaceae,Duguetia lucida,Urb.,Venezuela (Bolivarian Republic of)
Annonaceae,Duguetia macrophylla,R.E.Fr.,Venezuela (Bolivarian Republic of)
Annonaceae,Duguetia megalophylla,R.E.Fr.,Venezuela (Bolivarian Republic of)
Annonaceae,Duguetia pauciflora,Rusby,Venezuela (Bolivarian Republic of)
Annonaceae,Duguetia pycnastera,Sandwith,Venezuela (Bolivarian Republic of)
Annonaceae,Duguetia quitarensis,Benth.,Venezuela (Bolivarian Republic of)
Annonaceae,Duguetia riberensis,Aristeg. ex Maas & Boon,Venezuela (Bolivarian Republic of)
Annonaceae,Duguetia rigida,R.E.Fr.,Venezuela (Bolivarian Republic of)
Annonaceae,Duguetia rionegrensis,Zuilen & Maas,Venezuela (Bolivarian Republic of)
Annonaceae,Duguetia sancticaroli,Maas,Venezuela (Bolivarian Republic of)
Annonaceae,Duguetia tenuis,R.E.Fr.,Venezuela (Bolivarian Republic of)
Annonaceae,Duguetia trunciflora,Maas & A.H.Gentry,Venezuela (Bolivarian Republic of)
Annonaceae,Duguetia uniflora,(DC.) Mart.,Venezuela (Bolivarian Republic of)
Annonaceae,Duguetia vallicola,J.F.Macbr.,Venezuela (Bolivarian Republic of)
Annonaceae,Duguetia venezuelana,R.E.Fr.,Venezuela (Bolivarian Republic of)
Annonaceae,Duguetia yeshidan,Sandwith,Venezuela (Bolivarian Republic of)
Annonaceae,Ephedranthus amazonicus,R.E.Fr.,Venezuela (Bolivarian Republic of)
Annonaceae,Froesiodendron amazonicum,R.E.Fr.,Venezuela (Bolivarian Republic of)
Annonaceae,Fusaea longifolia,(Aubl.) Saff.,Venezuela (Bolivarian Republic of)
Annonaceae,Guatteria atabapensis,Aristeg. ex D.M.Johnson & N.A.Murray,Venezuela (Bolivarian Republic of)
Annonaceae,Guatteria auyantepuiensis,Maas & Westra,Venezuela (Bolivarian Republic of)
Annonaceae,Guatteria bernardii,R.E.Fr.,Venezuela (Bolivarian Republic of)
Annonaceae,Guatteria blepharophylla,Mart.,Venezuela (Bolivarian Republic of)
Annonaceae,Guatteria castilloi,Maas & Westra,Venezuela (Bolivarian Republic of)
Annonaceae,Guatteria dura,R.E.Fr.,Venezuela (Bolivarian Republic of)
Annonaceae,Guatteria flexilis,R.E.Fr.,Venezuela (Bolivarian Republic of)
Annonaceae,Guatteria foliosa,Benth.,Venezuela (Bolivarian Republic of)
Annonaceae,Guatteria heteropetala,Benth.,Venezuela (Bolivarian Republic of)
Annonaceae,Guatteria hirsuta,Ruiz & Pav.,Venezuela (Bolivarian Republic of)
Annonaceae,Guatteria insculpta,R.E.Fr.,Venezuela (Bolivarian Republic of)
Annonaceae,Guatteria inundata,Mart.,Venezuela (Bolivarian Republic of)
Annonaceae,Guatteria liesneri,D.M.Johnson & N.A.Murray,Venezuela (Bolivarian Republic of)
Annonaceae,Guatteria longicuspis,R.E.Fr.,Venezuela (Bolivarian Republic of)
Annonaceae,Guatteria maguirei,R.E.Fr.,Venezuela (Bolivarian Republic of)
Annonaceae,Guatteria maypurensis,Kunth,Venezuela (Bolivarian Republic of)
Annonaceae,Guatteria monticola,R.E.Fr.,Venezuela (Bolivarian Republic of)
Annonaceae,Guatteria pachyphylla,Maas & Westra,Venezuela (Bolivarian Republic of)
Annonaceae,Guatteria procera,R.E.Fr.,Venezuela (Bolivarian Republic of)
Annonaceae,Guatteria punctata,(Aubl.) R.A.Howard,Venezuela (Bolivarian Republic of)
Annonaceae,Guatteria rubrinervis,R.E.Fr.,Venezuela (Bolivarian Republic of)
Annonaceae,Guatteria saffordiana,Pittier,Venezuela (Bolivarian Republic of)
Annonaceae,Guatteria schomburgkiana,Mart.,Venezuela (Bolivarian Republic of)
Annonaceae,Guatteria scytophylla,Diels,Venezuela (Bolivarian Republic of)
Annonaceae,Guatteria stenopetala,R.E.Fr.,Venezuela (Bolivarian Republic of)
Annonaceae,Guatteria stipitata,R.E.Fr.,Venezuela (Bolivarian Republic of)
Annonaceae,Guatteria subsessilis,Mart.,Venezuela (Bolivarian Republic of)
Annonaceae,Guatteria ucayalina,Huber,Venezuela (Bolivarian Republic of)
Annonaceae,Guatteria venezuelana,R.E.Fr.,Venezuela (Bolivarian Republic of)
Annonaceae,Klarobelia subglobosa,Chatrou,Venezuela (Bolivarian Republic of)
Annonaceae,Onychopetalum amazonicum,R.E.Fr.,Venezuela (Bolivarian Republic of)
Annonaceae,Oxandra asbeckii,(Pulle) R.E.Fr.,Venezuela (Bolivarian Republic of)
Annonaceae,Oxandra espintana,(Spruce ex Benth.) Baill.,Venezuela (Bolivarian Republic of)
Annonaceae,Oxandra euneura,Diels,Venezuela (Bolivarian Republic of)
Annonaceae,Oxandra leucodermis,(Spruce ex Benth.) Warm.,Venezuela (Bolivarian Republic of)
Annonaceae,Oxandra venezuelana,R.E.Fr.,Venezuela (Bolivarian Republic of)
Annonaceae,Oxandra xylopioides,Diels,Venezuela (Bolivarian Republic of)
Annonaceae,Porcelia venezuelensis,Pittier,Venezuela (Bolivarian Republic of)
Annonaceae,Pseudephedranthus fragrans,(R.E.Fr.) Aristeg.,Venezuela (Bolivarian Republic of)
Annonaceae,Pseudomalmea wingfieldii,Chatrou,Venezuela (Bolivarian Republic of)
Annonaceae,Pseudoxandra leiophylla,(Diels) R.E.Fr.,Venezuela (Bolivarian Republic of)
Annonaceae,Pseudoxandra lucida,R.E.Fr.,Venezuela (Bolivarian Republic of)
Annonaceae,Pseudoxandra parvifolia,Maas,Venezuela (Bolivarian Republic of)
Annonaceae,Pseudoxandra polyphleba,(Diels) R.E. Fr.,Venezuela (Bolivarian Republic of)
Annonaceae,Tetrameranthus duckei,R.E.Fr.,Venezuela (Bolivarian Republic of)
Annonaceae,Trigynaea duckei,(R.E.Fr.) R.E.Fr.,Venezuela (Bolivarian Republic of)
Annonaceae,Unonopsis costanensis,Maas & Westra,Venezuela (Bolivarian Republic of)
Annonaceae,Unonopsis glaucopetala,R.E.Fr.,Venezuela (Bolivarian Republic of)
Annonaceae,Unonopsis guatterioides,(A.DC.) R.E.Fr.,Venezuela (Bolivarian Republic of)
Annonaceae,Unonopsis spectabilis,Diels,Venezuela (Bolivarian Republic of)
Annonaceae,Unonopsis stipitata,Diels,Venezuela (Bolivarian Republic of)
Annonaceae,Xylopia amazonica,R.E.Fr.,Venezuela (Bolivarian Republic of)
Annonaceae,Xylopia aromatica,(Lam.) Mart.,Venezuela (Bolivarian Republic of)
Annonaceae,Xylopia benthamii,R.E.Fr.,Venezuela (Bolivarian Republic of)
Annonaceae,Xylopia crinita,R.E.Fr.,Venezuela (Bolivarian Republic of)
Annonaceae,Xylopia discreta,(L.f.) Sprague & Hutch.,Venezuela (Bolivarian Republic of)
Annonaceae,Xylopia emarginata,Mart.,Venezuela (Bolivarian Republic of)
Annonaceae,Xylopia excellens,R.E.Fr.,Venezuela (Bolivarian Republic of)
Annonaceae,Xylopia frutescens,Aubl.,Venezuela (Bolivarian Republic of)
Annonaceae,Xylopia ligustrifolia,Dunal,Venezuela (Bolivarian Republic of)
Annonaceae,Xylopia macrantha,Planch. & Triana,Venezuela (Bolivarian Republic of)
Annonaceae,Xylopia nervosa,(R.E. Fr.) Maas,Venezuela (Bolivarian Republic of)
Annonaceae,Xylopia orinocensis,Bagstad & D.M.Johnson,Venezuela (Bolivarian Republic of)
Annonaceae,Xylopia parviflora,Spruce,Venezuela (Bolivarian Republic of)
Annonaceae,Xylopia pittieri,Diels,Venezuela (Bolivarian Republic of)
Annonaceae,Xylopia plowmanii,P.E.Berry & D.M.Johnson,Venezuela (Bolivarian Republic of)
Annonaceae,Xylopia sericea,A.St.-Hil.,Venezuela (Bolivarian Republic of)
Annonaceae,Xylopia spruceana,Benth. ex Spruce,Venezuela (Bolivarian Republic of)
Annonaceae,Xylopia venezuelana,R.E.Fr.,Venezuela (Bolivarian Republic of)
Apocynaceae,Ambelania acida,Aubl.,Venezuela (Bolivarian Republic of)
Apocynaceae,Aspidosperma album,(Vahl) Benoist ex Pichon,Venezuela (Bolivarian Republic of)
Apocynaceae,Aspidosperma araracanga,Marc.-Ferr.,Venezuela (Bolivarian Republic of)
Apocynaceae,Aspidosperma cuspa,(Kunth) S.F.Blake ex Pittier,Venezuela (Bolivarian Republic of)
Apocynaceae,Aspidosperma decussatum,Woodson,Venezuela (Bolivarian Republic of)
Apocynaceae,Aspidosperma desmanthum,Benth. ex Müll.Arg.,Venezuela (Bolivarian Republic of)
Apocynaceae,Aspidosperma excelsum,Benth.,Venezuela (Bolivarian Republic of)
Apocynaceae,Aspidosperma fendleri,Woodson,Venezuela (Bolivarian Republic of)
Apocynaceae,Aspidosperma glaucum,Monach.,Venezuela (Bolivarian Republic of)
Apocynaceae,Aspidosperma leucocymosum,Kuhlm.,Venezuela (Bolivarian Republic of)
Apocynaceae,Aspidosperma macrocarpon,Mart.,Venezuela (Bolivarian Republic of)
Apocynaceae,Aspidosperma megalocarpon,Müll.Arg.,Venezuela (Bolivarian Republic of)
Apocynaceae,Aspidosperma neblinae,Monach.,Venezuela (Bolivarian Republic of)
Apocynaceae,Aspidosperma oblongum,A.DC.,Venezuela (Bolivarian Republic of)
Apocynaceae,Aspidosperma pachypterum,Müll.Arg.,Venezuela (Bolivarian Republic of)
Apocynaceae,Aspidosperma pichonianum,Woodson,Venezuela (Bolivarian Republic of)
Apocynaceae,Aspidosperma rigidum,Rusby,Venezuela (Bolivarian Republic of)
Apocynaceae,Aspidosperma schultesii,Woodson,Venezuela (Bolivarian Republic of)
Apocynaceae,Aspidosperma steyermarkii,Woodson,Venezuela (Bolivarian Republic of)
Apocynaceae,Aspidosperma ulei,Markgr.,Venezuela (Bolivarian Republic of)
Apocynaceae,Cascabela thevetia,(L.) Lippold,Venezuela (Bolivarian Republic of)
Apocynaceae,Couma catingae,Ducke,Venezuela (Bolivarian Republic of)
Apocynaceae,Couma macrocarpa,Barb.Rodr.,Venezuela (Bolivarian Republic of)
Apocynaceae,Couma utilis,(Mart.) Müll.Arg.,Venezuela (Bolivarian Republic of)
Apocynaceae,Geissospermum reticulatum,A.H.Gentry,Venezuela (Bolivarian Republic of)
Apocynaceae,Himatanthus articulatus,(Vahl) Woodson,Venezuela (Bolivarian Republic of)
Apocynaceae,Himatanthus attenuatus,(Benth.) Woodson,Venezuela (Bolivarian Republic of)
Apocynaceae,Himatanthus phagedaenicus,(Mart.) Woodson,Venezuela (Bolivarian Republic of)
Apocynaceae,Himatanthus semilunatus,Markgr.,Venezuela (Bolivarian Republic of)
Apocynaceae,Hylaea arborescens,(Monach.) J.F.Morales,Venezuela (Bolivarian Republic of)
Apocynaceae,Lacmellea costanensis,Steyerm.,Venezuela (Bolivarian Republic of)
Apocynaceae,Lacmellea edulis,H.Karst.,Venezuela (Bolivarian Republic of)
Apocynaceae,Lacmellea foxii,(Stapf) Markgr.,Venezuela (Bolivarian Republic of)
Apocynaceae,Lacmellea microcarpa,(Müll.Arg.) Markgr.,Venezuela (Bolivarian Republic of)
Apocynaceae,Lacmellea ramosissima,(Müll.Arg.) Markgr.,Venezuela (Bolivarian Republic of)
Apocynaceae,Lacmellea utilis,(Arn.) Markgr.,Venezuela (Bolivarian Republic of)
Apocynaceae,Macoubea guianensis,Aubl.,Venezuela (Bolivarian Republic of)
Apocynaceae,Macoubea sprucei,(Müll.Arg.) Markgr.,Venezuela (Bolivarian Republic of)
Apocynaceae,Malouetia calva,Markgr.,Venezuela (Bolivarian Republic of)
Apocynaceae,Malouetia duckei,Markgr.,Venezuela (Bolivarian Republic of)
Apocynaceae,Malouetia flavescens,(Willd. ex Roem. & Schult.) Müll.Arg.,Venezuela (Bolivarian Republic of)
Apocynaceae,Malouetia glandulifera,Miers,Venezuela (Bolivarian Republic of)
Apocynaceae,Malouetia grandiflora,Woodson,Venezuela (Bolivarian Republic of)
Apocynaceae,Malouetia naias,M.E.Endress,Venezuela (Bolivarian Republic of)
Apocynaceae,Malouetia parvifolia,Woodson,Venezuela (Bolivarian Republic of)
Apocynaceae,Malouetia pubescens,Markgr.,Venezuela (Bolivarian Republic of)
Apocynaceae,Malouetia tamaquarina,(Aubl.) A.DC.,Venezuela (Bolivarian Republic of)
Apocynaceae,Malouetia virescens,Spruce ex Müll.Arg.,Venezuela (Bolivarian Republic of)
Apocynaceae,Mandevilla subcarnosa,(Benth.) Woodson,Venezuela (Bolivarian Republic of)
Apocynaceae,Microplumeria anomala,(Müll.Arg.) Markgr.,Venezuela (Bolivarian Republic of)
Apocynaceae,Molongum laxum,(Benth.) Pichon,Venezuela (Bolivarian Republic of)
Apocynaceae,Molongum lucidum,(Kunth) Zarucchi,Venezuela (Bolivarian Republic of)
Apocynaceae,Mucoa duckei,(Markgr.) Zarucchi,Venezuela (Bolivarian Republic of)
Apocynaceae,Mucoa pantchenkoana,(Markgr.) Zarucchi,Venezuela (Bolivarian Republic of)
Apocynaceae,Neocouma parviflora,(Markgr.) Zarucchi,Venezuela (Bolivarian Republic of)
Apocynaceae,Neocouma ternstroemiacea,(Müll.Arg.) Pierre,Venezuela (Bolivarian Republic of)
Apocynaceae,Parahancornia fasciculata,(Poir.) Benoist,Venezuela (Bolivarian Republic of)
Apocynaceae,Parahancornia negroensis,Monach.,Venezuela (Bolivarian Republic of)
Apocynaceae,Parahancornia oblonga,(Benth. ex Müll.Arg.) Monach.,Venezuela (Bolivarian Republic of)
Apocynaceae,Parahancornia surrogata,Zarucchi,Venezuela (Bolivarian Republic of)
Apocynaceae,Plumeria inodora,Jacq.,Venezuela (Bolivarian Republic of)
Apocynaceae,Plumeria pudica,Jacq.,Venezuela (Bolivarian Republic of)
Apocynaceae,Plumeria rubra,L.,Venezuela (Bolivarian Republic of)
Apocynaceae,Rauvolfia leptophylla,A.S.Rao,Venezuela (Bolivarian Republic of)
Apocynaceae,Rauvolfia ligustrina,Roem. & Schult.,Venezuela (Bolivarian Republic of)
Apocynaceae,Rauvolfia maxima,Markgr.,Venezuela (Bolivarian Republic of)
Apocynaceae,Rauvolfia nitida,Jacq.,Venezuela (Bolivarian Republic of)
Apocynaceae,Rauvolfia polyphylla,Benth.,Venezuela (Bolivarian Republic of)
Apocynaceae,Rauvolfia sprucei,Müll.Arg.,Venezuela (Bolivarian Republic of)
Apocynaceae,Rauvolfia steyermarkii,Woodson,Venezuela (Bolivarian Republic of)
Apocynaceae,Rauvolfia tetraphylla,L.,Venezuela (Bolivarian Republic of)
Apocynaceae,Rauvolfia viridis,Roem. & Schult.,Venezuela (Bolivarian Republic of)
Apocynaceae,Rhigospira quadrangularis,(Müll.Arg.) Miers,Venezuela (Bolivarian Republic of)
Apocynaceae,Spongiosperma cataractarum,Zarucchi,Venezuela (Bolivarian Republic of)
Apocynaceae,Spongiosperma macrophyllum,(Müll.Arg.) Zarucchi,Venezuela (Bolivarian Republic of)
Apocynaceae,Spongiosperma riparium,(Monach.) Zarucchi,Venezuela (Bolivarian Republic of)
Apocynaceae,Tabernaemontana amygdalifolia,Jacq.,Venezuela (Bolivarian Republic of)
Apocynaceae,Tabernaemontana attenuata,(Miers) Urb.,Venezuela (Bolivarian Republic of)
Apocynaceae,Tabernaemontana cerea,(Woodson) Leeuwenb.,Venezuela (Bolivarian Republic of)
Apocynaceae,Tabernaemontana cymosa,Jacq.,Venezuela (Bolivarian Republic of)
Apocynaceae,Tabernaemontana disticha,A.DC.,Venezuela (Bolivarian Republic of)
Apocynaceae,Tabernaemontana flavicans,Roem. & Schult.,Venezuela (Bolivarian Republic of)
Apocynaceae,Tabernaemontana grandiflora,Jacq.,Venezuela (Bolivarian Republic of)
Apocynaceae,Tabernaemontana heterophylla,Vahl,Venezuela (Bolivarian Republic of)
Apocynaceae,Tabernaemontana longipes,Donn.Sm.,Venezuela (Bolivarian Republic of)
Apocynaceae,Tabernaemontana macrocalyx,Müll.Arg.,Venezuela (Bolivarian Republic of)
Apocynaceae,Tabernaemontana markgrafiana,J.F.Macbr.,Venezuela (Bolivarian Republic of)
Apocynaceae,Tabernaemontana maxima,Markgr.,Venezuela (Bolivarian Republic of)
Apocynaceae,Tabernaemontana palustris,Markgr.,Venezuela (Bolivarian Republic of)
Apocynaceae,Tabernaemontana rupicola,Benth.,Venezuela (Bolivarian Republic of)
Apocynaceae,Tabernaemontana sananho,Ruiz & Pav.,Venezuela (Bolivarian Republic of)
Apocynaceae,Tabernaemontana siphilitica,(L.f.) Leeuwenb.,Venezuela (Bolivarian Republic of)
Apocynaceae,Tabernaemontana undulata,Vahl,Venezuela (Bolivarian Republic of)
Apocynaceae,Thevetia ahouai,(L.) A.DC.,Venezuela (Bolivarian Republic of)
Apocynaceae,Vallesia hypoglauca,Ernst,Venezuela (Bolivarian Republic of)
Aquifoliaceae,Ilex abscondita,Steyerm.,Venezuela (Bolivarian Republic of)
Aquifoliaceae,Ilex acutidenticulata,Steyerm.,Venezuela (Bolivarian Republic of)
Aquifoliaceae,Ilex altiplana,Steyerm.,Venezuela (Bolivarian Republic of)
Aquifoliaceae,Ilex amazonensis,Edwin,Venezuela (Bolivarian Republic of)
Aquifoliaceae,Ilex aracamuniana,Steyerm.,Venezuela (Bolivarian Republic of)
Aquifoliaceae,Ilex ardisiifrons,Reissek,Venezuela (Bolivarian Republic of)
Aquifoliaceae,Ilex brevipedicellata,Steyerm.,Venezuela (Bolivarian Republic of)
Aquifoliaceae,Ilex casiquiarensis,Loes.,Venezuela (Bolivarian Republic of)
Aquifoliaceae,Ilex ciliolata,Steyerm.,Venezuela (Bolivarian Republic of)
Aquifoliaceae,Ilex cowanii,Wurdack,Venezuela (Bolivarian Republic of)
Aquifoliaceae,Ilex danielis,Killip & Cuatrec.,Venezuela (Bolivarian Republic of)
Aquifoliaceae,Ilex daphnogenea,Reissek,Venezuela (Bolivarian Republic of)
Aquifoliaceae,Ilex davidsei,Steyerm.,Venezuela (Bolivarian Republic of)
Aquifoliaceae,Ilex dioica,(Vahl) Griseb.,Venezuela (Bolivarian Republic of)
Aquifoliaceae,Ilex diospyroides,Reissek,Venezuela (Bolivarian Republic of)
Aquifoliaceae,Ilex divaricata,Mart. ex Reissek,Venezuela (Bolivarian Republic of)
Aquifoliaceae,Ilex glabella,Steyerm.,Venezuela (Bolivarian Republic of)
Aquifoliaceae,Ilex glaucophylla,Steyerm.,Venezuela (Bolivarian Republic of)
Aquifoliaceae,Ilex gleasoniana,Steyerm.,Venezuela (Bolivarian Republic of)
Aquifoliaceae,Ilex guaiquinimae,Steyerm.,Venezuela (Bolivarian Republic of)
Aquifoliaceae,Ilex guayusa,Loes.,Venezuela (Bolivarian Republic of)
Aquifoliaceae,Ilex guianensis,(Aubl.) Kuntze,Venezuela (Bolivarian Republic of)
Aquifoliaceae,Ilex holstii,Steyerm.,Venezuela (Bolivarian Republic of)
Aquifoliaceae,Ilex huachamacariana,Edwin,Venezuela (Bolivarian Republic of)
Aquifoliaceae,Ilex ignicola,Steyerm.,Venezuela (Bolivarian Republic of)
Aquifoliaceae,Ilex jauaensis,Steyerm.,Venezuela (Bolivarian Republic of)
Aquifoliaceae,Ilex jenmanii,Loes.,Venezuela (Bolivarian Republic of)
Aquifoliaceae,Ilex julianii,Edwin,Venezuela (Bolivarian Republic of)
Aquifoliaceae,Ilex karuaiana,Steyerm.,Venezuela (Bolivarian Republic of)
Aquifoliaceae,Ilex kunthiana,Triana,Venezuela (Bolivarian Republic of)
Aquifoliaceae,Ilex lasseri,Edwin,Venezuela (Bolivarian Republic of)
Aquifoliaceae,Ilex laureola,Triana,Venezuela (Bolivarian Republic of)
Aquifoliaceae,Ilex laurina,Kunth,Venezuela (Bolivarian Republic of)
Aquifoliaceae,Ilex macarenensis,Cuatrec.,Venezuela (Bolivarian Republic of)
Aquifoliaceae,Ilex magnifructa,Edwin,Venezuela (Bolivarian Republic of)
Aquifoliaceae,Ilex marahuacae,Steyerm.,Venezuela (Bolivarian Republic of)
Aquifoliaceae,Ilex marginata,Edwin,Venezuela (Bolivarian Republic of)
Aquifoliaceae,Ilex martiniana,D.Don,Venezuela (Bolivarian Republic of)
Aquifoliaceae,Ilex myricoides,Kunth,Venezuela (Bolivarian Republic of)
Aquifoliaceae,Ilex neblinensis,Edwin,Venezuela (Bolivarian Republic of)
Aquifoliaceae,Ilex oliveriana,Loes.,Venezuela (Bolivarian Republic of)
Aquifoliaceae,Ilex parvifructa,Edwin,Venezuela (Bolivarian Republic of)
Aquifoliaceae,Ilex paujiensis,Steyerm.,Venezuela (Bolivarian Republic of)
Aquifoliaceae,Ilex pernervata,Cuatrec.,Venezuela (Bolivarian Republic of)
Aquifoliaceae,Ilex polita,Steyerm.,Venezuela (Bolivarian Republic of)
Aquifoliaceae,Ilex pseudoumbelliformis,T.R.Dudley,Venezuela (Bolivarian Republic of)
Aquifoliaceae,Ilex ptariana,Steyerm.,Venezuela (Bolivarian Republic of)
Aquifoliaceae,Ilex retusa,Klotzsch ex Reissek,Venezuela (Bolivarian Republic of)
Aquifoliaceae,Ilex savannarum,Wurdack,Venezuela (Bolivarian Republic of)
Aquifoliaceae,Ilex scopulorum,Kunth,Venezuela (Bolivarian Republic of)
Aquifoliaceae,Ilex sessilifructa,Edwin,Venezuela (Bolivarian Republic of)
Aquifoliaceae,Ilex sideroxyloides,(Sw.) Griseb.,Venezuela (Bolivarian Republic of)
Aquifoliaceae,Ilex sipapoana,Edwin,Venezuela (Bolivarian Republic of)
Aquifoliaceae,Ilex solida,Edwin,Venezuela (Bolivarian Republic of)
Aquifoliaceae,Ilex spruceana,Reissek,Venezuela (Bolivarian Republic of)
Aquifoliaceae,Ilex steyermarkii,Edwin,Venezuela (Bolivarian Republic of)
Aquifoliaceae,Ilex subrotundifolia,Steyerm.,Venezuela (Bolivarian Republic of)
Aquifoliaceae,Ilex tateana,Steyerm.,Venezuela (Bolivarian Republic of)
Aquifoliaceae,Ilex tepuiana,Steyerm. ex Edwin,Venezuela (Bolivarian Republic of)
Aquifoliaceae,Ilex tiricae,Edwin,Venezuela (Bolivarian Republic of)
Aquifoliaceae,Ilex truxillensis,Turcz.,Venezuela (Bolivarian Republic of)
Aquifoliaceae,Ilex uaramae,Edwin,Venezuela (Bolivarian Republic of)
Aquifoliaceae,Ilex umbellata,Klotzsch ex Reissek,Venezuela (Bolivarian Republic of)
Aquifoliaceae,Ilex vacciniifolia,Klotzsch ex Reissek,Venezuela (Bolivarian Republic of)
Aquifoliaceae,Ilex venezuelensis,Steyerm.,Venezuela (Bolivarian Republic of)
Aquifoliaceae,Ilex vesparum,Steyerm.,Venezuela (Bolivarian Republic of)
Aquifoliaceae,Ilex yurumanguinis,Cuatrec.,Venezuela (Bolivarian Republic of)
Araliaceae,Aralia excelsa,(Griseb.) J.Wen,Venezuela (Bolivarian Republic of)
Araliaceae,Cephalopanax jahnii,"(Harms) G.M. Plunkett, Lowry & D.A. Neill",Venezuela (Bolivarian Republic of)
Araliaceae,Cephalopanax pachycephalus,"(Planch. & Linden ex Harms) G.M.Plunkett, Lowry & D.A.Neill",Venezuela (Bolivarian Republic of)
Araliaceae,Crepinella acaropunctata,"(Frodin) Lowry, G.M.Plunkett & D.A.Neill",Venezuela (Bolivarian Republic of)
Araliaceae,Crepinella auyantepuiensis,"(Steyerm.) Lowry, G.M.Plunkett & D.A.Neill",Venezuela (Bolivarian Republic of)
Araliaceae,Crepinella baculosa,"(Frodin) Lowry, G.M.Plunkett & D.A.Neill",Venezuela (Bolivarian Republic of)
Araliaceae,Crepinella chimantensis,"(Steyerm. & Maguire) Lowry, G.M.Plunkett & D.A.Neill",Venezuela (Bolivarian Republic of)
Araliaceae,Crepinella clavigera,"(Frodin) Lowry, G.M.Plunkett & D.A.Neill",Venezuela (Bolivarian Republic of)
Araliaceae,Crepinella clusietorum,"(Frodin) Lowry, G.M.Plunkett & D.A.Neill",Venezuela (Bolivarian Republic of)
Araliaceae,Crepinella coriacea,"(Marchal) Lowry, G.M.Plunkett & D.A.Neill",Venezuela (Bolivarian Republic of)
Araliaceae,Crepinella disparifolia,"(Frodin) Lowry, G.M.Plunkett & D.A.Neill",Venezuela (Bolivarian Republic of)
Araliaceae,Crepinella gracilis,Marchal,Venezuela (Bolivarian Republic of)
Araliaceae,Crepinella gracillima,"(Steyerm. & Maguire) Lowry, G.M.Plunkett & D.A.Neill",Venezuela (Bolivarian Republic of)
Araliaceae,Crepinella hitchcockii,"(Lasser & Maguire) Lowry, G.M.Plunkett & D.A.Neill",Venezuela (Bolivarian Republic of)
Araliaceae,Crepinella huachamacarii,"(Maguire, Steyerm. & Frodin) Lowry, G.M.Plunkett & D.A.Neill",Venezuela (Bolivarian Republic of)
Araliaceae,Crepinella huberi,"(Frodin) Lowry, G.M.Plunkett & D.A.Neill",Venezuela (Bolivarian Republic of)
Araliaceae,Crepinella japurensis,"(Mart. & Zucc. ex Marchal) D.A.Neill, Lowry & G.M.Plunkett",Venezuela (Bolivarian Republic of)
Araliaceae,Crepinella longistyla,"(Frodin) G.M.Plunkett, Lowry & D.A.Neill",Venezuela (Bolivarian Republic of)
Araliaceae,Crepinella montana,"(Gleason) G.M.Plunkett, Lowry & D.A.Neill",Venezuela (Bolivarian Republic of)
Araliaceae,Crepinella myrioneura,"(Frodin) G.M.Plunkett, Lowry & D.A.Neill",Venezuela (Bolivarian Republic of)
Araliaceae,Crepinella nigrescens,"(Frodin) G.M.Plunkett, Lowry & D.A.Neill",Venezuela (Bolivarian Republic of)
Araliaceae,Crepinella pauciradiata,"(Maguire, Steyerm. & Frodin) G.M.Plunkett, Lowry & D.A.Neill",Venezuela (Bolivarian Republic of)
Araliaceae,Crepinella psilophylla,"(Harms) G.M.Plunkett, Lowry & D.A.Neill",Venezuela (Bolivarian Republic of)
Araliaceae,Crepinella simplex,"(Steyerm. & Holst) G.M.Plunkett, Lowry & D.A.Neill",Venezuela (Bolivarian Republic of)
Araliaceae,Crepinella spruceana,"(Seem.) G.M.Plunkett, Lowry & D.A.Neill",Venezuela (Bolivarian Republic of)
Araliaceae,Crepinella suaveolens,"(Frodin) G.M.Plunkett, Lowry & D.A.Neill",Venezuela (Bolivarian Republic of)
Araliaceae,Crepinella ulocephala,"(Frodin) G.M.Plunkett, Lowry & D.A.Neill",Venezuela (Bolivarian Republic of)
Araliaceae,Crepinella umbellata,"(N.E.Br.) G.M.Plunkett, Lowry & D.A.Neill",Venezuela (Bolivarian Republic of)
Araliaceae,Crepinella umbraculifera,"(Frodin) G.M.Plunkett, Lowry & D.A.Neill",Venezuela (Bolivarian Republic of)
Araliaceae,Dendropanax arboreus,(L.) Decne. & Planch.,Venezuela (Bolivarian Republic of)
Araliaceae,Dendropanax fendleri,Seem.,Venezuela (Bolivarian Republic of)
Araliaceae,Dendropanax larensis,Steyerm.,Venezuela (Bolivarian Republic of)
Araliaceae,Dendropanax neblinae,"Maguire, Steyerm. & Frodin",Venezuela (Bolivarian Republic of)
Araliaceae,Didymopanax morototoni,(Aubl.) Decne. & Planch.,Venezuela (Bolivarian Republic of)
Araliaceae,Didymopanax pimichinensis,"(Maguire, Steyerm. & Frodin) Fiaschi & G.M.Plunkett",Venezuela (Bolivarian Republic of)
Araliaceae,Didymopanax quinquecarinatus,(Steyerm.) Fiaschi & G.M.Plunkett,Venezuela (Bolivarian Republic of)
Araliaceae,Didymopanax tamatamaensis,"(Maguire, Steyerm. & Frodin) Fiaschi & G.M.Plunkett",Venezuela (Bolivarian Republic of)
Araliaceae,Oreopanax bogotensis,Cuatrec.,Venezuela (Bolivarian Republic of)
Araliaceae,Oreopanax capitatus,(Jacq.) Decne. & Planch.,Venezuela (Bolivarian Republic of)
Araliaceae,Oreopanax cumanensis,(Kunth) Decne. & Planch.,Venezuela (Bolivarian Republic of)
Araliaceae,Oreopanax discolor,(Kunth) Decne. & Planch.,Venezuela (Bolivarian Republic of)
Araliaceae,Oreopanax humboldtianus,(Willd. ex Schult.) Decne. & Planch.,Venezuela (Bolivarian Republic of)
Araliaceae,Oreopanax incisus,(Willd. ex Schult.) Decne. & Planch.,Venezuela (Bolivarian Republic of)
Araliaceae,Oreopanax reticulatus,(Willd. ex Schult.) Decne. & Planch.,Venezuela (Bolivarian Republic of)
Araliaceae,Oreopanax venezuelensis,Steyerm.,Venezuela (Bolivarian Republic of)
Araliaceae,Sciodaphyllum argophyllum,"(Frodin) Lowry, G.M.Plunkett & M.M.Mora",Venezuela (Bolivarian Republic of)
Araliaceae,Sciodaphyllum asymmetricum,"(Frodin) Lowry, G.M.Plunkett & M.M.Mora",Venezuela (Bolivarian Republic of)
Araliaceae,Sciodaphyllum clausum,"(Frodin) Lowry, G.M.Plunkett & M.M.Mora",Venezuela (Bolivarian Republic of)
Araliaceae,Sciodaphyllum concolor,"(Frodin) Lowry, G.M.Plunkett & M.M.Mora",Venezuela (Bolivarian Republic of)
Araliaceae,Sciodaphyllum contractum,"(Frodin) Lowry, G.M.Plunkett & M.M.Mora",Venezuela (Bolivarian Republic of)
Araliaceae,Sciodaphyllum cracens,"(Frodin) Lowry, G.M.Plunkett & M.M.Mora",Venezuela (Bolivarian Republic of)
Araliaceae,Sciodaphyllum crassilimbum,"(Frodin) Lowry, G.M.Plunkett & M.M.Mora",Venezuela (Bolivarian Republic of)
Araliaceae,Sciodaphyllum duidae,"(Steyerm.) Lowry, G.M.Plunkett & M.M.Mora",Venezuela (Bolivarian Republic of)
Araliaceae,Sciodaphyllum glabratum,"(Kunth) Lowry, G.M.Plunkett & M.M.Mora",Venezuela (Bolivarian Republic of)
Araliaceae,Sciodaphyllum guanayense,"(Maguire, Steyerm. & Frodin) Lowry, G.M.Plunkett & M.M.Mora",Venezuela (Bolivarian Republic of)
Araliaceae,Sciodaphyllum jauaense,"(Maguire, Steyerm. & Frodin) Lowry, G.M.Plunkett & M.M.Mora",Venezuela (Bolivarian Republic of)
Araliaceae,Sciodaphyllum karstenianum,Marchal,Venezuela (Bolivarian Republic of)
Araliaceae,Sciodaphyllum maguireorum,"(Frodin) Lowry, G.M.Plunkett & M.M.Mora",Venezuela (Bolivarian Republic of)
Araliaceae,Sciodaphyllum marahuacense,"(Maguire, Steyerm. & Frodin) Lowry, G.M.Plunkett & M.M.Mora",Venezuela (Bolivarian Republic of)
Araliaceae,Sciodaphyllum meiurophyllum,"(Frodin) Lowry, G.M.Plunkett & M.M.Mora",Venezuela (Bolivarian Republic of)
Araliaceae,Sciodaphyllum paruanum,"(Frodin) Lowry, G.M.Plunkett & M.M.Mora",Venezuela (Bolivarian Republic of)
Araliaceae,Sciodaphyllum pedicelligerum,"(Maguire, Steyerm. & Frodin) Lowry, G.M.Plunkett & M.M.Mora",Venezuela (Bolivarian Republic of)
Araliaceae,Sciodaphyllum quinquestylorum,"(Steyerm.) Lowry, G.M.Plunkett & M.M.Mora",Venezuela (Bolivarian Republic of)
Araliaceae,Sciodaphyllum reticulatum,"(Gleason) Lowry, G.M.Plunkett & M.M.Mora",Venezuela (Bolivarian Republic of)
Araliaceae,Sciodaphyllum rubiginosum,Decne. & Planch.,Venezuela (Bolivarian Republic of)
Araliaceae,Sciodaphyllum sipapoense,"(Maguire, Steyerm. & Frodin) Lowry, G.M.Plunkett & M.M.Mora",Venezuela (Bolivarian Republic of)
Araliaceae,Sciodaphyllum steyermarkii,"(Frodin) Lowry, G.M.Plunkett & M.M.Mora",Venezuela (Bolivarian Republic of)
Araliaceae,Sciodaphyllum tamanum,"(Steyerm.) Lowry, G.M.Plunkett & M.M.Mora",Venezuela (Bolivarian Republic of)
Araliaceae,Sciodaphyllum tremuloideum,"(Maguire, Steyerm. & Frodin) Lowry, G.M.Plunkett & M.M.Mora",Venezuela (Bolivarian Republic of)
Araliaceae,Sciodaphyllum vanderwerffii,"(Dorr & Stergios) Lowry, G.M.Plunkett & M.M.Mora",Venezuela (Bolivarian Republic of)
Araliaceae,Sciodaphyllum venezuelense,"Lowry, G.M.Plunkett & M.M.Mora",Venezuela (Bolivarian Republic of)
Arecaceae,Acrocomia aculeata,(Jacq.) Lodd. ex R.Keith,Venezuela (Bolivarian Republic of)
Arecaceae,Aiphanes horrida,(Jacq.) Burret,Venezuela (Bolivarian Republic of)
Arecaceae,Asterogyne ramosa,(H.E.Moore) Wess.Boer,Venezuela (Bolivarian Republic of)
Arecaceae,Asterogyne spicata,(H.E.Moore) Wess.Boer,Venezuela (Bolivarian Republic of)
Arecaceae,Asterogyne yaracuyense,A.J.Hend. & Steyerm.,Venezuela (Bolivarian Republic of)
Arecaceae,Astrocaryum aculeatum,G.Mey.,Venezuela (Bolivarian Republic of)
Arecaceae,Astrocaryum chambira,Burret,Venezuela (Bolivarian Republic of)
Arecaceae,Astrocaryum jauari,Mart.,Venezuela (Bolivarian Republic of)
Arecaceae,Astrocaryum murumuru,Mart.,Venezuela (Bolivarian Republic of)
Arecaceae,Astrocaryum tucuma,Mart.,Venezuela (Bolivarian Republic of)
Arecaceae,Attalea butyracea,(Mutis ex L.f.) Wess.Boer,Venezuela (Bolivarian Republic of)
Arecaceae,Attalea macrolepis,(Burret) Wess.Boer,Venezuela (Bolivarian Republic of)
Arecaceae,Attalea maripa,(Aubl.) Mart.,Venezuela (Bolivarian Republic of)
Arecaceae,Attalea microcarpa,Mart.,Venezuela (Bolivarian Republic of)
Arecaceae,Attalea wesselsboeri,(Glassman) Zona,Venezuela (Bolivarian Republic of)
Arecaceae,Bactris acanthocarpa,Mart.,Venezuela (Bolivarian Republic of)
Arecaceae,Bactris balanophora,Spruce,Venezuela (Bolivarian Republic of)
Arecaceae,Bactris bidentula,Spruce,Venezuela (Bolivarian Republic of)
Arecaceae,Bactris brongniartii,Mart.,Venezuela (Bolivarian Republic of)
Arecaceae,Bactris campestris,Poepp.,Venezuela (Bolivarian Republic of)
Arecaceae,Bactris corossilla,H.Karst.,Venezuela (Bolivarian Republic of)
Arecaceae,Bactris gasipaes,Kunth,Venezuela (Bolivarian Republic of)
Arecaceae,Bactris guineensis,(L.) H.E.Moore,Venezuela (Bolivarian Republic of)
Arecaceae,Bactris hirta,Mart.,Venezuela (Bolivarian Republic of)
Arecaceae,Bactris major,Jacq.,Venezuela (Bolivarian Republic of)
Arecaceae,Bactris maraja,Mart.,Venezuela (Bolivarian Republic of)
Arecaceae,Bactris oligoclada,Burret,Venezuela (Bolivarian Republic of)
Arecaceae,Bactris pilosa,H.Karst.,Venezuela (Bolivarian Republic of)
Arecaceae,Bactris ptariana,Steyerm.,Venezuela (Bolivarian Republic of)
Arecaceae,Bactris setulosa,H.Karst.,Venezuela (Bolivarian Republic of)
Arecaceae,Ceroxylon alpinum,Bonpl. ex DC.,Venezuela (Bolivarian Republic of)
Arecaceae,Ceroxylon ceriferum,(H.Karst.) Pittier,Venezuela (Bolivarian Republic of)
Arecaceae,Ceroxylon parvifrons,(Engel) H.Wendl.,Venezuela (Bolivarian Republic of)
Arecaceae,Ceroxylon vogelianum,(Engel) H.Wendl.,Venezuela (Bolivarian Republic of)
Arecaceae,Chamaedorea linearis,(Ruiz & Pav.) Mart.,Venezuela (Bolivarian Republic of)
Arecaceae,Chamaedorea pinnatifrons,(Jacq.) Oerst.,Venezuela (Bolivarian Republic of)
Arecaceae,Coccothrinax barbadensis,(Lodd. ex Mart.) Becc.,Venezuela (Bolivarian Republic of)
Arecaceae,Copernicia tectorum,(Kunth) Mart.,Venezuela (Bolivarian Republic of)
Arecaceae,Desmoncus polyacanthos,Mart.,Venezuela (Bolivarian Republic of)
Arecaceae,Dictyocaryum fuscum,(H.Karst.) H.Wendl.,Venezuela (Bolivarian Republic of)
Arecaceae,Dictyocaryum lamarckianum,(Mart.) H.Wendl.,Venezuela (Bolivarian Republic of)
Arecaceae,Dictyocaryum ptarianum,(Steyerm.) H.E.Moore & Steyerm.,Venezuela (Bolivarian Republic of)
Arecaceae,Euterpe catinga,Wallace,Venezuela (Bolivarian Republic of)
Arecaceae,Euterpe longibracteata,Barb.Rodr.,Venezuela (Bolivarian Republic of)
Arecaceae,Euterpe oleracea,Mart.,Venezuela (Bolivarian Republic of)
Arecaceae,Euterpe precatoria,Mart.,Venezuela (Bolivarian Republic of)
Arecaceae,Geonoma baculifera,(Poit.) Kunth,Venezuela (Bolivarian Republic of)
Arecaceae,Geonoma brongniartii,Mart.,Venezuela (Bolivarian Republic of)
Arecaceae,Geonoma cuneata,H.Wendl. ex Spruce,Venezuela (Bolivarian Republic of)
Arecaceae,Geonoma deversa,(Poit.) Kunth,Venezuela (Bolivarian Republic of)
Arecaceae,Geonoma interrupta,(Ruiz & Pav.) Mart.,Venezuela (Bolivarian Republic of)
Arecaceae,Geonoma lehmannii,Dammer ex Burret,Venezuela (Bolivarian Republic of)
Arecaceae,Geonoma macrostachys,Mart.,Venezuela (Bolivarian Republic of)
Arecaceae,Geonoma maxima,(Poit.) Kunth,Venezuela (Bolivarian Republic of)
Arecaceae,Geonoma oligoclona,Trail,Venezuela (Bolivarian Republic of)
Arecaceae,Geonoma orbignyana,Mart.,Venezuela (Bolivarian Republic of)
Arecaceae,Geonoma pinnatifrons,Willd.,Venezuela (Bolivarian Republic of)
Arecaceae,Geonoma stricta,(Poit.) Kunth,Venezuela (Bolivarian Republic of)
Arecaceae,Geonoma undata,Klotzsch,Venezuela (Bolivarian Republic of)
Arecaceae,Hyospathe elegans,Mart.,Venezuela (Bolivarian Republic of)
Arecaceae,Iriartea deltoidea,Ruiz & Pav.,Venezuela (Bolivarian Republic of)
Arecaceae,Iriartella setigera,(Mart.) H.Wendl.,Venezuela (Bolivarian Republic of)
Arecaceae,Leopoldinia piassaba,Wallace,Venezuela (Bolivarian Republic of)
Arecaceae,Leopoldinia pulchra,Mart.,Venezuela (Bolivarian Republic of)
Arecaceae,Lepidocaryum tenue,Mart.,Venezuela (Bolivarian Republic of)
Arecaceae,Manicaria saccifera,Gaertn.,Venezuela (Bolivarian Republic of)
Arecaceae,Mauritia carana,Wallace,Venezuela (Bolivarian Republic of)
Arecaceae,Mauritia flexuosa,L.f.,Venezuela (Bolivarian Republic of)
Arecaceae,Mauritiella aculeata,(Kunth) Burret,Venezuela (Bolivarian Republic of)
Arecaceae,Mauritiella armata,(Mart.) Burret,Venezuela (Bolivarian Republic of)
Arecaceae,Oenocarpus bacaba,Mart.,Venezuela (Bolivarian Republic of)
Arecaceae,Oenocarpus balickii,F.Kahn,Venezuela (Bolivarian Republic of)
Arecaceae,Oenocarpus bataua,Mart.,Venezuela (Bolivarian Republic of)
Arecaceae,Oenocarpus mapora,H.Karst.,Venezuela (Bolivarian Republic of)
Arecaceae,Prestoea acuminata,(Willd.) H.E.Moore,Venezuela (Bolivarian Republic of)
Arecaceae,Prestoea carderi,(W.Bull) Hook.f.,Venezuela (Bolivarian Republic of)
Arecaceae,Prestoea longepetiolata,(Oerst.) H.E.Moore,Venezuela (Bolivarian Republic of)
Arecaceae,Prestoea pubigera,(Griseb. & H.Wendl.) Hook.f.,Venezuela (Bolivarian Republic of)
Arecaceae,Prestoea tenuiramosa,(Dammer) H.E.Moore,Venezuela (Bolivarian Republic of)
Arecaceae,Roystonea oleracea,(Jacq.) O.F.Cook,Venezuela (Bolivarian Republic of)
Arecaceae,Sabal mauritiiformis,(H.Karst.) Griseb. & H.Wendl.,Venezuela (Bolivarian Republic of)
Arecaceae,Socratea exorrhiza,(Mart.) H.Wendl.,Venezuela (Bolivarian Republic of)
Arecaceae,Socratea karstenii,F.W.Stauffer & Balslev,Venezuela (Bolivarian Republic of)
Arecaceae,Syagrus orinocensis,(Spruce) Burret,Venezuela (Bolivarian Republic of)
Arecaceae,Syagrus sancona,(Kunth) H.Karst.,Venezuela (Bolivarian Republic of)
Arecaceae,Syagrus stenopetala,Burret,Venezuela (Bolivarian Republic of)
Arecaceae,Wettinia praemorsa,(Willd.) Wess.Boer,Venezuela (Bolivarian Republic of)
Asparagaceae,Furcraea acaulis,(Kunth) B.Ullrich,Venezuela (Bolivarian Republic of)
Asteraceae,Ageratina paramensis,(Aristeg.) R.M.King & H.Rob.,Venezuela (Bolivarian Republic of)
Asteraceae,Baccharis brachylaenoides,DC.,Venezuela (Bolivarian Republic of)
Asteraceae,Baccharis latifolia,(Ruiz & Pav.) Pers.,Venezuela (Bolivarian Republic of)
Asteraceae,Baccharis nitida,(Ruiz & Pav.) Pers.,Venezuela (Bolivarian Republic of)
Asteraceae,Calea sipapoana,Maguire,Venezuela (Bolivarian Republic of)
Asteraceae,Carramboa badilloi,(Cuatrec.) Cuatrec.,Venezuela (Bolivarian Republic of)
Asteraceae,Carramboa trujillensis,(Cuatrec.) Cuatrec.,Venezuela (Bolivarian Republic of)
Asteraceae,Clibadium grandifolium,S.F.Blake,Venezuela (Bolivarian Republic of)
Asteraceae,Clibadium surinamense,L.,Venezuela (Bolivarian Republic of)
Asteraceae,Clibadium sylvestre,(Aubl.) Baill.,Venezuela (Bolivarian Republic of)
Asteraceae,Critonia heteroneura,Ernst,Venezuela (Bolivarian Republic of)
Asteraceae,Critonia morifolia,(Mill.) R.M.King & H.Rob.,Venezuela (Bolivarian Republic of)
Asteraceae,Critoniella acuminata,(Kunth) R.M.King & H.Rob.,Venezuela (Bolivarian Republic of)
Asteraceae,Critoniopsis killipii,(Cuatrec.) H.Rob.,Venezuela (Bolivarian Republic of)
Asteraceae,Critoniopsis meridensis,(V.M.Badillo) V.M.Badillo,Venezuela (Bolivarian Republic of)
Asteraceae,Critoniopsis paradoxa,(Sch.Bip.) V.M.Badillo,Venezuela (Bolivarian Republic of)
Asteraceae,Critoniopsis tamana,V.M.Badillo,Venezuela (Bolivarian Republic of)
Asteraceae,Critoniopsis turmalensis,V.M.Badillo,Venezuela (Bolivarian Republic of)
Asteraceae,Eurydochus bracteatus,Maguire & Wurdack,Venezuela (Bolivarian Republic of)
Asteraceae,Gongylolepis benthamiana,R.H.Schomb.,Venezuela (Bolivarian Republic of)
Asteraceae,Gongylolepis bracteata,Maguire,Venezuela (Bolivarian Republic of)
Asteraceae,Gongylolepis huachamacari,Maguire,Venezuela (Bolivarian Republic of)
Asteraceae,Gongylolepis jauaensis,"(Aristeg., Maguire & Steyerm.) V.M.Badillo",Venezuela (Bolivarian Republic of)
Asteraceae,Gongylolepis martiana,(Baker) Steyerm. & Cuatrec.,Venezuela (Bolivarian Republic of)
Asteraceae,Gongylolepis oblanceolata,Pruski,Venezuela (Bolivarian Republic of)
Asteraceae,Gongylolepis paniculata,Maguire & K.D.Phelps,Venezuela (Bolivarian Republic of)
Asteraceae,Gongylolepis paruana,Maguire,Venezuela (Bolivarian Republic of)
Asteraceae,Gongylolepis pedunculata,Maguire,Venezuela (Bolivarian Republic of)
Asteraceae,Koanophyllon celtidifolium,(Lam.) R.M.King & H.Rob.,Venezuela (Bolivarian Republic of)
Asteraceae,Libanothamnus arboreus,(Aristeg.) Cuatrec.,Venezuela (Bolivarian Republic of)
Asteraceae,Libanothamnus banksiifolius,(Wedd.) Cuatrec.,Venezuela (Bolivarian Republic of)
Asteraceae,Libanothamnus divisoriensis,Cuatrec.,Venezuela (Bolivarian Republic of)
Asteraceae,Libanothamnus griffinii,(Ruíz-Terán & López-Fig.) Cuatrec.,Venezuela (Bolivarian Republic of)
Asteraceae,Libanothamnus liscanoanus,(Cuatrec.) Cuatrec.,Venezuela (Bolivarian Republic of)
Asteraceae,Libanothamnus lucidus,(Aristeg.) Cuatrec.,Venezuela (Bolivarian Republic of)
Asteraceae,Libanothamnus neriifolius,(Sch.Bip. ex Sch.Bip.) Ernst,Venezuela (Bolivarian Republic of)
Asteraceae,Libanothamnus occultus,(S.F.Blake) Cuatrec.,Venezuela (Bolivarian Republic of)
Asteraceae,Libanothamnus parvulus,Cuatrec.,Venezuela (Bolivarian Republic of)
Asteraceae,Libanothamnus spectabilis,(Cuatrec.) Cuatrec.,Venezuela (Bolivarian Republic of)
Asteraceae,Linochilus grantii,(Cuatrec.) Saldivia & O.M.Vargas,Venezuela (Bolivarian Republic of)
Asteraceae,Linochilus rosmarinifolius,Benth.,Venezuela (Bolivarian Republic of)
Asteraceae,Montanoa quadrangularis,Sch.Bip.,Venezuela (Bolivarian Republic of)
Asteraceae,Moquiniastrum oligocephalum,(Gardner) G.Sancho,Venezuela (Bolivarian Republic of)
Asteraceae,Piptocarpha opaca,(Benth.) Baker,Venezuela (Bolivarian Republic of)
Asteraceae,Piptocarpha poeppigiana,(DC.) Baker,Venezuela (Bolivarian Republic of)
Asteraceae,Piptocarpha polycephala,Baker,Venezuela (Bolivarian Republic of)
Asteraceae,Piptocoma acuminata,(Kunth) Pruski,Venezuela (Bolivarian Republic of)
Asteraceae,Piptocoma areolata,(Wurdack) Pruski,Venezuela (Bolivarian Republic of)
Asteraceae,Piptocoma discolor,(Kunth) Pruski,Venezuela (Bolivarian Republic of)
Asteraceae,Piptocoma macrophylla,(Sch.Bip.) Pruski,Venezuela (Bolivarian Republic of)
Asteraceae,Piptocoma milleri,(J.R.Johnst.) Pruski,Venezuela (Bolivarian Republic of)
Asteraceae,Piptocoma niceforoi,(Cuatrec.) Pruski,Venezuela (Bolivarian Republic of)
Asteraceae,Piptocoma schomburgkii,(Sch.Bip.) Pruski,Venezuela (Bolivarian Republic of)
Asteraceae,Piptocoma spruceana,(Benth.) Pruski,Venezuela (Bolivarian Republic of)
Asteraceae,Piptocoma vernonioides,(Kunth) Pruski,Venezuela (Bolivarian Republic of)
Asteraceae,Quelchia cardonae,Steyerm.,Venezuela (Bolivarian Republic of)
Asteraceae,Smallanthus pyramidalis,(Triana) H.Rob.,Venezuela (Bolivarian Republic of)
Asteraceae,Stenopadus chimantensis,"Maguire, Steyerm. & Wurdack",Venezuela (Bolivarian Republic of)
Asteraceae,Stenopadus connellii,(N.E.Br.) S.F.Blake,Venezuela (Bolivarian Republic of)
Asteraceae,Stenopadus cucullatus,Maguire & Wurdack,Venezuela (Bolivarian Republic of)
Asteraceae,Stenopadus huachamacari,Maguire,Venezuela (Bolivarian Republic of)
Asteraceae,Stenopadus kunhardtii,Maguire,Venezuela (Bolivarian Republic of)
Asteraceae,Stenopadus obconicus,Maguire & Wurdack,Venezuela (Bolivarian Republic of)
Asteraceae,Stenopadus sericeus,Maguire & Aristeg.,Venezuela (Bolivarian Republic of)
Asteraceae,Stenopadus talaumifolius,S.F.Blake,Venezuela (Bolivarian Republic of)
Asteraceae,Stomatochaeta crassifolia,(S.F.Blake) Maguire & Wurdack,Venezuela (Bolivarian Republic of)
Asteraceae,Stomatochaeta cylindrica,Maguire & Wurdack,Venezuela (Bolivarian Republic of)
Asteraceae,Stomatochaeta steyermarkii,Aristeg.,Venezuela (Bolivarian Republic of)
Asteraceae,Tamania chardonii,(A.C.Sm.) Cuatrec.,Venezuela (Bolivarian Republic of)
Asteraceae,Tessaria integrifolia,Ruiz & Pav.,Venezuela (Bolivarian Republic of)
Asteraceae,Trixis inula,Crantz,Venezuela (Bolivarian Republic of)
Asteraceae,Verbesina ligulata,(Maguire & Wurdack) Pruski,Venezuela (Bolivarian Republic of)
Asteraceae,Verbesina turbacensis,Kunth,Venezuela (Bolivarian Republic of)
Bignoniaceae,Adenocalymma bracteosum,(DC.) L.G.Lohmann,Venezuela (Bolivarian Republic of)
Bignoniaceae,Adenocalymma cladotrichum,(Sandwith) L.G.Lohmann,Venezuela (Bolivarian Republic of)
Bignoniaceae,Amphitecna latifolia,(Mill.) A.H.Gentry,Venezuela (Bolivarian Republic of)
Bignoniaceae,Crescentia amazonica,Ducke,Venezuela (Bolivarian Republic of)
Bignoniaceae,Crescentia cujete,L.,Venezuela (Bolivarian Republic of)
Bignoniaceae,Delostoma integrifolium,D.Don,Venezuela (Bolivarian Republic of)
Bignoniaceae,Digomphia laurifolia,Benth.,Venezuela (Bolivarian Republic of)
Bignoniaceae,Godmania aesculifolia,(Kunth) Standl.,Venezuela (Bolivarian Republic of)
Bignoniaceae,Godmania dardanoi,(J.C.Gomes) A.H.Gentry,Venezuela (Bolivarian Republic of)
Bignoniaceae,Handroanthus barbatus,(E.Mey.) Mattos,Venezuela (Bolivarian Republic of)
Bignoniaceae,Handroanthus billbergii,(Bureau & K.Schum.) S.O.Grose,Venezuela (Bolivarian Republic of)
Bignoniaceae,Handroanthus capitatus,(Bureau & K.Schum.) Mattos,Venezuela (Bolivarian Republic of)
Bignoniaceae,Handroanthus chrysanthus,(Jacq.) S.O.Grose,Venezuela (Bolivarian Republic of)
Bignoniaceae,Handroanthus guayacan,(Seem.) S.O.Grose,Venezuela (Bolivarian Republic of)
Bignoniaceae,Handroanthus impetiginosus,(Mart. ex DC.) Mattos,Venezuela (Bolivarian Republic of)
Bignoniaceae,Handroanthus obscurus,(Bureau & K.Schum.) Mattos,Venezuela (Bolivarian Republic of)
Bignoniaceae,Handroanthus ochraceus,(Cham.) Mattos,Venezuela (Bolivarian Republic of)
Bignoniaceae,Handroanthus serratifolius,(Vahl) S.O.Grose,Venezuela (Bolivarian Republic of)
Bignoniaceae,Handroanthus subtilis,(Sprague & Sandwith) S.O.Grose,Venezuela (Bolivarian Republic of)
Bignoniaceae,Handroanthus uleanus,(Kraenzl.) S.O.Grose,Venezuela (Bolivarian Republic of)
Bignoniaceae,Jacaranda caucana,Pittier,Venezuela (Bolivarian Republic of)
Bignoniaceae,Jacaranda copaia,(Aubl.) D.Don,Venezuela (Bolivarian Republic of)
Bignoniaceae,Jacaranda densicoma,Mart. ex DC.,Venezuela (Bolivarian Republic of)
Bignoniaceae,Jacaranda obtusifolia,Bonpl.,Venezuela (Bolivarian Republic of)
Bignoniaceae,Jacaranda orinocensis,Sandwith,Venezuela (Bolivarian Republic of)
Bignoniaceae,Roseodendron chryseum,(S.F.Blake) Miranda,Venezuela (Bolivarian Republic of)
Bignoniaceae,Roseodendron donnell-smithii,(Rose) Miranda,Venezuela (Bolivarian Republic of)
Bignoniaceae,Sparattosperma leucanthum,(Vell.) K.Schum.,Venezuela (Bolivarian Republic of)
Bignoniaceae,Tabebuia fluviatilis,(Aubl.) DC.,Venezuela (Bolivarian Republic of)
Bignoniaceae,Tabebuia insignis,(Miq.) Sandwith,Venezuela (Bolivarian Republic of)
Bignoniaceae,Tabebuia orinocensis,(Sandwith) A.H.Gentry,Venezuela (Bolivarian Republic of)
Bignoniaceae,Tabebuia pilosa,A.H.Gentry,Venezuela (Bolivarian Republic of)
Bignoniaceae,Tabebuia rosea,(Bertol.) Bertero ex A.DC.,Venezuela (Bolivarian Republic of)
Bignoniaceae,Tabebuia stenocalyx,Sprague & Stapf,Venezuela (Bolivarian Republic of)
Bignoniaceae,Tecoma stans,(L.) Juss. ex Kunth,Venezuela (Bolivarian Republic of)
Bixaceae,Bixa orellana,L.,Venezuela (Bolivarian Republic of)
Bixaceae,Bixa urucurana,Willd.,Venezuela (Bolivarian Republic of)
Bixaceae,Cochlospermum orinocense,(Kunth) Steud.,Venezuela (Bolivarian Republic of)
Bixaceae,Cochlospermum vitifolium,(Willd.) Spreng.,Venezuela (Bolivarian Republic of)
Bonnetiaceae,Archytaea angustifolia,Maguire,Venezuela (Bolivarian Republic of)
Bonnetiaceae,Archytaea triflora,Mart.,Venezuela (Bolivarian Republic of)
Bonnetiaceae,Bonnetia celiae,Maguire,Venezuela (Bolivarian Republic of)
Bonnetiaceae,Bonnetia crassa,Gleason,Venezuela (Bolivarian Republic of)
Bonnetiaceae,Bonnetia jauaensis,Maguire,Venezuela (Bolivarian Republic of)
Bonnetiaceae,Bonnetia katleeniae,Lasser,Venezuela (Bolivarian Republic of)
Bonnetiaceae,Bonnetia multinervia,(Maguire) Steyerm.,Venezuela (Bolivarian Republic of)
Bonnetiaceae,Bonnetia paniculata,Spruce ex Benth.,Venezuela (Bolivarian Republic of)
Bonnetiaceae,Bonnetia roraimae,Oliveri,Venezuela (Bolivarian Republic of)
Bonnetiaceae,Bonnetia sessilis,Benth.,Venezuela (Bolivarian Republic of)
Bonnetiaceae,Bonnetia tepuiensis,Kobuski & Steyerm.,Venezuela (Bolivarian Republic of)
Bonnetiaceae,Bonnetia tristyla,Gleason,Venezuela (Bolivarian Republic of)
Bonnetiaceae,Bonnetia wurdackii,Maguire,Venezuela (Bolivarian Republic of)
Boraginaceae,Bourreria bolivarensis,Gottschling & J.S.Mill.,Venezuela (Bolivarian Republic of)
Boraginaceae,Bourreria exsucca,(L.) Jacq.,Venezuela (Bolivarian Republic of)
Boraginaceae,Bourreria succulenta,Jacq.,Venezuela (Bolivarian Republic of)
Boraginaceae,Cordia allartii,Killip,Venezuela (Bolivarian Republic of)
Boraginaceae,Cordia alliodora,(Ruiz & Pav.) Oken,Venezuela (Bolivarian Republic of)
Boraginaceae,Cordia aristeguietae,G.Agostini,Venezuela (Bolivarian Republic of)
Boraginaceae,Cordia bicolor,A.DC.,Venezuela (Bolivarian Republic of)
Boraginaceae,Cordia cabanayensis,Gaviria,Venezuela (Bolivarian Republic of)
Boraginaceae,Cordia collococca,L.,Venezuela (Bolivarian Republic of)
Boraginaceae,Cordia dentata,Poir.,Venezuela (Bolivarian Republic of)
Boraginaceae,Cordia exaltata,Lam.,Venezuela (Bolivarian Republic of)
Boraginaceae,Cordia fallax,I.M.Johnst.,Venezuela (Bolivarian Republic of)
Boraginaceae,Cordia guacharaca,Gaviria,Venezuela (Bolivarian Republic of)
Boraginaceae,Cordia lasseri,G.Agostini ex Gaviria,Venezuela (Bolivarian Republic of)
Boraginaceae,Cordia lomatoloba,I.M.Johnst.,Venezuela (Bolivarian Republic of)
Boraginaceae,Cordia meridensis,Gaviria,Venezuela (Bolivarian Republic of)
Boraginaceae,Cordia naidophila,I.M.Johnst.,Venezuela (Bolivarian Republic of)
Boraginaceae,Cordia nodosa,Lam.,Venezuela (Bolivarian Republic of)
Boraginaceae,Cordia panamensis,L.Riley,Venezuela (Bolivarian Republic of)
Boraginaceae,Cordia sagotii,I.M.Johnst.,Venezuela (Bolivarian Republic of)
Boraginaceae,Cordia scabrifolia,A.DC.,Venezuela (Bolivarian Republic of)
Boraginaceae,Cordia sebestena,L.,Venezuela (Bolivarian Republic of)
Boraginaceae,Cordia sericicalyx,A.DC.,Venezuela (Bolivarian Republic of)
Boraginaceae,Cordia sprucei,Mez,Venezuela (Bolivarian Republic of)
Boraginaceae,Cordia stenoclada,I.M.Johnst.,Venezuela (Bolivarian Republic of)
Boraginaceae,Cordia tetrandra,Aubl.,Venezuela (Bolivarian Republic of)
Boraginaceae,Cordia thaisiana,G.Agostini,Venezuela (Bolivarian Republic of)
Boraginaceae,Cordia toqueve,Aubl.,Venezuela (Bolivarian Republic of)
Boraginaceae,Cordia umbellifera,Killip ex G.Agostini,Venezuela (Bolivarian Republic of)
Boraginaceae,Cordia williamsii,G.Agostini ex Gaviria,Venezuela (Bolivarian Republic of)
Boraginaceae,Lepidocordia punctata,Ducke,Venezuela (Bolivarian Republic of)
Boraginaceae,Rochefortia spinosa,(Jacq.) Urb.,Venezuela (Bolivarian Republic of)
Boraginaceae,Varronia spinescens,(L.) Borhidi,Venezuela (Bolivarian Republic of)
Brunelliaceae,Brunellia acutangula,Bonpl.,Venezuela (Bolivarian Republic of)
Brunelliaceae,Brunellia comocladiifolia,Bonpl.,Venezuela (Bolivarian Republic of)
Brunelliaceae,Brunellia integrifolia,Szyszył.,Venezuela (Bolivarian Republic of)
Brunelliaceae,Brunellia neblinensis,Steyerm. & Cuatrec.,Venezuela (Bolivarian Republic of)
Brunelliaceae,Brunellia trigyna,Cuatrec.,Venezuela (Bolivarian Republic of)
Burseraceae,Bursera glabra,(Jacq.) Triana & Planch.,Venezuela (Bolivarian Republic of)
Burseraceae,Bursera graveolens,(Kunth) Triana & Planch.,Venezuela (Bolivarian Republic of)
Burseraceae,Bursera inversa,Daly,Venezuela (Bolivarian Republic of)
Burseraceae,Bursera karsteniana,Engl.,Venezuela (Bolivarian Republic of)
Burseraceae,Bursera simaruba,(L.) Sarg.,Venezuela (Bolivarian Republic of)
Burseraceae,Bursera tomentosa,(Jacq.) Triana & Planch.,Venezuela (Bolivarian Republic of)
Burseraceae,Commiphora leptophloeos,(Mart.) J.B.Gillett,Venezuela (Bolivarian Republic of)
Burseraceae,Dacryodes amplectans,Daly & M.C.Martínez,Venezuela (Bolivarian Republic of)
Burseraceae,Dacryodes belemensis,Cuatrec.,Venezuela (Bolivarian Republic of)
Burseraceae,Dacryodes chimantensis,Steyerm. & Maguire,Venezuela (Bolivarian Republic of)
Burseraceae,Dacryodes costanensis,Steyerm.,Venezuela (Bolivarian Republic of)
Burseraceae,Dacryodes cuspidata,(Cuatrec.) Daly,Venezuela (Bolivarian Republic of)
Burseraceae,Dacryodes glabra,(Steyerm.) Cuatrec.,Venezuela (Bolivarian Republic of)
Burseraceae,Dacryodes microcarpa,Cuatrec.,Venezuela (Bolivarian Republic of)
Burseraceae,Dacryodes negrensis,Daly & M.C.Martínez,Venezuela (Bolivarian Republic of)
Burseraceae,Dacryodes nitens,Cuatrec.,Venezuela (Bolivarian Republic of)
Burseraceae,Dacryodes peruviana,(Loes.) H.J.Lam,Venezuela (Bolivarian Republic of)
Burseraceae,Dacryodes roraimensis,Cuatrec.,Venezuela (Bolivarian Republic of)
Burseraceae,Dacryodes sclerophylla,Cuatrec.,Venezuela (Bolivarian Republic of)
Burseraceae,Dacryodes steyermarkii,Sandwith,Venezuela (Bolivarian Republic of)
Burseraceae,Protium altissimum,(Aubl.) Marchand,Venezuela (Bolivarian Republic of)
Burseraceae,Protium altsonii,Sandwith,Venezuela (Bolivarian Republic of)
Burseraceae,Protium alvarezianum,Daly & Fine,Venezuela (Bolivarian Republic of)
Burseraceae,Protium amazonicum,(Cuatrec.) Daly,Venezuela (Bolivarian Republic of)
Burseraceae,Protium apiculatum,Swart,Venezuela (Bolivarian Republic of)
Burseraceae,Protium aracouchini,(Aubl.) Marchand,Venezuela (Bolivarian Republic of)
Burseraceae,Protium araguense,Cuatrec.,Venezuela (Bolivarian Republic of)
Burseraceae,Protium boomii,Daly,Venezuela (Bolivarian Republic of)
Burseraceae,Protium calanense,Cuatrec.,Venezuela (Bolivarian Republic of)
Burseraceae,Protium calendulinum,Daly,Venezuela (Bolivarian Republic of)
Burseraceae,Protium carana,(Humb.) Marchand,Venezuela (Bolivarian Republic of)
Burseraceae,Protium carolense,Daly,Venezuela (Bolivarian Republic of)
Burseraceae,Protium crassipetalum,Cuatrec.,Venezuela (Bolivarian Republic of)
Burseraceae,Protium crenatum,Sandwith,Venezuela (Bolivarian Republic of)
Burseraceae,Protium cuneatum,Swart,Venezuela (Bolivarian Republic of)
Burseraceae,Protium decandrum,(Aubl.) Marchand,Venezuela (Bolivarian Republic of)
Burseraceae,Protium divaricatum,Engl.,Venezuela (Bolivarian Republic of)
Burseraceae,Protium elegans,Engl.,Venezuela (Bolivarian Republic of)
Burseraceae,Protium ferrugineum,(Engl.) Engl.,Venezuela (Bolivarian Republic of)
Burseraceae,Protium giganteum,Engl.,Venezuela (Bolivarian Republic of)
Burseraceae,Protium grandifolium,Engl.,Venezuela (Bolivarian Republic of)
Burseraceae,Protium guianense,(Aubl.) Marchand,Venezuela (Bolivarian Republic of)
Burseraceae,Protium hebetatum,D.C. Daly,Venezuela (Bolivarian Republic of)
Burseraceae,Protium heptaphyllum,(Aubl.) Marchand,Venezuela (Bolivarian Republic of)
Burseraceae,Protium laxiflorum,Engl.,Venezuela (Bolivarian Republic of)
Burseraceae,Protium leptostachyum,Cuatrec.,Venezuela (Bolivarian Republic of)
Burseraceae,Protium llanorum,Cuatrec.,Venezuela (Bolivarian Republic of)
Burseraceae,Protium macrocarpum,Cuatrec.,Venezuela (Bolivarian Republic of)
Burseraceae,Protium mucronatum,Rusby,Venezuela (Bolivarian Republic of)
Burseraceae,Protium opacum,Swart,Venezuela (Bolivarian Republic of)
Burseraceae,Protium paniculatum,Engl.,Venezuela (Bolivarian Republic of)
Burseraceae,Protium prancei,(Daly) Byng & Christenh.,Venezuela (Bolivarian Republic of)
Burseraceae,Protium ptarianum,Steyerm.,Venezuela (Bolivarian Republic of)
Burseraceae,Protium reticulatum,(Engl.) Endl.,Venezuela (Bolivarian Republic of)
Burseraceae,Protium rhoifolium,(Benth.) Byng & Christenh.,Venezuela (Bolivarian Republic of)
Burseraceae,Protium robustum,(Swart) D.M.Porter,Venezuela (Bolivarian Republic of)
Burseraceae,Protium sagotianum,Marchand,Venezuela (Bolivarian Republic of)
Burseraceae,Protium spruceanum,(Benth.) Engl.,Venezuela (Bolivarian Republic of)
Burseraceae,Protium stevensonii,(Standl.) Daly,Venezuela (Bolivarian Republic of)
Burseraceae,Protium subserratum,(Engl.) Engl.,Venezuela (Bolivarian Republic of)
Burseraceae,Protium surinamense,Byng & Christenh.,Venezuela (Bolivarian Republic of)
Burseraceae,Protium tovarense,Pittier,Venezuela (Bolivarian Republic of)
Burseraceae,Protium trifoliolatum,Engl.,Venezuela (Bolivarian Republic of)
Burseraceae,Protium unifoliolatum,Engl.,Venezuela (Bolivarian Republic of)
Burseraceae,Protium urophyllidium,Daly,Venezuela (Bolivarian Republic of)
Burseraceae,Trattinnickia boliviana,(Swart) Daly,Venezuela (Bolivarian Republic of)
Burseraceae,Trattinnickia burserifolia,Mart.,Venezuela (Bolivarian Republic of)
Burseraceae,Trattinnickia glaziovii,Swart,Venezuela (Bolivarian Republic of)
Burseraceae,Trattinnickia rhoifolia,Willd.,Venezuela (Bolivarian Republic of)
Buxaceae,Buxus citrifolia,(Willd.) Spreng.,Venezuela (Bolivarian Republic of)
Buxaceae,Styloceras laurifolium,(Willd.) Kunth,Venezuela (Bolivarian Republic of)
Cactaceae,Cereus fricii,Backeb.,Venezuela (Bolivarian Republic of)
Cactaceae,Cereus hexagonus,(L.) Mill.,Venezuela (Bolivarian Republic of)
Cactaceae,Cereus mortensenii,(Croizat) D.R.Hunt & N.P.Taylor,Venezuela (Bolivarian Republic of)
Cactaceae,Cereus repandus,(L.) Mill.,Venezuela (Bolivarian Republic of)
Cactaceae,Leuenbergeria guamacho,(F.A.C.Weber) Lodé,Venezuela (Bolivarian Republic of)
Cactaceae,Pilosocereus kanukuensis,(Alexander) Leuenb.,Venezuela (Bolivarian Republic of)
Cactaceae,Pilosocereus lanuginosus,(L.) Byles & G.D.Rowley,Venezuela (Bolivarian Republic of)
Cactaceae,Stenocereus griseus,(Haw.) Buxb.,Venezuela (Bolivarian Republic of)
Calophyllaceae,Calophyllum brasiliense,Cambess.,Venezuela (Bolivarian Republic of)
Calophyllaceae,Calophyllum longifolium,Willd.,Venezuela (Bolivarian Republic of)
Calophyllaceae,Calophyllum pachyphyllum,Planch. & Triana,Venezuela (Bolivarian Republic of)
Calophyllaceae,Caraipa costata,Spruce ex Benth.,Venezuela (Bolivarian Republic of)
Calophyllaceae,Caraipa densifolia,Mart.,Venezuela (Bolivarian Republic of)
Calophyllaceae,Caraipa grandifolia,Mart.,Venezuela (Bolivarian Republic of)
Calophyllaceae,Caraipa heterocarpa,Ducke,Venezuela (Bolivarian Republic of)
Calophyllaceae,Caraipa llanorum,Cuatrec.,Venezuela (Bolivarian Republic of)
Calophyllaceae,Caraipa longipedicellata,Steyerm.,Venezuela (Bolivarian Republic of)
Calophyllaceae,Caraipa parvielliptica,Cuatrec.,Venezuela (Bolivarian Republic of)
Calophyllaceae,Caraipa punctulata,Ducke,Venezuela (Bolivarian Republic of)
Calophyllaceae,Caraipa richardiana,Cambess.,Venezuela (Bolivarian Republic of)
Calophyllaceae,Caraipa savannarum,Kubitzki,Venezuela (Bolivarian Republic of)
Calophyllaceae,Caraipa tereticaulis,Tul.,Venezuela (Bolivarian Republic of)
Calophyllaceae,Clusiella axillaris,(Engl.) Cuatrec.,Venezuela (Bolivarian Republic of)
Calophyllaceae,Mahurea exstipulata,Benth.,Venezuela (Bolivarian Republic of)
Calophyllaceae,Mammea americana,L.,Venezuela (Bolivarian Republic of)
Calophyllaceae,Marila grandiflora,Griseb.,Venezuela (Bolivarian Republic of)
Calophyllaceae,Marila laxiflora,Rusby,Venezuela (Bolivarian Republic of)
Calophyllaceae,Marila magnifica,Linden & Planch.,Venezuela (Bolivarian Republic of)
Calophyllaceae,Neotatea duidae,(Kobuski & Steyerm.) P.F.Stevens & A.L.Weitzman,Venezuela (Bolivarian Republic of)
Calophyllaceae,Neotatea longifolia,(Gleason) Maguire,Venezuela (Bolivarian Republic of)
Calophyllaceae,Neotatea neblinae,Maguire,Venezuela (Bolivarian Republic of)
Canellaceae,Canella winterana,(L.) Gaertn.,Venezuela (Bolivarian Republic of)
Canellaceae,Cinnamodendron venezuelense,Steyerm.,Venezuela (Bolivarian Republic of)
Cannabaceae,Celtis iguanaea,(Jacq.) Sarg.,Venezuela (Bolivarian Republic of)
Cannabaceae,Celtis pallida,Torr.,Venezuela (Bolivarian Republic of)
Cannabaceae,Lozanella enantiophylla,(Donn.Sm.) Killip & C.V.Morton,Venezuela (Bolivarian Republic of)
Cannabaceae,Lozanella permollis,Killip & C.V.Morton,Venezuela (Bolivarian Republic of)
Cannabaceae,Trema domingense,Urb.,Venezuela (Bolivarian Republic of)
Cannabaceae,Trema micranthum,(L.) Blume,Venezuela (Bolivarian Republic of)
Capparaceae,Belencita nemorosa,(Jacq.) Dugand,Venezuela (Bolivarian Republic of)
Capparaceae,Calanthea pulcherrima,(Jacq.) Miers,Venezuela (Bolivarian Republic of)
Capparaceae,Calanthea stenosepala,(Urb.) Cornejo & Iltis,Venezuela (Bolivarian Republic of)
Capparaceae,Capparidastrum frondosum,(Jacq.) Cornejo & Iltis,Venezuela (Bolivarian Republic of)
Capparaceae,Capparidastrum macrophyllum,(Kunth) Hutch.,Venezuela (Bolivarian Republic of)
Capparaceae,Capparidastrum osmanthum,(Diels) Cornejo & Iltis,Venezuela (Bolivarian Republic of)
Capparaceae,Capparidastrum sola,(J.F.Macbr.) Cornejo & Iltis,Venezuela (Bolivarian Republic of)
Capparaceae,Capparis peltata,G.Don,Venezuela (Bolivarian Republic of)
Capparaceae,Crateva tapia,L.,Venezuela (Bolivarian Republic of)
Capparaceae,Cynophalla amplissima,(Lam.) Iltis & Cornejo,Venezuela (Bolivarian Republic of)
Capparaceae,Cynophalla flexuosa,(L.) J.Presl,Venezuela (Bolivarian Republic of)
Capparaceae,Cynophalla hastata,(Jacq.) J.Presl,Venezuela (Bolivarian Republic of)
Capparaceae,Cynophalla linearis,(Jacq.) J.Presl,Venezuela (Bolivarian Republic of)
Capparaceae,Cynophalla polyantha,(Triana & Planch.) Cornejo & Iltis,Venezuela (Bolivarian Republic of)
Capparaceae,Cynophalla sessilis,(Banks ex DC.) J.Presl,Venezuela (Bolivarian Republic of)
Capparaceae,Cynophalla verrucosa,(Jacq.) J.Presl,Venezuela (Bolivarian Republic of)
Capparaceae,Monilicarpa tenuisiliqua,(Jacq.) Cornejo & Iltis,Venezuela (Bolivarian Republic of)
Capparaceae,Morisonia americana,L.,Venezuela (Bolivarian Republic of)
Capparaceae,Neocalyptrocalyx maroniensis,(Benoist) Cornejo & Iltis,Venezuela (Bolivarian Republic of)
Capparaceae,Neocalyptrocalyx muco,"(Iltis, Cumaná, R.Delgado & Aymard) Cornejo & Iltis",Venezuela (Bolivarian Republic of)
Capparaceae,Neocapparis pachaca,(Kunth) Cornejo,Venezuela (Bolivarian Republic of)
Capparaceae,Preslianthus detonsus,(Triana & Planch.) Iltis & Cornejo,Venezuela (Bolivarian Republic of)
Capparaceae,Quadrella indica,(L.) Iltis & Cornejo,Venezuela (Bolivarian Republic of)
Capparaceae,Quadrella odoratissima,(Jacq.) Hutch.,Venezuela (Bolivarian Republic of)
Capparaceae,Steriphoma paradoxum,(Jacq.) Endl.,Venezuela (Bolivarian Republic of)
Cardiopteridaceae,Citronella costaricensis,(Donn.Sm.) R.A.Howard,Venezuela (Bolivarian Republic of)
Cardiopteridaceae,Citronella paniculata,(Mart.) R.A.Howard,Venezuela (Bolivarian Republic of)
Caricaceae,Carica papaya,L.,Venezuela (Bolivarian Republic of)
Caricaceae,Jacaratia digitata,(Poepp. & Endl.) Solms,Venezuela (Bolivarian Republic of)
Caricaceae,Vasconcellea cauliflora,(Jacq.) A.DC.,Venezuela (Bolivarian Republic of)
Caricaceae,Vasconcellea microcarpa,(Jacq.) A.DC.,Venezuela (Bolivarian Republic of)
Caricaceae,Vasconcellea pubescens,A.DC.,Venezuela (Bolivarian Republic of)
Caryocaraceae,Anthodiscus mazarunensis,Gilly,Venezuela (Bolivarian Republic of)
Caryocaraceae,Anthodiscus obovatus,Benth. ex Wittm.,Venezuela (Bolivarian Republic of)
Caryocaraceae,Caryocar glabrum,(Aubl.) Pers.,Venezuela (Bolivarian Republic of)
Caryocaraceae,Caryocar gracile,Wittm.,Venezuela (Bolivarian Republic of)
Caryocaraceae,Caryocar microcarpum,Ducke,Venezuela (Bolivarian Republic of)
Caryocaraceae,Caryocar montanum,Prance,Venezuela (Bolivarian Republic of)
Caryocaraceae,Caryocar nuciferum,L.,Venezuela (Bolivarian Republic of)
Caryocaraceae,Caryocar pallidum,A.C.Sm.,Venezuela (Bolivarian Republic of)
Caryocaraceae,Caryocar villosum,(Aubl.) Pers.,Venezuela (Bolivarian Republic of)
Celastraceae,Anthodon decussatum,Ruiz & Pav.,Venezuela (Bolivarian Republic of)
Celastraceae,Cheiloclinium cognatum,(Miers) A.C.Sm.,Venezuela (Bolivarian Republic of)
Celastraceae,Cheiloclinium obtusum,A.C.Sm.,Venezuela (Bolivarian Republic of)
Celastraceae,Crossopetalum rhacoma,Crantz,Venezuela (Bolivarian Republic of)
Celastraceae,Elachyptera floribunda,(Benth.) A.C.Sm.,Venezuela (Bolivarian Republic of)
Celastraceae,Elaeodendron xylocarpum,(Vent.) DC.,Venezuela (Bolivarian Republic of)
Celastraceae,Hylenaea comosa,(Sw.) Miers,Venezuela (Bolivarian Republic of)
Celastraceae,Maytenus coriacea,Steyerm.,Venezuela (Bolivarian Republic of)
Celastraceae,Maytenus curranii,S.F.Blake,Venezuela (Bolivarian Republic of)
Celastraceae,Maytenus guyanensis,Klotzsch ex Reissek,Venezuela (Bolivarian Republic of)
Celastraceae,Maytenus meridensis,(Pittier) Cuatrec.,Venezuela (Bolivarian Republic of)
Celastraceae,Monteverdia agostinii,(Steyerm.) Biral,Venezuela (Bolivarian Republic of)
Celastraceae,Monteverdia apiculata,(Steyerm.) Biral,Venezuela (Bolivarian Republic of)
Celastraceae,Monteverdia ficiformis,(Reissek) Biral,Venezuela (Bolivarian Republic of)
Celastraceae,Monteverdia kanukuensis,(A.C.Sm.) Biral,Venezuela (Bolivarian Republic of)
Celastraceae,Monteverdia karstenii,(Reissek) Biral,Venezuela (Bolivarian Republic of)
Celastraceae,Monteverdia laevis,(Reissek) Biral,Venezuela (Bolivarian Republic of)
Celastraceae,Monteverdia longistipitata,(Steyerm.) Biral,Venezuela (Bolivarian Republic of)
Celastraceae,Monteverdia macrocarpa,(Ruiz & Pav.) Biral,Venezuela (Bolivarian Republic of)
Celastraceae,Monteverdia myrsinoides,(Reissek) Biral,Venezuela (Bolivarian Republic of)
Celastraceae,Monteverdia neblinae,(Steyerm.) Biral,Venezuela (Bolivarian Republic of)
Celastraceae,Monteverdia oblongata,(Reissek) Biral,Venezuela (Bolivarian Republic of)
Celastraceae,Monteverdia pittieriana,(Steyerm.) Biral,Venezuela (Bolivarian Republic of)
Celastraceae,Monteverdia pruinosa,(Reissek) Biral,Venezuela (Bolivarian Republic of)
Celastraceae,Monteverdia pustulata,(Steyerm.) Biral,Venezuela (Bolivarian Republic of)
Celastraceae,Monteverdia sieberiana,(Krug. & Urb.) Biral,Venezuela (Bolivarian Republic of)
Celastraceae,Myginda fasciculata,Pittier,Venezuela (Bolivarian Republic of)
Celastraceae,Peritassa laevigata,(Hoffmanns. ex Link) A.C.Sm.,Venezuela (Bolivarian Republic of)
Celastraceae,Peritassa peruviana,(Miers) A.C.Sm.,Venezuela (Bolivarian Republic of)
Celastraceae,Prionostemma aspera,(Lam.) Miers,Venezuela (Bolivarian Republic of)
Celastraceae,Pristimera nervosa,(Miers) A.C.Sm.,Venezuela (Bolivarian Republic of)
Celastraceae,Salacia cordata,(Miers) Mennega,Venezuela (Bolivarian Republic of)
Celastraceae,Salacia elliptica,(Mart.) G.Don,Venezuela (Bolivarian Republic of)
Celastraceae,Salacia gigantea,Loes.,Venezuela (Bolivarian Republic of)
Celastraceae,Salacia impressifolia,(Miers) A.C.Sm.,Venezuela (Bolivarian Republic of)
Celastraceae,Salacia juruana,Loes.,Venezuela (Bolivarian Republic of)
Celastraceae,Salacia multiflora,(Lam.) DC.,Venezuela (Bolivarian Republic of)
Celastraceae,Salacia negrensis,Lombardi,Venezuela (Bolivarian Republic of)
Celastraceae,Salacia opacifolia,(J.F.Macbr.) A.C.Sm.,Venezuela (Bolivarian Republic of)
Celastraceae,Salacia petenensis,Lundell,Venezuela (Bolivarian Republic of)
Celastraceae,Schaefferia frutescens,Jacq.,Venezuela (Bolivarian Republic of)
Celastraceae,Tontelea attenuata,Miers,Venezuela (Bolivarian Republic of)
Celastraceae,Tontelea emarginata,A.C.Sm.,Venezuela (Bolivarian Republic of)
Celastraceae,Tontelea mauritioides,(A.C.Sm.) A.C.Sm.,Venezuela (Bolivarian Republic of)
Celastraceae,Tontelea passiflora,(Vell.) Lombardi,Venezuela (Bolivarian Republic of)
Celastraceae,Zinowiewia australis,Lundell,Venezuela (Bolivarian Republic of)
Celastraceae,Zinowiewia aymardii,Steyerm.,Venezuela (Bolivarian Republic of)
Celastraceae,Zinowiewia integerrima,(Turcz.) Turcz.,Venezuela (Bolivarian Republic of)
Chloranthaceae,Hedyosmum crenatum,Occhioni,Venezuela (Bolivarian Republic of)
Chloranthaceae,Hedyosmum gentryi,D'Arcy & Liesner,Venezuela (Bolivarian Republic of)
Chloranthaceae,Hedyosmum goudotianum,Solms,Venezuela (Bolivarian Republic of)
Chloranthaceae,Hedyosmum intermedium,Todzia,Venezuela (Bolivarian Republic of)
Chloranthaceae,Hedyosmum neblinae,Todzia,Venezuela (Bolivarian Republic of)
Chloranthaceae,Hedyosmum parvifolium,Cordem. ex Baill.,Venezuela (Bolivarian Republic of)
Chloranthaceae,Hedyosmum pseudoandromeda,Solms,Venezuela (Bolivarian Republic of)
Chloranthaceae,Hedyosmum racemosum,(Ruiz & Pav.) G.Don,Venezuela (Bolivarian Republic of)
Chloranthaceae,Hedyosmum strigosum,Todzia,Venezuela (Bolivarian Republic of)
Chloranthaceae,Hedyosmum tepuiense,Todzia,Venezuela (Bolivarian Republic of)
Chloranthaceae,Hedyosmum translucidum,Cuatrec.,Venezuela (Bolivarian Republic of)
Chrysobalanaceae,Acioa schultesii,Maguire,Venezuela (Bolivarian Republic of)
Chrysobalanaceae,Chrysobalanus icaco,L.,Venezuela (Bolivarian Republic of)
Chrysobalanaceae,Chrysobalanus prancei,I.M.Turner,Venezuela (Bolivarian Republic of)
Chrysobalanaceae,Cordillera platycalyx,(Cuatrec.) Sothers & Prance,Venezuela (Bolivarian Republic of)
Chrysobalanaceae,Couepia chrysocalyx,(Poepp.) Benth. ex Hook.f.,Venezuela (Bolivarian Republic of)
Chrysobalanaceae,Couepia comosa,Benth.,Venezuela (Bolivarian Republic of)
Chrysobalanaceae,Couepia guianensis,Aubl.,Venezuela (Bolivarian Republic of)
Chrysobalanaceae,Couepia habrantha,Standl.,Venezuela (Bolivarian Republic of)
Chrysobalanaceae,Couepia maguirei,Prance,Venezuela (Bolivarian Republic of)
Chrysobalanaceae,Couepia obovata,Ducke,Venezuela (Bolivarian Republic of)
Chrysobalanaceae,Couepia paraensis,(Mart. & Zucc.) Benth.,Venezuela (Bolivarian Republic of)
Chrysobalanaceae,Couepia sandwithii,Prance,Venezuela (Bolivarian Republic of)
Chrysobalanaceae,Couepia ulei,Pilg.,Venezuela (Bolivarian Republic of)
Chrysobalanaceae,Exellodendron barbatum,(Ducke) Prance,Venezuela (Bolivarian Republic of)
Chrysobalanaceae,Exellodendron coriaceum,(Benth.) Prance,Venezuela (Bolivarian Republic of)
Chrysobalanaceae,Gaulettia canescens,(Gleason) Sothers & Prance,Venezuela (Bolivarian Republic of)
Chrysobalanaceae,Gaulettia canomensis,(Mart.) Sothers & Prance,Venezuela (Bolivarian Republic of)
Chrysobalanaceae,Gaulettia cognata,(Steud.) Sothers & Prance,Venezuela (Bolivarian Republic of)
Chrysobalanaceae,Gaulettia foveolata,(Prance) Sothers & Prance,Venezuela (Bolivarian Republic of)
Chrysobalanaceae,Gaulettia parillo,(DC.) Sothers & Prance,Venezuela (Bolivarian Republic of)
Chrysobalanaceae,Gaulettia racemosa,(Benth. ex Hook.f.) Sothers & Prance,Venezuela (Bolivarian Republic of)
Chrysobalanaceae,Gaulettia steyermarkii,(Maguire) Sothers & Prance,Venezuela (Bolivarian Republic of)
Chrysobalanaceae,Hirtella americana,L.,Venezuela (Bolivarian Republic of)
Chrysobalanaceae,Hirtella bicornis,Mart. & Zucc.,Venezuela (Bolivarian Republic of)
Chrysobalanaceae,Hirtella brachystachya,Spruce ex Hook.f.,Venezuela (Bolivarian Republic of)
Chrysobalanaceae,Hirtella bullata,Benth.,Venezuela (Bolivarian Republic of)
Chrysobalanaceae,Hirtella caduca,Fanshawe & Maguire,Venezuela (Bolivarian Republic of)
Chrysobalanaceae,Hirtella castillana,Prance,Venezuela (Bolivarian Republic of)
Chrysobalanaceae,Hirtella confertiflora,Prance,Venezuela (Bolivarian Republic of)
Chrysobalanaceae,Hirtella davisii,Sandwith,Venezuela (Bolivarian Republic of)
Chrysobalanaceae,Hirtella deflexa,Maguire,Venezuela (Bolivarian Republic of)
Chrysobalanaceae,Hirtella duckei,Huber,Venezuela (Bolivarian Republic of)
Chrysobalanaceae,Hirtella elongata,Mart. & Zucc.,Venezuela (Bolivarian Republic of)
Chrysobalanaceae,Hirtella glabrata,Pilg.,Venezuela (Bolivarian Republic of)
Chrysobalanaceae,Hirtella glandulosa,Spreng.,Venezuela (Bolivarian Republic of)
Chrysobalanaceae,Hirtella guainiae,Spruce ex Hook.f.,Venezuela (Bolivarian Republic of)
Chrysobalanaceae,Hirtella guyanensis,(Fritsch) Sandwith,Venezuela (Bolivarian Republic of)
Chrysobalanaceae,Hirtella leonotis,Pittier,Venezuela (Bolivarian Republic of)
Chrysobalanaceae,Hirtella liesneri,Prance,Venezuela (Bolivarian Republic of)
Chrysobalanaceae,Hirtella longipedicellata,Prance,Venezuela (Bolivarian Republic of)
Chrysobalanaceae,Hirtella macrophylla,Benth. ex Hook.f.,Venezuela (Bolivarian Republic of)
Chrysobalanaceae,Hirtella macrosepala,Sandwith,Venezuela (Bolivarian Republic of)
Chrysobalanaceae,Hirtella orbicularis,Prance,Venezuela (Bolivarian Republic of)
Chrysobalanaceae,Hirtella paniculata,Sw.,Venezuela (Bolivarian Republic of)
Chrysobalanaceae,Hirtella physophora,Mart. & Zucc.,Venezuela (Bolivarian Republic of)
Chrysobalanaceae,Hirtella pimichina,Lasser & Maguire,Venezuela (Bolivarian Republic of)
Chrysobalanaceae,Hirtella punctillata,Ducke,Venezuela (Bolivarian Republic of)
Chrysobalanaceae,Hirtella racemosa,Lam.,Venezuela (Bolivarian Republic of)
Chrysobalanaceae,Hirtella schultesii,Prance,Venezuela (Bolivarian Republic of)
Chrysobalanaceae,Hirtella silicea,Griseb.,Venezuela (Bolivarian Republic of)
Chrysobalanaceae,Hirtella tentaculata,Poepp.,Venezuela (Bolivarian Republic of)
Chrysobalanaceae,Hirtella triandra,Sw.,Venezuela (Bolivarian Republic of)
Chrysobalanaceae,Hymenopus divaricatus,(Benth.) Sothers & Prance,Venezuela (Bolivarian Republic of)
Chrysobalanaceae,Hymenopus glabriflorus,(Prance) Sothers & Prance,Venezuela (Bolivarian Republic of)
Chrysobalanaceae,Hymenopus heteromorphus,(Benth.) Sothers & Prance,Venezuela (Bolivarian Republic of)
Chrysobalanaceae,Hymenopus hispidus,(Prance) Sothers & Prance,Venezuela (Bolivarian Republic of)
Chrysobalanaceae,Hymenopus intrapetiolaris,(Spreng. ex Hook.f.) Sothers & Prance,Venezuela (Bolivarian Republic of)
Chrysobalanaceae,Hymenopus laevigatus,(Prance) Sothers & Prance,Venezuela (Bolivarian Republic of)
Chrysobalanaceae,Hymenopus lasseri,(Maguire) Sothers & Prance,Venezuela (Bolivarian Republic of)
Chrysobalanaceae,Hymenopus latifolius,(Benth. ex Hook.f.) Sothers & Prance,Venezuela (Bolivarian Republic of)
Chrysobalanaceae,Hymenopus latistipulus,(Prance) Sothers & Prance,Venezuela (Bolivarian Republic of)
Chrysobalanaceae,Hymenopus macrophyllus,(Benth.) Sothers & Prance,Venezuela (Bolivarian Republic of)
Chrysobalanaceae,Hymenopus oblongifolius,(Standl.) Sothers & Prance,Venezuela (Bolivarian Republic of)
Chrysobalanaceae,Hymenopus pakaraimensis,(Prance) Sothers & Prance,Venezuela (Bolivarian Republic of)
Chrysobalanaceae,Hymenopus prismatocarpus,(Spruce ex Hook.f.) Sothers & Prance,Venezuela (Bolivarian Republic of)
Chrysobalanaceae,Leptobalanus apetalus,(E.Mey.) Sothers & Prance,Venezuela (Bolivarian Republic of)
Chrysobalanaceae,Leptobalanus cardiophyllus,(Prance) Sothers & Prance,Venezuela (Bolivarian Republic of)
Chrysobalanaceae,Leptobalanus cuspidatus,(Rusby) Sothers & Prance,Venezuela (Bolivarian Republic of)
Chrysobalanaceae,Leptobalanus emarginatus,(Spruce ex Hook.f.) Sothers & Prance,Venezuela (Bolivarian Republic of)
Chrysobalanaceae,Leptobalanus granvillei,(Prance) Sothers & Prance,Venezuela (Bolivarian Republic of)
Chrysobalanaceae,Leptobalanus latus,(J.F.Macbr.) Sothers & Prance,Venezuela (Bolivarian Republic of)
Chrysobalanaceae,Leptobalanus longistylus,(Hook.f.) Sothers & Prance,Venezuela (Bolivarian Republic of)
Chrysobalanaceae,Leptobalanus octandrus,(Hoffmanns. ex Schult.) Sothers & Prance,Venezuela (Bolivarian Republic of)
Chrysobalanaceae,Leptobalanus parvifolius,(Huber) Sothers & Prance,Venezuela (Bolivarian Republic of)
Chrysobalanaceae,Leptobalanus sprucei,(Hook.f.) Sothers & Prance,Venezuela (Bolivarian Republic of)
Chrysobalanaceae,Leptobalanus wurdackii,(Prance) Sothers & Prance,Venezuela (Bolivarian Republic of)
Chrysobalanaceae,Licania alba,(Bernoulli) Cuatrec.,Venezuela (Bolivarian Republic of)
Chrysobalanaceae,Licania boyanii,Tutin,Venezuela (Bolivarian Republic of)
Chrysobalanaceae,Licania canescens,Benoist,Venezuela (Bolivarian Republic of)
Chrysobalanaceae,Licania compacta,Fritsch,Venezuela (Bolivarian Republic of)
Chrysobalanaceae,Licania cordata,Prance,Venezuela (Bolivarian Republic of)
Chrysobalanaceae,Licania coriacea,Benth.,Venezuela (Bolivarian Republic of)
Chrysobalanaceae,Licania crassivenia,Spruce ex Hook.f.,Venezuela (Bolivarian Republic of)
Chrysobalanaceae,Licania cruegeriana,Urb.,Venezuela (Bolivarian Republic of)
Chrysobalanaceae,Licania cyathodes,Benoist,Venezuela (Bolivarian Republic of)
Chrysobalanaceae,Licania densiflora,Kleinh.,Venezuela (Bolivarian Republic of)
Chrysobalanaceae,Licania discolor,Pilg.,Venezuela (Bolivarian Republic of)
Chrysobalanaceae,Licania fanshawei,Prance,Venezuela (Bolivarian Republic of)
Chrysobalanaceae,Licania foldatsii,Prance,Venezuela (Bolivarian Republic of)
Chrysobalanaceae,Licania furfuracea,Prance,Venezuela (Bolivarian Republic of)
Chrysobalanaceae,Licania gracilipes,Taub.,Venezuela (Bolivarian Republic of)
Chrysobalanaceae,Licania hitchcockii,Maguire,Venezuela (Bolivarian Republic of)
Chrysobalanaceae,Licania hypoleuca,Benth.,Venezuela (Bolivarian Republic of)
Chrysobalanaceae,Licania incana,Aubl.,Venezuela (Bolivarian Republic of)
Chrysobalanaceae,Licania irwinii,Prance,Venezuela (Bolivarian Republic of)
Chrysobalanaceae,Licania kunthiana,Hook.f.,Venezuela (Bolivarian Republic of)
Chrysobalanaceae,Licania lanceolata,Prance,Venezuela (Bolivarian Republic of)
Chrysobalanaceae,Licania laxiflora,Fritsch,Venezuela (Bolivarian Republic of)
Chrysobalanaceae,Licania leptostachya,Benth.,Venezuela (Bolivarian Republic of)
Chrysobalanaceae,Licania membranacea,Sagot ex Laness.,Venezuela (Bolivarian Republic of)
Chrysobalanaceae,Licania micrantha,Miq.,Venezuela (Bolivarian Republic of)
Chrysobalanaceae,Licania mollis,Benth.,Venezuela (Bolivarian Republic of)
Chrysobalanaceae,Licania orbicularis,Spruce ex Hook.f.,Venezuela (Bolivarian Republic of)
Chrysobalanaceae,Licania parviflora,Benth.,Venezuela (Bolivarian Republic of)
Chrysobalanaceae,Licania parvifructa,Fanshawe & Maguire,Venezuela (Bolivarian Republic of)
Chrysobalanaceae,Licania pittieri,Prance,Venezuela (Bolivarian Republic of)
Chrysobalanaceae,Licania polita,Spruce ex Hook.f.,Venezuela (Bolivarian Republic of)
Chrysobalanaceae,Licania roraimensis,Standl.,Venezuela (Bolivarian Republic of)
Chrysobalanaceae,Licania rufescens,Klotzsch ex Fritsch,Venezuela (Bolivarian Republic of)
Chrysobalanaceae,Licania savannarum,Prance,Venezuela (Bolivarian Republic of)
Chrysobalanaceae,Licania silvae,Prance,Venezuela (Bolivarian Republic of)
Chrysobalanaceae,Licania steyermarkii,Maguire,Venezuela (Bolivarian Republic of)
Chrysobalanaceae,Licania subrotundata,Maguire,Venezuela (Bolivarian Republic of)
Chrysobalanaceae,Licania tepuiensis,Prance,Venezuela (Bolivarian Republic of)
Chrysobalanaceae,Licania triandra,Mart. ex Hook.f.,Venezuela (Bolivarian Republic of)
Chrysobalanaceae,Licania urceolaris,Hook.f.,Venezuela (Bolivarian Republic of)
Chrysobalanaceae,Licania vaupesiana,Killip & Cuatrec.,Venezuela (Bolivarian Republic of)
Chrysobalanaceae,Microdesmia arborea,(Seem.) Sothers & Prance,Venezuela (Bolivarian Republic of)
Chrysobalanaceae,Moquilea cariae,(Cardozo) Sothers & Prance,Venezuela (Bolivarian Republic of)
Chrysobalanaceae,Moquilea egleri,(Prance) Sothers & Prance,Venezuela (Bolivarian Republic of)
Chrysobalanaceae,Moquilea guianensis,Aubl.,Venezuela (Bolivarian Republic of)
Chrysobalanaceae,Moquilea leucosepala,(Griseb.) R.O.Williams,Venezuela (Bolivarian Republic of)
Chrysobalanaceae,Moquilea minutiflora,Sagot,Venezuela (Bolivarian Republic of)
Chrysobalanaceae,Moquilea montana,(Prance) Sothers & Prance,Venezuela (Bolivarian Republic of)
Chrysobalanaceae,Moquilea pyrifolia,(Griseb.) R.O.Williams,Venezuela (Bolivarian Republic of)
Chrysobalanaceae,Moquilea subarachnophylla,(Cuatrec.) Sothers & Prance,Venezuela (Bolivarian Republic of)
Chrysobalanaceae,Moquilea tachirensis,(Prance) Sothers & Prance,Venezuela (Bolivarian Republic of)
Chrysobalanaceae,Parinari campestris,Aubl.,Venezuela (Bolivarian Republic of)
Chrysobalanaceae,Parinari excelsa,Sabine,Venezuela (Bolivarian Republic of)
Chrysobalanaceae,Parinari maguirei,Prance,Venezuela (Bolivarian Republic of)
Chrysobalanaceae,Parinari pachyphylla,Rusby,Venezuela (Bolivarian Republic of)
Chrysobalanaceae,Parinari rodolphii,Huber,Venezuela (Bolivarian Republic of)
Chrysobalanaceae,Parinari sprucei,Hook.f.,Venezuela (Bolivarian Republic of)
Chrysobalanaceae,Parinariopsis licaniiflora,(Sagot) Sothers & Prance,Venezuela (Bolivarian Republic of)
Cistaceae,Pakaraimaea dipterocarpacea,Maguire & P.S.Ashton,Venezuela (Bolivarian Republic of)
Clethraceae,Clethra fagifolia,Kunth,Venezuela (Bolivarian Republic of)
Clethraceae,Clethra guyanensis,Klotzsch ex Meisn.,Venezuela (Bolivarian Republic of)
Clethraceae,Clethra lanata,M.Martens & Galeotti,Venezuela (Bolivarian Republic of)
Clethraceae,Clethra ovalifolia,Turcz.,Venezuela (Bolivarian Republic of)
Clethraceae,Clethra repanda,Turcz.,Venezuela (Bolivarian Republic of)
Clusiaceae,Arawakia angustata,(Steyerm.) L.Marinho,Venezuela (Bolivarian Republic of)
Clusiaceae,Arawakia coriacea,(Maguire) L.Marinho,Venezuela (Bolivarian Republic of)
Clusiaceae,Arawakia weddelliana,(Planch. & Triana) L.Marinho,Venezuela (Bolivarian Republic of)
Clusiaceae,Chrysochlamys dependens,Planch. & Triana,Venezuela (Bolivarian Republic of)
Clusiaceae,Chrysochlamys floribunda,Cuatrec.,Venezuela (Bolivarian Republic of)
Clusiaceae,Chrysochlamys macrophylla,Pax,Venezuela (Bolivarian Republic of)
Clusiaceae,Chrysochlamys membranacea,Planch. & Triana,Venezuela (Bolivarian Republic of)
Clusiaceae,Chrysochlamys weberbaueri,Engl.,Venezuela (Bolivarian Republic of)
Clusiaceae,Clusia amabilis,Maguire,Venezuela (Bolivarian Republic of)
Clusiaceae,Clusia amazonica,Planch. & Triana,Venezuela (Bolivarian Republic of)
Clusiaceae,Clusia androphora,Cuatrec.,Venezuela (Bolivarian Republic of)
Clusiaceae,Clusia annularis,Maguire,Venezuela (Bolivarian Republic of)
Clusiaceae,Clusia articulata,Vesque,Venezuela (Bolivarian Republic of)
Clusiaceae,Clusia asymmetrica,Pipoly,Venezuela (Bolivarian Republic of)
Clusiaceae,Clusia aymardii,Pipoly,Venezuela (Bolivarian Republic of)
Clusiaceae,Clusia brachycarpa,Cuatrec.,Venezuela (Bolivarian Republic of)
Clusiaceae,Clusia brachystyla,Maguire,Venezuela (Bolivarian Republic of)
Clusiaceae,Clusia candelabrum,Planch. & Triana,Venezuela (Bolivarian Republic of)
Clusiaceae,Clusia carachensis,(H.Karst.) Vesque,Venezuela (Bolivarian Republic of)
Clusiaceae,Clusia cardonae,Maguire,Venezuela (Bolivarian Republic of)
Clusiaceae,Clusia cerroana,Steyerm.,Venezuela (Bolivarian Republic of)
Clusiaceae,Clusia chiribiquetensis,Maguire,Venezuela (Bolivarian Republic of)
Clusiaceae,Clusia cochlanthera,Vesque,Venezuela (Bolivarian Republic of)
Clusiaceae,Clusia cochlitheca,Maguire,Venezuela (Bolivarian Republic of)
Clusiaceae,Clusia colombiana,Pipoly,Venezuela (Bolivarian Republic of)
Clusiaceae,Clusia columnaris,Engl.,Venezuela (Bolivarian Republic of)
Clusiaceae,Clusia crassifolia,Planch. & Triana,Venezuela (Bolivarian Republic of)
Clusiaceae,Clusia cuneata,Benth.,Venezuela (Bolivarian Republic of)
Clusiaceae,Clusia duartei,Maguire,Venezuela (Bolivarian Republic of)
Clusiaceae,Clusia duidae,Gleason,Venezuela (Bolivarian Republic of)
Clusiaceae,Clusia fabiolae,Pipoly,Venezuela (Bolivarian Republic of)
Clusiaceae,Clusia flava,Jacq.,Venezuela (Bolivarian Republic of)
Clusiaceae,Clusia flavida,(Benth.) Pipoly,Venezuela (Bolivarian Republic of)
Clusiaceae,Clusia fockeana,Miq.,Venezuela (Bolivarian Republic of)
Clusiaceae,Clusia grandiflora,Splitg.,Venezuela (Bolivarian Republic of)
Clusiaceae,Clusia gratula,Maguire,Venezuela (Bolivarian Republic of)
Clusiaceae,Clusia guayanae,Pipoly,Venezuela (Bolivarian Republic of)
Clusiaceae,Clusia hammeliana,Pipoly,Venezuela (Bolivarian Republic of)
Clusiaceae,Clusia hexacarpa,Gleason,Venezuela (Bolivarian Republic of)
Clusiaceae,Clusia huberi,Pipoly,Venezuela (Bolivarian Republic of)
Clusiaceae,Clusia imbricata,Steyerm.,Venezuela (Bolivarian Republic of)
Clusiaceae,Clusia insignis,Mart.,Venezuela (Bolivarian Republic of)
Clusiaceae,Clusia leprantha,Mart.,Venezuela (Bolivarian Republic of)
Clusiaceae,Clusia lopezii,Maguire,Venezuela (Bolivarian Republic of)
Clusiaceae,Clusia macropoda,Klotzsch ex Engl.,Venezuela (Bolivarian Republic of)
Clusiaceae,Clusia maguireana,Pipoly,Venezuela (Bolivarian Republic of)
Clusiaceae,Clusia martiana,Engl.,Venezuela (Bolivarian Republic of)
Clusiaceae,Clusia microstemon,Planch. & Triana,Venezuela (Bolivarian Republic of)
Clusiaceae,Clusia minor,L.,Venezuela (Bolivarian Republic of)
Clusiaceae,Clusia mirandensis,(Maguire) Pipoly,Venezuela (Bolivarian Republic of)
Clusiaceae,Clusia multiflora,Kunth,Venezuela (Bolivarian Republic of)
Clusiaceae,Clusia multilineata,Pipoly,Venezuela (Bolivarian Republic of)
Clusiaceae,Clusia myriandra,(Benth.) Planch. & Triana,Venezuela (Bolivarian Republic of)
Clusiaceae,Clusia nemorosa,G.Mey.,Venezuela (Bolivarian Republic of)
Clusiaceae,Clusia obovata,(Spruce ex Planch. & Triana) Pipoly,Venezuela (Bolivarian Republic of)
Clusiaceae,Clusia octandra,(Poepp.) Pipoly,Venezuela (Bolivarian Republic of)
Clusiaceae,Clusia opaca,Maguire,Venezuela (Bolivarian Republic of)
Clusiaceae,Clusia pachyphylla,Gleason,Venezuela (Bolivarian Republic of)
Clusiaceae,Clusia palmana,Standl.,Venezuela (Bolivarian Republic of)
Clusiaceae,Clusia palmicida,Rich. ex Planch. & Triana,Venezuela (Bolivarian Republic of)
Clusiaceae,Clusia panapanari,(Aubl.) Choisy,Venezuela (Bolivarian Republic of)
Clusiaceae,Clusia parvifolia,Maguire,Venezuela (Bolivarian Republic of)
Clusiaceae,Clusia penduliflora,Engl.,Venezuela (Bolivarian Republic of)
Clusiaceae,Clusia phelpsiae,Lasser & Maguire,Venezuela (Bolivarian Republic of)
Clusiaceae,Clusia phelpsiana,Maguire,Venezuela (Bolivarian Republic of)
Clusiaceae,Clusia platystigma,Eyma,Venezuela (Bolivarian Republic of)
Clusiaceae,Clusia pseudomangle,Planch. & Triana,Venezuela (Bolivarian Republic of)
Clusiaceae,Clusia pusilla,Steyerm.,Venezuela (Bolivarian Republic of)
Clusiaceae,Clusia reginae,Paolini-Ruiz,Venezuela (Bolivarian Republic of)
Clusiaceae,Clusia renggerioides,Planch. & Triana,Venezuela (Bolivarian Republic of)
Clusiaceae,Clusia rosea,Jacq.,Venezuela (Bolivarian Republic of)
Clusiaceae,Clusia rosiflora,Planch. & Linden ex Planch. & Triana,Venezuela (Bolivarian Republic of)
Clusiaceae,Clusia savannarum,Maguire,Venezuela (Bolivarian Republic of)
Clusiaceae,Clusia schomburgkiana,(Planch. & Triana) Benth. ex Engl.,Venezuela (Bolivarian Republic of)
Clusiaceae,Clusia schomburgkii,Vesque,Venezuela (Bolivarian Republic of)
Clusiaceae,Clusia sipapoana,(Maguire) Pipoly,Venezuela (Bolivarian Republic of)
Clusiaceae,Clusia spathulifolia,Engl.,Venezuela (Bolivarian Republic of)
Clusiaceae,Clusia steyermarkii,Maguire,Venezuela (Bolivarian Republic of)
Clusiaceae,Clusia tabulamontana,Maguire,Venezuela (Bolivarian Republic of)
Clusiaceae,Clusia trochiformis,Vesqne,Venezuela (Bolivarian Republic of)
Clusiaceae,Clusia troncosii,Maguire,Venezuela (Bolivarian Republic of)
Clusiaceae,Clusia viscida,Engl.,Venezuela (Bolivarian Republic of)
Clusiaceae,Dystovomita clusiifolia,(Maguire) D'Arcy,Venezuela (Bolivarian Republic of)
Clusiaceae,Garcinia benthamiana,(Planch. & Triana) Pipoly,Venezuela (Bolivarian Republic of)
Clusiaceae,Garcinia macrophylla,Mart.,Venezuela (Bolivarian Republic of)
Clusiaceae,Garcinia madruno,(Kunth) Hammel,Venezuela (Bolivarian Republic of)
Clusiaceae,Lorostemon colombianus,Maguire,Venezuela (Bolivarian Republic of)
Clusiaceae,Moronobea coccinea,Aubl.,Venezuela (Bolivarian Republic of)
Clusiaceae,Moronobea intermedia,Engl. ex Oliv.,Venezuela (Bolivarian Republic of)
Clusiaceae,Moronobea jenmanii,Engl.,Venezuela (Bolivarian Republic of)
Clusiaceae,Moronobea ptaritepuiana,Steyerm.,Venezuela (Bolivarian Republic of)
Clusiaceae,Moronobea riparia,Planch. & Triana,Venezuela (Bolivarian Republic of)
Clusiaceae,Platonia insignis,Mart.,Venezuela (Bolivarian Republic of)
Clusiaceae,Symphonia globulifera,L.f.,Venezuela (Bolivarian Republic of)
Clusiaceae,Tovomita acutiflora,M.Barros & G.Mariz,Venezuela (Bolivarian Republic of)
Clusiaceae,Tovomita albiflora,A.C.Sm.,Venezuela (Bolivarian Republic of)
Clusiaceae,Tovomita atropurpurea,Steyerm.,Venezuela (Bolivarian Republic of)
Clusiaceae,Tovomita auriculata,Cuello,Venezuela (Bolivarian Republic of)
Clusiaceae,Tovomita clarkii,Pipoly ex L.Marinho & Gahagen,Venezuela (Bolivarian Republic of)
Clusiaceae,Tovomita fanshawei,Maguire,Venezuela (Bolivarian Republic of)
Clusiaceae,Tovomita foldatsii,Cuello,Venezuela (Bolivarian Republic of)
Clusiaceae,Tovomita fructipendula,Cambess.,Venezuela (Bolivarian Republic of)
Clusiaceae,Tovomita gracilipes,Planch. & Triana,Venezuela (Bolivarian Republic of)
Clusiaceae,Tovomita grata,Sandwith,Venezuela (Bolivarian Republic of)
Clusiaceae,Tovomita guianensis,Aubl.,Venezuela (Bolivarian Republic of)
Clusiaceae,Tovomita macrophylla,(Poepp.) Walp.,Venezuela (Bolivarian Republic of)
Clusiaceae,Tovomita nidiae,L.Marinho,Venezuela (Bolivarian Republic of)
Clusiaceae,Tovomita schomburgkii,Planch. & Triana,Venezuela (Bolivarian Republic of)
Clusiaceae,Tovomita spruceana,Planch. & Triana,Venezuela (Bolivarian Republic of)
Clusiaceae,Tovomita stergiosii,Cuello,Venezuela (Bolivarian Republic of)
Clusiaceae,Tovomita tenuiflora,Benth. ex Planch. & Triana,Venezuela (Bolivarian Republic of)
Clusiaceae,Tovomita turbinata,Planch. & Triana,Venezuela (Bolivarian Republic of)
Clusiaceae,Tovomita umbellata,Benth.,Venezuela (Bolivarian Republic of)
Clusiaceae,Tovomita volkeri,L.Marinho,Venezuela (Bolivarian Republic of)
Combretaceae,Combretum cacoucia,Exell ex Sandwith,Venezuela (Bolivarian Republic of)
Combretaceae,Combretum frangulifolium,Kunth,Venezuela (Bolivarian Republic of)
Combretaceae,Combretum laxum,Jacq.,Venezuela (Bolivarian Republic of)
Combretaceae,Combretum paraguariense,(Eichler) Stace,Venezuela (Bolivarian Republic of)
Combretaceae,Combretum pyramidatum,Desv. ex Ham.,Venezuela (Bolivarian Republic of)
Combretaceae,Combretum rotundifolium,Rich.,Venezuela (Bolivarian Republic of)
Combretaceae,Conocarpus erectus,L.,Venezuela (Bolivarian Republic of)
Combretaceae,Laguncularia racemosa,(L.) C.F.Gaertn.,Venezuela (Bolivarian Republic of)
Combretaceae,Terminalia buceras,(L.) C.Wright,Venezuela (Bolivarian Republic of)
Combretaceae,Terminalia congesta,(Ducke) Gere & Boatwr.,Venezuela (Bolivarian Republic of)
Combretaceae,Terminalia crispialata,(Ducke) Alwan & Stace,Venezuela (Bolivarian Republic of)
Combretaceae,Terminalia dichotoma,G.Mey.,Venezuela (Bolivarian Republic of)
Combretaceae,Terminalia grandis,(Ducke) Gere & Boatwr.,Venezuela (Bolivarian Republic of)
Combretaceae,Terminalia guaiquinimae,Maguire & Exell,Venezuela (Bolivarian Republic of)
Combretaceae,Terminalia guyanensis,Eichler,Venezuela (Bolivarian Republic of)
Combretaceae,Terminalia lucida,Hoffmanns. ex Mart.,Venezuela (Bolivarian Republic of)
Combretaceae,Terminalia macrophylla,(Spruce ex Eichler) Gere & Boatwr.,Venezuela (Bolivarian Republic of)
Combretaceae,Terminalia oblonga,(Ruiz & Pav.) Steud.,Venezuela (Bolivarian Republic of)
Combretaceae,Terminalia ochroprumna,(Eichler) Gere & Boatwr.,Venezuela (Bolivarian Republic of)
Combretaceae,Terminalia oxycarpa,Mart.,Venezuela (Bolivarian Republic of)
Combretaceae,Terminalia pallidovirens,(Cuatrec.) Gere & Boatwr.,Venezuela (Bolivarian Republic of)
Combretaceae,Terminalia parvifolia,(Ducke) Gere & Boatwr.,Venezuela (Bolivarian Republic of)
Combretaceae,Terminalia pulcherrima,(Exell & Stace) Gere & Boatwr.,Venezuela (Bolivarian Republic of)
Combretaceae,Terminalia quintalata,Maguire,Venezuela (Bolivarian Republic of)
Combretaceae,Terminalia ramatuella,Alwan & Stace,Venezuela (Bolivarian Republic of)
Combretaceae,Terminalia suaveolens,(Eichler) Gere & Boatwr.,Venezuela (Bolivarian Republic of)
Combretaceae,Terminalia tetraphylla,(Aubl.) Gere & Boatwr.,Venezuela (Bolivarian Republic of)
Combretaceae,Terminalia virens,(Spruce ex Eichler) Alwan & Stace,Venezuela (Bolivarian Republic of)
Combretaceae,Terminalia yapacana,Maguire,Venezuela (Bolivarian Republic of)
Connaraceae,Connarus patrisii,(DC.) Planch.,Venezuela (Bolivarian Republic of)
Connaraceae,Connarus perrottetii,(DC.) Planch.,Venezuela (Bolivarian Republic of)
Connaraceae,Connarus venezuelanus,Baill.,Venezuela (Bolivarian Republic of)
Connaraceae,Rourea surinamensis,Miq.,Venezuela (Bolivarian Republic of)
Cornaceae,Cornus peruviana,J.F.Macbr.,Venezuela (Bolivarian Republic of)
Cunoniaceae,Weinmannia anisophylla,Standl. & L.O.Williams,Venezuela (Bolivarian Republic of)
Cunoniaceae,Weinmannia auriculata,D.Don,Venezuela (Bolivarian Republic of)
Cunoniaceae,Weinmannia balbisiana,Kunth,Venezuela (Bolivarian Republic of)
Cunoniaceae,Weinmannia elliptica,Kunth,Venezuela (Bolivarian Republic of)
Cunoniaceae,Weinmannia fagaroides,Kunth,Venezuela (Bolivarian Republic of)
Cunoniaceae,Weinmannia guyanensis,Klotzsch ex Engl.,Venezuela (Bolivarian Republic of)
Cunoniaceae,Weinmannia heterophylla,Ruiz & Pav.,Venezuela (Bolivarian Republic of)
Cunoniaceae,Weinmannia ilutepuiensis,P.E.Berry & J.Bradford,Venezuela (Bolivarian Republic of)
Cunoniaceae,Weinmannia jahnii,Cuatrec.,Venezuela (Bolivarian Republic of)
Cunoniaceae,Weinmannia jelskii,Szyszył.,Venezuela (Bolivarian Republic of)
Cunoniaceae,Weinmannia karsteniana,Szyszył.,Venezuela (Bolivarian Republic of)
Cunoniaceae,Weinmannia kunthiana,D.Don,Venezuela (Bolivarian Republic of)
Cunoniaceae,Weinmannia lansbergiana,Engl.,Venezuela (Bolivarian Republic of)
Cunoniaceae,Weinmannia laxiramea,Killip & A.C.Sm.,Venezuela (Bolivarian Republic of)
Cunoniaceae,Weinmannia lentiscifolia,C.Presl,Venezuela (Bolivarian Republic of)
Cunoniaceae,Weinmannia microphylla,Ruiz & Pav.,Venezuela (Bolivarian Republic of)
Cunoniaceae,Weinmannia multijuga,Killip & A.C.Sm.,Venezuela (Bolivarian Republic of)
Cunoniaceae,Weinmannia ovata,Cav.,Venezuela (Bolivarian Republic of)
Cunoniaceae,Weinmannia pubescens,Kunth,Venezuela (Bolivarian Republic of)
Cunoniaceae,Weinmannia rollottii,Killip,Venezuela (Bolivarian Republic of)
Cunoniaceae,Weinmannia sorbifolia,Kunth,Venezuela (Bolivarian Republic of)
Cunoniaceae,Weinmannia spruceana,Engl.,Venezuela (Bolivarian Republic of)
Cunoniaceae,Weinmannia testudineata,Cuatrec.,Venezuela (Bolivarian Republic of)
Cunoniaceae,Weinmannia tomentosa,L.f.,Venezuela (Bolivarian Republic of)
Cunoniaceae,Weinmannia velutina,O.C.Schmidt,Venezuela (Bolivarian Republic of)
Cyrillaceae,Cyrilla racemiflora,L.,Venezuela (Bolivarian Republic of)
Dichapetalaceae,Dichapetalum odoratum,Baill.,Venezuela (Bolivarian Republic of)
Dichapetalaceae,Stephanopodium venezuelanum,Prance,Venezuela (Bolivarian Republic of)
Dichapetalaceae,Tapura amazonica,Poepp.,Venezuela (Bolivarian Republic of)
Dichapetalaceae,Tapura capitulifera,Baill.,Venezuela (Bolivarian Republic of)
Dichapetalaceae,Tapura guianensis,Aubl.,Venezuela (Bolivarian Republic of)
Dilleniaceae,Curatella americana,L.,Venezuela (Bolivarian Republic of)
Dilleniaceae,Doliocarpus leiophyllus,Kubitzki,Venezuela (Bolivarian Republic of)
Dilleniaceae,Doliocarpus verruculosus,Kubnzki,Venezuela (Bolivarian Republic of)
Dipentodontaceae,Perrottetia lanceolata,H.Karst.,Venezuela (Bolivarian Republic of)
Dipentodontaceae,Perrottetia multiflora,Lundell,Venezuela (Bolivarian Republic of)
Dipentodontaceae,Perrottetia quinduensis,Kunth,Venezuela (Bolivarian Republic of)
Ebenaceae,Diospyros artanthifolia,Mart. ex Miq.,Venezuela (Bolivarian Republic of)
Ebenaceae,Diospyros capreifolia,Mart. ex Hiern,Venezuela (Bolivarian Republic of)
Ebenaceae,Diospyros cauligera,F.White,Venezuela (Bolivarian Republic of)
Ebenaceae,Diospyros cavalcantei,Sothers,Venezuela (Bolivarian Republic of)
Ebenaceae,Diospyros cayennensis,A.DC.,Venezuela (Bolivarian Republic of)
Ebenaceae,Diospyros fenal,B.Walln.,Venezuela (Bolivarian Republic of)
Ebenaceae,Diospyros gallo,B.Walln.,Venezuela (Bolivarian Republic of)
Ebenaceae,Diospyros glomerata,Spruce ex Hiern,Venezuela (Bolivarian Republic of)
Ebenaceae,Diospyros guianensis,(Aubl.) Gürke,Venezuela (Bolivarian Republic of)
Ebenaceae,Diospyros inconstans,Jacq.,Venezuela (Bolivarian Republic of)
Ebenaceae,Diospyros lissocarpoides,Sandwith,Venezuela (Bolivarian Republic of)
Ebenaceae,Diospyros poeppigiana,A.DC.,Venezuela (Bolivarian Republic of)
Ebenaceae,Diospyros sprucei,Hiern,Venezuela (Bolivarian Republic of)
Ebenaceae,Diospyros tenuiflora,A.C.Sm.,Venezuela (Bolivarian Republic of)
Ebenaceae,Diospyros tepu,B.Walln.,Venezuela (Bolivarian Republic of)
Ebenaceae,Diospyros tetrandra,Hiern,Venezuela (Bolivarian Republic of)
Ebenaceae,Diospyros vestita,Benoist,Venezuela (Bolivarian Republic of)
Ebenaceae,Lissocarpa benthamii,Gürke,Venezuela (Bolivarian Republic of)
Ebenaceae,Lissocarpa stenocarpa,Steyerm.,Venezuela (Bolivarian Republic of)
Elaeocarpaceae,Sloanea anoriensis,T.D.Penn.,Venezuela (Bolivarian Republic of)
Elaeocarpaceae,Sloanea arguta,T.D.Penn.,Venezuela (Bolivarian Republic of)
Elaeocarpaceae,Sloanea brevipes,Benth.,Venezuela (Bolivarian Republic of)
Elaeocarpaceae,Sloanea brevispina,Earle Sm.,Venezuela (Bolivarian Republic of)
Elaeocarpaceae,Sloanea caribaea,Krug & Urb. ex Duss,Venezuela (Bolivarian Republic of)
Elaeocarpaceae,Sloanea carrenoi,Steyerm.,Venezuela (Bolivarian Republic of)
Elaeocarpaceae,Sloanea cataniapensis,Steyerm.,Venezuela (Bolivarian Republic of)
Elaeocarpaceae,Sloanea cavicola,Steyerm.,Venezuela (Bolivarian Republic of)
Elaeocarpaceae,Sloanea crassifolia,Earle Sm.,Venezuela (Bolivarian Republic of)
Elaeocarpaceae,Sloanea davidsei,Steyerm.,Venezuela (Bolivarian Republic of)
Elaeocarpaceae,Sloanea eichleri,K.Schum.,Venezuela (Bolivarian Republic of)
Elaeocarpaceae,Sloanea fendleriana,Benth.,Venezuela (Bolivarian Republic of)
Elaeocarpaceae,Sloanea floribunda,Spruce ex Benth.,Venezuela (Bolivarian Republic of)
Elaeocarpaceae,Sloanea garckeana,K.Schum.,Venezuela (Bolivarian Republic of)
Elaeocarpaceae,Sloanea grandiflora,Sm.,Venezuela (Bolivarian Republic of)
Elaeocarpaceae,Sloanea grossa,Earle Sm.,Venezuela (Bolivarian Republic of)
Elaeocarpaceae,Sloanea guianensis,(Aubl.) Benth.,Venezuela (Bolivarian Republic of)
Elaeocarpaceae,Sloanea kuhlmannii,Ducke,Venezuela (Bolivarian Republic of)
Elaeocarpaceae,Sloanea lanceolata,Earle Sm.,Venezuela (Bolivarian Republic of)
Elaeocarpaceae,Sloanea lasiocarpa,Pittier,Venezuela (Bolivarian Republic of)
Elaeocarpaceae,Sloanea latifolia,(Rich.) K.Schum.,Venezuela (Bolivarian Republic of)
Elaeocarpaceae,Sloanea laurifolia,(Willd.) Benth.,Venezuela (Bolivarian Republic of)
Elaeocarpaceae,Sloanea macrophylla,Benth. ex Turcz.,Venezuela (Bolivarian Republic of)
Elaeocarpaceae,Sloanea merevariensis,Pittier ex Steyerm.,Venezuela (Bolivarian Republic of)
Elaeocarpaceae,Sloanea multiflora,H.Karst.,Venezuela (Bolivarian Republic of)
Elaeocarpaceae,Sloanea obtusifolia,(Moric.) K.Schum.,Venezuela (Bolivarian Republic of)
Elaeocarpaceae,Sloanea parvifructa,Steyerm.,Venezuela (Bolivarian Republic of)
Elaeocarpaceae,Sloanea pubescens,Benth.,Venezuela (Bolivarian Republic of)
Elaeocarpaceae,Sloanea pulvinata,T.D.Penn.,Venezuela (Bolivarian Republic of)
Elaeocarpaceae,Sloanea robusta,Uittien,Venezuela (Bolivarian Republic of)
Elaeocarpaceae,Sloanea rufa,Planch. ex Benth.,Venezuela (Bolivarian Republic of)
Elaeocarpaceae,Sloanea schomburgkii,Spruce ex Benth.,Venezuela (Bolivarian Republic of)
Elaeocarpaceae,Sloanea sinemariensis,Aubl.,Venezuela (Bolivarian Republic of)
Elaeocarpaceae,Sloanea spathulata,Earle Sm.,Venezuela (Bolivarian Republic of)
Elaeocarpaceae,Sloanea steyermarkii,Earle Sm.,Venezuela (Bolivarian Republic of)
Elaeocarpaceae,Sloanea subpsilocarpa,Steyerm.,Venezuela (Bolivarian Republic of)
Elaeocarpaceae,Sloanea synandra,Spruce ex Benth.,Venezuela (Bolivarian Republic of)
Elaeocarpaceae,Sloanea terniflora,(Moc. & Sessé ex DC.) Standl.,Venezuela (Bolivarian Republic of)
Elaeocarpaceae,Sloanea trichosticha,R.O. Williams & Sandwith,Venezuela (Bolivarian Republic of)
Elaeocarpaceae,Sloanea trinitensis,Sandwith,Venezuela (Bolivarian Republic of)
Elaeocarpaceae,Sloanea wurdackii,Steyerm.,Venezuela (Bolivarian Republic of)
Elaeocarpaceae,Sloanea zuliaensis,Pittier,Venezuela (Bolivarian Republic of)
Elaeocarpaceae,Vallea stipularis,L.f.,Venezuela (Bolivarian Republic of)
Ericaceae,Agarista duckei,(Huber) Judd,Venezuela (Bolivarian Republic of)
Ericaceae,Bejaria aestuans,Mutis ex L.,Venezuela (Bolivarian Republic of)
Ericaceae,Bejaria resinosa,Mutis ex L.f.,Venezuela (Bolivarian Republic of)
Ericaceae,Bejaria sprucei,Meisn.,Venezuela (Bolivarian Republic of)
Ericaceae,Cavendishia bracteata,(Ruiz & Pav. ex J.St.Hil.) Hoerold,Venezuela (Bolivarian Republic of)
Ericaceae,Cavendishia pubescens,(Kunth) Hemsl.,Venezuela (Bolivarian Republic of)
Ericaceae,Gaultheria erecta,Vent.,Venezuela (Bolivarian Republic of)
Ericaceae,Psammisia macrophylla,(Kunth) Klotzsch,Venezuela (Bolivarian Republic of)
Ericaceae,Thibaudia floribunda,Kunth,Venezuela (Bolivarian Republic of)
Ericaceae,Vaccinium latifolium,(Griseb.) Benth. & Hook.f. ex B.D.Jacks.,Venezuela (Bolivarian Republic of)
Ericaceae,Vaccinium meridionale,Sw.,Venezuela (Bolivarian Republic of)
Ericaceae,Vaccinium puberulum,Klotzsch ex Meisn.,Venezuela (Bolivarian Republic of)
Erythroxylaceae,Erythroxylum amazonicum,Peyr.,Venezuela (Bolivarian Republic of)
Erythroxylaceae,Erythroxylum carthagenense,Jacq.,Venezuela (Bolivarian Republic of)
Erythroxylaceae,Erythroxylum cataractarum,Spruce ex Peyr.,Venezuela (Bolivarian Republic of)
Erythroxylaceae,Erythroxylum citrifolium,A.St.-Hil.,Venezuela (Bolivarian Republic of)
Erythroxylaceae,Erythroxylum divaricatum,Peyr.,Venezuela (Bolivarian Republic of)
Erythroxylaceae,Erythroxylum fimbriatum,Peyr.,Venezuela (Bolivarian Republic of)
Erythroxylaceae,Erythroxylum foetidum,Plowman,Venezuela (Bolivarian Republic of)
Erythroxylaceae,Erythroxylum gracilipes,Peyr.,Venezuela (Bolivarian Republic of)
Erythroxylaceae,Erythroxylum guanchezii,Plowman,Venezuela (Bolivarian Republic of)
Erythroxylaceae,Erythroxylum havanense,Jacq.,Venezuela (Bolivarian Republic of)
Erythroxylaceae,Erythroxylum hypoleucum,Plowman,Venezuela (Bolivarian Republic of)
Erythroxylaceae,Erythroxylum impressum,O.E.Schulz,Venezuela (Bolivarian Republic of)
Erythroxylaceae,Erythroxylum kapplerianum,Peyr.,Venezuela (Bolivarian Republic of)
Erythroxylaceae,Erythroxylum ligustrinum,DC.,Venezuela (Bolivarian Republic of)
Erythroxylaceae,Erythroxylum lineolatum,DC.,Venezuela (Bolivarian Republic of)
Erythroxylaceae,Erythroxylum macrophyllum,Cav.,Venezuela (Bolivarian Republic of)
Erythroxylaceae,Erythroxylum mucronatum,Benth.,Venezuela (Bolivarian Republic of)
Erythroxylaceae,Erythroxylum oreophilum,(O.E.Schulz ex Pilg.) Steyerm. & Maguire,Venezuela (Bolivarian Republic of)
Erythroxylaceae,Erythroxylum oxycarpum,O.E.Schulz,Venezuela (Bolivarian Republic of)
Erythroxylaceae,Erythroxylum panamense,Turcz.,Venezuela (Bolivarian Republic of)
Erythroxylaceae,Erythroxylum roraimae,Klotzsch ex O.E.Schulz,Venezuela (Bolivarian Republic of)
Erythroxylaceae,Erythroxylum rufum,Cav.,Venezuela (Bolivarian Republic of)
Erythroxylaceae,Erythroxylum schomburgkii,Peyr.,Venezuela (Bolivarian Republic of)
Erythroxylaceae,Erythroxylum spruceanum,Peyr.,Venezuela (Bolivarian Republic of)
Erythroxylaceae,Erythroxylum squamatum,Sw.,Venezuela (Bolivarian Republic of)
Erythroxylaceae,Erythroxylum suberosum,A.St.-Hil.,Venezuela (Bolivarian Republic of)
Erythroxylaceae,Erythroxylum undulatum,Plowman,Venezuela (Bolivarian Republic of)
Erythroxylaceae,Erythroxylum vernicosum,O.E.Schulz,Venezuela (Bolivarian Republic of)
Escalloniaceae,Escallonia myrtilloides,L.f.,Venezuela (Bolivarian Republic of)
Escalloniaceae,Escallonia paniculata,(Ruiz & Pav.) Schult.,Venezuela (Bolivarian Republic of)
Escalloniaceae,Escallonia pendula,(Ruiz & Pav.) Pers.,Venezuela (Bolivarian Republic of)
Euphorbiaceae,Acalypha cuneata,Poepp.,Venezuela (Bolivarian Republic of)
Euphorbiaceae,Acalypha diversifolia,Jacq.,Venezuela (Bolivarian Republic of)
Euphorbiaceae,Acalypha macrostachya,Jacq.,Venezuela (Bolivarian Republic of)
Euphorbiaceae,Acalypha muelleriana,Urb.,Venezuela (Bolivarian Republic of)
Euphorbiaceae,Acalypha schiedeana,Schltdl.,Venezuela (Bolivarian Republic of)
Euphorbiaceae,Acalypha tenuifolia,Müll.Arg.,Venezuela (Bolivarian Republic of)
Euphorbiaceae,Acalypha villosa,Jacq.,Venezuela (Bolivarian Republic of)
Euphorbiaceae,Actinostemon amazonicus,Pax & K.Hoffm.,Venezuela (Bolivarian Republic of)
Euphorbiaceae,Actinostemon caribaeus,Griseb.,Venezuela (Bolivarian Republic of)
Euphorbiaceae,Actinostemon concolor,(Spreng.) Müll.Arg.,Venezuela (Bolivarian Republic of)
Euphorbiaceae,Actinostemon schomburgkii,(Klotzsch) Hochr.,Venezuela (Bolivarian Republic of)
Euphorbiaceae,Adelia ricinella,L.,Venezuela (Bolivarian Republic of)
Euphorbiaceae,Adelia triloba,(Müll.Arg.) Hemsl.,Venezuela (Bolivarian Republic of)
Euphorbiaceae,Adenophaedra grandifolia,(Klotzsch) Müll.Arg.,Venezuela (Bolivarian Republic of)
Euphorbiaceae,Alchornea acutifolia,Müll.Arg.,Venezuela (Bolivarian Republic of)
Euphorbiaceae,Alchornea bogotensis,Pax & K.Hoffm.,Venezuela (Bolivarian Republic of)
Euphorbiaceae,Alchornea castaneifolia,(Humb. & Bonpl. ex Willd.) A.Juss.,Venezuela (Bolivarian Republic of)
Euphorbiaceae,Alchornea discolor,Poepp.,Venezuela (Bolivarian Republic of)
Euphorbiaceae,Alchornea fluviatilis,Secco,Venezuela (Bolivarian Republic of)
Euphorbiaceae,Alchornea glandulosa,Poepp.,Venezuela (Bolivarian Republic of)
Euphorbiaceae,Alchornea grandiflora,Müll.Arg.,Venezuela (Bolivarian Republic of)
Euphorbiaceae,Alchornea grandis,Benth.,Venezuela (Bolivarian Republic of)
Euphorbiaceae,Alchornea latifolia,Sw.,Venezuela (Bolivarian Republic of)
Euphorbiaceae,Alchornea tachirensis,Secco,Venezuela (Bolivarian Republic of)
Euphorbiaceae,Alchornea triplinervia,(Spreng.) Müll.Arg.,Venezuela (Bolivarian Republic of)
Euphorbiaceae,Alchorneopsis floribunda,(Benth.) Müll.Arg.,Venezuela (Bolivarian Republic of)
Euphorbiaceae,Aparisthmium cordatum,(A.Juss.) Baill.,Venezuela (Bolivarian Republic of)
Euphorbiaceae,Astrococcus cornutus,Benth.,Venezuela (Bolivarian Republic of)
Euphorbiaceae,Bernardia dichotoma,(Willd.) Müll.Arg.,Venezuela (Bolivarian Republic of)
Euphorbiaceae,Bernardia jacquiniana,Müll.Arg.,Venezuela (Bolivarian Republic of)
Euphorbiaceae,Caryodendron orinocense,H.Karst.,Venezuela (Bolivarian Republic of)
Euphorbiaceae,Cleidion castaneifolium,Müll.Arg.,Venezuela (Bolivarian Republic of)
Euphorbiaceae,Conceveiba guianensis,Aubl.,Venezuela (Bolivarian Republic of)
Euphorbiaceae,Conceveiba krukoffii,Steyerm.,Venezuela (Bolivarian Republic of)
Euphorbiaceae,Conceveiba latifolia,Benth.,Venezuela (Bolivarian Republic of)
Euphorbiaceae,Conceveiba martiana,Baill.,Venezuela (Bolivarian Republic of)
Euphorbiaceae,Conceveiba pleiostemona,Donn.Sm.,Venezuela (Bolivarian Republic of)
Euphorbiaceae,Conceveiba ptariana,(Steyerm.) Jabl.,Venezuela (Bolivarian Republic of)
Euphorbiaceae,Conceveiba terminalis,(Baill.) Müll.Arg.,Venezuela (Bolivarian Republic of)
Euphorbiaceae,Conceveiba tristigmata,J.Murillo,Venezuela (Bolivarian Republic of)
Euphorbiaceae,Croton argyrophyllus,Kunth,Venezuela (Bolivarian Republic of)
Euphorbiaceae,Croton bredemeyeri,Müll.Arg.,Venezuela (Bolivarian Republic of)
Euphorbiaceae,Croton cajucara,Benth.,Venezuela (Bolivarian Republic of)
Euphorbiaceae,Croton caracasanus,Pittier,Venezuela (Bolivarian Republic of)
Euphorbiaceae,Croton cuneatus,Klotzsch,Venezuela (Bolivarian Republic of)
Euphorbiaceae,Croton curranii,S.F.Blake,Venezuela (Bolivarian Republic of)
Euphorbiaceae,Croton deserticola,Steyerm.,Venezuela (Bolivarian Republic of)
Euphorbiaceae,Croton domatifer,Riina & P.E.Berry,Venezuela (Bolivarian Republic of)
Euphorbiaceae,Croton fernandezii,Riina & Caruzo,Venezuela (Bolivarian Republic of)
Euphorbiaceae,Croton flavens,L.,Venezuela (Bolivarian Republic of)
Euphorbiaceae,Croton fragilis,Kunth,Venezuela (Bolivarian Republic of)
Euphorbiaceae,Croton fragrans,Kunth,Venezuela (Bolivarian Republic of)
Euphorbiaceae,Croton gossypiifolius,Vahl,Venezuela (Bolivarian Republic of)
Euphorbiaceae,Croton guianensis,Aubl.,Venezuela (Bolivarian Republic of)
Euphorbiaceae,Croton hibiscifolius,Kunth ex Spreng.,Venezuela (Bolivarian Republic of)
Euphorbiaceae,Croton hircinus,Vent.,Venezuela (Bolivarian Republic of)
Euphorbiaceae,Croton huberi,Steyerm.,Venezuela (Bolivarian Republic of)
Euphorbiaceae,Croton icabarui,Jabl.,Venezuela (Bolivarian Republic of)
Euphorbiaceae,Croton malambo,H.Karst.,Venezuela (Bolivarian Republic of)
Euphorbiaceae,Croton matourensis,Aubl.,Venezuela (Bolivarian Republic of)
Euphorbiaceae,Croton megalodendron,Müll.Arg.,Venezuela (Bolivarian Republic of)
Euphorbiaceae,Croton morifolius,Willd.,Venezuela (Bolivarian Republic of)
Euphorbiaceae,Croton neblinae,Jabl.,Venezuela (Bolivarian Republic of)
Euphorbiaceae,Croton nirguensis,Riina & W.Meier,Venezuela (Bolivarian Republic of)
Euphorbiaceae,Croton niveus,Jacq.,Venezuela (Bolivarian Republic of)
Euphorbiaceae,Croton nuntians,Croizat,Venezuela (Bolivarian Republic of)
Euphorbiaceae,Croton orinocensis,Müll.Arg.,Venezuela (Bolivarian Republic of)
Euphorbiaceae,Croton palanostigma,Klotzsch,Venezuela (Bolivarian Republic of)
Euphorbiaceae,Croton pullei,Lanj.,Venezuela (Bolivarian Republic of)
Euphorbiaceae,Croton pungens,Jacq.,Venezuela (Bolivarian Republic of)
Euphorbiaceae,Croton roraimensis,Croizat,Venezuela (Bolivarian Republic of)
Euphorbiaceae,Croton sampatik,Müll.Arg.,Venezuela (Bolivarian Republic of)
Euphorbiaceae,Croton schiedeanus,Schltdl.,Venezuela (Bolivarian Republic of)
Euphorbiaceae,Croton sexmetralis,Croizat,Venezuela (Bolivarian Republic of)
Euphorbiaceae,Croton smithianus,Croizat,Venezuela (Bolivarian Republic of)
Euphorbiaceae,Croton speciosus,Müll.Arg.,Venezuela (Bolivarian Republic of)
Euphorbiaceae,Croton tricolor,Klotzsch ex Baill.,Venezuela (Bolivarian Republic of)
Euphorbiaceae,Croton turumiquirensis,Steyerm.,Venezuela (Bolivarian Republic of)
Euphorbiaceae,Croton yavitensis,Croizat,Venezuela (Bolivarian Republic of)
Euphorbiaceae,Dendrothrix multiglandulosa,Esser,Venezuela (Bolivarian Republic of)
Euphorbiaceae,Dendrothrix yutajensis,(Jabl.) Esser,Venezuela (Bolivarian Republic of)
Euphorbiaceae,Euphorbia comosa,Vell.,Venezuela (Bolivarian Republic of)
Euphorbiaceae,Euphorbia cotinifolia,L.,Venezuela (Bolivarian Republic of)
Euphorbiaceae,Euphorbia laurifolia,Juss. ex Lam.,Venezuela (Bolivarian Republic of)
Euphorbiaceae,Euphorbia petiolaris,Sims,Venezuela (Bolivarian Republic of)
Euphorbiaceae,Garcia nutans,Vahl ex Rohr,Venezuela (Bolivarian Republic of)
Euphorbiaceae,Gitara nicaraguensis,(Hemsl.) Card.-McTeag. & L.J.Gillespie,Venezuela (Bolivarian Republic of)
Euphorbiaceae,Glycydendron amazonicum,Ducke,Venezuela (Bolivarian Republic of)
Euphorbiaceae,Gymnanthes hypoleuca,Benth.,Venezuela (Bolivarian Republic of)
Euphorbiaceae,Haematostemon coriaceus,(Baill.) Pax & K.Hoffm.,Venezuela (Bolivarian Republic of)
Euphorbiaceae,Hevea benthamiana,Müll.Arg.,Venezuela (Bolivarian Republic of)
Euphorbiaceae,Hevea brasiliensis,(Willd. ex A.Juss.) Müll.Arg.,Venezuela (Bolivarian Republic of)
Euphorbiaceae,Hevea guianensis,Aubl.,Venezuela (Bolivarian Republic of)
Euphorbiaceae,Hevea microphylla,Ule,Venezuela (Bolivarian Republic of)
Euphorbiaceae,Hevea pauciflora,(Spruce ex Benth.) Müll.Arg.,Venezuela (Bolivarian Republic of)
Euphorbiaceae,Hippomane mancinella,L.,Venezuela (Bolivarian Republic of)
Euphorbiaceae,Hura crepitans,L.,Venezuela (Bolivarian Republic of)
Euphorbiaceae,Jatropha curcas,L.,Venezuela (Bolivarian Republic of)
Euphorbiaceae,Jatropha mollissima,(Pohl) Baill.,Venezuela (Bolivarian Republic of)
Euphorbiaceae,Mabea anomala,Müll.Arg.,Venezuela (Bolivarian Republic of)
Euphorbiaceae,Mabea arenicola,Esser,Venezuela (Bolivarian Republic of)
Euphorbiaceae,Mabea frutescens,Jabl.,Venezuela (Bolivarian Republic of)
Euphorbiaceae,Mabea longibracteata,Esser,Venezuela (Bolivarian Republic of)
Euphorbiaceae,Mabea macrocalyx,Esser,Venezuela (Bolivarian Republic of)
Euphorbiaceae,Mabea montana,Müll.Arg.,Venezuela (Bolivarian Republic of)
Euphorbiaceae,Mabea nitida,Spruce ex Benth.,Venezuela (Bolivarian Republic of)
Euphorbiaceae,Mabea occidentalis,Benth.,Venezuela (Bolivarian Republic of)
Euphorbiaceae,Mabea piriri,Aubl.,Venezuela (Bolivarian Republic of)
Euphorbiaceae,Mabea pulcherrima,Müll.Arg.,Venezuela (Bolivarian Republic of)
Euphorbiaceae,Mabea subsessilis,Pax & K.Hoffm.,Venezuela (Bolivarian Republic of)
Euphorbiaceae,Mabea taquari,Aubl.,Venezuela (Bolivarian Republic of)
Euphorbiaceae,Mabea trianae,Pax,Venezuela (Bolivarian Republic of)
Euphorbiaceae,Manihot carthagenensis,(Jacq.) Müll.Arg.,Venezuela (Bolivarian Republic of)
Euphorbiaceae,Maprounea amazonica,Esser,Venezuela (Bolivarian Republic of)
Euphorbiaceae,Maprounea guianensis,Aubl.,Venezuela (Bolivarian Republic of)
Euphorbiaceae,Micrandra elata,(Didr.) Müll.Arg.,Venezuela (Bolivarian Republic of)
Euphorbiaceae,Micrandra inundata,P.E.Berry & Wiedenh.,Venezuela (Bolivarian Republic of)
Euphorbiaceae,Micrandra minor,Benth.,Venezuela (Bolivarian Republic of)
Euphorbiaceae,Micrandra rossiana,R.E.Schult.,Venezuela (Bolivarian Republic of)
Euphorbiaceae,Micrandra siphonioides,Benth.,Venezuela (Bolivarian Republic of)
Euphorbiaceae,Micrandra spruceana,(Baill.) R.E.Schult.,Venezuela (Bolivarian Republic of)
Euphorbiaceae,Micrandra sprucei,(Müll.Arg.) R.E.Schult.,Venezuela (Bolivarian Republic of)
Euphorbiaceae,Pausandra martini,Baill.,Venezuela (Bolivarian Republic of)
Euphorbiaceae,Pseudosenefeldera inclinata,(Müll.Arg.) Esser,Venezuela (Bolivarian Republic of)
Euphorbiaceae,Rhodothyrsus hirsutus,Esser,Venezuela (Bolivarian Republic of)
Euphorbiaceae,Sagotia brachysepala,(Müll.Arg.) Secco,Venezuela (Bolivarian Republic of)
Euphorbiaceae,Sagotia racemosa,Baill.,Venezuela (Bolivarian Republic of)
Euphorbiaceae,Sandwithia guyanensis,Lanj.,Venezuela (Bolivarian Republic of)
Euphorbiaceae,Sandwithia heterocalyx,Secco,Venezuela (Bolivarian Republic of)
Euphorbiaceae,Sapium glandulosum,(L.) Morong,Venezuela (Bolivarian Republic of)
Euphorbiaceae,Sapium jenmannii,Hemsl.,Venezuela (Bolivarian Republic of)
Euphorbiaceae,Sapium laurifolium,(A.Rich.) Griseb.,Venezuela (Bolivarian Republic of)
Euphorbiaceae,Sapium paucinervium,Hemsl.,Venezuela (Bolivarian Republic of)
Euphorbiaceae,Sapium stylare,Müll.Arg.,Venezuela (Bolivarian Republic of)
Euphorbiaceae,Sebastiania larensis,Croizat & Tamayo,Venezuela (Bolivarian Republic of)
Euphorbiaceae,Sebastiania venezolana,Pax & K.Hoffm.,Venezuela (Bolivarian Republic of)
Euphorbiaceae,Senefeldera testiculata,Pittier,Venezuela (Bolivarian Republic of)
Euphorbiaceae,Senefelderopsis chiribiquetensis,(R.E.Schult. & Croizat) Steyerm.,Venezuela (Bolivarian Republic of)
Euphorbiaceae,Senefelderopsis croizatii,Steyerm.,Venezuela (Bolivarian Republic of)
Euphorbiaceae,Tetrorchidium macrophyllum,Müll.Arg.,Venezuela (Bolivarian Republic of)
Euphorbiaceae,Tetrorchidium rubrivenium,Poepp.,Venezuela (Bolivarian Republic of)
Euphroniaceae,Euphronia acuminatissima,Steyerm.,Venezuela (Bolivarian Republic of)
Euphroniaceae,Euphronia guianensis,(R.H.Schomb.) Hallier f.,Venezuela (Bolivarian Republic of)
Euphroniaceae,Euphronia hirtelloides,Mart.,Venezuela (Bolivarian Republic of)
Fabaceae,Abarema levelii,(R.S.Cowan) Barneby & J.W.Grimes,Venezuela (Bolivarian Republic of)
Fabaceae,Acaciella angustissima,(Mill.) Britton & Rose,Venezuela (Bolivarian Republic of)
Fabaceae,Acaciella glauca,(L.) L.Rico,Venezuela (Bolivarian Republic of)
Fabaceae,Aeschynomene ciliata,Vogel,Venezuela (Bolivarian Republic of)
Fabaceae,Albizia carbonaria,Britton,Venezuela (Bolivarian Republic of)
Fabaceae,Aldina aquae-nigrae,M.Yu.Gontsch. & Yakovlev,Venezuela (Bolivarian Republic of)
Fabaceae,Aldina aurea,Cowan,Venezuela (Bolivarian Republic of)
Fabaceae,Aldina barnebyana,M.Yu.Gontsch. & Yakovlev,Venezuela (Bolivarian Republic of)
Fabaceae,Aldina berryi,Cowan & Steyerm.,Venezuela (Bolivarian Republic of)
Fabaceae,Aldina diplogyne,Stergios & Aymard,Venezuela (Bolivarian Republic of)
Fabaceae,Aldina discolor,Spruce ex Benth.,Venezuela (Bolivarian Republic of)
Fabaceae,Aldina elliptica,Cowan,Venezuela (Bolivarian Republic of)
Fabaceae,Aldina kunhardtiana,Cowan,Venezuela (Bolivarian Republic of)
Fabaceae,Aldina latifolia,Benth.,Venezuela (Bolivarian Republic of)
Fabaceae,Aldina macrophylla,Spruce ex Benth.,Venezuela (Bolivarian Republic of)
Fabaceae,Aldina paulberryi,Aymard,Venezuela (Bolivarian Republic of)
Fabaceae,Aldina petiolulata,Cowan,Venezuela (Bolivarian Republic of)
Fabaceae,Aldina reticulata,Cowan,Venezuela (Bolivarian Republic of)
Fabaceae,Aldina rio-negrae,M.Yu.Gontsch. & Yakovlev,Venezuela (Bolivarian Republic of)
Fabaceae,Aldina speciosa,M.Yu.Gontsch. & Yakovlev,Venezuela (Bolivarian Republic of)
Fabaceae,Alexa canaracunensis,Pittier,Venezuela (Bolivarian Republic of)
Fabaceae,Alexa confusa,Pittier,Venezuela (Bolivarian Republic of)
Fabaceae,Alexa cowanii,Yakovlev,Venezuela (Bolivarian Republic of)
Fabaceae,Alexa herminiana,N.Ramírez,Venezuela (Bolivarian Republic of)
Fabaceae,Alexa imperatricis,(R.H.Schomb.) Baill.,Venezuela (Bolivarian Republic of)
Fabaceae,Anadenanthera peregrina,(L.) Speg.,Venezuela (Bolivarian Republic of)
Fabaceae,Andira inermis,(W.Wright) DC.,Venezuela (Bolivarian Republic of)
Fabaceae,Andira surinamensis,(Bondt) Splitg. ex Pulle,Venezuela (Bolivarian Republic of)
Fabaceae,Andira taurotesticulata,R.T.Penn.,Venezuela (Bolivarian Republic of)
Fabaceae,Andira tervequinata,"R.T.Penn., Aymard & Cuello",Venezuela (Bolivarian Republic of)
Fabaceae,Andira trifoliolata,Ducke,Venezuela (Bolivarian Republic of)
Fabaceae,Apoplanesia cryptopetala,Pittier,Venezuela (Bolivarian Republic of)
Fabaceae,Apuleia leiocarpa,(Vogel) J.F.Macbr.,Venezuela (Bolivarian Republic of)
Fabaceae,Ateleia venezuelensis,Mohlenbr.,Venezuela (Bolivarian Republic of)
Fabaceae,Barnebydendron riedelii,(Tul.) J.H.Kirkbr.,Venezuela (Bolivarian Republic of)
Fabaceae,Bauhinia aculeata,L.,Venezuela (Bolivarian Republic of)
Fabaceae,Bauhinia cupulata,Benth.,Venezuela (Bolivarian Republic of)
Fabaceae,Bauhinia eilertsii,Pulle,Venezuela (Bolivarian Republic of)
Fabaceae,Bauhinia longicuspis,Spruce ex Benth.,Venezuela (Bolivarian Republic of)
Fabaceae,Bauhinia multinervia,(Kunth) DC.,Venezuela (Bolivarian Republic of)
Fabaceae,Bauhinia pauletia,Pers.,Venezuela (Bolivarian Republic of)
Fabaceae,Bauhinia petiolata,(Mutis ex DC.) Triana ex Hook.,Venezuela (Bolivarian Republic of)
Fabaceae,Bauhinia picta,(Kunth) DC.,Venezuela (Bolivarian Republic of)
Fabaceae,Bauhinia ungulata,L.,Venezuela (Bolivarian Republic of)
Fabaceae,Bowdichia virgilioides,Kunth,Venezuela (Bolivarian Republic of)
Fabaceae,Brownea birschellii,Hook.f.,Venezuela (Bolivarian Republic of)
Fabaceae,Brownea coccinea,Jacq.,Venezuela (Bolivarian Republic of)
Fabaceae,Brownea gladysrojasiae,D.Velásquez & G.Agostini,Venezuela (Bolivarian Republic of)
Fabaceae,Brownea grandiceps,Jacq.,Venezuela (Bolivarian Republic of)
Fabaceae,Brownea leucantha,Jacq.,Venezuela (Bolivarian Republic of)
Fabaceae,Brownea longipedicellata,Huber,Venezuela (Bolivarian Republic of)
Fabaceae,Brownea macrophylla,Linden ex Mast.,Venezuela (Bolivarian Republic of)
Fabaceae,Brownea similis,R.S.Cowan,Venezuela (Bolivarian Republic of)
Fabaceae,Brownea tillettiana,D.Velásquez & G.Agostini,Venezuela (Bolivarian Republic of)
Fabaceae,Calliandra coriacea,(Humb. & Bonpl. ex Willd.) Benth.,Venezuela (Bolivarian Republic of)
Fabaceae,Calliandra cruegeri,Griseb.,Venezuela (Bolivarian Republic of)
Fabaceae,Calliandra falcata,Benth.,Venezuela (Bolivarian Republic of)
Fabaceae,Calliandra glomerulata,H.Karst.,Venezuela (Bolivarian Republic of)
Fabaceae,Calliandra guildingii,Benth.,Venezuela (Bolivarian Republic of)
Fabaceae,Calliandra magdalenae,(Bertero ex DC.) Benth.,Venezuela (Bolivarian Republic of)
Fabaceae,Calliandra pittieri,Standl.,Venezuela (Bolivarian Republic of)
Fabaceae,Calliandra purdiei,Benth.,Venezuela (Bolivarian Republic of)
Fabaceae,Calliandra purpurea,(L.) Benth.,Venezuela (Bolivarian Republic of)
Fabaceae,Calliandra surinamensis,Benth.,Venezuela (Bolivarian Republic of)
Fabaceae,Calliandra tergemina,(L.) Benth.,Venezuela (Bolivarian Republic of)
Fabaceae,Calliandra trinervia,Benth.,Venezuela (Bolivarian Republic of)
Fabaceae,Calliandra tsugoides,R.S.Cowan,Venezuela (Bolivarian Republic of)
Fabaceae,Campsiandra angustifolia,Spruce ex Benth.,Venezuela (Bolivarian Republic of)
Fabaceae,Campsiandra aymardii,Stergios,Venezuela (Bolivarian Republic of)
Fabaceae,Campsiandra casiquiarensis,Stergios,Venezuela (Bolivarian Republic of)
Fabaceae,Campsiandra chigo-montero,Stergios,Venezuela (Bolivarian Republic of)
Fabaceae,Campsiandra curaara,Stergios,Venezuela (Bolivarian Republic of)
Fabaceae,Campsiandra emonensis,Stergios,Venezuela (Bolivarian Republic of)
Fabaceae,Campsiandra felipeana,Stergios,Venezuela (Bolivarian Republic of)
Fabaceae,Campsiandra ferruginea,Stergios,Venezuela (Bolivarian Republic of)
Fabaceae,Campsiandra gomez-alvareziana,Stergios,Venezuela (Bolivarian Republic of)
Fabaceae,Campsiandra guayanensis,Stergios,Venezuela (Bolivarian Republic of)
Fabaceae,Campsiandra implexicaulis,Stergios,Venezuela (Bolivarian Republic of)
Fabaceae,Campsiandra laurifolia,Benth.,Venezuela (Bolivarian Republic of)
Fabaceae,Campsiandra macrocarpa,R.S.Cowan,Venezuela (Bolivarian Republic of)
Fabaceae,Campsiandra nutans,Stergios,Venezuela (Bolivarian Republic of)
Fabaceae,Campsiandra pasibensis,Stergios,Venezuela (Bolivarian Republic of)
Fabaceae,Campsiandra steyermarkiana,Stergios,Venezuela (Bolivarian Republic of)
Fabaceae,Campsiandra taphornii,Stergios,Venezuela (Bolivarian Republic of)
Fabaceae,Campsiandra velutina,Stergios,Venezuela (Bolivarian Republic of)
Fabaceae,Campsiandra wurdackiana,Stergios,Venezuela (Bolivarian Republic of)
Fabaceae,Cassia fastuosa,Willd. ex Vogel,Venezuela (Bolivarian Republic of)
Fabaceae,Cassia grandis,L.f.,Venezuela (Bolivarian Republic of)
Fabaceae,Cassia moschata,Kunth,Venezuela (Bolivarian Republic of)
Fabaceae,Cedrelinga cateniformis,(Ducke) Ducke,Venezuela (Bolivarian Republic of)
Fabaceae,Cenostigma pluviosum,(DC.) Gagnon & G.P.Lewis,Venezuela (Bolivarian Republic of)
Fabaceae,Centrolobium paraense,Tul.,Venezuela (Bolivarian Republic of)
Fabaceae,Chamaecrista adiantifolia,(Spruce ex Benth.) H.S.Irwin & Barneby,Venezuela (Bolivarian Republic of)
Fabaceae,Chamaecrista apoucouita,(Aubl.) H.S.Irwin & Barneby,Venezuela (Bolivarian Republic of)
Fabaceae,Chamaecrista hymenaeifolia,(Benth.) H.S.Irwin & Barneby,Venezuela (Bolivarian Republic of)
Fabaceae,Chamaecrista negrensis,(H.S.Irwin) H.S.Irwin & Barneby,Venezuela (Bolivarian Republic of)
Fabaceae,Chamaecrista orenocensis,(Benth.) H.S.Irwin & Barneby,Venezuela (Bolivarian Republic of)
Fabaceae,Chamaecrista polystachya,(Benth.) H.S.Irwin & Barneby,Venezuela (Bolivarian Republic of)
Fabaceae,Chloroleucon eurycyclum,Barneby & J.W.Grimes,Venezuela (Bolivarian Republic of)
Fabaceae,Chloroleucon mangense,(Jacq.) Britton & Rose,Venezuela (Bolivarian Republic of)
Fabaceae,Clathrotropis brachypetala,(Tul.) Kleinh.,Venezuela (Bolivarian Republic of)
Fabaceae,Clathrotropis brunnea,Amshoff,Venezuela (Bolivarian Republic of)
Fabaceae,Clathrotropis glaucophylla,R.S.Cowan,Venezuela (Bolivarian Republic of)
Fabaceae,Clathrotropis macrocarpa,Ducke,Venezuela (Bolivarian Republic of)
Fabaceae,Clathrotropis nitida,(Benth.) Harms,Venezuela (Bolivarian Republic of)
Fabaceae,Clitoria arborea,Benth.,Venezuela (Bolivarian Republic of)
Fabaceae,Clitoria arborescens,R.Br.,Venezuela (Bolivarian Republic of)
Fabaceae,Clitoria dendrina,Pittier,Venezuela (Bolivarian Republic of)
Fabaceae,Clitoria glaberrima,Pittier,Venezuela (Bolivarian Republic of)
Fabaceae,Copaifera camibar,"Poveda, N.Zamora & P.E.Sánchez",Venezuela (Bolivarian Republic of)
Fabaceae,Copaifera epunctata,Amshoff,Venezuela (Bolivarian Republic of)
Fabaceae,Copaifera officinalis,L.,Venezuela (Bolivarian Republic of)
Fabaceae,Copaifera pubiflora,Benth.,Venezuela (Bolivarian Republic of)
Fabaceae,Copaifera venezuelana,Harms & Pittier,Venezuela (Bolivarian Republic of)
Fabaceae,Coulteria mollis,Kunth,Venezuela (Bolivarian Republic of)
Fabaceae,Coursetia ferruginea,(Kunth) Lavin,Venezuela (Bolivarian Republic of)
Fabaceae,Crudia aequalis,Ducke,Venezuela (Bolivarian Republic of)
Fabaceae,Crudia glaberrima,(Steud.) J.F.Macbr.,Venezuela (Bolivarian Republic of)
Fabaceae,Crudia oblonga,Benth.,Venezuela (Bolivarian Republic of)
Fabaceae,Crudia spicata,(Aubl.) Forsyth f.,Venezuela (Bolivarian Republic of)
Fabaceae,Cynometra bauhiniifolia,Benth.,Venezuela (Bolivarian Republic of)
Fabaceae,Cynometra cuneata,Tul.,Venezuela (Bolivarian Republic of)
Fabaceae,Cynometra marginata,Benth.,Venezuela (Bolivarian Republic of)
Fabaceae,Cynometra parvifolia,Tul.,Venezuela (Bolivarian Republic of)
Fabaceae,Cynometra spruceana,Baill.,Venezuela (Bolivarian Republic of)
Fabaceae,Cynometra steyermarkii,Rados.,Venezuela (Bolivarian Republic of)
Fabaceae,Dalbergia amazonica,(Radlk. ex Köpff) Ducke,Venezuela (Bolivarian Republic of)
Fabaceae,Dalbergia brownei,(Jacq.) Schinz,Venezuela (Bolivarian Republic of)
Fabaceae,Dalbergia ecastaphyllum,(L.) Taub.,Venezuela (Bolivarian Republic of)
Fabaceae,Dalbergia frutescens,(Vell.) Britton,Venezuela (Bolivarian Republic of)
Fabaceae,Dalbergia inundata,Benth.,Venezuela (Bolivarian Republic of)
Fabaceae,Dalbergia revoluta,Ducke,Venezuela (Bolivarian Republic of)
Fabaceae,Dalbergia riedelii,(Benth.) Sandwith,Venezuela (Bolivarian Republic of)
Fabaceae,Dalbergia spruceana,Benth.,Venezuela (Bolivarian Republic of)
Fabaceae,Dalbergia subcymosa,Ducke,Venezuela (Bolivarian Republic of)
Fabaceae,Deguelia amazonica,Killip,Venezuela (Bolivarian Republic of)
Fabaceae,Deguelia picta,(Pittier) R.A.Camargo & A.M.G.Azevedo,Venezuela (Bolivarian Republic of)
Fabaceae,Deguelia scandens,Aubl.,Venezuela (Bolivarian Republic of)
Fabaceae,Deguelia utilis,(A.C.Sm.) A.M.G.Azevedo,Venezuela (Bolivarian Republic of)
Fabaceae,Desmodium cajanifolium,(Kunth) DC.,Venezuela (Bolivarian Republic of)
Fabaceae,Dialium guianense,(Aubl.) Sandwith,Venezuela (Bolivarian Republic of)
Fabaceae,Dicorynia paraensis,Benth.,Venezuela (Bolivarian Republic of)
Fabaceae,Dicymbe bernardii,R.S.Cowan,Venezuela (Bolivarian Republic of)
Fabaceae,Dicymbe corymbosa,Spruce ex Benth.,Venezuela (Bolivarian Republic of)
Fabaceae,Dicymbe duidae,R.S.Cowan,Venezuela (Bolivarian Republic of)
Fabaceae,Dicymbe fraterna,R.S.Cowan,Venezuela (Bolivarian Republic of)
Fabaceae,Dicymbe hymenaea,Barneby,Venezuela (Bolivarian Republic of)
Fabaceae,Dicymbe neblinensis,R.S.Cowan,Venezuela (Bolivarian Republic of)
Fabaceae,Dicymbe pharangophila,R.S.Cowan,Venezuela (Bolivarian Republic of)
Fabaceae,Dicymbe praeruptorum,Barneby,Venezuela (Bolivarian Republic of)
Fabaceae,Dicymbe uaiparuensis,R.S.Cowan,Venezuela (Bolivarian Republic of)
Fabaceae,Dicymbe yutajensis,R.S.Cowan,Venezuela (Bolivarian Republic of)
Fabaceae,Dimorphandra cuprea,Sprague & Sandwith,Venezuela (Bolivarian Republic of)
Fabaceae,Dimorphandra davisii,Sprague & Sandwith,Venezuela (Bolivarian Republic of)
Fabaceae,Dimorphandra dissimilis,R.S.Cowan,Venezuela (Bolivarian Republic of)
Fabaceae,Dimorphandra macrostachya,Benth.,Venezuela (Bolivarian Republic of)
Fabaceae,Dimorphandra pennigera,Tul.,Venezuela (Bolivarian Republic of)
Fabaceae,Dimorphandra polyandra,Benoist,Venezuela (Bolivarian Republic of)
Fabaceae,Dimorphandra unijuga,Tul.,Venezuela (Bolivarian Republic of)
Fabaceae,Dimorphandra vernicosa,Spruce ex Benth. & Hook.f.,Venezuela (Bolivarian Republic of)
Fabaceae,Diphysa carthagenensis,Jacq.,Venezuela (Bolivarian Republic of)
Fabaceae,Diplotropis brasiliensis,(Tul.) Benth.,Venezuela (Bolivarian Republic of)
Fabaceae,Diplotropis martiusii,Benth.,Venezuela (Bolivarian Republic of)
Fabaceae,Diplotropis peruviana,J.F.Macbr.,Venezuela (Bolivarian Republic of)
Fabaceae,Diplotropis purpurea,(Rich.) Amshoff,Venezuela (Bolivarian Republic of)
Fabaceae,Diplotropis strigulosa,R.S.Cowan,Venezuela (Bolivarian Republic of)
Fabaceae,Dipteryx magnifica,(Ducke) Ducke,Venezuela (Bolivarian Republic of)
Fabaceae,Dipteryx odorata,(Aubl.) Willd.,Venezuela (Bolivarian Republic of)
Fabaceae,Dipteryx punctata,(S.F.Blake) Amshoff,Venezuela (Bolivarian Republic of)
Fabaceae,Dipteryx rosea,Spruce ex Benth.,Venezuela (Bolivarian Republic of)
Fabaceae,Dussia coriacea,Pierce,Venezuela (Bolivarian Republic of)
Fabaceae,Dussia martinicensis,Krug & Urb.,Venezuela (Bolivarian Republic of)
Fabaceae,Elizabetha leiogyne,Ducke,Venezuela (Bolivarian Republic of)
Fabaceae,Elizabetha princeps,M.R.Schomb. ex Benth.,Venezuela (Bolivarian Republic of)
Fabaceae,Enterolobium barinense,L.Cardenas & H.Rodr.-Carr.,Venezuela (Bolivarian Republic of)
Fabaceae,Enterolobium barnebianum,Mesquita & M.F.Silva,Venezuela (Bolivarian Republic of)
Fabaceae,Enterolobium cyclocarpum,(Jacq.) Griseb.,Venezuela (Bolivarian Republic of)
Fabaceae,Enterolobium schomburgkii,(Benth.) Benth.,Venezuela (Bolivarian Republic of)
Fabaceae,Eperua falcata,Aubl.,Venezuela (Bolivarian Republic of)
Fabaceae,Eperua jenmanii,Oliv.,Venezuela (Bolivarian Republic of)
Fabaceae,Eperua leucantha,Benth.,Venezuela (Bolivarian Republic of)
Fabaceae,Eperua obtusata,R.S.Cowan,Venezuela (Bolivarian Republic of)
Fabaceae,Eperua purpurea,Benth.,Venezuela (Bolivarian Republic of)
Fabaceae,Eperua venosa,R.S.Cowan,Venezuela (Bolivarian Republic of)
Fabaceae,Eriosema violaceum,(Aubl.) G.Don,Venezuela (Bolivarian Republic of)
Fabaceae,Erythrina amazonica,Krukoff,Venezuela (Bolivarian Republic of)
Fabaceae,Erythrina berteroana,Urb.,Venezuela (Bolivarian Republic of)
Fabaceae,Erythrina cochleata,Standl.,Venezuela (Bolivarian Republic of)
Fabaceae,Erythrina edulis,Triana ex Micheli,Venezuela (Bolivarian Republic of)
Fabaceae,Erythrina fusca,Lour.,Venezuela (Bolivarian Republic of)
Fabaceae,Erythrina mitis,Jacq.,Venezuela (Bolivarian Republic of)
Fabaceae,Erythrina pallida,Britton & Rose,Venezuela (Bolivarian Republic of)
Fabaceae,Erythrina poeppigiana,(Walp.) O.F.Cook,Venezuela (Bolivarian Republic of)
Fabaceae,Erythrina rubrinervia,Kunth,Venezuela (Bolivarian Republic of)
Fabaceae,Erythrina velutina,Willd.,Venezuela (Bolivarian Republic of)
Fabaceae,Fissicalyx fendleri,Benth.,Venezuela (Bolivarian Republic of)
Fabaceae,Geoffroea spinosa,Jacq.,Venezuela (Bolivarian Republic of)
Fabaceae,Gwilymia polystachya,"(Miq.) A.G.Lima, Paula-Souza & Scalon",Venezuela (Bolivarian Republic of)
Fabaceae,Haematoxylum brasiletto,H.Karst.,Venezuela (Bolivarian Republic of)
Fabaceae,Heterostemon conjugatus,Spruce ex Benth.,Venezuela (Bolivarian Republic of)
Fabaceae,Heterostemon ellipticus,Mart. ex Benth.,Venezuela (Bolivarian Republic of)
Fabaceae,Heterostemon impar,Spruce ex Benth.,Venezuela (Bolivarian Republic of)
Fabaceae,Heterostemon mimosoides,Desf.,Venezuela (Bolivarian Republic of)
Fabaceae,Hydrochorea corymbosa,(Rich.) Barneby & J.W.Grimes,Venezuela (Bolivarian Republic of)
Fabaceae,Hydrochorea gonggrijpii,(Kleinhoonte) Barneby & J.W.Grimes,Venezuela (Bolivarian Republic of)
Fabaceae,Hydrochorea marginata,(Spruce ex Benth.) Barneby & J.W.Grimes,Venezuela (Bolivarian Republic of)
Fabaceae,Hydrochorea panurensis,"(Spruce ex Benth.) M.V.B.Soares, M.P.Morim & Iganci",Venezuela (Bolivarian Republic of)
Fabaceae,Hydrochorea pedicellaris,"(DC.) M.V.B.Soares, Iganci & M.P.Morim",Venezuela (Bolivarian Republic of)
Fabaceae,Hymenaea courbaril,L.,Venezuela (Bolivarian Republic of)
Fabaceae,Hymenaea intermedia,Ducke,Venezuela (Bolivarian Republic of)
Fabaceae,Hymenaea oblongifolia,Huber,Venezuela (Bolivarian Republic of)
Fabaceae,Hymenaea parvifolia,Huber,Venezuela (Bolivarian Republic of)
Fabaceae,Hymenaea stigonocarpa,Mart. ex Hayne,Venezuela (Bolivarian Republic of)
Fabaceae,Hymenolobium elatum,Ducke,Venezuela (Bolivarian Republic of)
Fabaceae,Hymenolobium heterocarpum,Ducke,Venezuela (Bolivarian Republic of)
Fabaceae,Hymenolobium petraeum,Ducke,Venezuela (Bolivarian Republic of)
Fabaceae,Inga acreana,Harms,Venezuela (Bolivarian Republic of)
Fabaceae,Inga acrocephala,Steud.,Venezuela (Bolivarian Republic of)
Fabaceae,Inga acuminata,Benth.,Venezuela (Bolivarian Republic of)
Fabaceae,Inga affinis,DC.,Venezuela (Bolivarian Republic of)
Fabaceae,Inga alba,(Sw.) Willd.,Venezuela (Bolivarian Republic of)
Fabaceae,Inga auristellae,Harms,Venezuela (Bolivarian Republic of)
Fabaceae,Inga bijuga,Schery,Venezuela (Bolivarian Republic of)
Fabaceae,Inga bourgoni,(Aubl.) DC.,Venezuela (Bolivarian Republic of)
Fabaceae,Inga capitata,Desv.,Venezuela (Bolivarian Republic of)
Fabaceae,Inga cardozana,L.Cardenas,Venezuela (Bolivarian Republic of)
Fabaceae,Inga cayennensis,Sagot ex Benth.,Venezuela (Bolivarian Republic of)
Fabaceae,Inga cinnamomea,Spruce ex Benth.,Venezuela (Bolivarian Republic of)
Fabaceae,Inga cocleensis,Pittier,Venezuela (Bolivarian Republic of)
Fabaceae,Inga coruscans,Humb. & Bonpl. ex Willd.,Venezuela (Bolivarian Republic of)
Fabaceae,Inga densiflora,Benth.,Venezuela (Bolivarian Republic of)
Fabaceae,Inga edulis,Mart.,Venezuela (Bolivarian Republic of)
Fabaceae,Inga fastuosa,(Jacq.) Willd.,Venezuela (Bolivarian Republic of)
Fabaceae,Inga fendleriana,Benth.,Venezuela (Bolivarian Republic of)
Fabaceae,Inga gracilifolia,Ducke,Venezuela (Bolivarian Republic of)
Fabaceae,Inga heterophylla,Willd.,Venezuela (Bolivarian Republic of)
Fabaceae,Inga huberi,Ducke,Venezuela (Bolivarian Republic of)
Fabaceae,Inga inflata,Ducke,Venezuela (Bolivarian Republic of)
Fabaceae,Inga ingoides,(Rich.) Willd.,Venezuela (Bolivarian Republic of)
Fabaceae,Inga interrupta,L.Cardenas & De Martino,Venezuela (Bolivarian Republic of)
Fabaceae,Inga lateriflora,Miq.,Venezuela (Bolivarian Republic of)
Fabaceae,Inga laurina,(Sw.) Willd.,Venezuela (Bolivarian Republic of)
Fabaceae,Inga leiocalycina,Benth.,Venezuela (Bolivarian Republic of)
Fabaceae,Inga lomatophylla,(Benth.) Pittier,Venezuela (Bolivarian Republic of)
Fabaceae,Inga macrantha,J.R.Johnst.,Venezuela (Bolivarian Republic of)
Fabaceae,Inga macrophylla,Humb. & Bonpl. ex Willd.,Venezuela (Bolivarian Republic of)
Fabaceae,Inga marginata,Willd.,Venezuela (Bolivarian Republic of)
Fabaceae,Inga micradenia,Spruce ex Benth.,Venezuela (Bolivarian Republic of)
Fabaceae,Inga multijuga,Benth.,Venezuela (Bolivarian Republic of)
Fabaceae,Inga neblinensis,L.Cardenas & De Martino,Venezuela (Bolivarian Republic of)
Fabaceae,Inga nobilis,Willd.,Venezuela (Bolivarian Republic of)
Fabaceae,Inga oerstediana,Benth.,Venezuela (Bolivarian Republic of)
Fabaceae,Inga ornata,Kunth,Venezuela (Bolivarian Republic of)
Fabaceae,Inga paraensis,Ducke,Venezuela (Bolivarian Republic of)
Fabaceae,Inga pezizifera,Benth.,Venezuela (Bolivarian Republic of)
Fabaceae,Inga pilosula,(Rich.) J.F.Macbr.,Venezuela (Bolivarian Republic of)
Fabaceae,Inga punctata,Willd.,Venezuela (Bolivarian Republic of)
Fabaceae,Inga rubiginosa,(Rich.) DC.,Venezuela (Bolivarian Republic of)
Fabaceae,Inga sapindoides,Willd.,Venezuela (Bolivarian Republic of)
Fabaceae,Inga sertulifera,DC.,Venezuela (Bolivarian Republic of)
Fabaceae,Inga sierrae,Britton & Killip,Venezuela (Bolivarian Republic of)
Fabaceae,Inga spectabilis,(Vahl) Willd.,Venezuela (Bolivarian Republic of)
Fabaceae,Inga splendens,Willd.,Venezuela (Bolivarian Republic of)
Fabaceae,Inga stenoptera,Benth.,Venezuela (Bolivarian Republic of)
Fabaceae,Inga stipularis,DC.,Venezuela (Bolivarian Republic of)
Fabaceae,Inga thibaudiana,DC.,Venezuela (Bolivarian Republic of)
Fabaceae,Inga ulei,Harms,Venezuela (Bolivarian Republic of)
Fabaceae,Inga umbellifera,(Vahl) Steud. ex DC.,Venezuela (Bolivarian Republic of)
Fabaceae,Inga umbratica,Poepp.,Venezuela (Bolivarian Republic of)
Fabaceae,Inga vera,Willd.,Venezuela (Bolivarian Republic of)
Fabaceae,Inga villosissima,Benth.,Venezuela (Bolivarian Republic of)
Fabaceae,Jacqueshuberia pustulata,Stergios & P.E.Berry,Venezuela (Bolivarian Republic of)
Fabaceae,Jacqueshuberia splendens,Stergios & P.E.Berry,Venezuela (Bolivarian Republic of)
Fabaceae,Jupunba adenophora,"(Ducke) M.V.B.Soares, M.P.Morim & Iganci",Venezuela (Bolivarian Republic of)
Fabaceae,Jupunba barbouriana,"(Standl.) M.V.B.Soares, M.P.Morim & Iganci",Venezuela (Bolivarian Republic of)
Fabaceae,Jupunba commutata,"(Barneby & J.W.Grimes) M.V.B.Soares, M.P.Morim & Iganci",Venezuela (Bolivarian Republic of)
Fabaceae,Jupunba ferruginea,"(Benth.) M.V.B.Soares, M.P.Morim & Iganci",Venezuela (Bolivarian Republic of)
Fabaceae,Jupunba floribunda,"(Spruce ex Benth.) M.V.B.Soares, M.P.Morim & Iganci",Venezuela (Bolivarian Republic of)
Fabaceae,Jupunba laeta,"(Benth.) M.V.B.Soares, M.P.Morim & Iganci",Venezuela (Bolivarian Republic of)
Fabaceae,Jupunba leucophylla,"(Spruce ex Benth.) M.V.B.Soares, M.P.Morim & Iganci",Venezuela (Bolivarian Republic of)
Fabaceae,Jupunba longipedunculata,"(H.S.Irwin) M.V.B.Soares, M.P.Morim & Iganci",Venezuela (Bolivarian Republic of)
Fabaceae,Jupunba microcalyx,"(Spruce ex Benth.) M.V.B.Soares, M.P.Morim & Iganci",Venezuela (Bolivarian Republic of)
Fabaceae,Jupunba trapezifolia,"(Benth.) M.V.B.Soares, M.P.Morim & Iganci",Venezuela (Bolivarian Republic of)
Fabaceae,Jupunba villifera,"(Ducke) M.V.B.Soares, M.P.Morim & Iganci",Venezuela (Bolivarian Republic of)
Fabaceae,Lachesiodendron viridiflorum,"(Kunth) P.G.Ribeiro, L.P.Queiroz & Luckow",Venezuela (Bolivarian Republic of)
Fabaceae,Lecointea amazonica,Ducke,Venezuela (Bolivarian Republic of)
Fabaceae,Lecointea marcano-bertii,Barneby,Venezuela (Bolivarian Republic of)
Fabaceae,Leptolobium nitens,Vogel,Venezuela (Bolivarian Republic of)
Fabaceae,Leptolobium panamense,(Benth.) Sch.Rodr. & A.M.G.Azevedo,Venezuela (Bolivarian Republic of)
Fabaceae,Leptolobium stirtonii,(Aymard & V.González) Sch.Rodr. & A.M.G.Azevedo,Venezuela (Bolivarian Republic of)
Fabaceae,Leucaena trichodes,(Jacq.) Benth.,Venezuela (Bolivarian Republic of)
Fabaceae,Libidibia coriaria,(Jacq.) Schltdl.,Venezuela (Bolivarian Republic of)
Fabaceae,Libidibia punctata,(Willd.) Britton,Venezuela (Bolivarian Republic of)
Fabaceae,Limadendron amazonicum,(Ducke) Meireles & A.M.G.Azevedo,Venezuela (Bolivarian Republic of)
Fabaceae,Lonchocarpus aequatorialis,M.Sousa,Venezuela (Bolivarian Republic of)
Fabaceae,Lonchocarpus alternifoliolatus,M.Sousa,Venezuela (Bolivarian Republic of)
Fabaceae,Lonchocarpus atropurpureus,Benth.,Venezuela (Bolivarian Republic of)
Fabaceae,Lonchocarpus crassispermus,Poppend.,Venezuela (Bolivarian Republic of)
Fabaceae,Lonchocarpus hedyosmus,Miq.,Venezuela (Bolivarian Republic of)
Fabaceae,Lonchocarpus heptaphyllus,(Poir.) DC.,Venezuela (Bolivarian Republic of)
Fabaceae,Lonchocarpus imatacensis,Poppend.,Venezuela (Bolivarian Republic of)
Fabaceae,Lonchocarpus larensis,Pittier,Venezuela (Bolivarian Republic of)
Fabaceae,Lonchocarpus pubescens,(Willd.) DC.,Venezuela (Bolivarian Republic of)
Fabaceae,Lonchocarpus punctatus,Kunth,Venezuela (Bolivarian Republic of)
Fabaceae,Lonchocarpus sericeus,(Poir.) Kunth ex DC.,Venezuela (Bolivarian Republic of)
Fabaceae,Lonchocarpus stenurus,Pittier,Venezuela (Bolivarian Republic of)
Fabaceae,Lonchocarpus velutinus,Benth.,Venezuela (Bolivarian Republic of)
Fabaceae,Lonchocarpus violaceus,(Jacq.) Kunth ex DC.,Venezuela (Bolivarian Republic of)
Fabaceae,Machaerium acutifolium,Vogel,Venezuela (Bolivarian Republic of)
Fabaceae,Machaerium altiscandens,Ducke,Venezuela (Bolivarian Republic of)
Fabaceae,Machaerium amazonense,Hoehne,Venezuela (Bolivarian Republic of)
Fabaceae,Machaerium arboreum,(Jacq.) Vogel,Venezuela (Bolivarian Republic of)
Fabaceae,Machaerium aristulatum,(Spruce ex Benth.) Ducke,Venezuela (Bolivarian Republic of)
Fabaceae,Machaerium biovulatum,Micheli,Venezuela (Bolivarian Republic of)
Fabaceae,Machaerium capote,Triana ex Dugand,Venezuela (Bolivarian Republic of)
Fabaceae,Machaerium cultratum,Pittier,Venezuela (Bolivarian Republic of)
Fabaceae,Machaerium dubium,(Kunth) Rudd,Venezuela (Bolivarian Republic of)
Fabaceae,Machaerium ferox,(Mart. ex Benth.) Ducke,Venezuela (Bolivarian Republic of)
Fabaceae,Machaerium floribundum,Benth.,Venezuela (Bolivarian Republic of)
Fabaceae,Machaerium grandifolium,Pittier,Venezuela (Bolivarian Republic of)
Fabaceae,Machaerium guaremalense,Pittier,Venezuela (Bolivarian Republic of)
Fabaceae,Machaerium hirtum,(Vell.) Stellfeld,Venezuela (Bolivarian Republic of)
Fabaceae,Machaerium humboldtianum,Vogel,Venezuela (Bolivarian Republic of)
Fabaceae,Machaerium inundatum,(Mart. ex Benth.) Ducke,Venezuela (Bolivarian Republic of)
Fabaceae,Machaerium kegelii,Meisn.,Venezuela (Bolivarian Republic of)
Fabaceae,Machaerium latialatum,Pittier,Venezuela (Bolivarian Republic of)
Fabaceae,Machaerium leiophyllum,(DC.) Benth.,Venezuela (Bolivarian Republic of)
Fabaceae,Machaerium lunatum,(L.f.) Ducke,Venezuela (Bolivarian Republic of)
Fabaceae,Machaerium macrophyllum,Benth.,Venezuela (Bolivarian Republic of)
Fabaceae,Machaerium madeirense,Pittier,Venezuela (Bolivarian Republic of)
Fabaceae,Machaerium microphyllum,(E.Mey.) Standl.,Venezuela (Bolivarian Republic of)
Fabaceae,Machaerium moritzianum,Benth.,Venezuela (Bolivarian Republic of)
Fabaceae,Machaerium multifoliolatum,Ducke,Venezuela (Bolivarian Republic of)
Fabaceae,Machaerium myrianthum,Spruce ex Benth.,Venezuela (Bolivarian Republic of)
Fabaceae,Machaerium orthocarpum,Pittier,Venezuela (Bolivarian Republic of)
Fabaceae,Machaerium paraense,Ducke,Venezuela (Bolivarian Republic of)
Fabaceae,Machaerium quinata,(Aubl.) Sandwith,Venezuela (Bolivarian Republic of)
Fabaceae,Machaerium seemannii,Benth. ex Seem.,Venezuela (Bolivarian Republic of)
Fabaceae,Machaerium striatum,J.R.Johnst.,Venezuela (Bolivarian Republic of)
Fabaceae,Machaerium tovarense,Pittier,Venezuela (Bolivarian Republic of)
Fabaceae,Machaerium truxillense,Pittier,Venezuela (Bolivarian Republic of)
Fabaceae,Macrolobium acaciifolium,(Benth.) Benth.,Venezuela (Bolivarian Republic of)
Fabaceae,Macrolobium acrothamnos,R.S.Cowan,Venezuela (Bolivarian Republic of)
Fabaceae,Macrolobium amplexans,(Amshoff) R.S.Cowan,Venezuela (Bolivarian Republic of)
Fabaceae,Macrolobium angustifolium,(Benth.) R.S.Cowan,Venezuela (Bolivarian Republic of)
Fabaceae,Macrolobium anomalum,R.S.Cowan,Venezuela (Bolivarian Republic of)
Fabaceae,Macrolobium bifolium,(Aubl.) Pers.,Venezuela (Bolivarian Republic of)
Fabaceae,Macrolobium canaliculatum,Spruce ex Benth.,Venezuela (Bolivarian Republic of)
Fabaceae,Macrolobium cataractarum,R.S.Cowan,Venezuela (Bolivarian Republic of)
Fabaceae,Macrolobium discolor,Benth.,Venezuela (Bolivarian Republic of)
Fabaceae,Macrolobium exfoliatum,R.S.Cowan,Venezuela (Bolivarian Republic of)
Fabaceae,Macrolobium flexuosum,Spruce ex Benth.,Venezuela (Bolivarian Republic of)
Fabaceae,Macrolobium floridum,H.Karst.,Venezuela (Bolivarian Republic of)
Fabaceae,Macrolobium gracile,Spruce ex Benth.,Venezuela (Bolivarian Republic of)
Fabaceae,Macrolobium limbatum,Spruce ex Benth.,Venezuela (Bolivarian Republic of)
Fabaceae,Macrolobium longeracemosum,Amshoff,Venezuela (Bolivarian Republic of)
Fabaceae,Macrolobium longipes,R.S.Cowan,Venezuela (Bolivarian Republic of)
Fabaceae,Macrolobium microcalyx,Ducke,Venezuela (Bolivarian Republic of)
Fabaceae,Macrolobium molle,(Benth.) R.S.Cowan,Venezuela (Bolivarian Republic of)
Fabaceae,Macrolobium multijugum,(DC.) Benth.,Venezuela (Bolivarian Republic of)
Fabaceae,Macrolobium obtusum,Pittier,Venezuela (Bolivarian Republic of)
Fabaceae,Macrolobium prancei,R.S. Cowan,Venezuela (Bolivarian Republic of)
Fabaceae,Macrolobium punctatum,Spruce ex Benth.,Venezuela (Bolivarian Republic of)
Fabaceae,Macrolobium rubrum,R.S.Cowan,Venezuela (Bolivarian Republic of)
Fabaceae,Macrolobium schinifolium,R.S.Cowan,Venezuela (Bolivarian Republic of)
Fabaceae,Macrolobium spectabile,R.S.Cowan,Venezuela (Bolivarian Republic of)
Fabaceae,Macrolobium stenopetalum,Amshoff,Venezuela (Bolivarian Republic of)
Fabaceae,Macrolobium steyermarkii,R.S.Cowan,Venezuela (Bolivarian Republic of)
Fabaceae,Macrolobium suaveolens,Spruce ex Benth.,Venezuela (Bolivarian Republic of)
Fabaceae,Macrolobium taxifolium,Spruce ex Benth.,Venezuela (Bolivarian Republic of)
Fabaceae,Macrolobium unifoliolatum,R.S.Cowan,Venezuela (Bolivarian Republic of)
Fabaceae,Macrolobium venulosum,Benth.,Venezuela (Bolivarian Republic of)
Fabaceae,Macrolobium wurdackii,R.S.Cowan,Venezuela (Bolivarian Republic of)
Fabaceae,Macrosamanea amplissima,(Ducke) Barneby & J.W.Grimes,Venezuela (Bolivarian Republic of)
Fabaceae,Macrosamanea consanguinea,(R.S.Cowan) Barneby & J.W.Grimes,Venezuela (Bolivarian Republic of)
Fabaceae,Macrosamanea discolor,(Humb. & Bonpl. ex Willd.) Britton & Rose,Venezuela (Bolivarian Republic of)
Fabaceae,Macrosamanea froesii,Barneby & J.W.Grimes,Venezuela (Bolivarian Republic of)
Fabaceae,Macrosamanea simabifolia,(Spruce ex Benth.) Pittier,Venezuela (Bolivarian Republic of)
Fabaceae,Macrosamanea spruceana,(Benth.) Killip ex Record,Venezuela (Bolivarian Republic of)
Fabaceae,Martiodendron elatum,(Ducke) Gleason,Venezuela (Bolivarian Republic of)
Fabaceae,Martiodendron excelsum,(Benth.) Gleason,Venezuela (Bolivarian Republic of)
Fabaceae,Mimosa arenosa,(Willd.) Poir.,Venezuela (Bolivarian Republic of)
Fabaceae,Mimosa hexandra,Micheli,Venezuela (Bolivarian Republic of)
Fabaceae,Mimosa rufescens,Benth.,Venezuela (Bolivarian Republic of)
Fabaceae,Mimosa schomburgkii,Benth.,Venezuela (Bolivarian Republic of)
Fabaceae,Mimosa tenuiflora,(Willd.) Poir.,Venezuela (Bolivarian Republic of)
Fabaceae,Monopteryx angustifolia,Spruce ex Benth.,Venezuela (Bolivarian Republic of)
Fabaceae,Monopteryx inpae,W.A.Rodrigues,Venezuela (Bolivarian Republic of)
Fabaceae,Monopteryx uaucu,Spruce ex Benth.,Venezuela (Bolivarian Republic of)
Fabaceae,Mora excelsa,Benth.,Venezuela (Bolivarian Republic of)
Fabaceae,Mora gonggrijpii,(Kleinhoonte) Sandwith,Venezuela (Bolivarian Republic of)
Fabaceae,Muellera broadwayi,(Urb.) M.Sousa,Venezuela (Bolivarian Republic of)
Fabaceae,Muellera crucisrubierae,(Pittier) M.Sousa,Venezuela (Bolivarian Republic of)
Fabaceae,Muellera fendleri,(Benth.) M.J.Silva & A.M.G.Azevedo,Venezuela (Bolivarian Republic of)
Fabaceae,Muellera frutescens,(Aubl.) Standl.,Venezuela (Bolivarian Republic of)
Fabaceae,Muellera lutea,(J.R.Johnst.) M.J.Silva & A.M.G.Azevedo,Venezuela (Bolivarian Republic of)
Fabaceae,Muellera lutescens,(Pittier) M.J.Silva & A.M.G.Azevedo,Venezuela (Bolivarian Republic of)
Fabaceae,Muellera tubicalyx,(Pittier ex Poppendieck) M.J. Silva & A.M.G. Azevedo,Venezuela (Bolivarian Republic of)
Fabaceae,Myrocarpus venezuelensis,Rudd,Venezuela (Bolivarian Republic of)
Fabaceae,Myrospermum frutescens,Jacq.,Venezuela (Bolivarian Republic of)
Fabaceae,Neltuma juliflora,(Sw.) Raf.,Venezuela (Bolivarian Republic of)
Fabaceae,Ormosia amazonica,Ducke,Venezuela (Bolivarian Republic of)
Fabaceae,Ormosia bolivarensis,(Rudd) C.H.Stirt.,Venezuela (Bolivarian Republic of)
Fabaceae,Ormosia coarctata,Jacks.,Venezuela (Bolivarian Republic of)
Fabaceae,Ormosia coccinea,(Aubl.) Jacks.,Venezuela (Bolivarian Republic of)
Fabaceae,Ormosia costulata,(Miq.) Kleinhoonte,Venezuela (Bolivarian Republic of)
Fabaceae,Ormosia discolor,Spruce ex Benth.,Venezuela (Bolivarian Republic of)
Fabaceae,Ormosia grandiflora,(Tul.) Rudd,Venezuela (Bolivarian Republic of)
Fabaceae,Ormosia holerythra,Ducke,Venezuela (Bolivarian Republic of)
Fabaceae,Ormosia lignivalvis,Rudd,Venezuela (Bolivarian Republic of)
Fabaceae,Ormosia macrocalyx,Ducke,Venezuela (Bolivarian Republic of)
Fabaceae,Ormosia macrophylla,Benth.,Venezuela (Bolivarian Republic of)
Fabaceae,Ormosia maguireorum,Rudd,Venezuela (Bolivarian Republic of)
Fabaceae,Ormosia monosperma,(Sw.) Urb.,Venezuela (Bolivarian Republic of)
Fabaceae,Ormosia nobilis,Tul.,Venezuela (Bolivarian Republic of)
Fabaceae,Ormosia paraensis,Ducke,Venezuela (Bolivarian Republic of)
Fabaceae,Ormosia steyermarkii,Rudd,Venezuela (Bolivarian Republic of)
Fabaceae,Ormosia subsessilis,Pittier,Venezuela (Bolivarian Republic of)
Fabaceae,Ormosia subsimplex,Spruce ex Benth.,Venezuela (Bolivarian Republic of)
Fabaceae,Ormosia tovarensis,Pittier,Venezuela (Bolivarian Republic of)
Fabaceae,Ormosia venezolana,Rudd,Venezuela (Bolivarian Republic of)
Fabaceae,Ormosia williamsii,Rudd,Venezuela (Bolivarian Republic of)
Fabaceae,Parkia barnebyana,H.C.Hopkins,Venezuela (Bolivarian Republic of)
Fabaceae,Parkia discolor,Spruce ex Benth.,Venezuela (Bolivarian Republic of)
Fabaceae,Parkia igneiflora,Ducke,Venezuela (Bolivarian Republic of)
Fabaceae,Parkia nitida,Miq.,Venezuela (Bolivarian Republic of)
Fabaceae,Parkia panurensis,Benth. ex H.C.Hopkins,Venezuela (Bolivarian Republic of)
Fabaceae,Parkia pendula,(Willd.) Benth. ex Walp.,Venezuela (Bolivarian Republic of)
Fabaceae,Parkia truncata,R.S.Cowan,Venezuela (Bolivarian Republic of)
Fabaceae,Parkia ulei,(Harms) Kuhlm.,Venezuela (Bolivarian Republic of)
Fabaceae,Parkia velutina,Benoist,Venezuela (Bolivarian Republic of)
Fabaceae,Parkinsonia aculeata,L.,Venezuela (Bolivarian Republic of)
Fabaceae,Parkinsonia praecox,(Ruiz & Pav.) Hawkins,Venezuela (Bolivarian Republic of)
Fabaceae,Peltogyne floribunda,(Kunth) Pittier,Venezuela (Bolivarian Republic of)
Fabaceae,Peltogyne paniculata,Benth.,Venezuela (Bolivarian Republic of)
Fabaceae,Peltogyne parvifolia,Spruce ex Benth.,Venezuela (Bolivarian Republic of)
Fabaceae,Peltogyne venosa,(Vahl) Benth.,Venezuela (Bolivarian Republic of)
Fabaceae,Peltophorum dubium,(Spreng.) Taub.,Venezuela (Bolivarian Republic of)
Fabaceae,Peltophorum venezuelense,"L.Cardenas, Rodr.-Rodr. & Varela",Venezuela (Bolivarian Republic of)
Fabaceae,Pentaclethra macroloba,(Willd.) Kuntze,Venezuela (Bolivarian Republic of)
Fabaceae,Piptadenia robusta,Pittier,Venezuela (Bolivarian Republic of)
Fabaceae,Piscidia carthagenensis,Jacq.,Venezuela (Bolivarian Republic of)
Fabaceae,Piscidia piscipula,(L.) Sarg.,Venezuela (Bolivarian Republic of)
Fabaceae,Pithecellobium dulce,(Roxb.) Benth.,Venezuela (Bolivarian Republic of)
Fabaceae,Pithecellobium hymenaeifolium,(Humb. & Bonpl. ex Willd.) Benth.,Venezuela (Bolivarian Republic of)
Fabaceae,Pithecellobium lanceolatum,(Humb. & Bonpl. ex Willd.) Benth.,Venezuela (Bolivarian Republic of)
Fabaceae,Pithecellobium roseum,(Vahl) Barneby & J.W.Grimes,Venezuela (Bolivarian Republic of)
Fabaceae,Pithecellobium subglobosum,Pittier,Venezuela (Bolivarian Republic of)
Fabaceae,Pithecellobium unguis-cati,(L.) Mart.,Venezuela (Bolivarian Republic of)
Fabaceae,Pityrocarpa leucoxylon,(Barneby & J.W.Grimes) Luckow & R.W.Jobson,Venezuela (Bolivarian Republic of)
Fabaceae,Pityrocarpa obliqua,(Pers.) Brenan,Venezuela (Bolivarian Republic of)
Fabaceae,Platymiscium pinnatum,(Jacq.) Dugand,Venezuela (Bolivarian Republic of)
Fabaceae,Platymiscium trinitatis,Benth.,Venezuela (Bolivarian Republic of)
Fabaceae,Platypodium elegans,Vogel,Venezuela (Bolivarian Republic of)
Fabaceae,Poecilanthe hostmannii,(Benth.) Amshoff,Venezuela (Bolivarian Republic of)
Fabaceae,Poeppigia procera,(Poepp. ex Spreng.) C.Presl,Venezuela (Bolivarian Republic of)
Fabaceae,Pseudalbizzia barinensis,(L.Cárdenas) E.J.M.Koenen & Duno,Venezuela (Bolivarian Republic of)
Fabaceae,Pseudalbizzia buntingii,(Barneby & J.W.Grimes) E.J.M.Koenen & Duno,Venezuela (Bolivarian Republic of)
Fabaceae,Pseudalbizzia glabripetala,(H.S.Irwin) E.J.M.Koenen & Duno,Venezuela (Bolivarian Republic of)
Fabaceae,Pseudalbizzia niopoides,(Spruce ex Benth.) E.J.M.Koenen & Duno,Venezuela (Bolivarian Republic of)
Fabaceae,Pseudalbizzia pistaciifolia,(Willd.) E.J.M.Koenen & Duno,Venezuela (Bolivarian Republic of)
Fabaceae,Pseudalbizzia subdimidiata,(Splitg.) E.J.M.Koenen & Duno,Venezuela (Bolivarian Republic of)
Fabaceae,Pseudopiptadenia pittieri,(Harms) G.P.Lewis,Venezuela (Bolivarian Republic of)
Fabaceae,Pseudopiptadenia psilostachya,(DC.) G.P.Lewis & M.P.Lima,Venezuela (Bolivarian Republic of)
Fabaceae,Pseudopiptadenia suaveolens,(Miq.) J.W.Grimes,Venezuela (Bolivarian Republic of)
Fabaceae,Pterocarpus acapulcensis,Rose,Venezuela (Bolivarian Republic of)
Fabaceae,Pterocarpus amazonum,(Mart. ex Benth.) Amshoff,Venezuela (Bolivarian Republic of)
Fabaceae,Pterocarpus dubius,(Kunth) Spreng.,Venezuela (Bolivarian Republic of)
Fabaceae,Pterocarpus officinalis,Jacq.,Venezuela (Bolivarian Republic of)
Fabaceae,Pterocarpus rohrii,Vahl,Venezuela (Bolivarian Republic of)
Fabaceae,Pterocarpus santalinoides,L'Hér. ex DC.,Venezuela (Bolivarian Republic of)
Fabaceae,Recordoxylon pulcherrimum,Barneby,Venezuela (Bolivarian Republic of)
Fabaceae,Samanea inopinata,(Harms) Barneby & J.W.Grimes,Venezuela (Bolivarian Republic of)
Fabaceae,Samanea saman,(Jacq.) Merr.,Venezuela (Bolivarian Republic of)
Fabaceae,Schizolobium parahyba,(Vell.) S.F.Blake,Venezuela (Bolivarian Republic of)
Fabaceae,Senegalia guarensis,(L.Cárdenas & F.García) Seigler & Ebinger,Venezuela (Bolivarian Republic of)
Fabaceae,Senegalia polyphylla,(DC.) Britton & Rose,Venezuela (Bolivarian Republic of)
Fabaceae,Senegalia riparia,(Kunth) Britton & Rose,Venezuela (Bolivarian Republic of)
Fabaceae,Senegalia rostrata,(Humb. & Bonpl. ex Willd.) Seigler & Ebinger,Venezuela (Bolivarian Republic of)
Fabaceae,Senegalia tamarindifolia,(L.) Britton & Rose,Venezuela (Bolivarian Republic of)
Fabaceae,Senegalia tenuifolia,(L.) Britton & Rose,Venezuela (Bolivarian Republic of)
Fabaceae,Senna alata,(L.) Roxb.,Venezuela (Bolivarian Republic of)
Fabaceae,Senna aristeguietae,H.S.Irwin & Barneby,Venezuela (Bolivarian Republic of)
Fabaceae,Senna atomaria,(L.) H.S.Irwin & Barneby,Venezuela (Bolivarian Republic of)
Fabaceae,Senna bacillaris,(L.f.) H.S.Irwin & Barneby,Venezuela (Bolivarian Republic of)
Fabaceae,Senna hayesiana,(Britton & Rose) H.S.Irwin & Barneby,Venezuela (Bolivarian Republic of)
Fabaceae,Senna latifolia,(G.Mey.) H.S.Irwin & Barneby,Venezuela (Bolivarian Republic of)
Fabaceae,Senna macranthera,(DC. ex Collad.) H.S.Irwin & Barneby,Venezuela (Bolivarian Republic of)
Fabaceae,Senna macrophylla,(Kunth) H.S.Irwin & Barneby,Venezuela (Bolivarian Republic of)
Fabaceae,Senna multijuga,(Rich.) H.S.Irwin & Barneby,Venezuela (Bolivarian Republic of)
Fabaceae,Senna oxyphylla,(Kunth) H.S.Irwin & Barneby,Venezuela (Bolivarian Republic of)
Fabaceae,Senna papillosa,(Britton & Rose) H.S.Irwin & Barneby,Venezuela (Bolivarian Republic of)
Fabaceae,Senna quinquangulata,(Rich.) H.S.Irwin & Barneby,Venezuela (Bolivarian Republic of)
Fabaceae,Senna racemosa,(Mill.) H.S.Irwin & Barneby,Venezuela (Bolivarian Republic of)
Fabaceae,Senna reticulata,(Willd.) H.S.Irwin & Barneby,Venezuela (Bolivarian Republic of)
Fabaceae,Senna robiniifolia,(Benth.) H.S.Irwin & Barneby,Venezuela (Bolivarian Republic of)
Fabaceae,Senna saeri,(Pittier) H.S.Irwin & Barneby,Venezuela (Bolivarian Republic of)
Fabaceae,Senna sandwithiana,H.S.Irwin & Barneby,Venezuela (Bolivarian Republic of)
Fabaceae,Senna santanderensis,(Britton & Killip) H.S.Irwin & Barneby,Venezuela (Bolivarian Republic of)
Fabaceae,Senna silvestris,(Vell.) H.S.Irwin & Barneby,Venezuela (Bolivarian Republic of)
Fabaceae,Senna skinneri,(Benth.) H.S.Irwin & Barneby,Venezuela (Bolivarian Republic of)
Fabaceae,Senna smithiana,(Britton & Rose) H.S.Irwin & Barneby,Venezuela (Bolivarian Republic of)
Fabaceae,Senna spectabilis,(DC.) H.S.Irwin & Barneby,Venezuela (Bolivarian Republic of)
Fabaceae,Senna spinescens,(Vogel) H.S.Irwin & Barneby,Venezuela (Bolivarian Republic of)
Fabaceae,Senna undulata,(Benth.) H.S.Irwin & Barneby,Venezuela (Bolivarian Republic of)
Fabaceae,Senna viciifolia,(Benth.) H.S.Irwin & Barneby,Venezuela (Bolivarian Republic of)
Fabaceae,Senna viminea,(L.) H.S.Irwin & Barneby,Venezuela (Bolivarian Republic of)
Fabaceae,Senna wurdackii,H.S.Irwin & Barneby,Venezuela (Bolivarian Republic of)
Fabaceae,Sophora tomentosa,L.,Venezuela (Bolivarian Republic of)
Fabaceae,Spirotropis longifolia,(DC.) Baill.,Venezuela (Bolivarian Republic of)
Fabaceae,Staminodianthus racemosus,(Hoehne) D.B.O.S.Cardoso & H.C.Lima,Venezuela (Bolivarian Republic of)
Fabaceae,Stryphnodendron guianense,(Aubl.) Benth.,Venezuela (Bolivarian Republic of)
Fabaceae,Stryphnodendron levelii,R.S.Cowan,Venezuela (Bolivarian Republic of)
Fabaceae,Stryphnodendron microstachyum,Poepp.,Venezuela (Bolivarian Republic of)
Fabaceae,Stryphnodendron pulcherrimum,(Willd.) Hochr.,Venezuela (Bolivarian Republic of)
Fabaceae,Swartzia alatosericea,Barneby,Venezuela (Bolivarian Republic of)
Fabaceae,Swartzia amplifolia,Harms,Venezuela (Bolivarian Republic of)
Fabaceae,Swartzia angustifoliola,Schery,Venezuela (Bolivarian Republic of)
Fabaceae,Swartzia arborescens,(Aubl.) Pittier,Venezuela (Bolivarian Republic of)
Fabaceae,Swartzia argentea,Spruce ex Benth.,Venezuela (Bolivarian Republic of)
Fabaceae,Swartzia aymardii,Barneby,Venezuela (Bolivarian Republic of)
Fabaceae,Swartzia benthamiana,Miq.,Venezuela (Bolivarian Republic of)
Fabaceae,Swartzia brachyrachis,Harms,Venezuela (Bolivarian Republic of)
Fabaceae,Swartzia buntingii,R.S.Cowan,Venezuela (Bolivarian Republic of)
Fabaceae,Swartzia cardiosperma,Spruce ex Benth.,Venezuela (Bolivarian Republic of)
Fabaceae,Swartzia caudata,R.S.Cowan,Venezuela (Bolivarian Republic of)
Fabaceae,Swartzia conferta,Spruce ex Benth.,Venezuela (Bolivarian Republic of)
Fabaceae,Swartzia cowanii,Steyerm.,Venezuela (Bolivarian Republic of)
Fabaceae,Swartzia cupavenensis,R.S.Cowan,Venezuela (Bolivarian Republic of)
Fabaceae,Swartzia cuspidata,Spruce ex Benth.,Venezuela (Bolivarian Republic of)
Fabaceae,Swartzia dolichopoda,Cowan,Venezuela (Bolivarian Republic of)
Fabaceae,Swartzia floribunda,Spruce ex Benth.,Venezuela (Bolivarian Republic of)
Fabaceae,Swartzia glabrata,(R.S.Cowan) Torke,Venezuela (Bolivarian Republic of)
Fabaceae,Swartzia grandifolia,Bong. ex Benth.,Venezuela (Bolivarian Republic of)
Fabaceae,Swartzia guianensis,(Aubl.) Urb.,Venezuela (Bolivarian Republic of)
Fabaceae,Swartzia humboldtiana,Cuello,Venezuela (Bolivarian Republic of)
Fabaceae,Swartzia jenmanii,Sandwith,Venezuela (Bolivarian Republic of)
Fabaceae,Swartzia jimenezii,Cowan,Venezuela (Bolivarian Republic of)
Fabaceae,Swartzia katawa,Cowan,Venezuela (Bolivarian Republic of)
Fabaceae,Swartzia laevicarpa,Amshoff,Venezuela (Bolivarian Republic of)
Fabaceae,Swartzia laxiflora,Bong. ex Benth.,Venezuela (Bolivarian Republic of)
Fabaceae,Swartzia leptopetala,Benth.,Venezuela (Bolivarian Republic of)
Fabaceae,Swartzia maguirei,R.S.Cowan,Venezuela (Bolivarian Republic of)
Fabaceae,Swartzia microcarpa,Spruce ex Benth.,Venezuela (Bolivarian Republic of)
Fabaceae,Swartzia myrtifolia,Sm.,Venezuela (Bolivarian Republic of)
Fabaceae,Swartzia oblonga,Benth.,Venezuela (Bolivarian Republic of)
Fabaceae,Swartzia oedipus,Barneby,Venezuela (Bolivarian Republic of)
Fabaceae,Swartzia pachyphylla,Harms,Venezuela (Bolivarian Republic of)
Fabaceae,Swartzia palustris,Barneby,Venezuela (Bolivarian Republic of)
Fabaceae,Swartzia panacoco,(Aubl.) R.S.Cowan,Venezuela (Bolivarian Republic of)
Fabaceae,Swartzia parvifolia,Schery,Venezuela (Bolivarian Republic of)
Fabaceae,Swartzia pendula,Benth.,Venezuela (Bolivarian Republic of)
Fabaceae,Swartzia piarensis,R.S.Cowan,Venezuela (Bolivarian Republic of)
Fabaceae,Swartzia picta,Spruce ex Benth.,Venezuela (Bolivarian Republic of)
Fabaceae,Swartzia pinnata,(Vahl) Willd.,Venezuela (Bolivarian Republic of)
Fabaceae,Swartzia pittieri,Schery,Venezuela (Bolivarian Republic of)
Fabaceae,Swartzia polyphylla,DC.,Venezuela (Bolivarian Republic of)
Fabaceae,Swartzia roraimae,Sandwith,Venezuela (Bolivarian Republic of)
Fabaceae,Swartzia rosea,Mart. ex Benth.,Venezuela (Bolivarian Republic of)
Fabaceae,Swartzia schomburgkii,Benth.,Venezuela (Bolivarian Republic of)
Fabaceae,Swartzia sericea,Vogel,Venezuela (Bolivarian Republic of)
Fabaceae,Swartzia sprucei,Benth.,Venezuela (Bolivarian Republic of)
Fabaceae,Swartzia steyermarkii,R.S.Cowan,Venezuela (Bolivarian Republic of)
Fabaceae,Swartzia tessmannii,Harms,Venezuela (Bolivarian Republic of)
Fabaceae,Swartzia trinitensis,Urb.,Venezuela (Bolivarian Republic of)
Fabaceae,Swartzia triptera,Barneby,Venezuela (Bolivarian Republic of)
Fabaceae,Swartzia vaupesiana,R.S.Cowan,Venezuela (Bolivarian Republic of)
Fabaceae,Swartzia wurdackii,R.S.Cowan,Venezuela (Bolivarian Republic of)
Fabaceae,Tachigali cavipes,(Spruce ex Benth.) J.F.Macbr.,Venezuela (Bolivarian Republic of)
Fabaceae,Tachigali chrysophylla,(Poepp.) Zarucchi & Herend.,Venezuela (Bolivarian Republic of)
Fabaceae,Tachigali davidsei,Zarucchi & Herend.,Venezuela (Bolivarian Republic of)
Fabaceae,Tachigali dwyeri,(R.S.Cowan) Zarucchi & Herend.,Venezuela (Bolivarian Republic of)
Fabaceae,Tachigali guianensis,(Benth.) Zarucchi & Herend.,Venezuela (Bolivarian Republic of)
Fabaceae,Tachigali odoratissima,(Spruce ex Benth.) Zarucchi & Herend.,Venezuela (Bolivarian Republic of)
Fabaceae,Tachigali paniculata,Aubl.,Venezuela (Bolivarian Republic of)
Fabaceae,Tachigali paraensis,(Huber) Barneby,Venezuela (Bolivarian Republic of)
Fabaceae,Tachigali physophora,(Huber) Zarucchi & Herend.,Venezuela (Bolivarian Republic of)
Fabaceae,Tachigali pimichinensis,(R.S.Cowan) Zarucchi & Herend.,Venezuela (Bolivarian Republic of)
Fabaceae,Tachigali plumbea,Ducke,Venezuela (Bolivarian Republic of)
Fabaceae,Tachigali pubiflora,Benth.,Venezuela (Bolivarian Republic of)
Fabaceae,Tachigali rigida,Ducke,Venezuela (Bolivarian Republic of)
Fabaceae,Tara spinosa,(Molina) Britton & Rose,Venezuela (Bolivarian Republic of)
Fabaceae,Taralea cordata,Ducke,Venezuela (Bolivarian Republic of)
Fabaceae,Taralea crassifolia,(Benth.) Ducke,Venezuela (Bolivarian Republic of)
Fabaceae,Taralea oppositifolia,Aubl.,Venezuela (Bolivarian Republic of)
Fabaceae,Taralea reticulata,(Benth.) Ducke,Venezuela (Bolivarian Republic of)
Fabaceae,Vachellia farnesiana,(L.) Wight & Arn.,Venezuela (Bolivarian Republic of)
Fabaceae,Vachellia macracantha,(Humb. & Bonpl. ex Willd.) Seigler & Ebinger,Venezuela (Bolivarian Republic of)
Fabaceae,Vachellia tortuosa,(L.) Seigler & Ebinger,Venezuela (Bolivarian Republic of)
Fabaceae,Vatairea guianensis,Aubl.,Venezuela (Bolivarian Republic of)
Fabaceae,Vatairea paraensis,Ducke,Venezuela (Bolivarian Republic of)
Fabaceae,Vataireopsis speciosa,Ducke,Venezuela (Bolivarian Republic of)
Fabaceae,Vataireopsis surinamensis,H.C.Lima,Venezuela (Bolivarian Republic of)
Fabaceae,Zapoteca tetragona,(Willd.) H.M.Hern.,Venezuela (Bolivarian Republic of)
Fabaceae,Zollernia grandifolia,Schery,Venezuela (Bolivarian Republic of)
Fabaceae,Zygia ampla,(Spruce ex Benth.) Pittier,Venezuela (Bolivarian Republic of)
Fabaceae,Zygia basijuga,(Ducke) Barneby & J.W.Grimes,Venezuela (Bolivarian Republic of)
Fabaceae,Zygia bisingula,L.Rico,Venezuela (Bolivarian Republic of)
Fabaceae,Zygia cataractae,(Kunth) L.Rico,Venezuela (Bolivarian Republic of)
Fabaceae,Zygia claviflora,(Spruce ex Benth.) Barneby & J.W.Grimes,Venezuela (Bolivarian Republic of)
Fabaceae,Zygia collina,(Sandwith) Barneby & J.W.Grimes,Venezuela (Bolivarian Republic of)
Fabaceae,Zygia cupirensis,(C.Barbosa) L.Rico,Venezuela (Bolivarian Republic of)
Fabaceae,Zygia dinizii,"(Ducke) D.A.Neill, G.P.Lewis & Klitg.",Venezuela (Bolivarian Republic of)
Fabaceae,Zygia heteroneura,Barneby & J.W.Grimes,Venezuela (Bolivarian Republic of)
Fabaceae,Zygia inaequalis,(Humb. & Bonpl. ex Willd.) Pittier,Venezuela (Bolivarian Republic of)
Fabaceae,Zygia latifolia,(L.) Fawc. & Rendle,Venezuela (Bolivarian Republic of)
Fabaceae,Zygia longifolia,(Humb. & Bonpl. ex Willd.) Britton & Rose,Venezuela (Bolivarian Republic of)
Fabaceae,Zygia ocumarensis,(Pittier) Barneby & J.W.Grimes,Venezuela (Bolivarian Republic of)
Fabaceae,Zygia palustris,Barneby & J.W.Grimes,Venezuela (Bolivarian Republic of)
Fabaceae,Zygia potaroensis,Barneby & J.W.Grimes,Venezuela (Bolivarian Republic of)
Fabaceae,Zygia racemosa,(Ducke) Barneby & J.W.Grimes,Venezuela (Bolivarian Republic of)
Fabaceae,Zygia unifoliolata,(Benth.) Pittier,Venezuela (Bolivarian Republic of)
Gentianaceae,Chorisepalum psychotrioides,Ewan,Venezuela (Bolivarian Republic of)
Gentianaceae,Macrocarpaea ewaniana,Weaver & J.R.Grant,Venezuela (Bolivarian Republic of)
Gentianaceae,Macrocarpaea rugosa,Steyerm.,Venezuela (Bolivarian Republic of)
Gentianaceae,Macrocarpaea weaveri,J.R.Grant,Venezuela (Bolivarian Republic of)
Gentianaceae,Potalia amara,Aubl.,Venezuela (Bolivarian Republic of)
Gentianaceae,Potalia elegans,Struwe & V.A.Albert,Venezuela (Bolivarian Republic of)
Gentianaceae,Potalia maguireorum,Struwe & V.A.Albert,Venezuela (Bolivarian Republic of)
Gentianaceae,Potalia resinifera,Mart.,Venezuela (Bolivarian Republic of)
Gentianaceae,Rogersonanthus arboreus,(Britton) Maguire & B.M.Boom,Venezuela (Bolivarian Republic of)
Gentianaceae,Rogersonanthus quelchii,(N.E.Br.) Maguire & B.M.Boom,Venezuela (Bolivarian Republic of)
Gentianaceae,Symbolanthus aureus,Struwe & V.A.Albert,Venezuela (Bolivarian Republic of)
Gentianaceae,Tachia grandifolia,Maguire & Weaver,Venezuela (Bolivarian Republic of)
Gesneriaceae,Besleria laxiflora,Benth.,Venezuela (Bolivarian Republic of)
Gesneriaceae,Besleria solanoides,Kunth,Venezuela (Bolivarian Republic of)
Goupiaceae,Goupia glabra,Aubl.,Venezuela (Bolivarian Republic of)
Grossulariaceae,Ribes canescens,Pittier,Venezuela (Bolivarian Republic of)
Heliotropiaceae,Tournefortia angustiflora,Ruiz & Pav.,Venezuela (Bolivarian Republic of)
Heliotropiaceae,Tournefortia bicolor,Sw.,Venezuela (Bolivarian Republic of)
Heliotropiaceae,Tournefortia canescens,Kunth,Venezuela (Bolivarian Republic of)
Heliotropiaceae,Tournefortia cuspidata,Kunth,Venezuela (Bolivarian Republic of)
Heliotropiaceae,Tournefortia fuliginosa,Kunth,Venezuela (Bolivarian Republic of)
Heliotropiaceae,Tournefortia glabra,L.,Venezuela (Bolivarian Republic of)
Heliotropiaceae,Tournefortia macrostachya,Rusby,Venezuela (Bolivarian Republic of)
Heliotropiaceae,Tournefortia maculata,Jacq.,Venezuela (Bolivarian Republic of)
Heliotropiaceae,Tournefortia polystachya,Ruiz & Pav.,Venezuela (Bolivarian Republic of)
Hernandiaceae,Gyrocarpus americanus,Jacq.,Venezuela (Bolivarian Republic of)
Hernandiaceae,Hernandia guianensis,Aubl.,Venezuela (Bolivarian Republic of)
Humiriaceae,Duckesia liesneri,(Cuatrec.) K.Wurdack & Zartman,Venezuela (Bolivarian Republic of)
Humiriaceae,Endopleura uchi,(Huber) Cuatrec.,Venezuela (Bolivarian Republic of)
Humiriaceae,Humiria balsamifera,Aubl.,Venezuela (Bolivarian Republic of)
Humiriaceae,Humiria crassifolia,Mart.,Venezuela (Bolivarian Republic of)
Humiriaceae,Humiria wurdackii,Cuatrec.,Venezuela (Bolivarian Republic of)
Humiriaceae,Humiriastrum cuspidatum,(Benth.) Cuatrec.,Venezuela (Bolivarian Republic of)
Humiriaceae,Humiriastrum obovatum,(Benth.) Cuatrec.,Venezuela (Bolivarian Republic of)
Humiriaceae,Humiriastrum ottohuberi,Cuatrec.,Venezuela (Bolivarian Republic of)
Humiriaceae,Humiriastrum piraparanense,Cuatrec.,Venezuela (Bolivarian Republic of)
Humiriaceae,Sacoglottis amazonica,Mart.,Venezuela (Bolivarian Republic of)
Humiriaceae,Sacoglottis cydonioides,Cuatrec.,Venezuela (Bolivarian Republic of)
Humiriaceae,Sacoglottis guianensis,Benth.,Venezuela (Bolivarian Republic of)
Humiriaceae,Sacoglottis maguirei,Cuatrec.,Venezuela (Bolivarian Republic of)
Humiriaceae,Sacoglottis mattogrossensis,Malme,Venezuela (Bolivarian Republic of)
Humiriaceae,Schistostemon densiflorus,(Benth.) Cuatrec.,Venezuela (Bolivarian Republic of)
Humiriaceae,Schistostemon fernandezii,Cuatrec.,Venezuela (Bolivarian Republic of)
Humiriaceae,Schistostemon oblongifolius,(Benth.) Cuatrec.,Venezuela (Bolivarian Republic of)
Humiriaceae,Schistostemon retusus,(Ducke) Cuatrec.,Venezuela (Bolivarian Republic of)
Humiriaceae,Vantanea guianensis,Aubl.,Venezuela (Bolivarian Republic of)
Humiriaceae,Vantanea minor,Benth.,Venezuela (Bolivarian Republic of)
Humiriaceae,Vantanea parviflora,Lam.,Venezuela (Bolivarian Republic of)
Hydrangeaceae,Hydrangea peruviana,Moric. ex Ser.,Venezuela (Bolivarian Republic of)
Hypericaceae,Hypericum lancifolium,Gleason,Venezuela (Bolivarian Republic of)
Hypericaceae,Hypericum laricifolium,Juss.,Venezuela (Bolivarian Republic of)
Hypericaceae,Hypericum paramitanum,N.Robson,Venezuela (Bolivarian Republic of)
Hypericaceae,Hypericum stenopetalum,Turcz.,Venezuela (Bolivarian Republic of)
Hypericaceae,Vismia baccifera,(L.) Planch. & Triana,Venezuela (Bolivarian Republic of)
Hypericaceae,Vismia cayennensis,(Jacq.) Pers.,Venezuela (Bolivarian Republic of)
Hypericaceae,Vismia ferruginea,Kunth,Venezuela (Bolivarian Republic of)
Hypericaceae,Vismia guianensis,(Aubl.) Pers.,Venezuela (Bolivarian Republic of)
Hypericaceae,Vismia japurensis,Rchb.f.,Venezuela (Bolivarian Republic of)
Hypericaceae,Vismia lauriformis,(Lam.) Choisy,Venezuela (Bolivarian Republic of)
Hypericaceae,Vismia laxiflora,Rchb.f.,Venezuela (Bolivarian Republic of)
Hypericaceae,Vismia lindeniana,Decne. ex Turcz.,Venezuela (Bolivarian Republic of)
Hypericaceae,Vismia macrophylla,Kunth,Venezuela (Bolivarian Republic of)
Hypericaceae,Vismia sandwithii,Ewan,Venezuela (Bolivarian Republic of)
Hypericaceae,Vismia sessilifolia,(Aubl.) Choisy,Venezuela (Bolivarian Republic of)
Hypericaceae,Vismia sprucei,Sprague,Venezuela (Bolivarian Republic of)
Hypericaceae,Vismia steyermarkii,N.Robson,Venezuela (Bolivarian Republic of)
Hypericaceae,Vismia tenuinervia,(M.E.Berg) N.Robson,Venezuela (Bolivarian Republic of)
Ixonanthaceae,Cyrillopsis micrantha,(Steyerm.) P.E.Berry & N.Ramírez,Venezuela (Bolivarian Republic of)
Ixonanthaceae,Cyrillopsis paraensis,Kuhlm.,Venezuela (Bolivarian Republic of)
Ixonanthaceae,Ochthocosmus berryi,Steyerm.,Venezuela (Bolivarian Republic of)
Ixonanthaceae,Ochthocosmus floribundus,Gleason,Venezuela (Bolivarian Republic of)
Ixonanthaceae,Ochthocosmus multiflorus,Ducke,Venezuela (Bolivarian Republic of)
Ixonanthaceae,Ochthocosmus roraimae,Benth.,Venezuela (Bolivarian Republic of)
Juglandaceae,Juglans venezuelensis,W.E.Manning,Venezuela (Bolivarian Republic of)
Lacistemataceae,Lacistema aggregatum,(P.J.Bergius) Rusby,Venezuela (Bolivarian Republic of)
Lacistemataceae,Lozania mutisiana,Schult.,Venezuela (Bolivarian Republic of)
Lacistemataceae,Lozania pittieri,(S.F.Blake) L.B.Sm.,Venezuela (Bolivarian Republic of)
Lamiaceae,Aegiphila arcta,Moldenke,Venezuela (Bolivarian Republic of)
Lamiaceae,Aegiphila bogotensis,(Spreng.) Moldenke,Venezuela (Bolivarian Republic of)
Lamiaceae,Aegiphila costaricensis,Moldenke,Venezuela (Bolivarian Republic of)
Lamiaceae,Aegiphila deppeana,Steud.,Venezuela (Bolivarian Republic of)
Lamiaceae,Aegiphila elata,Sw.,Venezuela (Bolivarian Republic of)
Lamiaceae,Aegiphila filipes,Mart. & Schauer,Venezuela (Bolivarian Republic of)
Lamiaceae,Aegiphila floribunda,Moritz & Moldenke,Venezuela (Bolivarian Republic of)
Lamiaceae,Aegiphila grandis,Moldenke,Venezuela (Bolivarian Republic of)
Lamiaceae,Aegiphila hirsutissima,Moldenke,Venezuela (Bolivarian Republic of)
Lamiaceae,Aegiphila hoehnei,Moldenke,Venezuela (Bolivarian Republic of)
Lamiaceae,Aegiphila hystricina,Aymard & Cuello,Venezuela (Bolivarian Republic of)
Lamiaceae,Aegiphila integrifolia,(Jacq.) B.D.Jacks.,Venezuela (Bolivarian Republic of)
Lamiaceae,Aegiphila laeta,Kunth,Venezuela (Bolivarian Republic of)
Lamiaceae,Aegiphila laxiflora,Benth.,Venezuela (Bolivarian Republic of)
Lamiaceae,Aegiphila lewisiana,Moldenke,Venezuela (Bolivarian Republic of)
Lamiaceae,Aegiphila martinicensis,Jacq.,Venezuela (Bolivarian Republic of)
Lamiaceae,Aegiphila membranacea,Turcz.,Venezuela (Bolivarian Republic of)
Lamiaceae,Aegiphila moldenkeana,López-Pal.,Venezuela (Bolivarian Republic of)
Lamiaceae,Aegiphila mollis,Kunth,Venezuela (Bolivarian Republic of)
Lamiaceae,Aegiphila novogranatensis,Moldenke,Venezuela (Bolivarian Republic of)
Lamiaceae,Aegiphila odontophylla,Donn.Sm.,Venezuela (Bolivarian Republic of)
Lamiaceae,Aegiphila panamensis,Moldenke,Venezuela (Bolivarian Republic of)
Lamiaceae,Aegiphila perplexa,Moldenke,Venezuela (Bolivarian Republic of)
Lamiaceae,Aegiphila roraimensis,Moldenke,Venezuela (Bolivarian Republic of)
Lamiaceae,Aegiphila ternifolia,(Kunth) Moldenke,Venezuela (Bolivarian Republic of)
Lamiaceae,Aegiphila venezuelensis,Moldenke,Venezuela (Bolivarian Republic of)
Lamiaceae,Callicarpa acuminata,Kunth,Venezuela (Bolivarian Republic of)
Lamiaceae,Cornutia odorata,(Poepp.) Schauer,Venezuela (Bolivarian Republic of)
Lamiaceae,Cornutia pyramidata,L.,Venezuela (Bolivarian Republic of)
Lamiaceae,Hyptidendron arboreum,(Benth.) Harley,Venezuela (Bolivarian Republic of)
Lamiaceae,Vitex calothyrsa,Sandwith,Venezuela (Bolivarian Republic of)
Lamiaceae,Vitex capitata,Vahl,Venezuela (Bolivarian Republic of)
Lamiaceae,Vitex compressa,Turcz.,Venezuela (Bolivarian Republic of)
Lamiaceae,Vitex cymosa,Bertero ex Spreng.,Venezuela (Bolivarian Republic of)
Lamiaceae,Vitex divaricata,Sw.,Venezuela (Bolivarian Republic of)
Lamiaceae,Vitex klugii,Moldenke,Venezuela (Bolivarian Republic of)
Lamiaceae,Vitex orinocensis,Kunth,Venezuela (Bolivarian Republic of)
Lamiaceae,Vitex schomburgkiana,Schauer,Venezuela (Bolivarian Republic of)
Lamiaceae,Vitex stahelii,Moldenke,Venezuela (Bolivarian Republic of)
Lamiaceae,Vitex triflora,Vahl,Venezuela (Bolivarian Republic of)
Lauraceae,Aiouea benthamiana,Mez,Venezuela (Bolivarian Republic of)
Lauraceae,Aiouea dubia,(Kunth) Mez,Venezuela (Bolivarian Republic of)
Lauraceae,Aiouea laevis,(Nees ex Mart.) Kosterm.,Venezuela (Bolivarian Republic of)
Lauraceae,Aiouea maguireana,(C.K.Allen) Renner,Venezuela (Bolivarian Republic of)
Lauraceae,Aiouea montana,(Sw.) R.Rohde,Venezuela (Bolivarian Republic of)
Lauraceae,Aiouea myristicoides,Mez,Venezuela (Bolivarian Republic of)
Lauraceae,Andea hueckii,(Bernardi) van der Werff,Venezuela (Bolivarian Republic of)
Lauraceae,Andea velutina,(Meisn.) van der Werff,Venezuela (Bolivarian Republic of)
Lauraceae,Aniba affinis,(Meisn.) Mez,Venezuela (Bolivarian Republic of)
Lauraceae,Aniba canelilla,(Kunth) Mez,Venezuela (Bolivarian Republic of)
Lauraceae,Aniba cinnamomiflora,C.K.Allen,Venezuela (Bolivarian Republic of)
Lauraceae,Aniba citrifolia,(Nees) Mez,Venezuela (Bolivarian Republic of)
Lauraceae,Aniba excelsa,Kosterm.,Venezuela (Bolivarian Republic of)
Lauraceae,Aniba ferruginea,Kubitzki,Venezuela (Bolivarian Republic of)
Lauraceae,Aniba guianensis,Aubl.,Venezuela (Bolivarian Republic of)
Lauraceae,Aniba hostmanniana,(Nees) Mez,Venezuela (Bolivarian Republic of)
Lauraceae,Aniba hypoglauca,Sandwith,Venezuela (Bolivarian Republic of)
Lauraceae,Aniba kappleri,Mez,Venezuela (Bolivarian Republic of)
Lauraceae,Aniba megaphylla,Mez,Venezuela (Bolivarian Republic of)
Lauraceae,Aniba muca,(Ruiz & Pav.) Mez,Venezuela (Bolivarian Republic of)
Lauraceae,Aniba panurensis,(Meisn.) Mez,Venezuela (Bolivarian Republic of)
Lauraceae,Aniba riparia,(Nees) Mez,Venezuela (Bolivarian Republic of)
Lauraceae,Aniba robusta,(Klotzsch & H.Karst. ex Meisn.) Mez,Venezuela (Bolivarian Republic of)
Lauraceae,Aniba rosodora,Ducke,Venezuela (Bolivarian Republic of)
Lauraceae,Aniba taubertiana,Mez,Venezuela (Bolivarian Republic of)
Lauraceae,Aniba venezuelana,Mez,Venezuela (Bolivarian Republic of)
Lauraceae,Aniba williamsii,O.C.Schmidt,Venezuela (Bolivarian Republic of)
Lauraceae,Beilschmiedia alloiophylla,(Rusby) Kosterm.,Venezuela (Bolivarian Republic of)
Lauraceae,Beilschmiedia costaricensis,(Mez & Pittier) C.K.Allen,Venezuela (Bolivarian Republic of)
Lauraceae,Beilschmiedia curviramea,(Meisn.) Kosterm.,Venezuela (Bolivarian Republic of)
Lauraceae,Beilschmiedia latifolia,(Nees) Sachiko Nishida,Venezuela (Bolivarian Republic of)
Lauraceae,Beilschmiedia pendula,(Sw.) Hemsl.,Venezuela (Bolivarian Republic of)
Lauraceae,Beilschmiedia sulcata,(Ruiz & Pav.) Kosterm.,Venezuela (Bolivarian Republic of)
Lauraceae,Beilschmiedia tovarensis,(Klotzsch & H.Karst. ex Meisn.) Sachiko Nishida,Venezuela (Bolivarian Republic of)
Lauraceae,Caryodaphnopsis fieldii,Aymard & G.A.Romero,Venezuela (Bolivarian Republic of)
Lauraceae,Damburneya coriacea,(Sw.) Trofimov & Rohwer,Venezuela (Bolivarian Republic of)
Lauraceae,Damburneya martinicensis,(Mez) Trofimov,Venezuela (Bolivarian Republic of)
Lauraceae,Damburneya purpurea,(Ruiz & Pav.) Trofimov,Venezuela (Bolivarian Republic of)
Lauraceae,Endlicheria anomala,(Nees) Mez,Venezuela (Bolivarian Republic of)
Lauraceae,Endlicheria arenosa,Chanderb.,Venezuela (Bolivarian Republic of)
Lauraceae,Endlicheria arunciflora,(Meisn.) Mez,Venezuela (Bolivarian Republic of)
Lauraceae,Endlicheria bracteolata,(Meisn.) C.K.Allen,Venezuela (Bolivarian Republic of)
Lauraceae,Endlicheria canescens,Chanderbali,Venezuela (Bolivarian Republic of)
Lauraceae,Endlicheria chalisea,Chanderbali,Venezuela (Bolivarian Republic of)
Lauraceae,Endlicheria dictifarinosa,C.K.Allen,Venezuela (Bolivarian Republic of)
Lauraceae,Endlicheria directonervia,C.K.Allen,Venezuela (Bolivarian Republic of)
Lauraceae,Endlicheria gracilis,Kosterm.,Venezuela (Bolivarian Republic of)
Lauraceae,Endlicheria macrophylla,(Meisn.) Mez,Venezuela (Bolivarian Republic of)
Lauraceae,Endlicheria melinonii,Benoist,Venezuela (Bolivarian Republic of)
Lauraceae,Endlicheria multiflora,(Miq.) Mez,Venezuela (Bolivarian Republic of)
Lauraceae,Endlicheria nilssonii,C.K.Allen,Venezuela (Bolivarian Republic of)
Lauraceae,Endlicheria paniculata,(Spreng.) J.F.Macbr.,Venezuela (Bolivarian Republic of)
Lauraceae,Endlicheria pyriformis,(Nees) Mez,Venezuela (Bolivarian Republic of)
Lauraceae,Endlicheria reflectens,(Nees) Mez,Venezuela (Bolivarian Republic of)
Lauraceae,Endlicheria sericea,Nees,Venezuela (Bolivarian Republic of)
Lauraceae,Endlicheria szyszylowiczii,Mez,Venezuela (Bolivarian Republic of)
Lauraceae,Endlicheria tessmannii,O.C.Schmidt,Venezuela (Bolivarian Republic of)
Lauraceae,Endlicheria tschudyana,(Lasser) Kosterm.,Venezuela (Bolivarian Republic of)
Lauraceae,Kubitzkia macrantha,(Kosterm.) van der Werff,Venezuela (Bolivarian Republic of)
Lauraceae,Licaria armeniaca,(Nees) Kosterm.,Venezuela (Bolivarian Republic of)
Lauraceae,Licaria brasiliensis,(Nees) Kosterm.,Venezuela (Bolivarian Republic of)
Lauraceae,Licaria cannella,(Meisn.) Kosterm.,Venezuela (Bolivarian Republic of)
Lauraceae,Licaria chrysophylla,(Meisn.) Kosterm.,Venezuela (Bolivarian Republic of)
Lauraceae,Licaria debilis,(Mez) Kosterm.,Venezuela (Bolivarian Republic of)
Lauraceae,Licaria dolichantha,H.W.Kurz,Venezuela (Bolivarian Republic of)
Lauraceae,Licaria macrophylla,(A.C.Sm.) Kosterm.,Venezuela (Bolivarian Republic of)
Lauraceae,Licaria oppositifolia,(Nees) Kosterm.,Venezuela (Bolivarian Republic of)
Lauraceae,Licaria polyphylla,(Nees) Kosterm.,Venezuela (Bolivarian Republic of)
Lauraceae,Licaria rufotomentosa,van der Werff,Venezuela (Bolivarian Republic of)
Lauraceae,Licaria tomentosa,van der Werff,Venezuela (Bolivarian Republic of)
Lauraceae,Licaria triandra,(Sw.) Kosterm.,Venezuela (Bolivarian Republic of)
Lauraceae,Licaria trinervis,van der Werff,Venezuela (Bolivarian Republic of)
Lauraceae,Licaria vernicosa,(Mez) Kosterm.,Venezuela (Bolivarian Republic of)
Lauraceae,Mespilodaphne cymbarum,(Kunth) Trofimov,Venezuela (Bolivarian Republic of)
Lauraceae,Mezilaurus ita-uba,(Meisn.) Taub. ex Mez,Venezuela (Bolivarian Republic of)
Lauraceae,Mezilaurus lindaviana,Schwacke & Mez,Venezuela (Bolivarian Republic of)
Lauraceae,Mezilaurus sprucei,(Meisn.) Taub. ex Mez,Venezuela (Bolivarian Republic of)
Lauraceae,Nectandra amazonum,Nees,Venezuela (Bolivarian Republic of)
Lauraceae,Nectandra aurea,Rohwer,Venezuela (Bolivarian Republic of)
Lauraceae,Nectandra baccans,(Klotzsch & H.Karst. ex Meisn.) Mez,Venezuela (Bolivarian Republic of)
Lauraceae,Nectandra bartlettiana,Lasser,Venezuela (Bolivarian Republic of)
Lauraceae,Nectandra cissiflora,Nees,Venezuela (Bolivarian Republic of)
Lauraceae,Nectandra cuspidata,Nees & Mart.,Venezuela (Bolivarian Republic of)
Lauraceae,Nectandra discolor,(Kunth) Nees,Venezuela (Bolivarian Republic of)
Lauraceae,Nectandra fulva,Rohwer,Venezuela (Bolivarian Republic of)
Lauraceae,Nectandra globosa,(Aubl.) Mez,Venezuela (Bolivarian Republic of)
Lauraceae,Nectandra hihua,(Ruiz & Pav.) Rohwer,Venezuela (Bolivarian Republic of)
Lauraceae,Nectandra laurel,Klotzsch ex Nees,Venezuela (Bolivarian Republic of)
Lauraceae,Nectandra lineata,(Kunth) Rohwer,Venezuela (Bolivarian Republic of)
Lauraceae,Nectandra membranacea,(Sw.) Griseb.,Venezuela (Bolivarian Republic of)
Lauraceae,Nectandra pearcei,Mez,Venezuela (Bolivarian Republic of)
Lauraceae,Nectandra pichurim,(Kunth) Mez,Venezuela (Bolivarian Republic of)
Lauraceae,Nectandra reticulata,Mez,Venezuela (Bolivarian Republic of)
Lauraceae,Nectandra ruforamula,Rohwer,Venezuela (Bolivarian Republic of)
Lauraceae,Nectandra sanguinea,Rol.,Venezuela (Bolivarian Republic of)
Lauraceae,Nectandra subbullata,Rohwer,Venezuela (Bolivarian Republic of)
Lauraceae,Nectandra truxillensis,Mez,Venezuela (Bolivarian Republic of)
Lauraceae,Nectandra turbacensis,(Kunth) Nees,Venezuela (Bolivarian Republic of)
Lauraceae,Nectandra viburnoides,Meisn.,Venezuela (Bolivarian Republic of)
Lauraceae,Ocotea aciphylla,(Nees & Mart.) Mez,Venezuela (Bolivarian Republic of)
Lauraceae,Ocotea acutangula,(Miq.) Mez,Venezuela (Bolivarian Republic of)
Lauraceae,Ocotea adenotrachelium,(Nees) Mez,Venezuela (Bolivarian Republic of)
Lauraceae,Ocotea albigemma,C.K.Allen,Venezuela (Bolivarian Republic of)
Lauraceae,Ocotea alnifolia,(Meisn.) Mez,Venezuela (Bolivarian Republic of)
Lauraceae,Ocotea amazonica,(Meisn.) Mez,Venezuela (Bolivarian Republic of)
Lauraceae,Ocotea arnottiana,(Nees) van der Werff,Venezuela (Bolivarian Republic of)
Lauraceae,Ocotea atrata,C.K.Allen,Venezuela (Bolivarian Republic of)
Lauraceae,Ocotea auriculata,Lasser,Venezuela (Bolivarian Republic of)
Lauraceae,Ocotea basirecurva,C.K.Allen,Venezuela (Bolivarian Republic of)
Lauraceae,Ocotea bofo,Kunth,Venezuela (Bolivarian Republic of)
Lauraceae,Ocotea canaliculata,(Rich.) Mez,Venezuela (Bolivarian Republic of)
Lauraceae,Ocotea carabobensis,Lasser,Venezuela (Bolivarian Republic of)
Lauraceae,Ocotea caracasana,(Nees) Mez,Venezuela (Bolivarian Republic of)
Lauraceae,Ocotea ceanothifolia,(Nees) Mez,Venezuela (Bolivarian Republic of)
Lauraceae,Ocotea clavigera,Mez,Venezuela (Bolivarian Republic of)
Lauraceae,Ocotea congestifolia,Lasser,Venezuela (Bolivarian Republic of)
Lauraceae,Ocotea cowaniana,C.K.Allen,Venezuela (Bolivarian Republic of)
Lauraceae,Ocotea crassifolia,(Nees) Mez,Venezuela (Bolivarian Republic of)
Lauraceae,Ocotea crassiramula,C.K.Allen,Venezuela (Bolivarian Republic of)
Lauraceae,Ocotea cujumary,Mart.,Venezuela (Bolivarian Republic of)
Lauraceae,Ocotea debilis,Mez,Venezuela (Bolivarian Republic of)
Lauraceae,Ocotea discrepens,C.K.Allen,Venezuela (Bolivarian Republic of)
Lauraceae,Ocotea erectifolia,(C.K.Allen) van der Werff,Venezuela (Bolivarian Republic of)
Lauraceae,Ocotea esmeraldana,Moldenke,Venezuela (Bolivarian Republic of)
Lauraceae,Ocotea fasciculata,(Nees) Mez,Venezuela (Bolivarian Republic of)
Lauraceae,Ocotea fendleri,(Meisn.) Rohwer,Venezuela (Bolivarian Republic of)
Lauraceae,Ocotea flavantha,van der Werff,Venezuela (Bolivarian Republic of)
Lauraceae,Ocotea floribunda,(Sw.) Mez,Venezuela (Bolivarian Republic of)
Lauraceae,Ocotea froesii,A.C.Sm.,Venezuela (Bolivarian Republic of)
Lauraceae,Ocotea gentryi,van der Werff,Venezuela (Bolivarian Republic of)
Lauraceae,Ocotea glomerata,(Nees) Mez,Venezuela (Bolivarian Republic of)
Lauraceae,Ocotea gracilis,(Meisn.) Mez,Venezuela (Bolivarian Republic of)
Lauraceae,Ocotea guianensis,Aubl.,Venezuela (Bolivarian Republic of)
Lauraceae,Ocotea javitensis,(Kunth) Pittier,Venezuela (Bolivarian Republic of)
Lauraceae,Ocotea julianii,van der Werff,Venezuela (Bolivarian Republic of)
Lauraceae,Ocotea karsteniana,Mez,Venezuela (Bolivarian Republic of)
Lauraceae,Ocotea laticostata,C.K.Allen,Venezuela (Bolivarian Republic of)
Lauraceae,Ocotea leptobotra,(Ruiz & Pav.) Mez,Venezuela (Bolivarian Republic of)
Lauraceae,Ocotea leucoxylon,(Sw.) Laness.,Venezuela (Bolivarian Republic of)
Lauraceae,Ocotea liesneri,van der Werff,Venezuela (Bolivarian Republic of)
Lauraceae,Ocotea longifolia,Kunth,Venezuela (Bolivarian Republic of)
Lauraceae,Ocotea macrophylla,Kunth,Venezuela (Bolivarian Republic of)
Lauraceae,Ocotea macropoda,(Kunth) Mez,Venezuela (Bolivarian Republic of)
Lauraceae,Ocotea matogrossensis,Vatt.,Venezuela (Bolivarian Republic of)
Lauraceae,Ocotea megacarpa,van der Werff,Venezuela (Bolivarian Republic of)
Lauraceae,Ocotea myriantha,(Meisn.) Mez,Venezuela (Bolivarian Republic of)
Lauraceae,Ocotea neblinae,C.K.Allen,Venezuela (Bolivarian Republic of)
Lauraceae,Ocotea neesiana,(Miq.) Kosterm.,Venezuela (Bolivarian Republic of)
Lauraceae,Ocotea nilssonii,C.K.Allen,Venezuela (Bolivarian Republic of)
Lauraceae,Ocotea oblonga,(Meisn.) Mez,Venezuela (Bolivarian Republic of)
Lauraceae,Ocotea pauciflora,(Nees) Mez,Venezuela (Bolivarian Republic of)
Lauraceae,Ocotea perrobusta,(C.K.Allen) Rohwer,Venezuela (Bolivarian Republic of)
Lauraceae,Ocotea revoluta,Moldenke,Venezuela (Bolivarian Republic of)
Lauraceae,Ocotea rhodophylla,Vicent.,Venezuela (Bolivarian Republic of)
Lauraceae,Ocotea rubrinervis,Mez,Venezuela (Bolivarian Republic of)
Lauraceae,Ocotea sanariapensis,Lasser,Venezuela (Bolivarian Republic of)
Lauraceae,Ocotea schomburgkiana,(Nees) Mez,Venezuela (Bolivarian Republic of)
Lauraceae,Ocotea splendens,(Meisn.) Baill.,Venezuela (Bolivarian Republic of)
Lauraceae,Ocotea sprucei,(Meisn.) Mez,Venezuela (Bolivarian Republic of)
Lauraceae,Ocotea terciopelo,C.K.Allen,Venezuela (Bolivarian Republic of)
Lauraceae,Ocotea tillettsiana,C.K.Allen,Venezuela (Bolivarian Republic of)
Lauraceae,Ocotea tomentella,Sandwith,Venezuela (Bolivarian Republic of)
Lauraceae,Ocotea tomentosa,van der Werff,Venezuela (Bolivarian Republic of)
Lauraceae,Ocotea tubulosa,Lasser,Venezuela (Bolivarian Republic of)
Lauraceae,Ocotea vaginans,(Meisn.) Mez,Venezuela (Bolivarian Republic of)
Lauraceae,Ocotea velloziana,(Meisn.) Mez,Venezuela (Bolivarian Republic of)
Lauraceae,Ocotea venosa,Gleason,Venezuela (Bolivarian Republic of)
Lauraceae,Ocotea wurdackiana,C.K.Allen,Venezuela (Bolivarian Republic of)
Lauraceae,Ocotea yutajensis,C.K.Allen,Venezuela (Bolivarian Republic of)
Lauraceae,Persea bernardii,L.E.Kopp,Venezuela (Bolivarian Republic of)
Lauraceae,Persea caerulea,(Ruiz & Pav.) Mez,Venezuela (Bolivarian Republic of)
Lauraceae,Persea croatii,van der Werff,Venezuela (Bolivarian Republic of)
Lauraceae,Persea croizatii,van der Werff,Venezuela (Bolivarian Republic of)
Lauraceae,Persea cuneata,Meisn.,Venezuela (Bolivarian Republic of)
Lauraceae,Persea fastigiata,L.E.Kopp,Venezuela (Bolivarian Republic of)
Lauraceae,Persea fendleri,van der Werff,Venezuela (Bolivarian Republic of)
Lauraceae,Persea fluviatilis,van der Werff,Venezuela (Bolivarian Republic of)
Lauraceae,Persea grandiflora,L.E.Kopp,Venezuela (Bolivarian Republic of)
Lauraceae,Persea hexanthera,L.E.Kopp,Venezuela (Bolivarian Republic of)
Lauraceae,Persea jenmanii,Mez,Venezuela (Bolivarian Republic of)
Lauraceae,Persea meridensis,L.E.Kopp,Venezuela (Bolivarian Republic of)
Lauraceae,Persea mutisii,Kunth,Venezuela (Bolivarian Republic of)
Lauraceae,Persea perseiphylla,(C.K.Allen) van der Werff,Venezuela (Bolivarian Republic of)
Lauraceae,Persea pseudofasciculata,L.E.Kopp,Venezuela (Bolivarian Republic of)
Lauraceae,Persea rigens,C.K.Allen,Venezuela (Bolivarian Republic of)
Lauraceae,Persea sprucei,Kosterm.,Venezuela (Bolivarian Republic of)
Lauraceae,Persea subcordata,(Ruiz & Pav.) Nees,Venezuela (Bolivarian Republic of)
Lauraceae,Pleurothyrium amapaense,C.K.Allen,Venezuela (Bolivarian Republic of)
Lauraceae,Pleurothyrium costanense,van der Werff,Venezuela (Bolivarian Republic of)
Lauraceae,Pleurothyrium steyermarkianum,C.K.Allen,Venezuela (Bolivarian Republic of)
Lauraceae,Pleurothyrium trianae,(Mez) Rohwer,Venezuela (Bolivarian Republic of)
Lauraceae,Rhodostemonodaphne avilensis,Madriñán,Venezuela (Bolivarian Republic of)
Lauraceae,Rhodostemonodaphne grandis,(Mez) Rohwer,Venezuela (Bolivarian Republic of)
Lauraceae,Rhodostemonodaphne kunthiana,(Nees) Rohwer,Venezuela (Bolivarian Republic of)
Lauraceae,Rhodostemonodaphne ovatifolia,Madriñán,Venezuela (Bolivarian Republic of)
Lauraceae,Rhodostemonodaphne praeclara,(Sandwith) Madriñán,Venezuela (Bolivarian Republic of)
Lauraceae,Rhodostemonodaphne steyermarkiana,(C.K.Allen) van der Werff,Venezuela (Bolivarian Republic of)
Lauraceae,Sextonia rubra,(Mez) van der Werff,Venezuela (Bolivarian Republic of)
Lecythidaceae,Allantoma lineata,(Mart. ex O.Berg) Miers,Venezuela (Bolivarian Republic of)
Lecythidaceae,Asteranthos brasiliensis,Desf.,Venezuela (Bolivarian Republic of)
Lecythidaceae,Bertholletia excelsa,Bonpl.,Venezuela (Bolivarian Republic of)
Lecythidaceae,Cariniana pyriformis,Miers,Venezuela (Bolivarian Republic of)
Lecythidaceae,Couratari guianensis,Aubl.,Venezuela (Bolivarian Republic of)
Lecythidaceae,Couratari multiflora,(Sm.) Eyma,Venezuela (Bolivarian Republic of)
Lecythidaceae,Couratari oligantha,A.C.Sm.,Venezuela (Bolivarian Republic of)
Lecythidaceae,Couratari sandwithii,Prance,Venezuela (Bolivarian Republic of)
Lecythidaceae,Couratari stellata,A.C.Sm.,Venezuela (Bolivarian Republic of)
Lecythidaceae,Couratari tenuicarpa,A.C.Sm.,Venezuela (Bolivarian Republic of)
Lecythidaceae,Couroupita guianensis,Aubl.,Venezuela (Bolivarian Republic of)
Lecythidaceae,Eschweilera alata,A.C.Sm.,Venezuela (Bolivarian Republic of)
Lecythidaceae,Eschweilera andina,(Rusby) J.F.Macbr.,Venezuela (Bolivarian Republic of)
Lecythidaceae,Eschweilera antioquensis,Dugand & H.Daniel,Venezuela (Bolivarian Republic of)
Lecythidaceae,Eschweilera beebei,Pittier ex S.A.Mori,Venezuela (Bolivarian Republic of)
Lecythidaceae,Eschweilera boltenii,S.A.Mori,Venezuela (Bolivarian Republic of)
Lecythidaceae,Eschweilera bracteosa,(Poepp. ex O.Berg) Miers,Venezuela (Bolivarian Republic of)
Lecythidaceae,Eschweilera collina,Eyma,Venezuela (Bolivarian Republic of)
Lecythidaceae,Eschweilera coriacea,(DC.) S.A.Mori,Venezuela (Bolivarian Republic of)
Lecythidaceae,Eschweilera decolorans,Sandwith,Venezuela (Bolivarian Republic of)
Lecythidaceae,Eschweilera laevicarpa,S.A.Mori,Venezuela (Bolivarian Republic of)
Lecythidaceae,Eschweilera macrocarpa,Pittier,Venezuela (Bolivarian Republic of)
Lecythidaceae,Eschweilera micrantha,(O.Berg) Miers,Venezuela (Bolivarian Republic of)
Lecythidaceae,Eschweilera neblinensis,S.A.Mori,Venezuela (Bolivarian Republic of)
Lecythidaceae,Eschweilera paniculata,(O.Berg) Miers,Venezuela (Bolivarian Republic of)
Lecythidaceae,Eschweilera parviflora,(Aubl.) Miers,Venezuela (Bolivarian Republic of)
Lecythidaceae,Eschweilera parvifolia,Mart. ex DC.,Venezuela (Bolivarian Republic of)
Lecythidaceae,Eschweilera pedicellata,(Rich.) S.A.Mori,Venezuela (Bolivarian Republic of)
Lecythidaceae,Eschweilera perumbonata,Pittier,Venezuela (Bolivarian Republic of)
Lecythidaceae,Eschweilera revoluta,S.A.Mori,Venezuela (Bolivarian Republic of)
Lecythidaceae,Eschweilera rionegrense,S.A.Mori,Venezuela (Bolivarian Republic of)
Lecythidaceae,Eschweilera roraimensis,S.A.Mori,Venezuela (Bolivarian Republic of)
Lecythidaceae,Eschweilera sagotiana,Miers,Venezuela (Bolivarian Republic of)
Lecythidaceae,Eschweilera subglandulosa,(Steud. ex O.Berg) Miers,Venezuela (Bolivarian Republic of)
Lecythidaceae,Eschweilera tenax,(Moritz ex O.Berg) Miers,Venezuela (Bolivarian Republic of)
Lecythidaceae,Eschweilera tenuifolia,(O.Berg) Miers,Venezuela (Bolivarian Republic of)
Lecythidaceae,Eschweilera venezuelica,S.A.Mori,Venezuela (Bolivarian Republic of)
Lecythidaceae,Gustavia acuminata,S.A.Mori,Venezuela (Bolivarian Republic of)
Lecythidaceae,Gustavia augusta,L.,Venezuela (Bolivarian Republic of)
Lecythidaceae,Gustavia coriacea,S.A.Mori,Venezuela (Bolivarian Republic of)
Lecythidaceae,Gustavia flagellata,S.A.Mori,Venezuela (Bolivarian Republic of)
Lecythidaceae,Gustavia gigantophylla,Sandwith,Venezuela (Bolivarian Republic of)
Lecythidaceae,Gustavia hexapetala,(Aubl.) Sm.,Venezuela (Bolivarian Republic of)
Lecythidaceae,Gustavia parviflora,S.A.Mori,Venezuela (Bolivarian Republic of)
Lecythidaceae,Gustavia paucisperma,S.A.Mori,Venezuela (Bolivarian Republic of)
Lecythidaceae,Gustavia poeppigiana,O.Berg,Venezuela (Bolivarian Republic of)
Lecythidaceae,Gustavia pulchra,Miers,Venezuela (Bolivarian Republic of)
Lecythidaceae,Gustavia tejerae,R.Knuth,Venezuela (Bolivarian Republic of)
Lecythidaceae,Lecythis alutacea,(A.C.Sm.) S.A.Mori,Venezuela (Bolivarian Republic of)
Lecythidaceae,Lecythis chartacea,O.Berg,Venezuela (Bolivarian Republic of)
Lecythidaceae,Lecythis corrugata,Poit.,Venezuela (Bolivarian Republic of)
Lecythidaceae,Lecythis minor,Jacq.,Venezuela (Bolivarian Republic of)
Lecythidaceae,Lecythis ollaria,L.,Venezuela (Bolivarian Republic of)
Lecythidaceae,Lecythis zabucajo,Aubl.,Venezuela (Bolivarian Republic of)
Linaceae,Hebepetalum humiriifolia,(Planch.) Benth.,Venezuela (Bolivarian Republic of)
Linaceae,Hebepetalum neblinae,Jardim & P.E.Berry,Venezuela (Bolivarian Republic of)
Linaceae,Roucheria calophylla,Planch.,Venezuela (Bolivarian Republic of)
Linaceae,Roucheria columbiana,Hallier f.,Venezuela (Bolivarian Republic of)
Linaceae,Roucheria laxiflora,H.J.P.Winkl.,Venezuela (Bolivarian Republic of)
Linaceae,Roucheria schomburgkii,Planch.,Venezuela (Bolivarian Republic of)
Loganiaceae,Antonia ovata,Pohl,Venezuela (Bolivarian Republic of)
Loganiaceae,Bonyunia aquatica,Ducke,Venezuela (Bolivarian Republic of)
Loganiaceae,Bonyunia minor,N.E.Br.,Venezuela (Bolivarian Republic of)
Loganiaceae,Bonyunia superba,R.H.Schomb. ex Progel,Venezuela (Bolivarian Republic of)
Loganiaceae,Strychnos colombiensis,Krukoff & Barneby,Venezuela (Bolivarian Republic of)
Loganiaceae,Strychnos fendleri,Sprague & Sandwith,Venezuela (Bolivarian Republic of)
Loganiaceae,Strychnos glabra,Sagot ex Progel,Venezuela (Bolivarian Republic of)
Loganiaceae,Strychnos jobertiana,Baill.,Venezuela (Bolivarian Republic of)
Loganiaceae,Strychnos mattogrossensis,S.Moore,Venezuela (Bolivarian Republic of)
Loganiaceae,Strychnos panurensis,Sprague & Sandwith,Venezuela (Bolivarian Republic of)
Loganiaceae,Strychnos rondeletioides,Spruce ex Benth.,Venezuela (Bolivarian Republic of)
Loranthaceae,Gaiadendron punctatum,(Ruiz & Pav.) G.Don,Venezuela (Bolivarian Republic of)
Loranthaceae,Tripodanthus acutifolius,(Ruiz & Pav.) Tiegh.,Venezuela (Bolivarian Republic of)
Lythraceae,Adenaria floribunda,Kunth,Venezuela (Bolivarian Republic of)
Lythraceae,Cuphea melvilla,Lindl.,Venezuela (Bolivarian Republic of)
Lythraceae,Lafoensia punicifolia,DC.,Venezuela (Bolivarian Republic of)
Lythraceae,Pehria compacta,(Rusby) Sprague,Venezuela (Bolivarian Republic of)
Magnoliaceae,Magnolia chimantensis,Steyerm. & Maguire,Venezuela (Bolivarian Republic of)
Magnoliaceae,Magnolia ptaritepuiana,Steyerm.,Venezuela (Bolivarian Republic of)
Magnoliaceae,Magnolia venezuelensis,(Lozano) Govaerts,Venezuela (Bolivarian Republic of)
Malpighiaceae,Blepharandra angustifolia,(Kunth) W.R.Anderson,Venezuela (Bolivarian Republic of)
Malpighiaceae,Blepharandra heteropetala,W.R.Anderson,Venezuela (Bolivarian Republic of)
Malpighiaceae,Blepharandra hypoleuca,(Benth.) Griseb.,Venezuela (Bolivarian Republic of)
Malpighiaceae,Bunchosia argentea,(Jacq.) DC.,Venezuela (Bolivarian Republic of)
Malpighiaceae,Bunchosia armeniaca,(Cav.) DC.,Venezuela (Bolivarian Republic of)
Malpighiaceae,Bunchosia cestrifolia,Cuatrec.,Venezuela (Bolivarian Republic of)
Malpighiaceae,Bunchosia decussiflora,W.R.Anderson,Venezuela (Bolivarian Republic of)
Malpighiaceae,Bunchosia diphylla,(Jacq.) Cuatrec. & Croat,Venezuela (Bolivarian Republic of)
Malpighiaceae,Bunchosia glandulifera,(Jacq.) Kunth,Venezuela (Bolivarian Republic of)
Malpighiaceae,Bunchosia mollis,Benth.,Venezuela (Bolivarian Republic of)
Malpighiaceae,Bunchosia odorata,(Jacq.) Juss.,Venezuela (Bolivarian Republic of)
Malpighiaceae,Bunchosia tuberculata,(Jacq.) DC.,Venezuela (Bolivarian Republic of)
Malpighiaceae,Burdachia prismatocarpa,Mart. ex A.Juss.,Venezuela (Bolivarian Republic of)
Malpighiaceae,Burdachia sphaerocarpa,A.Juss.,Venezuela (Bolivarian Republic of)
Malpighiaceae,Byrsonima aerugo,Sagot,Venezuela (Bolivarian Republic of)
Malpighiaceae,Byrsonima amoena,Cuatrec.,Venezuela (Bolivarian Republic of)
Malpighiaceae,Byrsonima arthropoda,A.Juss.,Venezuela (Bolivarian Republic of)
Malpighiaceae,Byrsonima baccae,W.R.Anderson,Venezuela (Bolivarian Republic of)
Malpighiaceae,Byrsonima basiliana,W.R.Anderson,Venezuela (Bolivarian Republic of)
Malpighiaceae,Byrsonima bronweniana,W.R.Anderson,Venezuela (Bolivarian Republic of)
Malpighiaceae,Byrsonima carraoana,Steyerm.,Venezuela (Bolivarian Republic of)
Malpighiaceae,Byrsonima chalcophylla,Nied.,Venezuela (Bolivarian Republic of)
Malpighiaceae,Byrsonima coccolobifolia,Kunth,Venezuela (Bolivarian Republic of)
Malpighiaceae,Byrsonima concinna,Benth.,Venezuela (Bolivarian Republic of)
Malpighiaceae,Byrsonima coniophylla,A.Juss.,Venezuela (Bolivarian Republic of)
Malpighiaceae,Byrsonima cowanii,W.R.Anderson,Venezuela (Bolivarian Republic of)
Malpighiaceae,Byrsonima crassifolia,(L.) Kunth,Venezuela (Bolivarian Republic of)
Malpighiaceae,Byrsonima crispa,A.Juss.,Venezuela (Bolivarian Republic of)
Malpighiaceae,Byrsonima cuprea,Griseb.,Venezuela (Bolivarian Republic of)
Malpighiaceae,Byrsonima dubia,W.R.Anderson,Venezuela (Bolivarian Republic of)
Malpighiaceae,Byrsonima duidana,W.R.Anderson,Venezuela (Bolivarian Republic of)
Malpighiaceae,Byrsonima fanshawei,W.R.Anderson,Venezuela (Bolivarian Republic of)
Malpighiaceae,Byrsonima fernandezii,Cuatrec.,Venezuela (Bolivarian Republic of)
Malpighiaceae,Byrsonima flexipes,W.R.Anderson,Venezuela (Bolivarian Republic of)
Malpighiaceae,Byrsonima gymnocalycina,A.Juss.,Venezuela (Bolivarian Republic of)
Malpighiaceae,Byrsonima huberi,W.R.Anderson,Venezuela (Bolivarian Republic of)
Malpighiaceae,Byrsonima hypoleuca,Turcz.,Venezuela (Bolivarian Republic of)
Malpighiaceae,Byrsonima japurensis,A.Juss.,Venezuela (Bolivarian Republic of)
Malpighiaceae,Byrsonima karstenii,W.R.Anderson,Venezuela (Bolivarian Republic of)
Malpighiaceae,Byrsonima laevis,Nied.,Venezuela (Bolivarian Republic of)
Malpighiaceae,Byrsonima linguifera,Cuatrec.,Venezuela (Bolivarian Republic of)
Malpighiaceae,Byrsonima luetzelburgii,Steyerm.,Venezuela (Bolivarian Republic of)
Malpighiaceae,Byrsonima macrostachya,W.R.Anderson,Venezuela (Bolivarian Republic of)
Malpighiaceae,Byrsonima maguirei,W.R.Anderson,Venezuela (Bolivarian Republic of)
Malpighiaceae,Byrsonima nitidissima,Kunth,Venezuela (Bolivarian Republic of)
Malpighiaceae,Byrsonima poeppigiana,A.Juss.,Venezuela (Bolivarian Republic of)
Malpighiaceae,Byrsonima punctulata,A.Juss.,Venezuela (Bolivarian Republic of)
Malpighiaceae,Byrsonima schomburgkiana,Benth.,Venezuela (Bolivarian Republic of)
Malpighiaceae,Byrsonima spicata,(Cav.) Rich. ex Kunth,Venezuela (Bolivarian Republic of)
Malpighiaceae,Byrsonima steyermarkii,W.R.Anderson,Venezuela (Bolivarian Republic of)
Malpighiaceae,Byrsonima stipulacea,A.Juss.,Venezuela (Bolivarian Republic of)
Malpighiaceae,Byrsonima tillettii,W.R.Anderson,Venezuela (Bolivarian Republic of)
Malpighiaceae,Byrsonima verbascifolia,(L.) DC.,Venezuela (Bolivarian Republic of)
Malpighiaceae,Byrsonima wurdackii,W.R.Anderson,Venezuela (Bolivarian Republic of)
Malpighiaceae,Diacidia ferruginea,(Maguire & K.D.Phelps) W.R.Anderson,Venezuela (Bolivarian Republic of)
Malpighiaceae,Diacidia galphimioides,Griseb.,Venezuela (Bolivarian Republic of)
Malpighiaceae,Diacidia glaucifolia,(Maguire) W.R.Anderson,Venezuela (Bolivarian Republic of)
Malpighiaceae,Diacidia hypoleuca,(Maguire) W.R.Anderson,Venezuela (Bolivarian Republic of)
Malpighiaceae,Diacidia kunhardtii,(Maguire) W.R.Anderson,Venezuela (Bolivarian Republic of)
Malpighiaceae,Diacidia rufa,(Maguire) W.R.Anderson,Venezuela (Bolivarian Republic of)
Malpighiaceae,Diacidia steyermarkii,(Maguire) W.R.Anderson,Venezuela (Bolivarian Republic of)
Malpighiaceae,Diacidia vestita,(Benth.) Benth. & Hook.f. ex B.D.Jacks.,Venezuela (Bolivarian Republic of)
Malpighiaceae,Glandonia williamsii,Steyerm.,Venezuela (Bolivarian Republic of)
Malpighiaceae,Heteropterys atabapensis,W.R.Anderson,Venezuela (Bolivarian Republic of)
Malpighiaceae,Heteropterys laurifolia,(L.) A.Juss.,Venezuela (Bolivarian Republic of)
Malpighiaceae,Heteropterys nervosa,A.Juss.,Venezuela (Bolivarian Republic of)
Malpighiaceae,Heteropterys oblongifolia,Gleason,Venezuela (Bolivarian Republic of)
Malpighiaceae,Heteropterys quetepensis,Steyerm.,Venezuela (Bolivarian Republic of)
Malpighiaceae,Hiraea fagifolia,(DC.) A.Juss.,Venezuela (Bolivarian Republic of)
Malpighiaceae,Hiraea reclinata,Jacq.,Venezuela (Bolivarian Republic of)
Malpighiaceae,Lophanthera longifolia,(Kunth) Griseb.,Venezuela (Bolivarian Republic of)
Malpighiaceae,Lophopterys splendens,A. Juss.,Venezuela (Bolivarian Republic of)
Malpighiaceae,Malpighia glabra,L.,Venezuela (Bolivarian Republic of)
Malpighiaceae,Pterandra flavescens,Maguire,Venezuela (Bolivarian Republic of)
Malpighiaceae,Pterandra sericea,W.R.Anderson,Venezuela (Bolivarian Republic of)
Malpighiaceae,Spachea elegans,(G.Mey.) A.Juss.,Venezuela (Bolivarian Republic of)
Malpighiaceae,Tetrapterys aristeguietae,W.R.Anderson,Venezuela (Bolivarian Republic of)
Malpighiaceae,Tetrapterys styloptera,A.Juss.,Venezuela (Bolivarian Republic of)
Malvaceae,Abutilon giganteum,(Jacq.) Sweet,Venezuela (Bolivarian Republic of)
Malvaceae,Abutilon stenopetalum,Garcke,Venezuela (Bolivarian Republic of)
Malvaceae,Abutilon turumiquirense,Steyerm.,Venezuela (Bolivarian Republic of)
Malvaceae,Apeiba albiflora,Ducke,Venezuela (Bolivarian Republic of)
Malvaceae,Apeiba glabra,Aubl.,Venezuela (Bolivarian Republic of)
Malvaceae,Apeiba membranacea,Spruce ex Benth.,Venezuela (Bolivarian Republic of)
Malvaceae,Apeiba petoumo,Aubl.,Venezuela (Bolivarian Republic of)
Malvaceae,Apeiba schomburgkii,Szyszył.,Venezuela (Bolivarian Republic of)
Malvaceae,Apeiba tibourbou,Aubl.,Venezuela (Bolivarian Republic of)
Malvaceae,Apeiba uittienii,Jans.-Jac. & Westra,Venezuela (Bolivarian Republic of)
Malvaceae,Bakeridesia integerrima,(Hook.) D.M.Bates,Venezuela (Bolivarian Republic of)
Malvaceae,Bastardiopsis yaracuyensis,(Fryxell) Dorr,Venezuela (Bolivarian Republic of)
Malvaceae,Byttneria divaricata,Benth.,Venezuela (Bolivarian Republic of)
Malvaceae,Catostemma commune,Sandwith,Venezuela (Bolivarian Republic of)
Malvaceae,Catostemma durifolius,W.S.Alverson,Venezuela (Bolivarian Republic of)
Malvaceae,Catostemma ebracteolatum,Steyerm.,Venezuela (Bolivarian Republic of)
Malvaceae,Catostemma hirsutulum,Steyerm.,Venezuela (Bolivarian Republic of)
Malvaceae,Catostemma lemense,Sanoja,Venezuela (Bolivarian Republic of)
Malvaceae,Catostemma marahuacense,Steyerm.,Venezuela (Bolivarian Republic of)
Malvaceae,Catostemma sancarlosianum,Steyerm.,Venezuela (Bolivarian Republic of)
Malvaceae,Cavanillesia umbellata,Ruiz & Pav.,Venezuela (Bolivarian Republic of)
Malvaceae,Ceiba pentandra,(L.) Gaertn.,Venezuela (Bolivarian Republic of)
Malvaceae,Christiana africana,DC.,Venezuela (Bolivarian Republic of)
Malvaceae,Eriotheca globosa,(Aubl.) A.Robyns,Venezuela (Bolivarian Republic of)
Malvaceae,Goethalsia meiantha,(Donn.Sm.) Burret,Venezuela (Bolivarian Republic of)
Malvaceae,Guazuma ulmifolia,Lam.,Venezuela (Bolivarian Republic of)
Malvaceae,Gyranthera caribensis,Pittier,Venezuela (Bolivarian Republic of)
Malvaceae,Helicteres baruensis,Jacq.,Venezuela (Bolivarian Republic of)
Malvaceae,Helicteres brevispira,A.Juss.,Venezuela (Bolivarian Republic of)
Malvaceae,Helicteres carthagenensis,Jacq.,Venezuela (Bolivarian Republic of)
Malvaceae,Helicteres pentandra,L.,Venezuela (Bolivarian Republic of)
Malvaceae,Heliocarpus americanus,L.,Venezuela (Bolivarian Republic of)
Malvaceae,Herrania albiflora,Goudot,Venezuela (Bolivarian Republic of)
Malvaceae,Herrania camargoana,R.E.Schult.,Venezuela (Bolivarian Republic of)
Malvaceae,Herrania kanukuensis,R.E.Schult.,Venezuela (Bolivarian Republic of)
Malvaceae,Herrania lemniscata,(M.R.Schomb.) R.E.Schult.,Venezuela (Bolivarian Republic of)
Malvaceae,Herrania purpurea,(Pittier) R.E.Schult.,Venezuela (Bolivarian Republic of)
Malvaceae,Luehea candida,(Moc. & Sessé ex DC.) Mart.,Venezuela (Bolivarian Republic of)
Malvaceae,Luehea cymulosa,Spruce ex Benth.,Venezuela (Bolivarian Republic of)
Malvaceae,Luehea seemannii,Triana & Planch.,Venezuela (Bolivarian Republic of)
Malvaceae,Lueheopsis althaeiflora,(Spruce ex Benth.) Burret,Venezuela (Bolivarian Republic of)
Malvaceae,Lueheopsis duckeana,Burret,Venezuela (Bolivarian Republic of)
Malvaceae,Lueheopsis rosea,(Ducke) Burret,Venezuela (Bolivarian Republic of)
Malvaceae,Lueheopsis rugosa,(Pulle) Burret,Venezuela (Bolivarian Republic of)
Malvaceae,Matisia amplifolia,Pittier,Venezuela (Bolivarian Republic of)
Malvaceae,Matisia glandifera,Planch. & Triana,Venezuela (Bolivarian Republic of)
Malvaceae,Matisia ochrocalyx,K.Schum.,Venezuela (Bolivarian Republic of)
Malvaceae,Matisia samariensis,(Cuatrec.) Cuatrec.,Venezuela (Bolivarian Republic of)
Malvaceae,Melochia caracasana,Jacq.,Venezuela (Bolivarian Republic of)
Malvaceae,Melochia ulmifolia,Benth.,Venezuela (Bolivarian Republic of)
Malvaceae,Mollia glabrescens,Benth.,Venezuela (Bolivarian Republic of)
Malvaceae,Mollia gracilis,Spruce ex Benth.,Venezuela (Bolivarian Republic of)
Malvaceae,Mollia grandiflora,Meijer,Venezuela (Bolivarian Republic of)
Malvaceae,Mollia lepidota,Spruce ex Benth.,Venezuela (Bolivarian Republic of)
Malvaceae,Mollia speciosa,Mart.,Venezuela (Bolivarian Republic of)
Malvaceae,Mollia tomentosa,Spruce ex Benth.,Venezuela (Bolivarian Republic of)
Malvaceae,Mollia ulei,Burret,Venezuela (Bolivarian Republic of)
Malvaceae,Ochroma pyramidale,(Cav. ex Lam.) Urb.,Venezuela (Bolivarian Republic of)
Malvaceae,Pachira amazonica,(A.Robyns) W.S.Alverson,Venezuela (Bolivarian Republic of)
Malvaceae,Pachira aquatica,Aubl.,Venezuela (Bolivarian Republic of)
Malvaceae,Pachira aracamuniana,(Steyerm.) W.S.Alverson,Venezuela (Bolivarian Republic of)
Malvaceae,Pachira coriacea,(Mart.) W.S.Alverson,Venezuela (Bolivarian Republic of)
Malvaceae,Pachira cowanii,(A.Robyns) W.S.Alverson,Venezuela (Bolivarian Republic of)
Malvaceae,Pachira flaviflora,(Pulle) Fern.Alonso,Venezuela (Bolivarian Republic of)
Malvaceae,Pachira fuscolepidota,(Steyerm.) W.S.Alverson,Venezuela (Bolivarian Republic of)
Malvaceae,Pachira gracilis,(A.Robyns) W.S.Alverson,Venezuela (Bolivarian Republic of)
Malvaceae,Pachira humilis,Spruce ex Decne.,Venezuela (Bolivarian Republic of)
Malvaceae,Pachira insignis,(Sw.) Savigny,Venezuela (Bolivarian Republic of)
Malvaceae,Pachira liesneri,(Steyerm.) W.S.Alverson,Venezuela (Bolivarian Republic of)
Malvaceae,Pachira mawarinumae,(Steyerm.) W.S.Alverson,Venezuela (Bolivarian Republic of)
Malvaceae,Pachira minor,(Sims) Hemsl.,Venezuela (Bolivarian Republic of)
Malvaceae,Pachira nitida,Kunth,Venezuela (Bolivarian Republic of)
Malvaceae,Pachira orinocensis,(A.Robyns) W.S.Alverson,Venezuela (Bolivarian Republic of)
Malvaceae,Pachira paraensis,(Ducke) W.S.Alverson,Venezuela (Bolivarian Republic of)
Malvaceae,Pachira pseudofaroensis,(A.Robyns) W.S.Alverson,Venezuela (Bolivarian Republic of)
Malvaceae,Pachira robynsii,(Steyerm. & W.D.Stevens) W.S.Alverson,Venezuela (Bolivarian Republic of)
Malvaceae,Pachira rupicola,(A.Robyns) W.S.Alverson,Venezuela (Bolivarian Republic of)
Malvaceae,Pachira sordida,(R.E.Schult.) W.S.Alverson,Venezuela (Bolivarian Republic of)
Malvaceae,Pachira tepuiensis,(Steyerm.) W.S.Alverson,Venezuela (Bolivarian Republic of)
Malvaceae,Pachira trinitensis,Urb.,Venezuela (Bolivarian Republic of)
Malvaceae,Pachira yapacanae,Steyerm. ex W.S.Alverson,Venezuela (Bolivarian Republic of)
Malvaceae,Pavonia dasypetala,Turcz.,Venezuela (Bolivarian Republic of)
Malvaceae,Pavonia malacophylla,(Link & Otto) Garcke,Venezuela (Bolivarian Republic of)
Malvaceae,Pochota fendleri,(Seem.) W.S. Alverson & M.C. Duarte,Venezuela (Bolivarian Republic of)
Malvaceae,Pseudobombax croizatii,A.Robyns,Venezuela (Bolivarian Republic of)
Malvaceae,Pseudobombax maximum,A.Robyns,Venezuela (Bolivarian Republic of)
Malvaceae,Pseudobombax septenatum,(Jacq.) Dugand,Venezuela (Bolivarian Republic of)
Malvaceae,Pterygota colombiana,Cuatrec.,Venezuela (Bolivarian Republic of)
Malvaceae,Quararibea aristeguietae,Cuatrec.,Venezuela (Bolivarian Republic of)
Malvaceae,Quararibea cryptantha,Fern.Alonso,Venezuela (Bolivarian Republic of)
Malvaceae,Quararibea gigantiflora,Pittier,Venezuela (Bolivarian Republic of)
Malvaceae,Quararibea guianensis,Aubl.,Venezuela (Bolivarian Republic of)
Malvaceae,Quararibea magnifica,Pittier,Venezuela (Bolivarian Republic of)
Malvaceae,Quararibea obovalifolia,Pittier,Venezuela (Bolivarian Republic of)
Malvaceae,Quararibea pterocalyx,Hemsl.,Venezuela (Bolivarian Republic of)
Malvaceae,Quararibea steyermarkii,Cuatrec.,Venezuela (Bolivarian Republic of)
Malvaceae,Sterculia abbreviata,E.L.Taylor ex Mondragón,Venezuela (Bolivarian Republic of)
Malvaceae,Sterculia amazonica,E.L.Taylor ex Mondragón,Venezuela (Bolivarian Republic of)
Malvaceae,Sterculia apetala,(Jacq.) H.Karst.,Venezuela (Bolivarian Republic of)
Malvaceae,Sterculia kayae,P.E.Berry,Venezuela (Bolivarian Republic of)
Malvaceae,Sterculia multiovula,E.L. Taylor ex Mondragón,Venezuela (Bolivarian Republic of)
Malvaceae,Sterculia peruviana,(D.R.Simpson) E.L.Taylor ex Brako & Zarucchi,Venezuela (Bolivarian Republic of)
Malvaceae,Sterculia pruriens,(Aubl.) K.Schum.,Venezuela (Bolivarian Republic of)
Malvaceae,Sterculia rugosa,R.Br.,Venezuela (Bolivarian Republic of)
Malvaceae,Sterculia steyermarkii,E.L.Taylor ex Mondragón,Venezuela (Bolivarian Republic of)
Malvaceae,Theobroma bicolor,Bonpl.,Venezuela (Bolivarian Republic of)
Malvaceae,Theobroma microcarpum,Mart.,Venezuela (Bolivarian Republic of)
Malvaceae,Theobroma obovatum,Klotzsch ex Bernoulli,Venezuela (Bolivarian Republic of)
Malvaceae,Theobroma speciosum,Willd. ex Spreng.,Venezuela (Bolivarian Republic of)
Malvaceae,Theobroma subincanum,Mart.,Venezuela (Bolivarian Republic of)
Malvaceae,Thespesia populnea,(L.) Sol. ex Corrêa,Venezuela (Bolivarian Republic of)
Malvaceae,Trichospermum galeottii,(Turcz.) Kosterm.,Venezuela (Bolivarian Republic of)
Malvaceae,Triumfetta bogotensis,DC.,Venezuela (Bolivarian Republic of)
Malvaceae,Triumfetta lappula,L.,Venezuela (Bolivarian Republic of)
Malvaceae,Triumfetta semitriloba,Jacq.,Venezuela (Bolivarian Republic of)
Malvaceae,Uladendron codesuri,Marc.-Berti,Venezuela (Bolivarian Republic of)
Malvaceae,Vasivaea alchorneoides,Baill.,Venezuela (Bolivarian Republic of)
Melastomataceae,Acanthella sprucei,Benth. & Hook.f.,Venezuela (Bolivarian Republic of)
Melastomataceae,Andesanthus lepidotus,(Humb. & Bonpl.) P.J.F.Guim. & Michelang.,Venezuela (Bolivarian Republic of)
Melastomataceae,Axinaea affinis,Cogn.,Venezuela (Bolivarian Republic of)
Melastomataceae,Axinaea costaricensis,Cogn.,Venezuela (Bolivarian Republic of)
Melastomataceae,Axinaea floribunda,Triana,Venezuela (Bolivarian Republic of)
Melastomataceae,Axinaea grandifolia,(Naudin) Triana,Venezuela (Bolivarian Republic of)
Melastomataceae,Axinaea macrophylla,(Naudin) Triana,Venezuela (Bolivarian Republic of)
Melastomataceae,Bellucia arborescens,Baill.,Venezuela (Bolivarian Republic of)
Melastomataceae,Bellucia grossularioides,(L.) Triana,Venezuela (Bolivarian Republic of)
Melastomataceae,Bellucia huberi,(Wurdack) S.S.Renner,Venezuela (Bolivarian Republic of)
Melastomataceae,Bellucia mespiloides,(Miq.) Macbr.,Venezuela (Bolivarian Republic of)
Melastomataceae,Bellucia ovata,"(O.Berg ex Triana) Penneys, Michelang., Judd & Almeda",Venezuela (Bolivarian Republic of)
Melastomataceae,Bellucia pentamera,Naudin,Venezuela (Bolivarian Republic of)
Melastomataceae,Bellucia spruceana,(Triana) J.F.Macbr.,Venezuela (Bolivarian Republic of)
Melastomataceae,Bellucia strigosa,"(Gleason) Penneys, Michelang., Judd & Almeda",Venezuela (Bolivarian Republic of)
Melastomataceae,Blakea ferruginea,(Gleason) Penneys & Judd,Venezuela (Bolivarian Republic of)
Melastomataceae,Blakea lindeniana,Triana,Venezuela (Bolivarian Republic of)
Melastomataceae,Blakea orientalis,Gleason,Venezuela (Bolivarian Republic of)
Melastomataceae,Blakea parasitica,(Aubl.) D. Don,Venezuela (Bolivarian Republic of)
Melastomataceae,Blakea rosea,(Ruiz & Pav.) D. Don,Venezuela (Bolivarian Republic of)
Melastomataceae,Blakea steyermarkii,(Wurdack) Penneys & Judd,Venezuela (Bolivarian Republic of)
Melastomataceae,Centronia neblinae,Wurdack,Venezuela (Bolivarian Republic of)
Melastomataceae,Clidemia capitellata,(Bonpl.) D. Don,Venezuela (Bolivarian Republic of)
Melastomataceae,Clidemia dentata,Pav. ex D. Don,Venezuela (Bolivarian Republic of)
Melastomataceae,Clidemia discolor,(Triana) Cogn.,Venezuela (Bolivarian Republic of)
Melastomataceae,Clidemia epiphytica,(Triana) Cogn.,Venezuela (Bolivarian Republic of)
Melastomataceae,Clidemia ostrina,Gleason,Venezuela (Bolivarian Republic of)
Melastomataceae,Clidemia rubra,(Aubl.) Mart.,Venezuela (Bolivarian Republic of)
Melastomataceae,Clidemia septuplinervia,Cogn.,Venezuela (Bolivarian Republic of)
Melastomataceae,Clidemia sessiliflora,(Naudin) Cogn.,Venezuela (Bolivarian Republic of)
Melastomataceae,Conostegia consimilis,(Gleason) Kriebel,Venezuela (Bolivarian Republic of)
Melastomataceae,Conostegia cuatrecasasii,Gleason,Venezuela (Bolivarian Republic of)
Melastomataceae,Conostegia schlimii,(Triana) Kriebel,Venezuela (Bolivarian Republic of)
Melastomataceae,Conostegia subcrustulata,(Beurl.) Triana,Venezuela (Bolivarian Republic of)
Melastomataceae,Desmoscelis villosa,(Aubl.) Naudin,Venezuela (Bolivarian Republic of)
Melastomataceae,Graffenrieda caryophyllea,Triana,Venezuela (Bolivarian Republic of)
Melastomataceae,Graffenrieda cinnoides,Gleason,Venezuela (Bolivarian Republic of)
Melastomataceae,Graffenrieda conostegioides,Triana,Venezuela (Bolivarian Republic of)
Melastomataceae,Graffenrieda fantastica,R.E. Schult. & L.B. Sm.,Venezuela (Bolivarian Republic of)
Melastomataceae,Graffenrieda hitchcockii,Gleason,Venezuela (Bolivarian Republic of)
Melastomataceae,Graffenrieda intermedia,Triana,Venezuela (Bolivarian Republic of)
Melastomataceae,Graffenrieda jauana,Wurdack,Venezuela (Bolivarian Republic of)
Melastomataceae,Graffenrieda kralii,Wurdack,Venezuela (Bolivarian Republic of)
Melastomataceae,Graffenrieda laevicarpa,Michelang. & R.Goldenb.,Venezuela (Bolivarian Republic of)
Melastomataceae,Graffenrieda latifolia,(Naudin) Triana,Venezuela (Bolivarian Republic of)
Melastomataceae,Graffenrieda miconioides,Naudin,Venezuela (Bolivarian Republic of)
Melastomataceae,Graffenrieda polymera,Gleason,Venezuela (Bolivarian Republic of)
Melastomataceae,Graffenrieda reticulata,Wurdack,Venezuela (Bolivarian Republic of)
Melastomataceae,Graffenrieda rotundifolia,(Bonpl.) DC.,Venezuela (Bolivarian Republic of)
Melastomataceae,Graffenrieda rupestris,Ducke,Venezuela (Bolivarian Republic of)
Melastomataceae,Graffenrieda sessilifolia,Triana,Venezuela (Bolivarian Republic of)
Melastomataceae,Graffenrieda sipapoana,Wurdack,Venezuela (Bolivarian Republic of)
Melastomataceae,Graffenrieda tricalcarata,Gleason,Venezuela (Bolivarian Republic of)
Melastomataceae,Graffenrieda versicolor,Gleason,Venezuela (Bolivarian Republic of)
Melastomataceae,Graffenrieda weddellii,Naudin,Venezuela (Bolivarian Republic of)
Melastomataceae,Henriettea bracteosa,"(Wurdack) Penneys, Michelang., Judd & Almeda",Venezuela (Bolivarian Republic of)
Melastomataceae,Henriettea caudata,"(Gleason) Penneys, F.A. Michelangeli, Judd & Almeda",Venezuela (Bolivarian Republic of)
Melastomataceae,Henriettea duckeana,"(Hoehne) Penneys, F.A. Michelangeli, Judd & Almeda",Venezuela (Bolivarian Republic of)
Melastomataceae,Henriettea fascicularis,(Sw.) M.Gómez,Venezuela (Bolivarian Republic of)
Melastomataceae,Henriettea granulata,O. Berg & Triana,Venezuela (Bolivarian Republic of)
Melastomataceae,Henriettea horridula,Pilg.,Venezuela (Bolivarian Republic of)
Melastomataceae,Henriettea lawrancei,"(Gleason) Penneys, F.A. Michelangeli, Judd & Almeda",Venezuela (Bolivarian Republic of)
Melastomataceae,Henriettea manarae,"(Wurdack) Penneys, Michelang., Judd & Almeda",Venezuela (Bolivarian Republic of)
Melastomataceae,Henriettea maroniensis,Sagot,Venezuela (Bolivarian Republic of)
Melastomataceae,Henriettea martiusii,(DC.) Naudin,Venezuela (Bolivarian Republic of)
Melastomataceae,Henriettea multiflora,Naudin,Venezuela (Bolivarian Republic of)
Melastomataceae,Henriettea ovata,"(Cogn.) Penneys, F.A.Michelangeli, Judd & Almeda",Venezuela (Bolivarian Republic of)
Melastomataceae,Henriettea patrisiana,DC.,Venezuela (Bolivarian Republic of)
Melastomataceae,Henriettea ramiflora,(Sw.) DC.,Venezuela (Bolivarian Republic of)
Melastomataceae,Henriettea sessilifolia,(L.) Alain,Venezuela (Bolivarian Republic of)
Melastomataceae,Henriettea spruceana,Cogn.,Venezuela (Bolivarian Republic of)
Melastomataceae,Henriettea stellaris,O. Berg ex Triana,Venezuela (Bolivarian Republic of)
Melastomataceae,Henriettea steyermarkii,"(Wurdack) Penneys, F.A. Michelangeli, Judd & Almeda",Venezuela (Bolivarian Republic of)
Melastomataceae,Henriettea succosa,(Aubl.) DC.,Venezuela (Bolivarian Republic of)
Melastomataceae,Henriettea tovarensis,"(Cogn.) Penneys, F.A.Michelangeli, Judd & Almeda",Venezuela (Bolivarian Republic of)
Melastomataceae,Henriettea williamsii,"(Pittier) Penneys, Michelang., Judd & Almeda",Venezuela (Bolivarian Republic of)
Melastomataceae,Leandra chaetodon,(DC.) Cogn.,Venezuela (Bolivarian Republic of)
Melastomataceae,Leandra granatensis,Gleason,Venezuela (Bolivarian Republic of)
Melastomataceae,Leandra solenifera,Cogn.,Venezuela (Bolivarian Republic of)
Melastomataceae,Leandra subseriata,(Naudin) Cogn.,Venezuela (Bolivarian Republic of)
Melastomataceae,Macairea chimantensis,Wurdack,Venezuela (Bolivarian Republic of)
Melastomataceae,Macairea pachyphylla,Benth.,Venezuela (Bolivarian Republic of)
Melastomataceae,Macairea rigida,Benth.,Venezuela (Bolivarian Republic of)
Melastomataceae,Macairea stylosa,Triana,Venezuela (Bolivarian Republic of)
Melastomataceae,Macairea thyrsiflora,DC.,Venezuela (Bolivarian Republic of)
Melastomataceae,Maieta guianensis,Aubl.,Venezuela (Bolivarian Republic of)
Melastomataceae,Meriania brachycera,(Naudin) Humberto Mend. & Fern.Alonso,Venezuela (Bolivarian Republic of)
Melastomataceae,Meriania crassiramis,(Naudin) Wurdack,Venezuela (Bolivarian Republic of)
Melastomataceae,Meriania dimorphanthera,Wurdack,Venezuela (Bolivarian Republic of)
Melastomataceae,Meriania haemantha,(Planch. & Linden) Humberto Mend. & Fern.Alonso,Venezuela (Bolivarian Republic of)
Melastomataceae,Meriania ornata,Wurdack,Venezuela (Bolivarian Republic of)
Melastomataceae,Meriania speciosa,(Bonpl.) Naudin,Venezuela (Bolivarian Republic of)
Melastomataceae,Meriania subumbellata,Cogn.,Venezuela (Bolivarian Republic of)
Melastomataceae,Meriania tomentosa,(Cogn.) Wurdack,Venezuela (Bolivarian Republic of)
Melastomataceae,Meriania urceolata,Triana,Venezuela (Bolivarian Republic of)
Melastomataceae,Miconia abbreviata,Markgr.,Venezuela (Bolivarian Republic of)
Melastomataceae,Miconia acutifolia,Ule,Venezuela (Bolivarian Republic of)
Melastomataceae,Miconia aeruginosa,Naudin,Venezuela (Bolivarian Republic of)
Melastomataceae,Miconia affinis,DC.,Venezuela (Bolivarian Republic of)
Melastomataceae,Miconia aguitensis,Gleason,Venezuela (Bolivarian Republic of)
Melastomataceae,Miconia albicans,(Sw.) Steud.,Venezuela (Bolivarian Republic of)
Melastomataceae,Miconia alborufescens,Naudin,Venezuela (Bolivarian Republic of)
Melastomataceae,Miconia aliquantula,Wurdack,Venezuela (Bolivarian Republic of)
Melastomataceae,Miconia alternans,Naudin,Venezuela (Bolivarian Republic of)
Melastomataceae,Miconia amacurensis,Wurdack,Venezuela (Bolivarian Republic of)
Melastomataceae,Miconia amblyandra,Naudin,Venezuela (Bolivarian Republic of)
Melastomataceae,Miconia ampla,Triana,Venezuela (Bolivarian Republic of)
Melastomataceae,Miconia aplostachya,(Bonpl.) DC.,Venezuela (Bolivarian Republic of)
Melastomataceae,Miconia appendiculata,Triana,Venezuela (Bolivarian Republic of)
Melastomataceae,Miconia araguensis,Wurdack,Venezuela (Bolivarian Republic of)
Melastomataceae,Miconia arbutifolia,Naudin,Venezuela (Bolivarian Republic of)
Melastomataceae,Miconia argyrophylla,DC.,Venezuela (Bolivarian Republic of)
Melastomataceae,Miconia astroplocama,Donn. Sm.,Venezuela (Bolivarian Republic of)
Melastomataceae,Miconia baillonii,M.Gómez,Venezuela (Bolivarian Republic of)
Melastomataceae,Miconia barbinervis,(Benth.) Triana,Venezuela (Bolivarian Republic of)
Melastomataceae,Miconia bernardii,Wurdack,Venezuela (Bolivarian Republic of)
Melastomataceae,Miconia biglandulosa,Gleason,Venezuela (Bolivarian Republic of)
Melastomataceae,Miconia brachybotrya,Triana,Venezuela (Bolivarian Republic of)
Melastomataceae,Miconia brachygyna,Gleason,Venezuela (Bolivarian Republic of)
Melastomataceae,Miconia brevipes,Benth.,Venezuela (Bolivarian Republic of)
Melastomataceae,Miconia bubalina,Naudin,Venezuela (Bolivarian Republic of)
Melastomataceae,Miconia bullifera,(Mart. & Schrank ex DC.) Michelang.,Venezuela (Bolivarian Republic of)
Melastomataceae,Miconia buntingii,Wurdack,Venezuela (Bolivarian Republic of)
Melastomataceae,Miconia cataractae,Triana,Venezuela (Bolivarian Republic of)
Melastomataceae,Miconia cautis,Wurdack,Venezuela (Bolivarian Republic of)
Melastomataceae,Miconia centrodesma,Naudin,Venezuela (Bolivarian Republic of)
Melastomataceae,Miconia ceramicarpa,(DC.) Cogn.,Venezuela (Bolivarian Republic of)
Melastomataceae,Miconia chamissois,Naudin,Venezuela (Bolivarian Republic of)
Melastomataceae,Miconia chapensis,E. Cotton & W. Meier,Venezuela (Bolivarian Republic of)
Melastomataceae,Miconia chrysophylla,(Rich.) Urb.,Venezuela (Bolivarian Republic of)
Melastomataceae,Miconia ciliata,(Rich.) DC.,Venezuela (Bolivarian Republic of)
Melastomataceae,Miconia cinchonifolia,DC.,Venezuela (Bolivarian Republic of)
Melastomataceae,Miconia cionotricha,L.Uribe,Venezuela (Bolivarian Republic of)
Melastomataceae,Miconia cooperi,(Cogn.) Michelang.,Venezuela (Bolivarian Republic of)
Melastomataceae,Miconia crassinervia,Cogn.,Venezuela (Bolivarian Republic of)
Melastomataceae,Miconia decurrens,Cogn.,Venezuela (Bolivarian Republic of)
Melastomataceae,Miconia dioica,Wurdack,Venezuela (Bolivarian Republic of)
Melastomataceae,Miconia dispar,Benth.,Venezuela (Bolivarian Republic of)
Melastomataceae,Miconia dodecandra,Cogn.,Venezuela (Bolivarian Republic of)
Melastomataceae,Miconia dolichopoda,Naudin,Venezuela (Bolivarian Republic of)
Melastomataceae,Miconia dolichorrhyncha,Naudin,Venezuela (Bolivarian Republic of)
Melastomataceae,Miconia doniana,Naudin,Venezuela (Bolivarian Republic of)
Melastomataceae,Miconia dunstervillei,Wurdack,Venezuela (Bolivarian Republic of)
Melastomataceae,Miconia egensis,Cogn.,Venezuela (Bolivarian Republic of)
Melastomataceae,Miconia elaeoides,Naudin,Venezuela (Bolivarian Republic of)
Melastomataceae,Miconia elata,(Sw.) DC.,Venezuela (Bolivarian Republic of)
Melastomataceae,Miconia elvirae,Wurdack,Venezuela (Bolivarian Republic of)
Melastomataceae,Miconia erythrophylla,Ule,Venezuela (Bolivarian Republic of)
Melastomataceae,Miconia eugenioides,Triana,Venezuela (Bolivarian Republic of)
Melastomataceae,Miconia floribunda,(Bonpl.) DC.,Venezuela (Bolivarian Republic of)
Melastomataceae,Miconia fragilis,Naudin,Venezuela (Bolivarian Republic of)
Melastomataceae,Miconia fragrans,Cogn.,Venezuela (Bolivarian Republic of)
Melastomataceae,Miconia globuliflora,(Rich.) Cogn.,Venezuela (Bolivarian Republic of)
Melastomataceae,Miconia goudotii,Naudin,Venezuela (Bolivarian Republic of)
Melastomataceae,Miconia gracilis,Triana,Venezuela (Bolivarian Republic of)
Melastomataceae,Miconia gratissima,Benth. ex Triana,Venezuela (Bolivarian Republic of)
Melastomataceae,Miconia guaiquinimae,Wurdack,Venezuela (Bolivarian Republic of)
Melastomataceae,Miconia holosericea,(L.) DC.,Venezuela (Bolivarian Republic of)
Melastomataceae,Miconia hypoleuca,(Benth.) Triana,Venezuela (Bolivarian Republic of)
Melastomataceae,Miconia ibaguensis,(Bonpl.) Triana,Venezuela (Bolivarian Republic of)
Melastomataceae,Miconia iluensis,Wurdack,Venezuela (Bolivarian Republic of)
Melastomataceae,Miconia impetiolaris,(Sw.) D. Don ex DC.,Venezuela (Bolivarian Republic of)
Melastomataceae,Miconia jahnii,Pittier,Venezuela (Bolivarian Republic of)
Melastomataceae,Miconia kapplerii,Naudin,Venezuela (Bolivarian Republic of)
Melastomataceae,Miconia kavanayensis,Wurdack,Venezuela (Bolivarian Republic of)
Melastomataceae,Miconia laevigata,(L.) D. Don,Venezuela (Bolivarian Republic of)
Melastomataceae,Miconia lamprophylla,Triana,Venezuela (Bolivarian Republic of)
Melastomataceae,Miconia lateriflora,Cogn.,Venezuela (Bolivarian Republic of)
Melastomataceae,Miconia latifolia,(D. Don) Naudin,Venezuela (Bolivarian Republic of)
Melastomataceae,Miconia lehmannii,Cogn.,Venezuela (Bolivarian Republic of)
Melastomataceae,Miconia lepidota,Schrank & Mart. ex DC.,Venezuela (Bolivarian Republic of)
Melastomataceae,Miconia limitaris,Wurdack,Venezuela (Bolivarian Republic of)
Melastomataceae,Miconia lonchophylla,Naudin,Venezuela (Bolivarian Republic of)
Melastomataceae,Miconia longifolia,(Aubl.) DC.,Venezuela (Bolivarian Republic of)
Melastomataceae,Miconia longispicata,Triana,Venezuela (Bolivarian Republic of)
Melastomataceae,Miconia lucida,Naudin,Venezuela (Bolivarian Republic of)
Melastomataceae,Miconia macrophysca,(Spruce ex Triana) Michelang.,Venezuela (Bolivarian Republic of)
Melastomataceae,Miconia macrosperma,(Mart.) Michelang.,Venezuela (Bolivarian Republic of)
Melastomataceae,Miconia macrotis,(Griseb.) Cogn.,Venezuela (Bolivarian Republic of)
Melastomataceae,Miconia magdalenae,Triana,Venezuela (Bolivarian Republic of)
Melastomataceae,Miconia maroana,Wurdack,Venezuela (Bolivarian Republic of)
Melastomataceae,Miconia matthaei,Naudin,Venezuela (Bolivarian Republic of)
Melastomataceae,Miconia minutiflora,(Bonpl.) DC.,Venezuela (Bolivarian Republic of)
Melastomataceae,Miconia mirabilis,(Aubl.) L.O. Williams,Venezuela (Bolivarian Republic of)
Melastomataceae,Miconia mituana,Wurdack,Venezuela (Bolivarian Republic of)
Melastomataceae,Miconia multiflora,Cogn.,Venezuela (Bolivarian Republic of)
Melastomataceae,Miconia multispicata,Naudin,Venezuela (Bolivarian Republic of)
Melastomataceae,Miconia myriantha,Benth.,Venezuela (Bolivarian Republic of)
Melastomataceae,Miconia neomicrantha,Judd & Skean,Venezuela (Bolivarian Republic of)
Melastomataceae,Miconia nervosa,(Sm.) Triana,Venezuela (Bolivarian Republic of)
Melastomataceae,Miconia perturbata,Wurdack,Venezuela (Bolivarian Republic of)
Melastomataceae,Miconia phaeophylla,Triana,Venezuela (Bolivarian Republic of)
Melastomataceae,Miconia pileata,DC.,Venezuela (Bolivarian Republic of)
Melastomataceae,Miconia plukenetii,Naudin,Venezuela (Bolivarian Republic of)
Melastomataceae,Miconia poeppigii,Triana,Venezuela (Bolivarian Republic of)
Melastomataceae,Miconia prasina,(Sw.) DC.,Venezuela (Bolivarian Republic of)
Melastomataceae,Miconia pterocaulon,Triana,Venezuela (Bolivarian Republic of)
Melastomataceae,Miconia pubipetala,Miq.,Venezuela (Bolivarian Republic of)
Melastomataceae,Miconia punctata,(Desr.) D. Don ex DC.,Venezuela (Bolivarian Republic of)
Melastomataceae,Miconia pyrifolia,Naudin,Venezuela (Bolivarian Republic of)
Melastomataceae,Miconia quadridomius,Gamba & Almeda,Venezuela (Bolivarian Republic of)
Melastomataceae,Miconia racemosa,(Aubl.) DC.,Venezuela (Bolivarian Republic of)
Melastomataceae,Miconia reducens,Triana,Venezuela (Bolivarian Republic of)
Melastomataceae,Miconia resimoides,Cogn.,Venezuela (Bolivarian Republic of)
Melastomataceae,Miconia roraimensis,Ule,Venezuela (Bolivarian Republic of)
Melastomataceae,Miconia rubens,(Sw.) Naudin,Venezuela (Bolivarian Republic of)
Melastomataceae,Miconia rubiginosa,(Bonpl.) DC.,Venezuela (Bolivarian Republic of)
Melastomataceae,Miconia rufescens,(Aubl.) DC.,Venezuela (Bolivarian Republic of)
Melastomataceae,Miconia ruficalyx,Gleason,Venezuela (Bolivarian Republic of)
Melastomataceae,Miconia rugosa,Triana,Venezuela (Bolivarian Republic of)
Melastomataceae,Miconia ruizteranii,Wurdack,Venezuela (Bolivarian Republic of)
Melastomataceae,Miconia rupticalyx,Wurdack,Venezuela (Bolivarian Republic of)
Melastomataceae,Miconia salicifolia,(Bonpl. ex Naudin) Naudin,Venezuela (Bolivarian Republic of)
Melastomataceae,Miconia sancti-philippi,Naudin,Venezuela (Bolivarian Republic of)
Melastomataceae,Miconia secunfrancavillana,Ocampo & Almeda,Venezuela (Bolivarian Republic of)
Melastomataceae,Miconia serialis,DC.,Venezuela (Bolivarian Republic of)
Melastomataceae,Miconia serrulata,(DC.) Naudin,Venezuela (Bolivarian Republic of)
Melastomataceae,Miconia silicicola,Gleason,Venezuela (Bolivarian Republic of)
Melastomataceae,Miconia simplex,Triana,Venezuela (Bolivarian Republic of)
Melastomataceae,Miconia smaragdina,Naudin,Venezuela (Bolivarian Republic of)
Melastomataceae,Miconia spicellata,Bonpl. ex Naudin,Venezuela (Bolivarian Republic of)
Melastomataceae,Miconia splendens,(Sw.) Griseb.,Venezuela (Bolivarian Republic of)
Melastomataceae,Miconia sprucei,Triana,Venezuela (Bolivarian Republic of)
Melastomataceae,Miconia squamulosa,Triana,Venezuela (Bolivarian Republic of)
Melastomataceae,Miconia stenostachya,DC.,Venezuela (Bolivarian Republic of)
Melastomataceae,Miconia stephananthera,Ule,Venezuela (Bolivarian Republic of)
Melastomataceae,Miconia steyermarkii,Gleason,Venezuela (Bolivarian Republic of)
Melastomataceae,Miconia subhirsuta,(DC.) M.Gómez,Venezuela (Bolivarian Republic of)
Melastomataceae,Miconia superba,Ule,Venezuela (Bolivarian Republic of)
Melastomataceae,Miconia tabayensis,Wurdack,Venezuela (Bolivarian Republic of)
Melastomataceae,Miconia tachirensis,Wurdack,Venezuela (Bolivarian Republic of)
Melastomataceae,Miconia tepuiensis,(Wurdack) Michelang.,Venezuela (Bolivarian Republic of)
Melastomataceae,Miconia tetraspermoides,Wurdack,Venezuela (Bolivarian Republic of)
Melastomataceae,Miconia theaezans,Cogn.,Venezuela (Bolivarian Republic of)
Melastomataceae,Miconia tillettii,Wurdack,Venezuela (Bolivarian Republic of)
Melastomataceae,Miconia tinifolia,Naudin,Venezuela (Bolivarian Republic of)
Melastomataceae,Miconia tocoaristata,Michelang.,Venezuela (Bolivarian Republic of)
Melastomataceae,Miconia tococa,(Desr.) Michelang.,Venezuela (Bolivarian Republic of)
Melastomataceae,Miconia tococinnamomea,Michelang.,Venezuela (Bolivarian Republic of)
Melastomataceae,Miconia tococordata,Michelang.,Venezuela (Bolivarian Republic of)
Melastomataceae,Miconia tococoronata,Michelang.,Venezuela (Bolivarian Republic of)
Melastomataceae,Miconia tomentosa,(Rich.) D. Don ex DC.,Venezuela (Bolivarian Republic of)
Melastomataceae,Miconia tovarensis,Cogn.,Venezuela (Bolivarian Republic of)
Melastomataceae,Miconia traillii,Cogn.,Venezuela (Bolivarian Republic of)
Melastomataceae,Miconia trinervia,(Sw.) D. Don ex Loudon,Venezuela (Bolivarian Republic of)
Melastomataceae,Miconia triplinervis,Ruiz & Pav.,Venezuela (Bolivarian Republic of)
Melastomataceae,Miconia trujillensis,Wurdack,Venezuela (Bolivarian Republic of)
Melastomataceae,Miconia truncata,Triana,Venezuela (Bolivarian Republic of)
Melastomataceae,Miconia undata,Triana,Venezuela (Bolivarian Republic of)
Melastomataceae,Miconia velutina,Triana,Venezuela (Bolivarian Republic of)
Melastomataceae,Miconia versicolor,Naudin,Venezuela (Bolivarian Republic of)
Melastomataceae,Miconia wittii,Ule,Venezuela (Bolivarian Republic of)
Melastomataceae,Mouriri acutiflora,Naudin,Venezuela (Bolivarian Republic of)
Melastomataceae,Mouriri angulicosta,Morley,Venezuela (Bolivarian Republic of)
Melastomataceae,Mouriri angustifolia,Spruce ex Triana,Venezuela (Bolivarian Republic of)
Melastomataceae,Mouriri barinensis,(Morley) Morley,Venezuela (Bolivarian Republic of)
Melastomataceae,Mouriri brevipes,Hook.,Venezuela (Bolivarian Republic of)
Melastomataceae,Mouriri cauliflora,Mart. ex DC.,Venezuela (Bolivarian Republic of)
Melastomataceae,Mouriri collocarpa,Ducke,Venezuela (Bolivarian Republic of)
Melastomataceae,Mouriri densifoliata,Ducke,Venezuela (Bolivarian Republic of)
Melastomataceae,Mouriri ficoides,Morley,Venezuela (Bolivarian Republic of)
Melastomataceae,Mouriri grandiflora,DC.,Venezuela (Bolivarian Republic of)
Melastomataceae,Mouriri guianensis,Aubl.,Venezuela (Bolivarian Republic of)
Melastomataceae,Mouriri huberi,Cogn.,Venezuela (Bolivarian Republic of)
Melastomataceae,Mouriri latihila,Morley,Venezuela (Bolivarian Republic of)
Melastomataceae,Mouriri longifolia,(Kunth) Morley,Venezuela (Bolivarian Republic of)
Melastomataceae,Mouriri myrtifolia,Spruce ex Triana,Venezuela (Bolivarian Republic of)
Melastomataceae,Mouriri myrtilloides,(Sw.) Poir.,Venezuela (Bolivarian Republic of)
Melastomataceae,Mouriri nervosa,Pilg.,Venezuela (Bolivarian Republic of)
Melastomataceae,Mouriri nigra,(DC.) Morley,Venezuela (Bolivarian Republic of)
Melastomataceae,Mouriri papillosa,Morley,Venezuela (Bolivarian Republic of)
Melastomataceae,Mouriri pauciflora,Spruce ex Cogn.,Venezuela (Bolivarian Republic of)
Melastomataceae,Mouriri pseudogeminata,Pittier,Venezuela (Bolivarian Republic of)
Melastomataceae,Mouriri retentipetala,Morley,Venezuela (Bolivarian Republic of)
Melastomataceae,Mouriri rhizophorifolia,(DC.) Triana,Venezuela (Bolivarian Republic of)
Melastomataceae,Mouriri sideroxylon,Sagot ex Triana,Venezuela (Bolivarian Republic of)
Melastomataceae,Mouriri subumbellata,Triana,Venezuela (Bolivarian Republic of)
Melastomataceae,Mouriri uncitheca,Morley & Wurdack,Venezuela (Bolivarian Republic of)
Melastomataceae,Mouriri vernicosa,Naudin,Venezuela (Bolivarian Republic of)
Melastomataceae,Ossaea mavacana,Wurdack,Venezuela (Bolivarian Republic of)
Melastomataceae,Tibouchina aspera,Aubl.,Venezuela (Bolivarian Republic of)
Melastomataceae,Tibouchina bipenicillata,(Naudin) Cogn.,Venezuela (Bolivarian Republic of)
Melastomataceae,Tibouchina longifolia,(Vahl) Baill.,Venezuela (Bolivarian Republic of)
Melastomataceae,Votomita orinocensis,Morley,Venezuela (Bolivarian Republic of)
Melastomataceae,Votomita ventuarensis,Morley,Venezuela (Bolivarian Republic of)
Meliaceae,Carapa guianensis,Aubl.,Venezuela (Bolivarian Republic of)
Meliaceae,Carapa pariensis,Kenfack,Venezuela (Bolivarian Republic of)
Meliaceae,Cedrela fissilis,Vell.,Venezuela (Bolivarian Republic of)
Meliaceae,Cedrela montana,Moritz ex Turcz.,Venezuela (Bolivarian Republic of)
Meliaceae,Cedrela odorata,L.,Venezuela (Bolivarian Republic of)
Meliaceae,Guarea convergens,T.D.Penn.,Venezuela (Bolivarian Republic of)
Meliaceae,Guarea glabra,Vahl,Venezuela (Bolivarian Republic of)
Meliaceae,Guarea gomma,Pulle,Venezuela (Bolivarian Republic of)
Meliaceae,Guarea guidonia,(L.) Sleumer,Venezuela (Bolivarian Republic of)
Meliaceae,Guarea kunthiana,A.Juss.,Venezuela (Bolivarian Republic of)
Meliaceae,Guarea macrophylla,Vahl,Venezuela (Bolivarian Republic of)
Meliaceae,Guarea megacostata,T.D.Penn.,Venezuela (Bolivarian Republic of)
Meliaceae,Guarea pubescens,(Rich.) A.Juss.,Venezuela (Bolivarian Republic of)
Meliaceae,Guarea purusana,C.DC.,Venezuela (Bolivarian Republic of)
Meliaceae,Guarea scabra,A.Juss.,Venezuela (Bolivarian Republic of)
Meliaceae,Guarea silvatica,C.DC.,Venezuela (Bolivarian Republic of)
Meliaceae,Guarea trunciflora,C.DC.,Venezuela (Bolivarian Republic of)
Meliaceae,Ruagea glabra,Triana & Planch.,Venezuela (Bolivarian Republic of)
Meliaceae,Ruagea pubescens,H.Karst.,Venezuela (Bolivarian Republic of)
Meliaceae,Schmardaea microphylla,(Hook.) H.Karst. ex Müll.Berol.,Venezuela (Bolivarian Republic of)
Meliaceae,Swietenia macrophylla,King,Venezuela (Bolivarian Republic of)
Meliaceae,Trichilia acuminata,(Humb. & Bonpl. ex Schult.) C.DC.,Venezuela (Bolivarian Republic of)
Meliaceae,Trichilia cipo,(A.Juss.) C.DC.,Venezuela (Bolivarian Republic of)
Meliaceae,Trichilia elegans,A.Juss.,Venezuela (Bolivarian Republic of)
Meliaceae,Trichilia euneura,C.DC.,Venezuela (Bolivarian Republic of)
Meliaceae,Trichilia gamopetala,T.D.Penn.,Venezuela (Bolivarian Republic of)
Meliaceae,Trichilia havanensis,Jacq.,Venezuela (Bolivarian Republic of)
Meliaceae,Trichilia hirta,L.,Venezuela (Bolivarian Republic of)
Meliaceae,Trichilia inaequilatera,T.D.Penn.,Venezuela (Bolivarian Republic of)
Meliaceae,Trichilia lecointei,Ducke,Venezuela (Bolivarian Republic of)
Meliaceae,Trichilia lepidota,Mart.,Venezuela (Bolivarian Republic of)
Meliaceae,Trichilia martiana,C.DC.,Venezuela (Bolivarian Republic of)
Meliaceae,Trichilia micrantha,Benth.,Venezuela (Bolivarian Republic of)
Meliaceae,Trichilia pallida,Sw.,Venezuela (Bolivarian Republic of)
Meliaceae,Trichilia pleeana,(A.Juss.) C.DC.,Venezuela (Bolivarian Republic of)
Meliaceae,Trichilia quadrijuga,(Miq.) Kunth,Venezuela (Bolivarian Republic of)
Meliaceae,Trichilia rubra,C.DC.,Venezuela (Bolivarian Republic of)
Meliaceae,Trichilia schomburgkii,C.DC.,Venezuela (Bolivarian Republic of)
Meliaceae,Trichilia septentrionalis,C.DC.,Venezuela (Bolivarian Republic of)
Meliaceae,Trichilia singularis,C.DC.,Venezuela (Bolivarian Republic of)
Meliaceae,Trichilia surinamensis,(Miq.) C.DC.,Venezuela (Bolivarian Republic of)
Meliaceae,Trichilia tenuifructa,T.D.Penn.,Venezuela (Bolivarian Republic of)
Meliaceae,Trichilia trifolia,L.,Venezuela (Bolivarian Republic of)
Meliaceae,Trichilia tuberculata,(Triana & Planch.) C. DC.,Venezuela (Bolivarian Republic of)
Menispermaceae,Abuta grandifolia,(Mart.) Sandwith,Venezuela (Bolivarian Republic of)
Menispermaceae,Abuta grisebachii,Triana & Planch.,Venezuela (Bolivarian Republic of)
Menispermaceae,Abuta imene,(Mart.) Eichler,Venezuela (Bolivarian Republic of)
Menispermaceae,Abuta velutina,Gleason,Venezuela (Bolivarian Republic of)
Metteniusaceae,Calatola costaricensis,Standl.,Venezuela (Bolivarian Republic of)
Metteniusaceae,Dendrobangia boliviana,Rusby,Venezuela (Bolivarian Republic of)
Metteniusaceae,Emmotum acuminatum,(Benth.) Miers,Venezuela (Bolivarian Republic of)
Metteniusaceae,Emmotum celiae,R.A.Howard,Venezuela (Bolivarian Republic of)
Metteniusaceae,Emmotum conjunctum,R.A.Howard,Venezuela (Bolivarian Republic of)
Metteniusaceae,Emmotum fulvum,R.A.Howard,Venezuela (Bolivarian Republic of)
Metteniusaceae,Emmotum glabrum,Benth. ex Miers,Venezuela (Bolivarian Republic of)
Metteniusaceae,Emmotum yapacanum,R.A.Howard,Venezuela (Bolivarian Republic of)
Metteniusaceae,Metteniusa edulis,H.Karst.,Venezuela (Bolivarian Republic of)
Metteniusaceae,Metteniusa nucifera,(Pittier) Sleumer,Venezuela (Bolivarian Republic of)
Metteniusaceae,Poraqueiba guianensis,Aubl.,Venezuela (Bolivarian Republic of)
Metteniusaceae,Poraqueiba paraensis,Ducke,Venezuela (Bolivarian Republic of)
Metteniusaceae,Poraqueiba sericea,Tul.,Venezuela (Bolivarian Republic of)
Monimiaceae,Mollinedia killipii,J.F.Macbr.,Venezuela (Bolivarian Republic of)
Monimiaceae,Mollinedia ovata,Ruiz & Pav.,Venezuela (Bolivarian Republic of)
Monimiaceae,Mollinedia repanda,Ruiz & Pav.,Venezuela (Bolivarian Republic of)
Moraceae,Batocarpus amazonicus,(Ducke) Fosberg,Venezuela (Bolivarian Republic of)
Moraceae,Brosimum alicastrum,Sw.,Venezuela (Bolivarian Republic of)
Moraceae,Brosimum amazonicum,(Poepp. & Endl.) E.M.Gardner & Zerega,Venezuela (Bolivarian Republic of)
Moraceae,Brosimum guianense,(Aubl.) Huber ex Ducke,Venezuela (Bolivarian Republic of)
Moraceae,Brosimum lactescens,(S.Moore) C.C.Berg,Venezuela (Bolivarian Republic of)
Moraceae,Brosimum melanopotamicum,C.C.Berg,Venezuela (Bolivarian Republic of)
Moraceae,Brosimum rubescens,Taub.,Venezuela (Bolivarian Republic of)
Moraceae,Brosimum steyermarkii,(C.C.Berg) E.M.Gardner & Zerega,Venezuela (Bolivarian Republic of)
Moraceae,Brosimum utile,(Kunth) Oken,Venezuela (Bolivarian Republic of)
Moraceae,Clarisia biflora,Ruiz & Pav.,Venezuela (Bolivarian Republic of)
Moraceae,Clarisia ilicifolia,(Spreng.) Lanj. & Rossbach,Venezuela (Bolivarian Republic of)
Moraceae,Clarisia racemosa,Ruiz & Pav.,Venezuela (Bolivarian Republic of)
Moraceae,Ficus albert-smithii,Standl.,Venezuela (Bolivarian Republic of)
Moraceae,Ficus amazonica,(Miq.) André,Venezuela (Bolivarian Republic of)
Moraceae,Ficus americana,Aubl.,Venezuela (Bolivarian Republic of)
Moraceae,Ficus apollinaris,Dugand,Venezuela (Bolivarian Republic of)
Moraceae,Ficus aureobrunnea,Pittier,Venezuela (Bolivarian Republic of)
Moraceae,Ficus brittonii,Bold.,Venezuela (Bolivarian Republic of)
Moraceae,Ficus broadwayi,Urb.,Venezuela (Bolivarian Republic of)
Moraceae,Ficus catappifolia,Kunth & C.D.Bouché,Venezuela (Bolivarian Republic of)
Moraceae,Ficus cervantesiana,Standl. & L.O.Williams,Venezuela (Bolivarian Republic of)
Moraceae,Ficus citrifolia,Mill.,Venezuela (Bolivarian Republic of)
Moraceae,Ficus coerulescens,(Rusby) Rossberg,Venezuela (Bolivarian Republic of)
Moraceae,Ficus crassiuscula,Warb. ex Standl.,Venezuela (Bolivarian Republic of)
Moraceae,Ficus crocata,(Miq.) Mart. ex Miq.,Venezuela (Bolivarian Republic of)
Moraceae,Ficus cuatrecasasiana,Dugand,Venezuela (Bolivarian Republic of)
Moraceae,Ficus dendrocida,Kunth,Venezuela (Bolivarian Republic of)
Moraceae,Ficus donnell-smithii,Standl.,Venezuela (Bolivarian Republic of)
Moraceae,Ficus gomelleira,Kunth & C.D.Bouché,Venezuela (Bolivarian Republic of)
Moraceae,Ficus hebetifolia,Dugand,Venezuela (Bolivarian Republic of)
Moraceae,Ficus insipida,Willd.,Venezuela (Bolivarian Republic of)
Moraceae,Ficus krukovii,Standl.,Venezuela (Bolivarian Republic of)
Moraceae,Ficus longifolia,Schott,Venezuela (Bolivarian Republic of)
Moraceae,Ficus macbridei,Standl.,Venezuela (Bolivarian Republic of)
Moraceae,Ficus macrosyce,Pittier,Venezuela (Bolivarian Republic of)
Moraceae,Ficus mathewsii,(Miq.) Miq.,Venezuela (Bolivarian Republic of)
Moraceae,Ficus matiziana,Dugand,Venezuela (Bolivarian Republic of)
Moraceae,Ficus maxima,Mill.,Venezuela (Bolivarian Republic of)
Moraceae,Ficus mollicula,Pittier,Venezuela (Bolivarian Republic of)
Moraceae,Ficus mutisii,Dugand,Venezuela (Bolivarian Republic of)
Moraceae,Ficus nymphaeifolia,Mill.,Venezuela (Bolivarian Republic of)
Moraceae,Ficus obtusifolia,Kunth,Venezuela (Bolivarian Republic of)
Moraceae,Ficus pakkensis,Standl.,Venezuela (Bolivarian Republic of)
Moraceae,Ficus pallida,Vahl,Venezuela (Bolivarian Republic of)
Moraceae,Ficus paludica,Standl.,Venezuela (Bolivarian Republic of)
Moraceae,Ficus panurensis,Standl.,Venezuela (Bolivarian Republic of)
Moraceae,Ficus paraensis,(Miq.) Miq.,Venezuela (Bolivarian Republic of)
Moraceae,Ficus pertusa,L.f.,Venezuela (Bolivarian Republic of)
Moraceae,Ficus piresiana,Vázq.Avila & C.C.Berg,Venezuela (Bolivarian Republic of)
Moraceae,Ficus popenoei,Standl.,Venezuela (Bolivarian Republic of)
Moraceae,Ficus schippii,Standl.,Venezuela (Bolivarian Republic of)
Moraceae,Ficus schumacheri,(Liebm.) Griseb.,Venezuela (Bolivarian Republic of)
Moraceae,Ficus sphenophylla,Standl.,Venezuela (Bolivarian Republic of)
Moraceae,Ficus tepuiensis,C.C.Berg & Simonis,Venezuela (Bolivarian Republic of)
Moraceae,Ficus tonduzii,Standl.,Venezuela (Bolivarian Republic of)
Moraceae,Ficus tovarensis,Pittier,Venezuela (Bolivarian Republic of)
Moraceae,Ficus trigona,L.f.,Venezuela (Bolivarian Republic of)
Moraceae,Ficus velutina,Humb. & Bonpl. ex Willd.,Venezuela (Bolivarian Republic of)
Moraceae,Ficus venezuelensis,C.C.Berg,Venezuela (Bolivarian Republic of)
Moraceae,Ficus yoponensis,Desv.,Venezuela (Bolivarian Republic of)
Moraceae,Ficus ypsilophlebia,Dugand,Venezuela (Bolivarian Republic of)
Moraceae,Ficus zuliensis,C.C.Berg & Simonis,Venezuela (Bolivarian Republic of)
Moraceae,Helicostylis elegans,(J.F.Macbr.) C.C.Berg,Venezuela (Bolivarian Republic of)
Moraceae,Helicostylis scabra,(J.F.Macbr.) C.C.Berg,Venezuela (Bolivarian Republic of)
Moraceae,Helicostylis tovarensis,(Klotzsch & H.Karst.) C.C.Berg,Venezuela (Bolivarian Republic of)
Moraceae,Maclura brasiliensis,(Mart.) Endl.,Venezuela (Bolivarian Republic of)
Moraceae,Maclura tinctoria,(L.) D.Don ex Steud.,Venezuela (Bolivarian Republic of)
Moraceae,Maquira calophylla,(Poepp. & Endl.) C.C.Berg,Venezuela (Bolivarian Republic of)
Moraceae,Maquira coriacea,(H.Karst.) C.C.Berg,Venezuela (Bolivarian Republic of)
Moraceae,Maquira guianensis,Aubl.,Venezuela (Bolivarian Republic of)
Moraceae,Maquira sclerophylla,(Ducke) C.C.Berg,Venezuela (Bolivarian Republic of)
Moraceae,Naucleopsis oblongifolia,(Kuhlm.) Carauta,Venezuela (Bolivarian Republic of)
Moraceae,Paratrophis insignis,(Bureau) E.M.Gardner,Venezuela (Bolivarian Republic of)
Moraceae,Perebea angustifolia,(Poepp. & Endl.) C.C.Berg,Venezuela (Bolivarian Republic of)
Moraceae,Perebea guianensis,Aubl.,Venezuela (Bolivarian Republic of)
Moraceae,Perebea xanthochyma,H.Karst.,Venezuela (Bolivarian Republic of)
Moraceae,Poulsenia armata,(Miq.) Standl.,Venezuela (Bolivarian Republic of)
Moraceae,Pseudolmedia laevigata,Trécul,Venezuela (Bolivarian Republic of)
Moraceae,Pseudolmedia laevis,(Ruiz & Pav.) J.F.Macbr.,Venezuela (Bolivarian Republic of)
Moraceae,Pseudolmedia macrophylla,Trécul,Venezuela (Bolivarian Republic of)
Moraceae,Pseudolmedia rigida,(Klotzsch & H.Karst.) Cuatrec.,Venezuela (Bolivarian Republic of)
Moraceae,Sorocea muriculata,Miq.,Venezuela (Bolivarian Republic of)
Moraceae,Sorocea pubivena,Hemsl.,Venezuela (Bolivarian Republic of)
Moraceae,Sorocea sprucei,(Baill.) J.F.Macbr.,Venezuela (Bolivarian Republic of)
Moraceae,Trophis racemosa,(L.) Urb.,Venezuela (Bolivarian Republic of)
Muntingiaceae,Muntingia calabura,L.,Venezuela (Bolivarian Republic of)
Myricaceae,Morella funckii,(A.Chev.) Parra-Os.,Venezuela (Bolivarian Republic of)
Myricaceae,Morella parvifolia,(Benth.) Parra-Os.,Venezuela (Bolivarian Republic of)
Myricaceae,Morella pubescens,(Humb. & Bonpl. ex Willd.) Wilbur,Venezuela (Bolivarian Republic of)
Myricaceae,Morella rotundata,(Steyerm. & Maguire) Parra-Os.,Venezuela (Bolivarian Republic of)
Myristicaceae,Compsoneura debilis,(Spruce ex A.DC.) Warb.,Venezuela (Bolivarian Republic of)
Myristicaceae,Compsoneura sprucei,(A.DC.) Warb.,Venezuela (Bolivarian Republic of)
Myristicaceae,Iryanthera crassifolia,A.C.Sm.,Venezuela (Bolivarian Republic of)
Myristicaceae,Iryanthera elliptica,Ducke,Venezuela (Bolivarian Republic of)
Myristicaceae,Iryanthera hostmannii,(Benth.) Warb.,Venezuela (Bolivarian Republic of)
Myristicaceae,Iryanthera juruensis,Warb.,Venezuela (Bolivarian Republic of)
Myristicaceae,Iryanthera laevis,Markgr.,Venezuela (Bolivarian Republic of)
Myristicaceae,Iryanthera lancifolia,Ducke,Venezuela (Bolivarian Republic of)
Myristicaceae,Iryanthera macrophylla,Warb.,Venezuela (Bolivarian Republic of)
Myristicaceae,Iryanthera obovata,Ducke,Venezuela (Bolivarian Republic of)
Myristicaceae,Iryanthera paradoxa,(Schwacke) Warb.,Venezuela (Bolivarian Republic of)
Myristicaceae,Iryanthera paraensis,Huber,Venezuela (Bolivarian Republic of)
Myristicaceae,Iryanthera tricornis,Ducke,Venezuela (Bolivarian Republic of)
Myristicaceae,Osteophloeum platyspermum,(Spruce ex A.DC.) Warb.,Venezuela (Bolivarian Republic of)
Myristicaceae,Otoba novogranatensis,Moldenke,Venezuela (Bolivarian Republic of)
Myristicaceae,Otoba parvifolia,(Markgr.) A.H.Gentry,Venezuela (Bolivarian Republic of)
Myristicaceae,Virola calophylla,(Spruce) Warb.,Venezuela (Bolivarian Republic of)
Myristicaceae,Virola carinata,(Spruce ex Benth.) Warb.,Venezuela (Bolivarian Republic of)
Myristicaceae,Virola duckei,A.C.Sm.,Venezuela (Bolivarian Republic of)
Myristicaceae,Virola elongata,(Benth.) Warb.,Venezuela (Bolivarian Republic of)
Myristicaceae,Virola michelii,Heckel,Venezuela (Bolivarian Republic of)
Myristicaceae,Virola micrantha,A.C.Sm.,Venezuela (Bolivarian Republic of)
Myristicaceae,Virola minutiflora,Ducke,Venezuela (Bolivarian Republic of)
Myristicaceae,Virola multinervia,Ducke,Venezuela (Bolivarian Republic of)
Myristicaceae,Virola pavonis,(A.DC.) A.C.Sm.,Venezuela (Bolivarian Republic of)
Myristicaceae,Virola rugulosa,(Spruce) Warb.,Venezuela (Bolivarian Republic of)
Myristicaceae,Virola sebifera,Aubl.,Venezuela (Bolivarian Republic of)
Myristicaceae,Virola steyermarkii,W.A.Rodrigues,Venezuela (Bolivarian Republic of)
Myristicaceae,Virola surinamensis,(Rol. ex Rottb.) Warb.,Venezuela (Bolivarian Republic of)
Myristicaceae,Virola theiodora,(Spruce ex Benth.) Warb.,Venezuela (Bolivarian Republic of)
Myristicaceae,Virola venosa,(Benth.) Warb.,Venezuela (Bolivarian Republic of)
Myrtaceae,Blepharocalyx eggersii,(Kiaersk.) Landrum,Venezuela (Bolivarian Republic of)
Myrtaceae,Calycolpus calophyllus,(Kunth) O.Berg,Venezuela (Bolivarian Republic of)
Myrtaceae,Calycolpus cochleatus,McVaugh,Venezuela (Bolivarian Republic of)
Myrtaceae,Calycolpus goetheanus,(Mart. ex DC.) O.Berg,Venezuela (Bolivarian Republic of)
Myrtaceae,Calycolpus moritzianus,(O.Berg) Burret,Venezuela (Bolivarian Republic of)
Myrtaceae,Calycolpus roraimensis,Steyerm.,Venezuela (Bolivarian Republic of)
Myrtaceae,Calycorectes enormis,McVaugh,Venezuela (Bolivarian Republic of)
Myrtaceae,Campomanesia aromatica,(Aubl.) Griseb.,Venezuela (Bolivarian Republic of)
Myrtaceae,Campomanesia grandiflora,(Aubl.) Sagot,Venezuela (Bolivarian Republic of)
Myrtaceae,Eugenia acapulcensis,Steud.,Venezuela (Bolivarian Republic of)
Myrtaceae,Eugenia albida,Humb. & Bonpl.,Venezuela (Bolivarian Republic of)
Myrtaceae,Eugenia amblyosepala,McVaugh,Venezuela (Bolivarian Republic of)
Myrtaceae,Eugenia anastomosans,DC.,Venezuela (Bolivarian Republic of)
Myrtaceae,Eugenia baileyi,Britton,Venezuela (Bolivarian Republic of)
Myrtaceae,Eugenia biflora,(L.) DC.,Venezuela (Bolivarian Republic of)
Myrtaceae,Eugenia cachoeirensis,O.Berg,Venezuela (Bolivarian Republic of)
Myrtaceae,Eugenia casearioides,(Kunth) DC.,Venezuela (Bolivarian Republic of)
Myrtaceae,Eugenia chrysophyllum,Poir.,Venezuela (Bolivarian Republic of)
Myrtaceae,Eugenia citrifolia,Poir.,Venezuela (Bolivarian Republic of)
Myrtaceae,Eugenia coffeifolia,DC.,Venezuela (Bolivarian Republic of)
Myrtaceae,Eugenia columbiensis,O.Berg,Venezuela (Bolivarian Republic of)
Myrtaceae,Eugenia conduplicata,B.Holst,Venezuela (Bolivarian Republic of)
Myrtaceae,Eugenia cribrata,McVaugh,Venezuela (Bolivarian Republic of)
Myrtaceae,Eugenia cuaoensis,McVaugh,Venezuela (Bolivarian Republic of)
Myrtaceae,Eugenia cupulata,Amshoff,Venezuela (Bolivarian Republic of)
Myrtaceae,Eugenia diplocampta,Diels,Venezuela (Bolivarian Republic of)
Myrtaceae,Eugenia dittocrepis,O.Berg,Venezuela (Bolivarian Republic of)
Myrtaceae,Eugenia egensis,DC.,Venezuela (Bolivarian Republic of)
Myrtaceae,Eugenia ferreiraeana,O.Berg,Venezuela (Bolivarian Republic of)
Myrtaceae,Eugenia flavescens,DC.,Venezuela (Bolivarian Republic of)
Myrtaceae,Eugenia florida,DC.,Venezuela (Bolivarian Republic of)
Myrtaceae,Eugenia galalonensis,(C.Wright ex Griseb.) Krug & Urb.,Venezuela (Bolivarian Republic of)
Myrtaceae,Eugenia gomesiana,O.Berg,Venezuela (Bolivarian Republic of)
Myrtaceae,Eugenia grandiflora,O.Berg,Venezuela (Bolivarian Republic of)
Myrtaceae,Eugenia kaieteurensis,Amshoff,Venezuela (Bolivarian Republic of)
Myrtaceae,Eugenia lambertiana,DC.,Venezuela (Bolivarian Republic of)
Myrtaceae,Eugenia latifolia,Aubl.,Venezuela (Bolivarian Republic of)
Myrtaceae,Eugenia ligustrina,(Sw.) Willd.,Venezuela (Bolivarian Republic of)
Myrtaceae,Eugenia magna,B.Holst,Venezuela (Bolivarian Republic of)
Myrtaceae,Eugenia marlierioides,Rusby,Venezuela (Bolivarian Republic of)
Myrtaceae,Eugenia mcvaughii,Steyerm. & Lasser,Venezuela (Bolivarian Republic of)
Myrtaceae,Eugenia meridensis,Steyerm.,Venezuela (Bolivarian Republic of)
Myrtaceae,Eugenia monticola,(Sw.) DC.,Venezuela (Bolivarian Republic of)
Myrtaceae,Eugenia moritziana,H.Karst.,Venezuela (Bolivarian Republic of)
Myrtaceae,Eugenia octopleura,Krug & Urb.,Venezuela (Bolivarian Republic of)
Myrtaceae,Eugenia oerstediana,O.Berg,Venezuela (Bolivarian Republic of)
Myrtaceae,Eugenia omissa,McVaugh,Venezuela (Bolivarian Republic of)
Myrtaceae,Eugenia pachystachya,McVaugh,Venezuela (Bolivarian Republic of)
Myrtaceae,Eugenia patrisii,Vahl,Venezuela (Bolivarian Republic of)
Myrtaceae,Eugenia producta,DC.,Venezuela (Bolivarian Republic of)
Myrtaceae,Eugenia protenta,McVaugh,Venezuela (Bolivarian Republic of)
Myrtaceae,Eugenia pseudopsidium,Jacq.,Venezuela (Bolivarian Republic of)
Myrtaceae,Eugenia punicifolia,(Kunth) DC.,Venezuela (Bolivarian Republic of)
Myrtaceae,Eugenia rhombea,(O.Berg) Krug & Urb.,Venezuela (Bolivarian Republic of)
Myrtaceae,Eugenia roseiflora,McVaugh,Venezuela (Bolivarian Republic of)
Myrtaceae,Eugenia stictopetala,DC.,Venezuela (Bolivarian Republic of)
Myrtaceae,Eugenia tachirensis,Steyerm.,Venezuela (Bolivarian Republic of)
Myrtaceae,Eugenia tamaensis,Steyerm.,Venezuela (Bolivarian Republic of)
Myrtaceae,Eugenia tepuiensis,Steyerm.,Venezuela (Bolivarian Republic of)
Myrtaceae,Eugenia trinervia,Vahl,Venezuela (Bolivarian Republic of)
Myrtaceae,Eugenia tumulescens,McVaugh,Venezuela (Bolivarian Republic of)
Myrtaceae,Eugenia umbonata,McVaugh,Venezuela (Bolivarian Republic of)
Myrtaceae,Eugenia venezuelensis,O.Berg,Venezuela (Bolivarian Republic of)
Myrtaceae,Eugenia wentii,Amshoff,Venezuela (Bolivarian Republic of)
Myrtaceae,Eugenia yatuae,(McVaugh) B.Holst,Venezuela (Bolivarian Republic of)
Myrtaceae,Myrcia albidotomentosa,(Amshoff) McVaugh,Venezuela (Bolivarian Republic of)
Myrtaceae,Myrcia aliena,McVaugh,Venezuela (Bolivarian Republic of)
Myrtaceae,Myrcia amazonica,DC.,Venezuela (Bolivarian Republic of)
Myrtaceae,Myrcia argentigemma,E.Lucas & C.E.Wilson,Venezuela (Bolivarian Republic of)
Myrtaceae,Myrcia aulomyrcioides,E.Lucas & C.E.Wilson,Venezuela (Bolivarian Republic of)
Myrtaceae,Myrcia bipennis,(O.Berg) McVaugh,Venezuela (Bolivarian Republic of)
Myrtaceae,Myrcia bolivarensis,(Steyerm.) McVaugh,Venezuela (Bolivarian Republic of)
Myrtaceae,Myrcia bonnetiasylvestris,(Steyerm.) Steyerm.,Venezuela (Bolivarian Republic of)
Myrtaceae,Myrcia bracteata,(Rich.) DC.,Venezuela (Bolivarian Republic of)
Myrtaceae,Myrcia caesariata,(McVaugh) E.Lucas & C.E.Wilson,Venezuela (Bolivarian Republic of)
Myrtaceae,Myrcia calycampa,Amshoff,Venezuela (Bolivarian Republic of)
Myrtaceae,Myrcia cana,(McVaugh) E.Lucas & C.E.Wilson,Venezuela (Bolivarian Republic of)
Myrtaceae,Myrcia caudata,(McVaugh) E.Lucas & C.E.Wilson,Venezuela (Bolivarian Republic of)
Myrtaceae,Myrcia celaenensis,E.Lucas & K.Samra,Venezuela (Bolivarian Republic of)
Myrtaceae,Myrcia citrifolia,(Aubl.) Urb.,Venezuela (Bolivarian Republic of)
Myrtaceae,Myrcia clausa,McVaugh,Venezuela (Bolivarian Republic of)
Myrtaceae,Myrcia clusiifolia,(Kunth) DC.,Venezuela (Bolivarian Republic of)
Myrtaceae,Myrcia compta,McVaugh,Venezuela (Bolivarian Republic of)
Myrtaceae,Myrcia conduplicata,(B.Holst) A.R.Lourenço & E.Lucas,Venezuela (Bolivarian Republic of)
Myrtaceae,Myrcia convexivenia,(B.Holst) E.Lucas & C.E.Wilson,Venezuela (Bolivarian Republic of)
Myrtaceae,Myrcia crebra,(McVaugh) A.R.Lourenço & E.Lucas,Venezuela (Bolivarian Republic of)
Myrtaceae,Myrcia crispa,McVaugh,Venezuela (Bolivarian Republic of)
Myrtaceae,Myrcia decorticans,DC.,Venezuela (Bolivarian Republic of)
Myrtaceae,Myrcia deflexa,(Poir.) DC.,Venezuela (Bolivarian Republic of)
Myrtaceae,Myrcia dichasialis,McVaugh,Venezuela (Bolivarian Republic of)
Myrtaceae,Myrcia ehrenbergiana,(O.Berg) McVaugh,Venezuela (Bolivarian Republic of)
Myrtaceae,Myrcia exploratoris,McVaugh,Venezuela (Bolivarian Republic of)
Myrtaceae,Myrcia fasciculata,(O.Berg) K.Campbell & K.Samra,Venezuela (Bolivarian Republic of)
Myrtaceae,Myrcia fenzliana,O.Berg,Venezuela (Bolivarian Republic of)
Myrtaceae,Myrcia ferruginea,(Poir.) DC.,Venezuela (Bolivarian Republic of)
Myrtaceae,Myrcia foveolata,(B.Holst) M.F.Santos,Venezuela (Bolivarian Republic of)
Myrtaceae,Myrcia grandis,McVaugh,Venezuela (Bolivarian Republic of)
Myrtaceae,Myrcia guianensis,(Aubl.) DC.,Venezuela (Bolivarian Republic of)
Myrtaceae,Myrcia guildingiana,(Griseb.) E.Lucas & C.E.Wilson,Venezuela (Bolivarian Republic of)
Myrtaceae,Myrcia holstii,E.Lucas & C.E.Wilson,Venezuela (Bolivarian Republic of)
Myrtaceae,Myrcia inaequiloba,(DC.) Lemée,Venezuela (Bolivarian Republic of)
Myrtaceae,Myrcia induta,McVaugh,Venezuela (Bolivarian Republic of)
Myrtaceae,Myrcia insignis,(McVaugh) E.Lucas & C.E.Wilson,Venezuela (Bolivarian Republic of)
Myrtaceae,Myrcia intonsa,(McVaugh) B.Holst,Venezuela (Bolivarian Republic of)
Myrtaceae,Myrcia karuaiensis,(Steyerm.) E.Lucas & C.E.Wilson,Venezuela (Bolivarian Republic of)
Myrtaceae,Myrcia liesneri,B.Holst,Venezuela (Bolivarian Republic of)
Myrtaceae,Myrcia ligustrina,(McVaugh) E.Lucas & C.E.Wilson,Venezuela (Bolivarian Republic of)
Myrtaceae,Myrcia lituatinervia,(O.Berg) E.Lucas & C.E.Wilson,Venezuela (Bolivarian Republic of)
Myrtaceae,Myrcia mcvaughii,(B.Holst) E.Lucas & C.E.Wilson,Venezuela (Bolivarian Republic of)
Myrtaceae,Myrcia meridensis,(Steyerm.) A.R.Lourenço & Parra-Os.,Venezuela (Bolivarian Republic of)
Myrtaceae,Myrcia minutiflora,Sagot,Venezuela (Bolivarian Republic of)
Myrtaceae,Myrcia mollis,(Kunth) DC.,Venezuela (Bolivarian Republic of)
Myrtaceae,Myrcia multiflora,(Lam.) DC.,Venezuela (Bolivarian Republic of)
Myrtaceae,Myrcia neobuxifolia,E.Lucas & C.E.Wilson,Venezuela (Bolivarian Republic of)
Myrtaceae,Myrcia neoclusiifolia,A.R.Lourenço & E.Lucas,Venezuela (Bolivarian Republic of)
Myrtaceae,Myrcia neocuprea,E.Lucas & C.E.Wilson,Venezuela (Bolivarian Republic of)
Myrtaceae,Myrcia neoforsteri,A.R.Lourenço & E.Lucas,Venezuela (Bolivarian Republic of)
Myrtaceae,Myrcia neolucida,A.R.Lourenço & E.Lucas,Venezuela (Bolivarian Republic of)
Myrtaceae,Myrcia neomontana,E.Lucas & C.E.Wilson,Venezuela (Bolivarian Republic of)
Myrtaceae,Myrcia neoschomburgkiana,E.Lucas & C.E.Wilson,Venezuela (Bolivarian Republic of)
Myrtaceae,Myrcia neospeciosa,A.R.Lourenço & E.Lucas,Venezuela (Bolivarian Republic of)
Myrtaceae,Myrcia neotovarensis,E.Lucas & C.E.Wilson,Venezuela (Bolivarian Republic of)
Myrtaceae,Myrcia nubicola,McVaugh,Venezuela (Bolivarian Republic of)
Myrtaceae,Myrcia paivae,O.Berg,Venezuela (Bolivarian Republic of)
Myrtaceae,Myrcia pistrinalis,McVaugh,Venezuela (Bolivarian Republic of)
Myrtaceae,Myrcia platyclada,DC.,Venezuela (Bolivarian Republic of)
Myrtaceae,Myrcia ptariensis,(Steyerm.) McVaugh,Venezuela (Bolivarian Republic of)
Myrtaceae,Myrcia pudica,(McVaugh) E.Lucas & C.E.Wilson,Venezuela (Bolivarian Republic of)
Myrtaceae,Myrcia pulchella,(DC.) A.R.Lourenço & E.Lucas,Venezuela (Bolivarian Republic of)
Myrtaceae,Myrcia pullei,(Burret ex Amshoff) A.R.Lourenço & E.Lucas,Venezuela (Bolivarian Republic of)
Myrtaceae,Myrcia pyrifolia,(Desv.) Nied.,Venezuela (Bolivarian Republic of)
Myrtaceae,Myrcia quitarensis,(Benth.) Sagot,Venezuela (Bolivarian Republic of)
Myrtaceae,Myrcia revolutifolia,McVaugh,Venezuela (Bolivarian Republic of)
Myrtaceae,Myrcia rotundata,(Amshoff) McVaugh,Venezuela (Bolivarian Republic of)
Myrtaceae,Myrcia rugosior,(McVaugh) E.Lucas & C.E.Wilson,Venezuela (Bolivarian Republic of)
Myrtaceae,Myrcia ruiziana,(O.Berg) A.R.Lourenço & Parra-Os.,Venezuela (Bolivarian Republic of)
Myrtaceae,Myrcia salicifolia,DC.,Venezuela (Bolivarian Republic of)
Myrtaceae,Myrcia salticola,(Steyerm.) McVaugh,Venezuela (Bolivarian Republic of)
Myrtaceae,Myrcia sanisidrensis,Steyerm.,Venezuela (Bolivarian Republic of)
Myrtaceae,Myrcia scytophylla,(Diels) E.Lucas & C.E.Wilson,Venezuela (Bolivarian Republic of)
Myrtaceae,Myrcia servata,McVaugh,Venezuela (Bolivarian Republic of)
Myrtaceae,Myrcia sipapensis,McVaugh,Venezuela (Bolivarian Republic of)
Myrtaceae,Myrcia splendens,(Sw.) DC.,Venezuela (Bolivarian Republic of)
Myrtaceae,Myrcia subsessilis,O.Berg,Venezuela (Bolivarian Republic of)
Myrtaceae,Myrcia subulata,(McVaugh) E.Lucas & C.E.Wilson,Venezuela (Bolivarian Republic of)
Myrtaceae,Myrcia summa,(McVaugh) M.F.Santos,Venezuela (Bolivarian Republic of)
Myrtaceae,Myrcia sylvatica,(G.Mey.) DC.,Venezuela (Bolivarian Republic of)
Myrtaceae,Myrcia tomentosa,(Aubl.) DC.,Venezuela (Bolivarian Republic of)
Myrtaceae,Myrcia tovarensis,O.Berg,Venezuela (Bolivarian Republic of)
Myrtaceae,Myrcia umbraticola,(Kunth) E.Lucas & C.E.Wilson,Venezuela (Bolivarian Republic of)
Myrtaceae,Myrcia uniflora,(McVaugh) E.Lucas & C.E.Wilson,Venezuela (Bolivarian Republic of)
Myrtaceae,Myrcia ventuarensis,(B.Holst) E.Lucas & C.E.Wilson,Venezuela (Bolivarian Republic of)
Myrtaceae,Myrcianthes borealis,McVaugh,Venezuela (Bolivarian Republic of)
Myrtaceae,Myrcianthes crebrifolia,(Steyerm.) McVaugh,Venezuela (Bolivarian Republic of)
Myrtaceae,Myrcianthes fragrans,(Sw.) McVaugh,Venezuela (Bolivarian Republic of)
Myrtaceae,Myrcianthes hallii,(O.Berg) McVaugh,Venezuela (Bolivarian Republic of)
Myrtaceae,Myrcianthes karsteniana,(Klotzsch ex O.Berg) McVaugh,Venezuela (Bolivarian Republic of)
Myrtaceae,Myrcianthes leucoxyla,(Ortega) McVaugh,Venezuela (Bolivarian Republic of)
Myrtaceae,Myrcianthes lindleyana,(Kunth) McVaugh,Venezuela (Bolivarian Republic of)
Myrtaceae,Myrcianthes myrsinoides,(Kunth) Grifo,Venezuela (Bolivarian Republic of)
Myrtaceae,Myrcianthes orthostemon,(O.Berg) Grifo,Venezuela (Bolivarian Republic of)
Myrtaceae,Myrcianthes prodigiosa,McVaugh,Venezuela (Bolivarian Republic of)
Myrtaceae,Myrcianthes rhopaloides,(Kunth) McVaugh,Venezuela (Bolivarian Republic of)
Myrtaceae,Myrcianthes sessilis,McVaugh,Venezuela (Bolivarian Republic of)
Myrtaceae,Myrciaria dubia,(Kunth) McVaugh,Venezuela (Bolivarian Republic of)
Myrtaceae,Myrciaria floribunda,(H.West ex Willd.) O.Berg,Venezuela (Bolivarian Republic of)
Myrtaceae,Myrciaria puberulenta,B.Holst,Venezuela (Bolivarian Republic of)
Myrtaceae,Myrciaria tenella,(DC.) O.Berg,Venezuela (Bolivarian Republic of)
Myrtaceae,Myrciaria vexator,McVaugh,Venezuela (Bolivarian Republic of)
Myrtaceae,Myrciaria vismiifolia,(Benth.) O.Berg,Venezuela (Bolivarian Republic of)
Myrtaceae,Pimenta racemosa,(Mill.) J.W.Moore,Venezuela (Bolivarian Republic of)
Myrtaceae,Plinia involucrata,(O.Berg) McVaugh,Venezuela (Bolivarian Republic of)
Myrtaceae,Plinia rivularis,(Cambess.) Rotman,Venezuela (Bolivarian Republic of)
Myrtaceae,Pseudanamomis umbellulifera,(Kunth) Kausel,Venezuela (Bolivarian Republic of)
Myrtaceae,Psidium acutangulum,DC.,Venezuela (Bolivarian Republic of)
Myrtaceae,Psidium australe,Cambess.,Venezuela (Bolivarian Republic of)
Myrtaceae,Psidium densicomum,Mart. ex DC.,Venezuela (Bolivarian Republic of)
Myrtaceae,Psidium friedrichsthalianum,(O.Berg) Nied.,Venezuela (Bolivarian Republic of)
Myrtaceae,Psidium guajava,L.,Venezuela (Bolivarian Republic of)
Myrtaceae,Psidium guineense,Sw.,Venezuela (Bolivarian Republic of)
Myrtaceae,Psidium guyanense,Pers.,Venezuela (Bolivarian Republic of)
Myrtaceae,Psidium maribense,Mart. ex DC.,Venezuela (Bolivarian Republic of)
Myrtaceae,Psidium oligospermum,Mart. ex DC.,Venezuela (Bolivarian Republic of)
Myrtaceae,Psidium striatulum,DC.,Venezuela (Bolivarian Republic of)
Myrtaceae,Siphoneugena dussii,(Krug & Urb.) Proença,Venezuela (Bolivarian Republic of)
Myrtaceae,Ugni myricoides,(Kunth) O.Berg,Venezuela (Bolivarian Republic of)
Nyctaginaceae,Guapira amacurensis,Steyerm.,Venezuela (Bolivarian Republic of)
Nyctaginaceae,Guapira bolivarensis,Steyerm.,Venezuela (Bolivarian Republic of)
Nyctaginaceae,Guapira cuspidata,(Heimerl) Lundell,Venezuela (Bolivarian Republic of)
Nyctaginaceae,Guapira eggersiana,(Heimerl) Lundell,Venezuela (Bolivarian Republic of)
Nyctaginaceae,Guapira ferruginea,(Klotzsch ex Choisy) Lundell,Venezuela (Bolivarian Republic of)
Nyctaginaceae,Guapira fragrans,(Dum.Cours.) Little,Venezuela (Bolivarian Republic of)
Nyctaginaceae,Guapira fundacionensis,Aymard,Venezuela (Bolivarian Republic of)
Nyctaginaceae,Guapira glabriflora,Steyerm.,Venezuela (Bolivarian Republic of)
Nyctaginaceae,Guapira guasarensis,Aymard,Venezuela (Bolivarian Republic of)
Nyctaginaceae,Guapira guianensis,Aubl.,Venezuela (Bolivarian Republic of)
Nyctaginaceae,Guapira marcano-bertii,Steyerm.,Venezuela (Bolivarian Republic of)
Nyctaginaceae,Guapira microphylla,(Heimerl) Lundell,Venezuela (Bolivarian Republic of)
Nyctaginaceae,Guapira neblinensis,Maguire & Steyerm.,Venezuela (Bolivarian Republic of)
Nyctaginaceae,Guapira opposita,(Vell.) Reitz,Venezuela (Bolivarian Republic of)
Nyctaginaceae,Guapira pacurero,(Kunth) Little,Venezuela (Bolivarian Republic of)
Nyctaginaceae,Guapira pubescens,(Kunth) Lundell,Venezuela (Bolivarian Republic of)
Nyctaginaceae,Guapira rusbyana,(Standl.) Lundell,Venezuela (Bolivarian Republic of)
Nyctaginaceae,Guapira sancarlosiana,Steyerm.,Venezuela (Bolivarian Republic of)
Nyctaginaceae,Guapira sipapoana,Steyerm.,Venezuela (Bolivarian Republic of)
Nyctaginaceae,Neea amaruayensis,Steyerm.,Venezuela (Bolivarian Republic of)
Nyctaginaceae,Neea anisophylla,Ernst,Venezuela (Bolivarian Republic of)
Nyctaginaceae,Neea bernardii,Steyerm.,Venezuela (Bolivarian Republic of)
Nyctaginaceae,Neea bracteosa,Steyerm.,Venezuela (Bolivarian Republic of)
Nyctaginaceae,Neea brevipedunculata,Steyerm.,Venezuela (Bolivarian Republic of)
Nyctaginaceae,Neea cedenensis,Steyerm.,Venezuela (Bolivarian Republic of)
Nyctaginaceae,Neea davidsei,Steyerm.,Venezuela (Bolivarian Republic of)
Nyctaginaceae,Neea divaricata,Poepp. & Endl.,Venezuela (Bolivarian Republic of)
Nyctaginaceae,Neea floribunda,Poepp. & Endl.,Venezuela (Bolivarian Republic of)
Nyctaginaceae,Neea grandis,Maguire & Steyerm.,Venezuela (Bolivarian Republic of)
Nyctaginaceae,Neea guaiquinimae,Steyerm.,Venezuela (Bolivarian Republic of)
Nyctaginaceae,Neea huachamacarae,Steyerm.,Venezuela (Bolivarian Republic of)
Nyctaginaceae,Neea liesneri,Steyerm.,Venezuela (Bolivarian Republic of)
Nyctaginaceae,Neea neblinensis,Maguire & Steyerm.,Venezuela (Bolivarian Republic of)
Nyctaginaceae,Neea obovata,Spruce ex Heimerl,Venezuela (Bolivarian Republic of)
Nyctaginaceae,Neea ovalifolia,Spruce ex J.A.Schmidt,Venezuela (Bolivarian Republic of)
Nyctaginaceae,Neea parimensis,Steyerm.,Venezuela (Bolivarian Republic of)
Nyctaginaceae,Neea robusta,Steyerm.,Venezuela (Bolivarian Republic of)
Nyctaginaceae,Neea sebastianii,Steyerm.,Venezuela (Bolivarian Republic of)
Nyctaginaceae,Neea spruceana,Heimerl,Venezuela (Bolivarian Republic of)
Nyctaginaceae,Neea subglabrata,Steyerm.,Venezuela (Bolivarian Republic of)
Nyctaginaceae,Neea tepuiensis,Steyerm.,Venezuela (Bolivarian Republic of)
Nyctaginaceae,Neea tristis,Heimerl,Venezuela (Bolivarian Republic of)
Nyctaginaceae,Pisonia aculeata,L.,Venezuela (Bolivarian Republic of)
Nyctaginaceae,Pisonia macranthocarpa,(Donn.Sm.) Donn.Sm.,Venezuela (Bolivarian Republic of)
Ochnaceae,Cespedesia spathulata,(Ruiz & Pav.) Planch.,Venezuela (Bolivarian Republic of)
Ochnaceae,Elvasia calophyllea,DC.,Venezuela (Bolivarian Republic of)
Ochnaceae,Elvasia canescens,(Tiegh.) Gilg,Venezuela (Bolivarian Republic of)
Ochnaceae,Elvasia elvasioides,(Planch.) Gilg,Venezuela (Bolivarian Republic of)
Ochnaceae,Elvasia quinqueloba,Spruce ex Engl.,Venezuela (Bolivarian Republic of)
Ochnaceae,Froesia gereauana,J.V.Schneid. & Zizka,Venezuela (Bolivarian Republic of)
Ochnaceae,Froesia tricarpa,Pires,Venezuela (Bolivarian Republic of)
Ochnaceae,Froesia venezuelensis,Steyerm. & Bunting,Venezuela (Bolivarian Republic of)
Ochnaceae,Lacunaria crenata,(Tul.) A.C.Sm.,Venezuela (Bolivarian Republic of)
Ochnaceae,Lacunaria jenmanii,(Oliv.) Ducke,Venezuela (Bolivarian Republic of)
Ochnaceae,Lacunaria macrostachya,(Tul.) A.C.Sm.,Venezuela (Bolivarian Republic of)
Ochnaceae,Ouratea apurensis,Sastre,Venezuela (Bolivarian Republic of)
Ochnaceae,Ouratea aquatica,(Kunth) Engl.,Venezuela (Bolivarian Republic of)
Ochnaceae,Ouratea arbobrevicalyx,Sastre,Venezuela (Bolivarian Republic of)
Ochnaceae,Ouratea attenuata,Tiegh.,Venezuela (Bolivarian Republic of)
Ochnaceae,Ouratea caracasana,(Planch.) Engl.,Venezuela (Bolivarian Republic of)
Ochnaceae,Ouratea castaneifolia,(DC.) Engl.,Venezuela (Bolivarian Republic of)
Ochnaceae,Ouratea davidsei,Sastre,Venezuela (Bolivarian Republic of)
Ochnaceae,Ouratea discophora,Ducke,Venezuela (Bolivarian Republic of)
Ochnaceae,Ouratea engleri,Tiegh.,Venezuela (Bolivarian Republic of)
Ochnaceae,Ouratea evoluta,Maguire & Steyerm.,Venezuela (Bolivarian Republic of)
Ochnaceae,Ouratea ferruginea,Engl.,Venezuela (Bolivarian Republic of)
Ochnaceae,Ouratea fusiformis,Sastre,Venezuela (Bolivarian Republic of)
Ochnaceae,Ouratea grandiflora,(DC.) Engl.,Venezuela (Bolivarian Republic of)
Ochnaceae,Ouratea grosourdyi,(Tiegh.) Steyerm.,Venezuela (Bolivarian Republic of)
Ochnaceae,Ouratea guianensis,Aubl.,Venezuela (Bolivarian Republic of)
Ochnaceae,Ouratea guildingii,(Planch.) Urb.,Venezuela (Bolivarian Republic of)
Ochnaceae,Ouratea heterobracteata,Sastre,Venezuela (Bolivarian Republic of)
Ochnaceae,Ouratea lajaensis,Sastre,Venezuela (Bolivarian Republic of)
Ochnaceae,Ouratea larae,Sastre,Venezuela (Bolivarian Republic of)
Ochnaceae,Ouratea leblondii,(Tiegh.) Lemée,Venezuela (Bolivarian Republic of)
Ochnaceae,Ouratea maguirei,Sastre,Venezuela (Bolivarian Republic of)
Ochnaceae,Ouratea maigualidae,Sastre,Venezuela (Bolivarian Republic of)
Ochnaceae,Ouratea marahuacensis,Maguire & Steyerm.,Venezuela (Bolivarian Republic of)
Ochnaceae,Ouratea medinae,Maguire & Steyerm.,Venezuela (Bolivarian Republic of)
Ochnaceae,Ouratea multibracteata,Steyerm. ex Sastre,Venezuela (Bolivarian Republic of)
Ochnaceae,Ouratea orisina,Sastre,Venezuela (Bolivarian Republic of)
Ochnaceae,Ouratea paratatei,Sastre,Venezuela (Bolivarian Republic of)
Ochnaceae,Ouratea pisiformis,Engl.,Venezuela (Bolivarian Republic of)
Ochnaceae,Ouratea polyantha,(Triana & Planch.) Engl.,Venezuela (Bolivarian Republic of)
Ochnaceae,Ouratea pseudoguildingii,Sastre,Venezuela (Bolivarian Republic of)
Ochnaceae,Ouratea pulverulenta,Sastre,Venezuela (Bolivarian Republic of)
Ochnaceae,Ouratea ramosissima,Maguire & Steyerm.,Venezuela (Bolivarian Republic of)
Ochnaceae,Ouratea rigida,Engl.,Venezuela (Bolivarian Republic of)
Ochnaceae,Ouratea roraimae,Engl.,Venezuela (Bolivarian Republic of)
Ochnaceae,Ouratea rorida,Sastre,Venezuela (Bolivarian Republic of)
Ochnaceae,Ouratea rotundipetala,Maguire & Steyerm.,Venezuela (Bolivarian Republic of)
Ochnaceae,Ouratea saldariagae,Sastre,Venezuela (Bolivarian Republic of)
Ochnaceae,Ouratea soderstromii,Sastre,Venezuela (Bolivarian Republic of)
Ochnaceae,Ouratea spruceana,Engl.,Venezuela (Bolivarian Republic of)
Ochnaceae,Ouratea squamata,Sastre,Venezuela (Bolivarian Republic of)
Ochnaceae,Ouratea subamplexicaulis,Maguire & Steyerm.,Venezuela (Bolivarian Republic of)
Ochnaceae,Ouratea superba,Engl.,Venezuela (Bolivarian Republic of)
Ochnaceae,Ouratea tatei,Gleason,Venezuela (Bolivarian Republic of)
Ochnaceae,Perissocarpa steyermarkii,(Maguire) Steyerm. & Maguire,Venezuela (Bolivarian Republic of)
Ochnaceae,Perissocarpa umbellifera,Steyerm. & Maguire,Venezuela (Bolivarian Republic of)
Ochnaceae,Philacra auriculata,Dwyer,Venezuela (Bolivarian Republic of)
Ochnaceae,Philacra longifolia,(Gleason) Dwyer,Venezuela (Bolivarian Republic of)
Ochnaceae,Poecilandra retusa,Tul.,Venezuela (Bolivarian Republic of)
Ochnaceae,Quiina attenuata,J.V. Schneid. & Zizka,Venezuela (Bolivarian Republic of)
Ochnaceae,Quiina cruegeriana,Griseb.,Venezuela (Bolivarian Republic of)
Ochnaceae,Quiina florida,Tul.,Venezuela (Bolivarian Republic of)
Ochnaceae,Quiina guianensis,Aubl.,Venezuela (Bolivarian Republic of)
Ochnaceae,Quiina indigofera,Sandwith,Venezuela (Bolivarian Republic of)
Ochnaceae,Quiina longifolia,Spruce ex Planch. & Triana,Venezuela (Bolivarian Republic of)
Ochnaceae,Quiina macrophylla,Tul.,Venezuela (Bolivarian Republic of)
Ochnaceae,Quiina maracaensis,J.V. Schneid. & Zizka,Venezuela (Bolivarian Republic of)
Ochnaceae,Quiina obovata,Tul.,Venezuela (Bolivarian Republic of)
Ochnaceae,Quiina oiapocensis,Pires,Venezuela (Bolivarian Republic of)
Ochnaceae,Quiina pteridophylla,(Radlk.) Pires,Venezuela (Bolivarian Republic of)
Ochnaceae,Quiina rhytidopus,Tul.,Venezuela (Bolivarian Republic of)
Ochnaceae,Quiina tinifolia,Planch. & Triana,Venezuela (Bolivarian Republic of)
Ochnaceae,Quiina wurdackii,Pires,Venezuela (Bolivarian Republic of)
Ochnaceae,Quiina yatuensis,J.V.Schneid. & Zizka,Venezuela (Bolivarian Republic of)
Ochnaceae,Touroulia guianensis,Aubl.,Venezuela (Bolivarian Republic of)
Ochnaceae,Tyleria apiculata,Sastre,Venezuela (Bolivarian Republic of)
Ochnaceae,Tyleria floribunda,Gleason,Venezuela (Bolivarian Republic of)
Ochnaceae,Tyleria phelpsiana,Maguire & Steyerm.,Venezuela (Bolivarian Republic of)
Ochnaceae,Tyleria silvana,Maguire,Venezuela (Bolivarian Republic of)
Ochnaceae,Tyleria spathulata,Gleason,Venezuela (Bolivarian Republic of)
Ochnaceae,Tyleria spectabilis,Maguire & Wurdack,Venezuela (Bolivarian Republic of)
Ochnaceae,Tyleria tremuloidea,Maguire & Wurdack,Venezuela (Bolivarian Republic of)
Ochnaceae,Wallacea insignis,Spruce ex Benth. & Hook.f.,Venezuela (Bolivarian Republic of)
Olacaceae,Aptandra liriosmoides,Spruce ex Miers,Venezuela (Bolivarian Republic of)
Olacaceae,Aptandra tubicina,(Poepp.) Benth. ex Miers,Venezuela (Bolivarian Republic of)
Olacaceae,Brachynema axillare,Duno & P.E.Berry,Venezuela (Bolivarian Republic of)
Olacaceae,Cathedra acuminata,(Benth.) Miers,Venezuela (Bolivarian Republic of)
Olacaceae,Chaunochiton angustifolium,Sleumer,Venezuela (Bolivarian Republic of)
Olacaceae,Chaunochiton loranthoides,Benth.,Venezuela (Bolivarian Republic of)
Olacaceae,Dulacia candida,(Poepp.) Kuntze,Venezuela (Bolivarian Republic of)
Olacaceae,Dulacia guianensis,(Engl.) Kuntze,Venezuela (Bolivarian Republic of)
Olacaceae,Dulacia inopiflora,(Miers) Kuntze,Venezuela (Bolivarian Republic of)
Olacaceae,Dulacia macrophylla,(Benth.) Kuntze,Venezuela (Bolivarian Republic of)
Olacaceae,Dulacia redmondii,Steyerm.,Venezuela (Bolivarian Republic of)
Olacaceae,Dulacia tepuiensis,(Steyerm.) Sleumer & Steyerm.,Venezuela (Bolivarian Republic of)
Olacaceae,Heisteria acuminata,(Bonpl.) Engl.,Venezuela (Bolivarian Republic of)
Olacaceae,Heisteria barbata,Cuatrec.,Venezuela (Bolivarian Republic of)
Olacaceae,Heisteria coccinea,Jacq.,Venezuela (Bolivarian Republic of)
Olacaceae,Heisteria densifrons,Engl.,Venezuela (Bolivarian Republic of)
Olacaceae,Heisteria duckei,Sleumer,Venezuela (Bolivarian Republic of)
Olacaceae,Heisteria insculpta,Sleumer,Venezuela (Bolivarian Republic of)
Olacaceae,Heisteria latifolia,Standl.,Venezuela (Bolivarian Republic of)
Olacaceae,Heisteria maguirei,Sleumer,Venezuela (Bolivarian Republic of)
Olacaceae,Heisteria maytenoides,Spruce ex Engl.,Venezuela (Bolivarian Republic of)
Olacaceae,Heisteria ovata,Benth.,Venezuela (Bolivarian Republic of)
Olacaceae,Heisteria pentandra,(Benth. ex Reissek) Engl.,Venezuela (Bolivarian Republic of)
Olacaceae,Heisteria scandens,Ducke,Venezuela (Bolivarian Republic of)
Olacaceae,Minquartia guianensis,Aubl.,Venezuela (Bolivarian Republic of)
Olacaceae,Ximenia americana,L.,Venezuela (Bolivarian Republic of)
Oleaceae,Chionanthus avilensis,(Steyerm.) P.S.Green,Venezuela (Bolivarian Republic of)
Oleaceae,Chionanthus compactus,Sw.,Venezuela (Bolivarian Republic of)
Oleaceae,Chionanthus guianensis,(Aubl.) Pers.,Venezuela (Bolivarian Republic of)
Oleaceae,Chionanthus implicatus,(Rusby) P.S.Green,Venezuela (Bolivarian Republic of)
Onagraceae,Ludwigia nervosa,(Poir.) H.Hara,Venezuela (Bolivarian Republic of)
Opiliaceae,Agonandra brasiliensis,Miers ex Benth.,Venezuela (Bolivarian Republic of)
Opiliaceae,Agonandra silvatica,Ducke,Venezuela (Bolivarian Republic of)
Papaveraceae,Bocconia frutescens,L.,Venezuela (Bolivarian Republic of)
Papaveraceae,Bocconia integrifolia,Bonpl.,Venezuela (Bolivarian Republic of)
Passifloraceae,Dilkea retusa,Mast.,Venezuela (Bolivarian Republic of)
Passifloraceae,Passiflora lindeniana,Planch.,Venezuela (Bolivarian Republic of)
Passifloraceae,Turnera odorata,Rich.,Venezuela (Bolivarian Republic of)
Pentaphylacaceae,Freziera bonplandiana,Tul.,Venezuela (Bolivarian Republic of)
Pentaphylacaceae,Freziera calophylla,Triana & Planch.,Venezuela (Bolivarian Republic of)
Pentaphylacaceae,Freziera candicans,Tul.,Venezuela (Bolivarian Republic of)
Pentaphylacaceae,Freziera chrysophylla,Bonpl.,Venezuela (Bolivarian Republic of)
Pentaphylacaceae,Freziera grisebachii,Krug & Urb.,Venezuela (Bolivarian Republic of)
Pentaphylacaceae,Freziera guaramacalana,D.Santam. & Cuello,Venezuela (Bolivarian Republic of)
Pentaphylacaceae,Freziera karsteniana,(Szyszyl.) Kobuski,Venezuela (Bolivarian Republic of)
Pentaphylacaceae,Freziera roraimensis,Tul.,Venezuela (Bolivarian Republic of)
Pentaphylacaceae,Freziera tomentosa,(Ruiz & Pav.) Tul.,Venezuela (Bolivarian Republic of)
Pentaphylacaceae,Ternstroemia acrodantha,Kobuski & Steyerm.,Venezuela (Bolivarian Republic of)
Pentaphylacaceae,Ternstroemia camelliifolia,Linden & Planch.,Venezuela (Bolivarian Republic of)
Pentaphylacaceae,Ternstroemia campinicola,B.M.Boom,Venezuela (Bolivarian Republic of)
Pentaphylacaceae,Ternstroemia candolleana,Wawra,Venezuela (Bolivarian Republic of)
Pentaphylacaceae,Ternstroemia huberi,B.M. Boom,Venezuela (Bolivarian Republic of)
Pentaphylacaceae,Ternstroemia laevigata,Wawra,Venezuela (Bolivarian Republic of)
Pentaphylacaceae,Ternstroemia maguirei,B.M.Boom,Venezuela (Bolivarian Republic of)
Pentaphylacaceae,Ternstroemia meridionalis,Mutis ex L.f.,Venezuela (Bolivarian Republic of)
Pentaphylacaceae,Ternstroemia oleifolia,Wawra,Venezuela (Bolivarian Republic of)
Pentaphylacaceae,Ternstroemia punctata,(Aubl.) Sw.,Venezuela (Bolivarian Republic of)
Pentaphylacaceae,Ternstroemia steyermarkii,Kobuski,Venezuela (Bolivarian Republic of)
Pentaphylacaceae,Ternstroemia verticillata,Klotzsch ex Wawra,Venezuela (Bolivarian Republic of)
Peraceae,Chaetocarpus schomburgkianus,(Kuntze) Pax & K.Hoffm.,Venezuela (Bolivarian Republic of)
Peraceae,Pera arborea,Mutis,Venezuela (Bolivarian Republic of)
Peraceae,Pera bicolor,(Klotzsch) Müll.Arg.,Venezuela (Bolivarian Republic of)
Peraceae,Pera citriodora,Baill.,Venezuela (Bolivarian Republic of)
Peraceae,Pera decipiens,(Müll.Arg.) Müll.Arg.,Venezuela (Bolivarian Republic of)
Peraceae,Pera distichophylla,(Mart.) Baill.,Venezuela (Bolivarian Republic of)
Peraceae,Pera glabrata,(Schott) Poepp. ex Baill.,Venezuela (Bolivarian Republic of)
Peraceae,Pera tomentosa,(Benth.) Müll.Arg.,Venezuela (Bolivarian Republic of)
Peraceae,Pogonophora schomburgkiana,Miers ex Benth.,Venezuela (Bolivarian Republic of)
Peridiscaceae,Peridiscus lucidus,Benth.,Venezuela (Bolivarian Republic of)
Petiveriaceae,Ledenbergia seguierioides,Klotzsch ex Moq.,Venezuela (Bolivarian Republic of)
Phyllanthaceae,Amanoa cupatensis,Huber,Venezuela (Bolivarian Republic of)
Phyllanthaceae,Amanoa guianensis,Aubl.,Venezuela (Bolivarian Republic of)
Phyllanthaceae,Amanoa steyermarkii,Jabl.,Venezuela (Bolivarian Republic of)
Phyllanthaceae,Astrocasia tremula,(Griseb.) G.L.Webster,Venezuela (Bolivarian Republic of)
Phyllanthaceae,Celianella montana,Jabl.,Venezuela (Bolivarian Republic of)
Phyllanthaceae,Croizatia brevipetiolata,(Secco) Dorr,Venezuela (Bolivarian Republic of)
Phyllanthaceae,Croizatia naiguatensis,Steyerm.,Venezuela (Bolivarian Republic of)
Phyllanthaceae,Croizatia neotropica,Steyerm.,Venezuela (Bolivarian Republic of)
Phyllanthaceae,Discocarpus essequeboensis,Klotzsch,Venezuela (Bolivarian Republic of)
Phyllanthaceae,Discocarpus gentryi,S.M.Hayden,Venezuela (Bolivarian Republic of)
Phyllanthaceae,Discocarpus spruceanus,Müll.Arg.,Venezuela (Bolivarian Republic of)
Phyllanthaceae,Hieronyma alchorneoides,Allemão,Venezuela (Bolivarian Republic of)
Phyllanthaceae,Hieronyma duquei,Cuatrec.,Venezuela (Bolivarian Republic of)
Phyllanthaceae,Hieronyma fendleri,Briq.,Venezuela (Bolivarian Republic of)
Phyllanthaceae,Hieronyma huilensis,Cuatrec.,Venezuela (Bolivarian Republic of)
Phyllanthaceae,Hieronyma macrocarpa,Müll.Arg.,Venezuela (Bolivarian Republic of)
Phyllanthaceae,Hieronyma oblonga,(Tul.) Müll.Arg.,Venezuela (Bolivarian Republic of)
Phyllanthaceae,Jablonskia congesta,(Benth. ex Müll.Arg.) G.L.Webster,Venezuela (Bolivarian Republic of)
Phyllanthaceae,Margaritaria nobilis,L.f.,Venezuela (Bolivarian Republic of)
Phyllanthaceae,Phyllanthus acuminatus,Vahl,Venezuela (Bolivarian Republic of)
Phyllanthaceae,Phyllanthus atabapoensis,Jabl.,Venezuela (Bolivarian Republic of)
Phyllanthaceae,Phyllanthus attenuatus,Miq.,Venezuela (Bolivarian Republic of)
Phyllanthaceae,Phyllanthus botryanthus,Müll.Arg.,Venezuela (Bolivarian Republic of)
Phyllanthaceae,Phyllanthus elsiae,Urb.,Venezuela (Bolivarian Republic of)
Phyllanthaceae,Phyllanthus juglandifolius,Willd.,Venezuela (Bolivarian Republic of)
Phyllanthaceae,Phyllanthus liesneri,G.L.Webster,Venezuela (Bolivarian Republic of)
Phyllanthaceae,Phyllanthus myrsinites,Kunth,Venezuela (Bolivarian Republic of)
Phyllanthaceae,Phyllanthus rupestris,Kunth,Venezuela (Bolivarian Republic of)
Phyllanthaceae,Phyllanthus salviifolius,Kunth,Venezuela (Bolivarian Republic of)
Phyllanthaceae,Phyllanthus strobilaceus,Jabl.,Venezuela (Bolivarian Republic of)
Phyllanthaceae,Richeria grandis,Vahl,Venezuela (Bolivarian Republic of)
Phyllanthaceae,Savia sessiliflora,(Sw.) Willd.,Venezuela (Bolivarian Republic of)
Picramniaceae,Picramnia caracasana,Engl.,Venezuela (Bolivarian Republic of)
Picramniaceae,Picramnia gracilis,Tul.,Venezuela (Bolivarian Republic of)
Picramniaceae,Picramnia juniniana,J.F.Macbr.,Venezuela (Bolivarian Republic of)
Picramniaceae,Picramnia latifolia,Tul.,Venezuela (Bolivarian Republic of)
Picramniaceae,Picramnia magnifolia,J.F.Macbr.,Venezuela (Bolivarian Republic of)
Picramniaceae,Picramnia nuriensis,Steyerm.,Venezuela (Bolivarian Republic of)
Picramniaceae,Picramnia pentandra,Sw.,Venezuela (Bolivarian Republic of)
Picramniaceae,Picramnia sphaerocarpa,Planch.,Venezuela (Bolivarian Republic of)
Picramniaceae,Picramnia spruceana,Engl.,Venezuela (Bolivarian Republic of)
Picramniaceae,Picramnia teapensis,Tul.,Venezuela (Bolivarian Republic of)
Picramniaceae,Picramnia villosa,Rusby,Venezuela (Bolivarian Republic of)
Picrodendraceae,Piranhea longepedunculata,Jabl.,Venezuela (Bolivarian Republic of)
Picrodendraceae,Piranhea trifoliata,Baill.,Venezuela (Bolivarian Republic of)
Picrodendraceae,Podocalyx loranthoides,Klotzsch,Venezuela (Bolivarian Republic of)
Piperaceae,Piper aduncum,L.,Venezuela (Bolivarian Republic of)
Piperaceae,Piper aequale,Vahl,Venezuela (Bolivarian Republic of)
Piperaceae,Piper agostiniorum,Steyerm.,Venezuela (Bolivarian Republic of)
Piperaceae,Piper amalago,L.,Venezuela (Bolivarian Republic of)
Piperaceae,Piper arboreum,Aubl.,Venezuela (Bolivarian Republic of)
Piperaceae,Piper augustum,Rudge,Venezuela (Bolivarian Republic of)
Piperaceae,Piper bogotense,C.DC.,Venezuela (Bolivarian Republic of)
Piperaceae,Piper cernuum,Vell.,Venezuela (Bolivarian Republic of)
Piperaceae,Piper dilatatum,Rich.,Venezuela (Bolivarian Republic of)
Piperaceae,Piper fundacionense,Steyerm.,Venezuela (Bolivarian Republic of)
Piperaceae,Piper glabrescens,(Miq.) C.DC.,Venezuela (Bolivarian Republic of)
Piperaceae,Piper grande,Vahl,Venezuela (Bolivarian Republic of)
Piperaceae,Piper hispidum,Sw.,Venezuela (Bolivarian Republic of)
Piperaceae,Piper hostmannianum,(Miq.) C.DC.,Venezuela (Bolivarian Republic of)
Piperaceae,Piper lacunosum,Kunth,Venezuela (Bolivarian Republic of)
Piperaceae,Piper laguna-cochanum,Trel. & Yunck.,Venezuela (Bolivarian Republic of)
Piperaceae,Piper longispicum,C.DC.,Venezuela (Bolivarian Republic of)
Piperaceae,Piper marturetense,Trel. & Yunck.,Venezuela (Bolivarian Republic of)
Piperaceae,Piper parianum,Yunck.,Venezuela (Bolivarian Republic of)
Piperaceae,Piper perverrucosum,Trel. & Yunck.,Venezuela (Bolivarian Republic of)
Piperaceae,Piper pseudodivulgatum,Steyerm.,Venezuela (Bolivarian Republic of)
Piperaceae,Piper pseudofuligineum,C.DC.,Venezuela (Bolivarian Republic of)
Piperaceae,Piper reticulatum,L.,Venezuela (Bolivarian Republic of)
Piperaceae,Piper ronaldii,Steyerm.,Venezuela (Bolivarian Republic of)
Piperaceae,Piper san-vicentense,Trel. & Yunck.,Venezuela (Bolivarian Republic of)
Piperaceae,Piper tenue,Kunth,Venezuela (Bolivarian Republic of)
Piperaceae,Piper tovarense,Trel. & Yunck.,Venezuela (Bolivarian Republic of)
Piperaceae,Piper tuberculatum,Jacq.,Venezuela (Bolivarian Republic of)
Piperaceae,Piper viridistachyum,Yunck.,Venezuela (Bolivarian Republic of)
Podocarpaceae,Podocarpus acuminatus,de Laub.,Venezuela (Bolivarian Republic of)
Podocarpaceae,Podocarpus aracensis,de Laub. & Silba,Venezuela (Bolivarian Republic of)
Podocarpaceae,Podocarpus brasiliensis,de Laub.,Venezuela (Bolivarian Republic of)
Podocarpaceae,Podocarpus celatus,de Laub.,Venezuela (Bolivarian Republic of)
Podocarpaceae,Podocarpus magnifolius,J.Buchholz & N.E.Gray,Venezuela (Bolivarian Republic of)
Podocarpaceae,Podocarpus oleifolius,D.Don,Venezuela (Bolivarian Republic of)
Podocarpaceae,Podocarpus pendulifolius,J.Buchholz & N.E.Gray,Venezuela (Bolivarian Republic of)
Podocarpaceae,Podocarpus roraimae,Pilg.,Venezuela (Bolivarian Republic of)
Podocarpaceae,Podocarpus salicifolius,Klotzsch & H.Karst. ex Endl.,Venezuela (Bolivarian Republic of)
Podocarpaceae,Podocarpus steyermarkii,J.Buchholz & N.E.Gray,Venezuela (Bolivarian Republic of)
Podocarpaceae,Podocarpus tepuiensis,J.Buchholz & N.E.Gray,Venezuela (Bolivarian Republic of)
Podocarpaceae,Prumnopitys harmsiana,(Pilg.) de Laub.,Venezuela (Bolivarian Republic of)
Podocarpaceae,Prumnopitys montana,(Humb. & Bonpl. ex Willd.) de Laub.,Venezuela (Bolivarian Republic of)
Podocarpaceae,Retrophyllum rospigliosii,(Pilg.) C.N.Page,Venezuela (Bolivarian Republic of)
Polygalaceae,Bredemeyera altissima,(Poepp.) A.W.Benn.,Venezuela (Bolivarian Republic of)
Polygalaceae,Bredemeyera floribunda,Willd.,Venezuela (Bolivarian Republic of)
Polygalaceae,Diclidanthera octandra,Gleason,Venezuela (Bolivarian Republic of)
Polygalaceae,Monnina aestuans,(L.f.) DC.,Venezuela (Bolivarian Republic of)
Polygalaceae,Monnina cladostachya,Turcz.,Venezuela (Bolivarian Republic of)
Polygalaceae,Monnina densa,Planch. & Linden ex Wedd.,Venezuela (Bolivarian Republic of)
Polygalaceae,Monnina mollis,Planch. & Linden ex Triana & Planch.,Venezuela (Bolivarian Republic of)
Polygalaceae,Moutabea aculeata,(Ruiz & Pav.) Poepp. & Endl.,Venezuela (Bolivarian Republic of)
Polygalaceae,Moutabea guianensis,Aubl.,Venezuela (Bolivarian Republic of)
Polygalaceae,Securidaca volubilis,L.,Venezuela (Bolivarian Republic of)
Polygonaceae,Coccoloba acuminata,Kunth,Venezuela (Bolivarian Republic of)
Polygonaceae,Coccoloba ascendens,Duss ex Lindau,Venezuela (Bolivarian Republic of)
Polygonaceae,Coccoloba brasiliensis,Nees & Mart.,Venezuela (Bolivarian Republic of)
Polygonaceae,Coccoloba caracasana,Meisn.,Venezuela (Bolivarian Republic of)
Polygonaceae,Coccoloba charitostachya,Standl.,Venezuela (Bolivarian Republic of)
Polygonaceae,Coccoloba coronata,Jacq.,Venezuela (Bolivarian Republic of)
Polygonaceae,Coccoloba cruegeri,Lindau,Venezuela (Bolivarian Republic of)
Polygonaceae,Coccoloba densifrons,Mart. ex Meisn.,Venezuela (Bolivarian Republic of)
Polygonaceae,Coccoloba diversifolia,Jacq.,Venezuela (Bolivarian Republic of)
Polygonaceae,Coccoloba excelsa,Benth.,Venezuela (Bolivarian Republic of)
Polygonaceae,Coccoloba fallax,Lindau,Venezuela (Bolivarian Republic of)
Polygonaceae,Coccoloba latifolia,Poir.,Venezuela (Bolivarian Republic of)
Polygonaceae,Coccoloba lehmannii,Lindau,Venezuela (Bolivarian Republic of)
Polygonaceae,Coccoloba llewelynii,R.A.Howard,Venezuela (Bolivarian Republic of)
Polygonaceae,Coccoloba mollis,Casar.,Venezuela (Bolivarian Republic of)
Polygonaceae,Coccoloba obtusifolia,Jacq.,Venezuela (Bolivarian Republic of)
Polygonaceae,Coccoloba orinocana,R.A.Howard,Venezuela (Bolivarian Republic of)
Polygonaceae,Coccoloba ovata,Benth.,Venezuela (Bolivarian Republic of)
Polygonaceae,Coccoloba padiformis,Meisn.,Venezuela (Bolivarian Republic of)
Polygonaceae,Coccoloba portuguesana,R.A.Howard,Venezuela (Bolivarian Republic of)
Polygonaceae,Coccoloba striata,Benth.,Venezuela (Bolivarian Republic of)
Polygonaceae,Coccoloba swartzii,Meisn.,Venezuela (Bolivarian Republic of)
Polygonaceae,Coccoloba uvifera,(L.) L.,Venezuela (Bolivarian Republic of)
Polygonaceae,Coccoloba venosa,L.,Venezuela (Bolivarian Republic of)
Polygonaceae,Coccoloba yaracuyensis,R.A.Howard,Venezuela (Bolivarian Republic of)
Polygonaceae,Coccoloba zuliana,R.A.Howard,Venezuela (Bolivarian Republic of)
Polygonaceae,Enneatypus ramiflorus,(C.A.Mey.) Roberty & Vautier,Venezuela (Bolivarian Republic of)
Polygonaceae,Enneatypus tenuiflorus,(Benth.) Roberty & Vautier,Venezuela (Bolivarian Republic of)
Polygonaceae,Ruprechtia apurensis,Pendry,Venezuela (Bolivarian Republic of)
Polygonaceae,Ruprechtia carina,Pendry,Venezuela (Bolivarian Republic of)
Polygonaceae,Ruprechtia cruegeri,Griseb. ex Lindau,Venezuela (Bolivarian Republic of)
Polygonaceae,Ruprechtia curranii,S.F.Blake,Venezuela (Bolivarian Republic of)
Polygonaceae,Symmeria paniculata,Benth.,Venezuela (Bolivarian Republic of)
Polygonaceae,Triplaris americana,L.,Venezuela (Bolivarian Republic of)
Polygonaceae,Triplaris caracasana,Cham.,Venezuela (Bolivarian Republic of)
Polygonaceae,Triplaris cumingiana,Fisch. & C.A.Mey.,Venezuela (Bolivarian Republic of)
Polygonaceae,Triplaris weigeltiana,(Rchb.) Kuntze,Venezuela (Bolivarian Republic of)
Primulaceae,Ardisia compressa,Kunth,Venezuela (Bolivarian Republic of)
Primulaceae,Ardisia cuneata,Lundell,Venezuela (Bolivarian Republic of)
Primulaceae,Ardisia foetida,Willd. ex Roem. & Schult.,Venezuela (Bolivarian Republic of)
Primulaceae,Ardisia guianensis,(Aubl.) Mez,Venezuela (Bolivarian Republic of)
Primulaceae,Ardisia pellucida,Oerst.,Venezuela (Bolivarian Republic of)
Primulaceae,Ardisia venosissima,(Ruiz & Pav.) J.F.Macbr.,Venezuela (Bolivarian Republic of)
Primulaceae,Bonellia frutescens,(Mill.) B.Ståhl & Källersjö,Venezuela (Bolivarian Republic of)
Primulaceae,Bonellia loeflingii,(Carrasquel) B.Ståhl & Källersjö,Venezuela (Bolivarian Republic of)
Primulaceae,Clavija eggersiana,Mez,Venezuela (Bolivarian Republic of)
Primulaceae,Clavija ornata,D.Don,Venezuela (Bolivarian Republic of)
Primulaceae,Ctenardisia stenobotrys,(Standl.) Lundell & Pipoly,Venezuela (Bolivarian Republic of)
Primulaceae,Cybianthus agostinianus,Pipoly,Venezuela (Bolivarian Republic of)
Primulaceae,Cybianthus amplus,(Mez) G.Agostini,Venezuela (Bolivarian Republic of)
Primulaceae,Cybianthus apiculatus,(Steyerm.) G.Agostini,Venezuela (Bolivarian Republic of)
Primulaceae,Cybianthus caracasanus,(Mez) G.Agostini,Venezuela (Bolivarian Republic of)
Primulaceae,Cybianthus cardonae,G.Agostini,Venezuela (Bolivarian Republic of)
Primulaceae,Cybianthus cuspidatus,Miq.,Venezuela (Bolivarian Republic of)
Primulaceae,Cybianthus duidae,(Gleason & Moldenke) G.Agostini,Venezuela (Bolivarian Republic of)
Primulaceae,Cybianthus fendleri,Mez,Venezuela (Bolivarian Republic of)
Primulaceae,Cybianthus frigidicola,(Steyerm.) G.Agostini,Venezuela (Bolivarian Republic of)
Primulaceae,Cybianthus fulvopulverulentus,(Mez) G.Agostini,Venezuela (Bolivarian Republic of)
Primulaceae,Cybianthus glaber,(Mez) G.Agostini,Venezuela (Bolivarian Republic of)
Primulaceae,Cybianthus grandifolius,(Mez) G.Agostini,Venezuela (Bolivarian Republic of)
Primulaceae,Cybianthus guyanensis,(A.DC.) Miq.,Venezuela (Bolivarian Republic of)
Primulaceae,Cybianthus idroboi,Pipoly,Venezuela (Bolivarian Republic of)
Primulaceae,Cybianthus iteoides,(Benth.) G.Agostini,Venezuela (Bolivarian Republic of)
Primulaceae,Cybianthus laurifolius,(Mez) G.Agostini,Venezuela (Bolivarian Republic of)
Primulaceae,Cybianthus lepidotus,(Gleason) G.Agostini,Venezuela (Bolivarian Republic of)
Primulaceae,Cybianthus liesneri,Pipoly & Ricketson,Venezuela (Bolivarian Republic of)
Primulaceae,Cybianthus longifolius,Miq.,Venezuela (Bolivarian Republic of)
Primulaceae,Cybianthus magnus,(Mez) Pipoly,Venezuela (Bolivarian Republic of)
Primulaceae,Cybianthus maguirei,G.Agostini ex Pipoly,Venezuela (Bolivarian Republic of)
Primulaceae,Cybianthus marginatus,(Benth.) Pipoly,Venezuela (Bolivarian Republic of)
Primulaceae,Cybianthus microbotrys,A.DC.,Venezuela (Bolivarian Republic of)
Primulaceae,Cybianthus multicostatus,Miq.,Venezuela (Bolivarian Republic of)
Primulaceae,Cybianthus nemophilus,Pittier,Venezuela (Bolivarian Republic of)
Primulaceae,Cybianthus nevadensis,(Mez) G.Agostini,Venezuela (Bolivarian Republic of)
Primulaceae,Cybianthus penduliflorus,Mart.,Venezuela (Bolivarian Republic of)
Primulaceae,Cybianthus perseoides,(Mez) G.Agostini,Venezuela (Bolivarian Republic of)
Primulaceae,Cybianthus peruvianus,(A.DC.) Miq.,Venezuela (Bolivarian Republic of)
Primulaceae,Cybianthus plowmanii,Pipoly,Venezuela (Bolivarian Republic of)
Primulaceae,Cybianthus potiaei,(Mez) G.Agostini,Venezuela (Bolivarian Republic of)
Primulaceae,Cybianthus prieurii,A.DC.,Venezuela (Bolivarian Republic of)
Primulaceae,Cybianthus punctatus,(Mez) G.Agostini,Venezuela (Bolivarian Republic of)
Primulaceae,Cybianthus quelchii,(N.E.Br.) G.Agostini,Venezuela (Bolivarian Republic of)
Primulaceae,Cybianthus resinosus,Mez,Venezuela (Bolivarian Republic of)
Primulaceae,Cybianthus reticulatus,(Benth. ex Miq.) G.Agostini,Venezuela (Bolivarian Republic of)
Primulaceae,Cybianthus roraimae,(Steyerm.) G.Agostini,Venezuela (Bolivarian Republic of)
Primulaceae,Cybianthus sipapoensis,Pipoly & G.Agostini,Venezuela (Bolivarian Republic of)
Primulaceae,Cybianthus spathulifolius,G.Agostini ex Pipoly,Venezuela (Bolivarian Republic of)
Primulaceae,Cybianthus spicatus,(Kunth) G.Agostini,Venezuela (Bolivarian Republic of)
Primulaceae,Cybianthus stapfii,(Mez) G.Agostini,Venezuela (Bolivarian Republic of)
Primulaceae,Cybianthus steyermarkianus,(G.Agostini) G.Agostini,Venezuela (Bolivarian Republic of)
Primulaceae,Cybianthus sulcatus,(Steyerm.) G.Agostini,Venezuela (Bolivarian Republic of)
Primulaceae,Cybianthus surinamensis,(A.Spreng.) G.Agostini,Venezuela (Bolivarian Republic of)
Primulaceae,Cybianthus tamanus,(Steyerm.) G.Agostini,Venezuela (Bolivarian Republic of)
Primulaceae,Cybianthus venezuelanus,Mez,Venezuela (Bolivarian Republic of)
Primulaceae,Geissanthus andinus,Mez,Venezuela (Bolivarian Republic of)
Primulaceae,Geissanthus floribundus,Mez,Venezuela (Bolivarian Republic of)
Primulaceae,Geissanthus fragrans,Mez,Venezuela (Bolivarian Republic of)
Primulaceae,Geissanthus mameicillo,(Schltdl.) Mez,Venezuela (Bolivarian Republic of)
Primulaceae,Jacquinia armillaris,Jacq.,Venezuela (Bolivarian Republic of)
Primulaceae,Myrsine andina,(Mez) Pipoly,Venezuela (Bolivarian Republic of)
Primulaceae,Myrsine dependens,(Ruiz & Pav.) Spreng.,Venezuela (Bolivarian Republic of)
Primulaceae,Myrsine guianensis,(Aubl.) Kuntze,Venezuela (Bolivarian Republic of)
Primulaceae,Myrsine macrocarpa,Pipoly,Venezuela (Bolivarian Republic of)
Primulaceae,Myrsine minima,(Steyerm.) Pipoly,Venezuela (Bolivarian Republic of)
Primulaceae,Myrsine nitida,(Mez) Pipoly,Venezuela (Bolivarian Republic of)
Primulaceae,Myrsine pellucida,(Ruiz & Pav.) Spreng.,Venezuela (Bolivarian Republic of)
Primulaceae,Myrsine picturata,Pipoly,Venezuela (Bolivarian Republic of)
Primulaceae,Parathesis adenanthera,(Miq.) Hook.f.,Venezuela (Bolivarian Republic of)
Primulaceae,Parathesis agostiniana,Lundell,Venezuela (Bolivarian Republic of)
Primulaceae,Parathesis laxa,Lundell,Venezuela (Bolivarian Republic of)
Primulaceae,Parathesis moritziana,Mez,Venezuela (Bolivarian Republic of)
Primulaceae,Parathesis venezuelana,Mez,Venezuela (Bolivarian Republic of)
Primulaceae,Parathesis zuliana,Lundell,Venezuela (Bolivarian Republic of)
Primulaceae,Stylogyne atra,Mez,Venezuela (Bolivarian Republic of)
Primulaceae,Stylogyne lasseri,(Lundell) Pipoly,Venezuela (Bolivarian Republic of)
Primulaceae,Stylogyne laxiflora,Mez,Venezuela (Bolivarian Republic of)
Primulaceae,Stylogyne longifolia,(Mart. ex Miq.) Mez,Venezuela (Bolivarian Republic of)
Primulaceae,Stylogyne micrantha,(Kunth) Mez,Venezuela (Bolivarian Republic of)
Primulaceae,Stylogyne orinocensis,(Kunth) Mez,Venezuela (Bolivarian Republic of)
Primulaceae,Stylogyne turbacensis,(Kunth) Mez,Venezuela (Bolivarian Republic of)
Proteaceae,Euplassa chimantensis,Steyerm.,Venezuela (Bolivarian Republic of)
Proteaceae,Euplassa glaziovii,(Mez) Steyerm.,Venezuela (Bolivarian Republic of)
Proteaceae,Panopsis cinnamomea,Pittier,Venezuela (Bolivarian Republic of)
Proteaceae,Panopsis mucronata,Cuatrec.,Venezuela (Bolivarian Republic of)
Proteaceae,Panopsis perijensis,Steyerm. ex K.S.Edwards,Venezuela (Bolivarian Republic of)
Proteaceae,Panopsis polystachya,(Kunth) Kuntze,Venezuela (Bolivarian Republic of)
Proteaceae,Panopsis rubescens,(Pohl) Pittier,Venezuela (Bolivarian Republic of)
Proteaceae,Panopsis sessilifolia,(Rich.) Sandwith,Venezuela (Bolivarian Republic of)
Proteaceae,Panopsis suaveolens,(Klotzsch) Pittier,Venezuela (Bolivarian Republic of)
Proteaceae,Panopsis tepuiana,Steyerm.,Venezuela (Bolivarian Republic of)
Proteaceae,Roupala barnettiae,Dorr,Venezuela (Bolivarian Republic of)
Proteaceae,Roupala monosperma,(Ruiz & Pav.) I.M.Johnst.,Venezuela (Bolivarian Republic of)
Proteaceae,Roupala montana,Aubl.,Venezuela (Bolivarian Republic of)
Proteaceae,Roupala obtusata,Klotzsch,Venezuela (Bolivarian Republic of)
Proteaceae,Roupala pseudocordata,Pittier,Venezuela (Bolivarian Republic of)
Proteaceae,Roupala sororopana,Steyerm.,Venezuela (Bolivarian Republic of)
Proteaceae,Roupala suaveolens,Klotzsch,Venezuela (Bolivarian Republic of)
Putranjivaceae,Drypetes fanshawei,Sandwith,Venezuela (Bolivarian Republic of)
Putranjivaceae,Drypetes standleyi,G.L.Webster,Venezuela (Bolivarian Republic of)
Putranjivaceae,Drypetes variabilis,Uittien,Venezuela (Bolivarian Republic of)
Rhamnaceae,Ampelozizyphus amazonicus,Ducke,Venezuela (Bolivarian Republic of)
Rhamnaceae,Colubrina elliptica,(Sw.) Brizicky & W.L.Stern,Venezuela (Bolivarian Republic of)
Rhamnaceae,Colubrina glandulosa,G.Perkins,Venezuela (Bolivarian Republic of)
Rhamnaceae,Colubrina retusa,(Pittier) R.S.Cowan,Venezuela (Bolivarian Republic of)
Rhamnaceae,Condalia henriquezii,Bold.,Venezuela (Bolivarian Republic of)
Rhamnaceae,Frangula goudotiana,(Triana & Planch.) Grubov,Venezuela (Bolivarian Republic of)
Rhamnaceae,Frangula lindeniana,(Triana & Planch.) Grubov,Venezuela (Bolivarian Republic of)
Rhamnaceae,Frangula neblinensis,(Maguire & Steyerm.) A.Pool,Venezuela (Bolivarian Republic of)
Rhamnaceae,Frangula ulei,(Pilg.) Grubov,Venezuela (Bolivarian Republic of)
Rhamnaceae,Karwinskia humboldtiana,(Willd. ex Schult.) Zucc.,Venezuela (Bolivarian Republic of)
Rhamnaceae,Sarcomphalus cinnamomum,(Triana & Planch.) Hauenschild,Venezuela (Bolivarian Republic of)
Rhamnaceae,Sarcomphalus cyclocardius,(S.F.Blake) Hauenschild,Venezuela (Bolivarian Republic of)
Rhamnaceae,Sarcomphalus saeri,(Pittier) Hauenschild,Venezuela (Bolivarian Republic of)
Rhamnaceae,Ziziphus melastomoides,Pittier,Venezuela (Bolivarian Republic of)
Rhizophoraceae,Cassipourea guianensis,Aubl.,Venezuela (Bolivarian Republic of)
Rhizophoraceae,Rhizophora mangle,L.,Venezuela (Bolivarian Republic of)
Rhizophoraceae,Rhizophora racemosa,G.Mey.,Venezuela (Bolivarian Republic of)
Rhizophoraceae,Sterigmapetalum chrysophyllum,Aymard & Cuello,Venezuela (Bolivarian Republic of)
Rhizophoraceae,Sterigmapetalum colombianum,Monach.,Venezuela (Bolivarian Republic of)
Rhizophoraceae,Sterigmapetalum exappendiculatum,Steyerm. & Liesner,Venezuela (Bolivarian Republic of)
Rhizophoraceae,Sterigmapetalum guianense,Steyerm.,Venezuela (Bolivarian Republic of)
Rhizophoraceae,Sterigmapetalum heterodoxum,Steyerm. & Liesner,Venezuela (Bolivarian Republic of)
Rhizophoraceae,Sterigmapetalum resinosum,Steyerm. & Liesner,Venezuela (Bolivarian Republic of)
Rhizophoraceae,Sterigmapetalum tachirense,Steyerm. & Liesner,Venezuela (Bolivarian Republic of)
Rosaceae,Hesperomeles cuneata,Lindl.,Venezuela (Bolivarian Republic of)
Rosaceae,Hesperomeles ferruginea,(Juss. ex Pers.) Benth.,Venezuela (Bolivarian Republic of)
Rosaceae,Hesperomeles obtusifolia,(Pers.) Lindl.,Venezuela (Bolivarian Republic of)
Rosaceae,Polylepis sericea,Wedd.,Venezuela (Bolivarian Republic of)
Rosaceae,Prunus accumulans,(Koehne) C.L.Li & Aymard,Venezuela (Bolivarian Republic of)
Rosaceae,Prunus amplifolia,Pilg.,Venezuela (Bolivarian Republic of)
Rosaceae,Prunus espinozana,C.L.Li,Venezuela (Bolivarian Republic of)
Rosaceae,Prunus integrifolia,(C.Presl) Walp.,Venezuela (Bolivarian Republic of)
Rosaceae,Prunus moritziana,Koehne,Venezuela (Bolivarian Republic of)
Rosaceae,Prunus myrtifolia,(L.) Urb.,Venezuela (Bolivarian Republic of)
Rosaceae,Prunus occidentalis,Sw.,Venezuela (Bolivarian Republic of)
Rosaceae,Prunus ocellata,Koehne,Venezuela (Bolivarian Republic of)
Rosaceae,Prunus opaca,(Benth.) Walp.,Venezuela (Bolivarian Republic of)
Rosaceae,Prunus strobilifera,Cuatrec.,Venezuela (Bolivarian Republic of)
Rosaceae,Prunus urotaenia,Koehne,Venezuela (Bolivarian Republic of)
Rosaceae,Prunus wurdackii,C.L.Li,Venezuela (Bolivarian Republic of)
Rubiaceae,Alibertia bertierifolia,K.Schum.,Venezuela (Bolivarian Republic of)
Rubiaceae,Alibertia edulis,(Rich.) A.Rich. ex DC.,Venezuela (Bolivarian Republic of)
Rubiaceae,Alibertia latifolia,(Benth.) K.Schum.,Venezuela (Bolivarian Republic of)
Rubiaceae,Alibertia venezuelensis,(Steyerm.) Delprete & C.H.Perss.,Venezuela (Bolivarian Republic of)
Rubiaceae,Alseis microcarpa,Standl. & Steyerm.,Venezuela (Bolivarian Republic of)
Rubiaceae,Alseis mutisii,Moldenke,Venezuela (Bolivarian Republic of)
Rubiaceae,Amaioua brevidentata,Steyerm.,Venezuela (Bolivarian Republic of)
Rubiaceae,Amaioua glomerulata,(Lam. ex Poir.) Delprete & C.H.Perss.,Venezuela (Bolivarian Republic of)
Rubiaceae,Amaioua guianensis,Aubl.,Venezuela (Bolivarian Republic of)
Rubiaceae,Appunia venezuelensis,Steyerm.,Venezuela (Bolivarian Republic of)
Rubiaceae,Arachnothryx calycophylla,Steyerm.,Venezuela (Bolivarian Republic of)
Rubiaceae,Arachnothryx costanensis,Steyerm.,Venezuela (Bolivarian Republic of)
Rubiaceae,Arachnothryx reflexa,(Benth.) Planch.,Venezuela (Bolivarian Republic of)
Rubiaceae,Arachnothryx venezuelensis,Steyerm.,Venezuela (Bolivarian Republic of)
Rubiaceae,Bathysa bathysoides,(Steyerm.) Delprete,Venezuela (Bolivarian Republic of)
Rubiaceae,Bathysa perijaensis,(Steyerm.) Delprete,Venezuela (Bolivarian Republic of)
Rubiaceae,Bathysa pittieri,(Standl.) Steyerm.,Venezuela (Bolivarian Republic of)
Rubiaceae,Bertiera angustifolia,Benth.,Venezuela (Bolivarian Republic of)
Rubiaceae,Bertiera guianensis,Aubl.,Venezuela (Bolivarian Republic of)
Rubiaceae,Bothriospora corymbosa,(Benth.) Hook.f.,Venezuela (Bolivarian Republic of)
Rubiaceae,Botryarrhena pendula,Ducke,Venezuela (Bolivarian Republic of)
Rubiaceae,Botryarrhena venezuelensis,Steyerm.,Venezuela (Bolivarian Republic of)
Rubiaceae,Calycophyllum candidissimum,(Vahl) DC.,Venezuela (Bolivarian Republic of)
Rubiaceae,Calycophyllum obovatum,(Ducke) Ducke,Venezuela (Bolivarian Republic of)
Rubiaceae,Calycophyllum spectabile,Steyerm.,Venezuela (Bolivarian Republic of)
Rubiaceae,Calycophyllum venezuelense,Steyerm.,Venezuela (Bolivarian Republic of)
Rubiaceae,Capirona decorticans,Spruce,Venezuela (Bolivarian Republic of)
Rubiaceae,Chimarrhis brevipes,Steyerm.,Venezuela (Bolivarian Republic of)
Rubiaceae,Chimarrhis gentryana,Delprete,Venezuela (Bolivarian Republic of)
Rubiaceae,Chimarrhis microcarpa,Standl.,Venezuela (Bolivarian Republic of)
Rubiaceae,Chimarrhis speciosa,(Steyerm.) Delprete,Venezuela (Bolivarian Republic of)
Rubiaceae,Chomelia caurensis,(Standl.) Steyerm.,Venezuela (Bolivarian Republic of)
Rubiaceae,Chomelia delascioi,Steyerm.,Venezuela (Bolivarian Republic of)
Rubiaceae,Chomelia malaneoides,Müll.Arg.,Venezuela (Bolivarian Republic of)
Rubiaceae,Chomelia obtusa,Cham. & Schltdl.,Venezuela (Bolivarian Republic of)
Rubiaceae,Chomelia polyantha,S.F.Blake,Venezuela (Bolivarian Republic of)
Rubiaceae,Chomelia spinosa,Jacq.,Venezuela (Bolivarian Republic of)
Rubiaceae,Chomelia stergiosii,Steyerm.,Venezuela (Bolivarian Republic of)
Rubiaceae,Chomelia tenuiflora,Benth.,Venezuela (Bolivarian Republic of)
Rubiaceae,Chomelia venezuelensis,Steyerm.,Venezuela (Bolivarian Republic of)
Rubiaceae,Ciliosemina pedunculata,(H.Karst.) Antonelli,Venezuela (Bolivarian Republic of)
Rubiaceae,Cinchona lancifolia,Mutis,Venezuela (Bolivarian Republic of)
Rubiaceae,Cinchona pubescens,Vahl,Venezuela (Bolivarian Republic of)
Rubiaceae,Cinchonopsis amazonica,(Standl.) L.Andersson,Venezuela (Bolivarian Republic of)
Rubiaceae,Coccochondra phelpsiana,(Steyerm.) C.M.Taylor,Venezuela (Bolivarian Republic of)
Rubiaceae,Condaminea corymbosa,(Ruiz & Pav.) DC.,Venezuela (Bolivarian Republic of)
Rubiaceae,Cordiera garapatica,(K.Schum.) Kuntze,Venezuela (Bolivarian Republic of)
Rubiaceae,Cordiera myrciifolia,(K.Schum.) Perss. & Delprete,Venezuela (Bolivarian Republic of)
Rubiaceae,Cordiera triflora,A.Rich. ex DC.,Venezuela (Bolivarian Republic of)
Rubiaceae,Cosmibuena grandiflora,(Ruiz & Pav.) Rusby,Venezuela (Bolivarian Republic of)
Rubiaceae,Coussarea bernardii,Steyerm.,Venezuela (Bolivarian Republic of)
Rubiaceae,Coussarea evoluta,Steyerm.,Venezuela (Bolivarian Republic of)
Rubiaceae,Coussarea grandifolia,Rusby,Venezuela (Bolivarian Republic of)
Rubiaceae,Coussarea grandis,Müll.Arg.,Venezuela (Bolivarian Republic of)
Rubiaceae,Coussarea hirticalyx,Standl.,Venezuela (Bolivarian Republic of)
Rubiaceae,Coussarea lasseri,Steyerm.,Venezuela (Bolivarian Republic of)
Rubiaceae,Coussarea leptophragma,Müll.Arg.,Venezuela (Bolivarian Republic of)
Rubiaceae,Coussarea liesneri,Steyerm.,Venezuela (Bolivarian Republic of)
Rubiaceae,Coussarea moritziana,(Benth.) Standl.,Venezuela (Bolivarian Republic of)
Rubiaceae,Coussarea paniculata,(Willd.) Standl.,Venezuela (Bolivarian Republic of)
Rubiaceae,Coussarea pittieri,Steyerm.,Venezuela (Bolivarian Republic of)
Rubiaceae,Coussarea tenuiflora,Standl.,Venezuela (Bolivarian Republic of)
Rubiaceae,Coussarea violacea,Aubl.,Venezuela (Bolivarian Republic of)
Rubiaceae,Coutarea hexandra,(Jacq.) K.Schum.,Venezuela (Bolivarian Republic of)
Rubiaceae,Dolichodelphys chlorocrater,K.Schum. & K.Krause,Venezuela (Bolivarian Republic of)
Rubiaceae,Duidania montana,Standl.,Venezuela (Bolivarian Republic of)
Rubiaceae,Duroia aquatica,(Aubl.) Bremek.,Venezuela (Bolivarian Republic of)
Rubiaceae,Duroia bolivarensis,Steyerm.,Venezuela (Bolivarian Republic of)
Rubiaceae,Duroia eriopila,L.f.,Venezuela (Bolivarian Republic of)
Rubiaceae,Duroia fusifera,Spruce ex K.Schum.,Venezuela (Bolivarian Republic of)
Rubiaceae,Duroia genipoides,Spruce ex K.Schum.,Venezuela (Bolivarian Republic of)
Rubiaceae,Duroia gransabanensis,Steyerm.,Venezuela (Bolivarian Republic of)
Rubiaceae,Duroia kotchubaeoides,Steyerm.,Venezuela (Bolivarian Republic of)
Rubiaceae,Duroia maguirei,Steyerm.,Venezuela (Bolivarian Republic of)
Rubiaceae,Duroia micrantha,(Ladbr.) Zarucchi & J.H.Kirkbr.,Venezuela (Bolivarian Republic of)
Rubiaceae,Duroia nitida,Steyerm.,Venezuela (Bolivarian Republic of)
Rubiaceae,Duroia paraensis,Ducke,Venezuela (Bolivarian Republic of)
Rubiaceae,Duroia paruensis,Steyerm.,Venezuela (Bolivarian Republic of)
Rubiaceae,Duroia retrorsipila,Steyerm.,Venezuela (Bolivarian Republic of)
Rubiaceae,Duroia saccifera,(Mart. ex Schult. & Schult.f.) K.Schum.,Venezuela (Bolivarian Republic of)
Rubiaceae,Duroia strigosa,Steyerm.,Venezuela (Bolivarian Republic of)
Rubiaceae,Elaeagia karstenii,Standl.,Venezuela (Bolivarian Republic of)
Rubiaceae,Elaeagia laxiflora,Standl. & Steyerm.,Venezuela (Bolivarian Republic of)
Rubiaceae,Elaeagia magniflora,Steyerm.,Venezuela (Bolivarian Republic of)
Rubiaceae,Elaeagia maguirei,Standl.,Venezuela (Bolivarian Republic of)
Rubiaceae,Elaeagia myriantha,(Standl.) C.M.Taylor & Hammel,Venezuela (Bolivarian Republic of)
Rubiaceae,Elaeagia ruizteranii,Steyerm.,Venezuela (Bolivarian Republic of)
Rubiaceae,Elaeagia utilis,(Goudot) Wedd.,Venezuela (Bolivarian Republic of)
Rubiaceae,Erithalis fruticosa,L.,Venezuela (Bolivarian Republic of)
Rubiaceae,Erithalis odorifera,Jacq.,Venezuela (Bolivarian Republic of)
Rubiaceae,Eumachia astrellantha,(Wernham) Delprete & J.H.Kirkbr.,Venezuela (Bolivarian Republic of)
Rubiaceae,Eumachia boliviana,(Standl.) Delprete & J.H.Kirkbr.,Venezuela (Bolivarian Republic of)
Rubiaceae,Eumachia cephalantha,(Müll.Arg.) Delprete & J.H.Kirkbr.,Venezuela (Bolivarian Republic of)
Rubiaceae,Eumachia deinocalyx,(Sandwith) Delprete & J.H.Kirkbr.,Venezuela (Bolivarian Republic of)
Rubiaceae,Eumachia guianensis,(Bremek.) Delprete & J.H.Kirkbr.,Venezuela (Bolivarian Republic of)
Rubiaceae,Eumachia kappleri,(Miq.) Delprete & J.H.Kirkbr.,Venezuela (Bolivarian Republic of)
Rubiaceae,Eumachia paupertina,(Standl. & Steyerm.) Delprete & J.H.Kirkbr.,Venezuela (Bolivarian Republic of)
Rubiaceae,Eumachia podocephala,(Müll.Arg.) Delprete & J.H.Kirkbr.,Venezuela (Bolivarian Republic of)
Rubiaceae,Faramea anisocalyx,Poepp.,Venezuela (Bolivarian Republic of)
Rubiaceae,Faramea berryi,Steyerm.,Venezuela (Bolivarian Republic of)
Rubiaceae,Faramea boomii,Steyerm.,Venezuela (Bolivarian Republic of)
Rubiaceae,Faramea capillipes,Müll.Arg.,Venezuela (Bolivarian Republic of)
Rubiaceae,Faramea cardonae,Standl. & Steyerm.,Venezuela (Bolivarian Republic of)
Rubiaceae,Faramea corymbosa,Aubl.,Venezuela (Bolivarian Republic of)
Rubiaceae,Faramea crassifolia,Benth.,Venezuela (Bolivarian Republic of)
Rubiaceae,Faramea jasminoides,(Kunth) DC.,Venezuela (Bolivarian Republic of)
Rubiaceae,Faramea larensis,Steyerm.,Venezuela (Bolivarian Republic of)
Rubiaceae,Faramea multiflora,A.Rich.,Venezuela (Bolivarian Republic of)
Rubiaceae,Faramea neblinae,Steyerm.,Venezuela (Bolivarian Republic of)
Rubiaceae,Faramea occidentalis,(L.) A.Rich.,Venezuela (Bolivarian Republic of)
Rubiaceae,Faramea orinocensis,Standl.,Venezuela (Bolivarian Republic of)
Rubiaceae,Faramea parvibractea,Steyerm.,Venezuela (Bolivarian Republic of)
Rubiaceae,Faramea pseudospathacea,Steyerm.,Venezuela (Bolivarian Republic of)
Rubiaceae,Faramea quinqueflora,Poepp.,Venezuela (Bolivarian Republic of)
Rubiaceae,Faramea sessilifolia,(Kunth) DC.,Venezuela (Bolivarian Republic of)
Rubiaceae,Faramea spathacea,Müll.Arg. ex Standl.,Venezuela (Bolivarian Republic of)
Rubiaceae,Faramea stenopetala,Mart.,Venezuela (Bolivarian Republic of)
Rubiaceae,Faramea tamberlikiana,Müll.Arg.,Venezuela (Bolivarian Republic of)
Rubiaceae,Faramea torquata,Müll.Arg.,Venezuela (Bolivarian Republic of)
Rubiaceae,Faramea yavitensis,Steyerm.,Venezuela (Bolivarian Republic of)
Rubiaceae,Ferdinandusa boomii,Steyerm.,Venezuela (Bolivarian Republic of)
Rubiaceae,Ferdinandusa goudotiana,K.Schum.,Venezuela (Bolivarian Republic of)
Rubiaceae,Ferdinandusa guainiae,Spruce ex K.Schum.,Venezuela (Bolivarian Republic of)
Rubiaceae,Ferdinandusa neblinensis,Steyerm.,Venezuela (Bolivarian Republic of)
Rubiaceae,Ferdinandusa sprucei,K.Schum.,Venezuela (Bolivarian Republic of)
Rubiaceae,Ferdinandusa uaupensis,Spruce ex K.Schum.,Venezuela (Bolivarian Republic of)
Rubiaceae,Genipa americana,L.,Venezuela (Bolivarian Republic of)
Rubiaceae,Genipa spruceana,Steyerm.,Venezuela (Bolivarian Republic of)
Rubiaceae,Gleasonia duidana,Standl.,Venezuela (Bolivarian Republic of)
Rubiaceae,Gonzalagunia dependens,Ruiz & Pav.,Venezuela (Bolivarian Republic of)
Rubiaceae,Gonzalagunia dicocca,Cham. & Schltdl.,Venezuela (Bolivarian Republic of)
Rubiaceae,Gonzalagunia panamensis,(Cav.) K.Schum.,Venezuela (Bolivarian Republic of)
Rubiaceae,Gonzalagunia surinamensis,Bremek.,Venezuela (Bolivarian Republic of)
Rubiaceae,Guettarda bernardii,Steyerm.,Venezuela (Bolivarian Republic of)
Rubiaceae,Guettarda divaricata,(Humb. & Bonpl. ex Schult.) Standl.,Venezuela (Bolivarian Republic of)
Rubiaceae,Guettarda elliptica,Sw.,Venezuela (Bolivarian Republic of)
Rubiaceae,Guettarda frondosa,Moritz ex Standl.,Venezuela (Bolivarian Republic of)
Rubiaceae,Guettarda malacophylla,Standl.,Venezuela (Bolivarian Republic of)
Rubiaceae,Guettarda odorata,(Jacq.) Lam.,Venezuela (Bolivarian Republic of)
Rubiaceae,Guettarda roupalifolia,Rusby,Venezuela (Bolivarian Republic of)
Rubiaceae,Guettarda scabra,(L.) Vent.,Venezuela (Bolivarian Republic of)
Rubiaceae,Guettarda spruceana,Müll.Arg.,Venezuela (Bolivarian Republic of)
Rubiaceae,Guettarda tobagensis,Urb.,Venezuela (Bolivarian Republic of)
Rubiaceae,Hamelia patens,Jacq.,Venezuela (Bolivarian Republic of)
Rubiaceae,Henriquezia nitida,Spruce ex Benth.,Venezuela (Bolivarian Republic of)
Rubiaceae,Henriquezia verticillata,Spruce ex Benth.,Venezuela (Bolivarian Republic of)
Rubiaceae,Hillia illustris,(Vell.) K.Schum.,Venezuela (Bolivarian Republic of)
Rubiaceae,Hippotis albiflora,H.Karst.,Venezuela (Bolivarian Republic of)
Rubiaceae,Hippotis lasseri,Steyerm.,Venezuela (Bolivarian Republic of)
Rubiaceae,Hoffmannia aroensis,Steyerm.,Venezuela (Bolivarian Republic of)
Rubiaceae,Isertia haenkeana,DC.,Venezuela (Bolivarian Republic of)
Rubiaceae,Isertia hypoleuca,Benth.,Venezuela (Bolivarian Republic of)
Rubiaceae,Isertia laevis,(Triana) B.M.Boom,Venezuela (Bolivarian Republic of)
Rubiaceae,Isertia parviflora,Vahl,Venezuela (Bolivarian Republic of)
Rubiaceae,Isertia rosea,Spruce ex K.Schum.,Venezuela (Bolivarian Republic of)
Rubiaceae,Isertia verrucosa,(Humb. & Bonpl.) Standl.,Venezuela (Bolivarian Republic of)
Rubiaceae,Ixora agostiniana,Steyerm.,Venezuela (Bolivarian Republic of)
Rubiaceae,Ixora ferrea,(Jacq.) Benth.,Venezuela (Bolivarian Republic of)
Rubiaceae,Ixora floribunda,(A.Rich.) Griseb.,Venezuela (Bolivarian Republic of)
Rubiaceae,Ixora funckii,Wernham,Venezuela (Bolivarian Republic of)
Rubiaceae,Ixora panurensis,Müll.Arg.,Venezuela (Bolivarian Republic of)
Rubiaceae,Ixora sparsifolia,K.Krause,Venezuela (Bolivarian Republic of)
Rubiaceae,Ixora yavitensis,Steyerm.,Venezuela (Bolivarian Republic of)
Rubiaceae,Joosia umbellifera,H.Karst.,Venezuela (Bolivarian Republic of)
Rubiaceae,Kutchubaea longiloba,Steyerm.,Venezuela (Bolivarian Republic of)
Rubiaceae,Kutchubaea micrantha,Steyerm.,Venezuela (Bolivarian Republic of)
Rubiaceae,Kutchubaea morilloi,Steyerm.,Venezuela (Bolivarian Republic of)
Rubiaceae,Kutchubaea neblinensis,Steyerm.,Venezuela (Bolivarian Republic of)
Rubiaceae,Kutchubaea oocarpa,(Standl.) C.H.Perss.,Venezuela (Bolivarian Republic of)
Rubiaceae,Kutchubaea sericantha,Standl.,Venezuela (Bolivarian Republic of)
Rubiaceae,Ladenbergia amazonensis,Ducke,Venezuela (Bolivarian Republic of)
Rubiaceae,Ladenbergia buntingii,Steyerm.,Venezuela (Bolivarian Republic of)
Rubiaceae,Ladenbergia lambertiana,(A.Br. ex Mart.) Klotzsch,Venezuela (Bolivarian Republic of)
Rubiaceae,Ladenbergia macrocarpa,(Vahl) Klotzsch,Venezuela (Bolivarian Republic of)
Rubiaceae,Ladenbergia moritziana,Klotzsch,Venezuela (Bolivarian Republic of)
Rubiaceae,Ladenbergia muzonensis,(Goudot) Standl.,Venezuela (Bolivarian Republic of)
Rubiaceae,Ladenbergia oblongifolia,(Humb. ex Mutis) L.Andersson,Venezuela (Bolivarian Republic of)
Rubiaceae,Ladenbergia pittieri,Standl.,Venezuela (Bolivarian Republic of)
Rubiaceae,Ladenbergia undata,Klotzsch,Venezuela (Bolivarian Republic of)
Rubiaceae,Machaonia brasiliensis,(Hoffmanns. ex Humb.) Cham. & Schltdl.,Venezuela (Bolivarian Republic of)
Rubiaceae,Machaonia ottonis,(K.Schum.) Urb.,Venezuela (Bolivarian Republic of)
Rubiaceae,Maguireocharis neblinae,Steyerm.,Venezuela (Bolivarian Republic of)
Rubiaceae,Malanea guaiquinimensis,Steyerm.,Venezuela (Bolivarian Republic of)
Rubiaceae,Morinda hoffmannioides,Standl.,Venezuela (Bolivarian Republic of)
Rubiaceae,Neblinathamnus brasiliensis,Steyerm.,Venezuela (Bolivarian Republic of)
Rubiaceae,Pagamea anisophylla,Standl. & Steyerm.,Venezuela (Bolivarian Republic of)
Rubiaceae,Pagamea coriacea,Spruce ex Benth.,Venezuela (Bolivarian Republic of)
Rubiaceae,Pagamea duidana,Standl. & Steyerm.,Venezuela (Bolivarian Republic of)
Rubiaceae,Pagamea guianensis,Aubl.,Venezuela (Bolivarian Republic of)
Rubiaceae,Pagamea hirsuta,Spruce ex Benth.,Venezuela (Bolivarian Republic of)
Rubiaceae,Pagamea jauaensis,Steyerm.,Venezuela (Bolivarian Republic of)
Rubiaceae,Pagamea montana,Gleason & Standl.,Venezuela (Bolivarian Republic of)
Rubiaceae,Pagamea plicata,Spruce ex Benth.,Venezuela (Bolivarian Republic of)
Rubiaceae,Pagamea sessiliflora,Spruce ex Benth.,Venezuela (Bolivarian Republic of)
Rubiaceae,Pagamea standleyana,Steyerm.,Venezuela (Bolivarian Republic of)
Rubiaceae,Pagamea thyrsiflora,Spruce ex Benth.,Venezuela (Bolivarian Republic of)
Rubiaceae,Pagamea velutina,Steyerm.,Venezuela (Bolivarian Republic of)
Rubiaceae,Pagameopsis maguirei,Steyerm.,Venezuela (Bolivarian Republic of)
Rubiaceae,Palicourea acetosoides,Wernham,Venezuela (Bolivarian Republic of)
Rubiaceae,Palicourea acuminata,(Benth.) Borhidi,Venezuela (Bolivarian Republic of)
Rubiaceae,Palicourea angustifolia,Kunth,Venezuela (Bolivarian Republic of)
Rubiaceae,Palicourea apicata,Kunth,Venezuela (Bolivarian Republic of)
Rubiaceae,Palicourea arenosa,C.M.Taylor,Venezuela (Bolivarian Republic of)
Rubiaceae,Palicourea aschersoniana,(K.Schum. & K.Krause) Borhidi,Venezuela (Bolivarian Republic of)
Rubiaceae,Palicourea blepharophora,(Standl.) Borhidi,Venezuela (Bolivarian Republic of)
Rubiaceae,Palicourea bostrychostachya,Steyerm.,Venezuela (Bolivarian Republic of)
Rubiaceae,Palicourea botryocephala,(Standl.) Borhidi,Venezuela (Bolivarian Republic of)
Rubiaceae,Palicourea brachiata,(Sw.) Borhidi,Venezuela (Bolivarian Republic of)
Rubiaceae,Palicourea brazaoi,(Steyerm.) Steyerm.,Venezuela (Bolivarian Republic of)
Rubiaceae,Palicourea buntingii,Steyerm.,Venezuela (Bolivarian Republic of)
Rubiaceae,Palicourea caerulea,(Ruiz & Pav.) Schult.,Venezuela (Bolivarian Republic of)
Rubiaceae,Palicourea calophylla,DC.,Venezuela (Bolivarian Republic of)
Rubiaceae,Palicourea campyloneura,(Müll.Arg.) Delprete & J.H.Kirkbr.,Venezuela (Bolivarian Republic of)
Rubiaceae,Palicourea cardonae,Steyerm.,Venezuela (Bolivarian Republic of)
Rubiaceae,Palicourea ceratantha,(Standl.) C.M.Taylor,Venezuela (Bolivarian Republic of)
Rubiaceae,Palicourea corymbifera,(Müll.Arg.) Standl.,Venezuela (Bolivarian Republic of)
Rubiaceae,Palicourea costanensis,(Steyerm.) C.M.Taylor,Venezuela (Bolivarian Republic of)
Rubiaceae,Palicourea costularia,(Baill.) Borhidi,Venezuela (Bolivarian Republic of)
Rubiaceae,Palicourea coussareoides,(Standl.) Delprete & J.H.Kirkbr.,Venezuela (Bolivarian Republic of)
Rubiaceae,Palicourea crocea,(Sw.) Schult.,Venezuela (Bolivarian Republic of)
Rubiaceae,Palicourea croceoides,Ham.,Venezuela (Bolivarian Republic of)
Rubiaceae,Palicourea ctenocalyx,Steyerm.,Venezuela (Bolivarian Republic of)
Rubiaceae,Palicourea demissa,Standl.,Venezuela (Bolivarian Republic of)
Rubiaceae,Palicourea domingensis,(Jacq.) DC.,Venezuela (Bolivarian Republic of)
Rubiaceae,Palicourea dunstervilleorum,Steyerm.,Venezuela (Bolivarian Republic of)
Rubiaceae,Palicourea egensis,(Müll.Arg.) Borhidi,Venezuela (Bolivarian Republic of)
Rubiaceae,Palicourea ernestii,(K.Krause) C.M.Taylor,Venezuela (Bolivarian Republic of)
Rubiaceae,Palicourea erythrocephala,(K.Schum. & K.Krause) Borhidi,Venezuela (Bolivarian Republic of)
Rubiaceae,Palicourea fanshawei,(Standl.) Delprete & J.H.Kirkbr.,Venezuela (Bolivarian Republic of)
Rubiaceae,Palicourea flexiramea,Steyerm.,Venezuela (Bolivarian Republic of)
Rubiaceae,Palicourea glandulicalyx,(Steyerm.) Delprete & J.H.Kirkbr.,Venezuela (Bolivarian Republic of)
Rubiaceae,Palicourea gracilenta,(Müll.Arg.) Delprete & J.H.Kirkbr.,Venezuela (Bolivarian Republic of)
Rubiaceae,Palicourea grandiflora,(Kunth) Standl.,Venezuela (Bolivarian Republic of)
Rubiaceae,Palicourea grandifolia,(Willd. ex Schult.) Standl.,Venezuela (Bolivarian Republic of)
Rubiaceae,Palicourea guianensis,Aubl.,Venezuela (Bolivarian Republic of)
Rubiaceae,Palicourea hoffmannseggiana,(Willd. ex Schult.) Borhidi,Venezuela (Bolivarian Republic of)
Rubiaceae,Palicourea hyalina,(Steyerm.) Borhidi,Venezuela (Bolivarian Republic of)
Rubiaceae,Palicourea insignis,Steyerm.,Venezuela (Bolivarian Republic of)
Rubiaceae,Palicourea iodotricha,(Müll.Arg.) Delprete & J.H.Kirkbr.,Venezuela (Bolivarian Republic of)
Rubiaceae,Palicourea jenmanii,(Wernham) C.M.Taylor,Venezuela (Bolivarian Republic of)
Rubiaceae,Palicourea lasseri,Steyerm.,Venezuela (Bolivarian Republic of)
Rubiaceae,Palicourea leuconeura,Standl.,Venezuela (Bolivarian Republic of)
Rubiaceae,Palicourea longicuspis,(Müll.Arg.) Delprete & J.H.Kirkbr.,Venezuela (Bolivarian Republic of)
Rubiaceae,Palicourea longirostris,(Rusby) Borhidi,Venezuela (Bolivarian Republic of)
Rubiaceae,Palicourea longistipulata,Standl.,Venezuela (Bolivarian Republic of)
Rubiaceae,Palicourea microbotrys,(Ruiz ex Standl.) Delprete & J.H.Kirkbr.,Venezuela (Bolivarian Republic of)
Rubiaceae,Palicourea muscosa,(Jacq.) Delprete & J.H.Kirkbr.,Venezuela (Bolivarian Republic of)
Rubiaceae,Palicourea paniculata,(L.f.) P.L.R.Moraes & C.M.Taylor,Venezuela (Bolivarian Republic of)
Rubiaceae,Palicourea parvibractea,(Steyerm.) Borhidi,Venezuela (Bolivarian Republic of)
Rubiaceae,Palicourea perquadrangularis,Wernham,Venezuela (Bolivarian Republic of)
Rubiaceae,Palicourea petiolaris,Kunth,Venezuela (Bolivarian Republic of)
Rubiaceae,Palicourea pilosa,(Ruiz & Pav.) Borhidi,Venezuela (Bolivarian Republic of)
Rubiaceae,Palicourea quadrifolia,(Rudge) DC.,Venezuela (Bolivarian Republic of)
Rubiaceae,Palicourea racemosa,(Aubl.) G.Nicholson,Venezuela (Bolivarian Republic of)
Rubiaceae,Palicourea schlimii,(Standl.) Borhidi,Venezuela (Bolivarian Republic of)
Rubiaceae,Palicourea schomburgkii,(Benth.) Delprete & J.H.Kirkbr.,Venezuela (Bolivarian Republic of)
Rubiaceae,Palicourea semirasa,Standl.,Venezuela (Bolivarian Republic of)
Rubiaceae,Palicourea sessilis,(Vell.) C.M.Taylor,Venezuela (Bolivarian Republic of)
Rubiaceae,Palicourea stipulosa,(Müll.Arg.) Borhidi,Venezuela (Bolivarian Republic of)
Rubiaceae,Palicourea subundulata,(Benth.) Delprete & J.H.Kirkbr.,Venezuela (Bolivarian Republic of)
Rubiaceae,Palicourea tapirapecoana,(Steyerm.) Delprete & J.H.Kirkbr.,Venezuela (Bolivarian Republic of)
Rubiaceae,Palicourea tatei,(Standl.) Delprete & J.H.Kirkbr.,Venezuela (Bolivarian Republic of)
Rubiaceae,Palicourea tenerior,(Cham.) Delprete & J.H.Kirkbr.,Venezuela (Bolivarian Republic of)
Rubiaceae,Palicourea tepuicola,Steyerm.,Venezuela (Bolivarian Republic of)
Rubiaceae,Palicourea tepuiensis,(Steyerm.) C.M.Taylor,Venezuela (Bolivarian Republic of)
Rubiaceae,Palicourea thyrsiflora,(Ruiz & Pav.) DC.,Venezuela (Bolivarian Republic of)
Rubiaceae,Palicourea trichocephala,(Poepp.) Borhidi,Venezuela (Bolivarian Republic of)
Rubiaceae,Palicourea triphylla,DC.,Venezuela (Bolivarian Republic of)
Rubiaceae,Palicourea venulosa,(Müll.Arg.) Delprete & J.H.Kirkbr.,Venezuela (Bolivarian Republic of)
Rubiaceae,Palicourea violacea,(Aubl.) A.Rich.,Venezuela (Bolivarian Republic of)
Rubiaceae,Palicourea winkleri,Borhidi,Venezuela (Bolivarian Republic of)
Rubiaceae,Pittoniotis trichantha,Griseb.,Venezuela (Bolivarian Republic of)
Rubiaceae,Platycarpum decipiens,Woodson & Steyerm.,Venezuela (Bolivarian Republic of)
Rubiaceae,Platycarpum maguirei,Steyerm.,Venezuela (Bolivarian Republic of)
Rubiaceae,Platycarpum negrense,Ducke,Venezuela (Bolivarian Republic of)
Rubiaceae,Platycarpum orinocense,Humb. & Bonpl.,Venezuela (Bolivarian Republic of)
Rubiaceae,Platycarpum rhododactylum,Woodson & Steyerm.,Venezuela (Bolivarian Republic of)
Rubiaceae,Platycarpum rugosum,Steyerm.,Venezuela (Bolivarian Republic of)
Rubiaceae,Platycarpum schultesii,Steyerm.,Venezuela (Bolivarian Republic of)
Rubiaceae,Pogonopus speciosus,(Jacq.) K.Schum.,Venezuela (Bolivarian Republic of)
Rubiaceae,Posoqueria coriacea,M.Martens & Galeotti,Venezuela (Bolivarian Republic of)
Rubiaceae,Posoqueria latifolia,(Rudge) Schult.,Venezuela (Bolivarian Republic of)
Rubiaceae,Posoqueria longiflora,Aubl.,Venezuela (Bolivarian Republic of)
Rubiaceae,Posoqueria williamsii,Steyerm.,Venezuela (Bolivarian Republic of)
Rubiaceae,Psychotria aroensis,Steyerm.,Venezuela (Bolivarian Republic of)
Rubiaceae,Psychotria bernardii,Steyerm.,Venezuela (Bolivarian Republic of)
Rubiaceae,Psychotria borjensis,Kunth,Venezuela (Bolivarian Republic of)
Rubiaceae,Psychotria carthagenensis,Jacq.,Venezuela (Bolivarian Republic of)
Rubiaceae,Psychotria cupularis,(Müll.Arg.) Standl.,Venezuela (Bolivarian Republic of)
Rubiaceae,Psychotria ernestii,K.Krause,Venezuela (Bolivarian Republic of)
Rubiaceae,Psychotria fortuita,Standl.,Venezuela (Bolivarian Republic of)
Rubiaceae,Psychotria grandis,Sw.,Venezuela (Bolivarian Republic of)
Rubiaceae,Psychotria irwinii,Steyerm.,Venezuela (Bolivarian Republic of)
Rubiaceae,Psychotria marginata,Sw.,Venezuela (Bolivarian Republic of)
Rubiaceae,Psychotria micrantha,Kunth,Venezuela (Bolivarian Republic of)
Rubiaceae,Psychotria monsalveae,C.M.Taylor,Venezuela (Bolivarian Republic of)
Rubiaceae,Psychotria pedunculosa,Rich.,Venezuela (Bolivarian Republic of)
Rubiaceae,Psychotria psychotriifolia,(Seem.) Standl.,Venezuela (Bolivarian Republic of)
Rubiaceae,Psychotria remota,Benth.,Venezuela (Bolivarian Republic of)
Rubiaceae,Psychotria sanluisensis,Steyerm.,Venezuela (Bolivarian Republic of)
Rubiaceae,Psychotria trichotoma,M.Martens & Galeotti,Venezuela (Bolivarian Republic of)
Rubiaceae,Psychotria trujilloi,Steyerm.,Venezuela (Bolivarian Republic of)
Rubiaceae,Psychotria viridis,Ruiz & Pav.,Venezuela (Bolivarian Republic of)
Rubiaceae,Psychotria yaracuyensis,Steyerm.,Venezuela (Bolivarian Republic of)
Rubiaceae,Psychotria yavitensis,Steyerm.,Venezuela (Bolivarian Republic of)
Rubiaceae,Randia aculeata,L.,Venezuela (Bolivarian Republic of)
Rubiaceae,Randia amazonasensis,Steyerm.,Venezuela (Bolivarian Republic of)
Rubiaceae,Randia armata,(Sw.) DC.,Venezuela (Bolivarian Republic of)
Rubiaceae,Randia brevipes,Steyerm.,Venezuela (Bolivarian Republic of)
Rubiaceae,Randia dioica,H.Karst.,Venezuela (Bolivarian Republic of)
Rubiaceae,Randia hebecarpa,Benth.,Venezuela (Bolivarian Republic of)
Rubiaceae,Randia hondensis,H.Karst.,Venezuela (Bolivarian Republic of)
Rubiaceae,Randia obcordata,S.Watson,Venezuela (Bolivarian Republic of)
Rubiaceae,Remijia amazonica,K.Schum.,Venezuela (Bolivarian Republic of)
Rubiaceae,Remijia aracamuniensis,(Steyerm.) C.M.Taylor,Venezuela (Bolivarian Republic of)
Rubiaceae,Remijia argentea,Steyerm.,Venezuela (Bolivarian Republic of)
Rubiaceae,Remijia berryi,Steyerm.,Venezuela (Bolivarian Republic of)
Rubiaceae,Remijia densiflora,Benth.,Venezuela (Bolivarian Republic of)
Rubiaceae,Remijia globosa,(Steyerm.) C.M.Taylor,Venezuela (Bolivarian Republic of)
Rubiaceae,Remijia longifolia,Benth. ex Standl.,Venezuela (Bolivarian Republic of)
Rubiaceae,Remijia pacimonica,Standl.,Venezuela (Bolivarian Republic of)
Rubiaceae,Remijia pilosinervula,Steyerm.,Venezuela (Bolivarian Republic of)
Rubiaceae,Remijia roraimae,(Benth.) K.Schum.,Venezuela (Bolivarian Republic of)
Rubiaceae,Remijia sipapoensis,Steyerm.,Venezuela (Bolivarian Republic of)
Rubiaceae,Remijia steyermarkii,Standl.,Venezuela (Bolivarian Republic of)
Rubiaceae,Remijia ulei,K.Krause,Venezuela (Bolivarian Republic of)
Rubiaceae,Retiniphyllum chloranthum,Ducke,Venezuela (Bolivarian Republic of)
Rubiaceae,Retiniphyllum concolor,(Spruce ex Benth.) Müll.Arg.,Venezuela (Bolivarian Republic of)
Rubiaceae,Retiniphyllum pilosum,(Spruce ex Benth.) Müll.Arg.,Venezuela (Bolivarian Republic of)
Rubiaceae,Retiniphyllum tepuiense,Steyerm.,Venezuela (Bolivarian Republic of)
Rubiaceae,Ronabea latifolia,Aubl.,Venezuela (Bolivarian Republic of)
Rubiaceae,Rondeletia aristeguietae,Steyerm.,Venezuela (Bolivarian Republic of)
Rubiaceae,Rondeletia cumanensis,Kunth,Venezuela (Bolivarian Republic of)
Rubiaceae,Rondeletia larensis,Steyerm.,Venezuela (Bolivarian Republic of)
Rubiaceae,Rondeletia mollis,S.F.Blake ex Steyerm.,Venezuela (Bolivarian Republic of)
Rubiaceae,Rondeletia orinocensis,Steyerm.,Venezuela (Bolivarian Republic of)
Rubiaceae,Rondeletia purdiei,Hook.f.,Venezuela (Bolivarian Republic of)
Rubiaceae,Rondeletia venezuelensis,Steyerm.,Venezuela (Bolivarian Republic of)
Rubiaceae,Rosenbergiodendron formosum,(Jacq.) Fagerl.,Venezuela (Bolivarian Republic of)
Rubiaceae,Rosenbergiodendron longiflorum,(Ruiz & Pav.) Fagerl.,Venezuela (Bolivarian Republic of)
Rubiaceae,Rudgea apodantha,Standl.,Venezuela (Bolivarian Republic of)
Rubiaceae,Rudgea cornifolia,(Kunth) Standl.,Venezuela (Bolivarian Republic of)
Rubiaceae,Rudgea crassiloba,(Benth.) B.L.Rob.,Venezuela (Bolivarian Republic of)
Rubiaceae,Rudgea graciliflora,Standl.,Venezuela (Bolivarian Republic of)
Rubiaceae,Rudgea hostmanniana,Benth.,Venezuela (Bolivarian Republic of)
Rubiaceae,Rudgea karstenii,Standl.,Venezuela (Bolivarian Republic of)
Rubiaceae,Rudgea lanceifolia,Salisb.,Venezuela (Bolivarian Republic of)
Rubiaceae,Rudgea lucentifolia,Standl. & Steyerm.,Venezuela (Bolivarian Republic of)
Rubiaceae,Rudgea nebulicola,Steyerm.,Venezuela (Bolivarian Republic of)
Rubiaceae,Rudgea palicoureoides,(Mart.) Müll.Arg.,Venezuela (Bolivarian Republic of)
Rubiaceae,Rudgea sanmartensis,"(Rusby) C.M.Taylor, Bruniera & Zappi",Venezuela (Bolivarian Republic of)
Rubiaceae,Rudgea sclerocalyx,(Müll.Arg.) Zappi,Venezuela (Bolivarian Republic of)
Rubiaceae,Rudgea stipulacea,(DC.) Steyerm.,Venezuela (Bolivarian Republic of)
Rubiaceae,Rudgea tayloriae,"Aymard, Dorr & Cuello",Venezuela (Bolivarian Republic of)
Rubiaceae,Rudgea ventuariana,"(Standl. & Steyerm.) C.M.Taylor, Bruniera & Zappi",Venezuela (Bolivarian Republic of)
Rubiaceae,Rustia condamineoides,(H.Karst.) Kainul. & B.Bremer,Venezuela (Bolivarian Republic of)
Rubiaceae,Rustia venezuelensis,Standl. & Steyerm.,Venezuela (Bolivarian Republic of)
Rubiaceae,Salzmannia naiguatensis,(Steyerm.) Paudyal & Delprete,Venezuela (Bolivarian Republic of)
Rubiaceae,Simira aristeguietae,(Steyerm.) Steyerm.,Venezuela (Bolivarian Republic of)
Rubiaceae,Simira erythroxylon,(Willd.) Bremek.,Venezuela (Bolivarian Republic of)
Rubiaceae,Simira ignicola,Steyerm.,Venezuela (Bolivarian Republic of)
Rubiaceae,Simira klugei,(Standl.) Steyerm.,Venezuela (Bolivarian Republic of)
Rubiaceae,Simira lezamae,Steyerm.,Venezuela (Bolivarian Republic of)
Rubiaceae,Simira longifolia,(Willd.) Bremek.,Venezuela (Bolivarian Republic of)
Rubiaceae,Simira pisoniiformis,(Baill.) Steyerm.,Venezuela (Bolivarian Republic of)
Rubiaceae,Simira rubescens,(Benth.) Bremek. ex Steyerm.,Venezuela (Bolivarian Republic of)
Rubiaceae,Stachyarrhena duckei,Standl.,Venezuela (Bolivarian Republic of)
Rubiaceae,Stachyarrhena penduliflora,K.Schum.,Venezuela (Bolivarian Republic of)
Rubiaceae,Stachyarrhena reticulata,Steyerm.,Venezuela (Bolivarian Republic of)
Rubiaceae,Stachyarrhena spicata,Hook.f.,Venezuela (Bolivarian Republic of)
Rubiaceae,Stenostomum acreanum,(K.Krause) Achille & Delprete,Venezuela (Bolivarian Republic of)
Rubiaceae,Tammsia anomala,H.Karst.,Venezuela (Bolivarian Republic of)
Rubiaceae,Tocoyena brevifolia,Steyerm.,Venezuela (Bolivarian Republic of)
Rubiaceae,Tocoyena costanensis,Steyerm.,Venezuela (Bolivarian Republic of)
Rubiaceae,Tocoyena pendulina,Spruce ex Standl.,Venezuela (Bolivarian Republic of)
Rubiaceae,Tournefortiopsis crassifolia,(Standl. ex Steyerm.) C.M.Taylor & A.C.Berger,Venezuela (Bolivarian Republic of)
Rubiaceae,Tournefortiopsis crispiflora,(Vahl) Borhidi,Venezuela (Bolivarian Republic of)
Rubiaceae,Tournefortiopsis dependens,(Ruiz & Pav.) Borhidi,Venezuela (Bolivarian Republic of)
Rubiaceae,Warszewiczia coccinea,(Vahl) Klotzsch,Venezuela (Bolivarian Republic of)
Rubiaceae,Warszewiczia elata,Ducke,Venezuela (Bolivarian Republic of)
Rubiaceae,Warszewiczia schwackei,K.Schum.,Venezuela (Bolivarian Republic of)
Rubiaceae,Wittmackanthus stanleyanus,(M.R.Schomb.) Kuntze,Venezuela (Bolivarian Republic of)
Rutaceae,Adiscanthus fusciflorus,Ducke,Venezuela (Bolivarian Republic of)
Rutaceae,Amyris balsamifera,L.,Venezuela (Bolivarian Republic of)
Rutaceae,Amyris elemifera,L.,Venezuela (Bolivarian Republic of)
Rutaceae,Amyris ignea,Steyerm.,Venezuela (Bolivarian Republic of)
Rutaceae,Amyris pinnata,Kunth,Venezuela (Bolivarian Republic of)
Rutaceae,Amyris plumieri,DC.,Venezuela (Bolivarian Republic of)
Rutaceae,Angostura trifoliata,(Willd.) T.S.Elias,Venezuela (Bolivarian Republic of)
Rutaceae,Conchocarpus heterophyllus,(A.St.-Hil.) Kallunki & Pirani,Venezuela (Bolivarian Republic of)
Rutaceae,Conchocarpus larensis,(Tamayo & Croizat) Kallunki & Pirani,Venezuela (Bolivarian Republic of)
Rutaceae,Conchocarpus longifolius,(A.St.-Hil.) Kallunki & Pirani,Venezuela (Bolivarian Republic of)
Rutaceae,Conchocarpus ramiflorus,(Spruce ex Engl.) Kallunki & Pirani,Venezuela (Bolivarian Republic of)
Rutaceae,Conchocarpus transitionalis,(Rizzini) Kallunki & Pirani,Venezuela (Bolivarian Republic of)
Rutaceae,Conchocarpus ucayalinus,(Huber) Kallunki & Pirani,Venezuela (Bolivarian Republic of)
Rutaceae,Decagonocarpus oppositifolius,Engl.,Venezuela (Bolivarian Republic of)
Rutaceae,Erythrochiton brasiliensis,Nees & Mart.,Venezuela (Bolivarian Republic of)
Rutaceae,Esenbeckia grandiflora,Mart.,Venezuela (Bolivarian Republic of)
Rutaceae,Esenbeckia pilocarpoides,Kunth,Venezuela (Bolivarian Republic of)
Rutaceae,Galipea davisii,Sandwith,Venezuela (Bolivarian Republic of)
Rutaceae,Galipea trifoliata,Aubl.,Venezuela (Bolivarian Republic of)
Rutaceae,Helietta plaeana,Tul.,Venezuela (Bolivarian Republic of)
Rutaceae,Hortia coccinea,Spruce ex Engl.,Venezuela (Bolivarian Republic of)
Rutaceae,Hortia regia,Sandwith,Venezuela (Bolivarian Republic of)
Rutaceae,Hortia vandelliana,Groppo,Venezuela (Bolivarian Republic of)
Rutaceae,Lubaria aroensis,Pittier,Venezuela (Bolivarian Republic of)
Rutaceae,Neoraputia paraensis,(Ducke) Emmerich,Venezuela (Bolivarian Republic of)
Rutaceae,Pilocarpus goudotianus,Tul.,Venezuela (Bolivarian Republic of)
Rutaceae,Pilocarpus racemosus,Vahl,Venezuela (Bolivarian Republic of)
Rutaceae,Raputia aromatica,Aubl.,Venezuela (Bolivarian Republic of)
Rutaceae,Raputia maroana,(R.S.Cowan) Kallunki,Venezuela (Bolivarian Republic of)
Rutaceae,Raputia neblinensis,(R.S.Cowan) Kallunki,Venezuela (Bolivarian Republic of)
Rutaceae,Raputia szczerbanii,(Steyerm.) Kallunki,Venezuela (Bolivarian Republic of)
Rutaceae,Raputiarana heptaphylla,(Pittier) Kallunki,Venezuela (Bolivarian Republic of)
Rutaceae,Rauia subtruncata,Steyerm.,Venezuela (Bolivarian Republic of)
Rutaceae,Raveniopsis stelligera,(R.S.Cowan) R.S.Cowan,Venezuela (Bolivarian Republic of)
Rutaceae,Sohnreyia ulei,(Engl. ex Harms) Appelhans & Kessler,Venezuela (Bolivarian Republic of)
Rutaceae,Spiranthera guianensis,Sandwith,Venezuela (Bolivarian Republic of)
Rutaceae,Spiranthera parviflora,Sandwith,Venezuela (Bolivarian Republic of)
Rutaceae,Zanthoxylum amapaense,(Albuq.) P.G.Waterman,Venezuela (Bolivarian Republic of)
Rutaceae,Zanthoxylum apiculatum,(Sandwith) P.G.Waterman,Venezuela (Bolivarian Republic of)
Rutaceae,Zanthoxylum caribaeum,Lam.,Venezuela (Bolivarian Republic of)
Rutaceae,Zanthoxylum ciliatum,Engl.,Venezuela (Bolivarian Republic of)
Rutaceae,Zanthoxylum compactum,(Huber ex Albuq.) P.G.Waterman,Venezuela (Bolivarian Republic of)
Rutaceae,Zanthoxylum ekmanii,(Urb.) Alain,Venezuela (Bolivarian Republic of)
Rutaceae,Zanthoxylum fagara,(L.) Sarg.,Venezuela (Bolivarian Republic of)
Rutaceae,Zanthoxylum huberi,P.G.Waterman,Venezuela (Bolivarian Republic of)
Rutaceae,Zanthoxylum martinicense,(Lam.) DC.,Venezuela (Bolivarian Republic of)
Rutaceae,Zanthoxylum melanostictum,Schltdl. & Cham.,Venezuela (Bolivarian Republic of)
Rutaceae,Zanthoxylum pentandrum,(Aubl.) R.A.Howard,Venezuela (Bolivarian Republic of)
Rutaceae,Zanthoxylum quinduense,Tul.,Venezuela (Bolivarian Republic of)
Rutaceae,Zanthoxylum rhoifolium,Lam.,Venezuela (Bolivarian Republic of)
Rutaceae,Zanthoxylum schreberi,(J.F.Gmel.) Reynel ex C.Nelson,Venezuela (Bolivarian Republic of)
Rutaceae,Zanthoxylum setulosum,P.Wilson,Venezuela (Bolivarian Republic of)
Rutaceae,Zanthoxylum syncarpum,Tul.,Venezuela (Bolivarian Republic of)
Sabiaceae,Meliosma aristeguietae,Steyerm. & A.H.Gentry,Venezuela (Bolivarian Republic of)
Sabiaceae,Meliosma frondosa,Cuatrec. & Idrobo,Venezuela (Bolivarian Republic of)
Sabiaceae,Meliosma gentryi,Aymard & Cuello,Venezuela (Bolivarian Republic of)
Sabiaceae,Meliosma herbertii,Rolfe,Venezuela (Bolivarian Republic of)
Sabiaceae,Meliosma meridensis,Lasser,Venezuela (Bolivarian Republic of)
Sabiaceae,Meliosma pittieriana,Steyerm.,Venezuela (Bolivarian Republic of)
Sabiaceae,Meliosma tachirensis,Steyerm. & A.H.Gentry,Venezuela (Bolivarian Republic of)
Sabiaceae,Meliosma trujilloi,Steyerm. & A.H.Gentry,Venezuela (Bolivarian Republic of)
Sabiaceae,Meliosma vasquezii,A.H.Gentry,Venezuela (Bolivarian Republic of)
Sabiaceae,Meliosma venezuelensis,Steyerm. & A.H.Gentry,Venezuela (Bolivarian Republic of)
Sabiaceae,Ophiocaryon barnebyanum,Aymard & Daly,Venezuela (Bolivarian Republic of)
Sabiaceae,Ophiocaryon duckei,Barneby,Venezuela (Bolivarian Republic of)
Sabiaceae,Ophiocaryon manausense,(W.A.Rodrigues) Barneby,Venezuela (Bolivarian Republic of)
Salicaceae,Banara larensis,Steyerm.,Venezuela (Bolivarian Republic of)
Salicaceae,Banara nitida,Spruce ex Benth.,Venezuela (Bolivarian Republic of)
Salicaceae,Banara orinocensis,(Cuatrec.) Sleumer,Venezuela (Bolivarian Republic of)
Salicaceae,Casearia aculeata,Jacq.,Venezuela (Bolivarian Republic of)
Salicaceae,Casearia americana,(L.) T.Samar. & M.H.Alford,Venezuela (Bolivarian Republic of)
Salicaceae,Casearia arborea,(Rich.) Urb.,Venezuela (Bolivarian Republic of)
Salicaceae,Casearia arguta,Kunth,Venezuela (Bolivarian Republic of)
Salicaceae,Casearia bicolor,Urb.,Venezuela (Bolivarian Republic of)
Salicaceae,Casearia cajambrensis,Cuatrec.,Venezuela (Bolivarian Republic of)
Salicaceae,Casearia combaymensis,Tul.,Venezuela (Bolivarian Republic of)
Salicaceae,Casearia completa,(Jacq.) T.Samar. & M.H.Alford,Venezuela (Bolivarian Republic of)
Salicaceae,Casearia corymbosa,Kunth,Venezuela (Bolivarian Republic of)
Salicaceae,Casearia decandra,Jacq.,Venezuela (Bolivarian Republic of)
Salicaceae,Casearia duckeana,Sleumer,Venezuela (Bolivarian Republic of)
Salicaceae,Casearia grandiflora,Cambess.,Venezuela (Bolivarian Republic of)
Salicaceae,Casearia guianensis,(Aubl.) Urb.,Venezuela (Bolivarian Republic of)
Salicaceae,Casearia hirsuta,Sw.,Venezuela (Bolivarian Republic of)
Salicaceae,Casearia laetioides,(A.Rich.) Warb.,Venezuela (Bolivarian Republic of)
Salicaceae,Casearia lopeziana,Sleumer,Venezuela (Bolivarian Republic of)
Salicaceae,Casearia mariquitensis,Kunth,Venezuela (Bolivarian Republic of)
Salicaceae,Casearia mollis,Kunth,Venezuela (Bolivarian Republic of)
Salicaceae,Casearia pitumba,Sleumer,Venezuela (Bolivarian Republic of)
Salicaceae,Casearia praecox,Griseb.,Venezuela (Bolivarian Republic of)
Salicaceae,Casearia rusbyana,Briq.,Venezuela (Bolivarian Republic of)
Salicaceae,Casearia spinescens,(Sw.) Griseb.,Venezuela (Bolivarian Republic of)
Salicaceae,Casearia suaveolens,(Poepp.) T.Samar. & M.H.Alford,Venezuela (Bolivarian Republic of)
Salicaceae,Casearia sylvestris,Sw.,Venezuela (Bolivarian Republic of)
Salicaceae,Casearia tachirensis,Steyerm.,Venezuela (Bolivarian Republic of)
Salicaceae,Casearia tremula,(Griseb.) Griseb. ex C.Wright,Venezuela (Bolivarian Republic of)
Salicaceae,Casearia ulmifolia,Vahl ex Vent.,Venezuela (Bolivarian Republic of)
Salicaceae,Casearia zizyphoides,Kunth,Venezuela (Bolivarian Republic of)
Salicaceae,Euceraea nitida,Mart.,Venezuela (Bolivarian Republic of)
Salicaceae,Euceraea sleumeriana,Steyerm. & Maguire,Venezuela (Bolivarian Republic of)
Salicaceae,Hasseltia floribunda,Kunth,Venezuela (Bolivarian Republic of)
Salicaceae,Hasseltia guatemalensis,Warb.        ,Venezuela (Bolivarian Republic of)
Salicaceae,Homalium racemosum,Jacq.,Venezuela (Bolivarian Republic of)
Salicaceae,Irenodendron coriaceum,(Spruce ex Benth.) M.H.Alford & Dement,Venezuela (Bolivarian Republic of)
Salicaceae,Irenodendron cupulatum,(Spruce ex Benth.) M.H.Alford & Dement,Venezuela (Bolivarian Republic of)
Salicaceae,Piparea dentata,Aubl.,Venezuela (Bolivarian Republic of)
Salicaceae,Piparea multiflora,C.F.Gaertn.,Venezuela (Bolivarian Republic of)
Salicaceae,Piparea spruceana,(Benth. ex Eichler) T.Samar. & M.H.Alford,Venezuela (Bolivarian Republic of)
Salicaceae,Prockia crucis,P.Browne ex L.,Venezuela (Bolivarian Republic of)
Salicaceae,Prockia flava,H. Karst.,Venezuela (Bolivarian Republic of)
Salicaceae,Ryania angustifolia,(Turcz.) Monach.,Venezuela (Bolivarian Republic of)
Salicaceae,Ryania speciosa,Vahl,Venezuela (Bolivarian Republic of)
Salicaceae,Ryania spruceana,Monach.,Venezuela (Bolivarian Republic of)
Salicaceae,Xylosma avilae,Sleumer,Venezuela (Bolivarian Republic of)
Salicaceae,Xylosma benthamii,(Tul.) Triana & Planch.,Venezuela (Bolivarian Republic of)
Salicaceae,Xylosma ciliatifolia,(Clos) Eichler,Venezuela (Bolivarian Republic of)
Salicaceae,Xylosma flexuosa,(Kunth) Hemsl.,Venezuela (Bolivarian Republic of)
Salicaceae,Xylosma intermedia,(Seem.) Griseb.,Venezuela (Bolivarian Republic of)
Salicaceae,Xylosma paucinervosa,(Steyerm.) Sleumer,Venezuela (Bolivarian Republic of)
Salicaceae,Xylosma rubicunda,(H. Karst.) Gilg,Venezuela (Bolivarian Republic of)
Salicaceae,Xylosma spiculifera,(Tul.) Triana & Planch.,Venezuela (Bolivarian Republic of)
Salicaceae,Xylosma tessmannii,Sleumer,Venezuela (Bolivarian Republic of)
Sapindaceae,Allophylus acutatus,Radlk.,Venezuela (Bolivarian Republic of)
Sapindaceae,Allophylus amazonicus,(Mart.) Radlk.,Venezuela (Bolivarian Republic of)
Sapindaceae,Allophylus excelsus,(Triana & Planch.) Radlk.,Venezuela (Bolivarian Republic of)
Sapindaceae,Allophylus glabratus,(Kunth) Radlk.,Venezuela (Bolivarian Republic of)
Sapindaceae,Allophylus parimensis,Steyerm.,Venezuela (Bolivarian Republic of)
Sapindaceae,Allophylus punctatus,(Poepp.) Radlk.,Venezuela (Bolivarian Republic of)
Sapindaceae,Allophylus racemosus,Sw.,Venezuela (Bolivarian Republic of)
Sapindaceae,Allophylus stenodictyus,Radlk.,Venezuela (Bolivarian Republic of)
Sapindaceae,Billia rosea,(Planch. & Linden) C.U.Ulloa & M.Jørg.,Venezuela (Bolivarian Republic of)
Sapindaceae,Cupania americana,L.,Venezuela (Bolivarian Republic of)
Sapindaceae,Cupania cinerea,Poepp.,Venezuela (Bolivarian Republic of)
Sapindaceae,Cupania hirsuta,Radlk.,Venezuela (Bolivarian Republic of)
Sapindaceae,Cupania hispida,Radlk.,Venezuela (Bolivarian Republic of)
Sapindaceae,Cupania kukenanica,Steyerm.,Venezuela (Bolivarian Republic of)
Sapindaceae,Cupania latifolia,Kunth,Venezuela (Bolivarian Republic of)
Sapindaceae,Cupania macrostylis,(Radlk.) Acev.-Rodr.,Venezuela (Bolivarian Republic of)
Sapindaceae,Cupania rubiginosa,(Poir.) Radlk.,Venezuela (Bolivarian Republic of)
Sapindaceae,Cupania rufescens,Triana & Planch.,Venezuela (Bolivarian Republic of)
Sapindaceae,Cupania scrobiculata,Rich.,Venezuela (Bolivarian Republic of)
Sapindaceae,Dilodendron bipinnatum,Radlk.,Venezuela (Bolivarian Republic of)
Sapindaceae,Dilodendron costaricense,(Radlk.) A.H.Gentry & Steyerm.,Venezuela (Bolivarian Republic of)
Sapindaceae,Dilodendron elegans,(Radlk.) A.H.Gentry & Steyerm.,Venezuela (Bolivarian Republic of)
Sapindaceae,Dodonaea viscosa,(L.) Jacq.,Venezuela (Bolivarian Republic of)
Sapindaceae,Matayba adenanthera,Radlk.,Venezuela (Bolivarian Republic of)
Sapindaceae,Matayba arborescens,(Aubl.) Radlk.,Venezuela (Bolivarian Republic of)
Sapindaceae,Matayba atropurpurea,Radlk.,Venezuela (Bolivarian Republic of)
Sapindaceae,Matayba camptoneura,Radlk.,Venezuela (Bolivarian Republic of)
Sapindaceae,Matayba elegans,Radlk.,Venezuela (Bolivarian Republic of)
Sapindaceae,Matayba guianensis,Aubl.,Venezuela (Bolivarian Republic of)
Sapindaceae,Matayba inelegans,Radlk.,Venezuela (Bolivarian Republic of)
Sapindaceae,Matayba kavanayena,(Steyerm.) Steyerm.,Venezuela (Bolivarian Republic of)
Sapindaceae,Matayba longipes,Radlk.,Venezuela (Bolivarian Republic of)
Sapindaceae,Matayba opaca,Radlk.,Venezuela (Bolivarian Republic of)
Sapindaceae,Matayba peruviana,Radlk.,Venezuela (Bolivarian Republic of)
Sapindaceae,Matayba ptariana,Steyerm.,Venezuela (Bolivarian Republic of)
Sapindaceae,Matayba scrobiculata,Radlk.,Venezuela (Bolivarian Republic of)
Sapindaceae,Matayba yutajensis,Steyerm.,Venezuela (Bolivarian Republic of)
Sapindaceae,Melicoccus aymardii,Acev.-Rodr.,Venezuela (Bolivarian Republic of)
Sapindaceae,Melicoccus bijugatus,Jacq.,Venezuela (Bolivarian Republic of)
Sapindaceae,Melicoccus oliviformis,Kunth,Venezuela (Bolivarian Republic of)
Sapindaceae,Sapindus saponaria,L.,Venezuela (Bolivarian Republic of)
Sapindaceae,Talisia acutifolia,Radlk.,Venezuela (Bolivarian Republic of)
Sapindaceae,Talisia carinata,Radlk.,Venezuela (Bolivarian Republic of)
Sapindaceae,Talisia caudata,Steyerm.,Venezuela (Bolivarian Republic of)
Sapindaceae,Talisia cerasina,(Benth.) Radlk.,Venezuela (Bolivarian Republic of)
Sapindaceae,Talisia chartacea,Acev.-Rodr.,Venezuela (Bolivarian Republic of)
Sapindaceae,Talisia coriacea,Radlk.,Venezuela (Bolivarian Republic of)
Sapindaceae,Talisia cupularis,Radlk.,Venezuela (Bolivarian Republic of)
Sapindaceae,Talisia eximia,K.U.Kramer,Venezuela (Bolivarian Republic of)
Sapindaceae,Talisia firma,Radlk.,Venezuela (Bolivarian Republic of)
Sapindaceae,Talisia hemidasya,Radlk.,Venezuela (Bolivarian Republic of)
Sapindaceae,Talisia hexaphylla,Vahl,Venezuela (Bolivarian Republic of)
Sapindaceae,Talisia laevigata,Acev.-Rodr.,Venezuela (Bolivarian Republic of)
Sapindaceae,Talisia macrophylla,(Mart.) Radlk.,Venezuela (Bolivarian Republic of)
Sapindaceae,Talisia megaphylla,Sagot,Venezuela (Bolivarian Republic of)
Sapindaceae,Talisia nervosa,Radlk.,Venezuela (Bolivarian Republic of)
Sapindaceae,Talisia obovata,A.C.Sm.,Venezuela (Bolivarian Republic of)
Sapindaceae,Talisia praealta,Radlk.,Venezuela (Bolivarian Republic of)
Sapindaceae,Talisia princeps,Oliv.,Venezuela (Bolivarian Republic of)
Sapindaceae,Talisia retusa,R.S.Cowan,Venezuela (Bolivarian Republic of)
Sapindaceae,Toulicia guianensis,Aubl.,Venezuela (Bolivarian Republic of)
Sapindaceae,Toulicia megalocarpa,(Turcz.) Radlk.,Venezuela (Bolivarian Republic of)
Sapindaceae,Toulicia petiolulata,Radlk.,Venezuela (Bolivarian Republic of)
Sapindaceae,Toulicia pulvinata,Radlk.,Venezuela (Bolivarian Republic of)
Sapindaceae,Vouarana anomala,(Steyerm.) Acev.-Rodr.,Venezuela (Bolivarian Republic of)
Sapotaceae,Chromolucuma baehniana,Monach.,Venezuela (Bolivarian Republic of)
Sapotaceae,Chromolucuma rubriflora,Ducke,Venezuela (Bolivarian Republic of)
Sapotaceae,Chrysophyllum amazonicum,T.D.Penn.,Venezuela (Bolivarian Republic of)
Sapotaceae,Chrysophyllum argenteum,Jacq.,Venezuela (Bolivarian Republic of)
Sapotaceae,Chrysophyllum aulacocarpum,Ernst,Venezuela (Bolivarian Republic of)
Sapotaceae,Chrysophyllum lucentifolium,Cronquist,Venezuela (Bolivarian Republic of)
Sapotaceae,Chrysophyllum parvulum,Pittier,Venezuela (Bolivarian Republic of)
Sapotaceae,Chrysophyllum pomiferum,(Eyma) T.D.Penn.,Venezuela (Bolivarian Republic of)
Sapotaceae,Chrysophyllum prieurii,A.DC.,Venezuela (Bolivarian Republic of)
Sapotaceae,Chrysophyllum sanguinolentum,(Pierre) Baehni,Venezuela (Bolivarian Republic of)
Sapotaceae,Chrysophyllum scalare,T.D.Penn.,Venezuela (Bolivarian Republic of)
Sapotaceae,Chrysophyllum sparsiflorum,Klotzsch ex Miq.,Venezuela (Bolivarian Republic of)
Sapotaceae,Chrysophyllum ucuquirana-branca,(Aubrév. & Pellegr.) T.D.Penn.,Venezuela (Bolivarian Republic of)
Sapotaceae,Chrysophyllum venezuelanense,(Pierre) T.D.Penn.,Venezuela (Bolivarian Republic of)
Sapotaceae,Diploon cuspidatum,(Hoehne) Cronquist,Venezuela (Bolivarian Republic of)
Sapotaceae,Ecclinusa bullata,T.D.Penn.,Venezuela (Bolivarian Republic of)
Sapotaceae,Ecclinusa guianensis,Eyma,Venezuela (Bolivarian Republic of)
Sapotaceae,Ecclinusa lanceolata,(Mart. & Eichler) Pierre,Venezuela (Bolivarian Republic of)
Sapotaceae,Ecclinusa orinocoensis,Aubrév.,Venezuela (Bolivarian Republic of)
Sapotaceae,Ecclinusa parviflora,T.D.Penn.,Venezuela (Bolivarian Republic of)
Sapotaceae,Ecclinusa ramiflora,Mart.,Venezuela (Bolivarian Republic of)
Sapotaceae,Ecclinusa ulei,(K.Krause) Gilly ex Cronquist,Venezuela (Bolivarian Republic of)
Sapotaceae,Elaeoluma crispa,T.D.Penn.,Venezuela (Bolivarian Republic of)
Sapotaceae,Elaeoluma glabrescens,(Mart. & Eichler) Aubrév.,Venezuela (Bolivarian Republic of)
Sapotaceae,Elaeoluma nuda,(Baehni) Aubrév.,Venezuela (Bolivarian Republic of)
Sapotaceae,Elaeoluma schomburgkiana,(Miq.) Baill.,Venezuela (Bolivarian Republic of)
Sapotaceae,Manilkara bidentata,(A.DC.) A.Chev.,Venezuela (Bolivarian Republic of)
Sapotaceae,Manilkara bolivarensis,T.D.Penn.,Venezuela (Bolivarian Republic of)
Sapotaceae,Micropholis casiquiarensis,Aubrév.,Venezuela (Bolivarian Republic of)
Sapotaceae,Micropholis crotonoides,(Pierre) Pierre,Venezuela (Bolivarian Republic of)
Sapotaceae,Micropholis egensis,(A.DC.) Pierre,Venezuela (Bolivarian Republic of)
Sapotaceae,Micropholis gardneriana,(A.DC.) Pierre,Venezuela (Bolivarian Republic of)
Sapotaceae,Micropholis guyanensis,(A.DC.) Pierre,Venezuela (Bolivarian Republic of)
Sapotaceae,Micropholis humboldtiana,(Roem. & Schult.) T.D.Penn.,Venezuela (Bolivarian Republic of)
Sapotaceae,Micropholis maguirei,Aubrév.,Venezuela (Bolivarian Republic of)
Sapotaceae,Micropholis melinoniana,Pierre,Venezuela (Bolivarian Republic of)
Sapotaceae,Micropholis mensalis,(Baehni) Aubrév.,Venezuela (Bolivarian Republic of)
Sapotaceae,Micropholis obscura,T.D.Penn.,Venezuela (Bolivarian Republic of)
Sapotaceae,Micropholis spectabilis,(Steyerm.) T.D.Penn.,Venezuela (Bolivarian Republic of)
Sapotaceae,Micropholis splendens,Gilly ex Aubrév.,Venezuela (Bolivarian Republic of)
Sapotaceae,Micropholis suborbicularis,Aubrév.,Venezuela (Bolivarian Republic of)
Sapotaceae,Micropholis venamoensis,(Steyerm.) T.D.Penn.,Venezuela (Bolivarian Republic of)
Sapotaceae,Micropholis venulosa,(Mart. & Eichler) Pierre,Venezuela (Bolivarian Republic of)
Sapotaceae,Pouteria ambelaniifolia,(Sandwith) T.D.Penn.,Venezuela (Bolivarian Republic of)
Sapotaceae,Pouteria amygdalicarpa,(Pittier) T.D.Penn.,Venezuela (Bolivarian Republic of)
Sapotaceae,Pouteria anomala,(Pires) T.D.Penn.,Venezuela (Bolivarian Republic of)
Sapotaceae,Pouteria anteridata,T.D.Penn.,Venezuela (Bolivarian Republic of)
Sapotaceae,Pouteria arcuata,T.D.Penn.,Venezuela (Bolivarian Republic of)
Sapotaceae,Pouteria atabapoensis,(Aubrév.) T.D.Penn.,Venezuela (Bolivarian Republic of)
Sapotaceae,Pouteria baehniana,Monach.,Venezuela (Bolivarian Republic of)
Sapotaceae,Pouteria bangii,(Rusby) T.D.Penn.,Venezuela (Bolivarian Republic of)
Sapotaceae,Pouteria bilocularis,(H.J.P.Winkl.) Baehni,Venezuela (Bolivarian Republic of)
Sapotaceae,Pouteria caimito,(Ruiz & Pav.) Radlk.,Venezuela (Bolivarian Republic of)
Sapotaceae,Pouteria canaimaensis,T.D.Penn.,Venezuela (Bolivarian Republic of)
Sapotaceae,Pouteria cayennensis,(A.DC.) Eyma,Venezuela (Bolivarian Republic of)
Sapotaceae,Pouteria cladantha,Sandwith,Venezuela (Bolivarian Republic of)
Sapotaceae,Pouteria coriacea,(Pierre) Pierre,Venezuela (Bolivarian Republic of)
Sapotaceae,Pouteria crassiflora,Pires & T.D.Penn.,Venezuela (Bolivarian Republic of)
Sapotaceae,Pouteria cuspidata,(A.DC.) Baehni,Venezuela (Bolivarian Republic of)
Sapotaceae,Pouteria decorticans,T.D.Penn.,Venezuela (Bolivarian Republic of)
Sapotaceae,Pouteria durlandii,(Standl.) Baehni,Venezuela (Bolivarian Republic of)
Sapotaceae,Pouteria egregia,Sandwith,Venezuela (Bolivarian Republic of)
Sapotaceae,Pouteria elegans,(A.DC.) Baehni,Venezuela (Bolivarian Republic of)
Sapotaceae,Pouteria engleri,Eyma,Venezuela (Bolivarian Republic of)
Sapotaceae,Pouteria eugeniifolia,(Pierre) Baehni,Venezuela (Bolivarian Republic of)
Sapotaceae,Pouteria filipes,Eyma,Venezuela (Bolivarian Republic of)
Sapotaceae,Pouteria fimbriata,Baehni,Venezuela (Bolivarian Republic of)
Sapotaceae,Pouteria gabrielensis,(Gilly ex Aubrév.) T.D.Penn.,Venezuela (Bolivarian Republic of)
Sapotaceae,Pouteria glomerata,(Miq.) Radlk.,Venezuela (Bolivarian Republic of)
Sapotaceae,Pouteria gomphiifolia,(Mart. ex Miq.) Radlk.,Venezuela (Bolivarian Republic of)
Sapotaceae,Pouteria gongrijpii,Eyma,Venezuela (Bolivarian Republic of)
Sapotaceae,Pouteria guianensis,Aubl.,Venezuela (Bolivarian Republic of)
Sapotaceae,Pouteria laevigata,(Mart.) Radlk.,Venezuela (Bolivarian Republic of)
Sapotaceae,Pouteria lucumifolia,(Reissek ex Maxim.) T.D.Penn.,Venezuela (Bolivarian Republic of)
Sapotaceae,Pouteria maguirei,(Aubrév.) T.D.Penn.,Venezuela (Bolivarian Republic of)
Sapotaceae,Pouteria multiflora,(A.DC.) Eyma,Venezuela (Bolivarian Republic of)
Sapotaceae,Pouteria oblanceolata,Pires,Venezuela (Bolivarian Republic of)
Sapotaceae,Pouteria orinocoensis,(Aubrév.) T.D.Penn.,Venezuela (Bolivarian Republic of)
Sapotaceae,Pouteria peruviensis,(Aubrév.) Bernardi,Venezuela (Bolivarian Republic of)
Sapotaceae,Pouteria pimichinensis,T.D.Penn.,Venezuela (Bolivarian Republic of)
Sapotaceae,Pouteria plicata,T.D.Penn.,Venezuela (Bolivarian Republic of)
Sapotaceae,Pouteria procera,(Mart.) K.Hammer,Venezuela (Bolivarian Republic of)
Sapotaceae,Pouteria puberula,T.D.Penn.,Venezuela (Bolivarian Republic of)
Sapotaceae,Pouteria reticulata,(Engl.) Eyma,Venezuela (Bolivarian Republic of)
Sapotaceae,Pouteria rigida,(Mart. & Eichler) Radlk.,Venezuela (Bolivarian Republic of)
Sapotaceae,Pouteria rigidopsis,Monach. ex T.D.Penn.,Venezuela (Bolivarian Republic of)
Sapotaceae,Pouteria sclerocarpa,(Pittier) Cronquist,Venezuela (Bolivarian Republic of)
Sapotaceae,Pouteria scrobiculata,Monach. ex T.D.Penn.,Venezuela (Bolivarian Republic of)
Sapotaceae,Pouteria simulans,Monach.,Venezuela (Bolivarian Republic of)
Sapotaceae,Pouteria singularis,T.D.Penn.,Venezuela (Bolivarian Republic of)
Sapotaceae,Pouteria sipapoensis,T.D.Penn.,Venezuela (Bolivarian Republic of)
Sapotaceae,Pouteria stipitata,Cronquist,Venezuela (Bolivarian Republic of)
Sapotaceae,Pouteria subrotata,Cronquist,Venezuela (Bolivarian Republic of)
Sapotaceae,Pouteria surumuensis,Baehni,Venezuela (Bolivarian Republic of)
Sapotaceae,Pouteria trilocularis,Cronquist,Venezuela (Bolivarian Republic of)
Sapotaceae,Pouteria ucuqui,Pires & R.E.Schult.,Venezuela (Bolivarian Republic of)
Sapotaceae,Pouteria venosa,(Mart.) Baehni,Venezuela (Bolivarian Republic of)
Sapotaceae,Pradosia beardii,(Monach.) T.D.Penn.,Venezuela (Bolivarian Republic of)
Sapotaceae,Pradosia caracasana,(Pittier) T.D.Penn.,Venezuela (Bolivarian Republic of)
Sapotaceae,Pradosia colombiana,(Standl.) T.D.Penn. ex T.J.Ayers & Boufford,Venezuela (Bolivarian Republic of)
Sapotaceae,Pradosia grisebachii,(Pierre) T.D.Penn.,Venezuela (Bolivarian Republic of)
Sapotaceae,Pradosia schomburgkiana,(A.DC.) Cronquist,Venezuela (Bolivarian Republic of)
Sapotaceae,Pradosia surinamensis,(Eyma) T.D.Penn.,Venezuela (Bolivarian Republic of)
Sapotaceae,Sideroxylon celastrinum,(Kunth) T.D.Penn.,Venezuela (Bolivarian Republic of)
Sapotaceae,Sideroxylon obovatum,Lam.,Venezuela (Bolivarian Republic of)
Sapotaceae,Sideroxylon obtusifolium,(Roem. & Schult.) T.D.Penn.,Venezuela (Bolivarian Republic of)
Sapotaceae,Sideroxylon persimile,(Hemsl.) T.D.Penn.,Venezuela (Bolivarian Republic of)
Schlegeliaceae,Schlegelia fuscata,A.H.Gentry,Venezuela (Bolivarian Republic of)
Schlegeliaceae,Schlegelia parviflora,(Oerst.) Monach.,Venezuela (Bolivarian Republic of)
Schoepfiaceae,Schoepfia brasiliensis,A.DC.,Venezuela (Bolivarian Republic of)
Schoepfiaceae,Schoepfia lucida,Pulle,Venezuela (Bolivarian Republic of)
Schoepfiaceae,Schoepfia tepuiensis,Steyerm.,Venezuela (Bolivarian Republic of)
Scrophulariaceae,Bontia daphnoides,L.,Venezuela (Bolivarian Republic of)
Scrophulariaceae,Buddleja americana,L.,Venezuela (Bolivarian Republic of)
Scrophulariaceae,Buddleja bullata,Kunth,Venezuela (Bolivarian Republic of)
Simaroubaceae,Castela erecta,Turpin,Venezuela (Bolivarian Republic of)
Simaroubaceae,Homalolepis cedron,(Planch.) Devecchi & Pirani,Venezuela (Bolivarian Republic of)
Simaroubaceae,Picrasma excelsa,(Sw.) Planch.,Venezuela (Bolivarian Republic of)
Simaroubaceae,Picrolemma sprucei,Hook.f.,Venezuela (Bolivarian Republic of)
Simaroubaceae,Quassia amara,L.,Venezuela (Bolivarian Republic of)
Simaroubaceae,Simaba guianensis,Aubl.,Venezuela (Bolivarian Republic of)
Simaroubaceae,Simaba obovata,Spruce ex Engl.,Venezuela (Bolivarian Republic of)
Simaroubaceae,Simaba orinocensis,Kunth,Venezuela (Bolivarian Republic of)
Simaroubaceae,Simarouba amara,Aubl.,Venezuela (Bolivarian Republic of)
Siparunaceae,Siparuna bifida,(Poepp. & Endl.) A.DC.,Venezuela (Bolivarian Republic of)
Siparunaceae,Siparuna cristata,(Poepp. & Endl.) A.DC.,Venezuela (Bolivarian Republic of)
Siparunaceae,Siparuna cuspidata,(Tul.) A.DC.,Venezuela (Bolivarian Republic of)
Siparunaceae,Siparuna decipiens,(Tul.) A.DC.,Venezuela (Bolivarian Republic of)
Siparunaceae,Siparuna ficoides,S.S.Renner & Hausner,Venezuela (Bolivarian Republic of)
Siparunaceae,Siparuna gesnerioides,(Kunth) A.DC.,Venezuela (Bolivarian Republic of)
Siparunaceae,Siparuna guianensis,Aubl.,Venezuela (Bolivarian Republic of)
Siparunaceae,Siparuna obstipa,J.F.Macbr.,Venezuela (Bolivarian Republic of)
Siparunaceae,Siparuna poeppigii,(Tul.) A. DC.,Venezuela (Bolivarian Republic of)
Siparunaceae,Siparuna reginae,(Tul.) A.DC.,Venezuela (Bolivarian Republic of)
Siparunaceae,Siparuna sessiliflora,(Kunth) A.DC.,Venezuela (Bolivarian Republic of)
Siparunaceae,Siparuna stellulata,Perkins,Venezuela (Bolivarian Republic of)
Solanaceae,Acnistus arborescens,(L.) Schltdl.,Venezuela (Bolivarian Republic of)
Solanaceae,Brugmansia aurea,Harrison,Venezuela (Bolivarian Republic of)
Solanaceae,Brunfelsia americana,L.,Venezuela (Bolivarian Republic of)
Solanaceae,Brunfelsia imatacana,Plowman,Venezuela (Bolivarian Republic of)
Solanaceae,Brunfelsia uniflora,(Pohl) D.Don,Venezuela (Bolivarian Republic of)
Solanaceae,Cestrum acuminatissimum,Dunal,Venezuela (Bolivarian Republic of)
Solanaceae,Cestrum affine,Kunth,Venezuela (Bolivarian Republic of)
Solanaceae,Cestrum aurantiacum,Lindl.,Venezuela (Bolivarian Republic of)
Solanaceae,Cestrum bigibbosum,Pittier,Venezuela (Bolivarian Republic of)
Solanaceae,Cestrum cuneifolium,Francey,Venezuela (Bolivarian Republic of)
Solanaceae,Cestrum darcyanum,C.Benítez de Rojas & Sawyer,Venezuela (Bolivarian Republic of)
Solanaceae,Cestrum glabrescens,(Morton) Steyerm. & Maguire,Venezuela (Bolivarian Republic of)
Solanaceae,Cestrum humboldtii,Francey,Venezuela (Bolivarian Republic of)
Solanaceae,Cestrum imbricatum,Rusby,Venezuela (Bolivarian Republic of)
Solanaceae,Cestrum latifolium,Lam.,Venezuela (Bolivarian Republic of)
Solanaceae,Cestrum lindenii,Dunal,Venezuela (Bolivarian Republic of)
Solanaceae,Cestrum mariquitense,Kunth,Venezuela (Bolivarian Republic of)
Solanaceae,Cestrum microcalyx,Francey,Venezuela (Bolivarian Republic of)
Solanaceae,Cestrum nocturnum,L.,Venezuela (Bolivarian Republic of)
Solanaceae,Cestrum petiolare,Kunth,Venezuela (Bolivarian Republic of)
Solanaceae,Cestrum potaliifolium,Dunal,Venezuela (Bolivarian Republic of)
Solanaceae,Cestrum racemosum,Ruiz & Pav.,Venezuela (Bolivarian Republic of)
Solanaceae,Cestrum salicifolium,Jacq.,Venezuela (Bolivarian Republic of)
Solanaceae,Cestrum scandens,Vahl,Venezuela (Bolivarian Republic of)
Solanaceae,Cestrum schlechtendalii,G.Don,Venezuela (Bolivarian Republic of)
Solanaceae,Cestrum strigilatum,Ruiz & Pav.,Venezuela (Bolivarian Republic of)
Solanaceae,Cestrum tillettii,Benítez & D'Arcy,Venezuela (Bolivarian Republic of)
Solanaceae,Cestrum tomentosum,L.f.,Venezuela (Bolivarian Republic of)
Solanaceae,Cuatresia riparia,(Kunth) Hunz.,Venezuela (Bolivarian Republic of)
Solanaceae,Lycianthes radiata,(Sendtn.) Bitter,Venezuela (Bolivarian Republic of)
Solanaceae,Lycianthes sanctae-marthae,Bitter,Venezuela (Bolivarian Republic of)
Solanaceae,Saracha quitensis,(Hook.) Miers,Venezuela (Bolivarian Republic of)
Solanaceae,Sessea colombiana,Francey,Venezuela (Bolivarian Republic of)
Solanaceae,Sessea corymbiflora,Goudot ex R.Taylor & R.Phillips,Venezuela (Bolivarian Republic of)
Solanaceae,Solandra longiflora,Tussac,Venezuela (Bolivarian Republic of)
Solanaceae,Solanum albidum,Dunal,Venezuela (Bolivarian Republic of)
Solanaceae,Solanum altissimum,Benitez,Venezuela (Bolivarian Republic of)
Solanaceae,Solanum aphyodendron,S. Knapp,Venezuela (Bolivarian Republic of)
Solanaceae,Solanum arboreum,Dunal,Venezuela (Bolivarian Republic of)
Solanaceae,Solanum asperolanatum,Ruiz & Pav.,Venezuela (Bolivarian Republic of)
Solanaceae,Solanum aturense,Dunal,Venezuela (Bolivarian Republic of)
Solanaceae,Solanum barbulatum,Zahlbr.,Venezuela (Bolivarian Republic of)
Solanaceae,Solanum bicolor,Willd. ex Roem. & Schult.,Venezuela (Bolivarian Republic of)
Solanaceae,Solanum confine,Dunal,Venezuela (Bolivarian Republic of)
Solanaceae,Solanum cordovense,Sessé & Moc.,Venezuela (Bolivarian Republic of)
Solanaceae,Solanum cornifolium,Dunal,Venezuela (Bolivarian Republic of)
Solanaceae,Solanum crinitum,Lam.,Venezuela (Bolivarian Republic of)
Solanaceae,Solanum dissimile,C.V.Morton,Venezuela (Bolivarian Republic of)
Solanaceae,Solanum diversifolium,Dunal,Venezuela (Bolivarian Republic of)
Solanaceae,Solanum dolichosepalum,Bitter,Venezuela (Bolivarian Republic of)
Solanaceae,Solanum hazenii,Britton,Venezuela (Bolivarian Republic of)
Solanaceae,Solanum hyporhodium,Braun & Bouché,Venezuela (Bolivarian Republic of)
Solanaceae,Solanum lepidotum,Dunal,Venezuela (Bolivarian Republic of)
Solanaceae,Solanum leucocarpon,Dunal,Venezuela (Bolivarian Republic of)
Solanaceae,Solanum microleprodes,Bitter,Venezuela (Bolivarian Republic of)
Solanaceae,Solanum nudum,Dunal,Venezuela (Bolivarian Republic of)
Solanaceae,Solanum oppositifolium,Ruiz & Pav.,Venezuela (Bolivarian Republic of)
Solanaceae,Solanum ovalifolium,Dunal,Venezuela (Bolivarian Republic of)
Solanaceae,Solanum ripense,Dunal,Venezuela (Bolivarian Republic of)
Solanaceae,Solanum rudepannum,Dunal,Venezuela (Bolivarian Republic of)
Solanaceae,Solanum rugosum,Dunal,Venezuela (Bolivarian Republic of)
Solanaceae,Solanum schlechtendalianum,Walp.,Venezuela (Bolivarian Republic of)
Solanaceae,Solanum sessile,Ruiz & Pav.,Venezuela (Bolivarian Republic of)
Solanaceae,Solanum splendens,(Dunal) Bohs,Venezuela (Bolivarian Republic of)
Solanaceae,Solanum stellatiglandulosum,Bitter,Venezuela (Bolivarian Republic of)
Solanaceae,Solanum steyermarkii,Carvalho,Venezuela (Bolivarian Republic of)
Solanaceae,Solanum subinerme,Jacq.,Venezuela (Bolivarian Republic of)
Solanaceae,Solanum swartzianum,Roem. & Schult.,Venezuela (Bolivarian Republic of)
Solanaceae,Solanum sycophanta,Dunal,Venezuela (Bolivarian Republic of)
Solanaceae,Solanum tobagense,(Sandwith) Bohs,Venezuela (Bolivarian Republic of)
Solanaceae,Solanum triste,Jacq.,Venezuela (Bolivarian Republic of)
Solanaceae,Solanum turgidum,S.Knapp,Venezuela (Bolivarian Republic of)
Solanaceae,Solanum umbellatum,Mill.,Venezuela (Bolivarian Republic of)
Solanaceae,Solanum vacciniiflorum,Standl. & L.O. Williams,Venezuela (Bolivarian Republic of)
Solanaceae,Witheringia coccoloboides,(Dammer) Hunz.,Venezuela (Bolivarian Republic of)
Solanaceae,Witheringia solanacea,L'Hér.,Venezuela (Bolivarian Republic of)
Staphyleaceae,Turpinia occidentalis,(Sw.) G.Don,Venezuela (Bolivarian Republic of)
Stemonuraceae,Discophora guianensis,Miers,Venezuela (Bolivarian Republic of)
Strelitziaceae,Phenakospermum guyannense,(A.Rich.) Endl. ex Miq.,Venezuela (Bolivarian Republic of)
Styracaceae,Styrax davillifolius,Perkins,Venezuela (Bolivarian Republic of)
Styracaceae,Styrax glaber,Sw.,Venezuela (Bolivarian Republic of)
Styracaceae,Styrax glabratus,Schott,Venezuela (Bolivarian Republic of)
Styracaceae,Styrax guanayanus,Maguire & K.D.Phelps,Venezuela (Bolivarian Republic of)
Styracaceae,Styrax guyanensis,A.DC.,Venezuela (Bolivarian Republic of)
Styracaceae,Styrax hypargyreus,Perkins,Venezuela (Bolivarian Republic of)
Styracaceae,Styrax longipedicellatus,Steyerm.,Venezuela (Bolivarian Republic of)
Styracaceae,Styrax macrocalyx,Perkins,Venezuela (Bolivarian Republic of)
Styracaceae,Styrax oblongus,(Ruiz & Pav.) A. DC.,Venezuela (Bolivarian Republic of)
Styracaceae,Styrax pallidus,A.DC.,Venezuela (Bolivarian Republic of)
Styracaceae,Styrax pavonii,A.DC.,Venezuela (Bolivarian Republic of)
Styracaceae,Styrax sipapoanus,Maguire,Venezuela (Bolivarian Republic of)
Styracaceae,Styrax yutajensis,(Maguire) P.W.Fritsch,Venezuela (Bolivarian Republic of)
Surianaceae,Suriana maritima,L.,Venezuela (Bolivarian Republic of)
Symplocaceae,Symplocos amplifolia,Brand,Venezuela (Bolivarian Republic of)
Symplocaceae,Symplocos bogotensis,Brand,Venezuela (Bolivarian Republic of)
Symplocaceae,Symplocos chimantensis,Steyerm. & Maguire,Venezuela (Bolivarian Republic of)
Symplocaceae,Symplocos flos-pilosa,Aristeg.,Venezuela (Bolivarian Republic of)
Symplocaceae,Symplocos flosfragrans,Chaparro,Venezuela (Bolivarian Republic of)
Symplocaceae,Symplocos guianensis,(Aubl.) Gürke,Venezuela (Bolivarian Republic of)
Symplocaceae,Symplocos lasseri,Steyerm.,Venezuela (Bolivarian Republic of)
Symplocaceae,Symplocos martinicensis,Jacq.,Venezuela (Bolivarian Republic of)
Symplocaceae,Symplocos neblinae,Maguire & Steyerm.,Venezuela (Bolivarian Republic of)
Symplocaceae,Symplocos nitens,(Pohl) Benth.,Venezuela (Bolivarian Republic of)
Symplocaceae,Symplocos pycnophylla,Sleumer,Venezuela (Bolivarian Republic of)
Symplocaceae,Symplocos rigidissima,Brand,Venezuela (Bolivarian Republic of)
Symplocaceae,Symplocos suaveolens,Klotzsch ex Brand,Venezuela (Bolivarian Republic of)
Symplocaceae,Symplocos ulei,Brand,Venezuela (Bolivarian Republic of)
Symplocaceae,Symplocos umbellata,Brand,Venezuela (Bolivarian Republic of)
Symplocaceae,Symplocos yapacanensis,Steyerm.,Venezuela (Bolivarian Republic of)
Tapisciaceae,Huertea glandulosa,Ruiz & Pav.,Venezuela (Bolivarian Republic of)
Tapisciaceae,Huertea granadina,Cuatrec.,Venezuela (Bolivarian Republic of)
Tetrameristaceae,Pentamerista neotropica,Maguire,Venezuela (Bolivarian Republic of)
Theaceae,Laplacea fruticosa,(Schrad.) Kobuski,Venezuela (Bolivarian Republic of)
Thymelaeaceae,Daphnopsis americana,(Mill.) J.R.Johnst.,Venezuela (Bolivarian Republic of)
Thymelaeaceae,Daphnopsis caracasana,Meisn.,Venezuela (Bolivarian Republic of)
Thymelaeaceae,Daphnopsis longipedunculata,Gilg ex Domke,Venezuela (Bolivarian Republic of)
Thymelaeaceae,Daphnopsis nevlingiana,Steyerm.,Venezuela (Bolivarian Republic of)
Thymelaeaceae,Daphnopsis steyermarkii,Nevling,Venezuela (Bolivarian Republic of)
Thymelaeaceae,Schoenobiblus amazonicus,Steyerm.,Venezuela (Bolivarian Republic of)
Thymelaeaceae,Schoenobiblus crassisepala,Barringer & Nevling,Venezuela (Bolivarian Republic of)
Thymelaeaceae,Tepuianthus sarisarinamensis,Maguire & Steyerm.,Venezuela (Bolivarian Republic of)
Thymelaeaceae,Tepuianthus savannensis,Maguire & Steyerm.,Venezuela (Bolivarian Republic of)
Thymelaeaceae,Tepuianthus yapacanensis,Maguire & Steyerm.,Venezuela (Bolivarian Republic of)
Trigoniaceae,Trigonia sericea,Kunth,Venezuela (Bolivarian Republic of)
Ulmaceae,Ampelocera edentula,Kuhlm.,Venezuela (Bolivarian Republic of)
Ulmaceae,Ampelocera macphersonii,Todzia,Venezuela (Bolivarian Republic of)
Ulmaceae,Ampelocera macrocarpa,Ferero & Gentry,Venezuela (Bolivarian Republic of)
Ulmaceae,Phyllostylon rhamnoides,(J.Poiss.) Taub.,Venezuela (Bolivarian Republic of)
Urticaceae,Boehmeria caudata,Sw.,Venezuela (Bolivarian Republic of)
Urticaceae,Boehmeria celtidifolia,Kunth,Venezuela (Bolivarian Republic of)
Urticaceae,Boehmeria ramiflora,Jacq.,Venezuela (Bolivarian Republic of)
Urticaceae,Boehmeria ulmifolia,Wedd.,Venezuela (Bolivarian Republic of)
Urticaceae,Cecropia angulata,I.W.Bailey,Venezuela (Bolivarian Republic of)
Urticaceae,Cecropia angustifolia,Trécul,Venezuela (Bolivarian Republic of)
Urticaceae,Cecropia distachya,Huber,Venezuela (Bolivarian Republic of)
Urticaceae,Cecropia engleriana,Snethl.,Venezuela (Bolivarian Republic of)
Urticaceae,Cecropia ficifolia,Warb. ex Snethl.,Venezuela (Bolivarian Republic of)
Urticaceae,Cecropia kavanayensis,Cuatrec.,Venezuela (Bolivarian Republic of)
Urticaceae,Cecropia latiloba,Miq.,Venezuela (Bolivarian Republic of)
Urticaceae,Cecropia membranacea,Trécul,Venezuela (Bolivarian Republic of)
Urticaceae,Cecropia metensis,Cuatrec.,Venezuela (Bolivarian Republic of)
Urticaceae,Cecropia obtusifolia,Bertol.,Venezuela (Bolivarian Republic of)
Urticaceae,Cecropia palmata,Willd.,Venezuela (Bolivarian Republic of)
Urticaceae,Cecropia peltata,L.,Venezuela (Bolivarian Republic of)
Urticaceae,Cecropia sararensis,Cuatrec.,Venezuela (Bolivarian Republic of)
Urticaceae,Cecropia sciadophylla,Mart.,Venezuela (Bolivarian Republic of)
Urticaceae,Cecropia telenitida,Cuatrec.,Venezuela (Bolivarian Republic of)
Urticaceae,Coussapoa argentea,Akkermans & C.C.Berg,Venezuela (Bolivarian Republic of)
Urticaceae,Coussapoa asperifolia,Trécul,Venezuela (Bolivarian Republic of)
Urticaceae,Coussapoa crassivenosa,Mildbr.,Venezuela (Bolivarian Republic of)
Urticaceae,Coussapoa orthoneura,Standl.,Venezuela (Bolivarian Republic of)
Urticaceae,Coussapoa parvifolia,Standl.,Venezuela (Bolivarian Republic of)
Urticaceae,Coussapoa trinervia,Spruce ex Mildbr.,Venezuela (Bolivarian Republic of)
Urticaceae,Coussapoa villosa,Poepp. & Endl.,Venezuela (Bolivarian Republic of)
Urticaceae,Coussapoa viridifolia,Cuatrec.,Venezuela (Bolivarian Republic of)
Urticaceae,Myriocarpa longipes,Liebm.,Venezuela (Bolivarian Republic of)
Urticaceae,Myriocarpa stipitata,Benth.,Venezuela (Bolivarian Republic of)
Urticaceae,Pourouma bicolor,Mart.,Venezuela (Bolivarian Republic of)
Urticaceae,Pourouma bolivarensis,C.C.Berg,Venezuela (Bolivarian Republic of)
Urticaceae,Pourouma cecropiifolia,Mart.,Venezuela (Bolivarian Republic of)
Urticaceae,Pourouma cucura,Standl. & Cuatrec.,Venezuela (Bolivarian Republic of)
Urticaceae,Pourouma guianensis,Aubl.,Venezuela (Bolivarian Republic of)
Urticaceae,Pourouma melinonii,Benoist,Venezuela (Bolivarian Republic of)
Urticaceae,Pourouma minor,Benoist,Venezuela (Bolivarian Republic of)
Urticaceae,Pourouma mollis,Trécul,Venezuela (Bolivarian Republic of)
Urticaceae,Pourouma ovata,Trécul,Venezuela (Bolivarian Republic of)
Urticaceae,Pourouma tomentosa,Mart. ex Miq.,Venezuela (Bolivarian Republic of)
Urticaceae,Pourouma velutina,Mart. ex Miq.,Venezuela (Bolivarian Republic of)
Urticaceae,Pouzolzia obliqua,(Wedd.) Wedd.,Venezuela (Bolivarian Republic of)
Urticaceae,Pouzolzia occidentalis,(Liebm.) Wedd.,Venezuela (Bolivarian Republic of)
Urticaceae,Urera baccifera,(L.) Gaudich. ex Wedd.,Venezuela (Bolivarian Republic of)
Urticaceae,Urera caracasana,(Jacq.) Gaudich. ex Griseb.,Venezuela (Bolivarian Republic of)
Urticaceae,Urera elata,(Sw.) Griseb.,Venezuela (Bolivarian Republic of)
Urticaceae,Urera laciniata,Wedd.,Venezuela (Bolivarian Republic of)
Urticaceae,Urera simplex,Wedd.,Venezuela (Bolivarian Republic of)
Urticaceae,Urera verrucosa,(Liebm.) V.W.Steinm.,Venezuela (Bolivarian Republic of)
Verbenaceae,Citharexylum decorum,Moldenke,Venezuela (Bolivarian Republic of)
Verbenaceae,Citharexylum karstenii,Moldenke,Venezuela (Bolivarian Republic of)
Verbenaceae,Citharexylum poeppigii,Walp.,Venezuela (Bolivarian Republic of)
Verbenaceae,Citharexylum reticulatum,Kunth,Venezuela (Bolivarian Republic of)
Verbenaceae,Citharexylum spinosum,L.,Venezuela (Bolivarian Republic of)
Verbenaceae,Citharexylum subflavescens,S.F.Blake,Venezuela (Bolivarian Republic of)
Verbenaceae,Citharexylum subthyrsoideum,Pittier,Venezuela (Bolivarian Republic of)
Verbenaceae,Citharexylum ulei,Moldenke,Venezuela (Bolivarian Republic of)
Verbenaceae,Citharexylum venezuelense,Moldenke,Venezuela (Bolivarian Republic of)
Verbenaceae,Duranta erecta,L.,Venezuela (Bolivarian Republic of)
Verbenaceae,Duranta mutisii,L.f.,Venezuela (Bolivarian Republic of)
Verbenaceae,Duranta obtusifolia,Kunth,Venezuela (Bolivarian Republic of)
Verbenaceae,Duranta steyermarkii,Moldenke,Venezuela (Bolivarian Republic of)
Verbenaceae,Lippia americana,L.,Venezuela (Bolivarian Republic of)
Verbenaceae,Lippia hirsuta,L.f.,Venezuela (Bolivarian Republic of)
Verbenaceae,Lippia schlimii,Turcz.,Venezuela (Bolivarian Republic of)
Verbenaceae,Petrea pubescens,Turcz.,Venezuela (Bolivarian Republic of)
Verbenaceae,Stachytarpheta orubica,(L.) Vahl,Venezuela (Bolivarian Republic of)
Viburnaceae,Viburnum glabratum,Kunth,Venezuela (Bolivarian Republic of)
Viburnaceae,Viburnum tinoides,L.f.,Venezuela (Bolivarian Republic of)
Viburnaceae,Viburnum undulatum,(Oerst.) Killip & A.C.Sm.,Venezuela (Bolivarian Republic of)
Violaceae,Amphirrhox longifolia,(A.St.-Hil.) Spreng.,Venezuela (Bolivarian Republic of)
Violaceae,Bribria oraria,(Steyerm. & A.Fernández) Wahlert & H.E.Ballard,Venezuela (Bolivarian Republic of)
Violaceae,Gloeospermum andinum,(Tul.) Melch.,Venezuela (Bolivarian Republic of)
Violaceae,Gloeospermum sphaerocarpum,Triana & Planch.,Venezuela (Bolivarian Republic of)
Violaceae,Leonia crassa,L.B.Sm. & A.Fernández,Venezuela (Bolivarian Republic of)
Violaceae,Leonia cymosa,Mart.,Venezuela (Bolivarian Republic of)
Violaceae,Leonia glycycarpa,Ruiz & Pav.,Venezuela (Bolivarian Republic of)
Violaceae,Leonia triandra,Cuatrec.,Venezuela (Bolivarian Republic of)
Violaceae,Paypayrola confertiflora,Tul.,Venezuela (Bolivarian Republic of)
Violaceae,Paypayrola grandiflora,Tul.,Venezuela (Bolivarian Republic of)
Violaceae,Paypayrola guianensis,Aubl.,Venezuela (Bolivarian Republic of)
Violaceae,Paypayrola longifolia,Tul.,Venezuela (Bolivarian Republic of)
Violaceae,Pombalia phyllanthoides,(Planch. & Linden) Paula-Souza,Venezuela (Bolivarian Republic of)
Violaceae,Pombalia prunifolia,(Humb. & Bonpl. ex Willd.) Paula-Souza,Venezuela (Bolivarian Republic of)
Violaceae,Rinorea amapensis,Hekking,Venezuela (Bolivarian Republic of)
Violaceae,Rinorea brachythrix,S.F. Blake,Venezuela (Bolivarian Republic of)
Violaceae,Rinorea brevipes,(Benth.) S.F. Blake,Venezuela (Bolivarian Republic of)
Violaceae,Rinorea camptoneura,(Radlk.) Melch.,Venezuela (Bolivarian Republic of)
Violaceae,Rinorea endotricha,Sandwith,Venezuela (Bolivarian Republic of)
Violaceae,Rinorea falcata,(Mart. ex Eichler) Kuntze,Venezuela (Bolivarian Republic of)
Violaceae,Rinorea flavescens,(Aubl.) Kuntze,Venezuela (Bolivarian Republic of)
Violaceae,Rinorea guianensis,Aubl.,Venezuela (Bolivarian Republic of)
Violaceae,Rinorea laurifolia,L.B.Sm. & A.Fernández,Venezuela (Bolivarian Republic of)
Violaceae,Rinorea lindeniana,(Tul.) Kuntze,Venezuela (Bolivarian Republic of)
Violaceae,Rinorea macrocarpa,(Mart. ex Eichler) Kuntze,Venezuela (Bolivarian Republic of)
Violaceae,Rinorea melanodonta,S.F.Blake,Venezuela (Bolivarian Republic of)
Violaceae,Rinorea neglecta,Sandwith,Venezuela (Bolivarian Republic of)
Violaceae,Rinorea paniculata,(Mart.) Kuntze,Venezuela (Bolivarian Republic of)
Violaceae,Rinorea pubiflora,(Benth.) Sprague & Sandwith,Venezuela (Bolivarian Republic of)
Violaceae,Rinorea racemosa,(Mart.) Kuntze,Venezuela (Bolivarian Republic of)
Violaceae,Rinorea riana,Kuntze,Venezuela (Bolivarian Republic of)
Violaceae,Rinorea sprucei,(Eichler) Kuntze,Venezuela (Bolivarian Republic of)
Violaceae,Rinoreocarpus ulei,(Melch.) Ducke,Venezuela (Bolivarian Republic of)
Vochysiaceae,Erisma blancoa,Marc.-Berti,Venezuela (Bolivarian Republic of)
Vochysiaceae,Erisma floribundum,Rudge,Venezuela (Bolivarian Republic of)
Vochysiaceae,Erisma japura,Spruce ex Warm.,Venezuela (Bolivarian Republic of)
Vochysiaceae,Erisma laurifolium,Warm.,Venezuela (Bolivarian Republic of)
Vochysiaceae,Erisma micranthum,Spruce ex Warm.,Venezuela (Bolivarian Republic of)
Vochysiaceae,Erisma splendens,Stafleu,Venezuela (Bolivarian Republic of)
Vochysiaceae,Erisma uncinatum,Warm.,Venezuela (Bolivarian Republic of)
Vochysiaceae,Qualea acuminata,Spruce ex Warm.,Venezuela (Bolivarian Republic of)
Vochysiaceae,Qualea calophylla,Pittier,Venezuela (Bolivarian Republic of)
Vochysiaceae,Qualea dinizii,Ducke,Venezuela (Bolivarian Republic of)
Vochysiaceae,Qualea homosepala,Ducke,Venezuela (Bolivarian Republic of)
Vochysiaceae,Qualea paraensis,Ducke,Venezuela (Bolivarian Republic of)
Vochysiaceae,Qualea polychroma,Stafleu,Venezuela (Bolivarian Republic of)
Vochysiaceae,Qualea psidiifolia,Spruce ex Warm.,Venezuela (Bolivarian Republic of)
Vochysiaceae,Qualea pulcherrima,Spruce ex Warm.,Venezuela (Bolivarian Republic of)
Vochysiaceae,Qualea schomburgkiana,Warm.,Venezuela (Bolivarian Republic of)
Vochysiaceae,Qualea tuberculata,Stafleu,Venezuela (Bolivarian Republic of)
Vochysiaceae,Qualea wurdackii,Marc.-Berti,Venezuela (Bolivarian Republic of)
Vochysiaceae,Ruizterania cassiquiarensis,(Spruce ex Warm.) Marc.-Berti,Venezuela (Bolivarian Republic of)
Vochysiaceae,Ruizterania esmeraldae,(Standl.) Marc.-Berti,Venezuela (Bolivarian Republic of)
Vochysiaceae,Ruizterania ferruginea,(Steyerm.) Marc.-Berti,Venezuela (Bolivarian Republic of)
Vochysiaceae,Ruizterania nitida,(Stafleu) Marc.-Berti,Venezuela (Bolivarian Republic of)
Vochysiaceae,Ruizterania obtusata,(Briq.) Marc.-Berti,Venezuela (Bolivarian Republic of)
Vochysiaceae,Ruizterania retusa,(Spruce ex Warm.) Marc.-Berti,Venezuela (Bolivarian Republic of)
Vochysiaceae,Ruizterania rigida,(Stafleu) Marc.-Berti,Venezuela (Bolivarian Republic of)
Vochysiaceae,Vochysia angustifolia,Ducke,Venezuela (Bolivarian Republic of)
Vochysiaceae,Vochysia apopetala,Ule,Venezuela (Bolivarian Republic of)
Vochysiaceae,Vochysia aurantiaca,Stafleu,Venezuela (Bolivarian Republic of)
Vochysiaceae,Vochysia bautistae,Marc.-Berti,Venezuela (Bolivarian Republic of)
Vochysiaceae,Vochysia calophylla,Spruce ex Warm.,Venezuela (Bolivarian Republic of)
Vochysiaceae,Vochysia cassiquiarensis,Stafleu,Venezuela (Bolivarian Republic of)
Vochysiaceae,Vochysia catingae,Ducke,Venezuela (Bolivarian Republic of)
Vochysiaceae,Vochysia complicata,Ducke,Venezuela (Bolivarian Republic of)
Vochysiaceae,Vochysia costata,Warm.,Venezuela (Bolivarian Republic of)
Vochysiaceae,Vochysia crassifolia,Warm.,Venezuela (Bolivarian Republic of)
Vochysiaceae,Vochysia elegans,Stafleu,Venezuela (Bolivarian Republic of)
Vochysiaceae,Vochysia ferruginea,Mart.,Venezuela (Bolivarian Republic of)
Vochysiaceae,Vochysia glaberrima,Warm.,Venezuela (Bolivarian Republic of)
Vochysiaceae,Vochysia jonkeri,Marc.-Berti,Venezuela (Bolivarian Republic of)
Vochysiaceae,Vochysia julianensis,Marc.-Berti,Venezuela (Bolivarian Republic of)
Vochysiaceae,Vochysia lehmannii,Hieron.,Venezuela (Bolivarian Republic of)
Vochysiaceae,Vochysia liscanoi,Marc.-Berti,Venezuela (Bolivarian Republic of)
Vochysiaceae,Vochysia maguirei,Marc.-Berti,Venezuela (Bolivarian Republic of)
Vochysiaceae,Vochysia meridensis,Marc.-Berti,Venezuela (Bolivarian Republic of)
Vochysiaceae,Vochysia obscura,Warm.,Venezuela (Bolivarian Republic of)
Vochysiaceae,Vochysia ortegae,Marc.-Berti & J.Bautista,Venezuela (Bolivarian Republic of)
Vochysiaceae,Vochysia pauciflora,Steyerm.,Venezuela (Bolivarian Republic of)
Vochysiaceae,Vochysia penae,Marc.-Berti,Venezuela (Bolivarian Republic of)
Vochysiaceae,Vochysia punctata,Spruce ex Warm.,Venezuela (Bolivarian Republic of)
Vochysiaceae,Vochysia rubiginosa,Stafleu,Venezuela (Bolivarian Republic of)
Vochysiaceae,Vochysia saccata,Stafleu,Venezuela (Bolivarian Republic of)
Vochysiaceae,Vochysia spathiphylla,Stafleu,Venezuela (Bolivarian Republic of)
Vochysiaceae,Vochysia splendens,Spruce ex Warm.,Venezuela (Bolivarian Republic of)
Vochysiaceae,Vochysia steyermarkiana,Marc.-Berti,Venezuela (Bolivarian Republic of)
Vochysiaceae,Vochysia surinamensis,Stafleu,Venezuela (Bolivarian Republic of)
Vochysiaceae,Vochysia tetraphylla,(G.Mey.) DC.,Venezuela (Bolivarian Republic of)
Vochysiaceae,Vochysia tillettii,Marc.-Berti,Venezuela (Bolivarian Republic of)
Vochysiaceae,Vochysia tomentosa,(G.Mey.) DC.,Venezuela (Bolivarian Republic of)
Vochysiaceae,Vochysia venezuelana,Stafleu,Venezuela (Bolivarian Republic of)
Vochysiaceae,Vochysia vismiifolia,Spruce ex Warm.,Venezuela (Bolivarian Republic of)
Winteraceae,Drimys granadensis,L.f.,Venezuela (Bolivarian Republic of)
Winteraceae,Drimys roraimensis,"(A.C.Sm.) Ehrend., Silberb.-Gottsb. & Gottsb.",Venezuela (Bolivarian Republic of)
Zygophyllaceae,Gonopterodendron arboreum,(Jacq.) Godoy-Bürki,Venezuela (Bolivarian Republic of)
Zygophyllaceae,Guaiacum officinale,L.,Venezuela (Bolivarian Republic of)
