family,taxon,author,native to
Acanthaceae,Avicennia alba,Blume,Viet Nam
Acanthaceae,Avicennia marina,(Forssk.) Vierh.,Viet Nam
Acanthaceae,Avicennia officinalis,L.,Viet Nam
Achariaceae,Hydnocarpus annamensis,(Gagnep.) Lescot & Sleumer,Viet Nam
Achariaceae,Hydnocarpus hainanensis,(Merr.) Sleumer,Viet Nam
Achariaceae,Hydnocarpus ilicifolius,King,Viet Nam
Achariaceae,Hydnocarpus macrocarpus,(Bedd.) Warb.,Viet Nam
Achariaceae,Hydnocarpus saigonensis,Pierre ex Gagnep.,Viet Nam
Actinidiaceae,Saurauia armata,Kurz,Viet Nam
Actinidiaceae,Saurauia griffithii,Dyer,Viet Nam
Actinidiaceae,Saurauia napaulensis,DC.,Viet Nam
Actinidiaceae,Saurauia roxburghii,Wall.,Viet Nam
Akaniaceae,Bretschneidera sinensis,Hemsl.,Viet Nam
Altingiaceae,Liquidambar chinensis,Champ.,Viet Nam
Altingiaceae,Liquidambar chingii,(F.P.Metcalf) Ickert-Bond & J.Wen,Viet Nam
Altingiaceae,Liquidambar formosana,Hance,Viet Nam
Altingiaceae,Liquidambar poilanei,(Tardieu) Ickert-Bond & J.Wen,Viet Nam
Altingiaceae,Liquidambar siamensis,(Craib) Ickert-Bond & J.Wen,Viet Nam
Altingiaceae,Liquidambar yunnanensis,(Rehder & E.H.Wilson) Ickert-Bond & J.Wen,Viet Nam
Anacardiaceae,Allospondias lakonensis,(Pierre) Stapf,Viet Nam
Anacardiaceae,Bouea oppositifolia,(Roxb.) Meisn.,Viet Nam
Anacardiaceae,Bouea poilanei,Evrard,Viet Nam
Anacardiaceae,Buchanania arborescens,(Blume) Blume,Viet Nam
Anacardiaceae,Buchanania glabra,Wall. ex Engl.,Viet Nam
Anacardiaceae,Buchanania lanzan,Spreng.,Viet Nam
Anacardiaceae,Buchanania reticulata,Hance,Viet Nam
Anacardiaceae,Buchanania siamensis,Miq.,Viet Nam
Anacardiaceae,Choerospondias axillaris,(Roxb.) B.L.Burtt & A.W.Hill,Viet Nam
Anacardiaceae,Dracontomelon dao,(Blanco) Merr. & Rolfe,Viet Nam
Anacardiaceae,Dracontomelon duperreanum,Pierre,Viet Nam
Anacardiaceae,Dracontomelon laoticum,C.M.Evrard & Tardieu,Viet Nam
Anacardiaceae,Dracontomelon petelotii,Tardieu,Viet Nam
Anacardiaceae,Dracontomelon schmidii,Tardieu,Viet Nam
Anacardiaceae,Drimycarpus racemosus,(Roxb.) Hook.f. ex Marchand.,Viet Nam
Anacardiaceae,Gluta compacta,Evrard,Viet Nam
Anacardiaceae,Gluta gracilis,Evrard,Viet Nam
Anacardiaceae,Gluta laccifera,(Pierre) Ding Hou,Viet Nam
Anacardiaceae,Gluta megalocarpa,(Evrard) Tardieu,Viet Nam
Anacardiaceae,Gluta tavoyana,Hook.f.,Viet Nam
Anacardiaceae,Gluta usitata,(Wall.) Ding Hou,Viet Nam
Anacardiaceae,Gluta velutina,Blume,Viet Nam
Anacardiaceae,Gluta wrayi,King,Viet Nam
Anacardiaceae,Lannea coromandelica,(Houtt.) Merr.,Viet Nam
Anacardiaceae,Mangifera caloneura,Kurz,Viet Nam
Anacardiaceae,Mangifera camptosperma,Pierre,Viet Nam
Anacardiaceae,Mangifera cochinchinensis,Engl.,Viet Nam
Anacardiaceae,Mangifera dongnaiensis,Pierre,Viet Nam
Anacardiaceae,Mangifera flava,Evrard,Viet Nam
Anacardiaceae,Mangifera minutifolia,Evrard,Viet Nam
Anacardiaceae,Mangifera odorata,Griff.,Viet Nam
Anacardiaceae,Mangifera reba,Pierre,Viet Nam
Anacardiaceae,Pistacia cucphuongensis,T.Ð.Ðai,Viet Nam
Anacardiaceae,Rhus chinensis,Mill.,Viet Nam
Anacardiaceae,Semecarpus anacardium,L.f.,Viet Nam
Anacardiaceae,Semecarpus cochinchinensis,Engl.,Viet Nam
Anacardiaceae,Semecarpus densiflorus,(Merr.) Steenis,Viet Nam
Anacardiaceae,Semecarpus reticulatus,Lecomte,Viet Nam
Anacardiaceae,Semecarpus velutinus,King,Viet Nam
Anacardiaceae,Spondias malayana,Kosterm.,Viet Nam
Anacardiaceae,Swintonia floribunda,Griff.,Viet Nam
Anacardiaceae,Swintonia pierrei,Hance,Viet Nam
Anacardiaceae,Toxicodendron rhetsoides,(W. G. Craib) Tardieu,Viet Nam
Anacardiaceae,Toxicodendron succedaneum,(L.) Kuntze,Viet Nam
Anisophylleaceae,Anisophyllea penninervata,J.E.Vidal,Viet Nam
Annonaceae,Alphonsea boniana,Finet & Gagnep.,Viet Nam
Annonaceae,Alphonsea gaudichaudiana,(Baill.) Finet & Gagnep.,Viet Nam
Annonaceae,Alphonsea monogyna,Merr. & Chun,Viet Nam
Annonaceae,Alphonsea philastreana,(Pierre) Pierre ex Finet & Gagnep.,Viet Nam
Annonaceae,Alphonsea sonlaensis,Bân,Viet Nam
Annonaceae,Alphonsea tonquinensis,A.DC,Viet Nam
Annonaceae,Anaxagorea luzonensis,A.Gray,Viet Nam
Annonaceae,Cananga brandisiana,(Pierre) Saff.,Viet Nam
Annonaceae,Cyathocalyx annamensis,Ast,Viet Nam
Annonaceae,Cyathocalyx harmandii,(Finet & Gagnep.) R.J.Wang & R.M.K.Saunders,Viet Nam
Annonaceae,Dasymaschalon evrardii,Ast,Viet Nam
Annonaceae,Dasymaschalon glaucum,Merr. & Chun,Viet Nam
Annonaceae,Dasymaschalon lomentaceum,Finet & Gagnep.,Viet Nam
Annonaceae,Dasymaschalon macrocalyx,Finet & Gagnep.,Viet Nam
Annonaceae,Dasymaschalon robinsonii,Ast,Viet Nam
Annonaceae,Dasymaschalon rostratum,Merr. & Chun,Viet Nam
Annonaceae,Disepalum petelotii,(Merr.) D.M.Johnson,Viet Nam
Annonaceae,Disepalum plagioneurum,(Diels) D.M.Johnson,Viet Nam
Annonaceae,Drepananthus filiformis,(Jovet-Ast) Survesw. & R.M.K.Saunders,Viet Nam
Annonaceae,Goniothalamus albiflorus,Bân,Viet Nam
Annonaceae,Goniothalamus chartaceus,H.L.Li,Viet Nam
Annonaceae,Goniothalamus chinensis,Merr. & Chun,Viet Nam
Annonaceae,Goniothalamus donnaiensis,Finet & Gagnep.,Viet Nam
Annonaceae,Goniothalamus elegans,Ast,Viet Nam
Annonaceae,Goniothalamus gabriacianus,(Baill.) Ast,Viet Nam
Annonaceae,Goniothalamus gracilipes,Bân,Viet Nam
Annonaceae,Goniothalamus macrocalyx,Bân,Viet Nam
Annonaceae,Goniothalamus multiovulatus,Ast,Viet Nam
Annonaceae,Goniothalamus ninhianus,Bân,Viet Nam
Annonaceae,Goniothalamus tamirensis,Pierre ex Finet & Gagnep.,Viet Nam
Annonaceae,Goniothalamus touranensis,Ast,Viet Nam
Annonaceae,Huberantha cerasoides,(Roxb.) Chaowasku,Viet Nam
Annonaceae,Huberantha luensis,(Pierre) Chaowasku,Viet Nam
Annonaceae,Marsypopetalum littorale,(Blume) B.Xue & R.M.K.Saunders,Viet Nam
Annonaceae,Meiogyne virgata,(Blume) Miq.,Viet Nam
Annonaceae,Miliusa baillonii,Pierre,Viet Nam
Annonaceae,Miliusa velutina,(Dunal) Hook.f. & Thomson,Viet Nam
Annonaceae,Mitrephora calcarea,Diels ex Weeras. & R.M.K.Saunders,Viet Nam
Annonaceae,Mitrephora macclurei,Weeras. & R.M.K. Saunders,Viet Nam
Annonaceae,Mitrephora multifolia,Elmer,Viet Nam
Annonaceae,Mitrephora pallens,Ast,Viet Nam
Annonaceae,Mitrephora petelotii,Weeras. & R.M.K.Saunders,Viet Nam
Annonaceae,Mitrephora phanrangensis,Weeras. & R.M.K.Saunders,Viet Nam
Annonaceae,Mitrephora poilanei,Weeras. & R.M.K.Saunders,Viet Nam
Annonaceae,Mitrephora tomentosa,Hook.f. & Thomson,Viet Nam
Annonaceae,Monoon jucundum,(Pierre) B.Xue & R.M.K.Saunders,Viet Nam
Annonaceae,Monoon laui,(Merr.) B.Xue & R.M.K.Saunders,Viet Nam
Annonaceae,Monoon obtusum,(Craib)  B.Xue & R.M.K.Saunders,Viet Nam
Annonaceae,Monoon simiarum,(Buch.-Ham. ex Hook.f. & Thomson) B.Xue & R.M.K.Saunders,Viet Nam
Annonaceae,Monoon thorelii,(Pierre) B.Xue & R.M.K.Saunders,Viet Nam
Annonaceae,Orophea hirsuta,King,Viet Nam
Annonaceae,Orophea polycarpa,A.DC.,Viet Nam
Annonaceae,Polyalthia corticosa,Finet & Gagnep,Viet Nam
Annonaceae,Polyalthia suberosa,(Roxb.) Thwaites,Viet Nam
Annonaceae,Polyalthiopsis floribunda,(Jovet-Ast) Chaowasku,Viet Nam
Annonaceae,Popowia pisocarpa,(Blume) Endl. ex Walp.,Viet Nam
Annonaceae,Pseuduvaria trimera,(W. G. Craib) Y.C.F. Su & R.M.K. Saunders,Viet Nam
Annonaceae,Sageraea elliptica,(A.DC.) Hook.f. & Thomson,Viet Nam
Annonaceae,Stelechocarpus cauliflorus,(Scheff.) R.E.Fr.,Viet Nam
Annonaceae,Trivalvaria costata,(Hook.f. & Thomson) I.M.Turner,Viet Nam
Annonaceae,Uvaria siamensis,"(Scheff.) L.L.Zhou, Y.C.F.Su & R.M.K.Saunders",Viet Nam
Annonaceae,Wuodendron praecox,"(Hook.f. & Thomson) B.Xue, Y.H.Tan & X.L.Hou",Viet Nam
Annonaceae,Xylopia pierrei,Hance,Viet Nam
Annonaceae,Xylopia vielana,Pierre,Viet Nam
Apocynaceae,Alstonia angustifolia,Wall. ex A.DC.,Viet Nam
Apocynaceae,Alstonia annamensis,(Monach.) Sidiyasa,Viet Nam
Apocynaceae,Alstonia macrophylla,Wall. ex G.Don,Viet Nam
Apocynaceae,Alstonia scholaris,(L.) R.Br.,Viet Nam
Apocynaceae,Alstonia spatulata,Blume,Viet Nam
Apocynaceae,Calotropis procera,(Aiton) W.T.Aiton,Viet Nam
Apocynaceae,Carissa spinarum,L.,Viet Nam
Apocynaceae,Cerbera manghas,L.,Viet Nam
Apocynaceae,Cerbera odollam,Gaertn.,Viet Nam
Apocynaceae,Holarrhena pubescens,Wall. ex G.Don,Viet Nam
Apocynaceae,Hunteria zeylanica,(Retz.) Gardner ex Thwaites,Viet Nam
Apocynaceae,Kibatalia laurifolia,(Ridl.) Woodson,Viet Nam
Apocynaceae,Kibatalia macrophylla,(Pierre ex Hua) Woodson,Viet Nam
Apocynaceae,Kopsia arborea,Blume,Viet Nam
Apocynaceae,Kopsia harmandiana,Pierre ex Pit.,Viet Nam
Apocynaceae,Kopsia tonkinensis,Pit.,Viet Nam
Apocynaceae,Ochrosia oppositifolia,(Lam.) K.Schum.,Viet Nam
Apocynaceae,Rauvolfia chaudocensis,Pierre ex Pit.,Viet Nam
Apocynaceae,Rauvolfia sumatrana,Jack,Viet Nam
Apocynaceae,Rauvolfia verticillata,(Lour.) Baill.,Viet Nam
Apocynaceae,Tabernaemontana bovina,Lour.,Viet Nam
Apocynaceae,Tabernaemontana bufalina,Lour.,Viet Nam
Apocynaceae,Tabernaemontana corymbosa,Roxb. ex Wall.,Viet Nam
Apocynaceae,Tabernaemontana pauciflora,Blume,Viet Nam
Apocynaceae,Tabernaemontana peduncularis,Wall.,Viet Nam
Apocynaceae,Wrightia annamensis,Eberh. & Dubard,Viet Nam
Apocynaceae,Wrightia arborea,(Dennst.) Mabb.,Viet Nam
Apocynaceae,Wrightia dubia,(Sims) Spreng.,Viet Nam
Apocynaceae,Wrightia laevis,Hook.f.,Viet Nam
Apocynaceae,Wrightia pubescens,R.Br.,Viet Nam
Apocynaceae,Wrightia sikkimensis,Gamble,Viet Nam
Aquifoliaceae,Ilex chapaensis,Merr.,Viet Nam
Aquifoliaceae,Ilex cinerea,Champ. ex Benth.,Viet Nam
Aquifoliaceae,Ilex cochinchinensis,(Lour.) Loes.,Viet Nam
Aquifoliaceae,Ilex confertiflora,Merr.,Viet Nam
Aquifoliaceae,Ilex cymosa,Blume,Viet Nam
Aquifoliaceae,Ilex glomerata,King,Viet Nam
Aquifoliaceae,Ilex godajam,Colebr. ex Hook.f.,Viet Nam
Aquifoliaceae,Ilex kaushue,S.Y. Hu,Viet Nam
Aquifoliaceae,Ilex kobuskiana,S.Y.Hu,Viet Nam
Aquifoliaceae,Ilex memecylifolia,Champ. ex Benth.,Viet Nam
Aquifoliaceae,Ilex micrococca,Maxim.,Viet Nam
Aquifoliaceae,Ilex odorata,Buch.-Ham. ex D.Don,Viet Nam
Aquifoliaceae,Ilex pubilimba,Merr. & Chun,Viet Nam
Aquifoliaceae,Ilex rotunda,Thunb.,Viet Nam
Aquifoliaceae,Ilex sterrophylla,Merr. & Chun,Viet Nam
Aquifoliaceae,Ilex stewardii,S.Y. Hu,Viet Nam
Aquifoliaceae,Ilex subficoidea,S.Y. Hu,Viet Nam
Aquifoliaceae,Ilex triflora,Blume,Viet Nam
Aquifoliaceae,Ilex umbellulata,(Wall.) Loes.,Viet Nam
Aquifoliaceae,Ilex wallichii,Hook.f.,Viet Nam
Araliaceae,Aralia armata,(Wall. ex G.Don) Seem.,Viet Nam
Araliaceae,Aralia dasyphylla,Miq.,Viet Nam
Araliaceae,Aralia finlaysoniana,(Wall. ex G.Don) Seem.,Viet Nam
Araliaceae,Aralia foliolosa,Seem. ex C.B.Clarke,Viet Nam
Araliaceae,Aralia gintungensis,C.Y.Wu ex K.M.Feng,Viet Nam
Araliaceae,Aralia hiepiana,J.Wen & Lowry,Viet Nam
Araliaceae,Aralia leschenaultii,(DC.) J.Wen,Viet Nam
Araliaceae,Aralia searelliana,Dunn,Viet Nam
Araliaceae,Aralia thomsonii,Seem. ex C.B.Clarke,Viet Nam
Araliaceae,Aralia undulata,Hand.-Mazz.,Viet Nam
Araliaceae,Aralia vietnamensis,Ha,Viet Nam
Araliaceae,Brassaiopsis bodinieri,(H.Lév.) J.Wen & Lowry,Viet Nam
Araliaceae,Brassaiopsis ciliata,Dunn,Viet Nam
Araliaceae,Brassaiopsis dumicola,W.W.Sm.,Viet Nam
Araliaceae,Brassaiopsis ficifolia,Dunn,Viet Nam
Araliaceae,Brassaiopsis gigantea,J.Wen & Lowry,Viet Nam
Araliaceae,Brassaiopsis glomerulata,(Blume) Regel,Viet Nam
Araliaceae,Brassaiopsis gracilis,Hand.-Mazz.,Viet Nam
Araliaceae,Brassaiopsis grushvitzkyi,"J.Wen, Lowry & T.H.Nguyên",Viet Nam
Araliaceae,Brassaiopsis hispida,Seem.,Viet Nam
Araliaceae,Brassaiopsis phanrangensis,C.B.Shang,Viet Nam
Araliaceae,Brassaiopsis producta,(Dunn) C.B.Shang,Viet Nam
Araliaceae,Brassaiopsis stellata,K.M.Feng,Viet Nam
Araliaceae,Dendropanax caloneurus,(Harms) Merr.,Viet Nam
Araliaceae,Dendropanax chevalieri,(R.Vig.) Merr.,Viet Nam
Araliaceae,Dendropanax dentiger,(Harms) Merr.,Viet Nam
Araliaceae,Dendropanax hainanensis,(Merr. & Chun) Chun,Viet Nam
Araliaceae,Dendropanax kwangsiensis,H.L.Li,Viet Nam
Araliaceae,Dendropanax langbianensis,C.B.Shang,Viet Nam
Araliaceae,Dendropanax poilanei,Bui,Viet Nam
Araliaceae,Dendropanax venosus,Merr.,Viet Nam
Araliaceae,Gamblea ciliata,C.B.Clarke,Viet Nam
Araliaceae,Gamblea pseudoevodiifolia,"(K.M.Feng) C.B.Shang, Lowry & Frodin",Viet Nam
Araliaceae,Heptapleurum bodinieri,H.Lév.,Viet Nam
Araliaceae,Heptapleurum brevipedicellatum,(Harms) Lowry & G.M.Plunkett,Viet Nam
Araliaceae,Heptapleurum buxifolioides,(C.B.Shang) Lowry & G.M.Plunkett,Viet Nam
Araliaceae,Heptapleurum calyptratum,(Hook.f. & Thomson) Y.F.Deng,Viet Nam
Araliaceae,Heptapleurum chapanum,(Harms) Lowry & G.M.Plunkett,Viet Nam
Araliaceae,Heptapleurum delavayi,Franch.,Viet Nam
Araliaceae,Heptapleurum ellipticum,(Blume) Seem.,Viet Nam
Araliaceae,Heptapleurum enneaphyllum,(Bui) Lowry & G.M.Plunkett,Viet Nam
Araliaceae,Heptapleurum fantsipanense,(Bui) Lowry & G.M.Plunkett,Viet Nam
Araliaceae,Heptapleurum hemiepiphyticum,(Grushv. & Skvortsova) Lowry & G.M.Plunkett,Viet Nam
Araliaceae,Heptapleurum heptaphyllum,(L.) Y.F.Deng,Viet Nam
Araliaceae,Heptapleurum hoi,Dunn,Viet Nam
Araliaceae,Heptapleurum hypoleucoides,(Harms) Lowry & G.M.Plunkett,Viet Nam
Araliaceae,Heptapleurum hypoleucum,Kurz,Viet Nam
Araliaceae,Heptapleurum khasianum,C.B.Clarke,Viet Nam
Araliaceae,Heptapleurum kontumense,(Bui) Lowry & G.M.Plunkett,Viet Nam
Araliaceae,Heptapleurum kornasii,(Grushv. & Skvortsova) Lowry & G.M.Plunkett,Viet Nam
Araliaceae,Heptapleurum laxiusculum,(Grushv. & Skvortsova) Lowry & G.M.Plunkett,Viet Nam
Araliaceae,Heptapleurum leroyianum,(C.B.Shang) Lowry & G.M.Plunkett,Viet Nam
Araliaceae,Heptapleurum leucanthum,(R.Vig.) Y.F.Deng,Viet Nam
Araliaceae,Heptapleurum locianum,(Grushv. & Skvortsova) Y.F.Deng,Viet Nam
Araliaceae,Heptapleurum macrophyllum,Dunn,Viet Nam
Araliaceae,Heptapleurum metcalfianum,(Merr. ex H.L.Li) G.M.Plunkett & Lowry,Viet Nam
Araliaceae,Heptapleurum myriocarpum,(Harms) G.M.Plunkett & Lowry,Viet Nam
Araliaceae,Heptapleurum nhatrangense,(C.B.Shang) G.M.Plunkett & Lowry,Viet Nam
Araliaceae,Heptapleurum pacoense,(Grushv. & Skvortsova) G.M.Plunkett & Lowry,Viet Nam
Araliaceae,Heptapleurum palmiforme,(Grushv. & Skvortsova) G.M.Plunkett & Lowry,Viet Nam
Araliaceae,Heptapleurum pauciflorum,(R.Vig.) Y.F.Deng,Viet Nam
Araliaceae,Heptapleurum pes-avis,(R.Vig.) Y.F.Deng,Viet Nam
Araliaceae,Heptapleurum petelotii,(Merr.) G.M.Plunkett & Lowry,Viet Nam
Araliaceae,Heptapleurum pseudospicatum,(Bui) G.M.Plunkett & Lowry,Viet Nam
Araliaceae,Heptapleurum quangtriense,(C.B.Shang) G.M.Plunkett & Lowry,Viet Nam
Araliaceae,Heptapleurum schizophyllum,Hance,Viet Nam
Araliaceae,Heptapleurum subintegrum,(Craib) G.M.Plunkett & Lowry,Viet Nam
Araliaceae,Heptapleurum tribracteolatum,(Bui) G.M.Plunkett & Lowry,Viet Nam
Araliaceae,Heptapleurum tunkinense,(R.Vig.) G.M.Plunkett & Lowry,Viet Nam
Araliaceae,Heptapleurum vidalianum,(C.B.Shang) G.M.Plunkett & Lowry,Viet Nam
Araliaceae,Heteropanax balansanus,C.B.Shang,Viet Nam
Araliaceae,Heteropanax brevipedicellatus,H.L.Li,Viet Nam
Araliaceae,Heteropanax chinensis,(Dunn) H.L.Li,Viet Nam
Araliaceae,Heteropanax fragrans,(Roxb.) Seem.,Viet Nam
Araliaceae,Macropanax dispermus,(Blume) Kuntze,Viet Nam
Araliaceae,Macropanax grushvitzkii,Ha,Viet Nam
Araliaceae,Macropanax maingayi,(C.B.Clarke) Philipson,Viet Nam
Araliaceae,Macropanax membranifolius,C.B.Shang,Viet Nam
Araliaceae,Macropanax schmidii,C.B.Shang,Viet Nam
Araliaceae,Macropanax simplicifolius,C.B.Shang,Viet Nam
Araliaceae,Macropanax undulatus,(Wall. ex G.Don) Seem.,Viet Nam
Araliaceae,Metapanax davidii,(Franch.) J.Wen & Frodin,Viet Nam
Araliaceae,Metapanax delavayi,(Franch.) J.Wen & Frodin,Viet Nam
Araliaceae,Trevesia palmata,(Roxb. ex Lindl.) Vis.,Viet Nam
Araliaceae,Trevesia vietnamensis,J.Wen & P.K.Lôc,Viet Nam
Arecaceae,Areca laosensis,Becc.,Viet Nam
Arecaceae,Areca triandra,Roxb. ex Buch.-Ham.,Viet Nam
Arecaceae,Arenga westerhoutii,Griff.,Viet Nam
Arecaceae,Borassus flabellifer,L.,Viet Nam
Arecaceae,Calamus modestus,T.Evans & T.P.Anh,Viet Nam
Arecaceae,Caryota maxima,Blume,Viet Nam
Arecaceae,Caryota mitis,Lour.,Viet Nam
Arecaceae,Caryota obtusa,Griff.,Viet Nam
Arecaceae,Caryota sympetala,Gagnep.,Viet Nam
Arecaceae,Corypha lecomtei,Becc. ex Lecomte,Viet Nam
Arecaceae,Corypha utan,Lam.,Viet Nam
Arecaceae,Guihaia grossefibrosa,"(Gagnep.) J.Dransf., S.K.Lee & F.N.Wei",Viet Nam
Arecaceae,Lanonia centralis,"(A.J.Hend., N.K.Ban & N.Q.Dung) A.J.Hend. & C.D.Bacon",Viet Nam
Arecaceae,Lanonia dasyantha,(Burret) A.J.Hend. & C.D.Bacon,Viet Nam
Arecaceae,Licuala bracteata,Gagnep.,Viet Nam
Arecaceae,Licuala dakrongensis,"A.J.Hend., N.K.Ban & B.V.Thanh",Viet Nam
Arecaceae,Licuala paludosa,Griff.,Viet Nam
Arecaceae,Licuala spinosa,Wurmb,Viet Nam
Arecaceae,Livistona halongensis,T.H.Nguyên & Kiew,Viet Nam
Arecaceae,Livistona saribus,(Lour.) Merr. ex A.Chev.,Viet Nam
Arecaceae,Livistona speciosa,Kurz,Viet Nam
Arecaceae,Nenga banaensis,(Magalon) Burret,Viet Nam
Arecaceae,Nypa fruticans,Wurmb,Viet Nam
Arecaceae,Oncosperma tigillarium,(Jack) Ridl.,Viet Nam
Arecaceae,Phoenix loureiroi,Kunth,Viet Nam
Arecaceae,Phoenix paludosa,Roxb.,Viet Nam
Arecaceae,Pinanga annamensis,Magalon,Viet Nam
Arecaceae,Pinanga baviensis,Becc.,Viet Nam
Arecaceae,Pinanga declinata,"A.J.Hend., N.K.Ban & N.Q.Dung",Viet Nam
Arecaceae,Pinanga nuichuensis,"A.J.Hend., N.K.Ban & B.V.Thanh",Viet Nam
Arecaceae,Rhapis excelsa,(Thunb.) A.Henry,Viet Nam
Arecaceae,Rhapis vidalii,"Aver., T.H.Nguyên & P.K.Lôc",Viet Nam
Arecaceae,Trachycarpus geminisectus,"Spanner, Gibbons, V.D.Nguyen & T.P.Anh",Viet Nam
Asparagaceae,Dracaena cambodiana,Pierre ex Gagnep.,Viet Nam
Asparagaceae,Dracaena cochinchinensis,(Lour.) S.C.Chen,Viet Nam
Asparagaceae,Dracaena elliptica,Thunb. & Dalm.,Viet Nam
Asparagaceae,Dracaena griffithii,Regel,Viet Nam
Asparagaceae,Dracaena hokouensis,G.Z.Ye,Viet Nam
Asteraceae,Blumea balsamifera,DC.,Viet Nam
Asteraceae,Leucomeris decora,Kurz,Viet Nam
Asteraceae,Monosis volkameriifolia,(DC.) H.Rob. & Skvarla,Viet Nam
Asteraceae,Senecio scandens,Buch.-Ham. ex D.Don,Viet Nam
Asteraceae,Strobocalyx arborea,(Buch.-Ham.) Sch.Bip.,Viet Nam
Asteraceae,Strobocalyx solanifolia,(Benth.) Sch.Bip,Viet Nam
Betulaceae,Alnus nepalensis,D.Don,Viet Nam
Betulaceae,Betula alnoides,Buch.-Ham. ex D.Don,Viet Nam
Betulaceae,Carpinus londoniana,H.J.P.Winkl.,Viet Nam
Betulaceae,Carpinus pubescens,Burkill,Viet Nam
Betulaceae,Carpinus viminea,Wall. ex Lindl.,Viet Nam
Bignoniaceae,Dolichandrone columnaris,Santisuk,Viet Nam
Bignoniaceae,Dolichandrone serrulata,(Wall. ex DC.) Seem.,Viet Nam
Bignoniaceae,Dolichandrone spathacea,(L.f.) Seem.,Viet Nam
Bignoniaceae,Fernandoa adenophylla,(Wall. ex G.Don) Steenis,Viet Nam
Bignoniaceae,Fernandoa bracteata,(Dop) Steenis,Viet Nam
Bignoniaceae,Fernandoa brilletii,(Dop) Steenis,Viet Nam
Bignoniaceae,Fernandoa collignonii,(Dop) Steenis,Viet Nam
Bignoniaceae,Fernandoa serrata,(Dop) Steenis,Viet Nam
Bignoniaceae,Markhamia stipulata,(Wall.) Seem.,Viet Nam
Bignoniaceae,Mayodendron igneum,(Kurz) Kurz,Viet Nam
Bignoniaceae,Millingtonia hortensis,L.f.,Viet Nam
Bignoniaceae,Oroxylum indicum,(L.) Kurz,Viet Nam
Bignoniaceae,Pauldopia ghorta,(Buch.-Ham. ex G.Don) Steenis,Viet Nam
Bignoniaceae,Radermachera boniana,Dop,Viet Nam
Bignoniaceae,Radermachera inflata,Steenis,Viet Nam
Bignoniaceae,Radermachera sinica,(Hance) Hemsl.,Viet Nam
Bignoniaceae,Radermachera stellata,Steenis,Viet Nam
Bignoniaceae,Stereospermum annamense,Dop,Viet Nam
Bignoniaceae,Stereospermum binhchauense,V.S.Dang,Viet Nam
Bignoniaceae,Stereospermum colais,(Buch.-Ham. ex Dillwyn) Mabb.,Viet Nam
Bignoniaceae,Stereospermum cylindricum,Pierre ex Dop,Viet Nam
Bignoniaceae,Stereospermum neuranthum,Kurz,Viet Nam
Boraginaceae,Cordia cochinchinensis,Gagnep.,Viet Nam
Boraginaceae,Cordia dichotoma,G.Forst.,Viet Nam
Boraginaceae,Cordia furcans,I.M.Johnst.,Viet Nam
Boraginaceae,Cordia grandis,Roxb.,Viet Nam
Boraginaceae,Cordia subcordata,Lam.,Viet Nam
Boraginaceae,Ehretia acuminata,R.Br.,Viet Nam
Boraginaceae,Ehretia aspera,Willd.,Viet Nam
Boraginaceae,Ehretia dichotoma,Blume,Viet Nam
Boraginaceae,Ehretia dicksonii,Hance,Viet Nam
Boraginaceae,Ehretia longiflora,Champ. ex Benth.,Viet Nam
Boraginaceae,Heliotropium arboreum,(Blanco) Mabb.,Viet Nam
Boraginaceae,Heliotropium sarmentosum,(Lam.) Craven,Viet Nam
Burseraceae,Bursera tonkinensis,Guillaumin,Viet Nam
Burseraceae,Canarium album,(Lour.) DC.,Viet Nam
Burseraceae,Canarium cinereum,Guillaumin,Viet Nam
Burseraceae,Canarium copaliferum,A.Chev.,Viet Nam
Burseraceae,Canarium engleri,H.J.Lam,Viet Nam
Burseraceae,Canarium littorale,Blume,Viet Nam
Burseraceae,Canarium lyi,C.D.Dai & Yakovlev,Viet Nam
Burseraceae,Canarium parvum,Leenh.,Viet Nam
Burseraceae,Canarium pimela,K.D.Koenig,Viet Nam
Burseraceae,Canarium rotundifolium,Guillaumin,Viet Nam
Burseraceae,Canarium subulatum,Guillaumin,Viet Nam
Burseraceae,Canarium thorelianum,Guillaumin,Viet Nam
Burseraceae,Canarium vittatistipulatum,Guillaumin,Viet Nam
Burseraceae,Dacryodes dungii,Than & Yakovlev,Viet Nam
Burseraceae,Dacryodes rostrata,(Blume) H.J.Lam,Viet Nam
Burseraceae,Garuga pierrei,Guillaumin,Viet Nam
Burseraceae,Garuga pinnata,Roxb.,Viet Nam
Burseraceae,Protium serratum,(Wall. ex Colebr.) Engl.,Viet Nam
Calophyllaceae,Calophyllum balansae,Pit.,Viet Nam
Calophyllaceae,Calophyllum calaba,L.,Viet Nam
Calophyllaceae,Calophyllum ceriferum,Gagnep. ex P.F.Stevens,Viet Nam
Calophyllaceae,Calophyllum dongnaiense,Pierre,Viet Nam
Calophyllaceae,Calophyllum dryobalanoides,Pierre,Viet Nam
Calophyllaceae,Calophyllum inophyllum,L.,Viet Nam
Calophyllaceae,Calophyllum membranaceum,Gardner & Champ.,Viet Nam
Calophyllaceae,Calophyllum pisiferum,Planch. & Triana,Viet Nam
Calophyllaceae,Calophyllum poilanei,Gagnep. ex P.F.Stevens,Viet Nam
Calophyllaceae,Calophyllum polyanthum,Wall. ex Planch. & Triana,Viet Nam
Calophyllaceae,Calophyllum rugosum,P.F.Stevens,Viet Nam
Calophyllaceae,Calophyllum soulattri,Burm.f.,Viet Nam
Calophyllaceae,Calophyllum tetrapterum,Miq.,Viet Nam
Calophyllaceae,Calophyllum thorelii,Pierre,Viet Nam
Calophyllaceae,Calophyllum touranense,Gagnep. ex P.F.Stevens,Viet Nam
Calophyllaceae,Kayea ferruginea,Pierre,Viet Nam
Calophyllaceae,Mammea harmandii,(Pierre) Kosterm,Viet Nam
Calophyllaceae,Mammea siamensis,(Miq.) T.Anderson,Viet Nam
Cannabaceae,Aphananthe aspera,(Thunb.) Planch.,Viet Nam
Cannabaceae,Aphananthe cuspidata,(Blume) Planch.,Viet Nam
Cannabaceae,Celtis philippensis,Blanco,Viet Nam
Cannabaceae,Celtis tetrandra,Roxb.,Viet Nam
Cannabaceae,Celtis timorensis,Span.,Viet Nam
Cannabaceae,Gironniera subaequalis,Planch.,Viet Nam
Cannabaceae,Trema angustifolium,(Planch.) Blume,Viet Nam
Cannabaceae,Trema cannabinum,Lour.,Viet Nam
Cannabaceae,Trema orientale,(L.) Blume,Viet Nam
Cannabaceae,Trema politoria,(Planch.) Blume,Viet Nam
Cannabaceae,Trema tomentosum,(Roxb.) H.Hara,Viet Nam
Capparaceae,Capparis erycibe,Hallier f.,Viet Nam
Capparaceae,Capparis flavicans,Kurz,Viet Nam
Capparaceae,Capparis grandis,L.f.,Viet Nam
Capparaceae,Capparis micracantha,DC.,Viet Nam
Capparaceae,Capparis multiflora,Hook.f. & Thomson,Viet Nam
Capparaceae,Capparis pubiflora,DC.,Viet Nam
Capparaceae,Capparis sunbisiniana,M.L.Zhang & G.C.Tucker,Viet Nam
Capparaceae,Capparis thorelii,Gagnep.,Viet Nam
Capparaceae,Crateva magna,(Lour.) DC.,Viet Nam
Capparaceae,Crateva religiosa,G.Forst.,Viet Nam
Capparaceae,Crateva unilocularis,Buch.-Ham.,Viet Nam
Capparaceae,Maerua siamensis,(Kurz) Pax,Viet Nam
Cardiopteridaceae,Gonocaryum lobbianum,(Miers) Kurz,Viet Nam
Cardiopteridaceae,Gonocaryum poilanei,Gagnep. ex Villiers,Viet Nam
Casuarinaceae,Casuarina equisetifolia,L.,Viet Nam
Celastraceae,Euonymus bockii,Loes. ex Diels,Viet Nam
Celastraceae,Euonymus cochinchinensis,Pierre,Viet Nam
Celastraceae,Euonymus eberhardtii,Tardieu,Viet Nam
Celastraceae,Euonymus glaber,Roxb.,Viet Nam
Celastraceae,Euonymus indicus,B.Heyne ex Wall.,Viet Nam
Celastraceae,Euonymus laxiflorus,Champ. ex Benth.,Viet Nam
Celastraceae,Euonymus nitidus,Benth.,Viet Nam
Celastraceae,Euonymus pittosporoides,C.Y.Cheng ex J.S.Ma,Viet Nam
Celastraceae,Glyptopetalum calyptratum,Pierre,Viet Nam
Celastraceae,Glyptopetalum gracilipes,Pierre,Viet Nam
Celastraceae,Glyptopetalum longepedunculatum,Tardieu,Viet Nam
Celastraceae,Glyptopetalum poilanei,Tardieu,Viet Nam
Celastraceae,Glyptopetalum quadrangulare,Prain ex King,Viet Nam
Celastraceae,Glyptopetalum sclerocarpum,M.A.Lawson,Viet Nam
Celastraceae,Gymnosporia chevalieri,Tardieu,Viet Nam
Celastraceae,Gymnosporia diversifolia,Maxim.,Viet Nam
Celastraceae,Gymnosporia marcanii,Craib,Viet Nam
Celastraceae,Gymnosporia stylosa,Pierre,Viet Nam
Celastraceae,Lophopetalum duperreanum,Pierre,Viet Nam
Celastraceae,Lophopetalum javanicum,(Zoll.) Turcz.,Viet Nam
Celastraceae,Lophopetalum wightianum,Arn.,Viet Nam
Celastraceae,Microtropis discolor,(Wall.) Wall. ex Meisn.,Viet Nam
Celastraceae,Microtropis fallax,Pit.,Viet Nam
Celastraceae,Microtropis petelotii,Merr. & F.L. Freeman,Viet Nam
Celastraceae,Pleurostylia opposita,(Wall.) Alston,Viet Nam
Celastraceae,Salacia chinensis,L.,Viet Nam
Celastraceae,Salacia verrucosa,Wight,Viet Nam
Celastraceae,Siphonodon celastrineus,Griff.,Viet Nam
Centroplacaceae,Bhesa robusta,(Roxb.) Ding Hou,Viet Nam
Chrysobalanaceae,Parinari anamensis,Hance,Viet Nam
Clethraceae,Clethra delavayi,Franch.,Viet Nam
Clethraceae,Clethra fabri,Hance,Viet Nam
Clethraceae,Clethra petelotii,Dop & Troch.-Marq.,Viet Nam
Clusiaceae,Garcinia bonii,Pit.,Viet Nam
Clusiaceae,Garcinia cambodgiensis,Vesque,Viet Nam
Clusiaceae,Garcinia celebica,L.,Viet Nam
Clusiaceae,Garcinia cochinchinensis,(Lour.) Choisy,Viet Nam
Clusiaceae,Garcinia cowa,Roxb. ex DC.,Viet Nam
Clusiaceae,Garcinia delpyana,Pierre,Viet Nam
Clusiaceae,Garcinia fagraeoides,A.Chev.,Viet Nam
Clusiaceae,Garcinia fusca,Pierre,Viet Nam
Clusiaceae,Garcinia gaudichaudii,Planch. & Triana,Viet Nam
Clusiaceae,Garcinia hanburyi,Hook.f.,Viet Nam
Clusiaceae,Garcinia harmandii,Pierre,Viet Nam
Clusiaceae,Garcinia hopii,H.Toyama & V.S.Dang,Viet Nam
Clusiaceae,Garcinia lanessanii,Pierre,Viet Nam
Clusiaceae,Garcinia mckeaniana,Craib,Viet Nam
Clusiaceae,Garcinia merguensis,Wight,Viet Nam
Clusiaceae,Garcinia multiflora,Champ. ex Benth.,Viet Nam
Clusiaceae,Garcinia oliveri,Pierre,Viet Nam
Clusiaceae,Garcinia paucinervis,Chun & F.C.How,Viet Nam
Clusiaceae,Garcinia pedunculata,Roxb. ex Buch.-Ham.,Viet Nam
Clusiaceae,Garcinia poilanei,Gagnep.,Viet Nam
Clusiaceae,Garcinia schomburgkiana,Pierre,Viet Nam
Clusiaceae,Garcinia tonkinensis,Vesque,Viet Nam
Clusiaceae,Garcinia vilersiana,Pierre,Viet Nam
Clusiaceae,Garcinia xanthochymus,Hook.f. ex T.Anderson,Viet Nam
Combretaceae,Combretum quadrangulare,Kurz,Viet Nam
Combretaceae,Lumnitzera littorea,(Jack) Voigt,Viet Nam
Combretaceae,Lumnitzera racemosa,Willd.,Viet Nam
Combretaceae,Terminalia bellirica,(Gaertn.) Roxb.,Viet Nam
Combretaceae,Terminalia bialata,(Roxb.) Steud.,Viet Nam
Combretaceae,Terminalia cambodiana,Gagnep.,Viet Nam
Combretaceae,Terminalia catappa,L.,Viet Nam
Combretaceae,Terminalia chebula,Retz.,Viet Nam
Combretaceae,Terminalia citrina,(Gaertn.) Roxb.,Viet Nam
Combretaceae,Terminalia corticosa,Pierre ex Laness.,Viet Nam
Combretaceae,Terminalia darfeuillana,Pierre ex Laness.,Viet Nam
Combretaceae,Terminalia elliptica,Willd.,Viet Nam
Combretaceae,Terminalia myriocarpa,Van Heurck & Müll.Arg.,Viet Nam
Combretaceae,Terminalia phillyreifolia,(Van Heurck & Müll.Arg.) Gere & Boatwr.,Viet Nam
Combretaceae,Terminalia procera,Roxb.,Viet Nam
Combretaceae,Terminalia rivularis,(Gagnep.) Gere & Boatwr.,Viet Nam
Combretaceae,Terminalia triptera,Stapf,Viet Nam
Connaraceae,Agelaea macrophylla,(Zoll.) Leenh.,Viet Nam
Connaraceae,Agelaea trinervis,(Llanos) Merr.,Viet Nam
Connaraceae,Cnestis palala,(Lour.) Merr.,Viet Nam
Connaraceae,Connarus cochinchinensis,(Baill.) Pierre,Viet Nam
Connaraceae,Connarus paniculatus,Roxb,Viet Nam
Connaraceae,Connarus semidecandrus,Jack,Viet Nam
Connaraceae,Ellipanthus tomentosus,Kurz,Viet Nam
Cornaceae,Alangium barbatum,(R.Br. ex C.B.Clarke) Baill. ex Kuntze,Viet Nam
Cornaceae,Alangium chinense,(Lour.) Harms,Viet Nam
Cornaceae,Alangium kurzii,Craib,Viet Nam
Cornaceae,Alangium oblongum,Craib,Viet Nam
Cornaceae,Alangium salviifolium,(L.f.) Wangerin,Viet Nam
Cornaceae,Alangium tonkinense,Gagnep.,Viet Nam
Cornaceae,Cornus controversa,Hemsl.,Viet Nam
Cornaceae,Cornus hongkongensis,Hemsl.,Viet Nam
Cornaceae,Cornus oblonga,Wall.,Viet Nam
Cornaceae,Cornus oligophlebia,Merr.,Viet Nam
Crypteroniaceae,Crypteronia paniculata,Blume,Viet Nam
Cupressaceae,Calocedrus macrolepis,Kurz,Viet Nam
Cupressaceae,Calocedrus rupestris,"Aver., T.H.Nguyên & P.K.Lôc",Viet Nam
Cupressaceae,Cunninghamia konishii,Hayata,Viet Nam
Cupressaceae,Cunninghamia lanceolata,(Lamb.) Hook.,Viet Nam
Cupressaceae,Cupressus tonkinensis,Silba,Viet Nam
Cupressaceae,Fokienia hodginsii,(Dunn) A.Henry & H H.Thomas,Viet Nam
Cupressaceae,Glyptostrobus pensilis,(Staunton ex D.Don) K.Koch,Viet Nam
Cupressaceae,Taiwania cryptomerioides,Hayata,Viet Nam
Cupressaceae,Xanthocyparis vietnamensis,(Farjon & T.H.Nguyên) D.P.Little,Viet Nam
Cycadaceae,Cycas clivicola,K.D.Hill,Viet Nam
Cycadaceae,Cycas edentata,de Laub.,Viet Nam
Cycadaceae,Cycas inermis,Lour.,Viet Nam
Cycadaceae,Cycas pachypoda,K.D.Hill,Viet Nam
Cycadaceae,Cycas pectinata,Buch.-Ham.,Viet Nam
Daphniphyllaceae,Daphniphyllum beddomei,Craib,Viet Nam
Daphniphyllaceae,Daphniphyllum calycinum,Benth.,Viet Nam
Daphniphyllaceae,Daphniphyllum chartaceum,K.Rosenthal,Viet Nam
Daphniphyllaceae,Daphniphyllum majus,Müll.Arg.,Viet Nam
Daphniphyllaceae,Daphniphyllum pentandrum,Hayata,Viet Nam
Dichapetalaceae,Dichapetalum gelonioides,(Roxb.) Engl.,Viet Nam
Dichapetalaceae,Dichapetalum longipetalum,(Turcz.) Engl.,Viet Nam
Dilleniaceae,Dillenia blanchardii,Pierre,Viet Nam
Dilleniaceae,Dillenia hookeri,Pierre,Viet Nam
Dilleniaceae,Dillenia indica,L.,Viet Nam
Dilleniaceae,Dillenia obovata,(Blume) Hoogland,Viet Nam
Dilleniaceae,Dillenia ovata,Wall. ex Hook.f. & Thomson,Viet Nam
Dilleniaceae,Dillenia pentagyna,Roxb.,Viet Nam
Dilleniaceae,Dillenia scabrella,(D.Don) Roxb. ex Wall.,Viet Nam
Dilleniaceae,Dillenia turbinata,Finet & Gagnep.,Viet Nam
Dipterocarpaceae,Anisoptera costata,Korth.,Viet Nam
Dipterocarpaceae,Dipterocarpus alatus,Roxb. ex G.Don,Viet Nam
Dipterocarpaceae,Dipterocarpus baudii,Korth.,Viet Nam
Dipterocarpaceae,Dipterocarpus condorensis,Pierre,Viet Nam
Dipterocarpaceae,Dipterocarpus costatus,C.F.Gaertn.,Viet Nam
Dipterocarpaceae,Dipterocarpus dyeri,Pierre ex Laness.,Viet Nam
Dipterocarpaceae,Dipterocarpus grandiflorus,(Blanco) Blanco,Viet Nam
Dipterocarpaceae,Dipterocarpus hasseltii,Blume,Viet Nam
Dipterocarpaceae,Dipterocarpus intricatus,Dyer,Viet Nam
Dipterocarpaceae,Dipterocarpus kerrii,King,Viet Nam
Dipterocarpaceae,Dipterocarpus obtusifolius,Teijsm. ex Miq.,Viet Nam
Dipterocarpaceae,Dipterocarpus retusus,Blume,Viet Nam
Dipterocarpaceae,Dipterocarpus tuberculatus,Roxb.,Viet Nam
Dipterocarpaceae,Dipterocarpus turbinatus,C.F.Gaertn,Viet Nam
Dipterocarpaceae,Hopea chinensis,(Merr.) Hand.-Mazz.,Viet Nam
Dipterocarpaceae,Hopea cordata,J.E.Vidal,Viet Nam
Dipterocarpaceae,Hopea ferrea,Laness.,Viet Nam
Dipterocarpaceae,Hopea hainanensis,Merr. & Chun,Viet Nam
Dipterocarpaceae,Hopea mollissima,C.Y.Wu,Viet Nam
Dipterocarpaceae,Hopea odorata,Roxb.,Viet Nam
Dipterocarpaceae,Hopea pierrei,Hance,Viet Nam
Dipterocarpaceae,Hopea recopei,Pierre ex Laness.,Viet Nam
Dipterocarpaceae,Hopea reticulata,Tardieu,Viet Nam
Dipterocarpaceae,Parashorea chinensis,Hsie Wang,Viet Nam
Dipterocarpaceae,Parashorea stellata,Kurz,Viet Nam
Dipterocarpaceae,Shorea falcata,J.E.Vidal,Viet Nam
Dipterocarpaceae,Shorea guiso,(Blanco) Blume,Viet Nam
Dipterocarpaceae,Shorea henryana,Pierre,Viet Nam
Dipterocarpaceae,Shorea hypochra,Hance,Viet Nam
Dipterocarpaceae,Shorea obtusa,Wall. ex Blume,Viet Nam
Dipterocarpaceae,Shorea roxburghii,G.Don,Viet Nam
Dipterocarpaceae,Shorea thorelii,Pierre ex Laness.,Viet Nam
Dipterocarpaceae,Vatica chevalieri,(Gagnep.) Smitinand,Viet Nam
Dipterocarpaceae,Vatica cinerea,King,Viet Nam
Dipterocarpaceae,Vatica diospyroides,Symington,Viet Nam
Dipterocarpaceae,Vatica guangxiensis,S.L.Mo,Viet Nam
Dipterocarpaceae,Vatica harmandiana,Pierre,Viet Nam
Dipterocarpaceae,Vatica odorata,(Griff.) Symington,Viet Nam
Dipterocarpaceae,Vatica pauciflora,Blume,Viet Nam
Dipterocarpaceae,Vatica philastreana,Pierre,Viet Nam
Dipterocarpaceae,Vatica subglabra,Merr.,Viet Nam
Ebenaceae,Diospyros bangoiensis,Lecomte,Viet Nam
Ebenaceae,Diospyros baranensis,Lecomte,Viet Nam
Ebenaceae,Diospyros bonii,Lecomte,Viet Nam
Ebenaceae,Diospyros brandisiana,Kurz,Viet Nam
Ebenaceae,Diospyros buxifolia,(Blume) Hiern,Viet Nam
Ebenaceae,Diospyros cauliflora,Blume,Viet Nam
Ebenaceae,Diospyros choboensis,Lecomte,Viet Nam
Ebenaceae,Diospyros dasyphylla,Kurz,Viet Nam
Ebenaceae,Diospyros decandra,Lour.,Viet Nam
Ebenaceae,Diospyros defectrix,H.R.Fletcher,Viet Nam
Ebenaceae,Diospyros dinhensis,T.H.Nguyên,Viet Nam
Ebenaceae,Diospyros dodecandra,Lour.,Viet Nam
Ebenaceae,Diospyros eriantha,Champ. ex Benth.,Viet Nam
Ebenaceae,Diospyros ferrea,(Willd.) Bakh.,Viet Nam
Ebenaceae,Diospyros filipendula,Pierre ex Lecomte,Viet Nam
Ebenaceae,Diospyros fleuryana,A.Chev. ex Lecomte,Viet Nam
Ebenaceae,Diospyros haivanensis,T.H.Nguyên,Viet Nam
Ebenaceae,Diospyros hasseltii,Zoll.,Viet Nam
Ebenaceae,Diospyros hayatae,Lecomte,Viet Nam
Ebenaceae,Diospyros heishi,Govaerts,Viet Nam
Ebenaceae,Diospyros lobata,Lour.,Viet Nam
Ebenaceae,Diospyros longipedicellata,Lecomte,Viet Nam
Ebenaceae,Diospyros martabanica,C.B.Clarke,Viet Nam
Ebenaceae,Diospyros moi,Lecomte,Viet Nam
Ebenaceae,Diospyros mollis,Griff.,Viet Nam
Ebenaceae,Diospyros montana,Roxb.,Viet Nam
Ebenaceae,Diospyros morrisiana,Hance ex Walp.,Viet Nam
Ebenaceae,Diospyros mun,A.Chev. ex Lecomte,Viet Nam
Ebenaceae,Diospyros nebulorum,Lecomte,Viet Nam
Ebenaceae,Diospyros nhatrangensis,Lecomte,Viet Nam
Ebenaceae,Diospyros oblonga,Wall. ex G.Don,Viet Nam
Ebenaceae,Diospyros phanrangensis,Lecomte,Viet Nam
Ebenaceae,Diospyros pierrei,Lecomte,Viet Nam
Ebenaceae,Diospyros pilosiuscula,G.Don,Viet Nam
Ebenaceae,Diospyros potingensis,Merr. & Chun,Viet Nam
Ebenaceae,Diospyros pseudoharmandii,T.H.Nguyên,Viet Nam
Ebenaceae,Diospyros rhodocalyx,Kurz,Viet Nam
Ebenaceae,Diospyros salletii,Lecomte,Viet Nam
Ebenaceae,Diospyros thorelii,(Lecomte) T.H.Nguyên,Viet Nam
Ebenaceae,Diospyros tonkinensis,A.Chev.,Viet Nam
Ebenaceae,Diospyros toposia,Buch.-Ham.,Viet Nam
Ebenaceae,Diospyros touranensis,Lecomte,Viet Nam
Ebenaceae,Diospyros undulata,Wall. ex G.Don,Viet Nam
Ebenaceae,Diospyros variegata,Kurz,Viet Nam
Ebenaceae,Diospyros venosa,Wall. ex A.DC.,Viet Nam
Ebenaceae,Diospyros yeobi,Bakh.,Viet Nam
Elaeagnaceae,Elaeagnus annamensis,S.Moore,Viet Nam
Elaeagnaceae,Elaeagnus bonii,Lecomte,Viet Nam
Elaeagnaceae,Elaeagnus conferta,Roxb.,Viet Nam
Elaeagnaceae,Elaeagnus tonkinensis,Servett.,Viet Nam
Elaeocarpaceae,Elaeocarpus angustifolius,Blume,Viet Nam
Elaeocarpaceae,Elaeocarpus auricomus,C.Y.Wu ex Hung T.Chang,Viet Nam
Elaeocarpaceae,Elaeocarpus bachmaensis,Gagnep.,Viet Nam
Elaeocarpaceae,Elaeocarpus balansae,DC.,Viet Nam
Elaeocarpaceae,Elaeocarpus bidupensis,Gagnep.,Viet Nam
Elaeocarpaceae,Elaeocarpus bonii,Gagnep.,Viet Nam
Elaeocarpaceae,Elaeocarpus chinensis,(Gardner & Champ.) Hook.f. ex Benth.,Viet Nam
Elaeocarpaceae,Elaeocarpus coactilus,Gagnep.,Viet Nam
Elaeocarpaceae,Elaeocarpus darlacensis,Gagnep.,Viet Nam
Elaeocarpaceae,Elaeocarpus dubius,DC.,Viet Nam
Elaeocarpaceae,Elaeocarpus fleuryi,A.Chev. ex Gagnep.,Viet Nam
Elaeocarpaceae,Elaeocarpus gagnepainii,Merr.,Viet Nam
Elaeocarpaceae,Elaeocarpus grandiflorus,Sm.,Viet Nam
Elaeocarpaceae,Elaeocarpus griffithii,(Wight) A.Gray,Viet Nam
Elaeocarpaceae,Elaeocarpus griseopuberulus,Merr.,Viet Nam
Elaeocarpaceae,Elaeocarpus grumosus,Gagnep.,Viet Nam
Elaeocarpaceae,Elaeocarpus hainanensis,Oliv.,Viet Nam
Elaeocarpaceae,Elaeocarpus harmandii,Pierre,Viet Nam
Elaeocarpaceae,Elaeocarpus hygrophilus,Kurz,Viet Nam
Elaeocarpaceae,Elaeocarpus indochinensis,Merr.,Viet Nam
Elaeocarpaceae,Elaeocarpus japonicus,Siebold & Zucc.,Viet Nam
Elaeocarpaceae,Elaeocarpus kontumensis,Gagnep.,Viet Nam
Elaeocarpaceae,Elaeocarpus lacunosus,Wall. ex Kurz,Viet Nam
Elaeocarpaceae,Elaeocarpus lanceifolius,Roxb.,Viet Nam
Elaeocarpaceae,Elaeocarpus limitaneus,Hand.-Mazz.,Viet Nam
Elaeocarpaceae,Elaeocarpus macrocerus,(Turcz.) Merr.,Viet Nam
Elaeocarpaceae,Elaeocarpus medioglaber,Gagnep.,Viet Nam
Elaeocarpaceae,Elaeocarpus nitentifolius,Merr. & Chun,Viet Nam
Elaeocarpaceae,Elaeocarpus petelotii,Merr.,Viet Nam
Elaeocarpaceae,Elaeocarpus petiolatus,(Jack) Wall.,Viet Nam
Elaeocarpaceae,Elaeocarpus poilanei,Gagnep.,Viet Nam
Elaeocarpaceae,Elaeocarpus rivularis,Gagnep.,Viet Nam
Elaeocarpaceae,Elaeocarpus stapfianus,Gagnep.,Viet Nam
Elaeocarpaceae,Elaeocarpus stipularis,Blume,Viet Nam
Elaeocarpaceae,Elaeocarpus sylvestris,(Lour.) Poir.,Viet Nam
Elaeocarpaceae,Elaeocarpus tectorius,(Lour.) Poir.,Viet Nam
Elaeocarpaceae,Elaeocarpus tonkinensis,DC.,Viet Nam
Elaeocarpaceae,Elaeocarpus varunua,Buch.-Ham. ex Mast.,Viet Nam
Elaeocarpaceae,Elaeocarpus viguieri,Gagnep.,Viet Nam
Elaeocarpaceae,Sloanea dasycarpa,(Benth.) Hemsl.,Viet Nam
Elaeocarpaceae,Sloanea integrifolia,Chun & F.C.How,Viet Nam
Elaeocarpaceae,Sloanea mollis,Gagnep.,Viet Nam
Elaeocarpaceae,Sloanea sinensis,(Hance) Hemsl.,Viet Nam
Ericaceae,Craibiodendron scleranthum,(Dop) Judd,Viet Nam
Ericaceae,Craibiodendron stellatum,(Laness.) W.W.Sm.,Viet Nam
Ericaceae,Craibiodendron vietnamense,Judd,Viet Nam
Ericaceae,Enkianthus quinqueflorus,Lour.,Viet Nam
Ericaceae,Gaultheria fragrantissima,Wall.,Viet Nam
Ericaceae,Gaultheria griffithiana,Wight,Viet Nam
Ericaceae,Leucopogon malayanus,Jack,Viet Nam
Ericaceae,Leucothoe griffithiana,C.B.Clarke,Viet Nam
Ericaceae,Lyonia ovalifolia,(Wall.) Drude,Viet Nam
Ericaceae,Pieris formosa,(Wall.) D.Don,Viet Nam
Ericaceae,Rhododendron arboreum,Sm.,Viet Nam
Ericaceae,Rhododendron ciliicalyx,Franch.,Viet Nam
Ericaceae,Rhododendron delavayi,Franch.,Viet Nam
Ericaceae,Rhododendron excelsum,A.Chev.,Viet Nam
Ericaceae,Rhododendron facetum,Balf. f. & Kingdon-Ward,Viet Nam
Ericaceae,Rhododendron irroratum,Franch.,Viet Nam
Ericaceae,Rhododendron maddenii,Hook.f.,Viet Nam
Ericaceae,Rhododendron nhatrangense,Dop,Viet Nam
Ericaceae,Rhododendron nuttallii,T.J.Booth ex Nutt.,Viet Nam
Ericaceae,Rhododendron sinofalconeri,Balf.f.,Viet Nam
Ericaceae,Rhododendron suoilenhense,"D.F.Chamb., N.T.T.Huong & Rushforth",Viet Nam
Ericaceae,Rhododendron tutcherae,Hemsl. & E.H. Wilson,Viet Nam
Ericaceae,Rhododendron westlandii,Hemsl.,Viet Nam
Ericaceae,Vaccinium bracteatum,Thunb.,Viet Nam
Ericaceae,Vaccinium dunalianum,Wight,Viet Nam
Ericaceae,Vaccinium exaristatum,Kurz,Viet Nam
Ericaceae,Vaccinium sprengelii,(G.Don) Sleumer ex Rehder,Viet Nam
Ericaceae,Vaccinium subfalcatum,Merr. ex Sleumer,Viet Nam
Erythroxylaceae,Erythroxylum cambodianum,Pierre,Viet Nam
Erythroxylaceae,Erythroxylum sinense,Y.C.Wu,Viet Nam
Escalloniaceae,Polyosma cambodiana,Gagnep.,Viet Nam
Escalloniaceae,Polyosma wallichii,Benn.,Viet Nam
Euphorbiaceae,Agrostistachys borneensis,Becc.,Viet Nam
Euphorbiaceae,Agrostistachys indica,Dalzell,Viet Nam
Euphorbiaceae,Alchornea rugosa,(Lour.) Müll.Arg.,Viet Nam
Euphorbiaceae,Alchornea tiliifolia,(Benth.) Müll.Arg.,Viet Nam
Euphorbiaceae,Aleurites moluccanus,(L.) Willd.,Viet Nam
Euphorbiaceae,Balakata baccata,(Roxb.) Esser,Viet Nam
Euphorbiaceae,Baliospermum solanifolium,(Burm.) Suresh,Viet Nam
Euphorbiaceae,Blachia jatrophifolia,Pax & K.Hoffm.,Viet Nam
Euphorbiaceae,Blachia pentzii,(Müll.Arg.) Benth.,Viet Nam
Euphorbiaceae,Cladogynos orientalis,Zipp. ex Span.,Viet Nam
Euphorbiaceae,Claoxylon indicum,(Reinw. ex Blume) Hassk.,Viet Nam
Euphorbiaceae,Claoxylon longifolium,(Blume) Endl. ex Hassk.,Viet Nam
Euphorbiaceae,Cleidiocarpon cavaleriei,(H.Lév.) Airy Shaw,Viet Nam
Euphorbiaceae,Cleidion bracteosum,Gagnep.,Viet Nam
Euphorbiaceae,Cleidion brevipetiolatum,Pax & K.Hoffm.,Viet Nam
Euphorbiaceae,Cleidion javanicum,Blume,Viet Nam
Euphorbiaceae,Cleidion taynguyenense,Thin,Viet Nam
Euphorbiaceae,Croton argyratus,Blume,Viet Nam
Euphorbiaceae,Croton cascarilloides,Raeusch.,Viet Nam
Euphorbiaceae,Croton caudatus,Geiseler,Viet Nam
Euphorbiaceae,Croton delpyi,Gagnep.,Viet Nam
Euphorbiaceae,Croton ignifex,Croizat,Viet Nam
Euphorbiaceae,Croton joufra,Roxb.,Viet Nam
Euphorbiaceae,Croton kongensis,Gagnep.,Viet Nam
Euphorbiaceae,Croton lamdongensis,Thin,Viet Nam
Euphorbiaceae,Croton persimilis,Müll.Arg.,Viet Nam
Euphorbiaceae,Croton phuquocensis,Croizat,Viet Nam
Euphorbiaceae,Croton poilanei,Gagnep.,Viet Nam
Euphorbiaceae,Croton potabilis,Croizat,Viet Nam
Euphorbiaceae,Croton thoii,Thin,Viet Nam
Euphorbiaceae,Croton thorelii,Gagnep.,Viet Nam
Euphorbiaceae,Croton tiglium,L.,Viet Nam
Euphorbiaceae,Croton touranensis,Gagnep.,Viet Nam
Euphorbiaceae,Deutzianthus tonkinensis,Gagnep.,Viet Nam
Euphorbiaceae,Endospermum chinense,Benth.,Viet Nam
Euphorbiaceae,Epiprinus balansae,(Pax & K.Hoffm.) Gagnep.,Viet Nam
Euphorbiaceae,Epiprinus lanceifolius,Croizat,Viet Nam
Euphorbiaceae,Epiprinus poilanei,Gagnep.,Viet Nam
Euphorbiaceae,Epiprinus siletianus,(Baill.) Croizat,Viet Nam
Euphorbiaceae,Erismanthus sinensis,Oliv.,Viet Nam
Euphorbiaceae,Euphorbia antiquorum,L.,Viet Nam
Euphorbiaceae,Euphorbia neriifolia,L.,Viet Nam
Euphorbiaceae,Excoecaria agallocha,L.,Viet Nam
Euphorbiaceae,Excoecaria cochinchinensis,Lour.,Viet Nam
Euphorbiaceae,Excoecaria oppositifolia,Griff.,Viet Nam
Euphorbiaceae,Falconeria insignis,Royle,Viet Nam
Euphorbiaceae,Hancea hookeriana,Seem.,Viet Nam
Euphorbiaceae,Homonoia riparia,Lour.,Viet Nam
Euphorbiaceae,Koilodepas longifolium,Hook.f.,Viet Nam
Euphorbiaceae,Lasiococca chanii,Thin,Viet Nam
Euphorbiaceae,Lasiococca comberi,Haines,Viet Nam
Euphorbiaceae,Lasiococca locii,Thin,Viet Nam
Euphorbiaceae,Macaranga andamanica,Kurz,Viet Nam
Euphorbiaceae,Macaranga denticulata,(Blume) Müll.Arg.,Viet Nam
Euphorbiaceae,Macaranga griffithiana,Müll.Arg.,Viet Nam
Euphorbiaceae,Macaranga henryi,(Pax & K.Hoffm.) Rehder,Viet Nam
Euphorbiaceae,Macaranga indica,Wight,Viet Nam
Euphorbiaceae,Macaranga kurzii,(Kuntze) Pax & K.Hoffm.,Viet Nam
Euphorbiaceae,Macaranga lowii,King ex Hook.f.,Viet Nam
Euphorbiaceae,Macaranga sampsonii,Hance,Viet Nam
Euphorbiaceae,Macaranga tanarius,(L.) Müll.Arg.,Viet Nam
Euphorbiaceae,Macaranga trichocarpa,(Zoll.) Müll.Arg.,Viet Nam
Euphorbiaceae,Mallotus apelta,(Lour.) Müll.Arg.,Viet Nam
Euphorbiaceae,Mallotus barbatus,Müll.Arg.,Viet Nam
Euphorbiaceae,Mallotus canii,Thin,Viet Nam
Euphorbiaceae,Mallotus floribundus,(Blume) Müll.Arg.,Viet Nam
Euphorbiaceae,Mallotus glabriusculus,(Kurz) Pax & K.Hoffm.,Viet Nam
Euphorbiaceae,Mallotus lanceolatus,(Gagnep.) Airy Shaw,Viet Nam
Euphorbiaceae,Mallotus metcalfianus,Croizat,Viet Nam
Euphorbiaceae,Mallotus ninhthuanensis,"V.S.Dang, Bao & Tagane",Viet Nam
Euphorbiaceae,Mallotus nudiflorus,(L.) Kulju & Welzen,Viet Nam
Euphorbiaceae,Mallotus paniculatus,(Lam.) Müll.Arg.,Viet Nam
Euphorbiaceae,Mallotus peltatus,(Geiseler) Müll.Arg.,Viet Nam
Euphorbiaceae,Mallotus philippensis,(Lam.) Müll.Arg.,Viet Nam
Euphorbiaceae,Mallotus plicatus,(Müll.Arg.) Airy Shaw,Viet Nam
Euphorbiaceae,Mallotus repandus,(Rottler) Müll.Arg.,Viet Nam
Euphorbiaceae,Mallotus resinosus,(Blanco) Merr.,Viet Nam
Euphorbiaceae,Mallotus thorelii,Gagnep.,Viet Nam
Euphorbiaceae,Mallotus vinhhyensis,"V.S.Dang, Tagane & Tk.Yamam",Viet Nam
Euphorbiaceae,Melanolepis vitifolia,(Kuntze) Gagnep.,Viet Nam
Euphorbiaceae,Oligoceras eberhardtii,Gagnep.,Viet Nam
Euphorbiaceae,Ostodes paniculata,Blume,Viet Nam
Euphorbiaceae,Ptychopyxis bacciformis,Croizat,Viet Nam
Euphorbiaceae,Ptychopyxis javanica,(J.J.Sm.) Croizat,Viet Nam
Euphorbiaceae,Shirakiopsis indica,(Willd.) Esser,Viet Nam
Euphorbiaceae,Strophioblachia fimbricalyx,Boerl.,Viet Nam
Euphorbiaceae,Sumbaviopsis albicans,(Blume) J.J.Sm.,Viet Nam
Euphorbiaceae,Suregada glomerulata,(Blume) Baill.,Viet Nam
Euphorbiaceae,Suregada multiflora,(A.Juss.) Baill.,Viet Nam
Euphorbiaceae,Thyrsanthera suborbicularis,Pierre ex Gagnep.,Viet Nam
Euphorbiaceae,Triadica cochinchinensis,Lour.,Viet Nam
Euphorbiaceae,Triadica rotundifolia,(Hemsl.) Esser,Viet Nam
Euphorbiaceae,Triadica sebifera,(L.) Small,Viet Nam
Euphorbiaceae,Trigonostemon bonianus,Gagnep.,Viet Nam
Euphorbiaceae,Trigonostemon eberhardtii,Gagnep.,Viet Nam
Euphorbiaceae,Trigonostemon fragilis,(Gagnep.) Airy Shaw,Viet Nam
Euphorbiaceae,Trigonostemon longifolius,Baill. ex Müll.Arg.,Viet Nam
Euphorbiaceae,Trigonostemon murtonii,Craib,Viet Nam
Euphorbiaceae,Trigonostemon philippinensis,Stapf,Viet Nam
Euphorbiaceae,Trigonostemon quocensis,Gagnep.,Viet Nam
Euphorbiaceae,Trigonostemon viridissimus,(Kurz) Airy Shaw,Viet Nam
Euphorbiaceae,Tritaxis poilanei,(Gagnep.) R.Y.Yu & Welzen,Viet Nam
Euphorbiaceae,Vernicia fordii,(Hemsl.) Airy Shaw,Viet Nam
Euphorbiaceae,Vernicia montana,Lour.,Viet Nam
Fabaceae,Adenanthera microsperma,Teijsm. & Binn.,Viet Nam
Fabaceae,Adenanthera pavonina,L.,Viet Nam
Fabaceae,Adinobotrys atropurpureus,(Wall.) Dunn,Viet Nam
Fabaceae,Afzelia xylocarpa,(Kurz) Craib,Viet Nam
Fabaceae,Aganope balansae,(Gagnep.) P.K.Lôc,Viet Nam
Fabaceae,Albizia acle,(Blanco) Merr.,Viet Nam
Fabaceae,Albizia attopeuensis,(Pierre) I.C.Nielsen,Viet Nam
Fabaceae,Albizia chinensis,(Osbeck) Merr.,Viet Nam
Fabaceae,Albizia corniculata,(Lour.) Druce,Viet Nam
Fabaceae,Albizia crassiramea,Lace,Viet Nam
Fabaceae,Albizia kalkora,(Roxb.) Prain,Viet Nam
Fabaceae,Albizia lebbekoides,(DC.) Benth.,Viet Nam
Fabaceae,Albizia lucida,(Jacques) Benth.,Viet Nam
Fabaceae,Albizia myriophylla,Benth.,Viet Nam
Fabaceae,Albizia odoratissima,(L.f.) Benth.,Viet Nam
Fabaceae,Albizia poilanei,I.C.Nielsen,Viet Nam
Fabaceae,Albizia procera,(Roxb.) Benth.,Viet Nam
Fabaceae,Albizia retusa,Benth.,Viet Nam
Fabaceae,Albizia vialeana,Pierre,Viet Nam
Fabaceae,Antheroporum harmandii,Gagnep.,Viet Nam
Fabaceae,Antheroporum pierrei,Gagnep.,Viet Nam
Fabaceae,Archidendron balansae,(Oliv.) I.C.Nielsen,Viet Nam
Fabaceae,Archidendron bauchei,(Gagnep.) I.C.Nielsen,Viet Nam
Fabaceae,Archidendron chevalieri,(Kosterm.) I.C.Nielsen,Viet Nam
Fabaceae,Archidendron clypearia,(Jack) I.C.Nielsen,Viet Nam
Fabaceae,Archidendron cordifolium,(T.L.Wu) I.C.Nielsen,Viet Nam
Fabaceae,Archidendron dalatense,(Kosterm.) I.C.Nielsen,Viet Nam
Fabaceae,Archidendron eberhardtii,I.C.Nielsen,Viet Nam
Fabaceae,Archidendron globosum,(Blume) I.C.Nielsen,Viet Nam
Fabaceae,Archidendron kerrii,(Gagnep.) I.C.Nielsen,Viet Nam
Fabaceae,Archidendron laoticum,(Gagnep.) I.C.Nielsen,Viet Nam
Fabaceae,Archidendron lucidum,(Benth.) I.C.Nielsen,Viet Nam
Fabaceae,Archidendron occultatum,(Gagnep.) I.C.Nielsen,Viet Nam
Fabaceae,Archidendron pellitum,(Gagnep.) I.C.Nielsen,Viet Nam
Fabaceae,Archidendron poilanei,(Kosterm.) I.C.Nielsen,Viet Nam
Fabaceae,Archidendron quocense,(Pierre) I.C.Nielsen,Viet Nam
Fabaceae,Archidendron robinsonii,(Gagnep.) I.C.Nielsen,Viet Nam
Fabaceae,Archidendron tetraphyllum,(Gagnep.) I.C.Nielsen,Viet Nam
Fabaceae,Archidendron tonkinense,I.C.Nielsen,Viet Nam
Fabaceae,Archidendron turgidum,(Merr.) I.C.Nielsen,Viet Nam
Fabaceae,Archidendron utile,(Chun & F.C.How) I.C.Nielsen,Viet Nam
Fabaceae,Bauhinia purpurea,L.,Viet Nam
Fabaceae,Bauhinia racemosa,Lam.,Viet Nam
Fabaceae,Bauhinia variegata,L.,Viet Nam
Fabaceae,Bauhinia viridescens,Desv.,Viet Nam
Fabaceae,Biancaea sappan,(L.) Tod.,Viet Nam
Fabaceae,Bowringia callicarpa,Champ. ex Benth.,Viet Nam
Fabaceae,Brachypterum microphyllum,Miq.,Viet Nam
Fabaceae,Brachypterum robustum,(Roxb. ex DC.) Dalzell & A.Gibson,Viet Nam
Fabaceae,Butea monosperma,(Lam.) Kuntze,Viet Nam
Fabaceae,Cassia fistula,L.,Viet Nam
Fabaceae,Cassia javanica,L.,Viet Nam
Fabaceae,Cathormion umbellatum,(Vahl) Kosterm.,Viet Nam
Fabaceae,Cynometra dongnaiensis,Pierre,Viet Nam
Fabaceae,Cynometra glomerulata,Gagnep.,Viet Nam
Fabaceae,Cynometra iripa,Kostel.,Viet Nam
Fabaceae,Dalbergia assamica,Benth.,Viet Nam
Fabaceae,Dalbergia balansae,Prain,Viet Nam
Fabaceae,Dalbergia boniana,Gagnep.,Viet Nam
Fabaceae,Dalbergia cochinchinensis,Pierre,Viet Nam
Fabaceae,Dalbergia cultrata,T.S.Ralph,Viet Nam
Fabaceae,Dalbergia entadoides,Pierre ex Gagnep.,Viet Nam
Fabaceae,Dalbergia foliosa,T.S.Ralph,Viet Nam
Fabaceae,Dalbergia lanceolaria,L.f.,Viet Nam
Fabaceae,Dalbergia nigrescens,Kurz,Viet Nam
Fabaceae,Dalbergia oliveri,Gamble ex Prain,Viet Nam
Fabaceae,Dalbergia ovata,Graham ex Benth.,Viet Nam
Fabaceae,Dalbergia pinnata,(Lour.) Prain,Viet Nam
Fabaceae,Dalbergia polyadelpha,Prain,Viet Nam
Fabaceae,Dalbergia sericea,G.Don,Viet Nam
Fabaceae,Dalbergia stipulacea,Roxb.,Viet Nam
Fabaceae,Dalbergia tonkinensis,Prain,Viet Nam
Fabaceae,Dalbergia vietnamensis,P.H.Hô & Niyomdham,Viet Nam
Fabaceae,Dendrolobium lanceolatum,(Dunn) Schindl.,Viet Nam
Fabaceae,Dendrolobium umbellatum,(L.) Benth.,Viet Nam
Fabaceae,Derris alborubra,Hemsl.,Viet Nam
Fabaceae,Dialium cochinchinense,Pierre,Viet Nam
Fabaceae,Erythrina fusca,Lour.,Viet Nam
Fabaceae,Erythrina stricta,Roxb.,Viet Nam
Fabaceae,Erythrina suberosa,Roxb.,Viet Nam
Fabaceae,Erythrina subumbrans,(Hassk.) Merr.,Viet Nam
Fabaceae,Erythrophleum fordii,Oliv.,Viet Nam
Fabaceae,Gleditsia australis,Hemsl.,Viet Nam
Fabaceae,Guilandina bonduc,L.,Viet Nam
Fabaceae,Gymnocladus angustifolius,(Gagnep.) J.E.Vidal,Viet Nam
Fabaceae,Huchimingia ichthyochtona,(Drake) Z.Q.Song,Viet Nam
Fabaceae,Huchimingia podocarpa,(Dunn) Z.Q.Song,Viet Nam
Fabaceae,Hultholia mimosoides,(Lam.) Gagnon & G.P.Lewis,Viet Nam
Fabaceae,Indigofera atropurpurea,Buch.-Ham. ex Hornem.,Viet Nam
Fabaceae,Indigofera galegoides,DC.,Viet Nam
Fabaceae,Indigofera zollingeriana,Miq.,Viet Nam
Fabaceae,Intsia bijuga,(Colebr.) Kuntze,Viet Nam
Fabaceae,Intsia palembanica,Miq.,Viet Nam
Fabaceae,Lysidice rhodostegia,Hance,Viet Nam
Fabaceae,Mezoneuron pubescens,Desf.,Viet Nam
Fabaceae,Millettia acutiflora,Gagnep.,Viet Nam
Fabaceae,Millettia cubittii,Dunn,Viet Nam
Fabaceae,Millettia diptera,Gagnep.,Viet Nam
Fabaceae,Millettia erythrocalyx,Gagnep.,Viet Nam
Fabaceae,Millettia pachycarpa,Benth.,Viet Nam
Fabaceae,Millettia penicillata,Gagnep.,Viet Nam
Fabaceae,Millettia pubinervis,Kurz,Viet Nam
Fabaceae,Millettia pulchra,Kurz,Viet Nam
Fabaceae,Ormosia balansae,Drake,Viet Nam
Fabaceae,Ormosia chevalieri,Niyomdham,Viet Nam
Fabaceae,Ormosia crassivalvis,Gagnep.,Viet Nam
Fabaceae,Ormosia emarginata,Benth.,Viet Nam
Fabaceae,Ormosia fordiana,Oliv.,Viet Nam
Fabaceae,Ormosia hoaensis,Pierre ex Gagnep.,Viet Nam
Fabaceae,Ormosia laosensis,Niyomdham,Viet Nam
Fabaceae,Ormosia poilanei,Niyomdham,Viet Nam
Fabaceae,Ormosia sumatrana,Prain,Viet Nam
Fabaceae,Ormosia tonkinensis,Gagnep.,Viet Nam
Fabaceae,Ormosia tsangii,H.Y.Chen,Viet Nam
Fabaceae,Parkia sumatrana,Miq.,Viet Nam
Fabaceae,Peltophorum dasyrachis,(Miq.) Kurz,Viet Nam
Fabaceae,Peltophorum dasyrhachis,(Miq.) Kurz,Viet Nam
Fabaceae,Peltophorum pterocarpum,(DC.) Backer ex K.Heyne,Viet Nam
Fabaceae,Piliostigma malabaricum,(Roxb.) Benth.,Viet Nam
Fabaceae,Placolobium ellipticum,N.D.Khôi & Yakovlev,Viet Nam
Fabaceae,Placolobium vietnamense,N.D.Khôi & Yakovlev,Viet Nam
Fabaceae,Pterocarpus indicus,Willd.,Viet Nam
Fabaceae,Pterocarpus macrocarpus,Kurz,Viet Nam
Fabaceae,Pterolobium integrum,Craib,Viet Nam
Fabaceae,Saraca declinata,(Jack) Miq.,Viet Nam
Fabaceae,Saraca dives,Pierre,Viet Nam
Fabaceae,Saraca indica,L.,Viet Nam
Fabaceae,Saraca schmidiana,J.E.Vidal,Viet Nam
Fabaceae,Saraca thaipingensis,Cantley ex Prain,Viet Nam
Fabaceae,Senegalia pennata,(L.) Maslin,Viet Nam
Fabaceae,Senegalia pruinescens,"(Kurz) Maslin, Seigler & Ebinger",Viet Nam
Fabaceae,Senegalia rugata,(Lam.) Britton & Rose,Viet Nam
Fabaceae,Senna garrettiana,(Craib) H.S.Irwin & Barneby,Viet Nam
Fabaceae,Senna siamea,(Lam.) H.S.Irwin & Barneby,Viet Nam
Fabaceae,Senna surattensis,(Burm.f.) H.S.Irwin & Barneby,Viet Nam
Fabaceae,Senna timoriensis,(DC.) H.S.Irwin & Barneby,Viet Nam
Fabaceae,Sindora laotica,Gagnep.,Viet Nam
Fabaceae,Sindora siamensis,Teijsm. ex Miq.,Viet Nam
Fabaceae,Sindora tonkinensis,A.Chev. ex K.Larsen & S.S.Larsen,Viet Nam
Fabaceae,Sophora tomentosa,L.,Viet Nam
Fabaceae,Sophora tonkinensis,Gagnep.,Viet Nam
Fabaceae,Spatholobus parviflorus,(Roxb. ex G.Don) Kuntze,Viet Nam
Fabaceae,Vachellia harmandiana,"(Pierre) Maslin, Seigler & Ebinger",Viet Nam
Fabaceae,Vachellia leucophloea,"(Roxb.) Maslin, Seigler & Ebinger",Viet Nam
Fabaceae,Vachellia tomentosa,"(Rottler) Maslin, Seigler & Ebinger",Viet Nam
Fabaceae,Xylia xylocarpa,(Roxb.) W.Theob.,Viet Nam
Fabaceae,Zenia insignis,Chun,Viet Nam
Fagaceae,Castanopsis acuminatissima,(Blume) A.DC.,Viet Nam
Fagaceae,Castanopsis annamensis,Hickel & A.Camus,Viet Nam
Fagaceae,Castanopsis argyrophylla,King ex Hook.f.,Viet Nam
Fagaceae,Castanopsis arietina,Hickel & A.Camus,Viet Nam
Fagaceae,Castanopsis armata,(Roxb.) Spach,Viet Nam
Fagaceae,Castanopsis boisii,Hickel & A.Camus,Viet Nam
Fagaceae,Castanopsis calathiformis,(Skan) Rehder & E.H.Wilson,Viet Nam
Fagaceae,Castanopsis ceratacantha,Rehder & E.H.Wilson,Viet Nam
Fagaceae,Castanopsis cerebrina,(Hickel & A.Camus) Barnett,Viet Nam
Fagaceae,Castanopsis chapaensis,Luong,Viet Nam
Fagaceae,Castanopsis chevalieri,Hickel & A.Camus,Viet Nam
Fagaceae,Castanopsis chinensis,(Spreng.) Hance,Viet Nam
Fagaceae,Castanopsis choboensis,Hickel & A.Camus,Viet Nam
Fagaceae,Castanopsis clarkei,King ex Hook.f.,Viet Nam
Fagaceae,Castanopsis crassifolia,Hickel & A.Camus,Viet Nam
Fagaceae,Castanopsis dongchoensis,Hickel & A.Camus,Viet Nam
Fagaceae,Castanopsis dongnaiensis,Son & Ngoc,Viet Nam
Fagaceae,Castanopsis echinocarpa,Miq.,Viet Nam
Fagaceae,Castanopsis echinophora,A.Camus,Viet Nam
Fagaceae,Castanopsis faberi,Hance,Viet Nam
Fagaceae,Castanopsis ferox,(Roxb.) Spach,Viet Nam
Fagaceae,Castanopsis fissa,(Champ. ex Benth.) Rehder & E.H.Wilson,Viet Nam
Fagaceae,Castanopsis fleuryi,Hickel & A.Camus,Viet Nam
Fagaceae,Castanopsis formosana,(Skan) Hayata,Viet Nam
Fagaceae,Castanopsis gamblei,Hickel & A.Camus,Viet Nam
Fagaceae,Castanopsis grandicicatricata,N.H.Xia & D.H.Vuong,Viet Nam
Fagaceae,Castanopsis guinieri,A.Camus,Viet Nam
Fagaceae,Castanopsis indica,(Roxb. ex Lindl.) A.DC.,Viet Nam
Fagaceae,Castanopsis kawakamii,Hayata,Viet Nam
Fagaceae,Castanopsis lamontii,Hance,Viet Nam
Fagaceae,Castanopsis lanceifolia,(Oerst.) Hickel & A.Camus,Viet Nam
Fagaceae,Castanopsis lecomtei,Hickel & A.Camus,Viet Nam
Fagaceae,Castanopsis longipes,A.Camus,Viet Nam
Fagaceae,Castanopsis longipetiolata,Hickel & A.Camus,Viet Nam
Fagaceae,Castanopsis mekongensis,A.Camus,Viet Nam
Fagaceae,Castanopsis multiporcata,N.H.Xia & D.H.Vuong,Viet Nam
Fagaceae,Castanopsis namdinhensis,Hickel & A.Camus,Viet Nam
Fagaceae,Castanopsis nhatrangensis,Hickel & A.Camus,Viet Nam
Fagaceae,Castanopsis ninhhoensis,Hickel & A.Camus,Viet Nam
Fagaceae,Castanopsis ouonbiensis,Hickel & A.Camus,Viet Nam
Fagaceae,Castanopsis phuthoensis,Luong,Viet Nam
Fagaceae,Castanopsis piriformis,Hickel & A.Camus,Viet Nam
Fagaceae,Castanopsis poilanei,Hickel & A.Camus,Viet Nam
Fagaceae,Castanopsis purpurella,(Miq.) N.P.Balakr.,Viet Nam
Fagaceae,Castanopsis rockii,A.Camus,Viet Nam
Fagaceae,Castanopsis symmetricupulata,Luong,Viet Nam
Fagaceae,Castanopsis tcheponensis,Hickel & A.Camus,Viet Nam
Fagaceae,Castanopsis tessellata,Hickel & A.Camus,Viet Nam
Fagaceae,Castanopsis tonkinensis,Seemen,Viet Nam
Fagaceae,Castanopsis torulosa,Hickel & A.Camus,Viet Nam
Fagaceae,Castanopsis touranensis,Hickel & A.Camus,Viet Nam
Fagaceae,Castanopsis tribuloides,(Sm.) A.DC.,Viet Nam
Fagaceae,Castanopsis wilsonii,Hickel & A.Camus,Viet Nam
Fagaceae,Fagus sinensis,Oliv.,Viet Nam
Fagaceae,Lithocarpus aggregatus,Barnett,Viet Nam
Fagaceae,Lithocarpus ailaoensis,A.Camus,Viet Nam
Fagaceae,Lithocarpus amygdalifolius,(Skan) Hayata,Viet Nam
Fagaceae,Lithocarpus annamensis,(Hickel & A.Camus) Barnett,Viet Nam
Fagaceae,Lithocarpus annamitorus,(A.Chev.) A.Camus,Viet Nam
Fagaceae,Lithocarpus areca,(Hickel & A.Camus) A.Camus,Viet Nam
Fagaceae,Lithocarpus auriculatus,(Hickel & A.Camus) Barnett,Viet Nam
Fagaceae,Lithocarpus bacgiangensis,(Hickel & A.Camus) A.Camus,Viet Nam
Fagaceae,Lithocarpus balansae,(Drake) A.Camus,Viet Nam
Fagaceae,Lithocarpus bentramensis,(A.Camus) A.Camus,Viet Nam
Fagaceae,Lithocarpus bidoupensis,Ngoc & Tagane,Viet Nam
Fagaceae,Lithocarpus blaoensis,(A.Camus) A.Camus,Viet Nam
Fagaceae,Lithocarpus bonnetii,(Hickel & A.Camus) A.Camus,Viet Nam
Fagaceae,Lithocarpus braianensis,A.Camus,Viet Nam
Fagaceae,Lithocarpus cadamensis,Ngoc & T.S.Hoang,Viet Nam
Fagaceae,Lithocarpus campylolepis,A.Camus,Viet Nam
Fagaceae,Lithocarpus cerifer,(Hickel & A.Camus) A.Camus,Viet Nam
Fagaceae,Lithocarpus chevalieri,A.Camus,Viet Nam
Fagaceae,Lithocarpus coalitus,(Hickel & A.Camus) A.Camus,Viet Nam
Fagaceae,Lithocarpus coinhensis,(Hickel & A.Camus) A.Camus,Viet Nam
Fagaceae,Lithocarpus concentricus,(Lour.) Hjelmq.,Viet Nam
Fagaceae,Lithocarpus congtroiensis,Ngoc & Yahara,Viet Nam
Fagaceae,Lithocarpus corneus,(Lour.) Rehder,Viet Nam
Fagaceae,Lithocarpus crassifolius,A.Camus,Viet Nam
Fagaceae,Lithocarpus cryptocarpus,A.Camus,Viet Nam
Fagaceae,Lithocarpus cyrtocarpus,(Drake) A.Camus,Viet Nam
Fagaceae,Lithocarpus dahuoaiensis,Ngoc & L.V.Dung,Viet Nam
Fagaceae,Lithocarpus dalatensis,A.Camus,Viet Nam
Fagaceae,Lithocarpus dealbatus,(Hook.f. & Thomson ex Miq.) Rehder,Viet Nam
Fagaceae,Lithocarpus dinhensis,(Hickel & A.Camus) A.Camus,Viet Nam
Fagaceae,Lithocarpus ducampii,(Hickel & A.Camus) A.Camus,Viet Nam
Fagaceae,Lithocarpus echinocarpus,(Hickel & A.Camus) A.Camus,Viet Nam
Fagaceae,Lithocarpus echinophorus,(Hickel & A.Camus) A.Camus,Viet Nam
Fagaceae,Lithocarpus echinotholus,(Hu) H.Y.Chun & Huang ex Y.C.Hsu & H.W.Jen,Viet Nam
Fagaceae,Lithocarpus elegans,(Blume) Hatus. ex Soepadmo,Viet Nam
Fagaceae,Lithocarpus elephantum,(Hance) A.Camus,Viet Nam
Fagaceae,Lithocarpus eucalyptifolius,(Hickel & A.Camus) A.Camus,Viet Nam
Fagaceae,Lithocarpus farinulentus,(Hance) A.Camus,Viet Nam
Fagaceae,Lithocarpus fenestratus,(Roxb.) Rehder,Viet Nam
Fagaceae,Lithocarpus fordianus,(Hemsl.) Chun,Viet Nam
Fagaceae,Lithocarpus garrettianus,(Craib) A.Camus,Viet Nam
Fagaceae,Lithocarpus gigantophyllus,(Hickel & A.Camus) A.Camus,Viet Nam
Fagaceae,Lithocarpus gougerotae,A.Camus,Viet Nam
Fagaceae,Lithocarpus gymnocarpus,A.Camus,Viet Nam
Fagaceae,Lithocarpus harmandii,(Hickel & A.Camus) A.Camus,Viet Nam
Fagaceae,Lithocarpus honbaensis,A.Camus,Viet Nam
Fagaceae,Lithocarpus hongiaoensis,Ngoc & H.T.Binh,Viet Nam
Fagaceae,Lithocarpus jacksonianus,A.Camus,Viet Nam
Fagaceae,Lithocarpus kontumensis,A.Camus,Viet Nam
Fagaceae,Lithocarpus kozlovii,A.Camus,Viet Nam
Fagaceae,Lithocarpus laoticus,(Hickel & A.Camus) A.Camus,Viet Nam
Fagaceae,Lithocarpus laouanensis,A.Camus,Viet Nam
Fagaceae,Lithocarpus lappaceus,(Roxb.) Rehder,Viet Nam
Fagaceae,Lithocarpus leiocarpus,A.Camus,Viet Nam
Fagaceae,Lithocarpus leiostachyus,A.Camus,Viet Nam
Fagaceae,Lithocarpus lemeeanus,A.Camus,Viet Nam
Fagaceae,Lithocarpus licentii,A.Camus,Viet Nam
Fagaceae,Lithocarpus lindleyanus,(Wall. ex A.DC.) A.Camus,Viet Nam
Fagaceae,Lithocarpus litseifolius,(Hance) Chun,Viet Nam
Fagaceae,Lithocarpus longipedicellatus,(Hickel & A.Camus) A.Camus,Viet Nam
Fagaceae,Lithocarpus lycoperdon,(Skan) A.Camus,Viet Nam
Fagaceae,Lithocarpus magneinii,(Hickel & A.Camus) A.Camus,Viet Nam
Fagaceae,Lithocarpus megalophyllus,Rehder & E.H.Wilson,Viet Nam
Fagaceae,Lithocarpus mekongensis,(A.Camus) C.C.Huang & Y.T.Zhang,Viet Nam
Fagaceae,Lithocarpus microbalanus,A.Camus,Viet Nam
Fagaceae,Lithocarpus nebularum,A.Camus,Viet Nam
Fagaceae,Lithocarpus nhatrangensis,(Hickel & A.Camus) A.Camus,Viet Nam
Fagaceae,Lithocarpus obovalifolius,(Hickel & A.Camus) Barnett,Viet Nam
Fagaceae,Lithocarpus ochrocarpus,A.Camus,Viet Nam
Fagaceae,Lithocarpus oleifolius,A.Camus,Viet Nam
Fagaceae,Lithocarpus ombrophilus,A.Camus,Viet Nam
Fagaceae,Lithocarpus pachycarpus,(Hickel & A.Camus) A.Camus,Viet Nam
Fagaceae,Lithocarpus pachylepis,A.Camus,Viet Nam
Fagaceae,Lithocarpus pacoensis,Ngoc & T.S.Hoang,Viet Nam
Fagaceae,Lithocarpus pakhaensis,A.Camus,Viet Nam
Fagaceae,Lithocarpus parvulus,(Hickel & A.Camus) A.Camus,Viet Nam
Fagaceae,Lithocarpus paviei,(Hickel & A.Camus) A.Camus,Viet Nam
Fagaceae,Lithocarpus petelotii,A.Camus,Viet Nam
Fagaceae,Lithocarpus phansipanensis,A.Camus,Viet Nam
Fagaceae,Lithocarpus pierrei,(Hickel & A.Camus) A.Camus,Viet Nam
Fagaceae,Lithocarpus platyphyllus,A.Camus,Viet Nam
Fagaceae,Lithocarpus polystachyus,(Wall. ex A.DC.) Rehder,Viet Nam
Fagaceae,Lithocarpus proboscideus,(Hickel & A.Camus) A.Camus,Viet Nam
Fagaceae,Lithocarpus psammophilus,A.Camus,Viet Nam
Fagaceae,Lithocarpus pseudoreinwardtii,A.Camus,Viet Nam
Fagaceae,Lithocarpus pseudosundaicus,(Hickel & A.Camus) A.Camus,Viet Nam
Fagaceae,Lithocarpus pseudovestitus,A.Camus,Viet Nam
Fagaceae,Lithocarpus pycnostachys,A.Camus,Viet Nam
Fagaceae,Lithocarpus quangnamensis,A.Camus,Viet Nam
Fagaceae,Lithocarpus recurvatus,Barnett,Viet Nam
Fagaceae,Lithocarpus rhabdostachyus,(Hickel & A.Camus) A.Camus,Viet Nam
Fagaceae,Lithocarpus rouletii,(Hickel & A.Camus) A.Camus,Viet Nam
Fagaceae,Lithocarpus scortechinii,(King ex Hook.f.) A.Camus,Viet Nam
Fagaceae,Lithocarpus silvicolarum,(Hance) Chun,Viet Nam
Fagaceae,Lithocarpus songkoensis,A.Camus,Viet Nam
Fagaceae,Lithocarpus sphaerocarpus,(Hickel & A.Camus) A.Camus,Viet Nam
Fagaceae,Lithocarpus stenopus,(Hickel & A.Camus) A.Camus,Viet Nam
Fagaceae,Lithocarpus syncarpus,A.Camus,Viet Nam
Fagaceae,Lithocarpus tephrocarpus,(Drake) A.Camus,Viet Nam
Fagaceae,Lithocarpus thomsonii,(Miq.) Rehder,Viet Nam
Fagaceae,Lithocarpus toumorangensis,A.Camus,Viet Nam
Fagaceae,Lithocarpus touranensis,(Hickel & A.Camus) A.Camus,Viet Nam
Fagaceae,Lithocarpus trachycarpus,(Hickel & A.Camus) A.Camus,Viet Nam
Fagaceae,Lithocarpus triqueter,(Hickel & A.Camus) A.Camus,Viet Nam
Fagaceae,Lithocarpus truncatus,(King ex Hook.f.) Rehder,Viet Nam
Fagaceae,Lithocarpus tubulosus,(Hickel & A.Camus) A.Camus,Viet Nam
Fagaceae,Lithocarpus vestitus,(Hickel & A.Camus) A.Camus,Viet Nam
Fagaceae,Lithocarpus vidalianus,A.Camus,Viet Nam
Fagaceae,Lithocarpus vinhensis,A.Camus,Viet Nam
Fagaceae,Lithocarpus vuquangensis,Ngoc & V.H.Nguyen,Viet Nam
Fagaceae,Lithocarpus wrayi,(King) A.Camus,Viet Nam
Fagaceae,Lithocarpus xylocarpus,(Kurz) Markgr.,Viet Nam
Fagaceae,Lithocarpus yersinii,A.Camus,Viet Nam
Fagaceae,Quercus acutissima,Carruth.,Viet Nam
Fagaceae,Quercus annulata,Sm.,Viet Nam
Fagaceae,Quercus arbutifolia,Hickel & A.Camus,Viet Nam
Fagaceae,Quercus asymmetrica,Hickel & A.Camus,Viet Nam
Fagaceae,Quercus augustinei,Skan,Viet Nam
Fagaceae,Quercus auricoma,A.Camus,Viet Nam
Fagaceae,Quercus austrocochinchinensis,Hickel & A.Camus,Viet Nam
Fagaceae,Quercus bambusifolia,Hance,Viet Nam
Fagaceae,Quercus baniensis,A.Camus,Viet Nam
Fagaceae,Quercus baolamensis,H.T.Binh & Ngoc,Viet Nam
Fagaceae,Quercus bella,Chun & Tsiang,Viet Nam
Fagaceae,Quercus bidoupensis,H.T.Binh & Ngoc,Viet Nam
Fagaceae,Quercus blakei,Skan,Viet Nam
Fagaceae,Quercus blaoensis,A.Camus,Viet Nam
Fagaceae,Quercus braianensis,A.Camus,Viet Nam
Fagaceae,Quercus camusiae,Trel. ex Hickel & A.Camus,Viet Nam
Fagaceae,Quercus chapensis,Hickel & A.Camus,Viet Nam
Fagaceae,Quercus chevalieri,Hickel & A.Camus,Viet Nam
Fagaceae,Quercus chrysocalyx,Hickel & A.Camus,Viet Nam
Fagaceae,Quercus dankiaensis,A.Camus,Viet Nam
Fagaceae,Quercus dilacerata,Hickel & A.Camus,Viet Nam
Fagaceae,Quercus disciformis,Chun & Tsiang,Viet Nam
Fagaceae,Quercus donnaiensis,A.Camus,Viet Nam
Fagaceae,Quercus edithiae,Skan,Viet Nam
Fagaceae,Quercus glauca,Thunb.,Viet Nam
Fagaceae,Quercus griffithii,Hook.f. & Thomson ex Miq.,Viet Nam
Fagaceae,Quercus helferiana,A.DC.,Viet Nam
Fagaceae,Quercus honbaensis,"H.T.Binh, Tagane & Yahara",Viet Nam
Fagaceae,Quercus kerrii,Craib,Viet Nam
Fagaceae,Quercus lanata,Sm.,Viet Nam
Fagaceae,Quercus langbianensis,Hickel & A.Camus,Viet Nam
Fagaceae,Quercus lineata,Blume,Viet Nam
Fagaceae,Quercus macrocalyx,Hickel & A.Camus,Viet Nam
Fagaceae,Quercus mangdenensis,Binh & Ngoc,Viet Nam
Fagaceae,Quercus mespilifolia,Wall. ex A.DC.,Viet Nam
Fagaceae,Quercus myrsinifolia,Blume,Viet Nam
Fagaceae,Quercus oblongata,D.Don,Viet Nam
Fagaceae,Quercus oidocarpa,Korth.,Viet Nam
Fagaceae,Quercus petelotii,A.Camus,Viet Nam
Fagaceae,Quercus platycalyx,Hickel & A.Camus,Viet Nam
Fagaceae,Quercus poilanei,Hickel & A.Camus,Viet Nam
Fagaceae,Quercus quangtriensis,Hickel & A.Camus,Viet Nam
Fagaceae,Quercus rex,Hemsl.,Viet Nam
Fagaceae,Quercus rupestris,Hickel & A.Camus,Viet Nam
Fagaceae,Quercus saravanensis,A.Camus,Viet Nam
Fagaceae,Quercus semiserrata,Roxb.,Viet Nam
Fagaceae,Quercus setulosa,Hickel & A.Camus,Viet Nam
Fagaceae,Quercus sontraensis,"Ngoc, Binh & Son",Viet Nam
Fagaceae,Quercus thorelii,Hickel & A.Camus,Viet Nam
Fagaceae,Quercus trungkhanhensis,H.T.Binh & Ngoc,Viet Nam
Fagaceae,Quercus variabilis,Blume,Viet Nam
Fagaceae,Quercus xanthoclada,Drake,Viet Nam
Fagaceae,Quercus xanthotricha,A.Camus,Viet Nam
Fagaceae,Quercus xuanlienensis,"Binh, Ngoc & Bon",Viet Nam
Fagaceae,Trigonobalanus verticillata,Forman,Viet Nam
Garryaceae,Aucuba chinensis,Benth.,Viet Nam
Gentianaceae,Cyrtophyllum fragrans,(Roxb.) DC.,Viet Nam
Gentianaceae,Fagraea auriculata,Jack,Viet Nam
Gentianaceae,Fagraea ceilanica,Thunb.,Viet Nam
Gentianaceae,Limahlania crenulata,(Maingay ex C.B.Clarke) K.M.Wong & Sugumaran,Viet Nam
Gentianaceae,Utania racemosa,(Jack) Sugumaran,Viet Nam
Gnetaceae,Gnetum gnemon,L.,Viet Nam
Hamamelidaceae,Distylium annamicum,(Gagnep.) Airy Shaw,Viet Nam
Hamamelidaceae,Eustigma balansae,Oliv.,Viet Nam
Hamamelidaceae,Eustigma honbaense,"H.Toyama, Tagane & V.S.Dang",Viet Nam
Hamamelidaceae,Exbucklandia populnea,(R.Br. ex Griff.) R.W.Br.,Viet Nam
Hamamelidaceae,Exbucklandia tonkinensis,(Lecomte) H.T.Chang,Viet Nam
Hamamelidaceae,Mytilaria laosensis,Lecomte,Viet Nam
Hamamelidaceae,Rhodoleia championii,Hook.f.,Viet Nam
Hamamelidaceae,Rhodoleia parvipetala,Tong,Viet Nam
Helwingiaceae,Helwingia himalaica,Hook.f. & Thomson ex C.B.Clarke,Viet Nam
Hernandiaceae,Hernandia nymphaeifolia,(C.Presl) Kubitzki,Viet Nam
Hydrangeaceae,Hydrangea aspera,D. Don,Viet Nam
Hypericaceae,Cratoxylum cochinchinense,(Lour.) Blume,Viet Nam
Hypericaceae,Cratoxylum formosum,(Jack) Benth. & Hook.f. ex Dyer,Viet Nam
Hypericaceae,Cratoxylum maingayi,Dyer,Viet Nam
Hypericaceae,Cratoxylum sumatranum,(Jack) Blume,Viet Nam
Icacinaceae,Mappia nimmoniana,(J.Graham) Byng & Stull,Viet Nam
Icacinaceae,Pittosporopsis kerrii,Craib,Viet Nam
Irvingiaceae,Irvingia malayana,Oliv. ex A.W.Benn.,Viet Nam
Iteaceae,Itea chinensis,Hook. & Arn.,Viet Nam
Iteaceae,Itea indochinensis,Merr.,Viet Nam
Iteaceae,Itea macrophylla,Wall.,Viet Nam
Ixonanthaceae,Ixonanthes chinensis,(Hook. & Arn.) Champ.,Viet Nam
Ixonanthaceae,Ixonanthes reticulata,Jack,Viet Nam
Juglandaceae,Alfaropsis roxburghiana,(Lindl. ex Wall.) Iljinsk.,Viet Nam
Juglandaceae,Carya poilanei,(A.Chev.) Leroy,Viet Nam
Juglandaceae,Carya sinensis,Dode,Viet Nam
Juglandaceae,Carya tonkinensis,Lecomte,Viet Nam
Juglandaceae,Engelhardia spicata,Lechen ex Blume,Viet Nam
Juglandaceae,Platycarya strobilacea,Siebold & Zucc.,Viet Nam
Juglandaceae,Pterocarya tonkinensis,(Franch.) Dode,Viet Nam
Juglandaceae,Rhoiptelea chiliantha,Diels & Hand.-Mazz.,Viet Nam
Lamiaceae,Callicarpa angusta,Schauer,Viet Nam
Lamiaceae,Callicarpa angustifolia,King & Gamble,Viet Nam
Lamiaceae,Callicarpa arborea,Roxb.,Viet Nam
Lamiaceae,Callicarpa bachmaensis,Soejima & Tagane,Viet Nam
Lamiaceae,Callicarpa bracteata,Dop,Viet Nam
Lamiaceae,Callicarpa brevipes,(Benth.) Hance,Viet Nam
Lamiaceae,Callicarpa dolichophylla,Merr.,Viet Nam
Lamiaceae,Callicarpa erioclona,Schauer,Viet Nam
Lamiaceae,Callicarpa macrophylla,Vahl,Viet Nam
Lamiaceae,Callicarpa nudiflora,Hook. & Arn.,Viet Nam
Lamiaceae,Callicarpa yunnanensis,W.Z.Fang,Viet Nam
Lamiaceae,Clerodendrum bungei,Steud.,Viet Nam
Lamiaceae,Clerodendrum cyrtophyllum,Turcz.,Viet Nam
Lamiaceae,Clerodendrum japonicum,(Thunb.) Sweet,Viet Nam
Lamiaceae,Clerodendrum laevifolium,Blume,Viet Nam
Lamiaceae,Clerodendrum smitinandii,Moldenke,Viet Nam
Lamiaceae,Clerodendrum villosum,Blume,Viet Nam
Lamiaceae,Gmelina arborea,Roxb. ex Sm.,Viet Nam
Lamiaceae,Gmelina elliptica,Sm.,Viet Nam
Lamiaceae,Gmelina lecomtei,Dop,Viet Nam
Lamiaceae,Gmelina philippensis,Cham.,Viet Nam
Lamiaceae,Gmelina racemosa,(Lour.) Merr.,Viet Nam
Lamiaceae,Leucosceptrum canum,Sm.,Viet Nam
Lamiaceae,Premna bengalensis,C.B.Clarke,Viet Nam
Lamiaceae,Premna chevalieri,Dop,Viet Nam
Lamiaceae,Premna fulva,Craib,Viet Nam
Lamiaceae,Premna mollissima,Roth,Viet Nam
Lamiaceae,Premna serratifolia,L.,Viet Nam
Lamiaceae,Premna tomentosa,Willd.,Viet Nam
Lamiaceae,Premna trichostoma,Miq.,Viet Nam
Lamiaceae,Teijsmanniodendron holophyllum,(Baker) Kosterm.,Viet Nam
Lamiaceae,Vitex ajugiflora,Dop,Viet Nam
Lamiaceae,Vitex axillariflora,(Merr.) Bramley,Viet Nam
Lamiaceae,Vitex canescens,Kurz,Viet Nam
Lamiaceae,Vitex glabrata,R.Br.,Viet Nam
Lamiaceae,Vitex limonifolia,ex C.B.Clarke,Viet Nam
Lamiaceae,Vitex negundo,L.,Viet Nam
Lamiaceae,Vitex peduncularis,Wall. ex Schauer,Viet Nam
Lamiaceae,Vitex pierreana,Dop,Viet Nam
Lamiaceae,Vitex pinnata,L.,Viet Nam
Lamiaceae,Vitex quinata,(Lour.) F.N.Williams,Viet Nam
Lamiaceae,Vitex trifolia,L.,Viet Nam
Lamiaceae,Vitex tripinnata,(Lour.) Merr.,Viet Nam
Lamiaceae,Vitex vestita,Wall. ex Walp.,Viet Nam
Lauraceae,Actinodaphne ellipticibacca,Kosterm.,Viet Nam
Lauraceae,Actinodaphne ferruginea,H.Liu,Viet Nam
Lauraceae,Actinodaphne kontumi,de Kok,Viet Nam
Lauraceae,Actinodaphne kweichowensis,Y.C.Yang & P.H.Huang,Viet Nam
Lauraceae,Actinodaphne perlucida,C.K.Allen,Viet Nam
Lauraceae,Actinodaphne pilosa,(Lour.) Merr.,Viet Nam
Lauraceae,Actinodaphne sesquipedalis,Hook.f. & Thomson ex Meisn.,Viet Nam
Lauraceae,Alseodaphne rhododendropsis,Kosterm.,Viet Nam
Lauraceae,Alseodaphne suboppositifolia,Kosterm.,Viet Nam
Lauraceae,Alseodaphne tonkinensis,H.Liu,Viet Nam
Lauraceae,Alseodaphne utilis,Kosterm.,Viet Nam
Lauraceae,Alseodaphnopsis andersonii,(King ex Hook.f.) H.W.Li & J.Li,Viet Nam
Lauraceae,Alseodaphnopsis hainanensis,(Merr.) H.W.Li & J.Li,Viet Nam
Lauraceae,Alseodaphnopsis lanuginosa,(Kosterm.) H.W.Li & J.Li,Viet Nam
Lauraceae,Beilschmiedia balansae,Lecomte,Viet Nam
Lauraceae,Beilschmiedia bidoupensis,"Komada, Tagane & Yahara",Viet Nam
Lauraceae,Beilschmiedia danhkyi,"B.H.Quang, V.H.Nguyen & Tagane",Viet Nam
Lauraceae,Beilschmiedia fordii,Dunn,Viet Nam
Lauraceae,Beilschmiedia laevis,C.K.Allen,Viet Nam
Lauraceae,Beilschmiedia laotica,Kosterm. ex de Kok,Viet Nam
Lauraceae,Beilschmiedia macrocarpa,A.Chev. ex H.Liu,Viet Nam
Lauraceae,Beilschmiedia penangiana,Gamble,Viet Nam
Lauraceae,Beilschmiedia pergamentacea,C.K.Allen,Viet Nam
Lauraceae,Beilschmiedia poilanei,H.Liu,Viet Nam
Lauraceae,Beilschmiedia roxburghiana,Nees,Viet Nam
Lauraceae,Beilschmiedia superba,Kosterm.,Viet Nam
Lauraceae,Beilschmiedia tsangii,Merr.,Viet Nam
Lauraceae,Beilschmiedia turbinata,Bing Liu & Y.Yang,Viet Nam
Lauraceae,Beilschmiedia vidalii,Kosterm.,Viet Nam
Lauraceae,Beilschmiedia wangii,C.K.Allen,Viet Nam
Lauraceae,Camphora micrantha,"(Hayata) Y.Yang, Bing Liu & Zhi Yang",Viet Nam
Lauraceae,Caryodaphnopsis baviensis,(Lecomte) Airy Shaw,Viet Nam
Lauraceae,Caryodaphnopsis bilocellata,van der Werff & Dao,Viet Nam
Lauraceae,Caryodaphnopsis laotica,Airy Shaw,Viet Nam
Lauraceae,Caryodaphnopsis malipoensis,Bing Liu & Y.Yang,Viet Nam
Lauraceae,Caryodaphnopsis metallica,Kosterm.,Viet Nam
Lauraceae,Caryodaphnopsis tonkinensis,(Lecomte) Airy Shaw,Viet Nam
Lauraceae,Cinnadenia liyuyingii,(H.Liu) de Kok & Sengun,Viet Nam
Lauraceae,Cinnamomum auricolor,Kosterm. ex de Kok,Viet Nam
Lauraceae,Cinnamomum bejolghota,(Buch.-Ham.) Sweet,Viet Nam
Lauraceae,Cinnamomum bonii,Lecomte,Viet Nam
Lauraceae,Cinnamomum burmanni,(Nees & T.Nees) Blume,Viet Nam
Lauraceae,Cinnamomum camphora,(L.) J.Presl,Viet Nam
Lauraceae,Cinnamomum caryophyllus,(Lour.) S.Moore,Viet Nam
Lauraceae,Cinnamomum curvifolium,(Lour.) Nees,Viet Nam
Lauraceae,Cinnamomum damhaense,Kosterm. ex de Kok,Viet Nam
Lauraceae,Cinnamomum foveolatum,(Merr.) H.W.Li & J.Li,Viet Nam
Lauraceae,Cinnamomum gaudichaudii,Lukman.,Viet Nam
Lauraceae,Cinnamomum ilicioides,A.Chev.,Viet Nam
Lauraceae,Cinnamomum inconspicuum,Kosterm. ex de Kok,Viet Nam
Lauraceae,Cinnamomum iners,Reinw. ex Blume,Viet Nam
Lauraceae,Cinnamomum javanicum,Blume,Viet Nam
Lauraceae,Cinnamomum kerrii,Kosterm.,Viet Nam
Lauraceae,Cinnamomum kostermannii,de Kok,Viet Nam
Lauraceae,Cinnamomum liangii,C.K.Allen,Viet Nam
Lauraceae,Cinnamomum loureiroi,Nees,Viet Nam
Lauraceae,Cinnamomum mabberleyi,de Kok,Viet Nam
Lauraceae,Cinnamomum parthenoxylon,(Jack) Meisn.,Viet Nam
Lauraceae,Cinnamomum petelotii,Kosterm. ex de Kok,Viet Nam
Lauraceae,Cinnamomum polyadelphum,(Lour.) Kosterm.,Viet Nam
Lauraceae,Cinnamomum scalarinervium,Kosterm. ex H.H.Pham,Viet Nam
Lauraceae,Cinnamomum subavenium,Miq.,Viet Nam
Lauraceae,Cinnamomum tetragonum,A.Chev.,Viet Nam
Lauraceae,Cinnamomum tonkinense,(Lecomte) A.Chev.,Viet Nam
Lauraceae,Cryptocarya chanthaburiensis,Kosterm.,Viet Nam
Lauraceae,Cryptocarya chingii,W.C.Cheng,Viet Nam
Lauraceae,Cryptocarya concinna,Hance,Viet Nam
Lauraceae,Cryptocarya densiflora,Blume,Viet Nam
Lauraceae,Cryptocarya diversifolia,Blume,Viet Nam
Lauraceae,Cryptocarya ferrea,Blume,Viet Nam
Lauraceae,Cryptocarya globularia,Kosterm. ex de Kok,Viet Nam
Lauraceae,Cryptocarya hainanensis,Merr.,Viet Nam
Lauraceae,Cryptocarya impressa,Miq.,Viet Nam
Lauraceae,Cryptocarya laotica,(Gagnep.) Kosterm.,Viet Nam
Lauraceae,Cryptocarya sublanuginosa,Kosterm.,Viet Nam
Lauraceae,Dehaasia cuneata,(Blume) Blume,Viet Nam
Lauraceae,Dehaasia ferruginea,(H.Liou) de Kok,Viet Nam
Lauraceae,Dehaasia incrassata,(Jack) Nees,Viet Nam
Lauraceae,Dehaasia suborbicularis,Lecomte,Viet Nam
Lauraceae,Endiandra firma,Nees,Viet Nam
Lauraceae,Endiandra hainanensis,Merr. & F.P.Metcalf,Viet Nam
Lauraceae,Iteadaphne caudata,(Nees) H.W. Li              ,Viet Nam
Lauraceae,Lindera aggregata,(Sims) Kosterm.,Viet Nam
Lauraceae,Lindera annamensis,H.Liu,Viet Nam
Lauraceae,Lindera communis,Hemsl.,Viet Nam
Lauraceae,Lindera glauca,(Siebold & Zucc.) Blume,Viet Nam
Lauraceae,Lindera gracilipes,H.W. Li,Viet Nam
Lauraceae,Lindera latifolia,Hook.f.,Viet Nam
Lauraceae,Lindera meissneri,Hook.f.,Viet Nam
Lauraceae,Lindera melastomacea,Fern.-Vill.,Viet Nam
Lauraceae,Lindera metcalfiana,C.K. Allen,Viet Nam
Lauraceae,Lindera nacusua,(D. Don) Merr.,Viet Nam
Lauraceae,Lindera racemosa,Lecomte,Viet Nam
Lauraceae,Lindera spicata,Kosterm.,Viet Nam
Lauraceae,Lindera thomsonii,C.K. Allen,Viet Nam
Lauraceae,Lindera tonkinensis,Lecomte,Viet Nam
Lauraceae,Litsea amicorum,Kosterm.,Viet Nam
Lauraceae,Litsea balansae,Lecomte,Viet Nam
Lauraceae,Litsea banaensis,de Kok,Viet Nam
Lauraceae,Litsea baviensis,Lecomte,Viet Nam
Lauraceae,Litsea citronella,Kosterm.,Viet Nam
Lauraceae,Litsea clemensii,C.K.Allen,Viet Nam
Lauraceae,Litsea cubeba,(Lour.) Pers.,Viet Nam
Lauraceae,Litsea elongata,(Nees) Hook.f.,Viet Nam
Lauraceae,Litsea eugenioides,A.Chev. ex H.Liu,Viet Nam
Lauraceae,Litsea glutinosa,(Lour.) C.B.Rob.,Viet Nam
Lauraceae,Litsea grandifolia,Lecomte,Viet Nam
Lauraceae,Litsea helferi,Hook.f.,Viet Nam
Lauraceae,Litsea honbaensis,de Kok,Viet Nam
Lauraceae,Litsea lancifolia,(Roxb. ex Nees) Fern.-Vill.,Viet Nam
Lauraceae,Litsea lancilimba,Merr.,Viet Nam
Lauraceae,Litsea mekongensis,Lecomte,Viet Nam
Lauraceae,Litsea mollis,Hemsl.,Viet Nam
Lauraceae,Litsea monopetala,(Roxb.) Pers.,Viet Nam
Lauraceae,Litsea nhatrangensis,de Kok,Viet Nam
Lauraceae,Litsea panamanja,(Buch.-Ham. ex Nees) Hook.f.,Viet Nam
Lauraceae,Litsea pseudoelongata,H.Liu,Viet Nam
Lauraceae,Litsea rehderiana,C.K.Allen,Viet Nam
Lauraceae,Litsea robusta,Blume,Viet Nam
Lauraceae,Litsea rotundifolia,Hemsl.,Viet Nam
Lauraceae,Litsea rubrobrunnea,de Kok,Viet Nam
Lauraceae,Litsea salicifolia,(Roxb. ex Nees) Hook.f.,Viet Nam
Lauraceae,Litsea salmonea,A.Chev. ex de Kok,Viet Nam
Lauraceae,Litsea thorelii,Lecomte,Viet Nam
Lauraceae,Litsea umbellata,(Lour.) Merr.,Viet Nam
Lauraceae,Litsea variabilis,Hemsl.,Viet Nam
Lauraceae,Litsea verticillata,Hance,Viet Nam
Lauraceae,Litsea viridis,H. Liu,Viet Nam
Lauraceae,Litsea yunnanensis,Yen C. Yang & P.H. Huang,Viet Nam
Lauraceae,Machilus balansae,(Airy Shaw) F.N.Wei & S.C.Tang,Viet Nam
Lauraceae,Machilus bonii,Lecomte,Viet Nam
Lauraceae,Machilus chinensis,(Benth.) Hemsl.,Viet Nam
Lauraceae,Machilus cicatricosa,S.K. Lee,Viet Nam
Lauraceae,Machilus cicatricosus,S.K.Lee,Viet Nam
Lauraceae,Machilus cochinchinensis,Lecomte,Viet Nam
Lauraceae,Machilus coriacea,A.Chev.,Viet Nam
Lauraceae,Machilus decursinervis,Chun,Viet Nam
Lauraceae,Machilus grandibracteata,S.K. Lee & F.N. Wei,Viet Nam
Lauraceae,Machilus kurzii,King ex Hook.f.,Viet Nam
Lauraceae,Machilus lohuiensis,S.K. Lee,Viet Nam
Lauraceae,Machilus minkweiensis,S.K. Lee,Viet Nam
Lauraceae,Machilus nakaoi,S.K. Lee,Viet Nam
Lauraceae,Machilus odoratissimus,Nees,Viet Nam
Lauraceae,Machilus parviflora,Meisn.,Viet Nam
Lauraceae,Machilus platycarpa,Chun,Viet Nam
Lauraceae,Machilus salicina,Hance,Viet Nam
Lauraceae,Machilus velutinus,Champ. ex Benth.,Viet Nam
Lauraceae,Machilus verruculosa,H.W. Li,Viet Nam
Lauraceae,Neocinnamomum caudatum,(Nees) Merr.,Viet Nam
Lauraceae,Neocinnamomum huongsonensis,Kim Dao,Viet Nam
Lauraceae,Neocinnamomum lecomtei,H.Liu,Viet Nam
Lauraceae,Neolitsea alongensis,Lecomte,Viet Nam
Lauraceae,Neolitsea bidoupensis,Yahara & Tagane,Viet Nam
Lauraceae,Neolitsea cambodiana,Lecomte,Viet Nam
Lauraceae,Neolitsea chunii,Merr.,Viet Nam
Lauraceae,Neolitsea elaeocarpa,H.Liu,Viet Nam
Lauraceae,Neolitsea hongiaoensis,Yahara & Tagane,Viet Nam
Lauraceae,Neolitsea merrilliana,C.K.Allen,Viet Nam
Lauraceae,Neolitsea polycarpa,H. Liu,Viet Nam
Lauraceae,Neolitsea pulchella,(Meisn.) Merr.,Viet Nam
Lauraceae,Neolitsea zeylanica,(Nees & T.Nees) Merr.,Viet Nam
Lauraceae,Nothaphoebe annamensis,A.Chev. ex H.Liu,Viet Nam
Lauraceae,Nothaphoebe condensa,Ridl.,Viet Nam
Lauraceae,Nothaphoebe poilanei,H.Liu,Viet Nam
Lauraceae,Nothaphoebe umbelliflora,(Blume) Blume,Viet Nam
Lauraceae,Persea gamblei,(King ex Hook.f.) Kosterm.,Viet Nam
Lauraceae,Phoebe angustifolia,Meisn.,Viet Nam
Lauraceae,Phoebe cathia,(D. Don) Kosterm.,Viet Nam
Lauraceae,Phoebe hungmoensis,S.K. Lee,Viet Nam
Lauraceae,Phoebe macrocarpa,C.Y. Wu,Viet Nam
Lauraceae,Phoebe megacalyx,H.W. Li,Viet Nam
Lauraceae,Phoebe pallida,(Nees) Nees,Viet Nam
Lauraceae,Phoebe paniculata,(Nees) Nees,Viet Nam
Lauraceae,Phoebe petelotii,Kosterm. ex H.H.Pham,Viet Nam
Lauraceae,Phoebe sheareri,(Hemsl.) Gamble               ,Viet Nam
Lauraceae,Phoebe tavoyana,(Meisn.) Hook.f.,Viet Nam
Lauraceae,Phoebe yaiensis,S.K. Lee,Viet Nam
Lauraceae,Syndiclis chinensis,C.K.Allen,Viet Nam
Lecythidaceae,Barringtonia acutangula,(L.) Gaertn.,Viet Nam
Lecythidaceae,Barringtonia asiatica,(L.) Kurz,Viet Nam
Lecythidaceae,Barringtonia augusta,Kurz,Viet Nam
Lecythidaceae,Barringtonia conoidea,Griff.,Viet Nam
Lecythidaceae,Barringtonia longipes,Gagnep.,Viet Nam
Lecythidaceae,Barringtonia macrocarpa,Hassk.,Viet Nam
Lecythidaceae,Barringtonia macrostachya,(Jack) Kurz,Viet Nam
Lecythidaceae,Barringtonia pauciflora,King,Viet Nam
Lecythidaceae,Barringtonia pendula,(Griff.) Kurz,Viet Nam
Lecythidaceae,Careya arborea,Roxb.,Viet Nam
Linaceae,Tirpitzia sinensis,(Hemsl.) Hallier f.,Viet Nam
Loganiaceae,Strychnos lucida,R. Br.,Viet Nam
Loganiaceae,Strychnos nux-blanda,A.W.Hill,Viet Nam
Loganiaceae,Strychnos nux-vomica,L.,Viet Nam
Loganiaceae,Strychnos thorelii,Pierre ex Dop,Viet Nam
Loganiaceae,Strychnos wallichiana,Steud. ex A. DC.,Viet Nam
Lythraceae,Duabanga grandiflora,(Roxb. ex DC.) Walp.,Viet Nam
Lythraceae,Lagerstroemia calyculata,Kurz,Viet Nam
Lythraceae,Lagerstroemia cochinchinensis,Laness.,Viet Nam
Lythraceae,Lagerstroemia densiflora,W.J.de Wilde & Duyfjes,Viet Nam
Lythraceae,Lagerstroemia duperreana,Pierre ex Gagnep.,Viet Nam
Lythraceae,Lagerstroemia floribunda,Jack,Viet Nam
Lythraceae,Lagerstroemia gagnepainii,Furtado & Montien,Viet Nam
Lythraceae,Lagerstroemia indica,L.,Viet Nam
Lythraceae,Lagerstroemia lecomtei,Gagnep.,Viet Nam
Lythraceae,Lagerstroemia loudonii,Teijsm. & Binn.,Viet Nam
Lythraceae,Lagerstroemia macrocarpa,Kurz,Viet Nam
Lythraceae,Lagerstroemia micrantha,Merr.,Viet Nam
Lythraceae,Lagerstroemia noei,Craib,Viet Nam
Lythraceae,Lagerstroemia ovalifolia,Teijsm. & Binn.,Viet Nam
Lythraceae,Lagerstroemia petiolaris,Pierre ex Gagnep.,Viet Nam
Lythraceae,Lagerstroemia tomentosa,C.Presl,Viet Nam
Lythraceae,Lagerstroemia undulata,Koehne,Viet Nam
Lythraceae,Lagerstroemia venusta,Wall. ex C.B.Clarke,Viet Nam
Lythraceae,Pemphis acidula,J.R.Forst. & G.Forst.,Viet Nam
Lythraceae,Sonneratia alba,Sm.,Viet Nam
Lythraceae,Sonneratia caseolaris,(L.) Engl.,Viet Nam
Lythraceae,Sonneratia ovata,Backer,Viet Nam
Magnoliaceae,Liriodendron chinense,(Hemsl.) Sarg.,Viet Nam
Magnoliaceae,Magnolia albosericea,Chun & C.H.Tsoong,Viet Nam
Magnoliaceae,Magnolia annamensis,Dandy,Viet Nam
Magnoliaceae,Magnolia aromatica,(Dandy) V.S.Kumar,Viet Nam
Magnoliaceae,Magnolia baillonii,Pierre,Viet Nam
Magnoliaceae,Magnolia balansae,A.DC.,Viet Nam
Magnoliaceae,Magnolia bidoupensis,Q.N.Vu,Viet Nam
Magnoliaceae,Magnolia blaoensis,(Gagnep.) Dandy,Viet Nam
Magnoliaceae,Magnolia braianensis,(Gagnep.) Figlar,Viet Nam
Magnoliaceae,Magnolia cathcartii,(Hook.f. & Thomson) Noot.,Viet Nam
Magnoliaceae,Magnolia cattienensis,Q.N.Vu,Viet Nam
Magnoliaceae,Magnolia champaca,(L.) Baill. ex Pierre,Viet Nam
Magnoliaceae,Magnolia championii,Benth.,Viet Nam
Magnoliaceae,Magnolia chapensis,(Dandy) Sima,Viet Nam
Magnoliaceae,Magnolia chevalieri,(Dandy) V.S.Kumar,Viet Nam
Magnoliaceae,Magnolia citrata,Noot. & Chalermglin,Viet Nam
Magnoliaceae,Magnolia clemensiorum,Dandy,Viet Nam
Magnoliaceae,Magnolia coco,(Lour.) DC.,Viet Nam
Magnoliaceae,Magnolia conifera,(Dandy) V.S.Kumar,Viet Nam
Magnoliaceae,Magnolia coriacea,(Hung T.Chang & B.L.Chen) Figlar,Viet Nam
Magnoliaceae,Magnolia dandyi,Gagnep.,Viet Nam
Magnoliaceae,Magnolia duclouxii,(Finet & Gagnep.) Hu,Viet Nam
Magnoliaceae,Magnolia duperreana,Pierre,Viet Nam
Magnoliaceae,Magnolia fansipanensis,C.B.Callaghan & Png,Viet Nam
Magnoliaceae,Magnolia fistulosa,(Finet & Gagnep.) Dandy,Viet Nam
Magnoliaceae,Magnolia flaviflora,(Y.W.Law & Y.F.Wu) Figlar,Viet Nam
Magnoliaceae,Magnolia floribunda,(Finet & Gagnep.) Figlar,Viet Nam
Magnoliaceae,Magnolia fordiana,(Oliv.) Hu,Viet Nam
Magnoliaceae,Magnolia foveolata,(Merr. ex Dandy) Figlar,Viet Nam
Magnoliaceae,Magnolia fulva,(Hung T.Chang & B.L.Chen) Figlar,Viet Nam
Magnoliaceae,Magnolia garrettii,(Craib) V.S.Kumar,Viet Nam
Magnoliaceae,Magnolia grandis,(Hu & W.C.Cheng) V.S.Kumar,Viet Nam
Magnoliaceae,Magnolia hodgsonii,(Hook.f. & Thomson) H.Keng,Viet Nam
Magnoliaceae,Magnolia hongheensis,(Y.M.Shui & W.H.Chen) V.S.Kumar,Viet Nam
Magnoliaceae,Magnolia hookeri,(Cubitt & W.W.Sm.) D.C.S.Raju & M.P.Nayar,Viet Nam
Magnoliaceae,Magnolia huongiana,Q.N.Vu,Viet Nam
Magnoliaceae,Magnolia hypolampra,(Dandy) Figlar,Viet Nam
Magnoliaceae,Magnolia insignis,Wall.,Viet Nam
Magnoliaceae,Magnolia kwangsiensis,Figlar & Noot.,Viet Nam
Magnoliaceae,Magnolia lacei,(W.W.Sm.) Figlar,Viet Nam
Magnoliaceae,Magnolia lamdongensis,"V.T.Tran, Duy & N.H.Xia",Viet Nam
Magnoliaceae,Magnolia liliifera,(L.) Baill.,Viet Nam
Magnoliaceae,Magnolia lucida,(B.L.Chen & S.C.Yang) V.S.Kumar,Viet Nam
Magnoliaceae,Magnolia macclurei,(Dandy) Figlar,Viet Nam
Magnoliaceae,Magnolia mannii,(King) Figlar,Viet Nam
Magnoliaceae,Magnolia martini,H.Lév.,Viet Nam
Magnoliaceae,Magnolia masticata,(Dandy) Figlar,Viet Nam
Magnoliaceae,Magnolia mediocris,(Dandy) Figlar,Viet Nam
Magnoliaceae,Magnolia odora,(Chun) Figlar & Noot.,Viet Nam
Magnoliaceae,Magnolia odoratissima,Y.W.Law & R.Z.Zhou,Viet Nam
Magnoliaceae,Magnolia praecalva,(Dandy) Figlar & Noot.,Viet Nam
Magnoliaceae,Magnolia quangninhensis,Q.N.Vu & N.H.Xia,Viet Nam
Magnoliaceae,Magnolia rufibarbata,(Dandy) V.S.Kumar,Viet Nam
Magnoliaceae,Magnolia sapaensis,(N.H.Xia & Q.N.Vu) Grimshaw & Macer,Viet Nam
Magnoliaceae,Magnolia sonlaensis,(Q.N. Vu) C.B. Callaghan & S.K. Png,Viet Nam
Magnoliaceae,Magnolia tiepii,V.T.Tran & Duy,Viet Nam
Magnoliaceae,Magnolia ventii,(N.V.Tiep) V.S.Kumar,Viet Nam
Magnoliaceae,Magnolia xianianhei,(Q.N.Vu) C.B.Callaghan & Png,Viet Nam
Magnoliaceae,Magnolia yunnanensis,(Hu) Noot.,Viet Nam
Malvaceae,Azanza lampas,(Cav.) Alef.,Viet Nam
Malvaceae,Berrya cordifolia,(Willd.) Burret,Viet Nam
Malvaceae,Berrya mollis,Wall. ex Kurz,Viet Nam
Malvaceae,Bombax albidum,Gagnep.,Viet Nam
Malvaceae,Bombax anceps,Pierre,Viet Nam
Malvaceae,Bombax ceiba,L.,Viet Nam
Malvaceae,Bombax insigne,Wall.,Viet Nam
Malvaceae,Bombycidendron grewiifolium,(Hassk.) Zoll. & Moritzi,Viet Nam
Malvaceae,Brownlowia eberhardtii,(Gagnep.) Kosterm.,Viet Nam
Malvaceae,Brownlowia emarginata,Pierre,Viet Nam
Malvaceae,Brownlowia peltata,Benth.,Viet Nam
Malvaceae,Brownlowia sarawhensis,Pierre,Viet Nam
Malvaceae,Brownlowia tabularis,Pierre,Viet Nam
Malvaceae,Burretiodendron brilletii,(Gagnep.) Kosterm.,Viet Nam
Malvaceae,Burretiodendron tonkinense,(A.Chev.) Kosterm.,Viet Nam
Malvaceae,Cenocentrum tonkinense,Gagnep.,Viet Nam
Malvaceae,Colona auriculata,(Desf.) Craib,Viet Nam
Malvaceae,Colona flagrocarpa,(C.B.Clarke) Craib,Viet Nam
Malvaceae,Colona floribunda,(Kurz) Craib,Viet Nam
Malvaceae,Colona poilanei,Gagnep.,Viet Nam
Malvaceae,Commersonia bartramia,(L.) Merr.,Viet Nam
Malvaceae,Craigia yunnanensis,W.W.Sm. & W.E.Evans,Viet Nam
Malvaceae,Eriolaena candollei,Wall.,Viet Nam
Malvaceae,Firmiana bracteata,DC.,Viet Nam
Malvaceae,Firmiana colorata,(Roxb.) R.Br.,Viet Nam
Malvaceae,Firmiana fulgens,(Wall. ex Mast.) K.Schum.,Viet Nam
Malvaceae,Grewia abutilifolia,Vent. ex Juss.,Viet Nam
Malvaceae,Grewia asiatica,L.,Viet Nam
Malvaceae,Grewia eriocarpa,Juss.,Viet Nam
Malvaceae,Grewia falcata,C.Y.Wu,Viet Nam
Malvaceae,Grewia hirsuta,Vahl,Viet Nam
Malvaceae,Grewia laevigata,Vahl,Viet Nam
Malvaceae,Grewia retusifolia,Kurz,Viet Nam
Malvaceae,Grewia tiliifolia,Vahl,Viet Nam
Malvaceae,Helicteres isora,L.,Viet Nam
Malvaceae,Heritiera burmensis,Kosterm.,Viet Nam
Malvaceae,Heritiera javanica,(Blume) Kosterm.,Viet Nam
Malvaceae,Heritiera littoralis,Aiton,Viet Nam
Malvaceae,Hibiscus macrophyllus,Roxb. ex Hornem.,Viet Nam
Malvaceae,Hibiscus similis,Blume,Viet Nam
Malvaceae,Hibiscus tiliaceus,L.,Viet Nam
Malvaceae,Kleinhovia hospita,L.,Viet Nam
Malvaceae,Kydia calycina,Roxb.,Viet Nam
Malvaceae,Kydia glabrescens,Mast.,Viet Nam
Malvaceae,Melochia umbellata,(Houtt.) Stapf,Viet Nam
Malvaceae,Microcos chungii,(Merr.) Chun,Viet Nam
Malvaceae,Microcos paniculata,L.,Viet Nam
Malvaceae,Microcos sinuata,(Wall. ex Mast.) Burret,Viet Nam
Malvaceae,Microcos stauntoniana,G.Don,Viet Nam
Malvaceae,Microcos tomentosa,Sm.,Viet Nam
Malvaceae,Pterocymbium tinctorium,(Blanco) Merr.,Viet Nam
Malvaceae,Pterospermum angustifolium,Tardieu,Viet Nam
Malvaceae,Pterospermum argenteum,Tardieu,Viet Nam
Malvaceae,Pterospermum diversifolium,Blume,Viet Nam
Malvaceae,Pterospermum grandiflorum,Craib,Viet Nam
Malvaceae,Pterospermum grewiifolium,Pierre,Viet Nam
Malvaceae,Pterospermum harmandii,Hochr.,Viet Nam
Malvaceae,Pterospermum lanceifolium,Roxb. ex DC.,Viet Nam
Malvaceae,Pterospermum megalocarpum,Tardieu,Viet Nam
Malvaceae,Pterospermum mengii,P.Wilkie,Viet Nam
Malvaceae,Pterospermum mucronatum,Tardieu,Viet Nam
Malvaceae,Pterospermum thorelii,Pierre,Viet Nam
Malvaceae,Pterospermum truncatolobatum,Gagnep.,Viet Nam
Malvaceae,Pterygota alata,(Roxb.) R.Br.,Viet Nam
Malvaceae,Reevesia thyrsoidea,Lindl.,Viet Nam
Malvaceae,Scaphium affine,(Mast.) Pierre,Viet Nam
Malvaceae,Scaphium macropodum,(Miq.) Beumée ex K.Heyne,Viet Nam
Malvaceae,Scaphium scaphigerum,(Wall. ex G.Don) G.Planch.,Viet Nam
Malvaceae,Schoutenia ovata,Korth.,Viet Nam
Malvaceae,Sterculia cochinchinensis,Pierre,Viet Nam
Malvaceae,Sterculia foetida,L.,Viet Nam
Malvaceae,Sterculia guttata,Roxb. ex G.Don,Viet Nam
Malvaceae,Sterculia harmandii,Pierre ,Viet Nam
Malvaceae,Sterculia henryi,Hemsl.,Viet Nam
Malvaceae,Sterculia hymenocalyx,K.Schum.,Viet Nam
Malvaceae,Sterculia hypochroa,Pierre,Viet Nam
Malvaceae,Sterculia hyposticta,Miq.,Viet Nam
Malvaceae,Sterculia lanceolata,Cav.,Viet Nam
Malvaceae,Sterculia monosperma,Vent.,Viet Nam
Malvaceae,Sterculia pexa,Pierre,Viet Nam
Malvaceae,Sterculia rubiginosa,Vent.,Viet Nam
Malvaceae,Sterculia stigmarota,Pierre,Viet Nam
Malvaceae,Sterculia thorelii,Pierre,Viet Nam
Malvaceae,Sterculia tonkinensis,Aug.DC.,Viet Nam
Malvaceae,Thespesia populnea,(L.) Sol. ex Corrêa,Viet Nam
Melastomataceae,Melastoma dodecandrum,Lour.,Viet Nam
Melastomataceae,Melastoma imbricatum,Wall. ex Triana,Viet Nam
Melastomataceae,Memecylon coeruleum,Jack,Viet Nam
Melastomataceae,Memecylon confertiflorum,Cogn.,Viet Nam
Melastomataceae,Memecylon edule,Roxb.,Viet Nam
Melastomataceae,Memecylon elegans,Kurz,Viet Nam
Melastomataceae,Memecylon fruticosum,King,Viet Nam
Melastomataceae,Memecylon longipedunculatum,"Tagane, V.S.Dang & Nuraliev",Viet Nam
Melastomataceae,Memecylon pauciflorum,Blume,Viet Nam
Melastomataceae,Memecylon scutellatum,(Lour.) Hook. & Arn.,Viet Nam
Melastomataceae,Memecylon umbellatum,Burm. f.,Viet Nam
Melastomataceae,Oxyspora howellii,Jeffrey & W.W. Sm.,Viet Nam
Melastomataceae,Pachycentria constricta,Blume,Viet Nam
Melastomataceae,Pternandra coerulescens,Jack,Viet Nam
Meliaceae,Aglaia dasyclada,F.C.How & T.C.Chen,Viet Nam
Meliaceae,Aglaia edulis,(Roxb.) Wall.,Viet Nam
Meliaceae,Aglaia elaeagnoidea,(A.Juss.) Benth.,Viet Nam
Meliaceae,Aglaia eximia,Miq.,Viet Nam
Meliaceae,Aglaia exstipulata,(Griff.) W.Theob.,Viet Nam
Meliaceae,Aglaia grandis,Korth. ex Miq.,Viet Nam
Meliaceae,Aglaia korthalsii,Miq.,Viet Nam
Meliaceae,Aglaia lawii,(Wight) C.J.Saldanha,Viet Nam
Meliaceae,Aglaia macrocarpa,(Miq.) Pannell,Viet Nam
Meliaceae,Aglaia odorata,Lour.,Viet Nam
Meliaceae,Aglaia perviridis,Hiern,Viet Nam
Meliaceae,Aglaia pleuropteris,Pierre,Viet Nam
Meliaceae,Aglaia silvestris,(M.Roem.) Merr.,Viet Nam
Meliaceae,Aglaia spectabilis,(Miq.) S.S.Jain & S.Bennet,Viet Nam
Meliaceae,Aglaia tomentosa,Teijsm. & Binn.,Viet Nam
Meliaceae,Aphanamixis polystachya,(Wall.) R.Parker,Viet Nam
Meliaceae,Azadirachta excelsa,(Jack) Jacobs,Viet Nam
Meliaceae,Chisocheton pellegrinianus,Mabb.,Viet Nam
Meliaceae,Chukrasia tabularis,A.Juss.,Viet Nam
Meliaceae,Cipadessa baccifera,(Roth) Miq.,Viet Nam
Meliaceae,Dysoxylum alliaceum,(Blume) Blume,Viet Nam
Meliaceae,Dysoxylum angustifolium,King,Viet Nam
Meliaceae,Dysoxylum arborescens,(Blume) Miq.,Viet Nam
Meliaceae,Dysoxylum carolinae,Mabb.,Viet Nam
Meliaceae,Dysoxylum cauliflorum,Hiern,Viet Nam
Meliaceae,Dysoxylum cyrtobotryum,Miq.,Viet Nam
Meliaceae,Dysoxylum excelsum,Blume,Viet Nam
Meliaceae,Dysoxylum gotadhora,(Buch.-Ham.) Mabb.,Viet Nam
Meliaceae,Dysoxylum grande,Hiern,Viet Nam
Meliaceae,Dysoxylum hoaense,(Pierre) Pellegr.,Viet Nam
Meliaceae,Dysoxylum juglans,(Hance) Pellegr.,Viet Nam
Meliaceae,Dysoxylum loureiroi,(Pierre) Pierre ex Laness.,Viet Nam
Meliaceae,Dysoxylum perryanum,Pierre,Viet Nam
Meliaceae,Dysoxylum poilanei,Pellegr.,Viet Nam
Meliaceae,Dysoxylum rubrocostatum,Pierre,Viet Nam
Meliaceae,Dysoxylum tonkinense,A.Chev. ex Pellegr.,Viet Nam
Meliaceae,Heynea trijuga,Roxb. ex Sims,Viet Nam
Meliaceae,Melia azedarach,L.,Viet Nam
Meliaceae,Munronia pinnata,(Wall.) W.Theob.,Viet Nam
Meliaceae,Reinwardtiodendron humile,(Hassk.) Mabb.,Viet Nam
Meliaceae,Toona ciliata,M.Roem.,Viet Nam
Meliaceae,Turraea pubescens,Hell.,Viet Nam
Meliaceae,Walsura pinnata,Hassk.,Viet Nam
Meliaceae,Walsura robusta,Roxb.,Viet Nam
Meliaceae,Walsura trichostemon,Miq.,Viet Nam
Meliaceae,Xylocarpus granatum,J.Koenig,Viet Nam
Meliaceae,Xylocarpus moluccensis,(Lam.) M.Roem.,Viet Nam
Meliaceae,Xylocarpus rumphii,(Kostel.) Mabb.,Viet Nam
Metteniusaceae,Apodytes dimidiata,E.Mey. ex Arn.,Viet Nam
Metteniusaceae,Platea latifolia,Blume,Viet Nam
Moraceae,Antiaris toxicaria,(J.F.Gmel.) Lesch.,Viet Nam
Moraceae,Artocarpus calophyllus,Kurz,Viet Nam
Moraceae,Artocarpus gomezianus,Wall. ex Trécul,Viet Nam
Moraceae,Artocarpus griffithii,(King) Merr.,Viet Nam
Moraceae,Artocarpus lacucha,Roxb. ex Buch.-Ham.,Viet Nam
Moraceae,Artocarpus melinoxylus,Gagnep.,Viet Nam
Moraceae,Artocarpus montanus,E.M.Gardner & Zerega,Viet Nam
Moraceae,Artocarpus parvus,Gagnep.,Viet Nam
Moraceae,Artocarpus petelotii,Gagnep.,Viet Nam
Moraceae,Artocarpus styracifolius,Pierre,Viet Nam
Moraceae,Artocarpus tonkinensis,A.Chev. ex Gagnep.,Viet Nam
Moraceae,Broussonetia monoica,Hance,Viet Nam
Moraceae,Broussonetia papyrifera,(L.) L'Hér. ex Vent.,Viet Nam
Moraceae,Ficus abelii,Miq.,Viet Nam
Moraceae,Ficus alongensis,Gagnep.,Viet Nam
Moraceae,Ficus altissima,Blume,Viet Nam
Moraceae,Ficus annulata,Blume,Viet Nam
Moraceae,Ficus aurata,(Miq.) Miq.,Viet Nam
Moraceae,Ficus auriculata,Lour.,Viet Nam
Moraceae,Ficus benjamina,L.,Viet Nam
Moraceae,Ficus bracteata,(Miq.) Wall. ex Miq.,Viet Nam
Moraceae,Ficus callophylla,Blume,Viet Nam
Moraceae,Ficus callosa,Willd.,Viet Nam
Moraceae,Ficus capillipes,Gagnep.,Viet Nam
Moraceae,Ficus chartacea,(Wall. ex Kurz) Wall. ex King,Viet Nam
Moraceae,Ficus concinna,(Miq.) Miq.,Viet Nam
Moraceae,Ficus consociata,Blume,Viet Nam
Moraceae,Ficus costata,Aiton,Viet Nam
Moraceae,Ficus crassiramea,(Miq.) Miq.,Viet Nam
Moraceae,Ficus curtipes,Corner,Viet Nam
Moraceae,Ficus cyrtophylla,(Miq.) Miq.,Viet Nam
Moraceae,Ficus drupacea,Thunb.,Viet Nam
Moraceae,Ficus erecta,Thunb.,Viet Nam
Moraceae,Ficus fistulosa,Reinw. ex Blume,Viet Nam
Moraceae,Ficus fulva,Reinw. ex Blume,Viet Nam
Moraceae,Ficus gasparriniana,Miq.,Viet Nam
Moraceae,Ficus geniculata,Kurz,Viet Nam
Moraceae,Ficus glaberrima,Blume,Viet Nam
Moraceae,Ficus henryi,Warb. ex Diels,Viet Nam
Moraceae,Ficus heteropleura,Blume,Viet Nam
Moraceae,Ficus hispida,L.f.,Viet Nam
Moraceae,Ficus ischnopoda,Miq.,Viet Nam
Moraceae,Ficus koutumensis,Corner,Viet Nam
Moraceae,Ficus kurzii,King,Viet Nam
Moraceae,Ficus lacor,Buch.-Ham.,Viet Nam
Moraceae,Ficus lamponga,Miq.,Viet Nam
Moraceae,Ficus langkokensis,Drake,Viet Nam
Moraceae,Ficus maclellandii,King,Viet Nam
Moraceae,Ficus macropodocarpa,H.Lév. & Vaniot,Viet Nam
Moraceae,Ficus microcarpa,L.f.,Viet Nam
Moraceae,Ficus nervosa,B.Heyne ex Roth,Viet Nam
Moraceae,Ficus orthoneura,H.Lév. & Vaniot,Viet Nam
Moraceae,Ficus parietalis,Blume,Viet Nam
Moraceae,Ficus phanrangensis,Gagnep.,Viet Nam
Moraceae,Ficus praetermissa,Corner,Viet Nam
Moraceae,Ficus prostrata,(Wall. ex Miq.) Buch.-Ham. ex Miq.,Viet Nam
Moraceae,Ficus pubigera,(Wall. ex Miq.) Brandis,Viet Nam
Moraceae,Ficus pubilimba,Merr.,Viet Nam
Moraceae,Ficus pyriformis,Hook. & Arn.,Viet Nam
Moraceae,Ficus quichauensis,S.S.Chang,Viet Nam
Moraceae,Ficus racemosa,L.,Viet Nam
Moraceae,Ficus rumphii,Blume,Viet Nam
Moraceae,Ficus sagittata,Vahl,Viet Nam
Moraceae,Ficus saxophila,Blume,Viet Nam
Moraceae,Ficus scaberrima,Blume,Viet Nam
Moraceae,Ficus semicordata,Buch.-Ham. ex Sm.,Viet Nam
Moraceae,Ficus simplicissima,Lour.,Viet Nam
Moraceae,Ficus stricta,(Miq.) Miq.,Viet Nam
Moraceae,Ficus subcordata,Blume,Viet Nam
Moraceae,Ficus subgelderi,Corner,Viet Nam
Moraceae,Ficus subincisa,Buch.-Ham. ex Sm.,Viet Nam
Moraceae,Ficus subpisocarpa,Gagnep.,Viet Nam
Moraceae,Ficus subulata,Blume,Viet Nam
Moraceae,Ficus sumatrana,Miq.,Viet Nam
Moraceae,Ficus sundaica,Blume,Viet Nam
Moraceae,Ficus superba,(Miq.) Miq.,Viet Nam
Moraceae,Ficus tikoua,Bureau,Viet Nam
Moraceae,Ficus trichocarpa,Blume,Viet Nam
Moraceae,Ficus triloba,Buch.-Ham. ex Voigt,Viet Nam
Moraceae,Ficus trivia,Corner,Viet Nam
Moraceae,Ficus variegata,Blume,Viet Nam
Moraceae,Ficus variolosa,Lindl. ex Benth.,Viet Nam
Moraceae,Ficus vasculosa,Wall. ex Miq.,Viet Nam
Moraceae,Ficus virens,Aiton,Viet Nam
Moraceae,Morus indica,L.,Viet Nam
Moraceae,Morus macroura,Miq.,Viet Nam
Moraceae,Pseudostreblus indicus,Bureau,Viet Nam
Moraceae,Streblus asper,Lour.,Viet Nam
Moraceae,Streblus tonkinensis,(Eberh. & Dubard) Corner,Viet Nam
Moraceae,Taxotrophis ilicifolia,(Kurz) S.Vidal,Viet Nam
Moraceae,Taxotrophis macrophylla,(Blume) Boerl.,Viet Nam
Moraceae,Taxotrophis taxoides,(B.Heyne ex Roth) Chew ex E.M.Gardner,Viet Nam
Moraceae,Taxotrophis zeylanica,(Thwaites) Thwaites,Viet Nam
Myricaceae,Morella esculenta,(Buch.-Ham. ex D.Don) I.M.Turner,Viet Nam
Myristicaceae,Horsfieldia amygdalina,(Wall.) Warb.,Viet Nam
Myristicaceae,Horsfieldia longiflora,W.J.de Wilde,Viet Nam
Myristicaceae,Knema elegans,Warb.,Viet Nam
Myristicaceae,Knema erratica,(Hook.f. & Thomson) J.Sinclair,Viet Nam
Myristicaceae,Knema globularia,(Lam.) Warb.,Viet Nam
Myristicaceae,Knema lenta,Warb.,Viet Nam
Myristicaceae,Knema mixta,W.J.de Wilde,Viet Nam
Myristicaceae,Knema pachycarpa,W.J.de Wilde,Viet Nam
Myristicaceae,Knema pierrei,Warb.,Viet Nam
Myristicaceae,Knema poilanei,W.J.de Wilde,Viet Nam
Myristicaceae,Knema saxatilis,W.J.de Wilde,Viet Nam
Myristicaceae,Knema sessiflora,W.J.de Wilde,Viet Nam
Myristicaceae,Knema squamulosa,W.J.de Wilde,Viet Nam
Myristicaceae,Knema tonkinensis,(Warb.) W.J. de Wilde,Viet Nam
Myristicaceae,Myristica guatteriifolia,A.DC.,Viet Nam
Myrtaceae,Baeckea frutescens,L.,Viet Nam
Myrtaceae,Decaspermum gracilentum,(Hance) Merr. & L.M.Perry,Viet Nam
Myrtaceae,Decaspermum montanum,Ridl.,Viet Nam
Myrtaceae,Decaspermum parviflorum,(Lam.) A.J.Scott,Viet Nam
Myrtaceae,Eugenia nervosa,Lour.,Viet Nam
Myrtaceae,Eugenia roxburghii,DC.,Viet Nam
Myrtaceae,Melaleuca cajuputi,Maton & Sm. ex R.Powell,Viet Nam
Myrtaceae,Rhodamnia dumetorum,(DC.) Merr. & L.M.Perry,Viet Nam
Myrtaceae,Rhodomyrtus tomentosa,(Aiton) Hassk.,Viet Nam
Myrtaceae,Syzygium abortivum,(Gagnep.) Merr. & L.M.Perry,Viet Nam
Myrtaceae,Syzygium acuminatissimum,(Blume) DC.,Viet Nam
Myrtaceae,Syzygium angkae,(Craib) Chantar. & J.Parn.,Viet Nam
Myrtaceae,Syzygium araiocladum,Merr. & L.M.Perry,Viet Nam
Myrtaceae,Syzygium attopeuense,(Gagnep.) Merr. & L.M.Perry,Viet Nam
Myrtaceae,Syzygium balsameum,(Wight) Wall. ex Walp.,Viet Nam
Myrtaceae,Syzygium boisianum,(Gagnep.) Merr. & L.M.Perry,Viet Nam
Myrtaceae,Syzygium bullockii,(Hance) Merr. & L.M.Perry,Viet Nam
Myrtaceae,Syzygium buxifolium,Hook. & Arn.,Viet Nam
Myrtaceae,Syzygium championii,(Benth.) Merr. & L.M.Perry,Viet Nam
Myrtaceae,Syzygium chantaranothaianum,W.K.Soh & J.Parn.,Viet Nam
Myrtaceae,Syzygium chloranthum,(Duthie) Merr. & L.M.Perry,Viet Nam
Myrtaceae,Syzygium claviflorum,(Roxb.) Wall. ex A.M.Cowan & Cowan,Viet Nam
Myrtaceae,Syzygium coarctatum,"(Blume) Byng, N.Snow & Peter G.Wilson",Viet Nam
Myrtaceae,Syzygium corticosum,(Lour.) Merr. & L.M.Perry,Viet Nam
Myrtaceae,Syzygium crassiflorum,Merr. & L.M.Perry,Viet Nam
Myrtaceae,Syzygium cucphuongense,W.K.Soh & J.Parn.,Viet Nam
Myrtaceae,Syzygium cumini,(L.) Skeels,Viet Nam
Myrtaceae,Syzygium fastigiatum,(Blume) Merr. & L.M.Perry,Viet Nam
Myrtaceae,Syzygium glomerulatum,(Gagnep.) Merr. & L.M.Perry,Viet Nam
Myrtaceae,Syzygium grande,(Wight) Walp.,Viet Nam
Myrtaceae,Syzygium hemisphericum,(Wight) Alston,Viet Nam
Myrtaceae,Syzygium imitans,Merr. & L.M.Perry,Viet Nam
Myrtaceae,Syzygium jambos,(L.) Alston,Viet Nam
Myrtaceae,Syzygium levinei,(Merr.) Merr.,Viet Nam
Myrtaceae,Syzygium lineatum,(DC.) Merr. & L.M.Perry,Viet Nam
Myrtaceae,Syzygium malaccense,(L.) Merr. & L.M.Perry,Viet Nam
Myrtaceae,Syzygium nervosum,A.Cunn. ex DC.,Viet Nam
Myrtaceae,Syzygium nigrans,(Gagnep.) Craven & Biffin,Viet Nam
Myrtaceae,Syzygium oblatum,(Roxb.) Wall. ex A.M.Cowan & Cowan,Viet Nam
Myrtaceae,Syzygium odoratum,(Lour.) DC.,Viet Nam
Myrtaceae,Syzygium pachysarcum,(Gagnep.) Merr. & L.M.Perry,Viet Nam
Myrtaceae,Syzygium pierrei,(Gagnep.) Merr. & L.M.Perry,Viet Nam
Myrtaceae,Syzygium polyanthum,(Wight) Walp.,Viet Nam
Myrtaceae,Syzygium praecox,(Roxb.) Rathakr. & N.C.Nair,Viet Nam
Myrtaceae,Syzygium retinervium,(Merr. & L.M.Perry) Craven & Biffin,Viet Nam
Myrtaceae,Syzygium ripicola,(Craib) Merr. & L.M.Perry,Viet Nam
Myrtaceae,Syzygium siamense,(Craib) Chantar. & J.Parn.,Viet Nam
Myrtaceae,Syzygium sterrophyllum,Merr. & L.M.Perry,Viet Nam
Myrtaceae,Syzygium syzygioides,(Miq.) Merr. & L.M.Perry,Viet Nam
Myrtaceae,Syzygium szemaoense,Merr. & L.M.Perry,Viet Nam
Myrtaceae,Syzygium thorelii,(Gagnep.) Merr. & L.M.Perry,Viet Nam
Myrtaceae,Syzygium toddalioides,(Wight) Walp.,Viet Nam
Myrtaceae,Syzygium tonkinense,(Gagnep.) Merr. & L.M.Perry,Viet Nam
Myrtaceae,Syzygium tsoongii,(Merr.) Merr. & L.M.Perry,Viet Nam
Myrtaceae,Syzygium vestitum,Merr. & L.M.Perry,Viet Nam
Myrtaceae,Syzygium zimmermannii,(Warb. ex Craib) Merr. & L.M.Perry,Viet Nam
Nyctaginaceae,Ceodes umbellifera,J.R.Forst. & G.Forst.,Viet Nam
Nyssaceae,Diplopanax stachyanthus,Hand.-Mazz.,Viet Nam
Nyssaceae,Mastixia parviflora,H.Zhu,Viet Nam
Nyssaceae,Mastixia pentandra,Blume,Viet Nam
Nyssaceae,Nyssa bifida,Craib,Viet Nam
Nyssaceae,Nyssa javanica,(Blume) Wangerin,Viet Nam
Nyssaceae,Nyssa sinensis,Oliv.,Viet Nam
Ochnaceae,Campylospermum serratum,(Gaertn.) Bittrich & M.C.E.Amaral,Viet Nam
Ochnaceae,Ochna integerrima,(Lour.) Merr.,Viet Nam
Olacaceae,Anacolosa clarkii,Pierre,Viet Nam
Olacaceae,Anacolosa griffithii,Mast.,Viet Nam
Olacaceae,Anacolosa ilicoides,Mast.,Viet Nam
Olacaceae,Anacolosa poilanei,Gagnep.,Viet Nam
Olacaceae,Erythropalum scandens,Blume,Viet Nam
Olacaceae,Harmandia mekongensis,Baill.,Viet Nam
Olacaceae,Olax imbricata,Roxb.,Viet Nam
Oleaceae,Chengiodendron matsumuranum,"(Hayata) C.B.Shang, X.R.Wang, Yi F.Duan & Yong F.Li",Viet Nam
Oleaceae,Chionanthus macrothyrsus,(Merr.) Soejarto & P.K.Lôc,Viet Nam
Oleaceae,Chionanthus mala-elengi,(Dennst.) P.S.Green,Viet Nam
Oleaceae,Chionanthus microstigma,(Gagnep.) P.S.Green,Viet Nam
Oleaceae,Chionanthus parkinsonii,(Hutch.) Bennet & Raizada,Viet Nam
Oleaceae,Chionanthus ramiflorus,Roxb.,Viet Nam
Oleaceae,Chionanthus robinsonii,(Gagnep.) B.H.Quang,Viet Nam
Oleaceae,Chionanthus thorelii,(Gagnep.) P.S.Green,Viet Nam
Oleaceae,Fraxinus chinensis,Roxb.,Viet Nam
Oleaceae,Fraxinus floribunda,Wall.,Viet Nam
Oleaceae,Fraxinus griffithii,C.B.Clarke,Viet Nam
Oleaceae,Ligustrum confusum,Decne.,Viet Nam
Oleaceae,Ligustrum robustum,(Roxb.) Blume,Viet Nam
Oleaceae,Ligustrum sinense,Lour.,Viet Nam
Oleaceae,Osmanthus heterophyllus,(G.Don) P.S.Green,Viet Nam
Oleaceae,Tetrapilus brachiatus,Lour.,Viet Nam
Oleaceae,Tetrapilus cordatulus,(H.L.Li) L.A.S.Johnson,Viet Nam
Opiliaceae,Champereia manillana,(Blume) Merr.,Viet Nam
Opiliaceae,Lepionurus sylvestris,Blume,Viet Nam
Opiliaceae,Melientha suavis,Pierre,Viet Nam
Opiliaceae,Urobotrya latisquama,(Gagnep.) Hiepko,Viet Nam
Opiliaceae,Urobotrya siamensis,Hiepko,Viet Nam
Pandaceae,Galearia fulva,(Tul.) Miq.,Viet Nam
Pandaceae,Microdesmis caseariifolia,Planch. ex Hook.,Viet Nam
Pandanaceae,Benstonea affinis,(Kurz) Callm. & Buerki,Viet Nam
Pandanaceae,Pandanus capusii,Martelli,Viet Nam
Pandanaceae,Pandanus ceratostigma,Martelli,Viet Nam
Pandanaceae,Pandanus cornifer,H.St.John,Viet Nam
Pandanaceae,Pandanus kaida,Kurz,Viet Nam
Pandanaceae,Pandanus multidrupaceus,H.St.John,Viet Nam
Pandanaceae,Pandanus odorifer,(Forssk.) Kuntze,Viet Nam
Pandanaceae,Pandanus urophyllus,Hance,Viet Nam
Paulowniaceae,Paulownia fargesii,Franch.,Viet Nam
Paulowniaceae,Paulownia fortunei,(Seem.) Hemsl.,Viet Nam
Paulowniaceae,Wightia speciosissima,(D. Don) Merr.,Viet Nam
Pentaphylacaceae,Adinandra annamensis,Gagnep. ex Kobuski,Viet Nam
Pentaphylacaceae,Adinandra caudata,Gagnep. ex Kobuski,Viet Nam
Pentaphylacaceae,Adinandra donnaiensis,Gagnep. ex Kobuski,Viet Nam
Pentaphylacaceae,Adinandra grandifolia,Hien & Yakovlev,Viet Nam
Pentaphylacaceae,Adinandra hainanensis,Hayata,Viet Nam
Pentaphylacaceae,Adinandra lancipetala,L.K.Ling,Viet Nam
Pentaphylacaceae,Adinandra lienii,Hien & Yakovlev,Viet Nam
Pentaphylacaceae,Adinandra megaphylla,Hu,Viet Nam
Pentaphylacaceae,Anneslea donnaiensis,(Gagnep.) Kobuski,Viet Nam
Pentaphylacaceae,Anneslea fragrans,Wall.,Viet Nam
Pentaphylacaceae,Anneslea paradoxa,H.H.Nguyen & Yakovlev,Viet Nam
Pentaphylacaceae,Cleyera obovata,H.T.Chang,Viet Nam
Pentaphylacaceae,Eurya acuminata,DC.,Viet Nam
Pentaphylacaceae,Eurya cerasifolia,(D.Don) Kobuski,Viet Nam
Pentaphylacaceae,Eurya cuneata,Kobuski,Viet Nam
Pentaphylacaceae,Eurya distichophylla,F.B.Forbes & Hemsl.,Viet Nam
Pentaphylacaceae,Eurya groffii,Merr.,Viet Nam
Pentaphylacaceae,Eurya henryi,Hemsl.,Viet Nam
Pentaphylacaceae,Eurya laotica,Gagnep.,Viet Nam
Pentaphylacaceae,Eurya megatrichocarpa,Hung T.Chang,Viet Nam
Pentaphylacaceae,Eurya nitida,Korth.,Viet Nam
Pentaphylacaceae,Eurya persicifolia,Gagnep.,Viet Nam
Pentaphylacaceae,Eurya quinquelocularis,Kobuski,Viet Nam
Pentaphylacaceae,Eurya stenophylla,Merr.,Viet Nam
Pentaphylacaceae,Eurya subintegra,Kobuski,Viet Nam
Pentaphylacaceae,Eurya tonkinensis,Gagnep.,Viet Nam
Pentaphylacaceae,Eurya trichocarpa,Korth.,Viet Nam
Pentaphylacaceae,Eurya tsingpienensis,Hu,Viet Nam
Pentaphylacaceae,Pentaphylax euryoides,Gardner & Champ.,Viet Nam
Pentaphylacaceae,Ternstroemia gymnanthera,(Wight & Arn.) Bedd.,Viet Nam
Pentaphylacaceae,Ternstroemia kwangtungensis,Merr.,Viet Nam
Peraceae,Chaetocarpus castanocarpus,(Roxb.) Thwaites,Viet Nam
Phyllanthaceae,Actephila excelsa,(Dalzell) Müll.Arg.,Viet Nam
Phyllanthaceae,Actephila subsessilis,Gagnep.,Viet Nam
Phyllanthaceae,Antidesma acidum,Retz.,Viet Nam
Phyllanthaceae,Antidesma bunius,(L.) Spreng.,Viet Nam
Phyllanthaceae,Antidesma chonmon,Gagnep.,Viet Nam
Phyllanthaceae,Antidesma cochinchinense,Gagnep.,Viet Nam
Phyllanthaceae,Antidesma fordii,Hemsl.,Viet Nam
Phyllanthaceae,Antidesma ghaesembilla,Gaertn.,Viet Nam
Phyllanthaceae,Antidesma hainanense,Merr.,Viet Nam
Phyllanthaceae,Antidesma japonicum,Siebold & Zucc.,Viet Nam
Phyllanthaceae,Antidesma maclurei,Merr.,Viet Nam
Phyllanthaceae,Antidesma montanum,Blume,Viet Nam
Phyllanthaceae,Antidesma puncticulatum,Miq.,Viet Nam
Phyllanthaceae,Antidesma venosum,E.Mey. ex Tul.,Viet Nam
Phyllanthaceae,Aporosa duthieana,King ex Pax & K.Hoffm.,Viet Nam
Phyllanthaceae,Aporosa ficifolia,Baill.,Viet Nam
Phyllanthaceae,Aporosa octandra,(Buch.-Ham. ex D.Don) Vickery,Viet Nam
Phyllanthaceae,Aporosa planchoniana,Baill. ex Müll.Arg.,Viet Nam
Phyllanthaceae,Aporosa tetrapleura,Hance,Viet Nam
Phyllanthaceae,Aporosa villosa,(Lindl.) Baill.,Viet Nam
Phyllanthaceae,Aporosa yunnanensis,(Pax & K.Hoffm.) F.P.Metcalf,Viet Nam
Phyllanthaceae,Baccaurea annamensis,Gagnep.,Viet Nam
Phyllanthaceae,Baccaurea ramiflora,Lour.,Viet Nam
Phyllanthaceae,Baccaurea sylvestris,Lour.,Viet Nam
Phyllanthaceae,Bischofia javanica,Blume,Viet Nam
Phyllanthaceae,Breynia bicolor,(Craib) Chakrab. & N.P.Balakr.,Viet Nam
Phyllanthaceae,Breynia fruticosa,(L.) Müll.Arg.,Viet Nam
Phyllanthaceae,Breynia indosinensis,Beille,Viet Nam
Phyllanthaceae,Breynia kitanovii,(Thin) Welzen & Pruesapan,Viet Nam
Phyllanthaceae,Breynia macrantha,(Hassk.) Chakrab. & N.P.Balakr.,Viet Nam
Phyllanthaceae,Breynia pierrei,(Beille) Welzen & Pruesapan,Viet Nam
Phyllanthaceae,Breynia retusa,(Dennst.) Alston,Viet Nam
Phyllanthaceae,Breynia rostrata,Merr.,Viet Nam
Phyllanthaceae,Breynia septata,Beille,Viet Nam
Phyllanthaceae,Breynia subindochinensis,Thin,Viet Nam
Phyllanthaceae,Breynia tiepii,Welzen & Pruesapan,Viet Nam
Phyllanthaceae,Breynia vitis-idaea,(Burm.f.) C.E.C.Fisch.,Viet Nam
Phyllanthaceae,Bridelia balansae,Tutcher,Viet Nam
Phyllanthaceae,Bridelia curtisii,Hook.f.,Viet Nam
Phyllanthaceae,Bridelia insulana,Hance,Viet Nam
Phyllanthaceae,Bridelia retusa,(L.) A.Juss.,Viet Nam
Phyllanthaceae,Bridelia stipularis,(L.) Blume,Viet Nam
Phyllanthaceae,Bridelia tomentosa,Blume,Viet Nam
Phyllanthaceae,Cleistanthus hirsutulus,Hook.f.,Viet Nam
Phyllanthaceae,Cleistanthus oblongifolius,(Roxb.) Müll.Arg.,Viet Nam
Phyllanthaceae,Cleistanthus petelotii,Merr. ex Croizat,Viet Nam
Phyllanthaceae,Cleistanthus sumatranus,(Miq.) Müll.Arg.,Viet Nam
Phyllanthaceae,Cleistanthus tomentosus,Hance,Viet Nam
Phyllanthaceae,Cleistanthus tonkinensis,Jabl.,Viet Nam
Phyllanthaceae,Glochidion bachmaense,Thin,Viet Nam
Phyllanthaceae,Glochidion coccineum,(Banks) Müll.Arg.,Viet Nam
Phyllanthaceae,Glochidion ellipticum,Wight,Viet Nam
Phyllanthaceae,Glochidion heyneanum,(Wight & Arn.) Wight,Viet Nam
Phyllanthaceae,Glochidion roseum,(Craib & Hutch.) R.W.Bouman,Viet Nam
Phyllanthaceae,Glochidion rubrum,Blume,Viet Nam
Phyllanthaceae,Glochidion zeylanicum,(Gaertn.) A.Juss.,Viet Nam
Phyllanthaceae,Hymenocardia punctata,Wall. ex Lindl.,Viet Nam
Phyllanthaceae,Margaritaria indica,(Dalzell) Airy Shaw,Viet Nam
Phyllanthaceae,Phyllanthus collinsiae,Craib,Viet Nam
Phyllanthaceae,Phyllanthus daltonii,Müll.Arg.,Viet Nam
Phyllanthaceae,Phyllanthus dunnianus,(H.Lév.) Hand.-Mazz. ex Rehder,Viet Nam
Phyllanthaceae,Phyllanthus eriocarpus,(Champ. ex Benth.) Müll.Arg.,Viet Nam
Phyllanthaceae,Phyllanthus glomerulatus,(Miq.) Müll.Arg.,Viet Nam
Phyllanthaceae,Phyllanthus lanceolarius,(Roxb.) Müll.Arg.,Viet Nam
Phyllanthaceae,Phyllanthus littoralis,(Blume) Müll.Arg.,Viet Nam
Phyllanthaceae,Phyllanthus lutescens,(Blume) Müll.Arg.,Viet Nam
Phyllanthaceae,Phyllanthus obscurus,Roxb. ex Willd.,Viet Nam
Phyllanthaceae,Phyllanthus pachyphyllus,Müll.Arg.,Viet Nam
Phyllanthaceae,Phyllanthus ruber,(Lour.) Spreng.,Viet Nam
Phyllanthaceae,Phyllanthus sphaerogynus,Müll.Arg.,Viet Nam
Phyllanthaceae,Phyllanthus subscandens,(Zoll. & Moritzi) Müll.Arg.,Viet Nam
Pinaceae,Abies delavayi,Franch.,Viet Nam
Pinaceae,Keteleeria davidiana,(C.E.Bertrand) Beissn.,Viet Nam
Pinaceae,Keteleeria evelyniana,Mast.,Viet Nam
Pinaceae,Keteleeria fortunei,(A.Murray) Carrière,Viet Nam
Pinaceae,Pinus cernua,"P.K.Lôc ex Aver., K.S.Nguyen & T.H.Nguyên",Viet Nam
Pinaceae,Pinus dalatensis,Ferré,Viet Nam
Pinaceae,Pinus fenzeliana,Hand.-Mazz.,Viet Nam
Pinaceae,Pinus krempfii,Lecomte,Viet Nam
Pinaceae,Pinus latteri,Mason,Viet Nam
Pinaceae,Pinus merkusii,Jungh. & de Vriese,Viet Nam
Pinaceae,Tsuga chinensis,(Franch.) Pritz.,Viet Nam
Pinaceae,Tsuga dumosa,(D.Don) Eichler,Viet Nam
Pittosporaceae,Pittosporum balansae,Aug. DC.,Viet Nam
Pittosporaceae,Pittosporum ferrugineum,W.T.Aiton,Viet Nam
Pittosporaceae,Pittosporum pentandrum,(Blanco) Merr.,Viet Nam
Platanaceae,Platanus kerrii,Gagnep.,Viet Nam
Podocarpaceae,Dacrycarpus imbricatus,(Blume) de Laub.,Viet Nam
Podocarpaceae,Dacrydium elatum,(Roxb.) Wall. ex Hook.,Viet Nam
Podocarpaceae,Nageia fleuryi,(Hickel) de Laub.,Viet Nam
Podocarpaceae,Nageia wallichiana,(C.Presl) Kuntze,Viet Nam
Podocarpaceae,Podocarpus neriifolius,D.Don,Viet Nam
Podocarpaceae,Podocarpus pilgeri,Foxw.,Viet Nam
Polygalaceae,Polygala arillata,Buch.-Ham. ex D. Don,Viet Nam
Polygalaceae,Polygala wattersii,Hance,Viet Nam
Polygalaceae,Xanthophyllum annamense,Gagnep.,Viet Nam
Polygalaceae,Xanthophyllum bibracteatum,Gagnep.,Viet Nam
Polygalaceae,Xanthophyllum cochinchinense,Meijden,Viet Nam
Polygalaceae,Xanthophyllum colubrinum,Gagnep.,Viet Nam
Polygalaceae,Xanthophyllum eberhardtii,Gagnep.,Viet Nam
Polygalaceae,Xanthophyllum hainanense,Hu,Viet Nam
Polygalaceae,Xanthophyllum lanceatum,J.J.Sm.,Viet Nam
Polygalaceae,Xanthophyllum poilanei,Meijden,Viet Nam
Polygalaceae,Xanthophyllum punctatum,Meijden,Viet Nam
Polygalaceae,Xanthophyllum sylvestre,S.Moore,Viet Nam
Polygalaceae,Xanthophyllum virens,Roxb.,Viet Nam
Primulaceae,Aegiceras floridum,Roem. & Schult.,Viet Nam
Primulaceae,Ardisia amherstiana,A.DC.,Viet Nam
Primulaceae,Ardisia applanata,C.M.Hu & J.E.Vidal,Viet Nam
Primulaceae,Ardisia argentea,Pit.,Viet Nam
Primulaceae,Ardisia attenuata,Wall. ex A.DC.,Viet Nam
Primulaceae,Ardisia baviensis,C.M.Hu & J.E.Vidal,Viet Nam
Primulaceae,Ardisia elliptica,Thunb.,Viet Nam
Primulaceae,Ardisia gracilenta,C.M.Hu & J.E.Vidal,Viet Nam
Primulaceae,Ardisia graciliflora,Pit.,Viet Nam
Primulaceae,Ardisia ixorifolia,Pit.,Viet Nam
Primulaceae,Ardisia lecomtei,Pit.,Viet Nam
Primulaceae,Ardisia lucidula,C.M.Hu & J.E.Vidal,Viet Nam
Primulaceae,Ardisia maxima,Pit.,Viet Nam
Primulaceae,Ardisia micranthera,Pit.,Viet Nam
Primulaceae,Ardisia murtonii,H.R.Fletcher,Viet Nam
Primulaceae,Ardisia neriifolia,Wall. ex A.DC.,Viet Nam
Primulaceae,Ardisia nigropilosa,Pit.,Viet Nam
Primulaceae,Ardisia obtusa,Mez,Viet Nam
Primulaceae,Ardisia oxyphylla,Wall. ex A.DC.,Viet Nam
Primulaceae,Ardisia polysticta,Miq.,Viet Nam
Primulaceae,Ardisia quangnamensis,C.M.Hu & J.E.Vidal,Viet Nam
Primulaceae,Ardisia quinquegona,Blume,Viet Nam
Primulaceae,Ardisia ravida,C.M.Hu & J.E.Vidal,Viet Nam
Primulaceae,Ardisia rhodochroa,C.M.Hu & J.E.Vidal,Viet Nam
Primulaceae,Ardisia thyrsiflora,D.Don,Viet Nam
Primulaceae,Ardisia waitakii,C.M.Hu,Viet Nam
Primulaceae,Maesa indica,(Roxb.) A. DC.,Viet Nam
Primulaceae,Maesa ramentacea,(Roxb.) A. DC.,Viet Nam
Primulaceae,Maesa reticulata,C.Y. Wu,Viet Nam
Primulaceae,Myrsine linearis,(Lour.) Poir.,Viet Nam
Primulaceae,Myrsine seguinii,H. Lév.,Viet Nam
Proteaceae,Helicia cochinchinensis,Lour.,Viet Nam
Proteaceae,Helicia excelsa,(Roxb.) Blume,Viet Nam
Proteaceae,Helicia falcata,C.Y.Wu,Viet Nam
Proteaceae,Helicia formosana,Hemsl.,Viet Nam
Proteaceae,Helicia grandifolia,Lecomte,Viet Nam
Proteaceae,Helicia grandis,Hemsl.,Viet Nam
Proteaceae,Helicia hainanensis,Hayata,Viet Nam
Proteaceae,Helicia nilagirica,Bedd.,Viet Nam
Proteaceae,Helicia obovatifolia,Merr. & Chun,Viet Nam
Proteaceae,Heliciopsis terminalis,(Kurz) Sleumer,Viet Nam
Putranjivaceae,Drypetes arcuatinervia,Merr. & Chun,Viet Nam
Putranjivaceae,Drypetes hainanensis,Merr.,Viet Nam
Putranjivaceae,Drypetes hoaensis,Gagnep.,Viet Nam
Putranjivaceae,Drypetes obtusa,Merr. & Chun,Viet Nam
Putranjivaceae,Drypetes perreticulata,Gagnep.,Viet Nam
Putranjivaceae,Drypetes salicifolia,Gagnep.,Viet Nam
Putranjivaceae,Putranjiva roxburghii,Wall.,Viet Nam
Rhamnaceae,Alphitonia philippinensis,Braid,Viet Nam
Rhamnaceae,Berchemia floribunda,(Wall.) Brongn.,Viet Nam
Rhamnaceae,Frangula crenata,(Siebold & Zucc.) Miq.,Viet Nam
Rhamnaceae,Rhamnella rubrinervis,(H.Lév.) Rehder,Viet Nam
Rhamnaceae,Rhamnus subapetala,Merr.,Viet Nam
Rhamnaceae,Scutia myrtina,(Burm.f.) Kurz,Viet Nam
Rhamnaceae,Ziziphus cambodiana,Pierre,Viet Nam
Rhamnaceae,Ziziphus jujuba,Mill.,Viet Nam
Rhamnaceae,Ziziphus laui,Merr.,Viet Nam
Rhamnaceae,Ziziphus mauritiana,Lam.,Viet Nam
Rhamnaceae,Ziziphus rugosa,Lam.,Viet Nam
Rhizophoraceae,Bruguiera cylindrica,(L.) Blume,Viet Nam
Rhizophoraceae,Bruguiera gymnorhiza,(L.) Lam.,Viet Nam
Rhizophoraceae,Bruguiera parviflora,(Roxb.) Wight & Arn. ex Griff.,Viet Nam
Rhizophoraceae,Bruguiera sexangula,(Lour.) Poir.,Viet Nam
Rhizophoraceae,Carallia brachiata,(Lour.) Merr.,Viet Nam
Rhizophoraceae,Carallia diplopetala,Hand.-Mazz.,Viet Nam
Rhizophoraceae,Carallia eugenioidea,King,Viet Nam
Rhizophoraceae,Ceriops tagal,(Perr.) C.B.Rob.,Viet Nam
Rhizophoraceae,Ceriops zippeliana,Blume,Viet Nam
Rhizophoraceae,Kandelia candel,(L.) Druce,Viet Nam
Rhizophoraceae,Kandelia obovata,"Sheue, H.Y. Liu & J. Yong",Viet Nam
Rhizophoraceae,Rhizophora apiculata,Blume,Viet Nam
Rhizophoraceae,Rhizophora mucronata,Poir.,Viet Nam
Rhizophoraceae,Rhizophora stylosa,Griff.,Viet Nam
Rosaceae,Eriobotrya bengalensis,(Roxb.) Kurz,Viet Nam
Rosaceae,Eriobotrya cavaleriei,(H.Lév.) Rehder,Viet Nam
Rosaceae,Eriobotrya deflexa,(Hemsl.) Nakai,Viet Nam
Rosaceae,Eriobotrya elliptica,Lindl.,Viet Nam
Rosaceae,Eriobotrya fragrans,Champ. ex Benth.,Viet Nam
Rosaceae,Eriobotrya stipularis,Craib,Viet Nam
Rosaceae,Lauro-cerasus undulata,(Buch.-Ham. ex D.Don) M.Roem.,Viet Nam
Rosaceae,Malus doumeri,(Bois) A.Chev.,Viet Nam
Rosaceae,Malus indica,(Colebr. ex Wall.) B.B.Liu,Viet Nam
Rosaceae,Neillia thyrsiflora,D.Don,Viet Nam
Rosaceae,Photinia arguta,Lindl.,Viet Nam
Rosaceae,Photinia benthamiana,Hance,Viet Nam
Rosaceae,Photinia davidiana,(Decne.) Cardot,Viet Nam
Rosaceae,Photinia impressivena,Hayata,Viet Nam
Rosaceae,Photinia integrifolia,Lindl.,Viet Nam
Rosaceae,Photinia prunifolia,(Hook. & Arn.) Lindl.,Viet Nam
Rosaceae,Prunus campanulata,Maxim.,Viet Nam
Rosaceae,Prunus cerasoides,Buch.-Ham. ex D.Don,Viet Nam
Rosaceae,Prunus ceylanica,(Wight) Miq.        ,Viet Nam
Rosaceae,Prunus fordiana,Dunn,Viet Nam
Rosaceae,Prunus lancilimba,(Merr.) Kalkman,Viet Nam
Rosaceae,Prunus mume,(Siebold) Siebold & Zucc.,Viet Nam
Rosaceae,Prunus phaeosticta,(Hance) Maxim.,Viet Nam
Rosaceae,Prunus undulata,Buch.-Ham. ex D.Don,Viet Nam
Rosaceae,Prunus zippeliana,Miq.,Viet Nam
Rosaceae,Pyrus calleryana,Decne.,Viet Nam
Rosaceae,Pyrus pashia,Buch.-Ham. ex D.Don,Viet Nam
Rosaceae,Pyrus pyrifolia,(Burm.f.) Nakai,Viet Nam
Rosaceae,Rhaphiolepis indica,(L.) Lindl.,Viet Nam
Rosaceae,Rhaphiolepis salicifolia,Lindl.,Viet Nam
Rosaceae,Sorbus corymbifera,(Miq.) T.H.Nguyên & Yakovlev,Viet Nam
Rosaceae,Sorbus epidendron,Hand.-Mazz.,Viet Nam
Rosaceae,Sorbus wallichii,(Hook.f.) T.T.Yu,Viet Nam
Rosaceae,Stranvaesia bodinieri,(H.Lév.) B.B.Liu & J.Wen,Viet Nam
Rubiaceae,Adina cordifolia,(Roxb.) Brandis,Viet Nam
Rubiaceae,Adina pilulifera,(Lam.) Franch. ex Drake,Viet Nam
Rubiaceae,Adina pubicostata,Merr.,Viet Nam
Rubiaceae,Adina trichotoma,(Zoll. & Moritzi) Benth. & Hook.f. ex B.D.Jacks.,Viet Nam
Rubiaceae,Aidia canthioides,(Champ. ex Benth.) Masam.,Viet Nam
Rubiaceae,Aidia chantonea,Tirveng.,Viet Nam
Rubiaceae,Aidia cochinchinensis,Lour.,Viet Nam
Rubiaceae,Aidia henryi,(E.Pritz.) T.Yamaz.,Viet Nam
Rubiaceae,Aidia oxyodonta,(Drake) T.Yamaz.,Viet Nam
Rubiaceae,Aidia pycnantha,(Drake) Tirveng.,Viet Nam
Rubiaceae,Aidia racemosa,(Cav.) Tirveng.,Viet Nam
Rubiaceae,Alleizettella rubra,Pit.,Viet Nam
Rubiaceae,Benkara armigera,(K.Schum.) Ridsdale,Viet Nam
Rubiaceae,Benkara fasciculata,(Roxb.) Ridsdale,Viet Nam
Rubiaceae,Benkara sinensis,(Lour.) Ridsdale,Viet Nam
Rubiaceae,Brachytome wallichii,Hook.f.,Viet Nam
Rubiaceae,Canthium coffeoides,Pierre ex Pit.,Viet Nam
Rubiaceae,Canthium simile,Merr. & Chun,Viet Nam
Rubiaceae,Catunaregam longispina,(Link) Tirveng.,Viet Nam
Rubiaceae,Catunaregam spinosa,(Thunb.) Tirveng.,Viet Nam
Rubiaceae,Cephalanthus angustifolius,Lour.,Viet Nam
Rubiaceae,Cephalanthus tetrandra,(Roxb.) Ridsdale & Bakh.f.,Viet Nam
Rubiaceae,Ceriscoides turgida,(Roxb.) Tirveng.,Viet Nam
Rubiaceae,Chassalia curviflora,(Wall.) Thwaites,Viet Nam
Rubiaceae,Coelospermum truncatum,(Wall.) Baill. ex K.Schum.,Viet Nam
Rubiaceae,Dioecrescis erythroclada,(Kurz) Tirveng.,Viet Nam
Rubiaceae,Diplospora dubia,(Lindl.) Masam.,Viet Nam
Rubiaceae,Diplospora fruticosa,Hemsl.,Viet Nam
Rubiaceae,Discospermum abnorme,(Korth.) S.J.Ali & Robbr.,Viet Nam
Rubiaceae,Discospermum coffeoides,(Pierre ex Pit.) Arriola & A.P.Davis,Viet Nam
Rubiaceae,Discospermum parvifolium,Kuntze,Viet Nam
Rubiaceae,Discospermum quocensis,(Pierre ex Pit.) Arriola & A.P.Davis,Viet Nam
Rubiaceae,Duperrea pavettifolia,(Kurz) Pit.,Viet Nam
Rubiaceae,Eumachia montana,(Blume) I.M.Turner,Viet Nam
Rubiaceae,Fosbergia alleizettii,Tirveng. & Sastre,Viet Nam
Rubiaceae,Fosbergia petelotii,Merr. ex Tirveng. & Sastre,Viet Nam
Rubiaceae,Gardenia annamensis,Pit.,Viet Nam
Rubiaceae,Gardenia jasminoides,J.Ellis,Viet Nam
Rubiaceae,Gardenia obtusifolia,Roxb. ex Hook.f.,Viet Nam
Rubiaceae,Gardenia philastrei,Pierre ex Pit.,Viet Nam
Rubiaceae,Gardenia tubifera,Wall. ex Roxb.,Viet Nam
Rubiaceae,Greenea vietnamensis,Tange,Viet Nam
Rubiaceae,Guettarda speciosa,L.,Viet Nam
Rubiaceae,Gynochthodes umbellata,(L.) Razafim. & B.Bremer,Viet Nam
Rubiaceae,Hymenodictyon flaccidum,Wall.,Viet Nam
Rubiaceae,Hymenodictyon orixense,(Roxb.) Mabb.,Viet Nam
Rubiaceae,Hypobathrum racemosum,(Roxb.) Kurz,Viet Nam
Rubiaceae,Hyptianthera stricta,(Roxb. ex Schult.) Wight & Arn.,Viet Nam
Rubiaceae,Ixora chinensis,Lam.,Viet Nam
Rubiaceae,Ixora cibdela,Craib,Viet Nam
Rubiaceae,Ixora cuneifolia,Roxb.,Viet Nam
Rubiaceae,Ixora delpyana,Pierre ex Pit.,Viet Nam
Rubiaceae,Ixora diversifolia,R.Br. ex Kurz,Viet Nam
Rubiaceae,Ixora finlaysoniana,Wall. ex G.Don,Viet Nam
Rubiaceae,Ixora flavescens,Pierre ex Pit.,Viet Nam
Rubiaceae,Ixora grandifolia,Zoll. & Moritzi,Viet Nam
Rubiaceae,Ixora henryi,H.Lév.,Viet Nam
Rubiaceae,Ixora javanica,(Blume) DC.,Viet Nam
Rubiaceae,Ixora krewanhensis,Pierre ex Pit.,Viet Nam
Rubiaceae,Ixora merguensis,Hook.f.,Viet Nam
Rubiaceae,Ixora nigricans,R.Br. ex Wight & Arn.,Viet Nam
Rubiaceae,Ixora subsessilis,Wall. ex G.Don,Viet Nam
Rubiaceae,Lasianthus chinensis,(Champ.) Benth.,Viet Nam
Rubiaceae,Lasianthus hookeri,C.B.Clarke ex Hook.f.,Viet Nam
Rubiaceae,Luculia gratissima,(Wall.) Sweet,Viet Nam
Rubiaceae,Luculia pinceana,Hook.,Viet Nam
Rubiaceae,Meyna pierrei,Robyns,Viet Nam
Rubiaceae,Meyna pubescens,(Kurz) Robyns,Viet Nam
Rubiaceae,Meyna spinosa,Roxb. ex Link,Viet Nam
Rubiaceae,Mitragyna diversifolia,(Wall. ex G.Don) Havil.,Viet Nam
Rubiaceae,Mitragyna hirsuta,Havil.,Viet Nam
Rubiaceae,Morinda citrifolia,L.,Viet Nam
Rubiaceae,Morinda coreia,Buch.-Ham.,Viet Nam
Rubiaceae,Morinda persicifolia,Buch.-Ham.,Viet Nam
Rubiaceae,Mouretia tonkinensis,Pit.,Viet Nam
Rubiaceae,Mussaenda thorelii,Pit.,Viet Nam
Rubiaceae,Nauclea officinalis,(Pierre ex Pit.) Merr. & Chun,Viet Nam
Rubiaceae,Nauclea orientalis,(L.) L.,Viet Nam
Rubiaceae,Neolamarckia cadamba,(Roxb.) Bosser,Viet Nam
Rubiaceae,Neonauclea calycina,(Bartl. ex DC.) Merr.,Viet Nam
Rubiaceae,Neonauclea purpurea,(Roxb.) Merr.,Viet Nam
Rubiaceae,Neonauclea sessilifolia,(Roxb.) Merr.,Viet Nam
Rubiaceae,Pavetta graciliflora,Wall. ex Ridl.,Viet Nam
Rubiaceae,Pavetta hongkongensis,Bremek.,Viet Nam
Rubiaceae,Pavetta siamica,Bremek.,Viet Nam
Rubiaceae,Pavetta tomentosa,Roxb. ex Sm.,Viet Nam
Rubiaceae,Prismatomeris filamentosa,Craib,Viet Nam
Rubiaceae,Prismatomeris tetrandra,(Roxb.) K.Schum.,Viet Nam
Rubiaceae,Psychotria adenophylla,Wall.,Viet Nam
Rubiaceae,Psychotria asiatica,L.,Viet Nam
Rubiaceae,Psychotria cephalophora,Merr.,Viet Nam
Rubiaceae,Psydrax dicoccos,Gaertn.,Viet Nam
Rubiaceae,Psydrax umbellatus,(Wight) Bridson,Viet Nam
Rubiaceae,Pyrostria cochinchinensis,(Pierre ex Pit.) Utteridge & A.P.Davis,Viet Nam
Rubiaceae,Ridsdalea attopevensis,(Pit.) J.T.Pereira,Viet Nam
Rubiaceae,Ridsdalea daweishanensis,(Y.M.Shui & W.H.Chen) J.T.Pereira,Viet Nam
Rubiaceae,Ridsdalea eucodon,(K.Schum.) J.T.Pereira,Viet Nam
Rubiaceae,Ridsdalea vietnamensis,(Tirveng.) J.T.Pereira,Viet Nam
Rubiaceae,Ridsdalea wittii,(Craib) J.T.Pereira,Viet Nam
Rubiaceae,Rubovietnamia sericantha,"(W.C.Chen) Y.F.Deng, Y.H.Tong, W.B.Xu & N.H.Xia",Viet Nam
Rubiaceae,Schizomussaenda henryi,(Hutch.) X.F.Deng & D.X.Zhang,Viet Nam
Rubiaceae,Scyphiphora hydrophylacea,C.F.Gaertn.,Viet Nam
Rubiaceae,Tamilnadia uliginosa,(Retz.) Tirveng. & Sastre,Viet Nam
Rubiaceae,Tarenna annamensis,Pit.,Viet Nam
Rubiaceae,Tarenna asiatica,(L.) Kuntze ex K.Schum.,Viet Nam
Rubiaceae,Tarenna attenuata,(Hook.f.) Hutch.,Viet Nam
Rubiaceae,Tarenna citrina,Pit.,Viet Nam
Rubiaceae,Tarenna depauperata,Hutch.,Viet Nam
Rubiaceae,Tarenna disperma,(Hook.f.) Pit.,Viet Nam
Rubiaceae,Tarenna hoaensis,Pit.,Viet Nam
Rubiaceae,Tarenna lancilimba,W.C.Chen,Viet Nam
Rubiaceae,Tarenna mollissima,(Walp.) B.L.Rob.,Viet Nam
Rubiaceae,Tarenna quocensis,Pit.,Viet Nam
Rubiaceae,Tarennoidea wallichii,(Hook.f.) Tirveng. & Sastre,Viet Nam
Rubiaceae,Timonius flavescens,(Jacq.) Baker,Viet Nam
Rubiaceae,Urophyllum chinense,Merr. & Chun,Viet Nam
Rubiaceae,Urophyllum longifolium,(Wight) Hook.f.,Viet Nam
Rubiaceae,Urophyllum villosum,Jack ex Wall.,Viet Nam
Rubiaceae,Vidalasia tonkinensis,(Pit.) Tirveng.,Viet Nam
Rubiaceae,Wendlandia formosana,Cowan,Viet Nam
Rubiaceae,Wendlandia glabrata,DC.,Viet Nam
Rubiaceae,Wendlandia paedicalyx,Pit.,Viet Nam
Rubiaceae,Wendlandia paniculata,(Roxb.) DC.,Viet Nam
Rubiaceae,Wendlandia scabra,Kurz,Viet Nam
Rubiaceae,Wendlandia ternifolia,Cowan,Viet Nam
Rubiaceae,Wendlandia thorelii,Pit.,Viet Nam
Rubiaceae,Wendlandia tinctoria,(Roxb.) DC.,Viet Nam
Rubiaceae,Wendlandia tonkiniana,Pit.,Viet Nam
Rubiaceae,Wendlandia uvariifolia,Hance,Viet Nam
Rubiaceae,Xantonneopsis robinsonii,Pit.,Viet Nam
Rutaceae,Acronychia pedunculata,(L.) Miq.,Viet Nam
Rutaceae,Atalantia acuminata,C.C.Huang,Viet Nam
Rutaceae,Atalantia buxifolia,(Poir.) Oliv. ex Benth.,Viet Nam
Rutaceae,Atalantia citroides,Pierre ex Guillaumin,Viet Nam
Rutaceae,Atalantia dasycarpa,C.C.Huang,Viet Nam
Rutaceae,Atalantia guillauminii,Swingle,Viet Nam
Rutaceae,Atalantia henryi,(Swingle) C.C.Huang,Viet Nam
Rutaceae,Atalantia monophylla,DC.,Viet Nam
Rutaceae,Atalantia racemosa,Wight ex Hook.,Viet Nam
Rutaceae,Bergera koenigii,L.,Viet Nam
Rutaceae,Citrus hystrix,DC.,Viet Nam
Rutaceae,Citrus lucida,(Scheff.) Mabb.,Viet Nam
Rutaceae,Citrus maxima,(Burm.) Merr.,Viet Nam
Rutaceae,Clausena excavata,Burm.f.,Viet Nam
Rutaceae,Clausena heptaphylla,(Roxb.) Wight & Arn.,Viet Nam
Rutaceae,Clausena lansium,(Lour.) Skeels,Viet Nam
Rutaceae,Clausena lenis,Drake,Viet Nam
Rutaceae,Glycosmis cochinchinensis,(Lour.) Pierre ex Engl.,Viet Nam
Rutaceae,Glycosmis crassifolia,Ridl.,Viet Nam
Rutaceae,Glycosmis lanceolata,(Blume) D.Dietr.,Viet Nam
Rutaceae,Glycosmis parviflora,(Sims) Little,Viet Nam
Rutaceae,Glycosmis pentaphylla,(Retz.) DC.,Viet Nam
Rutaceae,Glycosmis pseudoracemosa,Swingle,Viet Nam
Rutaceae,Harrisonia perforata,(Blanco) Merr.,Viet Nam
Rutaceae,Maclurodendron oligophlebium,(Merr.) T.G.Hartley,Viet Nam
Rutaceae,Melicope accedens,(Blume) T.G.Hartley,Viet Nam
Rutaceae,Melicope pteleifolia,(Champ. ex Benth.) T.G.Hartley,Viet Nam
Rutaceae,Melicope viticina,(Wall. ex Kurtz) T.G.Hartley,Viet Nam
Rutaceae,Micromelum hirsutum,Oliv.,Viet Nam
Rutaceae,Micromelum integerrimum,(Roxb. ex DC.) Wight & Arn. ex M.Roem.,Viet Nam
Rutaceae,Micromelum minutum,(G.Forst.) Wight & Arn.,Viet Nam
Rutaceae,Murraya paniculata,(L.) Jack,Viet Nam
Rutaceae,Skimmia arborescens,T. Anderson ex Gamble,Viet Nam
Rutaceae,Skimmia multinervia,C.C. Huang,Viet Nam
Rutaceae,Tetradium austrosinense,(Hand.-Mazz.) T.G.Hartley,Viet Nam
Rutaceae,Tetradium fraxinifolium,(Hook.f.) T.G.Hartley,Viet Nam
Rutaceae,Tetradium glabrifolium,(Champ. ex Benth.) T.G.Hartley,Viet Nam
Rutaceae,Tetradium trichotomum,Lour.,Viet Nam
Rutaceae,Zanthoxylum acanthopodium,DC.,Viet Nam
Rutaceae,Zanthoxylum armatum,DC.,Viet Nam
Rutaceae,Zanthoxylum avicennae,(Lam.) DC.,Viet Nam
Rutaceae,Zanthoxylum dimorphophyllum,Hemsl.,Viet Nam
Rutaceae,Zanthoxylum myriacanthum,Wall. ex Hook.f.,Viet Nam
Rutaceae,Zanthoxylum nitidum,(Roxb.) DC.,Viet Nam
Rutaceae,Zanthoxylum rhetsa,(Roxb.) DC.,Viet Nam
Sabiaceae,Meliosma arnottiana,(Wight) Walp.,Viet Nam
Sabiaceae,Meliosma dumicola,W.W.Sm.,Viet Nam
Sabiaceae,Meliosma fordii,Hemsl.,Viet Nam
Sabiaceae,Meliosma laui,Merr.,Viet Nam
Sabiaceae,Meliosma lepidota,Blume,Viet Nam
Sabiaceae,Meliosma longipes,Merr.,Viet Nam
Sabiaceae,Meliosma paupera,Hand.-Mazz.,Viet Nam
Sabiaceae,Meliosma rigida,Siebold & Zucc.,Viet Nam
Sabiaceae,Meliosma thorelii,Lecomte,Viet Nam
Sabiaceae,Meliosma velutina,Rehder & E.H.Wilson,Viet Nam
Salicaceae,Bennettiodendron cordatum,Merr.,Viet Nam
Salicaceae,Carrierea dunniana,H.Lév.,Viet Nam
Salicaceae,Casearia andamanica,King,Viet Nam
Salicaceae,Casearia flexuosa,Craib,Viet Nam
Salicaceae,Casearia glomerata,Roxb.,Viet Nam
Salicaceae,Casearia graveolens,Dalzell,Viet Nam
Salicaceae,Casearia tardieuae,Lescot & Sleumer,Viet Nam
Salicaceae,Casearia velutina,Blume,Viet Nam
Salicaceae,Flacourtia indica,(Burm.f.) Merr.,Viet Nam
Salicaceae,Flacourtia oppositifolia,Gagnep.,Viet Nam
Salicaceae,Flacourtia rukam,Zoll. & Moritzi,Viet Nam
Salicaceae,Hemiscolopia trimera,Slooten,Viet Nam
Salicaceae,Homalium caryophyllaceum,(Zoll. & Moritzi) Benth.,Viet Nam
Salicaceae,Homalium ceylanicum,(Gardner) Benth.,Viet Nam
Salicaceae,Homalium cochinchinense,(Lour.) Druce,Viet Nam
Salicaceae,Homalium dasyanthum,(Turcz.) W.Theob.,Viet Nam
Salicaceae,Homalium glandulosum,Tagane & V.H.Nguyen,Viet Nam
Salicaceae,Homalium grandiflorum,Benth.,Viet Nam
Salicaceae,Homalium mollissimum,Merr.,Viet Nam
Salicaceae,Itoa orientalis,Hemsl.,Viet Nam
Salicaceae,Osmelia philippina,(Turcz.) Fern.-Vill.,Viet Nam
Salicaceae,Salix balansae,Seemen,Viet Nam
Salicaceae,Salix tetrasperma,Roxb.,Viet Nam
Salicaceae,Scolopia buxifolia,Gagnep.,Viet Nam
Salicaceae,Scolopia chinensis,(Lour.) Clos,Viet Nam
Salicaceae,Scolopia macrophylla,(Wight & Arn.) Clos,Viet Nam
Salicaceae,Scolopia saeva,(Hance) Hance,Viet Nam
Salicaceae,Scolopia spinosa,(Roxb.) Warb.,Viet Nam
Salicaceae,Xylosma controversa,Clos,Viet Nam
Salicaceae,Xylosma longifolia,Clos,Viet Nam
Salvadoraceae,Azima sarmentosa,(Blume) Benth. & Hook.f.,Viet Nam
Santalaceae,Osyris lanceolata,Hochst. & Steud.,Viet Nam
Santalaceae,Scleropyrum pentandrum,(Dennst.) Mabb.,Viet Nam
Sapindaceae,Acer amplum,Rehder,Viet Nam
Sapindaceae,Acer calcaratum,Gagnep.,Viet Nam
Sapindaceae,Acer campbellii,Hook.f. & Thomson ex Hiern,Viet Nam
Sapindaceae,Acer erythranthum,Gagnep.,Viet Nam
Sapindaceae,Acer fabri,Hance,Viet Nam
Sapindaceae,Acer fenzelianum,Hand.-Mazz.,Viet Nam
Sapindaceae,Acer flabellatum,Rehder,Viet Nam
Sapindaceae,Acer heptaphlebium,Gagnep.,Viet Nam
Sapindaceae,Acer laevigatum,Wall.,Viet Nam
Sapindaceae,Acer laurinum,Hassk.,Viet Nam
Sapindaceae,Acer oblongum,Wall. ex DC.,Viet Nam
Sapindaceae,Acer oliverianum,Pax,Viet Nam
Sapindaceae,Acer paihengii,W.P.Fang,Viet Nam
Sapindaceae,Acer pinnatinervium,Merr.,Viet Nam
Sapindaceae,Acer sikkimense,Miq.,Viet Nam
Sapindaceae,Acer tonkinense,Lecomte,Viet Nam
Sapindaceae,Acer wilsonii,Rehder,Viet Nam
Sapindaceae,Aesculus assamica,Griff.,Viet Nam
Sapindaceae,Aesculus wangii,Hu,Viet Nam
Sapindaceae,Allophylus brachypetalus,Gagnep.,Viet Nam
Sapindaceae,Allophylus brachystachys,Radlk.,Viet Nam
Sapindaceae,Allophylus caudatus,Radlk.,Viet Nam
Sapindaceae,Allophylus cobbe,(L.) Raeusch.,Viet Nam
Sapindaceae,Allophylus dimorphus,Radlk.,Viet Nam
Sapindaceae,Allophylus grandiflorus,Radlk.,Viet Nam
Sapindaceae,Allophylus hayatae,Gagnep.,Viet Nam
Sapindaceae,Allophylus laxiflorus,Gagnep.,Viet Nam
Sapindaceae,Allophylus livescens,Gagnep.,Viet Nam
Sapindaceae,Allophylus longipes,Radlk.,Viet Nam
Sapindaceae,Allophylus macrodontus,Merr.,Viet Nam
Sapindaceae,Allophylus petelotii,Merr.,Viet Nam
Sapindaceae,Allophylus serratus,(Hiern) Kurz ,Viet Nam
Sapindaceae,Amesiodendron chinense,(Merr.) Hu,Viet Nam
Sapindaceae,Arytera litoralis,Blume,Viet Nam
Sapindaceae,Boniodendron parviflorum,(Lecomte) Gagnep.,Viet Nam
Sapindaceae,Delavaya toxocarpa,Franch.,Viet Nam
Sapindaceae,Dimocarpus fumatus,(Blume) Leenh.,Viet Nam
Sapindaceae,Dimocarpus longan,Lour.,Viet Nam
Sapindaceae,Dodonaea viscosa,(L.) Jacq.,Viet Nam
Sapindaceae,Ganophyllum falcatum,Blume,Viet Nam
Sapindaceae,Glenniea philippinensis,(Radlk.) Leenh.,Viet Nam
Sapindaceae,Glenniea thorelii,(Pierre) Leenh.,Viet Nam
Sapindaceae,Guioa diplopetala,(Hassk.) Radlk.,Viet Nam
Sapindaceae,Guioa pleuropteris,(Blume) Radlk.,Viet Nam
Sapindaceae,Harpullia arborea,(Blanco) Radlk.,Viet Nam
Sapindaceae,Harpullia cupanioides,Roxb.,Viet Nam
Sapindaceae,Lepisanthes fruticosa,(Roxb.) Leenh.,Viet Nam
Sapindaceae,Lepisanthes rubiginosa,(Roxb.) Leenh.,Viet Nam
Sapindaceae,Lepisanthes senegalensis,(Poir.) Leenh.,Viet Nam
Sapindaceae,Lepisanthes tetraphylla,(Vahl) Radlk.,Viet Nam
Sapindaceae,Mischocarpus pentapetalus,(Roxb.) Radlk.,Viet Nam
Sapindaceae,Mischocarpus sundaicus,Blume,Viet Nam
Sapindaceae,Nephelium cuspidatum,Blume,Viet Nam
Sapindaceae,Nephelium hypoleucum,Kurz,Viet Nam
Sapindaceae,Nephelium lappaceum,L.,Viet Nam
Sapindaceae,Nephelium melliferum,Gagnep.,Viet Nam
Sapindaceae,Paranephelium spirei,Lecomte,Viet Nam
Sapindaceae,Pavieasia anamensis,Pierre,Viet Nam
Sapindaceae,Pometia pinnata,J.R.Forst. & G.Forst.,Viet Nam
Sapindaceae,Sapindus mukorossi,Gaertn.,Viet Nam
Sapindaceae,Sapindus rarak,DC.,Viet Nam
Sapindaceae,Schleichera oleosa,(Lour.) Oken,Viet Nam
Sapindaceae,Sisyrolepis muricata,(Pierre) Leenh.,Viet Nam
Sapindaceae,Zollingeria dongnaiensis,Pierre,Viet Nam
Sapotaceae,Donella lanceolata,(Blume) Aubrév.,Viet Nam
Sapotaceae,Eberhardtia aurata,(Pierre ex Dubard) Lecomte,Viet Nam
Sapotaceae,Eberhardtia krempfii,Lecomte,Viet Nam
Sapotaceae,Eberhardtia tonkinensis,Lecomte,Viet Nam
Sapotaceae,Madhuca alpina,(A.Chev. ex Lecomte) A.Chev.,Viet Nam
Sapotaceae,Madhuca butyrospermoides,A.Chev.,Viet Nam
Sapotaceae,Madhuca cochinchinensis,(Pierre ex Dubard) H.J.Lam,Viet Nam
Sapotaceae,Madhuca dongnaiensis,(Pierre) Baehni,Viet Nam
Sapotaceae,Madhuca elliptica,(Pierre ex Dubard) H.J.Lam,Viet Nam
Sapotaceae,Madhuca firma,(Pierre ex Dubard) H.J.Lam,Viet Nam
Sapotaceae,Madhuca floribunda,(Pierre ex Dubard) H.J.Lam,Viet Nam
Sapotaceae,Madhuca pasquieri,(Dubard) H.J.Lam,Viet Nam
Sapotaceae,Manilkara hexandra,(Roxb.) Dubard,Viet Nam
Sapotaceae,Manilkara kauki,(L.) Dubard,Viet Nam
Sapotaceae,Mimusops elengi,L.,Viet Nam
Sapotaceae,Palaquium annamense,Lecomte,Viet Nam
Sapotaceae,Palaquium obovatum,(Griff.) Engl.,Viet Nam
Sapotaceae,Palaquium polyanthum,(Wall. ex G.Don) Baill.,Viet Nam
Sapotaceae,Palaquium ridleyi,King & Gamble,Viet Nam
Sapotaceae,Payena annamensis,Lecomte,Viet Nam
Sapotaceae,Planchonella annamensis,Pierre ex Dubard,Viet Nam
Sapotaceae,Planchonella clemensii,(Lecomte) P.Royen,Viet Nam
Sapotaceae,Planchonella obovata,(R.Br.) Pierre,Viet Nam
Sapotaceae,Sarcosperma affine,Gagnep.,Viet Nam
Sapotaceae,Sarcosperma angustifolium,Gagnep.,Viet Nam
Sapotaceae,Sarcosperma kachinense,(King & Pantl.) Exell,Viet Nam
Sapotaceae,Sarcosperma kontumense,Gagnep. ex Aubrév.,Viet Nam
Sapotaceae,Sarcosperma laurinum,(Benth.) Hook.f.,Viet Nam
Sapotaceae,Sarcosperma ovatifolium,Gagnep.,Viet Nam
Sapotaceae,Sarcosperma pedunculatum,Hemsl.,Viet Nam
Sapotaceae,Sideroxylon wightianum,Hook. & Arn.,Viet Nam
Sapotaceae,Xantolis baranensis,(Lecomte) P.Royen,Viet Nam
Sapotaceae,Xantolis boniana,(Dubard) P.Royen,Viet Nam
Sapotaceae,Xantolis cambodiana,(Pierre ex Dubard) P.Royen,Viet Nam
Sapotaceae,Xantolis maritima,(Pierre ex Dubard) P.Royen,Viet Nam
Sapotaceae,Xantolis racemosa,(Dubard) P.Royen,Viet Nam
Sapotaceae,Xantolis tomentosa,(Roxb.) Raf.,Viet Nam
Schisandraceae,Illicium majus,Hook.f. & Thomson,Viet Nam
Schisandraceae,Illicium parvifolium,Merr.,Viet Nam
Schisandraceae,Illicium petelotii,A.C.Sm.,Viet Nam
Schisandraceae,Illicium ternstroemioides,A.C.Sm.,Viet Nam
Schoepfiaceae,Schoepfia fragrans,Wall.,Viet Nam
Schoepfiaceae,Schoepfia jasminodora,Siebold & Zucc.,Viet Nam
Scrophulariaceae,Buddleja asiatica,Lour.,Viet Nam
Scrophulariaceae,Buddleja macrostachya,Benth.,Viet Nam
Scrophulariaceae,Buddleja officinalis,Maxim.,Viet Nam
Scrophulariaceae,Buddleja paniculata,Wall.,Viet Nam
Simaroubaceae,Ailanthus integrifolia,Lam.,Viet Nam
Simaroubaceae,Ailanthus triphysa,(Dennst.) Alston,Viet Nam
Simaroubaceae,Ailanthus vietnamensis,H.V.Sam & Noot.,Viet Nam
Simaroubaceae,Brucea mollis,Wall. ex Kurz,Viet Nam
Simaroubaceae,Brucea tonkinensis,(Lecomte) Gagnep.,Viet Nam
Simaroubaceae,Eurycoma longifolia,Jack,Viet Nam
Simaroubaceae,Picrasma javanica,Blume,Viet Nam
Simaroubaceae,Quassia harmandiana,(Pierre ex Laness.) Noot.,Viet Nam
Simaroubaceae,Quassia indica,(Gaertn.) Noot.,Viet Nam
Simaroubaceae,Samadera harmandiana,Pierre ex Laness.,Viet Nam
Sladeniaceae,Sladenia celastrifolia,Kurz,Viet Nam
Staphyleaceae,Dalrympelea pomifera,Roxb.,Viet Nam
Staphyleaceae,Staphylea japonica,(Thunb.) Mabb.,Viet Nam
Staphyleaceae,Turpinia cochinchinensis,(Lour.) Merr.,Viet Nam
Staphyleaceae,Turpinia indochinensis,Merr.,Viet Nam
Staphyleaceae,Turpinia montana,(Blume) Kurz,Viet Nam
Staphyleaceae,Turpinia robusta,W. G. Craib,Viet Nam
Stemonuraceae,Gomphandra donnaiensis,(Gagnep.) Sleumer,Viet Nam
Stemonuraceae,Gomphandra mollis,Merr.,Viet Nam
Stemonuraceae,Gomphandra quadrifida,(Blume) Sleumer,Viet Nam
Stemonuraceae,Gomphandra tetrandra,(Wall.) Sleumer,Viet Nam
Stemonuraceae,Stemonurus dichrocarpus,(Gagnep.) Sleumer,Viet Nam
Stemonuraceae,Stemonurus malaccensis,(Mast.) Sleumer,Viet Nam
Stemonuraceae,Stemonurus perobtusus,(Gagnep.) Sleumer,Viet Nam
Styracaceae,Alniphyllum eberhardtii,Guillaumin,Viet Nam
Styracaceae,Alniphyllum fortunei,(Hemsl.) Makino,Viet Nam
Styracaceae,Huodendron biaristatum,(W.W. Sm.) Rehder,Viet Nam
Styracaceae,Huodendron parvifolium,H.L.Li,Viet Nam
Styracaceae,Huodendron tibeticum,(J. Anthony) Rehder,Viet Nam
Styracaceae,Huodendron tomentosum,Y.C.Tang & S.M.Hwang,Viet Nam
Styracaceae,Rehderodendron indochinense,H.L. Li,Viet Nam
Styracaceae,Rehderodendron kweichowense,Hu,Viet Nam
Styracaceae,Rehderodendron macrocarpum,Hu,Viet Nam
Styracaceae,Styrax agrestis,(Lour.) G.Don,Viet Nam
Styracaceae,Styrax argentifolius,H.L. Li,Viet Nam
Styracaceae,Styrax benzoides,W. G. Craib,Viet Nam
Styracaceae,Styrax benzoin,Dryand.,Viet Nam
Styracaceae,Styrax crotonoides,C.B.Clarke,Viet Nam
Styracaceae,Styrax litseoides,J.E.Vidal,Viet Nam
Styracaceae,Styrax serrulatus,Roxb.,Viet Nam
Styracaceae,Styrax suberifolius,Hook. & Arn.,Viet Nam
Styracaceae,Styrax tonkinensis,Craib ex Hartwich,Viet Nam
Surianaceae,Suriana maritima,L.,Viet Nam
Symplocaceae,Symplocos acuminata,(Blume) Miq.,Viet Nam
Symplocaceae,Symplocos adenophylla,Wall. ex G. Don,Viet Nam
Symplocaceae,Symplocos anomala,Brand,Viet Nam
Symplocaceae,Symplocos barringtoniifolia,Brand,Viet Nam
Symplocaceae,Symplocos cambodiana,(Pierre) Hallier f.,Viet Nam
Symplocaceae,Symplocos cochinchinensis,(Lour.) S.Moore,Viet Nam
Symplocaceae,Symplocos dolichotricha,Merr.,Viet Nam
Symplocaceae,Symplocos dryophila,C.B. Clarke,Viet Nam
Symplocaceae,Symplocos glauca,(Thunb.) Koidz.,Viet Nam
Symplocaceae,Symplocos groffii,Merr.,Viet Nam
Symplocaceae,Symplocos henschelii,(Moritzi) Benth. ex C.B.Clarke,Viet Nam
Symplocaceae,Symplocos hookeri,C.B. Clarke,Viet Nam
Symplocaceae,Symplocos lancifolia,Siebold & Zucc.,Viet Nam
Symplocaceae,Symplocos longifolia,H.R.Fletcher,Viet Nam
Symplocaceae,Symplocos lucida,(Thunb.) Siebold & Zucc.,Viet Nam
Symplocaceae,Symplocos macrophylla,Wall.,Viet Nam
Symplocaceae,Symplocos megalocarpa,H.R.Fletcher,Viet Nam
Symplocaceae,Symplocos paniculata,(Thunb.) Miq.,Viet Nam
Symplocaceae,Symplocos pendula,Wight,Viet Nam
Symplocaceae,Symplocos poilanei,Guill.,Viet Nam
Symplocaceae,Symplocos pseudobarberina,Gontsch.,Viet Nam
Symplocaceae,Symplocos racemosa,Roxb.,Viet Nam
Symplocaceae,Symplocos ramosissima,Wall. ex G. Don,Viet Nam
Symplocaceae,Symplocos sordida,Guillaumin,Viet Nam
Symplocaceae,Symplocos sumuntia,Buch.-Ham. ex D.Don,Viet Nam
Symplocaceae,Symplocos viridissima,Brand,Viet Nam
Symplocaceae,Symplocos wikstroemiifolia,Hayata,Viet Nam
Taxaceae,Amentotaxus argotaenia,(Hance) Pilg.,Viet Nam
Taxaceae,Amentotaxus hatuyenensis,T.H.Nguyên,Viet Nam
Taxaceae,Amentotaxus hekouensis,L.M.Gao,Viet Nam
Taxaceae,Amentotaxus poilanei,(Ferré & Rouane) D.K.Ferguson,Viet Nam
Taxaceae,Amentotaxus yunnanensis,H.L.Li,Viet Nam
Taxaceae,Cephalotaxus mannii,Hook.f.,Viet Nam
Taxaceae,Taxus calcicola,L.M.Gao & Mich.Möller,Viet Nam
Taxaceae,Taxus chinensis,(Pilg.) Rehder,Viet Nam
Taxaceae,Taxus wallichiana,Zucc.,Viet Nam
Tetramelaceae,Tetrameles nudiflora,R.Br.,Viet Nam
Theaceae,Camellia amplexicaulis,(Pit.) Cohen-Stuart,Viet Nam
Theaceae,Camellia aurea,H.T.Chang,Viet Nam
Theaceae,Camellia calcicola,T.L.Ming,Viet Nam
Theaceae,Camellia candida,H.T.Chang,Viet Nam
Theaceae,Camellia caudata,Wall.,Viet Nam
Theaceae,Camellia confusa,W. G. Craib,Viet Nam
Theaceae,Camellia corallina,(Gagnep.) Sealy,Viet Nam
Theaceae,Camellia crassiphylla,Ninh & Hakoda,Viet Nam
Theaceae,Camellia cylindracea,T.L.Ming,Viet Nam
Theaceae,Camellia dalatensis,"V.D.Luong , Ninh & Hakoda",Viet Nam
Theaceae,Camellia danhducii,"V.D.Luong, Vuong & V.C.Nguyen",Viet Nam
Theaceae,Camellia dilinhensis,Ninh & V.D.Luong,Viet Nam
Theaceae,Camellia dormoyana,(Pierre) Sealy,Viet Nam
Theaceae,Camellia drupifera,Lour.,Viet Nam
Theaceae,Camellia euphlebia,Merr. ex Sealy,Viet Nam
Theaceae,Camellia flava,(Pit.) Sealy,Viet Nam
Theaceae,Camellia forrestii,(Diels) Cohen-Stuart,Viet Nam
Theaceae,Camellia furfuracea,(Merr.) Cohen-Stuart,Viet Nam
Theaceae,Camellia gaudichaudii,(Gagnep.) Sealy,Viet Nam
Theaceae,Camellia glabricostata,T.L.Ming,Viet Nam
Theaceae,Camellia indochinensis,Merr.,Viet Nam
Theaceae,Camellia inusitata,"Orel, Curry & Luu",Viet Nam
Theaceae,Camellia kissii,Wall.,Viet Nam
Theaceae,Camellia luteopallida,"Luong, T.Q.T.Nguyen & Luu",Viet Nam
Theaceae,Camellia megasepala,Hung T.Chang & Trin Ninh,Viet Nam
Theaceae,Camellia nematodea,(Gagnep.) Sealy,Viet Nam
Theaceae,Camellia nervosa,(Gagnep.) H.T.Chang,Viet Nam
Theaceae,Camellia nitidissima,C.W.Chi,Viet Nam
Theaceae,Camellia oleifera,C.Abel,Viet Nam
Theaceae,Camellia petelotii,(Merr.) Sealy,Viet Nam
Theaceae,Camellia piquetiana,(Pierre) Sealy,Viet Nam
Theaceae,Camellia pleurocarpa,(Gagnep.) Sealy,Viet Nam
Theaceae,Camellia pubicosta,Merr.,Viet Nam
Theaceae,Camellia tsaii,Hu,Viet Nam
Theaceae,Camellia tsingpienensis,Hu,Viet Nam
Theaceae,Dankia langbianensis,Gagnep.,Viet Nam
Theaceae,Polyspora ampla,"Orel, Curry & Luu",Viet Nam
Theaceae,Polyspora axillaris,(Roxb. ex Ker Gawl.) Sweet,Viet Nam
Theaceae,Polyspora balansae,(Pit.) Hu,Viet Nam
Theaceae,Polyspora bidoupensis,"(Gagnep.) Orel, Peter G.Wilson, Curry & Luu",Viet Nam
Theaceae,Polyspora gigantiflora,"(Gagnep.) Orel, Peter G.Wilson, Curry & Luu",Viet Nam
Theaceae,Polyspora gioii,"Luu, Tich & H.Tran",Viet Nam
Theaceae,Polyspora huongiana,"Orel, Curry & Luu",Viet Nam
Theaceae,Polyspora intricata,"(Gagnep.) Orel, Peter G.Wilson, Curry & Luu",Viet Nam
Theaceae,Polyspora longicarpa,(Hung T.Chang) C.X.Ye ex S.X.Yang,Viet Nam
Theaceae,Polyspora speciosa,(Kochs) B.M.Barthol. & T.L.Ming,Viet Nam
Theaceae,Pyrenaria diospyricarpa,Kurz,Viet Nam
Theaceae,Pyrenaria hirta,(Hand.-Mazz.) H.Keng,Viet Nam
Theaceae,Pyrenaria jonquieriana,Laness.,Viet Nam
Theaceae,Pyrenaria microcarpa,(Dunn) H.Keng,Viet Nam
Theaceae,Pyrenaria poilaneana,Gagnep.,Viet Nam
Theaceae,Pyrenaria spectabilis,(Champ.) C.Y.Wu & S.X.Yang,Viet Nam
Theaceae,Schima argentea,E.Pritz.,Viet Nam
Theaceae,Schima brevipedicellata,Hung T.Chang,Viet Nam
Theaceae,Schima crenata,Korth.,Viet Nam
Theaceae,Schima khasiana,Dyer,Viet Nam
Theaceae,Schima noronhae,Reinw. ex Blume,Viet Nam
Theaceae,Schima wallichii,(DC.) Korth.,Viet Nam
Theaceae,Stewartia laotica,(Gagnep.) J.Li & T.L.Ming,Viet Nam
Theaceae,Stewartia tonkinensis,(Merr.) C.Y. Wu,Viet Nam
Thymelaeaceae,Aquilaria banaensis,P.H.Hô,Viet Nam
Thymelaeaceae,Aquilaria crassna,Pierre ex Lecomte,Viet Nam
Thymelaeaceae,Aquilaria rugosa,K.Le-Cong & Kessler,Viet Nam
Thymelaeaceae,Eriosolena composita,(L.f.) Merr.,Viet Nam
Thymelaeaceae,Rhamnoneuron balansae,(Drake) Gilg,Viet Nam
Thymelaeaceae,Wikstroemia androsaemifolia,Decne.,Viet Nam
Trochodendraceae,Tetracentron sinense,Oliv.,Viet Nam
Ulmaceae,Holoptelea integrifolia,(Roxb.) Planch.,Viet Nam
Ulmaceae,Ulmus lanceifolia,Roxb. ex Wall.,Viet Nam
Ulmaceae,Ulmus parvifolia,Jacq.,Viet Nam
Urticaceae,Boehmeria depauperata,Wedd.,Viet Nam
Urticaceae,Boehmeria siamensis,Craib,Viet Nam
Urticaceae,Boehmeria zollingeriana,Wedd.,Viet Nam
Urticaceae,Debregeasia elliptica,C.J.Chen,Viet Nam
Urticaceae,Debregeasia longifolia,(Burm.f.) Wedd.,Viet Nam
Urticaceae,Debregeasia squamata,King ex Hook.f.,Viet Nam
Urticaceae,Dendrocnide stimulans,(L.f.) Chew,Viet Nam
Urticaceae,Dendrocnide urentissima,(Gagnep.) Chew,Viet Nam
Urticaceae,Oreocnide frutescens,(Thunb.) Miq.,Viet Nam
Urticaceae,Oreocnide integrifolia,(Gaudich.) Miq.,Viet Nam
Urticaceae,Oreocnide rubescens,(Blume) Miq.,Viet Nam
Urticaceae,Pilea melastomoides,(Poir.) Wedd.,Viet Nam
Viburnaceae,Sambucus javanica,Blume,Viet Nam
Viburnaceae,Viburnum cylindricum,Buch.-Ham. ex D.Don,Viet Nam
Viburnaceae,Viburnum inopinatum,W. G. Craib,Viet Nam
Viburnaceae,Viburnum lutescens,Blume,Viet Nam
Viburnaceae,Viburnum mullaha,Buch.-Ham. ex D.Don,Viet Nam
Viburnaceae,Viburnum nervosum,D.Don,Viet Nam
Viburnaceae,Viburnum odoratissimum,Ker Gawl.,Viet Nam
Viburnaceae,Viburnum punctatum,Buch.-Ham. ex D. Don,Viet Nam
Viburnaceae,Viburnum sambucinum,Reinw. ex Blume,Viet Nam
Violaceae,Rinorea anguifera,(Lour.) Kuntze,Viet Nam
Violaceae,Rinorea bengalensis,(Wall.) Kuntze,Viet Nam
Violaceae,Rinorea javanica,Kuntze,Viet Nam
Violaceae,Rinorea longiracemosa,(Kurz) W. G. Craib,Viet Nam
Violaceae,Rinorea scorpioidea,(Boissieu) Gagnep.,Viet Nam
Vitaceae,Leea aequata,L.,Viet Nam
Vitaceae,Leea asiatica,(L.) Ridsdale,Viet Nam
Vitaceae,Leea indica,(Burm.f.) Merr.,Viet Nam
